1800 200 3
30 60 700 9.00
0 12 55 3
0 15 193 2
0 9 176 1
0 1 135 1
0 1 34 2
0 5 119 2
0 7 43 1
0 19 196 3
0 1 21 1
0 13 153 2
0 19 198 3
0 2 198 2
0 14 185 2
0 4 147 2
0 10 36 1
0 20 150 1
0 4 57 1
0 4 62 1
0 5 132 2
0 5 10 2
0 2 83 1
0 14 130 2
0 7 167 3
0 2 112 1
0 16 157 3
0 10 64 1
0 3 82 3
0 2 121 3
0 6 171 3
0 1 49 2
0 4 7 1
0 13 157 1
0 12 110 2
0 1 124 2
0 18 76 3
0 1 184 3
0 6 120 2
0 20 82 3
0 21 51 2
0 3 42 2
0 12 42 1
0 2 186 3
0 4 17 1
0 2 126 2
0 4 135 2
0 2 78 2
0 12 139 3
0 2 192 1
0 7 166 3
0 9 140 1
0 23 130 3
0 12 130 2
0 1 74 2
0 3 17 2
0 1 98 2
0 8 115 3
0 3 113 2
0 22 106 2
0 24 154 2
0 2 69 2
0 3 151 1
0 5 197 1
0 17 173 3
0 13 108 1
0 2 109 3
0 4 65 1
0 11 146 1
0 14 163 3
0 3 97 2
0 6 192 3
0 2 58 2
0 10 189 2
0 9 87 3
0 21 174 2
0 9 80 3
0 11 170 3
0 9 73 2
0 19 155 1
0 5 97 1
0 7 153 1
0 6 106 1
0 4 46 3
0 3 65 3
0 14 10 3
0 3 175 1
0 10 25 1
0 22 194 2
0 18 2 2
0 15 74 2
0 6 35 1
0 13 152 3
0 17 166 1
0 4 191 3
0 8 20 2
0 4 103 2
0 3 54 1
0 1 46 2
0 1 10 1
0 1 87 2
0 7 6 3
0 14 131 2
0 11 116 1
0 8 188 3
0 12 95 3
0 5 59 1
0 8 173 3
0 4 113 3
0 1 64 1
0 9 154 3
0 12 181 2
0 1 59 3
0 16 91 3
0 20 107 2
0 21 121 1
0 3 195 2
0 18 158 2
0 6 126 2
0 1 191 3
0 2 143 1
0 3 160 1
0 11 58 3
0 4 70 1
0 1 63 2
0 10 101 1
0 2 56 3
0 8 79 2
0 10 189 2
0 22 33 3
0 8 175 2
0 5 182 2
0 8 169 2
0 23 21 3
0 3 170 2
0 3 95 1
0 24 96 1
0 17 55 1
0 2 178 3
0 17 200 3
0 8 98 1
0 17 193 3
0 6 35 2
0 1 187 1
0 3 128 2
0 10 29 2
0 2 93 1
0 6 88 2
0 2 163 1
0 16 51 3
0 1 73 2
0 3 117 2
0 23 170 1
0 1 165 1
0 21 103 3
0 24 168 2
0 24 183 2
0 5 72 2
0 4 188 2
0 1 158 2
0 8 172 3
0 14 23 1
0 12 49 3
0 1 97 3
0 14 37 1
0 8 135 1
0 6 163 1
0 8 170 1
0 3 63 1
0 1 42 1
0 1 53 2
0 4 7 1
0 3 103 1
0 10 122 2
0 13 124 2
0 1 169 2
0 9 57 1
0 13 71 3
0 8 139 1
0 12 113 1
0 7 88 1
0 16 117 3
0 9 192 3
0 24 113 1
0 7 74 1
0 4 41 2
0 6 77 1
0 4 64 3
0 11 133 1
0 14 156 2
0 12 155 3
0 1 42 3
0 20 161 2
0 14 71 3
0 12 53 1
0 2 23 2
0 19 137 2
0 22 20 3
0 2 22 1
0 17 120 3
0 13 191 1
0 17 154 3
0 11 155 1
0 1 125 2
0 15 91 2
0 14 149 3
0 3 96 3
0 18 17 3
0 2 169 1
0 2 74 3
0 3 46 3
0 5 5 2
0 8 33 1
0 24 106 2
0 2 74 2
0 4 75 2
0 4 74 1
0 3 191 3
0 3 143 2
0 5 121 2
0 15 59 2
0 15 195 1
0 7 92 3
0 10 29 2
0 7 127 2
0 12 195 2
0 8 154 2
0 2 193 2
0 3 67 1
0 2 12 1
0 7 73 3
0 11 97 2
0 1 136 2
0 7 25 3
0 11 47 2
0 13 42 3
0 4 45 3
0 5 156 3
0 20 129 2
0 14 153 1
0 1 130 3
0 9 17 2
0 7 132 1
0 12 23 2
0 2 163 2
0 1 28 3
0 2 194 3
0 15 135 3
0 25 81 1
0 5 185 1
0 9 55 3
0 1 123 3
0 2 179 3
0 14 95 3
0 8 44 1
0 3 4 2
0 4 136 3
0 3 141 2
0 4 67 2
0 17 73 3
0 15 184 2
0 21 46 1
0 6 113 1
0 24 180 2
0 7 195 2
0 3 166 1
0 14 143 1
0 5 59 3
0 13 10 1
0 2 124 1
0 5 70 2
0 10 176 2
0 11 32 1
0 22 28 1
0 19 196 1
0 6 39 2
0 2 59 1
0 14 144 1
0 16 113 3
0 24 12 2
0 4 3 3
0 18 173 2
0 13 152 3
0 7 35 1
0 2 14 2
0 19 35 2
0 23 52 1
0 7 6 3
0 7 153 3
0 2 118 1
0 24 193 3
0 23 114 2
0 1 139 1
0 16 25 2
0 4 177 3
0 17 163 2
0 14 145 1
0 1 166 1
0 11 147 3
0 1 95 1
0 17 146 1
0 9 127 2
0 4 167 1
0 10 92 1
0 2 190 2
0 6 160 2
0 2 72 3
0 6 55 2
0 4 184 1
0 12 13 2
0 13 160 3
0 4 22 3
0 2 2 3
0 20 118 1
0 1 65 1
0 8 83 2
0 20 86 1
0 3 184 1
0 24 44 3
0 15 55 2
0 6 116 3
0 15 156 1
0 7 75 3
0 2 141 1
0 14 120 3
0 1 4 1
0 1 122 1
0 6 126 1
0 14 95 2
0 5 149 1
0 3 52 1
0 7 78 2
0 16 43 1
0 8 65 1
0 4 89 2
0 1 53 3
0 17 70 1
0 18 192 3
0 7 200 2
0 7 143 3
0 8 176 3
0 2 29 1
0 5 106 1
0 3 31 2
0 3 26 1
0 22 29 3
0 20 182 3
0 8 153 1
0 9 54 3
0 5 41 3
0 6 180 3
0 11 59 1
0 3 192 1
0 10 50 3
0 1 95 2
0 25 63 1
0 13 75 3
0 9 121 3
0 18 128 3
0 11 72 3
0 2 138 2
0 7 170 2
0 7 23 1
0 5 6 2
0 10 24 1
0 9 10 2
0 2 161 3
0 16 104 2
0 12 156 3
0 3 74 1
0 25 81 1
0 23 168 2
0 21 107 1
0 1 1 1
0 22 123 3
0 3 66 1
0 21 2 3
0 2 53 2
0 22 52 3
0 17 88 3
0 13 188 3
0 3 112 1
0 12 52 3
0 2 165 1
0 10 66 2
0 16 100 3
0 9 70 1
0 25 142 1
0 13 20 2
0 6 71 3
0 10 37 3
0 24 69 1
0 6 194 1
0 1 106 1
0 6 46 3
0 7 105 3
0 6 53 1
0 11 177 3
0 12 119 1
0 12 199 2
0 2 23 1
0 9 84 2
0 3 177 3
0 23 45 1
0 4 188 3
0 8 47 3
0 13 22 3
0 25 181 1
0 7 61 2
0 2 14 1
0 12 195 3
0 11 66 3
0 16 55 3
0 4 125 2
0 3 17 2
0 5 4 1
0 8 92 1
0 10 17 2
0 11 155 1
0 18 85 3
0 2 133 3
0 11 75 2
0 1 165 3
0 16 118 2
0 6 102 1
0 9 154 2
0 15 72 1
0 13 13 2
0 4 52 1
0 14 168 2
0 5 52 3
0 5 79 3
0 4 149 2
0 12 119 2
0 2 144 1
0 17 128 2
0 7 127 3
0 14 70 3
0 22 30 3
0 14 38 2
0 21 56 3
0 1 171 2
0 1 127 3
0 1 37 2
0 21 162 1
0 16 170 3
0 2 81 3
0 7 98 2
0 3 167 1
0 9 39 3
0 18 196 1
0 18 135 1
0 5 194 2
0 24 52 3
0 9 94 2
0 6 35 3
0 1 136 3
0 9 68 1
0 7 157 3
0 5 98 1
0 9 78 3
0 11 177 1
0 9 83 3
0 14 185 2
0 8 174 1
0 19 92 2
0 3 95 3
0 19 171 1
0 15 129 1
0 2 106 1
0 12 27 3
0 8 58 2
0 2 178 3
0 17 163 3
0 2 153 1
0 11 78 3
0 22 44 1
0 9 81 1
0 1 195 3
0 6 19 1
0 2 134 2
0 8 176 2
0 10 32 3
0 15 83 1
0 8 10 3
0 4 155 3
0 16 143 1
0 19 200 1
0 8 93 1
0 3 149 1
0 7 31 1
0 16 53 1
0 5 188 2
0 9 187 3
0 8 144 3
0 1 96 3
0 3 20 3
0 9 95 2
0 14 184 3
0 14 29 2
0 3 102 2
0 3 26 2
0 11 185 2
0 3 38 2
0 7 14 3
0 10 180 3
0 1 37 1
0 3 44 1
0 8 65 3
0 23 182 1
0 7 78 3
0 25 97 3
0 19 104 3
0 11 45 3
0 18 32 3
0 1 128 2
0 9 79 2
0 15 19 2
0 12 30 2
0 6 17 3
0 2 58 2
0 2 4 1
0 4 116 2
0 6 149 2
0 22 23 1
0 4 177 2
0 10 170 3
0 23 72 1
0 1 148 1
0 1 150 2
0 5 117 3
0 17 165 3
0 9 48 1
0 24 176 2
0 20 185 3
0 2 91 2
0 2 102 2
0 4 67 1
0 2 47 3
0 1 116 1
0 3 113 2
0 8 5 3
0 1 99 1
0 25 6 1
0 2 42 1
0 5 26 2
0 2 184 1
0 1 86 2
0 8 200 1
0 17 140 2
0 2 193 3
0 3 39 3
0 1 151 2
0 8 85 1
0 6 67 1
0 2 99 2
0 19 123 3
0 5 129 2
0 2 90 1
0 8 135 2
0 1 84 2
0 10 142 3
0 5 86 3
0 7 34 1
0 2 107 2
0 1 43 3
0 2 162 3
0 1 111 3
0 9 182 2
0 1 178 3
0 7 3 2
0 24 11 3
0 7 86 1
0 4 133 1
0 16 27 2
0 2 72 1
0 1 34 1
0 5 51 2
0 17 178 1
0 17 196 2
0 2 70 1
0 6 83 2
0 1 17 2
0 11 102 2
0 10 87 2
0 6 141 1
0 1 168 1
0 5 33 2
0 11 8 3
0 8 158 1
0 8 185 2
0 11 50 2
0 8 149 1
0 14 29 3
0 3 127 1
0 23 26 3
0 2 68 2
0 8 63 2
0 14 83 1
0 5 114 3
0 1 31 3
0 5 137 3
0 5 82 3
0 8 82 3
0 22 105 3
0 1 171 3
0 8 110 2
0 2 110 2
0 5 45 2
0 13 170 3
0 6 188 1
0 2 11 1
0 8 99 1
0 9 119 3
0 17 167 2
0 5 94 1
0 9 1 1
0 3 185 1
0 12 64 2
0 15 40 2
0 1 35 2
0 14 12 3
0 6 183 2
0 12 36 3
0 13 173 2
0 6 126 1
0 6 66 3
0 13 122 3
0 6 50 1
0 13 51 3
0 1 9 2
0 3 162 2
0 8 71 3
0 10 127 3
0 8 105 2
0 7 144 1
0 17 160 3
0 10 59 1
0 12 90 1
0 1 23 3
0 3 169 3
0 2 116 2
0 9 158 2
0 19 195 3
0 3 187 1
0 10 139 2
0 3 94 2
0 10 154 2
0 15 110 1
0 6 106 2
0 7 186 3
0 20 156 3
0 1 23 2
0 8 182 2
0 15 182 2
0 17 44 2
0 5 50 3
0 1 35 3
0 3 194 1
0 14 4 1
0 3 59 2
0 8 59 1
0 10 132 2
0 9 116 3
0 2 30 1
0 17 66 1
0 3 16 1
0 3 75 1
0 8 19 1
0 14 62 2
0 16 192 3
0 3 111 1
0 4 155 2
0 23 192 2
0 1 26 2
0 6 148 3
0 6 42 1
0 5 151 2
0 1 62 1
0 22 63 1
0 3 4 2
0 4 109 3
0 14 185 2
0 5 1 2
0 25 37 3
0 7 184 1
0 12 183 3
0 10 184 3
0 1 191 1
0 11 174 3
0 17 39 3
0 13 129 3
0 6 64 1
0 13 29 1
0 2 109 3
0 21 11 3
0 8 191 3
0 5 100 2
0 9 175 1
0 4 185 2
0 10 197 1
0 1 56 3
0 11 101 2
0 5 54 1
0 21 145 3
0 5 186 1
0 23 7 2
0 5 102 1
0 13 81 3
0 20 46 1
0 7 172 2
0 1 69 3
0 8 121 2
0 13 139 1
0 7 92 2
0 11 146 3
0 1 60 2
0 11 145 3
0 17 20 1
0 1 49 3
0 7 4 2
0 1 108 1
0 16 55 1
0 3 87 1
0 1 197 3
0 15 8 1
0 4 162 1
0 6 157 1
0 3 172 1
0 3 100 3
0 1 117 2
0 17 131 2
0 4 146 2
0 1 115 3
0 15 171 2
0 6 78 1
0 1 59 2
0 3 15 3
0 4 58 3
0 9 154 3
0 6 174 2
0 25 44 3
0 18 60 1
0 6 114 3
0 12 26 1
0 9 173 3
0 11 139 1
0 5 17 1
0 9 195 3
0 4 129 2
0 10 175 2
0 2 17 2
0 2 169 3
0 3 53 3
0 18 184 3
0 3 80 2
0 7 22 2
0 5 191 2
0 9 89 3
0 7 181 2
0 1 110 2
0 24 151 2
0 25 120 3
0 12 165 2
0 8 121 1
0 2 87 3
0 10 157 1
0 13 22 2
0 24 70 2
0 2 166 3
0 24 158 1
0 3 143 2
0 15 41 1
0 4 123 1
0 4 110 3
0 8 86 2
0 9 115 1
0 12 98 2
0 11 93 3
0 23 29 3
0 6 188 1
0 4 146 2
0 14 149 1
0 1 83 2
0 4 86 1
0 1 84 2
0 23 34 3
0 4 172 1
0 9 9 2
0 5 32 2
0 4 149 1
0 1 45 1
0 1 30 1
0 18 18 3
0 21 52 2
0 1 62 2
0 21 48 1
0 4 174 3
0 11 13 1
0 2 39 3
0 12 145 1
0 6 50 3
0 14 8 2
0 20 115 1
0 5 102 1
0 15 98 3
0 14 48 3
0 14 20 2
0 24 87 1
0 24 75 2
0 6 69 2
0 4 28 1
0 16 124 1
0 15 27 1
0 10 46 3
0 2 91 1
0 1 86 3
0 4 145 2
0 1 153 1
0 16 154 3
0 11 86 3
0 1 83 2
0 3 139 2
0 15 53 2
0 5 138 1
0 5 196 1
0 10 194 2
0 11 65 3
0 9 177 2
0 20 116 2
0 4 69 1
0 7 196 1
0 6 15 2
0 3 10 3
0 5 157 3
0 6 102 1
0 7 85 1
0 2 58 3
0 6 42 1
0 5 91 1
0 4 11 1
0 4 4 2
0 4 173 1
0 16 127 1
0 6 136 1
0 17 166 1
0 9 40 3
0 8 114 2
0 2 38 2
0 10 107 3
0 1 126 3
0 18 117 1
0 8 75 3
0 5 55 3
0 8 173 2
0 6 149 3
0 12 16 2
0 10 67 1
0 9 125 2
0 17 154 1
0 11 3 3
0 6 19 2
0 14 80 1
0 21 190 2
0 16 20 1
0 10 120 3
0 6 128 3
0 10 130 3
0 2 60 2
0 3 114 2
0 6 200 3
0 13 145 3
0 3 41 1
0 2 47 1
0 16 49 1
0 3 120 1
0 25 197 2
0 5 77 2
0 16 88 3
0 4 121 1
0 12 142 3
0 17 98 1
0 7 181 2
0 3 137 3
0 1 87 1
0 11 187 1
0 6 114 3
0 7 115 3
0 14 152 1
0 7 152 2
0 6 91 3
0 6 33 1
0 11 112 2
0 1 108 3
0 9 136 1
0 11 51 1
0 24 13 2
0 3 190 2
0 25 74 1
0 12 78 2
0 6 109 1
0 5 165 2
0 1 74 3
0 8 113 2
0 2 51 3
0 10 105 3
0 10 173 2
0 4 38 1
0 9 165 3
0 4 194 1
0 3 196 2
0 8 182 3
0 9 178 3
0 16 141 3
0 3 55 1
0 23 183 1
0 2 75 1
0 6 19 2
0 7 186 1
0 4 13 2
0 1 74 2
0 7 146 2
0 8 161 3
0 6 125 1
0 2 142 2
0 3 132 3
0 23 64 3
0 20 193 2
0 1 146 3
0 17 158 1
0 12 191 3
0 1 33 3
0 3 47 1
0 1 48 1
0 1 115 1
0 1 168 3
0 1 183 2
0 19 145 1
0 5 189 3
0 24 88 1
0 9 43 1
0 23 195 3
0 3 144 3
0 8 196 2
0 8 60 1
0 14 8 3
0 7 58 3
0 11 43 2
0 23 139 3
0 2 180 1
0 9 83 1
0 4 187 1
0 5 180 3
0 3 19 1
0 1 33 3
0 1 49 1
0 4 168 2
0 11 71 1
0 15 179 1
0 19 116 3
0 2 155 2
0 8 122 1
0 7 181 2
0 7 154 1
0 9 180 3
0 3 4 2
0 1 61 1
0 8 111 3
0 17 120 3
0 12 161 1
0 6 47 1
0 13 146 3
0 16 118 1
0 4 161 3
0 16 123 1
0 7 175 2
0 2 69 1
0 1 177 2
0 2 193 2
0 14 143 2
0 25 50 1
0 2 90 1
0 20 115 3
0 7 63 3
0 8 50 1
0 8 37 3
0 4 11 1
0 4 155 2
0 2 34 2
0 3 105 3
0 1 191 3
0 11 115 2
0 11 80 2
0 10 97 1
0 7 80 2
0 3 2 1
0 7 46 1
0 4 192 2
0 6 92 1
0 11 97 2
0 12 144 2
0 11 52 3
0 3 64 3
0 7 42 3
0 5 105 1
0 1 189 3
0 3 48 2
0 10 71 1
0 13 200 1
0 5 168 2
0 13 59 2
0 23 124 3
0 3 25 2
0 14 159 2
0 6 178 2
0 10 133 3
0 3 169 2
0 6 150 3
0 7 121 1
0 1 159 1
0 4 119 3
0 10 7 3
0 20 54 1
0 4 180 1
0 6 154 1
0 3 104 3
0 4 25 2
0 16 138 2
0 13 111 3
0 6 115 1
0 12 61 1
0 4 100 1
0 3 177 1
0 2 61 2
0 20 116 3
0 6 50 3
0 12 189 2
0 4 194 3
0 6 162 3
0 5 115 1
0 12 4 2
0 2 53 3
0 1 187 3
0 11 102 2
0 13 28 3
0 9 32 3
0 24 136 1
0 1 162 2
0 1 196 1
0 1 160 3
0 8 164 3
0 22 175 3
0 15 83 1
0 9 153 1
0 5 120 1
0 2 100 1
0 1 138 2
0 21 194 2
0 20 105 2
0 2 127 2
0 13 118 1
0 5 123 1
0 2 92 3
0 20 42 2
0 16 196 1
0 4 66 1
0 6 31 3
0 5 156 1
0 8 73 3
0 15 87 1
0 1 24 2
0 19 121 3
0 17 141 2
0 12 135 1
0 16 12 3
0 23 21 2
0 5 16 2
0 25 65 2
0 21 55 3
0 1 111 3
0 1 175 1
0 1 1 1
0 13 14 3
0 10 137 1
0 13 118 3
0 8 60 2
0 5 127 2
0 19 96 1
0 4 32 1
0 5 32 2
0 10 114 2
0 6 1 2
0 6 199 3
0 5 136 3
0 1 41 1
0 1 44 2
0 11 197 1
0 24 20 3
0 12 188 2
0 4 130 1
0 25 112 3
0 24 193 3
0 1 126 2
0 12 167 1
0 18 54 3
0 3 91 1
0 6 37 2
0 3 83 3
0 16 180 1
0 21 127 2
0 6 59 2
0 10 129 3
0 8 120 2
0 2 77 2
0 1 119 1
0 1 196 2
0 7 128 2
0 6 168 1
0 8 46 3
0 5 8 3
0 17 34 2
0 20 44 3
0 1 62 3
0 1 80 1
0 13 26 2
0 11 170 1
0 10 42 1
0 6 50 1
0 6 125 2
0 21 163 3
0 19 18 3
0 1 17 2
0 2 59 2
0 6 37 3
0 8 78 2
0 6 153 2
0 3 89 3
0 1 87 2
0 3 178 2
0 12 156 1
0 2 92 3
0 18 53 3
0 11 79 1
0 5 200 2
0 2 196 3
0 6 12 3
0 24 68 3
0 7 188 2
0 11 138 3
0 4 193 3
0 17 161 2
0 19 57 3
0 1 143 3
0 3 199 1
0 5 68 1
0 8 51 1
0 20 150 1
0 17 187 3
0 6 13 2
0 15 165 2
0 6 43 3
0 1 188 1
0 6 43 3
0 22 16 3
0 11 156 3
0 5 182 2
0 13 45 1
0 24 193 1
0 11 19 2
0 10 57 2
0 1 116 3
0 5 95 1
0 10 9 2
0 3 31 2
0 1 173 2
0 8 72 1
0 15 177 2
0 2 134 1
0 6 69 2
0 4 73 1
0 4 42 1
0 8 50 2
0 11 174 2
0 16 192 3
0 1 92 2
0 12 151 2
0 2 139 2
0 4 177 1
0 17 199 1
0 13 174 1
0 12 180 1
0 1 33 3
0 4 12 2
0 6 158 2
0 12 29 1
0 17 86 2
0 1 164 3
0 22 79 3
0 9 161 3
0 15 77 3
0 14 16 3
0 13 192 2
0 9 91 3
0 18 155 1
0 13 116 2
0 13 30 1
0 24 86 3
0 23 46 2
0 1 178 1
0 9 187 3
0 15 142 1
0 6 91 2
0 14 35 2
0 4 197 3
0 12 42 1
0 2 63 2
0 12 66 1
0 14 156 3
0 7 9 1
0 3 83 3
0 3 200 3
0 5 165 2
0 10 51 3
0 9 148 2
0 9 139 2
0 2 195 3
0 4 10 3
0 11 160 2
0 5 134 3
0 9 97 1
0 21 57 1
0 1 16 1
0 3 181 1
0 9 6 1
0 2 182 3
0 7 113 3
0 8 18 3
0 15 104 3
0 5 96 3
0 19 59 3
0 2 42 1
0 1 180 3
0 25 189 1
0 7 115 2
0 5 94 3
0 9 146 1
0 5 8 3
0 11 87 2
0 2 71 3
0 5 149 2
0 24 123 1
0 12 46 2
0 12 194 3
0 7 41 1
0 8 123 3
0 12 151 1
0 3 78 1
0 7 46 3
0 7 113 2
0 11 105 2
0 1 83 1
0 7 121 1
0 12 8 1
0 17 14 1
0 11 32 1
0 1 47 3
0 3 190 3
0 11 72 2
0 17 158 1
0 10 45 1
0 2 49 2
0 21 169 1
0 4 133 2
0 4 41 3
0 2 139 3
0 2 22 1
0 12 33 2
0 10 112 2
0 12 168 3
0 7 123 3
0 2 176 3
0 24 45 2
0 2 33 3
0 3 61 2
0 8 27 2
0 14 151 2
0 4 156 3
0 4 131 2
0 12 81 1
0 22 64 2
0 11 84 1
0 2 62 1
0 1 48 1
0 5 66 2
0 15 96 2
0 9 161 1
0 15 76 2
0 2 180 2
0 4 142 3
0 19 58 1
0 13 188 3
0 2 116 3
0 1 164 2
0 11 64 1
0 17 168 2
0 5 60 1
0 6 163 1
0 14 122 3
0 8 191 2
0 2 19 3
0 7 62 2
0 7 36 1
0 23 153 1
0 6 126 1
0 12 110 3
0 7 124 3
0 6 85 3
0 1 60 1
0 10 7 3
0 7 107 1
0 4 98 3
0 6 13 2
0 3 121 3
0 19 48 3
0 1 117 3
0 2 34 2
0 1 139 2
0 4 8 2
0 3 191 3
0 10 179 1
0 13 129 3
0 7 103 2
0 20 69 2
0 5 156 2
0 20 1 1
0 5 178 1
0 18 51 3
0 2 36 1
0 11 12 3
0 12 120 3
0 2 83 3
0 2 75 1
0 4 36 1
0 2 85 3
0 3 114 2
0 8 122 2
0 10 164 2
0 9 44 1
0 19 14 1
0 11 33 3
0 15 27 1
0 4 90 3
0 2 98 3
0 13 29 3
0 3 182 1
0 2 165 1
0 9 125 2
0 2 5 2
0 1 192 1
0 2 96 1
0 3 172 2
0 14 93 1
0 6 191 3
0 1 100 2
0 4 16 1
0 5 12 2
0 12 74 1
0 9 87 3
0 14 141 2
0 8 97 3
0 8 182 3
0 7 97 1
0 19 109 2
0 3 180 3
0 8 88 3
0 3 61 1
0 1 53 3
0 6 16 3
0 3 55 2
0 2 102 3
0 21 182 2
0 6 72 2
0 1 200 3
0 1 98 3
0 4 9 1
0 7 69 2
0 9 166 2
0 5 163 2
0 8 104 3
0 7 94 3
0 4 194 3
0 4 89 2
0 10 183 2
0 9 158 2
0 12 30 2
0 3 133 2
0 1 28 1
0 2 39 1
0 6 10 3
0 8 29 3
0 7 73 2
0 2 28 3
0 10 105 2
0 2 11 1
0 6 12 1
0 5 126 2
0 4 75 1
0 10 76 1
0 16 199 1
0 15 134 3
0 20 165 1
0 4 90 3
0 16 111 3
0 1 54 2
0 10 186 1
0 19 84 2
0 6 144 2
0 4 163 3
0 15 42 3
0 4 133 1
0 1 199 2
0 14 171 1
0 1 43 3
0 13 199 2
0 7 130 2
0 2 183 1
0 3 124 3
0 2 85 3
0 1 45 1
0 15 100 1
0 13 92 1
0 2 136 2
0 1 118 2
0 1 3 1
0 16 198 1
0 11 45 3
0 11 10 1
0 14 139 3
0 2 180 3
0 3 56 1
0 2 17 2
0 23 143 2
0 14 175 2
0 8 189 2
0 19 66 1
0 1 195 2
0 7 71 2
0 10 1 1
0 1 123 2
0 5 40 2
0 6 70 3
0 1 133 1
0 1 177 3
0 2 33 3
0 9 103 2
0 6 29 3
0 3 69 1
0 17 19 2
0 5 182 1
0 7 80 3
0 9 77 3
0 1 37 3
0 5 37 2
0 6 87 1
0 18 23 2
0 16 117 3
0 10 160 1
0 1 34 3
0 11 160 2
0 22 177 2
0 1 112 1
0 6 25 2
0 2 44 3
0 14 133 2
0 3 99 2
0 11 154 1
0 25 164 1
0 1 184 1
0 2 57 1
0 5 10 1
0 3 72 2
0 4 84 3
0 19 127 3
0 11 21 2
0 9 174 2
0 2 66 3
0 6 187 2
0 3 144 2
0 2 131 1
0 13 146 2
0 3 82 3
0 3 167 2
0 1 19 2
0 3 68 2
0 2 75 1
0 8 186 1
0 3 107 2
0 7 62 1
0 7 173 1
0 3 120 2
0 16 157 1
0 2 94 3
0 13 188 1
0 2 195 1
0 3 52 2
0 8 108 2
0 15 164 2
0 16 50 1
0 18 22 3
0 15 35 2
0 11 155 2
0 16 75 3
0 6 149 1
0 8 178 3
0 8 98 3
0 2 46 1
0 10 90 2
0 2 155 1
0 3 40 1
0 9 156 3
0 21 87 2
0 8 196 2
0 3 74 3
0 4 16 3
0 3 99 2
0 1 199 2
0 1 151 2
0 9 127 2
0 10 20 3
0 6 194 2
0 2 128 2
0 8 81 3
0 3 44 1
0 10 121 3
0 22 176 1
0 14 133 2
0 5 149 2
0 1 83 2
0 5 100 2
0 2 180 3
0 25 15 2
0 1 162 1
0 13 140 1
0 8 134 3
0 4 61 1
0 1 122 1
0 5 93 1
0 16 155 3
0 21 132 3
0 9 83 2
0 19 181 2
0 17 175 2
0 3 65 1
0 11 109 2
0 16 34 2
0 10 99 2
0 20 34 1
0 14 77 2
0 3 8 1
0 8 61 1
0 23 183 3
0 17 102 1
0 11 149 3
0 3 137 1
0 19 136 1
0 6 169 3
0 6 62 1
0 19 98 2
0 5 105 3
0 5 42 2
0 1 122 2
0 1 100 1
0 10 120 3
0 11 149 2
0 20 193 2
0 5 69 2
0 1 21 2
0 11 29 1
0 7 190 2
0 6 2 3
0 9 20 2
0 15 33 1
0 5 91 3
0 16 93 1
0 11 157 1
0 7 170 2
0 4 161 1
0 12 200 1
0 15 193 2
0 2 81 3
0 23 200 2
0 14 112 2
0 10 118 3
0 5 81 1
0 15 122 2
0 23 107 2
0 1 147 1
0 9 192 3
0 8 173 1
0 14 115 1
0 8 114 2
0 11 114 1
0 5 90 2
0 10 200 2
0 13 96 3
0 11 41 1
0 11 102 2
0 7 41 3
0 18 171 2
0 10 107 2
0 3 26 2
0 21 4 2
0 13 152 1
0 2 44 3
0 9 150 3
0 5 124 2
0 2 158 1
0 7 49 3
0 22 146 1
0 4 200 2
0 13 163 2
0 9 104 3
0 7 104 1
0 8 51 3
0 5 91 2
0 1 196 3
0 6 133 2
0 12 102 3
0 8 194 2
0 15 135 2
0 12 19 2
0 2 38 2
0 8 194 3
0 6 1 3
0 1 42 1
0 20 43 3
0 13 199 2
0 1 34 1
0 8 85 2
0 4 48 3
0 15 37 2
0 2 53 1
0 4 19 2
0 13 90 3
0 5 142 3
0 14 66 1
0 6 172 3
0 2 163 1
0 4 25 1
0 3 72 3
0 14 67 1
0 4 30 2
0 3 6 3
0 3 149 3
0 7 193 2
0 8 153 3
0 3 157 2
0 18 64 1
0 10 192 2
0 8 39 3
0 12 19 1
0 4 86 1
0 23 176 1
0 7 124 3
0 15 9 2
0 1 10 1
0 9 161 1
0 9 4 3
0 2 54 2
0 8 32 1
0 16 114 3
0 5 132 3
0 2 95 3
0 2 122 3
0 1 89 3
0 5 76 3
0 1 76 1
0 13 16 3
0 9 39 3
0 2 140 3
0 3 100 1
0 1 90 3
0 2 155 3
0 4 16 1
0 17 161 2
0 5 196 2
0 9 67 1
0 20 134 2
0 2 13 3
0 7 160 1
0 3 140 1
0 2 152 2
0 12 42 1
0 2 30 2
0 1 175 1
0 1 109 3
0 23 64 3
0 24 68 3
0 21 169 3
0 2 161 2
0 21 156 2
0 24 60 2
0 6 73 1
0 22 40 2
0 1 57 2
0 1 176 3
0 6 96 3
0 2 117 3
0 12 147 3
0 6 171 1
0 17 7 2
0 16 88 2
0 2 180 1
0 2 39 3
0 2 137 3
0 1 125 3
0 1 192 1
0 2 118 1
0 1 196 3
0 3 10 2
0 15 179 1
0 6 156 1
0 3 3 2
0 7 65 3
0 3 183 1
0 4 183 1
0 11 68 2
0 22 160 2
0 20 147 1
0 12 57 3
0 3 13 1
0 10 116 3
0 14 114 3
0 5 79 1
0 9 169 1
0 4 103 1
0 1 60 2
0 9 81 3
0 3 128 1
0 21 139 3
0 1 90 2
0 4 34 3
0 1 7 2
0 4 72 2
0 5 34 3
0 2 171 1
0 3 180 2
0 19 189 3
0 2 197 2
0 2 110 1
0 10 151 2
0 21 7 3
0 1 192 1
0 10 155 1
0 21 101 1
0 1 120 3
0 13 177 2
0 19 145 3
0 7 113 1
0 13 147 2
0 13 180 2
0 7 35 2
0 14 93 2
0 14 171 3
0 5 200 2
0 17 62 3
0 6 167 1
0 20 110 3
0 4 170 3
0 23 134 2
0 19 124 1
0 7 73 1
0 10 88 2
0 2 158 2
0 22 4 3
0 13 83 3
0 4 177 1
0 2 12 1
0 7 143 3
0 5 133 3
0 10 192 1
0 13 6 3
0 1 164 1
0 2 155 3
0 7 45 1
0 15 139 3
0 1 55 2
0 2 25 3
0 4 30 2
0 1 79 1
0 2 86 1
0 1 23 2
0 9 112 1
0 9 137 3
0 23 173 2
0 18 106 2
0 2 28 1
0 8 56 2
0 9 12 3
0 14 120 3
0 7 8 1
0 22 54 2
0 12026 13604 19500 6360 14004 13847 4854 9826 14204 20903 10034 1927 5379 15311 1824 7780 12693 13477 11474 10726 903 5159 13050 8947 4533 9832 7270 14438 12348 18621 10780 13305 13684 9493 13174 14970 11828 8277 12536 8139 7351 3581 13623 5634 16164 14846 5521 18051 14631 9895 11807 9169 16948 3308 4639 13681 10620 4059 15887 16233 15321 5061 3801 11557 14549 1574 9213 7955 14774 7719 16069 6104 8170 4994 4880 1833 2292 6497 4671 6052 13020 9610 11929 12221 19582 8651 11091 10345 10070 1066 4990 18107 9963 7048 2574 11861 4291 8118 9389 14757 7440 12327 4900 16405 13349 11479 17065 12328 1262 15976 12760 15194 8711 5189 16153 7801 12679 16321 20126 8060 535 9103 14060 2675 4820 10061 8013 8296 11092 20197 13509 4332 7760 10839 8279 12958 4937 14467 5295 4096 14031 11932 4153 5362 14228 4933 11914 3603 14103 10792 4014 15784 15481 18310 8869 9601 14101 13700 1544 14040 9104 15043 14576 10991 7176 4306 16332 1462 7709 9918 9985 11029 15800 10690 13876 1984 5378 2426 5556 17102 4502 13602 17576 10521 10935 8792 12522 18454 1574 7808 12907 12389 16146 5934 12487 12637 6086 2977 14929 11862
12026 0 2309 8589 7857 13460 10414 11647 2239 4956 9342 9030 12112 15382 6818 12595 10024 929 9358 10109 1994 12460 6885 1330 9530 16081 6001 10447 4571 7307 6759 9819 1300 7915 10712 3438 6103 7571 7442 4109 4419 11900 10474 5763 9345 8909 8713 7828 6087 5471 12463 2658 5443 6071 8798 16660 7325 10575 15602 4342 8827 14148 16316 15629 12993 6777 12473 3635 10560 4599 5028 12762 6231 3880 17012 15814 13842 14176 12013 10667 7763 4346 9407 5002 2480 8361 10966 1010 5371 10762 11307 9711 6097 7141 10596 11684 13282 9667 7614 12677 4999 9907 10695 8700 11111 8804 2489 8542 3688 13158 7443 10906 3796 9476 8681 14501 10295 2173 11326 8559 11096 12203 13231 9903 10859 10734 10747 8203 12395 12070 8518 4160 8663 14255 10578 4182 9767 12823 9607 11381 11660 14817 7327 12893 10198 7360 16839 1388 15592 7025 9264 16036 7670 4878 6916 9678 4571 2121 4329 13253 11022 2934 6459 10988 5879 6944 16173 4388 13323 5149 2183 10035 3997 12219 9114 9944 13687 7031 13847 8460 6021 8465 1728 5625 9508 8476 9870 4316 6474 13483 10475 11574 14351 10739 15028 13897 12854 9480 9050 11740 8246
13604 2309 0 6353 10033 12576 9226 12469 3931 6556 7351 11334 13923 16368 4800 13931 12300 1386 8150 12384 2879 13929 8601 1018 11836 17379 8306 10790 2441 9460 5044 9332 2039 9928 13020 1744 4067 6687 7657 6118 5531 12258 12451 4125 10088 6985 7078 8817 5357 7010 12340 4818 5639 3791 10303 18184 9300 12877 16914 4638 6878 13076 17526 17033 12569 8528 14232 5879 10756 5880 7167 11363 7550 5739 18590 16969 15437 15834 14211 12751 8601 2823 11716 4031 4530 6205 13261 2791 7663 13070 12995 11812 4777 9443 12839 13569 12823 10683 7860 12673 6392 12171 9896 9699 9430 7575 2324 6390 2556 14797 5357 10024 4404 11778 9607 13307 10522 4031 9690 6567 11282 13845 13325 8607 12744 11572 13055 8432 12590 11664 6604 5890 10630 14687 10121 5356 8731 13663 11623 13512 13692 14086 6399 13869 10949 9240 18259 1702 17205 8899 11553 17606 5660 5860 4810 11982 6879 2344 2462 14699 13163 4653 8033 9695 5276 9162 17584 2929 14804 6120 4259 9752 3601 10807 11404 12048 15112 8331 15599 10578 3783 10440 1040 4982 9071 7891 9866 3055 5014 15123 12749 10723 13895 9063 15868 13372 12190 11668 10672 10457 7387
19500 8589 6353 0 16386 13995 10429 17415 10222 11445 2349 17441 20049 21385 5081 19529 18611 7668 9607 18315 9018 19692 14737 7261 18065 22837 14452 15111 5071 15099 3505 12290 7801 15220 19221 6333 4999 9477 12200 11701 11389 16463 18720 6420 15092 6214 7534 14242 6445 11718 15616 10749 10571 2601 16208 23935 14549 18951 22402 8194 6026 13878 22854 22645 15160 13402 20305 12214 14827 10428 13519 11390 13407 12026 24404 22226 21318 21780 20564 19078 13865 6555 17879 7880 10353 854 19533 9140 13746 19215 19016 18148 4836 15550 19180 19763 15299 16010 12416 16156 10986 18496 12010 15071 8833 9161 8089 4518 7183 20737 4763 11899 8543 18026 14894 13695 14674 9733 9209 2065 15276 19804 16942 9655 18944 16599 19201 12871 16471 14414 2534 11091 16904 18844 12996 11280 10502 18569 16833 19854 19989 15725 9196 18973 15892 14299 23869 7975 23082 13976 17560 23425 5263 9953 1959 18219 13117 7451 5828 20416 18640 10921 12640 10449 9157 15510 23194 4998 20561 11792 10611 13059 8517 10904 17423 17461 20793 14122 21651 16921 2572 16720 6912 6555 12188 10965 13693 7072 4396 21060 19062 12541 16256 8604 20670 15625 14249 18021 16678 11064 9998
6360 7857 10033 16386 0 16165 14525 9231 6254 8314 17186 3981 5383 11472 13511 7851 2797 8749 13744 5557 7561 7176 3437 9157 3273 10882 3586 10141 11786 5993 14525 12217 8900 7326 4317 10424 12929 11706 8926 6725 6168 11069 3239 11945 8135 15116 14252 6616 13170 8664 13056 6491 8326 13811 4765 10551 7350 5050 10413 10700 15110 17305 11420 10080 14398 8320 5916 4246 10692 9085 2870 17062 5199 4562 10678 11200 7772 7810 4183 2961 7127 10803 3752 10378 6958 16207 3972 7247 4220 4739 5311 2005 13667 3603 2957 4689 14736 7282 8912 12838 8938 2521 13707 6891 16412 13373 8646 15392 9971 7009 14215 14094 9986 3062 7158 17977 10423 7554 16476 16406 11082 6214 12940 14392 4007 8576 4724 9231 11971 13627 16342 7760 2065 12584 12670 6090 13627 10000 8151 3551 4075 16845 11645 9527 8580 7914 11102 8447 9247 7815 4722 9812 14237 9861 14770 3292 3865 9549 11229 7902 7974 5632 8911 15269 10153 1023 10538 12140 7812 6395 5775 11795 9102 16629 4590 7635 8343 5277 7141 851 13815 1932 9583 12695 11868 11580 10868 10443 14113 7279 3166 14531 15597 16071 11728 15437 15012 1637 4279 15866 12095
14004 13460 12576 13995 16165 0 3616 9313 12375 18383 16312 19704 15698 11998 9213 12717 18920 13141 4599 21245 11618 13509 12744 13110 19368 14510 17319 6744 10842 19704 15863 4003 14235 20712 20476 10850 9654 5926 7284 17244 10695 6860 16004 8715 8601 7802 6489 9679 17582 18910 4338 15719 8547 12737 12194 16524 20253 21068 14292 17205 7988 1333 14067 14951 2697 20059 15528 14529 6060 18047 14416 3354 10983 12780 17182 13362 15170 15837 19212 17049 9110 9785 19704 8590 15744 14661 20095 12768 17142 20860 14360 16596 16443 18297 18780 16009 2514 9899 7272 5003 18459 18607 2773 9723 5571 5153 10983 9510 10062 15065 9312 2564 16899 19179 9403 2206 6241 15599 5220 15828 5953 14531 5662 4382 15515 9186 20845 6936 6060 2922 16206 17553 14927 8002 3496 10903 3867 9812 22280 17980 17218 1735 6197 10650 8667 20457 15882 12130 16450 20148 20305 16432 8786 18235 14339 19417 15912 14822 10344 13786 23114 12352 19869 3557 7582 16040 15357 14910 14063 10138 13259 4381 9464 3561 20144 22291 13891 10918 16343 15994 13147 14882 13504 17307 4359 5063 5426 9522 16390 15273 19230 1887 2857 5653 10870 2269 1388 17305 12925 3039 5233
13847 10414 9226 10429 14525 3616 0 9774 9729 15369 12728 17670 15267 13247 5598 12953 17321 9962 1076 19132 8749 13566 11284 9872 17544 15450 15008 6949 7314 17167 12254 3174 11026 18050 18720 7482 6052 2979 5831 14399 8514 7767 15071 5207 8219 4309 2896 8667 14057 15880 5917 12869 6267 9122 11341 17208 17533 19132 15136 13860 4489 3864 15169 15667 4957 17163 15228 12110 6349 14916 12327 2549 9412 10535 17825 14461 15325 15958 18075 15981 8067 6403 17772 5414 12821 11071 18493 9863 14705 19027 13935 15359 12867 16075 17360 15403 5024 9557 5926 6590 15368 17042 1937 9038 2785 1652 7934 5999 6815 15044 5709 1639 13616 17382 8724 4099 6375 12586 2588 12227 6550 14334 7405 774 14770 9315 19012 5883 7322 4412 12598 14572 13686 9695 3460 8667 918 10625 19686 16924 16382 5323 3157 11341 8635 17664 16753 9036 16848 17339 18190 16959 5188 15021 10723 17621 13512 11537 6882 14030 20742 9874 16874 755 4744 14192 16147 11387 14276 8148 10622 4083 6511 2105 18027 19818 14245 9606 16272 14535 9535 13595 10206 13803 3368 3026 5237 6224 12798 15306 17685 2164 5891 2660 12238 5247 3864 15881 12062 1380 2452
4854 11647 12469 17415 9231 9313 9774 0 9490 15283 19216 13212 6712 3974 12620 3407 11509 12008 9660 14787 9826 4240 6267 12264 12405 5730 11944 2825 12468 14644 17407 6600 12918 15935 13247 11458 12486 8459 5220 13673 7229 2512 7669 11050 2386 12896 11410 3839 17623 15790 5082 12496 6961 15078 4467 7438 15736 14190 5383 15958 13006 10645 5563 5893 6764 16217 6426 10139 3454 15528 9068 11720 5651 8458 8064 4887 5858 6527 10922 8828 3900 10928 12957 9539 12793 17697 12576 10638 12184 13766 5459 8733 17244 12500 11024 7200 7055 2145 5006 4544 15688 11158 8022 3005 12507 9688 10146 14128 10460 5798 13193 8443 15351 12175 2974 11503 3400 13049 12352 18489 3397 5389 4257 10154 6937 913 13754 4598 3444 6395 18669 14463 7336 3354 6446 7469 8965 1194 17099 9655 8624 9205 8656 1617 1538 16176 6993 10986 7182 15964 13948 7229 12874 16088 16649 12382 11100 13737 11694 4473 17179 8926 16463 10443 8274 9639 6377 15396 4750 6504 9997 5700 9110 11534 13812 16730 4592 4939 7078 8678 15336 7396 12838 17185 6427 7208 4538 10412 17475 5984 11677 8451 7538 12309 3403 7661 7928 9720 4997 10659 8257
9826 2239 3931 10222 6254 12375 9729 9490 0 6255 11272 8309 10018 13169 7384 10358 8743 2871 8745 9630 1327 10236 4722 3241 8518 13843 5410 8519 5535 7439 8834 8501 3539 8360 9734 4177 6755 6753 5699 4917 2298 9940 8522 5944 7239 9200 8624 5653 8326 6791 10787 3432 3890 7625 6573 14452 7881 9849 13365 6472 9163 13226 14078 13398 11526 7737 10348 2517 8717 6231 3404 12223 3997 1810 14818 13580 11650 12006 10427 8858 5645 4664 8555 4622 3573 10125 9803 1266 5011 9900 9145 7934 8282 6539 9159 9645 11836 7468 5840 10918 6502 8565 9616 6512 10969 8246 2438 9248 3835 10980 8077 9895 5862 8415 6516 13696 8439 3663 11118 10486 9247 10024 11401 9356 8818 8578 9884 6412 10516 10612 10500 5399 6701 12232 9206 2044 8956 10653 9970 9649 9773 13567 6574 10688 8079 8085 14612 2250 13408 7780 8712 13839 8165 6693 8741 8640 3873 4358 5006 11026 11037 732 7665 10391 4985 5483 13944 6512 11102 3058 895 8544 3331 11710 8550 10091 11458 4797 11721 6722 7673 6513 3782 7864 8161 7313 8177 4385 8631 11306 9180 10510 12883 10603 12850 12491 11587 7887 6856 11104 7352
14204 4956 6556 11445 8314 18383 15369 15283 6255 0 11189 7068 13612 18591 11352 15292 9184 5476 14310 7406 6775 14872 9354 5662 8130 18669 4847 14702 8985 3974 8377 14646 4525 3797 9021 8155 10619 12519 11954 1673 8457 16083 11535 10571 13226 13541 13549 11519 5935 536 17042 2852 10098 9455 11473 18698 3126 8329 18183 3421 13433 19098 19075 18004 17746 2010 14108 5186 14944 1097 6529 17694 9640 6834 18893 18704 15847 15989 11707 11210 11656 9173 7661 9955 2689 10894 9681 5623 4121 8794 13255 10291 7106 5482 10069 12968 18050 13152 12093 17163 674 9247 15612 12292 15932 13752 7443 12856 8598 15091 11884 15838 2923 8204 12377 19457 14662 2789 16171 10521 15470 14201 17623 14846 12230 14400 8783 12662 16718 16827 10259 857 10017 18280 15381 8199 14721 16374 5388 11589 12349 19690 12279 16230 14015 2858 19125 6333 17445 2531 6880 17983 12210 1838 9492 8310 4610 4350 8983 15665 7235 6579 1507 15934 10805 7310 18510 6449 15648 9211 5492 14764 8930 17147 6785 6046 16120 10347 15400 9149 9209 9822 5524 5544 14319 13357 14432 9218 7630 15390 9594 16497 19106 15562 18486 18690 17715 9564 11418 16688 13188
20903 9342 7351 2349 17186 16312 12728 19216 11272 11189 0 17723 21274 23187 7265 21095 19180 8485 11873 18417 10205 21174 15950 8084 18489 24479 14837 17054 6749 15063 2831 14437 8310 14977 19590 7826 7063 11582 14045 11775 12769 18447 19773 8426 16853 8551 9832 15848 5505 11363 17760 11090 12274 4143 17595 25436 14308 19174 24030 7777 8363 16220 24551 24216 17389 13024 21578 12943 16821 10108 14370 13739 14807 13074 25868 23948 22735 23153 21314 20008 15526 8290 18217 9718 10648 1662 20010 10077 14087 19513 20330 19053 4093 15868 19840 20917 17542 17669 14262 18273 10637 19107 14254 16705 11182 11405 9430 6862 8785 22113 7028 14165 8287 18480 16559 16044 16650 10006 11558 786 17291 21165 19043 11954 20090 18368 19499 14754 18521 16617 930 11006 17953 20858 15165 12624 12756 20391 16495 20721 20988 18039 11290 20733 17680 13970 25443 9053 24505 13669 17742 24885 7543 9498 2601 18654 13646 7757 7523 21926 18413 11999 12183 12775 11059 16247 24767 5110 22050 13265 11496 15166 10145 13251 17617 17221 22323 15563 22943 17802 3884 17759 7615 5773 14310 13069 15721 8805 3568 22439 19632 14819 18516 10952 22535 17891 16523 18798 17999 13400 12144
10034 9030 11334 17441 3981 19704 17670 13212 8309 7068 17723 0 8665 15315 15612 11668 2624 9948 16781 1592 9589 10905 7239 10330 1296 14442 3029 14000 13531 3339 14907 15706 9642 4413 1953 12262 14942 14727 12422 6001 9162 15000 6522 14245 12026 17504 16906 10422 12862 7189 16880 6695 11411 15032 8745 13744 4756 1553 13996 10268 17461 20767 15051 13554 18137 6130 9238 5794 14515 8112 5348 20217 8785 7144 13735 14913 11172 11052 5164 5645 10882 12923 636 12903 7108 17076 2695 8839 3697 1790 8968 5068 13789 1895 3605 7882 18474 11243 12446 16710 7740 2864 17112 10792 19215 16338 10689 17435 12110 10437 16286 17470 9622 1485 11040 21375 14237 7744 19336 16985 14934 9785 16857 17419 7426 12547 1776 12842 15884 17323 16812 6911 5964 16564 16239 9003 16813 13971 4610 5555 6688 20527 14608 13474 12521 5368 14447 10086 12390 5433 760 12986 16424 8895 15607 1457 4518 10030 13148 11566 4027 7939 6970 18386 13027 3730 13955 12645 11431 9611 7521 15396 11596 19741 660 3886 11984 9038 10227 4607 14925 5866 10576 12428 15350 14875 14569 12683 14294 10655 2898 17975 19382 18854 15645 19175 18635 3984 8251 19044 15219
1927 12112 13923 20049 5383 15698 15267 6712 10018 13612 21274 8665 0 7149 16174 3730 6230 12871 14803 10004 11081 2772 5327 13253 7484 5814 8968 8958 15050 11298 18842 12293 13342 12614 7877 13729 15763 13029 9528 11976 8689 9178 2188 14484 7164 17232 16001 6671 17972 13993 11688 11468 10092 17460 4074 5178 12695 9059 5389 15660 17283 17000 6471 4895 13326 13702 575 8925 9640 14299 7373 17582 6742 8245 5298 6441 2509 2437 4648 3056 7254 13722 8177 12779 11912 20051 6979 11253 9577 8466 1345 3634 18199 8894 5400 791 13638 5826 9395 11214 14211 5910 13860 6229 17720 14618 11960 17989 12971 1793 16860 14291 14951 7255 6545 17814 9459 12435 17667 20489 9797 1437 10969 15410 1384 6572 8459 9384 10133 12808 20516 12992 3624 9686 12429 8778 14360 6861 13221 3510 2259 15821 13098 6081 7034 13272 5797 12221 3865 13187 9409 4433 16721 15047 18713 7382 9030 14100 14347 3170 12593 9287 14286 16010 11993 6334 5290 16493 2958 8409 9937 11552 11748 17278 9325 12550 3510 6146 1794 4532 17570 3826 13776 17493 12009 12285 10377 13248 18586 1991 6187 14495 14215 17439 7799 14282 14350 4687 3454 16417 13145
5379 15382 16368 21385 11472 11998 13247 3974 13169 18591 23187 15315 7149 0 16555 3649 13148 15819 13300 16798 13650 4478 9251 16099 14282 2677 14704 6488 16440 17345 21343 10132 16673 18676 14869 15416 16443 12308 9186 16933 10987 5481 8954 15006 6339 16702 15181 7584 21430 19070 7704 15913 10923 19051 7149 4886 18586 15983 2643 19625 16823 13301 2094 3443 9301 19272 6632 13408 6976 18966 12119 14870 9191 11908 5552 1423 5029 5582 11796 10050 7767 14901 14928 13511 16258 21671 14030 14374 15092 15444 6414 10332 21131 15026 12427 7891 9505 5722 8971 7014 19060 12805 11368 6700 16029 13404 14051 18008 14423 5490 17109 11757 18987 14045 6765 14185 7023 16588 15829 22458 6706 5755 6339 13729 8053 4826 15434 8538 6036 9266 22634 17810 9409 4074 9794 11212 12523 2821 19618 10639 9404 11378 12526 2501 5507 19088 4039 14833 5361 18919 16075 5077 16771 19585 20617 14213 14148 17496 15666 3980 19340 12545 19637 13848 12236 12142 3664 19284 4210 10304 13567 9206 13069 14781 15963 19097 3683 8406 6479 10736 19307 9542 16675 20981 10030 10971 8161 14384 21381 5456 13186 11601 9581 15873 1160 9936 10648 11425 7348 13930 12033
15311 6818 4800 5081 13511 9213 5598 12620 7384 11352 7265 15612 16174 16555 0 15060 16106 6023 4659 16823 6062 15360 11087 5749 15897 18211 12620 10159 2369 14125 6674 7209 6839 14685 17112 3393 733 4413 7427 10864 7620 11462 15217 1692 10389 2211 2799 9831 8715 11796 10535 9471 6142 3529 12140 19515 14070 17164 17802 9052 2088 9331 18150 18130 10125 13328 16335 9847 9824 10630 10741 7146 9443 8952 20037 17494 17072 17600 17606 15810 9364 2722 15904 3397 9244 5606 17182 6788 12077 17257 15000 14966 7389 13772 16460 16031 10283 11453 7635 11077 11158 15912 7000 10581 4864 4161 4949 1883 3556 16572 706 6934 8997 15798 10357 9337 9691 8797 5179 6698 10252 15685 11866 4837 15250 11860 17241 8023 11419 9354 7043 10689 13485 13811 7918 7603 5517 13736 16382 16686 16553 10910 4143 14216 11135 14032 19333 5570 18798 13691 15940 19075 861 10516 5128 16022 11098 7056 2495 16026 17840 7912 12819 5793 4402 12827 18668 6116 16205 7777 8104 7985 4499 6599 15783 16757 16364 10037 17615 13848 3946 13328 5828 8531 7110 5896 8667 3070 7266 16884 16537 7606 11270 4523 15769 10652 9296 15109 12721 6504 4918
1824 12595 13931 19529 7851 12717 12953 3407 10358 15292 21095 11668 3730 3649 15060 0 9515 13167 12709 13149 11081 964 5972 13494 10635 3486 11174 6104 14464 13776 18975 9805 13894 15112 11245 13278 14800 11246 7734 13621 8400 5905 5335 13400 4832 15674 14269 5288 18680 15748 8480 12736 8989 17040 3870 4456 15055 12344 3007 16667 15761 14047 3792 3121 10166 15820 3304 10163 6773 15766 8765 15029 6405 8865 4998 3423 2452 3121 8320 6456 5704 12978 11279 11751 13119 19690 10428 11615 11613 11815 2797 6690 18584 11429 8823 4397 10452 3620 7546 7917 15805 9170 11297 4485 15617 12654 11694 16726 12360 2446 15693 11726 15995 10398 4703 14903 6668 13517 15496 20333 6781 2294 7541 13253 4447 3649 11805 7317 6809 9797 20446 14550 5786 6013 9748 8584 12099 3228 16002 7112 5919 12587 11392 2396 4319 15576 4349 12286 3898 15425 12428 4065 15446 16433 18494 10568 10749 14710 13701 1083 15692 9669 16244 13655 10664 8566 3672 16766 1349 7840 10598 8946 11014 14810 12316 15461 1319 5610 3709 7099 17236 5928 14063 18215 9587 10180 7752 12464 18892 2597 9570 11789 10888 15387 4119 11045 11333 7780 3881 13933 11175
7780 10024 12300 18611 2797 18920 17321 11509 8743 9184 19180 2624 6230 13148 16106 9515 0 10948 16535 3788 10070 8676 6176 11353 1334 12043 4467 12741 14249 5813 16423 14991 10892 6987 1748 12907 15494 14492 11708 7850 8928 13553 4199 14589 10716 17798 16990 9300 14689 9397 15673 8128 11111 16087 7152 11204 7264 2843 11615 12113 17783 20076 12690 11118 17075 8557 6803 6426 13325 10145 5366 19859 7982 7187 11163 12613 8732 8553 2592 3174 9837 13385 2039 13072 8588 18349 1178 9580 5245 2302 6734 2838 15424 3706 983 5439 17412 9728 11687 15407 9855 351 16492 9474 19181 16156 11178 17980 12551 8021 16805 16882 11424 1140 9762 20758 13064 9227 19252 18415 13684 7464 15441 17182 5108 10959 2292 11985 14484 16330 18298 8855 4207 14840 15424 8834 16424 12120 7220 2949 4131 19545 14425 11527 11067 7878 11949 10826 9847 7899 3302 10447 16861 10943 16886 1195 5536 11427 13749 9271 6378 8196 9337 18064 12917 3285 11489 14072 9106 9186 8126 14542 11778 19425 3252 6445 9664 8005 7693 2956 16044 4185 11707 14231 14645 14376 13581 13059 15905 8213 452 17310 18238 18835 13596 18110 17743 1790 6532 18663 14889
12693 929 1386 7668 8749 13141 9962 12008 2871 5476 8485 9948 12871 15819 6023 13167 10948 0 8892 11004 2182 13084 7591 409 10458 16644 6920 10608 3722 8129 5971 9641 1103 8662 11639 2700 5298 7217 7527 4841 4837 12074 11294 5101 9662 8159 8076 8236 5617 5966 12446 3471 5489 5143 9426 17313 8051 11490 16170 4234 8067 13755 16845 16233 12857 7387 13212 4547 10662 4954 5902 12234 6765 4627 17686 16320 14519 14878 12915 11528 8108 3697 10331 4571 3222 7458 11894 1618 6278 11685 12016 10578 5424 8057 11512 12471 13133 10098 7714 12708 5416 10829 10398 9119 10465 8326 2226 7699 3149 13851 6624 10577 3808 10405 9069 14060 10408 2789 10698 7700 11197 12895 13304 9405 11645 11098 11670 8301 12505 11937 7680 4739 9477 14468 10417 4623 9371 13196 10359 12260 12503 14563 6953 13320 10524 8038 17452 1101 16278 7698 10169 16706 6882 5094 6022 10606 5499 1819 3564 13870 11840 3600 6980 10496 5610 7850 16781 3641 13954 5518 3012 9941 3754 11684 10020 10742 14297 7564 14585 9332 5098 9282 910 5178 9348 8249 9887 3757 5761 14177 11399 11261 14207 10094 15407 13723 12621 10378 9726 11255 7908
13477 9358 8150 9607 13744 4599 1076 9660 8745 14310 11873 16781 14803 13300 4659 12709 16535 8892 0 18221 7727 13261 10582 8798 16703 15383 14069 6867 6264 16178 11272 3185 9953 17037 17890 6407 5061 2057 5281 13363 7656 7854 14471 4148 7901 3670 2135 8144 13010 14819 6298 11835 5429 8160 10807 17047 16511 18260 15043 12785 3833 4933 15154 15531 5583 16117 14801 11161 6328 13846 11451 3478 8707 9636 17647 14454 15028 15645 17400 15338 7553 5328 16905 4356 11777 10212 17700 8830 13740 18179 13487 14676 11846 15151 16617 14889 5703 9210 5407 6931 14301 16265 2425 8602 2928 577 6885 5289 5744 14699 4848 2293 12540 16547 8299 5171 6306 11531 2866 11341 6609 13946 7749 648 14224 9116 18163 5464 7533 4910 11697 13517 13015 9949 3687 7792 913 10595 18682 16277 15798 6267 2182 11260 8409 16631 16652 7977 16606 16305 17282 16754 4344 13947 9784 16787 12560 10461 5814 13774 19776 8926 15816 1650 3778 13362 16028 10339 14008 7349 9635 4107 5487 2972 17119 18835 14018 8972 15901 13800 8566 12913 9131 12750 3271 2544 5156 5150 11791 14973 16910 2950 6649 2679 12343 6019 4650 15146 11514 2386 1687
11474 10109 12384 18315 5557 21245 19132 14787 9630 7406 18417 1592 10004 16798 16823 13149 3788 11004 18221 0 10871 12357 8830 11367 2529 15813 4226 15591 14667 3434 15586 17243 10573 4088 2396 13443 16135 16173 13969 6652 10647 16591 7916 15523 13617 18778 18254 12010 13330 7412 18467 7611 12891 15990 10323 14986 4611 1197 15378 10768 18726 22291 16446 14897 19712 6073 10578 7120 16102 8496 6846 21674 10356 8598 14929 16340 12511 12341 6078 6950 12465 14168 1870 14250 7977 17893 3373 10036 4751 1869 10412 6484 14396 3092 4704 9214 20050 12830 13999 18300 8050 4096 18631 12384 20589 17764 11951 18614 13372 11792 17482 18982 10174 2764 12632 22885 15824 8586 20724 17703 16524 11193 18448 18854 8827 14130 1867 14405 17475 18893 17494 7430 7506 18140 17790 10476 18287 15528 3695 6709 7915 22093 16042 15013 14112 5176 15737 11259 13628 5336 944 14229 17651 9239 16432 2622 5766 10864 14338 12991 2591 9322 6977 19839 14452 5316 15275 13413 12841 11127 8801 16954 12951 21189 1106 2791 13397 10624 11479 6146 15849 7418 11554 12923 16887 16378 16142 13963 14914 11992 3920 19499 20963 20224 17163 20750 20192 5388 9813 20510 16685
10726 1994 2879 9018 7561 11618 8749 9826 1327 6775 10205 9589 11081 13650 6062 11081 10070 2182 7727 10871 0 11056 5754 2450 9835 14543 6645 8481 4227 8497 7910 7884 3150 9313 11050 2863 5428 5815 5452 5662 2691 9941 9703 4657 7481 7916 7420 6066 7797 7305 10471 4129 3449 6417 7425 15309 8785 11135 14074 6295 7872 12378 14718 14173 11030 8456 11374 3799 8575 6538 4725 11191 4683 3043 15711 14179 12559 12958 11725 10103 5927 3347 9855 3456 4127 8975 11129 1152 6183 11205 10125 9194 7519 7787 10478 10760 11324 7932 5627 10684 6900 9890 8845 6950 9792 7201 1113 7922 2524 11920 6753 9085 5779 9735 6893 12789 8313 4008 9961 9424 9112 10969 11242 8313 9937 8916 11189 6215 10413 10107 9477 5939 7891 12317 8631 2497 8033 11015 10966 10915 10982 12917 5601 11149 8342 8919 15397 1205 14327 8597 9963 14728 6851 6862 7634 9959 5106 3950 3680 11830 12156 1940 8254 9376 4063 6807 14723 5689 11931 3345 2072 8061 2240 10664 9803 11164 12246 5472 12738 8000 6500 7709 3026 7359 7564 6583 7876 3095 7813 12247 10507 9734 12389 9422 13226 11949 10943 9190 7798 10109 6460
903 12460 13929 19692 7176 13509 13566 4240 10236 14872 21174 10905 2772 4478 15360 964 8676 13084 13261 12357 11056 0 5670 13428 9833 3799 10598 6824 14621 13150 18966 10449 13751 14487 10393 13392 15058 11704 8157 13200 8413 6752 4479 13683 5361 16095 14730 5530 18522 15311 9320 12403 9235 17167 3662 4261 14464 11515 3314 16423 16173 14834 4262 3186 10999 15292 2340 9811 7503 15401 8354 15713 6381 8648 4713 4026 1768 2392 7384 5573 6011 13167 10491 12006 12804 19812 9553 11501 11082 10969 1946 5876 18508 10777 7950 3459 11293 4060 7983 8780 15408 8335 11971 4809 16183 13170 11745 17073 12509 1560 16011 12402 15739 9596 5068 15681 7375 13236 16080 20404 7556 1335 8439 13825 3575 4350 10959 7814 7676 10588 20495 14156 5126 6971 10446 8575 12693 4172 15309 6192 4982 13445 11829 3352 4964 15001 4383 12256 3439 14866 11664 3735 15791 16092 18575 9757 10286 14558 13870 803 14918 9527 15758 14282 10992 7955 3723 16711 876 7918 10397 9618 11183 15470 11559 14734 1255 5613 2840 6390 17341 5285 13990 18051 10211 10719 8420 12660 18838 1768 8709 12504 11767 15939 5042 11900 12130 6971 3494 14595 11684
5159 6885 8601 14737 3437 12744 11284 6267 4722 9354 15950 7239 5327 9251 11087 5972 6176 7591 10582 8830 5754 5670 0 7963 6694 9417 5678 6762 9777 8377 13555 8822 8155 9669 7754 8437 10611 8594 5555 7690 3472 7794 4131 9422 4795 12401 11353 3194 12892 9826 9652 6765 5293 12143 2120 9798 9485 8451 8930 10753 12424 13903 9764 8856 10965 10053 5632 4195 7286 9795 2874 13794 1875 3014 10132 9363 6963 7293 6824 4818 3691 8517 7115 7742 7151 14726 7352 5976 5938 8172 4426 4098 12979 6282 6097 5031 11304 4158 5522 9470 9847 5866 10338 3575 13366 10265 6651 12948 7734 6273 11788 10735 10068 6490 3808 14594 7012 7569 13390 15166 7697 5318 9631 11226 4219 5486 8157 5809 8658 10189 15201 8593 2464 9548 9248 3518 10372 7227 10850 5741 5471 13407 8580 6958 5348 9944 10042 6898 8708 9748 7931 9159 11713 10461 13387 6724 4914 8946 9098 6473 11069 3991 10389 12036 7214 3520 9390 11230 6510 3388 4759 8368 6593 13387 7782 10528 6921 1840 7003 3275 12246 2342 8501 12418 8478 8287 7431 8071 13342 6598 6495 11143 12177 13043 9229 12005 11578 4613 2188 12594 8902
13050 1330 1018 7261 9157 13110 9872 12264 3241 5662 8084 10330 13253 16099 5749 13494 11353 409 8798 11367 2450 13428 7963 0 10854 16966 7304 10790 3417 8450 5592 9683 1162 8943 12033 2495 5019 7186 7688 5125 5133 12259 11692 4916 9906 7909 7893 8515 5366 6137 12551 3802 5646 4742 9774 17664 8323 11870 16494 4158 7810 13688 17156 16569 12910 7604 13589 4955 10820 5072 6309 12102 7089 5013 18043 16623 14878 15244 13324 11933 8366 3534 10720 4521 3524 7050 12295 2003 6652 12072 12385 10984 5090 8437 11920 12861 13180 10382 7880 12834 5556 11235 10383 9400 10271 8227 2317 7386 3063 14215 6331 10547 3792 10803 9340 13969 10571 3048 10515 7298 11354 13260 13446 9293 12034 11356 12057 8465 12664 11994 7285 4956 9873 14664 10464 4927 9311 13454 10640 12667 12904 14561 6913 13598 10769 8286 17789 1283 16640 7945 10540 17063 6610 5150 5615 11003 5895 1732 3325 14211 12156 3973 7157 10385 5630 8259 17118 3284 14299 5795 3415 10019 3808 11549 10392 11047 14635 7886 14962 9738 4692 9679 577 4940 9399 8273 10012 3649 5410 14541 11804 11236 14255 9902 15665 13759 12631 10786 10088 11146 7882
8947 9530 11836 18065 3273 19368 17544 12405 8518 8130 18489 1296 7484 14282 15897 10635 1334 10458 16703 2529 9835 9833 6694 10854 0 13288 3652 13414 13919 4569 15695 15394 10277 5695 1216 12608 15253 14648 12096 6917 9047 14324 5387 14451 11406 17696 16992 9884 13799 8298 16328 7399 11282 15593 7968 12513 6007 1789 12851 11207 17667 20480 13918 12379 17660 7345 8059 6064 13965 9136 5289 20093 8386 7140 12484 13811 9993 9842 3871 4437 10384 13181 707 13016 7841 17750 1560 9209 4409 1494 7887 3957 14633 2687 2312 6695 17998 10519 12098 16110 8804 1600 16851 10162 19249 16291 10948 17751 12354 9270 16585 17225 10536 237 10430 21125 13694 8484 19345 17736 14356 8664 16201 17348 6298 11794 1478 12448 15234 16878 17590 7883 5075 15755 15879 8919 16665 13093 5886 4280 5441 20095 14554 12548 11833 6622 13239 10466 11156 6666 1970 11754 16683 9930 16280 180 4960 10741 13476 10462 5112 8054 8158 18276 13002 3358 12765 13383 10312 9406 7807 15014 11707 19636 1918 5119 10868 8531 8997 3727 15517 5008 11156 13352 15041 14666 14118 12897 15128 9474 1605 17694 18867 18895 14672 18699 18243 2861 7409 18906 15095
4533 16081 17379 22837 10882 14510 15450 5730 13843 18669 24479 14442 5814 2677 18211 3486 12043 16644 15383 15813 14543 3799 9417 16966 13288 0 14365 8521 17795 16875 22419 12284 17380 18208 13681 16653 18011 14162 10789 16997 11856 7777 7920 16588 7823 18609 17134 8632 22166 19110 10178 16175 12266 20391 7338 2222 18214 14872 487 20143 18714 15829 783 1017 11822 19076 5241 13589 9101 19186 12148 17245 9879 12343 2882 1265 3327 3652 10282 8869 8974 16284 13975 14989 16567 23039 12767 15098 14868 14273 5571 9377 22055 14483 11205 6605 12047 6828 10584 9507 19202 11722 13634 7778 18207 15418 15118 19791 15708 4022 18813 14041 19468 13057 7943 16711 9089 16981 18037 23725 8928 4682 8889 15863 7020 6380 14266 10249 8467 11698 23853 17949 8865 6709 12047 12047 14667 4831 18946 9264 8003 13987 14346 4123 7111 18761 1381 15748 2937 18636 15194 2527 18524 19869 21881 13191 14085 18196 17025 3015 18400 13155 19554 16094 13816 11709 1017 20232 3073 11267 14081 11368 14351 17113 15102 18316 2561 9081 4599 10065 20605 9036 17537 21701 12133 12937 10239 15766 22357 3842 11995 13959 12195 18020 3826 12517 13140 10459 7268 16247 13983
9832 6001 8306 14452 3586 17319 15008 11944 5410 4847 14837 3029 8968 14704 12620 11174 4467 6920 14069 4226 6645 10598 5678 7304 3652 14365 0 12169 10509 2700 12044 13325 6652 4001 4774 9253 11940 12034 10125 3399 6627 13348 6820 11298 10329 14555 14034 8609 10223 5144 14919 3748 8831 12017 7628 14131 3883 4577 13888 7646 14504 18301 14860 13604 16011 4740 9497 2914 12595 5734 3027 17537 6767 4541 14265 14583 11331 11392 6905 6391 8960 9950 3428 10032 4189 14115 5184 5834 778 4773 8812 5499 10996 1152 5285 8273 16343 9831 10187 14851 5502 4476 14638 9172 16378 13596 7728 14429 9149 10568 13287 14967 6957 3651 9360 18851 12308 4832 16520 14084 13065 9739 15120 14695 7589 11157 4758 10654 14153 15148 13938 4421 5507 15215 13930 6428 14185 12883 5213 6743 7534 18295 11887 12551 10969 4405 14656 7072 12832 4271 3323 13394 13441 6531 12645 3818 1540 7092 10144 11357 5794 5143 5328 15700 10291 2663 14077 9732 11294 7197 4575 13137 8737 17041 3165 5025 11808 7233 10727 4437 11921 5331 7564 9766 12970 12350 12450 9737 11487 10846 4905 15521 17314 16012 14812 17035 16351 4721 7356 16388 12576
7270 10447 10790 15111 10141 6744 6949 2825 8519 14702 17054 14000 8958 6488 10159 6104 12741 10608 6867 15591 8481 6824 6762 10790 13414 8521 12169 0 10348 14815 15505 3775 11628 16020 14411 9520 10118 5835 3135 13210 6252 1470 9408 8691 2027 10214 8696 3591 16115 15232 2933 11850 5159 12920 5672 10263 15711 15189 8193 14775 10335 8054 8289 8718 4437 15940 8785 9840 685 14749 9146 8929 5404 8006 10886 7592 8537 9194 12670 10506 3211 8818 13867 7351 12059 15474 13886 9479 12232 14868 7622 10177 15521 12938 12446 9293 4765 3202 2930 2710 15002 12405 5209 3267 9690 6932 8514 11540 8499 8366 10679 5634 14242 13200 2986 8883 574 12182 9529 16362 943 7794 2967 7342 8844 2474 14854 2365 2024 3853 16589 13850 8571 3899 3646 6510 6148 3732 17377 11413 10560 6950 6066 4401 1924 16068 9808 9520 9962 15812 14687 10038 10318 15201 14549 13428 11038 12415 9590 7187 17783 8124 16030 7619 5996 10276 9199 13693 7450 5493 9216 2876 7225 8724 14536 17163 7358 4986 9638 9789 13220 8567 11343 15710 3612 4483 1718 8321 15687 8592 12992 5687 5509 9499 5624 5445 5392 11016 6376 7848 5545
14438 4571 2441 5071 11786 10842 7314 12468 5535 8985 6749 13531 15050 16440 2369 14464 14249 3722 6264 14667 4227 14621 9777 3417 13919 17795 10509 10348 0 11850 5279 8106 4479 12359 15124 1367 1637 5246 7302 8542 6363 11766 13840 2129 10110 4571 4849 9181 6745 9428 11347 7192 5542 2611 11155 18865 11735 15083 17354 6758 4455 11169 17836 17583 11270 10965 15284 7861 10160 8264 8938 9224 8360 7262 19334 17222 16254 16723 15952 14302 8822 1541 13866 2997 6937 5248 15276 4711 9918 15225 13981 13405 5637 11660 14692 14806 11482 10968 7519 11789 8790 14084 8327 10019 7120 5697 3172 3977 2113 15681 2917 8370 6659 13839 9854 11297 9971 6462 7406 6032 10650 14753 12521 6619 13996 11624 15209 8022 11916 10413 6243 8330 12046 14196 8882 6274 6984 13641 14056 15129 15143 12458 4941 13993 10933 11681 18807 3455 18015 11340 13807 18355 3226 8168 4205 14055 9019 4691 775 15345 15562 6165 10451 7674 4367 11011 18132 4074 15491 6729 6130 8711 3450 8667 13654 14460 15724 9061 16618 12222 2879 11872 3462 6490 7912 6662 9109 2056 5649 16003 14691 9073 12529 6763 15788 11953 10670 13416 11647 8426 5908
12348 7307 9460 15099 5993 19704 17167 14644 7439 3974 15063 3339 11298 17345 14125 13776 5813 8129 16178 3434 8497 13150 8377 8450 4569 16875 2700 14815 11850 0 12234 15742 7516 1336 5244 10741 13408 14192 12623 3413 9044 16021 9111 13001 13006 16200 15883 11278 9905 3985 17518 4659 11159 12883 10310 16473 1454 4408 16404 7357 16125 20620 17405 16068 18544 2792 11851 5181 15217 5067 5677 19655 9411 6986 16547 17163 13742 13734 8404 8468 11605 11596 3972 11953 4932 14626 6033 7484 2602 4932 11303 7689 11012 2404 6782 10555 18872 12530 12704 17479 4617 5974 16976 11862 18271 15670 9482 15828 10860 12982 14745 17280 6786 4705 12043 21119 14929 5476 18451 14366 15698 12206 17775 16782 9950 13856 4922 13198 16811 17664 14136 4059 8025 17913 16384 8821 16391 15577 2590 8594 9590 20767 14012 15231 13660 2066 17070 8602 15143 2098 2986 15723 14977 5805 13181 4744 3831 7682 11635 13888 3715 7361 3646 17826 12424 5211 16520 10134 13803 9680 6546 15625 10715 19137 2918 2668 14332 9911 12995 6818 12703 7866 8538 9504 15390 14671 15007 11480 11533 13241 6157 17868 19865 17900 17486 19557 18804 6728 10007 18542 14783
18621 6759 5044 3505 14525 15863 12254 17407 8834 8377 2831 14907 18842 21343 6674 18975 16423 5971 11272 15586 7910 18966 13555 5592 15695 22419 12044 15505 5279 12234 0 13377 5626 12171 16784 5990 6211 10505 12394 8946 10575 16949 17233 7316 15022 8520 9467 13833 2950 8571 16626 8306 10467 3152 15329 23217 11500 16350 21956 4980 8342 16003 22556 22077 16513 10243 19181 10282 15369 7303 11756 13742 12591 10598 23612 21988 20452 20830 18613 17396 13585 6734 15408 8220 7857 2746 17225 7590 11288 16696 17975 16433 1364 13060 17110 18436 16712 15693 12608 17062 7841 16362 13497 14712 11300 10736 7314 7035 7009 19798 6720 13493 5464 15693 14604 15981 15165 7213 11654 2145 15873 18843 17785 11503 17610 16524 16683 13147 17154 15670 1908 8176 15422 19388 14149 10399 12078 18599 13712 18074 18408 17538 10200 18853 15874 11179 23302 6711 22218 10872 14915 22630 7243 6724 1796 15862 10899 5004 5982 19739 15609 9565 9422 12467 9598 13563 22627 2387 19841 11154 8941 13989 8324 13209 14791 14418 20154 13374 20554 15177 2731 15225 5066 3106 13189 11937 14355 7207 892 20124 16873 14185 17745 11003 20789 17153 15835 16118 15670 13172 11149
10780 9819 9332 12290 12217 4003 3174 6600 8501 14646 14437 15706 12293 10132 7209 9805 14991 9641 3185 17243 7884 10449 8822 9683 15394 12284 13325 3775 8106 15742 13377 0 10743 16782 16516 7717 7379 2881 3298 13411 6710 4672 12312 6087 5151 6755 5197 5881 14609 15179 3327 11903 4620 10447 8510 14035 16345 17080 11965 13841 6900 5089 12020 12493 3237 16232 12210 10561 3185 14412 10413 5294 7020 8791 14654 11315 12199 12840 15443 13300 5288 6750 15715 5332 11970 12790 16169 9031 13167 16887 10949 12774 13693 14296 14903 12496 3498 6500 3305 3881 14783 14686 1574 6096 5924 3374 7419 8259 6782 11951 7590 2002 13449 15208 5774 5774 3202 11892 5755 13823 3430 11280 4684 3597 11918 6159 16872 3050 4370 2336 14124 13801 11093 6793 790 6924 2393 7466 18325 14241 13582 5066 3183 8171 5493 16578 13581 8570 13693 16277 16303 13793 7147 14682 12115 15447 11935 11415 7449 10885 19119 8416 16107 3854 4064 12054 12974 11986 11137 6137 9368 927 5888 5023 16142 18311 11088 7023 13197 12093 10811 11030 10148 14273 356 1456 2065 6360 13744 12202 15317 2322 4572 5748 9162 4083 3086 13421 9243 4150 2294
13305 1300 2039 7801 8900 14235 11026 12918 3539 4525 8310 9642 13342 16673 6839 13894 10892 1103 9953 10573 3150 13751 8155 1162 10277 17380 6652 11628 4479 7516 5626 10743 0 7915 11424 3650 6106 8310 8573 4129 5697 13090 11645 6072 10599 9020 9047 9109 4787 4990 13526 2965 6543 5417 10090 17942 7279 11159 16901 3160 8915 14834 17616 16923 13956 6489 13716 4656 11706 3911 6139 13263 7531 5142 18286 17114 15117 15440 13007 11773 9025 4695 10078 5655 2605 7474 11766 2301 5946 11414 12569 10809 4860 7749 11532 12890 14233 10955 8755 13777 4398 10807 11497 9985 11421 9384 3325 8409 4212 14426 7393 11671 2707 10248 9958 15124 11448 2041 11668 7536 12242 13472 14360 10453 12068 12005 11399 9344 13547 13036 7449 3851 9847 15467 11518 5465 10453 14098 9607 12447 12796 15664 8043 14181 11456 7205 18132 2185 16862 6863 9786 17313 7699 4005 6006 10435 5360 824 4460 14546 11195 4228 6012 11545 6713 7945 17467 3240 14613 6414 3410 11034 4855 12711 9644 10063 14981 8331 15089 9552 5287 9647 1034 4325 10448 9352 10957 4805 5264 14751 11344 12357 15307 11052 16306 14825 13723 10499 10329 12305 9003
13684 7915 9928 15220 7326 20712 18050 15935 8360 3797 14977 4413 12614 18676 14685 15112 6987 8662 17037 4088 9313 14487 9669 8943 5695 18208 4001 16020 12359 1336 12171 16782 7915 0 6208 11340 13958 15091 13727 3822 10123 17255 10426 13674 14247 16813 16605 12511 9639 3628 18680 5272 12172 13142 11626 17786 672 5211 17739 7200 16726 21585 18740 17399 19654 2062 13170 6267 16401 4870 6918 20504 10628 8104 17849 18500 15067 15049 9564 9752 12815 12258 5045 12746 5447 14685 7074 8238 3793 5813 12637 8996 10887 3730 7968 11866 19979 13812 13818 18666 4344 7177 17964 13121 19002 16513 10231 16317 11564 14308 15274 18252 6720 5856 13292 22051 16113 5898 19202 14315 16891 13537 18986 17626 11273 15136 5805 14329 18027 18763 14047 4158 9361 19186 17446 9890 17303 16883 1697 9834 10865 21831 14894 16549 14919 1109 18394 9268 16452 1341 3907 17035 15544 5511 13273 5863 4985 7944 12220 15224 3438 8367 2978 18687 13322 6546 17847 10222 15138 10790 7467 16711 11552 19976 3883 2249 15667 11159 14299 8149 12923 9202 8949 9279 16433 15658 16141 12191 11412 14564 7300 18859 20986 18630 18807 20658 19858 8014 11335 19417 15705
9493 10712 13020 19221 4317 20476 18720 13247 9734 9021 19590 1953 7877 14869 17112 11245 1748 11639 17890 2396 11050 10393 7754 12033 1216 13681 4774 14411 15124 5244 16784 16516 11424 6208 0 13817 16466 15835 13219 7923 10236 15261 5915 15667 12391 18912 18202 10923 14797 9138 17338 8515 12464 16766 8867 12721 6620 1247 13265 12203 18883 21605 14347 12736 18707 8031 8446 7275 14981 10062 6497 21267 9497 8348 12629 14297 10357 10131 3702 4842 11442 14396 1382 14229 8946 18889 984 10413 5506 594 8456 4583 15691 3725 2477 7089 19045 11439 13213 17092 9693 2099 17989 11146 20452 17483 12163 18964 13569 9667 17799 18368 11548 1345 11426 22263 14715 9587 20545 18844 15354 9157 17146 18535 6818 12684 588 13544 16185 17942 18685 8851 5927 16583 16982 10113 17836 13867 6068 4448 5694 21160 15746 13274 12771 7224 13513 11670 11366 7319 2301 11967 17899 10846 17419 1108 6142 11861 14687 10966 4895 9269 8889 19454 14200 4529 13083 14494 10791 10574 9018 16110 12921 20815 2338 5185 11349 9594 9240 4632 16682 5892 12321 14360 16165 15823 15185 14113 16193 9840 1692 18824 19892 20099 15335 19745 19329 3536 8262 20077 16273
13174 3438 1744 6333 10424 10850 7482 11458 4177 8155 7826 12262 13729 15416 3393 13278 12907 2700 6407 13443 2863 13392 8437 2495 12608 16653 9253 9520 1367 10741 5990 7717 3650 11340 13817 0 2693 4992 6405 7521 5056 10971 12484 2422 9078 5474 5398 8021 6893 8633 10825 6095 4499 3777 9877 17647 10738 13814 16204 6380 5390 11333 16729 16399 10946 10084 13975 6544 9408 7555 7581 9637 7075 5895 18100 16133 14997 15450 14587 12936 7707 1079 12577 2385 5893 6420 13945 3422 8693 13934 12683 12039 6056 10406 13336 13468 11187 9846 6618 11204 8048 12736 8193 8880 7776 5831 1807 5176 1021 14407 4040 8306 6142 12521 8738 11564 9195 5488 8020 7074 9920 13472 11893 6866 12655 10590 13919 7160 11215 10053 7224 7435 10686 13411 8506 4952 6997 12645 13035 13763 13784 12380 4698 12942 9921 10737 17627 2184 16763 10397 12567 17118 4238 7581 5230 12740 7743 4071 898 14130 14455 4799 9652 7955 3718 9658 16950 4287 14265 5475 4803 8204 2349 9082 12412 13381 14519 7800 15318 10856 3958 10511 2743 6561 7476 6264 8437 1360 6182 14731 13347 9007 12255 7407 14823 11715 10504 12052 10345 8716 5690
14970 6103 4067 4999 12929 9654 6052 12486 6755 10619 7063 14942 15763 16443 733 14800 15494 5298 5061 16135 5428 15058 10611 5019 15253 18011 11940 10118 1637 13408 6211 7379 6106 13958 16466 2693 0 4518 7267 10137 7139 11465 14733 1437 10206 2935 3367 9534 8105 11064 10699 8752 5824 3119 11758 19247 13341 16494 17592 8348 2818 9848 17981 17890 10399 12595 15944 9194 9829 9901 10135 7750 9021 8368 19754 17336 16751 17262 17049 15291 9096 2130 15244 3053 8520 5427 16557 6107 11386 16600 14616 14431 6834 13093 15871 15591 10576 11213 7480 11210 10428 15306 7320 10314 5538 4528 4317 2498 2959 16229 1348 7293 8279 15158 10106 9900 9677 8067 5841 6445 10279 15327 11983 5312 14800 11697 16584 7908 11483 9595 6754 9956 12980 13848 8118 7104 5875 13623 15655 16154 16062 11327 4228 14065 10979 13301 19102 4876 18490 12960 15257 18786 1593 9795 4772 15380 10424 6328 1797 15743 17123 7309 12087 6314 4213 12221 18432 5476 15913 7354 7449 8104 4025 7198 15101 16035 16093 9648 17243 13293 3515 12818 5095 7901 7247 6006 8698 2542 6747 16544 15927 7981 11588 5189 15697 10982 9646 14539 12316 7045 5090
11828 7571 6687 9477 11706 5926 2979 8459 6753 12519 11582 14727 13029 12308 4413 11246 14492 7217 2057 16173 5815 11704 8594 7186 14648 14162 12034 5835 5246 14192 10505 2881 8310 15091 15835 4992 4518 0 3553 11476 5600 7077 12557 3206 6422 4449 3027 6364 11851 13039 6185 9944 3381 7568 8981 15668 14583 16204 13786 11297 4551 6580 14021 14200 6026 14263 13072 9133 5445 12138 9395 5504 6728 7583 16237 13341 13466 14056 15418 13383 5796 3966 14849 2670 9923 9943 15655 6948 11725 16122 11741 12692 10864 13108 14594 13060 6244 7652 3721 6692 12564 14226 3209 6930 4777 1673 5082 5705 4148 13075 4875 3362 10976 14493 6649 6974 5335 9730 4796 10955 5853 12271 7469 2701 12364 7788 16106 3939 7006 5167 11249 11704 11045 9402 3645 5736 2218 9511 16718 14318 13893 7399 305 10075 7059 14732 15367 6220 15111 14411 15233 15311 4490 12311 9236 14732 10534 8902 4621 12280 17763 6896 14017 3668 1770 11309 14720 9200 12495 5313 7647 3587 3595 5016 15070 16840 12565 7055 14235 11784 7930 10934 7590 11538 2729 1489 4271 3639 10894 13364 14871 4051 7300 4463 11459 6741 5512 13128 9667 4359 700
8277 7442 7657 12200 8926 7284 5831 5220 5699 11954 14045 12422 9528 9186 7427 7734 11708 7527 5281 13969 5452 8157 5555 7688 12096 10789 10125 3135 7302 12623 12394 3298 8573 13727 13219 6405 7267 3553 0 10571 3611 4601 9241 5833 2966 7945 6577 2864 12990 12490 5088 9122 2042 9903 5530 12178 13335 13785 10386 11732 8029 8386 10725 10746 5927 13371 9544 7461 3135 11886 7164 8286 3728 5637 12732 10073 9917 10504 12274 10162 2274 5762 12420 4334 9270 12501 12886 6513 10027 13589 8221 9574 12387 11058 11651 9610 6253 4120 217 5245 12187 11407 4785 3377 8192 5094 5394 9016 5385 9522 8025 5180 11230 11910 3096 9051 2884 9312 8146 13334 3670 8724 5791 5898 8954 4434 13574 778 4978 5040 13539 11098 7893 7034 3823 3853 4912 6370 15214 11106 10553 8171 3672 6799 3712 13621 11936 6430 11575 13337 13031 11793 7743 12277 11504 12149 8794 9343 6533 8751 15905 5449 13353 6585 3055 8758 11277 10558 8959 2944 6493 3012 4093 7911 12871 15140 9051 3800 10687 8830 10181 7814 8233 12590 2946 2805 2479 5253 12558 9811 12041 5606 7264 7912 8490 6935 6235 10167 6243 7089 3617
12536 4109 6118 11701 6725 17244 14399 13673 4917 1673 11775 6001 11976 16933 10864 13621 7850 4841 13363 6652 5662 13200 7690 5125 6917 16997 3399 13210 8542 3413 8946 13411 4129 3822 7923 7521 10137 11476 10571 0 7004 14565 9923 9872 11664 12994 12819 9942 6883 2137 15645 1532 8806 9471 9807 17042 3218 7409 16511 4289 12905 18036 17403 16335 16439 2821 12465 3543 13488 2365 4857 16806 8048 5256 17246 17034 14188 14340 10303 9655 10111 8455 6541 9027 1630 11251 8476 4535 2630 7784 11592 8720 7794 4230 8683 11346 16751 11534 10696 15729 2235 7873 14474 10693 15218 12824 6494 12508 7784 13434 11456 14730 3626 6957 10792 18450 13203 2091 15428 11055 14007 12538 16154 13932 10596 12798 7771 11251 15233 15526 10855 1038 8369 16717 14122 6750 13694 14749 5519 10089 10788 18475 11259 14586 12437 3271 17459 5480 15798 2942 5970 16331 11723 3152 9796 7093 2952 4270 8399 13993 7068 5130 2822 15007 9723 5710 16842 6765 13978 7744 4080 13458 7891 16269 5848 5936 14449 8734 13767 7549 9291 8172 5160 6439 13074 12186 13045 8413 8304 13734 8280 15367 17793 14845 16846 17407 16495 8053 9746 15749 12120
8139 4419 5531 11389 6168 10695 8514 7229 2298 8457 12769 9162 8689 10987 7620 8400 8928 4837 7656 10647 2691 8413 3472 5133 9047 11856 6627 6252 6363 9044 10575 6710 5697 10123 10236 5056 7139 5600 3611 7004 0 7656 7599 5964 4947 9019 8088 3413 10442 8988 8649 5605 2249 8819 4833 12674 9725 10618 11388 8735 9029 11678 12027 11502 9535 9784 8922 3865 6491 8507 3815 11063 2038 2085 13099 11490 9969 10405 10091 8211 3356 5052 9258 4305 5808 11446 10081 3410 6459 10523 7626 7400 10211 7632 9104 8469 9858 5266 3716 8725 8751 8677 8014 4290 10252 7248 3340 9486 4285 9362 8322 8350 8143 8893 4262 12246 6208 5951 10327 11996 7014 8422 9167 8301 7670 6315 10507 4256 8263 8641 12081 7603 5872 9935 7341 259 7651 8404 11632 9105 8933 11724 5512 8491 5793 10012 12729 3895 11739 9731 9704 12116 8262 8987 10174 9132 5226 6519 5659 9176 12420 1879 9811 9238 3989 5712 12053 8379 9289 763 2966 6589 3122 10597 9541 11601 9585 2803 10262 6355 8964 5720 5709 9994 6356 5738 6061 4600 10502 9687 9321 8895 10874 9908 10610 10535 9761 7673 5289 9885 6062
7351 11900 12258 16463 11069 6860 7767 2512 9940 16083 18447 15000 9178 5481 11462 5905 13553 12074 7854 16591 9941 6752 7794 12259 14324 7777 13348 1470 11766 16021 16949 4672 13090 17255 15261 10971 11465 7077 4601 14565 7656 0 9947 10049 3020 11351 9806 4744 17585 16610 2575 13234 6629 14322 6401 9702 16974 16111 7512 16233 11484 8193 7433 8130 4263 17264 8919 11142 1638 16163 10345 9468 6633 9328 10352 6722 8350 9021 13224 11086 4470 10245 14819 8769 13459 16852 14668 10926 13461 15746 7891 10873 16983 14055 13168 9621 4547 3825 4398 2038 16402 13208 5893 4218 10549 8000 9984 12756 9950 8310 11951 6289 15694 14103 3998 9062 1797 13602 10349 17765 1249 7886 1890 8259 9283 2670 15733 3828 963 3966 18002 15235 9346 2440 4314 7915 7054 2977 18561 11955 10994 6693 7329 3795 2491 17353 9124 10988 9591 17107 15708 9579 11564 16630 15961 14323 12289 13880 11014 6957 18863 9516 17386 8371 7402 11307 8563 15158 7238 6894 10611 3748 8687 9342 15562 18298 7039 6115 9589 10631 14632 9370 12812 17179 4600 5647 2808 9754 17144 8492 13767 6181 5039 10397 4490 5148 5472 11788 7048 8481 6704
3581 10474 12451 18720 3239 16004 15071 7669 8522 11535 19773 6522 2188 8954 15217 5335 4199 11294 14471 7916 9703 4479 4131 11692 5387 7920 6820 9408 13840 9111 17233 12312 11645 10426 5915 12484 14733 12557 9241 9923 7599 9947 0 13553 7429 16508 15409 6439 16148 11896 12298 9538 9357 16119 3815 7362 10512 7040 7475 13757 16536 17256 8535 7040 13845 11542 2749 7075 10058 12270 5532 17508 5886 6712 7456 8427 4669 4623 3278 1163 7039 12629 6063 11872 9995 18647 5095 9696 7457 6490 2541 1459 16495 6708 3492 1454 14173 6216 9152 11922 12149 3860 13881 6281 17328 14208 10680 17079 11833 3922 15919 14302 13043 5152 6602 18021 9833 10551 17322 18987 10321 3278 11820 15105 912 7278 6481 9278 10906 13211 18975 10951 1821 10910 12583 7630 14153 8115 11049 2011 1346 16357 12574 7452 7554 11093 7980 10770 6038 11014 7274 6614 15843 13034 17260 5300 7004 12365 13185 5079 10495 7807 12148 15826 11289 4226 7458 14856 4925 7497 8294 11685 10721 17148 7182 10398 5482 5504 3909 2391 16187 2013 12183 15670 11995 12046 10580 12191 16909 4157 4236 14605 14877 17020 9440 14851 14716 2540 3081 16316 12785
13623 5763 4125 6420 11945 8715 5207 11050 5944 10571 8426 14245 14484 15006 1692 13400 14589 5101 4148 15523 4657 13683 9422 4916 14451 16588 11298 8691 2129 13001 7316 6087 6072 13674 15667 2422 1437 3206 5833 9872 5964 10049 13553 0 8776 3259 2977 8153 8869 11052 9381 8404 4455 4366 10448 17852 13088 15789 16172 8709 3219 9070 16550 16481 9197 12486 14643 8452 8416 9976 9228 7242 7757 7406 18367 15904 15389 15913 16003 14171 7698 1417 14500 1705 8242 6811 15687 5534 10809 15843 13309 13342 7758 12443 14901 14348 9397 9802 6045 9867 10470 14380 6209 8916 5364 3577 3572 3526 2155 14884 2378 6243 8523 14339 8700 9236 8257 7875 5600 7776 8875 13994 10627 4536 13570 10264 15828 6471 10095 8359 8056 9839 11836 12444 6848 5962 4855 12186 15363 15056 14892 10329 2904 12631 9545 13114 17690 4409 17119 12776 14619 17403 2303 9985 6034 14567 9760 6469 1692 14355 16703 6407 12071 5611 2779 11304 17022 6196 14531 6093 6729 6762 2860 6685 14459 15661 14699 8345 15924 12245 4725 11683 5150 8603 5925 4673 7299 1562 7748 15196 15013 6945 10434 4993 14262 9849 8553 13525 11031 6370 3834
5634 9345 10088 15092 8135 8601 8219 2386 7239 13226 16853 12026 7164 6339 10389 4832 10716 9662 7901 13617 7481 5361 4795 9906 11406 7823 10329 2027 10110 13006 15022 5151 10599 14247 12391 9078 10206 6422 2966 11664 4947 3020 7429 8776 0 10862 9440 1742 15271 13745 4961 10395 4584 12721 3657 9246 13979 13185 7420 13677 10955 9878 7776 7791 6433 14316 7061 8189 2642 13386 7331 10445 3648 6409 9816 7136 7128 7749 10676 8509 1595 8574 11872 7214 10656 15350 11859 8341 10454 12853 5818 8156 14864 11038 10420 7421 6766 1348 2764 4704 13585 10379 6709 1245 10822 7827 7764 11979 8084 6825 10991 7141 13090 11190 987 10674 2406 10861 10720 16121 2969 6131 4837 8463 6914 1514 12839 2486 3863 5782 16294 12387 6544 5055 5266 5198 7338 3579 15541 9425 8620 8941 6579 3884 863 14371 8974 8625 8717 14133 12724 8895 10708 13905 14279 11416 9294 11414 9335 5882 15857 6729 14482 8944 5999 8315 8318 13016 6110 4200 7820 4388 6730 10167 12575 15280 6149 3096 8057 7765 12971 6540 10479 14838 4887 5362 3217 8056 15091 7089 10965 7332 7535 10580 5780 7453 7292 8989 4372 9297 6345
16164 8909 6985 6214 15116 7802 4309 12896 9200 13541 8551 17504 17232 16702 2211 15674 17798 8159 3670 18778 7916 16095 12401 7909 17696 18609 14555 10214 4571 16200 8520 6755 9020 16813 18912 5474 2935 4449 7945 12994 9019 11351 16508 3259 10862 0 1558 10648 10794 13992 9960 11566 7169 5399 13158 20107 16209 19048 18234 11254 188 7670 18456 18647 9218 15507 17327 11710 9756 12836 12450 5251 10629 10613 20670 17771 17848 18421 19110 17206 10113 4621 17755 4737 11367 6921 18909 8768 14057 19097 15987 16416 9387 15701 18072 17180 9311 12064 8128 10581 13361 17579 6076 11292 2782 3381 6827 1708 5406 17421 1850 5884 11207 17580 11027 7533 9684 10946 3133 8124 10103 16583 11398 3552 16436 12237 19081 8383 11123 8576 8533 12862 14853 13547 7332 9055 4579 13926 18509 18112 17854 9537 4284 14513 11507 16192 19815 7600 19519 15852 17876 19736 1386 12727 6825 17810 13018 9262 4595 16696 19911 9643 15015 4247 5245 14516 19167 8253 16903 9015 9988 7644 6021 4736 17717 18849 16992 11113 18543 15366 5824 14714 8019 10643 6766 5732 8564 4821 9203 17719 18216 6469 10199 2484 15808 9556 8173 16670 13800 4850 4669
14846 8713 7078 7534 14252 6489 2896 11410 8624 13549 9832 16906 16001 15181 2799 14269 16990 8076 2135 18254 7420 14730 11353 7893 16992 17134 14034 8696 4849 15883 9467 5197 9047 16605 18202 5398 3367 3027 6577 12819 8088 9806 15409 2977 9440 1558 0 9357 11472 14029 8409 11333 6061 6316 11935 18682 16030 18432 16769 11595 1710 6537 16961 17203 7713 15458 16065 11136 8221 12947 11706 4388 9527 9855 19257 16271 16492 17080 18140 16170 8801 4382 17108 4005 11193 8177 18127 8399 13601 18429 14728 15423 10181 15162 17193 15996 7823 10679 6747 9026 13444 16751 4558 9950 2398 1824 6401 3155 5041 16095 2823 4397 11453 16860 9672 6542 8158 10844 2623 9339 8557 15282 9842 2122 15276 10778 18413 6954 9566 7044 9717 12813 13816 11990 5777 8162 3048 12419 18287 17092 16754 8210 2914 13026 10052 16073 18359 7341 18138 15736 17333 18334 2297 12934 7877 17095 12495 9419 4618 15306 19566 8971 15048 3004 4140 13731 17718 8837 15522 7977 9468 6090 5310 3834 17171 18549 15587 9943 17245 14431 6736 13689 8112 11264 5214 4214 7029 4414 10065 16386 17394 5017 8745 2026 14273 8108 6727 15758 12602 3706 3156
5521 7828 8817 14242 6616 9679 8667 3839 5653 11519 15848 10422 6671 7584 9831 5288 9300 8236 8144 12010 6066 5530 3194 8515 9884 8632 8609 3591 9181 11278 13833 5881 9109 12511 10923 8021 9534 6364 2864 9942 3413 4744 6439 8153 1742 10648 9357 0 13849 12035 6460 8702 3711 11767 2674 9719 12238 11645 8183 12124 10714 10889 8727 8403 7784 12579 6709 6452 4094 11716 5600 11074 1908 4689 10220 8155 7248 7794 9566 7419 601 7690 10309 6482 8981 14416 10465 6818 8718 11355 5377 6920 13561 9351 9108 6747 8122 1869 2746 6300 11896 8975 7446 885 11054 7948 6519 11556 7083 6781 10483 7865 11514 9676 867 11626 3818 9218 11010 15093 4517 5936 6516 8761 6103 2929 11340 2839 5546 7030 15226 10686 5248 6778 6203 3646 7751 5001 13823 8359 7729 10246 6445 5084 2496 12629 9627 7252 8968 12391 11102 9252 10274 12260 13250 9908 7553 9931 8416 6209 14192 5090 12756 9419 5475 6694 8951 11718 6379 2721 6166 5307 5731 10726 10950 13583 6566 1394 7897 6349 11975 5204 9092 13403 5559 5652 4287 7176 13827 7084 9586 8189 8984 10770 7202 8822 8459 7639 3396 9886 6478
18051 6087 5357 6445 13170 17582 14057 17623 8326 5935 5505 12862 17972 21430 8715 18680 14689 5617 13010 13330 7797 18522 12892 5366 13799 22166 10223 16115 6745 9905 2950 14609 4787 9639 14797 6893 8105 11851 12990 6883 10442 17585 16148 8869 15271 10794 11472 13849 0 6016 17683 6684 10956 5488 14865 22690 8982 14209 21687 2595 10631 17905 22403 21700 17837 7625 18378 9075 16104 4839 10626 15853 12315 9883 23014 21897 19849 20144 17059 16123 13724 7886 13417 9278 6215 5695 15357 7081 9445 14631 17277 15158 1613 11113 15475 17466 18075 15708 13189 18027 5318 14683 15017 14731 13552 12442 7601 9504 7849 19145 8944 15088 3267 13833 14685 17998 15865 5618 13881 4961 16632 18195 18681 13352 16656 16713 14618 13767 17941 16945 4600 5952 14399 20004 15399 10220 13718 18812 11082 16692 17206 19180 11550 18932 16133 8587 22905 6648 21580 8306 12757 22046 9431 4134 4610 13974 9341 3970 7255 19319 13048 9012 6751 14391 10589 12159 22242 2673 19379 11134 8134 15080 8957 15302 12650 11859 19757 13116 19744 13912 5084 14196 4796 479 14367 13156 15222 8250 2060 19467 15128 15792 19140 13224 21023 18591 17350 14671 15076 15133 12540
14631 5471 7010 11718 8664 18910 15880 15790 6791 536 11363 7189 13993 19070 11796 15748 9397 5966 14819 7412 7305 15311 9826 6137 8298 19110 5144 15232 9428 3985 8571 15179 4990 3628 9138 8633 11064 13039 12490 2137 8988 16610 11896 11052 13745 13992 14029 12035 6016 0 17578 3384 10633 9800 11943 19099 2967 8384 18625 3591 13881 19618 19526 18432 18282 1684 14497 5675 15477 1290 6984 18194 10151 7347 19282 19164 16255 16383 11945 11531 12178 9659 7796 10466 3225 11141 9837 6154 4448 8880 13671 10625 7271 5691 10302 13336 18585 13655 12629 17698 733 9478 16139 12802 16408 14260 7961 13270 9099 15497 12316 16363 3176 8386 12891 19971 15195 3312 16652 10715 16002 14615 18155 15351 12609 14910 8869 13197 17249 17363 10434 1392 10414 18800 15915 8730 15239 16875 5143 11877 12674 20222 12798 16720 14531 2608 19544 6844 17837 2306 6945 18380 12653 1883 9760 8478 5030 4763 9449 16102 7054 7110 1023 16440 11330 7671 18933 6738 16079 9742 6024 15300 9453 17646 6861 5862 16557 10852 15776 9506 9539 10221 5973 5651 14853 13888 14968 9716 7795 15793 9797 17023 19642 16039 18979 19225 18247 9864 11870 17195 13710
9895 12463 12340 15616 13056 4338 5917 5082 10787 17042 17760 16880 11688 7704 10535 8480 15673 12446 6298 18467 10471 9320 9652 12551 16328 10178 14919 2933 11347 17518 16626 3327 13526 18680 17338 10825 10699 6185 5088 15645 8649 2575 12298 9381 4961 9960 8409 6460 17683 17578 0 14208 7022 13748 8597 12187 18327 18097 9954 16679 10118 5666 9754 10613 1691 18433 11454 12429 2367 16961 11895 7200 8172 10584 12846 9045 10924 11595 15570 13410 6009 9926 16767 8459 14358 16115 16819 11567 14919 17789 10378 13105 16866 15744 15377 12089 1973 6083 4952 701 17272 15338 3983 6199 8656 6600 10236 11527 9840 10880 10906 4299 16219 16117 5913 6544 2643 14390 8401 17140 1993 10429 1493 6549 11694 5119 17775 4394 1723 1587 17433 16186 11504 3842 2642 8900 5403 5484 20100 14308 13412 4136 6482 6330 4746 18643 11547 11346 12140 18369 17554 12105 10452 17328 15416 16346 13701 14259 10657 9531 20606 10515 18437 6394 7107 13151 11019 15111 9813 7930 11574 2636 8765 7161 17401 19938 9606 7843 12160 12719 14104 11500 13061 17320 3457 4709 2611 9495 16949 11065 15925 3993 2582 8570 6600 2594 2962 13950 9293 6343 5621
11807 2658 4818 10749 6491 15719 12869 12496 3432 2852 11090 6695 11468 15913 9471 12736 8128 3471 11835 7611 4129 12403 6765 3802 7399 16175 3748 11850 7192 4659 8306 11903 2965 5272 8515 6095 8752 9944 9122 1532 5605 13234 9538 8404 10395 11566 11333 8702 6684 3384 14208 0 7311 8381 8874 16399 4702 8202 15688 4221 11485 16504 16528 15577 14956 4340 11917 2595 12093 3053 4113 15283 6845 4041 16656 16116 13534 13751 10407 9449 8817 6989 7153 7506 469 10383 8921 3006 3011 8476 10928 8486 7300 4810 8853 10904 15265 10380 9257 14318 3194 8084 12948 9494 13730 11298 4977 11170 6292 12796 10086 13201 3507 7391 9565 16918 11812 1100 13933 10336 12619 11870 14772 12408 10114 11604 8462 9821 13865 14040 10194 2001 7849 15446 12621 5347 12161 13607 6959 10008 10545 16964 9727 13509 11195 4796 16738 3996 15207 4471 6821 15713 10325 3696 8913 7564 2662 3346 6985 13205 8373 3727 4233 13481 8191 5477 16100 5984 13217 6359 2641 11973 6360 14748 6680 7287 13657 7577 13260 7249 8250 7646 3946 6211 11568 10663 11601 6920 7777 13109 8576 13840 16313 13358 15748 15916 14984 7990 8911 14221 10588
9169 5443 5639 10571 8326 8547 6267 6961 3890 10098 12274 11411 10092 10923 6142 8989 11111 5489 5429 12891 3449 9235 5293 5646 11282 12266 8831 5159 5542 11159 10467 4620 6543 12172 12464 4499 5824 3381 2042 8806 2249 6629 9357 4455 4584 7169 6061 3711 10956 10633 7022 7311 0 8150 6028 13429 11727 12866 11833 9703 7209 9478 12295 12094 7650 11627 10222 5992 5175 9954 6064 8817 3471 4302 13931 11680 10934 11458 12098 10110 3297 4019 11505 2772 7410 10789 12274 4550 8608 12762 8883 9375 10394 9861 11224 10014 7956 5439 2236 7239 10285 10846 5822 4510 8107 5047 3356 7913 3500 10430 6809 6139 9215 11123 4324 10020 4926 7392 8156 11539 5710 9546 7817 6076 9267 6098 12747 2819 7019 6732 11710 9245 7757 9052 5316 2416 5402 8147 13733 11034 10703 9684 3323 8460 5423 11959 13312 4390 12668 11659 11948 12962 6638 10307 9696 11362 7385 7306 4768 9920 14614 3806 11536 6994 1932 7936 12639 8555 10089 1941 4749 4667 2150 8355 11785 13759 10275 3952 11484 8425 8391 7632 6192 10552 4276 3523 4428 3501 10585 10742 11491 6711 9009 7774 10326 8604 7705 9765 6646 7637 3815
16948 6071 3791 2601 13811 12737 9122 15078 7625 9455 4143 15032 17460 19051 3529 17040 16087 5143 8160 15990 6417 17167 12143 4742 15593 20391 12017 12920 2611 12883 3152 10447 5417 13142 16766 3777 3119 7568 9903 9471 8819 14322 16119 4366 12721 5399 6316 11767 5488 9800 13748 8381 8150 0 13648 21421 12481 16560 19948 6498 5225 12853 20442 20161 13510 11459 17724 9670 12703 8525 10941 10597 10847 9427 21877 19830 18773 19222 17992 16483 11422 4150 15443 5577 8017 2649 17037 6564 11338 16790 16441 15555 4006 13137 16630 17166 13691 13569 10119 14230 9087 15961 10439 12614 8180 7638 5501 4018 4685 18179 3577 10409 6678 15544 12455 12830 12525 7426 8528 3443 13181 17241 14985 8365 16346 14235 16775 10613 14427 12694 3694 8984 14304 16742 11200 8701 8990 16251 14802 17265 17389 14425 7268 16604 13544 12300 21388 5381 20539 11966 15199 20895 4096 8188 1668 15743 10634 5211 3386 17903 16512 8322 10781 9318 6925 12951 20711 3205 18040 9252 8037 11128 6040 10061 15056 15352 18289 11576 19074 14333 426 14120 4456 5406 10291 9039 11620 4667 3804 18503 16537 11093 14706 7874 18392 14101 12764 15447 14102 10020 8174
3308 8798 10303 16208 4765 12194 11341 4467 6573 11473 17595 8745 4074 7149 12140 3870 7152 9426 10807 10323 7425 3662 2120 9774 7968 7338 7628 5672 11155 10310 15329 8510 10090 11626 8867 9877 11758 8981 5530 9807 4833 6401 3815 10448 3657 13158 11935 2674 14865 11943 8597 8874 6028 13648 0 7891 11489 9756 6854 12805 13210 13442 7658 6834 10090 12127 4196 6313 6299 11911 4973 13739 2801 5008 8287 7245 5140 5574 7028 4861 3274 9763 8502 8743 9252 16278 8269 7839 7965 9363 2861 4508 14849 8086 6788 4084 10423 2576 5418 8284 11967 6808 10082 2472 13707 10592 8172 13937 9050 4531 12820 10506 12130 7741 2791 14207 6061 9648 13672 16819 6605 3597 8289 11428 3430 3827 9350 5493 7336 9424 16892 10712 2946 7818 8768 4971 10425 5290 12702 5787 5073 12597 9038 4923 3919 11972 8042 8618 6910 11791 9482 7303 12665 12569 15002 7955 6999 10899 10426 4456 12716 5865 12490 12093 7921 5201 7377 13058 4529 4433 6751 7871 7774 13396 9346 12293 4892 2110 5486 4248 13797 2975 10333 14396 8198 8326 6769 9274 15184 4855 7369 10795 11178 13416 7187 11110 10916 5389 734 12553 9133
4639 16660 18184 23935 10551 16524 17208 7438 14452 18698 25436 13744 5178 4886 19515 4456 11204 17313 17047 14986 15309 4261 9798 17664 12513 2222 14131 10263 18865 16473 23217 14035 17942 17786 12721 17647 19247 15668 12178 17042 12674 9702 7362 17852 9246 20107 18682 9719 22690 19099 12187 16399 13429 21421 7891 0 17873 13953 2281 20512 20198 17852 2940 1574 13856 18870 4636 13809 10888 19324 12290 19131 10640 12809 671 3486 2865 2742 9120 8102 10154 17397 13217 16196 16822 24067 11761 15718 14718 13314 5471 8792 22733 14071 10287 5920 14098 8073 11987 11536 19275 10913 15456 8936 19925 17029 16007 21180 16754 3610 20149 15875 19815 12292 9159 18730 10837 17296 19781 24665 10782 4529 10965 17564 6545 7933 13309 11729 10464 13663 24755 18038 8686 8863 13875 12833 16386 6726 18338 8284 7074 16092 15823 5921 8647 18450 1038 16506 1358 18363 14471 758 19901 20049 22836 12392 14090 18740 18109 3520 17570 13734 19434 17882 15120 11481 1223 20948 3386 12176 14557 13139 15420 18964 14400 17625 3154 9874 3517 9702 21600 8879 18221 22215 13851 14544 11971 16887 23073 3308 11078 15849 14308 19714 6021 14599 15143 9810 7615 18090 15562
13681 7325 9300 14549 7350 20253 17533 15736 7881 3126 14308 4756 12695 18586 14070 15055 7264 8051 16511 4611 8785 14464 9485 8323 6007 18214 3883 15711 11735 1454 11500 16345 7279 672 6620 10738 13341 14583 13335 3218 9725 16974 10512 13088 13979 16209 16030 12238 8982 2967 18327 4702 11727 12481 11489 17873 0 5690 17740 6532 16118 21103 18725 17428 19259 1465 13243 5898 16070 4200 6677 19970 10341 7743 17961 18460 15119 15131 9854 9901 12517 11671 5391 12201 4848 14013 7445 7692 3552 6263 12647 9105 10219 3811 8234 11962 19582 13602 13434 18334 3678 7427 17497 12879 18428 15982 9676 15686 10991 14357 14652 17775 6048 6151 13036 21553 15782 5274 18634 13645 16568 13561 18678 17093 11337 14919 6254 13957 17726 18362 13378 3498 9350 18955 17022 9486 16799 16712 2331 10044 11029 21403 14380 16410 14674 615 18449 8689 16550 726 4326 17126 14930 4850 12601 6181 4685 7288 11614 15215 4110 7933 2376 18160 12817 6509 17888 9551 15141 10411 6995 16303 11025 19439 4282 2921 15662 10905 14408 8188 12259 9182 8312 8617 15999 15193 15769 11620 10744 14623 7602 18391 20599 18056 18676 20256 19427 8163 11237 18894 15207
10620 10575 12877 18951 5050 21068 19132 14190 9849 8329 19174 1553 9059 15983 17164 12344 2843 11490 18260 1197 11135 11515 8451 11870 1789 14872 4577 15189 15083 4408 16350 17080 11159 5211 1247 13814 16494 16204 13785 7409 10618 16111 7040 15789 13185 19048 18432 11645 14209 8384 18097 8202 12866 16560 9756 13953 5690 0 14448 11625 19007 22158 15526 13936 19410 7139 9631 7338 15732 9402 6809 21681 10099 8633 13869 15456 11553 11345 4949 6008 12135 14472 1367 14432 8602 18569 2231 10392 5223 681 9571 5654 15201 3434 3679 8269 19748 12308 13797 17888 8989 3180 18514 11942 20729 17828 12237 18988 13657 10852 17838 18880 11001 2016 12207 22785 15460 9231 20844 18445 16129 10307 17987 18901 7950 13582 681 14166 17019 18617 18258 8264 6856 17539 17586 10470 18266 14865 4892 5671 6907 21832 16093 14306 13620 6275 14733 11638 12596 6408 1452 13198 17974 10167 17101 1809 6071 11521 14701 12114 3648 9461 8028 19854 14520 5028 14293 14118 11948 11030 9069 16730 13123 21212 1562 3979 12507 10281 10462 5513 16446 6794 12105 13787 16726 16300 15858 14228 15712 11034 2885 19367 20628 20370 16408 20449 19965 4570 9193 20503 16680
4059 15602 16914 22402 10413 14292 15136 5383 13365 18183 24030 13996 5389 2643 17802 3007 11615 16170 15043 15378 14074 3314 8930 16494 12851 487 13888 8193 17354 16404 21956 11965 16901 17739 13265 16204 17592 13786 10386 16511 11388 7512 7475 16172 7420 18234 16769 8183 21687 18625 9954 15688 11833 19948 6854 2281 17740 14448 0 19659 18336 15616 1093 808 11613 18596 4819 13102 8789 18700 11661 16974 9406 11860 2952 1325 2928 3307 9901 8442 8537 15848 13535 14564 16081 22596 12357 14621 14387 13855 5102 8929 21584 14014 10788 6179 11847 6393 10184 9293 18716 11291 13338 7335 17883 15065 14659 19397 15264 3597 18410 13750 18983 12619 7508 16496 8764 16495 17720 23274 8638 4223 8702 15534 6571 5998 13847 9862 8235 11455 23399 17462 8390 6582 11752 11577 14341 4544 18489 8861 7598 13821 13964 3794 6728 18286 1618 15280 2764 18158 14749 2437 18127 19382 21431 12756 13600 17717 16586 2533 17963 12676 19071 15789 13403 11234 1071 19762 2601 10806 13598 11054 13908 16829 14656 17866 2081 8609 4255 9599 20158 8560 17065 21221 11804 12581 9912 15330 21888 3437 11576 13687 12035 17690 3755 12336 12915 10015 6781 15960 13622
15887 4342 4638 8194 10700 17205 13860 15958 6472 3421 7777 10268 15660 19625 9052 16667 12113 4234 12785 10768 6295 16423 10753 4158 11207 20143 7646 14775 6758 7357 4980 13841 3160 7200 12203 6380 8348 11297 11732 4289 8735 16233 13757 8709 13677 11254 11595 12124 2595 3591 16679 4221 9703 6498 12805 20512 6532 11625 19659 0 11117 17713 20437 19609 17068 5264 16093 6737 14864 2332 8287 15943 10434 7802 20798 19974 17652 17904 14512 13661 12089 7458 10822 8628 3762 7580 12765 5338 6869 12039 15055 12700 3688 8520 12915 15113 17338 13938 11913 16936 2862 12116 14505 12985 13875 12209 6453 10269 7149 16928 9459 14648 714 11244 12985 17932 14604 3226 14164 7124 15400 15988 17520 13229 14316 15045 12027 12502 16704 16151 6847 3362 12051 18596 14622 8491 13368 17125 8732 14191 14762 18692 11015 17153 14527 6199 20794 5333 19353 5894 10174 19843 9871 1762 6236 11382 6842 2428 7018 17226 10636 7080 4460 14312 9784 9680 20143 3308 17262 9477 6080 14169 7964 15385 10065 9445 17672 11224 17447 11468 6183 11848 3709 2162 13556 12427 14116 7684 4212 17245 12549 15344 18412 13520 19322 17914 16773 12160 12938 15073 11996
16233 8827 6878 6026 15110 7988 4489 13006 9163 13433 8363 17461 17283 16823 2088 15761 17783 8067 3833 18726 7872 16173 12424 7810 17667 18714 14504 10335 4455 16125 8342 6900 8915 16726 18883 5390 2818 4551 8029 12905 9029 11484 16536 3219 10955 188 1710 10714 10631 13881 10118 11485 7209 5225 13210 20198 16118 19007 18336 11117 0 7858 18567 18743 9389 15404 17385 11669 9885 12718 12430 5436 10662 10597 20759 17884 17924 18493 19117 17224 10184 4560 17718 4736 11279 6733 18890 8707 13999 19062 16044 16428 9217 15652 18067 17223 9485 12148 8214 10735 13245 17567 6245 11367 2958 3530 6777 1522 5356 17491 1690 6057 11079 17553 11105 7720 9809 10851 3312 7936 10237 16648 11551 3729 16475 12339 19046 8480 11267 8741 8345 12760 14873 13691 7486 9060 4744 14043 18422 18128 17882 9722 4377 14623 11609 16095 19915 7529 19600 15755 17827 19822 1246 12600 6642 17782 12969 9144 4506 16780 19838 9618 14904 4433 5291 14500 19265 8099 16985 9041 9942 7785 6010 4923 17668 18770 17079 11158 18606 15370 5650 14732 7910 10484 6905 5857 8692 4779 9029 17790 18202 6647 10378 2666 15935 9735 8352 16670 13847 5038 4793
15321 14148 13076 13878 17305 1333 3864 10645 13226 19098 16220 20767 17000 13301 9331 14047 20076 13755 4933 22291 12378 14834 13903 13688 20480 15829 18301 8054 11169 20620 16003 5089 14834 21585 21605 11333 9848 6580 8386 18036 11678 8193 17256 9070 9878 7670 6537 10889 17905 19618 5666 16504 9478 12853 13442 17852 21103 22158 15616 17713 7858 0 15376 16279 4007 20834 16838 15468 7369 18699 15447 2648 12109 13761 18511 14673 16500 17167 20445 18286 10310 10255 20792 9184 16497 14590 21254 13519 18084 21973 15659 17808 16682 19307 19969 17296 3798 11189 8393 6324 19134 19769 3664 10977 5150 5510 11658 9360 10625 16389 9328 3340 17453 20296 10655 883 7541 16309 4775 15789 7278 15846 6963 4553 16787 10505 21958 8102 7388 4251 16190 18283 16133 9283 4686 11873 4385 11143 23181 19221 18484 2400 6821 11982 9974 21278 17203 12788 17783 20962 21349 17764 8798 18837 14402 20535 16862 15372 10745 15117 24090 13260 20597 3538 8315 17136 16682 15239 15393 11164 14118 5583 10173 3032 21187 23233 15223 12091 17667 17168 13273 16080 14043 17659 5440 5955 6679 10050 16588 16599 20398 2793 3959 5314 12167 3446 2721 18489 14175 2839 5919
5061 16316 17526 22854 11420 14067 15169 5563 14078 19075 24551 15051 6471 2094 18150 3792 12690 16845 15154 16446 14718 4262 9764 17156 13918 783 14860 8289 17836 17405 22556 12020 17616 18740 14347 16729 17981 14021 10725 17403 12027 7433 8535 16550 7776 18456 16961 8727 22403 19526 9754 16528 12295 20442 7658 2940 18725 15526 1093 20437 18567 15376 0 1791 11371 19548 5902 13955 8836 19557 12546 16883 10089 12638 3581 712 4020 4392 10994 9518 9024 16312 14598 14983 16909 23083 13444 15323 15337 14937 6119 9984 22237 15023 11871 7259 11582 6883 10516 9070 19593 12364 13322 7855 17940 15217 15243 19687 15767 4681 18737 13721 19771 13684 7992 16259 8848 17302 17757 23803 8622 5267 8416 15613 7627 6291 14929 10145 8062 11299 23947 18338 9381 6168 11737 12228 14411 4559 19523 9950 8688 13471 14218 3948 7016 19263 1996 15920 3721 19127 15806 3300 18429 20225 21958 13825 14513 18436 17063 3518 19029 13405 20000 15794 13772 12216 1775 20404 3625 11407 14361 11097 14407 16773 15710 18914 3080 9288 5340 10617 20669 9544 17729 21941 11889 12750 9998 15794 22524 4528 12657 13602 11675 17767 3253 12024 12708 11074 7657 15914 13805
3801 15629 17033 22645 10080 14951 15667 5893 13398 18004 24216 13554 4895 3443 18130 3121 11118 16233 15531 14897 14173 3186 8856 16569 12379 1017 13604 8718 17583 16068 22077 12493 16923 17399 12736 16399 17890 14200 10746 16335 11502 8130 7040 16481 7791 18647 17203 8403 21700 18432 10613 15577 12094 20161 6834 1574 17428 13936 808 19609 18743 16279 1791 0 12284 18333 4320 12983 9336 18562 11508 17567 9490 11832 2234 2130 2387 2653 9297 7947 8799 16092 13071 14847 15982 22811 11811 14662 14135 13329 4792 8499 21656 13669 10262 5684 12527 6679 10550 9964 18554 10802 13901 7584 18396 15528 14808 19762 15480 3118 18751 14317 18924 12150 7784 17156 9292 16420 18245 23452 9218 3868 9400 16038 6153 6429 13321 10263 8891 12090 23562 17304 8098 7330 12317 11679 14854 5153 18087 8303 7045 14530 14366 4355 7152 17985 1228 15377 1961 17871 14301 1634 18486 19261 21615 12277 13402 17733 16819 2384 17487 12695 18840 16335 13728 10941 551 19848 2361 10956 13579 11592 14132 17405 14214 17436 1942 8703 3596 9250 20357 8277 17135 21230 12317 13042 10431 15578 21976 2906 11054 14283 12750 18191 4540 13032 13569 9571 6676 16532 14070
11557 12993 12569 15160 14398 2697 4957 6764 11526 17746 17389 18137 13326 9301 10125 10166 17075 12857 5583 19712 11030 10999 10965 12910 17660 11822 16011 4437 11270 18544 16513 3237 13956 19654 18707 10946 10399 6026 5927 16439 9535 4263 13845 9197 6433 9218 7713 7784 17837 18282 1691 14956 7650 13510 10090 13856 19259 19410 11613 17068 9389 4007 11371 12284 0 19253 13109 13388 3792 17568 13010 5778 9358 11560 14518 10667 12613 13283 17104 14938 7276 9963 18063 8563 15059 15728 18234 12165 15944 19136 12006 14582 16888 16897 16832 13702 338 7637 5840 2321 17919 16746 3159 7643 7538 5999 10631 10868 10018 12559 10398 3337 16664 17455 7339 4890 4032 15023 7242 16817 3541 12090 2966 5679 13276 6755 19121 5356 3405 923 17146 16894 12951 5318 2450 9773 4674 7168 21134 15848 14993 2513 6331 8017 6327 19535 13196 11776 13828 19247 18787 13787 9908 17868 15170 17688 14713 14641 10642 11220 21761 11348 19184 5282 7300 14413 12681 15204 11501 8867 12362 2983 9106 5823 18630 21035 11297 9130 13839 14119 13891 12933 13382 17505 3512 4683 3574 9587 16919 12748 17348 2823 1360 7511 8173 1039 1380 15383 10803 5074 5366
14549 6777 8528 13402 8320 20059 17163 16217 7737 2010 13024 6130 13702 19272 13328 15820 8557 7387 16117 6073 8456 15292 10053 7604 7345 19076 4740 15940 10965 2792 10243 16232 6489 2062 8031 10084 12595 14263 13371 2821 9784 17264 11542 12486 14316 15507 15458 12579 7625 1684 18433 4340 11627 11459 12127 18870 1465 7139 18596 5264 15404 20834 19548 18333 19253 0 14235 6128 16245 2974 7182 19537 10671 7937 18995 19241 16071 16130 11147 11025 12795 11077 6762 11765 4343 12824 8824 7316 4211 7697 13541 10179 8932 4952 9511 12996 19567 14072 13491 18496 2417 8692 17287 13283 17850 15569 9232 14856 10461 15308 13872 17537 4859 7471 13410 21231 15959 4617 18079 12385 16758 14472 18897 16673 12326 15367 7688 14039 17963 18342 12096 2649 10237 19351 16942 9533 16478 17247 3472 11246 12165 21297 14038 17011 15058 968 19394 8165 17567 738 5753 18132 14188 3526 11444 7523 5140 6357 10930 16063 5424 7923 917 17755 12519 7400 18811 8419 16010 10511 6892 16274 10670 18995 5697 4238 16516 11305 15451 9170 11206 10056 7504 7283 15895 15003 15840 11087 9456 15586 8918 18179 20606 17479 19281 20225 19317 9301 11953 18502 14915
1574 12473 14232 20305 5916 15528 15228 6426 10348 14108 21578 9238 575 6632 16335 3304 6803 13212 14801 10578 11374 2340 5632 13589 8059 5241 9497 8785 15284 11851 19181 12210 13716 13170 8446 13975 15944 13072 9544 12465 8922 8919 2749 14643 7061 17327 16065 6709 18378 14497 11454 11917 10222 17724 4196 4636 13243 9631 4819 16093 17385 16838 5902 4320 13109 14235 0 9357 9469 14776 7809 17504 6938 8596 4785 5886 1935 1895 5172 3630 7278 13927 8751 12938 12356 20329 7543 11594 10094 9036 1341 4201 18568 9447 5969 1365 13416 5714 9402 10957 14700 6484 13770 6201 17725 14638 12223 18132 13192 1222 17015 14202 15386 7829 6509 17663 9302 12867 17660 20795 9597 1043 10677 15399 1909 6358 9028 9355 9866 12623 20833 13475 4097 9303 12310 9025 14327 6490 13791 4061 2803 15590 13154 5686 6865 13817 5231 12529 3342 13728 9983 3898 16859 15518 19007 7957 9514 14484 14569 2653 13168 9617 14807 15966 12102 6852 4718 16844 2426 8599 10307 11443 11944 17215 9898 13122 2970 6299 1374 5067 17846 4295 14120 17899 11937 12270 10258 13446 18946 1417 6757 14379 13957 17453 7320 14048 14168 5259 3639 16349 13158
9213 3635 5879 12214 4246 14529 12110 10139 2517 5186 12943 5794 8925 13408 9847 10163 6426 4547 11161 7120 3799 9811 4195 4955 6064 13589 2914 9840 7861 5181 10282 10561 4656 6267 7275 6544 9194 9133 7461 3543 3865 11142 7075 8452 8189 11710 11136 6452 9075 5675 12429 2595 5992 9670 6313 13809 5898 7338 13102 6737 11669 15468 13955 12983 13388 6128 9357 0 10179 5602 1554 14633 4546 1845 14076 13557 10945 11175 8382 7127 6672 7142 6058 7131 3013 11996 7421 3161 2616 7410 8341 6161 9456 4028 6965 8395 13713 7997 7551 12442 5657 6292 11814 7173 13470 10684 4905 11692 6323 10211 10531 12128 6030 5979 7288 15992 9891 3510 13609 12164 10682 9280 12805 11785 7590 9271 7394 8064 11861 12499 12097 4404 5328 13228 11204 3640 11299 11207 7768 7791 8172 15588 8979 11046 8937 6231 14143 4414 12628 5973 6197 13128 10646 6281 10548 6196 1403 5325 7413 10612 8641 2236 6325 12796 7383 3311 13505 7896 10623 4523 1745 10453 5831 14133 6035 7767 11066 5203 10711 4904 9643 5125 5353 8596 10209 9513 9877 6890 9889 10525 6875 12703 14719 13105 13304 14394 13623 5856 6321 13490 9688
7955 10560 10756 14827 10692 6060 6349 3454 8717 14944 16821 14515 9640 6976 9824 6773 13325 10662 6328 16102 8575 7503 7286 10820 13965 9101 12595 685 10160 15217 15369 3185 11706 16401 14981 9408 9829 5445 3135 13488 6491 1638 10058 8416 2642 9756 8221 4094 16104 15477 2367 12093 5175 12703 6299 10888 16070 15732 8789 14864 9885 7369 8836 9336 3792 16245 9469 10179 0 14943 9568 8272 5832 8336 11517 8133 9211 9869 13313 11147 3653 8648 14401 7166 12280 15222 14477 9613 12623 15427 8303 10796 15446 13398 13054 9968 4124 3867 2951 2265 15218 12992 4568 3862 9109 6431 8519 11134 8390 9047 10317 4989 14353 13754 3565 8198 288 12369 8935 16144 536 8479 2685 6777 9509 3154 15413 2362 1844 3176 16388 14089 9175 4039 2993 6748 5575 4281 17790 12059 11223 6302 5694 4995 2606 16409 10406 9565 10618 16145 15191 10681 9934 15365 14348 13984 11416 12478 9414 7855 18255 8370 16299 7002 5793 10786 9807 13632 8120 5744 9452 2266 7163 8080 15038 17606 8016 5479 10320 10369 13018 9163 11362 15710 3058 4032 1192 8164 15589 9272 13586 5017 4913 8930 6052 4811 4712 11614 7011 7205 5094
14774 4599 5880 10428 9085 18047 14916 15528 6231 1097 10108 8112 14299 18966 10630 15766 10145 4954 13846 8496 6538 15401 9795 5072 9136 19186 5734 14749 8264 5067 7303 14412 3911 4870 10062 7555 9901 12138 11886 2365 8507 16163 12270 9976 13386 12836 12947 11716 4839 1290 16961 3053 9954 8525 11911 19324 4200 9402 18700 2332 12718 18699 19557 18562 17568 2974 14776 5602 14943 0 7055 17173 9880 7085 19549 19156 16463 16641 12635 12020 11798 8606 8693 9517 2735 9855 10693 5407 4977 9854 13859 11083 6019 6464 11005 13684 17862 13421 12040 17127 562 10188 15287 12524 15308 13280 7064 12054 8103 15715 11128 15488 1885 9198 12582 19014 14667 2575 15564 9448 15475 14805 17628 14356 12923 14631 9842 12620 16748 16645 9178 1327 10680 18422 15166 8249 14314 16649 6423 12450 13151 19416 11884 16560 14201 3885 19706 5919 18099 3572 7951 18623 11482 798 8470 9315 5272 3574 8339 16200 8307 6662 2256 15448 10472 8067 19078 5449 16201 9270 5568 14597 8589 16621 7852 7116 16655 10622 16092 9904 8258 10481 4841 4447 14096 13075 14353 8707 6544 16020 10565 16162 18927 14942 18797 18484 17452 10416 11918 16207 12822
7719 5028 7167 13519 2870 14416 12327 9068 3404 6529 14370 5348 7373 12119 10741 8765 5366 5902 11451 6846 4725 8354 2874 6309 5289 12148 3027 9146 8938 5677 11756 10413 6139 6918 6497 7581 10135 9395 7164 4857 3815 10345 5532 9228 7331 12450 11706 5600 10626 6984 11895 4113 6064 10941 4973 12290 6677 6809 11661 8287 12430 15447 12546 11508 13010 7182 7809 1554 9568 7055 0 14875 3742 1852 12543 12180 9426 9638 7053 5642 5936 8021 5454 7742 4547 13353 6460 4379 3131 6743 6819 4684 10973 3895 5755 6841 13344 6929 7211 11825 7055 5172 11786 6206 13961 11023 5825 12617 7187 8685 11441 12136 7578 5154 6374 16039 9282 5062 14061 13587 10040 7763 12101 12093 6036 8243 6727 7658 11136 12158 13542 5802 3774 12279 10984 3661 11466 10073 8231 6358 6658 15327 9288 9830 8003 7108 12652 5578 11094 6898 5903 11601 11496 7764 11924 5389 2043 6840 8405 9151 8752 2830 7518 13046 7722 2086 12023 9370 9147 4284 2909 10170 6438 14404 5741 8044 9606 4241 9160 3432 10950 3571 6755 10147 10057 9534 9442 7694 11396 8997 5795 12656 14304 13606 12100 14039 13399 4507 4890 13699 9874
16069 12762 11363 11390 17062 3354 2549 11720 12223 17694 13739 20217 17582 14870 7146 15029 19859 12234 3478 21674 11191 15713 13794 12102 20093 17245 17537 8929 9224 19655 13742 5294 13263 20504 21267 9637 7750 5504 8286 16806 11063 9468 17508 7242 10445 5251 4388 11074 15853 18194 7200 15283 8817 10597 13739 19131 19970 21681 16974 15943 5436 2648 16883 17567 5778 19537 17504 14633 8272 17173 14875 0 11926 13078 19770 16171 17450 18099 20559 18447 10474 8572 20321 7779 15207 12135 21032 12281 17217 21576 16240 17852 14531 18612 19881 17766 5690 11793 8361 7901 17648 19577 3744 11368 2566 3990 10313 6889 9096 17229 7022 3312 15765 19929 11047 2308 8362 14931 2187 13352 8349 16572 8657 2878 17164 11384 21561 8246 8834 5616 13771 16918 16173 11028 5282 11215 3435 12431 22154 19391 18804 4932 5655 13212 10750 20076 18589 11375 18889 19747 20733 18948 6502 17217 12071 20169 16034 13705 8928 16112 23253 12397 19201 1837 7252 16740 18017 13224 16372 10693 13113 6095 8953 557 20570 22312 16286 12083 18482 17055 11022 16089 12380 15650 5572 5508 7293 8478 14388 17474 20219 3287 6200 2789 13788 5589 4409 18400 14467 1200 5001
6104 6231 7550 13407 5199 10983 9412 5651 3997 9640 14807 8785 6742 9191 9443 6405 7982 6765 8707 10356 4683 6381 1875 7089 8386 9879 6767 5404 8360 9411 12591 7020 7531 10628 9497 7075 9021 6728 3728 8048 2038 6633 5886 7757 3648 10629 9527 1908 12315 10151 8172 6845 3471 10847 2801 10640 10341 10099 9406 10434 10662 12109 10089 9490 9358 10671 6938 4546 5832 9880 3742 11926 0 2808 11062 9583 7933 8375 8695 6660 2194 6989 8740 6055 7146 13478 9160 5235 6835 9878 5624 5969 12179 7572 7956 6592 9695 3544 3716 8084 10036 7684 8510 2652 11503 8396 5378 11275 6259 7332 10134 8900 9796 8196 2745 12779 5546 7426 11521 14033 6298 6397 8363 9352 5823 4762 9863 4067 7401 8538 14116 8815 4317 8682 7493 2194 8501 6770 11973 7592 7232 11744 6722 6728 4393 10725 10714 5887 9702 10485 9429 10078 10018 10453 12211 8434 5657 8352 7636 7149 12435 3354 10857 10163 5402 5075 10040 10362 7257 1668 4384 6631 5008 11515 9272 11774 7563 801 8261 5130 10998 4208 7659 11856 6670 6421 5786 6510 12489 7656 8321 9333 10622 11183 8934 10395 9866 6474 3300 10726 7028
8170 3880 5739 12026 4562 12780 10535 8458 1810 6834 13074 7144 8245 11908 8952 8865 7187 4627 9636 8598 3043 8648 3014 5013 7140 12343 4541 8006 7262 6986 10598 8791 5142 8104 8348 5895 8368 7583 5637 5256 2085 9328 6712 7406 6409 10613 9855 4689 9883 7347 10584 4041 4302 9427 5008 12809 7743 8633 11860 7802 10597 13761 12638 11832 11560 7937 8596 1845 8336 7085 1852 13078 2808 0 13145 12185 9976 10299 8698 7064 4863 6242 7287 5895 4358 11936 8298 3010 4391 8588 7429 6151 9977 5558 7508 7849 11887 6339 5720 10598 7230 6975 10097 5460 12113 9196 4100 10832 5409 9284 9655 10429 7133 7006 5544 14320 8048 4684 12218 12288 8841 8330 10969 10274 7022 7570 8572 6225 10029 10678 12292 6007 4891 11462 9411 1890 9690 9567 9577 7872 7965 13789 7464 9481 7185 8073 13030 4060 11720 7810 7656 12173 9688 7681 10549 7241 3157 5932 6678 9448 10335 1107 8073 11245 5888 3903 12371 8249 9500 2694 1750 8641 4594 12598 7493 9522 9891 3538 9970 4960 9481 4703 5532 9410 8437 7814 8037 5888 10351 9608 7608 10980 12886 11758 11712 12571 11833 6174 5194 11912 8087
4994 17012 18590 24404 10678 17182 17825 8064 14818 18893 25868 13735 5298 5552 20037 4998 11163 17686 17647 14929 15711 4713 10132 18043 12484 2882 14265 10886 19334 16547 23612 14654 18286 17849 12629 18100 19754 16237 12732 17246 13099 10352 7456 18367 9816 20670 19257 10220 23014 19282 12846 16656 13931 21877 8287 671 17961 13869 2952 20798 20759 18511 3581 2234 14518 18995 4785 14076 11517 19549 12543 19770 11062 13145 0 4147 3170 2908 8982 8116 10672 17879 13191 16701 17086 24519 11658 16083 14874 13219 5744 8857 23098 14151 10225 6002 14761 8617 12544 12197 19481 10885 16086 9457 20533 17618 16438 21719 17221 3872 20677 16506 20097 12269 9690 19388 11460 17576 20393 25095 11421 4820 11632 18171 6681 8532 13215 12302 11123 14316 25175 18252 8877 9534 14507 13250 16997 7378 18341 8221 7047 16760 16387 6565 9240 18545 1617 16904 1450 18470 14451 984 20439 20284 23271 12357 14295 19077 18583 4012 17503 14095 19584 18504 15649 11632 1892 21325 3846 12625 14888 13762 15896 19596 14386 17603 3682 10309 3552 9827 22046 9074 18596 22538 14464 15135 12589 17371 23448 3553 11011 16489 14977 20318 6690 15265 15800 9844 7963 18722 16147
4880 15814 16969 22226 11200 13362 14461 4887 13580 18704 23948 14913 6441 1423 17494 3423 12613 16320 14454 16340 14179 4026 9363 16623 13811 1265 14583 7592 17222 17163 21988 11315 17114 18500 14297 16133 17336 13341 10073 17034 11490 6722 8427 15904 7136 17771 16271 8155 21897 19164 9045 16116 11680 19830 7245 3486 18460 15456 1325 19974 17884 14673 712 2130 10667 19241 5886 13557 8133 19156 12180 16171 9583 12185 4147 0 4089 4548 11038 9456 8427 15694 14481 14350 16487 22468 13415 14816 15034 14883 5946 9859 21696 14797 11827 7219 10881 6297 9862 8363 19208 12280 12611 7276 17234 14522 14674 19015 15163 4679 18074 13010 19314 13576 7398 15556 8148 16862 17049 23204 7914 5150 7715 14909 7515 5640 14875 9480 7352 10589 23356 17953 9144 5486 11028 11698 13706 3860 19335 9948 8689 12783 13542 3279 6361 18987 2617 15378 4089 18841 15671 3741 17761 19810 21359 13727 14171 17936 16448 3349 18913 12919 19667 15085 13124 11958 2272 19858 3507 10853 13894 10391 13802 16061 15569 18755 2949 8783 5486 10416 20065 9298 17198 21439 11187 12059 9298 15175 21974 4572 12606 12891 10988 17062 2581 11329 12002 10954 7303 15202 13115
1833 13842 15437 21318 7772 15170 15325 5858 11650 15847 22735 11172 2509 5029 17072 2452 8732 14519 15028 12511 12559 1768 6963 14878 9993 3327 11331 8537 16254 13742 20452 12199 15117 15067 10357 14997 16751 13466 9917 14188 9969 8350 4669 15389 7128 17848 16492 7248 19849 16255 10924 13534 10934 18773 5140 2865 15119 11553 2928 17652 17924 16500 4020 2387 12613 16071 1935 10945 9211 16463 9426 17450 7933 9976 3170 4089 0 671 6975 5561 7748 14823 10686 13702 13958 21409 9440 12914 11896 10949 2606 6126 19929 11338 7882 3298 12896 5827 9745 10350 16419 8415 13711 6557 17950 14938 13310 18803 14141 763 17729 14141 16954 9764 6824 17355 9096 14434 17845 21959 9231 1665 9942 15590 3796 6068 10942 9582 9242 12249 22030 15180 5850 8244 12174 10111 14456 5573 15718 5938 4676 15020 13588 4708 6707 15686 3330 13747 1770 15585 11918 2197 17521 17185 20142 9890 11238 15908 15511 1396 15100 10926 16613 16038 12721 8671 2789 18159 1112 9527 11721 11357 12833 17216 11832 15056 1436 7198 1454 6931 18930 6039 15429 19374 11966 12487 10160 14322 20280 519 8672 14224 13305 17706 5885 13480 13785 7192 4794 16340 13451
2292 14176 15834 21780 7810 15837 15958 6527 12006 15989 23153 11052 2437 5582 17600 3121 8553 14878 15645 12341 12958 2392 7293 15244 9842 3652 11392 9194 16723 13734 20830 12840 15440 15049 10131 15450 17262 14056 10504 14340 10405 9021 4623 15913 7749 18421 17080 7794 20144 16383 11595 13751 11458 19222 5574 2742 15131 11345 3307 17904 18493 17167 4392 2653 13283 16130 1895 11175 9869 16641 9638 18099 8375 10299 2908 4548 671 0 6648 5409 8310 15311 10542 14220 14184 21851 9193 13266 11987 10725 2870 6061 20271 11331 7667 3189 13567 6436 10336 11022 16575 8249 14358 7133 18569 15544 13741 19347 14614 1043 18263 14789 17201 9617 7408 18021 9751 14679 18469 22375 9896 1989 10612 16212 3804 6722 10719 10190 9914 12916 22435 15345 5972 8896 12827 10536 15084 6240 15631 5686 4439 15691 14171 5375 7351 15708 3397 14137 1459 15621 11788 2003 18066 17376 20566 9729 11388 16222 15987 2068 14931 11278 16701 16674 13268 8746 2955 18518 1783 9994 12033 12005 13319 17861 11711 14938 2081 7662 948 6961 19369 6168 15788 19667 12603 13102 10807 14813 20634 720 8461 14880 13976 18322 6483 14152 14453 7095 5162 16985 14057
6497 12013 14211 20564 4183 19212 18075 10922 10427 11707 21314 5164 4648 11796 17606 8320 2592 12915 17400 6078 11725 7384 6824 13324 3871 10282 6905 12670 15952 8404 18613 15443 13007 9564 3702 14587 17049 15418 12274 10303 10091 13224 3278 16003 10676 19110 18140 9566 17059 11945 15570 10407 12098 17992 7028 9120 9854 4949 9901 14512 19117 20445 10994 9297 17104 11147 5172 8382 13313 12635 7053 20559 8695 8698 8982 11038 6975 6648 0 2167 10155 14919 4544 14385 10875 20372 2718 11428 7674 4279 5583 2727 17689 6261 1644 3926 17434 9488 12209 15200 12374 2469 17000 9499 20189 17089 12797 19488 14092 6361 18312 17413 13810 3709 9815 21191 13082 11501 20214 20537 13589 6060 15095 18044 3993 10555 4276 12394 14184 16452 20456 11326 4390 14114 15760 10059 17159 11296 9685 1269 2402 19615 15400 10582 10829 10468 9966 12630 7777 10491 5778 8376 18304 13433 18929 3707 7750 13612 15376 7816 8596 9788 11919 18830 14001 5071 9592 16236 7597 10166 9955 14862 13143 20172 5755 8846 8142 8476 5717 3759 17993 4487 13734 16593 15114 15058 13787 14536 18153 6474 2266 17754 18151 19863 12427 18115 17943 2545 6305 19360 15718
4671 10667 12751 19078 2961 17049 15981 8828 8858 11210 20008 5645 3056 10050 15810 6456 3174 11528 15338 6950 10103 5573 4818 11933 4437 8869 6391 10506 14302 8468 17396 13300 11773 9752 4842 12936 15291 13383 10162 9655 8211 11086 1163 14171 8509 17206 16170 7419 16123 11531 13410 9449 10110 16483 4861 8102 9901 6008 8442 13661 17224 18286 9518 7947 14938 11025 3630 7127 11147 12020 5642 18447 6660 7064 8116 9456 5561 5409 2167 0 8012 13168 5135 12515 9916 18955 3981 9965 7090 5427 3660 968 16581 6098 2379 2265 15269 7329 10088 13049 11848 2854 14861 7333 18160 15047 11130 17686 12354 4848 16516 15278 12947 4210 7650 19038 10915 10505 18171 19224 11427 4317 12964 15977 2009 8421 5419 10253 12044 14285 19184 10692 2355 12073 13604 8210 15063 9278 10236 944 1144 17448 13381 8608 8674 10498 8805 11104 6750 10451 6379 7345 16472 12802 17541 4330 6825 12451 13681 6126 9540 8170 11691 16736 12032 3983 8328 15009 5949 8202 8518 12705 11316 18071 6303 9530 6507 6376 4587 2223 16522 2493 12393 15647 12975 12958 11623 12755 17016 5042 3151 15607 15992 17842 10572 15951 15777 1739 4138 17251 13652
6052 7763 8601 13865 7127 9110 8067 3900 5645 11656 15526 10882 7254 7767 9364 5704 9837 8108 7553 12465 5927 6011 3691 8366 10384 8974 8960 3211 8822 11605 13585 5288 9025 12815 11442 7707 9096 5796 2274 10111 3356 4470 7039 7698 1595 10113 8801 601 13724 12178 6009 8817 3297 11422 3274 10154 12517 12135 8537 12089 10184 10310 9024 8799 7276 12795 7278 6672 3653 11798 5936 10474 2194 4863 10672 8427 7748 8310 10155 8012 0 7311 10791 6049 9071 14068 11007 6756 9025 11863 5951 7499 13368 9746 9670 7343 7614 2147 2149 5896 12004 9517 6850 1218 10466 7365 6284 11063 6743 7308 10006 7268 11499 10181 1033 11040 3370 9268 10418 14780 4108 6482 6171 8167 6703 2990 11848 2242 5212 6500 14929 10813 5823 6629 5626 3605 7152 5088 14167 8953 8330 9718 5887 5270 2438 12887 10016 7089 9449 12639 11549 9712 9781 12312 12935 10415 7837 9843 8051 6662 14602 5138 12932 8819 4982 7152 9344 11521 6846 2614 6230 4733 5383 10125 11395 13960 7001 1854 8445 6895 11646 5772 8941 13286 4963 5055 3745 6793 13614 7606 10133 7600 8501 10185 7300 8315 7907 8196 3997 9285 5891
13020 4346 2823 6555 10803 9785 6403 10928 4664 9173 8290 12923 13722 14901 2722 12978 13385 3697 5328 14168 3347 13167 8517 3534 13181 16284 9950 8818 1541 11596 6734 6750 4695 12258 14396 1079 2130 3966 5762 8455 5052 10245 12629 1417 8574 4621 4382 7690 7886 9659 9926 6989 4019 4150 9763 17397 11671 14472 15848 7458 4560 10255 16312 16092 9963 11077 13927 7142 8648 8606 8021 8572 6989 6242 17879 15694 14823 15311 14919 13168 7311 0 13199 1486 6825 6776 14460 4148 9438 14550 12610 12304 6948 11099 13748 13521 10194 9456 5978 10340 9090 13192 7149 8516 6775 4752 2236 4596 834 14271 3420 7249 7220 13079 8341 10486 8452 6463 7003 7573 9145 13353 11054 5788 12723 10088 14534 6485 10422 9081 7779 8431 10865 12679 7537 5001 5927 12101 13948 14028 13952 11331 3666 12458 9394 11698 17315 2997 16578 11361 13273 16902 3505 8651 5743 13304 8418 5146 772 13879 15302 5192 10675 6878 2864 10107 16640 5241 14032 5332 5403 7292 1991 8018 13114 14253 14249 7656 15245 11164 4419 10701 3816 7573 6528 5295 7620 519 7023 14590 13816 7951 11257 6403 14247 10705 9472 12410 10289 7640 4657
9610 9407 11716 17879 3752 19704 17772 12957 8555 7661 18217 636 8177 14928 15904 11279 2039 10331 16905 1870 9855 10491 7115 10720 707 13975 3428 13867 13866 3972 15408 15715 10078 5045 1382 12577 15244 14849 12420 6541 9258 14819 6063 14500 11872 17755 17108 10309 13417 7796 16767 7153 11505 15443 8502 13217 5391 1367 13535 10822 17718 20792 14598 13071 18063 6762 8751 6058 14401 8693 5454 20321 8740 7287 13191 14481 10686 10542 4544 5135 10791 13199 0 13114 7579 17534 2063 9159 4142 1359 8547 4623 14311 2350 3011 7389 18402 11033 12434 16571 8334 2306 17148 10632 19394 16477 10963 17742 12379 9959 16584 17514 10167 925 10891 21418 14127 8219 19503 17473 14806 9339 16688 17547 6973 12322 1343 12806 15718 17265 17310 7473 5651 16311 16224 9113 16903 13677 5182 4986 6147 20478 14742 13151 12332 6004 13939 10413 11860 6067 1263 12459 16704 9481 16064 848 4851 10497 13456 11132 4432 8140 7597 18496 13173 3666 13461 13126 10987 9664 7800 15370 11804 19854 1217 4412 11542 8938 9701 4293 15348 5570 10990 12979 15360 14934 14506 12940 14813 10167 2282 18001 19289 19036 15295 19103 18605 3527 7971 19141 15320
11929 5002 4031 7880 10378 8590 5414 9539 4622 9955 9718 12903 12779 13511 3397 11751 13072 4571 4356 14250 3456 12006 7742 4521 13016 14989 10032 7351 2997 11953 8220 5332 5655 12746 14229 2385 3053 2670 4334 9027 4305 8769 11872 1705 7214 4737 4005 6482 9278 10466 8459 7506 2772 5577 8743 16196 12201 14432 14564 8628 4736 9184 14983 14847 8563 11765 12938 7131 7166 9517 7742 7779 6055 5895 16701 14350 13702 14220 14385 12515 6049 1486 13114 0 7429 8167 14192 4509 9615 14441 11604 11704 8407 11158 13335 12647 8808 8175 4551 8861 9959 12848 5877 7266 6350 3804 2535 5221 1481 13189 4082 6028 8309 12890 7065 9506 6974 7175 6509 9016 7661 12295 9571 4908 11873 8719 14425 5036 8936 7668 9238 9161 10171 11200 6121 4326 4800 10699 14410 13410 13213 10065 2393 11093 8013 12298 16062 3622 15439 11969 13328 15733 3972 9660 7198 13123 8495 6233 2248 12690 15610 4973 11460 5990 1379 9794 15391 6665 12860 4394 5476 5830 1310 7242 13166 14620 13042 6640 14221 10635 5870 10023 4920 8942 5091 3880 6135 1036 8498 13503 13486 6720 9877 5982 12824 9346 8159 11934 9325 6739 3369
12221 2480 4530 10353 6958 15744 12821 12793 3573 2689 10648 7108 11912 16258 9244 13119 8588 3222 11777 7977 4127 12804 7151 3524 7841 16567 4189 12059 6937 4932 7857 11970 2605 5447 8946 5893 8520 9923 9270 1630 5808 13459 9995 8242 10656 11367 11193 8981 6215 3225 14358 469 7410 8017 9252 16822 4848 8602 16081 3762 11279 16497 16909 15982 15059 4343 12356 3013 12280 2735 4547 15207 7146 4358 17086 16487 13958 14184 10875 9916 9071 6825 7579 7429 0 9969 9369 2979 3440 8893 11353 8952 6837 5231 9319 11355 15364 10689 9412 14489 2943 8547 12971 9789 13591 11232 4895 10910 6161 13223 9845 13211 3049 7837 9847 16889 12001 643 13804 9899 12809 12293 14963 12338 10562 11896 8879 9984 14068 14140 9749 1835 8297 15699 12700 5549 12137 13916 7143 10477 11009 17023 9696 13839 11467 4884 17149 3856 15638 4550 7208 16140 10102 3328 8500 8007 3131 2922 6774 13606 8633 3944 4137 13417 8185 5945 16508 5548 13624 6568 2848 12076 6329 14668 7070 7524 14058 7893 13703 7714 7872 8093 3613 5742 11641 10701 11748 6790 7318 13537 9035 13860 16419 13218 16069 16007 15045 8459 9310 14163 10578
19582 8361 6205 854 16207 14661 11071 17697 10125 10894 1662 17076 20051 21671 5606 19690 18349 7458 10212 17893 8975 19812 14726 7050 17750 23039 14115 15474 5248 14626 2746 12790 7474 14685 18889 6420 5427 9943 12501 11251 11446 16852 18647 6811 15350 6921 8177 14416 5695 11141 16115 10383 10789 2649 16278 24067 14013 18569 22596 7580 6733 14590 23083 22811 15728 12824 20329 11996 15222 9855 13353 12135 13478 11936 24519 22468 21409 21851 20372 18955 14068 6776 17534 8167 9969 0 19239 8990 13392 18859 19056 18014 4102 15193 18952 19734 15881 16214 12718 16635 10408 18249 12593 15261 9589 9744 8113 5246 7333 20808 5368 12503 7975 17722 15100 14435 15057 9337 9962 1236 15685 19867 17410 10297 18911 16862 18844 13195 16903 14960 1693 10589 16827 19254 13514 11319 11094 18864 16275 19707 19895 16385 9654 19234 16165 13738 24037 7877 23177 13420 17162 23537 5885 9341 1470 17908 12827 7048 6021 20550 18117 10840 12039 11129 9487 15305 23361 4492 20685 11894 10448 13530 8688 11639 17028 16932 20937 14214 21685 16775 2484 16638 6649 5839 12669 11432 14109 7295 3636 21133 18801 13158 16855 9346 20990 16230 14861 17836 16718 11764 10496
8651 10966 13261 19533 3972 20095 18493 12576 9803 9681 20010 2695 6979 14030 17182 10428 1178 11894 17700 3373 11129 9553 7352 12295 1560 12767 5184 13886 15276 6033 17225 16169 11766 7074 984 13945 16557 15655 12886 8476 10081 14668 5095 15687 11859 18909 18127 10465 15357 9837 16819 8921 12274 17037 8269 11761 7445 2231 12357 12765 18890 21254 13444 11811 18234 8824 7543 7421 14477 10693 6460 21032 9160 8298 11658 13415 9440 9193 2718 3981 11007 14460 2063 14192 9369 19239 0 10582 5949 1565 7631 3848 16177 4247 1604 6196 18572 10844 12864 16542 10355 1490 17670 10620 20332 17317 12241 19050 13627 8764 17878 18060 12093 1533 10912 21936 14219 10012 20407 19253 14828 8293 16557 18348 5983 12056 1561 13161 15605 17495 19115 9443 5327 15891 16599 9980 17597 13141 7024 3509 4766 20709 15585 12518 12188 8056 12565 11835 10407 8127 3183 11009 17948 11486 17772 1383 6416 12256 14799 10100 5878 9282 9659 19235 14068 4399 12147 14901 9914 10354 9146 15717 12892 20596 3192 6156 10471 9179 8292 4116 16976 5320 12621 14909 15822 15552 14749 14148 16669 8925 901 18487 19388 19985 14535 19269 18914 2880 7628 19837 16059
11091 1010 2791 9140 7247 12768 9863 10638 1266 5623 10077 8839 11253 14374 6788 11615 9580 1618 8830 10036 1152 11501 5976 2003 9209 15098 5834 9479 4711 7484 7590 9031 2301 8238 10413 3422 6107 6948 6513 4535 3410 10926 9696 5534 8341 8768 8399 6818 7081 6154 11567 3006 4550 6564 7839 15718 7692 10392 14621 5338 8707 13519 15323 14662 12165 7316 11594 3161 9613 5407 4379 12281 5235 3010 16083 14816 12914 13266 11428 9965 6756 4148 9159 4509 2979 8990 10582 0 5295 10517 10402 9024 7016 6986 10080 10858 12462 8658 6678 11757 5756 9433 9995 7690 10790 8294 2000 8597 3382 12241 7453 10232 4771 9132 7671 13918 9344 2861 10977 9291 10149 11285 12292 9404 10031 9725 10502 7264 11441 11243 9286 4787 7876 13268 9775 3172 9163 11814 9907 10721 10919 14068 6726 11884 9193 7802 15876 1257 14671 7476 9152 15104 7615 5765 7578 9346 4321 3124 4311 12291 11176 1988 7102 10476 5205 6394 15208 5254 12368 4142 1473 9191 3357 11748 8995 10150 12722 6036 12967 7787 6572 7682 2527 6622 8709 7735 8964 3998 7368 12567 10026 10883 13525 10418 14018 13091 12094 8883 8120 11215 7600
10345 5371 7663 13746 4220 17142 14705 12184 5011 4121 14087 3697 9577 15092 12077 11613 5245 6278 13740 4751 6183 11082 5938 6652 4409 14868 778 12232 9918 2602 11288 13167 5946 3793 5506 8693 11386 11725 10027 2630 6459 13461 7457 10809 10454 14057 13601 8718 9445 4448 14919 3011 8608 11338 7965 14718 3552 5223 14387 6869 13999 18084 15337 14135 15944 4211 10094 2616 12623 4977 3131 17217 6835 4391 14874 15034 11896 11987 7674 7090 9025 9438 4142 9615 3440 13392 5949 5295 0 5469 9345 6178 10228 1803 6058 8903 16273 10051 10104 14887 4766 5252 14430 9337 15965 13251 7239 13863 8654 11134 12733 14744 6179 4417 9503 18606 12335 4082 16122 13339 13109 10281 15196 14358 8194 11369 5455 10597 14236 15066 13185 3658 6048 15410 13799 6243 13903 13165 5191 7479 8231 18179 11562 12878 11134 4009 15211 6510 13435 3827 3894 13989 12908 5772 11922 4577 1234 6355 9589 11854 6037 4839 4717 15382 9966 3243 14619 8988 11805 7083 4140 13031 8338 16711 3743 5151 12307 7369 11351 5066 11228 5863 6882 8989 12813 12129 12405 9256 10721 11420 5682 15319 17264 15596 15146 16959 16219 5448 7756 16084 12292
10070 10762 13070 19215 4739 20860 19027 13766 9900 8794 19513 1790 8466 15444 17257 11815 2302 11685 18179 1869 11205 10969 8172 12072 1494 14273 4773 14868 15225 4932 16696 16887 11414 5813 594 13934 16600 16122 13589 7784 10523 15746 6490 15843 12853 19097 18429 11355 14631 8880 17789 8476 12762 16790 9363 13314 6263 681 13855 12039 19062 21973 14937 13329 19136 7697 9036 7410 15427 9854 6743 21576 9878 8588 13219 14883 10949 10725 4279 5427 11863 14550 1359 14441 8893 18859 1565 10517 5469 0 9029 5140 15575 3667 3068 7678 19474 11930 13591 17557 9461 2651 18344 11608 20701 17761 12314 19097 13728 10258 17939 18718 11400 1684 11882 22619 15159 9530 20804 18775 15811 9740 17629 18823 7396 13187 16 13938 16665 18360 18602 8678 6435 17108 17370 10389 18151 14406 5563 5042 6288 21577 16024 13824 13255 6858 14107 11771 11959 6974 1947 12561 18055 10629 17389 1448 6209 11815 14813 11549 4317 9469 8573 19757 14465 4848 13677 14433 11376 10894 9153 16504 13131 21117 2019 4657 11934 10010 9834 5117 16691 6389 12336 14201 16534 16157 15600 14285 16082 10432 2280 19187 20335 20345 15898 20175 19731 4077 8773 20391 16577
1066 11307 12995 19016 5311 14360 13935 5459 9145 13255 20330 8968 1345 6414 15000 2797 6734 12016 13487 10412 10125 1946 4426 12385 7887 5571 8812 7622 13981 11303 17975 10949 12569 12637 8456 12683 14616 11741 8221 11592 7626 7891 2541 13309 5818 15987 14728 5377 17277 13671 10378 10928 8883 16441 2861 5471 12647 9571 5102 15055 16044 15659 6119 4792 12006 13541 1341 8341 8303 13859 6819 16240 5624 7429 5744 5946 2606 2870 5583 3660 5951 12610 8547 11604 11353 19056 7631 10402 9345 9029 0 3930 17403 8912 6027 1742 12321 4481 8083 9920 13822 6391 12516 4898 16409 13315 10945 16794 11883 1872 15680 12948 14355 7651 5211 16471 8119 11835 16349 19549 8471 946 9708 14090 1651 5260 9020 8055 8850 11475 19598 12580 3306 8550 11083 7740 13030 5724 13405 4348 3209 14506 11819 4999 5700 13199 5875 11294 4304 13081 9727 4789 15521 14580 17750 7811 8646 13352 13260 2607 12976 8416 14054 14677 10762 6151 5275 15655 2501 7278 9163 10206 10623 15939 9624 12810 3039 4968 2637 4499 16573 3484 12926 16801 10668 10963 9032 12125 17768 2191 6777 13150 12919 16133 6912 12970 13014 5026 2339 15077 11837
4990 9711 11812 18148 2005 16596 15359 8733 7934 10291 19053 5068 3634 10332 14966 6690 2838 10578 14676 6484 9194 5876 4098 10984 3957 9377 5499 10177 13405 7689 16433 12774 10809 8996 4583 12039 14431 12692 9574 8720 7400 10873 1459 13342 8156 16416 15423 6920 15158 10625 13105 8486 9375 15555 4508 8792 9105 5654 8929 12700 16428 17808 9984 8499 14582 10179 4201 6161 10796 11083 4684 17852 5969 6151 8857 9859 6126 6061 2727 968 7499 12304 4623 11704 8952 18014 3848 9024 6178 5140 3930 0 15614 5294 2298 2873 14917 7061 9515 12787 10923 2489 14322 6940 17462 14362 10235 16846 11484 5381 15672 14731 11986 3721 7247 18538 10551 9539 17488 18270 11112 4719 12762 15319 2358 8237 5129 9726 11820 13890 18226 9756 1682 12043 13123 7382 14444 9298 9592 1725 2070 17082 12675 8692 8412 9693 9431 10174 7456 9628 5822 8039 15644 11861 16595 3882 5869 11485 12798 6510 9054 7256 10819 16113 11283 3028 8915 14047 6367 7447 7570 12227 10482 17458 5727 8940 6921 5773 5306 1257 15588 1765 11438 14681 12441 12347 11184 11902 16050 5613 2953 15093 15685 17137 10759 15607 15356 1096 3828 16652 12994
18107 6097 4777 4836 13667 16443 12867 17244 8282 7106 4093 13789 18199 21131 7389 18584 15424 5424 11846 14396 7519 18508 12979 5090 14633 22055 10996 15521 5637 11012 1364 13693 4860 10887 15691 6056 6834 10864 12387 7794 10211 16983 16495 7758 14864 9387 10181 13561 1613 7271 16866 7300 10394 4006 14849 22733 10219 15201 21584 3688 9217 16682 22237 21656 16888 8932 18568 9456 15446 6019 10973 14531 12179 9977 23098 21696 19929 20271 17689 16581 13368 6948 14311 8407 6837 4102 16177 7016 10228 15575 17403 15614 0 11970 16151 17750 17108 15430 12595 17258 6546 15384 13964 14446 12164 11290 7100 8016 7064 19251 7546 13999 4227 14645 14366 16723 15224 6200 12504 3466 15963 18295 17949 12138 16928 16345 15562 13157 17263 16018 3164 6967 14703 19420 14478 10012 12603 18438 12404 17217 17626 18081 10559 18631 15725 9877 22875 6318 21683 9576 13757 22120 8050 5406 3001 14803 9941 4133 6247 19294 14322 9003 8096 13148 9766 12681 22205 1848 19378 10847 8263 14236 8296 13987 13639 13130 19720 12975 19941 14358 3588 14502 4522 1742 13477 12239 14492 7372 525 19576 15871 14700 18160 11848 20644 17588 16307 15230 15135 13876 11536
9963 7141 9443 15550 3603 18297 16075 12500 6539 5482 15868 1895 8894 15026 13772 11429 3706 8057 15151 3092 7787 10777 6282 8437 2687 14483 1152 12938 11660 2404 13060 14296 7749 3730 3725 10406 13093 13108 11058 4230 7632 14055 6708 12443 11038 15701 15162 9351 11113 5691 15744 4810 9861 13137 8086 14071 3811 3434 14014 8520 15652 19307 15023 13669 16897 4952 9447 4028 13398 6464 3895 18612 7572 5558 14151 14797 11338 11331 6261 6098 9746 11099 2350 11158 5231 15193 4247 6986 1803 3667 8912 5294 11970 0 4617 8155 17232 10428 11106 15639 6155 3792 15643 9844 17498 14687 8874 15581 10296 10579 14439 15982 7852 2736 10056 19877 13114 5870 17634 15124 13851 9809 15864 15781 7546 11754 3652 11549 14892 16050 14961 5199 5653 15816 14877 7447 15241 13376 4618 6295 7231 19222 12969 12979 11627 4402 14666 8225 12743 4355 2176 13322 14592 7260 13723 2864 2682 8151 11296 11505 4865 6237 5677 16775 11376 2897 14117 10777 11414 8160 5716 14065 9859 18121 2016 4247 11946 7959 10599 4419 13030 5503 8681 10667 13940 13369 13325 10881 12470 10837 4112 16520 18182 17133 15217 17928 17293 4363 7722 17455 13634
7048 10596 12839 19180 2957 18780 17360 11024 9159 10069 19840 3605 5400 12427 16460 8823 983 11512 16617 4704 10478 7950 6097 11920 2312 11205 5285 12446 14692 6782 17110 14903 11532 7968 2477 13336 15871 14594 11651 8683 9104 13168 3492 14901 10420 18072 17193 9108 15475 10302 15377 8853 11224 16630 6788 10287 8234 3679 10788 12915 18067 19969 11871 10262 16832 9511 5969 6965 13054 11005 5755 19881 7956 7508 10225 11827 7882 7667 1644 2379 9670 13748 3011 13335 9319 18952 1604 10080 6058 3068 6027 2298 16151 4617 0 4613 17167 9351 11612 15072 10737 825 16430 9192 19328 16265 11574 18341 12915 7191 17163 16830 12217 2123 9493 20676 12803 9952 19380 19068 13384 6695 15057 17265 4378 10534 3061 11867 14113 16119 18969 9701 3880 14323 15292 9037 16453 11559 8193 2005 3229 19323 14547 10925 10701 8848 11056 11308 8929 8862 4272 9530 17191 11803 17498 2164 6214 12106 14156 8503 7283 8564 10277 18109 13079 3688 10615 14743 8322 9284 8610 14401 12059 19465 4228 7403 8880 7881 6787 2826 16608 3906 12303 15012 14562 14377 13392 13395 16623 7364 794 17225 17955 18990 12932 17861 17566 1484 6120 18682 14952
2574 11684 13569 19763 4689 16009 15403 7200 9645 12968 20917 7882 791 7891 16031 4397 5439 12471 14889 9214 10760 3459 5031 12861 6695 6605 8273 9293 14806 10555 18436 12496 12890 11866 7089 13468 15591 13060 9610 11346 8469 9621 1454 14348 7421 17180 15996 6747 17466 13336 12089 10904 10014 17166 4084 5920 11962 8269 6179 15113 17223 17296 7259 5684 13702 12996 1365 8395 9968 13684 6841 17766 6592 7849 6002 7219 3298 3189 3926 2265 7343 13521 7389 12647 11355 19734 6196 10858 8903 7678 1742 2873 17750 8155 4613 0 14020 6110 9492 11645 13577 5119 14069 6401 17791 14676 11681 17867 12751 2583 16725 14498 14401 6466 6722 18095 9771 11895 17755 20131 10162 2139 11446 15508 827 6975 7670 9530 10582 13144 20141 12369 3067 10274 12679 8537 14490 7446 12447 2749 1523 16208 13110 6697 7378 12544 6570 11872 4588 12467 8624 5168 16610 14442 18374 6592 8413 13632 14121 3922 11803 8917 13600 16152 11935 5665 6074 16072 3724 8255 9502 11791 11567 17442 8541 11767 4279 6067 2455 3839 17259 3271 13371 16987 12200 12397 10636 13060 18149 2779 5398 14736 14640 17500 8501 14676 14678 3910 3395 16589 13217
11861 13282 12823 15299 14736 2514 5024 7055 11836 18050 17542 18474 13638 9505 10283 10452 17412 13133 5703 20050 11324 11293 11304 13180 17998 12047 16343 4765 11482 18872 16712 3498 14233 19979 19045 11187 10576 6244 6253 16751 9858 4547 14173 9397 6766 9311 7823 8122 18075 18585 1973 15265 7956 13691 10423 14098 19582 19748 11847 17338 9485 3798 11582 12527 338 19567 13416 13713 4124 17862 13344 5690 9695 11887 14761 10881 12896 13567 17434 15269 7614 10194 18402 8808 15364 15881 18572 12462 16273 19474 12321 14917 17108 17232 17167 14020 0 7963 6168 2570 18217 17083 3290 7978 7544 6139 10908 10974 10270 12852 10537 3428 16940 17794 7674 4681 4366 15321 7237 16980 3863 12394 3167 5762 13600 7066 19460 5689 3668 1225 17314 17199 13287 5491 2716 10095 4799 7427 21462 16178 15317 2189 6549 8281 6649 19855 13424 12055 14092 19565 19124 14042 10040 18155 15348 18027 15041 14911 10864 11502 22095 11666 19491 5303 7561 14751 12917 15435 11784 9194 12675 3293 9380 5768 18967 21367 11571 9468 14132 14457 14077 13269 13646 17748 3785 4932 3910 9828 17131 13039 17685 2866 1075 7534 8369 701 1286 15720 11135 5049 5575
4291 9667 10683 16010 7282 9899 9557 2145 7468 13152 17669 11243 5826 5722 11453 3620 9728 10098 9210 12830 7932 4060 4158 10382 10519 6828 9831 3202 10968 12530 15693 6500 10955 13812 11439 9846 11213 7652 4120 11534 5266 3825 6216 9802 1348 12064 10679 1869 15708 13655 6083 10380 5439 13569 2576 8073 13602 12308 6393 13938 12148 11189 6883 6679 7637 14072 5714 7997 3867 13421 6929 11793 3544 6339 8617 6297 5827 6436 9488 7329 2147 9456 11033 8175 10689 16214 10844 8658 10051 11930 4481 7061 15430 10428 9351 6110 7963 0 3937 5731 13567 9383 8057 984 12136 9111 8380 13107 8888 5493 12080 8489 13314 10295 1115 11994 3663 10968 12043 16921 4106 4783 5714 9783 5643 1328 11916 3755 4763 7041 17064 12336 5521 5391 6604 5492 8670 3228 15008 8225 7358 10150 7787 3226 1351 14037 7889 9120 7459 13822 11966 7674 11828 13997 15076 10513 8957 11778 10198 4632 15165 6869 14321 10286 7052 7601 7220 13586 4843 4588 7921 5731 7529 11514 11824 14670 4935 2806 6715 6813 13790 5547 10958 15260 6234 6667 4552 8938 15694 5764 9943 8672 8663 11886 5394 8637 8570 7963 3233 10645 7624
8118 7614 7860 12416 8912 7272 5926 5006 5840 12093 14262 12446 9395 8971 7635 7546 11687 7714 5407 13999 5627 7983 5522 7880 12098 10584 10187 2930 7519 12704 12608 3305 8755 13818 13213 6618 7480 3721 217 10696 3716 4398 9152 6045 2764 8128 6747 2746 13189 12629 4952 9257 2236 10119 5418 11987 13434 13797 10184 11913 8214 8393 10516 10550 5840 13491 9402 7551 2951 12040 7211 8361 3716 5720 12544 9862 9745 10336 12209 10088 2149 5978 12434 4551 9412 12718 12864 6678 10104 13591 8083 9515 12595 11106 11612 9492 6168 3937 0 5087 12335 11383 4818 3219 8326 5238 5591 9215 5599 9360 8229 5221 11405 11910 2931 9073 2694 9465 8272 13550 3487 8570 5617 6018 8846 4225 13575 589 4793 4963 13755 11237 7833 6828 3793 3962 5009 6154 15294 11031 10457 8116 3849 6587 3502 13728 11737 6618 11396 13447 13062 11608 7943 12439 11721 12148 8873 9529 6750 8569 15960 5568 13485 6680 3268 8769 11079 10765 8780 3028 6622 2959 4303 7996 12903 15207 8865 3743 10532 8796 10397 7760 8427 12787 2958 2907 2349 5469 12768 9646 12015 5623 7168 8051 8274 6855 6194 10128 6136 7166 3756
9389 12677 12673 16156 12838 5003 6590 4544 10918 17163 18273 16710 11214 7014 11077 7917 15407 12708 6931 18300 10684 8780 9470 12834 16110 9507 14851 2710 11789 17479 17062 3881 13777 18666 17092 11204 11210 6692 5245 15729 8725 2038 11922 9867 4704 10581 9026 6300 18027 17698 701 14318 7239 14230 8284 11536 18334 17888 9293 16936 10735 6324 9070 9964 2321 18496 10957 12442 2265 17127 11825 7901 8084 10598 12197 8363 10350 11022 15200 13049 5896 10340 16571 8861 14489 16635 16542 11757 14887 17557 9920 12787 17258 15639 15072 11645 2570 5731 5087 0 17418 15067 4653 5949 9339 7208 10517 12126 10206 10336 11471 4980 16455 15895 5681 7205 2553 14552 9089 17639 1787 9924 819 7206 11286 4674 17543 4508 1108 2288 17922 16307 11216 3142 3249 8980 6044 4857 20051 13933 13000 4670 6983 5714 4380 18671 10879 11607 11523 18405 17397 11472 11028 17521 15896 16121 13680 14526 11082 8955 20489 10602 18535 7081 7493 12986 10360 15483 9239 7987 11677 3107 9078 7862 17246 19856 9011 7693 11614 12462 14578 11223 13356 17653 3969 5204 2822 9892 17359 10511 15644 4691 3001 9246 5905 3130 3638 13664 8962 7042 6161
14757 4999 6392 10986 8938 18459 15368 15688 6502 674 10637 7740 14211 19060 11158 15805 9855 5416 14301 8050 6900 15408 9847 5556 8804 19202 5502 15002 8790 4617 7841 14783 4398 4344 9693 8048 10428 12564 12187 2235 8751 16402 12149 10470 13585 13361 13444 11896 5318 733 17272 3194 10285 9087 11967 19275 3678 8989 18716 2862 13245 19134 19593 18554 17919 2417 14700 5657 15218 562 7055 17648 10036 7230 19481 19208 16419 16575 12374 11848 12004 9090 8334 9959 2943 10408 10355 5756 4766 9461 13822 10923 6546 6155 10737 13577 18217 13567 12335 17418 0 9915 15694 12687 15813 13737 7482 12600 8563 15666 11663 15904 2445 8878 12759 19464 14939 2896 16064 9985 15747 14768 17902 14820 12830 14797 9450 12911 17010 16998 9708 1255 10605 18633 15530 8492 14750 16794 5875 12242 12986 19806 12314 16677 14388 3339 19685 6346 18033 3032 7542 18565 12012 1191 9028 8984 5187 4105 8845 16204 7776 6886 1697 15911 10878 7929 19064 6010 16195 9511 5791 14942 8996 17097 7449 6585 16660 10762 16001 9769 8820 10407 5352 4942 14463 13464 14661 9173 7070 15968 10267 16573 19279 15445 18924 18847 17836 10214 11940 16669 13242
7440 9907 12171 18496 2521 18607 17042 11158 8565 9247 19107 2864 5910 12805 15912 9170 351 10829 16265 4096 9890 8335 5866 11235 1600 11722 4476 12405 14084 5974 16362 14686 10807 7177 2099 12736 15306 14226 11407 7873 8677 13208 3860 14380 10379 17579 16751 8975 14683 9478 15338 8084 10846 15961 6808 10913 7427 3180 11291 12116 17567 19769 12364 10802 16746 8692 6484 6292 12992 10188 5172 19577 7684 6975 10885 12280 8415 8249 2469 2854 9517 13192 2306 12848 8547 18249 1490 9433 5252 2651 6391 2489 15384 3792 825 5119 17083 9383 11383 15067 9915 0 16192 9138 18927 15893 10995 17788 12358 7700 16612 16584 11422 1385 9428 20455 12732 9184 18994 18338 13348 7130 15097 16913 4770 10612 2640 11674 14141 16005 18230 8887 3862 14490 15112 8590 16142 11768 7473 2691 3841 19219 14164 11176 10723 8040 11646 10673 9556 8048 3567 10155 16659 10986 16790 1480 5464 11360 13571 8936 6687 8000 9454 17787 12665 3086 11179 14003 8774 8916 7972 14228 11558 19146 3507 6718 9332 7690 7399 2627 15927 3844 11602 14222 14340 14088 13259 12857 15860 7896 645 17006 17904 18584 13248 17781 17424 1439 6184 18380 14614
12327 10695 9896 12010 13707 2773 1937 8022 9616 15612 14254 17112 13860 11368 7000 11297 16492 10398 2425 18631 8845 11971 10338 10383 16851 13634 14638 5209 8327 16976 13497 1574 11497 17964 17989 8193 7320 3209 4785 14474 8014 5893 13881 6209 6709 6076 4558 7446 15017 16139 3983 12948 5822 10439 10082 15456 17497 18514 13338 14505 6245 3664 13322 13901 3159 17287 13770 11814 4568 15287 11786 3744 8510 10097 16086 12611 13711 14358 17000 14861 6850 7149 17148 5877 12971 12593 17670 9995 14430 18344 12516 14322 13964 15643 16430 14069 3290 8057 4818 4653 15694 16192 0 7670 4703 2850 8224 7713 7357 13485 7247 432 14175 16671 7347 4274 4637 12829 4475 13699 4706 12832 5469 2579 13492 7649 18329 4608 5401 2509 14039 14781 12640 7761 1587 8210 1515 8803 19545 15803 15155 4190 3497 9552 7007 17693 14956 9374 15169 17382 17688 15246 6752 15490 12088 16911 13205 12105 7763 12380 20429 9617 17097 2481 4816 13500 14366 12353 12637 7504 10502 2353 6699 3515 17526 19580 12564 8557 14738 13613 10832 12572 10797 14718 1887 2306 3551 6845 13956 13731 16826 895 4272 4595 10339 3662 2344 14946 10815 2639 2510
4900 8700 9699 15071 6891 9723 9038 3005 6512 12292 16705 10792 6229 6700 10581 4485 9474 9119 8602 12384 6950 4809 3575 9400 10162 7778 9172 3267 10019 11862 14712 6096 9985 13121 11146 8880 10314 6930 3377 10693 4290 4218 6281 8916 1245 11292 9950 885 14731 12802 6199 9494 4510 12614 2472 8936 12879 11942 7335 12985 11367 10977 7855 7584 7643 13283 6201 7173 3862 12524 6206 11368 2652 5460 9457 7276 6557 7133 9499 7333 1218 8516 10632 7266 9789 15261 10620 7690 9337 11608 4898 6940 14446 9844 9192 6401 7978 984 3219 5949 12687 9138 7670 0 11528 8455 7398 12271 7930 6145 11221 8098 12368 9945 323 11749 3611 10047 11460 15954 4210 5352 6064 9198 5830 2110 11594 3157 5091 6958 16093 11467 5313 6079 6312 4520 8132 4146 14378 8259 7513 10142 7039 4202 1798 13292 8803 8137 8244 13065 11495 8499 10989 13084 14110 10171 8205 10807 9251 5447 14645 5930 13496 9781 6194 7090 8130 12602 5636 3605 6995 5417 6573 11053 11348 14090 5783 1980 7314 6522 12829 5303 9976 14284 5799 6069 4299 7999 14710 6436 9728 8354 8769 11261 6337 8669 8445 7754 3202 10195 6969
16405 11111 9430 8833 16412 5571 2785 12507 10969 15932 11182 19215 17720 16029 4864 15617 19181 10465 2928 20589 9792 16183 13366 10271 19249 18207 16378 9690 7120 18271 11300 5924 11421 19002 20452 7776 5538 4777 8192 15218 10252 10549 17328 5364 10822 2782 2398 11054 13552 16408 8656 13730 8107 8180 13707 19925 18428 20729 17883 13875 2958 5150 17940 18396 7538 17850 17725 13470 9109 15308 13961 2566 11503 12113 20533 17234 17950 18569 20189 18160 10466 6775 19394 6350 13591 9589 20332 10790 15965 20701 16409 17462 12164 17498 19328 17791 7544 12136 8326 9339 15813 18927 4703 11528 0 3121 8790 4352 7438 17626 4618 4359 13771 19108 11226 4874 9119 13238 379 10812 9328 16874 10148 2364 17113 12004 20685 8392 10102 7109 11237 15203 15820 12461 6245 10353 3542 13390 20684 19094 18662 7272 4789 14090 11305 18470 19498 9739 19515 18133 19662 19651 4121 15268 9591 19345 14842 11762 6969 16686 21947 11278 17428 2269 6264 15950 18884 10977 16923 10048 11826 6844 7640 2118 19500 20938 16921 11824 18829 16532 8606 15707 10467 13385 6080 5471 7972 6811 11984 17900 19572 4728 8266 373 15023 7622 6287 17872 14407 2546 4576
13349 8804 7575 9161 13373 5153 1652 9688 8246 13752 11405 16338 14618 13404 4161 12654 16156 8326 577 17764 7201 13170 10265 8227 16291 15418 13596 6932 5697 15670 10736 3374 9384 16513 17483 5831 4528 1673 5094 12824 7248 8000 14208 3577 7827 3381 1824 7948 12442 14260 6600 11298 5047 7638 10592 17029 15982 17828 15065 12209 3530 5510 15217 15528 5999 15569 14638 10684 6431 13280 11023 3990 8396 9196 17618 14522 14938 15544 17089 15047 7365 4752 16477 3804 11232 9744 17317 8294 13251 17761 13315 14362 11290 14687 16265 14676 6139 9111 5238 7208 13737 15893 2850 8455 3121 0 6337 4929 5177 14583 4399 2775 11966 16140 8160 5743 6384 10977 3125 10856 6750 13807 8023 1113 13993 9100 17745 5356 7744 5279 11204 12964 12712 10167 3961 7373 1356 10664 18164 15983 15541 6804 1737 11298 8382 16093 16666 7420 16544 15766 16827 16712 3910 13375 9272 16378 12080 9887 5239 13709 19283 8453 15259 2186 3313 12961 16034 9770 13936 6982 9133 4271 4963 3467 16664 18330 13968 8704 15767 13457 8040 12603 8556 12179 3401 2486 5243 4579 11243 14864 16538 3455 7113 2824 12477 6492 5136 14800 11289 2936 1488
11479 2489 2324 8089 8646 10983 7934 10146 2438 7443 9430 10689 11960 14051 4949 11694 11178 2226 6885 11951 1113 11745 6651 2317 10948 15118 7728 8514 3172 9482 7314 7419 3325 10231 12163 1807 4317 5082 5394 6494 3340 9984 10680 3572 7764 6827 6401 6519 7601 7961 10236 4977 3356 5501 8172 16007 9676 12237 14659 6453 6777 11658 15243 14808 10631 9232 12223 4905 8519 7064 5825 10313 5378 4100 16438 14674 13310 13741 12797 11130 6284 2236 10963 2535 4895 8113 12241 2000 7239 12314 10945 10235 7100 8874 11574 11681 10908 8380 5591 10517 7482 10995 8224 7398 8790 6337 0 6810 1422 12699 5640 8424 6033 10848 7296 12016 8275 4656 8977 8659 9051 11756 11134 7443 10865 9250 12298 6171 10361 9711 8755 6639 8880 12404 8193 3206 7278 11340 11904 11960 11977 12369 4837 11554 8625 9765 16036 1154 15079 9435 11050 15454 5741 7279 6833 11072 6192 4027 2583 12501 13167 3014 8945 8523 3412 7910 15360 5252 12621 3854 3168 7716 1536 9776 10891 12148 12903 6133 13575 9058 5630 8704 2845 7197 7123 6038 7696 2016 7332 13024 11613 9097 11982 8419 13544 11502 10416 10269 8606 9270 5760
17065 8542 6390 4518 15392 9510 5999 14128 9248 12856 6862 17435 17989 18008 1883 16726 17980 7699 5289 18614 7922 17073 12948 7386 17751 19791 14429 11540 3977 15828 7035 8259 8409 16317 18964 5176 2498 5705 9016 12508 9486 12756 17079 3526 11979 1708 3155 11556 9504 13270 11527 11170 7913 4018 13937 21180 15686 18988 19397 10269 1522 9360 19687 19762 10868 14856 18132 11692 11134 12054 12617 6889 11275 10832 21719 19015 18803 19347 19488 17686 11063 4596 17742 5221 10910 5246 19050 8597 13863 19097 16794 16846 8016 15581 18341 17867 10974 13107 9215 12126 12600 17788 7713 12271 4352 4929 6810 0 5430 18327 1178 7546 10317 17655 12030 9189 11035 10421 4723 6463 11517 17454 12937 5234 17093 13413 19082 9545 12600 10193 6886 12246 15356 15021 8886 9476 6202 15204 18012 18564 18417 11245 5483 15740 12683 15607 20952 7358 20512 15266 17742 20767 1282 11851 5282 17878 12917 8508 4287 17716 19538 9788 14286 5955 6082 14703 20293 7097 17906 9615 9947 9116 6370 6393 17587 18433 18038 11844 19396 15730 4430 15201 7377 9405 8230 7109 9949 4953 7777 18635 18412 8150 11882 4101 17163 11241 9858 16992 14536 6551 6058
12328 3688 2556 7183 9971 10062 6815 10460 3835 8598 8785 12110 12971 14423 3556 12360 12551 3149 5744 13372 2524 12509 7734 3063 12354 15708 9149 8499 2113 10860 7009 6782 4212 11564 13569 1021 2959 4148 5385 7784 4285 9950 11833 2155 8084 5406 5041 7083 7849 9099 9840 6292 3500 4685 9050 16754 10991 13657 15264 7149 5356 10625 15767 15480 10018 10461 13192 6323 8390 8103 7187 9096 6259 5409 17221 15163 14141 14614 14092 12354 6743 834 12379 1481 6161 7333 13627 3382 8654 13728 11883 11484 7064 10296 12915 12751 10270 8888 5599 10206 8563 12358 7357 7930 7438 5177 1422 5430 0 13572 4254 7502 6840 12250 7776 10914 8175 5845 7644 8043 8904 12646 10887 6257 11947 9597 13712 6139 10200 9116 8211 7829 10060 12390 7571 4216 6249 11644 13247 13209 13152 11545 3867 11956 8922 11045 16705 2305 15903 10710 12471 16242 4330 8213 6199 12475 7614 4761 1377 13235 14556 4358 10105 7348 2741 9273 16029 5277 13379 4619 4589 7231 1360 8548 12312 13523 13615 6952 14520 10338 4903 9894 3443 7499 6527 5337 7428 629 7199 13893 12982 8196 11341 7066 13816 10817 9639 11580 9553 8106 4848
1262 13158 14797 20737 7009 15065 15044 5798 10980 15091 22113 10437 1793 5490 16572 2446 8021 13851 14699 11792 11920 1560 6273 14215 9270 4022 10568 8366 15681 12982 19798 11951 14426 14308 9667 14407 16229 13075 9522 13434 9362 8310 3922 14884 6825 17421 16095 6781 19145 15497 10880 12796 10430 18179 4531 3610 14357 10852 3597 16928 17491 16389 4681 3118 12559 15308 1222 10211 9047 15715 8685 17229 7332 9284 3872 4679 763 1043 6361 4848 7308 14271 9959 13189 13223 20808 8764 12241 11134 10258 1872 5381 19251 10579 7191 2583 12852 5493 9360 10336 15666 7700 13485 6145 17626 14583 12699 18327 13572 0 17238 13917 16228 9039 6429 17233 8911 13707 17536 21335 9111 956 9982 15275 3041 5893 10250 9236 9231 12144 21397 14429 5089 8427 11974 9494 14161 5670 14971 5276 4015 15002 13183 4825 6486 14923 4092 13101 2436 14822 11185 2917 17046 16441 19524 9170 10483 15213 14946 1568 14380 10253 15851 15767 12252 7908 3541 17492 1301 8952 11024 11135 12280 16974 11097 14318 1807 6620 1281 6169 18327 5279 14761 18668 11702 12156 9938 13775 19609 327 7978 14037 13319 17372 6251 13458 13687 6453 4128 16101 13095
15976 7443 5357 4763 14215 9312 5709 13193 8077 11884 7028 16286 16860 17109 706 15693 16805 6624 4848 17482 6753 16011 11788 6331 16585 18813 13287 10679 2917 14745 6720 7590 7393 15274 17799 4040 1348 4875 8025 11456 8322 11951 15919 2378 10991 1850 2823 10483 8944 12316 10906 10086 6809 3577 12820 20149 14652 17838 18410 9459 1690 9328 18737 18751 10398 13872 17015 10531 10317 11128 11441 7022 10134 9655 20677 18074 17729 18263 18312 16516 10006 3420 16584 4082 9845 5368 17878 7453 12733 17939 15680 15672 7546 14439 17163 16725 10537 12080 8229 11471 11663 16612 7247 11221 4618 4399 5640 1178 4254 17238 0 7141 9447 16488 10990 9268 10196 9378 4959 6518 10728 16355 12270 4936 15946 12449 17923 8595 11865 9662 6894 11243 14189 14271 8271 8308 5740 14294 16971 17391 17255 11029 4623 14796 11721 14597 19950 6224 19450 14256 16604 19719 530 10975 5075 16711 11769 7558 3145 16668 18459 8612 13337 5814 5029 13527 19287 6410 16851 8470 8786 8402 5203 6489 16448 17366 17000 10719 18290 14553 4002 14032 6369 8794 7519 6336 9146 3776 7376 17548 17236 7791 11496 4303 16301 10868 9496 15814 13407 6489 5320
12760 10906 10024 11899 14094 2564 1639 8443 9895 15838 14165 17470 14291 11757 6934 11726 16882 10577 2293 18982 9085 12402 10735 10547 17225 14041 14967 5634 8370 17280 13493 2002 11671 18252 18368 8306 7293 3362 5180 14730 8350 6289 14302 6243 7141 5884 4397 7865 15088 16363 4299 13201 6139 10409 10506 15875 17775 18880 13750 14648 6057 3340 13721 14317 3337 17537 14202 12128 4989 15488 12136 3312 8900 10429 16506 13010 14141 14789 17413 15278 7268 7249 17514 6028 13211 12503 18060 10232 14744 18718 12948 14731 13999 15982 16830 14498 3428 8489 5221 4980 15904 16584 432 8098 4359 2775 8424 7546 7502 13917 7141 0 14337 17047 7776 3906 5063 13051 4114 13626 5114 13264 5790 2343 13918 8078 18703 5026 5768 2774 13977 15013 13049 8106 2000 8540 1420 9212 19842 16220 15578 4092 3635 9966 7438 17960 15368 9570 15596 17647 18039 15669 6636 15672 12047 17287 13523 12261 7835 12809 20753 9920 17329 2108 5033 13872 14781 12419 13066 7859 10785 2784 6911 3091 17876 19893 12991 8963 15170 14011 10808 12979 10945 14800 2308 2617 3982 6970 13975 14162 17219 704 4356 4273 10718 3727 2362 15346 11238 2216 2669
15194 3796 4404 8543 9986 16899 13616 15351 5862 2923 8287 9622 14951 18987 8997 15995 11424 3808 12540 10174 5779 15739 10068 3792 10536 19468 6957 14242 6659 6786 5464 13449 2707 6720 11548 6142 8279 10976 11230 3626 8143 15694 13043 8523 13090 11207 11453 11514 3267 3176 16219 3507 9215 6678 12130 19815 6048 11001 18983 714 11079 17453 19771 18924 16664 4859 15386 6030 14353 1885 7578 15765 9796 7133 20097 19314 16954 17201 13810 12947 11499 7220 10167 8309 3049 7975 12093 4771 6179 11400 14355 11986 4227 7852 12217 14401 16940 13314 11405 16455 2445 11422 14175 12368 13771 11966 6033 10317 6840 16228 9447 14337 0 10568 12377 17705 14090 2522 14047 7606 14889 15290 17021 13008 13605 14440 11387 11994 16189 15744 7358 2744 11340 18039 14225 7894 13087 16512 8300 13480 14048 18352 10702 16522 13936 5763 20106 4890 18651 5444 9553 19144 9834 1534 6585 10711 6129 2081 6843 16541 10157 6447 4119 14097 9411 8967 19457 3566 16574 8892 5425 13740 7561 15208 9439 8968 16989 10581 16738 10754 6396 11137 3410 2816 13155 12052 13640 7403 4747 16544 11862 15027 18014 13410 18704 17530 16418 11451 12250 14859 11673
8711 9476 11778 18026 3062 19179 17382 12175 8415 8204 18480 1485 7255 14045 15798 10398 1140 10405 16547 2764 9735 9596 6490 10803 237 13057 3651 13200 13839 4705 15693 15208 10248 5856 1345 12521 15158 14493 11910 6957 8893 14103 5152 14339 11190 17580 16860 9676 13833 8386 16117 7391 11123 15544 7741 12292 6151 2016 12619 11244 17553 20296 13684 12150 17455 7471 7829 5979 13754 9198 5154 19929 8196 7006 12269 13576 9764 9617 3709 4210 10181 13079 925 12890 7837 17722 1533 9132 4417 1684 7651 3721 14645 2736 2123 6466 17794 10295 11910 15895 8878 1385 16671 9945 19108 16140 10848 17655 12250 9039 16488 17047 10568 0 10216 20946 13485 8480 19201 17724 14142 8430 15981 17193 6063 11567 1669 12254 15014 16677 17584 7934 4843 15525 15688 8769 16500 12860 6090 4073 5224 19894 14403 12312 11612 6765 13014 10388 10936 6800 2182 11534 16579 9994 16253 240 4911 10727 13386 10227 5344 7936 8272 18115 12856 3190 12537 13372 10077 9239 7718 14821 11583 19476 2122 5335 10634 8328 8776 3497 15474 4779 11115 13384 14856 14494 13917 12788 15137 9245 1451 17511 18658 18755 14435 18494 18048 2625 7179 18741 14933
5189 8681 9607 14894 7158 9403 8724 2974 6516 12377 16559 11040 6545 6765 10357 4703 9762 9069 8299 12632 6893 5068 3808 9340 10430 7943 9360 2986 9854 12043 14604 5774 9958 13292 11426 8738 10106 6649 3096 10792 4262 3998 6602 8700 987 11027 9672 867 14685 12891 5913 9565 4324 12455 2791 9159 13036 12207 7508 12985 11105 10655 7992 7784 7339 13410 6509 7288 3565 12582 6374 11047 2745 5544 9690 7398 6824 7408 9815 7650 1033 8341 10891 7065 9847 15100 10912 7671 9503 11882 5211 7247 14366 10056 9493 6722 7674 1115 2931 5681 12759 9428 7347 323 11226 8160 7296 12030 7776 6429 10990 7776 12377 10216 0 11427 3310 10086 11154 15811 3929 5649 5824 8892 6154 2063 11868 2846 4850 6645 15958 11546 5613 5941 5989 4500 7820 4143 14571 8578 7836 9835 6765 4264 1649 13440 8997 8070 8497 13207 11737 8737 10749 13128 13966 10443 8356 10779 9083 5687 14872 5957 13602 9466 5961 7328 8327 12520 5883 3552 7034 5094 6416 10734 11589 14300 6010 2134 7608 6807 12678 5598 9916 14242 5478 5763 3978 7823 14621 6716 10020 8031 8477 10962 6348 8368 8128 8049 3522 9876 6673
16153 14501 13307 13695 17977 2206 4099 11503 13696 19457 16044 21375 17814 14185 9337 14903 20758 14060 5171 22885 12789 15681 14594 13969 21125 16711 18851 8883 11297 21119 15981 5774 15124 22051 22263 11564 9900 6974 9051 18450 12246 9062 18021 9236 10674 7533 6542 11626 17998 19971 6544 16918 10020 12830 14207 18730 21553 22785 16496 17932 7720 883 16259 17156 4890 21231 17663 15992 8198 19014 16039 2308 12779 14320 19388 15556 17355 18021 21191 19038 11040 10486 21418 9506 16889 14435 21936 13918 18606 22619 16471 18538 16723 19877 20676 18095 4681 11994 9073 7205 19464 20455 4274 11749 4874 5743 12016 9189 10914 17233 9268 3906 17705 20946 11427 0 8360 16671 4496 15649 8126 16677 7846 4704 17572 11344 22603 8814 8266 5109 16064 18654 16859 10165 5439 12430 4757 12018 23665 19975 19262 3174 7193 12854 10798 21707 18084 13127 18651 21386 21941 18637 8742 19117 14336 21185 17392 15627 10926 15975 24629 13770 20960 3626 8736 17774 17562 15346 16250 11765 14590 6337 10562 2798 21779 23748 16087 12796 18509 17866 13254 16800 14297 17773 6116 6508 7462 10321 16602 17447 21088 3451 4811 5092 13050 4317 3591 19194 14941 2871 6347
7801 10295 10522 14674 10423 6241 6375 3400 8439 14662 16650 14237 9459 7023 9691 6668 13064 10408 6306 15824 8313 7375 7012 10571 13694 9089 12308 574 9971 14929 15165 3202 11448 16113 14715 9195 9677 5335 2884 13203 6208 1797 9833 8257 2406 9684 8158 3818 15865 15195 2643 11812 4926 12525 6061 10837 15782 15460 8764 14604 9809 7541 8848 9292 4032 15959 9302 9891 288 14667 9282 8362 5546 8048 11460 8148 9096 9751 13082 10915 3370 8452 14127 6974 12001 15057 14219 9344 12335 15159 8119 10551 15224 13114 12803 9771 4366 3663 2694 2553 14939 12732 4637 3611 9119 6384 8275 11035 8175 8911 10196 5063 14090 13485 3310 8360 0 12094 8957 15967 808 8321 2963 6775 9298 3028 15145 2107 2100 3383 16205 13807 8923 4227 3080 6465 5578 4289 17503 11831 11010 6536 5575 4971 2440 16121 10380 9312 10532 15857 14912 10611 9824 15093 14164 13715 11127 12223 9220 7751 17972 8087 16016 7044 5605 10508 9772 13406 8012 5460 9171 2302 6934 8153 14759 17320 7927 5200 10180 10109 12835 8908 11116 15469 3045 3952 1151 7964 15374 9142 13329 5129 5176 8931 6131 5058 4907 11359 6777 7276 5016
12679 2173 4031 9733 7554 15599 12586 13049 3663 2789 10006 7744 12435 16588 8797 13517 9227 2789 11531 8586 4008 13236 7569 3048 8484 16981 4832 12182 6462 5476 7213 11892 2041 5898 9587 5488 8067 9730 9312 2091 5951 13602 10551 7875 10861 10946 10844 9218 5618 3312 14390 1100 7392 7426 9648 17296 5274 9231 16495 3226 10851 16309 17302 16420 15023 4617 12867 3510 12369 2575 5062 14931 7426 4684 17576 16862 14434 14679 11501 10505 9268 6463 8219 7175 643 9337 10012 2861 4082 9530 11835 9539 6200 5870 9952 11895 15321 10968 9465 14552 2896 9184 12829 10047 13238 10977 4656 10421 5845 13707 9378 13051 2522 8480 10086 16671 12094 0 13463 9257 12902 12770 15054 12075 11095 12145 9516 10045 14176 14102 9106 1987 8830 15881 12636 5693 11933 14189 7594 11084 11590 16922 9491 14147 11687 5249 17597 3558 16130 4909 7829 16623 9657 3044 7870 8650 3752 2289 6352 14039 9154 4133 4289 13161 8019 6545 16950 4907 14067 6713 3052 12047 6142 14387 7694 8026 14489 8192 14221 8295 7268 8627 3070 5142 11570 10584 11781 6470 6678 14023 9675 13712 16384 12866 16360 15952 14950 9072 9744 13913 10399
16321 11326 9690 9209 16476 5220 2588 12352 11118 16171 11558 19336 17667 15829 5179 15496 19252 10698 2866 20724 9961 16080 13390 10515 19345 18037 16520 9529 7406 18451 11654 5755 11668 19202 20545 8020 5841 4796 8146 15428 10327 10349 17322 5600 10720 3133 2623 11010 13881 16652 8401 13933 8156 8528 13672 19781 18634 20844 17720 14164 3312 4775 17757 18245 7242 18079 17660 13609 8935 15564 14061 2187 11521 12218 20393 17049 17845 18469 20214 18171 10418 7003 19503 6509 13804 9962 20407 10977 16122 20804 16349 17488 12504 17634 19380 17755 7237 12043 8272 9089 16064 18994 4475 11460 379 3125 8977 4723 7644 17536 4959 4114 14047 19201 11154 4496 8957 13463 0 11184 9137 16796 9894 2262 17087 11871 20788 8312 9876 6842 11608 15434 15837 12219 6036 10436 3399 13213 20879 19107 18652 6914 4833 13926 11179 18686 19336 9948 19394 18350 19794 19519 4456 15538 9952 19438 14988 12027 7228 16568 22118 11405 17671 2008 6346 16034 18728 11295 16809 10096 11982 6669 7787 1743 19632 21119 16795 11819 18747 16576 8953 15729 10726 13708 5930 5391 7814 7015 12331 17805 19639 4446 7938 657 14811 7296 5972 17918 14378 2211 4542
20126 8559 6567 2065 16406 15828 12227 18489 10486 10521 786 16985 20489 22458 6698 20333 18415 7700 11341 17703 9424 20404 15166 7298 17736 23725 14084 16362 6032 14366 2145 13823 7536 14315 18844 7074 6445 10955 13334 11055 11996 17765 18987 7776 16121 8124 9339 15093 4961 10715 17140 10336 11539 3443 16819 24665 13645 18445 23274 7124 7936 15789 23803 23452 16817 12385 20795 12164 16144 9448 13587 13352 14033 12288 25095 23204 21959 22375 20537 19224 14780 7573 17473 9016 9899 1236 19253 9291 13339 18775 19549 18270 3466 15124 19068 20131 16980 16921 13550 17639 9985 18338 13699 15954 10812 10856 8659 6463 8043 21335 6518 13626 7606 17724 15811 15649 15967 9257 11184 0 16620 20386 18403 11454 19305 17635 18761 14050 17861 16030 478 10307 17167 20183 14562 11848 12211 19667 15855 19939 20202 17547 10660 19998 16952 13323 24680 8269 23729 13017 17016 24111 7042 8863 1845 17900 12880 6997 6802 21157 17754 11214 11558 12311 10367 15470 24004 4353 21280 12499 10711 14533 9403 12852 16890 16563 21556 14791 22161 17019 3154 16973 6831 5187 13684 12438 15056 8085 2950 21661 18867 14290 17968 10564 21819 17349 15988 18019 17219 12957 11535
8060 11096 11282 15276 11082 5953 6550 3397 9247 15470 17291 14934 9797 6706 10252 6781 13684 11197 6609 16524 9112 7556 7697 11354 14356 8928 13065 943 10650 15698 15873 3430 12242 16891 15354 9920 10279 5853 3670 14007 7014 1249 10321 8875 2969 10103 8557 4517 16632 16002 1993 12619 5710 13181 6605 10782 16568 16129 8638 15400 10237 7278 8622 9218 3541 16758 9597 10682 536 15475 10040 8349 6298 8841 11421 7914 9231 9896 13589 11427 4108 9145 14806 7661 12809 15685 14828 10149 13109 15811 8471 11112 15963 13851 13384 10162 3863 4106 3487 1787 15747 13348 4706 4210 9328 6750 9051 11517 8904 9111 10728 5114 14889 14142 3929 8126 808 12902 9137 16620 0 8590 2154 7024 9738 3241 15797 2898 1311 3034 16870 14615 9512 3569 3119 7272 5818 4098 18267 12329 11455 6051 6112 4863 2786 16913 10255 10100 10578 16651 15618 10611 10333 15900 14830 14370 11906 13013 9909 7857 18703 8894 16820 7173 6285 11208 9673 14153 8129 6265 9978 2504 7686 8192 15466 18069 7989 5910 10390 10732 13501 9509 11894 16239 3351 4409 1585 8666 16102 9322 13934 5068 4573 9167 5735 4532 4579 11957 7304 7323 5462
535 12203 13845 19804 6214 14531 14334 5389 10024 14201 21165 9785 1437 5755 15685 2294 7464 12895 13946 11193 10969 1335 5318 13260 8664 4682 9739 7794 14753 12206 18843 11280 13472 13537 9157 13472 15327 12271 8724 12538 8422 7886 3278 13994 6131 16583 15282 5936 18195 14615 10429 11870 9546 17241 3597 4529 13561 10307 4223 15988 16648 15846 5267 3868 12090 14472 1043 9280 8479 14805 7763 16572 6397 8330 4820 5150 1665 1989 6060 4317 6482 13353 9339 12295 12293 19867 8293 11285 10281 9740 946 4719 18295 9809 6695 2139 12394 4783 8570 9924 14768 7130 12832 5352 16874 13807 11756 17454 12646 956 16355 13264 15290 8430 5649 16677 8321 12770 16796 20386 8590 0 9636 14534 2366 5349 9731 8484 8830 11620 20446 13526 4236 8271 11351 8550 13441 5454 14266 4885 3659 14565 12368 4658 5881 14117 4932 12148 3390 14004 10540 3856 16175 15525 18578 8578 9591 14260 14021 1809 13771 9297 14993 15066 11390 7076 4339 16536 1648 8028 10071 10494 11363 16298 10444 13648 2204 5698 1964 5389 17385 4418 13806 17719 11017 11406 9302 12860 18654 1282 7467 13420 12923 16611 6370 13022 13166 5812 3174 15428 12321
9103 13231 13325 16942 12940 5662 7405 4257 11401 17623 19043 16857 10969 6339 11866 7541 15441 13304 7749 18448 11242 8439 9631 13446 16201 8889 15120 2967 12521 17775 17785 4684 14360 18986 17146 11893 11983 7469 5791 16154 9167 1890 11820 10627 4837 11398 9842 6516 18681 18155 1493 14772 7817 14985 8289 10965 18678 17987 8702 17520 11551 6963 8416 9400 2966 18897 10677 12805 2685 17628 12101 8657 8363 10969 11632 7715 9942 10612 15095 12964 6171 11054 16688 9571 14963 17410 16557 12292 15196 17629 9708 12762 17949 15864 15057 11446 3167 5714 5617 819 17902 15097 5469 6064 10148 8023 11134 12937 10887 9982 12270 5790 17021 15981 5824 7846 2963 15054 9894 18403 2154 9636 0 8025 11140 4543 17615 5029 974 3068 18679 16768 11235 2371 4066 9425 6864 4382 20331 13826 12844 5136 7756 5249 4375 19034 10268 12204 11028 18777 17558 10942 11831 18048 16649 16203 14004 15123 11804 8547 20692 11046 18970 7887 8196 13151 9773 16161 8835 8416 12131 3883 9725 8638 17411 20099 8567 7906 11250 12516 15327 11257 13978 18299 4756 5980 3461 10597 18062 10136 15657 5480 3375 10059 5207 3634 4330 13677 8937 7828 6953
14060 9903 8607 9655 14392 4382 774 10154 9356 14846 11954 17419 15410 13729 4837 13253 17182 9405 648 18854 8313 13825 11226 9293 17348 15863 14695 7342 6619 16782 11503 3597 10453 17626 18535 6866 5312 2701 5898 13932 8301 8259 15105 4536 8463 3552 2122 8761 13352 15351 6549 12408 6076 8365 11428 17564 17093 18901 15534 13229 3729 4553 15613 16038 5679 16673 15399 11785 6777 14356 12093 2878 9352 10274 18171 14909 15590 16212 18044 15977 8167 5788 17547 4908 12338 10297 18348 9404 14358 18823 14090 15319 12138 15781 17265 15508 5762 9783 6018 7206 14820 16913 2579 9198 2364 1113 7443 5234 6257 15275 4936 2343 13008 17193 8892 4704 6775 12075 2262 11454 7024 14534 8025 0 14849 9640 18807 6050 7878 5086 11827 14062 13657 10277 4004 8435 1206 11056 19277 16917 16429 6094 2813 11743 8941 17203 17146 8517 17151 16874 17916 17287 4414 14433 9959 17432 13183 10934 6223 14322 20391 9552 16353 1092 4405 14008 16529 10687 14560 7997 10243 4523 6076 2355 17753 19442 14557 9609 16485 14447 8780 13556 9603 13108 3730 3129 5624 5649 12059 15546 17558 2918 6650 2156 12747 6008 4625 15793 12138 1853 2326
2675 10859 12744 18944 4007 15515 14770 6937 8818 12230 20090 7426 1384 8053 15250 4447 5108 11645 14224 8827 9937 3575 4219 12034 6298 7020 7589 8844 13996 9950 17610 11918 12068 11273 6818 12655 14800 12364 8954 10596 7670 9283 912 13570 6914 16436 15276 6103 16656 12609 11694 10114 9267 16346 3430 6545 11337 7950 6571 14316 16475 16787 7627 6153 13276 12326 1909 7590 9509 12923 6036 17164 5823 7022 6681 7515 3796 3804 3993 2009 6703 12723 6973 11873 10562 18911 5983 10031 8194 7396 1651 2358 16928 7546 4378 827 13600 5643 8846 11286 12830 4770 13492 5830 17113 13993 10865 17093 11947 3041 15946 13918 13605 6063 6154 17572 9298 11095 17087 19305 9738 2366 11140 14849 0 6616 7386 8918 10246 12680 19314 11614 2265 10123 12139 7731 13854 7310 11935 2735 1718 15788 12403 6618 6953 11909 7121 11047 5244 11819 8179 5806 15840 13675 17549 6212 7653 12813 13315 4167 11405 8091 12904 15522 11193 4951 6582 15247 4014 7478 8677 11246 10776 16825 8085 11297 4570 5333 3171 3158 16437 2469 12545 16177 11613 11753 10110 12266 17325 3291 5134 14184 14263 16815 8562 14268 14202 3447 2711 15980 12545
4820 10734 11572 16599 8576 9186 9315 913 8578 14400 18368 12547 6572 4826 11860 3649 10959 11098 9116 14130 8916 4350 5486 11356 11794 6380 11157 2474 11624 13856 16524 6159 12005 15136 12684 10590 11697 7788 4434 12798 6315 2670 7278 10264 1514 12237 10778 2929 16713 14910 5119 11604 6098 14235 3827 7933 14919 13582 5998 15045 12339 10505 6291 6429 6755 15367 6358 9271 3154 14631 8243 11384 4762 7570 8532 5640 6068 6722 10555 8421 2990 10088 12322 8719 11896 16862 12056 9725 11369 13187 5260 8237 16345 11754 10534 6975 7066 1328 4225 4674 14797 10612 7649 2110 12004 9100 9250 13413 9597 5893 12449 8078 14440 11567 2063 11344 3028 12145 11871 17635 3241 5349 4543 9640 6616 0 13174 3869 3632 6272 17808 13576 6757 4063 6106 6556 8472 2098 16336 9286 8328 9249 7967 2374 731 15348 7581 10078 7535 15130 13274 7648 12149 15185 15793 11781 10265 12825 10849 4732 16482 8019 15596 10011 7485 8921 6940 14497 4989 5591 9092 5297 8243 11160 13134 15996 4930 4068 7167 8074 14485 6798 11930 16275 5948 6614 4103 9570 16581 6118 11154 8158 7665 11786 4310 7711 7817 9181 4429 10284 7641
10061 10747 13055 19201 4724 20845 19012 13754 9884 8783 19499 1776 8459 15434 17241 11805 2292 11670 18163 1867 11189 10959 8157 12057 1478 14266 4758 14854 15209 4922 16683 16872 11399 5805 588 13919 16584 16106 13574 7771 10507 15733 6481 15828 12839 19081 18413 11340 14618 8869 17775 8462 12747 16775 9350 13309 6254 681 13847 12027 19046 21958 14929 13321 19121 7688 9028 7394 15413 9842 6727 21561 9863 8572 13215 14875 10942 10719 4276 5419 11848 14534 1343 14425 8879 18844 1561 10502 5455 16 9020 5129 15562 3652 3061 7670 19460 11916 13575 17543 9450 2640 18329 11594 20685 17745 12298 19082 13712 10250 17923 18703 11387 1669 11868 22603 15145 9516 20788 18761 15797 9731 17615 18807 7386 13174 0 13922 16651 18345 18588 8666 6422 17096 17355 10373 18135 14394 5560 5036 6281 21563 16008 13812 13242 6849 14100 11756 11953 6965 1938 12555 18039 10618 17375 1433 6194 11801 14797 11541 4320 9453 8564 19741 14449 4833 13670 14419 11368 10878 9137 16489 13115 21101 2009 4656 11926 9996 9828 5103 16676 6376 12321 14188 16519 16141 15585 14269 16068 10425 2272 19172 20320 20329 15887 20160 19716 4065 8761 20375 16561
8013 8203 8432 12871 9231 6936 5883 4598 6412 12662 14754 12842 9384 8538 8023 7317 11985 8301 5464 14405 6215 7814 5809 8465 12448 10249 10654 2365 8022 13198 13147 3050 9344 14329 13544 7160 7908 3939 778 11251 4256 3828 9278 6471 2486 8383 6954 2839 13767 13197 4394 9821 2819 10613 5493 11729 13957 14166 9862 12502 8480 8102 10145 10263 5356 14039 9355 8064 2362 12620 7658 8246 4067 6225 12302 9480 9582 10190 12394 10253 2242 6485 12806 5036 9984 13195 13161 7264 10597 13938 8055 9726 13157 11549 11867 9530 5689 3755 589 4508 12911 11674 4608 3157 8392 5356 6171 9545 6139 9236 8595 5026 11994 12254 2846 8814 2107 10045 8312 14050 2898 8484 5029 6050 8918 3869 13922 0 4204 4501 14264 11806 8045 6264 3440 4506 4976 5717 15787 11195 10562 7688 4104 6201 3138 14260 11435 7205 11196 13983 13472 11381 8284 13024 12227 12492 9368 10117 7257 8361 16410 6121 14046 6628 3714 9141 10785 11330 8584 3546 7184 2567 4861 7912 13314 15679 8634 3989 10437 9067 10900 7985 9010 13367 2721 2922 1813 5981 13322 9513 12300 5367 6667 8136 7800 6382 5799 10387 6223 7063 3870
8296 12395 12590 16471 11971 6060 7322 3444 10516 16718 18521 15884 10133 6036 11419 6809 14484 12505 7533 17475 10413 7676 8658 12664 15234 8467 14153 2024 11916 16811 17154 4370 13547 18027 16185 11215 11483 7006 4978 15233 8263 963 10906 10095 3863 11123 9566 5546 17941 17249 1723 13865 7019 14427 7336 10464 17726 17019 8235 16704 11267 7388 8062 8891 3405 17963 9866 11861 1844 16748 11136 8834 7401 10029 11123 7352 9242 9914 14184 12044 5212 10422 15718 8936 14068 16903 15605 11441 14236 16665 8850 11820 17263 14892 14113 10582 3668 4763 4793 1108 17010 14141 5401 5091 10102 7744 10361 12600 10200 9231 11865 5768 16189 15014 4850 8266 2100 14176 9876 17861 1311 8830 974 7878 10246 3632 16651 4204 0 3237 18119 15865 10280 2424 3875 8521 6685 3763 19365 12915 11956 5778 7279 4614 3417 18088 9832 11408 10425 17833 16585 10383 11449 17184 16082 15237 13048 14321 11182 7846 19719 10139 18051 7874 7558 12177 9299 15457 8131 7507 11229 3485 8993 8753 16437 19128 7905 6934 10507 11554 14755 10299 13205 17550 4371 5529 2808 9948 17396 9404 14705 5571 4094 9979 4963 4238 4680 12725 7993 7910 6553
11092 12070 11664 14414 13627 2922 4412 6395 10612 16827 16617 17323 12808 9266 9354 9797 16330 11937 4910 18893 10107 10588 10189 11994 16878 11698 15148 3853 10413 17664 15670 2336 13036 18763 17942 10053 9595 5167 5040 15526 8641 3966 13211 8359 5782 8576 7044 7030 16945 17363 1587 14040 6732 12694 9424 13663 18362 18617 11455 16151 8741 4251 11299 12090 923 18342 12623 12499 3176 16645 12158 5616 8538 10678 14316 10589 12249 12916 16452 14285 6500 9081 17265 7668 14140 14960 17495 11243 15066 18360 11475 13890 16018 16050 16119 13144 1225 7041 4963 2288 16998 16005 2509 6958 7109 5279 9711 10193 9116 12144 9662 2774 15744 16677 6645 5109 3383 14102 6842 16030 3034 11620 3068 5086 12680 6272 18345 4501 3237 0 16349 15976 12242 5428 1547 8877 3998 6938 20254 15205 14392 3218 5473 7761 5775 18632 13059 10856 13547 18342 17963 13545 9184 16946 14359 16912 13834 13724 9771 10867 20910 10444 18267 4841 6391 13607 12513 14319 11143 7984 11451 2068 8189 5574 17806 20169 10978 8350 13423 13379 13070 12214 12468 16609 2597 3790 2760 8696 16059 12351 16614 2413 2282 7041 8174 1895 1546 14660 10147 4760 4526
20197 8518 6604 2534 16342 16206 12598 18669 10500 10259 930 16812 20516 22634 7043 20446 18298 7680 11697 17494 9477 20495 15201 7285 17590 23853 13938 16589 6243 14136 1908 14124 7449 14047 18685 7224 6754 11249 13539 10855 12081 18002 18975 8056 16294 8533 9717 15226 4600 10434 17433 10194 11710 3694 16892 24755 13378 18258 23399 6847 8345 16190 23947 23562 17146 12096 20833 12097 16388 9178 13542 13771 14116 12292 25175 23356 22030 22435 20456 19184 14929 7779 17310 9238 9749 1693 19115 9286 13185 18602 19598 18226 3164 14961 18969 20141 17314 17064 13755 17922 9708 18230 14039 16093 11237 11204 8755 6886 8211 21397 6894 13977 7358 17584 15958 16064 16205 9106 11608 478 16870 20446 18679 11827 19314 17808 18588 14264 18119 16349 0 10079 17157 20426 14869 11925 12560 19851 15567 19883 20176 17921 10952 20165 17131 13041 24790 8305 23800 12739 16823 24191 7421 8570 2040 17756 12767 6871 7007 21254 17483 11230 11257 12700 10600 15394 24113 4227 21370 12606 10685 14818 9566 13266 16700 16292 21658 14883 22201 16972 3370 16962 6796 4855 13977 12726 15312 8286 2640 21723 18749 14646 18311 10984 22013 17695 16339 17948 17274 13355 11841
13509 4160 5890 11091 7760 17553 14572 14463 5399 857 11006 6911 12992 17810 10689 14550 8855 4739 13517 7430 5939 14156 8593 4956 7883 17949 4421 13850 8330 4059 8176 13801 3851 4158 8851 7435 9956 11704 11098 1038 7603 15235 10951 9839 12387 12862 12813 10686 5952 1392 16186 2001 9245 8984 10712 18038 3498 8264 17462 3362 12760 18283 18338 17304 16894 2649 13475 4404 14089 1327 5802 16918 8815 6007 18252 17953 15180 15345 11326 10692 10813 8431 7473 9161 1835 10589 9443 4787 3658 8678 12580 9756 6967 5199 9701 12369 17199 12336 11237 16307 1255 8887 14781 11467 15203 12964 6639 12246 7829 14429 11243 15013 2744 7934 11546 18654 13807 1987 15434 10307 14615 13526 16768 14062 11614 13576 8666 11806 15865 15976 10079 0 9378 17440 14533 7344 13911 15561 5824 11126 11824 18849 11469 15434 13182 3363 18439 5545 16803 3022 6814 17332 11549 2116 9156 8061 3961 3794 8281 14952 7553 5726 2316 15148 9981 6743 17816 6102 14945 8358 4637 13912 8111 16374 6704 6381 15407 9531 14784 8580 8766 9180 4874 5524 13472 12520 13576 8453 7485 14732 9280 15668 18254 14832 17684 17841 16872 9090 10685 15900 12368
4332 8663 10630 16904 2065 14927 13686 7336 6701 10017 17953 5964 3624 9409 13485 5786 4207 9477 13015 7506 7891 5126 2464 9873 5075 8865 5507 8571 12046 8025 15422 11093 9847 9361 5927 10686 12980 11045 7893 8369 5872 9346 1821 11836 6544 14853 13816 5248 14399 10414 11504 7849 7757 14304 2946 8686 9350 6856 8390 12051 14873 16133 9381 8098 12951 10237 4097 5328 9175 10680 3774 16173 4317 4891 8877 9144 5850 5972 4390 2355 5823 10865 5651 10171 8297 16827 5327 7876 6048 6435 3306 1682 14703 5653 3880 3067 13287 5521 7833 11216 10605 3862 12640 5313 15820 12712 8880 15356 10060 5089 14189 13049 11340 4843 5613 16859 8923 8830 15837 17167 9512 4236 11235 13657 2265 6757 6422 8045 10280 12242 17157 9378 0 10683 11449 5882 12770 8026 10215 3278 3097 15443 11037 7510 6863 9897 9163 8950 7429 9776 6719 7967 14134 11425 15439 5047 5418 10579 11403 5866 9986 5988 10763 14440 9678 2846 8575 13048 5792 5847 6481 10554 8986 15783 6596 9691 6313 4092 5418 1360 14368 204 10368 13920 10759 10670 9523 10440 15111 5380 4428 13412 14079 15499 9687 13981 13697 2448 2340 14974 11331
7760 14255 14687 18844 12584 8002 9695 3354 12232 18280 20858 16564 9686 4074 13811 6013 14840 14468 9949 18140 12317 6971 9548 14664 15755 6709 15215 3899 14196 17913 19388 6793 15467 19186 16583 13411 13848 9402 7034 16717 9935 2440 10910 12444 5055 13547 11990 6778 20004 18800 3842 15446 9052 16742 7818 8863 18955 17539 6582 18596 13691 9283 6168 7330 5318 19351 9303 13228 4039 18422 12279 11028 8682 11462 9534 5486 8244 8896 14114 12073 6629 12679 16311 11200 15699 19254 15891 13268 15410 17108 8550 12043 19420 15816 14323 10274 5491 5391 6828 3142 18633 14490 7761 6079 12461 10167 12404 15021 12390 8427 14271 8106 18039 15525 5941 10165 4227 15881 12219 20183 3569 8271 2371 10277 10123 4063 17096 6264 2424 5428 20426 17440 10683 0 6275 10191 9091 2829 20398 12859 11758 7305 9668 3619 4293 19371 8087 13388 9094 19143 17299 8931 13862 18921 18386 15731 14284 16265 13447 6892 20524 11760 19533 10212 9829 12973 7648 17593 7179 9174 12855 5909 11124 11002 17162 20055 6815 8057 9643 12030 17057 10748 15222 19594 6794 7935 5151 12190 19583 8523 14995 7834 5508 12355 2917 5880 6691 13051 8346 10184 8969
10839 10578 10121 12996 12670 3496 3460 6446 9206 15381 15165 16239 12429 9794 7918 9748 15424 10417 3687 17790 8631 10446 9248 10464 15879 12047 13930 3646 8882 16384 14149 790 11518 17446 16982 8506 8118 3645 3823 14122 7341 4314 12583 6848 5266 7332 5777 6203 15399 15915 2642 12621 5316 11200 8768 13875 17022 17586 11752 14622 7486 4686 11737 12317 2450 16942 12310 11204 2993 15166 10984 5282 7493 9411 14507 11028 12174 12827 15760 13604 5626 7537 16224 6121 12700 13514 16599 9775 13799 17370 11083 13123 14478 14877 15292 12679 2716 6604 3793 3249 15530 15112 1587 6312 6245 3961 8193 8886 7571 11974 8271 2000 14225 15688 5989 5439 3080 12636 6036 14562 3119 11351 4066 4004 12139 6106 17355 3440 3875 1547 14869 14533 11449 6275 0 7565 2817 7216 18972 14540 13825 4385 3949 7967 5488 17269 13370 9341 13608 16971 16852 13673 7812 15447 12867 15926 12565 12195 8232 10832 19717 9089 16835 4058 4850 12558 12781 12774 11092 6732 10063 898 6664 5089 16692 18932 11004 7423 13236 12501 11569 11398 10933 15063 1071 2243 2052 7149 14525 12211 15736 2069 3791 6109 8778 3319 2422 13815 9502 4215 3028
8279 4182 5356 11280 6090 10903 8667 7469 2044 8199 12624 9003 8778 11212 7603 8584 8834 4623 7792 10476 2497 8575 3518 4927 8919 12047 6428 6510 6274 8821 10399 6924 5465 9890 10113 4952 7104 5736 3853 6750 259 7915 7630 5962 5198 9055 8162 3646 10220 8730 8900 5347 2416 8701 4971 12833 9486 10470 11577 8491 9060 11873 12228 11679 9773 9533 9025 3640 6748 8249 3661 11215 2194 1890 13250 11698 10111 10536 10059 8210 3605 5001 9113 4326 5549 11319 9980 3172 6243 10389 7740 7382 10012 7447 9037 8537 10095 5492 3962 8980 8492 8590 8210 4520 10353 7373 3206 9476 4216 9494 8308 8540 7894 8769 4500 12430 6465 5693 10436 11848 7272 8550 9425 8435 7731 6556 10373 4506 8521 8877 11925 7344 5882 10191 7565 0 7812 8642 11407 9094 8958 11949 5636 8718 6041 9769 12904 3703 11881 9486 9533 12266 8264 8731 10032 9007 5011 6288 5584 9343 12219 1623 9555 9385 4091 5598 12229 8185 9450 1021 2708 6821 3106 10742 9370 11389 9756 2976 10372 6311 8836 5725 5502 9769 6571 5925 6310 4562 10310 9819 9233 9094 11114 10005 10846 10771 9983 7618 5401 10041 6216
12958 9767 8731 10502 13627 3867 918 8965 8956 14721 12756 16813 14360 12523 5517 12099 16424 9371 913 18287 8033 12693 10372 9311 16665 14667 14185 6148 6984 16391 12078 2393 10453 17303 17836 6997 5875 2218 4912 13694 7651 7054 14153 4855 7338 4579 3048 7751 13718 15239 5403 12161 5402 8990 10425 16386 16799 18266 14341 13368 4744 4385 14411 14854 4674 16478 14327 11299 5575 14314 11466 3435 8501 9690 16997 13706 14456 15084 17159 15063 7152 5927 16903 4800 12137 11094 17597 9163 13903 18151 13030 14444 12603 15241 16453 14490 4799 8670 5009 6044 14750 16142 1515 8132 3542 1356 7278 6202 6249 14161 5740 1420 13087 16500 7820 4757 5578 11933 3399 12211 5818 13441 6864 1206 13854 8472 18135 4976 6685 3998 12560 13911 12770 9091 2817 7812 0 9856 18925 16006 15464 5478 2442 10549 7782 16950 15955 8404 15996 16629 17344 16120 5241 14457 10627 16740 12701 11006 6477 13173 19938 9066 16222 1674 3982 13310 15342 11046 13415 7261 9850 3318 5808 3015 17181 19032 13397 8689 15384 13627 9389 12680 9680 13441 2538 2107 4430 5687 12570 14426 16785 2107 5760 3356 11542 5137 3780 14973 11145 2242 1611
4937 12823 13663 18569 10000 9812 10625 1194 10653 16374 20391 13971 6861 2821 13736 3228 12120 13196 10595 15528 11015 4172 7227 13454 13093 4831 12883 3732 13641 15577 18599 7466 14098 16883 13867 12645 13623 9511 6370 14749 8404 2977 8115 12186 3579 13926 12419 5001 18812 16875 5484 13607 8147 16251 5290 6726 16712 14865 4544 17125 14043 11143 4559 5153 7168 17247 6490 11207 4281 16649 10073 12431 6770 9567 7378 3860 5573 6240 11296 9278 5088 12101 13677 10699 13916 18864 13141 11814 13165 14406 5724 9298 18438 13376 11559 7446 7427 3228 6154 4857 16794 11768 8803 4146 13390 10664 11340 15204 11644 5670 14294 9212 16512 12860 4143 12018 4289 14189 13213 19667 4098 5454 4382 11056 7310 2098 14394 5717 3763 6938 19851 15561 8026 2829 7216 8642 9856 0 17991 10045 8932 9499 9722 867 2725 17170 6160 12177 6666 16968 14719 6622 13961 17222 17828 13057 12114 14919 12868 4185 17973 10076 17523 11264 9418 10490 5589 16590 4474 7686 11138 6546 10296 12287 14589 17579 4186 6032 6918 9385 16513 8110 14029 18372 7330 8205 5439 11585 18669 5797 12251 9144 7756 13211 2211 7972 8427 10332 5721 11419 9264
14467 9607 11623 16833 8151 22280 19686 17099 9970 5388 16495 4610 13221 19618 16382 16002 7220 10359 18682 3695 10966 15309 10850 10640 5886 18946 5213 17377 14056 2590 13712 18325 9607 1697 6068 13035 15655 16718 15214 5519 11632 18561 11049 15363 15541 18509 18287 13823 11082 5143 20100 6959 13733 14802 12702 18338 2331 4892 18489 8732 18422 23181 19523 18087 21134 3472 13791 7768 17790 6423 8231 22154 11973 9577 18341 19335 15718 15631 9685 10236 14167 13948 5182 14410 7143 16275 7024 9907 5191 5563 13405 9592 12404 4618 8193 12447 21462 15008 15294 20051 5875 7473 19545 14378 20684 18164 11904 18012 13247 14971 16971 19842 8300 6090 14571 23665 17503 7594 20879 15855 18267 14266 20331 19277 11935 16336 5560 15787 19365 20254 15567 5824 10215 20398 18972 11407 18925 17991 0 10163 11295 23355 16529 17597 16172 2538 19017 10955 16987 2857 3922 17581 17241 6998 14879 6029 6421 9617 13916 16011 2044 9929 4331 20332 14948 7514 18506 11837 15899 12270 9075 18215 13201 21629 3968 986 16443 12446 14823 8919 14574 10077 10641 10749 17974 17239 17595 13874 12927 15204 7448 20438 22454 20311 19832 22148 21390 8537 12337 21056 17321
5295 11381 13512 19854 3551 17980 16924 9655 9649 11589 20721 5555 3510 10639 16686 7112 2949 12260 16277 6709 10915 6192 5741 12667 4280 9264 6743 11413 15129 8594 18074 14241 12447 9834 4448 13763 16154 14318 11106 10089 9105 11955 2011 15056 9425 18112 17092 8359 16692 11877 14308 10008 11034 17265 5787 8284 10044 5671 8861 14191 18128 19221 9950 8303 15848 11246 4061 7791 12059 12450 6358 19391 7592 7872 8221 9948 5938 5686 1269 944 8953 14028 4986 13410 10477 19707 3509 10721 7479 5042 4348 1725 17217 6295 2005 2749 16178 8225 11031 13933 12242 2691 15803 8259 19094 15983 11960 18564 13209 5276 17391 16220 13480 4073 8578 19975 11831 11084 19107 19939 12329 4885 13826 16917 2735 9286 5036 11195 12915 15205 19883 11126 3278 12859 14540 9094 16006 10045 10163 0 1262 18360 14313 9343 9565 10652 9065 11884 6927 10635 6249 7528 17358 13241 18281 4144 7354 13100 14523 6670 9288 8977 11960 17679 12953 4541 8639 15687 6467 9119 9260 13641 12197 19014 6195 9394 7020 7318 4792 2934 17291 3404 13109 16219 13916 13901 12554 13623 17664 5424 2794 16546 16887 18775 11229 16857 16702 2037 5059 18194 14592
4096 11660 13692 19989 4075 17218 16382 8624 9773 12349 20988 6688 2259 9404 16553 5919 4131 12503 15798 7915 10982 4982 5471 12904 5441 8003 7534 10560 15143 9590 18408 13582 12796 10865 5694 13784 16062 13893 10553 10788 8933 10994 1346 14892 8620 17854 16754 7729 17206 12674 13412 10545 10703 17389 5073 7074 11029 6907 7598 14762 17882 18484 8688 7045 14993 12165 2803 8172 11223 13151 6658 18804 7232 7965 7047 8689 4676 4439 2402 1144 8330 13952 6147 13213 11009 19895 4766 10919 8231 6288 3209 2070 17626 7231 3229 1523 15317 7358 10457 13000 12986 3841 15155 7513 18662 15541 11977 18417 13152 4015 17255 15578 14048 5224 7836 19262 11010 11590 18652 20202 11455 3659 12844 16429 1718 8328 6281 10562 11956 14392 20176 11824 3097 11758 13825 8958 15464 8932 11295 1262 0 17506 13915 8200 8671 11628 7828 12023 5716 11586 7405 6316 17183 13931 18496 5319 7938 13492 14498 5427 10502 9068 12834 17136 12635 5098 7389 16025 5217 8842 9492 12930 12054 18452 7339 10559 5767 6839 3564 3296 17446 3274 13380 16729 13271 13358 11805 13520 18052 4162 4022 15862 15980 18356 10024 15985 15911 2868 4340 17614 14113
14031 14817 14086 15725 16845 1735 5323 9205 13567 19690 18039 20527 15821 11378 10910 12587 19545 14563 6267 22093 12917 13445 13407 14561 20095 13987 18295 6950 12458 20767 17538 5066 15664 21831 21160 12380 11327 7399 8171 18475 11724 6693 16357 10329 8941 9537 8210 10246 19180 20222 4136 16964 9684 14425 12597 16092 21403 21832 13821 18692 9722 2400 13471 14530 2513 21297 15590 15588 6302 19416 15327 4932 11744 13789 16760 12783 15020 15691 19615 17448 9718 11331 20478 10065 17023 16385 20709 14068 18179 21577 14506 17082 18081 19222 19323 16208 2189 10150 8116 4670 19806 19219 4190 10142 7272 6804 12369 11245 11545 15002 11029 4092 18352 19894 9835 3174 6536 16922 6914 17547 6051 14565 5136 6094 15788 9249 21563 7688 5778 3218 17921 18849 15443 7305 4385 11949 5478 9499 23355 18360 17506 0 7687 10362 8838 21642 15368 13523 16159 21342 21161 16078 10506 19646 16039 20129 16945 16287 11926 13624 24075 13470 21160 5291 8957 16817 14893 16510 13908 11103 14433 5159 10835 5213 21002 23306 13672 11568 16281 16593 14832 15420 14983 18890 5407 6342 5977 11034 18045 15180 19827 3388 1797 7371 10222 1544 1980 17868 13312 4760 6699
11932 7327 6399 9196 11645 6197 3157 8656 6574 12279 11290 14608 13098 12526 4143 11392 14425 6953 2182 16042 5601 11829 8580 6913 14554 14346 11887 6066 4941 14012 10200 3183 8043 14894 15746 4698 4228 305 3672 11259 5512 7329 12574 2904 6579 4284 2914 6445 11550 12798 6482 9727 3323 7268 9038 15823 14380 16093 13964 11015 4377 6821 14218 14366 6331 14038 13154 8979 5694 11884 9288 5655 6722 7464 16387 13542 13588 14171 15400 13381 5887 3666 14742 2393 9696 9654 15585 6726 11562 16024 11819 12675 10559 12969 14547 13110 6549 7787 3849 6983 12314 14164 3497 7039 4789 1737 4837 5483 3867 13183 4623 3635 10702 14403 6765 7193 5575 9491 4833 10660 6112 12368 7756 2813 12403 7967 16008 4104 7279 5473 10952 11469 11037 9668 3949 5636 2442 9722 16529 14313 13915 7687 0 10270 7237 14520 15539 5968 15245 14197 15103 15455 4252 12046 8936 14641 10379 8626 4317 12418 17599 6744 13780 3820 1597 11224 14889 8897 12629 5263 7467 3876 3369 5154 14940 16665 12710 7081 14331 11746 7629 10922 7310 11239 3025 1778 4527 3348 10589 13476 14809 4329 7604 4463 11690 7043 5808 13087 9715 4530 992
4153 12893 13869 18973 9527 10650 11341 1617 10688 16230 20733 13474 6081 2501 14216 2396 11527 13320 11260 15013 11149 3352 6958 13598 12548 4123 12551 4401 13993 15231 18853 8171 14181 16549 13274 12942 14065 10075 6799 14586 8491 3795 7452 12631 3884 14513 13026 5084 18932 16720 6330 13509 8460 16604 4923 5921 16410 14306 3794 17153 14623 11982 3948 4355 8017 17011 5686 11046 4995 16560 9830 13212 6728 9481 6565 3279 4708 5375 10582 8608 5270 12458 13151 11093 13839 19234 12518 11884 12878 13824 4999 8692 18631 12979 10925 6697 8281 3226 6587 5714 16677 11176 9552 4202 14090 11298 11554 15740 11956 4825 14796 9966 16522 12312 4264 12854 4971 14147 13926 19998 4863 4658 5249 11743 6618 2374 13812 6201 4614 7761 20165 15434 7510 3619 7967 8718 10549 867 17597 9343 8200 10362 10270 0 3087 16887 5411 12332 5811 16699 14228 5784 14483 17161 18155 12502 11871 15005 13218 3324 17493 10076 17329 11997 9853 10083 4814 16784 3612 7804 11112 7259 10599 13051 14103 17147 3319 5955 6064 8870 16850 7611 14175 18485 8013 8821 6119 11940 18883 4942 11635 9928 8622 13899 2271 8833 9263 9748 5265 12180 9872
5362 10198 10949 15892 8580 8667 8635 1538 8079 14015 17680 12521 7034 5507 11135 4319 11067 10524 8409 14112 8342 4964 5348 10769 11833 7111 10969 1924 10933 13660 15874 5493 11456 14919 12771 9921 10979 7059 3712 12437 5793 2491 7554 9545 863 11507 10052 2496 16133 14531 4746 11195 5423 13544 3919 8647 14674 13620 6728 14527 11609 9974 7016 7152 6327 15058 6865 8937 2606 14201 8003 10750 4393 7185 9240 6361 6707 7351 10829 8674 2438 9394 12332 8013 11467 16165 12188 9193 11134 13255 5700 8412 15725 11627 10701 7378 6649 1351 3502 4380 14388 10723 7007 1798 11305 8382 8625 12683 8922 6486 11721 7438 13936 11612 1649 10798 2440 11687 11179 16952 2786 5881 4375 8941 6953 731 13242 3138 3417 5775 17131 13182 6863 4293 5488 6041 7782 2725 16172 9565 8671 8838 7237 3087 0 15082 8309 9488 8215 14852 13235 8346 11419 14731 15112 11832 9997 12272 10158 5396 16409 7554 15249 9339 6766 8844 7665 13877 5644 5051 8640 4654 7572 10510 13091 15874 5616 3769 7749 8141 13800 6882 11341 15700 5269 5897 3456 8877 15950 6725 11288 7552 7323 11083 4921 7314 7316 9308 4584 9634 6918
14228 7360 9240 14299 7914 20457 17664 16176 8085 2858 13970 5368 13272 19088 14032 15576 7878 8038 16631 5176 8919 15001 9944 8286 6622 18761 4405 16068 11681 2066 11179 16578 7205 1109 7224 10737 13301 14732 13621 3271 10012 17353 11093 13114 14371 16192 16073 12629 8587 2608 18643 4796 11959 12300 11972 18450 615 6275 18286 6199 16095 21278 19263 17985 19535 968 13817 6231 16409 3885 7108 20076 10725 8073 18545 18987 15686 15708 10468 10498 12887 11698 6004 12298 4884 13738 8056 7802 4009 6858 13199 9693 9877 4402 8848 12544 19855 14037 13728 18671 3339 8040 17693 13292 18470 16093 9765 15607 11045 14923 14597 17960 5763 6765 13440 21707 16121 5249 18686 13323 16913 14117 19034 17203 11909 15348 6849 14260 18088 18632 13041 3363 9897 19371 17269 9769 16950 17170 2538 10652 11628 21642 14520 16887 15082 0 19016 8740 17130 341 4927 17704 14893 4476 12344 6796 5087 7145 11600 15757 4461 8189 1878 18277 12973 7052 18450 9306 15689 10715 7211 16568 11154 19540 4886 3272 16206 11314 14993 8756 12062 9726 8233 8240 16235 15395 16071 11674 10401 15192 8216 18587 20881 18098 19155 20523 19664 8761 11742 19017 15368
4933 16839 18259 23869 11102 15882 16753 6993 14612 19125 25443 14447 5797 4039 19333 4349 11949 17452 16652 15737 15397 4383 10042 17789 13239 1381 14656 9808 18807 17070 23302 13581 18132 18394 13513 17627 19102 15367 11936 17459 12729 9124 7980 17690 8974 19815 18359 9627 22905 19544 11547 16738 13312 21388 8042 1038 18449 14733 1618 20794 19915 17203 1996 1228 13196 19394 5231 14143 10406 19706 12652 18589 10714 13030 1617 2617 3330 3397 9966 8805 10016 17315 13939 16062 17149 24037 12565 15876 15211 14107 5875 9431 22875 14666 11056 6570 13424 7889 11737 10879 19685 11646 14956 8803 19498 16666 16036 20952 16705 4092 19950 15368 20106 13014 8997 18084 10380 17597 19336 24680 10255 4932 10268 17146 7121 7581 14100 11435 9832 13059 24790 18439 9163 8087 13370 12904 15955 6160 19017 9065 7828 15368 15539 5411 8309 19016 0 16600 2216 18913 15184 1645 19679 20414 22842 13126 14517 18940 18043 3586 18326 13906 19925 17407 14932 11994 677 21070 3533 12184 14779 12671 15357 18446 15105 18332 3155 9928 4273 10261 21584 9348 18354 22434 13418 14181 11526 16800 23197 3830 11849 15302 13575 19302 5196 13896 14509 10480 7856 17578 15217
11914 1388 1702 7975 8447 12130 9036 10986 2250 6333 9053 10086 12221 14833 5570 12286 10826 1101 7977 11259 1205 12256 6898 1283 10466 15748 7072 9520 3455 8602 6711 8570 2185 9268 11670 2184 4876 6220 6430 5480 3895 10988 10770 4409 8625 7600 7341 7252 6648 6844 11346 3996 4390 5381 8618 16506 8689 11638 15280 5333 7529 12788 15920 15377 11776 8165 12529 4414 9565 5919 5578 11375 5887 4060 16904 15378 13747 14137 12630 11104 7089 2997 10413 3622 3856 7877 11835 1257 6510 11771 11294 10174 6318 8225 11308 11872 12055 9120 6618 11607 6346 10673 9374 8137 9739 7420 1154 7358 2305 13101 6224 9570 4890 10388 8070 13127 9312 3558 9948 8269 10100 12148 12204 8517 11047 10078 11756 7205 11408 10856 8305 5545 8950 13388 9341 3703 8404 12177 10955 11884 12023 13523 5968 12332 9488 8740 16600 0 15514 8406 10384 15921 6408 6124 6502 10603 5570 2919 3079 13032 12311 2963 7839 9604 4566 7620 15927 4485 13130 4533 2702 8850 2690 10831 10229 11256 13449 6677 13897 8953 5423 8762 1854 6222 8271 7192 8786 2934 6608 13428 11271 10245 13129 9367 14388 12653 11570 10084 8974 10357 6903
3603 15592 17205 23082 9247 16450 16848 7182 13408 17445 24505 12390 3865 5361 18798 3898 9847 16278 16606 13628 14327 3439 8708 16640 11156 2937 12832 9962 18015 15143 22218 13693 16862 16452 11366 16763 18490 15111 11575 15798 11739 9591 6038 17119 8717 19519 18138 8968 21580 17837 12140 15207 12668 20539 6910 1358 16550 12596 2764 19353 19600 17783 3721 1961 13828 17567 3342 12628 10618 18099 11094 18889 9702 11720 1450 4089 1770 1459 7777 6750 9449 16578 11860 15439 15638 23177 10407 14671 13435 11959 4304 7456 21683 12743 8929 4588 14092 7459 11396 11523 18033 9556 15169 8244 19515 16544 15079 20512 15903 2436 19450 15596 18651 10936 8497 18651 10532 16130 19394 23729 10578 3390 11028 17151 5244 7535 11953 11196 10425 13547 23800 16803 7429 9094 13608 11881 15996 6666 16987 6927 5716 16159 15245 5811 8215 17130 2216 15514 0 17049 13116 602 19230 18834 21911 11034 12846 17649 17270 2835 16212 12683 18148 17545 14431 10193 1997 19919 2617 11291 13460 12824 14590 18684 13045 16269 2606 8964 2163 8397 20699 7626 17189 21104 13480 14074 11634 16075 22039 2113 9720 15630 14401 19285 6413 14637 15062 8464 6552 17808 15062
14103 7025 8899 13976 7815 20148 17339 15964 7780 2531 13669 5433 13187 18919 13691 15425 7899 7698 16305 5336 8597 14866 9748 7945 6666 18636 4271 15812 11340 2098 10872 16277 6863 1341 7319 10397 12960 14411 13337 2942 9731 17107 11014 12776 14133 15852 15736 12391 8306 2306 18369 4471 11659 11966 11791 18363 726 6408 18158 5894 15755 20962 19127 17871 19247 738 13728 5973 16145 3572 6898 19747 10485 7810 18470 18841 15585 15621 10491 10451 12639 11361 6067 11969 4550 13420 8127 7476 3827 6974 13081 9628 9576 4355 8862 12467 19565 13822 13447 18405 3032 8048 17382 13065 18133 15766 9435 15266 10710 14822 14256 17647 5444 6800 13207 21386 15857 4909 18350 13017 16651 14004 18777 16874 11819 15130 6965 13983 17833 18342 12739 3022 9776 19143 16971 9486 16629 16968 2857 10635 11586 21342 14197 16699 14852 341 18913 8406 17049 0 5032 17620 14552 4184 12022 6842 4865 6806 11260 15628 4749 7899 1652 17950 12654 6930 18341 8981 15564 10440 6910 16277 10830 19210 4981 3557 16078 11086 14920 8662 11729 9601 7892 7951 15935 15086 15792 11339 10101 15094 8251 18276 20594 17761 18968 20232 19363 8718 11579 18691 15049
10792 9264 11553 17560 4722 20305 18190 13948 8712 6880 17742 760 9409 16075 15940 12428 3302 10169 17282 944 9963 11664 7931 10540 1970 15194 3323 14687 13807 2986 14915 16303 9786 3907 2301 12567 15257 15233 13031 5970 9704 15708 7274 14619 12724 17876 17333 11102 12757 6945 17554 6821 11948 15199 9482 14471 4326 1452 14749 10174 17827 21349 15806 14301 18787 5753 9983 6197 15191 7951 5903 20733 9429 7656 14451 15671 11918 11788 5778 6379 11549 13273 1263 13328 7208 17162 3183 9152 3894 1947 9727 5822 13757 2176 4272 8624 19124 11966 13062 17397 7542 3567 17688 11495 19662 16827 11050 17742 12471 11185 16604 18039 9553 2182 11737 21941 14912 7829 19794 17016 15618 10540 17558 17916 8179 13274 1938 13472 16585 17963 16823 6814 6719 17299 16852 9533 17344 14719 3922 6249 7405 21161 15103 14228 13235 4927 15184 10384 13116 5032 0 13713 16763 8718 15696 2108 4858 10117 13460 12324 3269 8390 6626 18898 13515 4411 14698 12699 12187 10185 7892 16018 12026 20249 163 3154 12740 9712 10955 5363 15071 6617 10750 12336 15947 15435 15215 13057 14270 11400 3529 18557 20043 19298 16402 19824 19256 4735 8997 19568 15743
4014 16036 17606 23425 9812 16432 16959 7229 13839 17983 24885 12986 4433 5077 19075 4065 10447 16706 16754 14229 14728 3735 9159 17063 11754 2527 13394 10038 18355 15723 22630 13793 17313 17035 11967 17118 18786 15311 11793 16331 12116 9579 6614 17403 8895 19736 18334 9252 22046 18380 12105 15713 12962 20895 7303 758 17126 13198 2437 19843 19822 17764 3300 1634 13787 18132 3898 13128 10681 18623 11601 18948 10078 12173 984 3741 2197 2003 8376 7345 9712 16902 12459 15733 16140 23537 11009 15104 13989 12561 4789 8039 22120 13322 9530 5168 14042 7674 11608 11472 18565 10155 15246 8499 19651 16712 15454 20767 16242 2917 19719 15669 19144 11534 8737 18637 10611 16623 19519 24111 10611 3856 10942 17287 5806 7648 12555 11381 10383 13545 24191 17332 7967 8931 13673 12266 16120 6622 17581 7528 6316 16078 15455 5784 8346 17704 1645 15921 602 17620 13713 0 19486 19353 22288 11634 13379 18105 17604 3051 16813 13117 18704 17646 14692 10749 1530 20345 2873 11643 13917 12910 14918 18760 13642 16867 2747 9325 2759 8962 21063 8161 17616 21571 13593 14233 11729 16395 22468 2605 10322 15676 14307 19429 6171 14567 15046 9054 6987 17884 15236
15784 7670 5660 5263 14237 8786 5188 12874 8165 12210 7543 16424 16721 16771 861 15446 16861 6882 4344 17651 6851 15791 11713 6610 16683 18524 13441 10318 3226 14977 7243 7147 7699 15544 17899 4238 1593 4490 7743 11723 8262 11564 15843 2303 10708 1386 2297 10274 9431 12653 10452 10325 6638 4096 12665 19901 14930 17974 18127 9871 1246 8798 18429 18486 9908 14188 16859 10646 9934 11482 11496 6502 10018 9688 20439 17761 17521 18066 18304 16472 9781 3505 16704 3972 10102 5885 17948 7615 12908 18055 15521 15644 8050 14592 17191 16610 10040 11828 7943 11028 12012 16659 6752 10989 4121 3910 5741 1282 4330 17046 530 6636 9834 16579 10749 8742 9824 9657 4456 7042 10333 16175 11831 4414 15840 12149 18039 8284 11449 9184 7421 11549 14134 13862 7812 8264 5241 13961 17241 17358 17183 10506 4252 14483 11419 14893 19679 6408 19230 14552 16763 19486 0 11357 5604 16805 11914 7908 3342 16435 18692 8668 13676 5284 4800 13578 19019 6872 16625 8363 8907 7975 5163 5966 16605 17611 16758 10575 18119 14546 4521 13982 6687 9270 7090 5929 8756 3802 7890 17354 17288 7280 10992 3799 15942 10361 8987 15823 13269 5959 4896
15481 4878 5860 9953 9861 18235 15021 16088 6693 1838 9498 8895 15047 19585 10516 16433 10943 5094 13947 9239 6862 16092 10461 5150 9930 19869 6531 15201 8168 5805 6724 14682 4005 5511 10846 7581 9795 12311 12277 3152 8987 16630 13034 9985 13905 12727 12934 12260 4134 1883 17328 3696 10307 8188 12569 20049 4850 10167 19382 1762 12600 18837 20225 19261 17868 3526 15518 6281 15365 798 7764 17217 10453 7681 20284 19810 17185 17376 13433 12802 12312 8651 9481 9660 3328 9341 11486 5765 5772 10629 14580 11861 5406 7260 11803 14442 18155 13997 12439 17521 1191 10986 15490 13084 15268 13375 7279 11851 8213 16441 10975 15672 1534 9994 13128 19117 15093 3044 15538 8863 15900 15525 18048 14433 13675 15185 10618 13024 17184 16946 8570 2116 11425 18921 15447 8731 14457 17222 6998 13241 13931 19646 12046 17161 14731 4476 20414 6124 18834 4184 8718 19353 11357 0 7995 10109 6030 3516 8317 16893 8932 7177 2701 15525 10689 8841 19781 5033 16900 9749 6094 14914 8814 16662 8622 7741 17347 11210 16841 10675 7892 11225 4838 3768 14376 13316 14727 8797 5930 16749 11363 16354 19226 14905 19385 18764 17694 11206 12603 16286 13003
18310 6916 4810 1959 14770 14339 10723 16649 8741 9492 2601 15607 18713 20617 5128 18494 16886 6022 9784 16432 7634 18575 13387 5615 16280 21881 12645 14549 4205 13181 1796 12115 6006 13273 17419 5230 4772 9236 11504 9796 10174 15961 17260 6034 14279 6825 7877 13250 4610 9760 15416 8913 9696 1668 15002 22836 12601 17101 21431 6236 6642 14402 21958 21615 15170 11444 19007 10548 14348 8470 11924 12071 12211 10549 23271 21359 20142 20566 18929 17541 12935 5743 16064 7198 8500 1470 17772 7578 11922 17389 17750 16595 3001 13723 17498 18374 15348 15076 11721 15896 9028 16790 12088 14110 9591 9272 6833 5282 6199 19524 5075 12047 6585 16253 13966 14336 14164 7870 9952 1845 14830 18578 16649 9959 17549 15793 17375 12227 16082 14359 2040 9156 15439 18386 12867 10032 10627 17828 14879 18281 18496 16039 8936 18155 15112 12344 22842 6502 21911 12022 15696 22288 5604 7995 0 16439 11362 5581 4971 19325 16698 9462 10681 10879 8559 13859 22166 3054 19450 10664 9025 12795 7558 11547 15562 15516 19722 12964 20369 15351 1330 15248 5196 4668 11959 10707 13274 6252 2633 19850 17339 12726 16358 9308 19985 15749 14405 16395 15416 11563 9841
8869 9678 11982 18219 3292 19417 17621 12382 8640 8310 18654 1457 7382 14213 16022 10568 1195 10606 16787 2622 9959 9757 6724 11003 180 13191 3818 13428 14055 4744 15862 15447 10435 5863 1108 12740 15380 14732 12149 7093 9132 14323 5300 14567 11416 17810 17095 9908 13974 8478 16346 7564 11362 15743 7955 12392 6181 1809 12756 11382 17782 20535 13825 12277 17688 7523 7957 6196 13984 9315 5389 20169 8434 7241 12357 13727 9890 9729 3707 4330 10415 13304 848 13123 8007 17908 1383 9346 4577 1448 7811 3882 14803 2864 2164 6592 18027 10513 12148 16121 8984 1480 16911 10171 19345 16378 11072 17878 12475 9170 16711 17287 10711 240 10443 21185 13715 8650 19438 17900 14370 8578 16203 17432 6212 11781 1433 12492 15237 16912 17756 8061 5047 15731 15926 9007 16740 13057 6029 4144 5319 20129 14641 12502 11832 6796 13126 10603 11034 6842 2108 11634 16805 10109 16439 0 5109 10905 13606 10379 5211 8167 8336 18354 13093 3430 12657 13547 10225 9479 7937 15058 11816 19715 2065 5249 10782 8562 8878 3708 15670 4988 11310 13527 15095 14734 14152 13016 15298 9371 1441 17750 18889 18991 14616 18727 18284 2789 7385 18981 15173
9601 4571 6879 13117 3865 15912 13512 11100 3873 4610 13646 4518 9030 14148 11098 10749 5536 5499 12560 5766 5106 10286 4914 5895 4960 14085 1540 11038 9019 3831 10899 11935 5360 4985 6142 7743 10424 10534 8794 2952 5226 12289 7004 9760 9294 13018 12495 7553 9341 5030 13701 2662 7385 10634 6999 14090 4685 6071 13600 6842 12969 16862 14513 13402 14713 5140 9514 1403 11416 5272 2043 16034 5657 3157 14295 14171 11238 11388 7750 6825 7837 8418 4851 8495 3131 12827 6416 4321 1234 6209 8646 5869 9941 2682 6214 8413 15041 8957 8873 13680 5187 5464 13205 8205 14842 12080 6192 12917 7614 10483 11769 13523 6129 4911 8356 17392 11127 3752 14988 12880 11906 9591 14004 13183 7653 10265 6194 9368 13048 13834 12767 3961 5418 14284 12565 5011 12701 12114 6421 7354 7938 16945 10379 11871 9997 5087 14517 5570 12846 4865 4858 13379 11914 6030 11362 5109 0 5897 8630 11074 7239 3638 5499 14197 8782 2842 13904 8540 11049 5850 3035 11798 7203 15532 4699 6378 11529 6228 10823 4656 10563 5221 6205 8869 11581 10907 11178 8199 10410 10782 5987 14093 16035 14476 14142 15727 14986 5330 6868 14892 11090
14101 2121 2344 7451 9549 14822 11537 13737 4358 4350 7757 10030 14100 17496 7056 14710 11427 1819 10461 10864 3950 14558 8946 1732 10741 18196 7092 12415 4691 7682 5004 11415 824 7944 11861 4071 6328 8902 9343 4270 6519 13880 12365 6469 11414 9262 9419 9931 3970 4763 14259 3346 7306 5211 10899 18740 7288 11521 17717 2428 9144 15372 18436 17733 14641 6357 14484 5325 12478 3574 6840 13705 8352 5932 19077 17936 15908 16222 13612 12451 9843 5146 10497 6233 2922 7048 12256 3124 6355 11815 13352 11485 4133 8151 12106 13632 14911 11778 9529 14526 4105 11360 12105 10807 11762 9887 4027 8508 4761 15213 7558 12261 2081 10727 10779 15627 12223 2289 12027 6997 13013 14260 15123 10934 12813 12825 11801 10117 14321 13724 6871 3794 10579 16265 12195 6288 11006 14919 9617 13100 13492 16287 8626 15005 12272 7145 18940 2919 17649 6806 10117 18105 7908 3516 5581 10905 5897 0 4802 15354 11302 5042 5781 12024 7362 8573 18276 2647 15417 7234 4189 11741 5536 13149 9982 10144 15790 9153 15856 10228 5021 10377 1331 3505 11129 10005 11705 5322 4566 15537 11878 12953 15986 11397 17127 15491 14360 11127 11125 12786 9600
13700 4329 2462 5828 11229 10344 6882 11694 5006 8983 7523 13148 14347 15666 2495 13701 13749 3564 5814 14338 3680 13870 9098 3325 13476 17025 10144 9590 775 11635 5982 7449 4460 12220 14687 898 1797 4621 6533 8399 5659 11014 13185 1692 9335 4595 4618 8416 7255 9449 10657 6985 4768 3386 10426 18109 11614 14701 16586 7018 4506 10745 17063 16819 10642 10930 14569 7413 9414 8339 8405 8928 7636 6678 18583 16448 15511 15987 15376 13681 8051 772 13456 2248 6774 6021 14799 4311 9589 14813 13260 12798 6247 11296 14156 14121 10864 10198 6750 11082 8845 13571 7763 9251 6969 5239 2583 4287 1377 14946 3145 7835 6843 13386 9083 10926 9220 6352 7228 6802 9909 14021 11804 6223 13315 10849 14797 7257 11182 9771 7007 8281 11403 13447 8232 5584 6477 12868 13916 14523 14498 11926 4317 13218 10158 11600 18043 3079 17270 11260 13460 17604 3342 8317 4971 13606 8630 4802 0 14589 15350 5597 10472 7301 3625 10488 17368 4590 14738 5994 5669 8020 2689 8371 13304 14272 14965 8326 15897 11632 3648 11233 3498 6966 7240 5997 8378 1283 6299 15267 14186 8539 11920 6603 15017 11357 10099 12850 10931 8060 5300
1544 13253 14699 20416 7902 13786 14030 4473 11026 15665 21926 11566 3170 3980 16026 1083 9271 13870 13774 12991 11830 803 6473 14211 10462 3015 11357 7187 15345 13888 19739 10885 14546 15224 10966 14130 15743 12280 8751 13993 9176 6957 5079 14355 5882 16696 15306 6209 19319 16102 9531 13205 9920 17903 4456 3520 15215 12114 2533 17226 16780 15117 3518 2384 11220 16063 2653 10612 7855 16200 9151 16112 7149 9448 4012 3349 1396 2068 7816 6126 6662 13879 11132 12690 13606 20550 10100 12291 11854 11549 2607 6510 19294 11505 8503 3922 11502 4632 8569 8955 16204 8936 12380 5447 16686 13709 12501 17716 13235 1568 16668 12809 16541 10227 5687 15975 7751 14039 16568 21157 7857 1809 8547 14322 4167 4732 11541 8361 7846 10867 21254 14952 5866 6892 10832 9343 13173 4185 16011 6670 5427 13624 12418 3324 5396 15757 3586 13032 2835 15628 12324 3051 16435 16893 19325 10379 11074 15354 14589 0 15564 10320 16539 14734 11641 8706 2923 17493 289 8662 11196 10029 11901 15892 12223 15415 456 6373 2750 7100 18084 6033 14774 18849 10664 11240 8834 13369 19621 1632 9276 12872 11909 16452 4690 12084 12401 7605 4297 15015 12227
14040 11022 13163 18640 7974 23114 20742 17179 11037 7235 18413 4027 12593 19340 17840 15692 6378 11840 19776 2591 12156 14918 11069 12156 5112 18400 5794 17783 15562 3715 15609 19119 11195 3438 4895 14455 17123 17763 15905 7068 12420 18863 10495 16703 15857 19911 19566 14192 13048 7054 20606 8373 14614 16512 12716 17570 4110 3648 17963 10636 19838 24090 19029 17487 21761 5424 13168 8641 18255 8307 8752 23253 12435 10335 17503 18913 15100 14931 8596 9540 14602 15302 4432 15610 8633 18117 5878 11176 6037 4317 12976 9054 14322 4865 7283 11803 22095 15165 15960 20489 7776 6687 20429 14645 21947 19283 13167 19538 14556 14380 18459 20753 10157 5344 14872 24629 17972 9154 22118 17754 18703 13771 20692 20391 11405 16482 4320 16410 19719 20910 17483 7553 9986 20524 19717 12219 19938 17973 2044 9288 10502 24075 17599 17493 16409 4461 18326 12311 16212 4749 3269 16813 18692 8932 16698 5211 7239 11302 15350 15564 0 10873 6314 21419 16003 7567 17865 13645 15419 12987 10154 18916 14350 22745 3390 1192 15974 12798 14066 8632 16310 9881 12224 12699 18763 18137 18190 15174 14847 14581 6494 21313 23047 21576 19670 22791 22137 7959 12252 22121 18327
9104 2934 4653 10921 5632 12352 9874 8926 732 6579 11999 7939 9287 12545 7912 9669 8196 3600 8926 9322 1940 9527 3991 3973 8054 13155 5143 8124 6165 7361 9565 8416 4228 8367 9269 4799 7309 6896 5449 5130 1879 9516 7807 6407 6729 9643 8971 5090 9012 7110 10515 3727 3806 8322 5865 13734 7933 9461 12676 7080 9618 13260 13405 12695 11348 7923 9617 2236 8370 6662 2830 12397 3354 1107 14095 12919 10926 11278 9788 8170 5138 5192 8140 4973 3944 10840 9282 1988 4839 9469 8416 7256 9003 6237 8564 8917 11666 6869 5568 10602 6886 8000 9617 5930 11278 8453 3014 9788 4358 10253 8612 9920 6447 7936 5957 13770 8087 4133 11405 11214 8894 9297 11046 9552 8091 8019 9453 6121 10139 10444 11230 5726 5988 11760 9089 1623 9066 10076 9929 8977 9068 13470 6744 10076 7554 8189 13906 2963 12683 7899 8390 13117 8668 7177 9462 8167 3638 5042 5597 10320 10873 0 7932 10561 5148 4915 13240 7240 10391 2632 1096 8379 3664 11899 8227 9979 10754 4146 10989 6060 8380 5801 4510 8545 8068 7311 7918 4866 9356 10579 8625 10509 12696 10916 12261 12334 11495 7256 6132 11254 7454
15043 6459 8033 12640 8911 19869 16874 16463 7665 1507 12183 6970 14286 19637 12819 16244 9337 6980 15816 6977 8254 15758 10389 7157 8158 19554 5328 16030 10451 3646 9422 16107 6012 2978 8889 9652 12087 14017 13353 2822 9811 17386 12148 12071 14482 15015 15048 12756 6751 1023 18437 4233 11536 10781 12490 19434 2376 8028 19071 4460 14904 20597 20000 18840 19184 917 14807 6325 16299 2256 7518 19201 10857 8073 19584 19667 16613 16701 11919 11691 12932 10675 7597 11460 4137 12039 9659 7102 4717 8573 14054 10819 8096 5677 10277 13600 19491 14321 13485 18535 1697 9454 17097 13496 17428 15259 8945 14286 10105 15851 13337 17329 4119 8272 13602 20960 16016 4289 17671 11558 16820 14993 18970 16353 12904 15596 8564 14046 18051 18267 11257 2316 10763 19533 16835 9555 16222 17523 4331 11960 12834 21160 13780 17329 15249 1878 19925 7839 18148 1652 6626 18704 13676 2701 10681 8336 5499 5781 10472 16539 6314 7932 0 17441 12297 7955 19329 7684 16500 10555 6863 16201 10426 18653 6563 5133 16994 11528 16052 9761 10510 10577 6996 6424 15777 14834 15831 10724 8618 16137 9712 17984 20542 17059 19596 20138 19182 9984 12365 18195 14683
14576 10988 9695 10449 15269 3557 755 10443 10391 15934 12775 18386 16010 13848 5793 13655 18064 10496 1650 19839 9376 14282 12036 10385 18276 16094 15700 7619 7674 17826 12467 3854 11545 18687 19454 7955 6314 3668 6585 15007 9238 8371 15826 5611 8944 4247 3004 9419 14391 16440 6394 13481 6994 9318 12093 17882 18160 19854 15789 14312 4433 3538 15794 16335 5282 17755 15966 12796 7002 15448 13046 1837 10163 11245 18504 15085 16038 16674 18830 16736 8819 6878 18496 5990 13417 11129 19235 10476 15382 19757 14677 16113 13148 16775 18109 16152 5303 10286 6680 7081 15911 17787 2481 9781 2269 2186 8523 5955 7348 15767 5814 2108 14097 18115 9466 3626 7044 13161 2008 12311 7173 15066 7887 1092 15522 10011 19741 6628 7874 4841 12700 15148 14440 10212 4058 9385 1674 11264 20332 17679 17136 5291 3820 11997 9339 18277 17407 9604 17545 17950 18898 17646 5284 15525 10879 18354 14197 12024 7301 14734 21419 10561 17441 0 5416 14925 16809 11732 14983 8886 11282 4743 7136 1362 18735 20482 14941 10361 17000 15285 9737 14349 10694 14157 4072 3781 5917 6741 13050 16026 18430 2463 6081 2231 12819 5434 4070 16631 12814 762 3181
10991 5879 5276 9157 10153 7582 4744 8274 4985 10805 11059 13027 11993 12236 4402 10664 12917 5610 3778 14452 4063 10992 7214 5630 13002 13816 10291 5996 4367 12424 9598 4064 6713 13322 14200 3718 4213 1770 3055 9723 3989 7402 11289 2779 5999 5245 4140 5475 10589 11330 7107 8191 1932 6925 7921 15120 12817 14520 13403 9784 5291 8315 13772 13728 7300 12519 12102 7383 5793 10472 7722 7252 5402 5888 15649 13124 12721 13268 14001 12032 4982 2864 13173 1379 8185 9487 14068 5205 9966 14465 10762 11283 9766 11376 13079 11935 7561 7052 3268 7493 10878 12665 4816 6194 6264 3313 3412 6082 2741 12252 5029 5033 9411 12856 5961 8736 5605 8019 6346 10367 6285 11390 8196 4405 11193 7485 14449 3714 7558 6391 10600 9981 9678 9829 4850 4091 3982 9418 14948 12953 12635 8957 1597 9853 6766 12973 14932 4566 14431 12654 13515 14692 4800 10689 8559 13093 8782 7362 3625 11641 16003 5148 12297 5416 0 9689 14266 8004 11828 3836 5878 4491 1883 6750 13351 15074 11971 5868 13341 10302 7230 9549 6086 10238 3795 2643 4756 2401 9868 12558 13310 5695 8635 5919 11514 8130 7010 11634 8556 6121 2397
7176 6944 9162 15510 1023 16040 14192 9639 5483 7310 16247 3730 6334 12142 12827 8566 3285 7850 13362 5316 6807 7955 3520 8259 3358 11709 2663 10276 11011 5211 13563 12054 7945 6546 4529 9658 12221 11309 8758 5710 5712 11307 4226 11304 8315 14516 13731 6694 12159 7671 13151 5477 7936 12951 5201 11481 6509 5028 11234 9680 14500 17136 12216 10941 14413 7400 6852 3311 10786 8067 2086 16740 5075 3903 11632 11958 8671 8746 5071 3983 7152 10107 3666 9794 5945 15305 4399 6394 3243 4848 6151 3028 12681 2897 3688 5665 14751 7601 8769 12986 7929 3086 13500 7090 15950 12961 7910 14703 9273 7908 13527 13872 8967 3190 7328 17774 10508 6545 16034 15470 11208 7076 13151 14008 4951 8921 4833 9141 12177 13607 15394 6743 2846 12973 12558 5598 13310 10490 7514 4541 5098 16817 11224 10083 8844 7052 11994 7620 10193 6930 4411 10749 13578 8841 13859 3430 2842 8573 10488 8706 7567 4915 7955 14925 9689 0 11414 11181 8637 6049 4923 11704 8496 16287 4261 7094 9155 5308 8109 1840 12938 2674 8664 11685 11701 11309 10850 9776 13132 8189 3710 14347 15653 15600 12321 15452 14940 2555 4826 15551 11744
4306 16173 17584 23194 10538 15357 16147 6377 13944 18510 24767 13955 5290 3664 18668 3672 11489 16781 16028 15275 14723 3723 9390 17118 12765 1017 14077 9199 18132 16520 22627 12974 17467 17847 13083 16950 18432 14720 11277 16842 12053 8563 7458 17022 8318 19167 17718 8951 22242 18933 11019 16100 12639 20711 7377 1223 17888 14293 1071 20143 19265 16682 1775 551 12681 18811 4718 13505 9807 19078 12023 18017 10040 12371 1892 2272 2789 2955 9592 8328 9344 16640 13461 15391 16508 23361 12147 15208 14619 13677 5275 8915 22205 14117 10615 6074 12917 7220 11079 10360 19064 11179 14366 8130 18884 16034 15360 20293 16029 3541 19287 14781 19457 12537 8327 17562 9772 16950 18728 24004 9673 4339 9773 16529 6582 6940 13670 10785 9299 12513 24113 17816 8575 7648 12781 12229 15342 5589 18506 8639 7389 14893 14889 4814 7665 18450 677 15927 1997 18341 14698 1530 19019 19781 22166 12657 13904 18276 17368 2923 17865 13240 19329 16809 14266 11414 0 20397 2884 11508 14119 12068 14681 17864 14614 17840 2486 9253 3875 9703 20908 8757 17683 21772 12804 13548 10915 16125 22525 3302 11408 14731 13105 18684 4799 13407 13979 9977 7206 16994 14580
16332 4388 2929 4998 12140 14910 11387 15396 6512 6449 5110 12645 16493 19284 6116 16766 14072 3641 10339 13413 5689 16711 11230 3284 13383 20232 9732 13693 4074 10134 2387 11986 3240 10222 14494 4287 5476 9200 10558 6765 8379 15158 14856 6196 13016 8253 8837 11718 2673 6738 15111 5984 8555 3205 13058 20948 9551 14118 19762 3308 8099 15239 20404 19848 15204 8419 16844 7896 13632 5449 9370 13224 10362 8249 21325 19858 18159 18518 16236 15009 11521 5241 13126 6665 5548 4492 14901 5254 8988 14433 15655 14047 1848 10777 14743 16072 15435 13586 10765 15483 6010 14003 12353 12602 10977 9770 5252 7097 5277 17492 6410 12419 3566 13372 12520 15346 13406 4907 11295 4353 14153 16536 16161 10687 15247 14497 14419 11330 15457 14319 4227 6102 13048 17593 12774 8185 11046 16590 11837 15687 16025 16510 8897 16784 13877 9306 21070 4485 19919 8981 12699 20345 6872 5033 3054 13547 8540 2647 4590 17493 13645 7240 7684 11732 8004 11181 20397 0 17583 9006 6571 12491 6473 12671 12569 12464 17916 11155 18217 12790 2876 12850 2730 2427 11754 10531 12700 5630 2128 17818 14523 13123 16497 10639 18796 15940 14689 13735 13367 12478 9885
1462 13323 14804 20561 7812 14063 14276 4750 11102 15648 22050 11431 2958 4210 16205 1349 9106 13954 14008 12841 11931 876 6510 14299 10312 3073 11294 7450 15491 13803 19841 11137 14613 15138 10791 14265 15913 12495 8959 13978 9289 7238 4925 14531 6110 16903 15522 6379 19379 16079 9813 13217 10089 18040 4529 3386 15141 11948 2601 17262 16985 15393 3625 2361 11501 16010 2426 10623 8120 16201 9147 16372 7257 9500 3846 3507 1112 1783 7597 5949 6846 14032 10987 12860 13624 20685 9914 12368 11805 11376 2501 6367 19378 11414 8322 3724 11784 4843 8780 9239 16195 8774 12637 5636 16923 13936 12621 17906 13379 1301 16851 13066 16574 10077 5883 16250 8012 14067 16809 21280 8129 1648 8835 14560 4014 4989 11368 8584 8131 11143 21370 14945 5792 7179 11092 9450 13415 4474 15899 6467 5217 13908 12629 3612 5644 15689 3533 13130 2617 15564 12187 2873 16625 16900 19450 10225 11049 15417 14738 289 15419 10391 16500 14983 11828 8637 2884 17583 0 8792 11250 10285 12050 16147 12089 15290 558 6489 2464 7000 18216 5963 14860 18907 10912 11471 9089 13524 19710 1347 9100 13136 12195 16687 4950 12369 12678 7460 4324 15271 12453
7709 5149 6120 11792 6395 10138 8148 6504 3058 9211 13265 9611 8409 10304 7777 7840 9186 5518 7349 11127 3345 7918 3388 5795 9406 11267 7197 5493 6729 9680 11154 6137 6414 10790 10574 5475 7354 5313 2944 7744 763 6894 7497 6093 4200 9015 7977 2721 11134 9742 7930 6359 1941 9252 4433 12176 10411 11030 10806 9477 9041 11164 11407 10956 8867 10511 8599 4523 5744 9270 4284 10693 1668 2694 12625 10853 9527 9994 10166 8202 2614 5332 9664 4394 6568 11894 10354 4142 7083 10894 7278 7447 10847 8160 9284 8255 9194 4588 3028 7987 9511 8916 7504 3605 10048 6982 3854 9615 4619 8952 8470 7859 8892 9239 3552 11765 5460 6713 10096 12499 6265 8028 8416 7997 7478 5591 10878 3546 7507 7984 12606 8358 5847 9174 6732 1021 7261 7686 12270 9119 8842 11103 5263 7804 5051 10715 12184 4533 11291 10440 10185 11643 8363 9749 10664 9479 5850 7234 5994 8662 12987 2632 10555 8886 3836 6049 11508 9006 8792 0 3723 5950 3345 10247 10023 12203 9058 2332 9913 6484 9424 5715 6371 10691 5780 5270 5359 4847 11120 9274 9561 8372 10196 9714 9895 9878 9154 7824 4964 9503 5706
9918 2183 4259 10611 5775 13259 10622 9997 895 5492 11496 7521 9937 13567 8104 10598 8126 3012 9635 8801 2072 10397 4759 3415 7807 14081 4575 9216 6130 6546 8941 9368 3410 7467 9018 4803 7449 7647 6493 4080 2966 10611 8294 6729 7820 9988 9468 6166 8134 6024 11574 2641 4749 8037 6751 14557 6995 9069 13598 6080 9942 14118 14361 13579 12362 6892 10307 1745 9452 5568 2909 13113 4384 1750 14888 13894 11721 12033 9955 8518 6230 5403 7800 5476 2848 10448 9146 1473 4140 9153 9163 7570 8263 5716 8610 9502 12675 7921 6622 11677 5791 7972 10502 6995 11826 9133 3168 9947 4589 11024 8786 10785 5425 7718 7034 14590 9171 3052 11982 10711 9978 10071 12131 10243 8677 9092 9137 7184 11229 11451 10685 4637 6481 12855 10063 2708 9850 11138 9075 9260 9492 14433 7467 11112 8640 7211 14779 2702 13460 6910 7892 13917 8907 6094 9025 7937 3035 4189 5669 11196 10154 1096 6863 11282 5878 4923 14119 6571 11250 3723 0 9383 4199 12598 7732 9200 11638 5161 11680 6328 8041 6284 3890 7660 9025 8198 8970 5167 8651 11347 8570 11397 13715 11458 13314 13336 12453 7411 6943 11997 8246
9985 10035 9752 13059 11795 4381 4083 5700 8544 14764 15166 15396 11552 9206 7985 8946 14542 9941 4107 16954 8061 9618 8368 10019 15014 11368 13137 2876 8711 15625 13989 927 11034 16711 16110 8204 8104 3587 3012 13458 6589 3748 11685 6762 4388 7644 6090 5307 15080 15300 2636 11973 4667 11128 7871 13139 16303 16730 11054 14169 7785 5583 11097 11592 2983 16274 11443 10453 2266 14597 10170 6095 6631 8641 13762 10391 11357 12005 14862 12705 4733 7292 15370 5830 12076 13530 15717 9191 13031 16504 10206 12227 14236 14065 14401 11791 3293 5731 2959 3107 14942 14228 2353 5417 6844 4271 7716 9116 7231 11135 8402 2784 13740 14821 5094 6337 2302 12047 6669 14533 2504 10494 3883 4523 11246 5297 16489 2567 3485 2068 14818 13912 10554 5909 898 6821 3318 6546 18215 13641 12930 5159 3876 7259 4654 16568 12671 8850 12824 16277 16018 12910 7975 14914 12795 15058 11798 11741 8020 10029 18916 8379 16201 4743 4491 11704 12068 12491 10285 5950 9383 0 6212 5863 15859 18151 10218 6538 12391 11614 11479 10505 10511 14725 886 2098 1198 6867 14315 11379 14851 2946 4342 6673 8237 3955 3238 12925 8605 4986 3081
11029 3997 3601 8517 9102 9464 6511 9110 3331 8930 10145 11596 11748 13069 4499 11014 11778 3754 5487 12951 2240 11183 6593 3808 11707 14351 8737 7225 3450 10715 8324 5888 4855 11552 12921 2349 4025 3595 4093 7891 3122 8687 10721 2860 6730 6021 5310 5731 8957 9453 8765 6360 2150 6040 7774 15420 11025 13123 13908 7964 6010 10173 14407 14132 9106 10670 11944 5831 7163 8589 6438 8953 5008 4594 15896 13802 12833 13319 13143 11316 5383 1991 11804 1310 6329 8688 12892 3357 8338 13131 10623 10482 8296 9859 12059 11567 9380 7529 4303 9078 8996 11558 6699 6573 7640 4963 1536 6370 1360 12280 5203 6911 7561 11583 6416 10562 6934 6142 7787 9403 7686 11363 9725 6076 10776 8243 13115 4861 8993 8189 9566 8111 8986 11124 6664 3106 5808 10296 13201 12197 12054 10835 3369 10599 7572 11154 15357 2690 14590 10830 12026 14918 5163 8814 7558 11816 7203 5536 2689 11901 14350 3664 10426 7136 1883 8496 14681 6473 12050 3345 4199 6212 0 8429 11864 13379 12276 5666 13257 9387 6263 8830 4300 8576 5596 4503 6267 1502 8466 12599 12195 7577 10454 7275 12475 9970 8881 10672 8308 7869 4257
15800 12219 10807 10904 16629 3561 2105 11534 11710 17147 13251 19741 17278 14781 6599 14810 19425 11684 2972 21189 10664 15470 13387 11549 19636 17113 17041 8724 8667 19137 13209 5023 12711 19976 20815 9082 7198 5016 7911 16269 10597 9342 17148 6685 10167 4736 3834 10726 15302 17646 7161 14748 8355 10061 13396 18964 19439 21212 16829 15385 4923 3032 16773 17405 5823 18995 17215 14133 8080 16621 14404 557 11515 12598 19596 16061 17216 17861 20172 18071 10125 8018 19854 7242 14668 11639 20596 11748 16711 21117 15939 17458 13987 18121 19465 17442 5768 11514 7996 7862 17097 19146 3515 11053 2118 3467 9776 6393 8548 16974 6489 3091 15208 19476 10734 2798 8153 14387 1743 12852 8192 16298 8638 2355 16825 11160 21101 7912 8753 5574 13266 16374 15783 11002 5089 10742 3015 12287 21629 19014 18452 5213 5154 13051 10510 19540 18446 10831 18684 19210 20249 18760 5966 16662 11547 19715 15532 13149 8371 15892 22745 11899 18653 1362 6750 16287 17864 12671 16147 10247 12598 5863 8429 0 20086 21797 16079 11698 18219 16640 10486 15694 11824 15097 5280 5114 7058 7930 13848 17225 19790 3183 6361 2303 13716 5734 4482 17986 14122 877 4543
10690 9114 11404 17423 4590 20144 18027 13812 8550 6785 17617 660 9325 15963 15783 12316 3252 10020 17119 1106 9803 11559 7782 10392 1918 15102 3165 14536 13654 2918 14791 16142 9644 3883 2338 12412 15101 15070 12871 5848 9541 15562 7182 14459 12575 17717 17171 10950 12650 6861 17401 6680 11785 15056 9346 14400 4282 1562 14656 10065 17668 21187 15710 14214 18630 5697 9898 6035 15038 7852 5741 20570 9272 7493 14386 15569 11832 11711 5755 6303 11395 13114 1217 13166 7070 17028 3192 8995 3743 2019 9624 5727 13639 2016 4228 8541 18967 11824 12903 17246 7449 3507 17526 11348 19500 16664 10891 17587 12312 11097 16448 17876 9439 2122 11589 21779 14759 7694 19632 16890 15466 10444 17411 17753 8085 13134 2009 13314 16437 17806 16700 6704 6596 17162 16692 9370 17181 14589 3968 6195 7339 21002 14940 14103 13091 4886 15105 10229 13045 4981 163 13642 16605 8622 15562 2065 4699 9982 13304 12223 3390 8227 6563 18735 13351 4261 14614 12569 12089 10023 7732 15859 11864 20086 0 3227 12642 9560 10883 5243 14930 6492 10605 12227 15786 15272 15058 12898 14151 11315 3497 18395 19887 19136 16281 19667 19097 4644 8867 19405 15580
13876 9944 12048 17461 7635 22291 19818 16730 10091 6046 17221 3886 12550 19097 16757 15461 6445 10742 18835 2791 11164 14734 10528 11047 5119 18316 5025 17163 14460 2668 14418 18311 10063 2249 5185 13381 16035 16840 15140 5936 11601 18298 10398 15661 15280 18849 18549 13583 11859 5862 19938 7287 13759 15352 12293 17625 2921 3979 17866 9445 18770 23233 18914 17436 21035 4238 13122 7767 17606 7116 8044 22312 11774 9522 17603 18755 15056 14938 8846 9530 13960 14253 4412 14620 7524 16932 6156 10150 5151 4657 12810 8940 13130 4247 7403 11767 21367 14670 15207 19856 6585 6718 19580 14090 20938 18330 12148 18433 13523 14318 17366 19893 8968 5335 14300 23748 17320 8026 21119 16563 18069 13648 20099 19442 11297 15996 4656 15679 19128 20169 16292 6381 9691 20055 18932 11389 19032 17579 986 9394 10559 23306 16665 17147 15874 3272 18332 11256 16269 3557 3154 16867 17611 7741 15516 5249 6378 10144 14272 15415 1192 9979 5133 20482 15074 7094 17840 12464 15290 12203 9200 18151 13379 21797 3227 0 15839 12194 14108 8363 15144 9566 11095 11508 17957 17279 17475 14145 13655 14539 6639 20469 22339 20567 19360 22058 21354 7865 11883 21194 17422
1984 13687 15112 20793 8343 13891 14245 4592 11458 16120 22323 11984 3510 3683 16364 1319 9664 14297 14018 13397 12246 1255 6921 14635 10868 2561 11808 7358 15724 14332 20154 11088 14981 15667 11349 14519 16093 12565 9051 14449 9585 7039 5482 14699 6149 16992 15587 6566 19757 16557 9606 13657 10275 18289 4892 3154 15662 12507 2081 17672 17079 15223 3080 1942 11297 16516 2970 11066 8016 16655 9606 16286 7563 9891 3682 2949 1436 2081 8142 6507 7001 14249 11542 13042 14058 20937 10471 12722 12307 11934 3039 6921 19720 11946 8880 4279 11571 4935 8865 9011 16660 9332 12564 5783 16921 13968 12903 18038 13615 1807 17000 12991 16989 10634 6010 16087 7927 14489 16795 21556 7989 2204 8567 14557 4570 4930 11926 8634 7905 10978 21658 15407 6313 6815 11004 9756 13397 4186 16443 7020 5767 13672 12710 3319 5616 16206 3155 13449 2606 16078 12740 2747 16758 17347 19722 10782 11529 15790 14965 456 15974 10754 16994 14941 11971 9155 2486 17916 558 9058 11638 10218 12276 16079 12642 15839 0 6782 2874 7537 18475 6481 15199 19287 10877 11492 9028 13737 20043 1792 9658 13031 11939 16694 4472 12138 12503 8015 4748 15202 12491
5378 7031 8331 14122 5277 10918 9606 4939 4797 10347 15563 9038 6146 8406 10037 5610 8005 7564 8972 10624 5472 5613 1840 7886 8531 9081 7233 4986 9061 9911 13374 7023 8331 11159 9594 7800 9648 7055 3800 8734 2803 6115 5504 8345 3096 11113 9943 1394 13116 10852 7843 7577 3952 11576 2110 9874 10905 10281 8609 11224 11158 12091 9288 8703 9130 11305 6299 5203 5479 10622 4241 12083 801 3538 10309 8783 7198 7662 8476 6376 1854 7656 8938 6640 7893 14214 9179 6036 7369 10010 4968 5773 12975 7959 7881 6067 9468 2806 3743 7693 10762 7690 8557 1980 11824 8704 6133 11844 6952 6620 10719 8963 10581 8328 2134 12796 5200 8192 11819 14791 5910 5698 7906 9609 5333 4068 9996 3989 6934 8350 14883 9531 4092 8057 7423 2976 8689 6032 12446 7318 6839 11568 7081 5955 3769 11314 9928 6677 8964 11086 9712 9325 10575 11210 12964 8562 6228 9153 8326 6373 12798 4146 11528 10361 5868 5308 9253 11155 6489 2332 5161 6538 5666 11698 9560 12194 6782 0 7596 5078 11739 4017 8456 12656 6683 6585 5591 7165 13282 6942 8313 9345 10351 11517 8176 10169 9741 6399 2695 10885 7286
2426 13847 15599 21651 7141 16343 16272 7078 11721 15400 22943 10227 1794 6479 17615 3709 7693 14585 15901 11479 12738 2840 7003 14962 8997 4599 10727 9638 16618 12995 20554 13197 15089 14299 9240 15318 17243 14235 10687 13767 10262 9589 3909 15924 8057 18543 17245 7897 19744 15776 12160 13260 11484 19074 5486 3517 14408 10462 4255 17447 18606 17667 5340 3596 13839 15451 1374 10711 10320 16092 9160 18482 8261 9970 3552 5486 1454 948 5717 4587 8445 15245 9701 14221 13703 21685 8292 12967 11351 9834 2637 5306 19941 10599 6787 2455 14132 6715 10532 11614 16001 7399 14738 7314 18829 15767 13575 19396 14520 1281 18290 15170 16738 8776 7608 18509 10180 14221 18747 22161 10390 1964 11250 16485 3171 7167 9828 10437 10507 13423 22201 14784 5418 9643 13236 10372 15384 6918 14823 4792 3564 16281 14331 6064 7749 14993 4273 13897 2163 14920 10955 2759 18119 16841 20369 8878 10823 15856 15897 2750 14066 10989 16052 17000 13341 8109 3875 18217 2464 9913 11680 12391 13257 18219 10883 14108 2874 7596 0 6291 19201 5620 15494 19266 12942 13360 11195 14758 20320 1121 7580 15301 14593 18569 7337 14737 14967 6303 4973 17347 14281
5556 8460 10578 16921 851 15994 14535 8678 6722 9149 17802 4607 4532 10736 13848 7099 2956 9332 13800 6146 8000 6390 3275 9738 3727 10065 4437 9789 12222 6818 15177 12093 9552 8149 4632 10856 13293 11784 8830 7549 6355 10631 2391 12245 7765 15366 14431 6349 13912 9506 12719 7249 8425 14333 4248 9702 8188 5513 9599 11468 15370 17168 10617 9250 14119 9170 5067 4904 10369 9904 3432 17055 5130 4960 9827 10416 6931 6961 3759 2223 6895 11164 4293 10635 7714 16775 4116 7787 5066 5117 4499 1257 14358 4419 2826 3839 14457 6813 8796 12462 9769 2627 13613 6522 16532 13457 9058 15730 10338 6169 14553 14011 10754 3497 6807 17866 10109 8295 16576 17019 10732 5389 12516 14447 3158 8074 5103 9067 11554 13379 16972 8580 1360 12030 12501 6311 13627 9385 8919 2934 3296 16593 11746 8870 8141 8756 10261 8953 8397 8662 5363 8962 14546 10675 15351 3708 4656 10228 11632 7100 8632 6060 9761 15285 10302 1840 9703 12790 7000 6484 6328 11614 9387 16640 5243 8363 7537 5078 6291 0 14357 1282 10188 13435 11750 11551 10634 10778 14793 6435 3238 14415 15282 16198 11039 15155 14802 1346 3684 15856 12131
17102 6021 3783 2572 13815 13147 9535 15336 7673 9209 3884 14925 17570 19307 3946 17236 16044 5098 8566 15849 6500 17341 12246 4692 15517 20605 11921 13220 2879 12703 2731 10811 5287 12923 16682 3958 3515 7930 10181 9291 8964 14632 16187 4725 12971 5824 6736 11975 5084 9539 14104 8250 8391 426 13797 21600 12259 16446 20158 6183 5650 13273 20669 20357 13891 11206 17846 9643 13018 8258 10950 11022 10998 9481 22046 20065 18930 19369 17993 16522 11646 4419 15348 5870 7872 2484 16976 6572 11228 16691 16573 15588 3588 13030 16608 17259 14077 13790 10397 14578 8820 15927 10832 12829 8606 8040 5630 4430 4903 18327 4002 10808 6396 15474 12678 13254 12835 7268 8953 3154 13501 17385 15327 8780 16437 14485 16676 10900 14755 13070 3370 8766 14368 17057 11569 8836 9389 16513 14574 17291 17446 14832 7629 16850 13800 12062 21584 5423 20699 11729 15071 21063 4521 7892 1330 15670 10563 5021 3648 18084 16310 8380 10510 9737 7230 12938 20908 2876 18216 9424 8041 11479 6263 10486 14930 15144 18475 11739 19201 14357 0 14182 4361 5017 10649 9396 11947 4931 3379 18651 16495 11495 15096 8300 18665 14493 13160 15450 14235 10441 8546
4502 8465 10440 16720 1932 14882 13595 7396 6513 9822 17759 5866 3826 9542 13328 5928 4185 9282 12913 7418 7709 5285 2342 9679 5008 9036 5331 8567 11872 7866 15225 11030 9647 9202 5892 10511 12818 10934 7814 8172 5720 9370 2013 11683 6540 14714 13689 5204 14196 10221 11500 7646 7632 14120 2975 8879 9182 6794 8560 11848 14732 16080 9544 8277 12933 10056 4295 5125 9163 10481 3571 16089 4208 4703 9074 9298 6039 6168 4487 2493 5772 10701 5570 10023 8093 16638 5320 7682 5863 6389 3484 1765 14502 5503 3906 3271 13269 5547 7760 11223 10407 3844 12572 5303 15707 12603 8704 15201 9894 5279 14032 12979 11137 4779 5598 16800 8908 8627 15729 16973 9509 4418 11257 13556 2469 6798 6376 7985 10299 12214 16962 9180 204 10748 11398 5725 12680 8110 10077 3404 3274 15420 10922 7611 6882 9726 9348 8762 7626 9601 6617 8161 13982 11225 15248 4988 5221 10377 11233 6033 9881 5801 10577 14349 9549 2674 8757 12850 5963 5715 6284 10505 8830 15694 6492 9566 6481 4017 5620 1282 14182 0 10171 13717 10694 10583 9487 10279 14911 5572 4425 13351 14072 15385 9800 13964 13661 2451 2402 14889 11231
13602 1728 1040 6912 9583 13504 10206 12838 3782 5524 7615 10576 13776 16675 5828 14063 11707 910 9131 11554 3026 13990 8501 577 11156 17537 7564 11343 3462 8538 5066 10148 1034 8949 12321 2743 5095 7590 8233 5160 5709 12812 12183 5150 10479 8019 8112 9092 4796 5973 13061 3946 6192 4456 10333 18221 8312 12105 17065 3709 7910 14043 17729 17135 13382 7504 14120 5353 11362 4841 6755 12380 7659 5532 18596 17198 15429 15788 13734 12393 8941 3816 10990 4920 3613 6649 12621 2527 6882 12336 12926 11438 4522 8681 12303 13371 13646 10958 8427 13356 5352 11602 10797 9976 10467 8556 2845 7377 3443 14761 6369 10945 3410 11115 9916 14297 11116 3070 10726 6831 11894 13806 13978 9603 12545 11930 12321 9010 13205 12468 6796 4874 10368 15222 10933 5502 9680 14029 10641 13109 13380 14983 7310 14175 11341 8233 18354 1854 17189 7892 10750 17616 6687 4838 5196 11310 6205 1331 3498 14774 12224 4510 6996 10694 6086 8664 17683 2730 14860 6371 3890 10511 4300 11824 10605 11095 15199 8456 15494 10188 4361 10171 0 4374 9871 8725 10536 3994 4852 15087 12159 11639 14720 10101 16240 14215 13065 11205 10637 11456 8289
17576 5625 4982 6555 12695 17307 13803 17185 7864 5544 5773 12428 17493 20981 8531 18215 14231 5178 12750 12923 7359 18051 12418 4940 13352 21701 9766 15710 6490 9504 3106 14273 4325 9279 14360 6561 7901 11538 12590 6439 9994 17179 15670 8603 14838 10643 11264 13403 479 5651 17320 6211 10552 5406 14396 22215 8617 13787 21221 2162 10484 17659 21941 21230 17505 7283 17899 8596 15710 4447 10147 15650 11856 9410 22538 21439 19374 19667 16593 15647 13286 7573 12979 8942 5742 5839 14909 6622 8989 14201 16801 14681 1742 10667 15012 16987 17748 15260 12787 17653 4942 14222 14718 14284 13385 12179 7197 9405 7499 18668 8794 14800 2816 13384 14242 17773 15469 5142 13708 5187 16239 17719 18299 13108 16177 16275 14188 13367 17550 16609 4855 5524 13920 19594 15063 9769 13441 18372 10749 16219 16729 18890 11239 18485 15700 8240 22434 6222 21104 7951 12336 21571 9270 3768 4668 13527 8869 3505 6966 18849 12699 8545 6424 14157 10238 11685 21772 2427 18907 10691 7660 14725 8576 15097 12227 11508 19287 12656 19266 13435 5017 13717 4374 0 14024 12822 14843 7921 2241 18990 14671 15504 18816 13051 20583 18273 17045 14199 14603 14904 12231
10521 9508 9071 12188 11868 4359 3368 6427 8161 14319 14310 15350 12009 10030 7110 9587 14645 9348 3271 16887 7564 10211 8478 9399 15041 12133 12970 3612 7912 15390 13189 356 10448 16433 16165 7476 7247 2729 2946 13074 6356 4600 11995 5925 4887 6766 5214 5559 14367 14853 3457 11568 4276 10291 8198 13851 15999 16726 11804 13556 6905 5440 11889 12317 3512 15895 11937 10209 3058 14096 10057 5572 6670 8437 14464 11187 11966 12603 15114 12975 4963 6528 15360 5091 11641 12669 15822 8709 12813 16534 10668 12441 13477 13940 14562 12200 3785 6234 2958 3969 14463 14340 1887 5799 6080 3401 7123 8230 6527 11702 7519 2308 13155 14856 5478 6116 3045 11570 5930 13684 3351 11017 4756 3730 11613 5948 16519 2721 4371 2597 13977 13472 10759 6794 1071 6571 2538 7330 17974 13916 13271 5407 3025 8013 5269 16235 13418 8271 13480 15935 15947 13593 7090 14376 11959 15095 11581 11129 7240 10664 18763 8068 15777 4072 3795 11701 12804 11754 10912 5780 9025 886 5596 5280 15786 17957 10877 6683 12942 11750 10649 10694 9871 14024 0 1254 1894 6124 13539 11958 14972 2666 4859 5886 9083 4389 3429 13079 8931 4412 2199
10935 8476 7891 10965 11580 5063 3026 7208 7313 13357 13069 14875 12285 10971 5896 10180 14376 8249 2544 16378 6583 10719 8287 8273 14666 12937 12350 4483 6662 14671 11937 1456 9352 15658 15823 6264 6006 1489 2805 12186 5738 5647 12046 4673 5362 5732 4214 5652 13156 13888 4709 10663 3523 9039 8326 14544 15193 16300 12581 12427 5857 5955 12750 13042 4683 15003 12270 9513 4032 13075 9534 5508 6421 7814 15135 12059 12487 13102 15058 12958 5055 5295 14934 3880 10701 11432 15552 7735 12129 16157 10963 12347 12239 13369 14377 12397 4932 6667 2907 5204 13464 14088 2306 6069 5471 2486 6038 7109 5337 12156 6336 2617 12052 14494 5763 6508 3952 10584 5391 12438 4409 11406 5980 3129 11753 6614 16141 2922 5529 3790 12726 12520 10670 7935 2243 5925 2107 8205 17239 13901 13358 6342 1778 8821 5897 15395 14181 7192 14074 15086 15435 14233 5929 13316 10707 14734 10907 10005 5997 11240 18137 7311 14834 3781 2643 11309 13548 10531 11471 5270 8198 2098 4503 5114 15272 17279 11492 6585 13360 11551 9396 10583 8725 12822 1254 0 2842 4906 12294 12430 14728 3200 6004 5220 10079 5489 4379 12895 9043 4308 1064
8792 9870 9866 13693 10868 5426 5237 4538 8177 14432 15721 14569 10377 8161 8667 7752 13581 9887 5156 16142 7876 8420 7431 10012 14118 10239 12450 1718 9109 15007 14355 2065 10957 16141 15185 8437 8698 4271 2479 13045 6061 2808 10580 7299 3217 8564 7029 4287 15222 14968 2611 11601 4428 11620 6769 11971 15769 15858 9912 14116 8692 6679 9998 10431 3574 15840 10258 9877 1192 14353 9442 7293 5786 8037 12589 9298 10160 10807 13787 11623 3745 7620 14506 6135 11748 14109 14749 8964 12405 15600 9032 11184 14492 13325 13392 10636 3910 4552 2349 2822 14661 13259 3551 4299 7972 5243 7696 9949 7428 9938 9146 3982 13640 13917 3978 7462 1151 11781 7814 15056 1585 9302 3461 5624 10110 4103 15585 1813 2808 2760 15312 13576 9523 5151 2052 6310 4430 5439 17595 12554 11805 5977 4527 6119 3456 16071 11526 8786 11634 15792 15215 11729 8756 14727 13274 14152 11178 11705 8378 8834 18190 7918 15831 5917 4756 10850 10915 12700 9089 5359 8970 1198 6267 7058 15058 17475 9028 5591 11195 10634 11947 9487 10536 14843 1894 2842 0 7153 14612 10181 13872 4121 4864 7781 7244 4609 4174 11926 7500 6182 3903
12522 4316 3055 7072 10443 9522 6224 10412 4385 9218 8805 12683 13248 14384 3070 12464 13059 3757 5150 13963 3095 12660 8071 3649 12897 15766 9737 8321 2056 11480 7207 6360 4805 12191 14113 1360 2542 3639 5253 8413 4600 9754 12191 1562 8056 4821 4414 7176 8250 9716 9495 6920 3501 4667 9274 16887 11620 14228 15330 7684 4779 10050 15794 15578 9587 11087 13446 6890 8164 8707 7694 8478 6510 5888 17371 15175 14322 14813 14536 12755 6793 519 12940 1036 6790 7295 14148 3998 9256 14285 12125 11902 7372 10881 13395 13060 9828 8938 5469 9892 9173 12857 6845 7999 6811 4579 2016 4953 629 13775 3776 6970 7403 12788 7823 10321 7964 6470 7015 8085 8666 12860 10597 5649 12266 9570 14269 5981 9948 8696 8286 8453 10440 12190 7149 4562 5687 11585 13874 13623 13520 11034 3348 11940 8877 11674 16800 2934 16075 11339 13057 16395 3802 8797 6252 13016 8199 5322 1283 13369 15174 4866 10724 6741 2401 9776 16125 5630 13524 4847 5167 6867 1502 7930 12898 14145 13737 7165 14758 10778 4931 10279 3994 7921 6124 4906 7153 0 7467 14093 13486 7668 10895 6438 13734 10356 9149 12039 9810 7501 4338
18454 6474 5014 4396 14113 16390 12798 17475 8631 7630 3568 14294 18586 21381 7266 18892 15905 5761 11791 14914 7813 18838 13342 5410 15128 22357 11487 15687 5649 11533 892 13744 5264 11412 16193 6182 6747 10894 12558 8304 10502 17144 16909 7748 15091 9203 10065 13827 2060 7795 16949 7777 10585 3804 15184 23073 10744 15712 21888 4212 9029 16588 22524 21976 16919 9456 18946 9889 15589 6544 11396 14388 12489 10351 23448 21974 20280 20634 18153 17016 13614 7023 14813 8498 7318 3636 16669 7368 10721 16082 17768 16050 525 12470 16623 18149 17131 15694 12768 17359 7070 15860 13956 14710 11984 11243 7332 7777 7199 19609 7376 13975 4747 15137 14621 16602 15374 6678 12331 2950 16102 18654 18062 12059 17325 16581 16068 13322 17396 16059 2640 7485 15111 19583 14525 10310 12570 18669 12927 17664 18052 18045 10589 18883 15950 10401 23197 6608 22039 10101 14270 22468 7890 5930 2633 15298 10410 4566 6299 19621 14847 9356 8618 13050 9868 13132 22525 2128 19710 11120 8651 14315 8466 13848 14151 13655 20043 13282 20320 14793 3379 14911 4852 2241 13539 12294 14612 7467 0 19935 16353 14673 18176 11677 20871 17596 16299 15684 15487 13769 11556
1574 13483 15123 21060 7279 15273 15306 5984 11306 15390 22439 10655 1991 5456 16884 2597 8213 14177 14973 11992 12247 1768 6598 14541 9474 3842 10846 8592 16003 13241 20124 12202 14751 14564 9840 14731 16544 13364 9811 13734 9687 8492 4157 15196 7089 17719 16386 7084 19467 15793 11065 13109 10742 18503 4855 3308 14623 11034 3437 17245 17790 16599 4528 2906 12748 15586 1417 10525 9272 16020 8997 17474 7656 9608 3553 4572 519 720 6474 5042 7606 14590 10167 13503 13537 21133 8925 12567 11420 10432 2191 5613 19576 10837 7364 2779 13039 5764 9646 10511 15968 7896 13731 6436 17900 14864 13024 18635 13893 327 17548 14162 16544 9245 6716 17447 9142 14023 17805 21661 9322 1282 10136 15546 3291 6118 10425 9513 9404 12351 21723 14732 5380 8523 12211 9819 14426 5797 15204 5424 4162 15180 13476 4942 6725 15192 3830 13428 2113 15094 11400 2605 17354 16749 19850 9371 10782 15537 15267 1632 14581 10579 16137 16026 12558 8189 3302 17818 1347 9274 11347 11379 12599 17225 11315 14539 1792 6942 1121 6435 18651 5572 15087 18990 11958 12430 10181 14093 19935 0 8154 14271 13484 17648 6264 13637 13893 6675 4455 16351 13376
7808 10475 12749 19062 3166 19230 17685 11677 9180 9594 19632 2898 6187 13186 16537 9570 452 11399 16910 3920 10507 8709 6495 11804 1605 11995 4905 12992 14691 6157 16873 15317 11344 7300 1692 13347 15927 14871 12041 8280 9321 13767 4236 15013 10965 18216 17394 9586 15128 9797 15925 8576 11491 16537 7369 11078 7602 2885 11576 12549 18202 20398 12657 11054 17348 8918 6757 6875 13586 10565 5795 20219 8321 7608 11011 12606 8672 8461 2266 3151 10133 13816 2282 13486 9035 18801 901 10026 5682 2280 6777 2953 15871 4112 794 5398 17685 9943 12015 15644 10267 645 16826 9728 19572 16538 11613 18412 12982 7978 17236 17219 11862 1451 10020 21088 13329 9675 19639 18867 13934 7467 15657 17558 5134 11154 2272 12300 14705 16614 18749 9280 4428 14995 15736 9233 16785 12251 7448 2794 4022 19827 14809 11635 11288 8216 11849 11271 9720 8251 3529 10322 17288 11363 17339 1441 5987 11878 14186 9276 6494 8625 9712 18430 13310 3710 11408 14523 9100 9561 8570 14851 12195 19790 3497 6639 9658 8313 7580 3238 16495 4425 12159 14671 14972 14728 13872 13486 16353 8154 0 17637 18496 19229 13670 18381 18040 1980 6727 19022 15259
12907 11574 10723 12541 14531 1887 2164 8451 10510 16497 14819 17975 14495 11601 7606 11789 17310 11261 2950 19499 9734 12504 11143 11236 17694 13959 15521 5687 9073 17868 14185 2322 12357 18859 18824 9007 7981 4051 5606 15367 8895 6181 14605 6945 7332 6469 5017 8189 15792 17023 3993 13840 6711 11093 10795 15849 18391 19367 13687 15344 6647 2793 13602 14283 2823 18179 14379 12703 5017 16162 12656 3287 9333 10980 16489 12891 14224 14880 17754 15607 7600 7951 18001 6720 13860 13158 18487 10883 15319 19187 13150 15093 14700 16520 17225 14736 2866 8672 5623 4691 16573 17006 895 8354 4728 3455 9097 8150 8196 14037 7791 704 15027 17511 8031 3451 5129 13712 4446 14290 5068 13420 5480 2918 14184 8158 19172 5367 5571 2413 14646 15668 13412 7834 2069 9094 2107 9144 20438 16546 15862 3388 4329 9928 7552 18587 15302 10245 15630 18276 18557 15676 7280 16354 12726 17750 14093 12953 8539 12872 21313 10509 17984 2463 5695 14347 14731 13123 13136 8372 11397 2946 7577 3183 18395 20469 13031 9345 15301 14415 11495 13351 11639 15504 2666 3200 4121 7668 14673 14271 17637 0 3732 4690 10533 3092 1710 15743 11529 2351 3354
12389 14351 13895 16256 15597 2857 5891 7538 12883 19106 18516 19382 14215 9581 11270 10888 18238 14207 6649 20963 12389 11767 12177 14255 18867 12195 17314 5509 12529 19865 17745 4572 15307 20986 19892 12255 11588 7300 7264 17793 10874 5039 14877 10434 7535 10199 8745 8984 19140 19642 2582 16313 9009 14706 11178 14308 20599 20628 12035 18412 10378 3959 11675 12750 1360 20606 13957 14719 4913 18927 14304 6200 10622 12886 14977 10988 13305 13976 18151 15992 8501 11257 19289 9877 16419 16855 19388 13525 17264 20335 12919 15685 18160 18182 17955 14640 1075 8663 7168 3001 19279 17904 4272 8769 8266 7113 11982 11882 11341 13319 11496 4356 18014 18658 8477 4811 5176 16384 7938 17968 4573 12923 3375 6650 14263 7665 20320 6667 4094 2282 18311 18254 14079 5508 3791 11114 5760 7756 22454 16887 15980 1797 7604 8622 7323 20881 13575 13129 14401 20594 20043 14307 10992 19226 16358 18889 16035 15986 11920 11909 23047 12696 20542 6081 8635 15653 13105 16497 12195 10196 13715 4342 10454 6361 19887 22339 11939 10351 14593 15282 15096 14072 14720 18816 4859 6004 4864 10895 18176 13484 18496 3732 0 8292 8426 647 2027 16522 11876 5727 6624
16146 10739 9063 8604 16071 5653 2660 12309 10603 15562 10952 18854 17439 15873 4523 15387 18835 10094 2679 20224 9422 15939 13043 9902 18895 18020 16012 9499 6763 17900 11003 5748 11052 18630 20099 7407 5189 4463 7912 14845 9908 10397 17020 4993 10580 2484 2026 10770 13224 16039 8570 13358 7774 7874 13416 19714 18056 20370 17690 13520 2666 5314 17767 18191 7511 17479 17453 13105 8930 14942 13606 2789 11183 11758 20318 17062 17706 18322 19863 17842 10185 6403 19036 5982 13218 9346 19985 10418 15596 20345 16133 17137 11848 17133 18990 17500 7534 11886 8051 9246 15445 18584 4595 11261 373 2824 8419 4101 7066 17372 4303 4273 13410 18755 10962 5092 8931 12866 657 10564 9167 16611 10059 2156 16815 11786 20329 8136 9979 7041 10984 14832 15499 12355 6109 10005 3356 13211 20311 18775 18356 7371 4463 13899 11083 18098 19302 9367 19285 17761 19298 19429 3799 14905 9308 18991 14476 11397 6603 16452 21576 10916 17059 2231 5919 15600 18684 10639 16687 9714 11458 6673 7275 2303 19136 20567 16694 11517 18569 16198 8300 15385 10101 13051 5886 5220 7781 6438 11677 17648 19229 4690 8292 0 14879 7646 6293 17536 14112 2614 4296
5934 15028 15868 20670 11728 10870 12238 3403 12850 18486 22535 15645 7799 1160 15769 4119 13596 15407 12343 17163 13226 5042 9229 15665 14672 3826 14812 5624 15788 17486 20789 9162 16306 18807 15335 14823 15697 11459 8490 16846 10610 4490 9440 14262 5780 15808 14273 7202 21023 18979 6600 15748 10326 18392 7187 6021 18676 16408 3755 19322 15935 12167 3253 4540 8173 19281 7320 13304 6052 18797 12100 13788 8934 11712 6690 2581 5885 6483 12427 10572 7300 14247 15295 12824 16069 20990 14535 14018 15146 15898 6912 10759 20644 15217 12932 8501 8369 5394 8274 5905 18924 13248 10339 6337 15023 12477 13544 17163 13816 6251 16301 10718 18704 14435 6348 13050 6131 16360 14811 21819 5735 6370 5207 12747 8562 4310 15887 7800 4963 8174 22013 17684 9687 2917 8778 10846 11542 2211 19832 11229 10024 10222 11690 2271 4921 19155 5196 14388 6413 18968 16402 6171 15942 19385 19985 14616 14142 17127 15017 4690 19670 12261 19596 12819 11514 12321 4799 18796 4950 9895 13314 8237 12475 13716 16281 19360 4472 8176 7337 11039 18665 9800 16240 20583 9083 10079 7244 13734 20871 6264 13670 10533 8426 14879 0 8788 9530 11837 7495 12873 11143
12487 13897 13372 15625 15437 2269 5247 7661 12491 18690 17891 19175 14282 9936 10652 11045 18110 13723 6019 20750 11949 11900 12005 13759 18699 12517 17035 5445 11953 19557 17153 4083 14825 20658 19745 11715 10982 6741 6935 17407 10535 5148 14851 9849 7453 9556 8108 8822 18591 19225 2594 15916 8604 14101 11110 14599 20256 20449 12336 17914 9735 3446 12024 13032 1039 20225 14048 14394 4811 18484 14039 5589 10395 12571 15265 11329 13480 14152 18115 15951 8315 10705 19103 9346 16007 16230 19269 13091 16959 20175 12970 15607 17588 17928 17861 14676 701 8637 6855 3130 18847 17781 3662 8669 7622 6492 11502 11241 10817 13458 10868 3727 17530 18494 8368 4317 5058 15952 7296 17349 4532 13022 3634 6008 14268 7711 20160 6382 4238 1895 17695 17841 13981 5880 3319 10771 5137 7972 22148 16857 15985 1544 7043 8833 7314 20523 13896 12653 14637 20232 19824 14567 10361 18764 15749 18727 15727 15491 11357 12084 22791 12334 20138 5434 8130 15452 13407 15940 12369 9878 13336 3955 9970 5734 19667 22058 12138 10169 14737 15155 14493 13964 14215 18273 4389 5489 4609 10356 17596 13637 18381 3092 647 7646 8788 0 1384 16415 11819 5086 6057
12637 12854 12190 14249 15012 1388 3864 7928 11587 17715 16523 18635 14350 10648 9296 11333 17743 12621 4650 20192 10943 12130 11578 12631 18243 13140 16351 5392 10670 18804 15835 3086 13723 19858 19329 10504 9646 5512 6235 16495 9761 5472 14716 8553 7292 8173 6727 8459 17350 18247 2962 14984 7705 12764 10916 15143 19427 19965 12915 16773 8352 2721 12708 13569 1380 19317 14168 13623 4712 17452 13399 4409 9866 11833 15800 12002 13785 14453 17943 15777 7907 9472 18605 8159 15045 14861 18914 12094 16219 19731 13014 15356 16307 17293 17566 14678 1286 8570 6194 3638 17836 17424 2344 8445 6287 5136 10416 9858 9639 13687 9496 2362 16418 18048 8128 3591 4907 14950 5972 15988 4579 13166 4330 4625 14202 7817 19716 5799 4680 1546 16339 16872 13697 6691 2422 9983 3780 8427 21390 16702 15911 1980 5808 9263 7316 19664 14509 11570 15062 19363 19256 15046 8987 17694 14405 18284 14986 14360 10099 12401 22137 11495 19182 4070 7010 14940 13979 14689 12678 9154 12453 3238 8881 4482 19097 21354 12503 9741 14967 14802 13160 13661 13065 17045 3429 4379 4174 9149 16299 13893 18040 1710 2027 6293 9530 1384 0 16098 11643 3773 4816
6086 9480 11668 18021 1637 17305 15881 9720 7887 9564 18798 3984 4687 11425 15109 7780 1790 10378 15146 5388 9190 6971 4613 10786 2861 10459 4721 11016 13416 6728 16118 13421 10499 8014 3536 12052 14539 13128 10167 8053 7673 11788 2540 13525 8989 16670 15758 7639 14671 9864 13950 7990 9765 15447 5389 9810 8163 4570 10015 12160 16670 18489 11074 9571 15383 9301 5259 5856 11614 10416 4507 18400 6474 6174 9844 10954 7192 7095 2545 1739 8196 12410 3527 11934 8459 17836 2880 8883 5448 4077 5026 1096 15230 4363 1484 3910 15720 7963 10128 13664 10214 1439 14946 7754 17872 14800 10269 16992 11580 6453 15814 15346 11451 2625 8049 19194 11359 9072 17918 18019 11957 5812 13677 15793 3447 9181 4065 10387 12725 14660 17948 9090 2448 13051 13815 7618 14973 10332 8537 2037 2868 17868 13087 9748 9308 8761 10480 10084 8464 8718 4735 9054 15823 11206 16395 2789 5330 11127 12850 7605 7959 7256 9984 16631 11634 2555 9977 13735 7460 7824 7411 12925 10672 17986 4644 7865 8015 6399 6303 1346 15450 2451 11205 14199 13079 12895 11926 12039 15684 6675 1980 15743 16522 17536 11837 16415 16098 0 4752 17200 13477
2977 9050 10672 16678 4279 12925 12062 4997 6856 11418 17999 8251 3454 7348 12721 3881 6532 9726 11514 9813 7798 3494 2188 10088 7409 7268 7356 6376 11647 10007 15670 9243 10329 11335 8262 10345 12316 9667 6243 9746 5289 7048 3081 11031 4372 13800 12602 3396 15076 11870 9293 8911 6646 14102 734 7615 11237 9193 6781 12938 13847 14175 7657 6676 10803 11953 3639 6321 7011 11918 4890 14467 3300 5194 7963 7303 4794 5162 6305 4138 3997 10289 7971 9325 9310 16718 7628 8120 7756 8773 2339 3828 15135 7722 6120 3395 11135 3233 6136 8962 11940 6184 10815 3202 14407 11289 8606 14536 9553 4128 13407 11238 12250 7179 3522 14941 6777 9744 14378 17219 7304 3174 8937 12138 2711 4429 8761 6223 7993 10147 17274 10685 2340 8346 9502 5401 11145 5721 12337 5059 4340 13312 9715 5265 4584 11742 7856 8974 6552 11579 8997 6987 13269 12603 15416 7385 6868 11125 10931 4297 12252 6132 12365 12814 8556 4826 7206 13367 4324 4964 6943 8605 8308 14122 8867 11883 4748 2695 4973 3684 14235 2402 10637 14603 8931 9043 7500 9810 15487 4455 6727 11529 11876 14112 7495 11819 11643 4752 0 13280 9836
14929 11740 10457 11064 15866 3039 1380 10659 11104 16688 13400 19044 16417 13930 6504 13933 18663 11255 2386 20510 10109 14595 12594 11146 18906 16247 16388 7848 8426 18542 13172 4150 12305 19417 20077 8716 7045 4359 7089 15749 9885 8481 16316 6370 9297 4850 3706 9886 15133 17195 6343 14221 7637 10020 12553 18090 18894 20503 15960 15073 5038 2839 15914 16532 5074 18502 16349 13490 7205 16207 13699 1200 10726 11912 18722 15202 16340 16985 19360 17251 9285 7640 19141 6739 14163 11764 19837 11215 16084 20391 15077 16652 13876 17455 18682 16589 5049 10645 7166 7042 16669 18380 2639 10195 2546 2936 9270 6551 8106 16101 6489 2216 14859 18741 9876 2871 7276 13913 2211 12957 7323 15428 7828 1853 15980 10284 20375 7063 7910 4760 13355 15900 14974 10184 4215 10041 2242 11419 21056 18194 17614 4760 4530 12180 9634 19017 17578 10357 17808 18691 19568 17884 5959 16286 11563 18981 14892 12786 8060 15015 22121 11254 18195 762 6121 15551 16994 12478 15271 9503 11997 4986 7869 877 19405 21194 15202 10885 17347 15856 10441 14889 11456 14904 4412 4308 6182 7501 13769 16351 19022 2351 5727 2614 12873 5086 3773 17200 13280 0 3826
11862 8246 7387 9998 12095 5233 2452 8257 7352 13188 12144 15219 13145 12033 4918 11175 14889 7908 1687 16685 6460 11684 8902 7882 15095 13983 12576 5545 5908 14783 11149 2294 9003 15705 16273 5690 5090 700 3617 12120 6062 6704 12785 3834 6345 4669 3156 6478 12540 13710 5621 10588 3815 8174 9133 15562 15207 16680 13622 11996 4793 5919 13805 14070 5366 14915 13158 9688 5094 12822 9874 5001 7028 8087 16147 13115 13451 14057 15718 13652 5891 4657 15320 3369 10578 10496 16059 7600 12292 16577 11837 12994 11536 13634 14952 13217 5575 7624 3756 6161 13242 14614 2510 6969 4576 1488 5760 6058 4848 13095 5320 2669 11673 14933 6673 6347 5016 10399 4542 11535 5462 12321 6953 2326 12545 7641 16561 3870 6553 4526 11841 12368 11331 8969 3028 6216 1611 9264 17321 14592 14113 6699 992 9872 6918 15368 15217 6903 15062 15049 15743 15236 4896 13003 9841 15173 11090 9600 5300 12227 18327 7454 14683 3181 2397 11744 14580 9885 12453 5706 8246 3081 4257 4543 15580 17422 12491 7286 14281 12131 8546 11231 8289 12231 2199 1064 3903 4338 11556 13376 15259 3354 6624 4296 11143 6057 4816 13477 9836 3826 0
1 8 4 4
2 8 3 3
3 9 3 4
4 5 3 3
5 5 3 6
6 4 3 5
7 6 7 6
8 6 3 6
9 4 9 3
10 6 3 1
11 2 4 3
12 7 8 1
13 9 3 4
14 10 8 8
15 6 5 2
16 4 2 6
17 7 7 5
18 8 5 5
19 7 7 1
20 8 9 3
21 6 5 2
22 10 4 3
23 5 4 3
24 6 2 4
25 5 9 5
26 5 7 1
27 7 4 5
28 8 8 3
29 6 4 2
30 11 8 3
31 4 10 6
32 7 6 2
33 9 4 2
34 6 4 2
35 8 6 6
36 4 5 5
37 4 2 5
38 4 7 4
39 10 6 6
40 7 7 6
41 6 7 3
42 11 3 2
43 7 4 3
44 7 6 2
45 7 5 5
46 9 6 3
47 9 1 3
48 4 5 6
49 2 4 3
50 10 4 2
51 10 8 5
52 6 5 4
53 9 7 4
54 5 5 3
55 3 6 3
56 4 7 4
57 8 5 3
58 5 8 3
59 11 7 3
60 3 6 5
61 9 6 5
62 5 13 5
63 7 8 5
64 5 6 3
65 6 8 5
66 4 6 2
67 7 5 3
68 10 7 5
69 4 4 6
70 6 4 2
71 4 4 7
72 5 4 2
73 3 4 2
74 5 6 6
75 9 4 1
76 10 7 3
77 10 6 3
78 6 6 7
79 5 3 4
80 8 7 3
81 5 7 6
82 7 12 2
83 6 8 2
84 10 6 4
85 5 9 3
86 5 7 5
87 8 6 4
88 3 6 4
89 5 3 7
90 7 8 2
91 6 6 4
92 6 8 7
93 6 1 5
94 9 5 4
95 6 5 5
96 10 5 4
97 4 8 2
98 6 5 4
99 5 6 6
100 6 5 1
101 4 7 4
102 7 5 3
103 8 1 2
104 9 7 1
105 6 5 7
106 5 8 1
107 5 4 4
108 9 4 5
109 8 7 6
110 12 7 6
111 7 7 4
112 2 6 3
113 1 7 1
114 3 4 5
115 7 7 2
116 9 2 5
117 6 7 5
118 4 4 6
119 6 3 2
120 11 5 5
121 8 4 4
122 7 6 3
123 8 5 1
124 8 6 3
125 7 4 5
126 4 6 2
127 6 6 2
128 4 4 5
129 7 3 3
130 6 5 3
131 6 6 5
132 5 9 4
133 3 4 4
134 4 8 4
135 5 6 6
136 6 8 5
137 9 5 4
138 8 7 2
139 10 3 4
140 5 6 3
141 6 6 1
142 6 7 10
143 2 4 4
144 6 8 1
145 4 7 5
146 7 7 0
147 8 5 4
148 4 5 4
149 7 9 6
150 5 4 3
151 6 3 4
152 9 3 2
153 2 2 2
154 6 7 6
155 5 3 4
156 5 3 5
157 7 6 1
158 6 6 2
159 5 4 2
160 3 4 6
161 6 5 3
162 6 12 2
163 4 8 4
164 9 6 4
165 11 7 5
166 8 5 3
167 5 3 0
168 3 4 3
169 6 6 3
170 7 1 4
171 5 4 2
172 1 6 3
173 6 6 1
174 9 9 1
175 8 5 7
176 7 5 1
177 7 9 3
178 10 3 1
179 9 4 7
180 5 6 1
181 10 8 4
182 5 4 3
183 5 5 4
184 8 6 3
185 6 6 5
186 6 6 2
187 9 5 5
188 7 5 4
189 7 9 3
190 4 4 3
191 8 8 4
192 6 7 3
193 5 5 1
194 8 8 7
195 12 3 5
196 9 7 5
197 5 5 2
198 5 10 4
199 9 7 5
200 5 7 1
