3600 400 3
30 60 700 9.00
0 6 86 1
0 16 111 3
0 4 371 1
0 8 302 1
0 6 384 1
0 1 121 1
0 7 190 2
0 23 222 2
0 3 159 3
0 13 138 1
0 19 357 3
0 4 51 1
0 1 37 2
0 8 220 2
0 7 16 2
0 19 54 2
0 18 3 2
0 13 240 3
0 1 57 2
0 10 339 3
0 4 128 1
0 8 237 2
0 9 74 1
0 1 322 1
0 21 374 2
0 12 367 1
0 1 259 2
0 16 118 1
0 9 18 2
0 3 387 1
0 13 295 3
0 2 235 1
0 10 367 3
0 25 154 2
0 7 46 3
0 12 259 1
0 17 73 1
0 4 123 1
0 19 84 1
0 6 78 3
0 2 80 1
0 4 340 2
0 5 387 2
0 3 176 1
0 5 258 3
0 12 116 1
0 7 375 3
0 7 234 3
0 6 394 2
0 13 373 2
0 4 261 3
0 4 173 2
0 5 14 1
0 7 387 1
0 3 87 3
0 2 160 3
0 16 157 2
0 6 296 3
0 17 30 2
0 7 297 2
0 1 111 3
0 6 188 2
0 11 33 2
0 7 315 3
0 12 131 3
0 2 84 2
0 7 215 2
0 21 81 1
0 1 141 2
0 1 166 2
0 1 97 3
0 12 225 2
0 19 302 1
0 7 189 3
0 7 40 3
0 5 70 2
0 15 69 2
0 11 19 3
0 6 154 2
0 14 143 3
0 5 279 3
0 5 264 3
0 9 23 1
0 18 199 3
0 24 31 2
0 8 388 1
0 15 373 2
0 3 199 2
0 1 352 2
0 9 327 1
0 3 16 2
0 18 332 3
0 4 264 3
0 1 77 3
0 2 91 1
0 2 120 1
0 15 357 3
0 3 271 1
0 5 35 3
0 25 43 2
0 7 124 1
0 4 292 3
0 22 56 1
0 7 53 1
0 16 229 1
0 7 116 1
0 5 303 2
0 12 38 3
0 3 281 1
0 11 224 2
0 19 359 1
0 3 136 1
0 4 245 3
0 8 184 1
0 11 322 2
0 13 276 1
0 7 26 3
0 2 327 3
0 4 398 1
0 15 36 3
0 1 204 3
0 10 114 1
0 5 396 2
0 14 359 3
0 4 56 1
0 4 121 3
0 2 205 2
0 14 184 2
0 18 279 2
0 23 286 2
0 1 195 3
0 3 27 1
0 4 275 3
0 8 355 1
0 14 392 3
0 23 371 3
0 9 219 3
0 13 127 3
0 6 65 3
0 7 195 2
0 5 188 3
0 13 119 3
0 13 8 2
0 1 214 3
0 10 363 3
0 8 72 3
0 8 194 1
0 16 393 3
0 6 205 2
0 4 383 2
0 4 344 3
0 3 373 1
0 7 206 1
0 11 4 1
0 12 74 3
0 12 284 1
0 3 373 3
0 4 145 1
0 9 209 1
0 8 57 3
0 4 151 1
0 3 390 3
0 1 38 2
0 7 36 1
0 5 352 1
0 1 345 3
0 10 265 3
0 5 284 2
0 11 384 2
0 3 352 2
0 2 219 1
0 23 271 3
0 4 128 1
0 3 62 3
0 19 55 3
0 8 117 3
0 18 283 1
0 1 175 2
0 2 194 3
0 3 278 1
0 2 120 3
0 4 215 2
0 17 125 3
0 5 100 3
0 8 55 1
0 15 99 1
0 7 190 2
0 3 346 1
0 2 301 1
0 6 147 2
0 16 331 2
0 4 116 1
0 20 137 3
0 3 147 2
0 3 324 2
0 13 32 1
0 1 233 1
0 5 101 2
0 9 383 1
0 17 25 1
0 6 192 1
0 5 97 1
0 19 55 3
0 18 360 2
0 14 249 1
0 5 128 2
0 12 280 3
0 1 365 1
0 19 344 3
0 15 6 1
0 1 299 3
0 18 183 3
0 7 114 3
0 4 55 3
0 3 389 1
0 3 230 3
0 15 281 3
0 3 88 2
0 13 27 2
0 14 150 1
0 9 4 1
0 5 239 2
0 5 14 2
0 2 366 3
0 25 368 3
0 4 20 1
0 14 196 1
0 13 253 1
0 5 155 1
0 6 266 1
0 12 231 1
0 7 221 2
0 19 113 3
0 19 242 2
0 10 306 3
0 2 78 1
0 8 276 1
0 2 208 2
0 19 194 3
0 5 177 3
0 13 152 2
0 7 68 3
0 21 166 2
0 13 237 3
0 6 377 1
0 5 108 2
0 12 150 3
0 8 39 3
0 16 139 1
0 2 249 2
0 1 146 1
0 2 180 2
0 1 168 1
0 1 3 3
0 11 84 1
0 6 292 1
0 1 114 1
0 4 242 1
0 14 2 1
0 6 95 2
0 1 307 2
0 16 381 3
0 7 336 3
0 3 353 3
0 10 146 3
0 2 332 1
0 15 34 2
0 1 15 3
0 9 328 3
0 18 115 2
0 8 400 2
0 3 8 2
0 4 11 2
0 10 195 1
0 22 75 2
0 2 183 1
0 3 39 2
0 2 386 3
0 2 127 3
0 21 350 1
0 8 73 1
0 19 241 1
0 1 96 2
0 12 53 3
0 11 146 2
0 17 184 2
0 15 99 2
0 15 224 1
0 6 275 1
0 9 246 3
0 2 300 1
0 5 295 2
0 17 254 1
0 3 156 1
0 9 142 2
0 7 79 2
0 5 201 1
0 4 10 1
0 1 313 3
0 2 96 1
0 3 360 1
0 18 339 3
0 10 98 3
0 10 370 3
0 13 82 2
0 6 231 1
0 7 187 3
0 2 383 1
0 14 134 2
0 2 149 1
0 7 51 1
0 25 71 3
0 6 337 1
0 4 77 3
0 10 242 1
0 9 309 3
0 7 226 3
0 3 261 3
0 7 379 2
0 7 376 3
0 3 30 2
0 10 281 3
0 9 244 3
0 2 347 3
0 3 100 2
0 4 254 1
0 2 115 3
0 7 102 1
0 6 182 2
0 6 44 2
0 2 181 3
0 20 214 1
0 8 273 3
0 4 387 1
0 20 383 1
0 5 341 1
0 7 36 1
0 1 157 1
0 4 156 3
0 16 124 2
0 4 168 3
0 11 160 1
0 10 229 1
0 4 381 3
0 6 181 1
0 12 324 3
0 6 70 3
0 7 285 2
0 6 150 2
0 2 377 2
0 16 283 3
0 5 103 2
0 5 11 1
0 3 385 1
0 6 356 2
0 3 379 2
0 3 21 3
0 9 75 3
0 2 37 1
0 13 60 3
0 4 49 1
0 11 19 3
0 14 104 3
0 11 157 1
0 8 187 1
0 18 40 1
0 20 337 1
0 1 120 1
0 7 59 2
0 9 30 3
0 4 150 3
0 8 258 2
0 4 80 2
0 3 240 3
0 6 272 1
0 15 145 1
0 13 240 2
0 2 389 2
0 15 337 1
0 4 72 3
0 10 373 1
0 12 305 2
0 16 97 3
0 16 362 1
0 8 222 2
0 5 110 2
0 13 67 3
0 4 44 2
0 5 326 3
0 19 252 2
0 2 166 3
0 3 150 3
0 15 188 1
0 6 36 2
0 3 43 3
0 2 13 2
0 1 258 3
0 1 42 2
0 1 387 2
0 9 257 3
0 5 354 1
0 14 325 2
0 20 96 2
0 4 387 2
0 4 175 3
0 1 323 3
0 1 6 1
0 2 236 2
0 14 102 1
0 1 253 2
0 4 277 2
0 21 27 1
0 25 117 2
0 12 196 3
0 6 261 3
0 10 227 1
0 8 310 2
0 4 295 1
0 4 46 3
0 19 357 2
0 4 367 2
0 4 46 3
0 13 288 2
0 5 264 1
0 6 392 1
0 14 239 1
0 3 68 2
0 10 183 1
0 11 16 1
0 20 230 1
0 15 202 2
0 1 251 2
0 19 207 1
0 10 166 2
0 11 133 2
0 15 70 3
0 3 242 1
0 14 370 1
0 12 385 3
0 15 288 3
0 1 74 1
0 2 152 2
0 8 399 1
0 5 161 2
0 3 51 2
0 2 167 2
0 3 315 2
0 3 74 2
0 10 359 1
0 1 185 2
0 14 215 3
0 4 166 3
0 14 239 2
0 4 73 2
0 11 229 2
0 9 217 2
0 13 193 3
0 2 60 2
0 11 256 2
0 15 400 2
0 5 233 1
0 3 311 2
0 15 262 1
0 14 11 2
0 2 58 2
0 6 78 3
0 5 353 3
0 23 381 2
0 12 95 2
0 8 112 2
0 15 80 3
0 14 7 2
0 14 15 2
0 4 209 1
0 7 56 3
0 10 162 3
0 11 298 2
0 9 36 3
0 16 73 2
0 3 104 2
0 4 313 3
0 5 352 1
0 3 68 2
0 7 118 2
0 3 380 3
0 21 343 3
0 5 235 2
0 8 57 1
0 5 81 1
0 1 39 2
0 19 39 1
0 17 25 3
0 12 215 3
0 7 273 1
0 8 90 2
0 3 107 1
0 1 88 2
0 4 386 1
0 4 363 3
0 12 18 1
0 15 140 2
0 13 299 2
0 2 327 3
0 3 232 1
0 1 244 3
0 2 45 3
0 9 209 1
0 10 204 2
0 16 9 1
0 4 305 2
0 10 85 1
0 4 85 1
0 10 16 2
0 24 21 2
0 4 254 2
0 1 161 2
0 8 277 1
0 10 183 1
0 13 283 2
0 8 250 1
0 14 25 1
0 2 383 3
0 3 163 1
0 1 339 3
0 15 62 3
0 2 163 3
0 24 118 3
0 2 400 3
0 8 13 3
0 3 219 2
0 22 51 1
0 25 364 1
0 9 388 1
0 9 312 1
0 7 179 3
0 24 295 1
0 7 89 1
0 12 114 1
0 14 258 1
0 1 384 1
0 12 278 1
0 20 287 3
0 24 268 2
0 14 188 1
0 3 2 3
0 4 239 1
0 1 231 3
0 8 342 1
0 23 99 2
0 1 49 1
0 1 9 1
0 10 31 3
0 15 174 3
0 10 160 2
0 8 176 2
0 2 259 3
0 12 330 2
0 4 156 3
0 9 338 2
0 5 368 3
0 16 17 3
0 10 123 1
0 3 291 3
0 19 355 1
0 18 265 2
0 7 135 1
0 23 66 2
0 5 124 2
0 4 28 2
0 13 302 3
0 5 274 3
0 10 350 3
0 5 216 1
0 22 344 2
0 9 348 1
0 3 348 2
0 24 232 2
0 11 268 2
0 12 387 1
0 1 245 2
0 4 16 3
0 1 242 2
0 9 183 1
0 3 235 1
0 21 45 1
0 12 317 1
0 2 279 1
0 1 56 2
0 5 342 2
0 3 396 1
0 2 224 1
0 10 130 2
0 1 137 3
0 6 4 2
0 7 166 2
0 3 240 2
0 5 180 3
0 5 215 3
0 15 253 2
0 20 215 3
0 24 296 3
0 6 225 1
0 4 146 2
0 13 290 2
0 1 360 1
0 4 257 1
0 5 75 3
0 9 301 2
0 14 396 2
0 16 378 3
0 14 181 2
0 2 142 3
0 2 55 3
0 8 278 2
0 8 233 1
0 12 142 2
0 1 83 3
0 25 377 2
0 15 212 2
0 3 278 1
0 3 221 3
0 9 349 1
0 6 261 2
0 1 131 1
0 3 75 2
0 10 391 1
0 6 335 1
0 1 319 1
0 12 16 1
0 2 44 1
0 1 91 1
0 25 143 2
0 4 48 1
0 8 175 2
0 5 69 1
0 4 24 1
0 3 134 2
0 8 351 3
0 1 286 2
0 5 82 1
0 12 105 3
0 5 348 3
0 2 391 2
0 4 73 3
0 7 189 3
0 15 10 1
0 11 254 1
0 8 335 3
0 12 163 3
0 4 64 3
0 4 349 2
0 18 270 1
0 14 182 1
0 10 145 2
0 2 53 2
0 13 122 3
0 18 13 1
0 2 7 2
0 10 223 2
0 6 262 3
0 7 210 3
0 13 232 2
0 19 183 2
0 18 5 1
0 16 199 1
0 9 309 2
0 19 241 1
0 16 232 1
0 2 388 1
0 8 201 3
0 10 52 3
0 4 110 2
0 16 41 1
0 3 190 3
0 20 231 1
0 6 226 1
0 8 21 2
0 1 202 1
0 8 174 3
0 12 86 3
0 5 132 1
0 4 5 1
0 4 302 3
0 3 336 3
0 4 398 2
0 1 124 2
0 14 325 2
0 7 331 1
0 1 61 3
0 2 116 1
0 6 283 3
0 14 232 1
0 6 33 2
0 17 99 3
0 2 192 3
0 2 314 3
0 3 385 3
0 18 157 1
0 16 220 3
0 6 393 3
0 10 363 1
0 9 329 2
0 10 157 1
0 11 192 1
0 2 147 1
0 15 221 1
0 15 284 2
0 15 230 1
0 4 392 1
0 19 146 3
0 11 88 2
0 7 331 3
0 1 86 2
0 7 159 3
0 11 286 2
0 3 242 1
0 5 128 1
0 8 208 3
0 5 275 3
0 16 59 3
0 9 399 3
0 8 362 2
0 5 253 1
0 3 260 2
0 21 213 2
0 1 137 1
0 15 289 1
0 1 152 1
0 9 269 1
0 9 132 3
0 22 339 3
0 14 175 1
0 2 109 2
0 1 272 3
0 10 1 1
0 2 71 1
0 3 113 3
0 2 264 2
0 20 161 1
0 16 18 2
0 11 33 3
0 1 351 1
0 20 306 1
0 18 391 2
0 3 171 1
0 10 149 1
0 16 177 2
0 15 351 1
0 1 162 2
0 4 329 3
0 9 79 1
0 15 228 3
0 2 359 3
0 9 100 2
0 2 132 2
0 14 323 1
0 7 113 2
0 6 184 3
0 1 221 3
0 11 260 1
0 5 344 1
0 1 25 1
0 3 185 2
0 7 185 2
0 2 370 3
0 3 278 2
0 2 355 1
0 11 50 3
0 6 101 1
0 5 104 2
0 2 174 2
0 16 306 2
0 1 172 1
0 14 246 2
0 23 95 1
0 1 327 3
0 3 275 2
0 1 28 3
0 3 24 2
0 2 214 1
0 5 317 1
0 9 120 2
0 15 275 2
0 13 368 3
0 12 220 3
0 4 53 3
0 4 56 1
0 5 369 2
0 2 259 1
0 10 29 1
0 17 300 1
0 9 32 2
0 1 96 3
0 1 350 3
0 10 158 3
0 11 285 1
0 5 91 3
0 2 241 1
0 6 243 3
0 10 213 2
0 21 302 3
0 9 14 2
0 8 377 2
0 17 279 1
0 4 44 2
0 12 54 3
0 23 231 1
0 16 59 3
0 5 342 2
0 9 158 2
0 11 12 2
0 4 74 3
0 9 300 3
0 13 174 1
0 4 264 1
0 1 107 2
0 3 30 2
0 8 58 1
0 18 127 1
0 8 107 3
0 11 52 3
0 17 26 1
0 6 382 1
0 13 297 3
0 20 242 2
0 3 149 2
0 1 35 2
0 6 181 1
0 2 284 3
0 1 42 2
0 5 25 3
0 7 25 1
0 11 107 1
0 7 245 3
0 2 217 2
0 9 322 3
0 3 173 3
0 14 323 2
0 1 189 2
0 2 44 2
0 8 122 3
0 7 72 1
0 19 5 3
0 1 275 3
0 13 92 2
0 4 12 1
0 2 114 3
0 7 225 1
0 6 205 1
0 25 186 2
0 2 25 2
0 1 392 1
0 18 374 3
0 15 30 2
0 8 102 3
0 12 171 3
0 10 344 1
0 5 335 1
0 14 307 3
0 24 383 3
0 1 338 3
0 2 226 3
0 16 224 3
0 3 80 2
0 11 128 1
0 15 55 1
0 18 257 3
0 1 229 2
0 8 236 1
0 3 246 2
0 13 118 1
0 5 59 3
0 6 263 2
0 20 387 2
0 15 369 2
0 20 352 3
0 2 93 1
0 10 273 2
0 5 10 3
0 9 266 2
0 3 142 3
0 6 236 3
0 10 92 3
0 9 377 3
0 6 15 2
0 13 326 2
0 11 179 3
0 2 337 3
0 18 350 3
0 10 368 3
0 24 54 2
0 2 276 2
0 8 124 2
0 4 278 2
0 3 99 2
0 16 308 2
0 9 367 2
0 15 242 3
0 19 376 1
0 11 108 1
0 1 78 3
0 7 377 1
0 7 292 2
0 11 159 2
0 2 153 3
0 20 390 3
0 12 350 1
0 1 362 1
0 9 268 2
0 12 145 2
0 4 7 3
0 9 86 3
0 17 97 3
0 3 65 1
0 19 8 1
0 3 228 1
0 7 311 1
0 10 248 2
0 19 220 3
0 7 209 2
0 16 20 2
0 6 365 1
0 1 358 1
0 1 109 2
0 7 359 2
0 5 203 3
0 19 262 3
0 11 8 1
0 18 204 2
0 5 19 2
0 2 145 2
0 10 249 2
0 19 275 2
0 10 367 3
0 8 333 3
0 17 89 2
0 4 51 1
0 21 348 3
0 6 193 2
0 5 55 1
0 25 294 1
0 9 102 3
0 2 321 1
0 12 109 2
0 17 67 2
0 6 115 2
0 1 285 1
0 1 6 3
0 6 37 3
0 4 190 2
0 11 2 2
0 6 43 3
0 8 136 2
0 25 93 2
0 4 327 1
0 6 195 3
0 3 96 2
0 4 83 2
0 22 383 1
0 5 168 3
0 4 126 2
0 5 360 3
0 5 203 1
0 5 297 2
0 10 40 2
0 5 82 1
0 8 160 1
0 4 27 2
0 5 158 2
0 8 289 2
0 8 378 1
0 2 340 3
0 2 243 3
0 16 331 3
0 5 11 3
0 8 190 1
0 7 173 2
0 16 238 3
0 2 371 3
0 1 316 3
0 9 148 1
0 1 190 3
0 22 186 3
0 19 350 1
0 9 119 2
0 10 330 3
0 1 243 1
0 15 171 2
0 16 348 3
0 5 303 1
0 16 232 2
0 8 235 2
0 7 8 2
0 4 143 3
0 19 257 1
0 5 34 2
0 17 125 2
0 9 314 3
0 3 288 3
0 18 359 2
0 11 179 1
0 16 73 2
0 3 109 3
0 6 36 3
0 3 345 3
0 16 159 3
0 13 19 2
0 8 319 3
0 16 142 2
0 4 248 1
0 5 85 3
0 18 197 2
0 13 110 2
0 12 263 2
0 20 272 1
0 3 300 3
0 13 383 3
0 5 205 1
0 16 1 1
0 2 82 1
0 6 252 3
0 7 124 2
0 25 242 2
0 3 191 1
0 7 60 2
0 10 86 3
0 6 79 2
0 11 391 3
0 9 304 3
0 9 281 2
0 4 18 3
0 14 262 2
0 9 4 3
0 3 38 1
0 8 267 1
0 4 300 2
0 6 13 3
0 17 115 3
0 1 27 1
0 20 369 1
0 12 2 2
0 9 184 2
0 2 13 3
0 21 44 1
0 4 295 2
0 4 86 2
0 23 133 1
0 9 85 2
0 2 189 3
0 8 74 2
0 8 19 3
0 12 140 2
0 19 6 1
0 5 211 2
0 8 198 3
0 1 180 3
0 20 37 2
0 16 201 3
0 3 223 2
0 1 294 2
0 15 287 2
0 21 197 2
0 2 292 3
0 1 353 3
0 13 215 2
0 3 181 1
0 7 344 1
0 4 137 2
0 7 172 3
0 2 333 1
0 15 208 1
0 10 68 1
0 6 316 3
0 6 321 1
0 2 30 3
0 7 15 2
0 17 193 1
0 8 131 2
0 10 227 1
0 3 342 1
0 3 73 3
0 5 271 3
0 8 245 3
0 3 296 1
0 2 41 1
0 3 233 1
0 12 360 2
0 12 197 2
0 8 382 1
0 11 85 2
0 11 197 1
0 11 328 3
0 2 176 1
0 6 25 1
0 13 234 2
0 1 174 3
0 19 353 1
0 18 175 2
0 9 65 2
0 4 33 1
0 11 182 3
0 8 367 3
0 3 376 3
0 5 343 3
0 1 286 1
0 19 227 2
0 9 236 1
0 18 376 3
0 3 110 2
0 5 376 2
0 4 35 1
0 1 17 1
0 2 281 1
0 8 234 2
0 3 189 3
0 7 320 3
0 17 337 2
0 2 277 2
0 15 31 1
0 8 18 2
0 18 10 3
0 4 75 1
0 7 269 1
0 8 251 2
0 7 390 3
0 5 390 3
0 10 282 1
0 1 2 3
0 18 378 1
0 2 300 2
0 5 274 3
0 13 56 2
0 11 378 1
0 4 29 2
0 1 379 3
0 2 188 3
0 1 335 3
0 13 272 1
0 8 397 1
0 4 242 3
0 3 61 2
0 8 385 2
0 5 17 3
0 14 180 3
0 4 194 2
0 24 282 3
0 3 266 3
0 2 256 2
0 9 99 1
0 2 379 3
0 13 371 1
0 11 138 3
0 7 295 3
0 2 365 1
0 7 35 3
0 23 22 3
0 6 27 2
0 1 50 2
0 4 360 1
0 11 354 3
0 6 107 3
0 4 382 2
0 8 344 3
0 12 247 3
0 9 298 2
0 3 55 2
0 24 219 2
0 16 39 2
0 9 175 1
0 24 73 2
0 14 213 2
0 19 341 3
0 13 253 3
0 1 107 3
0 9 22 3
0 13 289 3
0 25 372 2
0 9 230 1
0 2 249 1
0 20 130 1
0 21 269 2
0 5 189 3
0 5 270 3
0 6 216 1
0 2 122 3
0 7 102 3
0 4 208 1
0 1 32 3
0 5 261 1
0 14 388 2
0 1 205 1
0 14 216 3
0 3 227 2
0 8 182 1
0 11 143 2
0 10 136 3
0 1 119 1
0 1 362 2
0 8 350 3
0 1 38 1
0 10 25 1
0 4 44 1
0 1 318 3
0 1 10 3
0 1 220 3
0 10 346 3
0 4 210 1
0 4 381 3
0 2 87 1
0 1 262 1
0 6 162 3
0 1 267 2
0 10 106 3
0 10 166 3
0 10 198 3
0 8 131 1
0 5 138 2
0 8 165 2
0 5 52 3
0 5 359 3
0 1 300 1
0 10 155 1
0 12 251 1
0 19 392 3
0 2 172 3
0 8 246 1
0 2 173 3
0 24 176 1
0 5 78 1
0 4 47 3
0 4 26 3
0 14 232 2
0 25 214 2
0 12 341 2
0 10 76 1
0 3 355 2
0 1 217 1
0 8 111 1
0 11 26 2
0 6 41 1
0 12 270 2
0 24 251 3
0 7 226 3
0 14 183 2
0 8 96 3
0 10 318 3
0 3 355 2
0 12 209 1
0 5 55 3
0 4 400 2
0 16 7 2
0 4 297 3
0 7 342 2
0 1 211 1
0 21 131 3
0 1 131 1
0 20 209 2
0 1 168 1
0 17 7 2
0 20 287 3
0 3 397 2
0 4 309 2
0 15 168 3
0 8 302 2
0 5 240 3
0 1 57 3
0 1 359 1
0 12 278 3
0 21 116 2
0 3 378 2
0 10 120 2
0 8 223 2
0 3 305 2
0 2 49 1
0 9 79 1
0 7 208 3
0 7 167 1
0 12 342 1
0 2 14 3
0 3 55 2
0 3 358 3
0 9 367 3
0 6 257 3
0 14 80 2
0 11 349 3
0 15 149 2
0 2 124 2
0 22 234 1
0 6 156 2
0 6 381 3
0 22 207 3
0 9 193 3
0 2 310 1
0 4 302 3
0 1 349 1
0 4 393 3
0 5 240 2
0 14 372 1
0 8 171 2
0 21 311 1
0 15 31 1
0 6 271 2
0 8 290 2
0 17 32 2
0 6 228 2
0 3 68 1
0 7 66 2
0 3 337 1
0 23 194 3
0 6 244 3
0 2 334 3
0 8 165 3
0 8 259 2
0 5 43 3
0 9 281 2
0 1 335 3
0 13 395 2
0 6 359 2
0 9 111 2
0 8 89 1
0 13 48 3
0 14 92 1
0 1 120 1
0 3 149 1
0 16 278 1
0 3 119 1
0 10 84 2
0 6 156 3
0 8 149 2
0 6 78 1
0 15 276 2
0 9 118 3
0 1 359 2
0 1 361 1
0 13 93 1
0 1 141 3
0 3 81 3
0 8 277 2
0 14 331 1
0 20 266 3
0 3 247 2
0 25 84 2
0 22 178 1
0 15 221 1
0 1 20 2
0 10 149 2
0 13 235 2
0 12 37 2
0 20 342 3
0 9 35 3
0 19 19 3
0 20 265 2
0 2 175 1
0 22 393 1
0 6 276 3
0 3 197 3
0 5 190 1
0 4 334 1
0 8 250 3
0 10 90 1
0 17 221 1
0 7 330 2
0 2 37 2
0 8 376 3
0 8 211 3
0 2 163 3
0 22 296 2
0 7 161 2
0 9 81 3
0 11 34 1
0 16 34 3
0 1 285 3
0 16 89 3
0 11 106 1
0 5 243 1
0 7 85 1
0 1 329 2
0 23 113 3
0 11 49 3
0 25 374 3
0 5 388 1
0 4 251 1
0 7 191 3
0 2 142 1
0 10 133 3
0 4 96 3
0 24 210 1
0 2 114 1
0 9 108 3
0 6 214 2
0 2 58 1
0 12 353 2
0 2 158 1
0 14 350 3
0 8 157 3
0 4 254 3
0 13 215 1
0 3 193 3
0 8 67 3
0 4 119 2
0 11 368 1
0 11 55 2
0 2 12 2
0 2 193 3
0 25 196 2
0 7 72 2
0 16 35 2
0 19 1 2
0 6 39 1
0 9 308 3
0 5 385 3
0 11 380 2
0 2 168 1
0 17 384 2
0 13 144 1
0 12 198 2
0 2 37 2
0 12 381 1
0 8 283 1
0 2 142 2
0 3 188 2
0 6 301 2
0 1 205 2
0 5 23 1
0 13 377 1
0 25 59 3
0 11 83 2
0 5 152 2
0 4 316 2
0 14 57 1
0 7 224 2
0 4 146 3
0 1 343 2
0 16 376 1
0 8 4 3
0 25 276 2
0 11 49 3
0 1 383 2
0 1 15 3
0 15 201 3
0 3 137 2
0 22 55 3
0 18 233 2
0 7 51 2
0 5 137 2
0 7 346 2
0 6 136 3
0 12 88 2
0 5 62 1
0 16 285 2
0 9 51 1
0 1 72 2
0 6 379 3
0 8 278 1
0 2 394 2
0 20 107 3
0 20 362 3
0 5 326 2
0 2 258 1
0 1 270 1
0 14 349 1
0 22 107 2
0 9 108 1
0 8 361 3
0 3 376 1
0 20 83 2
0 21 326 1
0 1 61 2
0 6 304 2
0 9 193 3
0 8 232 2
0 1 390 2
0 3 390 3
0 2 151 1
0 17 170 2
0 5 136 1
0 7 97 2
0 9 262 3
0 2 19 1
0 6 81 2
0 4 221 1
0 1 128 3
0 23 307 2
0 2 289 2
0 6 202 1
0 4 131 2
0 2 122 1
0 25 109 3
0 2 186 3
0 4 16 2
0 14 244 3
0 1 116 3
0 6 255 3
0 12 320 2
0 3 63 1
0 15 333 2
0 2 378 1
0 14 56 3
0 16 165 2
0 11 37 3
0 2 330 3
0 1 220 2
0 10 257 3
0 24 390 1
0 5 359 3
0 6 157 2
0 2 96 3
0 1 381 3
0 12 119 2
0 22 51 1
0 15 282 2
0 5 162 3
0 2 320 2
0 8 53 2
0 5 118 2
0 8 302 2
0 22 262 1
0 3 254 1
0 3 291 1
0 16 111 3
0 2 55 3
0 13 320 1
0 8 370 1
0 2 383 1
0 12 184 1
0 2 288 1
0 10 210 2
0 4 188 3
0 1 186 2
0 9 136 3
0 20 149 1
0 15 7 2
0 3 41 1
0 6 287 2
0 17 395 2
0 4 124 1
0 12 31 1
0 1 282 2
0 1 189 3
0 1 132 2
0 8 194 2
0 10 283 2
0 12 311 2
0 9 250 3
0 9 58 3
0 11 193 2
0 6 61 2
0 10 341 3
0 7 299 3
0 16 307 1
0 4 180 1
0 8 11 1
0 5 285 2
0 6 374 2
0 4 12 2
0 19 256 2
0 11 198 2
0 15 40 1
0 12 145 1
0 2 262 3
0 6 3 2
0 22 56 3
0 13 19 1
0 3 233 3
0 1 152 3
0 6 58 1
0 1 107 3
0 6 161 1
0 6 4 2
0 4 43 3
0 10 190 3
0 1 46 3
0 12 325 1
0 1 234 2
0 3 133 1
0 2 351 1
0 9 364 3
0 16 168 1
0 9 351 2
0 6 361 1
0 5 69 3
0 4 80 1
0 4 205 3
0 3 87 2
0 4 23 1
0 23 188 2
0 6 370 2
0 1 8 3
0 11 146 2
0 7 69 2
0 1 111 3
0 19 285 2
0 13 381 3
0 2 138 3
0 2 114 3
0 20 85 1
0 4 399 2
0 7 83 2
0 2 275 1
0 14 214 2
0 6 203 3
0 16 241 2
0 3 272 2
0 10 227 3
0 10 201 3
0 2 114 2
0 2 346 1
0 4 43 2
0 10 255 3
0 2 41 2
0 13 86 2
0 7 28 3
0 5 25 3
0 13 180 1
0 8 82 3
0 3 288 2
0 6 303 2
0 4 385 3
0 4 107 3
0 8 72 3
0 7 247 3
0 4 203 1
0 13 188 3
0 4 283 3
0 21 330 1
0 1 110 1
0 17 274 2
0 22 345 2
0 3 60 3
0 5 305 3
0 3 90 3
0 18 354 1
0 3 252 1
0 6 225 1
0 8 310 3
0 19 118 3
0 5 116 2
0 4 334 1
0 19 321 3
0 25 9 2
0 14 338 3
0 3 132 1
0 1 309 3
0 7 254 1
0 9 231 2
0 6 9 3
0 4 201 3
0 2 5 2
0 8 140 3
0 16 249 3
0 7 67 2
0 6 39 1
0 20 234 3
0 2 249 1
0 2 203 3
0 15 190 1
0 4 168 1
0 2 183 2
0 8 216 1
0 3 115 3
0 12 173 3
0 1 346 3
0 6 291 3
0 14 72 1
0 7 369 1
0 8 298 2
0 1 349 3
0 5 320 3
0 3 7 1
0 17 293 1
0 14 281 2
0 16 114 3
0 5 69 2
0 11 95 3
0 9 84 2
0 6 8 3
0 7 26 1
0 10 80 3
0 1 378 2
0 3 200 1
0 8 219 1
0 1 184 2
0 1 55 3
0 5 278 3
0 15 109 1
0 1 42 1
0 11 121 3
0 14 239 2
0 10 6 1
0 19 84 3
0 5 394 3
0 3 254 1
0 3 283 3
0 6 265 3
0 24 302 3
0 14 382 2
0 2 317 2
0 8 333 3
0 5 299 3
0 7 28 3
0 21 400 1
0 2 73 3
0 1 34 1
0 10 360 1
0 4 123 2
0 21 11 1
0 3 196 3
0 18 2 3
0 12 164 1
0 16 316 2
0 3 323 1
0 5 265 2
0 11 109 2
0 11 309 1
0 15 104 2
0 5 132 3
0 3 348 2
0 4 119 1
0 4 39 2
0 14 369 3
0 5 14 1
0 9 71 1
0 4 76 3
0 1 328 3
0 6 390 1
0 11 181 3
0 5 162 3
0 12 295 2
0 7 334 1
0 4 145 3
0 4 75 2
0 7 112 1
0 3 383 3
0 12 343 1
0 4 239 2
0 7 189 2
0 17 260 2
0 6 288 1
0 2 54 2
0 7 366 1
0 25 96 2
0 4 44 2
0 2 176 3
0 7 269 1
0 4 160 3
0 4 33 3
0 10 174 1
0 11 62 1
0 11 359 1
0 2 76 3
0 15 277 2
0 13 389 3
0 5 142 2
0 6 1 1
0 5 165 2
0 4 293 2
0 5 262 2
0 6 28 1
0 2 341 2
0 8 102 2
0 20 246 1
0 4 294 2
0 24 15 1
0 6 355 3
0 4 300 3
0 7 357 2
0 5 328 2
0 22 167 1
0 1 196 3
0 23 379 2
0 13 254 3
0 9 83 1
0 6 66 1
0 16 335 2
0 6 314 2
0 19 133 3
0 25 294 3
0 23 378 2
0 5 294 1
0 1 92 2
0 12 155 2
0 21 349 3
0 10 236 3
0 2 103 3
0 9 54 1
0 5 322 2
0 20 290 2
0 3 346 3
0 2 299 3
0 12 229 3
0 2 16 2
0 12 40 1
0 2 263 3
0 1 83 1
0 9 221 2
0 4 104 3
0 4 309 3
0 5 120 3
0 9 331 1
0 25 135 2
0 3 21 3
0 3 375 1
0 5 280 1
0 24 162 3
0 8 304 1
0 5 275 2
0 12 368 2
0 19 317 2
0 8 197 2
0 7 204 1
0 3 286 3
0 1 35 2
0 17 270 1
0 7 235 3
0 3 260 3
0 21 351 1
0 5 115 2
0 18 227 1
0 2 37 3
0 5 156 2
0 15 321 3
0 8 193 1
0 13 273 1
0 6 117 3
0 14 261 3
0 4 96 2
0 13 212 3
0 4 256 3
0 7 286 2
0 6 180 1
0 13 263 2
0 4 179 2
0 2 21 3
0 10 61 1
0 4 23 3
0 10 48 2
0 7 70 1
0 1 92 1
0 23 83 2
0 6 389 2
0 9 33 1
0 4 306 1
0 16 339 3
0 6 297 2
0 3 52 1
0 8 302 3
0 4 188 2
0 1 97 2
0 13 158 2
0 1 193 3
0 2 128 2
0 2 373 2
0 19 123 2
0 25 52 1
0 1 171 3
0 1 6 2
0 3 198 2
0 9 66 1
0 9 311 3
0 2 124 2
0 2 268 3
0 4 380 3
0 8 278 1
0 6 303 2
0 8 192 3
0 6 196 1
0 13 63 2
0 23 101 3
0 5 265 3
0 6 352 3
0 2 212 2
0 1 144 1
0 20 278 2
0 18 334 2
0 11 383 1
0 10 380 1
0 10 362 1
0 1 312 3
0 18 325 1
0 3 136 3
0 5 242 1
0 10 332 1
0 19 42 3
0 2 330 2
0 3 28 3
0 1 247 2
0 7 44 1
0 2 151 1
0 3 382 1
0 3 302 1
0 16 246 3
0 1 260 3
0 9 270 2
0 8 372 1
0 25 365 1
0 3 228 1
0 16 184 1
0 24 90 3
0 8 303 1
0 6 113 2
0 14 42 3
0 20 20 1
0 4 3 1
0 9 298 3
0 3 189 1
0 8 287 2
0 5 140 1
0 9 31 2
0 2 237 2
0 11 205 1
0 3 161 2
0 6 241 1
0 9 12 3
0 14 223 3
0 2 60 3
0 15 147 2
0 5 37 1
0 11 282 3
0 10 233 1
0 4 30 2
0 16 363 1
0 4 237 2
0 12 21 1
0 3 68 2
0 3 345 1
0 7 295 2
0 13 153 3
0 5 314 1
0 11 316 2
0 1 276 2
0 5 82 3
0 14 248 3
0 1 374 1
0 8 136 1
0 7 182 2
0 20 182 1
0 10 294 2
0 19 128 1
0 6 381 1
0 9 152 3
0 17 375 2
0 15 76 3
0 5 380 2
0 2 109 3
0 2 296 3
0 2 111 1
0 4 287 3
0 10 105 1
0 12 72 1
0 6 387 2
0 1 191 3
0 1 28 2
0 9 316 1
0 5 88 2
0 17 396 2
0 14 262 2
0 1 209 2
0 24 393 2
0 9 22 3
0 4 303 1
0 2 370 2
0 13 23 2
0 4 334 3
0 18 17 2
0 3 45 1
0 20 6 3
0 8 149 3
0 4 336 1
0 14 158 2
0 17 107 3
0 2 245 1
0 2 54 2
0 8 400 3
0 4 10 2
0 3 23 2
0 1 351 1
0 14 329 3
0 22 164 1
0 6 351 2
0 9 95 3
0 8 124 2
0 9 243 1
0 24 205 3
0 3 174 1
0 3 318 2
0 6 285 3
0 4 262 3
0 9 25 1
0 18 239 1
0 8 65 1
0 6 332 1
0 7 376 2
0 1 360 2
0 10 309 2
0 3 216 1
0 16 181 3
0 1 329 2
0 21 72 1
0 18 243 3
0 2 331 1
0 2 109 3
0 12 26 2
0 5 34 2
0 18 34 3
0 3 141 1
0 2 16 2
0 10 60 3
0 16 121 3
0 2 395 3
0 3 131 1
0 7 340 1
0 17 394 3
0 19 10 1
0 1 301 2
0 2 69 3
0 7 141 3
0 14 173 1
0 12 217 2
0 5 237 3
0 6 227 2
0 9 342 1
0 12 217 2
0 13 339 1
0 7 330 2
0 7 140 2
0 18 275 2
0 3 23 3
0 17 183 1
0 2 225 3
0 20 244 2
0 5 103 3
0 1 67 2
0 4 269 3
0 6 265 1
0 5 360 3
0 10 43 1
0 12 174 3
0 4 22 2
0 6 268 2
0 11 32 3
0 8 21 3
0 4 111 3
0 9 47 1
0 1 49 3
0 9 114 3
0 12 336 1
0 7 154 1
0 13 37 1
0 13 336 3
0 18 294 1
0 21 193 1
0 3 207 2
0 8 93 3
0 2 381 2
0 22 92 1
0 1 19 1
0 10 93 1
0 1 157 2
0 5 25 1
0 2 8 3
0 7 61 1
0 9 359 2
0 4 127 1
0 17 165 3
0 20 293 1
0 2 16 1
0 3 237 1
0 4 278 3
0 18 78 3
0 10 160 3
0 7 293 2
0 1 95 3
0 7 369 3
0 1 147 3
0 4 322 1
0 9 231 3
0 7 346 1
0 18 170 2
0 5 3 3
0 2 337 2
0 4 211 3
0 6 9 2
0 7 30 2
0 3 134 1
0 10 325 2
0 10 158 1
0 11 338 3
0 2 171 2
0 22 375 2
0 1 198 3
0 4 302 2
0 9 388 1
0 8 143 2
0 9 332 1
0 23 131 3
0 15 218 1
0 13 121 1
0 7 365 1
0 5 252 3
0 7 182 1
0 12 65 2
0 2 220 2
0 1 66 3
0 5 283 1
0 21 286 2
0 1 297 3
0 7 322 1
0 11 93 3
0 3 384 3
0 10 342 1
0 22 290 1
0 8 360 3
0 13 360 1
0 8 180 2
0 10 84 3
0 15 268 2
0 2 79 1
0 22 103 2
0 19 8 3
0 6 4 1
0 7 209 3
0 4 366 3
0 25 366 1
0 9 275 2
0 3 25 3
0 12 264 1
0 12 312 2
0 5 257 2
0 8 71 2
0 7 106 1
0 17 69 2
0 4 6 2
0 7 132 1
0 6 96 3
0 18 396 3
0 20 350 1
0 4 348 1
0 19 141 2
0 2 145 3
0 5 144 2
0 8 275 1
0 5 91 3
0 3 44 2
0 2 343 2
0 13 366 2
0 2 124 3
0 13 136 3
0 13 266 1
0 3 399 1
0 4 200 3
0 3 96 1
0 1 265 2
0 8 72 1
0 10 278 1
0 1 291 2
0 8 295 3
0 7 253 1
0 1 52 2
0 4 397 1
0 4 333 2
0 2 277 2
0 1 48 2
0 5 169 1
0 8 123 2
0 10 387 3
0 5 25 1
0 8 32 1
0 4 298 1
0 13 188 3
0 3 161 2
0 9 253 1
0 23 36 1
0 7 216 1
0 13 321 2
0 3 125 3
0 17 20 2
0 7 352 1
0 9 7 3
0 15 42 2
0 13 359 1
0 10 96 2
0 22 214 3
0 6 1 1
0 10 378 2
0 3 115 2
0 2 351 3
0 8 199 3
0 5 142 1
0 2 150 2
0 2 133 3
0 10 108 3
0 17 218 3
0 10 213 3
0 7 281 3
0 5 279 2
0 7 340 2
0 8 13 2
0 1 192 3
0 7 49 2
0 6 77 2
0 6 382 2
0 4 133 3
0 1 226 1
0 2 325 1
0 7 302 2
0 10 260 1
0 7 308 2
0 10 66 3
0 25 114 3
0 21 281 2
0 20 26 3
0 7 346 2
0 20 49 1
0 5 390 2
0 18 50 1
0 2 387 3
0 16 106 1
0 12 135 1
0 13 151 2
0 4 22 1
0 18 269 3
0 6 181 3
0 5 290 1
0 5 143 1
0 8 160 1
0 10 391 2
0 12 33 2
0 15 9 1
0 12 149 3
0 23 310 2
0 7 184 3
0 3 299 2
0 2 143 3
0 15 169 3
0 6 267 2
0 11 150 2
0 7 132 1
0 4 279 2
0 6 369 3
0 6 386 3
0 4 70 2
0 4 246 1
0 24 232 2
0 11 110 3
0 16 344 2
0 5 182 2
0 9 221 1
0 3 272 2
0 13 330 2
0 20 81 3
0 1 370 2
0 11 305 1
0 20 117 1
0 5 133 2
0 2 250 1
0 1 98 1
0 10 156 2
0 2 27 1
0 3 357 1
0 3 141 3
0 4 398 1
0 5 63 1
0 15 60 3
0 9 44 3
0 2 65 3
0 1 117 3
0 1 16 1
0 15 366 3
0 6 244 2
0 18 195 1
0 9 268 1
0 2 9 2
0 12 248 3
0 7 173 3
0 1 330 3
0 12 314 1
0 8 155 2
0 1 142 1
0 9 97 1
0 1 148 3
0 12 325 1
0 3 161 1
0 19 322 2
0 1 345 2
0 6 175 2
0 19 57 3
0 1 182 2
0 2 210 1
0 4 33 3
0 18 189 2
0 4 22 1
0 11 355 2
0 11 356 1
0 8 308 1
0 19 160 3
0 10 198 2
0 17 271 2
0 4 58 3
0 12 270 3
0 9 157 3
0 14 7 3
0 3 285 3
0 1 126 3
0 14 92 2
0 6 29 3
0 23 210 3
0 19 381 1
0 11 396 2
0 23 33 1
0 3 64 3
0 7 330 3
0 2 38 3
0 5 141 3
0 24 125 3
0 6 384 1
0 9 73 2
0 19 36 1
0 2 359 1
0 20 333 2
0 17 227 1
0 4 260 1
0 16 307 3
0 18 311 2
0 10 325 1
0 1 55 1
0 6 156 2
0 5 380 3
0 2 212 1
0 4 330 2
0 21 389 1
0 13 64 1
0 4 398 2
0 3 337 1
0 12 33 3
0 17 44 3
0 5 91 2
0 4 271 2
0 6 127 2
0 6 291 3
0 13 176 1
0 7 240 2
0 4 77 2
0 2 129 2
0 14 232 1
0 19 201 2
0 7 161 3
0 6 51 3
0 9 386 1
0 9 112 2
0 7 51 3
0 12 80 3
0 5 342 3
0 3 275 2
0 22 32 2
0 1 12 2
0 4 31 1
0 10 42 3
0 7 222 2
0 1 271 3
0 23 315 1
0 24 222 2
0 3 360 3
0 7 45 2
0 17 245 3
0 3 180 1
0 22 204 2
0 11 280 3
0 3 400 1
0 6 185 1
0 15 134 3
0 10 320 1
0 23 68 2
0 21 381 2
0 10 367 1
0 9 75 2
0 9 127 3
0 8 62 1
0 3 254 2
0 1 145 3
0 11 164 1
0 11 228 2
0 8 85 2
0 4 92 1
0 12 211 2
0 4 387 3
0 2 276 1
0 6 242 2
0 5 302 1
0 11 43 2
0 4 290 3
0 25 22 3
0 16 50 2
0 3 64 1
0 8 39 2
0 2 234 3
0 9 266 1
0 18 59 2
0 6 155 2
0 6 40 1
0 20 341 1
0 6 1 2
0 9 129 2
0 18 103 1
0 2 22 1
0 8 124 1
0 8 143 1
0 1 189 2
0 9 275 3
0 6 161 3
0 10 101 2
0 3 395 2
0 12 299 3
0 1 193 2
0 3 27 2
0 4 291 3
0 12 170 3
0 19 355 1
0 3 188 1
0 18 85 2
0 1 77 1
0 23 294 2
0 6 354 2
0 23 56 3
0 4 150 2
0 7 372 3
0 1 207 2
0 6 301 1
0 10 261 1
0 8 265 1
0 19 273 2
0 2 206 2
0 2 374 2
0 11 287 3
0 4 163 2
0 19 144 1
0 10 123 1
0 8 238 3
0 9 187 1
0 21 112 1
0 6 252 1
0 18 241 1
0 10 173 1
0 5 107 2
0 7 171 3
0 15 85 3
0 1 394 1
0 4 363 1
0 25 45 3
0 3 25 2
0 1 320 1
0 5 144 2
0 2 338 3
0 1 42 2
0 23 171 3
0 11 81 2
0 10 80 3
0 21 196 3
0 4 294 2
0 11 379 2
0 14 133 3
0 2 126 1
0 1 296 2
0 4 367 1
0 1 281 2
0 6 384 3
0 13 130 3
0 3 67 1
0 7 58 2
0 12 111 2
0 7 269 2
0 13 348 1
0 8 54 2
0 5 121 2
0 6 186 3
0 7 359 1
0 1 220 2
0 25 12 1
0 21 128 3
0 18 16 1
0 2 212 2
0 10 246 3
0 6 7 1
0 4 1 2
0 18 99 1
0 4 213 1
0 10 83 3
0 14 205 3
0 14 1 2
0 3 295 3
0 13 256 2
0 3 66 3
0 2 92 2
0 2 62 2
0 1 286 1
0 6 310 2
0 16 262 1
0 10 97 2
0 11 131 3
0 8 309 3
0 8 208 1
0 13 266 3
0 9 127 3
0 2 151 3
0 2 276 2
0 7 39 2
0 5 170 1
0 12 399 1
0 14 181 2
0 6 82 2
0 5 95 3
0 12 229 2
0 6 67 2
0 16 346 1
0 7 120 1
0 5 227 3
0 19 85 1
0 18 19 2
0 1 13 1
0 2 300 2
0 4 21 3
0 17 318 2
0 6 61 3
0 5 336 2
0 4 374 3
0 19 325 1
0 15 114 3
0 12 335 3
0 21 300 1
0 6 52 2
0 2 305 3
0 3 10 3
0 6 130 3
0 17 291 1
0 8 235 1
0 10 100 3
0 3 18 1
0 2 304 3
0 13 306 1
0 11 292 2
0 4 39 2
0 1 133 3
0 11 388 3
0 13 71 1
0 2 295 2
0 4 69 3
0 23 169 1
0 24 234 2
0 12 66 2
0 4 225 2
0 8 303 2
0 20 357 3
0 3 186 1
0 19 15 1
0 17 197 3
0 15 310 3
0 18 63 2
0 4 369 1
0 10 368 2
0 3 107 1
0 1 138 2
0 3 146 2
0 17 77 3
0 2 356 1
0 10 375 3
0 17 54 2
0 14 125 3
0 4 51 3
0 4 188 1
0 10 250 2
0 15 71 1
0 12 291 1
0 12 154 1
0 2 130 2
0 3 37 2
0 1 171 2
0 13 21 3
0 3 269 1
0 5 384 3
0 9 179 3
0 10 336 2
0 22 82 3
0 19 377 1
0 1 296 1
0 2 233 2
0 21 189 2
0 2 222 2
0 1 155 3
0 22 83 1
0 9 7 3
0 15 28 1
0 1 175 2
0 14 313 2
0 17 232 3
0 22 2 2
0 1 308 3
0 7 299 2
0 6 179 2
0 11 76 1
0 9 133 1
0 18 352 1
0 1 54 3
0 3 302 2
0 3 83 3
0 1 159 3
0 21 361 2
0 7 320 2
0 5 295 2
0 3 222 3
0 3 152 2
0 15 105 3
0 9 188 1
0 2 115 3
0 13 242 3
0 7 356 2
0 10 249 3
0 6 321 1
0 11 267 3
0 17 237 3
0 10 176 3
0 14 170 2
0 19 240 1
0 15 329 3
0 2 32 1
0 6 180 3
0 2 48 2
0 2 51 3
0 10 255 3
0 21 97 3
0 4 320 1
0 7 178 3
0 10 331 3
0 7 41 1
0 6 269 2
0 18 320 3
0 1 166 2
0 11 55 1
0 3 57 3
0 9 5 2
0 8 337 1
0 2 66 3
0 6 197 2
0 10 352 3
0 5 221 2
0 3 372 2
0 4 371 2
0 2 268 3
0 8 151 2
0 2 219 3
0 4 382 1
0 2 74 2
0 17 33 2
0 16 285 3
0 8 305 1
0 6 60 1
0 6 336 3
0 14 65 3
0 7 388 2
0 7 89 3
0 9 399 3
0 4 361 3
0 2 275 1
0 5 99 2
0 3 212 1
0 9 329 1
0 6 121 3
0 3 284 3
0 13 182 2
0 1 332 1
0 9 173 3
0 4 143 2
0 19 214 3
0 5 45 1
0 4 11 2
0 3 336 1
0 5 213 3
0 2 178 3
0 23 210 3
0 17 34 1
0 9 332 2
0 6 288 3
0 8 202 3
0 2 364 3
0 5 121 2
0 7 279 1
0 1 63 2
0 6 361 2
0 1 300 1
0 2 400 3
0 13 266 1
0 3 265 2
0 2 316 3
0 6 93 3
0 4 78 2
0 7 104 1
0 5 262 1
0 17 246 1
0 3 334 3
0 24 296 2
0 3 230 3
0 6 88 2
0 3 10 3
0 5 301 1
0 8 322 3
0 3 70 3
0 21 108 3
0 8 367 3
0 8 377 1
0 13 25 3
0 10 311 2
0 1 182 2
0 4 155 2
0 8 127 2
0 1 339 3
0 6 56 2
0 4 254 3
0 1 200 3
0 10 288 2
0 23 46 2
0 20 53 2
0 2 179 2
0 1 306 1
0 9 55 1
0 1 78 1
0 6 171 2
0 14 51 1
0 7 351 1
0 8 93 1
0 1 233 1
0 19 237 2
0 6 332 3
0 14 330 3
0 14 115 3
0 1 394 2
0 5 62 3
0 15 88 2
0 11 43 2
0 10 277 3
0 7 22 2
0 17 335 3
0 15 339 3
0 1 79 2
0 4 315 3
0 14 213 2
0 4 109 2
0 1 82 1
0 6 356 1
0 5 189 1
0 23 210 3
0 2 234 2
0 3 233 3
0 8 214 3
0 4 175 2
0 9 263 3
0 25 284 2
0 6 200 3
0 1 61 2
0 9 22 3
0 4 241 3
0 3 107 1
0 9 12 1
0 2 387 3
0 15 140 2
0 11 258 1
0 3 369 2
0 4 44 1
0 12 6 3
0 2 339 1
0 16 392 3
0 4 121 2
0 8 304 3
0 13 33 3
0 2 304 1
0 4 133 3
0 6 156 1
0 15 52 1
0 2 301 3
0 6 140 1
0 2 47 1
0 12 302 1
0 1 327 1
0 9 260 3
0 7 318 1
0 3 262 3
0 16 255 3
0 5 219 1
0 8 105 3
0 8 63 3
0 6 121 3
0 9 162 2
0 3 67 3
0 19 189 2
0 6 145 1
0 9 372 3
0 4 358 3
0 9 274 2
0 7 174 3
0 7 233 3
0 17 334 3
0 9 75 2
0 7 43 2
0 5 359 2
0 24 49 3
0 7 64 3
0 5 15 2
0 1 365 1
0 12 366 2
0 1 4 2
0 2 173 2
0 6 189 1
0 8 182 3
0 10 54 2
0 22 343 2
0 22 83 1
0 1 320 1
0 15 249 1
0 18 94 1
0 13 241 2
0 6 48 3
0 3 251 2
0 4 7 1
0 24 343 1
0 4 191 3
0 19 218 1
0 1 112 2
0 2 299 3
0 3 351 2
0 3 211 3
0 1 32 1
0 3 50 2
0 3 130 1
0 3 396 2
0 17 319 1
0 8 284 3
0 7 46 1
0 18 309 2
0 1 234 1
0 15 84 3
0 8 123 2
0 3 3 3
0 1 191 1
0 12 128 3
0 7 189 3
0 16 30 2
0 10 191 2
0 4 116 1
0 1 250 3
0 4 216 1
0 4 151 1
0 2 400 3
0 2 101 3
0 3 206 3
0 11 38 1
0 18 290 3
0 1 308 2
0 6 339 3
0 3 260 3
0 7 200 2
0 10 66 3
0 15 17 1
0 17 300 2
0 1 220 1
0 2 89 3
0 2 377 1
0 7 348 1
0 4 389 1
0 15 76 2
0 16 124 3
0 4 227 1
0 18 306 1
0 5 81 2
0 3 206 2
0 9 256 3
0 19 273 3
0 7 344 1
0 4 318 1
0 1 51 1
0 25 353 2
0 10 109 3
0 1 177 3
0 5 105 1
1 2 331 1
1 6 253 1
1 7 268 2
1 3 299 1
1 10 166 3
1 2 221 1
1 8 315 3
1 3 193 2
1 4 334 3
1 10 364 3
1 1 179 3
1 4 181 3
1 8 111 2
1 2 391 1
1 1 168 2
1 1 331 3
1 5 140 2
1 6 53 2
1 2 70 3
1 4 309 3
1 4 29 2
1 8 317 1
1 8 379 1
1 16 101 3
1 13 115 2
1 4 212 2
1 3 122 2
1 4 240 2
1 17 134 2
1 19 357 2
1 18 388 2
1 9 350 2
1 4 91 3
1 6 106 1
1 5 63 2
1 8 165 2
1 8 341 1
1 20 340 1
1 9 107 3
1 7 201 1
1 12 340 3
1 8 178 3
1 6 50 2
1 6 93 3
1 7 137 1
1 1 70 1
1 12 180 3
1 8 381 2
1 5 53 2
1 5 159 1
1 20 351 2
1 11 215 2
1 21 219 3
1 7 254 3
1 1 252 2
1 14 301 3
1 3 157 2
1 2 261 3
1 21 37 2
1 17 51 2
1 16 105 1
1 5 89 2
1 18 381 1
1 1 62 2
1 3 13 1
1 25 55 3
1 1 399 2
1 4 369 3
1 1 212 2
1 20 52 3
1 9 38 1
1 5 147 3
1 7 212 1
1 3 365 3
1 11 120 1
1 3 322 3
1 1 1 3
1 7 319 1
1 3 12 3
1 10 71 3
1 5 70 3
1 5 377 3
1 8 368 3
1 3 274 3
1 6 31 2
1 2 17 1
1 2 318 2
1 1 150 2
1 6 296 3
1 5 366 1
1 1 106 1
1 1 76 1
1 13 379 3
1 6 166 1
1 6 131 1
1 7 270 1
1 21 154 2
1 3 313 3
1 8 24 1
1 6 380 1
1 11 219 3
1 8 118 1
1 10 251 1
1 19 289 2
1 4 221 3
1 8 177 2
1 3 191 2
1 7 292 1
1 11 23 1
1 1 135 1
1 17 379 1
1 20 306 3
1 9 68 3
1 12 320 2
1 2 140 2
1 5 125 3
1 18 142 1
1 2 222 3
1 6 126 3
1 6 369 2
1 12 213 3
1 12 217 2
1 8 208 3
1 10 157 1
1 1 77 2
1 13 241 3
1 11 215 2
1 1 28 1
1 1 88 3
1 6 153 1
1 18 269 3
1 3 269 1
1 4 8 1
1 8 8 2
1 4 289 3
1 3 375 2
1 2 376 2
1 17 325 1
1 3 393 2
1 3 344 2
1 1 330 1
1 10 233 2
1 12 292 1
1 1 340 1
1 3 310 2
1 14 202 1
1 8 125 1
1 11 13 2
1 1 37 1
1 10 53 2
1 10 72 2
1 11 334 2
1 4 218 2
1 9 86 1
1 1 179 1
1 16 375 2
1 2 245 2
1 7 375 3
1 8 260 1
1 4 375 3
1 10 302 2
1 4 344 1
1 19 157 1
1 15 231 1
1 13 148 2
1 1 69 1
1 5 231 2
1 14 220 1
1 1 90 1
1 3 353 1
1 4 161 1
1 6 273 1
1 20 397 3
1 8 374 3
1 15 397 3
1 1 216 2
1 1 120 3
1 1 373 2
1 19 71 1
1 22 20 1
1 9 162 3
1 3 301 2
1 5 25 3
1 11 270 2
1 22 335 1
1 1 152 3
1 8 334 3
1 10 234 3
1 2 50 3
1 10 277 1
1 25 307 3
1 1 70 2
1 2 312 1
1 4 189 2
1 3 289 2
1 15 250 2
1 2 114 3
1 2 90 3
1 9 68 2
1 22 187 3
1 5 193 1
1 3 100 3
1 5 242 3
1 8 176 3
1 9 16 2
1 8 369 1
1 16 363 3
1 3 82 1
1 13 352 3
1 5 13 1
1 8 37 3
1 6 400 3
1 1 4 3
1 8 377 3
1 20 81 3
1 17 308 3
1 15 218 3
1 3 78 1
1 7 371 3
1 1 175 1
1 4 265 3
1 5 206 2
1 10 121 1
1 6 205 3
1 4 259 2
1 2 58 2
1 6 108 3
1 2 330 2
1 7 11 2
1 5 54 1
1 7 174 2
1 22 335 2
1 22 22 3
1 13 221 1
1 6 242 1
1 12 182 2
1 8 165 3
1 10 179 1
1 11 13 3
1 25 40 1
1 25 344 2
1 10 76 1
1 9 52 2
1 7 173 3
1 1 112 2
1 2 192 2
1 1 110 2
1 7 235 2
1 3 235 3
1 2 20 2
1 3 286 2
1 1 173 1
1 7 239 1
1 7 71 1
1 12 268 3
1 19 287 3
1 18 89 3
1 21 268 1
1 9 263 3
1 11 118 2
1 5 355 3
1 9 377 1
1 24 36 1
1 8 97 1
1 3 238 1
1 4 15 1
1 3 74 3
1 5 107 1
1 20 385 3
1 3 35 1
1 16 298 2
1 2 190 3
1 2 55 3
1 10 50 2
1 7 110 1
1 5 71 1
1 4 227 1
1 5 139 1
1 11 146 2
1 3 194 2
1 20 116 2
1 2 386 3
1 7 332 3
1 10 51 3
1 25 130 1
1 16 285 2
1 13 331 2
1 8 144 1
1 3 127 1
1 11 182 1
1 10 246 1
1 13 400 3
1 14 349 2
1 5 51 3
1 4 26 3
1 13 333 2
1 3 180 2
1 3 84 2
1 3 34 3
1 7 255 3
1 9 95 2
1 17 68 3
1 1 99 2
1 9 152 1
1 6 64 3
1 20 233 1
1 18 175 3
1 6 388 2
1 16 381 2
1 1 290 3
1 2 14 1
1 8 93 1
1 15 66 3
1 18 102 2
1 5 340 3
1 22 244 1
1 2 13 2
1 1 157 2
1 7 198 2
1 2 5 3
1 12 343 3
1 12 164 2
1 2 1 3
1 2 307 3
1 2 270 3
1 6 184 3
1 12 291 2
1 19 396 2
1 4 134 2
1 10 133 3
1 10 5 1
1 4 60 1
1 5 127 2
1 1 271 2
1 18 326 2
1 4 99 3
1 8 366 3
1 23 193 2
1 1 226 3
1 7 184 1
1 19 393 2
1 18 120 3
1 5 377 3
1 14 241 1
1 2 19 2
1 13 182 1
1 4 8 3
1 2 135 3
1 2 151 2
1 15 123 1
1 13 127 2
1 5 135 3
1 1 384 1
1 10 16 1
1 24 190 3
1 7 16 2
1 3 337 3
1 1 299 2
1 18 151 3
1 2 126 2
1 1 273 3
1 11 31 1
1 5 72 3
1 2 94 3
1 7 44 3
1 2 305 3
1 3 174 1
1 15 365 3
1 4 82 3
1 5 236 1
1 2 353 3
1 6 20 2
1 2 179 3
1 3 57 2
1 4 357 2
1 15 374 3
1 4 152 1
1 9 109 2
1 14 84 2
1 11 224 3
1 13 123 3
1 8 314 1
1 15 161 2
1 2 277 3
1 17 110 3
1 2 119 2
1 23 198 2
1 8 356 1
1 12 338 3
1 7 55 2
1 10 130 3
1 13 280 1
1 24 37 3
1 6 82 1
1 5 115 1
1 5 174 3
1 8 139 2
1 7 215 1
1 18 70 1
1 3 114 2
1 2 130 3
1 6 231 2
1 1 92 1
1 12 135 2
1 10 291 1
1 6 336 1
1 19 218 3
1 4 395 3
1 12 149 2
1 1 241 2
1 5 277 1
1 3 304 2
1 2 281 3
1 12 143 3
1 20 144 3
1 8 127 2
1 8 247 3
1 11 166 3
1 14 202 1
1 21 53 3
1 5 316 2
1 10 349 3
1 22 8 1
1 12 390 3
1 6 381 2
1 2 126 1
1 2 151 2
1 7 142 1
1 11 371 2
1 2 345 2
1 1 64 3
1 13 136 3
1 7 300 2
1 11 297 1
1 11 390 3
1 11 175 1
1 11 111 1
1 3 341 3
1 24 79 1
1 24 37 3
1 1 232 1
1 3 161 2
1 7 41 2
1 3 41 2
1 16 209 3
1 7 70 3
1 18 64 2
1 23 272 1
1 18 148 3
1 2 194 2
1 7 121 2
1 7 274 1
1 2 331 2
1 12 336 1
1 13 10 2
1 7 241 3
1 6 206 3
1 4 31 2
1 13 86 1
1 6 392 2
1 22 267 3
1 6 400 1
1 7 72 3
1 4 198 1
1 5 329 1
1 3 4 2
1 14 25 1
1 19 177 2
1 24 293 2
1 13 143 2
1 2 294 3
1 21 252 2
1 6 34 3
1 7 329 2
1 6 39 3
1 9 357 3
1 8 363 2
1 9 353 1
1 3 42 2
1 4 316 2
1 11 299 1
1 13 274 2
1 4 83 1
1 18 319 3
1 1 124 3
1 9 31 3
1 2 70 3
1 15 73 2
1 4 125 1
1 1 287 3
1 20 189 1
1 6 238 1
1 7 318 1
1 12 294 3
1 6 76 3
1 7 102 2
1 3 169 1
1 19 265 1
1 21 72 1
1 1 333 1
1 1 12 2
1 13 209 3
1 1 121 3
1 2 78 2
1 9 197 2
1 15 49 2
1 11 321 3
1 1 117 1
1 11 223 2
1 11 170 2
1 2 120 3
1 4 98 2
1 2 299 1
1 3 236 3
1 2 144 1
1 16 339 1
1 11 227 2
1 18 306 1
1 16 109 2
1 3 56 2
1 3 45 1
1 10 250 3
1 10 59 2
1 13 347 1
1 14 365 1
1 23 9 1
1 1 57 3
1 2 159 1
1 4 163 2
1 25 400 2
1 10 332 2
1 4 117 1
1 2 336 1
1 4 277 2
1 4 391 3
1 20 166 2
1 4 180 3
1 10 153 3
1 16 183 1
1 5 233 3
1 8 98 2
1 20 364 1
1 14 288 2
1 10 92 1
1 12 59 1
1 2 107 2
1 16 286 2
1 3 143 3
1 1 42 2
1 2 17 3
1 1 67 1
1 1 94 2
1 13 124 3
1 24 397 2
1 2 328 3
1 1 51 3
1 15 66 2
1 4 32 2
1 22 98 1
1 14 389 3
1 4 267 2
1 6 183 1
1 16 77 3
1 1 325 3
1 3 246 1
1 1 113 1
1 8 23 3
1 2 353 3
1 3 204 2
1 16 155 1
1 11 347 3
1 1 316 3
1 15 132 2
1 2 172 1
1 7 269 2
1 2 332 3
1 10 106 1
1 14 137 1
1 2 152 1
1 9 208 1
1 9 265 1
1 5 286 3
1 3 119 3
1 2 319 3
1 15 389 2
1 20 8 1
1 20 282 3
1 11 102 2
1 8 85 2
1 15 148 3
1 8 160 2
1 3 346 2
1 1 235 3
1 16 93 2
1 8 19 1
1 2 85 2
1 12 140 3
1 3 192 1
1 10 390 1
1 25 181 1
1 4 160 2
1 9 39 2
1 15 47 1
1 3 73 2
1 16 149 1
1 5 227 1
1 8 349 2
1 3 245 2
1 10 89 2
1 25 278 1
1 21 40 3
1 11 18 2
1 12 374 2
1 13 371 3
1 8 366 2
1 12 22 2
1 16 245 3
1 4 196 2
1 1 94 2
1 21 298 3
1 19 272 1
1 6 230 1
1 10 208 1
1 8 367 3
1 10 377 2
1 5 337 2
1 7 300 1
1 19 244 2
1 11 299 2
1 17 152 1
1 2 240 3
1 8 362 3
1 16 246 2
1 11 248 3
1 4 290 3
1 13 316 2
1 2 396 3
1 5 356 3
1 18 15 1
1 8 37 3
1 15 221 3
1 25 384 2
1 7 114 2
1 2 59 1
1 10 3 3
1 22 56 1
1 7 89 2
1 4 123 2
1 2 112 2
1 11 184 2
1 3 247 2
1 2 12 3
1 9 32 1
1 7 290 3
1 6 338 2
1 3 314 3
1 8 266 1
1 8 304 1
1 8 351 2
1 2 196 3
1 15 302 1
1 4 25 1
1 3 323 1
1 6 366 3
1 2 61 1
1 19 76 3
1 8 68 2
1 16 237 2
1 1 373 3
1 8 19 1
1 6 279 1
1 14 390 3
1 1 159 1
1 3 99 1
1 5 275 2
1 4 205 1
1 16 339 2
1 6 249 2
1 5 58 1
1 1 257 1
1 13 39 2
1 14 20 1
1 23 113 1
1 17 335 3
1 24 57 2
1 6 58 2
1 2 285 3
1 5 143 2
1 5 31 3
1 6 239 1
1 14 256 2
1 3 141 3
1 3 396 2
1 15 243 1
1 1 307 1
1 24 164 2
1 4 210 2
1 14 280 3
1 21 21 3
1 22 359 1
1 10 43 1
1 12 112 2
1 5 172 3
1 21 394 2
1 3 175 2
1 14 312 1
1 8 155 2
1 11 275 3
1 2 356 1
1 2 103 1
1 3 400 2
1 8 187 2
1 5 241 2
1 1 314 3
1 1 233 1
1 2 137 3
1 3 44 3
1 5 1 3
1 3 143 3
1 22 355 3
0 14371 6131 17093 10865 15477 3064 14836 12972 13776 6119 6047 12198 17586 10860 926 8083 11631 8810 16548 10329 11668 4462 4469 3990 9079 6679 9150 7697 17137 13779 4976 10335 13104 3930 13997 8965 20526 13217 5463 11587 7413 18563 18188 13209 8093 5539 6751 12857 12572 13566 766 5804 11902 6457 10394 18467 8741 17230 15070 15379 18556 18234 19659 7663 16104 6511 8727 15646 11042 2438 9346 11768 9575 15048 8833 10932 4046 5657 7802 14975 18309 10928 18143 7516 20058 3819 15166 7998 4149 10341 9405 19537 13898 17620 14661 17288 14929 19986 15785 14384 13378 18973 7166 8577 5656 11684 16314 15534 16569 9833 15639 9368 19354 16782 16081 11293 3064 17267 7728 8269 15894 12854 4016 9577 9789 11826 7750 19210 16293 16546 9314 1664 1006 2211 6437 7182 4351 7183 16944 15837 18426 14332 2256 12968 1581 9824 10411 14575 18699 7413 14189 2470 11355 18653 4182 9532 12461 16437 15369 3121 8934 12187 7332 12172 12416 5747 12007 16775 15584 17562 17782 351 11344 7632 11377 20951 15636 13138 13811 10594 20998 1766 13360 15542 13966 5302 13422 9973 18139 7428 7875 16688 16894 15583 15470 3776 7348 14316 6296 11680 15896 2146 17324 9110 15035 12167 19814 8708 16772 5218 15182 4750 7778 6320 5791 13869 5023 10332 16549 7899 4635 11774 18036 15090 18819 18178 11383 8006 11123 12544 6121 8198 16424 13531 14621 20869 13876 734 9752 5211 5996 11965 10514 3963 12696 18268 3260 20398 15538 12389 6656 6189 6323 12490 10673 7791 6216 18854 13723 10132 17779 7623 19057 16590 20333 5273 15557 11819 13873 5719 15141 2437 6683 7903 2514 17944 19477 18245 10163 14047 18169 11114 10949 20805 10860 13502 8483 1850 7948 14489 9132 17594 5989 18036 15048 12245 19238 9402 17456 8218 18346 1766 18290 8539 4733 7342 20235 17562 16444 5609 13244 6659 15951 19315 12873 3140 7920 19737 3790 14199 3582 10865 17379 4832 12128 7765 14624 12894 589 10018 6913 9482 16325 15311 6035 3626 9033 14202 6423 21912 7041 6216 8731 12871 19682 18569 15098 16338 5250 17298 11096 4420 16418 18132 13561 17174 6377 6983 21945 5176 18310 14387 7505 8009 1828 2799 9757 8691 21512 6976 8841 18286 8604 8975 11128 2687 10697 12225 7251 9767 9723 10120 14280 6912 15889 9731 16836 11995 15543 821 7578 17378 14026 19900 14470 12804 7491 14775 5484 16008
14371 0 10349 17462 19600 19541 11612 11894 3292 18743 16836 9528 2455 3892 15508 15260 15435 9073 7890 4384 10063 16324 10087 13507 13186 12841 7920 11434 9671 7192 18842 9506 9180 21818 10452 5961 5778 18685 18138 16152 9511 16056 16279 18095 1658 7878 10503 10473 2077 12580 4721 14586 17531 13368 16923 4715 13488 13433 3870 2623 15828 5249 5423 15609 17680 18617 7869 9319 3189 15394 13572 5697 3601 12745 15819 5999 4548 11738 12168 15476 17426 8504 3992 14539 10336 15822 14626 2050 13314 11789 18996 20704 14917 19115 7440 6421 18519 3939 6037 3902 2098 10012 8715 16125 5855 15705 5447 16882 1247 5361 5344 11031 7818 5135 14657 5693 13368 12562 16223 7630 14652 17263 7776 12774 13004 6553 10184 6637 18845 19376 12444 12361 14038 14316 13052 16961 8193 11471 11355 6617 17400 5791 157 14487 19962 13461 14055 4418 3622 17075 12927 3160 11983 3307 13198 16623 9984 22601 6151 10272 14219 9316 14906 15290 7205 23068 8749 16927 15821 2237 17360 3888 14712 21874 8927 19231 16531 19573 14703 15861 5125 18322 15673 19602 2932 8319 14853 18865 20732 15320 15045 13549 9518 15541 9280 5188 16682 7607 1969 8634 11944 7204 14037 7285 20231 4288 15540 13438 12125 14136 9272 18590 13694 8485 9435 9681 5615 15138 4071 9962 14968 10306 19084 3814 9847 17279 11611 21296 6394 8963 21954 13591 17485 2055 9119 19982 19139 16186 14495 17797 9827 10104 3375 21350 10410 22846 8922 15230 16579 9138 11675 8007 11048 14399 20032 11882 7347 9210 13470 667 16632 12956 9034 13717 2435 14480 10848 9909 3650 4293 8861 6428 11937 8901 6479 13991 5333 15016 5435 19906 5162 4764 3510 21761 16594 13248 16890 6781 14685 8972 14716 20244 12188 12241 16012 18332 11249 7571 19960 5609 10948 9665 12780 17944 6786 11123 18388 17302 15875 10174 14352 5005 13290 14824 5236 13103 11528 6461 5590 12722 4468 13157 5425 4075 9675 2251 7851 14467 14043 14622 12148 8377 4896 4724 14541 14711 14243 6705 362 11673 19490 9217 8655 17425 11592 18445 9509 19842 9182 17390 12687 8420 10101 15686 4159 6802 8204 12560 10291 18779 9195 5328 13420 19127 12251 12545 15658 11292 6580 19528 16121 7742 12315 5780 9615 10956 12528 5579 10351 8785 19206 16958 16166 14369 11554 4495 11700 2721 13927 3796 13564 9555 7893 16745 16080 17141 10301 14914 9938 10960 19130
6131 10349 0 12016 9653 11736 5414 8834 7964 10340 6493 1083 7900 12732 6858 6697 5487 5500 2978 11278 4266 7801 4917 3253 3086 4156 3134 3508 1566 11307 10395 3013 4204 12007 3706 8217 6799 15065 9696 5827 5466 5846 12902 13051 9762 2565 621 8442 8404 6901 8068 5860 7251 6581 6574 5668 12414 4297 12267 10160 10173 13441 12968 13749 7369 11721 4458 2596 10613 6903 4117 7402 6975 4473 9912 6858 8699 6853 8708 5433 10458 12381 6375 12232 1495 14137 4518 10451 3776 2046 9029 10361 13552 10612 11792 8813 12514 9633 15098 10557 9626 7263 13073 5865 5884 5359 6145 11234 11280 11049 7812 9531 3446 14731 11042 10443 6093 3154 11803 7013 4931 11049 6795 2729 4610 4258 5752 5137 14060 12169 10506 4074 4889 6743 3981 6613 6843 1793 9462 11198 11058 13088 10256 4971 10671 4607 5371 7797 9355 13189 3161 9105 4046 7042 12569 6588 3462 12447 10736 9241 4346 2802 7422 5145 6188 12832 3067 8337 11297 10861 12348 13015 6451 11628 8125 9540 15035 11848 8047 8996 5485 15377 6561 10621 10578 7874 4511 10216 10429 12353 4956 3891 10583 11328 9467 9898 6800 6348 9602 5973 5941 9981 4627 11495 9892 9652 7703 13702 3470 10939 2993 11104 3388 7918 1001 1144 8158 4820 7014 10425 5039 2047 9586 13497 8959 13337 12048 11144 4690 4992 11948 3310 7265 12243 7401 11480 15451 9176 6688 7913 1759 396 9225 11052 4050 12698 12284 5320 14549 9427 6523 2964 796 4119 10522 5025 6774 1378 12780 9691 7198 11719 1635 12991 12110 14257 861 9426 6978 8478 2782 9310 4422 1499 4756 7554 12642 13508 12978 9732 8435 13129 6845 11474 14913 5704 9230 3568 5359 1911 9122 9905 11490 9038 12398 10900 6307 13582 9662 11990 2444 12293 5561 13086 7310 1399 8039 14530 11967 10315 4006 7686 3159 10364 14563 7305 3251 4784 15020 2795 8754 3225 5510 12377 4786 8234 2503 9161 7619 6662 4556 2067 6217 10935 9755 4384 4192 3756 10313 1544 16383 1191 2286 7325 6953 14324 12542 11667 10242 7192 11240 4986 4830 10968 13386 7631 11203 9565 915 16267 3883 13096 8693 8788 3021 4788 5976 4006 3771 16064 5834 3064 12169 5225 2856 5197 3454 5324 6159 7556 9059 7264 6873 8849 9359 10513 4129 12302 6867 10323 5425 1457 11461 9516 14032 9991 6719 4860 8645 7583 11877
17093 17462 12016 0 10155 4524 17353 5655 14188 5556 12681 12877 15624 17044 6492 17222 9513 8682 11505 14912 8499 5967 16922 12634 13106 8093 14428 8517 10904 12364 5669 14976 9210 10593 15716 11646 17436 3797 5576 12806 8302 10610 3213 1103 18021 12238 12581 20371 15585 5405 12784 16497 13799 5435 12379 13992 6414 8354 16447 15428 1865 16686 15868 5418 11747 2596 15959 10256 15319 6247 14655 18012 14300 7650 2104 17610 18693 18846 20722 9837 2709 12133 14526 4782 10596 5731 13553 16078 9096 13340 10031 13658 6046 5853 12588 11412 1259 14041 18503 14692 15538 7451 12714 10927 16458 12269 12236 786 17590 13843 18243 6925 11108 19005 3346 13046 5945 14212 1772 18422 9000 1409 9690 13126 7591 12134 7620 16072 2118 3391 5852 7998 15450 17985 14994 12439 18433 13295 21429 12818 1587 15665 17308 15020 8060 15568 7275 17725 14167 2529 9699 14456 15745 15201 6975 14694 9110 12702 12857 7637 14088 10088 4912 10247 10330 13588 14822 5968 1887 16284 719 17467 17308 12958 19806 9056 6254 4386 4002 3314 13217 4691 16525 7113 15495 9235 12160 6130 12929 3831 10032 9222 9344 2325 8843 13119 15258 17778 15631 17720 6338 11294 14984 12449 13299 13755 5047 8143 8626 3981 14908 3663 12374 19509 12620 13054 11960 12586 16526 8732 9501 14055 8393 18375 7976 2494 8331 11961 15308 8986 11515 10991 10920 18358 8354 6111 4015 3325 17803 9404 13754 12371 18552 13205 16064 12816 11592 14444 5404 8973 6157 14262 11498 10946 8734 7065 18098 13019 6888 17051 7954 6313 11523 6842 17615 7633 12630 8134 14204 13267 14555 11640 16193 12753 15476 19162 15543 5853 15870 11447 12457 16732 15185 13305 5977 6358 4137 13224 15507 11255 3005 13289 7047 21053 2874 3527 6559 14529 12501 14539 9582 10808 17213 1273 18400 13076 12964 4457 2511 8411 11659 12466 10435 2705 18533 4895 15016 15499 18948 13371 13191 13520 12659 16395 16759 16453 12660 3120 4399 17682 7459 13116 16142 14306 2922 11349 13602 12659 17676 10969 5217 11976 13849 10240 6046 2811 11254 5366 9448 14309 6175 9495 16837 1865 17760 10708 11259 21581 11152 5707 15792 16129 4072 13771 9243 16386 15272 8090 13246 4671 11133 11633 7612 15517 9817 7347 14683 12590 7331 19250 11000 8677 7656 3335 21346 14157 7901 17608 5184 14602 16655 11112 11813 3407 5228 3120 7230 9911 7755 19587 3373
10865 19600 9653 10155 0 6338 12832 12000 16697 4730 4754 10700 17170 21163 4998 10466 4199 11591 11711 19286 10052 4775 13349 7405 7993 6928 12748 8343 9956 18035 4644 12046 10842 2392 12020 15634 16408 13917 4585 5409 11198 3928 13026 11127 19267 11813 9783 16792 17542 9258 16129 10101 5358 7976 4410 14918 15042 6245 20607 18753 9330 21480 20813 15010 3210 7917 13883 10303 19020 5256 8972 16999 16020 7188 8939 16441 18346 14335 16229 4221 7447 18560 15644 13818 9290 15395 7238 19211 6287 9233 624 3585 15370 4559 18454 15907 9584 17793 23322 18709 18420 12117 19286 4031 15522 5327 14497 9611 20341 18634 17429 13534 11812 23278 12006 17846 7516 9312 11368 16296 4949 8756 13436 8328 6928 13056 10783 14741 11965 7573 13468 7480 9396 11866 9637 4433 15978 9444 17544 18208 8568 20795 19484 8677 2593 9895 5950 17450 17662 12597 6697 17616 11041 16375 15503 6905 9832 3180 17937 13826 8005 10330 6723 4525 13409 3897 12445 4452 11062 19578 10856 21522 10889 2949 17041 1106 16104 6529 7833 7468 14480 14846 9456 3416 19069 13928 5964 4153 2790 13209 4697 6053 15839 11438 14792 17528 7464 15665 18438 15000 9134 16609 8951 18197 3311 17674 6067 16864 7560 12410 12153 6714 7078 16964 10653 10670 15765 6044 16634 15354 4664 10819 1782 22197 13857 12604 16093 2013 14341 11395 2357 6414 2719 21296 12947 4833 14072 7240 11560 1805 10967 10004 18864 3056 12354 3399 18199 7608 15296 14849 9909 12586 8862 5655 1895 8548 16132 11016 15559 18975 3261 14573 10638 15640 20950 16787 9533 14297 15986 16645 12181 16364 11489 11136 14401 13377 20456 15214 20820 1338 16215 21297 16214 3202 15853 7342 6142 13004 9023 10654 9257 3296 14927 16582 12536 6756 10169 20546 2500 19571 8663 17752 11970 11381 16762 9573 3890 14529 12026 15077 6072 15705 6495 10859 22981 9052 10704 14429 23449 8543 16797 8325 14246 20659 13451 17663 11950 9623 8210 11352 7962 11706 15860 18782 10340 5576 7569 12930 19632 8137 15305 10591 11877 2382 10378 12915 18156 5591 15685 5992 14183 11838 13260 10724 21888 14690 17359 17040 9428 15862 12901 21012 10265 4342 7353 11284 8142 8677 13174 14706 4156 11859 15699 14876 10051 9664 9729 14076 10921 16503 1208 2715 3792 9331 17329 18434 8276 21083 7516 18512 10907 10092 17829 6895 14983 7070 11406 4795 13471 15612 7380
15477 19541 11736 4524 6338 0 16522 8800 16280 1760 10024 12777 17373 19920 4904 15368 7394 10482 12355 17819 9579 3974 16493 11140 11714 7618 14684 8697 11138 15698 1797 14714 10449 6233 15162 14233 18156 7963 2262 10388 10040 8179 7728 5243 19745 12873 12168 20085 17510 7028 15159 14776 10995 6179 9675 15379 10662 7454 19320 17924 4700 19817 19035 9920 8740 1931 16140 10874 17966 4835 13144 18764 16055 7417 4451 18276 19761 18085 20036 7678 2410 15758 16031 9116 10616 10246 11674 18520 8068 12417 6414 9919 10500 1800 16009 14206 3568 16655 21688 17445 17853 9970 16412 8470 17170 9988 14095 4311 19928 16880 19092 10343 12147 21992 7426 16053 6262 13014 6171 18705 7317 3401 12014 11875 7220 13377 9382 16589 5900 1288 9652 7849 13826 16457 13652 9725 18571 12482 21040 16057 3171 18898 19397 13239 3875 14122 6366 18785 16679 7037 8732 16840 14743 16768 11207 12240 9876 8419 15971 10920 12357 10776 4692 8148 12403 9316 14795 3517 6075 18800 5231 20329 15613 8852 19861 5257 10776 191 4878 3759 14700 9014 14496 2949 18096 11960 10186 2259 9096 8248 8052 8049 12878 6532 12110 15967 12832 18038 17918 17709 7597 14433 13340 15818 9645 16427 4164 12470 8365 8006 14719 1058 10820 19651 12589 12878 14486 10513 17698 12285 7602 13586 4590 21170 11144 6980 12329 7871 15940 10580 7227 9554 7934 20797 10945 1664 8033 3412 16211 6222 13460 12131 19898 9250 15525 8501 15268 12405 9926 12216 7937 14507 11027 9182 4609 7765 18437 13011 11167 19024 5361 10418 11867 11162 20192 12069 12087 11445 15980 15684 14510 14546 15218 12895 16071 17833 18688 10313 19039 7676 14993 19775 16688 9265 10498 6481 2679 14041 13693 11699 5392 9630 11035 20388 7349 1310 8353 18070 8831 17698 9614 14585 16050 5545 18896 12397 9820 8936 6922 11964 9881 14775 9184 6402 21577 6536 14141 16098 22022 12131 15702 12131 14247 19308 16438 18097 13206 5764 5540 16045 7715 13386 17124 17232 6176 9443 11852 13652 19686 10328 9265 12141 13929 7246 8138 6975 15031 863 12878 11591 10169 11125 16401 5852 20659 13227 14721 20899 11056 9987 15601 19279 6817 10483 8717 15244 13151 8571 14132 8628 8678 12507 11706 16306 10460 8596 13498 14127 9270 19292 7404 5875 5362 5673 20895 16995 8216 20242 5630 17307 15236 11341 15264 2827 9750 2500 9462 8000 10826 19096 1184
3064 11612 5414 17353 12832 16522 0 14139 10628 14937 8298 4798 9599 15039 11657 3986 9342 10549 7322 14227 9581 12561 1525 5546 4941 9305 4481 8900 6810 15231 14964 2917 9327 15185 1816 12126 6013 20477 14323 7547 10621 9020 18312 18408 10339 6481 4812 4004 10284 12315 11481 3585 8305 11938 8585 8073 17626 9207 14738 12605 15532 16111 15875 19086 9763 16810 3805 7756 13224 11776 3889 6347 9384 9714 15251 5858 7924 1565 3519 9128 15586 16501 8495 17576 6903 19466 5629 12616 8518 4117 12250 11985 18836 15131 15703 12838 17762 12667 17415 13459 11875 12403 17114 8849 5758 7516 9718 16568 12814 14406 6827 14655 7912 16689 16446 14020 11408 3589 17212 4669 9225 16309 11405 4699 9798 7960 11019 4997 19424 17148 15753 9356 3689 2737 3202 8583 4118 4096 4713 14957 16295 16107 11589 4420 14601 3069 10344 7471 12280 18602 7857 11835 1818 8803 17724 6794 8789 14868 14422 14254 4872 7968 12602 8681 10617 14942 3553 13008 16706 13026 17720 15195 3351 13805 4637 13136 20364 16659 13356 14222 8442 20788 4749 14822 13090 12568 6884 14680 12437 17743 8670 8496 15270 16742 14239 13375 6527 4318 11790 3250 11355 14119 4029 15414 11631 12821 12759 18762 8728 16321 3118 16046 5884 4744 5096 4560 11938 6792 7541 15236 9028 3385 13412 15362 13914 18748 16990 13691 5429 10033 14775 7001 10115 13665 12339 15937 20860 14360 2964 11435 3827 5109 8999 13020 1573 15113 16543 5534 19913 14169 11918 4528 5857 7514 14238 10433 4748 4807 17952 10984 11391 16925 6450 18177 13921 19415 4728 14345 9454 11708 3663 13286 1351 5236 5286 2551 15611 18806 15887 12365 12027 15695 8561 13466 20256 10997 14230 6466 4281 6788 14509 11652 16605 3873 17810 15872 11678 17128 11786 15236 7846 16752 1299 18459 5493 4280 9741 19933 17381 15187 6908 11215 7338 15778 16698 12713 2388 5297 17101 4449 12054 4561 8832 14902 1939 9404 6059 14563 12975 3132 9923 5220 6733 14081 15167 7407 5273 7129 11411 6404 21797 5862 4372 10514 12327 19725 16915 16289 14893 7846 16455 9861 1514 16374 15532 11873 15449 4379 6324 21671 2639 15922 14106 10085 8136 1616 5428 9418 6646 21476 8699 7301 17227 5969 8114 10583 3132 8687 11430 4218 11859 11159 11241 14245 4507 13647 9522 14181 12171 13220 2420 6632 15572 14628 19389 15097 11948 8673 13651 2784 16855
14836 11894 8834 5655 12000 8800 14139 0 8662 8767 12379 9342 10226 11416 7024 15253 9262 3804 7134 9283 4573 7278 13302 10819 11079 6378 10314 5763 7340 6917 8893 11354 4860 13422 12340 6006 12683 7064 8361 12158 3599 10440 4638 6207 12586 7989 9455 16386 10103 2833 7182 14431 13524 4084 12195 8892 3659 7049 10816 9782 4278 11140 10336 4953 12099 7337 11786 6385 9664 6754 12542 13206 8940 5857 4416 12893 13626 15443 17127 9535 6400 6978 9315 3457 7363 5328 12069 10436 7643 10697 11598 14849 4718 9171 7213 5757 6811 8387 12990 9040 9922 2060 7653 10716 11760 11536 6900 5183 11958 8246 13353 1589 6599 13412 2827 7435 4652 11772 4330 13998 8392 5777 4207 10919 6007 7296 3122 11570 6957 8197 1742 5913 13377 15538 12626 12258 14140 10526 17496 7310 5965 10167 11738 13199 10918 13260 6538 12697 8523 5293 7955 8833 12880 9922 3929 13807 5376 15107 7284 2121 12333 6174 5305 9752 4970 15886 10963 7726 3931 10633 5480 11837 15128 14928 15522 11103 6225 8759 4330 5181 8090 7010 14853 10164 9840 3596 11048 9156 14374 3823 9448 7901 4099 3650 3323 7473 14262 13409 10021 13611 3386 5721 12995 7030 14390 8100 6006 5228 6395 2421 11214 7744 10685 15160 9046 9579 6329 11521 11464 3527 8983 10774 10608 12735 2381 5490 4111 14013 10754 4274 14054 9461 11411 12710 2799 9860 7510 5526 15452 10525 10313 9079 13309 14844 12638 15295 6512 13036 5815 3437 2551 10176 8652 9840 11355 4381 13640 9358 4091 11525 8841 2997 7708 4270 11960 5554 9649 2647 8834 7647 10743 5996 13250 8965 10945 16386 9999 4675 10338 12996 6820 11150 9947 15100 6124 4966 6621 8674 13670 7375 3408 14389 3053 17420 4262 7490 2606 9270 13723 8996 6622 5905 14395 6050 13790 10182 13305 6043 4035 3215 10401 6890 8820 2960 12958 2951 12085 10962 13386 11110 7552 11419 7489 10773 13035 11091 8448 3042 3827 15398 5136 9137 11240 8679 2807 10326 11946 8000 12128 8452 8141 8284 9983 10899 2022 6652 6339 9396 4079 13840 2521 4637 13231 3820 12139 5097 5921 17939 7928 7754 12014 10589 1989 14214 7106 13620 13862 5133 8629 8007 10869 7219 3833 10810 6028 3713 12164 7463 2712 15004 12347 9543 8330 3135 17479 8513 5257 11953 4491 8947 14196 7511 6465 6107 5281 6328 2243 9279 2115 15851 8016
12972 3292 7964 14188 16697 16280 10628 8662 0 15536 14385 7364 1836 4771 12384 13787 12609 5799 5146 3600 6891 13165 9175 11216 11002 9820 6297 8396 6968 5186 15638 8006 6018 18839 9110 2929 5856 15562 14941 13760 6240 13352 13137 14845 3977 5399 8265 10684 1477 9297 1650 13025 15205 10120 14423 2581 10573 10462 4330 2197 12539 5596 5268 12647 15053 15328 6877 6417 2695 12251 11693 6113 1250 9666 12528 6116 5764 11186 12125 12688 14142 6579 2155 11477 7610 12895 12453 2535 10437 9715 16109 18125 12012 15915 5584 3550 15233 2069 7154 2833 1726 6738 7025 13460 5376 13252 2241 13598 3702 3881 5999 7918 4920 6777 11456 3711 10154 10653 12990 7741 11771 13971 4499 10612 9929 3766 6906 5841 15619 16091 9348 9306 12297 13139 11291 14468 8179 9397 11729 4738 14108 5483 3141 12614 16869 11799 10979 5072 1661 13898 10132 1218 10503 2116 10350 14514 6913 19775 4183 7174 12175 6373 11673 12559 3914 20303 7242 13766 12576 2927 14105 5051 13323 19126 9300 16243 13659 16307 11427 12582 2490 15274 14004 16458 2628 5136 12422 15684 18061 12200 12291 10692 6765 12312 6303 3046 14669 7439 1741 8241 8686 4639 12194 5338 17641 2286 12324 10791 9144 10959 7765 15318 11347 8849 7193 7572 2574 12764 3997 7111 12147 8477 16047 5578 6738 14100 8890 18480 5234 5722 19052 11003 14763 4632 5869 16773 16016 12911 13250 14895 7925 7807 5044 18668 9181 20015 6838 13184 13620 6166 8390 6316 8555 11789 16987 8689 7379 7085 10625 2866 13623 9987 6444 10876 4261 11776 8622 6869 1175 1448 7253 3735 10582 6682 5399 13163 4990 12090 5280 17120 2242 5234 2316 19061 13692 10062 13641 4581 12898 6298 11424 17652 9272 12288 12840 15059 7965 6603 17291 4636 8055 7395 11604 14703 7099 9004 15881 14255 12674 7274 11857 1811 10614 11568 6599 9818 9892 5394 7056 10615 1781 11060 2505 4457 8762 2707 5529 11179 10766 13332 9016 6260 4384 3476 11267 12155 12103 4218 3488 9080 16443 6775 6804 14626 8301 15267 7366 16604 6391 15155 9672 5185 9159 12428 5422 3618 5887 12706 7691 15801 8000 5338 10137 16680 9368 11177 13737 8181 4364 16437 13484 5018 9514 4778 6646 7719 10733 2687 7063 8970 16410 14009 13135 11078 11852 3050 8593 4414 10684 2593 12152 6896 5756 13474 13104 13865 7010 12146 6781 10794 15847
13776 18743 10340 5556 4730 1760 14937 8767 15536 0 8264 11404 16485 19447 3500 13642 5703 9801 11271 17390 8683 2565 14989 9490 10074 6329 13372 7549 9902 15512 128 13268 9566 5074 13645 13732 16925 9247 646 8637 9358 6438 8619 6460 18815 11708 10728 18583 16682 6545 14549 13066 9237 5474 7915 14399 11159 6047 18855 17313 5135 19467 18712 10734 6986 3191 14786 9765 17419 3508 11471 17536 15190 6220 4791 17028 18616 16502 18455 5975 2923 15727 15079 9731 9333 11092 9964 17878 6593 10857 4735 8309 11215 406 15862 13796 4871 16116 21345 16952 17170 9597 16413 6724 15948 8248 13310 5122 19226 16525 17888 10353 11131 21550 7945 15700 5382 11394 6977 17348 5712 4211 11471 10258 5993 12393 8748 15320 7256 2881 9890 6648 12133 14763 12001 7965 17180 10944 19511 15816 3999 18610 18605 11530 2508 12452 5035 17648 16096 8066 7247 16201 13141 15824 11677 10483 8858 7148 15670 10840 10659 9693 3892 6445 11748 8033 13406 2004 6762 18185 6273 19846 13903 7424 18439 3627 11718 1940 4495 3602 13767 10224 12757 1573 17528 11586 8476 583 7518 8972 6370 6538 12858 7189 11978 15541 11075 16682 17223 16289 6913 14176 11647 15647 8005 15915 3214 12998 7096 8458 13291 1988 9164 18251 11239 11483 13954 8789 16609 12293 5944 12108 2949 20647 11001 8047 12599 6428 14714 9818 5964 7940 6177 20126 10555 1239 9377 3270 14510 4468 12026 10736 18839 7731 14007 7267 15274 10673 10881 12069 7418 13195 9598 7515 3180 6861 17098 11658 11676 18193 3644 10814 10641 11709 19586 12733 10618 11358 15125 15080 13121 14177 13616 11585 14832 16158 18358 11040 18717 6062 14452 19382 15724 7794 11451 5500 2146 12904 11978 10508 5477 7991 11334 18809 8174 2054 7803 17956 7191 17390 8374 14666 14410 6732 17594 10890 8080 10004 7694 11982 8202 14148 7618 6827 21166 6125 12568 14859 21621 10513 15136 10487 13361 18861 14959 17160 12005 5870 5106 14339 6660 12101 15984 16820 6449 7750 10156 12579 18861 8875 10614 10856 12582 5488 7723 8244 15102 1353 12805 9831 10501 10352 14897 6470 20190 12725 14620 19315 9727 11229 14161 18945 6800 8765 7352 13613 11410 7530 13015 10003 6932 11426 12057 15120 9374 7824 11874 13226 8709 17871 5730 4124 3704 5680 19354 16548 7143 19659 4901 16795 13562 10097 15146 2729 10633 2686 9004 6330 10650 17558 2665
6119 16836 6493 12681 4754 10024 8298 12379 14385 8264 0 7338 14390 19122 6217 5717 3257 10492 9254 17521 8840 6735 9040 3400 3861 6039 9208 7046 7453 17013 8235 8099 9363 6992 7792 14141 12695 16421 7810 770 10222 2086 14917 13771 16173 9026 6353 12301 14895 9598 14266 5354 1160 8485 359 12160 15930 5335 18629 16570 11281 19723 19178 16523 1545 11073 10034 8203 16977 6481 4415 13245 13451 6540 10894 12676 14726 9737 11582 2942 10160 17856 12867 15105 6851 16932 2696 16901 4810 5287 4255 3954 16651 8291 17481 14607 12530 15902 21451 16840 16077 11691 18586 1771 11927 1135 12402 11968 17771 17127 13712 13660 9572 21161 13427 16431 7846 4993 13370 12221 4022 11318 12242 4268 6375 10623 10086 11079 14747 11044 14086 6562 4712 7117 5113 324 11823 5573 12970 17032 11197 19250 16745 3976 6999 5263 5947 13924 15670 14774 4707 15480 6581 13529 16276 2243 8276 6584 16643 13693 3431 8323 8011 2643 11908 6734 8661 6859 12941 17305 13286 19427 6135 5559 12737 5356 17763 10202 9180 9428 11938 17138 4720 7528 16964 13071 1983 7808 4219 14783 2938 4531 15504 13197 14362 15968 2831 11639 16061 10830 9012 15593 4299 17195 3518 15872 7679 17601 6233 13633 8260 9982 3165 12725 7406 7216 14166 1740 13327 15155 3432 6941 5835 19951 13573 14843 16368 5393 10868 10115 6494 3442 2174 18735 12266 8892 16682 9364 6808 3869 7260 6734 15445 4831 8086 6832 17624 2876 17055 14373 9866 9073 5837 2745 6454 8074 12120 7663 16407 16176 4810 15324 7942 16553 18581 17816 6021 14059 13449 14727 8439 15104 6993 7939 10878 8633 18837 16537 19188 4086 14528 19448 13328 5276 17556 7470 8628 10058 4288 8098 10719 3535 15426 11932 14382 9912 9939 19452 3517 18086 6744 17399 7322 13951 12813 5841 1585 16574 13864 14944 2530 13856 3960 12375 20963 9659 6410 10904 21425 4412 14962 4066 11890 18723 9215 14694 8996 10984 9222 6599 7315 8478 12481 17114 11748 2297 3085 10224 16791 5321 17852 7653 8360 2813 10404 15469 17738 9489 15247 1628 14865 10389 8956 12570 19799 13353 16626 12371 6698 18151 8862 19333 11185 2298 5635 6700 3391 7623 10263 17340 1577 9375 16201 11467 8145 9022 5328 11705 10379 12231 3649 4177 5035 10633 12736 16712 7344 18765 8294 16614 6213 7502 16999 9305 16634 9671 10973 3105 13191 11077 10785
6047 9528 1083 12877 10700 12777 4798 9342 7364 11404 7338 0 7101 12129 7914 6728 6552 5784 2763 10804 4793 8857 4070 3980 3677 5170 2058 4370 2040 11117 11461 2104 4537 13063 3000 7984 5726 15804 10759 6635 5831 6855 13580 13891 8839 2085 985 7504 7650 7644 7671 5909 8004 7451 7452 4931 12838 5357 11694 9554 11021 12924 12503 14291 8316 12701 3383 2958 10050 7949 4369 6327 6289 5447 10779 5779 7647 6130 7910 6486 11429 12268 5607 12783 2285 14670 5129 9790 4856 2351 10076 11256 14038 11681 11602 8630 13431 9158 14518 10063 8969 7622 12937 6853 4823 6217 5750 12102 10515 10682 6742 9885 3325 14077 11699 10133 7004 3334 12563 5944 6012 11965 6833 3273 5604 3828 6221 4061 14891 13175 10957 5033 5045 6515 4060 7486 5795 2034 8552 10953 11985 12651 9444 5279 11753 4639 6412 6760 8848 13923 4244 8546 3723 6230 12950 7170 4011 13446 10463 9519 4812 3170 8392 6180 6128 13803 2021 9400 12056 10206 13175 12389 6386 12599 7100 10611 15567 12884 8948 9938 4877 16057 6760 11703 9992 7965 5363 11289 11371 12976 6004 4973 10691 12056 9611 9550 7306 5278 8932 4952 6674 9854 4879 11305 10796 9214 8710 14021 4453 11548 2032 12120 4178 6876 299 258 7880 5620 6031 10594 6109 1482 10665 12815 9201 14078 12294 12148 3648 5266 12979 4313 8263 11471 7624 12552 16201 10133 6515 8974 972 701 8215 11995 3308 13698 12221 5822 15125 9555 7171 1891 1874 5113 11600 5825 5698 327 13173 8863 8282 12137 1667 13395 11403 14642 1321 9648 6308 8036 1738 9117 4015 686 3702 7127 12188 14008 12513 10733 8100 12585 6019 12424 15461 6633 10242 2813 5601 2006 9938 10810 11841 8227 13089 11911 6909 13293 10609 11602 3314 12309 5178 13910 6228 1641 8908 15179 12678 10515 4920 7317 4217 11093 13942 8083 2949 3730 14392 3257 8337 3701 5010 11817 3883 7360 1845 9947 8482 6526 5439 1151 5211 10509 10502 5335 4762 3171 9467 2624 17092 1070 1203 8356 7557 15098 12525 12726 10331 7878 11665 5147 3989 11739 12756 7515 11127 8755 1755 16918 2920 12612 9398 9615 4063 4483 6380 4796 3029 16802 6808 2797 12484 4207 3323 5832 3498 4830 6632 6531 10070 8341 7955 9649 8469 10077 4980 11610 7779 9824 5275 1849 11338 10497 14599 10972 7151 5915 8917 6722 12883
12198 2455 7900 15624 17170 17373 9599 10226 1836 16485 14390 7101 0 5441 13181 13063 12996 7016 5463 4914 7813 14022 8090 11076 10771 10465 5602 9074 7226 6952 16579 7252 6933 19406 8270 4730 4261 17216 15868 13712 7436 13604 14782 16343 2404 5423 8070 9141 698 10520 3470 12353 15102 11198 14473 2263 12349 11034 5163 3098 13907 6562 6433 14401 15225 16570 5794 6919 3762 13082 11231 4426 1333 10399 13858 4517 3937 9948 10685 13031 15345 8346 1537 13186 7893 14660 12218 3021 10888 9391 16563 18251 13787 16848 7325 5376 16612 3659 7819 4187 2325 8227 8748 13670 3982 13258 3389 14994 3424 5471 4253 9615 5434 7158 13047 5440 11140 10208 14527 6187 12224 15293 6019 10362 10655 4157 8126 4622 17158 17294 11046 10004 11740 12236 10743 14512 6678 9072 10145 6468 15414 6720 2357 12151 17604 11186 11702 3297 3230 15507 10486 2668 9762 875 12146 14234 7655 20155 5921 8887 11838 6931 12699 12839 5301 20616 6482 14625 14092 3429 15594 5602 12545 19421 7690 16825 15440 17417 12597 13759 2737 16979 13406 17278 3585 6806 12408 16576 18277 13867 12597 11118 8590 13858 8081 4791 14316 5980 2222 6891 9805 6473 11708 7094 17778 3947 13305 12618 9735 12581 7013 16455 11256 7235 6997 7265 4380 12699 2352 8918 12528 7958 16697 5846 8448 15707 10713 18850 4202 6826 19522 11136 15033 4373 7431 17723 17669 14072 12386 15368 7456 7662 3223 18895 8273 20402 8634 12852 15372 7947 9636 5670 8594 11944 17649 9639 5845 6788 12420 1809 14239 11747 6582 12672 4402 13595 8418 8616 1423 3277 6562 5571 9764 6464 4324 12074 6219 13858 6446 17458 4075 6126 1103 19307 15463 10987 14702 4332 12375 6527 12766 17790 11052 10816 14459 16201 9209 8116 17506 6088 8534 9217 10689 16221 5467 8713 15938 15964 14261 9068 11901 3567 10837 13067 7122 11054 9248 4311 7539 10322 3596 10760 3129 5337 7671 891 5399 12553 11946 12495 9844 5950 2951 4962 12716 12257 11841 4255 2462 9219 18146 6763 6285 14979 9625 16872 9174 17626 8212 14976 11413 6282 8090 13917 5945 5318 7708 11203 7837 17540 7056 6438 11552 16683 9829 10372 13313 8978 4129 18113 13666 5313 11322 3632 7237 8783 10205 3259 8347 7414 16759 14543 13782 12417 10292 4576 9379 4641 11744 3974 11381 7106 7552 14613 14850 15029 8394 12467 8454 9388 17037
17586 3892 12732 17044 21163 19920 15039 11416 4771 19447 19122 12129 5441 0 16577 18431 17179 9721 9868 2133 11136 17263 13531 15984 15773 14235 10923 12822 11676 5005 19560 12614 10323 23199 13670 5715 9494 17468 18900 18511 10154 17996 15205 17464 5546 10168 13036 14297 4756 12932 5035 17694 19964 13980 19147 7253 11929 14926 601 2576 15664 1404 1863 14053 19726 18673 11234 11029 2158 16405 16435 9495 5868 14001 15753 9733 8435 15355 15949 17286 17611 5954 6665 13288 12300 14177 17224 2426 14993 14478 20595 22806 13264 19844 5011 5721 18224 3379 2404 2498 3204 9952 5877 18124 9383 17992 6754 16599 2719 3235 9180 10151 9577 2121 13879 4003 14159 15397 15546 11399 16306 17162 7978 15382 14265 8504 10718 10060 18051 19506 11409 13687 17012 17663 16006 19193 11939 14159 15212 4438 17337 2261 3831 17358 21062 16491 15289 8226 3507 16105 14752 3642 15129 6247 11515 19285 11337 24294 4248 9416 16940 10954 15561 17195 7805 24869 11842 17847 15231 2013 16786 423 17935 23711 12767 20613 14742 19914 15065 16161 7261 16890 18708 20545 2158 7971 17170 19679 22698 14209 16915 15262 7982 14868 8227 3964 19434 11298 3270 12269 12551 5778 16931 5001 22320 3540 16263 11380 13622 13280 12372 18895 16110 12320 11962 12331 5503 17521 7645 8556 16726 13191 20347 1367 9069 16309 9801 23015 9629 9823 23502 15715 19388 2516 8976 20660 17911 16509 17804 19377 12652 12578 7266 23296 13693 24529 6496 17951 14978 8091 12039 10965 13306 16488 21263 12805 11091 11844 11768 4338 17991 11549 11191 11990 1596 12461 13392 8935 5836 4518 11889 5425 15162 11449 9759 17512 1970 13402 1872 21686 5014 925 6490 23677 14865 14158 17407 9330 17625 11024 14674 22330 10716 16043 15057 18634 11646 4236 21932 2782 12638 7375 16117 17255 10587 13770 20597 15899 15046 8846 16592 5459 15293 14340 1842 13398 14565 9747 2308 15383 4377 15828 7238 664 13112 5754 10299 14354 14413 17905 13271 11013 8360 2739 14221 16871 16873 8989 4228 13804 18024 11541 11507 19200 11788 17434 7077 20371 7762 19924 11412 9346 13531 15184 742 6723 6197 16385 12424 17154 12480 1665 13260 21411 13935 15767 18491 12501 9112 18189 18161 9749 10600 9070 11198 11729 15453 7423 10739 12588 20973 18450 17481 14350 15401 2927 12909 1331 14552 2670 16765 11620 5710 17099 14539 17426 10472 16762 9301 14698 19296
10860 15508 6858 6492 4998 4904 11657 7024 12384 3500 6217 7914 13181 16577 0 10880 3021 6862 7852 14603 5500 943 11590 6414 6955 2839 9872 4130 6413 13123 3566 9816 6367 6693 10261 10917 13429 10206 2854 6315 6438 4134 8752 7591 15466 8240 7271 15181 13433 4260 11571 10207 7355 2978 5932 11033 10228 2561 15999 14294 5072 16760 16054 10496 5451 5247 11293 6342 14477 285 8453 14040 11919 2792 4682 13530 15142 13215 15161 3345 4131 13588 11731 9164 5835 10899 7165 14817 3165 7541 4575 7909 10731 3803 13528 11109 6482 13202 18627 14086 14068 7160 14311 4451 12455 5779 10143 5762 16085 13859 14397 8542 7765 18697 7400 13051 2543 8206 7172 13857 2595 5166 8665 7069 2546 9041 5936 11820 8585 5501 8554 3206 9196 11805 8899 5993 13700 7592 16139 13334 5072 16004 15376 8688 4496 9415 1541 14179 13126 8563 3830 13161 9900 12479 10655 8202 5529 8150 13100 8828 7767 6291 1887 3761 8774 8895 9924 1505 6760 15152 7077 16958 11037 7909 14975 4187 11691 5028 3081 3212 10446 10925 10115 4097 14557 9034 5723 3456 7375 8713 3561 3161 10845 7047 9809 12793 8768 13190 14107 12823 4191 11713 8716 13280 7470 13042 1462 12016 3609 7704 9828 4394 6116 14775 7743 8001 11090 6129 13164 10356 3038 8682 3810 17701 8867 8629 11131 7008 11220 6764 7166 4774 4662 17013 8028 4686 10475 3167 11588 3520 8566 7253 15404 7828 10624 8353 13215 8014 10945 9871 4931 9695 6132 4559 4697 3772 13603 8163 10736 14931 1830 9708 7154 10841 16549 12045 7184 9302 11863 12100 9638 11543 10372 8084 11336 13109 15697 10595 16061 5976 11567 16618 12363 8077 11468 2440 2642 9446 9167 7034 4620 7466 9999 15511 8223 4230 5216 15629 6758 14775 4890 12755 11259 7755 14095 7496 6695 10390 7702 10079 5281 11154 4335 6291 18357 4072 9269 11363 18821 7326 12205 7377 10087 16030 11535 13813 8523 4934 3311 11442 3368 8601 12516 14067 5695 4919 7266 9159 15599 5426 11637 7357 9087 4048 5386 9261 13161 4813 10699 7839 9294 7265 11498 6392 17314 9936 12398 16026 6227 11941 10706 16268 5389 7565 3855 10440 8828 4217 9566 11133 4653 8008 10777 11637 5975 4863 8691 9939 6021 14406 5340 2563 1350 4601 15998 13750 3809 16649 2532 13907 10527 6605 12880 3200 10556 3625 6465 3453 8482 14199 5210
926 15260 6697 17222 10466 15368 3986 15253 13787 13642 5717 6728 13063 18431 10880 0 8000 12175 9481 17348 10806 11647 5387 4616 4224 9310 7511 9515 8255 17844 13636 5819 10876 12641 4808 14709 9885 20730 13107 5129 12103 7217 18834 18323 14116 8800 6130 7593 13715 12889 14326 837 5251 12143 6069 11215 18902 8906 18065 15903 15552 19379 19039 20016 7257 16101 7410 9284 16470 11081 2712 10270 12595 9822 15208 9756 11856 4893 6399 7702 15011 18990 11767 18505 8014 20418 3721 16015 8166 4663 9972 8758 19930 13738 18328 15358 17350 15721 20833 16588 15227 13879 19663 6947 9483 5416 12428 16450 16415 17335 10757 16127 10025 20221 17087 16826 11518 3550 17488 8652 8288 15984 13476 4338 9799 10520 12298 8650 19341 16240 16978 9593 1876 1601 2716 6041 8104 4904 7963 17670 15914 19223 15218 2203 12674 2099 9951 11329 15375 18924 7621 15002 3303 12213 19111 3621 10020 11871 17172 15893 3134 9485 12311 7237 12823 11775 6591 11945 17004 16434 17720 18634 649 10736 8527 11053 21306 15533 13311 13918 11383 21246 1044 13125 16372 14568 5198 13257 9374 18454 7369 8013 17280 17146 16163 16225 3140 8273 15162 7221 12027 16577 2284 18032 8494 15816 12236 20301 9007 17110 6060 15135 4854 8684 6988 6476 14595 4855 11231 17116 7867 5372 11490 18906 15630 19037 18706 10840 8882 11674 12025 6237 7858 17311 14085 14427 21060 13961 1263 9478 5946 6604 12885 9893 4863 12099 18929 2975 20727 16123 12767 7477 6659 6321 12159 11009 8717 6923 19304 14609 10008 18221 8248 19500 17460 20782 5837 16103 12642 14649 6545 15844 3326 7385 8785 3088 18744 19862 19050 9677 14790 18999 11973 10320 21151 11086 13513 9262 1717 8563 14709 8516 18073 6718 18303 15015 12650 19987 8846 18233 8636 18975 2687 18440 9465 5306 6806 20513 17819 16998 5600 13994 6819 16215 20172 13159 3903 8802 20598 4143 14969 3852 11628 18210 5754 13013 8496 14866 13110 1031 10325 7656 10377 17110 15572 5977 3624 9786 15096 6802 22130 7680 6999 8436 13263 19862 19212 14944 16938 4659 17740 11682 5343 16642 18988 14233 17839 7072 7506 22209 6069 19122 14694 6878 8295 2720 2327 10136 9474 21708 6747 9523 18780 9486 9501 11541 3257 11457 12690 8158 9331 9542 10044 14517 7682 16674 10074 17704 12193 16347 1699 8153 18062 14072 20238 14505 13279 7452 15305 6331 15961
8083 15435 5487 9513 4199 7394 9342 9262 12609 5703 3257 6552 12996 17179 3021 8000 0 7887 7550 15388 6252 3677 9581 3818 4415 3147 8610 4440 5771 14462 5712 8068 6946 6525 8225 11814 12277 13213 5135 3295 7548 1195 11662 10612 15071 7618 5674 13140 13389 6443 12170 7385 4414 5275 3009 10738 12747 2396 16641 14712 8046 17599 16977 13274 2863 8128 9823 6192 15023 3269 5770 12876 11872 3570 7664 12325 14185 10902 12851 324 7099 15165 11465 11868 5104 13683 4287 15138 2186 5382 3582 5823 13421 5849 14911 12176 9468 13839 19407 14769 14334 8809 15900 1496 11371 2761 10448 8779 16212 14836 13294 10626 7693 19279 10175 14082 4649 5759 10126 12306 926 8182 9721 4645 3355 8912 7279 10612 11605 8241 10937 3719 6433 9064 6316 3072 12040 5535 14002 14559 8080 16996 15323 5848 5332 6751 2739 13276 13672 11537 2510 13581 7527 12191 13115 5182 5878 7174 14229 10738 4962 6243 4761 765 9555 7698 8385 3946 9691 15516 10092 17522 8222 6532 13193 4064 14510 7553 5925 6222 10328 13902 7174 5482 15053 10396 2803 5382 5567 11529 675 1919 12642 9942 11523 13698 5749 11658 14344 11087 5960 13026 5947 14636 5338 13750 4472 14455 3603 10396 8146 7137 3485 13068 6485 6545 11902 3165 12440 12241 468 6846 4180 18155 10669 11612 13320 5875 10174 7600 6536 2407 2286 17173 9498 6619 13490 6188 8817 2429 6914 5852 14675 6145 8579 7418 14877 5067 13799 11552 6814 8443 4692 1834 5086 5110 12113 6862 13233 14804 2071 12160 6443 13369 16869 14621 5459 11145 11844 12672 8111 12657 8000 6955 10243 10456 16624 13303 16985 4513 12322 17380 12026 6509 14302 4300 5573 8805 6308 6470 7462 5342 12315 13207 11127 7022 6948 16956 4819 15789 4555 14562 8732 10775 12708 5584 4045 13323 10610 12005 2501 11747 2337 9119 19013 6456 7026 10271 19481 4893 12855 4818 10129 16708 9617 13471 7751 7728 5972 8651 4387 7524 11674 14918 8493 2049 4458 8747 15457 3954 14643 6394 7745 2021 7344 12275 14929 7038 12422 4856 11711 7978 9488 9320 17892 10927 13937 13702 5229 14911 8951 17159 7960 4955 3247 7949 5858 4905 8977 14148 1680 7696 13095 10697 5985 6160 6231 9954 7514 12637 3802 1851 2045 7378 13822 14547 4550 17016 5050 14560 7860 5901 14357 6195 13380 6597 8079 679 10281 12042 7962
11631 9073 5500 8682 11591 10482 10549 3804 5799 9801 10492 5784 7016 9721 6862 12175 7887 0 3354 7744 1657 7544 9600 8125 8227 4757 6538 3479 3934 6579 9909 7688 1299 13522 8734 4062 8939 10779 9228 10069 445 8901 8387 9483 9419 4219 6099 12594 7072 3514 4753 11338 11541 4341 10406 5315 7091 5501 9141 7513 6915 9914 9228 8699 10676 9566 7991 2905 7643 6684 9526 9483 5683 4418 6849 9139 10038 11772 13393 8068 8358 7364 5847 7235 4183 9056 9459 8078 5784 7513 11057 13705 8355 10190 7033 4321 9617 6353 11773 7227 7384 1867 8094 9104 7997 9462 3650 8017 9452 7043 9664 4106 2802 11840 6512 6256 4449 8625 7778 10199 6965 8280 1848 7973 4673 3542 1114 7773 10370 10309 5259 4183 10334 12221 9468 10463 10336 7285 13707 6675 8398 9204 8926 10305 11341 10098 5646 9080 6305 8944 5786 6400 9466 6533 7175 11420 2272 14763 6364 3748 9537 2698 5914 8107 1947 15409 7234 8131 7304 8384 8728 10107 11950 14300 11718 10956 9943 10508 5630 6788 4535 10801 11948 10833 7740 2584 8784 9994 13439 7619 7799 6072 5168 7149 4026 5948 11777 9606 7444 9816 2900 5144 10019 6755 13218 6183 6590 8239 4320 6197 7528 9519 8086 11358 5485 6035 4228 9231 7866 4950 7478 7260 10652 10874 3459 9130 6549 13521 6959 518 13893 7140 10172 10337 1914 11032 11215 7114 12181 9851 6749 5660 9871 14000 9007 14988 7144 10392 9594 4006 2621 6406 5548 7753 11556 3092 9843 5743 7404 8580 8356 6390 4117 7631 9785 8866 6358 3929 5595 5284 7031 4788 9788 5315 7148 12910 8871 8345 9235 12268 4708 9760 6508 14341 9868 4436 7854 4871 10738 3777 5764 13223 6058 13676 7966 9261 2194 9068 12701 7980 3827 6988 10950 9400 10015 6898 11742 9844 7660 4823 8125 4348 6555 6264 11496 4044 8673 7166 11960 8114 5361 8492 3981 9169 9310 7812 4677 5574 4971 12160 3630 5414 7547 7216 5826 8220 9241 4206 9234 5604 11918 4715 6272 9850 2637 10261 7295 10825 4860 11710 5927 847 9533 7077 10461 3100 6134 14191 4669 11558 8288 9432 4633 12633 4860 10224 11160 2983 4833 11746 9199 3428 6702 7043 2679 2008 8951 3908 1351 11200 11560 8884 7834 5415 13697 6890 3355 9862 4911 7052 10919 4060 6514 7675 9057 8069 1584 7629 3149 12098 10059
8810 7890 2978 11505 11711 12355 7322 7134 5146 11271 9254 2763 5463 9868 7852 9481 7550 3354 0 8325 3008 8739 6277 6188 6062 5059 3184 3727 1824 8379 11354 4415 2349 13944 5514 5263 5951 13987 10635 8649 3539 8226 11640 12420 7648 868 3426 9252 5839 6100 5097 8657 10112 6361 9283 3229 10420 5587 9378 7319 9653 10507 10009 12052 9911 11866 4655 1510 7724 7788 7031 6541 4325 5065 9493 6114 7414 8464 10046 7601 10589 9509 3949 10581 2475 12410 7483 7676 5425 4952 11106 12980 11705 11611 8864 5886 12269 6686 12204 7618 6857 5214 10184 8323 4965 8125 3183 10772 8672 8071 6814 7410 590 11914 9748 7468 6125 6020 10862 6969 6763 10836 4105 5707 5307 1382 4100 4577 13368 12485 8610 4646 7756 9259 6792 9329 7052 4660 10362 8243 10906 10119 7775 7913 12195 7386 6332 6436 6431 12122 5045 6226 6462 4690 10471 9552 2500 14722 7770 6957 7322 1582 7684 7442 3370 15213 3901 9336 10366 8072 11672 10174 9150 14026 8438 11365 13297 12426 7878 9001 2779 14086 9461 11928 7710 5257 7306 11298 12932 10921 7185 5659 7975 10278 6923 6919 9777 6348 6852 6480 5184 7096 7544 8568 12497 6690 8196 11459 4308 9488 4234 11531 6281 8100 2494 3020 5188 7669 5347 7917 7083 4211 11255 10723 6603 12297 9670 13419 3803 2863 14064 5857 9647 9635 5035 12495 14411 9269 9271 9907 3649 2938 7569 13543 5755 14966 9458 8299 12941 6857 5395 3053 3456 6644 12208 4659 6629 2616 10710 7265 8793 9721 1353 10943 9385 12154 3765 7026 4300 5521 3716 6378 6717 2150 3974 9771 9679 11698 10019 12039 5457 10212 4550 13942 13221 5875 9686 1732 8275 1157 8501 12508 9335 10326 11191 11292 5034 10614 12161 9013 3077 9554 7874 12382 6897 4246 10738 13149 10841 7865 6724 4711 5475 9344 11709 6615 5702 3996 12171 5764 5787 6199 2642 9476 5971 6008 1325 8410 7291 9287 4643 2108 4781 7967 8824 7011 7166 1308 7924 3938 15182 1832 2967 9549 5642 13393 9764 12493 7607 10106 9264 2582 6214 10095 10546 4753 8364 10839 2557 14874 4954 10144 7642 11545 4366 7219 8947 3784 1789 14970 8343 156 9929 4039 1900 4158 6235 2458 4485 7905 11334 9081 8349 8171 10347 7547 4145 9552 6835 7388 8036 1753 8580 9743 12405 10198 4891 7046 6356 8745 12207
16548 4384 11278 14912 19286 17819 14227 9283 3600 17390 17521 10804 4914 2133 14603 17348 15388 7744 8325 0 9233 15258 12766 14511 14360 12369 9885 10977 10080 3065 17505 11593 8460 21263 12705 3687 9175 15406 16854 16949 8165 16266 13115 15339 5933 8757 11650 14056 4237 10857 3256 16574 18422 11936 17518 6176 9907 13081 1535 1897 13535 2213 1698 12044 18020 16549 10463 9335 1232 14420 15169 9314 4842 12100 13628 9431 8563 14747 15586 15517 15498 4232 5737 11215 10670 12189 15795 2341 13207 13144 18732 21101 11273 17789 3193 3613 16090 1648 4036 768 2669 7850 4357 16415 8845 16404 5143 14466 3622 1173 9092 8024 7956 4173 11757 1881 12146 14130 13420 11101 14495 15033 5950 13987 12361 7023 8697 9388 15937 17386 9300 11809 15808 16735 14805 17568 11587 12832 15053 2470 15209 1883 4260 16083 19070 15333 13367 8118 1973 14005 13021 2392 14078 5541 9521 17866 9512 22440 2175 7286 15583 9235 13514 15460 5877 23045 10833 15834 13101 2178 14657 2555 16898 21904 12595 18690 12797 17810 12978 14063 5971 14865 17522 18524 1475 5860 15604 17639 20942 12121 15171 13483 5917 12742 6103 1853 18064 10878 2802 11748 10519 3663 15676 3105 20612 1650 14223 9500 11797 11161 11352 16789 14605 12141 10603 11028 3524 15982 7266 6475 14945 12004 18396 3471 6936 14210 7825 21174 8819 7894 21609 14085 17633 3961 6875 18595 15852 14412 16841 17516 11441 11174 7532 21530 12780 22670 4714 16579 12983 5966 9972 9896 11779 14833 19299 10836 10758 10546 9781 4541 16078 9494 9676 10010 3018 10576 12004 6809 4774 2804 10834 3296 14171 10118 8979 16758 1396 11402 1709 19872 3073 2016 5773 21897 12903 12170 15330 8094 16391 9469 12552 20620 8667 15725 12952 16529 9588 3259 20183 1238 10897 5542 15202 15133 10372 12427 18950 13865 12930 6755 14999 3669 13621 12207 3776 11312 13446 8972 4234 14016 2560 14459 5797 1494 12352 5522 8960 12228 12330 16919 11344 9746 7821 606 12088 15240 15466 7635 4745 12210 16011 10093 10350 17401 9700 15342 5309 18287 5675 18431 9334 7449 12752 13052 2859 4681 4223 16116 10863 15175 11600 1819 11134 19790 12167 14763 17178 10609 7880 16150 16468 8224 8606 8336 9452 9741 14243 5979 8690 12328 19159 16570 15561 12230 15205 854 11010 2903 12506 1008 15728 10052 3791 15003 12529 15323 8393 15012 7168 14276 17179
10329 10063 4266 8499 10052 9579 9581 4573 6891 8683 8840 4793 7813 11136 5500 10806 6252 1657 3008 9233 0 6275 8815 6583 6738 3150 6008 1826 2771 8230 8781 6848 883 12064 7792 5593 8954 11104 8075 8429 1396 7249 8822 9426 10170 3751 4887 12062 7999 3095 6105 9973 9897 3440 8750 5807 8152 3882 10571 8802 6646 11429 10773 9507 9025 8931 7532 1866 9011 5361 8115 9539 6509 2868 6487 9120 10334 10919 12659 6424 7666 9018 6452 7996 2815 9891 7904 9317 4131 6181 9501 12062 9288 9054 8686 5925 9267 7759 13269 8666 8568 3086 9749 7449 7970 7819 4652 7764 10593 8609 9795 5321 2652 13256 6932 7840 3328 7277 7920 9941 5334 7842 3470 6520 3131 3817 1496 7574 10384 9591 6240 2582 8940 10994 8131 8808 9984 5989 13154 8309 7919 10772 9926 8846 9994 8766 4154 9355 7654 9227 4133 7667 8311 7189 8324 9827 805 13210 7977 5124 8038 1667 4892 6453 3356 13831 6534 6876 7418 9656 8681 11506 10633 12707 11367 9477 10789 9631 4924 6069 5121 11294 10501 9567 9080 4232 7159 8804 11814 8189 6146 4419 6739 7365 5590 7486 10205 9306 8609 9333 2179 6796 8593 8407 11575 7626 5492 9495 2668 6757 6728 8691 6518 11050 4500 5023 5713 7611 8206 6463 5836 6206 9222 12224 4908 9393 7931 11952 6809 1353 12378 5511 8535 11515 3466 9923 11517 6357 10922 8287 5759 4506 10360 12382 8100 13439 8787 8852 10333 5585 2441 5851 4149 6104 10148 1827 9610 4837 8528 9510 6856 7459 3204 8734 11051 10007 5093 5394 6442 6630 6291 6405 8677 4477 6977 11813 10418 9248 10780 10673 6163 11245 7110 12731 10676 3186 6901 4734 9296 2889 5494 11580 7269 12965 8345 8443 2132 10711 11071 9557 2248 8598 9824 9397 9901 5631 10085 10399 7959 6298 6497 5684 4915 6414 12942 3608 7516 7000 13409 6685 6760 7035 4684 10616 8578 8520 4185 5414 4313 10880 2143 4736 7725 8732 5864 6575 7711 4209 10177 4084 12353 3754 5542 8232 2776 10461 8919 9813 6453 10080 6980 1791 8739 7131 11868 4680 7787 13489 3367 12138 7565 10967 4703 10976 3205 9055 9640 1377 4770 12097 7542 3139 7974 7037 1471 1152 7644 4556 1898 10820 9962 7337 6345 5167 13108 8382 1777 11156 3960 8473 9661 2949 8171 6866 9809 7304 2475 5976 4555 11420 9322
11668 16324 7801 5967 4775 3974 12561 7278 13165 2565 6735 8857 14022 17263 943 11647 3677 7544 8739 15258 6275 0 12521 7252 7809 3765 10812 5012 7339 13640 2635 10756 7153 6189 11189 11572 14360 9742 1919 6919 7110 4688 8478 7048 16327 9153 8211 16113 14253 4646 12287 10998 7839 3403 6424 11898 10271 3504 16680 15030 4747 17392 16668 10345 5790 4457 12236 7230 15185 952 9283 14971 12746 3675 4349 14464 16059 14122 16071 3992 3436 14026 12589 9089 6769 10740 7925 15568 4096 8450 4451 7968 10651 2880 14028 11719 5810 13898 19265 14767 14833 7657 14740 5004 13384 6423 10927 5284 16867 14471 15324 8840 8627 19380 7288 13655 3112 9083 6850 14800 3409 4588 9307 7943 3441 9899 6561 12756 8014 4634 8700 4099 10006 12627 9753 6483 14643 8510 17066 13882 4463 16601 16190 9469 3820 10253 2471 15093 13842 8191 4759 13903 10793 13337 10729 8815 6370 7834 13677 9195 8558 7168 1973 4440 9479 8628 10867 603 6480 15894 6599 17651 11832 7724 15917 3829 11495 4103 3058 2837 11291 10533 10845 3297 15276 9587 6457 2561 7351 8544 4280 4076 11228 6813 10236 13430 9393 14133 14878 13765 4754 12249 9522 13790 7558 13723 1292 12090 4532 7659 10769 3522 6944 15718 8685 8944 11763 6838 14066 10711 3781 9617 3336 18415 9275 8236 11344 6777 12149 7492 6777 5631 4967 17785 8566 3766 9981 2696 12400 3567 9507 8196 16302 7746 11551 8018 13625 8738 10717 10308 5414 10635 7073 5346 4136 4490 14545 9106 10787 15757 1995 9797 8078 10872 17294 12035 8120 9688 12686 12818 10582 12137 11267 9023 12267 13957 16311 10503 16674 5895 12249 17269 13227 7950 11257 3118 1904 10354 9940 7950 4510 7552 10161 16422 7962 3380 5743 16134 6800 15372 5811 13116 12131 7240 15034 8424 7017 10071 7442 10421 6064 11874 5226 6149 19025 4361 10176 12294 19487 8200 12905 8229 10913 16702 12471 14672 9444 4865 3457 12247 4180 9538 13429 14709 5599 5669 8054 10047 16426 6364 11171 8292 10029 4300 5820 8772 13534 3870 11111 8362 9409 8008 12429 6122 18004 10578 12857 16935 7168 11554 11646 16888 5494 7849 4797 11317 9534 5045 10469 10638 5213 8894 10930 12559 6850 5537 9567 10770 6598 15348 5322 2736 1700 4563 16921 14406 4645 17385 2872 14595 11367 7533 13356 2573 10362 2941 6991 4195 8898 15122 4346
4462 10087 4917 16922 13349 16493 1525 13302 9175 14989 9040 4070 8090 13531 11590 5387 9581 9600 6277 12766 8815 12521 0 5945 5357 9030 3212 8405 6102 13891 15029 1971 8444 15734 1356 10819 4517 19870 14358 8271 9723 9445 17630 17947 8822 5411 4388 3595 8778 11714 10103 4873 9217 11488 9291 6645 16688 9057 13239 11116 15073 14619 14402 18252 10418 16605 2308 6951 11742 11674 4687 4884 7927 9380 14820 4375 6470 2197 3846 9408 15351 15188 7029 16758 6332 18622 6346 11110 8425 4198 12746 12875 17948 15219 14357 11543 17431 11227 15902 12000 10378 11466 15782 9320 4232 8133 8401 16143 11290 12988 5370 13684 6860 15166 15744 12636 11010 4069 16632 3344 9316 15966 10276 5026 9502 6733 10187 3477 18951 17014 14853 8988 4727 4248 3990 9298 2854 4063 4562 13592 15973 14642 10064 5401 14908 4076 10178 5971 10833 17990 7761 10374 2522 7306 16747 7814 8053 15615 13050 13230 5641 7156 12323 8991 9455 15766 2377 13012 16126 11519 17236 13681 4776 14598 3706 13534 19515 16617 12963 13909 7070 20105 6041 15034 11602 11444 7403 14788 13248 17001 8928 8455 14111 16122 13119 11982 7630 2899 10290 1890 10744 12831 4962 14072 12489 11395 12563 17726 8376 15567 2090 15930 6274 3687 4346 3875 10611 7405 6016 14120 9215 2923 13741 13839 12869 18146 15911 14391 3949 9091 15416 7176 10664 12140 11308 16056 20270 14081 4455 11828 3169 4553 7513 13850 1003 15864 15260 6459 19112 13040 11224 3296 5522 7807 14612 9888 3358 3982 16985 9459 11565 15987 5614 17217 12399 18431 4418 13279 8001 10302 2569 11976 2220 4344 3796 3996 14145 17932 14414 13021 10667 14198 7064 14297 19424 10620 14074 5196 5375 5938 14001 12508 15611 4159 17145 15739 10944 15717 12557 13800 7340 15515 2746 17972 4106 4100 10560 19214 16741 14093 7292 9859 7392 15160 15180 12151 2654 3805 15581 4806 10652 5045 7501 13405 418 7880 4963 14015 12524 4607 9465 4186 5210 12642 14571 7795 5954 5891 9886 6179 21151 5065 3328 10982 11591 19168 15656 16338 13727 8824 15526 8857 92 15809 14016 10639 14171 4686 5771 20952 1333 14442 13461 11004 7866 2750 6515 8858 5356 20868 9195 6231 16199 4468 7348 9886 3712 7368 10594 3191 12462 11430 11348 13715 4446 12210 9023 12660 11784 11762 3726 5904 14265 14402 18581 14876 11074 8901 12631 2666 16721
4469 13507 3253 12634 7405 11140 5546 10819 11216 9490 3400 3980 11076 15984 6414 4616 3818 8125 6188 14511 6583 7252 5945 0 605 4702 5808 5060 4505 14364 9506 4754 6864 9791 4617 11338 9315 16115 8899 2669 7961 3508 14230 13731 12790 5817 3006 9425 11610 8329 11283 3865 4026 7533 3561 8879 14478 4295 15519 13412 10942 16685 16197 15474 4573 11660 6671 5428 13865 6586 2042 9873 10209 5220 10603 9305 11338 7098 9043 3588 10515 15351 9570 13974 4026 15880 1340 13696 3553 1908 6801 7352 15434 9655 14845 11887 12820 12870 18350 13798 12871 9654 16063 3375 8531 2324 9370 11858 14483 14238 10335 11836 6598 17979 12504 13600 6906 1957 12873 8958 3843 11426 9689 928 5188 7504 8026 7687 14752 11886 12559 5017 2816 5396 2513 3586 8605 2180 10238 14303 11368 16305 13423 2436 9057 3002 5360 10526 12601 14309 3010 12358 3728 10207 14729 3380 5861 9798 13866 11700 1526 5594 7724 3136 9200 10050 5277 7632 12389 14107 13116 16267 4674 8853 9637 7617 16761 11289 8701 9344 8734 16634 4059 9285 13830 10669 1504 9193 7558 13876 3143 3412 13291 12537 12146 13080 3671 8349 12844 7619 7506 12990 2352 14550 6908 12878 7700 15973 4457 12556 4898 10775 338 9570 4082 3839 11311 1661 9932 13041 3545 3564 7870 16738 11492 14421 14495 8536 7468 7668 9509 1652 4733 15442 10021 10436 16447 9408 5189 5910 3860 3428 12045 8179 4948 10051 15197 2269 16158 12130 8287 5674 2753 1984 8710 6484 8826 4300 14905 12843 5885 13813 4835 15088 15342 16373 2660 11978 10217 11708 5047 12388 4197 4614 7477 6705 15866 15355 16207 7140 11619 16377 9998 8619 16596 6473 9054 6760 2925 5057 10094 6925 13743 9399 13697 10629 8219 16710 6819 15187 4336 15105 4921 13841 9495 2442 4985 15911 13210 12882 1366 10892 2206 11610 17815 8572 3306 7503 18271 1139 11974 1000 8760 15628 6050 11337 5722 10254 8495 5056 5769 5131 9083 14153 10966 1868 1132 7004 13447 2522 17514 4444 4963 5038 8803 15252 15395 10835 12985 3939 13334 7812 5855 12027 16637 10664 14142 9890 3694 17600 5563 16330 10117 5649 3739 4131 3063 5692 6971 17094 3254 6287 14480 8069 5506 7141 2419 8574 8391 9102 6548 5616 5788 9905 10046 13735 5570 15540 7578 13565 4116 4495 14451 9563 15678 10011 8996 3164 11137 8284 11598
3990 13186 3086 13106 7993 11714 4941 11079 11002 10074 3861 3677 10771 15773 6955 4224 4415 8227 6062 14360 6738 7809 5357 605 0 5101 5395 5319 4471 14339 10093 4241 6944 10377 4039 11277 8835 16544 9479 3105 8093 4107 14615 14200 12412 5616 2738 8824 11326 8666 11154 3437 4370 7932 4054 8607 14737 4752 15322 13197 11390 16516 16052 15799 5110 12197 6173 5443 13671 7118 1553 9383 9957 5606 11058 8815 10869 6495 8441 4190 11037 15366 9284 14292 4063 16203 1454 13455 4010 1438 7392 7811 15730 10245 14822 11851 13327 12713 18151 13635 12632 9823 16071 3966 8079 2835 9231 12327 14189 14133 9851 12035 6511 17742 12863 13518 7315 1352 13290 8411 4404 11920 9721 417 5596 7337 8208 7225 15222 12441 12814 5370 2371 4885 1945 4073 8045 1740 9634 14254 11870 16174 13106 2121 9662 2472 5845 10078 12429 14724 3425 12162 3123 9898 14969 3514 5986 10336 13802 11862 1312 5623 8204 3740 9186 10561 4804 8202 12801 13870 13573 16043 4219 9370 9055 8219 17089 11862 9148 9832 8512 17035 3778 9887 13625 10736 2055 9785 8058 14230 3741 3896 13393 12933 12253 12980 3714 7811 12599 7056 7812 12986 1940 14527 7379 12737 8212 16192 4783 12890 4399 11330 943 8997 3816 3507 11231 2132 9531 13168 4131 3083 8475 16487 11635 14841 14669 9084 7052 7752 10075 2181 5309 15144 10136 11031 16884 9908 4697 6513 3434 3197 11611 8676 4365 10587 15234 2240 16504 12229 8568 5271 2722 2582 9313 6792 8290 3985 15153 12520 6479 14064 4713 15342 15079 16626 2381 12118 9972 11562 4589 12351 3593 4339 7049 6154 15726 15657 16062 7695 11517 16195 9683 9119 16931 6882 9591 6486 2591 4964 10511 7396 13960 8797 14085 11179 8474 16649 7329 15075 4508 15177 4338 14301 8970 2063 5442 16292 13604 13021 1970 10772 2677 11997 17595 8936 2711 7074 18048 562 11840 421 8578 15437 5474 10992 5477 10656 8913 4579 6101 4825 8673 14021 11355 2472 1106 6784 13111 2657 17935 4266 4573 5632 9074 15695 15454 11421 13075 4205 13583 7856 5268 12442 16412 10645 14168 9289 3661 17992 5025 16177 10469 6057 4070 3540 2947 5947 6701 17528 3838 6150 14686 7661 5568 7377 1817 8394 8585 8524 7116 6219 6370 10309 9441 13598 5862 15283 8009 13399 3578 4433 14457 10082 16017 10534 9185 3757 11289 7680 12152
9079 12841 4156 8093 6928 7618 9305 6378 9820 6329 6039 5170 10465 14235 2839 9310 3147 4757 5059 12369 3150 3765 9030 4702 5101 0 7070 1424 3575 11323 6400 7166 3915 9020 7750 8743 10596 11447 5683 5782 4407 4228 9528 9171 12703 5406 4644 12588 10765 3693 9201 8537 7168 2833 5885 8272 9990 751 13679 11838 6323 14571 13921 10823 5984 7575 8522 3558 12093 2824 6651 11207 9240 532 6009 10702 12304 10828 12741 3355 6321 12019 8983 9340 3009 11231 5829 12313 1267 5250 6365 8969 10837 6640 11768 9067 8457 10865 16403 11783 11534 5694 12753 4466 9620 5159 7597 7307 13498 11759 11560 7622 5031 16350 7815 10989 2214 6130 8190 11087 2221 7005 6601 5070 503 6308 4137 8998 10193 8013 8107 574 7472 9933 6930 5946 10962 5218 13591 11432 6990 13922 12715 7138 7142 7523 1298 11341 10735 9623 1692 10700 7657 9729 10301 7448 2914 10071 11116 7666 6220 3534 3303 3468 6498 10683 7191 4343 7700 12672 8516 14595 9319 9557 12268 6424 12103 7721 4095 4918 7730 11937 8744 6875 12145 7249 4689 6293 8683 9189 3157 1524 9526 7837 8398 10635 7924 10420 11560 10118 2993 9886 7030 11495 8484 10750 3547 11605 770 7898 7149 6951 4498 12044 4974 5286 8856 5161 10337 9147 2766 6110 6244 15279 7568 9741 10330 8806 8385 4503 9270 3166 5431 14444 6355 7525 11793 5064 9771 5148 5909 4546 12582 9243 8108 10302 11736 6788 11477 8422 3840 6893 3509 3465 7192 2035 10819 5396 10448 12242 3804 9357 4315 10610 14053 11888 4628 8050 9194 9717 6907 9542 8110 5280 8504 11073 13566 10745 13929 7523 9297 14377 9600 9586 11928 1781 5075 6616 7627 4197 5411 8488 9409 13082 8995 6745 3900 13821 7948 12706 2051 11441 9121 9250 11288 5030 7114 11209 8509 8925 4056 8777 2535 6908 16054 3885 6942 8530 16522 5308 9870 5499 7424 13732 8928 11057 5683 5556 3815 9666 1278 5782 9680 11876 6264 3950 5776 6357 12909 2901 12835 4536 6312 5092 4377 10611 11800 7617 9294 7465 8889 4921 8941 7341 14961 7827 10791 13606 3439 12899 8039 14113 5440 8021 1171 8293 7629 1778 6741 12434 4593 5214 10179 8797 3228 3027 6596 7265 4388 11699 6812 4216 3326 5209 13474 11520 1405 14178 2927 11585 8590 3768 11210 5372 11006 5846 4967 2983 7182 11684 7721
6679 7920 3134 14428 12748 14684 4481 10314 6297 13372 9208 2058 5602 10923 9872 7511 8610 6538 3184 9885 6008 10812 3212 5808 5395 7070 0 6077 3593 10750 13435 1708 5485 15117 2829 7646 3668 17101 12725 8474 6716 8883 14784 15395 7032 2326 2973 6080 6232 9062 7018 6773 9762 9082 9356 3717 13586 7336 10555 8393 12564 11876 11564 15236 10283 14481 1531 4180 8967 9886 5651 4269 5089 7282 12360 3723 5607 5404 6884 8540 13200 12021 4258 13764 4070 15594 6794 8511 6879 3961 12125 13157 14884 13662 11222 8362 15084 8283 13326 9120 7719 8395 12633 8864 2778 8114 5237 13670 9008 9977 4685 10568 3743 12746 12890 9558 8711 4647 13927 4047 8064 13625 7079 4978 7467 3521 7250 2003 16370 15006 11791 6853 6138 6856 5143 9384 4007 3655 7185 10482 13666 11767 7857 6567 13802 5587 8346 4745 7916 15227 6284 7515 4213 4736 13616 8736 5328 15454 9951 10078 6326 4359 10181 8225 6248 15782 953 11370 13425 8931 14658 11133 7030 14578 5378 12669 16480 14783 10608 11661 3985 17241 7808 13730 8864 8246 7267 13283 13323 14088 8056 7012 10902 13369 9920 8920 8769 3385 7656 3327 8103 9646 6118 10933 12708 8411 10563 14556 6320 12653 1468 13977 6052 5088 2158 2080 7457 7469 4136 10921 8167 2393 12720 11442 9705 15396 12724 14161 1660 6047 15016 6346 10276 9938 8159 14539 17518 11885 6957 11030 1962 2760 6242 13947 2945 15706 12073 7331 16124 9838 8448 177 3929 7135 13656 7387 3759 1756 13860 7255 10326 12888 2916 14097 10002 15291 3253 10102 5140 7272 966 8806 4287 1791 1678 7027 11280 14879 11576 12746 7552 11491 4501 14381 16405 8376 12097 1993 6776 3173 11437 12723 12472 7154 14322 13758 8119 12685 12569 10835 5085 12309 5335 15383 4223 3367 10792 16314 13954 10903 6884 6740 6274 12420 12676 9547 3651 1705 13108 4887 7611 5305 4352 10702 2860 5683 1867 11393 10084 7035 7137 1324 3278 9690 11870 7324 6397 2680 7809 4678 18325 2548 873 10396 8749 16468 12458 14679 10517 9557 12436 5752 3164 13134 11489 7430 10981 7664 3645 18044 1886 11635 10710 11446 6022 4880 7738 6384 2166 18091 8806 3112 13037 2266 4615 7143 4610 4206 7645 4824 12093 10398 9987 11124 7165 9254 6646 10235 9474 8878 5858 3383 11094 12291 15588 12762 8071 7970 9484 5569 14718
9150 11434 3508 8517 8343 8697 8900 5763 8396 7549 7046 4370 9074 12822 4130 9515 4440 3479 3727 10977 1826 5012 8405 5060 5319 1424 6077 0 2485 10055 7631 6461 2517 10444 7214 7377 9462 11584 6911 6672 3181 5424 9479 9546 11339 4179 4091 11874 9357 3455 7791 8701 8125 3084 6943 6906 9423 2106 12270 10415 6669 13184 12547 10511 7199 8403 7584 2218 10677 4061 6803 10069 7834 1339 6415 9588 11082 10359 12213 4603 7122 10829 7608 8997 2085 10911 6331 10889 2306 5074 7773 10240 10416 7885 10511 7739 9064 9458 15007 10380 10110 4692 11561 5624 8474 6054 6173 7738 12078 10399 10395 6803 3643 14936 7656 9642 2645 6096 8315 10124 3529 7598 5293 5177 1586 4921 3063 7917 10553 8941 7502 930 7640 9915 6943 7002 10059 4957 12920 10131 7623 12560 11307 7437 8532 7569 2629 10110 9319 9715 2351 9277 7404 8356 9669 8162 1491 11474 9792 6728 6570 2161 4108 4627 5121 12068 6351 5609 7810 11249 8841 13180 9426 10929 11405 7848 11803 8781 4579 5593 6336 11944 9090 8217 10726 6040 5441 7571 10006 9002 4320 2593 8469 7864 7324 9265 8578 9462 10136 9279 2534 8622 7244 10232 9752 9350 4536 10918 842 7624 6402 7932 4940 11145 4124 4539 7474 5905 9060 8146 4016 5554 7659 13858 6569 9856 9488 10201 7248 3163 10689 3800 6717 13022 5220 8770 11963 5809 9798 6555 5237 3855 11292 10580 7557 11707 10583 7296 11250 7331 3252 5903 3075 4329 8604 1547 9832 4534 9846 10841 5226 8754 3190 10031 12629 11316 4183 7057 7785 8305 6076 8222 7823 4319 7383 10907 12194 10347 12555 8896 7905 12980 8236 10936 11655 2299 6059 5361 7910 3004 5615 9758 8690 12542 8964 7705 3160 12536 9258 11351 1066 10356 8915 9579 10243 4673 8264 11133 8515 7954 4779 7366 3177 6903 14645 3820 6634 7409 15113 5380 8465 5668 6012 12326 8245 9688 4510 5663 4119 9724 1071 4756 8445 10494 6281 4808 6190 5035 11509 2726 12922 3540 5404 6435 3755 10825 10692 8788 8205 8340 8275 3542 8320 7475 13546 6488 9598 13070 2635 12860 7290 12734 5271 9158 1428 8104 8113 633 5467 12583 5721 3882 9434 7610 1846 2087 6521 5855 3391 10840 8183 5635 4743 5346 12832 10131 622 12754 3416 10178 8561 2694 9990 6216 10750 6686 3996 4151 6196 11070 8654
7697 9671 1566 10904 9956 11138 6810 7340 6968 9902 7453 2040 7226 11676 6413 8255 5771 3934 1824 10080 2771 7339 6102 4505 4471 3575 3593 2485 0 9871 9974 4131 2640 12227 5029 6834 7028 13769 9257 6869 3910 6408 11540 11900 9322 1881 2167 9472 7636 5618 6830 7418 8342 5510 7471 4967 10885 3977 11177 9136 9041 12276 11750 12279 8088 10888 5105 1030 9526 6394 5643 7638 6133 3722 8817 7141 8735 8169 9946 5805 9606 10898 5694 10767 667 12662 5833 9499 3703 3595 9345 11157 12051 10215 10354 7387 11513 8454 13998 9390 8681 5710 11601 6501 6048 6329 4950 10135 10484 9750 7986 7979 2125 13731 9660 9099 5119 4707 10534 7640 5023 10050 5271 4161 3925 3206 4232 5451 12892 11421 8986 3289 6432 8298 5542 7518 7583 3355 10540 9800 10085 11840 9561 6466 10598 6170 4872 7778 8217 11888 3262 8035 5569 6420 11026 7885 1978 12930 9361 7677 5773 1237 6591 5629 4715 13405 3918 7918 10028 9895 11176 11988 8017 12216 8937 9669 13560 11229 7029 8070 4588 14017 8084 10409 9520 6328 5524 9865 11111 10941 5377 3913 9029 10021 7908 8590 8158 6978 8676 6825 4647 8515 6147 10059 10674 8434 6994 12145 2806 9515 4035 10402 4557 8668 1756 2259 6811 5905 6810 8862 5303 3435 9605 12546 7393 12045 10483 11626 4814 3426 12303 4039 7832 11449 5836 11099 14169 8292 8250 8159 2995 1749 9060 11723 5345 13176 10779 6704 13102 7870 5131 3419 1757 4821 10558 3839 7347 2130 11241 9035 7146 10187 741 11455 11208 12716 2425 7860 6113 7280 3653 7888 5920 1853 4938 9056 11413 12014 11760 10237 7132 11996 6259 12124 13448 4783 8524 3095 6875 699 7939 10684 9939 10260 11049 10179 4873 12205 10339 10703 1529 10758 7074 11909 7768 2964 8922 13141 10640 8750 4925 6428 3652 9058 13518 6069 4773 4964 13982 4268 7526 4677 4463 11270 5895 7708 2113 7932 6526 8226 3544 2272 6121 9693 8472 5195 5551 2976 9687 2132 15053 1073 2947 7754 5522 13073 11018 11180 8692 8371 9711 3435 6022 9716 12360 6175 9706 10787 813 14880 4905 11896 7360 9737 2683 6321 7413 2817 3246 14766 6519 1958 10612 5224 1316 3792 5019 4281 4642 8374 9536 7372 6735 7642 10471 9282 3056 11375 5885 9163 6987 211 9987 8700 12579 9171 5186 5244 7081 8742 11133
17137 7192 11307 12364 18035 15698 15231 6917 5186 15512 17013 11117 6952 5005 13123 17844 14462 6579 8379 3065 8230 13640 13891 14364 14339 11323 10750 10055 9871 0 15633 12387 7650 19804 13536 3140 11024 12489 15037 16542 6916 15479 10275 12670 8573 9047 11797 15798 6397 9024 3833 17026 18025 10237 16948 7345 6929 12071 4461 4569 11178 4363 3537 9049 17254 14248 11686 8940 4058 12901 15404 11298 6315 10950 11333 11283 10871 16020 17148 14647 13309 1395 7184 8330 10344 9173 15698 5179 12361 13323 17531 20283 8259 15917 485 2495 13587 3369 6143 3314 5178 5983 1894 15677 10467 15950 5515 12007 6618 1906 11180 5458 7866 6746 9087 1535 10583 14399 10764 12880 13538 12671 4775 14015 11194 7357 7259 10809 13182 15112 6566 10748 16136 17494 15168 17004 13285 13036 16864 596 12867 3306 7049 16275 17444 15755 12103 10241 3776 11197 12327 4343 14720 7294 6510 17737 8738 21215 1054 4801 15634 8783 11753 14682 5164 21900 11687 14176 10499 5134 12029 5418 17482 20819 14457 17306 9752 15664 11017 12006 6826 11887 17839 16792 4313 4107 15223 15836 20002 9280 14375 12648 3057 10103 3594 2161 18027 12527 5319 13237 8932 1437 15917 188 19796 3042 12481 6436 10897 8465 12161 14645 14387 14010 10862 11367 3295 15649 9182 3661 14057 12502 16922 6369 4554 11399 4797 20004 10096 6910 20280 13605 16748 7023 5096 16664 12929 12357 17544 16344 11926 11310 10000 20554 13688 21430 1734 16575 9973 3483 8227 10711 11628 14269 17770 9498 12511 10925 6764 7186 14775 6575 9678 6987 6082 7512 12128 4280 6209 3775 11614 2002 14907 10461 10284 17777 3237 8397 3537 18794 3235 4485 7480 20884 9868 10707 13383 8775 16649 9396 10316 19801 5738 17337 10167 14389 7911 2511 19270 2259 10274 2495 16023 12439 12272 12622 18307 10901 10206 3973 14576 4036 13054 9694 6238 9399 14000 10285 6628 14099 3421 14523 6400 4345 13500 7749 9375 9957 10411 17583 10139 10234 9518 2548 9683 14722 15422 8148 7536 11887 13020 10206 10989 16408 7837 12501 2317 16258 2916 18140 6475 6628 13858 10503 5641 3700 1194 17779 10684 12152 12610 3804 8884 19192 11410 15457 17271 9558 8589 13192 15767 8328 5595 9751 8912 8386 14609 6544 7116 14101 18092 15360 14244 10025 16971 2702 9917 5957 10780 3397 16342 9907 727 12949 9535 13209 6660 14206 4879 15799 14933
13779 18842 10395 5669 4644 1797 14964 8893 15638 128 8235 11461 16579 19560 3566 13636 5712 9909 11354 17505 8781 2635 15029 9506 10093 6400 13435 7631 9974 15633 0 13316 9664 4953 13683 13845 16994 9351 719 8617 9465 6427 8739 6565 18906 11785 10778 18623 16780 6662 14658 13066 9199 5584 7885 14488 11286 6105 18968 17421 5261 19584 18830 10856 6943 3285 14844 9847 17529 3582 11481 17605 15286 6299 4918 17096 18693 16529 18483 5980 3044 15851 15169 9857 9401 11214 9964 17985 6642 10890 4662 8225 11340 285 15984 13912 4969 16227 21462 17065 17275 9716 16539 6710 16019 8236 13411 5241 19329 16643 17959 10479 11219 21664 8071 15817 5484 11416 7098 17406 5742 4328 11583 10281 6070 12483 8858 15386 7354 2949 10018 6727 12137 14767 12016 7935 17233 10981 19546 15936 4115 18729 18704 11530 2392 12463 5104 17725 16205 8181 7294 16308 13166 15915 11804 10458 8948 7034 15789 10964 10663 9777 4002 6450 11855 7920 13461 2064 6886 18293 6386 19959 13902 7321 18488 3543 11837 1981 4618 3730 13859 10333 12746 1453 17637 11704 8477 491 7430 9096 6381 6582 12984 7314 12101 15657 11050 16740 17327 16339 7023 14296 11652 15769 7926 16028 3320 13126 7168 8585 13342 2084 9179 18303 11299 11538 14065 8785 16690 12419 5962 12152 2866 20758 11124 8161 12727 6325 14784 9921 5849 7965 6138 20231 10673 1145 9478 3398 14512 4425 12076 10791 18922 7635 14045 7151 15400 10665 11000 12193 7534 13258 9650 7529 3071 6960 17157 11718 11804 18290 3648 10941 10713 11835 19694 12859 10664 11483 15221 15189 13176 14294 13641 11649 14901 16167 18476 11165 18835 5978 14564 19498 15814 7694 11570 5596 2272 12983 11976 10583 5605 7912 11462 18837 8295 2159 7917 18079 7111 17508 8447 14792 14427 6839 17657 10931 8028 10119 7816 12108 8212 14256 7652 6954 21281 6244 12599 14928 21736 10536 15246 10505 13456 18975 15002 17252 12079 5998 5226 14340 6749 12167 16061 16936 6577 7757 10161 12662 18958 8925 10715 10923 12642 5451 7841 8349 15229 1328 12929 9796 10629 10454 14936 6595 20303 12838 14743 19342 9790 11336 14210 19062 6927 8704 7413 13632 11397 7619 13095 10102 6917 11509 12185 15194 9459 7928 11896 13320 8822 17921 5656 4108 3726 5807 19388 16662 7231 19768 5011 16907 13572 10168 15270 2857 10754 2811 9120 6344 10773 17593 2741
4976 9506 3013 14976 12046 14714 2917 11354 8006 13268 8099 2104 7252 12614 9816 5819 8068 7688 4415 11593 6848 10756 1971 4754 4241 7166 1708 6461 4131 12387 13316 0 6503 14437 1150 9262 4620 17899 12629 7337 7790 8119 15660 15993 8490 3567 2546 5430 7899 9745 8695 5100 8506 9545 8294 5425 14778 7259 12254 10094 13122 13582 13272 16307 9326 14734 1941 4987 10673 9879 4157 5152 6794 7485 12876 4584 6666 4091 5817 7938 13470 13632 5953 14807 4380 16679 5517 10197 6675 2849 11428 12041 16019 13520 12863 9963 15510 9988 15015 10828 9411 9551 14260 8045 3944 7069 6874 14199 10630 11670 5626 11788 5004 14409 13775 11232 9083 3229 14663 4252 7685 14044 8489 3843 7623 5066 8234 3074 16994 15176 12926 7082 4542 5155 3575 8314 3972 2608 6461 12140 14058 13475 9453 5043 13385 3955 8359 5930 9623 16018 6022 9223 2516 6398 14856 7330 6083 14550 11615 11363 4947 5194 10435 7561 7701 14798 772 11273 14156 10615 15278 12816 5326 13604 5175 12108 17574 14830 11033 12002 5676 18136 6169 13431 10567 9652 6258 13106 12298 15036 7449 6740 12353 14151 11325 10601 7295 3619 9344 3035 8774 11238 4585 12571 11615 10111 10712 15869 6482 13604 242 14105 5048 5014 2376 1922 9092 6372 5567 12322 7664 1228 12247 13098 11016 16175 14084 13282 3115 7175 14226 5679 9441 11544 9444 14376 18299 12186 5250 10418 1257 2632 7491 12917 1344 14803 13656 5915 17158 11254 9253 1703 3687 6398 13152 7928 4089 2012 15089 8846 9964 14077 3652 15317 11654 16544 2658 11441 6847 8965 774 10422 2579 2390 3049 5419 12988 15998 13284 11880 9214 13193 6158 13360 17478 8703 12236 3615 5197 3980 12041 11633 13728 6130 15174 13905 8976 14370 11566 12535 5399 13846 3646 16013 4744 2487 9676 17247 14769 12277 6000 8403 5778 13189 14354 10186 2027 3070 14781 3687 9301 4049 6008 12403 1784 7256 3143 12050 10578 5327 7527 2308 4695 11393 12601 6483 5111 4246 9368 4394 19180 3096 1455 9664 9623 17200 14017 14608 11977 8229 13612 6973 1893 13841 13169 8970 12560 6657 3829 18986 894 13343 11490 10250 6018 3171 6223 6899 3809 18897 7952 4388 14337 3735 5380 7915 3085 5853 8643 4609 11267 9913 9698 11753 6371 10957 7075 11893 9858 10586 4155 3932 12701 12529 16629 13004 9134 7396 10761 4619 14883
10335 9180 4204 9210 10842 10449 9327 4860 6018 9566 9363 4537 6933 10323 6367 10876 6946 1299 2349 8460 883 7153 8444 6864 6944 3915 5485 2517 2640 7650 9664 6503 0 12892 7516 4869 8228 11640 8958 8901 1294 7886 9303 10100 9296 3168 4807 11564 7116 3823 5288 10039 10382 4292 9301 4954 8301 4621 9765 7956 7374 10666 10032 9809 9659 9759 6984 1614 8187 6234 8229 8802 5627 3686 7241 8406 9534 10594 12268 7094 8502 8533 5586 8316 2890 10178 8201 8460 4781 6214 10279 12720 9518 9936 8119 5266 10029 6951 12491 7869 7703 3088 9256 8064 7253 8304 3777 8493 9719 7891 9037 5355 1901 12440 7409 7145 4207 7326 8516 9317 6043 8622 2882 6682 3951 2983 1765 6917 11037 10436 6429 3363 9035 10934 8169 9356 9399 5987 12669 7682 8710 10050 9044 9013 10857 8799 4989 8559 6828 9774 4686 6819 8190 6320 8416 10186 1091 13985 7316 5037 8256 1404 5767 7081 2609 14585 6104 7754 8022 8804 9348 10687 10652 13447 10785 10300 11073 10499 5751 6905 4252 11757 10654 10442 8247 3806 7594 9685 12512 8605 6781 5064 6450 7929 5313 6752 10527 8697 7741 8805 2967 6233 8724 7832 12232 6836 6374 9512 3345 7170 6358 9552 6840 10449 4238 4784 4958 8031 7391 6247 6513 6003 10064 11388 4757 9949 7844 12715 6129 808 13179 5963 9213 10646 3212 10805 12063 7201 10890 9062 5508 4375 9521 13091 7802 14216 8349 9126 10673 5287 3065 5339 4253 6619 10995 2708 8975 4523 8637 8627 7675 7601 2876 8858 10196 10108 5062 5228 5560 5808 5883 5758 8523 4114 6306 11652 9679 9495 10040 11414 5388 10464 6247 13450 10980 4068 7774 4029 9443 2538 6214 12238 7315 12561 8848 9301 2691 10099 11760 8846 2628 8242 9683 10052 9222 5602 10675 10831 8494 6122 6940 4865 5404 6997 12140 4353 7396 6327 12608 6820 5956 7202 3804 9818 8175 7648 3623 6098 5125 10866 3001 4279 6947 7977 6484 7073 7971 3450 9294 4342 12845 3468 5123 8950 3293 11045 8533 10693 6131 10519 7129 1037 8373 7755 11051 4010 7311 13081 3370 12562 7154 10217 5298 11552 3781 8946 9884 2185 4040 12624 8142 2460 7977 6309 1382 1918 7653 3679 2163 10249 10701 8128 7172 5877 12641 7613 2597 10307 4824 7670 9627 2773 7655 7720 10141 8152 2631 6616 4441 10995 10169
13104 21818 12007 10593 2392 6233 15185 13422 18839 5074 6992 13063 19406 23199 6693 12641 6525 13522 13944 21263 12064 6189 15734 9791 10377 9020 15117 10444 12227 19804 4953 14437 12892 0 14408 17584 18780 14183 5238 7693 13108 6320 13692 11428 21549 14099 12157 19158 19749 10835 18169 12338 7418 9582 6666 17168 16139 8390 22631 20845 10170 23435 22738 15805 5461 8091 16269 12499 21074 6905 11309 19374 18223 9206 9809 18818 20706 16673 18550 6577 7998 20214 17891 14767 11565 16166 9569 21331 8528 11625 3009 4651 16271 4747 20201 17797 9775 19821 25295 20721 20554 13826 20929 6419 17886 7669 16616 10194 22512 20544 19800 14999 14004 25319 12965 19740 9223 11687 12051 18687 7204 9278 15343 10716 8941 15265 12627 17113 12130 7518 14736 9543 11691 14096 11984 6680 18370 11836 19892 20024 9061 22694 21697 10961 2589 12214 7910 19801 19717 13117 8989 19707 13404 18628 16640 9029 11932 2218 19793 15379 10334 12508 8141 6903 15401 3111 14830 5700 11829 21686 11312 23570 13102 2928 19428 2596 16790 6409 9107 8473 16693 15210 11610 3501 21138 15724 8338 4531 3770 14036 7061 8314 17413 12250 16425 19468 9556 18056 20579 17392 10877 18400 11259 19958 4617 19679 7424 17981 9705 13446 14543 6939 9466 19354 13007 13041 17741 8393 18960 16890 6983 13210 2883 24280 15464 13087 17426 2142 16696 13380 1069 8796 5078 23461 14713 4569 14264 8180 13781 4097 13352 12365 21198 3607 14739 2275 19814 9868 15952 16496 11584 14952 11213 8044 2067 10433 18522 13377 16659 21203 5220 15746 12926 16708 23071 17771 11914 15875 18183 18693 14565 18234 13847 13480 16762 15617 22381 16099 22744 2973 18208 23279 18476 3435 16522 9131 7014 15300 11280 12921 10357 4595 16198 18902 13248 7066 11893 22305 3974 21465 10873 19294 14286 11718 19150 11962 5870 15050 12766 16595 8463 17747 8848 11829 24998 10540 13085 16789 25465 10929 18822 10701 16425 22670 15840 19931 14258 10746 9598 13566 9929 14049 18199 20737 11395 7967 9913 15190 21865 10479 15497 12911 14247 4774 12005 13188 19715 5375 17300 8039 15399 13854 15644 11529 23932 16612 19043 19350 11739 16197 15293 22948 11549 6063 9578 13621 10335 10707 15464 14860 6539 14095 16948 17222 12217 11539 12096 16261 12712 18891 3346 4863 5721 10502 19671 20409 10296 23191 9060 20533 13198 12373 19538 7709 15707 7740 13144 7148 15087 17968 7404
3930 10452 3706 15716 12020 15162 1816 12340 9110 13645 7792 3000 8270 13670 10261 4808 8225 8734 5514 12705 7792 11189 1356 4617 4039 7750 2829 7214 5029 13536 13683 1150 7516 14408 0 10411 5236 18755 13016 7022 8810 8107 16559 16755 9340 4681 3136 4941 8932 10587 9838 4147 8051 10283 8027 6530 15814 7742 13327 11172 13877 14669 14378 17290 9131 15315 2631 5955 11762 10353 3545 5702 7887 8121 13612 5150 7273 3152 5007 8055 14069 14781 7028 15783 5172 17668 5117 11247 7096 2843 11414 11676 17030 13871 14012 11112 16184 11109 16067 11939 10473 10589 15409 7990 4717 6845 8023 14933 11607 12805 6190 12840 6104 15424 14685 12376 9781 2799 15500 4442 7965 14722 9607 3692 8230 6213 9218 3864 17765 15706 13944 7741 3752 4030 2879 8038 4031 2709 5878 13288 14721 14588 10410 4352 13554 3119 8869 6636 10739 16877 6431 10327 1554 7431 15909 6734 7007 14345 12761 12439 4451 6166 11052 7640 8830 14526 1876 11674 14993 11664 16054 13859 4275 13348 5020 12187 18565 15289 11735 12652 6812 19037 5270 13679 11649 10767 6093 13438 12010 15971 7573 7117 13476 15012 12436 11742 6619 3892 10401 3038 9622 12386 3895 13721 11275 11240 11267 16947 7122 14544 1377 14617 4942 4959 3295 2770 10242 6122 6436 13431 7859 1661 12388 14106 12101 17028 15179 13108 4077 8218 14113 5821 9347 12503 10525 14706 19146 12812 4143 10481 2035 3371 8206 12619 363 14596 14803 5340 18125 12368 10155 2841 4246 6456 13262 8727 4373 2994 16138 9801 10210 15113 4641 16363 12660 17600 3122 12533 7945 10100 1923 11571 1494 3421 3977 4278 14099 17002 14390 11727 10360 14273 7189 13065 18461 9382 12769 4763 4417 4978 12828 11293 14789 5342 16063 14429 9902 15510 11305 13664 6150 14985 2506 16792 5096 2766 9337 18169 15644 13378 5954 9549 6041 14048 15389 11004 1387 3994 15809 3482 10438 3751 7155 13481 1435 8205 4270 12863 11321 4236 8259 3420 5576 12518 13446 6455 4716 5396 10292 4872 20060 4057 2585 9647 10551 18025 15160 14995 13101 7703 14643 8046 1263 14668 14208 10113 13706 5869 4597 19908 1280 14443 12364 9829 6581 2102 5514 7702 4955 19754 7871 5498 15412 4678 6322 8817 2502 7001 9629 4485 11155 10075 9997 12553 5740 12082 7835 12907 10552 11698 3116 4845 13850 13116 17599 13590 10141 7546 11836 3943 15413
13997 5961 8217 11646 15634 14233 12126 6006 2929 13732 14141 7984 4730 5715 10917 14709 11814 4062 5263 3687 5593 11572 10819 11338 11277 8743 7646 7377 6834 3140 13845 9262 4869 17584 10411 0 8338 12725 13187 13622 4479 12748 10318 12207 6884 5909 8688 12947 4399 7224 1285 13893 15107 8266 14105 4437 7646 9468 5123 3785 10122 5853 5180 9729 14517 13063 8664 5959 3741 10733 12293 8703 3704 8447 10171 8591 8590 12973 14196 11963 11957 4375 4450 8596 7352 9971 12663 4433 9650 10215 15090 17585 9085 14129 3623 740 12763 2433 7712 3222 3931 4301 4999 12918 7655 13048 2417 11122 5952 3023 8674 5070 4771 7821 8717 2290 8461 11281 10313 10096 10906 11603 2267 10940 8707 4218 5013 7882 12919 13876 6487 8176 13014 14357 12040 14158 10447 9922 14039 2981 11764 5183 5804 13174 15383 12623 9700 7810 2522 11119 9525 2838 11580 4771 7422 14719 5949 18799 2527 4312 12560 5824 9847 11942 2260 19424 8575 12150 9933 4648 11486 6116 14342 18298 11696 15016 10730 14234 9364 10475 3811 12388 14721 14843 3888 2411 12287 13967 17380 9360 11644 9932 3875 9628 3378 1894 14983 9677 4037 10296 6841 2026 12807 3327 17096 2194 10551 7903 8211 8183 9039 13218 11385 11261 7734 8233 356 12695 6633 4188 11382 9362 14713 6938 3886 11324 5991 17544 7124 4243 17947 10703 14082 6715 3337 14945 13180 10820 14405 13878 8787 8200 7953 17957 10573 19026 4449 13518 10702 3240 6326 7598 8587 11411 15614 7153 9721 7788 7696 5672 12412 7068 6583 7948 6008 8868 9025 3967 3588 1668 8491 1161 11771 7324 7319 14666 4825 9165 5188 16264 815 5702 4902 18313 10765 8483 11697 5660 13538 6315 9074 17103 6344 14406 10055 12957 5931 5373 16629 3977 7416 4800 12892 12039 9583 9509 15506 11368 9932 4345 11654 1185 10190 8963 7454 7699 10860 7324 7915 11012 1546 11442 3322 5135 10436 5617 6235 8779 8708 14443 7678 7094 6790 3154 8745 11844 12371 5017 6227 8907 13558 7094 7855 13812 6094 12488 4879 14665 3490 15180 6766 3836 10781 9825 6458 1008 3373 14867 7644 12890 9520 5377 7695 16371 8638 12319 14193 6969 5480 13577 12987 5204 6592 6851 5996 6055 11480 3451 5023 11292 15552 12921 11891 8739 14120 2835 7364 6032 8838 3075 13202 6850 3448 11407 10190 11749 4771 11480 3987 12843 13655
8965 5778 6799 17436 16408 18156 6013 12683 5856 16925 12695 5726 4261 9494 13429 9885 12277 8939 5951 9175 8954 14360 4517 9315 8835 10596 3668 9462 7028 11024 16994 4620 8228 18780 5236 8338 0 19715 16279 11940 9247 12524 17310 18325 4365 5307 6625 4881 4941 12038 7258 9316 13126 12295 12875 3982 15490 10931 9306 7337 15593 10724 10665 17378 13862 17789 2682 7336 8009 13419 8724 611 4717 10744 15441 260 2049 5970 6463 12205 16508 12411 3893 16003 7594 17693 10137 7158 10515 7411 15784 16646 16888 17231 11435 9067 18220 7865 11775 8446 6553 10632 12879 12491 991 11639 6167 16712 7019 9691 1024 12526 6329 10914 15447 9567 12015 7841 16695 1929 11724 16787 8761 8428 10953 5398 9892 1667 19251 18377 13897 10311 8988 8751 8091 12898 2447 7136 5890 10593 16855 10966 5784 9571 17455 8354 11890 1458 7437 17884 9936 6892 6777 3740 15398 11918 8430 19064 10036 11894 9557 7466 13547 11883 7891 19357 4038 14933 16210 7534 17572 9575 9286 18156 3446 16337 18540 18242 13820 14930 4747 19689 10468 17356 7818 9827 10808 16868 16872 16501 11720 10660 12135 16079 11381 8900 11840 1830 6437 2875 11133 10303 9112 11182 16213 8122 13998 16100 9830 15102 4442 17389 9589 2994 5812 5739 8034 10960 1909 12331 11835 5755 16383 9591 11469 18069 14185 17779 2216 8542 18661 9997 13902 7794 10105 18113 20152 15185 8969 14696 5485 6427 3000 17494 5082 19317 12629 10507 18322 11266 11291 3836 7595 10776 17321 10585 1600 5421 15664 5206 13977 14825 6293 15913 8187 16984 6883 11763 4827 7250 4275 9383 6608 5389 2093 8268 10465 16922 10678 16366 7890 10266 3545 17934 18514 11726 15519 4221 9653 6458 14436 16230 14252 6574 16901 17158 10906 12367 16129 10344 8557 13103 7262 18270 1251 6915 14277 18707 16599 12407 10480 7179 9942 15175 10997 12558 6542 2066 11364 8290 7603 8664 5353 9494 4134 3748 4952 14327 13240 9124 10475 4844 1551 9209 14692 10937 9731 4783 5530 8343 20824 6079 4534 14047 11476 19196 13127 18208 11739 12841 14421 8092 4552 15960 9880 8571 11621 6948 7239 20389 3979 10652 13498 14868 9612 7193 10743 9653 4190 20676 12422 5816 14672 1919 7770 10100 7652 5326 10237 3153 15725 14064 13623 14102 6032 8812 9973 8465 12749 8230 8201 6830 11556 15638 17784 16100 10519 11636 11355 5206 18094
20526 18685 15065 3797 13917 7963 20477 7064 15562 9247 16421 15804 17216 17468 10206 20730 13213 10779 13987 15406 11104 9742 19870 16115 16544 11447 17101 11584 13769 12489 9351 17899 11640 14183 18755 12725 19715 0 9332 16506 10495 14340 2436 2791 19532 14803 15664 23166 17031 8168 13985 19973 17551 8634 16128 15956 5592 11824 16900 16343 5199 16818 15995 3606 15531 6098 18616 12963 16081 9948 18096 20250 15958 10956 5566 19917 20689 21908 23714 13537 6491 11848 16371 4194 13584 3658 17123 17014 12564 16606 13814 17442 4451 9505 12574 12291 4409 14913 18491 15374 16628 9123 12263 14657 18776 15950 13943 4460 18562 14249 20408 7656 13499 19218 4268 13543 9234 17555 3273 20944 12634 5205 11225 16516 10949 14316 9890 18527 2085 6693 6241 11244 18912 21373 18370 16189 21038 16519 24258 13037 5373 15715 18527 18537 11718 18969 10813 19761 15138 1881 13119 15538 18976 16962 6075 18381 11833 16343 13235 8413 17608 12769 8497 13929 12021 17237 17632 9763 3776 17135 3143 17887 20763 16672 22425 12813 3633 7794 7426 6995 15153 1154 20092 10766 16296 10428 15778 9829 16700 3365 13696 12725 9491 3748 9443 13797 18934 20332 16742 20429 9135 11773 18461 12521 17089 14585 8745 6732 11866 4652 17798 7279 15879 22085 15524 16009 13075 16219 18528 8933 13163 17108 12144 18835 8841 1729 7779 15676 17722 11199 15150 14501 14706 19197 9807 9621 454 7063 21217 13201 16737 15386 20346 16956 19087 16440 11269 18041 2923 9587 8666 16948 14654 14542 12418 10045 20595 15893 5860 18386 11735 5919 14293 5685 18342 5830 15767 8785 15849 14392 17384 12369 19403 15563 17907 22460 15715 4270 15993 15221 13523 16971 16997 17038 3364 9666 7933 15621 19027 13988 6039 17078 6754 24029 2814 7193 8982 14210 16288 14748 12632 10383 20478 2540 20792 16253 16752 1727 3148 8662 15240 13754 13910 4711 18695 7765 18214 17926 19059 16751 14227 16945 14553 16805 19657 18094 15253 5932 7632 21114 10594 15840 18293 14814 5310 14968 17136 14977 18951 14217 1431 14814 16641 14029 8354 1003 10787 8826 9736 18045 6079 11626 19790 4120 18125 11944 11298 24556 14162 2034 18653 16263 6412 17565 12540 19659 18878 11060 15599 999 14859 14092 6961 17822 12546 9995 18010 14526 9517 21889 14789 12465 11418 6265 24209 14775 10965 18275 8538 15342 20026 13967 11819 7197 3154 6916 9197 13566 8781 22504 6782
13217 18138 9696 5576 4585 2262 14323 8361 14941 646 7810 10759 15868 18900 2854 13107 5135 9228 10635 16854 8075 1919 14358 8899 9479 5683 12725 6911 9257 15037 719 12629 8958 5238 13016 13187 16279 9332 0 8145 8786 5926 8535 6542 18192 11066 10088 17952 16074 6035 13980 12514 8817 4921 7467 13772 10907 5402 18310 16741 4939 18947 18199 10602 6591 3396 14141 9128 16859 2864 10893 16890 14577 5580 4573 16382 17974 15888 17841 5416 2875 15293 14455 9531 8687 10972 9412 17300 5954 10236 4507 8125 11043 980 15396 13270 5024 15559 20825 16403 16585 9094 15987 6220 15303 7733 12712 5066 18636 16008 17242 9950 10502 21007 7727 15184 4792 10791 6879 16703 5100 4187 10922 9653 5351 11767 8188 14674 7394 3241 9560 6007 11567 14199 11411 7519 16536 10318 18885 15327 3992 18105 18000 10977 2650 11872 4389 17006 15530 8045 6610 15624 12532 15201 11413 10010 8232 7218 15166 10408 10097 9058 3341 5886 11175 8087 12763 1359 6623 17611 6283 19297 13352 7394 17798 3482 11633 2427 4047 3261 13146 10267 12238 1810 16963 11075 7924 800 7369 8819 5796 5904 12436 7032 11527 15009 10601 16037 16636 15648 6353 13686 11082 15176 7792 15364 2640 12749 6451 8211 12650 2222 8575 17608 10593 10839 13401 8251 15971 11881 5355 11472 2817 20089 10551 8042 12265 6398 14068 9229 6055 7333 5770 19541 10044 1861 9491 2953 13951 4090 11385 10092 18203 7630 13378 7357 14852 10144 10807 11614 6892 12548 8956 6932 3238 6257 16452 11013 11427 17583 3100 10529 9996 11472 19013 12534 9980 10922 14513 14511 12477 13661 13008 10938 14186 15582 17844 10874 18204 5893 13898 18852 15098 7730 11372 4890 1787 12264 11431 9865 5152 7781 11015 18195 8068 2212 7267 17496 6983 16882 7729 14266 13816 6796 16948 10258 7725 9983 7573 11573 7627 13576 6996 6591 20630 5638 11951 14213 21088 9909 14575 9894 12746 18320 14324 16537 11361 5544 4629 13784 6034 11455 15342 16289 6168 7184 9592 11943 18251 8235 10723 10210 11936 5074 7220 8330 14699 1981 12367 9398 10198 9760 14265 6310 19643 12181 14170 18702 9081 11281 13521 18429 6419 8449 6705 13015 10896 6904 12375 10129 6430 10790 11752 14476 8740 7240 11273 12609 8165 17230 5496 3639 3112 5325 18731 16009 6514 19090 4349 16243 12985 9451 14690 2472 10530 2541 8483 5748 10193 16934 2992
5463 16152 5827 12806 5409 10388 7547 12158 13760 8637 770 6635 13712 18511 6315 5129 3295 10069 8649 16949 8429 6919 8271 2669 3105 5782 8474 6672 6869 16542 8617 7337 8901 7693 7022 13622 11940 16506 8145 0 9822 2241 14910 13904 15458 8379 5653 11547 14228 9421 13697 4702 1485 8365 1039 11493 15751 5118 18026 15950 11330 19144 18616 16440 2234 11328 9274 7666 16372 6564 3659 12486 12800 6300 10951 11917 13974 9000 10860 2971 10356 17424 12195 14997 6290 16849 1931 16265 4522 4537 4879 4706 16529 8695 17014 14111 12729 15321 20853 16257 15441 11354 18151 1934 11180 623 11816 12074 17104 16590 12955 13384 8993 20536 13359 15909 7719 4223 13398 11451 3933 11468 11782 3516 6160 10007 9732 10329 14895 11356 13882 6274 3998 6467 4354 1037 11052 4828 12230 16539 11361 18699 16063 3271 7545 4529 5854 13179 15078 14816 4321 14871 5819 12847 16076 1896 7824 7348 16136 13376 2675 7798 8034 2584 11408 7504 7909 7106 12954 16672 13387 18808 5504 6329 11970 5928 17695 10561 9177 9517 11298 17181 4170 8012 16353 12653 1345 8211 4989 14725 2839 4258 15140 13187 13994 15429 2476 10870 15420 10059 8774 15131 3569 16725 4279 15302 7767 17386 5886 13531 7501 10274 2458 11956 6717 6503 13634 1015 12601 14815 3367 6188 6362 19314 13235 14896 16091 6147 10134 9671 7231 2938 2738 18066 11882 9342 16784 9481 6167 4355 6520 6049 14706 5600 7316 7597 17212 2203 17009 13999 9621 8342 5205 2348 7038 7804 11352 6958 16218 15489 5077 15129 7320 16373 17934 17645 5314 13723 12801 14149 7691 14611 6235 7250 10139 7971 18278 16423 18626 4821 13981 18859 12642 6046 17497 7323 8823 9383 3616 7494 10699 4296 15191 11211 14373 10187 9663 18959 4287 17547 6273 17020 6597 14069 12046 5109 2339 16579 13860 14616 1969 13292 3515 12336 20349 9524 5640 10165 20810 3652 14393 3299 11273 18125 8445 13995 8327 10942 9163 5965 7043 7780 11750 16556 11701 1864 2317 9576 16099 4741 17935 7001 7632 3307 10158 15570 17348 9900 14871 1684 14663 9915 8187 12583 19180 12862 16197 11657 6094 18187 8095 18765 11068 2982 5246 5956 2819 7271 9590 17443 1722 8764 15959 10737 7640 8699 4560 11088 10044 11462 4348 4513 5229 10589 12000 16148 7021 18123 8224 16029 5506 6904 16554 9470 16573 9858 10645 2987 12858 10329 11089
11587 9511 5466 8302 11198 10040 10621 3599 6240 9358 10222 5831 7436 10154 6438 12103 7548 445 3539 8165 1396 7110 9723 7961 8093 4407 6716 3181 3910 6916 9465 7790 1294 13108 8810 4479 9247 10495 8786 9822 0 8585 8122 9125 9838 4391 6076 12790 7504 3085 5195 11267 11287 3897 10124 5691 7007 5155 9571 7956 6519 10327 9633 8535 10357 9137 8193 2896 8081 6256 9432 9799 6104 4044 6442 9441 10397 11881 13538 7739 7924 7649 6242 7052 4090 8901 9287 8523 5475 7450 10671 13371 8229 9747 7362 4709 9218 6789 12190 7658 7828 1800 8382 8796 8293 9210 4081 7626 9897 7444 9995 4070 3017 12271 6237 6649 4011 8558 7449 10454 6623 7868 2240 7857 4294 3865 692 8033 10025 9876 5137 3832 10248 12207 9406 10182 10570 7236 13899 7036 7982 9602 9365 10188 10911 10039 5249 9435 6745 8647 5516 6844 9474 6937 7125 11220 2107 14374 6742 3790 9399 2684 5469 7796 2390 15029 7372 7695 6969 8828 8369 10541 11900 13928 11956 10548 9793 10067 5192 6351 4921 10556 11839 10396 8180 2861 8554 9553 13087 7385 7486 5763 5345 6832 4196 6360 11594 9851 7888 10019 2455 5479 9919 7089 12885 6614 6147 8236 4013 5954 7640 9079 7905 11604 5533 6078 4656 9008 8228 5081 7149 7296 10235 11313 3543 8829 6604 13138 7226 706 13492 6907 9834 10781 2070 10588 10927 6675 12154 9469 6803 5655 10259 13643 9094 14596 7403 10230 9412 4190 2201 6578 5450 7492 11134 2675 10103 5816 7344 9014 7956 6306 4171 7564 10228 8816 6317 4025 6018 5726 7158 5168 9812 5403 7412 12943 9276 8209 9640 11898 5139 10181 6904 13978 9706 4007 7410 5127 10630 3832 5363 12889 6030 13827 7687 8821 1777 9415 12354 8375 3632 7202 10971 9050 10300 6858 11441 9612 7362 4928 7893 4790 6308 5931 11922 3618 8678 7431 12386 8010 5798 8375 4380 9597 9447 8225 4849 5187 4533 12125 3244 5546 7880 7631 5470 7965 9084 4484 9669 5449 11661 4762 6397 9494 2259 9950 7526 10381 5057 11475 5835 1193 9654 6730 10894 3505 6418 14345 4605 11336 8425 9841 4275 12337 4588 10228 11011 2648 5104 11470 8898 3628 6703 7341 2612 1577 8901 4298 990 11430 11192 8496 7431 5016 13881 7312 3001 10304 4467 7485 10891 4054 6818 7235 8877 7631 1356 7315 3205 12256 9625
7413 16056 5846 10610 3928 8179 9020 10440 13352 6438 2086 6855 13604 17996 4134 7217 1195 8901 8226 16266 7249 4688 9445 3508 4107 4228 8883 5424 6408 15479 6427 8119 7886 6320 8107 12748 12524 14340 5926 2241 8585 0 12835 11703 15583 8183 5910 12931 14038 7628 13025 6679 3235 6468 1820 11341 13939 3485 17472 15492 9195 18479 17882 14466 1776 9087 9968 6967 15838 4396 5251 13109 12540 4687 8808 12547 14489 10555 12483 905 8124 16227 12066 13062 5751 14874 3603 15886 3118 5306 3314 4839 14616 6523 15934 13147 10497 14688 20263 15624 15073 9920 16961 318 11660 1810 11243 9890 16892 15767 13547 11784 8438 20079 11365 15030 5841 5449 11284 12368 2054 9256 10714 4420 4489 9606 8360 10861 12685 9122 12123 4788 5811 8414 5871 1883 12051 5516 13728 15550 9142 17918 15951 5157 5611 6219 3930 13614 14498 12688 3247 14372 7207 12773 14303 4134 6800 6601 15199 11875 4345 7046 5927 806 10489 7015 8533 4865 10857 16275 11207 18327 7511 5818 13125 4116 15698 8349 7101 7345 10997 15052 6319 5949 15853 11444 2162 6041 4709 12716 1105 2831 13753 11116 12626 14618 4717 11738 15073 11074 7117 14045 5335 15655 4350 14620 5596 15641 4582 11590 8230 8036 3174 13041 6840 6804 12815 2389 12860 13367 1471 6893 4415 18924 11790 12757 14484 5299 10503 8580 6138 2542 1430 17857 10574 7216 14605 7288 8141 2416 7058 6173 15065 5317 8446 6852 15957 4242 14983 12650 7972 8725 5077 1748 5219 6235 12207 7178 14424 15412 2840 13349 7022 14562 17605 15814 5641 12270 12521 13514 8274 13634 7669 7345 10551 9865 17532 14497 17890 3886 13215 18240 12594 5716 15488 5486 6591 9327 5582 7100 8643 4357 13494 12839 12301 7946 8088 17958 3940 16724 5370 15668 8269 11878 12843 5652 2890 14490 11782 13138 2153 12605 2766 10303 19836 7650 6813 10578 20303 4645 13716 4465 10851 17548 9534 14019 8255 8914 7163 7958 5495 7913 12058 15817 9679 1652 3860 9352 16054 4397 15770 6878 8009 1546 8505 13391 16027 7729 13522 3705 12898 8923 9355 10486 18698 11892 14997 13316 5767 16064 8973 18055 9155 3800 4110 7529 4973 5938 9513 15263 525 8365 14273 11059 6816 7255 5890 10672 8616 12584 3215 2325 2992 8565 13527 15433 5609 17766 6244 15409 7297 6509 15402 7250 14567 7629 9192 1273 11403 11779 8853
18563 16279 12902 3213 13026 7728 18312 4638 13137 8619 14917 13580 14782 15205 8752 18834 11662 8387 11640 13115 8822 8478 17630 14230 14615 9528 14784 9479 11540 10275 8739 15660 9303 13692 16559 10318 17310 2436 8535 14910 8122 12835 0 2830 17103 12471 13512 20861 14603 6025 11570 18052 16070 6699 14652 13528 3586 9996 14627 13973 3732 14633 13807 2210 14198 5806 16287 10688 13737 8474 16156 17839 13522 9013 4130 17516 18258 19706 21476 11981 5696 9764 13938 1974 11409 2519 15323 14643 10718 14548 12822 16415 2894 8949 10404 9907 4354 12543 16360 13042 14233 6698 10249 13147 16378 14324 11507 3499 16189 11972 17990 5249 11137 17020 1894 11240 7334 15543 1659 18576 10981 4420 8789 14548 9045 11914 7541 16153 3001 6601 3854 9251 16985 19370 16376 14714 18688 14436 21961 10801 4641 13549 16121 16667 11122 16990 9081 17333 12754 964 11220 13141 16879 14527 4133 16742 9577 15746 10958 6010 15747 10488 6908 12331 9587 16620 15353 8637 1999 14778 2535 15626 18818 15910 20075 11953 3100 7595 5738 5642 12725 2477 18265 10192 13945 8000 14055 9173 15746 996 12071 10910 7232 1723 7080 11457 17272 17972 14345 18107 6967 9459 16551 10323 16021 12221 7315 5120 9855 2219 15546 6822 14021 19726 13293 13796 10665 14512 16099 6649 11544 14929 11315 16568 6432 1152 5729 14918 15343 8822 14572 12665 13396 16849 7371 9285 2888 5817 19235 12040 14529 13203 17910 16079 16881 15876 9192 16266 2273 7222 6409 14635 12550 12804 11761 7933 18223 13648 3979 15969 10449 3736 12025 3874 16013 4481 13642 6404 13413 11986 15113 10010 17290 13298 15530 20386 13512 2696 13806 14266 11121 14755 14562 16219 2837 7764 6884 13248 17155 11710 4212 16014 4568 21784 537 6658 6690 12163 15247 12527 10500 8334 18393 2521 18401 14145 15439 1682 1052 6361 13476 11331 12049 2620 16510 5691 16103 15549 16892 14773 11831 15003 12123 14542 17399 15659 12925 3994 5779 19146 8549 13545 15876 12517 3265 13257 15295 12592 16540 12173 3542 12564 14362 12752 6048 2229 8761 8559 7443 16516 3800 9232 17552 2363 15880 9520 9097 22309 11989 3384 16387 14074 4212 16297 10556 17583 17109 8917 13217 3369 13340 11739 4929 15426 10283 7747 15982 12099 7156 19545 13752 11200 10058 4348 21923 12453 8872 15958 6719 12998 18016 11732 9634 6131 2026 5994 6803 11926 6356 20242 6585
18188 18095 13051 1103 11127 5243 18408 6207 14845 6460 13771 13891 16343 17464 7591 18323 10612 9483 12420 15339 9426 7048 17947 13731 14200 9171 15395 9546 11900 12670 6565 15993 10100 11428 16755 12207 18325 2791 6542 13904 9125 11703 2830 0 18729 13176 13623 21372 16268 6338 13388 17595 14885 6474 13467 14796 6329 9448 16872 15972 2878 17024 16200 4999 12816 3338 16926 11216 15821 7348 15750 18893 15030 8719 3163 18506 19520 19893 21758 10936 3717 12321 15304 4674 11616 5257 14656 16631 10190 14413 11031 14658 5722 6725 12857 11917 1681 14565 18810 15169 16129 8122 12860 12021 17353 13369 12967 1874 18159 14239 19108 7315 12000 19376 3589 13461 7005 15296 1919 19366 10103 2462 10355 14214 8668 12982 8455 16996 1023 4008 6103 9058 16546 19075 16082 13526 19394 14361 22437 13154 2609 15974 17940 16120 8940 16659 8374 18559 14718 1941 10788 15039 16815 15961 6889 15793 10068 13573 13238 8058 15189 11041 6012 11347 11043 14466 15817 7023 2276 16815 756 17888 18404 13884 20772 10023 5650 5084 5076 4417 14011 3782 17628 7988 16009 9801 13263 7041 13911 3662 11134 10319 9618 2599 9237 13584 16358 18727 16227 18700 7292 11688 16082 12741 14310 14266 6149 7942 9687 4205 15919 4501 13473 20466 13629 14074 12534 13689 17349 9010 10604 15095 9353 18810 8429 1828 8384 12888 16221 9820 12382 12090 11987 18895 8979 6885 2961 4424 18896 10447 14780 13401 19331 14165 17101 13676 11763 15547 4802 9374 7035 15231 12551 12049 9635 8068 19036 14023 6761 17711 9027 6350 12502 6677 18119 7305 13682 8530 14930 13853 15553 12106 17260 13744 16394 20243 15886 5523 16201 12433 13022 17100 15957 14247 5365 7423 5194 14127 16608 12225 3962 14299 7140 22087 2665 4406 7420 14728 13506 14886 10611 10940 18289 321 19316 14135 14027 3726 2487 8697 12761 13090 11530 3279 18888 5849 16080 16416 19291 14459 13753 14612 13440 16808 17774 17188 13605 4012 5436 18777 8497 14090 16998 14733 3658 12452 14703 13542 18323 12036 4185 12971 14839 11303 6868 1788 11380 6104 9764 15399 6295 10313 17863 2426 18167 11303 11529 22615 12178 4774 16799 16464 4851 14824 10315 17462 16375 9097 14139 3611 12227 12544 7618 16407 10780 8274 15765 13380 8140 20219 12009 9744 8741 4271 22360 14613 8926 18096 6252 15094 17743 12108 12080 4478 4725 4161 7978 11014 8250 20610 4060
13209 1658 9762 18021 19267 19745 10339 12586 3977 18815 16173 8839 2404 5546 15466 14116 15071 9419 7648 5933 10170 16327 8822 12790 12412 12703 7032 11339 9322 8573 18906 8490 9296 21549 9340 6884 4365 19532 18192 15458 9838 15583 17103 18729 0 7454 9824 8902 2502 12921 5600 13486 16782 13577 16291 4433 14525 13232 5525 4078 16310 6907 7067 16614 17131 18969 6712 9145 4707 15381 12632 4190 3736 12675 16262 4561 2919 10326 10629 15077 17740 9928 3738 15454 9985 16854 13823 3600 13023 10985 18652 20095 15964 19172 8866 7451 19015 5220 7636 5371 3398 10608 10198 15620 4633 15056 5790 17395 2857 6822 3794 11894 7701 6658 15398 7044 13497 11655 16901 6128 14346 17697 8385 11996 12925 6428 10528 5476 19532 19688 13324 12268 13026 13070 12065 16325 6707 10675 9750 8020 17817 7429 1738 13529 19842 12422 13964 2931 4841 17851 12571 4302 10892 2991 14281 15760 9961 22177 7519 11151 13352 9180 15062 14846 7693 22589 7766 16928 16472 3849 17982 5525 13541 21386 7345 18987 17603 19793 14989 16151 5052 19251 14607 19557 4459 9104 14202 18886 20190 16172 14624 13236 10643 16228 10262 6473 15768 6181 3256 7240 12194 8394 13073 8684 19634 5562 15653 14636 11956 14916 8268 18837 13008 6911 8795 8957 6528 14445 2924 11032 14604 9416 18898 5363 10715 18052 12764 20871 5404 9222 21606 13064 17010 3492 9787 20051 19986 16462 13272 17476 8989 9472 1723 20814 9254 22426 10306 14350 17587 10123 12039 7146 10511 13876 19851 11993 5874 8513 14555 1400 16435 13952 8629 14805 4051 15651 10152 10842 3826 5274 7918 7548 10795 8270 5446 12633 6962 16048 7079 19465 6141 6423 3104 21237 17645 13327 17070 6268 13684 8629 15169 19648 13222 10683 16797 18584 11612 9164 19424 7169 10718 10997 11556 18602 5261 10359 17747 18232 16615 11213 13750 5788 12834 15451 6812 13455 10514 5424 7138 11915 5526 12336 5502 5729 8421 1655 7333 14955 14341 13414 12159 7714 3796 6206 15110 14145 13429 6368 1319 11189 20420 8708 7839 17014 12028 19218 10881 19978 10284 16589 13645 8678 8846 16304 5779 7591 9504 10982 9848 19773 8063 6980 13950 18439 11984 11398 14709 11289 6094 20412 15595 7493 13425 4781 9493 11166 11566 5618 10751 7241 18779 16692 15996 14821 9959 5924 11683 4341 14117 5229 12418 9178 9248 16997 17073 17418 10793 14505 10752 9461 19428
8093 7878 2565 12238 11813 12873 6481 7989 5399 11708 9026 2085 5423 10168 8240 8800 7618 4219 868 8757 3751 9153 5411 5817 5616 5406 2326 4179 1881 9047 11785 3567 3168 14099 4681 5909 5307 14803 11066 8379 4391 8183 12471 13176 7454 0 2893 8402 5884 6840 5593 7987 9813 7000 9087 3163 11288 5850 9709 7596 10379 10901 10453 12914 9806 12483 3816 2030 8056 8203 6444 5910 4425 5491 10201 5449 6909 7601 9178 7633 11202 10221 3886 11439 2535 13273 7063 7889 5581 4393 11199 12844 12572 12033 9530 6568 12961 7109 12539 8025 7064 6081 10880 8247 4316 7891 3669 11494 8757 8601 6221 8277 1448 12167 10577 8047 6708 5413 11655 6190 6895 11516 4926 5235 5715 1748 4931 3840 14135 13070 9477 5060 7130 8495 6145 9129 6242 4084 9510 8872 11575 10590 7775 7347 12475 6718 6702 5941 6816 12934 5117 6548 5701 4591 11338 9129 3146 14750 8379 7820 6826 2170 8243 7424 4156 15197 3035 9740 11156 8297 12431 10450 8437 14000 7628 11546 14161 12954 8527 9628 2921 14924 8845 12269 8016 6087 7050 11696 12855 11765 7189 5786 8795 11082 7758 7467 9310 5556 7042 5637 5901 7808 6956 9234 12367 7150 8710 12319 4638 10331 3380 12088 5951 7302 1856 2329 5797 7377 4938 8756 7151 3462 11486 10936 7462 13106 10521 13445 3108 3723 14154 5717 9612 9722 5897 12918 15224 9880 8522 10022 2889 2421 7187 13473 4910 14998 10198 7824 13799 7688 6175 2189 3193 6523 12439 5288 5861 1879 11577 7230 9026 10589 1175 11810 9557 13020 3248 7880 4423 5972 2855 7049 5930 1416 3262 8951 10133 12563 10463 12046 6015 10579 4416 13884 14083 6422 10223 1216 7680 1211 9235 12379 10200 9459 12015 11855 5830 11207 12083 9526 3359 10332 7078 13148 6177 3676 10552 13992 11656 8711 6511 5234 5417 10141 11998 7343 4961 3286 12455 5259 6265 5702 2964 9822 5104 5855 459 9164 7963 8550 5172 1262 4277 8443 9606 6847 6721 1197 7871 3796 16013 1378 2113 9577 6450 14191 10526 12963 8421 9756 10132 3450 5349 10875 10821 5487 9101 9972 2416 15720 4087 10571 8433 11324 4563 6451 8425 4346 1366 15790 8244 823 10790 3433 2467 4901 5582 2780 5323 7087 11352 9248 8612 8912 9490 8014 4670 9744 7443 7788 7304 1726 9289 10331 13264 10793 5746 7064 7220 7879 12788
5539 10503 621 12581 9783 12168 4812 9455 8265 10728 6353 985 8070 13036 7271 6130 5674 6099 3426 11650 4887 8211 4388 3006 2738 4644 2973 4091 2167 11797 10778 2546 4807 12157 3136 8688 6625 15664 10088 5653 6076 5910 13512 13623 9824 2893 0 7947 8608 7504 8471 5295 7032 7150 6468 5880 13032 4714 12588 10460 10745 13793 13346 14369 7340 12219 4157 3194 10938 7334 3607 7217 7222 4994 10477 6661 8580 6270 8144 5586 10963 12897 6566 12853 2111 14758 4191 10719 4136 1527 9159 10272 14173 10986 12282 9302 13053 10002 15416 10919 9895 7875 13583 5895 5751 5232 6544 11798 11478 11470 7647 10143 3933 15006 11656 10887 6645 2610 12399 6678 5201 11590 7346 2347 5114 4632 6371 4959 14635 12643 11125 4608 4351 6131 3415 6501 6465 1241 8947 11668 11592 13479 10417 4488 10936 4033 5817 7709 9708 13790 3491 9431 3425 7201 13185 6249 4082 12487 11195 9844 3933 3403 7935 5258 6710 12832 2726 8731 11894 11133 12926 13306 5863 11628 7711 9738 15656 12285 8599 9525 5775 15986 6044 10935 10890 8441 4378 10577 10393 12969 5099 4215 11157 11931 10047 10326 6417 6020 9863 5561 6548 10491 4120 11985 9812 10039 8184 14312 3992 11556 2563 11567 3195 7529 1081 895 8612 4638 7008 11011 5243 1477 9825 13753 9556 13936 12648 11192 4601 5588 12044 3374 7307 12436 7993 11846 16048 9693 6083 8080 1298 488 9180 11017 3487 12740 12816 4931 15168 10004 7139 2815 1143 4162 10749 5620 6463 1311 13396 9840 7483 12337 2129 13608 12349 14874 357 10020 7235 8862 2447 9797 3802 1610 4643 6933 13025 14129 13356 9777 8866 13466 6993 11447 15534 6247 9702 3759 4852 2435 9705 9827 12103 8478 13006 11370 6926 14038 9632 12403 3033 12846 4940 13664 7039 829 7924 15144 12573 10906 3941 8101 3341 10967 14857 7901 2630 4670 15310 2366 9149 2809 5857 12705 4288 8343 2739 9752 8188 6062 5127 2128 6182 11329 10355 4365 3837 4049 10446 1854 16988 1594 2100 7424 7572 14915 13087 12066 10811 6922 11859 5560 4299 11562 13675 8140 11730 9005 1534 16879 3436 13464 9302 8633 3485 4169 5539 4606 3971 16663 5843 3493 12778 5173 3470 5816 2876 5674 6778 7143 9121 7491 7190 9437 8833 10902 4713 12551 7416 10681 4821 2040 11974 10015 14652 10490 7336 5021 9247 7047 12350
6751 10473 8442 20371 16792 20085 4004 16386 10684 18583 12301 7504 9141 14297 15181 7593 13140 12594 9252 14056 12062 16113 3595 9425 8824 12588 6080 11874 9472 15798 18623 5430 11564 19158 4941 12947 4881 23166 17952 11547 12790 12931 20861 21372 8902 8402 7947 0 9822 15071 11979 7409 12293 14953 12585 8512 19578 12642 14147 12214 18511 15567 15537 21290 13756 20161 4604 10208 12888 15261 7888 4803 9493 12915 18277 4626 6014 2705 1811 12954 18899 17170 8614 19829 9789 21640 9624 12011 12018 7767 16201 15971 20908 18811 16227 13687 20934 12722 16511 13325 11430 14437 17675 12781 5331 11496 10609 19599 11717 14549 5129 16557 9793 15560 18967 14380 14507 7486 19969 2956 12905 19468 12921 8529 13050 9312 13329 5084 22363 20589 17826 12513 7673 6042 7195 12584 2513 7649 1117 15398 19485 15842 10505 8410 18455 7066 13757 6072 12296 21289 11354 11759 5755 8582 19569 10753 11348 18872 14840 16017 8872 10399 15864 12525 12052 18939 5556 16607 19465 12374 20647 14344 6949 17807 1563 17042 22521 20208 16452 17432 9163 23321 8516 18609 12694 14066 10829 18379 16437 20167 12479 12050 16587 19426 15709 13711 10441 3275 11311 2782 14103 14961 8030 15964 15625 12966 16130 20422 11912 18732 5474 19511 9761 1991 7753 7344 12675 10768 6790 16697 12786 6502 17278 14261 15620 21455 18541 17693 5882 12113 18770 10744 14081 12393 14120 19647 23579 17617 6364 15335 6683 8062 7237 17018 4580 19117 17345 9530 22188 15610 14502 6227 9089 11343 18133 13307 3308 7352 19822 9964 15143 18886 8889 20064 12909 21221 8001 15982 9595 12033 5818 14052 5318 7632 5681 4858 15343 20912 15549 16361 12600 15101 8370 17463 22456 14130 17648 7795 8235 9184 17411 15646 18418 1796 20396 19315 14186 17240 15789 15221 10817 17747 5108 21378 3715 7695 13742 22394 20020 16723 10789 11840 10981 18472 15702 15535 6128 5672 16038 8294 12391 8473 9716 14339 3660 8599 7945 17396 15981 6586 12943 7326 6300 14082 17907 11292 9260 8506 10180 9763 24401 8402 6540 14449 14820 22512 17813 19932 16192 11816 18445 11787 3687 19164 14629 13006 16301 2088 9251 24123 4584 15516 16762 14066 11432 5614 9367 12281 7887 24158 12642 9168 18932 6096 10632 13182 7063 9633 13724 1728 15844 14983 14937 17111 1174 13679 12482 13194 15281 13108 6291 9264 16288 17956 21651 18431 14143 12462 15435 1268 20296
12857 2077 8404 15585 17542 17510 10284 10103 1477 16682 14895 7650 698 4756 13433 13715 13389 7072 5839 4237 7999 14253 8778 11610 11326 10765 6232 9357 7636 6397 16780 7899 7116 19749 8932 4399 4941 17031 16074 14228 7504 14038 14603 16268 2502 5884 8608 9822 0 10586 3115 12996 15634 11332 14966 2735 12045 11362 4467 2404 13905 5865 5739 14123 15686 16636 6479 7250 3071 13321 11836 5081 1526 10668 13876 5196 4477 10645 11377 13437 15428 7787 2042 12953 8300 14369 12777 2332 11255 9963 16940 18728 13484 17052 6751 4996 16606 3057 7142 3522 1628 8147 8159 14117 4679 13760 3423 14978 2876 4844 4881 9392 5746 6514 12908 4870 11313 10807 14425 6869 12594 15317 5913 10920 10927 4488 8186 5315 17056 17380 10822 10284 12364 12911 11363 15007 7366 9643 10816 5892 15446 6029 1950 12758 17886 11818 11978 3914 2633 15356 10883 2064 10413 1502 11815 14806 7908 20560 5354 8650 12418 7244 12859 13264 5263 21042 7127 14856 14004 2743 15524 4928 13204 19851 8358 17160 15128 17546 12692 13853 3063 16750 14039 17528 2890 6603 12914 16797 18729 13670 13014 11494 8207 13750 7776 4238 14904 6673 1525 7588 9917 6020 12319 6532 18251 3363 13484 12224 10052 12419 7658 16570 11779 7904 7529 7824 4043 13218 3033 8571 12922 8565 17009 5213 8213 15558 10333 19257 4875 6931 19898 11599 15465 3840 7305 17921 17485 14174 13057 15738 8051 8185 3637 19344 8944 20805 8101 13433 15096 7638 9689 6291 9074 12403 17957 9822 6530 7342 12089 1515 14559 11462 7022 12340 3777 13221 8959 8345 1573 2836 7196 5139 10426 6997 5003 12765 5528 13564 5751 17873 3682 5430 1743 19751 15164 11184 14850 4851 12994 6940 12777 18263 10743 11505 14300 16314 9261 7457 17957 5425 8883 8720 11364 16133 6135 9275 16431 15732 14126 8740 12390 3287 11274 12988 6458 11115 9882 4991 6882 10889 3125 11330 3348 4640 8360 1353 5901 12546 12036 13162 10075 6502 3649 4312 12667 12731 12405 4695 2180 9674 17919 7246 6884 15386 9639 16725 8653 17794 7839 15527 11149 6386 8777 13845 5276 5088 7211 11887 8284 17278 7729 5741 11521 17191 10189 11033 13914 9217 4640 17910 14121 5693 10971 4315 7541 8915 10821 3502 8377 8093 17170 14892 14090 12428 10969 3940 9625 4004 11887 3316 12038 7530 7022 14725 14580 15130 8374 12879 8251 10082 17128
12572 12580 6901 5405 9258 7028 12315 2833 9297 6545 9598 7644 10520 12932 4260 12889 6443 3514 6100 10857 3095 4646 11714 8329 8666 3693 9062 3455 5618 9024 6662 9745 3823 10835 10587 7224 12038 8168 6035 9421 3085 7628 6025 6338 12921 6840 7504 15071 10586 0 8132 12090 10751 1283 9400 8709 6334 4305 12336 10896 3555 12922 12168 7147 9270 6052 10592 4882 10947 4005 10189 12617 9188 3161 3418 12208 13350 13740 15553 6722 4846 9379 9294 5653 5417 7553 9507 11493 4954 8526 8827 12023 7144 6947 9400 7254 6208 9637 14801 10445 10836 3060 10094 7909 11056 8803 7164 4675 12914 9981 12860 4294 5713 15024 4210 9155 1819 9534 4919 13029 5588 4815 4988 8569 3269 6787 2400 10669 7308 6797 4496 3313 11023 13358 10374 9463 13057 8411 16148 9297 4917 12071 12432 10757 8425 10994 3710 12376 9652 6290 5355 9815 10855 10002 6680 11133 3734 12403 9132 4571 9856 4705 2729 6959 5393 13155 9516 5162 4412 11772 5598 13337 12838 12163 14436 8416 8432 7041 2149 3291 7962 8492 12388 7770 11072 5042 8378 6830 11563 5568 6660 5192 6595 4428 5590 9005 11616 12389 10905 12375 970 7657 10606 9169 11561 9417 3457 8014 3883 4227 9653 6037 8153 14128 7369 7845 7467 8849 11197 6097 6181 8941 7971 14161 4631 6440 6933 11269 9903 3708 11391 6852 8579 13774 4011 7740 8560 3626 13232 7725 8570 7218 13289 12046 10919 12601 8983 10470 7838 5662 911 8899 6526 7143 8782 1909 12701 7747 6808 12093 6051 5727 6183 6957 13165 8225 7622 5053 9103 8656 9259 7632 11270 7440 10072 14361 11814 7052 12173 10205 7972 12842 9958 12314 8268 2142 4475 7821 11240 5897 2400 11560 5879 15871 5511 5777 1333 11505 10902 10848 4480 8499 12368 6321 12996 8122 10481 7680 5069 5819 7749 7750 6214 3463 14631 536 10081 10094 15084 8785 8676 9040 7443 12335 11513 11301 7267 2331 1489 13151 2565 7763 10770 10282 2859 7623 9431 7269 12746 6160 9483 6677 8530 8069 1188 7455 8909 7441 6467 11096 5272 4247 11632 4098 13674 6216 8213 16399 5994 9406 10519 12400 1818 11389 4598 11558 11309 2899 7848 9167 8069 6229 6660 10119 4449 1942 9967 7350 2245 13884 9545 6737 5532 2072 16085 10020 2850 13217 1775 10298 12005 5820 8716 4202 7352 4574 2464 6494 4253 14359 6550
13566 4721 8068 12784 16129 15159 11481 7182 1650 14549 14266 7671 3470 5035 11571 14326 12170 4753 5097 3256 6105 12287 10103 11283 11154 9201 7018 7791 6830 3833 14658 8695 5288 18169 9838 1285 7258 13985 13980 13697 5195 13025 11570 13388 5600 5593 8471 11979 3115 8132 0 13529 15172 9079 14263 3513 8930 9896 4479 2768 11203 5463 4920 11014 14773 14083 7869 6081 2907 11409 12036 7581 2549 8968 11224 7515 7367 12209 13315 12289 12939 5193 3377 9870 7416 11256 12579 3364 9985 9983 15563 17855 10370 14940 4281 1907 13872 1669 7240 2600 2756 5358 5725 13168 6651 13149 1927 12231 4824 3013 7516 6330 4706 7153 9935 2540 9201 11004 11507 9078 11287 12665 3164 10791 9232 3846 5807 6975 14126 14876 7753 8652 12711 13844 11717 14312 9467 9677 13053 3492 12816 5022 4564 12940 16065 12271 10259 6623 1555 12357 9777 1691 11112 3592 8702 14649 6309 19264 2947 5576 12399 5985 10658 12220 2809 19848 7967 12877 11112 3643 12657 5401 13915 18697 10666 15581 12014 15172 10281 11417 3039 13665 14427 15580 2989 3598 12353 14747 17712 10620 11933 10258 5120 10824 4663 1907 14867 8705 2847 9404 7637 3062 12548 4006 17367 1606 11341 9149 8597 9416 8462 14166 11367 10224 7450 7906 929 12734 5481 5461 11721 8955 15325 6131 5145 12560 7244 17989 6267 4807 18467 10829 14400 5651 4431 15777 14440 11756 13920 14345 8382 7989 6689 18303 9962 19498 5377 13385 11987 4525 7222 6997 8541 11578 16246 7806 8707 7435 8976 4401 12958 8352 6451 9228 5041 10129 8822 5247 2437 531 7922 2142 11256 6989 6453 14031 4585 10450 4930 16669 633 5216 3747 18677 12050 9171 12570 5093 13271 6230 10121 17375 7628 13505 11294 13905 6807 5678 16949 3933 7654 5855 12341 13230 8509 9267 15695 12645 11154 5626 11745 424 10367 10124 6855 8632 10432 6454 7323 10834 696 11274 2701 4539 9704 4351 5845 9848 9620 13977 8244 6671 5727 2869 9869 11984 12260 4541 4972 8957 14835 6894 7355 14188 7056 13726 5869 15545 4744 15192 8048 4317 10074 10987 5764 2085 4364 13948 7618 14174 8845 5068 8778 16534 8936 11828 14010 7467 4891 14846 13218 5004 7865 5918 6209 6754 11153 2870 5890 10293 15955 13416 12450 9779 13153 2453 7875 5110 9652 2391 12756 6807 4311 12334 11474 12699 5734 11776 5220 11966 14644
766 14586 5860 16497 10101 14776 3585 14431 13025 13066 5354 5909 12353 17694 10207 837 7385 11338 8657 16574 9973 10998 4873 3865 3437 8537 6773 8701 7418 17026 13066 5100 10039 12338 4147 13893 9316 19973 12514 4702 11267 6679 18052 17595 13486 7987 5295 7409 12996 12090 13529 0 5049 11368 5693 10461 18077 8159 17318 15155 14807 18621 18267 19208 6898 15444 6775 8447 15713 10397 1901 9731 11844 9044 14468 9201 11317 4711 6386 7098 14332 18165 11029 17696 7178 19609 3102 15284 7417 3825 9580 8667 19113 13180 17510 14538 16658 14942 20097 15816 14490 13044 18840 6427 8858 4909 11626 15722 15725 16541 10220 15294 9197 19508 16293 16022 10749 2713 16724 8195 7612 15277 12642 3526 9030 9713 11466 8011 18615 15612 16153 8804 1068 1765 1880 5672 7668 4067 7889 16858 15213 18445 14539 1537 12217 1271 9222 10745 14601 18159 6855 14238 2604 11496 18282 3434 9186 11708 16363 15057 2440 8648 11585 6629 11993 11674 5870 11321 16236 15703 16982 17906 837 10594 8211 10621 20499 14937 12564 13202 10604 20472 1171 12621 15621 13732 4590 12702 9222 17657 6738 7277 16443 16370 15326 15426 3053 7771 14428 6747 11219 15753 1514 17214 8364 15031 11538 19468 8211 16307 5340 14504 4125 8329 6165 5659 13783 4292 10583 16279 7220 4577 11025 18198 14794 18274 17870 10622 8194 10837 11781 5507 7438 16631 13248 13893 20309 13256 1469 9004 5148 5771 12310 9768 4244 11943 18100 2499 19927 15287 11952 6730 5825 5653 11733 10203 8229 6112 18476 13930 9422 17394 7416 18674 16754 19954 5000 15266 11888 13860 5806 15025 2708 6571 8108 3279 17969 19047 18278 9398 13986 18246 11257 10205 20346 10316 12846 8481 1099 7729 13944 8386 17241 6722 17522 14375 11829 19183 8644 17443 7811 18141 2326 17706 8977 4470 6582 19728 17042 16161 4934 13193 6071 15434 19448 12370 3134 8126 19877 3323 14177 3051 10835 17460 5213 12336 7691 14092 12346 1279 9527 6859 9721 16325 14792 5342 2944 8989 14433 5982 21368 6851 6225 7978 12445 19115 18380 14382 16102 4504 16913 10845 4819 15876 18261 13407 17010 7121 6669 21430 5424 18355 13899 6763 7502 2129 2043 9319 8694 20955 6234 8701 17946 8806 8664 10718 2426 10662 11859 7803 9001 8996 9427 13745 7624 15890 9266 16993 11435 15575 1166 7317 17237 13387 19435 13826 12447 6808 14468 6141 15330
5804 17531 7251 13799 5358 10995 8305 13524 15205 9237 1160 8004 15102 19964 7355 5251 4414 11541 10112 18422 9897 7839 9217 4026 4370 7168 9762 8125 8342 18025 9199 8506 10382 7418 8051 15107 13126 17551 8817 1485 11287 3235 16070 14885 16782 9813 7032 12293 15634 10751 15172 5049 0 9644 1423 12901 17084 6475 19485 17398 12424 20614 20092 17683 2276 12126 10446 9150 17830 7622 4530 13651 14224 7676 12036 13085 15172 9653 11417 4101 11249 18901 13595 16265 7770 18092 2991 17701 5926 5802 4943 3680 17811 9233 18497 15596 13613 16791 22313 17726 16876 12793 19628 2923 12414 2080 13284 13094 18507 18072 14129 14789 10466 21978 14586 17393 9004 5296 14517 12490 5181 12427 13264 4786 7517 11462 11178 11552 15853 12058 15235 7681 4621 6765 5227 1362 12052 6109 12877 18024 12300 20177 17447 3886 7774 5238 7106 14413 16542 15917 5774 16326 6702 14232 17426 1632 9303 6658 17621 14805 3601 9282 9162 3801 12893 6653 9131 7931 14091 18110 14412 20256 5755 5549 12866 6112 18922 11177 10335 10562 12734 18280 4211 8385 17806 14125 2823 8755 4176 15942 4093 5651 16593 14351 15448 16911 2138 11941 16853 11064 10151 16613 4287 18208 3336 16776 8817 18748 7325 14794 8690 11013 3862 12895 8107 7854 15116 2443 13898 16257 4591 7417 6655 20747 14675 15984 17497 5591 11416 11148 6775 4421 3062 19467 13342 9781 17806 10489 6438 4780 7800 7450 15958 4736 8313 6895 18684 2775 18213 15456 11003 9640 6659 3797 7171 9201 12422 8322 17559 16867 5885 16475 8775 17707 19359 18971 6684 15162 14229 15620 8932 16096 7068 8640 11407 8291 19754 17697 20101 4445 15461 20324 14022 5178 18715 8626 9722 10784 4079 8959 11875 3357 16568 11758 15536 10956 11066 20444 3601 19028 7754 18480 7213 15070 13138 6427 1556 17725 15017 16051 3454 14769 4987 13533 21800 10817 6668 11432 22259 4878 15868 4475 12727 19586 9438 15352 9740 12142 10382 6215 8441 9155 13038 18033 12906 3323 3396 11007 17466 6218 18982 8434 8943 3750 11541 16593 18812 10417 16329 634 16015 11398 9138 13721 20627 14347 17673 12167 7561 19294 9204 20238 12344 1788 6703 6689 3006 8714 10994 18464 2734 10224 17341 12028 9125 10129 5550 12541 11482 12386 4171 5216 6143 11792 12625 17624 8449 19552 9454 17497 6048 8371 18033 10412 17793 10766 12079 4258 14296 11043 11805
11902 13368 6581 5435 7976 6179 11938 4084 10120 5474 8485 7451 11198 13980 2978 12143 5275 4341 6361 11936 3440 3403 11488 7533 7932 2833 9082 3084 5510 10237 5584 9545 4292 9582 10283 8266 12295 8634 4921 8365 3897 6468 6699 6474 13577 7000 7150 14953 11332 1283 9079 11368 9644 0 8267 9244 7474 3315 13389 11845 3596 14041 13303 8081 8065 5506 10605 4971 11945 2724 9480 12892 9877 2327 3332 12445 13754 13419 15288 5568 4233 10638 9878 6632 5166 8490 8631 12418 4025 7984 7545 10767 8170 5868 10625 8362 6004 10642 15918 11483 11724 4254 11357 6760 11305 7757 7921 4655 13790 11108 13174 5573 6073 16087 5023 10287 648 8921 5367 13115 4463 4543 6001 7887 2347 7258 3274 10830 7487 6152 5694 2613 10303 12740 9737 8330 13085 7913 16003 10485 4587 13224 13225 9969 7211 10339 2541 12775 10623 6797 4523 10739 10372 10609 7854 10136 3866 11124 10292 5851 9049 4831 1582 5842 6284 11873 9417 3943 4874 12719 5782 14377 12146 10881 14445 7141 9345 6219 1530 2641 8543 9104 11567 6601 12055 6197 7406 5703 10292 6397 5554 4229 7871 5004 6851 10094 10644 12460 11782 12334 1443 8850 9863 10387 10309 10445 2287 9203 3239 5166 9483 5261 7322 14168 7200 7623 8482 7871 11639 7378 5053 8622 6710 15174 5899 6920 8194 9986 10107 4405 10119 5969 7352 14678 5171 6698 8991 2919 12588 6449 8319 6936 13801 10770 10630 11323 10252 9581 8688 6918 2012 8911 6081 6156 7537 1712 12807 7604 7965 12847 4771 6899 6166 8097 14119 9346 7210 6328 9802 9609 9145 8765 10809 7362 10261 13836 12948 8060 13309 8926 8980 13938 10539 11035 9157 1068 3522 8089 10458 5924 2598 10308 7108 15618 6165 5010 2359 12731 9639 11996 4148 9778 11863 6521 13169 7671 9288 8380 5677 7101 6805 8681 5350 4079 15712 1183 9625 10285 16170 8120 9662 8327 8075 13400 11329 11933 7390 2724 1038 12488 2024 7759 11132 11375 3434 6623 8597 7617 13509 5595 10012 6581 8455 6821 2425 7823 10187 6486 7735 10023 6459 4949 11402 4518 14722 7261 9461 16146 5718 10067 10370 13529 2704 10192 3906 11040 10424 2697 8149 9626 6931 6505 7890 10394 4533 2417 9377 7960 3246 13883 8270 5463 4254 2378 15916 11090 2471 14188 573 11323 11392 5720 9956 3428 8233 3864 3597 5394 5518 14153 5881
6457 16923 6574 12379 4410 9675 8585 12195 14423 7915 359 7452 14473 19147 5932 6069 3009 10406 9283 17518 8750 6424 9291 3561 4054 5885 9356 6943 7471 16948 7885 8294 9301 6666 8027 14105 12875 16128 7467 1039 10124 1820 14652 13467 16291 9087 6468 12585 14966 9400 14263 5693 1423 8267 0 12233 15726 5167 18647 16601 11001 19724 19168 16283 1207 10742 10223 8188 16997 6200 4697 13430 13511 6376 10613 12862 14899 10038 11894 2703 9842 17768 12945 14874 6855 16691 2964 16945 4678 5464 3903 3806 16425 7938 17413 14556 12210 15906 21464 16844 16122 11560 18499 1513 12091 1242 12412 11672 17841 17102 13894 13499 9581 21196 13184 16395 7633 5230 13095 12445 3813 11011 12173 4453 6201 10657 9965 11248 14438 10703 13894 6420 5027 7457 5391 63 12056 5741 13268 16979 10887 19232 16829 4295 6640 5566 5726 14084 15682 14494 4623 15505 6851 13616 16080 2601 8211 6324 16598 13550 3713 8299 7744 2444 11864 6511 8837 6534 12671 17346 12990 19456 6480 5325 12993 4998 17517 9854 8920 9139 11989 16857 5075 7169 16990 12980 2092 7456 4004 14535 2748 4395 15381 12935 14243 15943 3189 11855 16109 11064 8841 15524 4604 17129 3352 15868 7393 17411 6119 13402 8449 9645 3304 12972 7507 7341 14140 1922 13462 15022 3221 7121 5476 19995 13440 14560 16206 5113 11014 10041 6193 3436 1815 18806 12157 8535 16385 9067 7151 3512 7418 6832 15597 4623 8328 6574 17526 3205 16802 14258 9696 9216 5894 2694 6097 7918 12335 7779 16207 16265 4484 15127 7984 16349 18634 17607 6143 13925 13505 14730 8609 15052 7270 8038 11030 8970 18824 16309 19177 3782 14510 19456 13418 5066 17308 7265 8313 10142 4620 8127 10462 3368 15246 12244 14118 9578 9783 19398 3281 18060 6694 17283 7631 13650 13021 5992 1465 16305 13600 14806 2576 13850 3915 12123 20988 9445 6650 11056 21452 4611 14959 4285 11923 18737 9456 14797 9074 10734 8980 6943 7163 8584 12622 17102 11499 2279 3342 10283 16885 5344 17559 7720 8500 2456 10232 15172 17628 9135 15132 1946 14672 10331 9206 12301 19829 13301 16537 12688 6732 17871 9073 19326 10961 2272 5546 6994 3742 7507 10344 17043 1336 9407 16022 11608 8110 8888 5583 11738 10249 12482 3320 3839 4726 10384 13037 16703 7214 18814 8058 16620 6532 7529 16918 8996 16386 9356 10838 2919 13057 11367 10446
10394 4715 5668 13992 14918 15379 8073 8892 2581 14399 12160 4931 2263 7253 11033 11215 10738 5315 3229 6176 5807 11898 6645 8879 8607 8272 3717 6906 4967 7345 14488 5425 4954 17168 6530 4437 3982 15956 13772 11493 5691 11341 13528 14796 4433 3163 5880 8512 2735 8709 3513 10461 12901 9244 12233 0 11530 8815 6859 4697 12206 8164 7849 13456 12969 14707 4376 4714 5255 10951 9187 4425 1386 8242 12113 4225 4741 8715 9805 10770 13454 8694 727 12117 5634 13760 10060 4875 8642 7263 14309 16002 12938 14751 7794 5176 14897 4595 9655 5409 4061 6832 9237 11410 3227 11026 2185 13316 5612 6343 4501 8596 3271 9156 11704 6014 9117 8150 13063 5668 9975 13524 4826 8204 8492 2007 6377 3467 15671 15390 9990 7835 9760 10559 8754 12274 6010 6943 9602 6996 13624 8059 4612 10110 15414 9245 9531 3805 4214 14166 8229 3799 7925 1462 11424 12100 5541 17894 6446 7941 9726 4747 10687 10577 3973 18354 4661 12499 12599 5293 14041 7490 10744 17159 7269 14592 14595 15435 10702 11858 803 15852 11458 15123 5160 5857 10178 14459 16018 12676 10335 8867 8167 12418 7398 5353 12217 5240 4014 5895 7908 6449 9680 7519 15527 4752 11257 12118 7529 11309 5183 14498 9044 6840 4799 5116 4163 10483 2573 8351 10271 5939 14483 7885 7510 14358 10205 16589 2757 5016 17268 8879 12770 6575 6208 15632 16401 12155 10669 13118 5400 5452 4580 16636 6606 18141 8842 10739 14410 7284 7868 3739 6345 9687 15436 7614 5291 4631 11691 4072 12021 10873 4319 11941 6472 13002 6233 7790 1428 3664 4675 5542 8001 4270 2941 10616 7569 12979 7861 15196 4115 7785 1330 17046 14579 8925 12700 2121 10373 4268 11047 15539 10281 10001 13150 14250 7452 9072 15247 7164 6305 9236 9026 14707 5204 6566 13699 14856 12890 8425 9658 3336 8575 11560 9042 9245 7327 2941 9485 8183 4018 8626 1411 6999 6238 2784 3166 10878 10069 10751 7739 3791 2442 6009 11138 10005 9693 1993 4720 6959 17002 4515 4255 12718 7947 15508 9302 15580 7770 12802 10481 4498 6623 12384 7854 4592 7791 10451 5575 16511 5437 7919 9947 14456 7589 8596 11251 6869 1909 16896 11408 3075 10691 2420 5060 6862 8200 1430 6663 6857 14497 12305 11575 10700 9686 5575 7258 6679 9767 5168 9573 4844 7796 12671 13874 13105 6835 10205 7417 8455 15123
18467 13488 12414 6414 15042 10662 17626 3659 10573 11159 15930 12838 12349 11929 10228 18902 12747 7091 10420 9907 8152 10271 16688 14478 14737 9990 13586 9423 10885 6929 11286 14778 8301 16139 15814 7646 15490 5592 10907 15751 7007 13939 3586 6329 14525 11288 13032 19578 12045 6334 8930 18077 17084 7474 15726 11530 0 10632 11373 11014 6040 11233 10412 2141 15533 8843 14986 9892 10680 9945 16193 15954 11207 9462 6369 15722 16101 18863 20464 13036 8349 6259 11791 1656 10965 2334 15723 11682 11257 14321 14716 18137 1440 11537 6991 7086 7660 9596 12899 9950 11394 5227 6699 14227 14642 15131 9364 6385 13220 8739 16020 3021 9847 13636 3241 8078 8098 15406 4642 17003 11913 7268 6735 14572 9591 10283 6662 14595 6587 9705 1924 9548 17027 19146 16260 15789 17219 14138 20695 7491 7496 10127 13332 16857 13557 16895 10009 15245 9873 4550 11597 10332 16452 12267 562 17436 8956 18021 7733 3597 15993 9679 8369 13288 7609 18851 14318 10608 4615 11756 5862 12344 18764 17991 18577 14052 3092 10563 7216 7671 10747 4961 18511 12694 10909 5674 14676 11650 17586 2668 12991 11507 4017 4154 4270 8409 17901 16462 11519 16797 7014 6353 16650 6949 17696 9254 8984 1842 10047 2701 14619 9650 14341 18184 12539 13083 8002 15148 14019 3529 12505 14298 13482 13295 4022 4736 2189 17032 13772 7604 16900 13104 14802 13783 5459 12051 6022 7959 19071 13739 13809 12634 15566 18008 16093 18184 5680 16690 3099 4407 6199 13464 12278 13454 14103 8024 16632 12820 520 13274 12054 701 11177 623 12891 1900 13245 3758 11091 9260 14120 7063 16804 12400 13971 19940 10138 1528 10410 16153 8388 11399 12352 18221 3120 8462 9126 11783 17327 10838 5805 17693 1303 20740 3664 9436 6264 8634 16985 9183 10266 4800 17959 6041 16675 13783 16761 3972 3916 3318 14034 8784 12463 4332 13109 6292 15656 13985 13469 14760 9038 15074 10138 11267 16391 13239 11744 5428 6918 19023 8771 12502 13968 9330 4746 13938 15604 11074 13784 12104 6103 11769 13362 14240 5677 5731 5214 11421 4320 17428 1174 7839 16622 4812 12569 7061 5735 21249 11519 5303 15372 10680 4842 17662 10760 17200 17518 8792 11697 6264 14391 10479 1372 13718 9570 7364 15787 10165 6255 18091 15548 12791 11575 5712 20706 9335 8913 12803 7762 9945 17811 11042 6244 8446 2624 8485 5699 12826 4155 19155 9621
8741 13433 4297 8354 6245 7454 9207 7049 10462 6047 5335 5357 11034 14926 2561 8906 2396 5501 5587 13081 3882 3504 9057 4295 4752 751 7336 2106 3977 12071 6105 7259 4621 8390 7742 9468 10931 11824 5402 5118 5155 3485 9996 9448 13232 5850 4714 12642 11362 4305 9896 8159 6475 3315 5167 8815 10632 0 14375 12507 6648 15286 14644 11383 5236 7602 8739 4116 12779 2621 6303 11541 9835 1210 6310 11021 12700 10753 12688 2606 6384 12770 9533 9916 3356 11792 5328 12969 743 5100 5670 8219 11433 6328 12517 9805 8614 11563 17112 12485 12182 6435 13504 3729 9967 4499 8254 7574 14125 12488 11913 8332 5616 17038 8337 11722 2669 5884 8594 11302 1470 7188 7342 4779 1043 6882 4886 9304 10470 7965 8767 1323 7104 9631 6647 5229 11139 5114 13615 12176 7149 14651 13311 6712 6627 7215 1137 11748 11422 10031 1364 11370 7499 10276 10960 6839 3589 9369 11856 8396 5784 4119 3461 2736 7218 9964 7363 4043 8116 13334 8824 15282 8961 8830 12414 5799 12654 7572 4406 5093 8310 12369 8281 6439 12825 7999 4095 5947 7938 9712 2426 914 10269 8286 9143 11359 7336 10636 12203 10262 3677 10634 6645 12244 7734 11456 3552 12276 1318 8460 7268 6875 4055 12214 5194 5441 9574 4563 10786 9884 2018 6140 5668 15952 8306 10138 11038 8095 8735 5234 8596 2679 4681 15075 7105 7203 12153 5192 9449 4452 6007 4693 13036 8502 8104 9603 12486 6271 12003 9169 4531 7160 3573 2849 6621 2756 11052 5613 11100 12824 3206 10012 4713 11255 14709 12527 4641 8786 9794 10409 7078 10282 7963 5556 8840 10838 14290 11334 14652 6796 10009 15085 10137 8849 12469 2249 5032 7066 7202 4641 5819 7738 10093 13034 9460 6688 4618 14567 7201 13437 2514 12185 8920 9550 11557 4981 6373 11678 8962 9658 3490 9472 2088 7381 16750 4437 6822 8868 17218 5028 10570 5165 8035 14432 8989 11595 6086 6003 4225 9330 2011 6088 10095 12595 6736 3324 5316 6866 13488 2879 13228 4852 6537 4351 5069 10957 12547 7371 10040 6797 9548 5638 8966 7751 15649 8562 11541 13554 3697 13347 8147 14833 5993 7282 1319 8093 7114 2518 7206 12802 3862 5741 10866 9181 3827 3774 6362 7870 5133 11845 6084 3547 2767 5650 13482 12234 2154 14839 3295 12283 8306 4154 11961 5424 11545 5892 5707 2253 7919 11685 7672
17230 3870 12267 16447 20607 19320 14738 10816 4330 18855 18629 11694 5163 601 15999 18065 16641 9141 9378 1535 10571 16680 13239 15519 15322 13679 10555 12270 11177 4461 18968 12254 9765 22631 13327 5123 9306 16900 18310 18026 9571 17472 14627 16872 5525 9709 12588 14147 4467 12336 4479 17318 19485 13389 18647 6859 11373 14375 0 2162 15064 1420 1592 13502 19208 18072 10934 10507 1655 15825 16021 9345 5474 13438 15152 9551 8366 15108 15769 16753 17010 5469 6302 12715 11795 13632 16770 2153 14455 14044 20042 22290 12718 19252 4497 5121 17625 2814 2831 1913 2863 9352 5442 17605 9136 17501 6239 15999 2794 2654 9054 9557 9069 2700 13288 3410 13573 14981 14953 11225 15763 16561 7388 14935 13701 8023 10131 9782 17464 18905 10823 13128 16614 17335 15608 18694 11753 13727 15086 3885 16736 1983 3787 16942 20482 16104 14722 8088 2974 15523 14226 3162 14767 5934 10968 18835 10788 23744 3669 8821 16504 10427 14970 16669 7231 24325 11483 17262 14636 1773 16191 1021 17580 23171 12632 20047 14211 19315 14467 15562 6817 16334 18315 19959 1703 7371 16684 19090 22170 13632 16387 14725 7410 14275 7634 3363 18997 11091 2949 12038 11962 5189 16520 4468 21803 2958 15673 10866 13075 12690 12012 18295 15637 12181 11519 11902 4918 17041 7430 7979 16190 12792 19775 1943 8471 15728 9258 22468 9313 9251 22943 15212 18859 2795 8376 20066 17344 15910 17468 18824 12245 12125 7228 22766 13363 23977 5999 17512 14431 7498 11444 10589 12826 15980 20688 12228 10906 11415 11223 4239 17427 10982 10710 11447 1821 11946 12944 8342 5433 3970 11519 4825 14815 11011 9451 17230 1597 12853 1604 21145 4433 964 6177 23143 14328 13577 16811 8909 17220 10534 14073 21812 10151 15875 14473 18034 11052 3911 21405 2280 12108 6868 15790 16664 10433 13333 20093 15340 14458 8266 16099 4904 14781 13742 2375 12801 14185 9440 2843 14943 3811 15387 6761 206 12821 5558 9856 13753 13816 17563 12702 10589 8108 2141 13621 16369 16425 8539 4222 13308 17473 11076 11111 18661 11190 16855 6585 19774 7183 19457 10837 8780 13235 14587 1339 6130 5649 16231 11934 16613 12156 1465 12659 20914 13400 15417 18067 11939 8691 17629 17646 9262 10052 8771 10665 11147 15052 6947 10146 12428 20431 17893 16915 13749 15265 2326 12346 1612 13961 2097 16409 11128 5174 16500 13987 16827 9875 16233 8702 14500 18695
15070 2623 10160 15428 18753 17924 12605 9782 2197 17313 16570 9554 3098 2576 14294 15903 14712 7513 7319 1897 8802 15030 11116 13412 13197 11838 8393 10415 9136 4569 17421 10094 7956 20845 11172 3785 7337 16343 16741 15950 7956 15492 13973 15972 4078 7596 10460 12214 2404 10896 2768 15155 17398 11845 16601 4697 11014 12507 2162 0 13902 3506 3335 13150 17208 16820 8808 8531 677 14141 13867 7447 3312 11641 13942 7590 6666 13028 13780 14805 15690 5885 4144 12162 9769 13341 14649 671 12530 11903 18174 20285 12429 17702 4821 4074 16548 1431 4967 1295 785 8066 6124 15610 7075 15438 4264 14907 2219 2752 7210 8743 7056 4595 12449 3079 11956 12828 14069 9266 13855 15378 5915 12806 11906 5946 8574 7679 16659 17622 10119 11304 14454 15185 13448 16647 9768 11585 13196 3993 15535 3628 2482 14789 18790 13942 12946 6235 1264 14812 12258 1138 12606 3814 10691 16709 8925 21859 3531 7980 14365 8470 13423 14695 5566 22409 9324 15623 13700 876 15256 2858 15420 21241 10736 18251 14019 17935 13045 14178 4685 15911 16155 18326 488 6193 14611 17504 20200 12995 14421 12793 7007 13383 6900 2618 16859 9077 910 9986 10403 4670 14365 4662 19800 1763 14103 10861 11194 11893 9852 16927 13542 10282 9386 9757 3484 14957 5432 7489 14254 10633 18020 3446 7577 15017 9065 20571 7177 7539 21102 13175 16895 2930 7113 18542 16796 14518 15314 16957 10088 10003 5643 20803 11214 22097 6299 15375 14113 6757 9987 8427 10745 13955 18949 10542 8930 9270 10961 2678 15626 10518 8631 11204 2273 11913 10817 7568 3273 2240 9358 3977 12658 8873 7321 15111 3128 12538 3347 19225 2978 3101 4054 21191 14096 11912 15338 6758 15063 8474 12842 19810 9726 13906 13747 16666 9574 5157 19432 3129 10158 7046 13642 15796 8515 11194 18056 14895 13657 7726 14040 3166 12770 12741 4402 11393 12023 7312 4861 12807 2248 13252 4680 2309 10698 3641 7723 12555 12384 15407 10946 8440 6045 2129 12530 14329 14297 6414 2970 11257 17074 8970 8951 16733 9808 16174 6885 18313 6694 17352 10286 7030 11109 13602 3230 4752 5597 14285 9872 16316 10011 3344 11474 18862 11465 13259 15919 10142 6540 17151 15640 7195 9795 6651 8728 9506 12893 4865 8656 10487 18513 16049 15126 12503 13356 1872 10554 2356 12418 1173 14249 9072 5272 15098 13627 15459 8483 14271 7726 12486 17394
15379 15828 10173 1865 9330 4700 15532 4278 12539 5135 11281 11021 13907 15664 5072 15552 8046 6915 9653 13535 6646 4747 15073 10942 11390 6323 12564 6669 9041 11178 5261 13122 7374 10170 13877 10122 15593 5199 4939 11330 6519 9195 3732 2878 16310 10379 10745 18511 13905 3555 11203 14807 12424 3596 11001 12206 6040 6648 15064 13902 0 15417 14613 5687 10492 3073 14094 8392 13844 4802 12943 16172 12577 5858 398 15764 16884 17015 18881 8369 2322 11127 12760 4599 8743 6068 11927 14538 7390 11551 9103 12687 6104 5506 11454 9964 2705 12546 17267 13252 13957 5844 11762 9511 14612 10765 10520 1120 16026 12516 16411 5740 9267 17680 2811 11701 4136 12453 2107 16560 7439 1500 8061 11386 5820 10319 5830 14215 3892 3945 4954 6187 13750 16250 13250 11063 16569 11493 19571 11584 1688 14442 15675 13354 7581 13836 5617 15913 12639 3493 7967 12889 13949 13449 6569 13196 7247 12144 11560 6378 12424 8225 3302 8748 8643 13002 12960 4912 1740 14769 2195 16084 15606 12240 17942 8272 6780 4626 2242 1910 11440 5857 14898 6689 14005 7734 10579 5646 12027 3892 8508 7539 8261 2110 7591 11706 13745 15916 14043 15855 4478 9998 13293 11284 12290 12279 3616 7874 6816 3345 13051 3656 10698 17645 10762 11201 10419 11021 14723 7657 7976 12216 7651 16969 6658 3566 7630 11254 13455 7190 10989 9316 9683 16828 6789 6016 5512 2093 16080 8308 11905 10524 16778 12374 14223 12289 10620 12842 5984 7709 4342 12397 9675 9343 8173 5203 16238 11159 6554 15389 6725 5741 9659 6578 16127 7603 10805 6899 12485 11702 12693 10239 14391 10890 13622 17392 14276 5936 14616 10550 10924 15422 13422 12530 6533 4560 3205 11376 13844 9391 1162 12283 6337 19210 3222 3427 4755 13477 11518 13274 7735 9911 15430 2932 16546 11261 11731 5332 2705 7333 10042 10862 8736 1716 17231 3038 13210 13645 17661 11626 11655 11798 10896 15028 14904 14720 10799 1360 2558 15968 5619 11251 14317 12933 1505 9770 11948 10823 16025 9169 6620 10114 11985 9031 4284 4310 10357 5412 8298 12896 5474 7710 14988 1394 16393 9152 10142 19738 9302 6870 13933 14867 2428 12580 7455 14604 13679 6230 11404 6164 9709 9783 7018 13674 7954 5495 12918 10818 5568 17385 10025 7475 6350 1506 19491 12747 6050 16140 3396 13143 14911 9250 10693 2472 5655 2451 5532 8374 6383 17736 3787
18556 5249 13441 16686 21480 19817 16111 11140 5596 19467 19723 12924 6562 1404 16760 19379 17599 9914 10507 2213 11429 17392 14619 16685 16516 14571 11876 13184 12276 4363 19584 13582 10666 23435 14669 5853 10724 16818 18947 19144 10327 18479 14633 17024 6907 10901 13793 15567 5865 12922 5463 18621 20614 14041 19724 8164 11233 15286 1420 3506 15417 0 826 13322 20232 18467 12312 11544 2909 16570 17275 10765 6788 14292 15540 10970 9770 16510 17187 17730 17463 5052 7642 12681 12873 13411 17957 3568 15419 15272 20930 23313 12508 19869 4244 5679 17896 3823 1879 2888 4246 9879 4840 18627 10541 18603 7329 16295 4109 2943 10471 9762 10153 2404 13437 3770 14281 16235 15113 12644 16704 16917 8096 16137 14553 9183 10834 11173 17545 19318 10923 14009 17890 18687 16884 19774 13171 14957 16504 3871 17103 1124 5176 18193 21210 17395 15551 9507 4087 15559 15233 4388 16088 7314 10781 20027 11722 24639 3858 9063 17723 11447 15611 17673 8074 25250 12814 17961 14835 3193 16374 1606 18906 24112 14051 20869 13917 19798 15017 16074 8055 16168 19599 20641 3023 7884 17799 19737 23155 13639 17384 15695 7420 14448 7850 3968 20210 12506 4341 13447 12641 5419 17779 4310 22825 3861 16327 10505 14006 12819 13340 18776 16787 13600 12735 13141 5716 18172 8845 8021 17156 14072 20562 2410 8760 15761 9060 23377 10682 10085 23798 16290 19845 3904 8913 20659 17253 16425 18812 19716 13518 13322 8620 23742 14717 24868 5623 18724 14217 7724 12055 11903 13963 17041 21457 13002 12325 12655 11021 5648 18263 10920 11854 11230 3000 11583 14149 8556 6737 4997 12837 5290 16152 12238 10826 18614 1143 12659 827 22080 5279 486 7555 24108 14060 14322 17382 10169 18486 11656 14487 22833 10082 17294 14530 18516 11684 3026 22395 2148 13109 6521 17145 16797 11852 14557 21158 15199 14566 8330 17199 5879 15830 13997 1878 13357 15487 10816 2267 16157 4768 16601 7937 1231 14201 6977 11080 14146 14379 18902 13529 11841 9512 2699 13940 17446 17621 9755 5594 14408 17280 12253 12400 19611 11749 16858 6172 20319 7260 20612 10835 9650 14613 14821 1604 6825 5537 17651 13053 16362 13515 560 13057 21996 14380 16751 19304 12806 9952 17488 18679 10401 9875 10152 11665 11899 16325 8122 10801 13848 21366 18765 17743 14177 16684 3053 13205 2732 14608 3120 17735 12243 5003 17018 13806 17317 10465 17225 9038 15915 19123
18234 5423 12968 15868 20813 19035 15875 10336 5268 18712 19178 12503 6433 1863 16054 19039 16977 9228 10009 1698 10773 16668 14402 16197 16052 13921 11564 12547 11750 3537 18830 13272 10032 22738 14378 5180 10665 15995 18199 18616 9633 17882 13807 16200 7067 10453 13346 15537 5739 12168 4920 18267 20092 13303 19168 7849 10412 14644 1592 3335 14613 826 0 12504 19643 17667 12095 10980 2676 15858 16867 10752 6498 13627 14741 10916 9860 16349 17114 17116 16674 4252 7380 11855 12331 12598 17485 3552 14803 14841 20270 22720 11693 19115 3421 4949 17081 3345 2656 2451 4114 9117 4084 18039 10407 18065 6827 15484 4384 2197 10490 8945 9626 3224 12614 3016 13560 15829 14291 12593 16075 16112 7395 15680 13886 8716 10120 10992 16720 18521 10099 13355 17505 18407 16502 19219 13101 14529 16504 3051 16300 399 5330 17781 20488 17029 14873 9517 3667 14733 14641 4051 15764 7127 9963 19555 11100 23979 3064 8252 17279 10873 14868 17075 7427 24604 12510 17233 14014 3234 15552 2186 18584 23475 14045 20181 13114 19014 14251 15298 7666 15351 19219 19905 2850 7126 17272 18991 22540 12813 16782 15082 6594 13626 7037 3287 19758 12412 4228 13317 11914 4617 17375 3484 22231 3319 15586 9709 13377 11996 13032 17991 16286 13591 12301 12726 5075 17655 8764 7196 16539 13700 19861 3087 7955 14935 8242 22725 10454 9423 23121 15738 19234 4349 8157 19898 16430 15649 18518 19058 13138 12868 8751 23122 14445 24206 4819 18274 13404 6913 11308 11579 13459 16478 20749 12307 12261 12245 10205 5739 17584 10094 11361 10415 3390 10789 13699 7742 6435 4490 12517 4539 15850 11816 10607 18398 357 11843 12 21441 4667 1047 7364 23482 13253 13614 16618 9790 18089 11148 13693 22239 9256 17238 13704 17732 10945 2373 21784 1340 12519 5715 16870 15972 11829 14125 20592 14379 13741 7505 16661 5324 15262 13183 2704 12595 15138 10599 3091 15712 4226 16154 7494 1389 13986 6941 10659 13349 13616 18599 12853 11444 9378 2067 13133 16892 17158 9333 5781 13876 16466 11785 12042 18982 10990 16032 5377 19547 6437 20111 10009 9006 14391 14004 2287 6129 4711 17612 12538 15554 13258 268 12262 21440 13774 16443 18875 12149 9575 16669 18097 9911 9055 9951 11079 11199 15940 7676 10071 13811 20728 18101 17061 13386 16671 2468 12544 3154 13867 2692 17414 11727 4178 16243 12989 16535 9717 16621 8239 15821 18329
19659 15609 13749 5418 15010 9920 19086 4953 12647 10734 16523 14291 14401 14053 10496 20016 13274 8699 12052 12044 9507 10345 18252 15474 15799 10823 15236 10511 12279 9049 10856 16307 9809 15805 17290 9729 17378 3606 10602 16440 8535 14466 2210 4999 16614 12914 14369 21290 14123 7147 11014 19208 17683 8081 16283 13456 2141 11383 13502 13150 5687 13322 12504 0 15935 8005 16686 11335 12820 10212 17307 17865 13224 10293 6073 17603 18093 20396 22073 13583 7815 8304 13764 1518 12263 409 16650 13819 12068 15550 14764 18313 845 11078 9088 9196 6562 11729 14950 12091 13519 6854 8686 14770 16499 15835 11320 5646 15358 10874 17957 4860 11500 15726 3103 10219 8729 16600 3770 18813 12518 6573 8631 15682 10373 12073 8074 16389 4979 8809 3487 10459 18143 20402 17450 16346 18993 15400 22404 9618 6799 12208 15453 17899 13223 18078 10590 17215 12000 3061 12498 12451 17789 14274 2542 18216 10305 17819 9870 5540 17001 11125 8612 13893 9492 18683 15907 10572 3980 13896 4745 14466 19937 17927 20366 13958 1292 9791 7416 7548 12662 2847 19533 12306 13050 7643 15478 11275 17682 1803 13615 12291 6158 3577 6353 10549 18719 18247 13642 18509 7989 8493 17736 9062 17900 11389 9114 3140 11021 2925 16166 8992 15299 19987 13995 14526 10086 15946 15983 5661 13100 15713 13339 15418 5978 3198 4263 16942 15566 9191 16656 13989 15157 15924 7275 11454 4006 7771 20298 13906 15260 14008 17605 18047 17589 17959 7725 17610 973 6493 7273 15103 13511 14230 13839 9007 18447 14310 2301 15381 12265 2662 12660 2102 15031 2333 14546 5785 13110 11362 15691 9191 18171 13917 15762 21302 12240 670 12502 16213 10487 13503 14346 18212 1172 9138 8892 13524 18380 12328 5877 17894 3425 22362 2576 8817 7447 10639 17145 11296 11455 6830 19307 4682 18537 15072 17178 1901 3040 5436 14865 10846 13355 4208 15193 6947 16998 15778 15542 15889 11150 16164 12050 13392 17981 15291 13373 5568 7303 20230 9706 14081 15879 11468 4804 14702 16577 12829 15902 13237 3971 13236 14930 14541 6807 3956 7222 10743 6457 18087 2992 9503 18182 4298 14685 9088 7856 22880 12836 3170 16959 12772 5390 18058 11739 18521 18451 9901 13459 4174 14952 12128 3455 15561 10972 8564 17012 12061 7664 19862 15664 13018 11835 5911 22397 11476 9942 14941 8229 12085 19052 12454 8354 8152 486 8070 7181 13459 6040 20789 8786
7663 17680 7369 11747 3210 8740 9763 12099 15053 6986 1545 8316 15225 19726 5451 7257 2863 10676 9911 18020 9025 5790 10418 4573 5110 5984 10283 7199 8088 17254 6943 9326 9659 5461 9131 14517 13862 15531 6591 2234 10357 1776 14198 12816 17131 9806 7340 13756 15686 9270 14773 6898 2276 8065 1207 12969 15533 5236 19208 17208 10492 20232 19643 15935 0 9941 11237 8701 17568 5733 5875 14429 14203 6427 10097 13862 15868 11229 13093 2630 9132 17996 13689 14574 7442 16340 4134 17586 4894 6478 2725 3082 16137 6968 17709 14921 11475 16433 22007 17370 16768 11666 18730 1605 13045 2287 12972 11073 18551 17535 14885 13483 10153 21800 12834 16801 7459 6349 12599 13521 3778 10354 12490 5491 6217 11293 10121 12217 13761 9829 13755 6550 6230 8662 6562 1226 13152 6736 14456 17326 10212 19684 17580 5500 5518 6761 5561 15027 16235 13967 5001 16094 8010 14381 15919 3722 8571 5227 16974 13601 4893 8789 7327 2578 12259 5499 9828 5802 12201 17979 12388 20050 7680 4297 14124 3860 17140 8924 8521 8594 12664 16316 6251 6110 17577 13215 3068 6491 3060 14159 2881 4607 15500 12497 14378 16384 4296 12918 16763 12161 8820 15820 5802 17431 2595 16372 6884 17268 6357 13104 9467 8804 4281 14088 8339 8230 14580 3013 14347 15103 3219 8128 4383 20629 13530 14018 16173 3976 11933 10356 5015 4090 832 19517 12338 7505 15762 8482 8353 2518 8379 7662 16517 3683 9443 5479 17720 4413 16396 14404 9673 10136 6638 3282 4942 7970 13396 8643 16027 17029 3796 14964 8665 16154 19295 17391 7037 14007 14189 15258 9587 15410 8438 8861 11962 10176 19294 16009 19651 2607 14976 19987 14194 4108 16918 7133 7624 10914 5827 8770 10066 2604 15149 13445 13671 8762 9810 19734 2294 18492 7124 17419 8830 13019 14068 6948 1244 15823 13149 14868 3401 14354 4439 11737 21567 9246 7767 11988 22034 5672 15466 5381 12548 19288 10565 15599 9839 10367 8667 8144 7241 9421 13522 17577 11132 2986 4498 10991 17662 6012 16959 8466 9417 1526 10200 14556 17782 8147 15276 2896 14523 10696 10331 11835 20422 13666 16766 13890 7403 17337 10132 19813 10709 2131 5880 8181 4932 7710 11108 16418 1569 10045 15930 12512 8568 9010 6724 12367 10367 13605 2115 3073 4143 10027 14229 17190 7374 19463 7780 17153 7737 8173 17175 8341 16005 8663 10937 3049 13142 12547 9584
16104 18617 11721 2596 7917 1931 16810 7337 15328 3191 11073 12701 16570 18673 5247 16101 8128 9566 11866 16549 8931 4457 16605 11660 12197 7575 14481 8403 10888 14248 3285 14734 9759 8091 15315 13063 17789 6098 3396 11328 9137 9087 5806 3338 18969 12483 12219 20161 16636 6052 14083 15444 12126 5506 10742 14707 8843 7602 18072 16820 3073 18467 17667 8005 9941 0 15984 10453 16802 5080 13700 18388 15238 7255 2927 17933 19258 18354 20285 8440 1283 14195 15317 7260 10447 8325 12380 17442 8299 12699 7889 11489 8605 3417 14526 12956 1692 15496 20323 16235 16823 8762 14823 9397 16798 10857 13216 2457 18900 15553 18677 8813 11575 20708 5633 14734 5783 13428 4278 18527 7835 1611 10920 12296 7111 12740 8452 16294 4074 878 7979 7668 14441 17052 14138 10798 18455 12716 21166 14646 1397 17503 18468 13919 5625 14660 6465 18280 15561 5107 8956 15774 15089 16035 9396 13219 9368 10245 14609 9447 13004 10323 4310 8893 11414 11140 14715 4223 4229 17694 3301 19090 16276 10595 19789 6812 8846 1790 4008 2865 13981 7120 15301 4673 16951 10710 10913 3773 10707 6361 8737 8347 11332 4690 10657 14709 13804 17865 16899 17650 6799 13050 13959 14355 11172 15243 4053 10627 8254 6239 14708 1203 11362 19540 12480 12837 13343 11292 17137 10727 8235 13683 6135 19961 9716 5051 10608 9601 15590 9748 9053 10017 9112 19732 9730 3550 6203 2604 16833 7466 13479 12106 19280 10921 15675 10343 13683 13193 7995 10773 6947 14306 11083 9791 6333 7208 18234 12899 9338 18141 6266 8647 11584 9318 19068 10183 12195 9968 15154 14596 14434 13254 15557 12716 15739 18350 17328 8415 17670 9245 13851 18460 15981 10977 8568 6105 2606 13591 14393 11370 3999 11159 9310 20630 5441 1185 7374 16549 10359 16327 9415 12958 16480 3633 18629 12570 11101 7009 5031 10403 10511 13722 9552 4689 20268 5521 14424 15764 20703 12551 14576 12618 13480 18044 16502 17343 12859 4324 4639 16686 7348 13159 16638 15952 4577 10124 12501 13123 18791 10445 7440 11940 13792 8415 7036 5100 13405 2781 11371 12687 8435 10291 16515 4044 19406 12073 13215 21152 10947 8106 15600 17919 5417 11840 8739 15657 13986 8142 13655 6821 9608 12010 9946 15894 10019 7845 13911 13379 8266 19222 8882 6910 6108 4327 21047 15748 7845 19095 5040 16115 15772 11097 13766 2205 7824 1730 8351 8650 9429 19255 785
6511 7869 4458 15959 13883 16140 3805 11786 6877 14786 10034 3383 5794 11234 11293 7410 9823 7991 4655 10463 7532 12236 2308 6671 6173 8522 1531 7584 5105 11686 14844 1941 6984 16269 2631 8664 2682 18616 14141 9274 8193 9968 16287 16926 6712 3816 4157 4604 6479 10592 7869 6775 10446 10605 10223 4376 14986 8739 10934 8808 14094 12312 12095 16686 11237 15984 0 5710 9433 11322 6053 3212 5628 8761 13889 2644 4730 4341 5576 9721 14705 13009 4727 15226 5547 17036 7458 8811 8234 4763 13262 13980 16307 15064 12144 9399 16609 8936 13612 9697 8072 9833 13580 9913 2085 8993 6256 15200 9049 10711 3685 11964 5189 12905 14393 10388 10224 5159 15451 2565 9354 15148 8375 5771 8936 4761 8747 1239 17900 16495 13223 8336 6358 6460 5434 10244 2479 4501 5719 11361 15187 12337 7836 6914 15092 5737 9782 4027 8537 16744 7611 8072 4185 5001 14991 9243 6858 16455 10813 11441 6876 5888 11679 9369 7518 16721 1440 12782 14950 9222 16189 11393 6848 15524 3847 13885 17918 16243 12130 13174 4866 18739 7901 15072 9294 9533 8172 14672 14226 15576 9231 8341 12126 14888 11195 9728 9180 1898 7986 1826 9634 10689 6454 11863 13552 9114 12041 15881 7784 14143 1775 15456 6956 3563 3552 3324 8434 8303 3821 12192 9398 3109 13982 11580 11052 16914 14020 15179 1644 7512 16097 7476 11319 9924 9534 15935 19035 13393 6629 12214 2917 4064 5596 14846 2548 16708 13113 7831 17585 11104 9970 1697 5229 8229 14904 8914 2316 3131 15240 7227 11633 14292 4442 15480 10136 16652 4366 11429 5705 8040 1712 9811 4086 3269 1488 6304 11839 16310 12107 13771 8452 11893 4758 15288 17851 9882 13575 3218 7021 4704 12968 13569 13841 5816 15831 15241 9636 13442 13490 11509 6574 13422 4917 16913 2886 4319 11613 17804 15468 12197 7880 7651 7495 13942 12902 11077 3878 1497 13310 5623 8393 5989 5347 11100 1891 5635 3363 12923 11611 6753 8648 2847 2974 10350 13395 8352 7051 3934 7693 5976 19829 4045 2211 11507 10262 17991 13535 16105 11735 10159 13847 7183 2301 14661 11732 8582 12035 6307 5084 19529 1352 12134 12232 12191 7439 4691 8091 7908 3332 19604 9832 4567 14376 2165 6146 8671 4980 5233 9137 3293 13146 11647 11324 12655 5721 9919 8161 10392 10990 9460 5712 4894 12094 13789 17047 14262 9544 9163 10854 4229 16205
8727 9319 2596 10256 10303 10874 7756 6385 6417 9765 8203 2958 6919 11029 6342 9284 6192 2905 1510 9335 1866 7230 6951 5428 5443 3558 4180 2218 1030 8940 9847 4987 1614 12499 5955 5959 7336 12963 9128 7666 2896 6967 10688 11216 9145 2030 3194 10208 7250 4882 6081 8447 9150 4971 8188 4714 9892 4116 10507 8531 8392 11544 10980 11335 8701 10453 5710 0 8871 6278 6661 7937 5724 3555 8199 7480 8888 9067 10795 6276 9172 9928 5426 9830 1404 11713 6766 8947 4024 4622 9707 11783 11081 10103 9419 6473 10947 7735 13307 8673 8142 4696 10637 7097 6345 7099 4276 9502 10038 8926 8239 6965 1508 13114 8798 8243 4680 5735 9763 8171 5362 9497 4277 5153 3797 2766 3263 5859 12190 11045 8003 3136 7456 9320 6571 8238 8179 4385 11296 8898 9552 11047 9198 7471 10700 7200 4825 7912 7534 11084 3727 7407 6578 6172 10020 8797 1148 13360 8479 6650 6753 213 6223 6167 3776 13887 4670 7826 9259 9327 10479 11360 9047 12713 9556 9912 12610 10950 6500 7597 4194 13160 9098 10420 8887 5312 6329 9788 11672 10050 5890 4276 8005 9220 6881 7766 9097 7524 8152 7495 3924 7562 7162 9126 11296 7685 6710 11126 2817 8616 4863 10070 5448 9254 2661 3198 5968 6737 6846 7832 5730 4406 9779 11970 6363 11248 9454 12064 5138 2396 12660 4761 8365 10995 4806 10987 13373 7849 9277 8498 3930 2761 9075 12273 6254 13602 9791 7662 12176 6845 4297 4017 2723 5499 10730 3260 7854 2980 10238 8708 7320 9192 1338 10455 10677 11711 3456 6830 5687 6559 4426 6974 6917 2611 5290 10050 10637 11050 10989 10704 6325 11289 6042 12659 12506 4405 8213 3168 7888 1025 7260 11305 8925 11099 10210 9835 3998 11313 10905 9884 1641 9749 8075 11203 8198 3995 9615 12263 9820 7719 5700 5666 4286 8264 12869 5368 5783 5315 13336 5272 6776 5671 3944 10587 6712 7498 2420 7213 5945 9255 3160 2885 6250 8914 7701 5913 6505 2818 9372 2953 14218 1900 3679 8210 4642 12305 10016 10994 7671 9223 8718 2420 6876 8962 11731 5240 8726 11623 1799 14001 5699 11140 6555 10459 2955 7333 8391 2319 3260 13957 7141 1666 9591 5451 440 2974 6050 3773 3674 9003 9993 7642 6865 6945 11246 8516 2658 10826 5413 8453 8014 1159 9024 8304 11649 8765 4197 5740 6053 9554 10763
15646 3189 10613 15319 19020 17966 13224 9664 2695 17419 16977 10050 3762 2158 14477 16470 15023 7643 7724 1232 9011 15185 11742 13865 13671 12093 8967 10677 9526 4058 17529 10673 8187 21074 11762 3741 8009 16081 16859 16372 8081 15838 13737 15821 4707 8056 10938 12888 3071 10947 2907 15713 17830 11945 16997 5255 10680 12779 1655 677 13844 2909 2676 12820 17568 16802 9433 8871 0 14313 14387 8124 3878 11870 13903 8263 7337 13674 14447 15129 15698 5331 4739 11889 10147 12995 15119 1140 12837 12401 18449 20649 12080 17812 4270 3908 16461 1311 4485 749 1462 8040 5527 15966 7731 15848 4596 14824 2573 2184 7887 8541 7422 4260 12270 2634 12092 13347 13909 9938 14152 15330 5960 13285 12134 6368 8672 8319 16477 17617 9887 11549 14991 15784 13985 17044 10437 12084 13872 3470 15495 2958 3057 15307 18969 14491 13165 6912 1358 14596 12594 1508 13179 4452 10333 17184 9189 22145 3051 7783 14858 8795 13527 15036 5707 22714 9905 15774 13558 1087 15117 2503 15997 21555 11412 18485 13647 17970 13092 14210 5173 15608 16698 18476 258 6110 15030 17631 20540 12751 14756 13105 6662 13225 6659 2284 17350 9742 1588 10642 10507 4329 14889 4135 20163 1566 14219 10431 11472 11698 10431 16956 13983 10958 9871 10261 3480 15387 6103 7175 14569 11171 18232 3231 7396 14801 8676 20864 7796 7713 21362 13563 17230 3116 7072 18641 16532 14554 15906 17231 10620 10474 6301 21138 11815 22380 5772 15865 13776 6516 10043 8994 11171 14334 19153 10709 9601 9774 10600 3312 15861 10213 9055 10838 2298 11495 11295 7345 3828 2381 9928 3732 13244 9366 7946 15738 2457 12196 2688 19532 2975 2539 4691 21519 13735 12071 15411 7276 15592 8880 12809 20172 9405 14576 13534 16695 9638 4489 19774 2469 10480 6552 14242 15634 9191 11688 18445 14597 13468 7429 14446 3327 13137 12620 3999 11430 12580 7937 4466 13296 2284 13740 5106 1767 11325 4318 8210 12508 12434 15994 11151 8953 6702 1540 12442 14720 14774 6890 3546 11656 16766 9422 9496 17044 9830 15951 6364 18384 6372 17802 10006 7224 11733 13477 2871 4741 5141 14957 10281 15978 10618 2701 11420 19263 11778 13842 16427 10369 7058 16866 16004 7608 9427 7282 9040 9649 13428 5292 8723 11160 18818 16309 15354 12475 14031 1372 10779 2296 12518 739 14825 9475 4776 15139 13301 15486 8505 14604 7576 13149 17396
11042 15394 6903 6247 5256 4835 11776 6754 12251 3508 6481 7949 13082 16405 285 11081 3269 6684 7788 14420 5361 952 11674 6586 7118 2824 9886 4061 6394 12901 3582 9879 6234 6905 10353 10733 13419 9948 2864 6564 6256 4396 8474 7348 15381 8203 7334 15261 13321 4005 11409 10397 7622 2724 6200 10951 9945 2621 15825 14141 4802 16570 15858 10212 5733 5080 11322 6278 14313 0 8627 14030 11811 2723 4413 13526 15110 13331 15274 3593 3934 13349 11644 8879 5833 10615 7371 14670 3263 7659 4844 8192 10446 3830 13302 10911 6271 13032 18439 13912 13928 6930 14071 4713 12442 6021 10011 5510 15953 13662 14380 8279 7680 18524 7115 12851 2318 8352 6899 13887 2794 4935 8475 7218 2489 8953 5739 11821 8347 5372 8276 3148 9380 11981 9058 6261 13742 7699 16230 13119 4848 15803 15261 8884 4657 9583 1540 14143 12964 8294 3929 13010 10031 12391 10373 8448 5428 8399 12893 8575 7960 6217 1602 3999 8606 9152 9965 1549 6484 15002 6824 16788 11225 8175 15027 4423 11408 4951 2797 2954 10349 10657 10329 4209 14397 8819 5940 3511 7654 8429 3789 3283 10595 6768 9567 12603 9011 13220 13970 12874 3972 11495 8901 13056 7754 12867 1204 11735 3589 7419 9884 4272 6294 14820 7769 8045 10911 6353 13114 10102 3262 8760 4022 17540 8620 8362 10859 7268 11207 6604 7402 4939 4946 16876 7808 4716 10221 2925 11768 3800 8625 7298 15350 8104 10715 8599 12971 8232 10663 9630 4694 9709 6192 4760 4892 3603 13627 8191 10453 14823 2111 9426 7133 10558 16400 11760 7261 9052 11752 11939 9680 11340 10502 8096 11327 13270 15501 10310 15865 6250 11392 16434 12280 8349 11186 2250 2474 9403 9365 7001 4336 7750 9722 15622 7945 4097 4990 15405 7040 14574 4866 12503 11405 7507 14107 7588 6976 10115 7424 9823 5481 10994 4476 6007 18179 3803 9387 11354 18642 7474 12037 7539 9978 15853 11610 13727 8497 4649 3028 11626 3246 8604 12479 13880 5411 5134 7462 9096 15491 5499 11378 7358 9112 4333 5141 9007 12911 4794 10454 8101 9014 7112 11583 6115 17144 9747 12163 16139 6244 11672 10766 16074 5107 7849 3886 10584 9050 4106 9517 10879 4914 7943 10500 11612 5900 4680 8836 9833 5809 14458 5618 2847 1635 4316 16093 13567 3703 16496 2263 13735 10694 6590 12649 2992 10273 3429 6241 3676 8237 14294 5080
2438 13572 4117 14655 8972 13144 3889 12542 11693 11471 4415 4369 11231 16435 8453 2712 5770 9526 7031 15169 8115 9283 4687 2042 1553 6651 5651 6803 5643 15404 11481 4157 8229 11309 3545 12293 8724 18096 10893 3659 9432 5251 16156 15750 12632 6444 3607 7888 11836 10189 12036 1901 4530 9480 4697 9187 16193 6303 16021 13867 12943 17275 16867 17307 5875 13700 6053 6661 14387 8627 0 9219 10569 7153 12610 8659 10772 5364 7261 5511 12556 16495 9814 15796 5346 17709 1742 14060 5560 2081 8401 8190 17218 11618 15889 12909 14859 13524 18834 14424 13247 11196 17185 5047 8098 3645 10112 13876 14649 15045 9703 13435 7539 18333 14393 14480 8865 1040 14841 7969 5874 13460 10907 1626 7147 8191 9603 7228 16771 13916 14269 6906 837 3354 702 4696 7523 2371 8585 15273 13406 17019 13508 923 10863 981 7388 10075 13208 16274 4978 12889 2182 10358 16406 3197 7337 10994 14796 13220 984 6856 9750 5043 10303 11102 4866 9648 14351 14479 15125 16677 2668 9948 8354 9338 18598 13297 10701 11375 9220 18582 2444 11170 14317 11971 3089 11148 8588 15757 5101 5438 14664 14479 13536 13909 3139 7435 13199 6537 9318 14092 514 15592 7810 13582 9740 17605 6310 14406 4370 12804 2339 8369 4587 4141 12211 2931 9709 14476 5542 3273 9666 17045 12970 16392 16034 9806 7231 9033 10886 3693 6253 15584 11440 12374 18436 11444 3151 7658 3789 4095 11641 9183 3790 11241 16401 1795 18026 13503 10055 5567 3982 3962 10450 8302 7915 4623 16597 12906 7839 15513 5729 16792 15613 18074 3278 13447 10599 12405 4722 13404 2579 5054 7186 4689 16555 17150 16878 8476 12453 16926 10128 9630 18445 8432 11095 7112 1245 6024 12062 7830 15375 7616 15627 12662 9938 17635 7917 15969 5928 16400 3020 15852 8641 2785 5892 17832 15149 14346 3269 11677 4221 13540 18228 10472 2185 7208 18671 1434 12705 1154 9378 16150 4911 11333 6210 12203 10464 3027 7627 5435 8837 14877 12899 3733 1406 7534 13458 4090 19486 5199 4951 6692 10551 17247 16656 12808 14332 4159 15032 9077 4608 13992 17040 11741 15320 8082 4865 19536 4752 16973 11998 6316 5603 2313 2087 7423 7330 19080 4880 7093 16088 7855 6847 8830 1074 9198 9992 7864 7975 7498 7782 11858 8362 14446 7365 15836 9561 14185 2092 5562 15574 11604 17534 12052 10584 5145 12637 6672 13629
9346 5697 7402 18012 16999 18764 6347 13206 6113 17536 13245 6327 4426 9495 14040 10270 12876 9483 6541 9314 9539 14971 4884 9873 9383 11207 4269 10069 7638 11298 17605 5152 8802 19374 5702 8703 611 20250 16890 12486 9799 13109 17839 18893 4190 5910 7217 4803 5081 12617 7581 9731 13651 12892 13430 4425 15954 11541 9345 7447 16172 10765 10752 17865 14429 18388 3212 7937 8124 14030 9219 0 5032 11354 16024 569 1587 6163 6472 12800 17107 12691 4256 16503 8205 18174 10666 7215 11124 7967 16376 17191 17359 17842 11696 9423 18806 8075 11729 8603 6661 11151 13134 13071 1595 12197 6602 17292 6944 9894 490 13007 6905 10818 15982 9818 12617 8358 17249 1939 12329 17376 9237 8979 11563 5940 10450 2265 19814 18980 14388 10921 9449 9078 8573 13452 2517 7696 5752 10847 17446 11067 5719 10051 18062 8809 12501 1279 7646 18425 10543 7089 7226 4008 15847 12415 9025 19638 10292 12362 10071 8065 14152 12474 8373 19921 4602 15544 16767 7573 18139 9549 9659 18722 3293 16937 19014 18850 14414 15527 5208 20206 10891 17966 7920 10282 11371 17479 17431 17020 12315 11268 12531 16629 11811 9155 12320 2047 6538 3128 11718 10639 9593 11451 16763 8348 14606 16518 10441 15627 4985 17994 10152 2840 6417 6334 8388 11512 2116 12749 12435 6310 16987 9505 11933 18612 14600 18355 2825 9095 19246 10586 14482 7669 10597 18724 20689 15785 9311 15293 6060 7028 2674 18052 5523 19890 12931 11008 18813 11693 11862 4439 8198 11361 17924 11182 1691 6024 16115 5167 14584 15295 6902 16365 8128 17417 7469 12214 5145 7534 4846 9718 7030 5998 2704 8505 10570 17398 10765 16944 8214 10298 3836 18493 18994 12331 16126 4809 10113 7066 15014 16779 14705 6551 17436 17763 11473 12538 16691 10506 9168 13435 7619 18834 1092 7487 14824 19220 17141 12836 11054 7530 10540 15730 10933 13140 7034 2677 11283 8834 7882 9201 5819 9538 4521 3811 5559 14899 13831 9475 11080 5455 1987 9387 15254 11515 10259 5353 5421 8946 21345 6690 5131 14635 12037 19743 13442 18818 12137 13352 14898 8636 4928 16521 9840 8988 11943 6890 7849 20893 4467 10723 14060 15401 10222 7602 11216 10255 4770 21207 12999 6403 15107 2502 8369 10682 8151 5804 10790 3095 16306 14666 14232 14678 5922 9002 10578 8411 13348 8395 8600 7440 11853 16240 18276 16702 11058 12233 11832 5274 18698
11768 3601 6975 14300 16020 16055 9384 8940 1250 15190 13451 6289 1333 5868 11919 12595 11872 5683 4325 4842 6509 12746 7927 10209 9957 9240 5089 7834 6133 6315 15286 6794 5627 18223 7887 3704 4717 15958 14577 12800 6104 12540 13522 15030 3736 4425 7222 9493 1526 9188 2549 11844 14224 9877 13511 1386 11207 9835 5474 3312 12577 6788 6498 13224 14203 15238 5628 5724 3878 11811 10569 5032 0 9148 12526 4976 4907 9938 10901 11926 14015 7698 907 11970 6794 13498 11411 3502 9733 8630 15419 17256 12640 15557 6736 4408 15282 3315 8270 4075 2682 6923 8184 12626 4166 12316 2064 13666 4352 5115 4976 8400 4220 7788 11765 4889 9833 9531 13225 6565 11072 13961 4737 9558 9406 2964 6793 4598 15855 15965 9827 8761 11145 11912 10139 13553 6982 8311 10552 5904 14081 6723 3476 11491 16364 10631 10457 4106 2911 14229 9369 2451 9301 1070 11036 13459 6390 19046 5347 7689 11094 5717 11387 11762 3990 19536 6027 13349 12785 3918 14280 6110 12118 18348 8143 15634 14297 16097 11268 12430 1546 15755 12844 16014 3777 5590 11475 15294 17238 12620 11507 9974 7572 12559 6961 4219 13587 6232 2643 7007 8478 5608 11063 6477 16777 3515 12001 11593 8526 11313 6553 15130 10362 7697 6142 6482 3375 11794 2937 7847 11406 7324 15483 6531 7249 14427 9676 17744 3984 5497 18376 10122 13965 5316 6155 16429 16410 12745 12030 14215 6784 6782 4396 17852 7948 19290 7912 12107 14192 6832 8303 5118 7617 10922 16432 8336 6198 5995 11308 3013 13032 10585 5539 11561 5135 12538 7578 7452 117 2542 6051 4688 9366 5618 4150 11916 6228 12701 6509 16363 3182 6404 1201 18256 14308 9691 13387 3477 11757 5440 11434 16788 9921 11071 13186 14876 7877 7843 16467 5884 7359 8404 10374 14913 5968 7928 14974 14743 12975 7970 10935 2520 9779 11756 7662 9721 8711 4145 8108 9545 2898 9989 1833 5616 7514 2158 4488 11224 10616 12117 8566 5158 3203 4725 11396 11262 11049 3228 3681 8194 16918 5800 5641 13874 8294 15591 8415 16318 7183 14142 10232 4952 7911 12604 6475 4146 6913 11497 6801 16344 6761 6557 10228 15749 8666 9964 12629 7705 3261 16866 12636 4181 10242 3533 6015 7461 9586 1980 7015 7789 15658 13366 12565 11086 10665 4297 8110 5330 10426 3837 10947 6034 6839 13288 13665 13701 7071 11370 7228 9565 15708
9575 12745 4473 7650 7188 7417 9714 5857 9666 6220 6540 5447 10399 14001 2792 9822 3570 4418 5065 12100 2868 3675 9380 5220 5606 532 7282 1339 3722 10950 6299 7485 3686 9206 8121 8447 10744 10956 5580 6300 4044 4687 9013 8719 12675 5491 4994 12915 10668 3161 8968 9044 7676 2327 6376 8242 9462 1210 13438 11641 5858 14292 13627 10293 6427 7255 8761 3555 11870 2723 7153 11354 9148 0 5556 10861 12399 11223 13124 3799 5986 11608 8942 8808 3215 10700 6358 12136 1796 5694 6644 9376 10306 6551 11389 8739 8063 10625 16136 11534 11369 5240 12342 4936 9760 5678 7431 6864 13360 11452 11691 7123 4976 16120 7289 10671 1727 6604 7692 11319 2649 6603 6266 5561 264 6253 3719 9172 9740 7736 7583 433 7977 10418 7414 6438 11219 5645 13933 11080 6600 13615 12615 7657 7219 8014 1313 11430 10512 9124 2215 10504 8096 9690 9777 7978 2763 10352 10781 7189 6741 3499 2950 3946 6223 10991 7464 4271 7200 12486 8053 14369 9820 9885 12543 6615 11573 7509 3648 4531 7662 11429 9268 6883 11933 6858 5220 6233 9056 8663 3635 2046 9074 7327 7953 10341 8456 10653 11401 10399 2476 9514 7540 11120 8894 10495 3281 11085 1004 7368 7454 6697 5022 12304 5232 5582 8578 5691 10392 8681 3216 6469 6384 15074 7105 9245 9830 9104 8529 4208 9510 3697 5841 14297 5938 7437 11307 4703 10262 5435 6233 4854 12627 9605 8476 10579 11311 7318 10949 7982 3327 7105 3877 3992 7321 1548 11040 5653 9923 12159 3991 8832 4452 10083 13875 11360 5007 7584 9096 9490 7182 9206 8542 5497 8657 11535 13271 10213 13634 7854 9031 14113 9572 9935 11399 1299 4816 6685 8144 4297 4917 8897 8894 13462 8481 6480 3408 13454 8332 12394 2199 10993 9572 8790 11483 5433 7577 10692 7998 8452 4588 8545 3063 6393 15810 3358 7366 8683 16277 5795 9627 6000 7320 13484 9260 11023 5801 5050 3328 10162 819 5974 9765 11594 5750 4476 6300 6373 12827 3319 12338 4734 6556 5462 3865 10131 11359 7474 8852 7983 8365 4658 9291 6844 14732 7511 10382 13988 3696 12387 8347 13825 4911 8486 1597 8746 8159 1502 6796 11946 5071 5220 9666 8913 3184 2594 7065 7168 3944 11974 7148 4474 3485 4705 13825 11248 1092 13990 2467 11341 9071 3925 10814 5050 10477 5525 4510 3463 6717 12041 7445
15048 15819 9912 2104 8939 4451 15251 4416 12528 4791 10894 10779 13858 15753 4682 15208 7664 6849 9493 13628 6487 4349 14820 10603 11058 6009 12360 6415 8817 11333 4918 12876 7241 9809 13612 10171 15441 5566 4573 10951 6442 8808 4130 3163 16262 10201 10477 18277 13876 3418 11224 14468 12036 3332 10613 12113 6369 6310 15152 13942 398 15540 14741 6073 10097 2927 13889 8199 13903 4413 12610 16024 12526 5556 0 15607 16768 16742 18618 7987 2046 11326 12682 4958 8496 6456 11571 14572 7052 11249 8709 12290 6476 5169 11621 10040 2790 12600 17397 13324 13975 5876 11971 9124 14456 10389 10476 1323 16048 12627 16273 5919 9125 17783 3158 11808 3844 12137 2504 16370 7069 1444 8070 11062 5506 10204 5750 14040 4184 3781 5209 5897 13414 15926 12928 10674 16366 11199 19332 11724 1593 14579 15667 13009 7220 13511 5263 15795 12679 3881 7638 12914 13652 13378 6891 12820 7059 11768 11682 6532 12077 8038 2931 8370 8620 12624 12733 4517 2136 14812 2515 16171 15271 11853 17735 7885 7174 4389 1915 1512 11355 6244 14544 6336 14058 7800 10214 5292 11632 4275 8133 7195 8450 2499 7739 11791 13371 15722 14057 15639 4309 10124 12954 11443 11892 12340 3223 8207 6526 3668 12811 3397 10354 17446 10525 10954 10459 10654 14613 7852 7600 11951 7268 17048 6793 3949 7901 10869 13289 7098 10618 8971 9287 16863 6834 5708 5868 1700 15752 7910 11652 10268 16691 11982 13960 11916 10827 12482 6380 7854 4246 12192 9395 8981 7802 4979 16052 10926 6886 15368 6328 6045 9448 6917 16178 7962 10527 7056 12436 11729 12464 10332 14097 10668 13453 17082 14401 6310 14744 10156 10966 15533 13345 12140 6929 4260 2825 11221 13498 9188 1104 11885 6614 18949 3619 3157 4667 13659 11121 13401 7480 10136 15126 3244 16375 10975 11335 5728 3102 7529 9684 10875 8397 2036 17342 2888 12918 13476 17776 11305 11695 11468 10821 15122 14659 14661 10614 1399 2297 15637 5356 11043 14187 13029 1727 9404 11599 10682 16009 8873 6990 9890 11764 8634 4238 4661 10582 5131 8471 12511 5760 7626 14735 1787 16485 9190 10316 19477 9050 7259 13696 14992 2493 12183 7151 14299 13318 6000 11255 6522 9324 9626 7310 13524 7759 5343 12605 10737 5511 17176 9629 7078 5954 1450 19247 12831 5800 16198 3089 13209 14589 9026 10865 2101 6048 2118 5518 8001 6503 17486 3601
8833 5999 6858 17610 16441 18276 5858 12893 6116 17028 12676 5779 4517 9733 13530 9756 12325 9139 6114 9431 9120 14464 4375 9305 8815 10702 3723 9588 7141 11283 17096 4584 8406 18818 5150 8591 260 19917 16382 11917 9441 12547 17516 18506 4561 5449 6661 4626 5196 12208 7515 9201 13085 12445 12862 4225 15722 11021 9551 7590 15764 10970 10916 17603 13862 17933 2644 7480 8263 13526 8659 569 4976 10861 15607 0 2124 5766 6219 12246 16651 12670 4148 16222 7695 17920 10099 7405 10592 7398 15818 16623 17117 17331 11694 9321 18382 8124 12006 8703 6806 10844 13139 12507 1153 11629 6409 16883 7243 9951 1045 12753 6506 11134 15650 9827 12154 7793 16886 1677 11787 16946 8991 8410 11066 5602 10081 1723 19436 18513 14120 10428 8900 8595 8017 12884 2207 7128 5632 10852 17012 11218 6009 9496 17523 8262 11993 1635 7696 18083 10005 7151 6681 4000 15634 11855 8582 19072 10296 12125 9506 7615 13681 11916 8120 19353 4034 15034 16400 7778 17753 9809 9150 18154 3187 16387 18768 18364 13971 15076 4984 19900 10358 17438 8070 10062 10802 16964 16862 16713 11760 10731 12382 16274 11622 9160 11765 1620 6689 2684 11298 10559 9037 11442 16194 8382 14122 16343 9938 15310 4416 17519 9584 2735 5878 5781 8288 10943 2165 12575 11885 5742 16444 9813 11701 18267 14430 17790 2344 8735 18684 10027 13918 8007 10328 18212 20354 15328 8819 14739 5496 6481 3141 17483 4980 19324 12888 10447 18545 11508 11471 3895 7652 10800 17379 10734 1358 5480 15899 5435 14047 15055 6409 16149 8414 17224 6909 12000 5085 7509 4281 9639 6496 5470 2205 8079 10718 17150 10929 16379 8147 10510 3804 17924 18740 11860 15646 4387 9565 6585 14608 16211 14487 6326 17104 17289 11088 12625 16123 10602 8669 13359 7118 18454 994 6921 14256 18921 16798 12649 10488 7433 9988 15366 11224 12727 6474 2179 11588 8266 7862 8633 5589 9739 4002 3992 5082 14504 13397 8978 10609 4933 1802 9468 14878 10951 9692 4968 5744 8402 21033 6175 4581 14075 11664 19391 13385 18317 11987 12788 14650 8292 4414 16147 10112 8816 11878 6696 7326 20606 3907 10901 13685 14834 9703 7075 10663 9793 4366 20881 12434 5981 14912 2102 7915 10269 7590 5557 10430 2898 15743 14120 13700 14275 5776 9071 10107 8693 12893 8488 8078 6940 11815 15776 18007 16239 10721 11679 11583 4971 18229
10932 4548 8699 18693 18346 19761 7924 13626 5764 18616 14726 7647 3937 8435 15142 11856 14185 10038 7414 8563 10334 16059 6470 11338 10869 12304 5607 11082 8735 10871 18693 6666 9534 20706 7273 8590 2049 20689 17974 13974 10397 14489 18258 19520 2919 6909 8580 6014 4477 13350 7367 11317 15172 13754 14899 4741 16101 12700 8366 6666 16884 9770 9860 18093 15868 19258 4730 8888 7337 15110 10772 1587 4907 12399 16768 2124 0 7664 7772 14130 17987 12262 4336 16798 9344 18378 12183 6316 12338 9440 17723 18679 17530 18939 11227 9269 19558 7531 10555 7909 5901 11569 12632 14469 2829 13661 6783 18000 5772 9294 1099 13244 7684 9562 16442 9347 13539 9890 17802 3388 13586 18156 9502 10459 12623 6565 11074 3652 20405 19894 14659 11969 11024 10651 10136 14924 3982 9158 6835 10369 18244 10203 4604 11615 19287 10386 13601 979 7109 18906 11788 6540 8804 3839 15940 13967 9911 21055 9830 12554 11606 8988 15098 13826 8676 21367 6065 16645 17335 6628 18764 8435 11244 20164 4451 18229 19189 19836 15255 16394 5540 20558 12476 19138 7108 10451 12825 18597 18890 17393 13650 12503 12465 17159 11867 8710 13885 3609 5765 4689 12497 10402 11156 11007 18243 7840 15598 16491 11534 16038 6484 18945 11605 4028 7700 7686 8249 12988 2172 12753 13734 7786 18243 8277 12116 19098 14577 19765 4011 9707 20622 11952 15882 6392 10908 19824 21136 16670 10888 16612 7490 8342 1223 19513 7103 21308 12565 12556 19057 11739 12542 5765 9494 12742 19188 12064 3210 7330 16213 4128 15811 15469 7995 16465 6967 17443 8855 12343 5024 7211 6291 9493 8615 7238 3945 10030 9719 17585 9872 18350 7987 9290 3750 19951 19192 13286 17097 5722 11688 8110 15722 18259 14821 7805 17887 18706 12135 11823 18143 9791 10253 13154 9201 19437 2504 8921 16310 19555 17630 12877 12476 7406 11857 16295 9730 13883 8589 3917 10049 10327 7533 10707 6137 8567 6108 3123 6622 15573 14646 11055 12046 6674 2638 8730 15862 12924 11776 6137 4228 10233 21714 7870 6480 16000 12657 20249 13109 19870 12079 14890 15103 9207 6514 17114 8695 9044 11645 8084 9048 21188 6024 9798 14668 16910 11387 9189 12785 11195 5630 21623 14408 7265 15149 3520 9303 11448 9701 6171 11380 4400 17700 15941 15433 15379 7049 8384 11545 7256 14242 7726 10187 8550 11484 17154 18526 17605 11573 13558 12065 6666 19617
4046 11738 6853 18846 14335 18085 1565 15443 11186 16502 9737 6130 9948 15355 13215 4893 10902 11772 8464 14747 10919 14122 2197 7098 6495 10828 5404 10359 8169 16020 16529 4091 10594 16673 3152 12973 5970 21908 15888 9000 11881 10555 19706 19893 10326 7601 6270 2705 10645 13740 12209 4711 9653 13419 10038 8715 18863 10753 15108 13028 17015 16510 16349 20396 11229 18354 4341 9067 13674 13331 5364 6163 9938 11223 16742 5766 7664 0 1954 10684 17125 17333 9032 18894 8324 20769 7104 12959 10070 5674 13760 13320 20110 16696 16481 13702 19282 13253 17687 13986 12268 13637 17914 10376 5974 9009 10557 18062 12972 15041 6608 15865 9049 16869 17829 14728 12904 5145 18651 4277 10790 17825 12474 6261 11317 8923 12322 5359 20905 18702 17016 10856 5047 3365 4700 10032 3683 5639 3234 15701 17816 16609 11735 5790 16148 4474 11889 7397 12848 20029 9407 12364 3375 9222 18931 8087 10141 16273 15154 15421 6339 9275 14130 10235 11650 16306 4570 14572 18145 13357 19196 15471 4247 15190 3727 14667 21665 18222 14856 15744 9195 22184 5811 16380 13516 13641 8407 16245 13817 19106 10229 10054 16306 18164 15316 14068 7754 4146 12170 3104 12774 14993 5439 16199 12988 13441 14302 19919 10231 17676 4244 17602 7436 3964 6420 5911 12755 8291 7721 16317 10591 4806 14956 15543 15062 20180 18108 15122 5967 11261 16229 8566 11616 13763 13498 17501 22298 15890 3678 12971 5178 6523 8829 14387 2825 16516 17420 6912 21243 15237 13299 5492 7351 9072 15773 11877 4474 6088 19167 11146 12954 18162 7737 19397 14123 20616 6219 15474 10021 12378 4749 14127 2902 6480 5792 2388 16108 20089 16361 13819 12788 16072 8985 14830 21567 12498 15780 7380 5577 8068 15973 13009 17798 2308 19212 17426 13039 17772 13190 15822 9296 17693 2440 19934 5160 5798 11131 21310 18794 16290 8457 11984 8901 17200 16930 14155 3946 5796 17310 6010 12733 6107 9651 15284 2549 9617 7155 16013 14457 3896 11397 6365 7001 14663 16598 8954 6766 8080 11498 7928 23211 7168 5504 12035 13687 21176 17826 17854 15921 9155 17698 11041 2254 17819 15791 12822 16336 2814 7748 23049 3530 16371 15514 11413 9657 3051 6694 10854 7534 22907 10220 8422 18391 6413 9448 11960 4680 9525 12731 3457 13335 12714 12806 15701 3000 14236 10981 14396 13671 13752 3614 7979 16414 16167 20715 16638 13225 10235 14820 1439 18410
5657 12168 8708 20722 16229 20036 3519 17127 12125 18455 11582 7910 10685 15949 15161 6399 12851 13393 10046 15586 12659 16071 3846 9043 8441 12741 6884 12213 9946 17148 18483 5817 12268 18550 5007 14196 6463 23714 17841 10860 13538 12483 21476 21758 10629 9178 8144 1811 11377 15553 13315 6386 11417 15288 11894 9805 20464 12688 15769 13780 18881 17187 17114 22073 13093 20285 5576 10795 14447 15274 7261 6472 10901 13124 18618 6219 7772 1954 0 12631 19050 18499 10002 20584 10154 22438 8990 13621 12012 7621 15662 15052 21748 18650 17592 14935 21187 14186 18201 14841 13000 15258 19038 12296 6754 10903 11805 19940 13415 16006 6837 17449 10618 17281 19589 15778 14789 7093 20471 4550 12743 19727 13933 8213 13226 10327 14019 6339 22766 20644 18652 12748 6871 4798 6614 11884 4017 7577 1622 16781 19723 17405 12191 7610 18084 6336 13823 7751 13766 21833 11347 13247 5325 10058 20500 9816 11899 18068 16226 16961 8223 10998 16044 12179 13084 18058 6165 16523 19964 13996 21054 16016 5785 16966 3347 16590 23329 20172 16743 17652 10386 23951 7396 18327 14265 15096 10328 18198 15592 20842 12178 12000 17702 19966 16763 15110 9432 4708 12888 3911 14583 16222 7291 17320 14744 14410 16233 21430 12126 19408 5931 19546 9380 3748 8190 7708 13947 10192 8352 17761 12544 6668 16891 15973 16584 21989 19582 16946 7073 12891 18073 10519 13511 14121 15043 19453 24112 17805 5136 14898 6987 8360 8992 16148 4658 18307 18635 8725 22941 16674 15070 7001 9247 11020 17698 13714 4863 7828 20744 11634 14906 19766 9456 20980 14600 22174 8118 16975 10996 13418 6386 15329 4851 8184 6879 3408 16904 21737 17127 15668 13920 16729 9835 16586 23244 14389 17718 8777 7346 9778 17823 14766 19356 356 20991 19367 14790 18721 14991 16722 11148 18978 4263 21791 5382 7718 12926 23058 20586 17759 10399 13137 10853 19003 17404 15984 5895 6876 17751 7961 13777 8049 10898 15956 4092 10210 8721 17847 16326 5367 13264 7991 7768 15571 18412 10893 8667 9492 11888 9847 24997 8911 7145 13950 15435 23004 19075 19807 17311 10887 19310 12626 3924 19645 16311 14155 17569 866 9585 24796 5114 17108 17306 13148 11570 4956 8420 12686 8902 24712 12135 9985 19916 7399 11194 13732 6624 10794 14425 3388 15206 14659 14759 17542 1316 15158 12834 14883 15559 14617 5382 9749 17598 18094 22408 18566 14892 12185 16367 1353 20351
7802 15476 5433 9837 4221 7678 9128 9535 12688 5975 2942 6486 13031 17286 3345 7702 324 8068 7601 15517 6424 3992 9408 3588 4190 3355 8540 4603 5805 14647 5980 7938 7094 6577 8055 11963 12205 13537 5416 2971 7739 905 11981 10936 15077 7633 5586 12954 13437 6722 12289 7098 4101 5568 2703 10770 13036 2606 16753 14805 8369 17730 17116 13583 2630 8440 9721 6276 15129 3593 5511 12800 11926 3799 7987 12246 14130 10684 12631 0 7418 15371 11497 12172 5140 13991 3997 15220 2314 5213 3598 5638 13723 6109 15098 12340 9788 13957 19529 14890 14413 9038 16105 1192 11309 2439 10544 9103 16272 14985 13224 10884 7768 19381 10485 14238 4938 5540 10447 12185 1154 8505 9894 4438 3594 8972 7491 10538 11929 8542 11218 3921 6158 8788 6072 2766 11905 5380 13802 14733 8403 17143 15365 5561 5502 6492 3028 13230 13782 11859 2559 13678 7310 12217 13399 4858 6017 7125 14394 10982 4684 6337 5082 470 9703 7616 8281 4248 10011 15603 10417 17625 7935 6438 13040 4170 14821 7839 6243 6547 10380 14224 6866 5697 15154 10593 2509 5638 5425 11841 490 2035 12872 10260 11748 13843 5425 11541 14419 10946 6216 13211 5672 14822 5151 13876 4797 14736 3761 10700 8025 7440 3252 12925 6434 6466 12043 2858 12417 12479 591 6713 4333 18246 10904 11935 13582 5820 10122 7766 6535 2260 2119 17234 9709 6865 13814 6512 8536 2495 6805 5788 14644 6014 8405 7371 15091 4760 14113 11774 7071 8375 4642 1616 5219 5345 12000 6800 13520 14840 2333 12445 6460 13659 16948 14913 5356 11382 11901 12787 8010 12824 7782 6915 10186 10191 16765 13606 17125 4438 12456 17503 12048 6391 14614 4581 5891 8809 6017 6504 7779 5156 12589 12987 11445 7329 7193 17135 4668 15940 4649 14789 8489 11099 12606 5451 3786 13642 10929 12247 2249 11867 2274 9433 19123 6748 6831 10213 19591 4683 12977 4586 10199 16823 9457 13488 7747 8042 6281 8367 4612 7485 11639 15055 8805 1779 4181 8777 15490 3917 14967 6380 7671 1949 7603 12600 15152 7304 12646 4536 11993 8129 9316 9640 17996 11089 14141 13479 5229 15233 8816 17295 8259 4696 3354 7713 5546 5092 8985 14472 1369 7745 13368 10655 6089 6379 6007 10023 7737 12487 3732 2033 2345 7691 13617 14679 4748 17100 5356 14678 7597 5926 14555 6517 13692 6917 8308 575 10516 11844 8264
14975 17426 10458 2709 7447 2410 15586 6400 14142 2923 10160 11429 15345 17611 4131 15011 7099 8358 10589 15498 7666 3436 15351 10515 11037 6321 13200 7122 9606 13309 3044 13470 8502 7998 14069 11957 16508 6491 2875 10356 7924 8124 5696 3717 17740 11202 10963 18899 15428 4846 12939 14332 11249 4233 9842 13454 8349 6384 17010 15690 2322 17463 16674 7815 9132 1283 14705 9172 15698 3934 12556 17107 14015 5986 2046 16651 17987 17125 19050 7418 0 13350 14072 6860 9170 8171 11296 16302 7095 11484 7325 10952 8316 3263 13613 11890 2374 14388 19330 15152 15664 7665 14003 8439 15517 9854 12005 2203 17743 14533 17398 7936 10305 19667 5109 13709 4501 12243 4053 17246 6724 1312 9777 11118 5850 11480 7244 15012 4632 1951 7254 6396 13313 15910 12971 9900 17176 11490 19910 13680 1122 16527 17278 12817 5426 13507 5249 17008 14435 5172 7745 14628 13882 14794 8883 12251 8090 10056 13610 8521 11894 9043 3037 7856 10233 10935 13441 3331 3855 16566 3410 18024 15160 10268 18513 6350 8796 2359 2754 1597 12736 7399 14242 4497 15839 9640 9848 3478 10220 6065 7677 7160 10470 4292 9717 13649 12829 16584 15737 16376 5552 12063 12835 13426 10598 14146 2836 10176 6988 5663 13441 1353 10226 18262 11206 11568 12225 10245 15871 9876 7161 12431 5690 18881 8756 5167 9943 9272 14308 8519 8878 8864 8301 18589 8639 3704 6678 1322 15701 6735 12216 10840 18022 10499 14428 10182 12858 12138 7961 9826 5751 13025 9830 8689 6074 5930 16952 11624 8861 16937 5366 8063 10302 8874 17949 9853 10947 9047 13933 13457 13160 12211 14347 11437 14456 17181 16329 8138 16677 8739 12734 17435 14735 10605 8530 4824 1533 12313 13296 10087 2993 10587 8653 19393 5251 1111 6177 15667 9797 15335 8137 12177 15291 3951 17347 11333 10331 7111 4775 9555 9411 12568 8374 4038 19241 4324 13204 14481 19682 11371 13453 11458 12243 16990 15242 16108 11576 3360 3399 15560 6066 11878 15364 14905 3773 9048 11394 11850 17591 9204 7899 10660 12514 7612 5883 5494 12622 3090 10476 11786 7794 9063 15261 3581 18348 10958 12319 19916 9675 8416 14333 16921 4425 11117 7489 14466 12945 6860 12378 7326 8649 10734 9340 14614 8738 6593 12725 12138 7081 17946 8297 6062 5133 3289 19795 14684 6562 17985 3759 15023 14615 9816 12864 960 7710 506 7207 7577 8446 18005 1706
18309 8504 12381 12133 18560 15758 16501 6978 6579 15727 17856 12268 8346 5954 13588 18990 15165 7364 9509 4232 9018 14026 15188 15351 15366 12019 12021 10829 10898 1395 15851 13632 8533 20214 14781 4375 12411 11848 15293 17424 7649 16227 9764 12321 9928 10221 12897 17170 7787 9379 5193 18165 18901 10638 17768 8694 6259 12770 5469 5885 11127 5052 4252 8304 17996 14195 13009 9928 5331 13349 16495 12691 7698 11608 11326 12670 12262 17333 18499 15371 13350 0 8559 7791 11326 8375 16690 6468 13123 14416 18084 20983 7479 16132 1065 3669 13382 4747 6647 4603 6529 6445 734 16443 11840 16821 6789 11859 7849 3147 12575 5415 8970 7449 8796 2917 11049 15507 10454 14259 14239 12592 5665 15059 11840 8574 7890 12161 12738 15070 6282 11450 17247 18705 16295 17825 14658 14138 18241 1909 12800 3928 8366 17349 17784 16894 12689 11636 5160 10714 13150 5729 15918 8685 5777 18704 9601 21731 2434 4887 16671 9757 12089 15443 6193 22449 12949 14533 10247 6381 11729 6342 18651 21402 15840 17772 8866 15707 11246 12156 8143 11148 18938 17080 5589 4789 16125 16092 20652 8784 15132 13411 2881 9823 3789 3555 19022 13897 6671 14589 9428 2414 17007 1255 20500 4426 12814 5457 11662 8162 13410 14700 15352 15394 12003 12522 4579 16564 10575 3474 14780 13682 17347 7285 4756 10911 4070 20553 11435 7754 20752 14489 17446 8165 5671 16836 12273 12503 18741 16920 13109 12413 11380 21186 14947 21938 579 17590 9182 3720 8658 11973 12644 15116 18160 10104 13890 12094 6005 8534 15305 6029 10769 6204 7200 6537 13219 4371 7591 5162 12862 3215 16124 11627 11625 19040 4027 7637 4249 19393 4579 5285 8869 21497 9011 11222 13582 10035 17739 10472 10373 20504 5205 18694 9727 14450 8392 2407 19937 3189 11157 1475 17253 12067 13660 13726 19090 10195 9834 3796 15470 5364 13914 9541 6906 9694 15182 11627 7243 15158 4810 15573 7688 5321 14802 9140 10573 9995 10678 18771 10790 11435 10899 3793 9623 15581 16433 9385 8855 12846 12247 11319 12215 17063 8213 11963 1127 16373 2926 19051 6029 7545 15152 10300 6508 4759 1231 19140 11706 11314 13894 4516 8967 19986 12223 16662 18311 10290 9856 12478 16547 9471 4887 11107 9854 9015 15741 7822 7684 15479 18701 15928 14774 10111 18344 4015 10623 7042 11154 4714 17524 10953 932 13085 8786 13301 7163 14961 5128 17148 14913
10928 3992 6375 14526 15644 16031 8495 9315 2155 15079 12867 5607 1537 6665 11731 11767 11465 5847 3949 5737 6452 12589 7029 9570 9284 8983 4258 7608 5694 7184 15169 5953 5586 17891 7028 4450 3893 16371 14455 12195 6242 12066 13938 15304 3738 3886 6566 8614 2042 9294 3377 11029 13595 9878 12945 727 11791 9533 6302 4144 12760 7642 7380 13764 13689 15317 4727 5426 4739 11644 9814 4256 907 8942 12682 4148 4336 9032 10002 11497 14072 8559 0 12462 6361 14054 10735 4259 9367 7923 15036 16718 13213 15435 7613 5175 15460 4222 9068 4971 3461 7266 9062 12133 3283 11733 2448 13864 4912 6022 4255 8910 3966 8519 12139 5779 9774 8781 13541 5702 10701 14102 5167 8878 9193 2691 6933 3691 16161 16014 10323 8537 10362 11046 9358 12985 6101 7603 9681 6789 14210 7614 3891 10737 16125 9831 10235 3455 3816 14605 8956 3345 8467 748 11652 12765 6223 18621 6232 8226 10381 5452 11342 11303 4350 19079 5182 13191 13086 4678 14549 6881 11278 17884 7289 15314 14872 16083 11318 12478 1337 16224 12050 15824 4620 6125 10885 15149 16740 13063 11061 9593 8278 12887 7591 5110 12869 5346 3400 6103 8521 6411 10301 7350 16244 4421 11923 12276 8243 11719 5711 15138 9742 6847 5488 5782 4141 11183 2230 8512 10997 6550 15201 7233 7790 14800 10358 17315 3083 5587 17995 9600 13495 5872 6577 16314 16820 12780 11171 13844 6025 6148 4027 17358 7076 18867 8754 11395 14725 7468 8436 4301 7061 10408 16153 8270 5331 5300 11922 3346 12740 11150 5045 12174 5808 13194 6917 8034 996 3423 5224 5492 8514 4956 3246 11022 7117 13264 7392 15922 4005 7244 664 17770 14869 9595 13353 2812 10984 4995 11605 16257 10521 10176 13577 14888 8015 8750 15969 6790 7025 9211 9504 15204 5142 7234 14410 15220 13337 8612 10371 3286 9300 12049 8428 9830 7901 3240 8865 8848 3781 9290 1867 6453 6615 2083 3872 11422 10679 11263 8421 4459 2352 5631 11650 10723 10363 2720 3993 7682 17381 5230 4865 13445 8484 15957 9242 16248 7885 13484 10776 5055 7015 12884 7240 4760 7734 10606 6300 16852 5880 7431 10466 15162 8313 9116 11887 7551 2605 17299 12130 3797 10887 2626 5763 7480 8810 1945 7198 6920 15224 13028 12290 11258 9787 5204 7945 6025 10409 4734 10107 5571 7687 13305 14193 13734 7326 10932 7731 8663 15749
18143 14539 12232 4782 13818 9116 17576 3457 11477 9731 15105 12783 13186 13288 9164 18505 11868 7235 10581 11215 7996 9089 16758 13974 14292 9340 13764 8997 10767 8330 9857 14807 8316 14767 15783 8596 16003 4194 9531 14997 7052 13062 1974 4674 15454 11439 12853 19829 12953 5653 9870 17696 16265 6632 14874 12117 1656 9916 12715 12162 4599 12681 11855 1518 14574 7260 15226 9830 11889 8879 15796 16503 11970 8808 4958 16222 16798 18894 20584 12172 6860 7791 12462 0 10746 1915 15160 12833 10592 14033 13535 17038 1567 10096 8444 8126 6020 10731 14395 11180 12468 5411 8276 13362 15107 14388 10015 4811 14380 10062 16615 3572 10037 15073 1814 9350 7278 15083 3012 17392 11088 5715 7299 14170 8898 10659 6573 14966 4966 8112 2143 8963 16632 18884 15934 14938 17556 13881 20941 8866 5945 11591 14382 16395 12177 16562 9160 15901 10968 2931 11008 11384 16272 13004 2217 16755 8792 16715 9048 4304 15500 9620 7277 12467 8144 17563 14420 9365 3041 12946 4212 13708 18422 16755 18934 12792 2809 9007 6088 6361 11317 3797 18032 11288 12106 6382 14009 10245 16439 1017 12183 10820 5306 2584 5268 9605 17250 16817 12586 17051 6479 7579 16228 8372 16613 10401 7827 3369 9518 1472 14669 8126 13804 18562 12488 13016 8949 14478 14665 4741 11675 14201 12194 14653 4741 3124 3757 15781 14144 7718 15571 12503 13810 15005 5909 10559 4644 6619 18781 12625 13752 12494 16365 16829 16084 16867 7218 16123 2360 5411 5756 13628 11993 12765 12758 7499 17030 12807 2108 14267 10962 1765 11158 2062 14148 3004 13028 4631 11858 10255 14199 8185 16654 12418 14338 19785 11565 1436 11854 14982 9381 12814 13062 17015 2682 7679 7772 12085 16875 10827 4579 16608 2601 20876 2009 7924 5929 10188 15875 10587 9937 6359 17790 4388 17143 13554 15814 2779 2274 4468 13390 9666 11867 2961 14559 5480 15480 14355 14935 14376 10073 14654 10706 12624 16492 14072 11899 4238 5909 18714 8205 12594 14521 10622 3490 13239 15081 11398 14816 11722 4966 11730 13439 13211 5289 4181 6788 9898 5543 16654 1885 8052 16686 3282 13953 7873 7145 21395 11319 4394 15470 12123 3929 16702 10236 17003 16962 8386 12028 4992 13540 10661 2965 14162 9462 7046 15494 10706 6164 18424 14408 11711 10512 4563 20928 10581 8432 14081 6818 11150 17534 10944 7678 7059 1825 7045 5696 12024 4742 19307 8043
7516 10336 1495 10596 9290 10616 6903 7363 7610 9333 6851 2285 7893 12300 5835 8014 5104 4183 2475 10670 2815 6769 6332 4026 4063 3009 4070 2085 667 10344 9401 4380 2890 11565 5172 7352 7594 13584 8687 6290 4090 5751 11409 11616 9985 2535 2111 9789 8300 5417 7416 7178 7770 5166 6855 5634 10965 3356 11795 9769 8743 12873 12331 12263 7442 10447 5547 1404 10147 5833 5346 8205 6794 3215 8496 7695 9344 8324 10154 5140 9170 11326 6361 10746 0 12653 5365 10144 3046 3369 8679 10516 12080 9637 10823 7876 11147 9053 14610 9991 9327 5868 12037 5850 6623 5735 5558 9819 11144 10302 8567 8124 2726 14364 9548 9631 4722 4472 10328 8104 4361 9681 5667 3793 3397 3856 4311 5989 12619 10948 9050 2789 6159 8181 5323 6903 8010 3174 10837 10299 9703 12409 10226 6123 9963 5957 4298 8393 8828 11707 2595 8662 5526 7087 11139 7393 2016 12264 9875 7880 5375 1568 6137 4969 5180 12743 4275 7340 9821 10537 10904 12618 7823 11554 9343 9011 13551 10713 6663 7662 5248 13885 7765 9794 10147 6674 4947 9276 10457 10858 4714 3251 9339 9844 8203 9141 7697 7439 9325 7208 4453 8965 5837 10530 10032 9021 6496 12300 2252 9445 4317 9911 4044 9096 2042 2459 7350 5346 7448 9134 4637 3525 8957 13187 7625 11856 10694 10960 5388 3698 11637 3419 7173 12108 6097 10519 13974 7866 8107 7494 3167 1802 9698 11068 5507 12510 11179 6268 13058 8176 5028 3893 1365 4188 9909 3560 7827 2456 11343 9701 6502 10273 1370 11549 11857 12822 2286 8102 6772 7877 3997 8377 5912 2283 5501 9039 11990 12032 12340 9573 7691 12602 6924 11467 13426 4358 8030 3745 6554 1366 7670 10042 10078 10478 10907 9695 4818 12713 9686 11258 1034 11114 7044 11641 8282 2820 8299 13036 10479 9001 4331 7007 3003 8879 14143 5833 4735 5528 14608 3931 8112 4312 5106 11884 6163 8373 2735 7694 6199 8065 3154 2773 6742 10268 8274 4576 5111 3642 10353 1556 14896 1527 3346 7089 5462 12855 11392 10626 9016 7828 9794 3795 6248 9496 12990 6644 10119 11006 580 14773 5206 12483 7203 9125 2046 6260 7009 2532 3901 14583 5874 2614 10774 5825 1508 3705 4830 4925 4713 8776 8871 6713 6101 7388 10750 9863 2696 12022 5496 9766 6846 811 10425 8247 12542 8721 5288 4579 7294 8994 10658
20058 15822 14137 5731 15395 10246 19466 5328 12895 11092 16932 14670 14660 14177 10899 20418 13683 9056 12410 12189 9891 10740 18622 15880 16203 11231 15594 10911 12662 9173 11214 16679 10178 16166 17668 9971 17693 3658 10972 16849 8901 14874 2519 5257 16854 13273 14758 21640 14369 7553 11256 19609 18092 8490 16691 13760 2334 11792 13632 13341 6068 13411 12598 409 16340 8325 17036 11713 12995 10615 17709 18174 13498 10700 6456 17920 18378 20769 22438 13991 8171 8375 14054 1915 12653 0 17057 14008 12477 15946 15154 18708 916 11433 9191 9420 6850 11925 15012 12260 13728 7204 8726 15178 16821 16244 11614 5991 15543 11017 18259 5167 11854 15814 3510 10381 9138 16998 4119 19145 12927 6917 8937 16084 10782 12406 8451 16724 5168 9117 3820 10866 18546 20798 17848 16754 19332 15794 22755 9748 7141 12293 15666 18303 13586 18477 10999 17507 12206 3316 12906 12667 18179 14552 2669 18625 10690 18190 10020 5827 17406 11502 9015 14302 9803 19056 16273 10961 4350 14074 5046 14587 20337 18308 20703 14340 898 10114 7820 7938 12968 2795 19939 12665 13227 7929 15887 11637 18074 2196 14024 12700 6336 3958 6593 10731 19128 18584 13853 18859 8392 8675 18139 9177 18296 11583 9513 3086 11426 3334 16536 9331 15706 20321 14373 14906 10327 16355 16277 5861 13509 16096 13717 15539 6264 3437 4375 17321 15901 9550 17024 14397 15561 16090 7596 11794 4034 8155 20695 14303 15640 14394 17871 18434 17966 18327 7797 18018 807 6731 7670 15462 13906 14640 14208 9410 18778 14686 2410 15607 12665 2915 13035 2187 15187 2181 14937 6048 13383 11591 16058 9396 18558 14289 16097 21691 12341 807 12595 16602 10719 13606 14629 18596 821 9547 9271 13866 18785 12702 6279 18290 3636 22726 2921 9160 7839 10683 17540 11409 11851 6900 19696 4937 18858 15464 17583 1931 3401 5651 15274 11100 13762 4609 15277 7356 17387 16112 15618 16290 11372 16567 12356 13518 18347 15551 13732 5974 7711 20629 10111 14447 16187 11621 5208 15111 16984 13169 16119 13637 3872 13613 15297 14943 7200 4104 7278 11075 6649 18496 3280 9853 18551 4676 14797 9356 7983 23242 13225 2986 17325 12865 5799 18462 12144 18913 18859 10300 13798 4137 15360 12483 3583 15885 11353 8957 17409 12371 8040 20202 16057 13418 12237 6317 22751 11643 10345 15090 8638 12262 19448 12836 8469 8528 542 8436 7548 13868 6343 21150 9104
3819 14626 4518 13553 7238 11674 5629 12069 12453 9964 2696 5129 12218 17224 7165 3721 4287 9459 7483 15795 7904 7925 6346 1340 1454 5829 6794 6331 5833 15698 9964 5517 8201 9569 5117 12663 10137 17123 9412 1931 9287 3603 15323 14656 13823 7063 4191 9624 12777 9507 12579 3102 2991 8631 2964 10060 15723 5328 16770 14649 11927 17957 17485 16650 4134 12380 7458 6766 15119 7371 1742 10666 11411 6358 11571 10099 12183 7104 8990 3997 11296 16690 10735 15160 5365 17057 0 14909 4606 2842 6675 6562 16641 10081 16180 13219 13643 14150 19601 15074 14086 10964 17402 3371 9425 1914 10660 12788 15638 15547 11142 13128 7911 19196 13641 14918 7990 2327 13913 9556 4577 12291 11029 1857 6293 8775 9333 8562 15669 12524 13811 6202 2209 4815 2429 2966 9143 3157 10326 15632 12214 17601 14548 1566 9194 2660 6310 11423 13871 15349 4153 13610 3888 11344 15990 2071 7191 9279 15190 13011 767 6933 8652 3528 10535 9420 6142 8230 13439 15323 14073 17496 3939 8252 10041 7640 17931 11836 9697 10241 9964 17693 2973 9552 15075 12007 1488 9604 6903 15016 3649 4415 14623 13614 13477 14391 2332 8989 14053 8151 8723 14328 1738 15885 6158 14168 8539 17248 5677 13725 5699 11418 1393 10033 5270 4954 12630 1223 10927 14366 4145 4431 7997 17940 12811 15451 15799 8076 8440 9005 9147 2664 4522 16591 11351 10803 17438 10269 4550 5978 4835 4646 12970 7507 5401 9527 16537 967 17304 13462 9524 6678 4076 2613 8754 7705 9471 5435 16159 13960 6320 15066 6130 16337 16532 17622 3835 13298 11425 12995 5946 13720 4307 5793 8426 6262 17157 16555 17495 6738 12928 17640 11127 7954 17757 7563 9793 7939 2021 6365 11143 6177 15021 9344 14787 11295 9480 18036 6213 16493 5656 16441 4734 14785 10177 3505 4221 17005 14290 14201 1895 12193 3295 12706 19047 9714 3730 8451 19501 1909 13267 1490 10022 16884 6531 12424 6930 11331 9552 4376 6970 6275 10063 15448 12061 2256 407 8235 14546 3859 18535 5705 5992 4987 10048 16232 16734 11282 14319 2768 14589 9152 6263 13072 17865 11999 15482 9803 5020 18674 6232 17613 11269 4737 4964 4053 1802 6963 8154 18090 3191 7576 15765 9056 6845 8418 2635 9837 9691 9537 6234 5905 6332 10978 10103 15027 6812 16737 8618 14840 3706 5814 15790 10362 16835 10790 10297 3730 12453 8413 12243
15166 2050 10451 16078 19211 18520 12616 10436 2535 17878 16901 9790 3021 2426 14817 16015 15138 8078 7676 2341 9317 15568 11110 13696 13455 12313 8511 10889 9499 5179 17985 10197 8460 21331 11247 4433 7158 17014 17300 16265 8523 15886 14643 16631 3600 7889 10719 12011 2332 11493 3364 15284 17701 12418 16945 4875 11682 12969 2153 671 14538 3568 3552 13819 17586 17442 8811 8947 1140 14670 14060 7215 3502 12136 14572 7405 6316 12959 13621 15220 16302 6468 4259 12833 10144 14008 14909 0 12963 12132 18627 20656 13096 18265 5405 4741 17191 2102 4821 1868 825 8697 6666 15993 6985 15767 4717 15549 1547 3321 6942 9411 7453 4287 13114 3715 12510 13024 14729 9081 14294 16010 6526 13058 12400 6295 9153 7644 17323 18238 10789 11789 14619 15237 13615 16989 9604 11812 12964 4595 16165 3887 1921 14983 19311 14089 13445 5970 1913 15480 12665 1681 12712 3821 11357 16960 9400 22300 4155 8648 14596 8898 13992 15094 6134 22834 9424 16164 14358 420 15913 2622 15514 21659 10506 18735 14682 18534 13642 14780 4968 16582 16308 18865 883 6844 14932 18057 20596 13666 14825 13220 7673 14044 7571 3280 17089 8938 861 9885 10975 5335 14551 5262 20173 2434 14665 11510 11653 12560 9955 17529 13839 10054 9639 9983 4122 15265 5277 8159 14677 10803 18520 3051 8243 15685 9724 21007 7203 8079 21565 13530 17298 2291 7750 19110 17467 15119 15379 17411 10272 10273 5235 21203 11268 22539 6901 15609 14781 7428 10583 8559 11065 14319 19454 11079 8758 9496 11626 2221 16111 11189 8961 11868 1740 12566 11075 8239 3484 2846 9478 4648 12740 9118 7334 15095 3403 13205 3564 19650 3621 3117 4064 21595 14761 12452 15921 6979 15239 8825 13470 20184 10395 13731 14415 17268 10167 5565 19825 3574 10583 7667 13691 16456 8298 11430 18405 15566 14322 8397 14375 3745 13147 13394 4170 11996 12159 7322 4611 13047 2888 13491 5037 2337 10691 3413 7981 13188 12980 15481 11458 8659 5958 2679 13175 14680 14549 6695 2408 11606 17745 9267 9118 17156 10419 16843 7491 18895 7362 17633 10958 7560 11109 14256 2982 5387 6234 14092 10214 16985 10054 3510 12111 19197 11895 13345 16126 10641 6762 17822 16017 7546 10458 6646 9166 10060 13065 5219 9250 10289 18939 16516 15617 13130 13137 2478 11053 1880 12989 1791 14346 9423 5891 15696 14297 16062 9096 14679 8387 12348 18007
7998 13314 3776 9096 6287 8068 8518 7643 10437 6593 4810 4856 10888 14993 3165 8166 2186 5784 5425 13207 4131 4096 8425 3553 4010 1267 6879 2306 3703 12361 6642 6675 4781 8528 7096 9650 10515 12564 5954 4522 5475 3118 10718 10190 13023 5581 4136 12018 11255 4954 9985 7417 5926 4025 4678 8642 11257 743 14455 12530 7390 15419 14803 12068 4894 8299 8234 4024 12837 3263 5560 11124 9733 1796 7052 10592 12338 10070 12012 2314 7095 13123 9367 10592 3046 12477 4606 12963 0 4402 5686 7942 12097 6850 12817 10034 9343 11654 17223 12585 12163 6883 13856 3321 9568 3899 8266 8316 14060 12672 11512 8866 5531 17094 9040 11926 3384 5155 9329 10785 1339 7922 7596 4044 1695 6769 5288 8869 11212 8633 9373 1755 6361 8891 5910 4738 10596 4435 12974 12433 7879 14829 13197 5974 6949 6475 1852 11400 11487 10766 666 11398 6790 10102 11567 6182 3703 9338 12087 8883 5046 4065 4198 2322 7390 9880 6832 4599 8849 13339 9567 15337 8218 8717 11846 5966 13344 8193 5148 5829 8192 13100 7551 6851 12869 8336 3424 6445 7737 10415 2015 288 10703 9012 9566 11529 6663 10122 12175 9697 4257 10927 5903 12538 7454 11567 4259 12869 1464 9144 6699 7535 3317 11663 4722 4913 9729 3896 10486 10346 1737 5523 5917 15975 8764 10875 11574 8044 8343 5463 8643 1948 4432 15018 7487 7713 12894 5920 8707 4483 5434 4170 12735 8323 7459 9578 12865 5557 12705 9582 5101 6704 3013 2198 6868 3282 10550 5132 11716 12690 3473 10624 4415 11878 14697 13155 4028 9249 9700 10487 6548 10520 7258 5126 8436 10106 14451 12002 14811 6696 10143 15197 9949 8692 13164 2957 5712 6791 6464 4394 6552 7460 10670 12360 10182 7356 5143 14840 6981 13627 2383 12607 8198 10293 11082 4331 5966 12400 9688 10134 2798 9562 1347 8100 16828 5122 6130 8463 17296 4294 10670 4424 7968 14522 8377 11402 5770 6728 4955 8587 2521 5677 9762 12742 7455 2683 4583 6662 13349 2282 13966 4469 6053 4206 5638 11699 12955 7934 10456 6206 10156 5817 8334 8485 15707 8780 11892 12877 3290 14075 7568 14982 6680 6865 1070 7372 6400 2837 6947 13542 3424 5575 11437 8820 3802 4212 5636 7796 5571 11278 5983 3669 3109 6376 12833 12367 2536 14840 4030 12375 7568 3857 12291 6135 12241 6599 6163 1845 8382 11035 8340
4149 11789 2046 13340 9233 12417 4117 10697 9715 10857 5287 2351 9391 14478 7541 4663 5382 7513 4952 13144 6181 8450 4198 1908 1438 5250 3961 5074 3595 13323 10890 2849 6214 11625 2843 10215 7411 16606 10236 4537 7450 5306 14548 14413 10985 4393 1527 7767 9963 8526 9983 3825 5802 7984 5464 7263 14321 5100 14044 11903 11551 15272 14841 15550 6478 12699 4763 4622 12401 7659 2081 7967 8630 5694 11249 7398 9440 5674 7621 5213 11484 14416 7923 14033 3369 15946 2842 12132 4402 0 8619 9240 15406 11069 13808 10828 13689 11496 16868 12406 11312 9235 15104 5213 6643 4231 8057 12554 12814 12987 8430 11493 5458 16417 12730 12410 7415 1113 13333 7075 5152 12246 8841 1023 5751 6139 7677 5792 15434 13031 12401 5372 2843 4852 1956 5487 6746 320 8660 13195 12221 14982 11714 2963 10711 2590 6236 8642 11192 14750 3743 10896 2408 8516 14504 4844 5384 11701 12721 11238 2464 4823 8524 4804 8225 11958 3375 8908 12832 12549 13746 14735 4454 10761 7835 9356 16842 12552 9338 10152 7228 17006 4522 10842 12343 9918 3411 10628 9464 14073 4731 4380 12623 12914 11502 11845 4958 6456 11272 5769 7605 12012 2594 13511 8803 11543 8651 15669 4745 12686 2990 11929 2200 7738 2540 2149 10137 3549 8097 12453 5020 1657 9546 15148 10970 14883 14050 10434 5615 7012 11386 2979 6601 13764 9423 11893 16970 10275 4755 7654 1999 2015 10173 10085 3197 11954 14326 3477 16312 11465 8278 3840 2045 3622 10426 6617 6931 2636 14705 11123 7377 13632 3648 14909 13730 16185 1197 11442 8652 10364 3153 11323 2866 3034 5611 5854 14524 15350 14852 9032 10387 14935 8296 10526 16704 6992 10115 5153 3326 3945 10580 8820 13446 7972 14029 11755 8115 15563 8727 13916 4095 14338 3879 14483 7593 717 6871 16206 13572 12336 3165 9618 3240 11957 16288 8868 1729 5637 16737 934 10658 1368 7347 14167 4246 9583 4192 10675 9009 4703 6015 3473 7237 12835 11327 3657 2455 5517 11706 2390 17964 3121 3149 6851 8748 15807 14588 12210 12284 5610 13151 7027 4106 12486 15102 9661 13243 8486 2846 17930 3676 14954 10343 7495 4098 3055 4034 5661 5371 17601 5112 5018 14142 6226 4842 6997 1467 7165 8076 7287 8425 7232 7183 10342 8498 12406 5676 13941 8161 12168 3503 3500 13494 10524 15806 10992 8655 4703 10647 6704 12738
10341 18996 9029 10031 624 6414 12250 11598 16109 4735 4255 10076 16563 20595 4575 9972 3582 11057 11106 18732 9501 4451 12746 6801 7392 6365 12125 7773 9345 17531 4662 11428 10279 3009 11414 15090 15784 13814 4507 4879 10671 3314 12822 11031 18652 11199 9159 16201 16940 8827 15563 9580 4943 7545 3903 14309 14716 5670 20042 18174 9103 20930 20270 14764 2725 7889 13262 9707 18449 4844 8401 16376 15419 6644 8709 15818 17723 13760 15662 3598 7325 18084 15036 13535 8679 15154 6675 18627 5686 8619 0 3627 15095 4615 17955 15377 9532 17229 22767 18148 17833 11639 18813 3426 14899 4760 13915 9453 19745 18096 16806 13116 11215 22708 11729 17313 7059 8717 11170 15679 4347 8624 12904 7722 6386 12455 10273 14118 11900 7612 13102 6923 8847 11345 9061 3931 15364 8828 16964 17693 8446 20259 18881 8136 2852 9334 5431 16826 17092 12434 6084 17038 10453 15764 15166 6446 9259 3709 17412 13384 7441 9738 6360 3902 12857 4369 11823 4193 10842 18996 10722 20952 10377 3336 16433 1202 15883 6604 7500 7216 13877 14713 8973 3568 18494 13424 5373 4176 2924 12961 4074 5447 15387 11204 14328 16984 7016 15046 17849 14388 8657 16102 8397 17696 3285 17115 5732 16528 6980 12110 11534 6695 6472 16353 10030 10047 15214 5470 16013 14913 4048 10201 1833 21619 13401 12451 15702 2473 13718 10848 2959 5792 2155 20702 12452 4996 13988 7010 11044 1218 10345 9381 18242 3296 11749 3938 17733 7082 15085 14380 9448 11962 8239 5035 2228 8035 15513 10393 15230 18369 2784 14228 10024 15319 20364 16486 8911 13847 15386 16077 11559 15838 10904 10513 13778 12849 19914 14943 20278 1449 15660 20741 15603 3511 15637 6863 5952 12387 8495 10043 8960 3273 14556 16016 12323 6713 9693 20042 2476 19036 8066 17305 11408 11275 16142 8953 3543 14356 11808 14641 5462 15139 5872 10586 22417 8647 10103 13805 22885 7940 16235 7729 13651 20097 12843 17050 11332 9316 7840 10839 7429 11083 15238 18233 10047 4964 6996 12320 19025 7515 15216 9971 11254 1768 9927 12815 17704 5715 15223 5576 13829 11283 12656 10496 21319 14154 16877 16478 8810 15733 12285 20466 9910 4100 6755 10712 7645 8124 12558 14630 3559 11254 15331 14253 9462 9150 9139 13480 10425 15894 994 2175 3313 9013 16751 17882 7727 20500 7107 17949 10358 9479 17340 6708 14756 6920 10923 4173 13014 15027 7401
9405 20704 10361 13658 3585 9919 11985 14849 18125 8309 3954 11256 18251 22806 7909 8758 5823 13705 12980 21101 12062 7968 12875 7352 7811 8969 13157 10240 11157 20283 8225 12041 12720 4651 11676 17585 16646 17442 8125 4706 13371 4839 16415 14658 20095 12844 10272 15971 18728 12023 17855 8667 3680 10767 3806 16002 18137 8219 22290 20285 12687 23313 22720 18313 3082 11489 13980 11783 20649 8192 8190 17191 17256 9376 12290 16623 18679 13320 15052 5638 10952 20983 16718 17038 10516 18708 6562 20656 7942 9240 3627 0 18604 8144 20733 17976 13145 19515 25089 20452 19837 14597 21717 4687 15881 5046 16053 13074 21599 20605 17661 16300 13232 24878 15247 19866 10206 8888 14769 16117 6749 12251 15532 8220 9148 14362 13094 15032 15519 11158 16440 9542 8300 10329 8891 3774 15697 9526 16537 20371 12073 22758 20607 7566 6110 8918 8374 17877 19317 16051 8080 19173 10370 17399 18560 5239 11637 3203 20029 16477 7236 11871 9778 5645 15326 3017 12614 7779 14426 21051 14348 23130 9316 2044 16540 4683 19457 10110 10956 10785 15722 18338 7718 6984 20657 16218 5898 7735 889 16512 5942 7658 18421 14774 17314 19457 5634 15551 19830 14705 11681 18847 7966 20458 489 19453 9211 19921 9398 15591 12207 10288 7106 16559 11306 11147 17654 5694 17268 17995 6227 10893 5360 23702 16437 16072 18956 2514 14816 13403 3718 7134 3538 22564 15313 8384 17613 10599 9994 4413 11212 10629 19396 1180 11953 3408 20686 6455 18670 17349 12519 13019 9658 6338 5376 10898 16032 11583 18644 20048 6086 17611 11717 18750 22361 19948 9949 16906 17245 18340 12393 18461 10744 11836 14829 11842 22370 18460 22728 2248 18053 23069 17205 1576 19216 9928 9567 13925 7743 11834 12461 482 17870 15389 15909 10320 12698 22773 1168 21562 10204 20345 10880 14902 16735 9790 2369 17968 15391 17746 6356 17436 7515 14113 24648 11925 10289 14855 25114 8357 18548 7996 15620 22370 13082 18593 12854 12801 11219 9764 10195 12385 16426 20654 13549 5997 6966 14035 20674 9062 18842 11488 12304 3960 13033 16442 20721 9158 18215 4168 17190 13757 12795 14074 23502 16723 19756 15782 10456 19359 12786 22892 13297 1907 8949 10370 6636 10725 14124 18253 4645 13111 18652 15412 11648 11970 9182 15438 13316 16054 2666 5346 6562 12482 16279 20270 10372 22532 10402 20235 9708 11235 20179 10322 18325 10545 13867 6105 16047 14718 10964
19537 14917 13552 6046 15370 10500 18836 4718 12012 11215 16651 14038 13787 13264 10731 19930 13421 8355 11705 11273 9288 10651 17948 15434 15730 10837 14884 10416 12051 8259 11340 16019 9518 16271 17030 9085 16888 4451 11043 16529 8229 14616 2894 5722 15964 12572 14173 20908 13484 7144 10370 19113 17811 8170 16425 12938 1440 11433 12718 12429 6104 12508 11693 845 16137 8605 16307 11081 12080 10446 17218 17359 12640 10306 6476 17117 17530 20110 21748 13723 8316 7479 13213 1567 12080 916 16641 13096 12097 15406 15095 18604 0 11572 8283 8523 7231 11016 14123 11345 12822 6491 7849 14914 16028 15918 10781 6195 14629 10101 17434 4372 11140 14912 3365 9465 8813 16473 4330 18372 12631 7117 8127 15592 10406 11639 7821 15956 5772 9431 3096 10439 18054 20251 17327 16489 18574 15240 22024 8834 7346 11392 14762 17842 13682 17958 10705 16668 11300 3804 12491 11764 17598 13698 1753 18271 10092 18244 9104 4998 16958 10869 8845 14011 8998 19097 15588 10919 4462 13160 5402 13675 19824 18303 19938 14338 1659 10380 7655 7906 12151 3670 19488 12781 12312 7090 15519 11741 18002 2256 13724 12331 5423 4026 5710 9818 18759 17821 12948 18126 7928 7762 17660 8265 18180 10672 9393 2305 10977 3033 15869 9541 15275 19551 13740 14279 9441 15990 15440 4956 13220 15481 13733 14627 5429 3958 3462 17326 15133 8859 17093 13993 15375 15174 6814 11994 4851 8154 20161 14191 15010 13793 17003 18387 17320 18391 6901 17606 1714 5847 7164 14756 13361 14280 14277 8949 18003 14039 1495 14710 12529 2066 12390 1278 14271 1590 14367 5188 12524 10697 15381 8490 17965 13632 15331 21102 11434 200 11691 16542 9826 12698 13780 18570 1681 9207 9299 13119 18319 12054 6144 18175 2742 22030 3172 9353 7292 9804 17440 10498 11319 6005 19112 5409 18064 14899 17377 2744 3579 4754 14893 10223 13353 4511 14376 7006 16803 15345 14721 15791 10472 16084 11541 12604 17664 14678 13030 5805 7471 20103 9673 13765 15373 10704 5055 14757 16548 12416 15216 13131 4773 12974 14620 14778 6669 4778 6390 11306 5740 18192 2473 9133 17880 4745 13887 8494 7069 22543 12646 3903 16642 11961 5467 18266 11696 18338 18443 9794 13043 5005 15090 11772 2667 15098 10736 8410 16872 11562 7410 19445 15972 13278 12079 6131 22027 10727 9870 14174 8374 11348 18907 12218 7557 8575 1313 8534 6889 13564 5535 20450 9390
13898 19115 10612 5853 4559 1800 15131 9171 15915 406 8291 11681 16848 19844 3803 13738 5849 10190 11611 17789 9054 2880 15219 9655 10245 6640 13662 7885 10215 15917 285 13520 9936 4747 13871 14129 17231 9505 980 8695 9747 6523 8949 6725 19172 12033 10986 18811 17052 6947 14940 13180 9233 5868 7938 14751 11537 6328 19252 17702 5506 19869 19115 11078 6968 3417 15064 10103 17812 3830 11618 17842 15557 6551 5169 17331 18939 16696 18650 6109 3263 16132 15435 10096 9637 11433 10081 18265 6850 11069 4615 8144 11572 0 16268 14197 5108 16510 21747 17349 17554 10001 16818 6800 16258 8329 13687 5450 19607 16928 18199 10757 11481 21948 8317 16102 5762 11574 7314 17624 5917 4531 11867 10442 6320 12747 9140 15619 7491 3014 10285 6978 12263 14889 12162 7986 17445 11166 19728 16221 4315 19014 18978 11646 2215 12599 5343 17973 16487 8373 7498 16588 13329 16181 12058 10522 9212 6853 16074 11245 10787 10035 4286 6579 12136 7743 13676 2298 7114 18574 6571 20243 14015 7177 18694 3468 12045 1990 4901 4003 14126 10500 12837 1263 17920 11989 8596 483 7335 9324 6521 6782 13263 7546 12384 15941 11113 16958 17606 16547 7306 14581 11778 16053 7858 16311 3600 13375 7409 8837 13549 2226 9326 18513 11522 11754 14349 8893 16943 12698 6115 12350 2796 21041 11407 8347 12994 6184 15023 10199 5664 8131 6172 20510 10958 886 9620 3669 14631 4453 12284 11007 19177 7519 14232 6964 15679 10764 11205 12475 7819 13485 9862 7674 2916 7234 17378 11941 12054 18562 3779 11199 10955 12083 19975 13097 10866 11764 15493 15470 13391 14580 13804 11878 15138 16300 18761 11395 19120 5897 14847 19783 16078 7563 11776 5868 2551 13233 12087 10829 5873 7844 11727 19004 8512 2328 8202 18362 7043 17793 8689 15069 14576 7004 17884 11124 8029 10308 8038 12386 8350 14537 7834 7205 21565 6529 12772 15165 22021 10696 15529 10655 13726 19259 15198 17517 12322 6267 5511 14456 7014 12400 16309 17221 6838 7888 10286 12919 19230 9132 10857 11156 12865 5492 8126 8503 15506 1206 13211 9836 10891 10732 15126 6828 20587 13122 15026 19507 10019 11499 14414 19347 7202 8684 7640 13785 11486 7884 13347 10238 7005 11766 12447 15437 9717 8207 12053 13589 9106 18127 5606 4198 3891 6080 19566 16947 7493 20050 5295 17190 13706 10408 15552 3120 10967 3055 9405 6491 11056 17772 2826
17620 7440 11792 12588 18454 16009 15703 7213 5584 15862 17481 11602 7325 5011 13528 18328 14911 7033 8864 3193 8686 14028 14357 14845 14822 11768 11222 10511 10354 485 15984 12863 8119 20201 14012 3623 11435 12574 15396 17014 7362 15934 10404 12857 8866 9530 12282 16227 6751 9400 4281 17510 18497 10625 17413 7794 6991 12517 4497 4821 11454 4244 3421 9088 17709 14526 12144 9419 4270 13302 15889 11696 6736 11389 11621 11694 11227 16481 17592 15098 13613 1065 7613 8444 10823 9191 16180 5405 12817 13808 17955 20733 8283 16268 0 2980 13821 3700 5962 3539 5468 6374 1448 16135 10896 16421 5990 12256 6798 2086 11566 5717 8351 6645 9287 1884 10985 14884 10960 13301 13986 12941 5240 14499 11631 7838 7688 11253 13338 15394 6759 11194 16621 17974 15653 17469 13714 13521 17287 858 13140 3147 7301 16760 17824 16240 12530 10620 4119 11337 12791 4688 15201 7698 6547 18216 9205 21633 1405 5092 16117 9262 12128 15139 5645 22325 12161 14558 10714 5325 12231 5413 17965 21250 14873 17713 9735 15971 11366 12337 7288 11934 18324 17160 4527 4535 15697 16196 20444 9412 14831 13105 3246 10308 3901 2541 18509 12959 5610 13682 9338 1891 16402 297 20246 3387 12856 6370 11353 8659 12636 14954 14866 14425 11347 11852 3771 16124 9580 3858 14508 12985 17321 6364 4874 11538 4825 20428 10548 7373 20689 14076 17197 7144 5507 17004 13009 12687 18025 16772 12409 11795 10329 20993 14162 21847 1522 17058 9996 3800 8617 11185 12110 14737 18162 9926 12934 11409 6791 7471 15193 6681 10163 7005 6186 7451 12613 4567 6632 4194 12090 2487 15387 10945 10734 18250 3151 8429 3419 19227 3693 4415 7890 21319 9863 11119 13728 9251 17134 9881 10620 20251 5843 17777 10320 14699 8312 2106 19714 2230 10744 2372 16501 12618 12681 13107 18768 10959 10382 4178 15049 4498 13523 9937 6121 9761 14482 10735 6491 14584 3837 15007 6871 4363 13964 8104 9858 10255 10768 18065 10575 10715 9938 2733 9953 15192 15905 8627 7790 12365 13054 10692 11468 16850 8215 12624 2117 16584 3158 18615 6614 7099 14324 10732 5609 4181 1330 18215 11166 12159 13079 3689 9192 19655 11873 15938 17755 10007 9063 13250 16226 8813 5636 10193 9388 8817 15094 7017 7533 14525 18526 15786 14662 10336 17399 2950 10363 6042 11163 3649 16824 10391 777 13277 9574 13526 7062 14662 5213 16244 15222
14661 6421 8813 11412 15907 14206 12838 5757 3550 13796 14607 8630 5376 5721 11109 15358 12176 4321 5886 3613 5925 11719 11543 11887 11851 9067 8362 7739 7387 2495 13912 9963 5266 17797 11112 740 9067 12291 13270 14111 4709 13147 9907 11917 7451 6568 9302 13687 4996 7254 1907 14538 15596 8362 14556 5176 7086 9805 5121 4074 9964 5679 4949 9196 14921 12956 9399 6473 3908 10911 12909 9423 4408 8739 10040 9321 9269 13702 14935 12340 11890 3669 5175 8126 7876 9420 13219 4741 10034 10828 15377 17976 8523 14197 2980 0 12562 2652 7556 3289 4342 4237 4314 13329 8392 13528 3146 10927 6285 2752 9384 4670 5371 7786 8379 1943 8611 11905 10008 10833 11259 11457 2473 11524 8994 4905 5173 8622 12589 13786 6055 8495 13642 15040 12677 14611 11186 10541 14778 2428 11628 4897 6264 13780 15539 13267 9958 8508 2848 10739 9951 3261 12257 5470 6830 15264 6356 19082 2053 3907 13143 6325 9933 12344 2704 19730 9285 12285 9651 4902 11210 6136 15004 18619 12432 15249 10155 14198 9368 10450 4549 11902 15344 14962 4091 2250 12783 14059 17739 8934 12041 10319 3216 9323 2860 1760 15545 10417 4461 11036 6966 1291 13422 2683 17487 2349 10648 7242 8579 7820 9742 13177 11919 11997 8373 8882 1035 13202 7344 3581 11754 10028 14917 7007 3504 10944 5341 17842 7863 4576 18200 11180 14455 6982 3262 14994 12744 10799 15081 14172 9454 8815 8593 18307 11281 19305 3718 14089 10167 2718 6379 8310 9144 11867 15802 7375 10458 8445 7105 6188 12664 6538 7183 7355 6206 8228 9633 3506 4293 2177 9194 501 12458 7979 8059 15374 4592 8613 4955 16586 1314 5588 5609 18653 10203 8669 11724 6372 14154 6903 8956 17493 5783 15146 9674 12916 6005 4848 16995 3669 7864 4060 13585 11734 10314 10127 15939 10883 9585 3769 12143 1893 10647 8712 7379 7703 11527 8063 7831 11606 1955 12030 4053 5103 11162 6256 6910 8642 8722 15114 7949 7771 7520 3030 8544 12310 12938 5717 6707 9425 13070 7712 8546 14156 6091 12102 4140 14676 2843 15691 6267 4230 11504 9569 6458 1256 2637 15607 8200 12365 10239 5169 7549 16814 9047 12999 14780 7289 6196 13118 13408 5837 5977 7591 6472 6261 12118 4177 5124 12031 15877 13203 12139 8631 14860 2795 7671 6196 8929 3190 13870 7419 2737 11390 9664 11710 4792 11875 3669 13582 13575
17288 18519 12514 1259 9584 3568 17762 6811 15233 4871 12530 13431 16612 18224 6482 17350 9468 9617 12269 16090 9267 5810 17431 12820 13327 8457 15084 9064 11513 13587 4969 15510 10029 9775 16184 12763 18220 4409 5024 12729 9218 10497 4354 1681 19015 12961 13053 20934 16606 6208 13872 16658 13613 6004 12210 14897 7660 8614 17625 16548 2705 17896 17081 6562 11475 1692 16609 10947 16461 6271 14859 18806 15282 8063 2790 18382 19558 19282 21187 9788 2374 13382 15460 6020 11147 6850 13643 17191 9343 13689 9532 13145 7231 5108 13821 12562 0 15174 19721 15848 16628 8517 13967 10812 17234 12226 13224 1642 18691 15036 19059 8137 11910 20202 4602 14233 6428 14497 3021 19112 9065 1466 10745 13385 7965 12993 8527 16801 2385 2327 7100 8445 15630 18210 15248 12268 19088 13672 21971 14032 1468 16884 18366 15152 7317 15799 7492 18584 15284 3554 9977 15554 16097 16151 8222 14625 9816 11935 14057 8836 14225 10793 5165 10224 11343 12830 15413 5684 3141 17409 1829 18645 17482 12285 20449 8478 7298 3406 4486 3540 14136 5447 16597 6365 16631 10359 12205 5454 12374 5050 10039 9433 10580 3583 10047 14284 15202 18459 16717 18336 7088 12492 15155 13677 12817 14896 5121 9370 9062 5237 15461 2886 12540 20171 13188 13591 13069 12608 17402 9967 9519 14529 7802 19546 9160 3469 9589 11290 16058 9881 10742 11168 10643 19477 9445 5218 4512 3423 18009 9039 14269 12884 19473 12601 16538 12031 12843 14496 6446 10175 7029 14914 11940 11032 8024 7699 18799 13597 8128 18087 7729 7570 12168 8075 18753 8821 13069 9340 15189 14364 15139 12807 16555 13365 16219 19449 16753 7035 17083 10906 13571 17932 16122 12663 7015 6810 3907 13999 15634 11920 3854 12805 8306 21525 4071 2828 7447 15774 12007 15748 10117 12063 17533 1991 19139 13486 12660 5400 3747 9645 11752 13540 10652 3898 19735 5677 15395 16243 20155 13636 14303 13746 13596 17578 17293 17425 13367 4061 5004 17875 7993 13762 16975 15485 4020 11401 13729 13468 18721 11358 5749 12584 14457 9950 6989 3414 12509 4430 10674 14154 7433 10406 17343 3089 18944 11807 12492 22051 11683 6424 16351 17340 5099 13425 9627 16705 15308 8701 14037 5133 11022 12404 8868 16304 10507 8127 14976 13515 8272 19887 10520 8413 7506 4202 21873 15324 8464 18755 5653 15750 16901 11724 13047 3282 6329 2872 8232 9935 8923 20096 2384
14929 3939 9633 14041 17793 16655 12667 8387 2069 16116 15902 9158 3659 3379 13202 15721 13839 6353 6686 1648 7759 13898 11227 12870 12713 10865 8283 9458 8454 3369 16227 9988 6951 19821 11109 2433 7865 14913 15559 15321 6789 14688 12543 14565 5220 7109 10002 12722 3057 9637 1669 14942 16791 10642 15906 4595 9596 11563 2814 1431 12546 3823 3345 11729 16433 15496 8936 7735 1311 13032 13524 8075 3315 10625 12600 8124 7531 13253 14186 13957 14388 4747 4222 10731 9053 11925 14150 2102 11654 11496 17229 19515 11016 16510 3700 2652 15174 0 5575 938 1854 6733 5102 14829 7433 14781 3507 13535 3649 1827 7912 7317 6331 5499 11031 1834 10799 12485 12658 9771 12957 14030 4652 12340 10888 5376 7371 7910 15241 16309 8689 10314 14167 15138 13165 15955 10225 11184 13753 2843 14193 3503 3787 14437 17690 13698 11911 6954 430 13385 11441 994 12461 4141 9283 16221 7977 20932 2316 6555 13935 7645 12224 13884 4428 21517 9234 14484 12296 2251 13854 3756 15279 20366 11310 17236 12615 16659 11782 12900 4339 14484 15882 17185 1458 4816 13976 16333 19378 11565 13598 11926 5598 11973 5470 1258 16417 9492 1991 10308 9206 3270 14032 3493 19028 349 12919 9499 10265 10470 9748 15645 12967 10858 8956 9383 2170 14349 5973 6068 13390 10369 16969 4532 6156 13590 7676 19657 7294 6444 20129 12471 16067 4331 5767 17336 15365 13244 15237 16011 9804 9526 6633 19971 11197 21165 5095 14932 12694 5326 8733 8287 10142 13227 17885 9431 9414 8902 9555 3849 14614 9093 8036 9799 3581 10541 10356 6139 3233 1177 9224 2547 12566 8472 7463 15208 3032 11121 3355 18338 1666 3554 4357 20345 12686 10787 14103 6461 14747 7834 11505 19036 8304 14344 12321 15384 8330 4536 18615 2573 9319 5778 13612 14384 9095 10780 17344 13467 12236 6300 13377 2093 12019 11346 5188 10120 11818 7458 5656 12368 999 12811 4149 2870 10816 4409 7314 11207 11124 15310 9892 8105 6430 1415 11154 13627 13820 5990 4262 10585 15647 8447 8722 15857 8519 14746 5665 17075 5276 16793 8857 5968 11209 12206 4114 3431 4290 14756 9230 14897 10032 3464 10120 18177 10603 13153 15531 9125 6248 15721 14876 6583 8393 6846 7874 8361 12603 4331 7416 11001 17624 15079 14104 11170 13886 983 9532 3599 11215 722 14111 8420 4030 13829 12206 14176 7194 13442 6315 12858 16087
19986 6037 15098 18503 23322 21688 17415 12990 7154 21345 21451 14518 7819 2404 18627 20833 19407 11773 12204 4036 13269 19265 15902 18350 18151 16403 13326 15007 13998 6143 21462 15015 12491 25295 16067 7712 11775 18491 20825 20853 12190 20263 16360 18810 7636 12539 15416 16511 7142 14801 7240 20097 22313 15918 21464 9655 12899 17112 2831 4967 17267 1879 2656 14950 22007 20323 13612 13307 4485 18439 18834 11729 8270 16136 17397 12006 10555 17687 18201 19529 19330 6647 9068 14395 14610 15012 19601 4821 17223 16868 22767 25089 14123 21747 5962 7556 19721 5575 0 4640 5607 11757 6306 20402 11725 20325 9052 18130 4794 4821 11381 11585 11884 1278 15230 5648 16154 17795 16906 13655 18519 18766 9964 17763 16398 10853 12705 12426 19301 21177 12707 15844 19415 20052 18409 21512 14210 16550 17383 5690 18955 2839 6010 19756 23082 18895 17403 10451 5782 17297 17015 5992 17531 8639 12424 21665 13536 26474 5720 10900 19329 13219 17489 19458 9913 27074 14243 19836 16642 4403 18172 2220 20334 25930 14963 22724 15464 21668 16894 17948 9643 17793 21111 22517 4527 9762 19509 21615 24952 15370 19172 17497 9192 16247 9685 5836 21823 13595 5671 14589 14516 7273 19331 6069 24601 5658 18204 12031 15823 14607 14774 20646 18467 14522 14346 14723 7560 19870 9966 9800 18960 15594 22425 2312 10609 17498 10712 25207 12017 11930 25645 18028 21640 4214 10792 22537 18919 18300 20198 21551 15052 14955 9348 25543 16085 26705 7226 20338 15819 9562 13933 13369 15654 18792 23324 14864 13362 14236 12652 6571 20114 12630 13538 12849 3602 13096 15773 10387 8236 6749 14292 7169 17560 13836 12143 19873 3001 14282 2653 23899 7107 2027 8882 25915 15624 16190 19260 11725 20027 13359 16350 24610 11794 18277 16282 20387 13561 4360 24189 3996 14893 8120 18506 18575 12820 16158 22907 16842 16340 10114 18921 7662 17588 15824 862 15235 16968 12130 793 17769 6553 18214 9591 2728 15483 8069 12683 16006 16257 20301 15379 13407 10710 4560 15784 19185 19254 11368 6335 16130 18883 13907 13910 21423 13627 18576 7735 22195 9058 22287 12576 11484 15904 16640 1896 8692 7284 18597 14760 17928 14870 2410 14918 23733 16175 18166 20886 14645 11507 19124 20448 12089 11530 11451 13448 13764 17855 9777 12677 14821 23185 20606 19596 16042 17587 4889 15046 3318 16485 4854 19166 13952 6737 18893 15431 19189 12343 19016 10895 16977 20985
15785 3902 10557 14692 18709 17445 13459 9040 2833 16952 16840 10063 4187 2498 14086 16588 14769 7227 7618 768 8666 14767 12000 13798 13635 11783 9120 10380 9390 3314 17065 10828 7869 20721 11939 3222 8446 15374 16403 16257 7658 15624 13042 15169 5371 8025 10919 13325 3522 10445 2600 15816 17726 11483 16844 5409 9950 12485 1913 1295 13252 2888 2451 12091 17370 16235 9697 8673 749 13912 14424 8603 4075 11534 13324 8703 7909 13986 14841 14890 15152 4603 4971 11180 9991 12260 15074 1868 12585 12406 18148 20452 11345 17349 3539 3289 15848 938 4640 0 2013 7487 4830 15765 8094 15718 4442 14214 3322 1460 8396 7870 7268 4613 11606 1888 11661 13385 13254 10370 13884 14744 5482 13259 11797 6299 8221 8628 15807 17059 9198 11229 15057 15968 14053 16893 10849 12093 14331 2728 14914 2650 3765 15340 18568 14578 12815 7425 1217 13910 12377 1626 13315 4788 9596 17145 8903 21853 2303 7117 14851 8581 13065 14819 5321 22444 10068 15350 12912 1834 14472 2894 16136 21295 11876 18140 12907 17443 12582 13686 5216 14886 16770 18048 1000 5525 14912 17182 20312 12053 14533 12858 5933 12571 5972 1589 17335 10134 2153 10994 10053 3607 14931 3394 19964 1045 13766 9683 11191 11026 10587 16426 13899 11421 9867 10284 3006 15284 6538 6455 14321 11249 17864 3729 6740 14115 7934 20580 8053 7341 21042 13409 17001 3834 6513 18166 15824 14033 16076 16931 10688 10445 6917 20904 12013 22085 5033 15849 13044 5831 9548 9132 11075 14165 18776 10315 10023 9801 9862 3971 15521 9493 8966 10100 2971 10747 11273 6666 4006 2115 10070 3063 13406 9377 8213 15991 2160 11464 2462 19266 2520 2617 5018 21277 12997 11664 14918 7339 15644 8768 12237 19973 8681 14984 12850 16164 9152 3937 19550 1903 10254 5806 14435 14976 9653 11690 18282 13877 12797 6715 14314 3023 12957 11989 4277 10916 12687 8207 4744 13284 1916 13727 5061 1950 11586 4833 8218 11926 11928 16154 10793 8996 7074 835 11832 14565 14741 6892 4254 11522 16042 9370 9591 16787 9308 15260 5624 17885 5651 17724 9296 6875 11985 12843 3240 4230 4393 15380 10165 15245 10833 2549 10835 19115 11536 13998 16440 10036 7124 16150 15813 7513 8689 7573 8809 9234 13492 5245 8244 11598 18552 15994 15008 11908 14478 624 10442 2929 12056 242 14966 9355 4030 14621 12573 14956 7988 14377 6938 13527 16844
14384 2098 9626 15538 18420 17853 11875 9922 1726 17170 16077 8969 2325 3204 14068 15227 14334 7384 6857 2669 8568 14833 10378 12871 12632 11534 7719 10110 8681 5178 17275 9411 7703 20554 10473 3931 6553 16628 16585 15441 7828 15073 14233 16129 3398 7064 9895 11430 1628 10836 2756 14490 16876 11724 16122 4061 11394 12182 2863 785 13957 4246 4114 13519 16768 16823 8072 8142 1462 13928 13247 6661 2682 11369 13975 6806 5901 12268 13000 14413 15664 6529 3461 12468 9327 13728 14086 825 12163 11312 17833 19837 12822 17554 5468 4342 16628 1854 5607 2013 0 8114 6813 15177 6306 14943 3939 14987 2078 3439 6427 8985 6645 5110 12648 3653 11793 12211 14240 8482 13496 15417 5907 12235 11633 5475 8473 6927 16850 17607 10388 11015 13814 14475 12809 16166 8987 10993 12410 4622 15565 4413 1943 14170 18560 13289 12680 5452 1524 15046 11856 1094 11926 3072 11101 16138 8623 21500 4125 8223 13776 8098 13291 14282 5451 22028 8639 15431 13853 1237 15402 3429 14733 20851 9950 17958 14434 17873 12981 14127 4143 16243 15507 18130 1265 6328 14108 17336 19781 13267 14014 12418 7420 13556 7202 3110 16269 8299 142 9216 10283 5108 13740 5286 19354 2202 13956 11349 10865 12112 9169 16873 13014 9496 8816 9164 3597 14440 4650 7866 13872 9995 17753 3874 7805 15251 9515 20206 6450 7356 20775 12709 16486 2956 7187 18405 17082 14462 14611 16618 9460 9448 4905 20389 10504 21741 6911 14789 14487 7059 9926 7761 10241 13500 18690 10347 8148 8676 11373 2008 15335 10868 8138 11619 2535 12387 10251 7844 2661 2275 8685 4332 11963 8295 6588 14370 3913 12922 4127 18845 3119 3821 3314 20784 14497 11721 15237 6159 14431 8004 12871 19365 10096 13124 13981 16613 9505 5925 19011 3891 9781 7620 12930 15965 7730 10609 17582 15224 13863 8083 13552 3101 12330 12872 4981 11346 11362 6578 5426 12226 2402 12670 4221 3028 9960 2857 7157 12602 12319 14709 10704 7840 5276 2843 12624 13859 13727 5870 2412 10784 17411 8442 8310 16351 9788 16414 7490 18209 7085 16808 10608 6829 10373 13735 3793 4832 6140 13501 9392 16689 9295 4114 11534 18374 11093 12567 15311 9878 5942 17460 15199 6726 10218 5910 8370 9347 12258 4402 8591 9702 18135 15730 14845 12528 12570 2533 10291 2695 12293 1846 13564 8603 5860 15034 13991 15410 8472 13870 7918 11709 17371
13378 10012 7263 7451 12117 9970 12403 2060 6738 9597 11691 7622 8227 9952 7160 13879 8809 1867 5214 7850 3086 7657 11466 9654 9823 5694 8395 4692 5710 5983 9716 9551 3088 13826 10589 4301 10632 9123 9094 11354 1800 9920 6698 8122 10608 6081 7875 14437 8147 3060 5358 13044 12793 4254 11560 6832 5227 6435 9352 8066 5844 9879 9117 6854 11666 8762 9833 4696 8040 6930 11196 11151 6923 5240 5876 10844 11569 13637 15258 9038 7665 6445 7266 5411 5868 7204 10964 8697 6883 9235 11639 14597 6491 10001 6374 4237 8517 6733 11757 7487 8114 0 7174 10159 9717 10734 4869 6877 10182 6936 11293 2270 4653 12023 4875 6109 4617 10340 6302 11983 7889 7313 2239 9605 5455 5257 1634 9556 8932 9577 3396 5143 12018 14005 11190 11620 12146 9027 15552 6239 7469 9013 9858 11932 11463 11824 6255 10638 6804 7340 7036 7045 11274 7886 5328 12846 3860 15291 6073 2046 11121 4483 5782 9161 2935 16004 9100 8195 5865 8937 7377 10363 13688 14958 13523 11347 8087 9963 5138 6213 6030 9057 13587 10827 8189 1996 10133 9890 14232 5870 8849 7166 3834 5636 2717 5997 13247 11406 8201 11656 2983 4600 11677 6134 14118 6484 6508 6439 5469 4481 9393 8943 9574 13152 7323 7871 4584 10596 9405 3464 8453 9091 10947 11216 1882 7535 4846 14107 8735 2377 14326 8491 11070 10988 976 10782 9569 6562 13951 10477 8592 7455 11272 14756 10866 15499 6106 11919 7763 2755 2244 8266 7220 9006 11788 3701 11621 7595 5551 9602 8860 4526 5957 5774 10307 7020 8112 2369 6821 5858 8897 4590 11610 7173 8928 14740 8764 6484 9121 12953 5092 9815 7903 15060 8019 4777 7503 6675 12382 5618 4776 14121 4230 15540 6318 8682 1948 8479 13528 7792 5322 5753 12770 7995 11751 8653 12808 8078 6071 3263 9470 5024 7869 4843 11613 3479 10478 8945 12062 9768 5819 10121 5432 9339 11176 9081 6539 4491 4500 13919 4426 7280 9181 7265 4530 9490 10784 5987 10225 7167 10194 6552 8138 10653 1875 8691 6124 10444 3618 13028 4061 2650 11399 5698 10691 3314 5242 16053 6395 9772 10155 9352 3420 13715 6118 12028 12715 4083 6617 10067 10283 5283 4908 8769 4407 2672 10691 5403 1312 13014 12265 9484 8329 4439 15548 7026 4348 10333 4800 7359 12688 5854 5720 7154 7224 7475 730 8676 1504 13959 9358
18973 8715 13073 12714 19286 16412 17114 7653 7025 16413 18586 12937 8748 5877 14311 19663 15900 8094 10184 4357 9749 14740 15782 16063 16071 12753 12633 11561 11601 1894 16539 14260 9256 20929 15409 4999 12879 12263 15987 18151 8382 16961 10249 12860 10198 10880 13583 17675 8159 10094 5725 18840 19628 11357 18499 9237 6699 13504 5442 6124 11762 4840 4084 8686 18730 14823 13580 10637 5527 14071 17185 13134 8184 12342 11971 13139 12632 17914 19038 16105 14003 734 9062 8276 12037 8726 17402 6666 13856 15104 18813 21717 7849 16818 1448 4314 13967 5102 6306 4830 6813 7174 0 17177 12344 17548 7396 12466 7970 3377 12996 6079 9652 7200 9369 3316 11774 16192 11013 14748 14973 13216 6383 15760 12574 9214 8624 12699 13239 15700 6874 12184 17932 19352 16974 18557 15162 14824 18735 2287 13427 3724 8583 18043 18490 17569 13421 12045 5526 11206 13880 6095 16570 9141 6192 19420 10327 22456 2843 5580 17374 10469 12798 16176 6890 23177 13567 15243 10827 6535 12287 6243 19316 22132 16319 18494 9159 16358 11941 12834 8719 11516 19626 17778 5783 5521 16849 16786 21386 9281 15866 14144 3555 10395 4505 3980 19734 14407 6955 15128 10156 3093 17697 1719 21234 4802 13522 5725 12395 8734 14035 15355 16068 15870 12676 13190 5176 17286 11019 4132 15514 14341 18064 7166 5466 11400 4522 21281 11989 8480 21473 15215 18180 8203 6405 17513 12680 13180 19394 17651 13767 13097 11705 21919 15567 22662 1145 18297 9531 4441 9381 12590 13350 15845 18872 10837 14382 12757 6404 8798 16033 6529 11456 6586 7227 6791 13907 5068 8080 5642 13488 3841 16768 12290 12177 19658 3911 8016 4078 20124 5129 5131 9334 22229 9322 11950 14268 10653 18429 11163 11036 21238 5721 19225 10241 15106 9120 1957 20670 3203 11881 1921 17890 12598 14124 14411 19823 10586 10374 4451 16195 5930 14642 10153 6647 10401 15840 12178 6950 15856 5285 16273 8286 5276 15391 9511 11223 10655 11379 19428 11524 12084 11385 3997 10260 16309 17141 10016 9072 13562 12591 12000 12853 17797 8932 12427 1488 17039 3630 19775 6568 8263 15748 10895 6370 5444 1964 19664 12410 11624 14497 4336 9638 20719 12954 17311 19014 11023 10469 12854 17279 10141 5331 11639 10570 9749 16418 8427 8416 15973 19433 16658 15502 10781 18847 4281 11357 7046 11869 4971 18183 11652 1614 13760 9162 13966 7894 15694 5842 17690 15549
7166 16125 5865 10927 4031 8470 8849 10716 13460 6724 1771 6853 13670 18124 4451 6947 1496 9104 8323 16415 7449 5004 9320 3375 3966 4466 8864 5624 6501 15677 6710 8045 8064 6419 7990 12918 12491 14657 6220 1934 8796 318 13147 12021 15620 8247 5895 12781 14117 7909 13168 6427 2923 6760 1513 11410 14227 3729 17605 15610 9511 18627 18039 14770 1605 9397 9913 7097 15966 4713 5047 13071 12626 4936 9124 12507 14469 10376 12296 1192 8439 16443 12133 13362 5850 15178 3371 15993 3321 5213 3426 4687 14914 6800 16135 13329 10812 14829 20402 15765 15177 10159 17177 0 11640 1531 11370 10208 16977 15934 13515 12047 8554 20201 11671 15203 6130 5296 11599 12286 2324 9574 10907 4297 4746 9705 8589 10831 13003 9424 12404 5020 5580 8169 5681 1576 11957 5437 13562 15739 9459 18082 16021 4912 5824 6008 4220 13604 14631 13003 3397 14494 7043 12834 14587 3823 6975 6593 15381 12125 4123 7184 6240 1002 10661 6969 8483 5174 11170 16385 11525 18450 7255 5767 13010 4294 16005 8641 7412 7663 11085 15368 6037 6194 15977 11656 1968 6317 4612 13023 1313 3033 13991 11428 12860 14782 4407 11663 15175 10976 7380 14245 5108 15855 4199 14767 5913 15923 4785 11890 8163 8341 3047 12936 6852 6790 12978 2150 12873 13612 1734 6823 4627 19035 12034 13074 14749 5297 10496 8771 6184 2556 1412 17943 10798 7480 14923 7606 7892 2612 7012 6180 15068 5227 8323 6845 16180 3972 15292 12882 8236 8710 5109 1746 5404 6484 12134 7179 14710 15477 3143 13633 7095 14850 17707 16105 5614 12515 12610 13653 8229 13819 7500 7364 10538 9631 17690 14797 18047 3882 13372 18382 12651 5637 15796 5769 6906 9376 5328 7188 8953 4208 13769 12651 12613 8253 8343 18150 3840 16891 5520 15903 8067 12195 12780 5594 2651 14804 12095 13387 2048 12749 2849 10612 19965 7940 6677 10565 20432 4514 13861 4308 10956 17684 9421 14068 8302 9222 7467 7705 5739 7930 12064 15972 9987 1562 3647 9425 16115 4452 16088 6925 7992 1668 8770 13708 16258 8006 13755 3388 13181 9101 9230 10800 18822 12074 15212 13124 5835 16380 8888 18208 9451 3556 4283 7340 4688 6154 9566 15581 211 8459 14547 11060 6963 7491 5726 10775 8853 12472 3235 2603 3307 8872 13356 15586 5834 17872 6545 15548 7075 6593 15612 7567 14874 7945 9433 1486 11647 11617 9156
8577 5855 5884 16458 15522 17170 5758 11760 5376 15948 11927 4823 3982 9383 12455 9483 11371 7997 4965 8845 7970 13384 4232 8531 8079 9620 2778 8474 6048 10467 16019 3944 7253 17886 4717 7655 991 18776 15303 11180 8293 11660 16378 17353 4633 4316 5751 5331 4679 11056 6651 8858 12414 11305 12091 3227 14642 9967 9136 7075 14612 10541 10407 16499 13045 16798 2085 6345 7731 12442 8098 1595 4166 9760 14456 1153 2829 5974 6754 11309 15517 11840 3283 15107 6623 16821 9425 6985 9568 6643 14899 15881 16028 16258 10896 8392 17234 7433 11725 8094 6306 9717 12344 11640 0 10850 5390 15731 7063 9255 1946 11659 5353 10949 14509 9055 11024 7167 15736 2442 10793 15799 7908 7666 9971 4465 8931 870 18284 17386 13013 9328 8435 8469 7497 12117 2818 6354 6403 10069 15867 10683 5834 8974 16514 7818 10915 2000 7012 16938 9000 6493 6270 3307 14570 11273 7440 18227 9512 11045 8884 6475 12557 11000 7033 18545 3283 13960 15249 7383 16601 9506 8911 17342 4042 15422 17675 17255 12829 13939 3945 18770 9986 16400 7563 9000 10010 15899 16075 15583 10827 9721 11387 15125 10587 8385 11234 2066 6204 2911 10148 9654 8515 10632 15439 7661 13011 15315 8853 14176 3740 16399 8791 3613 4888 4857 7369 10187 1784 11553 10923 5000 15453 9621 10625 17121 13408 16936 1235 7588 17794 9123 13053 7908 9225 17141 19212 14194 8658 13795 4673 5521 3550 16698 4622 18480 12023 9858 17437 10477 10318 2938 6680 9912 16394 9595 2066 4510 14833 5231 13036 13970 5311 15081 8187 16176 6026 10938 4267 6704 3490 8740 6163 4445 1132 8157 10181 16056 10419 15522 7274 10100 3081 17135 17642 10736 14531 3236 9097 5471 13456 15455 13420 6912 15963 16168 9936 11967 15325 9970 7577 12449 6941 17301 2038 6104 13512 17795 15653 11612 9650 6525 9039 14215 10982 11576 5939 1105 11374 7546 7061 7939 4537 9314 3821 3665 3964 13351 12251 8794 9485 3891 1030 8817 13726 10096 9020 3816 5656 7424 19900 5116 3651 13173 10513 18244 12500 17228 10991 12160 13558 7150 4248 14995 9831 7805 10988 7332 6284 19485 3437 10418 12533 14133 8649 6765 10154 8662 3213 19742 11580 4830 13866 953 6779 9117 7024 4489 9282 3644 14871 13141 12674 13123 6505 8403 8983 8453 11757 7868 7785 5852 10962 14647 16898 15109 9579 10738 10494 5433 17104
5656 15705 5359 12269 5327 9988 7516 11536 13252 8248 1135 6217 13258 17992 5779 5416 2761 9462 8125 16404 7819 6423 8133 2324 2835 5159 8114 6054 6329 15950 8236 7069 8304 7669 6845 13048 11639 15950 7733 623 9210 1810 14324 13369 15056 7891 5232 11496 13760 8803 13149 4909 2080 7757 1242 11026 15131 4499 17501 15438 10765 18603 18065 15835 2287 10857 8993 7099 15848 6021 3645 12197 12316 5678 10389 11629 13661 9009 10903 2439 9854 16821 11733 14388 5735 16244 1914 15767 3899 4231 4760 5046 15918 8329 16421 13528 12226 14781 20325 15718 14943 10734 17548 1531 10850 0 11279 11529 16636 16026 12659 12760 8450 20029 12758 15337 7110 4063 12824 11243 3344 10943 11186 3226 5540 9492 9113 10009 14365 10919 13261 5650 4102 6661 4316 1271 10868 4504 12224 15955 10842 18142 15613 3411 7313 4574 5256 12843 14545 14246 3703 14351 5742 12398 15454 2431 7224 7505 15558 12754 2681 7225 7465 2023 10826 7730 7601 6643 12375 16171 12839 18295 5734 6537 11839 5737 17093 10158 8596 8969 10803 16610 4510 7717 15834 12046 854 7848 5234 14126 2258 3635 14524 12601 13378 14865 2990 10645 14926 9876 8152 14536 3642 16133 4594 14755 7223 16763 5265 12923 7219 9827 2062 11801 6279 6102 13066 729 12222 14195 2790 5887 6118 18817 12615 14329 15467 6262 9773 9069 7289 2348 2609 17600 11268 9011 16234 8945 6378 4096 6177 5605 14355 5855 7157 7756 16605 2441 16412 13383 8998 7975 4702 1727 6852 7181 11124 6543 15597 15045 4641 14508 6808 15754 17446 17026 4905 13102 12314 13607 7370 14027 6180 6811 9788 8138 17725 15813 18075 4889 13421 18324 12197 6296 16897 6711 8325 8926 3810 6968 10112 4609 14568 11257 13787 9729 9039 18375 4498 16983 5677 16406 6648 13527 11804 4750 2691 15996 13275 13995 1404 12742 2907 11743 19832 8912 5481 9814 20295 3396 13846 3095 10758 17597 8279 13568 7862 10350 8567 6187 6419 7353 11380 16002 11106 1246 2245 9088 15662 4196 17377 6517 7259 3084 9535 15021 16735 9536 14256 2307 14042 9323 8046 12004 18667 12277 15593 11717 5568 17613 7860 18217 10459 3433 4629 5958 3163 6651 9130 16892 1331 8244 15336 10367 7058 8077 4446 10573 9424 11319 4348 4132 4749 9996 12005 15598 6399 17630 7627 15492 5610 6374 15954 8956 15972 9354 10024 2399 12238 10300 10647
11684 5447 6145 12236 14497 14095 9718 6900 2241 13310 12402 5750 3389 6754 10143 12428 10448 3650 3183 5143 4652 10927 8401 9370 9231 7597 5237 6173 4950 5515 13411 6874 3777 16616 8023 2417 6167 13943 12712 11816 4081 11243 11507 12967 5790 3669 6544 10609 3423 7164 1927 11626 13284 7921 12412 2185 9364 8254 6239 4264 10520 7329 6827 11320 12972 13216 6256 4276 4596 10011 10112 6602 2064 7431 10476 6409 6783 10557 11805 10544 12005 6789 2448 10015 5558 11614 10660 4717 8266 8057 13915 16053 10781 13687 5990 3146 13224 3507 9052 4442 3939 4869 7396 11370 5390 11279 0 11605 5942 4933 6655 6464 2832 8838 9727 4398 7930 9081 11168 7820 9591 11914 2723 8865 7694 1922 4764 5526 13797 13957 7876 7076 10793 11999 9802 12461 8129 7751 11712 5272 12038 6943 5305 11014 14629 10363 8743 5895 3270 12194 8002 3134 9242 3022 9246 12730 4685 17596 4756 5787 10472 4208 9461 10443 1934 18145 6172 11527 10725 5081 12216 7084 12032 16978 9421 14020 12439 14129 9269 10430 1450 13780 12509 14219 4611 3691 10471 13450 15948 10623 10165 8529 5999 10505 5214 3802 12942 7357 3970 7918 6499 4437 10624 5699 15567 3508 10102 9935 6937 9291 6646 13150 9462 8999 5525 5987 2221 10843 4663 6168 9990 7058 13814 7709 5352 12390 8023 16307 4746 3516 16849 8977 12640 6871 4138 14549 14393 10751 12060 12698 6483 6061 6409 16548 8172 17834 6864 11460 12280 5099 6270 5195 6637 9742 14752 6455 7444 5520 9514 4934 11397 8715 4535 9765 6457 10818 6894 5615 1967 2339 6100 3575 9409 5070 4943 12263 6498 10828 6837 14961 2363 7046 3056 16933 12431 7828 11442 3260 11349 4327 9381 15576 8106 12024 11157 12893 5843 7559 15181 5860 5896 7172 10515 12852 7386 7341 13856 12774 10933 6240 9874 1568 8542 9695 8595 7694 8545 4950 9062 8907 2609 9347 909 6326 8018 4221 3935 9165 8613 12109 6775 4773 4625 4791 9331 10134 10337 2653 5593 7082 14938 4968 5492 12469 6240 13551 7280 14396 5603 13288 8335 2972 8364 10541 7455 2415 5782 12493 5724 14404 7105 6962 8164 14682 7201 9969 12083 5942 3074 14863 11408 3084 8507 4528 4464 5509 9238 1034 4967 8988 14248 11800 10905 9032 11778 4368 6355 6586 8480 4213 10879 4913 5864 11305 11748 11708 5007 10014 5284 10452 13705
16314 16882 11234 786 9611 4311 16568 5183 13598 5122 11968 12102 14994 16599 5762 16450 8779 8017 10772 14466 7764 5284 16143 11858 12327 7307 13670 7738 10135 12007 5241 14199 8493 10194 14933 11122 16712 4460 5066 12074 7626 9890 3499 1874 17395 11494 11798 19599 14978 4675 12231 15722 13094 4655 11672 13316 6385 7574 15999 14907 1120 16295 15484 5646 11073 2457 15200 9502 14824 5510 13876 17292 13666 6864 1323 16883 18000 18062 19940 9103 2203 11859 13864 4811 9819 5991 12788 15549 8316 12554 9453 13074 6195 5450 12256 10927 1642 13535 18130 14214 14987 6877 12466 10208 15731 11529 11605 0 17049 13421 17531 6549 10387 18588 3184 12614 5160 13428 1876 17673 8245 927 9107 12343 6805 11436 6939 15331 2895 3323 5594 7212 14672 17203 14211 11732 17676 12509 20654 12439 1153 15295 16729 14248 7628 14787 6500 17029 13643 2986 8916 13912 14959 14548 6939 13958 8359 12259 12448 7232 13317 9337 4140 9507 9715 13137 14052 5330 1773 15769 1318 17020 16530 12459 19047 8522 6596 4198 3216 2561 12547 5273 15761 6695 14992 8719 11403 5680 12366 3939 9286 8445 9027 2234 8446 12653 14519 17026 15076 16955 5594 10883 14209 12103 12702 13258 4307 8174 7840 3800 14133 3350 11600 18754 11846 12277 11427 11833 15838 8416 8754 13272 7870 17917 7545 2998 8178 11463 14573 8301 11081 10216 10249 17836 7803 5809 4714 2605 17023 8771 12975 11591 17885 12667 15282 12385 11332 13684 5760 8571 5457 13503 10713 10184 8276 6296 17351 12247 6881 16455 7278 6199 10761 6865 17115 7759 11845 7742 13572 12723 13784 11178 15406 11986 14740 18377 15152 6009 15486 10883 11929 16321 14525 12786 6329 5572 3511 12496 14736 10497 2280 12693 6882 20271 3071 3171 5867 14238 11911 14148 8803 10579 16427 2000 17663 12290 12298 4920 2619 8092 10895 11900 9656 2321 18127 4157 14230 14762 18551 12588 12662 12739 11998 15956 15982 15813 11912 2444 3620 16903 6679 12355 15436 13862 2383 10592 12832 11942 17086 10182 5890 11208 13081 9576 5382 3501 11027 5112 9101 13594 6005 8818 16058 1597 17322 10166 10932 20799 10373 6295 15018 15741 3462 13118 8457 15600 14515 7319 12523 5373 10412 10902 7500 14794 9063 6614 13898 11923 6668 18489 10409 8011 6958 2621 20569 13694 7123 17118 4398 14114 15872 10344 11486 2760 5519 2541 6605 9162 7298 18809 3237
15534 1247 11280 17590 20341 19928 12814 11958 3702 19226 17771 10515 3424 2719 16085 16415 16212 9452 8672 3622 10593 16867 11290 14483 14189 13498 9008 12078 10484 6618 19329 10630 9719 22512 11607 5952 7019 18562 18636 17104 9897 16892 16189 18159 2857 8757 11478 11717 2876 12914 4824 15725 18507 13790 17841 5612 13220 14125 2794 2219 16026 4109 4384 15358 18551 18900 9049 10038 2573 15953 14649 6944 4352 13360 16048 7243 5772 12972 13415 16272 17743 7849 4912 14380 11144 15543 15638 1547 14060 12814 19745 21599 14629 19607 6798 6285 18691 3649 4794 3322 2078 10182 7970 16977 7063 16636 5942 17049 0 4721 6589 10955 8529 3897 14652 5206 13845 13629 16261 8876 15398 17490 7982 13781 13622 7301 10546 7825 18860 19685 12336 12994 15144 15506 14151 17882 9438 12495 12592 6025 17640 4770 1237 15568 20569 14579 14673 5665 3446 17024 13714 3138 13125 4299 12887 17657 10601 23386 5623 10192 15262 10013 15354 16112 7525 23885 9866 17467 15885 1488 17438 2670 15877 22698 10169 19918 16208 19948 15058 16205 5896 18127 16797 20160 2328 8362 15790 19382 21589 15213 15856 14306 9206 15576 9119 4811 17739 8848 2010 9868 12351 6868 15123 6684 21121 3980 16012 13005 12808 14101 10393 18950 14654 9728 10400 10684 5631 16094 5280 9700 15746 11377 19735 2572 9785 17229 11242 22086 7533 9408 22697 14467 18316 966 9246 20462 19014 16539 15678 18536 10879 11059 4579 22204 11580 23630 8314 16276 16319 8975 12003 9083 11948 15270 20678 12387 8592 10204 13155 1833 17302 12732 9887 13396 1196 14067 11828 9785 4372 4327 9961 6195 13097 9868 7631 15213 4347 14741 4395 20710 5138 3623 4524 22607 16291 13761 17307 7724 15784 9792 14945 21133 11936 13486 15959 18690 11582 6644 20818 4783 11679 9113 13966 17988 8033 12133 19306 17111 15862 9941 15265 5178 14131 14914 3989 13424 12642 7614 4346 13744 4406 14183 6094 3000 10876 3414 8777 14672 14396 15800 12717 9365 6084 4074 14681 15603 15262 7564 1544 12541 19289 10122 9707 18219 11866 18388 8909 20276 8902 18393 12504 8876 11301 15776 2923 6885 7714 13803 11149 18522 10361 4256 13601 20068 12991 13706 16733 11879 7515 19369 16985 8531 11985 6930 10298 11403 13618 6264 10669 10032 20004 17668 16820 14603 12794 3946 12291 1484 14358 3289 14722 10385 7340 17110 15837 17488 10549 15718 9922 12206 19449
16569 5361 11049 13843 18634 16880 14406 8246 3881 16525 17127 10682 5471 3235 13859 17335 14836 7043 8071 1173 8609 14471 12988 14238 14133 11759 9977 10399 9750 1906 16643 11670 7891 20544 12805 3023 9691 14249 16008 16590 7444 15767 11972 14239 6822 8601 11470 14549 4844 9981 3013 16541 18072 11108 17102 6343 8739 12488 2654 2752 12516 2943 2197 10874 17535 15553 10711 8926 2184 13662 15045 9894 5115 11452 12627 9951 9294 15041 16006 14985 14533 3147 6022 10062 10302 11017 15547 3321 12672 12987 18096 20605 10101 16928 2086 2752 15036 1827 4821 1460 3439 6936 3377 15934 9255 16026 4933 13421 4721 0 9720 6931 7640 5167 10652 827 11363 14014 12322 11598 13928 14016 5205 13777 11710 6854 7923 9713 14817 16399 8175 11190 15723 16825 14729 17154 12051 12682 15580 1310 14199 2163 5225 15946 18291 15283 12689 8756 2255 12871 12538 2805 14109 5968 8349 17614 8970 21804 1015 6207 15390 8805 12674 14961 5282 22438 10929 15036 12016 3242 13567 3657 16918 21316 13136 17991 11624 16863 12074 13134 5994 13698 17440 17709 2441 4941 15249 16799 20403 10977 14664 12953 4759 11646 5006 1161 17848 11316 3580 12120 9717 2553 15557 1963 20116 1601 13392 8335 11233 10049 11434 15841 14306 12683 10458 10918 2962 15646 7797 5325 14404 11965 17666 4596 5877 13075 6653 20555 9075 7256 20935 13686 17104 5121 5971 17716 14694 13485 16909 16887 11392 10985 8338 20979 12912 22029 3594 16370 11812 4873 9116 9967 11487 14407 18553 10116 11241 10447 8608 5422 15399 8334 9421 8838 4186 9409 11818 5716 5027 2705 10899 2348 14241 10000 9249 16954 1841 10231 2203 19282 2619 2907 6182 21334 11730 11419 14439 8087 16281 9183 11565 20123 7504 16167 11822 15581 8750 2731 19651 959 10423 4397 15311 14027 10920 12272 18512 12700 11814 5612 14626 3369 13188 11143 4715 10414 13438 9246 5151 13828 2371 14265 5707 2573 12581 6186 8858 11230 11436 16971 10672 9682 8255 648 11053 14833 15237 7551 5714 11856 14842 9886 10353 16833 8806 14201 4188 17377 4529 18120 8183 6858 12966 11980 3928 3944 3052 16581 10552 14003 11767 2421 10138 19371 11656 14818 17008 9983 7881 14986 16000 7988 7434 8648 8993 9006 14165 5879 7874 12828 18571 15924 14875 11251 15713 911 10374 4075 11673 1594 15756 9745 2632 14077 11359 14380 7525 14501 6133 14675 16200
9833 5344 7812 18243 17429 19092 6827 13353 5999 17888 13712 6742 4253 9180 14397 10757 13294 9664 6814 9092 9795 15324 5370 10335 9851 11560 4685 10395 7986 11180 17959 5626 9037 19800 6190 8674 1024 20408 17242 12955 9995 13547 17990 19108 3794 6221 7647 5129 4881 12860 7516 10220 14129 13174 13894 4501 16020 11913 9054 7210 16411 10471 10490 17957 14885 18677 3685 8239 7887 14380 9703 490 4976 11691 16273 1045 1099 6608 6837 13224 17398 12575 4255 16615 8567 18259 11142 6942 11512 8430 16806 17661 17434 18199 11566 9384 19059 7912 11381 8396 6427 11293 12996 13515 1946 12659 6655 17531 6589 9720 0 13097 7149 10444 16144 9682 12917 8837 17440 2350 12731 17637 9327 9444 11905 6130 10656 2688 20019 19283 14490 11258 9938 9556 9060 13916 2939 8156 6034 10712 17713 10814 5376 10538 18457 9298 12856 975 7483 18596 10940 6920 7715 3925 15896 12900 9309 20088 10161 12437 10551 8358 14461 12904 8472 20379 5059 15901 16963 7288 18353 9217 10145 19179 3588 17351 19091 19174 14692 15813 5299 20338 11380 18345 7676 10345 11830 17842 17893 17156 12740 11662 12526 16813 11842 9026 12807 2518 6300 3599 11973 10578 10080 11328 17230 8197 14929 16530 10792 15774 5454 18308 10610 3143 6821 6759 8350 11977 2041 12766 12850 6773 17391 9138 12004 18784 14612 18803 3179 9294 19685 11019 14926 7284 10706 19083 20850 16077 9791 15714 6509 7443 2220 18514 6012 20341 12835 11492 18911 11721 12087 4851 8608 11799 18330 11469 2137 6434 16165 4842 14978 15368 7247 16417 7779 17447 7906 12269 5092 7436 5298 9658 7519 6387 3076 8962 10320 17477 10503 17391 8148 10000 3775 18954 19078 12641 16444 5086 10602 7395 15251 17246 14760 6899 17596 18074 11692 12333 17151 10298 9514 13366 8103 19042 1471 7939 15293 19346 17313 12865 11504 7493 10959 15924 10575 13386 7519 3049 10917 9303 7778 9674 5910 9250 5010 3570 5890 15126 14100 9957 11392 5836 2118 9194 15461 11962 10735 5591 5055 9354 21483 7062 5553 15070 12244 19922 13356 19162 12134 13833 14980 8820 5415 16724 9500 9013 11866 7216 8229 21008 4952 10451 14265 15876 10595 8091 11704 10558 5029 21359 13446 6672 15139 2789 8667 10932 8635 5910 10985 3449 16750 15075 14618 14913 6221 8820 10890 8065 13641 8195 9088 7792 11754 16541 18376 17000 11230 12655 11918 5673 19002
15639 11031 9531 6925 13534 10343 14655 1589 7918 10353 13660 9885 9615 10151 8542 16127 10626 4106 7410 8024 5321 8840 13684 11836 12035 7622 10568 6803 7979 5458 10479 11788 5355 14999 12840 5070 12526 7656 9950 13384 4070 11784 5249 7315 11894 8277 10143 16557 9392 4294 6330 15294 14789 5573 13499 8596 3021 8332 9557 8743 5740 9762 8945 4860 13483 8813 11964 6965 8541 8279 13435 13007 8400 7123 5919 12753 13244 15865 17449 10884 7936 5415 8910 3572 8124 5167 13128 9411 8866 11493 13116 16300 4372 10757 5717 4670 8137 7317 11585 7870 8985 2270 6079 12047 11659 12760 6464 6549 10955 6931 13097 0 6833 12084 3737 6147 6099 12595 5396 14000 9731 7224 3771 11833 7302 7270 3832 11586 7937 9683 1431 7111 14261 16274 13447 13561 14207 11290 17674 5896 7424 8748 10874 14152 12503 14081 7939 12359 7513 6069 9101 7893 13543 9439 3069 14955 6110 16658 5937 763 13322 6753 6869 11064 4636 17427 11310 9300 5085 9563 6636 10574 15947 16451 15569 12657 6016 10294 5917 6762 7802 7365 15809 11753 8740 2811 12213 10745 15854 4291 10755 9138 2534 4718 1925 6282 15380 13452 9096 13777 4668 4379 13910 5555 15833 7003 7578 4176 7523 3157 11623 9286 11735 15180 9586 10134 5419 12682 11125 1947 10315 11356 12175 11496 1184 6275 2708 15547 10763 4623 15617 10589 12824 11641 2444 11438 8111 7106 16217 12020 10852 9725 12794 16340 13111 16850 4935 14089 5817 2060 3812 10448 9469 11042 12933 5587 13631 9849 3302 10731 10344 2329 8218 3533 10833 4760 10378 1216 8287 6738 11117 4811 13878 9420 10961 17007 8619 4397 8947 14499 5872 9810 9501 16608 5988 6374 8208 8763 14608 7879 4959 15833 1960 17722 5005 9035 3723 7740 15188 7614 7527 4316 15038 7111 13695 10919 14668 6349 4927 1631 11555 6107 9955 4239 11609 4487 12748 10976 12024 12003 6583 12346 7191 9495 13381 10501 8731 4580 5401 16183 6348 9500 11021 7419 4237 11529 12968 8055 11295 9379 8532 8815 10361 12340 3282 7434 4750 10960 2560 15067 1899 4828 13619 5060 10857 4306 4402 18230 8658 7947 12363 9205 3562 15579 8208 14298 14898 6174 8680 8520 12189 7464 2654 10727 6675 4718 12952 7204 3450 15078 13839 11031 9826 4703 17685 7304 6375 10799 6019 7807 14954 8124 4954 7683 5283 7888 2851 10583 1180 16136 9516
9368 7818 3446 11108 11812 12147 7912 6599 4920 11131 9572 3325 5434 9577 7765 10025 7693 2802 590 7956 2652 8627 6860 6598 6511 5031 3743 3643 2125 7866 11219 5004 1901 14004 6104 4771 6329 13499 10502 8993 3017 8438 11137 12000 7701 1448 3933 9793 5746 5713 4706 9197 10466 6073 9581 3271 9847 5616 9069 7056 9267 10153 9626 11500 10153 11575 5189 1508 7422 7680 7539 6905 4220 4976 9125 6506 7684 9049 10618 7768 10305 8970 3966 10037 2726 11854 7911 7453 5531 5458 11215 13232 11140 11481 8351 5371 11910 6331 11884 7268 6645 4653 9652 8554 5353 8450 2832 10387 8529 7640 7149 6833 0 11647 9249 7009 5889 6540 10404 7444 6869 10491 3521 6169 5228 1278 3611 5031 12935 12220 8048 4573 8280 9833 7325 9629 7553 5173 10905 7752 10571 9719 7695 8410 12170 7927 6272 6705 6102 11642 5212 5941 7037 4714 9891 9975 2277 14865 7292 6371 7789 1499 7459 7642 2804 15384 4483 9228 9913 7839 11249 9898 9706 14206 8939 11414 12739 12210 7572 8711 2699 13573 9977 11859 7425 4670 7648 11188 13147 10400 7372 5781 7390 9808 6334 6482 10221 6836 6652 7015 4826 6560 8052 8054 12746 6310 8006 10872 4308 8970 4823 11293 6669 8589 3048 3583 4721 8029 5568 7328 7230 4785 11269 10486 6015 11820 9080 13567 4235 2326 14168 6145 9845 9487 4449 12363 13928 8991 9840 10007 4227 3447 7752 13752 6345 15107 8905 8751 12396 6270 4965 3618 3847 6912 12219 4397 7097 3193 10131 7213 8815 9148 1813 10365 9180 11572 4263 6437 4180 5157 4302 5867 7299 2730 4415 10359 9290 11136 9636 12202 5021 9877 4600 14143 12667 5674 9470 2132 8784 1547 8109 12756 8753 10894 10696 11049 4587 10139 12377 8590 3149 8984 8456 11952 7326 4760 11025 12627 10359 7275 7046 4305 5717 8884 11419 6237 6271 4436 11885 6241 5401 6670 2437 9157 6550 6048 1899 7998 6965 9852 4472 2697 5073 7570 8380 7302 7609 1559 7878 4255 14677 2349 3555 9708 5177 12927 9201 12323 7024 10489 8694 2009 6798 9651 10270 4211 7814 11405 2915 14348 5534 9772 7191 11850 4462 7794 9421 3602 2140 14478 8587 632 9342 4409 1803 3783 6772 2265 3984 8413 11492 9148 8352 7774 10897 7159 3988 9333 6571 7042 8600 2106 8044 9485 11859 9931 4360 7226 5771 9311 11947
19354 5135 14731 19005 23278 21992 16689 13412 6777 21550 21161 14077 7158 2121 18697 20221 19279 11840 11914 4173 13256 19380 15166 17979 17742 16350 12746 14936 13731 6746 21664 14409 12440 25319 15424 7821 10914 19218 21007 20536 12271 20079 17020 19376 6658 12167 15006 15560 6514 15024 7153 19508 21978 16087 21196 9156 13636 17038 2700 4595 17680 2404 3224 15726 21800 20708 12905 13114 4260 18524 18333 10818 7788 16120 17783 11134 9562 16869 17281 19381 19667 7449 8519 15073 14364 15814 19196 4287 17094 16417 22708 24878 14912 21948 6645 7786 20202 5499 1278 4613 5110 12023 7200 20201 10949 20029 8838 18588 3897 5167 10444 12084 11647 0 15787 5979 16274 17299 17461 12756 18411 19179 10087 17345 16384 10539 12831 11693 19918 21549 13284 15804 18875 19364 17873 21241 13324 16098 16396 6229 19360 3522 5133 19256 23181 18332 17409 9542 5616 17941 16840 5708 16920 8013 13185 21247 13449 26404 6148 11368 18880 13045 17667 19280 9925 26972 13638 19962 17168 3873 18715 1757 19700 25811 14002 22733 16314 21983 17150 18236 9246 18572 20553 22659 4228 10033 19199 21789 24786 16025 19003 17360 9796 16790 10162 6026 21373 12743 5145 13765 14661 7711 18820 6702 24393 5657 18372 12896 15732 15174 14169 20962 18118 13569 13926 14269 7618 19539 9170 10391 18824 15068 22468 1328 11044 18144 11464 25123 11350 11943 25619 17770 21478 3170 11048 22759 19654 18585 19526 21490 14544 14558 8343 25386 15417 26640 8022 19894 16621 10031 14136 12803 15332 18550 23384 14925 12480 13782 13426 5726 20111 13315 13221 13633 2769 13971 15361 10871 7771 6633 13710 7457 16918 13405 11461 19104 3509 15063 3226 23789 7132 2276 8251 25770 16459 16276 19499 11265 19501 13069 16713 24403 12477 17340 16907 20701 13747 5309 24018 4497 14732 8921 17821 19155 11902 15716 22651 17602 16929 10695 18632 7576 17363 16307 561 15483 16396 11446 528 17333 6498 17777 9273 2689 14750 7287 12267 16385 16500 19641 15391 12944 9957 4762 16219 18924 18837 10976 5397 15852 19684 13544 13384 21300 13871 19247 8565 22458 9618 21917 13221 11466 15175 17141 1389 8826 7928 17640 14465 18762 14198 2956 15291 23455 16033 17527 20404 14619 11049 19892 20234 11789 12278 10761 13294 13847 17327 9458 12843 13894 23076 20566 19601 16395 16611 5005 15028 2517 16658 4790 18537 13667 7400 19176 16210 19495 12561 18852 11298 16090 21345
16782 14657 11042 3346 12006 7426 16446 2827 11456 7945 13427 11699 13047 13879 7400 17087 10175 6512 9748 11757 6932 7288 15744 12504 12863 7815 12890 7656 9660 9087 8071 13775 7409 12965 14685 8717 15447 4268 7727 13359 6237 11365 1894 3589 15398 10577 11656 18967 12908 4210 9935 16293 14586 5023 13184 11704 3241 8337 13288 12449 2811 13437 12614 3103 12834 5633 14393 8798 12270 7115 14393 15982 11765 7289 3158 15650 16442 17829 19589 10485 5109 8796 12139 1814 9548 3510 13641 13114 9040 12730 11729 15247 3365 8317 9287 8379 4602 11031 15230 11606 12648 4875 9369 11671 14509 12758 9727 3184 14652 10652 16144 3737 9249 15787 0 9878 5670 13744 1676 16690 9430 4040 7030 12775 7348 10049 5649 14270 4209 6504 2528 7494 15226 17568 14584 13247 16798 12607 20067 9567 4267 12393 14500 14939 10376 15204 7504 15508 11206 2467 9504 11555 15040 12749 3782 15152 7692 14902 9649 4489 14028 8597 5513 10802 7796 15750 13461 7554 1461 13281 2944 14303 17046 14942 18184 10979 4337 7330 4318 4547 10902 4362 16557 9494 12464 6338 12428 8450 14638 1375 10527 9250 6042 1027 5654 10018 15664 16084 12753 16213 5128 8102 14803 9163 14827 10724 6036 5068 8083 635 13659 6409 12311 17838 11412 11918 9054 12893 14276 5432 10010 13061 10381 15228 4876 2663 5003 13967 13462 6939 13761 10977 12058 15361 5616 8813 4707 4806 17443 10835 12652 11336 16136 15022 15004 15056 8251 14595 3666 5792 4530 12741 10716 11177 10950 6116 16339 11762 3752 14311 9181 3015 10136 3768 14565 4810 11796 4949 11659 10379 13222 8544 15444 11409 13648 18551 12298 3215 12615 13177 9530 13511 12773 15205 4139 6089 5962 11364 15425 9820 2788 14822 3711 19896 1454 6194 4800 11197 14082 11297 8659 7462 16556 3376 16527 12306 14076 3488 1219 5116 11827 9666 10349 1148 15299 3933 14259 13667 15704 12994 10255 13242 10306 13222 15509 13915 11031 2467 4205 17361 6767 11652 14028 11152 1704 11643 13590 10713 14902 10369 5436 10679 12471 11447 4156 3826 7908 8180 6177 14998 2836 7359 15667 1589 14580 7858 7957 20421 10128 5225 14496 12878 2395 14957 8793 15751 15438 7078 11337 5235 11854 9849 4316 13556 8396 5868 14175 10274 5266 17653 12610 9933 8743 2808 20030 11041 7059 14534 5137 11538 16214 9851 8510 5256 3214 5262 4929 10373 4731 18351 6405
16081 5693 10443 13046 17846 16053 14020 7435 3711 15700 16431 10133 5440 4003 13051 16826 14082 6256 7468 1881 7840 13655 12636 13600 13518 10989 9558 9642 9099 1535 15817 11232 7145 19740 12376 2290 9567 13543 15184 15909 6649 15030 11240 13461 7044 8047 10887 14380 4870 9155 2540 16022 17393 10287 16395 6014 8078 11722 3410 3079 11701 3770 3016 10219 16801 14734 10388 8243 2634 12851 14480 9818 4889 10671 11808 9827 9347 14728 15778 14238 13709 2917 5779 9350 9631 10381 14918 3715 11926 12410 17313 19866 9465 16102 1884 1943 14233 1834 5648 1888 3653 6109 3316 15203 9055 15337 4398 12614 5206 827 9682 6147 7009 5979 9878 0 10549 13456 11543 11445 13169 13201 4411 13171 10927 6310 7115 9449 14057 15578 7419 10418 15178 16377 14191 16449 11870 12111 15433 1030 13382 2954 5547 15373 17475 14758 11898 8736 2243 12126 11812 2812 13634 5827 7715 16979 8230 21019 483 5414 14789 8112 11852 14225 4542 21661 10507 14218 11228 3721 12782 4427 16429 20545 13010 17192 11020 16037 11247 12307 5579 13026 16892 16888 2878 4115 14571 15976 19648 10246 13925 12209 4068 10865 4224 670 17230 11121 3794 11874 8901 1783 14993 1662 19377 1509 12570 7800 10480 9281 10999 15015 13655 12560 9897 10375 2289 14976 7703 4610 13654 11456 16860 5351 5073 12331 6046 19775 8770 6488 20141 12992 16355 5709 5145 16890 13990 12658 16447 16106 10881 10400 8466 20220 12502 21243 3263 15758 11168 4088 8293 9535 10846 13701 17743 9317 11080 9913 7980 5661 14605 7641 8809 8215 4813 8861 11230 4932 4789 2361 10458 1523 13788 9458 8951 16571 2661 9587 3022 18511 2036 3727 6024 20571 11113 10611 13612 7624 15721 8556 10743 19383 6820 15955 11073 14755 7929 3161 18900 1726 9706 3972 14878 13254 10810 11698 17795 12020 11050 4884 13941 2837 12481 10343 5535 9588 12943 8950 5974 13232 2003 13666 5227 3350 12235 6224 8331 10410 10609 16500 9885 9172 8083 1278 10242 14134 14617 7048 6032 11187 14178 9295 9878 16072 7980 13466 3837 16550 3807 17458 7466 6109 12608 11185 4714 3162 2519 16385 9906 13367 11384 3245 9317 18661 10921 14355 16415 9211 7425 14301 15275 7394 6805 8384 8286 8204 13628 5389 7057 12672 17801 15139 14080 10428 15551 1265 9598 4734 10851 1925 15274 9106 2206 13251 10702 13554 6701 13761 5320 14436 15378
11293 13368 6093 5945 7516 6262 11408 4652 10154 5382 7846 7004 11140 14159 2543 11518 4649 4449 6125 12146 3328 3112 11010 6906 7315 2214 8711 2645 5119 10583 5484 9083 4207 9223 9781 8461 12015 9234 4792 7719 4011 5841 7334 7005 13497 6708 6645 14507 11313 1819 9201 10749 9004 648 7633 9117 8098 2669 13573 11956 4136 14281 13560 8729 7459 5783 10224 4680 12092 2318 8865 12617 9833 1727 3844 12154 13539 12904 14789 4938 4501 11049 9774 7278 4722 9138 7990 12510 3384 7415 7059 10206 8813 5762 10985 8611 6428 10799 16154 11661 11793 4617 11774 6130 11024 7110 7930 5160 13845 11363 12917 6099 5889 16274 5670 10549 0 8331 5975 12755 3824 4961 6196 7282 1719 7115 3449 10511 8023 6365 6296 2053 9685 12142 9139 7696 12700 7358 15545 10802 4981 13498 13228 9340 6929 9735 1911 12560 10754 7409 3897 10836 9813 10513 8467 9488 3629 10682 10581 6328 8417 4560 1570 5203 6393 11411 8994 3689 5487 12825 6331 14549 11533 10392 14049 6730 9994 6322 1954 2951 8447 9728 10931 6387 12189 6502 6758 5548 9756 7045 4913 3584 8328 5633 7277 10319 9995 12095 11844 11924 1655 9176 9241 10739 9743 10618 2172 9811 2682 5813 9033 5408 6689 13786 6764 7164 8656 7223 11451 7856 4415 8122 6340 15323 6343 7527 8752 9517 9811 4438 9709 5330 6761 14749 5490 6620 9582 3180 11983 5932 7845 6459 13641 10248 10132 10888 10683 8938 9335 7334 2393 8537 5554 5507 7203 1504 12457 7176 8584 12826 4275 7512 5805 8721 14226 9975 6686 6788 9763 9733 8718 9033 10256 6962 9958 13260 13203 8705 13566 8415 9145 14157 10429 10527 9805 433 3583 7836 9829 5587 3197 9742 7694 15123 6799 5167 2673 13088 9089 12268 3691 10246 11294 7068 12846 7131 8676 9016 6307 7589 6159 8793 4715 4716 15915 1813 9076 9983 16377 7518 9809 7713 8011 13594 10866 11846 7077 3349 1602 11880 1576 7387 10905 11597 4071 5975 7962 7409 13492 5033 10621 6182 8048 6250 2869 8405 10645 6486 8169 9378 7066 4970 10923 5127 14900 7466 9856 15650 5256 10696 9924 13779 3349 9582 3321 10469 9781 2362 7912 10222 6297 6274 8475 10129 4250 2450 8792 7884 3496 13484 7746 4940 3749 2999 15449 11296 2065 14308 775 11492 10797 5330 10337 3624 8881 4085 3923 4752 5956 13676 6085
3064 12562 3154 14212 9312 13014 3589 11772 10653 11394 4993 3334 10208 15397 8206 3550 5759 8625 6020 14130 7277 9083 4069 1957 1352 6130 4647 6096 4707 14399 11416 3229 7326 11687 2799 11281 7841 17555 10791 4223 8558 5449 15543 15296 11655 5413 2610 7486 10807 9534 11004 2713 5296 8921 5230 8150 15406 5884 14981 12828 12453 16235 15829 16600 6349 13428 5159 5735 13347 8352 1040 8358 9531 6604 12137 7793 9890 5145 7093 5540 12243 15507 8781 15083 4472 16998 2327 13024 5155 1113 8717 8888 16473 11574 14884 11905 14497 12485 17795 13385 12211 10340 16192 5296 7167 4063 9081 13428 13629 14014 8837 12595 6540 17299 13744 13456 8331 0 14286 7233 5697 13071 9947 1140 6633 7160 8773 6298 16318 13706 13484 6313 1741 3827 855 5241 6830 1370 8283 14258 13033 15982 12496 1961 11014 1489 7007 9158 12169 15712 4523 11849 1771 9334 15597 4111 6484 11552 13777 12347 1718 5936 9343 5092 9320 11727 3901 9498 13789 13443 14646 15640 3358 10550 7776 9564 17892 13158 10222 10976 8180 17990 3441 11236 13278 11028 3349 11117 9211 15095 5085 5083 13735 13890 12615 12880 4122 6662 12163 5837 8630 13099 1546 14587 8481 12546 9407 16770 5696 13720 3426 12596 2295 7743 3559 3103 11192 3336 8738 13566 5460 2256 9826 16014 12081 15839 15160 10323 6252 8124 11349 3460 6610 14568 10535 12368 17910 11075 3701 7860 2757 3094 10716 9821 3098 11802 15425 2697 17347 12577 9328 4555 3130 3928 10661 7628 7144 3584 15796 11896 7817 14719 4739 15997 14584 17275 2298 12554 9561 11368 3737 12398 2242 4018 6216 4954 15517 16413 15839 8952 11426 15885 9106 10267 17749 7901 10826 6072 2267 5043 11518 8500 14545 7448 15019 12437 9181 16613 8506 14936 5154 15446 3053 15380 7850 1781 6541 17208 14553 13448 3322 10648 3876 12939 17192 9852 1420 6240 17635 883 11670 988 8341 15111 4225 10329 5172 11632 9932 3631 6994 4395 7867 13841 12304 3822 1922 6496 12455 3374 18928 4193 3924 6964 9807 16736 15692 12743 13396 5001 14238 8138 3983 13437 16004 10749 14339 7943 3957 18926 3909 15934 11351 7059 5015 2234 3107 6699 6290 18547 5158 6077 15245 6874 5953 8064 485 8161 9169 7257 8398 7570 7690 11294 8089 13410 6686 14806 9057 13145 2475 4610 14583 11283 16846 11743 9752 5095 11757 6331 13415
17267 16223 11803 1772 11368 6171 17212 4330 12990 6977 13370 12563 14527 15546 7172 17488 10126 7778 10862 13420 7920 6850 16632 12873 13290 8190 13927 8315 10534 10764 7098 14663 8516 12051 15500 10313 16695 3273 6879 13398 7449 11284 1659 1919 16901 11655 12399 19969 14425 4919 11507 16724 14517 5367 13095 13063 4642 8594 14953 14069 2107 15113 14291 3770 12599 4278 15451 9763 13909 6899 14841 17249 13225 7692 2504 16886 17802 18651 20471 10447 4053 10454 13541 3012 10328 4119 13913 14729 9329 13333 11170 14769 4330 7314 10960 10008 3021 12658 16906 13254 14240 6302 11013 11599 15736 12824 11168 1876 16261 12322 17440 5396 10404 17461 1676 11543 5975 14286 0 17831 9485 2803 8516 13254 7694 11312 6805 15432 2632 5115 4202 7973 15660 18107 15104 13157 17896 13246 21054 11243 3029 14069 16067 15302 9475 15706 7619 16851 12818 1437 9869 13148 15703 14179 5203 15251 8622 14093 11321 6140 14375 9575 5366 10814 9236 14965 14421 6990 507 14908 1275 15969 17508 14252 19281 10294 4754 6050 4233 4014 12269 3789 16874 8550 14099 7913 12601 7526 14093 2083 10566 9501 7717 685 7319 11668 15792 17206 14341 17252 5889 9770 15214 10838 14378 12356 5719 6378 8594 2301 14569 5225 12646 18956 12287 12763 10643 13050 15630 7107 10035 13848 9656 16892 6514 1553 6586 13260 14639 8154 12921 11273 11790 16988 7122 7685 3649 4172 17954 10405 13487 12129 17561 14422 15834 14225 9903 14843 3931 7455 5481 13769 11383 11355 10109 6779 17491 12663 5116 15854 8832 4558 11082 5074 16206 5905 12498 6611 13122 11966 14168 10191 16131 12347 14819 19187 13974 4142 14291 12612 11128 15185 14187 14561 4494 6408 5227 12536 15792 10786 2780 14371 5313 20790 1198 5047 5828 12858 13601 12973 9366 9098 17205 1727 17728 12981 13838 3225 753 6792 12043 11220 10673 1520 16975 4498 14942 14840 17380 13487 11857 13689 11686 14889 16429 15382 12097 2658 4379 17854 7321 12647 15324 12815 2063 11795 13910 11920 16458 10944 4645 11589 13432 11138 5228 2543 9542 6983 7853 14980 4449 8620 16551 849 16249 9423 9631 21317 10903 4789 15432 14554 3221 14687 9272 16385 15683 7798 12531 4270 11795 10976 5852 14784 9338 6789 14739 11638 6459 18737 12104 9581 8456 2993 20996 12696 7695 16181 5299 13180 16758 10736 10184 4473 3657 4338 6228 10427 6343 19276 5063
7728 7630 7013 18422 16296 18705 4669 13998 7741 17348 12221 5944 6187 11399 13857 8652 12306 10199 6969 11101 9941 14800 3344 8958 8411 11087 4047 10124 7640 12880 17406 4252 9317 18687 4442 10096 1929 20944 16703 11451 10454 12368 18576 19366 6128 6190 6678 2956 6869 13029 9078 8195 12490 13115 12445 5668 17003 11302 11225 9266 16560 12644 12593 18813 13521 18527 2565 8171 9938 13887 7969 1939 6565 11319 16370 1677 3388 4277 4550 12185 17246 14259 5702 17392 8104 19145 9556 9081 10785 7075 15679 16117 18372 17624 13301 10833 19112 9771 13655 10370 8482 11983 14748 12286 2442 11243 7820 17673 8876 11598 2350 14000 7444 12756 16690 11445 12755 7233 17831 0 11878 17656 10279 8033 11498 6739 11054 2428 20325 19050 15327 10892 8065 7349 7285 12459 594 6852 3988 12466 17702 12894 7648 8726 17606 7414 12347 3214 9344 19085 10156 8805 5844 5632 16951 11134 9314 18746 11909 13411 8891 8335 14227 11812 9403 18953 3956 15345 17335 9452 18622 11466 8020 17769 1602 16355 20010 18807 14644 15705 6371 21000 9366 17611 9747 11392 10458 17228 16439 17817 11695 10884 13819 17245 12999 10776 10968 667 8366 1454 12084 12093 8279 13042 15714 10019 14600 17728 10347 16395 4160 18016 9266 1184 6118 5873 9809 10528 3837 13972 11893 5480 16480 11441 12998 19262 15826 17492 3248 9754 18460 9926 13676 9608 11558 18493 21371 15931 7607 14669 5400 6618 4566 17051 4179 18998 14454 9759 19738 12892 12359 4222 7774 10649 17393 11413 376 5696 17211 7086 14160 16323 6953 17458 10057 18572 6856 13328 6670 9107 4239 11177 5563 5822 3055 6649 12394 18392 12606 16098 9704 12183 5425 17497 19965 12423 16135 5329 8716 7192 15421 15732 15799 4650 18139 17799 12003 14285 15726 12266 9127 14889 5967 19338 885 6737 13774 20041 17802 14023 10239 8963 9996 16313 12864 13528 5828 3038 13219 7849 9463 8160 6953 11414 3064 5668 5763 15354 14108 7788 11182 5369 3363 11126 15790 10727 9154 5999 7359 8517 22113 6592 4776 13914 12609 20362 14936 18670 13423 12126 15899 9361 3409 17060 11763 10235 13425 5019 7648 21749 3399 12578 14611 14270 10004 6086 9853 10421 5369 21922 12187 6857 16267 3303 8611 11092 6942 6892 11427 1230 15499 14144 13865 15100 4115 10725 10690 10338 13517 10152 7035 7430 13389 16337 19199 16809 11779 11638 12848 3335 18761
8269 14652 4931 9000 4949 7317 9225 8392 11771 5712 4022 6012 12224 16306 2595 8288 926 6965 6763 14495 5334 3409 9316 3843 4404 2221 8064 3529 5023 13538 5742 7685 6043 7204 7965 10906 11724 12634 5100 3933 6623 2054 10981 10103 14346 6895 5201 12905 12594 5588 11287 7612 5181 4463 3813 9975 11913 1470 15763 13855 7439 16704 16075 12518 3778 7835 9354 5362 14152 2794 5874 12329 11072 2649 7069 11787 13586 10790 12743 1154 6724 14239 10701 11088 4361 12927 4577 14294 1339 5152 4347 6749 12631 5917 13986 11259 9065 12957 18519 13884 13496 7889 14973 2324 10793 3344 9591 8245 15398 13928 12731 9731 6869 18411 9430 13169 3824 5697 9485 11878 0 7718 8801 4558 2441 8108 6353 10065 11112 8043 10083 2793 6606 9222 6348 3876 11649 5256 13812 13638 7638 16089 14536 6093 5742 6843 1929 12660 12799 10911 1801 12722 7433 11434 12268 5767 4984 8005 13312 9828 5172 5398 4138 1380 8650 8563 7927 3801 9034 14668 9544 16654 8443 7411 12852 4660 13767 7462 5255 5687 9531 13273 7539 5746 14188 9470 3159 5476 6480 10795 1097 1110 11723 9258 10601 12793 6308 11220 13510 10719 5063 12102 6124 13712 6264 12861 3966 13601 2699 9618 7738 6932 3535 12699 5912 6037 11001 3589 11776 11326 593 6486 4660 17301 9753 10998 12431 6716 9579 6684 7304 2237 3211 16356 8573 6743 12930 5698 8999 3145 6481 5313 14021 7051 8325 8245 13952 5447 13077 10629 5919 7892 4139 1966 5602 4193 11663 6307 12394 14027 2282 11314 5723 12536 16030 13796 5032 10230 11039 11794 7647 11739 7908 6350 9661 10549 15721 12519 16083 5382 11426 16492 11278 7408 13567 3452 5234 8099 6573 5719 6769 6268 11445 13097 10443 6788 6039 16033 5737 14880 3720 13642 8736 10246 12228 5238 4939 12653 9931 11094 2688 10864 1924 8404 18137 5637 6857 9689 18605 4814 11969 4824 9306 15826 9314 12730 7063 7010 5231 8851 3465 6912 11034 14019 7768 2349 4672 7992 14685 3388 14058 5734 7215 2907 6451 11719 14007 7065 11500 5569 10860 7071 9224 8663 17023 10012 13011 13603 4555 14273 8578 16259 7164 5850 2408 7927 6272 3982 8260 13587 2480 6912 12223 10076 5129 5236 6181 9134 6592 12289 4668 2362 2032 6656 13650 13652 3624 16171 4294 13678 7958 5170 13431 5785 12643 6218 7159 946 9364 11856 7756
15894 17263 11049 1409 8756 3401 16309 5777 13971 4211 11318 11965 15293 17162 5166 15984 8182 8280 10836 15033 7842 4588 15966 11426 11920 7005 13625 7598 10050 12671 4328 14044 8622 9278 14722 11603 16787 5205 4187 11468 7868 9256 4420 2462 17697 11516 11590 19468 15317 4815 12665 15277 12427 4543 11011 13524 7268 7188 16561 15378 1500 16917 16112 6573 10354 1611 15148 9497 15330 4935 13460 17376 13961 6603 1444 16946 18156 17825 19727 8505 1312 12592 14102 5715 9681 6917 12291 16010 7922 12246 8624 12251 7117 4531 12941 11457 1466 14030 18766 14744 15417 7313 13216 9574 15799 10943 11914 927 17490 14016 17637 7224 10491 19179 4040 13201 4961 13071 2803 17656 7718 0 9512 11965 6511 11597 7176 15354 3429 2490 6368 6982 14240 16805 13832 11070 17628 12223 20505 13081 230 15939 17111 13782 6719 14391 6076 17181 14115 3863 8548 14355 14654 14804 7816 13361 8371 11355 13060 7873 12852 9346 3728 8926 10063 12237 13948 4565 2675 16247 2100 17581 16096 11579 18987 7660 7514 3296 3022 2096 12773 6091 15256 5781 15489 9223 10873 4775 11526 4861 8724 8024 9735 3131 9086 13202 13930 17002 15499 16871 5665 11498 13769 12775 11890 13767 3752 9070 7601 4637 13994 2425 11153 18711 11722 12125 11895 11289 16009 9128 8197 13067 7001 18464 8157 3856 9000 10582 14617 8515 10174 9775 9525 18301 8267 4883 5413 2023 16611 7997 12804 11418 18103 11809 15076 11477 12077 13163 6674 9206 5668 13454 10480 9678 7376 6243 17345 12131 7769 16810 6565 7049 10709 7761 17610 8677 11610 8392 13871 13169 13674 11737 15110 11901 14776 18025 15775 6933 16115 10044 12401 16922 14766 11917 7245 5346 2734 12567 14267 10464 2548 11880 7702 20064 3997 2244 6091 14953 11092 14773 8651 11348 16099 2672 17693 12031 11566 5802 3544 8804 10396 12318 9243 3077 18731 4280 13946 14800 19161 12215 13130 12338 12245 16526 15827 16092 11917 2824 3553 16482 6527 12302 15562 14432 2988 10065 12360 12050 17452 9905 6623 11120 12993 8842 5678 4215 11795 4191 9783 12946 6828 9048 15879 2456 17891 10626 11625 20590 10217 7110 14885 16366 3911 12368 8173 15271 13984 7241 12611 6067 9781 10973 8345 14874 9057 6711 13548 12157 6947 18424 9592 7282 6285 2894 20407 14243 6999 17626 4187 14633 15488 10260 12177 2016 6442 1711 6962 8611 7883 18631 2368
12854 7776 6795 9690 13436 12014 11405 4207 4499 11471 12242 6833 6019 7978 8665 13476 9721 1848 4105 5950 3470 9307 10276 9689 9721 6601 7079 5293 5271 4775 11583 8489 2882 15343 9607 2267 8761 11225 10922 11782 2240 10714 8789 10355 8385 4926 7346 12921 5913 4988 3164 12642 13264 6001 12173 4826 6735 7342 7388 5915 8061 8096 7395 8631 12490 10920 8375 4277 5960 8475 10907 9237 4737 6266 8070 8991 9502 12474 13933 9894 9777 5665 5167 7299 5667 8937 11029 6526 7596 8841 12904 15532 8127 11867 5240 2473 10745 4652 9964 5482 5907 2239 6383 10907 7908 11186 2723 9107 7982 5205 9327 3771 3521 10087 7030 4411 6196 9947 8516 10279 8801 9512 0 9427 6521 3616 2747 7886 11148 11713 5166 6027 11684 13347 10762 12229 10516 8579 14037 4839 9659 7362 7622 11737 13121 11378 7487 8602 4666 9493 7552 4855 10553 5738 6672 13039 3965 16610 4517 3137 11030 4100 7583 9915 876 17257 7912 9884 8091 6791 9611 8376 13187 16148 11862 12787 9779 12022 7136 8264 4031 11057 13351 12576 6084 1168 10473 11702 15279 7900 9609 7883 3871 7843 2843 4129 13360 9753 5987 10156 4574 3352 11414 4955 15044 4444 8285 7507 6135 6577 8295 11012 9687 11462 6548 7091 2484 10906 7366 3843 9305 8302 12468 9181 2720 9691 5649 15369 7066 2136 15732 8844 12004 8814 1418 12688 11676 8605 13346 11699 7747 6872 9121 15843 9833 16833 5514 11935 9584 2766 4083 6983 7000 9497 13361 4912 9906 6713 6932 7364 10195 6065 5233 7179 8180 8305 7649 3061 4630 3680 7759 2941 10819 6251 7266 13873 7038 8162 7402 14116 2986 7962 5779 16186 9757 6227 9451 5159 12143 4913 6965 15050 5520 14186 8449 10751 3678 7244 14538 6136 5510 5500 11977 10220 9940 8173 13533 10053 8242 3827 9821 2806 8285 7075 9721 5479 9781 7279 10181 9539 3688 9944 3420 7402 9938 6885 5348 6702 6477 13351 5476 6188 7250 5405 6768 9953 10778 4443 7986 7181 12215 5814 7034 11692 3894 10855 5748 12423 3503 13396 5662 1880 10222 7933 8721 1272 4453 14681 6069 11692 8943 7605 5646 14417 6636 11311 12668 4824 5045 12142 10994 4111 6011 6987 4188 3804 10220 3435 2765 11388 13407 10730 9671 6622 14068 5100 5201 8229 6574 5324 12099 5345 4777 9187 9048 9544 2571 9441 2595 12596 11481
4016 12774 2729 13126 8328 11875 4699 10919 10612 10258 4268 3273 10362 15382 7069 4338 4645 7973 5707 13987 6520 7943 5026 928 417 5070 4978 5177 4161 14015 10281 3843 6682 10716 3692 10940 8428 16516 9653 3516 7857 4420 14548 14214 11996 5235 2347 8529 10920 8569 10791 3526 4786 7887 4453 8204 14572 4779 14935 12806 11386 16137 15680 15682 5491 12296 5771 5153 13285 7218 1626 8979 9558 5561 11062 8410 10459 6261 8213 4438 11118 15059 8878 14170 3793 16084 1857 13058 4044 1023 7722 8220 15592 10442 14499 11524 13385 12340 17763 13259 12235 9605 15760 4297 7666 3226 8865 12343 13781 13777 9444 11833 6169 17345 12775 13171 7282 1140 13254 8033 4558 11965 9427 0 5571 6964 8002 6813 15237 12567 12648 5298 2463 4864 1868 4474 7678 1323 9364 13919 11923 15807 12695 2333 9932 2453 5893 9664 12051 14684 3427 11777 2888 9488 14791 3903 5753 10718 13461 11638 1620 5338 8240 4001 8871 10956 4394 8358 12761 13473 13575 15650 4271 9762 8713 8518 16973 12018 9148 9872 8122 16982 3983 10126 13237 10460 2425 9987 8456 14137 3974 3958 13131 12878 11996 12626 4078 7427 12201 6692 7693 12671 2079 14203 7786 12369 8284 15999 4695 12782 3996 11458 1250 8643 3421 3098 10886 2533 9114 12921 4331 2673 8751 16086 11400 14806 14449 9460 6635 7490 10437 2321 5660 14735 9886 11241 16864 9962 4701 6810 3017 2815 11196 9076 4027 10970 14938 2594 16403 11968 8429 4854 2433 2823 9605 6678 7905 3578 14980 12108 6693 13894 4363 15173 14676 16456 1991 11880 9574 11193 4176 12023 3363 3940 6633 6066 15357 15524 15691 8065 11164 15812 9272 9518 16821 6850 9692 6084 2776 4625 10478 7802 13768 8568 14021 11299 8315 16308 7724 14716 4313 14899 4190 14306 8579 1651 5851 16221 13546 12782 2267 10412 2745 11935 17202 8860 2401 6659 17654 257 11474 520 8199 15052 5124 10578 5084 10608 8884 4601 6009 4418 8256 13655 11296 2770 1492 6396 12698 2468 17899 3897 4156 5956 8926 15681 15169 11608 12808 4617 13413 7571 4935 12405 16018 10326 13867 9067 3358 17930 4641 15803 10380 6473 3993 3374 3256 5798 6300 17504 4180 5790 14486 7244 5301 7208 1624 8015 8386 8176 7475 6471 6555 10265 9179 13231 5740 14882 7994 13023 3529 4110 14146 10159 15911 10617 8982 3975 11060 7406 12277
9577 13004 4610 7591 6928 7220 9798 6007 9929 5993 6375 5604 10655 14265 2546 9799 3355 4673 5307 12361 3131 3441 9502 5188 5596 503 7467 1586 3925 11194 6070 7623 3951 8941 8230 8707 10953 10949 5351 6160 4294 4489 9045 8668 12925 5715 5114 13050 10927 3269 9232 9030 7517 2347 6201 8492 9591 1043 13701 11906 5820 14553 13886 10373 6217 7111 8936 3797 12134 2489 7147 11563 9406 264 5506 11066 12623 11317 13226 3594 5850 11840 9193 8898 3397 10782 6293 12400 1695 5751 6386 9148 10406 6320 11631 8994 7965 10888 16398 11797 11633 5455 12574 4746 9971 5540 7694 6805 13622 11710 11905 7302 5228 16384 7348 10927 1719 6633 7694 11498 2441 6511 6521 5571 0 6506 3953 9372 9690 7571 7724 660 7966 10434 7432 6263 11387 5715 14060 11329 6499 13872 12875 7623 6959 8024 1052 11655 10776 9128 2178 10768 8157 9941 9917 7866 3024 10094 11034 7387 6702 3747 2822 3762 6485 10737 7624 4033 7206 12750 8013 14633 9815 9634 12704 6351 11649 7316 3592 4427 7917 11447 9221 6632 12197 7098 5113 5994 8817 8723 3454 1925 9287 7349 8171 10600 8354 10832 11664 10557 2640 9759 7522 11364 8668 10758 3107 11233 1153 7448 7599 6521 4976 12472 5397 5731 8839 5584 10626 8886 3018 6585 6120 15338 7314 9245 10007 8848 8738 4468 9248 3629 5617 14560 6170 7205 11293 4582 10271 5179 6368 4996 12863 9362 8588 10320 11538 7247 11013 8203 3495 7290 3986 3874 7058 1755 11224 5819 10057 12417 3727 8969 4660 10213 14139 11487 5110 7790 9354 9754 7342 9459 8609 5679 8863 11576 13530 10310 13893 7604 9293 14375 9822 9690 11470 1286 4641 6914 8112 4516 4914 8671 9052 13566 8512 6309 3599 13700 8097 12650 2397 11209 9622 8748 11676 5520 7378 10727 8023 8653 4492 8809 3005 6425 16073 3427 7439 8889 16540 5809 9890 5996 7579 13747 9392 11274 6016 5066 3317 10165 1056 6166 9991 11854 5781 4355 6251 6614 13084 3394 12339 4922 6728 5225 4031 10110 11578 7257 9071 7840 8505 4921 9413 6846 14996 7767 10616 14091 3859 12413 8491 14084 4984 8288 1662 8795 8090 1766 7028 11935 4887 5462 9826 9130 3432 2825 7099 7426 4167 12135 6900 4215 3221 4718 13947 11509 1356 14254 2425 11604 9092 4126 11051 4906 10547 5381 4725 3283 6925 12160 7279
9789 6553 4258 12134 13056 13377 7960 7296 3766 12393 10623 3828 4157 8504 9041 10520 8912 3542 1382 7023 3817 9899 6733 7504 7337 6308 3521 4921 3206 7357 12483 5066 2983 15265 6213 4218 5398 14316 11767 10007 3865 9606 11914 12982 6428 1748 4632 9312 4488 6787 3846 9713 11462 7258 10657 2007 10283 6882 8023 5946 10319 9183 8716 12073 11293 12740 4761 2766 6368 8953 8191 5940 2964 6253 10204 5602 6565 8923 10327 8972 11480 8574 2691 10659 3856 12406 8775 6295 6769 6139 12455 14362 11639 12747 7838 4905 12993 5376 10853 6299 5475 5257 9214 9705 4465 9492 1922 11436 7301 6854 6130 7270 1278 10539 10049 6310 7115 7160 11312 6739 8108 11597 3616 6964 6506 0 4528 4318 13889 13409 8588 5851 8872 10139 7883 10703 6936 5832 10429 7155 11689 8847 6433 9095 13448 8448 7550 5594 5097 12486 6413 4864 7363 3439 10260 10845 3535 16086 6652 6708 8564 2774 8685 8820 2758 16586 4411 10500 10833 6692 12227 8803 10136 15402 8299 12678 13273 13435 8732 9883 1428 14306 10588 13136 6345 4772 8667 12458 14313 11118 8560 7010 7390 10689 6436 5722 11042 6182 5470 6542 5950 6173 8703 7544 13879 5407 9250 11123 5579 9711 4850 12504 7615 7915 3604 4067 4080 9019 4411 7434 8446 5155 12542 9343 6309 12672 9259 14785 3495 3164 15411 7237 11025 8263 4827 13627 14754 10174 10187 11251 4580 4153 6543 14923 6394 16330 8590 9557 13001 6347 5979 3447 4803 8025 13493 5613 6374 3603 10514 5942 10085 9598 2688 10758 8003 11909 4984 6674 2933 4230 4302 5373 7554 3149 3692 10484 8394 11656 8727 13409 4275 8873 3331 15321 13226 6919 10698 1552 9427 2531 9157 13890 9108 10575 11503 12257 5576 9471 13542 7779 4396 8795 8680 12913 6495 5423 12115 13333 11202 7437 8094 3489 6857 9795 10342 7320 6649 3707 10804 6998 4519 7439 1266 8128 6375 4774 2025 9014 8108 10227 5734 2878 4016 6698 9332 8388 8443 843 6606 5314 15435 3071 3641 10918 6115 13803 8955 13573 7003 11437 9168 2696 6685 10594 9175 3914 7494 11068 3926 15029 5406 8840 8136 12916 5702 8100 10169 4863 1430 15279 9725 1251 9623 3514 3081 4900 7319 1081 4855 7808 12703 10405 9626 8815 10455 6270 5255 8170 7774 6064 8989 3130 7641 10683 12462 11121 5120 8419 6131 8986 13139
11826 10184 5752 7620 10783 9382 11019 3122 6906 8748 10086 6221 8126 10718 5936 12298 7279 1114 4100 8697 1496 6561 10187 8026 8208 4137 7250 3063 4232 7259 8858 8234 1765 12627 9218 5013 9892 9890 8188 9732 692 8360 7541 8455 10528 4931 6371 13329 8186 2400 5807 11466 11178 3274 9965 6377 6662 4886 10131 8574 5830 10834 10120 8074 10121 8452 8747 3263 8672 5739 9603 10450 6793 3719 5750 10081 11074 12322 14019 7491 7244 7890 6933 6573 4311 8451 9333 9153 5288 7677 10273 13094 7821 9140 7688 5173 8527 7371 12705 8221 8473 1634 8624 8589 8931 9113 4764 6939 10546 7923 10656 3832 3611 12831 5649 7115 3449 8773 6805 11054 6353 7176 2747 8002 3953 4528 0 8642 9364 9195 4756 3572 10430 12487 9627 10025 11151 7484 14434 7426 7291 10068 10037 10322 10377 10261 4844 10110 7349 8031 5412 7472 9792 7629 6828 11212 2296 13963 7170 3680 9500 3052 4855 7588 3022 14641 7860 7137 6319 9448 7699 11112 12129 13561 12537 10088 9347 9405 4521 5677 5610 9993 11979 9830 8781 3153 8502 8963 12770 6841 7276 5573 5418 6200 4278 6870 11612 10441 8536 10568 1835 5829 10078 7425 12611 7180 5548 8002 3854 5405 8098 8413 7941 12195 5924 6459 5216 8964 8907 5084 6902 7660 9746 11902 3506 8209 6469 12746 7842 1367 13050 6859 9557 11421 2220 9972 10318 6005 12417 9085 7192 5978 10948 13312 9515 14181 7600 10289 8925 4294 1511 7104 5644 7386 10630 2239 10707 6236 7033 9693 7526 5967 4586 7241 10847 8512 6585 3994 6707 6336 7634 5608 10151 5846 8024 13287 9763 7788 10126 11539 5710 10708 7595 13634 9246 3496 6768 5739 10777 4254 4673 12615 5774 14316 7091 8154 1085 9770 12050 8839 3701 7319 11302 8386 10926 7124 11240 9066 6748 4893 7839 5411 6239 5285 12467 2930 8996 8044 12928 8172 6389 8515 5071 10148 9927 8916 5387 4502 3861 12376 2900 6038 8544 8148 4806 7868 9157 5115 10347 5551 11083 5162 6875 9178 1588 9319 7670 9742 5168 11403 5488 1880 10114 6071 11460 4017 6664 14837 4859 10798 8907 10336 3610 12143 4490 10539 11088 2464 5728 10872 8704 4202 6485 7980 2916 1130 9141 4988 411 12005 10839 8101 6996 4326 14405 7847 2756 10915 3847 8056 11156 4397 7098 6569 8395 6959 981 7103 3135 12754 8947
7750 6637 5137 16072 14741 16589 4997 11570 5841 15320 11079 4061 4622 10060 11820 8650 10612 7773 4577 9388 7574 12756 3477 7687 7225 8998 2003 7917 5451 10809 15386 3074 6917 17113 3864 7882 1667 18527 14674 10329 8033 10861 16153 16996 5476 3840 4959 5084 5315 10669 6975 8011 11552 10830 11248 3467 14595 9304 9782 7679 14215 11173 10992 16389 12217 16294 1239 5859 8319 11821 7228 2265 4598 9172 14040 1723 3652 5359 6339 10538 15012 12161 3691 14966 5989 16724 8562 7644 8869 5792 14118 15032 15956 15619 11253 8622 16801 7910 12426 8628 6927 9556 12699 10831 870 10009 5526 15331 7825 9713 2688 11586 5031 11693 14270 9449 10511 6298 15432 2428 10065 15354 7886 6813 9372 4318 8642 0 17946 16855 12905 8740 7570 7681 6629 11273 2632 5507 6190 10446 15411 11250 6607 8105 15801 6956 10286 2862 7499 16673 8282 7007 5416 3867 14556 10404 6985 17411 9892 11009 8016 6009 12021 10217 7011 17715 2423 13323 14939 8050 16249 10205 8087 16513 3982 14672 17591 16681 12359 13448 4083 18574 9132 15717 8167 9014 9172 15248 15238 15391 10053 9008 11505 14839 10643 8782 10365 1868 6834 2429 9737 9904 7646 10980 14594 8112 12443 15366 8237 13970 2872 15848 7952 3598 4155 4072 7621 9339 2582 11626 10170 4143 14723 10366 10601 16851 13475 16123 823 7331 16998 8331 12244 8692 9143 16499 18957 13690 7858 13030 3838 4763 4418 15861 3787 17664 12306 8989 17312 10541 9972 2174 5932 9113 15659 9119 2070 3759 14814 5999 12324 13912 4728 15059 8925 16189 5220 10943 4687 7089 2640 9003 5325 3749 627 7452 10749 15974 11004 14710 7582 10744 3628 16299 17543 10203 13972 2906 8232 4925 13067 14610 13403 6534 15720 15622 9607 12441 14491 10473 6975 12678 6143 16960 2339 5270 12663 17613 15389 11662 8828 6802 8276 13913 11703 11177 5071 611 12105 6688 7447 7078 4632 9952 3060 4412 3440 12985 11802 7986 8952 3219 1742 9314 13399 9281 8157 3571 6456 6681 19689 4464 2867 12382 10206 17957 12758 16615 11109 11293 13484 6934 3483 14670 10539 7923 11248 6987 5607 19321 2587 11019 12215 13276 7986 5930 9285 8154 2942 19503 10765 4458 13889 1066 6299 8727 6155 4551 9010 3502 14065 12401 11978 12741 6252 8891 8453 9184 11259 8395 6951 5248 11263 14124 16773 14590 9354 9970 10440 4991 16570
19210 18845 14060 2118 11965 5900 19424 6957 15619 7256 14747 14891 17158 18051 8585 19341 11605 10370 13368 15937 10384 8014 18951 14752 15222 10193 16370 10553 12892 13182 7354 16994 11037 12130 17765 12919 19251 2085 7394 14895 10025 12685 3001 1023 19532 14135 14635 22363 17056 7308 14126 18615 15853 7487 14438 15671 6587 10470 17464 16659 3892 17545 16720 4979 13761 4074 17900 12190 16477 8347 16771 19814 15855 9740 4184 19436 20405 20905 22766 11929 4632 12738 16161 4966 12619 5168 15669 17323 11212 15434 11900 15519 5772 7491 13338 12589 2385 15241 19301 15807 16850 8932 13239 13003 18284 14365 13797 2895 18860 14817 20019 7937 12935 19918 4209 14057 8023 16318 2632 20325 11112 3429 11148 15237 9690 13889 9364 17946 0 4622 6643 10076 17567 20098 17105 14497 20363 15381 23431 13689 3553 16476 18688 17138 9696 17682 9393 19450 15414 2038 11811 15757 17835 16804 7132 16786 11042 14304 13807 8694 16207 12012 7031 12345 11865 15200 16807 7960 3075 17490 1716 18474 19425 14668 21744 10859 5403 5727 6098 5429 14880 3198 18641 8745 16672 10528 14271 7839 14755 3957 12136 11339 10126 3307 9842 14218 17354 19690 16953 19681 8269 12275 17102 13241 15184 14933 7152 8060 10705 4781 16917 5271 14492 21432 14626 15076 13253 14694 18233 9527 11606 16105 10184 19406 9085 1852 8723 13675 17164 10725 13111 13109 12930 19570 9752 7562 2134 5422 19918 11364 15785 14407 20183 14985 18110 14394 12170 16557 4587 9982 7974 16207 13567 13061 10407 9065 19992 15018 6971 18482 9981 6712 13485 6852 18770 7312 14697 9142 15753 14578 16545 12748 18279 14732 17339 21266 16415 5573 16720 13284 13733 17645 16809 15048 5118 8443 6140 15066 17626 13203 4954 15173 7533 23094 3018 5210 8349 15141 14376 15421 11619 11320 19310 987 20259 15152 14963 3407 3010 9224 13775 13844 12551 4112 19418 6830 17099 17361 19810 15481 14460 15634 14301 17390 18773 18012 14568 4977 6449 19799 9508 15069 17905 15334 4560 13461 15720 14469 19083 13055 3370 13961 15826 12243 7777 1159 11751 6762 10303 16375 6726 11206 18867 3295 18742 12043 12019 23622 13183 4119 17794 16986 5754 15748 11336 18484 17384 10095 15072 2748 13210 13489 7928 17335 11756 9236 16787 14249 9036 21192 12884 10689 9713 5252 23358 15237 9932 18735 7273 15744 18766 13099 12564 5442 4627 5098 8838 12018 8937 21611 4726
16293 19376 12169 3391 7573 1288 17148 8197 16091 2881 11044 13175 17294 19506 5501 16240 8241 10309 12485 17386 9591 4634 17014 11886 12441 8013 15006 8941 11421 15112 2949 15176 10436 7518 15706 13876 18377 6693 3241 11356 9876 9122 6601 4008 19688 13070 12643 20589 17380 6797 14876 15612 12058 6152 10703 15390 9705 7965 18905 17622 3945 19318 18521 8809 9829 878 16495 11045 17617 5372 13916 18980 15965 7736 3781 18513 19894 18702 20644 8542 1951 15070 16014 8112 10948 9117 12524 18238 8633 13031 7612 11158 9431 3014 15394 13786 2327 16309 21177 17059 17607 9577 15700 9424 17386 10919 13957 3323 19685 16399 19283 9683 12220 21549 6504 15578 6365 13706 5115 19050 8043 2490 11713 12567 7571 13409 9195 16855 4622 0 8857 8159 14631 17257 14386 10756 18954 13068 21575 15505 2274 18360 19228 14079 5152 14886 6837 18915 16365 5857 9297 16566 15400 16738 10259 13232 9985 9706 15460 10311 13176 10925 4834 9005 12181 10604 15195 4295 5089 18497 4072 19921 16449 10133 20274 6480 9605 1109 4699 3537 14677 7759 15404 4216 17762 11537 11043 3436 10346 7197 8876 8653 12205 5551 11519 15542 13822 18385 17681 18127 7496 13904 14147 15221 10869 16061 4466 11480 8723 7113 15162 1112 11577 20039 12966 13298 14151 11398 17789 11601 8394 14092 5806 20787 10574 5784 11484 9149 16170 10468 8514 10262 9009 20527 10548 2950 6752 3236 17025 7319 13919 12559 19952 10516 16068 9788 14559 13300 8753 11634 7701 14830 11501 9970 5881 7829 18765 13387 10197 18889 6282 9519 12131 10172 19876 11014 12596 10833 15883 15392 14912 14092 15871 13228 16312 18591 18180 9239 18524 8911 14659 19305 16676 10540 9323 6654 2941 14201 14545 11932 4835 10855 10186 20992 6260 1277 8127 17421 10054 17181 9923 13836 16757 4318 19184 12946 10947 7725 5867 11277 10684 14509 9836 5567 21113 6273 14759 16338 21550 12824 15381 12862 14189 18880 16930 18054 13432 5172 5348 16869 7905 13690 17265 16790 5449 10272 12671 13758 19543 10836 7982 12459 14291 8314 7821 5712 14283 2143 12241 12638 9312 11013 16923 4915 20241 12882 14085 21510 11428 8722 16052 18771 6262 11644 9159 15940 14072 8726 14274 7343 9635 12632 10819 16495 10616 8533 14190 14083 9029 19705 8605 6868 6197 5156 21446 16580 8406 19908 5652 16935 16001 11629 14635 2742 8608 2289 9142 8804 10282 19649 293
16546 12444 10506 5852 13468 9652 15753 1742 9348 9890 14086 10957 11046 11409 8554 16978 10937 5259 8610 9300 6240 8700 14853 12559 12814 8107 11791 7502 8986 6566 10018 12926 6429 14736 13944 6487 13897 6241 9560 13882 5137 12123 3854 6103 13324 9477 11125 17826 10822 4496 7753 16153 15235 5694 13894 9990 1924 8767 10823 10119 4954 10923 10099 3487 13755 7979 13223 8003 9887 8276 14269 14388 9827 7583 5209 14120 14659 17016 18652 11218 7254 6282 10323 2143 9050 3820 13811 10789 9373 12401 13102 16440 3096 10285 6759 6055 7100 8689 12707 9198 10388 3396 6874 12404 13013 13261 7876 5594 12336 8175 14490 1431 8048 13284 2528 7419 6296 13484 4202 15327 10083 6368 5166 12648 7724 8588 4756 12905 6643 8857 0 7650 15103 17231 14339 13957 15512 12221 18941 7057 6584 9871 12287 14935 12182 14973 8202 13766 8903 4712 9695 9298 14548 10862 2194 15544 7045 16521 7165 2177 14072 7791 6747 11451 6018 17326 12492 9093 3968 10925 5472 11832 16842 16413 16883 12523 4695 9580 5657 6302 9192 5934 16589 11369 10094 4241 12784 10335 15929 2879 11150 9629 3516 3552 3228 7611 16002 14765 10501 15044 5119 5637 14726 6638 15989 8368 7409 3518 8137 1901 12774 8602 12426 16503 10659 11200 6838 13257 12531 2907 10675 12409 11989 12766 2610 4918 2709 15475 12082 5763 15433 11201 13046 12998 3792 10891 6695 6624 17153 12073 11930 10733 14222 16378 14230 16698 5745 14778 4426 3371 4292 11663 10358 11571 12676 6120 14961 10951 2349 12154 10384 1255 9303 2529 12168 3814 11333 2551 9715 8152 12285 6158 14906 10541 12278 18043 9787 3088 10099 14522 7283 11009 10921 16614 4639 6638 7777 10047 15404 8966 4415 15987 1464 18935 3655 8365 4342 8677 15301 8789 8343 4986 16058 5873 15051 11869 14971 4918 3645 2594 12139 7537 10560 3292 12790 4521 13752 12293 13190 12836 7986 13150 8581 10748 14567 11932 9935 4021 5262 17104 6873 10669 12403 8697 3483 12057 13687 9349 12713 10180 7101 9891 11525 12509 3764 6064 5434 10338 3666 15563 782 6042 14785 4021 12099 5737 5429 19449 9607 6528 13546 10363 3208 15878 8848 15294 15604 6871 9978 7093 12563 8679 2230 12074 7671 5440 13868 8585 4347 16382 13893 11105 9887 4238 18941 8616 6999 12120 6039 9149 15894 9148 5982 7165 3888 7292 3806 10982 2599 17355 8723
9314 12361 4074 7998 7480 7849 9356 5913 9306 6648 6562 5033 10004 13687 3206 9593 3719 4183 4646 11809 2582 4099 8988 5017 5370 574 6853 930 3289 10748 6727 7082 3363 9543 7741 8176 10311 11244 6007 6274 3832 4788 9251 9058 12268 5060 4608 12513 10284 3313 8652 8804 7681 2613 6420 7835 9548 1323 13128 11304 6187 14009 13355 10459 6550 7668 8336 3136 11549 3148 6906 10921 8761 433 5897 10428 11969 10856 12748 3921 6396 11450 8537 8963 2789 10866 6202 11789 1755 5372 6923 9542 10439 6978 11194 8495 8445 10314 15844 11229 11015 5143 12184 5020 9328 5650 7076 7212 12994 11190 11258 7111 4573 15804 7494 10418 2053 6313 7973 10892 2793 6982 6027 5298 660 5851 3572 8740 10076 8159 7650 0 7736 10137 7136 6481 10796 5306 13536 10858 6985 13353 12233 7448 7603 7743 1699 11000 10190 9398 2053 10166 7764 9285 9841 7894 2394 10631 10543 7131 6543 3088 3359 4019 5935 11249 7047 4693 7476 12143 8380 14050 9567 10127 12124 6948 11745 7941 4001 4922 7266 11685 9075 7289 11605 6677 5136 6654 9257 8863 3707 2031 8973 7582 7841 10069 8354 10227 11044 9982 2534 9312 7309 10921 9057 10194 3710 11133 629 7539 7047 7125 4841 11882 4813 5174 8293 5608 9966 8603 3332 6085 6742 14742 7022 9526 9819 9370 8096 3934 9815 3559 6004 13935 5788 7863 11603 5104 9991 5707 5833 4451 12203 9817 8095 10860 11170 7167 11142 7863 3363 6676 3504 3937 7684 1535 10612 5233 9997 11770 4322 8904 4019 10166 13529 11447 4636 7505 8711 9171 6766 8968 8205 5070 8224 11223 13000 10354 13363 8094 8737 13819 9165 10159 11579 1642 5244 6256 7933 3865 5211 9061 8926 13083 8723 6906 3389 13246 8522 12136 1769 10884 9251 9118 11052 5078 7670 10926 8249 8386 4489 8228 2918 6637 15502 3566 7023 8250 15970 5525 9318 5753 6937 13179 8860 10617 5369 5319 3638 9898 777 5544 9336 11313 5998 4424 6118 5953 12437 2984 12614 4305 6133 5666 3898 10436 11240 7906 8736 7957 8432 4360 8900 7125 14414 7256 10220 13610 3279 12632 7939 13548 5103 8575 1305 8427 8003 1207 6369 12237 5140 4802 9690 8481 2775 2472 6766 6782 3834 11556 7383 4765 3829 4980 13432 10959 831 13648 2816 11032 8786 3493 10638 5465 10661 5940 4419 3534 6637 11652 7870
1664 14038 4889 15450 9396 13826 3689 13377 12297 12133 4712 5045 11740 17012 9196 1876 6433 10334 7756 15808 8940 10006 4727 2816 2371 7472 6138 7640 6432 16136 12137 4542 9035 11691 3752 13014 8988 18912 11567 3998 10248 5811 16985 16546 13026 7130 4351 7673 12364 11023 12711 1068 4621 10303 5027 9760 17027 7104 16614 14454 13750 17890 17505 18143 6230 14441 6358 7456 14991 9380 837 9449 11145 7977 13414 8900 11024 5047 6871 6158 13313 17247 10362 16632 6159 18546 2209 14619 6361 2843 8847 8300 18054 12263 16621 13642 15630 14167 19415 15057 13814 12018 17932 5580 8435 4102 10793 14672 15144 15723 9938 14261 8280 18875 15226 15178 9685 1741 15660 8065 6606 14240 11684 2463 7966 8872 10430 7570 17567 14631 15103 7736 0 2631 1006 5016 7580 3110 8280 15989 14181 17669 13982 743 11402 651 8176 10380 13840 17094 5792 13502 2232 10873 17238 3114 8158 11226 15504 14038 1475 7654 10540 5687 11061 11269 5290 10349 15172 15039 15928 17241 1858 10145 8289 9839 19435 13983 11508 12160 9842 19406 1717 11758 14912 12759 3672 11788 8773 16590 5774 6228 15460 15304 14336 14595 2903 7577 13760 6614 10154 14840 486 16324 7953 14239 10508 18433 7143 15241 4771 13521 3089 8350 5283 4806 12920 3431 10104 15281 6239 3822 10205 17577 13783 17211 16852 10082 7656 9837 11203 4465 6693 16068 12247 12998 19249 12221 2394 8185 4372 4835 11950 9348 3933 11468 17165 1865 18860 14301 10891 6073 4799 4661 10953 9138 8050 5276 17429 13376 8490 16346 6479 17626 16138 18907 4036 14259 11182 13063 5183 14134 2513 5723 7591 4054 17199 17986 17516 8797 13145 17530 10639 9792 19281 9252 11838 7722 665 6783 12880 7974 16203 7220 16455 13386 10774 18337 8142 16638 6761 17182 2616 16654 8790 3522 6084 18661 15975 15156 3950 12361 5017 14367 18790 11302 2515 7612 19227 2267 13371 1984 10033 16749 5008 11790 6867 13027 11282 2247 8460 6062 9233 15535 13726 4384 1977 8184 13907 4925 20305 5932 5505 7186 11387 18057 17430 13460 15124 4159 15865 9867 4658 14812 17601 12490 16080 7661 5666 20363 5018 17603 12831 6397 6434 2076 1788 8260 7938 19894 5398 7810 16914 8277 7656 9665 1565 9856 10820 7832 8345 8103 8466 12680 8038 15101 8201 16368 10375 14816 1511 6342 16323 12365 18370 12808 11411 5833 13453 6424 14347
1006 14316 6743 17985 11866 16457 2737 15538 13139 14763 7117 6515 12236 17663 11805 1601 9064 12221 9259 16735 10994 12627 4248 5396 4885 9933 6856 9915 8298 17494 14767 5155 10934 14096 4030 14357 8751 21373 14199 6467 12207 8414 19370 19075 13070 8495 6131 6042 12911 13358 13844 1765 6765 12740 7457 10559 19146 9631 17335 15185 16250 18687 18407 20402 8662 17052 6460 9320 15784 11981 3354 9078 11912 10418 15926 8595 10651 3365 4798 8788 15910 18705 11046 18884 8181 20798 4815 15237 8891 4852 11345 10329 20251 14889 17974 15040 18210 15138 20052 15968 14475 14005 19352 8169 8469 6661 11999 17203 15506 16825 9556 16274 9833 19364 17568 16377 12142 3827 18107 7349 9222 16805 13347 4864 10434 10139 12487 7681 20098 17257 17231 10137 2631 0 3003 7436 6777 5012 6370 17271 16754 18618 14288 3257 13973 2416 10730 10208 14769 19534 8288 14355 2797 11415 19310 5136 10191 13414 16752 15969 4104 9530 13088 8317 12629 13345 5904 12978 17612 15652 18439 17837 1013 12289 7063 12382 21693 16614 14012 14716 10831 21817 2617 14362 15665 14480 6294 14414 10921 18916 8405 8781 17206 17716 16119 15751 4696 7041 14398 5964 12448 16296 3117 17681 10049 15265 13092 20443 9522 17535 5393 16146 5690 7257 6803 6257 14207 6025 10249 17097 8868 5049 12779 18040 15672 19660 18767 12353 8035 11707 13523 7046 9203 16371 14102 15617 21724 14792 338 10758 5613 6561 11736 11452 3972 13647 18692 4264 21161 16066 13130 6858 6893 7288 13496 11452 7457 6643 19519 13680 11119 18453 8147 19728 16595 20997 5902 16130 11972 14120 5926 15511 2590 7110 7912 1526 18128 20198 18418 11149 14352 18285 11173 11884 21555 11710 14447 8753 2856 8480 15335 10072 18233 5116 18847 16007 12964 19522 10367 17690 8947 18814 1546 19170 8196 5363 8312 21035 18380 17008 6579 13543 7562 16766 19354 13680 3568 7925 19766 4625 14455 4468 11150 17492 4652 12092 8132 15456 13744 570 10821 7269 9423 16546 16130 7015 4607 9350 14124 7199 22750 7552 6508 9737 13598 20544 19018 16088 16846 6195 17973 11640 4225 17258 18180 13982 17595 5474 7627 22754 5182 18469 15176 8438 8835 2044 3771 10509 8953 22363 7980 9275 18909 8608 9599 11846 3394 10990 12891 6735 10763 10720 11097 15115 6085 16110 10509 16850 12858 15727 1354 8162 17772 14957 20657 15406 13458 8463 15370 4790 16971
2211 13052 3981 14994 9637 13652 3202 12626 11291 12001 5113 4060 10743 16006 8899 2716 6316 9468 6792 14805 8131 9753 3990 2513 1945 6930 5143 6943 5542 15168 12016 3575 8169 11984 2879 12040 8091 18370 11411 4354 9406 5871 16376 16082 12065 6145 3415 7195 11363 10374 11717 1880 5227 9737 5391 8754 16260 6647 15608 13448 13250 16884 16502 17450 6562 14138 5434 6571 13985 9058 702 8573 10139 7414 12928 8017 10136 4700 6614 6072 12971 16295 9358 15934 5323 17848 2429 13615 5910 1956 9061 8891 17327 12162 15653 12677 15248 13165 18409 14053 12809 11190 16974 5681 7497 4316 9802 14211 14151 14729 9060 13447 7325 17873 14584 14191 9139 855 15104 7285 6348 13832 10762 1868 7432 7883 9627 6629 17105 14386 14339 7136 1006 3003 0 5391 6832 2188 7908 15012 13787 16667 12994 1481 11478 635 7757 9461 12836 16532 5295 12496 1480 9874 16452 3857 7337 11694 14523 13194 1681 6774 10107 5610 10118 11805 4311 10143 14609 14034 15440 16236 2504 10650 7652 9975 18742 13801 11014 11738 8838 18819 2717 11757 13905 11852 3714 11697 9290 15938 5642 5816 14564 14717 13448 13604 3749 6760 12755 5848 9475 13884 1021 15356 8512 13239 10141 17623 6523 14567 3799 13275 2837 7670 4306 3816 11940 3594 9142 14404 6057 2816 10283 16576 12925 16657 16006 10502 6680 8964 11576 4125 6919 15078 11375 12934 18721 11826 2859 8285 3367 3892 11030 9885 3108 11941 16225 2475 18193 13408 10179 5073 3984 4488 11084 8471 7240 4282 16650 12389 8387 15574 5538 16852 15138 18130 3121 13396 10176 12064 4192 13166 1880 4733 6622 4212 16197 17266 16513 9166 12157 16524 9641 10332 18597 8707 11532 6717 1633 5850 12332 8532 15399 6970 15851 13124 10034 17352 8618 15642 6008 16261 2417 16173 7969 2590 6594 18044 15382 14289 3824 11370 4598 13769 17785 10685 1558 6644 18223 1624 12374 1524 9034 15743 4223 10806 5872 12454 10741 2781 7827 5061 8269 14535 13131 4306 2072 7185 12926 4218 19748 4977 4499 7337 10660 17542 16501 13345 14222 4842 15093 8966 3912 14255 16597 11536 15136 7446 4803 19759 4112 16599 12190 7014 5833 1659 2657 7548 6933 19360 5522 6840 16097 7303 6798 8918 564 8858 10024 7163 8657 8082 8300 12113 7691 14101 7528 15368 9856 13813 1661 5438 15368 12014 17693 12469 10606 5672 12603 5987 14097
6437 16961 6613 12439 4433 9725 8583 12258 14468 7965 324 7486 14512 19193 5993 6041 3072 10463 9329 17568 8808 6483 9298 3586 4073 5946 9384 7002 7518 17004 7935 8314 9356 6680 8038 14158 12898 16189 7519 1037 10182 1883 14714 13526 16325 9129 6501 12584 15007 9463 14312 5672 1362 8330 63 12274 15789 5229 18694 16647 11063 19774 19219 16346 1226 10798 10244 8238 17044 6261 4696 13452 13553 6438 10674 12884 14924 10032 11884 2766 9900 17825 12985 14938 6903 16754 2966 16989 4738 5487 3931 3774 16489 7986 17469 14611 12268 15955 21512 16893 16166 11620 18557 1576 12117 1271 12461 11732 17882 17154 13916 13561 9629 21241 13247 16449 7696 5241 13157 12459 3876 11070 12229 4474 6263 10703 10025 11273 14497 10756 13957 6481 5016 7436 5391 0 12068 5766 13263 17034 10946 19283 16868 4282 6677 5559 5789 14111 15731 14556 4679 15552 6854 13654 16143 2559 8266 6317 16652 13611 3712 8351 7806 2506 11917 6495 8861 6590 12734 17391 13051 19503 6456 5311 13000 5032 17580 9904 8983 9200 12032 16918 5044 7211 17037 13038 2124 7504 3986 14598 2811 4455 15441 12997 14303 15995 3146 11871 16153 11076 8903 15580 4596 17184 3324 15918 7455 17474 6178 13466 8470 9699 3332 12981 7543 7373 14192 1941 13493 15082 3284 7143 5515 20040 13501 14622 16268 5111 11043 10098 6197 3485 1854 18846 12216 8579 16445 9128 7129 3556 7445 6868 15625 4603 8338 6566 17584 3189 16865 14317 9758 9246 5936 2747 6130 7979 12351 7812 16270 16303 4541 15190 8028 16412 18678 17671 6176 13985 13548 14779 8633 15107 7271 8074 11058 8950 18875 16372 19228 3787 14561 19505 13456 5047 17371 7328 8371 10181 4603 8173 10525 3340 15309 12235 14181 9633 9844 19452 3267 18112 6748 17343 7623 13710 13039 6019 1426 16367 13662 14866 2618 13900 3968 12186 21035 9508 6660 11084 21499 4629 15008 4299 11968 18785 9466 14833 9114 10797 9043 6919 7224 8619 12652 17153 11562 2328 3347 10325 16923 5390 17620 7760 8530 2501 10295 15232 17687 9182 15191 1889 14735 10386 9214 12363 19875 13356 16595 12677 6777 17933 9089 19377 11024 2222 5603 6990 3714 7567 10383 17103 1399 9452 16085 11638 8163 8949 5589 11784 10309 12490 3335 3893 4785 10448 13031 16754 7274 18858 8121 16669 6520 7575 16975 9055 16449 9414 10899 2981 13118 11365 10499
7182 8193 6843 18433 15978 18571 4118 14140 8179 17180 11823 5795 6678 11939 13700 8104 12040 10336 7052 11587 9984 14643 2854 8605 8045 10962 4007 10059 7583 13285 17233 3972 9399 18370 4031 10447 2447 21038 16536 11052 10570 12051 18688 19394 6707 6242 6465 2513 7366 13057 9467 7668 12052 13085 12056 6010 17219 11139 11753 9768 16569 13171 13101 18993 13152 18455 2479 8179 10437 13742 7523 2517 6982 11219 16366 2207 3982 3683 4017 11905 17176 14658 6101 17556 8010 19332 9143 9604 10596 6746 15364 15697 18574 17445 13714 11186 19088 10225 14210 10849 8987 12146 15162 11957 2818 10868 8129 17676 9438 12051 2939 14207 7553 13324 16798 11870 12700 6830 17896 594 11649 17628 10516 7678 11387 6936 11151 2632 20363 18954 15512 10796 7580 6777 6832 12068 0 6541 3592 12886 17666 13395 8207 8255 17357 6929 12205 3785 9800 19172 9955 9269 5373 6084 17185 10667 9327 18371 12329 13637 8461 8352 14146 11520 9642 18557 3777 15178 17397 9980 18654 12015 7468 17379 1387 16072 20203 18679 14609 15651 6680 21126 8839 17393 10252 11646 10098 17041 16040 17951 11416 10680 14122 17323 13272 11200 10482 772 8873 993 12102 12456 7814 13451 15300 10463 14494 17997 10234 16523 3911 17908 8921 1086 5990 5699 10170 10148 4337 14253 11637 5194 16219 12006 13231 19345 16103 17127 3450 9876 18115 9645 13335 10181 11763 18309 21462 15867 7040 14378 5172 6447 5157 16649 3744 18622 14835 9305 19909 13169 12416 4175 7584 10348 17122 11393 849 5569 17442 7639 13930 16534 6921 17687 10615 18820 6617 13575 7083 9521 4062 11545 5069 5740 3251 6056 12894 18588 13113 15740 10088 12713 5869 17095 20151 12355 16028 5471 8225 7179 15438 15319 16033 4139 18242 17696 12072 14750 15335 12739 9040 15246 5417 19376 1478 6456 13364 20178 17892 14292 9909 9332 9749 16383 13424 13547 5414 3238 13783 7483 9879 7775 7246 11940 2615 6195 5800 15387 14090 7225 11125 5326 3796 11594 15846 10403 8744 6163 7927 8317 22230 6519 4664 13597 12689 20433 15306 18509 13726 11672 16103 9508 2926 17114 12316 10537 13795 4533 7528 21894 3090 13092 14675 13837 9856 5574 9368 10387 5534 22022 11850 6949 16521 3603 8616 11128 6515 7173 11533 872 15153 13885 13652 15123 3687 11187 10639 10895 13467 10628 6505 7372 13777 16257 19370 16730 11909 11366 13065 2768 18664
4351 11471 1793 13295 9444 12482 4096 10526 9397 10944 5573 2034 9072 14159 7592 4904 5535 7285 4660 12832 5989 8510 4063 2180 1740 5218 3655 4957 3355 13036 10981 2608 5987 11836 2709 9922 7136 16519 10318 4828 7236 5516 14436 14361 10675 4084 1241 7649 9643 8411 9677 4067 6109 7913 5741 6943 14138 5114 13727 11585 11493 14957 14529 15400 6736 12716 4501 4385 12084 7699 2371 7696 8311 5645 11199 7128 9158 5639 7577 5380 11490 14138 7603 13881 3174 15794 3157 11812 4435 320 8828 9526 15240 11166 13521 10541 13672 11184 16550 12093 10993 9027 14824 5437 6354 4504 7751 12509 12495 12682 8156 11290 5173 16098 12607 12111 7358 1370 13246 6852 5256 12223 8579 1323 5715 5832 7484 5507 15381 13068 12221 5306 3110 5012 2188 5766 6541 0 8567 12902 12205 14672 11395 3264 10867 2815 6250 8351 10879 14657 3771 10579 2459 8197 14312 5163 5188 11954 12425 11019 2783 4589 8510 4984 7951 12224 3097 8982 12743 12229 13687 14416 4666 11026 7660 9539 16690 12613 9292 10133 6911 16900 4804 10973 12025 9665 3674 10730 9737 13943 4894 4434 12376 12814 11260 11543 5277 6226 10953 5571 7479 11732 2885 13224 9086 11233 8664 15464 4678 12548 2734 11970 2456 7548 2230 1829 9841 3833 7791 12217 5157 1393 9710 14828 10744 14794 13829 10681 5313 6780 11618 3128 6834 13445 9190 11998 16888 10266 4933 7840 1695 1727 9878 10358 3069 12207 14055 3796 16172 11220 8133 3532 1892 3808 10599 6503 6697 2317 14516 10805 7503 13447 3369 14723 13410 15995 933 11213 8333 10055 2868 11035 2899 2719 5313 5951 14213 15188 14540 9276 10085 14619 7977 10798 16557 6938 10142 4834 3615 3673 10504 9103 13246 7924 13920 11791 7956 15265 8995 13610 3953 14079 3961 14425 7348 414 7158 16088 13469 12104 3392 9313 3333 11855 15969 8767 1723 5338 16418 1251 10350 1688 7035 13850 4083 9267 3877 10587 8943 4893 5925 3153 6933 12526 11229 3876 2772 5202 11389 2326 17869 2830 2837 7062 8593 15732 14323 12296 12034 5925 12967 6778 3970 12400 14783 9381 12970 8443 2632 17816 3457 14641 10226 7793 4055 3147 4348 5529 5051 17516 5344 4722 13935 5921 4624 6838 1667 6853 7886 7107 8660 7386 7288 10258 8414 12097 5567 13621 8111 11854 3673 3249 13214 10531 15663 11001 8460 4857 10426 6616 12775
7183 11355 9462 21429 17544 21040 4713 17496 11729 19511 12970 8552 10145 15212 16139 7963 14002 13707 10362 15053 13154 17066 4562 10238 9634 13591 7185 12920 10540 16864 19546 6461 12669 19892 5878 14039 5890 24258 18885 12230 13899 13728 21961 22437 9750 9510 8947 1117 10816 16148 13053 7889 12877 16003 13268 9602 20695 13615 15086 13196 19571 16504 16504 22404 14456 21166 5719 11296 13872 16230 8585 5752 10552 13933 19332 5632 6835 3234 1622 13802 19910 18241 9681 20941 10837 22755 10326 12964 12974 8660 16964 16537 22024 19728 17287 14778 21971 13753 17383 14331 12410 15552 18735 13562 6403 12224 11712 20654 12592 15580 6034 17674 10905 16396 20067 15433 15545 8283 21054 3988 13812 20505 14037 9364 14060 10429 14434 6190 23431 21575 18941 13536 8280 6370 7908 13263 3592 8567 0 16454 20518 16818 11396 9023 19293 7707 14739 6998 13326 22380 12309 12782 6521 9618 20686 11298 12432 19506 15897 17134 9564 11489 16880 13363 13168 19530 6633 17547 20549 13317 21715 15240 7337 18419 2460 17844 23636 21167 17494 18458 10264 24423 8940 19482 13671 15181 11597 19288 17046 21273 13335 12993 17695 20516 16822 14764 10942 4362 12289 3898 15179 16049 8672 17028 16212 14005 17126 21537 12929 19838 6521 20490 10576 2914 8809 8382 13762 11502 7795 17810 13664 7485 18108 15112 16737 22544 19654 18356 6992 13224 19461 11623 14826 13226 15238 20553 24669 18636 6704 16141 7704 9088 8053 17613 5515 19748 18425 10145 23301 16723 15592 7329 10083 12187 18944 14370 4354 8414 20939 10874 16028 20003 9971 21181 13787 22337 8980 17098 10656 13094 6889 15137 6062 8708 6792 5020 16321 22028 16517 17050 13677 16033 9413 18055 23570 15162 18636 8912 8798 10271 18478 16234 19535 1390 21493 20300 15281 18257 16423 16232 11860 18838 5668 22448 4681 8643 14363 23499 21114 17837 11604 12924 11895 19560 16563 16607 6977 6782 16884 9121 13450 9264 10821 15281 4678 9563 9052 18470 17034 6935 13987 8419 7351 15099 18991 12105 9980 9623 11049 10739 25499 9473 7621 15227 15917 23596 18898 20863 17299 12369 19561 12902 4653 20244 15513 14113 17387 1383 10290 25229 5638 16474 17851 14629 12428 6275 9902 13341 9004 25251 13412 10280 20048 7191 11717 14268 7838 10741 14830 2763 16560 15835 15843 18182 314 14702 13532 14075 16319 14118 6830 10334 17364 18963 22764 19437 15253 13326 16553 1959 21282
16944 6617 11198 12818 18208 16057 14957 7310 4738 15816 17032 10953 6468 4438 13334 17670 14559 6675 8243 2470 8309 13882 13592 14303 14254 11432 10482 10131 9800 596 15936 12140 7682 20024 13288 2981 10593 13037 15327 16539 7036 15550 10801 13154 8020 8872 11668 15398 5892 9297 3492 16858 18024 10485 16979 6996 7491 12176 3885 3993 11584 3871 3051 9618 17326 14646 11361 8898 3470 13119 15273 10847 5904 11080 11724 10852 10369 15701 16781 14733 13680 1909 6789 8866 10299 9748 15632 4595 12433 13195 17693 20371 8834 16221 858 2428 14032 2843 5690 2728 4622 6239 2287 15739 10069 15955 5272 12439 6025 1310 10712 5896 7752 6229 9567 1030 10802 14258 11243 12466 13638 13081 4839 13919 11329 7155 7426 10446 13689 15505 7057 10858 15989 17271 15012 17034 12886 12902 16454 0 13272 2858 6475 16155 17696 15590 12263 9765 3260 11715 12368 3830 14510 6854 7083 17682 8773 21388 557 5211 15539 8752 12022 14749 5132 22058 11427 14429 10964 4542 12503 4853 17291 20963 14034 17506 10337 16029 11329 12343 6523 12452 17699 17066 3725 4301 15211 16124 20114 9805 14445 12720 3570 10577 3996 1693 17955 12134 4764 12873 9148 1641 15786 668 19883 2529 12747 7030 10974 8950 11911 15008 14340 13585 10707 11200 3075 15629 8732 4162 14145 12310 17141 5804 4931 11919 5375 20164 9753 6970 20474 13607 16843 6428 5317 16982 13479 12695 17331 16498 11734 11180 9473 20675 13426 21607 2306 16493 10547 3875 8474 10452 11556 14291 18002 9661 12101 10748 7339 6628 14952 7119 9564 7564 5488 8105 12006 4697 5803 3366 11366 1929 14681 10287 9937 17507 2732 8969 3052 18933 2931 3957 7049 21013 10450 10904 13699 8526 16517 9294 10690 19889 6284 16962 10679 14750 8140 2420 19376 1733 10289 3089 15785 12929 11837 12488 18356 11461 10701 4466 14571 3742 13072 10135 5734 9692 13804 9937 6137 13993 3008 14422 6134 3775 13195 7246 9180 10338 10710 17377 10276 10031 9103 1953 10097 14737 15345 7923 6963 11850 13589 10074 10764 16525 8109 13029 2896 16597 3391 18118 7001 6648 13562 10954 5088 3679 1765 17395 10612 12731 12326 3312 9257 19234 11460 15240 17173 9658 8333 13752 15821 8181 6168 9383 8900 8545 14450 6287 7313 13692 18227 15519 14423 10391 16569 2122 10029 5366 11037 2820 16142 9823 1322 13287 10103 13562 6891 14277 5233 15436 15319
15837 17400 11058 1587 8568 3171 16295 5965 14108 3999 11197 11985 15414 17337 5072 15914 8080 8398 10906 15209 7919 4463 15973 11368 11870 6990 13666 7623 10085 12867 4115 14058 8710 9061 14721 11764 16855 5373 3992 11361 7982 9142 4641 2609 17817 11575 11592 19485 15446 4917 12816 15213 12300 4587 10887 13624 7496 7149 16736 15535 1688 17103 16300 6799 10212 1397 15187 9552 15495 4848 13406 17446 14081 6600 1593 17012 18244 17816 19723 8403 1122 12800 14210 5945 9703 7141 12214 16165 7879 12221 8446 12073 7346 4315 13140 11628 1468 14193 18955 14914 15565 7469 13427 9459 15867 10842 12038 1153 17640 14199 17713 7424 10571 19360 4267 13382 4981 13033 3029 17702 7638 230 9659 11923 6499 11689 7291 15411 3553 2274 6584 6985 14181 16754 13787 10946 17666 12205 20518 13272 0 16130 17249 13713 6507 14341 6030 17267 14273 4069 8511 14506 14629 14915 8044 13255 8432 11146 13246 8067 12785 9405 3698 8829 10197 12029 13974 4415 2904 16406 2291 17755 16035 11380 19022 7470 7733 3067 3058 2072 12878 6277 15176 5567 15651 9390 10788 4566 11342 5090 8632 7974 9939 3361 9279 13376 13827 17046 15647 16901 5747 11685 13707 12972 11717 13932 3678 9299 7601 4863 14012 2197 11092 18750 11745 12141 12053 11200 16100 9333 8108 13068 6808 18635 8345 4056 9221 10383 14679 8623 9963 9716 9382 18456 8427 4656 5568 1962 16556 7838 12814 11429 18205 11619 15076 11266 12286 13080 6891 9398 5781 13494 10476 9601 7169 6294 17394 12157 7998 16942 6429 7275 10751 7991 17771 8907 11605 8587 13993 13322 13699 11913 15087 11934 14837 17986 15963 7161 16303 9861 12559 17105 14874 11722 7463 5356 2588 12637 14197 10511 2695 11706 7924 20061 4223 2019 6206 15157 10917 14961 8671 11562 16067 2834 17750 12019 11420 6008 3772 9009 10321 12465 9193 3295 18914 4380 13927 14861 19345 12173 13288 12288 12356 16703 15840 16207 11972 2987 3615 16424 6553 12343 15644 14609 3187 9981 12290 12129 17586 9891 6785 11153 13024 8697 5810 4378 12009 3961 9983 12825 7051 9158 15885 2685 18068 10783 11826 20587 10234 7294 14903 16553 4079 12215 8160 15239 13897 7282 12685 6219 9667 11044 8570 14945 9113 6795 13511 12265 7071 18458 9417 7139 6162 3037 20416 14416 7030 17790 4207 14800 15442 10295 12377 1892 6665 1552 7102 8522 8067 18637 2145
18426 5791 13088 15665 20795 18898 16107 10167 5483 18610 19250 12651 6720 2261 16004 19223 16996 9204 10119 1883 10772 16601 14642 16305 16174 13922 11767 12560 11840 3306 18729 13475 10050 22694 14588 5183 10966 15715 18105 18699 9602 17918 13549 15974 7429 10590 13479 15842 6029 12071 5022 18445 20177 13224 19232 8059 10127 14651 1983 3628 14442 1124 399 12208 19684 17503 12337 11047 2958 15803 17019 11067 6723 13615 14579 11218 10203 16609 17405 17143 16527 3928 7614 11591 12409 12293 17601 3887 14829 14982 20259 22758 11392 19014 3147 4897 16884 3503 2839 2650 4413 9013 3724 18082 10683 18142 6943 15295 4770 2163 10814 8748 9719 3522 12393 2954 13498 15982 14069 12894 16089 15939 7362 15807 13872 8847 10068 11250 16476 18360 9871 13353 17669 18618 16667 19283 13395 14672 16818 2858 16130 0 5694 17930 20421 17201 14849 9840 3852 14480 14685 4272 15957 7390 9669 19671 11126 23966 2940 8069 17411 10933 14781 17112 7441 24601 12716 17160 13803 3586 15334 2576 18777 23479 14358 20146 12794 18873 14137 15171 7841 15054 19384 19823 3149 7031 17355 18900 22562 12557 16817 15110 6358 13409 6854 3300 19884 12700 4531 13592 11847 4465 17528 3236 22268 3440 15502 9381 13394 11771 13234 17851 16386 13904 12443 12879 5104 17744 9060 6964 16562 13872 19814 3465 7787 14682 7949 22718 10694 9420 23094 15808 19261 4747 8062 19789 16148 15522 18724 19050 13307 12999 9105 23140 14663 24191 4501 18401 13099 6733 11222 11777 13561 16539 20695 12271 12558 12399 9907 6089 17557 9827 11472 10113 3787 10459 13831 7554 6655 4618 12715 4465 16053 11965 10851 18636 502 11544 389 21445 4722 1422 7626 23496 12938 13565 16506 9964 18246 11250 13541 22276 8990 17534 13459 17593 10866 1977 21809 1230 12566 5399 17085 15742 12140 14266 20649 14089 13508 7278 16739 5415 15321 12987 2985 12487 15320 10844 3345 15844 4334 16286 7641 1782 14228 7256 10810 13192 13508 18800 12834 11607 9655 2153 12955 16959 17280 9487 6150 13959 16163 11910 12224 18995 10888 15771 5048 19423 6220 20208 9756 9019 14629 13802 2661 6105 4457 17914 12634 15241 13482 619 12108 21503 13808 16644 19015 12146 9751 16377 18145 10025 8765 10202 11130 11159 16104 7821 10003 14115 20734 18086 17033 13238 16981 2577 12537 3552 13785 2891 17608 11824 3915 16116 12692 16400 9630 16654 8083 16105 18173
14332 157 10256 17308 19484 19397 11589 11738 3141 18605 16745 9444 2357 3831 15376 15218 15323 8926 7775 4260 9926 16190 10064 13423 13106 12715 7857 11307 9561 7049 18704 9453 9044 21697 10410 5804 5784 18527 18000 16063 9365 15951 16121 17940 1738 7775 10417 10505 1950 12432 4564 14539 17447 13225 16829 4612 13332 13311 3787 2482 15675 5176 5330 15453 17580 18468 7836 9198 3057 15261 13508 5719 3476 12615 15667 6009 4604 11735 12191 15365 17278 8366 3891 14382 10226 15666 14548 1921 13197 11714 18881 20607 14762 18978 7301 6264 18366 3787 6010 3765 1943 9858 8583 16021 5834 15613 5305 16729 1237 5225 5376 10874 7695 5133 14500 5547 13228 12496 16067 7648 14536 17111 7622 12695 12875 6433 10037 6607 18688 19228 12287 12233 13982 14288 12994 16868 8207 11395 11396 6475 17249 5694 0 14424 19833 13408 13926 4441 3467 16918 12815 3003 11936 3217 13043 16550 9854 22490 6007 10115 14147 9193 14765 15183 7055 22961 8694 16792 15666 2126 17205 3844 14674 21767 8962 19109 16376 19428 14556 15714 5006 18165 15622 19469 2801 8163 14762 18729 20630 15163 14937 13433 9363 15385 9123 5038 16614 7612 1814 8631 11800 7050 13976 7144 20134 4136 15400 13287 12002 13979 9219 18444 13607 8519 9347 9600 5457 15050 4050 9806 14855 10240 18959 3808 9690 17122 11457 21186 6345 8820 21839 13490 17379 2093 8964 19844 18982 16040 14464 17680 9756 10015 3444 21248 10373 22735 8780 15159 16423 8981 11527 7941 10950 14298 19907 11744 7360 9127 13315 609 16508 12799 8929 13562 2409 14327 10763 9752 3522 4136 8801 6272 11896 8813 6434 13979 5232 14860 5342 19798 5004 4693 3425 21658 16438 13111 16747 6688 14626 8862 14564 20146 12032 12268 15855 18186 11101 7458 19859 5488 10829 9520 12750 17788 6810 11044 18294 17145 15718 10018 14257 4850 13185 14668 5217 12955 11473 6416 5580 12646 4311 13081 5296 3992 9651 2205 7756 14315 13897 14588 12015 8293 4864 4590 14387 14613 14167 6599 489 11571 19333 9120 8584 17314 11442 18287 9366 19701 9027 17311 12530 8277 10077 15530 4124 6645 8056 12592 10187 18623 9156 5241 13267 19037 12133 12505 15594 11160 6485 19371 16020 7628 12161 5734 9491 10814 12467 5451 10202 8811 19096 16838 16040 14217 11592 4354 11568 2692 13785 3655 13523 9447 7748 16599 15924 16995 10150 14804 9781 10975 18982
2256 14487 4971 15020 8677 13239 4420 13199 12614 11530 3976 5279 12151 17358 8688 2203 5848 10305 7913 16083 8846 9469 5401 2436 2121 7138 6567 7437 6466 16275 11530 5043 9013 10961 4352 13174 9571 18537 10977 3271 10188 5157 16667 16120 13529 7347 4488 8410 12758 10757 12940 1537 3886 9969 4295 10110 16857 6712 16942 14789 13354 18193 17781 17899 5500 13919 6914 7471 15307 8884 923 10051 11491 7657 13009 9496 11615 5790 7610 5561 12817 17349 10737 16395 6123 18303 1566 14983 5974 2963 8136 7566 17842 11646 16760 13780 15152 14437 19756 15340 14170 11932 18043 4912 8974 3411 11014 14248 15568 15946 10538 14152 8410 19256 14939 15373 9340 1961 15302 8726 6093 13782 11737 2333 7623 9095 10322 8105 17138 14079 14935 7448 743 3257 1481 4282 8255 3264 9023 16155 13713 17930 14424 0 10723 1355 7749 10941 14124 16739 5446 13808 2883 11279 17090 2413 8083 10483 15683 13967 932 7661 10108 5092 11156 10529 5766 9786 14820 15402 15519 17600 2374 9403 9001 9145 19187 13400 11115 11715 10139 19067 1657 11104 15238 12783 3054 11169 8031 16310 5203 5815 15461 14971 14327 14807 2269 8218 14122 7280 9919 14951 460 16463 7215 14492 10035 18311 6877 14983 5262 12971 2658 9050 5491 5055 13099 2767 10606 15254 5689 4194 9527 17968 13732 16848 16777 9340 8134 9821 10464 4038 5983 16502 12218 12365 18864 11759 2986 7506 4712 4975 12510 8608 4563 10726 17242 1123 18590 14298 10683 6485 4761 4129 10259 8897 8695 5539 17274 13822 7886 16185 6597 17463 16535 18747 4149 14213 11521 13314 5631 14276 3207 5965 8083 4728 17467 17767 17792 8060 13349 17846 11048 9053 19024 8907 11325 8033 490 6882 12524 7236 16079 7958 16134 12844 10594 18525 7400 16873 6625 17220 3358 16239 9430 3676 5342 18347 15645 15114 3409 12577 4629 14046 19151 11007 3037 8106 19594 2199 13611 1814 10289 17071 5662 12246 7122 12689 10925 2809 8194 6355 9733 15786 13402 3807 1423 8448 14369 4773 19940 6082 5874 6493 11192 17665 17484 12848 15136 3439 15704 9891 5329 14457 17963 12601 16165 8395 5673 20035 5593 17889 12550 5666 6160 2804 1181 8066 8251 19513 4724 7980 16804 8758 7631 9498 1964 10108 10702 8535 7615 7467 7891 12339 8780 15355 7972 16759 10004 15100 2237 6399 16431 11876 18108 12311 11301 5276 13391 7164 13797
12968 19962 10671 8060 2593 3875 14601 10918 16869 2508 6999 11753 17604 21062 4496 12674 5332 11341 12195 19070 9994 3820 14908 9057 9662 7142 13802 8532 10598 17444 2392 13385 10857 2589 13554 15383 17455 11718 2650 7545 10911 5611 11122 8940 19842 12475 10936 18455 17886 8425 16065 12217 7774 7211 6640 15414 13557 6627 20482 18790 7581 21210 20488 13223 5518 5625 15092 10700 18969 4657 10863 18062 16364 7219 7220 17523 19287 16148 18084 5502 5426 17784 16125 12177 9963 13586 9194 19311 6949 10711 2852 6110 13682 2215 17824 15539 7317 17690 23082 18568 18560 11463 18490 5824 16514 7313 14629 7628 20569 18291 18457 12503 12170 23181 10376 17475 6929 11014 9475 17606 5742 6719 13121 9932 6959 13448 10377 15801 9696 5152 12182 7603 11402 13973 11478 6677 17357 10867 19293 17696 6507 20421 19833 10723 0 11829 5908 18346 17620 10574 7519 17657 12783 16872 14060 9229 9981 4642 17497 12918 9947 10675 5699 5932 13264 5530 13662 3268 9245 19648 8778 21446 13035 4983 18523 1663 14222 4063 6589 5898 14867 12715 11704 952 19052 13404 7774 1950 5261 11450 5981 6794 14953 9663 13999 17247 9809 16951 18597 16411 8575 16060 10931 17591 5880 17524 4972 15399 7887 10861 13453 4440 8719 18393 11646 11779 15567 7972 17408 14414 5721 12168 1198 22196 13028 10553 14881 3997 15291 11258 3456 7739 4828 21500 12381 2279 11828 5599 13686 3217 12205 11055 19658 5380 13906 4759 17364 9727 13387 14077 9223 13629 9881 7113 739 8260 17398 12046 14076 19373 3478 13172 11329 14122 21045 15182 10750 13423 16313 16594 13383 15957 13251 12069 15382 15449 20132 13511 20494 3899 16049 21083 16741 5389 13956 6905 4432 13691 11119 11268 7787 5863 13642 18440 10671 4541 9561 19930 5078 19192 9137 16813 13880 9219 17969 10907 6395 12511 10185 14114 7693 15648 7611 9242 22833 8089 12330 15409 23296 10173 16694 10042 14538 20508 14949 18198 12698 8177 7116 13491 7856 12624 16702 18525 8815 7194 9468 13485 20040 9130 13065 11417 12956 4241 9609 10717 17240 3069 14860 8404 12833 11761 14816 8941 21801 14392 16633 18922 10239 13714 14272 20708 9012 6919 7918 13136 10358 8690 13833 12442 6004 12350 14385 15768 10367 9335 11470 14384 10419 17966 3768 3480 3863 7944 19102 18218 8278 21146 6663 18392 12899 10769 17140 5120 13133 5154 10806 6010 12659 17336 4996
1581 13461 4607 15568 9895 14122 3069 13260 11799 12452 5263 4639 11186 16491 9415 2099 6751 10098 7386 15333 8766 10253 4076 3002 2472 7523 5587 7569 6170 15755 12463 3955 8799 12214 3119 12623 8354 18969 11872 4529 10039 6219 16990 16659 12422 6718 4033 7066 11818 10994 12271 1271 5238 10339 5566 9245 16895 7215 16104 13942 13836 17395 17029 18078 6761 14660 5737 7200 14491 9583 981 8809 10631 8014 13511 8262 10386 4474 6336 6492 13507 16894 9831 16562 5957 18477 2660 14089 6475 2590 9334 8918 17958 12599 16240 13267 15799 13698 18895 14578 13289 11824 17569 6008 7818 4574 10363 14787 14579 15283 9298 14081 7927 18332 15204 14758 9735 1489 15706 7414 6843 14391 11378 2453 8024 8448 10261 6956 17682 14886 14973 7743 651 2416 635 5559 6929 2815 7707 15590 14341 17201 13408 1355 11829 0 8315 9753 13362 17136 5872 13009 1586 10322 17086 3756 7972 11811 15096 13827 1894 7403 10672 6024 10724 11875 4714 10624 15212 14509 16024 16712 1869 10741 7649 10292 19370 14275 11598 12301 9363 19428 2221 12147 14404 12473 4059 12130 9371 16560 6082 6367 15188 15325 14074 14165 3554 6928 13231 5963 10100 14482 966 15943 8563 13781 10684 18257 7134 15192 4189 13775 3309 7704 4894 4390 12516 3874 9503 15031 6520 3329 10631 17029 13556 17258 16639 10650 7070 9594 11756 4644 7181 15497 12005 13355 19317 12379 2249 8619 3895 4505 11323 9953 3289 12055 16831 2465 18817 14033 10808 5531 4619 4941 11405 9093 7401 4846 17285 12801 8821 16208 6149 17487 15587 18764 3746 14026 10671 12608 4624 13755 1864 5304 6998 3710 16727 17897 17040 9346 12723 17027 10086 10398 19224 9303 12054 7239 1307 6464 12931 8583 16033 6689 16464 13630 10666 17919 8728 16190 6640 16877 2075 16755 8142 3211 6677 18660 15992 14918 4250 11931 5148 14380 18258 11299 1938 7018 18692 2219 12922 2053 9580 16243 4358 11211 6429 13059 11337 2158 8442 5603 8634 15076 13741 4714 2361 7733 13322 4843 20351 5581 4995 7642 11291 18134 17113 13789 14844 4792 15727 9590 4007 14857 17070 12136 15740 7145 5435 20372 4391 17120 12809 7020 6439 1453 2439 8177 7454 19957 5836 7430 16731 7689 7431 9550 1158 9406 10658 7187 8871 8477 8761 12716 7473 14641 8151 15821 10446 14337 1115 6062 15966 12552 18319 13004 11241 6125 13235 5827 14599
9824 14055 5371 7275 5950 6366 10344 6538 10979 5035 5947 6412 11702 15289 1541 9951 2739 5646 6332 13367 4154 2471 10178 5360 5845 1298 8346 2629 4872 12103 5104 8359 4989 7910 8869 9700 11890 10813 4389 5854 5249 3930 9081 8374 13964 6702 5817 13757 11978 3710 10259 9222 7106 2541 5726 9531 10009 1137 14722 12946 5617 15551 14873 10590 5561 6465 9782 4825 13165 1540 7388 12501 10457 1313 5263 11993 13601 11889 13823 3028 5249 12689 10235 9160 4298 10999 6310 13445 1852 6236 5431 8374 10705 5343 12530 9958 7492 11911 17403 12815 12680 6255 13421 4220 10915 5256 8743 6500 14673 12689 12856 7939 6272 17409 7504 11898 1911 7007 7619 12347 1929 6076 7487 5893 1052 7550 4844 10286 9393 6837 8202 1699 8176 10730 7757 5789 12205 6250 14739 12263 6030 14849 13926 7749 5908 8315 0 12638 11808 9052 2497 11808 8634 10983 10377 7664 4075 9128 11987 8103 6818 4784 2363 3307 7496 9797 8429 3046 7155 13793 7771 15660 10034 8721 13496 5326 11841 6477 3391 3987 8965 11406 9281 5596 13231 7996 4982 4996 7979 8871 3025 1950 10059 7360 8967 11591 8191 11680 12713 11344 3308 10673 7710 12269 7903 11773 2415 11718 2067 7690 8357 5753 5099 13285 6230 6511 9844 5435 11629 9623 2515 7257 5075 16374 8072 9149 10618 7902 9680 5475 8248 3716 4886 15610 7035 6227 11128 4069 10539 4242 7103 5765 13872 8501 9231 9349 12361 7229 11156 9010 4145 8169 4673 3736 6010 2605 12087 6651 10495 13466 2712 9422 5612 10632 15183 11885 5760 8536 10405 10784 8144 10414 9099 6557 9797 11957 14516 10592 14880 6705 10305 15382 10861 8808 11643 1572 3900 7909 8238 5494 4872 7904 9588 14169 8543 5561 4332 14613 7284 13623 3349 11984 10049 8489 12568 6112 6771 10758 8035 9372 4428 9838 3168 6489 17092 3720 7959 9824 17558 6144 10913 6262 8630 14764 10101 12314 6981 5097 3312 10413 2023 7068 10976 12852 5851 4179 6336 7636 14134 3999 12228 5822 7572 4416 4663 9924 12368 6333 9868 7498 8974 5944 10087 6786 16022 8746 11473 14689 4704 12398 9242 15076 5238 7678 2350 9222 8068 2805 8032 11781 4390 6488 10369 10095 4472 3719 7487 8477 5009 12927 6012 3257 2194 4742 14609 12514 2392 15296 2372 12625 9413 5064 11926 4288 10718 4755 5530 2869 7682 12813 6544
10411 4418 7797 17725 17450 18785 7471 12697 5072 17648 13924 6760 3297 8226 14179 11329 13276 9080 6436 8118 9355 15093 5971 10526 10078 11341 4745 10110 7778 10241 17725 5930 8559 19801 6636 7810 1458 19761 17006 13179 9435 13614 17333 18559 2931 5941 7709 6072 3914 12376 6623 10745 14413 12775 14084 3805 15245 11748 8088 6235 15913 9507 9517 17215 15027 18280 4027 7912 6912 14143 10075 1279 4106 11430 15795 1635 979 7397 7751 13230 17008 11636 3455 15901 8393 17507 11423 5970 11400 8642 16826 17877 16668 17973 10620 8508 18584 6954 10451 7425 5452 10638 12045 13604 2000 12843 5895 17029 5665 8756 975 12359 6705 9542 15508 8736 12560 9158 16851 3214 12660 17181 8602 9664 11655 5594 10110 2862 19450 18915 13766 11000 10380 10208 9461 14111 3785 8351 6998 9765 17267 9840 4441 10941 18346 9753 12638 0 6526 17969 10859 5961 8186 3039 15102 13259 8932 20196 9216 11680 10876 8011 14120 12937 7764 20526 5282 15680 16382 6320 17803 8274 10734 19323 4545 17310 18327 18859 14277 15415 4608 19650 11891 18185 6701 9580 12001 17634 18063 16477 12753 11571 11677 16212 11034 8083 13206 3253 5325 4319 11520 9680 10481 10387 17434 7244 14622 15695 10572 15113 5733 17967 10782 4095 6796 6814 7478 12184 1236 11940 12822 7000 17311 8227 11244 18160 13776 18901 3111 8742 19738 11072 15015 6396 10000 18859 20206 15691 10425 15705 6666 7449 1570 18687 6503 20448 11908 11844 18175 10909 11573 4896 8589 11869 18259 11085 2946 6439 15373 3892 14873 14604 7038 15625 6849 16629 7996 11488 4222 6516 5489 8763 8037 6322 3067 9714 9346 16719 9530 17486 7252 9037 2915 19122 18324 12309 16120 4748 11045 7145 14751 17450 13973 7828 16955 17727 11167 11361 17311 9325 9291 12458 8717 18480 2369 8094 15509 18650 16691 12052 11628 6625 10956 15342 9654 12908 7904 3040 10005 9545 6852 9938 5211 8283 5584 2596 5664 14605 13668 10578 11070 5754 1665 8225 14903 12068 11019 5158 4145 9322 20802 6932 5615 15114 11694 19308 12437 18898 11287 14155 14229 8246 6004 16157 8563 8204 10954 8160 8112 20294 5363 9480 13708 16133 10438 8628 12118 10218 4653 20700 13549 6287 14326 2583 8326 10472 9001 5235 10419 4371 16828 15018 14489 14409 7178 7854 10570 7133 13263 7225 9641 7595 10827 16175 17642 16626 10624 12656 11179 6548 18638
14575 3622 9355 14167 17662 16679 12280 8523 1661 16096 15670 8848 3230 3507 13126 15375 13672 6305 6431 1973 7654 13842 10833 12601 12429 10735 7916 9319 8217 3776 16205 9623 6828 19717 10739 2522 7437 15138 15530 15078 6745 14498 12754 14718 4841 6816 9708 12296 2633 9652 1555 14601 16542 10623 15682 4214 9873 11422 2974 1264 12639 4087 3667 12000 16235 15561 8537 7534 1358 12964 13208 7646 2911 10512 12679 7696 7109 12848 13766 13782 14435 5160 3816 10968 8828 12206 13871 1913 11487 11192 17092 19317 11300 16487 4119 2848 15284 430 5782 1217 1524 6804 5526 14631 7012 14545 3270 13643 3446 2255 7483 7513 6102 5616 11206 2243 10754 12169 12818 9344 12799 14115 4666 12051 10776 5097 7349 7499 15414 16365 8903 10190 13840 14769 12836 15731 9800 10879 13326 3260 14273 3852 3467 14124 17620 13362 11808 6526 0 13582 11252 570 12105 3716 9577 15940 7832 20789 2726 6750 13639 7453 12204 13696 4363 21361 8866 14432 12445 2133 14000 3861 14925 20204 10882 17127 12910 16688 11801 12929 3999 14735 15553 17134 1435 4932 13733 16298 19197 11782 13414 11756 5896 12133 5700 1636 16126 9069 1654 9892 9182 3588 13714 3905 18829 735 12890 9834 10116 10656 9383 15678 12707 10429 8654 9069 2220 14099 5544 6345 13220 10033 16876 4576 6341 13787 7992 19509 6894 6362 20004 12247 15886 4193 5849 17321 15591 13271 14872 15873 9471 9236 6224 19793 10820 21024 5495 14640 12968 5556 8744 7925 9886 13011 17798 9361 8988 8585 9849 3486 14503 9353 7773 10095 3515 10867 10064 6353 2833 1026 8863 2810 12202 8162 7060 14818 3369 11400 3678 18179 1715 3781 3934 20172 12974 10726 14104 6123 14427 7584 11580 18839 8576 13922 12517 15416 8334 4955 18432 2975 9135 6159 13239 14545 8667 10477 17126 13717 12417 6564 13142 1972 11809 11482 5342 10145 11473 7055 5810 12073 985 12517 3851 3056 10421 3987 7003 11292 11141 14948 9795 7780 6006 1815 11267 13404 13535 5677 3932 10350 15901 8166 8377 15693 8555 14947 6060 17079 5562 16531 9101 5868 10816 12343 4227 3490 4663 14332 8984 15170 9648 3765 10211 17952 10430 12792 15226 9011 5908 15960 14673 6321 8694 6437 7693 8308 12275 4036 7417 10574 17466 14951 13996 11242 13459 1393 9421 3567 11196 977 13756 8174 4424 13852 12474 14209 7229 13260 6477 12440 16138
18699 17075 13189 2529 12597 7037 18602 5293 13898 8066 14774 13923 15507 16105 8563 18924 11537 8944 12122 14005 9227 8191 17990 14309 14724 9623 15227 9715 11888 11197 8181 16018 9774 13117 16877 11119 17884 1881 8045 14816 8647 12688 964 1941 17851 12934 13790 21289 15356 6290 12357 18159 15917 6797 14494 14166 4550 10031 15523 14812 3493 15559 14733 3061 13967 5107 16744 11084 14596 8294 16274 18425 14229 9124 3881 18083 18906 20029 21833 11859 5172 10714 14605 2931 11707 3316 15349 15480 10766 14750 12434 16051 3804 8373 11337 10739 3554 13385 17297 13910 15046 7340 11206 13003 16938 14246 12194 2986 17024 12871 18596 6069 11642 17941 2467 12126 7409 15712 1437 19085 10911 3863 9493 14684 9128 12486 8031 16673 2038 5857 4712 9398 17094 19534 16532 14556 19172 14657 22380 11715 4069 14480 16918 16739 10574 17136 9052 17969 13582 0 11305 13953 17113 15215 5096 16675 9952 15214 11857 6832 15812 10891 6783 12233 10263 16097 15752 8287 1923 15627 1811 16527 18941 15439 20558 11507 3748 6892 5663 5373 13365 2365 18311 9631 14800 8767 14033 8635 15350 1930 11988 10938 8146 1867 7938 12322 17219 18469 15155 18554 7255 10344 16649 11250 15673 13068 7104 6062 10017 2941 15917 6191 14082 20222 13643 14129 11462 14481 16739 7556 11456 15231 10854 17466 7243 206 6688 14443 15870 9353 14030 12710 13152 17703 8077 8638 2291 5496 19384 11722 14857 13508 18603 15653 17208 15332 10144 16278 2896 8080 6787 15073 12788 12788 11238 8173 18739 14012 4940 16745 10183 4685 12413 4830 16880 5378 13897 7251 14123 12787 15504 10864 17537 13683 16054 20603 14433 3605 14732 13867 11928 15672 15240 15770 3467 7842 6484 13768 17228 12109 4216 15665 5512 22148 1065 6052 7108 13115 14886 13445 10759 9289 18618 1622 18947 14387 15202 1939 1285 7261 13477 12101 12109 2830 17435 5895 16348 16074 17820 14916 12645 15122 12770 15443 17776 16377 13382 4079 5814 19285 8735 13963 16478 13404 3435 13226 15347 13131 17328 12362 3216 12933 14762 12490 6484 1370 9718 7886 8344 16389 4724 9792 17910 2283 16787 10289 10024 22675 12284 3377 16773 14999 4531 16040 10699 17800 17118 9184 13751 2879 13202 12229 5891 15985 10666 8115 16163 12736 7664 20020 13385 10927 9827 4419 22330 13328 9097 16833 6736 13858 18185 12087 10565 5729 2786 5527 7368 11851 7137 20624 5870
7413 12927 3161 9699 6697 8732 7857 7955 10132 7247 4707 4244 10486 14752 3830 7621 2510 5786 5045 13021 4133 4759 7761 3010 3425 1692 6284 2351 3262 12327 7294 6022 4686 8989 6431 9525 9936 13119 6610 4321 5516 3247 11220 10788 12571 5117 3491 11354 10883 5355 9777 6855 5774 4523 4623 8229 11597 1364 14226 12258 7967 15233 14641 12498 5001 8956 7611 3727 12594 3929 4978 10543 9369 2215 7638 10005 11788 9407 11347 2559 7745 13150 8956 11008 2595 12906 4153 12665 666 3743 6084 8080 12491 7498 12791 9951 9977 11441 17015 12377 11856 7036 13880 3397 9000 3703 8002 8916 13714 12538 10940 9101 5212 16840 9504 11812 3897 4523 9869 10156 1801 8548 7552 3427 2178 6413 5412 8282 11811 9297 9695 2053 5792 8288 5295 4679 9955 3771 12309 12368 8511 14685 12815 5446 7519 5872 2497 10859 11252 11305 0 11134 6137 9682 11883 5860 3595 9677 11998 9064 4528 3799 4820 2444 7271 10175 6200 5258 9383 13049 10152 15086 7644 8995 11196 6458 13781 8858 5726 6452 7824 13625 7053 7462 12613 8365 3112 7087 7946 10878 2163 730 10821 9526 9675 11386 6307 9493 11862 9050 4585 10901 5345 12507 7592 11373 4911 13165 1578 9575 6053 8200 2807 11019 4127 4288 9581 3582 9978 10495 2042 4863 6455 15695 8915 11419 11801 8375 7782 5419 9042 1507 4638 14676 7568 8356 13458 6555 8114 4906 4787 3550 12222 8547 6794 9922 12918 5116 13163 9682 5403 6111 2382 1978 7400 3574 9927 4530 12043 12294 4042 10950 3942 12215 14391 13497 3370 9403 9343 10267 5916 10444 6602 4555 7867 9478 14293 12404 14650 6997 9975 14993 9519 8933 13610 3464 6374 6313 5935 3961 7089 7600 10949 11695 10687 8020 5397 14784 7180 13496 2124 12705 7557 10883 10471 3665 5989 12901 10200 10298 2455 9358 866 8600 16592 5572 5469 7895 17059 3673 10469 3831 7641 14301 7716 10966 5269 7245 5491 8002 2827 5114 9234 12575 7956 2457 4086 6238 12947 1640 14513 3934 5445 4505 5935 12269 13038 8590 10555 5992 10476 5721 7670 9022 15457 8694 11920 12213 2756 14590 6916 14812 7124 6867 929 6729 5955 2952 6479 14103 3462 5190 11707 8276 3569 4392 5000 7464 5728 10629 6290 4161 3713 6896 12168 12190 2726 14545 4583 12161 6956 3395 12297 6785 12689 7251 6331 2014 8540 10369 9004
14189 3160 9105 14456 17616 16840 11835 8833 1218 16201 15480 8546 2668 3642 13161 15002 13581 6400 6226 2392 7667 13903 10374 12358 12162 10700 7515 9277 8035 4343 16308 9223 6819 19707 10327 2838 6892 15538 15624 14871 6844 14372 13141 15039 4302 6548 9431 11759 2064 9815 1691 14238 16326 10739 15505 3799 10332 11370 3162 1138 12889 4388 4051 12451 16094 15774 8072 7407 1508 13010 12889 7089 2451 10504 12914 7151 6540 12364 13247 13678 14628 5729 3345 11384 8662 12667 13610 1681 11398 10896 17038 19173 11764 16588 4688 3261 15554 994 5992 1626 1094 7045 6095 14494 6493 14351 3134 13912 3138 2805 6920 7893 5941 5708 11555 2812 10836 11849 13148 8805 12722 14355 4855 11777 10768 4864 7472 7007 15757 16566 9298 10166 13502 14355 12496 15552 9269 10579 12782 3830 14506 4272 3003 13808 17657 13009 11808 5961 570 13953 11134 0 11719 3189 10052 15676 7787 20724 3295 7131 13352 7341 12313 13573 4455 21278 8460 14497 12763 1991 14314 3957 14540 20112 10335 17113 13384 16855 11963 13102 3670 15163 15211 17199 1485 5238 13529 16384 19079 12176 13297 11662 6382 12464 6121 2195 15844 8544 1204 9385 9296 4099 13392 4474 18687 1303 12989 10346 10057 11018 8982 15850 12477 9882 8364 8759 2505 13883 4993 6809 13124 9684 16883 4582 6712 14157 8491 19437 6428 6411 19965 12074 15772 3961 6109 17432 15993 13440 14468 15820 9129 8965 5659 19680 10395 20962 6059 14358 13421 5979 8904 7533 9668 12849 17813 9413 8452 8272 10325 2967 14488 9796 7552 10573 3391 11372 9787 6756 2385 1190 8470 3282 11800 7861 6588 14366 3777 11860 4063 18094 2025 4039 3413 20066 13442 10785 14240 5781 14098 7382 11811 18697 9031 13397 12888 15590 8487 5481 18311 3476 9029 6712 12820 14874 8117 10183 16956 14144 12770 7016 12950 2064 11658 11785 5483 10318 11106 6582 5947 11789 1312 12233 3600 3275 9960 3417 6704 11536 11301 14550 9810 7454 5480 2325 11545 13229 13266 5383 3452 10162 16331 7914 8015 15602 8746 15321 6620 17215 6037 16295 9528 5898 10360 12648 4329 3749 5211 13802 8782 15621 9212 4121 10464 17769 10334 12395 14924 9004 5564 16375 14528 6107 9177 5951 7596 8386 11937 3786 7571 10035 17381 14912 13988 11470 12920 1920 9416 3489 11310 1389 13369 7978 4985 14016 12921 14385 7425 13147 6824 11926 16334
2470 11983 4046 15745 11041 14743 1818 12880 10503 13141 6581 3723 9762 15129 9900 3303 7527 9466 6462 14078 8311 10793 2522 3728 3123 7657 4213 7404 5569 14720 13166 2516 8190 13404 1554 11580 6777 18976 12532 5819 9474 7207 16879 16815 10892 5701 3425 5755 10413 10855 11112 2604 6702 10372 6851 7925 16452 7499 14767 12606 13949 16088 15764 17789 8010 15089 4185 6578 13179 10031 2182 7226 9301 8096 13652 6681 8804 3375 5325 7310 13882 15918 8467 16272 5526 18179 3888 12712 6790 2408 10453 10370 17598 13329 15201 12257 16097 12461 17531 13315 11926 11274 16570 7043 6270 5742 9242 14959 13125 14109 7715 13543 7037 16920 15040 13634 9813 1771 15703 5844 7433 14654 10553 2888 8157 7363 9792 5416 17835 15400 14548 7764 2232 2797 1480 6854 5373 2459 6521 14510 14629 15957 11936 2883 12783 1586 8634 8186 12105 17113 6137 11719 0 8911 16595 5294 7507 13165 13998 13213 3155 6790 10931 6863 9831 13283 3288 11226 15201 13131 16143 15331 2821 12127 6172 11324 19077 14884 11742 12560 8128 19347 3716 13006 13077 11689 5081 12875 10768 16367 6854 6749 14414 15267 13333 13017 5129 5346 11860 4397 9915 13507 2440 14907 9992 12569 11047 17702 7135 14962 2757 14294 4066 6193 4014 3465 11440 5014 7983 14315 7219 2252 11595 15607 12906 17251 16001 11964 5592 8949 13024 5201 8327 14029 11332 14129 19347 12681 2824 9621 2816 3821 9755 11364 1704 13412 15899 3938 18580 13278 10542 4186 4330 5697 12424 8951 5820 3846 16810 11327 9580 15755 5368 17024 14161 18285 3248 13359 9351 11411 3251 12731 475 4313 5504 3515 15474 17553 15775 10617 11602 15704 8671 11811 18952 9392 12497 6022 2892 5704 12964 10012 15503 5681 16366 14126 10343 16788 10092 14992 6381 16016 1518 16881 6559 2734 8073 18525 15919 14232 5090 10797 5568 14306 16869 11220 796 5523 17295 2636 11739 2744 8411 14914 2781 9733 5347 13045 11401 2867 8383 4487 7119 13859 13682 5590 3513 6589 11829 4780 20323 4771 3757 8709 10986 18191 16221 14492 14053 6302 15278 8861 2447 14858 15684 11188 14802 6180 4954 20256 2834 15841 12667 8490 6501 760 4015 7964 6228 19973 6897 6478 16166 6203 6882 9229 1318 8246 10201 5685 10091 9341 9440 12717 6321 13422 8018 14403 10563 13074 1651 5420 14985 12922 18066 13388 10753 6860 12612 4575 15108
11355 3307 7042 15201 16375 16768 8803 9922 2116 15824 13529 6230 875 6247 12479 12213 12191 6533 4690 5541 7189 13337 7306 10207 9898 9729 4736 8356 6420 7294 15915 6398 6320 18628 7431 4771 3740 16962 15201 12847 6937 12773 14527 15961 2991 4591 7201 8582 1502 10002 3592 11496 14232 10609 13616 1462 12267 10276 5934 3814 13449 7314 7127 14274 14381 16035 5001 6172 4452 12391 10358 4008 1070 9690 13378 4000 3839 9222 10058 12217 14794 8685 748 13004 7087 14552 11344 3821 10102 8516 15764 17399 13698 16181 7698 5470 16151 4141 8639 4788 3072 7886 9141 12834 3307 12398 3022 14548 4299 5968 3925 9439 4714 8013 12749 5827 10513 9334 14179 5632 11434 14804 5738 9488 9941 3439 7629 3867 16804 16738 10862 9285 10873 11415 9874 13654 6084 8197 9618 6854 14915 7390 3217 11279 16872 10322 10983 3039 3716 15215 9682 3189 8911 0 12102 13359 6970 19339 6298 8735 10962 6200 12080 12015 4953 19788 5626 13939 13730 4237 15207 6428 11702 18591 7185 16054 15356 16818 12041 13201 2068 16782 12543 16572 4301 6634 11546 15896 17436 13636 11777 10325 8642 13519 8028 5161 13441 5356 2987 6207 9243 6653 10837 7449 16927 4387 12666 12663 8989 12312 6157 15870 10390 6734 6130 6391 4439 11833 1895 8917 11723 7085 15944 6706 8296 15412 10746 18033 3382 6293 18723 10293 14203 5248 7155 17060 17413 13506 11559 14576 6581 6798 3387 18055 7447 19586 8924 11976 15241 7900 9136 4801 7746 11103 16897 9009 5274 5915 12374 2649 13482 11640 5758 12626 5265 13608 7548 8511 1187 3526 5699 5734 8924 5597 3517 11300 6889 13757 7139 16636 4223 6892 243 18469 15364 10338 14090 3474 11506 5721 12297 16940 10984 10209 14179 15619 8713 8668 16665 6664 7767 9442 9869 15853 4983 7839 15081 15773 13953 9038 11046 3586 10008 12697 7960 10538 8385 3506 8384 9447 3875 9885 2559 6099 6888 1336 4546 12104 11398 11662 9168 5079 2291 5514 12313 11408 10966 3444 3282 8381 17944 5916 5410 14164 9167 16573 9438 16990 8253 14103 11282 5757 7301 13537 6778 5207 7943 10617 7007 17385 6233 7152 11134 15820 9050 9531 12440 8298 3275 17879 12826 4537 11311 2839 6511 8206 9335 2656 7881 6862 15940 13766 13035 11949 9746 5104 8692 5499 11143 4561 10536 6292 7846 14035 14712 14461 7984 11650 8263 8740 16475
18653 13198 12569 6975 15503 11207 17724 3929 10350 11677 16276 12950 12146 11515 10655 19111 13115 7175 10471 9521 8324 10729 16747 14729 14969 10301 13616 9669 11026 6510 11804 14856 8416 16640 15909 7422 15398 6075 11413 16076 7125 14303 4133 6889 14281 11338 13185 19569 11815 6680 8702 18282 17426 7854 16080 11424 562 10960 10968 10691 6569 10781 9963 2542 15919 9396 14991 10020 10333 10373 16406 15847 11036 9777 6891 15634 15940 18931 20500 13399 8883 5777 11652 2217 11139 2669 15990 11357 11567 14504 15166 18560 1753 12058 6547 6830 8222 9283 12424 9596 11101 5328 6192 14587 14570 15454 9246 6939 12887 8349 15896 3069 9891 13185 3782 7715 8467 15597 5203 16951 12268 7816 6672 14791 9917 10260 6828 14556 7132 10259 2194 9841 17238 19310 16452 16143 17185 14312 20686 7083 8044 9669 13043 17090 14060 17086 10377 15102 9577 5096 11883 10052 16595 12102 0 17736 9124 18502 7351 3552 16237 9807 8810 13638 7548 19327 14372 11080 5170 11414 6424 11928 18955 18452 18534 14524 3333 11110 7671 8167 10651 5388 18747 13205 10567 5572 14977 12161 18023 3227 13339 11823 3686 4709 4075 8077 18191 16424 11229 16793 7312 6022 16870 6521 18115 8939 9439 1363 10322 3224 14690 10191 14603 18134 12651 13198 7777 15449 13883 3249 12860 14419 13962 12880 3955 5280 1722 17499 13735 7692 17388 13389 15199 13423 5459 12584 6498 8462 19245 14171 13919 12775 15368 18454 16180 18669 5198 16957 3464 4205 6480 13500 12467 13765 14598 8310 16578 12918 275 13007 12484 955 11284 526 12519 1692 13409 3635 10920 9007 14182 6771 16937 12489 13934 20068 9698 1886 9961 16598 8141 10961 12196 18674 3405 8818 9628 11777 17556 10945 6290 18112 1153 20769 4224 9974 6512 8136 17412 8755 10478 4308 18095 6599 16596 13949 17141 4421 4479 3078 14330 8579 12748 4856 12654 6673 15799 13948 13007 14973 8770 15297 10046 10855 16441 13035 11790 5908 7345 19204 9065 12566 13866 8952 5246 14251 15859 11064 13502 12325 6511 11880 13427 14648 5949 6255 4713 11961 4016 17756 1412 7891 16684 5360 12144 6899 5319 21274 11684 5655 15425 10231 5266 18046 11030 17347 17780 9037 11683 6708 14748 10522 915 13656 9716 7594 15969 10082 6428 18057 15985 13216 11998 6180 20707 8977 9180 12422 8167 9602 17983 11176 5813 8958 3028 9009 5853 13171 4137 19181 10173
4182 16623 6588 14694 6905 12240 6794 13807 14514 10483 2243 7170 14234 19285 8202 3621 5182 11420 9552 17866 9827 8815 7814 3380 3514 7448 8736 8162 7885 17737 10458 7330 10186 9029 6734 14719 11918 18381 10010 1896 11220 4134 16742 15793 15760 9129 6249 10753 14806 11133 14649 3434 1632 10136 2601 12100 17436 6839 18835 16709 13196 20027 19555 18216 3722 13219 9243 8797 17184 8448 3197 12415 13459 7978 12820 11855 13967 8087 9816 4858 12251 18704 12765 16755 7393 18625 2071 16960 6182 4844 6446 5239 18271 10522 18216 15264 14625 16221 21665 17145 16138 12846 19420 3823 11273 2431 12730 13958 17657 17614 12900 14955 9975 21247 15152 16979 9488 4111 15251 11134 5767 13361 13039 3903 7866 10845 11212 10404 16786 13232 15544 7894 3114 5136 3857 2559 10667 5163 11298 17682 13255 19671 16550 2413 9229 3756 7664 13259 15940 16675 5860 15676 5294 13359 17736 0 9148 8281 17246 14888 2410 8957 9895 4453 12572 8242 8012 8997 14800 17375 15269 19553 4125 7162 11403 7577 19481 12416 11022 11398 12024 19038 2584 9770 17139 13988 2760 10039 5790 16524 4688 5941 16565 15020 15416 16457 592 10617 16102 9690 10425 16356 2854 17923 4930 16238 9651 19024 7436 15296 7534 12156 3353 11460 7324 6984 14691 2287 12846 16281 5220 6345 8073 19985 14712 16759 17649 7223 10358 10982 8404 4366 4413 18606 13291 11133 18665 11370 4808 6111 6799 6711 14821 6334 6962 8514 18534 1415 18813 15409 11256 8633 6133 3992 8664 9427 11096 7470 17890 15957 6960 16797 8199 18056 18570 19335 5893 15201 13476 15065 7844 15765 5617 7842 10326 6661 19228 18172 19565 6060 14995 19708 13138 6772 19291 9078 10719 9983 2518 8431 12531 4952 16809 10154 16205 12073 11257 20090 5232 18560 7595 18408 5650 15955 11826 5534 3185 18417 15695 16102 3407 14262 5001 14153 21105 11275 5382 10350 21557 3917 15338 3476 12091 18951 8069 14405 8987 12761 10975 4584 8671 8310 11976 17518 13513 3515 2412 10297 16531 5859 19808 7774 7969 5055 11790 17451 18712 11722 16273 1072 16326 11159 7740 14430 19922 14036 17489 10555 7075 20040 7948 19684 12829 3333 6748 5187 1397 8785 10199 19322 3611 9646 17567 10980 8850 10238 4266 11906 11552 10943 5742 6371 7124 12406 11040 17098 8584 18779 10034 16910 4473 7874 17810 11365 18366 11754 12158 4825 14346 9494 12968
9532 9984 3462 9110 9832 9876 8789 5376 6913 8858 8276 4011 7655 11337 5529 10020 5878 2272 2500 9512 805 6370 8053 5861 5986 2914 5328 1491 1978 8738 8948 6083 1091 11932 7007 5949 8430 11833 8232 7824 2107 6800 9577 10068 9961 3146 4082 11348 7908 3734 6309 9186 9303 3866 8211 5541 8956 3589 10788 8925 7247 11722 11100 10305 8571 9368 6858 1148 9189 5428 7337 9025 6390 2763 7059 8582 9911 10141 11899 6017 8090 9601 6223 8792 2016 10690 7191 9400 3703 5384 9259 11637 10092 9212 9205 6356 9816 7977 13536 8903 8623 3860 10327 6975 7440 7224 4685 8359 10601 8970 9309 6110 2277 13449 7692 8230 3629 6484 8622 9314 4984 8371 3965 5753 3024 3535 2296 6985 11042 9985 7045 2394 8158 10191 7337 8266 9327 5188 12432 8773 8432 11126 9854 8083 9981 7972 4075 8932 7832 9952 3595 7787 7507 6970 9124 9148 0 12957 8406 5886 7292 979 5193 5995 3689 13541 5801 6972 8117 9758 9330 11692 9838 12394 10704 9336 11588 9942 5390 6504 4922 12052 9735 9625 9236 4845 6526 8927 11440 8965 5695 3984 7432 8086 6286 7826 9507 8669 8651 8642 2776 7317 7819 8919 11148 7878 5729 10286 2288 7537 5971 9037 5815 10401 3721 4236 6026 6968 7824 7186 5439 5410 9135 12367 5650 10114 8698 11680 6248 1847 12179 4888 8136 11541 4161 10092 12240 6769 10121 8041 4972 3704 10023 12022 7319 13192 9402 8129 11124 6271 3172 5165 3361 5532 10077 2160 8993 4071 9329 9403 6712 8262 2462 9537 11140 10808 4290 6133 6336 6820 5551 6849 7874 3731 6406 11010 10748 10050 11108 10364 6444 11508 6866 12387 11473 3398 7201 4223 8528 2165 6112 11154 8062 12209 9092 8796 2897 11189 10685 9926 1559 9260 9020 10055 9323 4828 9584 11169 8694 7035 5869 5885 4320 7128 13163 4220 6711 6430 13631 5910 6987 6270 4560 10847 7827 8306 3554 6065 4818 10080 2199 4030 7280 9040 6559 5989 6981 3780 10071 3344 13100 2988 4811 7889 3546 11164 9565 10046 7130 9452 7783 2127 7976 7818 12059 5100 8376 12734 2564 12908 6821 11281 5421 10461 2692 8250 8906 1328 4290 12828 7052 2647 8761 6527 716 1838 6846 4410 2700 10151 9650 7125 6223 5797 12378 8669 1725 11263 4335 8698 8860 2163 8731 7244 10601 7697 3272 5531 5307 10674 9707
12461 22601 12447 12702 3180 8419 14868 15107 19775 7148 6584 13446 20155 24294 8150 11871 7174 14763 14722 22440 13210 7834 15615 9798 10336 10071 15454 11474 12930 21215 7034 14550 13985 2218 14345 18799 19064 16343 7218 7348 14374 6601 15746 13573 22177 14750 12487 18872 20560 12403 19264 11708 6658 11124 6324 17894 18021 9369 23744 21859 12144 24639 23979 17819 5227 10245 16455 13360 22145 8399 10994 19638 19046 10352 11768 19072 21055 16273 18068 7125 10056 21731 18621 16715 12264 18190 9279 22300 9338 11701 3709 3203 18244 6853 21633 19082 11935 20932 26474 21853 21500 15291 22456 6593 18227 7505 17596 12259 23386 21804 20088 16658 14865 26404 14902 21019 10682 11552 14093 18746 8005 11355 16610 10718 10094 16086 13963 17411 14304 9706 16521 10631 11226 13414 11694 6317 18371 11954 19506 21388 11146 23966 22490 10483 4642 11811 9128 20196 20789 15214 9677 20724 13165 19339 18502 8281 12957 0 21114 16974 10013 13403 9805 7331 16565 898 15038 7430 13840 22674 13420 24648 12402 1159 19317 4005 18845 8599 10865 10363 17500 17352 10826 5590 22186 17109 8294 6580 2497 16032 7562 9084 18994 14246 17958 20693 8731 18145 21512 17379 12308 19790 10845 21377 3387 20821 9119 19857 10673 15350 14688 9072 9502 19295 13439 13382 18923 8224 19460 18500 7640 13347 4540 25304 17017 15194 19177 1306 17088 14557 1193 9139 5184 24347 16126 6757 16438 10096 13084 4923 13579 12770 21660 2023 14651 253 21364 9361 18015 18017 13075 15300 11678 8334 3984 11727 18622 13771 18540 21964 6441 17587 13580 18605 24034 19710 12202 17451 19018 19777 14792 19541 13573 13946 17129 14937 23623 18078 23986 2715 19367 24448 19167 1655 18582 10518 8945 15913 10722 13629 12216 3364 17985 18411 15284 9181 13342 23726 3084 22743 11720 20902 13839 13856 19293 12151 5144 17152 14791 18218 8585 18840 9343 13757 26119 12171 12973 17156 26587 10897 19938 10596 17301 23800 15776 20601 14845 12595 11291 12858 11134 14514 18655 21942 13282 8131 9664 15901 22613 10988 17673 13469 14582 5176 13536 15345 21310 7567 18848 7219 17216 14990 15530 13524 25015 17861 20533 18825 12338 18347 15358 24176 13314 5001 10407 13260 9665 11833 16095 17042 6648 14867 18749 17652 13135 12844 11906 17127 14101 18806 3399 5880 6971 12325 19261 21590 11436 24176 10645 21652 12690 13049 21006 9672 17747 9756 14583 7689 16632 17638 9580
16437 6151 10736 12857 17937 15971 14422 7284 4183 15670 16643 10463 5921 4248 13100 17172 14229 6364 7770 2175 7977 13677 13050 13866 13802 11116 9951 9792 9361 1054 15789 11615 7316 19793 12761 2527 10036 13235 15166 16136 6742 15199 10958 13238 7519 8379 11195 14840 5354 9132 2947 16363 17621 10292 16598 6446 7733 11856 3669 3531 11560 3858 3064 9870 16974 14609 10813 8479 3051 12893 14796 10292 5347 10781 11682 10296 9830 15154 16226 14394 13610 2434 6232 9048 9875 10020 15190 4155 12087 12721 17412 20029 9104 16074 1405 2053 14057 2316 5720 2303 4125 6073 2843 15381 9512 15558 4756 12448 5623 1015 10161 5937 7292 6148 9649 483 10581 13777 11321 11909 13312 13060 4517 13461 11034 6652 7170 9892 13807 15460 7165 10543 15504 16752 14523 16652 12329 12425 15897 557 13246 2940 6007 15683 17497 15096 11987 9216 2726 11857 11998 3295 13998 6298 7351 17246 8406 21114 0 5221 15081 8340 11845 14396 4735 21770 10897 14233 11021 4136 12570 4670 16785 20664 13477 17258 10640 15949 11198 12237 5983 12690 17216 16889 3301 4096 14803 15961 19792 9963 14094 12372 3745 10647 4014 1137 17509 11577 4267 12318 8928 1565 15309 1179 19540 1992 12567 7385 10633 9043 11384 14927 13911 13028 10221 10708 2585 15215 8177 4310 13807 11807 16910 5610 4906 12062 5665 19880 9202 6629 20218 13210 16508 6086 5125 16849 13680 12589 16816 16210 11231 10707 8948 20358 12895 21335 2787 16042 10812 3883 8287 9923 11114 13906 17783 9393 11543 10251 7613 6133 14687 7321 9101 7845 5169 8453 11535 4723 5246 2810 10841 1575 14162 9793 9386 16972 2720 9231 3068 18632 2401 3875 6492 20702 10741 10663 13567 8002 16039 8838 10631 19547 6493 16406 10810 14668 7937 2847 19048 1727 9905 3515 15261 13022 11281 12011 17987 11690 10806 4598 14167 3212 12686 10160 5679 9547 13298 9385 6103 13529 2451 13961 5607 3586 12652 6707 8677 10288 10568 16865 9985 9524 8546 1601 10087 14346 14897 7409 6493 11430 13836 9601 10247 16207 7949 13187 3365 16488 3515 17702 7168 6279 13021 10993 4935 3307 2092 16839 10171 13006 11789 3312 9199 18859 11098 14725 16712 9339 7806 13976 15458 7703 6438 8828 8500 8277 13960 5763 7085 13135 17924 15237 14159 10322 16012 1681 9718 5071 10851 2365 15633 9377 1741 13182 10355 13472 6696 13928 5180 14881 15266
15369 10272 9241 7637 13826 10920 14254 2121 7174 10840 13693 9519 8887 9416 8828 15893 10738 3748 6957 7286 5124 9195 13230 11700 11862 7666 10078 6728 7677 4801 10964 11363 5037 15379 12439 4312 11894 8413 10408 13376 3790 11875 6010 8058 11151 7820 9844 16017 8650 4571 5576 15057 14805 5851 13550 7941 3597 8396 8821 7980 6378 9063 8252 5540 13601 9447 11441 6650 7783 8575 13220 12362 7689 7189 6532 12125 12554 15421 16961 10982 8521 4887 8226 4304 7880 5827 13011 8648 8883 11238 13384 16477 4998 11245 5092 3907 8836 6555 10900 7117 8223 2046 5580 12125 11045 12754 5787 7232 10192 6207 12437 763 6371 11368 4489 5414 6328 12347 6140 13411 9828 7873 3137 11638 7387 6708 3680 11009 8694 10311 2177 7131 14038 15969 13194 13611 13637 11019 17134 5211 8067 8069 10115 13967 12918 13827 8103 11680 6750 6832 9064 7131 13213 8735 3552 14888 5886 16974 5221 0 13162 6441 7238 11132 4012 17723 10853 9682 5815 8802 7371 9839 15685 16719 14989 12985 6654 10880 6361 7275 7154 8101 15621 12199 7980 2103 12168 11206 16068 5048 10821 9162 2036 5459 1215 5530 15292 12877 8335 13242 4796 3658 13705 4911 16005 6243 7958 4508 7491 3917 11189 9864 11620 14593 9222 9773 4662 12633 10449 1529 10404 10999 12529 10756 440 7038 2814 15834 10187 4263 15958 10529 12973 10880 1922 11954 8868 7624 15926 12259 10479 9408 12077 16570 12697 17172 4448 13965 6505 1340 3961 9966 9239 11028 13317 5641 13039 9462 3806 9977 10601 2933 7855 4050 10077 5214 10097 525 7575 5979 10672 4055 13530 9021 10387 16645 7920 5041 8254 14742 5111 9097 8806 16854 6644 6562 8695 8226 14414 7516 5529 16006 2401 17227 5768 9610 3791 7152 15383 6916 7366 3928 14693 7860 13077 10637 14765 7083 5685 1269 11506 5363 9904 4939 10900 4838 12420 10400 11320 11796 5821 12155 6544 8763 12915 9775 8267 5163 5803 15903 6389 9062 10376 6680 4887 11513 12829 7513 10538 9208 9270 8453 9923 12519 3460 8197 4340 11508 1968 15054 2549 4393 13169 5774 10127 3570 3803 17730 8392 8657 11902 8509 4104 15674 8152 13971 14760 6113 8130 9270 12257 6999 2974 10123 6396 4677 12686 6568 3338 14509 14069 11266 10076 5250 17155 6556 6357 10045 6336 7050 14664 7807 4344 8209 5977 8443 2733 10648 603 15638 10133
3121 14219 4346 14088 8005 12357 4872 12333 12175 10659 3431 4812 11838 16940 7767 3134 4962 9537 7322 15583 8038 8558 5641 1526 1312 6220 6326 6570 5773 15634 10663 4947 8256 10334 4451 12560 9557 17608 10097 2675 9399 4345 15747 15189 13352 6826 3933 8872 12418 9856 12399 2440 3601 9049 3713 9726 15993 5784 16504 14365 12424 17723 17279 17001 4893 13004 6876 6753 14858 7960 984 10071 11094 6741 12077 9506 11606 6339 8223 4684 11894 16671 10381 15500 5375 17406 767 14596 5046 2464 7441 7236 16958 10787 16117 13143 14225 13935 19329 14851 13776 11121 17374 4123 8884 2681 10472 13317 15262 15390 10551 13322 7789 18880 14028 14789 8417 1718 14375 8891 5172 12852 11030 1620 6702 8564 9500 8016 16207 13176 14072 6543 1475 4104 1681 3712 8461 2783 9564 15539 12785 17411 14147 932 9947 1894 6818 10876 13639 15812 4528 13352 3155 10962 16237 2410 7292 10013 15081 13162 0 6934 9177 4214 10487 10131 5612 8888 13894 15012 14588 17199 3274 8972 9323 8401 18288 12515 10185 10785 9687 18143 2532 10288 14803 12049 2197 10313 7614 15401 4308 4885 14704 14049 13564 14241 2494 8340 13736 7471 9030 14287 993 15822 6847 13971 9107 17471 5983 14082 5144 12067 1730 9328 4988 4612 12504 1981 10439 14477 4782 3936 8749 17609 12940 15921 15966 8822 7951 9064 9903 3108 5289 16208 11446 11523 17934 10830 3855 6733 4392 4412 12433 8213 4718 10260 16544 1015 17683 13541 9806 6224 4030 3213 9514 8008 8822 5100 16415 13552 7016 15324 5981 16601 16189 17886 3580 13424 11116 12794 5438 13642 3561 5493 7922 5525 16958 16879 17289 7493 12778 17391 10739 8660 18122 7985 10406 7617 1420 6245 11597 6867 15239 8577 15213 11937 9730 17927 6938 16327 5800 16489 3967 15307 9538 3171 4921 17428 14724 14327 2494 12023 3703 13127 18752 10096 3068 7946 19201 1567 13080 1125 9789 16625 5846 11997 6648 11766 10000 3693 7296 5936 9570 15260 12483 2914 505 7970 14123 3955 19012 5505 5564 5749 10320 16734 16766 11985 14387 3283 14845 9167 5560 13530 17566 11943 15475 9037 4966 19113 5612 17397 11643 5378 5264 3289 1639 7202 7834 18583 3947 7403 15971 8572 6880 8644 1950 9606 9873 8827 6997 6629 6999 11415 9339 14834 7091 16402 9077 14613 2953 5727 15760 10951 17204 11388 10476 4372 12592 7655 12893
8934 9316 2802 10088 10330 10776 7968 6174 6373 9693 8323 3170 6931 10954 6291 9485 6243 2698 1582 9235 1667 7168 7156 5594 5623 3534 4359 2161 1237 8783 9777 5194 1404 12508 6166 5824 7466 12769 9058 7798 2684 7046 10488 11041 9180 2170 3403 10399 7244 4705 5985 8648 9282 4831 8299 4747 9679 4119 10427 8470 8225 11447 10873 11125 8789 10323 5888 213 8795 6217 6856 8065 5717 3499 8038 7615 8988 9275 10998 6337 9043 9757 5452 9620 1568 11502 6933 8898 4065 4823 9738 11871 10869 10035 9262 6325 10793 7645 13219 8581 8098 4483 10469 7184 6475 7225 4208 9337 10013 8805 8358 6753 1499 13045 8597 8112 4560 5936 9575 8335 5398 9346 4100 5338 3747 2774 3052 6009 12012 10925 7791 3088 7654 9530 6774 8351 8352 4589 11489 8752 9405 10933 9193 7661 10675 7403 4784 8011 7453 10891 3799 7341 6790 6200 9807 8957 979 13403 8340 6441 6934 0 6112 6243 3623 13940 4866 7766 9072 9274 10302 11290 9252 12771 9731 9917 12400 10848 6358 7463 4198 12959 9291 10377 8817 5122 6464 9728 11745 9845 5961 4324 7809 9028 6682 7646 9265 7691 8112 7679 3751 7399 7356 8969 11383 7586 6615 10915 2809 8411 5067 9960 5605 9425 2872 3410 5844 6877 6929 7631 5784 4619 9770 11912 6157 11056 9246 12109 5277 2190 12686 4882 8435 10967 4601 10919 13181 7721 9486 8526 4141 2973 9149 12343 6464 13643 9613 7835 11968 6648 4104 4198 2906 5607 10720 3120 8014 3188 10025 8712 7316 8979 1542 10243 10632 11499 3661 6624 5675 6470 4625 6826 7129 2814 5432 10263 10527 10838 10882 10756 6211 11198 6077 12725 12296 4298 8109 3277 8080 1222 7088 11392 8713 11302 10012 9723 3798 11169 10979 9763 1688 9561 8288 11025 8347 4201 9720 12060 9625 7515 5830 5567 4390 8074 12793 5196 5995 5456 13260 5462 6679 5857 3919 10503 6913 7530 2576 7035 5793 9463 3062 3073 6352 8806 7515 6029 6678 2888 9377 3103 14020 2110 3875 8263 4441 12117 9833 10911 7478 9367 8505 2234 7081 8777 11660 5086 8552 11826 1991 13798 5899 11036 6364 10570 2997 7545 8570 2207 3358 13763 7233 1735 9380 5572 318 2787 6255 3753 3463 9180 10044 7657 6853 6771 11442 8412 2563 10775 5284 8364 8223 1371 8857 8183 11440 8641 3985 5808 5844 9754 10645
12187 14906 7422 4912 6723 4692 12602 5305 11673 3892 8011 8392 12699 15561 1887 12311 4761 5914 7684 13514 4892 1973 12323 7724 8204 3303 10181 4108 6591 11753 4002 10435 5767 8141 11052 9847 13547 8497 3341 8034 5469 5927 6908 6012 15062 8243 7935 15864 12859 2729 10658 11585 9162 1582 7744 10687 8369 3461 14970 13423 3302 15611 14868 8612 7327 4310 11679 6223 13527 1602 9750 14152 11387 2950 2931 13681 15098 14130 16044 5082 3037 12089 11342 7277 6137 9015 8652 13992 4198 8524 6360 9778 8845 4286 12128 9933 5165 12224 17489 13065 13291 5782 12798 6240 12557 7465 9461 4140 15354 12674 14461 6869 7459 17667 5513 11852 1570 9343 5366 14227 4138 3728 7583 8240 2822 8685 4855 12021 7031 4834 6747 3359 10540 13088 10107 7806 14146 8510 16880 12022 3698 14781 14765 10108 5699 10672 2363 14120 12204 6783 4820 12313 10931 12080 8810 9895 5193 9805 11845 7238 9177 6112 0 5451 7859 10593 10405 2445 4931 14296 5421 15958 12397 9667 15480 5800 9814 4752 1195 1633 10013 9147 11625 5045 13636 7750 7284 4127 9216 6833 5207 4312 9273 5192 8302 11670 10443 13563 13347 13340 3021 10382 10073 11898 9345 12027 728 10172 3952 5820 10404 3848 7462 15232 8170 8531 10064 7722 13017 8748 4675 9407 5306 16756 7333 6864 9376 8732 11338 5952 8750 6079 6546 16247 6720 5119 8797 1761 12900 5371 9182 7804 15210 9645 11409 9991 11677 9556 9076 8379 3560 10005 6807 6054 6079 3073 13938 8589 8881 14373 3692 7869 7297 8978 15696 10171 7930 7736 11316 11189 10124 10329 11390 8410 11479 14297 14512 8709 14873 7789 10562 15513 11998 9871 9594 1821 2013 9387 10596 7099 2739 9341 8204 16385 6375 3613 3928 14233 8621 13555 5106 11153 12371 6134 14350 8332 8570 8563 5856 8455 6760 10258 5528 4410 17290 2399 10231 11505 17747 8489 11244 8620 9570 14980 12208 13412 8599 3047 1488 12775 3072 8862 12462 12950 3809 6473 8692 8973 15038 6202 9920 7636 9483 5935 3917 7587 11573 4936 9168 9617 7469 6491 12234 4560 16303 8841 10934 16910 6638 10154 11296 15095 3550 9447 4475 11543 10390 3905 9469 9452 6434 7834 8977 11672 5799 3954 9820 9446 4825 14912 7178 4438 3234 2714 16768 12669 3574 15768 1009 12905 11765 6799 11441 2111 8679 2584 5152 5072 6962 14981 4549
7332 15290 5145 10247 4525 8148 8681 9752 12559 6445 2643 6180 12839 17195 3761 7237 765 8107 7442 15460 6453 4440 8991 3136 3740 3468 8225 4627 5629 14682 6450 7561 7081 6903 7640 11942 11883 13929 5886 2584 7796 806 12331 11347 14846 7424 5258 12525 13264 6959 12220 6629 3801 5842 2444 10577 13288 2736 16669 14695 8748 17673 17075 13893 2578 8893 9369 6167 15036 3999 5043 12474 11762 3946 8370 11916 13826 10235 12179 470 7856 15443 11303 12467 4969 14302 3528 15094 2322 4804 3902 5645 14011 6579 15139 12344 10224 13884 19458 14819 14282 9161 16176 1002 11000 2023 10443 9507 16112 14961 12904 11064 7642 19280 10802 14225 5203 5092 10814 11812 1380 8926 9915 4001 3762 8820 7588 10217 12345 9005 11451 4019 5687 8317 5610 2506 11520 4984 13363 14749 8829 17112 15183 5092 5932 6024 3307 12937 13696 12233 2444 13573 6863 12015 13638 4453 5995 7331 14396 11132 4214 6243 5451 0 9683 7778 7929 4710 10372 15481 10817 17527 7466 6587 12638 4555 15140 8308 6595 6946 10217 14598 6409 6151 15053 10656 2041 6107 5506 12164 312 2035 12992 10608 11860 13812 5012 11172 14283 10555 6401 13249 5202 14859 5156 13814 5201 14968 3787 10997 7656 7901 2799 12532 6145 6146 12009 2400 12152 12616 793 6333 4753 18129 11036 12313 13769 6025 9826 7780 6803 1893 2205 17077 9797 7331 14212 6924 8066 2858 6452 5488 14369 6109 7988 7580 15178 4302 14443 11881 7257 8063 4363 1185 5622 5492 11635 6499 13767 14648 2803 12686 6258 13912 16815 15173 5011 11518 11741 12710 7663 12832 7333 6638 9882 9721 16726 13898 17084 4623 12409 17436 11840 6502 14937 4827 6333 8582 5548 6324 8121 5164 12803 12535 11794 7787 7354 17159 4738 15918 4565 14903 8027 11505 12252 5076 3652 13998 11280 12392 1787 11800 2012 9766 19035 7016 6399 9909 19502 4242 12911 4131 10061 16745 9050 13271 7514 8372 6599 7897 4743 7208 11362 15010 9133 1310 3710 8585 15294 3660 15357 6139 7353 2180 7792 12998 15257 7774 12754 4196 12229 8119 8900 10000 17898 11089 14212 13025 5009 15603 8432 17249 8544 4556 3305 7254 5094 5153 8764 14870 1126 7582 13579 10370 6011 6491 5555 9882 7853 12088 3932 2480 2808 8020 13176 14628 4833 16973 5666 14604 7129 5736 14613 6947 14014 7354 8435 485 10650 11406 8726
12172 7205 6188 10330 13409 12403 10617 4970 3914 11748 11908 6128 5301 7805 8774 12823 9555 1947 3370 5877 3356 9479 9455 9200 9186 6498 6248 5121 4715 5164 11855 7701 2609 15401 8830 2260 7891 12021 11175 11408 2390 10489 9587 11043 7693 4156 6710 12052 5263 5393 2809 11993 12893 6284 11864 3973 7609 7218 7231 5566 8643 8074 7427 9492 12259 11414 7518 3776 5707 8606 10303 8373 3990 6223 8620 8120 8676 11650 13084 9703 10233 6193 4350 8144 5180 9803 10535 6134 7390 8225 12857 15326 8998 12136 5645 2704 11343 4428 9913 5321 5451 2935 6890 10661 7033 10826 1934 9715 7525 5282 8472 4636 2804 9925 7796 4542 6393 9320 9236 9403 8650 10063 876 8871 6485 2758 3022 7011 11865 12181 6018 5935 11061 12629 10118 11917 9642 7951 13168 5132 10197 7441 7055 11156 13264 10724 7496 7764 4363 10263 7271 4455 9831 4953 7548 12572 3689 16565 4735 4012 10487 3623 7859 9683 0 17180 7100 10069 8795 6438 10293 8184 12509 16048 10986 12821 10649 12423 7534 8683 3174 11885 12747 12772 5797 2016 10080 11939 15121 8716 9385 7672 4659 8572 3679 4144 12865 8879 5516 9291 4841 3800 10814 5351 14837 4278 8537 8371 5953 7369 7500 11426 9224 10586 5852 6386 2358 10498 6528 4678 9122 7580 12544 8936 3595 10459 6502 15304 6193 2021 15733 8478 11822 8399 2236 12977 12470 9016 12640 11642 7017 6228 8340 15699 9044 16795 6107 11418 10442 3593 4484 6159 6469 9171 13458 5004 9031 5986 7808 6749 10205 6937 4582 8055 7839 9178 7028 3933 3889 3340 6959 3204 10079 5519 6393 13104 7073 9030 7435 14014 2809 7890 4978 16057 10623 6364 9789 4307 11546 4280 7518 14844 6396 13333 9230 11166 4060 7551 14369 6237 5170 6185 11232 10923 9067 7539 13256 10886 9000 4679 9439 2401 7951 7767 9597 5910 9071 6405 10064 8966 3431 9383 2563 7270 9109 6148 4560 7283 6871 12654 5473 5413 6387 5378 7417 9611 10263 3592 7390 6725 13039 5143 6247 11556 4388 11619 6397 12763 4278 12988 6530 1580 9402 8616 8542 1464 5019 13825 5526 12537 8122 7616 6261 14125 6379 10587 12126 4732 4186 12949 10733 3356 6881 6111 3768 3945 9568 2569 3152 10513 13302 10693 9690 7170 13202 5026 5133 7916 6855 5136 11403 4762 5276 9585 9905 9967 3111 9221 3464 11743 11939
12416 23068 12832 13588 3897 9316 14942 15886 20303 8033 6734 13803 20616 24869 8895 11775 7698 15409 15213 23045 13831 8628 15766 10050 10561 10683 15782 12068 13405 21900 7920 14798 14585 3111 14526 19424 19357 17237 8087 7504 15029 7015 16620 14466 22589 15197 12832 18939 21042 13155 19848 11674 6653 11873 6511 18354 18851 9964 24325 22409 13002 25250 24604 18683 5499 11140 16721 13887 22714 9152 11102 19921 19536 10991 12624 19353 21367 16306 18058 7616 10935 22449 19079 17563 12743 19056 9420 22834 9880 11958 4369 3017 19097 7743 22325 19730 12830 21517 27074 22444 22028 16004 23177 6969 18545 7730 18145 13137 23885 22438 20379 17427 15384 26972 15750 21661 11411 11727 14965 18953 8563 12237 17257 10956 10737 16586 14641 17715 15200 10604 17326 11249 11269 13345 11805 6495 18557 12224 19530 22058 12029 24601 22961 10529 5530 11875 9797 20526 21361 16097 10175 21278 13283 19788 19327 8242 13541 898 21770 17723 10131 13940 10593 7778 17180 0 15320 8247 14706 23213 14306 25216 12332 1205 19454 4805 19719 9496 11673 11205 17990 18244 10735 6480 22748 17793 8550 7462 2518 16893 8029 9617 19736 15108 18686 21317 8649 18365 22035 17564 13021 20470 10914 22065 3318 21417 9918 20683 11253 16188 14948 9964 9769 19453 13814 13724 19537 8432 19832 19251 8157 13613 5372 25853 17754 16080 19969 1897 17429 15183 2090 9525 5585 24848 16822 7655 17334 10945 13010 5560 13877 13140 22012 1922 14819 859 22093 9410 18890 18741 13803 15634 12078 8714 4861 12402 18846 14130 19370 22425 7144 18406 14034 19439 24563 20555 12533 18194 19513 20356 15082 20195 13675 14330 17460 14858 24249 18933 24611 3184 19973 25047 19609 1477 19457 11227 9799 16340 10732 14101 13047 3297 18788 18396 16155 10070 14057 24411 3232 23382 12253 21649 13866 14747 19531 12445 5211 18036 15659 18974 8898 19425 9780 14603 26700 12941 13144 17487 27168 11120 20528 10794 17815 24387 15949 21033 15267 13423 12081 12781 11785 14894 19014 22558 14118 8468 9816 16362 23068 11411 18570 13890 14914 5677 14275 16239 22053 8465 19580 7171 18029 15601 15683 14386 25584 18500 21244 18793 12781 19240 15583 24795 14119 4912 10944 13328 9638 12456 16527 17939 6999 15354 19556 18005 13682 13516 12055 17639 14794 18955 3897 6540 7675 13147 19276 22198 12065 24713 11408 22239 12700 13514 21709 10532 18617 10627 15290 8167 17367 17693 10477
5747 8749 3067 14822 12445 14795 3553 10963 7242 13406 8661 2021 6482 11842 9924 6591 8385 7234 3901 10833 6534 10867 2377 5277 4804 7191 953 6351 3918 11687 13461 772 6104 14830 1876 8575 4038 17632 12763 7909 7372 8533 15353 15817 7766 3035 2726 5556 7127 9516 7967 5870 9131 9417 8837 4661 14318 7363 11483 9324 12960 12814 12510 15907 9828 14715 1440 4670 9905 9965 4866 4602 6027 7464 12733 4034 6065 4570 6165 8281 13441 12949 5182 14420 4275 16273 6142 9424 6832 3375 11823 12614 15588 13676 12161 9285 15413 9234 14243 10068 8639 9100 13567 8483 3283 7601 6172 14052 9866 10929 5059 11310 4483 13638 13461 10507 8994 3901 14421 3956 7927 13948 7912 4394 7624 4411 7860 2423 16807 15195 12492 7047 5290 5904 4311 8861 3777 3097 6633 11427 13974 12716 8694 5766 13662 4714 8429 5282 8866 15752 6200 8460 3288 5626 14372 8012 5801 15038 10897 10853 5612 4866 10405 7929 7100 15320 0 11404 13916 9843 15091 12043 6096 14120 5079 12445 17164 14904 10927 11937 4937 17823 6931 13656 9797 9079 6770 13277 12834 14694 7791 6928 11759 13887 10754 9870 8003 3295 8572 2935 8548 10566 5310 11871 12178 9363 10730 15349 6472 13259 531 14141 5551 4856 2235 1923 8393 6924 4843 11754 7961 1721 12547 12328 10492 15915 13539 13758 2370 6729 14665 6036 9891 10783 8931 14543 18040 12140 6008 10774 1478 2671 6829 13455 2000 15291 12990 6598 16778 10677 8966 977 3819 6791 13467 7757 3737 1819 14611 8088 10208 13618 3340 14843 10884 16055 2926 10904 6081 8224 285 9735 3340 2076 2320 6091 12228 15575 12522 12348 8497 12424 5387 13895 17079 8633 12263 2915 5940 3645 11856 12195 13235 6457 14878 13932 8665 13637 12091 11787 5309 13206 4382 15823 4326 2890 10245 16915 14490 11723 6456 7686 6059 12930 13582 9979 2779 2343 14009 4266 8563 4656 5294 11633 2076 6500 2586 11840 10440 6091 7422 1826 3971 10642 12358 6923 5738 3577 8617 4561 18887 2847 991 10070 9306 16963 13365 14734 11378 8882 13158 6483 2317 13612 12397 8326 11896 6977 3769 18651 1054 12579 11222 10853 6079 3937 6945 6733 3099 18627 8405 3854 13822 2993 5086 7638 3802 5145 8265 4510 11717 10211 9909 11555 6577 10206 6949 11123 9767 9826 4926 3710 12020 12512 16244 12986 8727 7723 10254 4894 14904
12007 16927 8337 5968 4452 3517 13008 7726 13766 2004 6859 9400 14625 17847 1505 11945 3946 8131 9336 15834 6876 603 13012 7632 8202 4343 11370 5609 7918 14176 2064 11273 7754 5700 11674 12150 14933 9763 1359 7106 7695 4865 8637 7023 16928 9740 8731 16607 14856 5162 12877 11321 7931 3943 6534 12499 10608 4043 17262 15623 4912 17961 17233 10572 5802 4223 12782 7826 15774 1549 9648 15544 13349 4271 4517 15034 16645 14572 16523 4248 3331 14533 13191 9365 7340 10961 8230 16164 4599 8908 4193 7779 10919 2298 14558 12285 5684 14484 19836 15350 15431 8195 15243 5174 13960 6643 11527 5330 17467 15036 15901 9300 9228 19962 7554 14218 3689 9498 6990 15345 3801 4565 9884 8358 4033 10500 7137 13323 7960 4295 9093 4693 10349 12978 10143 6590 15178 8982 17547 14429 4415 17160 16792 9786 3268 10624 3046 15680 14432 8287 5258 14497 11226 13939 11080 8997 6972 7430 14233 9682 8888 7766 2445 4710 10069 8247 11404 0 6651 16488 6630 18236 12158 7393 16441 3445 11690 3661 3437 3024 11894 10602 11113 2703 15866 10139 6748 1962 7116 8769 4583 4557 11718 7010 10745 14003 9581 14679 15476 14290 5320 12792 9863 14324 7391 14306 1725 12438 5112 7961 11293 3192 7316 16250 9236 9481 12345 7106 14658 11191 4110 10121 2896 19004 9778 8317 11761 6427 12725 8086 6342 6037 4971 18384 9114 3182 9978 2820 12740 3442 10028 8733 16896 7475 12036 7605 14123 9008 10895 10820 5955 11193 7598 5690 3635 5086 15095 9655 11126 16360 2050 10159 8658 11200 17889 12337 8627 10181 13289 13408 11119 12698 11701 9584 12840 14334 16876 10764 17238 5642 12833 17843 13829 7651 11445 3712 1831 10944 10250 8535 4810 7383 10557 16876 8133 3086 6296 16664 6611 15932 6393 13594 12536 7236 15593 8913 7005 10194 7617 10896 6399 12466 5671 6408 19604 4844 10629 12867 20065 8614 13492 8620 11515 17282 12974 15274 10026 5181 3900 12581 4783 10104 14017 15282 5890 5979 8383 10644 17028 6879 11185 8860 10579 4283 6344 8778 14016 3335 11612 8479 9785 8605 12920 6304 18587 11153 13374 17386 7726 11625 12165 17455 5888 7804 5349 11728 9787 5648 11061 10631 5386 9491 11319 13140 7449 6125 9981 11373 7162 15873 5115 2732 1903 4900 17396 14983 5248 17978 3396 15179 11738 8110 13878 2570 10563 2864 7540 4516 9405 15598 4016
16775 15821 11297 1887 11062 6075 16706 3931 12576 6762 12941 12056 14092 15231 6760 17004 9691 7304 10366 13101 7418 6480 16126 12389 12801 7700 13425 7810 10028 10499 6886 14156 8022 11829 14993 9933 16210 3776 6623 12954 6969 10857 1999 2276 16472 11156 11894 19465 14004 4412 11112 16236 14091 4874 12671 12599 4615 8116 14636 13700 1740 14835 14014 3980 12201 4229 14950 9259 13558 6484 14351 16767 12785 7200 2136 16400 17335 18145 19964 10011 3855 10247 13086 3041 9821 4350 13439 14358 8849 12832 10842 14426 4462 7114 10714 9651 3141 12296 16642 12912 13853 5865 10827 11170 15249 12375 10725 1773 15885 12016 16963 5085 9913 17168 1461 11228 5487 13789 507 17335 9034 2675 8091 12761 7206 10833 6319 14939 3075 5089 3968 7476 15172 17612 14609 12734 17397 12743 20549 10964 2904 13803 15666 14820 9245 15212 7155 16382 12445 1923 9383 12763 15201 13730 5170 14800 8117 13840 11021 5815 13894 9072 4931 10372 8795 14706 13916 6651 0 14546 1559 15654 17018 13964 18782 9998 5043 5967 3779 3645 11807 4254 16398 8332 13743 7526 12138 7298 13766 2211 10119 9026 7468 462 7009 11331 15338 16709 13952 16750 5382 9463 14728 10581 14028 12000 5318 6401 8096 2095 14062 5091 12165 18458 11780 12257 10258 12590 15163 6856 9588 13342 9370 16571 6174 2051 6460 12976 14148 7672 12676 10795 11398 16625 6708 7536 4155 3832 17461 10045 12980 11623 17109 14109 15327 13979 9705 14373 4244 7143 4981 13267 10879 10890 9860 6273 16996 12157 5109 15442 8450 4456 10578 5092 15856 6009 11993 6300 12683 11578 13662 9851 15627 11842 14327 18686 13693 4283 14016 12289 10747 14893 13734 14260 4795 5920 4926 12045 15310 10282 2297 14021 5170 20283 1483 4895 5333 12645 13258 12690 8860 8922 16703 2130 17238 12478 13442 3633 966 6537 11574 10816 10191 1039 16689 3993 14439 14348 17100 12993 11478 13198 11227 14577 15923 14943 11598 2158 3895 17362 6819 12144 14847 12495 1558 11334 13432 11433 16051 10444 5139 11083 12927 10753 4737 3047 9368 6862 7584 14547 4296 8144 16044 371 15940 9027 9384 20811 10397 5243 14926 14276 2724 14299 8776 15884 15214 7292 12043 4773 11365 10481 5758 14298 8834 6285 14241 11176 5978 18237 11765 9201 8060 2496 20490 12363 7190 15837 4821 12833 16262 10230 9938 4180 3922 4091 5764 9977 5983 18770 5009
15584 2237 10861 16284 19578 18800 13026 10633 2927 18185 17305 10206 3429 2013 15152 16434 15516 8384 8072 2178 9656 15894 11519 14107 13870 12672 8931 11249 9895 5134 18293 10615 8804 21686 11664 4648 7534 17135 17611 16672 8828 16275 14778 16815 3849 8297 11133 12374 2743 11772 3643 15703 18110 12719 17346 5293 11756 13334 1773 876 14769 3193 3234 13896 17979 17694 9222 9327 1087 15002 14479 7573 3918 12486 14812 7778 6628 13357 13996 15603 16566 6381 4678 12946 10537 14074 15323 420 13339 12549 18996 21051 13160 18574 5325 4902 17409 2251 4403 1834 1237 8937 6535 16385 7383 16171 5081 15769 1488 3242 7288 9563 7839 3873 13281 3721 12825 13443 14908 9452 14668 16247 6791 13473 12750 6692 9448 8050 17490 18497 10925 12143 15039 15652 14034 17391 9980 12229 13317 4542 16406 3586 2126 15402 19648 14509 13793 6320 2133 15627 13049 1991 13131 4237 11414 17375 9758 22674 4136 8802 15012 9274 14296 15481 6438 23213 9843 16488 14546 0 16103 2203 15932 22041 10862 19091 14731 18811 13922 15054 5376 16677 16728 19190 847 7052 15338 18373 20984 13796 15211 13598 7739 14223 7699 3349 17506 9322 1280 10278 11276 5403 14971 5203 20568 2559 14975 11518 12018 12718 10374 17803 14248 10411 10054 10400 4353 15673 5662 8244 15056 11223 18868 2651 8405 15833 9762 21383 7617 8402 21930 13928 17684 2080 7981 19415 17586 15394 15795 17780 10691 10685 5519 21590 11683 22913 6837 16025 14854 7556 10863 8978 11470 14716 19800 11405 9134 9913 11682 2505 16466 11281 9364 11921 1401 12581 11488 8377 3899 3117 9897 4768 13157 9533 7746 15502 3114 13275 3246 20030 3846 2732 4480 21982 14818 12776 16213 7395 15658 9223 13713 20578 10478 14102 14564 17542 10450 5334 20215 3385 10961 7629 14106 16635 8660 11846 18805 15664 14485 8493 14778 4038 13540 13593 3751 12269 12578 7734 4192 13463 3118 13907 5431 1965 11100 3786 8394 13424 13261 15898 11798 9076 6357 2594 13391 15080 14964 7105 2600 12005 17837 9676 9537 17536 10684 16986 7430 19188 7443 18045 11065 7889 11518 14453 2562 5623 6227 14458 10614 17057 10469 3172 12342 19600 12271 13763 16544 10988 7179 17929 16410 7943 10510 7058 9539 10375 13485 5614 9532 10655 19318 16879 15969 13375 13494 2458 11400 1505 13291 1812 14764 9822 5854 15974 14376 16335 9359 15064 8566 12730 18269
17562 17360 12348 719 10856 5231 17720 5480 14105 6273 13286 13175 15594 16786 7077 17720 10092 8728 11672 14657 8681 6599 17236 13116 13573 8516 14658 8841 11176 12029 6386 15278 9348 11312 16054 11486 17572 3143 6283 13387 8369 11207 2535 756 17982 12431 12926 20647 15524 5598 12657 16982 14412 5782 12990 14041 5862 8824 16191 15256 2195 16374 15552 4745 12388 3301 16189 10479 15117 6824 15125 18139 14280 8053 2515 17753 18764 19196 21054 10417 3410 11729 14549 4212 10904 5046 14073 15913 9567 13746 10722 14348 5402 6571 12231 11210 1829 13854 18172 14472 15402 7377 12287 11525 16601 12839 12216 1318 17438 13567 18353 6636 11249 18715 2944 12782 6331 14646 1275 18622 9544 2100 9611 13575 8013 12227 7699 16249 1716 4072 5472 8380 15928 18439 15440 13051 18654 13687 21715 12503 2291 15334 17205 15519 8778 16024 7771 17803 14000 1811 10152 14314 16143 15207 6424 15269 9330 13420 12570 7371 14588 10302 5421 10817 10293 14306 15091 6630 1559 16103 0 17209 17785 13670 20034 9760 5546 5089 4427 3871 13255 3991 17046 7832 15301 9077 12700 6846 13626 3228 10592 9707 8986 1926 8561 12890 15828 17985 15499 17967 6556 11015 15468 12106 13984 13559 5620 7549 9009 3574 15200 4381 12866 19725 12910 13361 11809 13133 16593 8376 10060 14394 9099 18127 7733 1775 7849 12673 15472 9065 12234 11482 11563 18182 8241 6827 3398 3923 18266 10071 14071 12694 18576 13909 16398 13535 11178 14976 4695 8696 6284 14495 11863 11474 9450 7350 18291 13302 6319 16971 8592 5817 11770 6258 17415 6992 12992 7852 14180 13127 14829 11410 16585 13016 15645 19587 15234 5207 15553 12143 12300 16439 15203 14013 5267 6755 4803 13376 16008 11490 3237 13974 6583 21381 2243 4246 6666 14133 13188 14231 9906 10372 17625 739 18567 13452 13611 3737 1949 8059 12181 12355 10911 2537 18232 5115 15403 15667 18640 13817 13032 13982 12685 16131 17057 16437 12862 3268 4746 18151 7800 13356 16243 14051 2902 11888 14107 12789 17585 11363 4573 12245 14110 10888 6112 2184 10815 6076 9116 14911 5722 9557 17152 1678 17493 10573 10901 21909 11469 5011 16078 15815 4095 14427 9650 16799 15808 8379 13387 4056 11729 11795 7105 15654 10044 7530 15112 12625 7384 19481 11687 9323 8276 3537 21642 13922 8220 17397 5590 14392 17101 11383 11454 4060 4535 3803 7224 10466 7542 19896 4070
17782 3888 13015 17467 21522 20329 15195 11837 5051 19846 19427 12389 5602 423 16958 18634 17522 10107 10174 2555 11506 17651 13681 16267 16043 14595 11133 13180 11988 5418 19959 12816 10687 23570 13859 6116 9575 17887 19297 18808 10541 18327 15626 17888 5525 10450 13306 14344 4928 13337 5401 17906 20256 14377 19456 7490 12344 15282 1021 2858 16084 1606 2186 14466 20050 19090 11393 11360 2503 16788 16677 9549 6110 14369 16171 9809 8435 15471 16016 17625 18024 6342 6881 13708 12618 14587 17496 2622 15337 14735 20952 23130 13675 20243 5413 6136 18645 3756 2220 2894 3429 10363 6243 18450 9506 18295 7084 17020 2670 3657 9217 10574 9898 1757 14303 4427 14549 15640 15969 11466 16654 17581 8376 15650 14633 8803 11112 10205 18474 19921 11832 14050 17241 17837 16236 19503 12015 14416 15240 4853 17755 2576 3844 17600 21446 16712 15660 8274 3861 16527 15086 3957 15331 6428 11928 19553 11692 24648 4670 9839 17199 11290 15958 17527 8184 25216 12043 18236 15654 2203 17209 0 18129 24054 12805 20983 15147 20325 15471 16570 7534 17304 18931 20935 2474 8385 17469 20075 23032 14631 17249 15604 8402 15292 8650 4381 19693 11389 3481 12377 12945 6202 17170 5410 22644 3933 16658 11778 13975 13703 12575 19306 16398 12360 12229 12587 5896 17815 7751 8977 17068 13424 20723 952 9491 16732 10212 23366 9802 10199 23864 16027 19723 2320 9388 21061 18330 16918 17985 19734 12889 12852 7248 23632 13872 24883 6890 18211 15389 8514 12442 11181 13603 16805 21641 13187 11166 12100 12180 4383 18359 11968 11489 12400 1487 12859 13662 9358 6084 4879 12100 5845 15353 11712 9926 17652 2333 13814 2194 22032 5403 1170 6670 24015 15272 14543 17811 9583 17859 11330 15091 22654 11134 16101 15480 19045 12047 4552 22265 3184 12976 7772 16291 17679 10641 14030 20910 16315 15470 9268 16897 5824 15615 14762 1553 13805 14781 9913 2005 15645 4753 16090 7537 1085 13263 5855 10567 14772 14818 18090 13644 11265 8491 3161 14642 17182 17142 9265 4208 14112 18437 11826 11738 19544 12195 17856 7467 20777 8184 20206 11833 9717 13684 15607 372 7124 6610 16432 12728 17563 12656 1962 13678 21718 14277 15959 18739 12867 9365 18605 18485 10052 11013 9233 11538 12115 15686 7722 11138 12644 21319 18811 17851 14766 15435 3342 13277 1200 14949 3057 16962 11927 6119 17507 14952 17837 10878 17098 9723 14780 19711
351 14712 6451 17308 10889 15613 3351 15128 13323 13903 6135 6386 12545 17935 11037 649 8222 11950 9150 16898 10633 11832 4776 4674 4219 9319 7030 9426 8017 17482 13902 5326 10652 13102 4275 14342 9286 20763 13352 5504 11900 7511 18818 18404 13541 8437 5863 6949 13204 12838 13915 837 5755 12146 6480 10744 18764 8961 17580 15420 15606 18906 18584 19937 7680 16276 6848 9047 15997 11225 2668 9659 12118 9820 15271 9150 11244 4247 5785 7935 15160 18651 11278 18422 7823 20337 3939 15514 8218 4454 10377 9316 19824 14015 17965 15004 17482 15279 20334 16136 14733 13688 19316 7255 8911 5734 12032 16530 15877 16918 10145 15947 9706 19700 17046 16429 11533 3358 17508 8020 8443 16096 13187 4271 9815 10136 12129 8087 19425 16449 16842 9567 1858 1013 2504 6456 7468 4666 7337 17291 16035 18777 14674 2374 13035 1869 10034 10734 14925 18941 7644 14540 2821 11702 18955 4125 9838 12402 16785 15685 3274 9252 12397 7466 12509 12332 6096 12158 17018 15932 17785 18129 0 11275 7878 11431 21229 15774 13364 14017 10945 21247 1612 13449 15892 14296 5428 13537 9908 18406 7575 8086 17016 17144 15909 15819 3682 7652 14664 6595 11953 16238 2327 17669 9036 15385 12361 20123 8966 17045 5567 15340 4943 8037 6658 6131 14216 5125 10669 16873 8055 4981 11844 18381 15409 19060 18495 11345 8351 11443 12518 6322 8243 16765 13852 14726 21103 14076 683 9825 5557 6323 12285 10439 4302 12634 18607 3308 20669 15865 12670 7006 6488 6487 12542 10942 8092 6559 19154 14064 10259 18077 7955 19356 16935 20633 5591 15877 12170 14223 6070 15486 2781 7026 8247 2536 18294 19762 18596 10149 14395 18519 11461 10870 21080 11100 13677 8833 1929 8278 14729 9058 17900 6109 18290 15210 12533 19587 9357 17806 8507 18681 2054 18511 8839 5052 7304 20492 17814 16766 5768 13593 6875 16204 19662 13131 3487 8263 20084 4053 14549 3820 11214 17729 5152 12469 8111 14870 13132 464 10280 7260 9821 16675 15563 6179 3778 9381 14541 6700 22153 7375 6566 8794 13156 19912 18906 15218 16667 5183 17596 11422 4736 16660 18480 13901 17514 6478 7295 22199 5517 18661 14651 7424 8263 2173 2769 10037 9041 21747 7061 9182 18595 8948 9289 11417 2999 11046 12527 7511 9774 9830 10264 14525 7059 16239 10002 17182 12228 15894 1171 7901 17720 14213 20173 14654 13108 7644 15092 5686 16166
11344 21874 11628 12958 2949 8852 13805 14928 19126 7424 5559 12599 19421 23711 7909 10736 6532 14300 14026 21904 12707 7724 14598 8853 9370 9557 14578 10929 12216 20819 7321 13604 13447 2928 13348 18298 18156 16672 7394 6329 13928 5818 15910 13884 21386 14000 11628 17807 19851 12163 18697 10594 5549 10881 5325 17159 17991 8830 23171 21241 12240 24112 23475 17927 4297 10595 15524 12713 21555 8175 9948 18722 18348 9885 11853 18154 20164 15190 16966 6438 10268 21402 17884 16755 11554 18308 8252 21659 8717 10761 3336 2044 18303 7177 21250 18619 12285 20366 25930 21295 20851 14958 22132 5767 17342 6537 16978 12459 22698 21316 19179 16451 14206 25811 14942 20545 10392 10550 14252 17769 7411 11579 16148 9762 9634 15402 13561 16513 14668 10133 16413 10127 10145 12289 10650 5311 17379 11026 18419 20963 11380 23479 21767 9403 4983 10741 8721 19323 20204 15439 8995 20112 12127 18591 18452 7162 12394 1159 20664 16719 8972 12771 9667 6587 16048 1205 14120 7393 13964 22041 13670 24054 11275 0 18292 3968 19000 9038 10782 10398 16802 17642 9692 5929 21585 16715 7352 6843 1374 16128 6842 8450 18719 14350 17654 20189 7598 17178 20857 16386 11980 19386 9777 20986 2243 20272 9015 19813 10107 15354 13751 9399 8570 18284 12610 12520 18403 7243 18628 18247 6988 12415 4596 24683 16732 15434 19028 997 16225 14060 1878 8322 4388 23662 15755 7219 16796 10158 11957 4482 12676 11935 20808 864 13645 1370 21058 8281 18183 17705 12778 14430 10876 7511 4262 11323 17658 12925 18507 21230 6117 17521 12839 18587 23386 19730 11329 17180 18326 19202 13882 19089 12525 13126 16256 13810 23120 18145 23482 2034 18833 23902 18411 529 18744 10186 9038 15140 9625 12911 12202 2221 17871 17307 15430 9478 13015 23328 2044 22264 11083 20638 12752 14154 18340 11244 4065 17377 14925 17976 7694 18274 8584 13795 25544 11977 11968 16283 26012 9930 19379 9609 16635 23236 14774 19833 14067 12569 11153 11730 10687 13690 17809 21424 13283 7264 8644 15168 21872 10212 18033 12690 13710 4511 13261 15669 21036 8027 18551 6095 17131 14468 14514 13632 24424 17383 20190 17715 11585 18650 14394 23663 13212 3859 9778 12193 8552 11334 15328 17416 5795 14167 18644 16801 12517 12433 10886 16458 13729 17789 2746 5474 6644 12279 18171 21059 10949 23538 10438 21088 11594 12322 20647 9785 17886 9924 14238 6983 16344 16566 9979
7632 8927 8125 19806 17041 19861 4637 15522 9300 18439 12737 7100 7690 12767 14975 8527 13193 11718 8438 12595 11367 15917 3706 9637 9055 12268 5378 11405 8937 14457 18488 5175 10785 19428 5020 11696 3446 22425 17798 11970 11956 13125 20075 20772 7345 7628 7711 1563 8358 14436 10666 8211 12866 14445 12993 7269 18577 12414 12632 10736 17942 14051 14045 20366 14124 19789 3847 9556 11412 15027 8354 3293 8143 12543 17735 3187 4451 3727 3347 13040 18513 15840 7289 18934 9343 20703 10041 10506 11846 7835 16433 16540 19938 18694 14873 12432 20449 11310 14963 11876 9950 13523 16319 13010 4042 11839 9421 19047 10169 13136 3588 15569 8939 14002 18184 13010 14049 7776 19281 1602 12852 18987 11862 8713 12704 8299 12537 3982 21744 20274 16883 12124 8289 7063 7652 13000 1387 7660 2460 14034 19022 14358 8962 9001 18523 7649 13496 4545 10882 20558 11196 10335 6172 7185 18534 11403 10704 19317 13477 14989 9323 9731 15480 12638 10986 19454 5079 16441 18782 10862 20034 12805 7878 18292 0 17192 21572 19973 15966 16998 7971 22511 9365 18596 11211 12982 11105 18281 16937 19335 12554 11915 15420 18709 14595 12342 11158 2118 9829 2153 13480 13689 8582 14618 16164 11568 15809 19323 11551 17908 5148 19219 9962 454 7311 6986 11406 11111 5343 15570 12805 6367 17370 12706 14579 20732 17423 18096 4806 11261 19121 10787 14364 10834 13125 19551 22848 17208 7362 15488 6413 7731 5674 17535 4691 19566 16043 10093 21285 14489 13801 5545 8844 11457 18258 12759 1978 6891 18792 8430 15126 17894 8287 19038 11362 20161 7833 14915 8249 10682 5362 12772 5799 7088 4608 6074 13861 19955 14057 16727 11294 13582 6985 17982 21522 13698 17342 6850 8904 8551 16815 16184 17381 3357 19629 19011 13457 15804 16254 13777 10377 16486 5890 20756 2223 7621 14244 21561 19279 15618 10973 10559 10936 17768 14150 14924 6359 4593 14482 8500 11037 8750 8551 12826 3592 7103 7184 16767 15455 7569 12474 6692 4941 12648 17230 11473 9653 7537 8629 9564 23615 7869 6002 14667 14075 21819 16529 19776 15024 12441 17467 10888 3793 18497 13085 11835 15019 3638 8847 23276 4281 14016 16060 14654 11146 6220 10054 11748 6907 23408 12890 8336 17857 4900 9992 12510 7411 8488 12919 569 16166 15043 14870 16501 2634 12254 11992 11648 14819 11663 7051 8727 14975 17588 20746 18062 13293 12515 14422 2421 19983
11377 19231 9540 9056 1106 5257 13136 11103 16243 3627 5356 10611 16825 20613 4187 11053 4064 10956 11365 18690 9477 3829 13534 7617 8219 6424 12669 7848 9669 17306 3543 12108 10300 2596 12187 15016 16337 12813 3482 5928 10548 4116 11953 10023 18987 11546 9738 17042 17160 8416 15581 10621 6112 7141 4998 14592 14052 5799 20047 18251 8272 20869 20181 13958 3860 6812 13885 9912 18485 4423 9338 16937 15634 6615 7885 16387 18229 14667 16590 4170 6350 17772 15314 12792 9011 14340 7640 18735 5966 9356 1202 4683 14338 3468 17713 15249 8478 17236 22724 18140 17958 11347 18494 4294 15422 5737 14020 8522 19918 17991 17351 12657 11414 22733 10979 17192 6730 9564 10294 16355 4660 7660 12787 8518 6351 12678 10088 14672 10859 6480 12523 6948 9839 12382 9975 5032 16072 9539 17844 17506 7470 20146 19109 9145 1663 10292 5326 17310 17127 11507 6458 17113 11324 16054 14524 7577 9336 4005 17258 12985 8401 9917 5800 4555 12821 4805 12445 3445 9998 19091 9760 20983 11431 3968 17192 0 15038 5448 6869 6432 14106 13747 10071 2373 18547 13209 6262 3052 3896 12159 4660 5765 15011 10382 13990 16904 8155 15711 17983 15109 8375 15891 9376 17464 4390 17099 5116 15882 7112 11400 12195 5610 7280 17086 10534 10608 15167 6420 16436 14508 4502 10881 677 21687 13041 11512 15173 2989 14218 10800 2980 6429 3194 20865 12210 3801 12967 6190 12089 1707 10972 9909 18680 4149 12532 4193 17392 8124 14224 14053 9116 12500 8743 5735 1115 7875 16169 10917 14571 18619 2626 13602 10378 14644 20475 15773 9519 13468 15593 16105 12173 15693 11785 10991 14293 13871 19824 14178 20188 2435 15630 20706 15906 4267 14784 6602 5073 12754 9527 10359 8252 4375 13985 16945 11468 5650 9402 19813 3575 18918 8290 16912 12358 10278 16770 9621 4741 13442 10961 14224 6253 15159 6400 9831 22417 8170 10918 14320 22884 8749 16237 8581 13832 20090 13602 17362 11723 8625 7286 11890 7348 11557 15691 18170 9329 5750 7935 12622 19281 7999 14200 10392 11807 2653 9563 11811 17324 4533 14875 6742 13224 11268 13443 9665 21345 14052 16584 17418 9214 14762 12983 20388 9315 5299 7005 11634 8730 8116 12912 13600 4458 11518 14752 14727 9624 8987 10006 13669 10195 16643 2162 2299 3132 8344 17643 17837 7706 20596 6650 17950 11345 9822 17067 5823 13921 5981 10651 4722 12658 15895 6282
20951 16531 15035 6254 16104 10776 20364 6225 13659 11718 17763 15567 15440 14742 11691 21306 14510 9943 13297 12797 10789 11495 19515 16761 17089 12103 16480 11803 13560 9752 11837 17574 11073 16790 18565 10730 18540 3633 11633 17695 9793 15698 3100 5650 17603 14161 15656 22521 15128 8432 12014 20499 18922 9345 17517 14595 3092 12654 14211 14019 6780 13917 13114 1292 17140 8846 17918 12610 13647 11408 18598 19014 14297 11573 7174 18768 19189 21665 23329 14821 8796 8866 14872 2809 13551 898 17931 14682 13344 16842 15883 19457 1659 12045 9735 10155 7298 12615 15464 12907 14434 8087 9159 16005 17675 17093 12439 6596 16208 11624 19091 6016 12739 16314 4337 11020 9994 17892 4754 20010 13767 7514 9779 16973 11649 13273 9347 17591 5403 9605 4695 11745 19435 21693 18742 17580 20203 16690 23636 10337 7733 12794 16376 19187 14222 19370 11841 18327 12910 3748 13781 13384 19077 15356 3333 19481 11588 18845 10640 6654 18288 12400 9814 15140 10649 19719 17164 11690 5043 14731 5546 15147 21229 19000 21572 15038 0 10635 8621 8673 13806 2589 20820 13291 13884 8749 16748 12273 18806 2983 14864 13563 7017 4683 7359 11402 19988 19454 14562 19739 9280 9349 19026 9743 19052 12269 10287 3435 12310 4207 17430 9901 16584 21188 15271 15803 11086 17215 17099 6578 14347 16995 14405 16098 7087 3829 4976 18010 16768 10439 17672 15269 16353 16724 8454 12360 3939 8873 21590 15061 16538 15292 18657 19152 18862 18976 8295 18891 852 7495 8565 16349 14802 15499 14861 10298 19642 15582 3061 16338 13439 3723 13931 2816 15808 2392 15835 6846 14182 12332 16951 10104 19457 15185 16964 22589 12871 1619 13110 17330 11462 14136 15439 19302 286 10406 9965 14741 19669 13598 7075 19046 4388 23616 3570 9745 8736 11112 18288 11963 12746 7398 20595 5329 19711 16362 18384 1999 4078 6390 16139 11873 14636 5404 15769 8222 18285 16980 16094 17181 12100 17455 13195 14088 19239 16330 14620 6785 8541 21523 10994 15339 17027 12240 6019 15968 17862 14041 16835 14529 3505 14510 16190 15727 8097 4272 7749 11619 7349 19335 4118 10736 19445 5386 15343 10151 8575 24132 14124 2471 18217 13379 6665 19257 13027 19810 19732 11193 14669 3896 16189 13368 4224 16742 12251 9854 18304 13215 8937 21074 16799 14192 13022 7133 23634 12285 11233 15699 9474 12921 20344 13734 9037 9215 1136 9092 8442 14710 7185 22039 9614
15636 19573 11848 4386 6529 191 16659 8759 16307 1940 10202 12884 17417 19914 5028 15533 7553 10508 12426 17810 9631 4103 16617 11289 11862 7721 14783 8781 11229 15664 1981 14830 10499 6409 15289 14234 18242 7794 2427 10561 10067 8349 7595 5084 19793 12954 12285 20208 17546 7041 15172 14937 11177 6219 9854 15435 10563 7572 19315 17935 4626 19798 19014 9791 8924 1790 16243 10950 17970 4951 13297 18850 16097 7509 4389 18364 19836 18222 20172 7839 2359 15707 16083 9007 10713 10114 11836 18534 8193 12552 6604 10110 10380 1990 15971 14198 3406 16659 21668 17443 17873 9963 16358 8641 17255 10158 14129 4198 19948 16863 19174 10294 12210 21983 7330 16037 6322 13158 6050 18807 7462 3296 12022 12018 7316 13435 9405 16681 5727 1109 9580 7941 13983 16614 13801 9904 18679 12613 21167 16029 3067 18873 19428 13400 4063 14275 6477 18859 16688 6892 8858 16855 14884 16818 11110 12416 9942 8599 15949 10880 12515 10848 4752 8308 12423 9496 14904 3661 5967 18811 5089 20325 15774 9038 19973 5448 10635 0 4892 3760 14751 8850 14664 3139 18103 11950 10348 2446 9287 8130 8209 8179 12828 6425 12073 15958 13008 18140 17939 17821 7630 14408 13497 15783 9835 16428 4244 12366 8463 7917 14833 1022 10970 19759 12694 12988 14491 10678 17766 12234 7755 13708 4780 21170 11111 6831 12251 8058 16027 10615 7407 9698 8116 20814 10938 1841 7859 3417 16370 6406 13576 12242 19962 9439 15652 8680 15214 12571 9783 12181 7951 14605 11143 9336 4797 7822 18537 13116 11065 19060 5526 10329 11956 11057 20202 11952 12209 11405 16021 15696 14619 14532 15358 12993 16159 17985 18667 10192 19017 7866 14998 19760 16741 9452 10356 6551 2741 14117 13855 11784 5351 9821 10955 20523 7223 1282 8369 18027 9022 17676 9708 14524 16197 5388 18991 12524 10006 8784 6802 11912 10037 14791 9321 6319 21564 6543 14276 16185 22008 12275 15709 12279 14293 19300 16559 18146 13290 5719 5554 16204 7790 13481 17198 17221 6111 9601 12010 13720 19721 10448 9090 12238 14032 7428 8140 6808 14970 1035 12835 11771 10088 11160 16526 5751 20653 13229 14678 21035 11159 9820 15716 19259 6780 10672 8827 15389 13321 8642 14206 8452 8850 12577 11620 16387 10533 8636 13642 14174 9285 19404 7594 6049 5518 5639 21024 16989 8291 20249 5676 17307 15389 11433 15223 2839 9614 2488 9465 8154 10796 19225 1025
13138 14703 8047 4002 7833 4878 13356 4330 11427 4495 9180 8948 12597 15065 3081 13311 5925 5630 7878 12978 4924 3058 12963 8701 9148 4095 10608 4579 7029 11017 4618 11033 5751 9107 11735 9364 13820 7426 4047 9177 5192 7101 5738 5076 14989 8527 8599 16452 12692 2149 10281 12564 10335 1530 8920 10702 7216 4406 14467 13045 2242 15017 14251 7416 8521 4008 12130 6500 13092 2797 10701 14414 11268 3648 1915 13971 15255 14856 16743 6243 2754 11246 11318 6088 6663 7820 9697 13642 5148 9338 7500 10956 7655 4901 11366 9368 4486 11782 16894 12582 12981 5138 11941 7412 12829 8596 9269 3216 15058 12074 14692 5917 7572 17150 4318 11247 1954 10222 4233 14644 5255 3022 7136 9148 3592 8732 4521 12359 6098 4699 5657 4001 11508 14012 11014 8983 14609 9292 17494 11329 3058 14137 14556 11115 6589 11598 3391 14277 11801 5663 5726 11963 11742 12041 7671 11022 5390 10865 11198 6361 10185 6358 1195 6595 7534 11673 10927 3437 3779 13922 4427 15471 13364 10782 15966 6869 8621 4892 0 1162 9982 8022 12665 5841 13220 7134 8369 4846 10378 5639 6340 5300 8390 4017 7485 11125 11560 13988 13049 13850 2798 9690 11051 11152 10528 11558 1768 9033 4628 4635 10978 3892 8458 15693 8703 9112 9612 8818 13130 7838 5810 10076 6333 16302 6509 5758 8326 9832 11634 5771 9779 7077 7741 15922 6108 5653 7749 1484 13840 6545 9797 8411 15272 10793 12086 11041 10806 10619 7888 7575 3059 10436 7505 7126 7041 3240 14336 9111 7731 14204 4875 6740 7692 7820 15314 8998 8637 6876 11187 10805 10653 9729 12190 8880 11789 15168 13899 7517 14255 8938 10118 14952 11981 11005 8402 2359 2370 9608 11605 7454 1546 10523 7120 17077 5202 3633 3477 13462 9796 12922 5635 10231 13213 5159 14698 9076 9764 7403 4686 7534 7819 9899 6494 3217 16747 1667 11014 11814 17198 9390 10824 9557 9491 14462 12816 13355 8919 1853 662 13727 3509 9285 12640 12398 2614 7563 9711 9123 14861 6966 8838 8099 9971 7129 3278 6551 10661 5309 8321 10778 6356 6316 12877 3408 15806 8357 10128 17604 7204 9019 11868 14488 2451 10642 5241 12386 11459 4224 9664 8399 7603 8020 7884 11915 6062 3840 10690 9385 4392 15403 8342 5624 4426 1526 17400 12146 3978 15365 1185 12439 12675 7240 10653 2053 7486 2439 4594 6198 6156 15629 4440
13811 15861 8996 3314 7468 3759 14222 5181 12582 3602 9428 9938 13759 16161 3212 13918 6222 6788 9001 14063 6069 2837 13909 9344 9832 4918 11661 5593 8070 12006 3730 12002 6905 8473 12652 10475 14930 6995 3261 9517 6351 7345 5642 4417 16151 9628 9525 17432 13853 3291 11417 13202 10562 2641 9139 11858 7671 5093 15562 14178 1910 16074 15298 7548 8594 2865 13174 7597 14210 2954 11375 15527 12430 4531 1512 15076 16394 15744 17652 6547 1597 12156 12478 6361 7662 7938 10241 14780 5829 10152 7216 10785 7906 4003 12337 10450 3540 12900 17948 13686 14127 6213 12834 7663 13939 8969 10430 2561 16205 13134 15813 6762 8711 18236 4547 12307 2951 10976 4014 15705 5687 2096 8264 9872 4427 9883 5677 13448 5429 3537 6302 4922 12160 14716 11738 9200 15651 10133 18458 12343 2072 15171 15714 11715 5898 12301 3987 15415 12929 5373 6452 13102 12560 13201 8167 11398 6504 10363 12237 7275 10785 7463 1633 6946 8683 11205 11937 3024 3645 15054 3871 16570 14017 10398 16998 6432 8673 3760 1162 0 11141 7728 13212 5068 14343 8206 8846 4033 10137 5745 6725 5937 9279 3990 8438 12210 11958 15046 14196 14869 3959 10711 11691 12134 10384 12669 1751 9511 5533 4988 11961 2749 9077 16736 9704 10088 10731 9273 14275 8706 6193 11000 5835 17411 7463 5429 9009 9421 12735 6934 9232 7695 7781 17063 7188 4680 7267 352 14526 6399 10755 9371 16425 10499 13007 10521 11692 11130 7886 8537 4201 11487 8406 7632 6432 4345 15405 10119 8191 15364 4818 7274 8753 8247 16444 9349 9534 7798 12350 11939 11660 10795 13017 9911 12886 15930 14949 7748 15302 8665 11238 16024 13141 10669 8431 3305 1475 10728 12202 8528 1891 10377 7755 17991 5128 2488 4623 14419 9616 13964 6629 11069 14003 4561 15785 9947 9830 7238 4609 8392 8346 11039 7155 3400 17824 2785 11856 12911 18271 10121 11950 10248 10652 15551 13782 14517 10009 2283 1818 14399 4526 10337 13772 13477 2924 8035 10296 10258 16020 7819 8425 9132 10996 7125 4381 6053 11507 4254 9243 11051 6937 7479 13821 3290 16901 9470 11072 18516 8184 8747 12853 15539 3202 10675 6088 13175 11958 5294 10790 7926 7865 9145 8491 13031 7161 4998 11452 10546 5536 16432 8126 5567 4454 2078 18354 13237 5015 16489 2190 13548 13396 8280 11607 945 7543 1284 5706 6601 7128 16572 3278
10594 5125 5485 13217 14480 14700 8442 8090 2490 13767 11938 4877 2737 7261 10446 11383 10328 4535 2779 5971 5121 11291 7070 8734 8512 7730 3985 6336 4588 6826 13859 5676 4252 16693 6812 3811 4747 15153 13146 11298 4921 10997 12725 14011 5052 2921 5775 9163 3063 7962 3039 10604 12734 8543 11989 803 10747 8310 6817 4685 11440 8055 7666 12662 12664 13981 4866 4194 5173 10349 9220 5208 1546 7662 11355 4984 5540 9195 10386 10380 12736 8143 1337 11317 5248 12968 9964 4968 8192 7228 13877 15722 12151 14126 7288 4549 14136 4339 9643 5216 4143 6030 8719 11085 3945 10803 1450 12547 5896 5994 5299 7802 2699 9246 10902 5579 8447 8180 12269 6371 9531 12773 4031 8122 7917 1428 5610 4083 14880 14677 9192 7266 9842 10831 8838 12032 6680 6911 10264 6523 12878 7841 5006 10139 14867 9363 8965 4608 3999 13365 7824 3670 8128 2068 10651 12024 4922 17500 5983 7154 9687 4198 10013 10217 3174 17990 4937 11894 11807 5376 13255 7534 10945 16802 7971 14106 13806 14751 9982 11141 0 15050 11555 14542 5117 5080 9966 13848 15697 11873 9961 8431 7449 11622 6645 4936 12180 5908 4123 6487 7184 5837 9724 7005 15242 4441 10601 11372 7006 10506 5440 13803 8872 7551 4703 5088 3569 10297 3374 7608 9861 6034 13968 8017 6726 13558 9463 16198 3314 4258 16835 8589 12420 6860 5408 15004 15599 11444 10918 12675 5472 5319 5338 16310 6927 17745 8254 10695 13614 6533 7109 3973 6101 9386 14918 6942 5995 4602 10916 4514 11512 10086 4007 11166 6646 12241 6132 7016 1525 3290 4906 4949 8248 4194 3510 10992 7365 12190 7677 14817 3597 7709 2000 16712 13787 8275 12023 2124 10433 3898 10283 15254 9505 10597 12349 13553 6690 8700 14925 6865 5822 8599 9318 13918 5953 6516 13451 14054 12090 7671 9415 2790 8237 10768 9084 8498 7480 3515 9539 8126 3626 8571 611 6940 6676 3399 3039 10106 9342 10984 7115 3786 3222 5731 10353 9733 9613 1731 5179 6661 16199 4299 4384 12328 7171 14709 8690 14926 7052 12673 9690 3730 7039 11595 7904 3864 7183 11061 5267 15711 5806 7761 9164 14235 7127 8829 11254 6247 1910 16093 11097 2636 9930 3078 4502 6144 8277 631 5885 7538 14113 11833 11051 9936 10333 5294 6646 6828 9076 4975 9778 4493 7229 11969 13078 12397 6042 9824 6625 9032 14413
20998 18322 15377 4691 14846 9014 20788 7010 15274 10224 17138 16057 16979 16890 10925 21246 13902 10801 14086 14865 11294 10533 20105 16634 17035 11937 17241 11944 14017 11887 10333 18136 11757 15210 19037 12388 19689 1154 10267 17181 10556 15052 2477 3782 19251 14924 15986 23321 16750 8492 13665 20472 18280 9104 16857 15852 4961 12369 16334 15911 5857 16168 15351 2847 16316 7120 18739 13160 15608 10657 18582 20206 15755 11429 6244 19900 20558 22184 23951 14224 7399 11148 16224 3797 13885 2795 17693 16582 13100 17006 14713 18338 3670 10500 11934 11902 5447 14484 17793 14886 16243 9057 11516 15368 18770 16610 13780 5273 18127 13698 20338 7365 13573 18572 4362 13026 9728 17990 3789 21000 13273 6091 11057 16982 11447 14306 9993 18574 3198 7759 5934 11685 19406 21817 18819 16918 21126 16900 24423 12452 6277 15054 18165 19067 12715 19428 11406 19650 14735 2365 13625 15163 19347 16782 5388 19038 12052 17352 12690 8101 18143 12959 9147 14598 11885 18244 17823 10602 4254 16677 3991 17304 21247 17642 22511 13747 2589 8850 8022 7728 15050 0 20650 11764 15832 10174 16389 10803 17617 3188 14352 13279 8958 4103 9042 13328 19581 20404 16363 20561 9439 11280 18967 11904 17971 14148 9465 5869 12296 4605 18021 8280 16414 22157 15770 16273 12743 16839 18413 8434 13820 17405 13084 18255 8538 2299 7109 16645 17759 11251 16161 15047 15498 18720 9650 10664 1369 7836 21676 14043 17006 15680 20151 17896 19359 17456 10570 18626 1999 9185 8886 17094 15017 15142 13403 10397 20644 16123 5147 18060 12527 5396 14498 4945 17839 4900 16113 8421 15643 14044 17584 11937 19761 15771 17949 22850 15085 3512 15349 16135 13169 16348 16833 17993 2342 10161 8783 15671 19557 14182 6550 17962 6206 24258 2981 8176 9162 13472 17177 14138 12970 9674 20858 3496 20800 16614 17548 1020 3437 8186 15828 13463 14440 5051 18039 8140 18573 17967 18388 17210 13854 17428 14442 16228 19872 17865 15379 6381 8144 21582 10997 16011 18232 14284 5687 15583 17683 15005 18603 14626 1169 15040 16832 14832 8518 2055 10060 9877 9236 18753 5635 11641 20028 4622 17526 11669 10694 24783 14465 1023 18858 15619 6685 18380 12989 20047 19468 11387 15633 1343 15566 14182 6298 17820 12757 10224 18434 14430 9602 21986 15676 13268 12181 6729 24389 14276 11333 17756 9075 14870 20465 14209 11196 8033 2363 7793 9221 14214 8528 22714 7831
1766 15673 6561 16525 9456 14496 4749 14853 14004 12757 4720 6760 13406 18708 10115 1044 7174 11948 9461 17522 10501 10845 6041 4059 3778 8744 7808 9090 8084 17839 12746 6169 10654 11610 5270 14721 10468 20092 12238 4170 11839 6319 18265 17628 14607 8845 6044 8516 14039 12388 14427 1171 4211 11567 5075 11458 18511 8281 18315 16155 14898 19599 19219 19533 6251 15301 7901 9098 16698 10329 2444 10891 12844 9268 14544 10358 12476 5811 7396 6866 14242 18938 12050 18032 7765 19939 2973 16308 7551 4522 8973 7718 19488 12837 18324 15344 16597 15882 21111 16770 15507 13587 19626 6037 9986 4510 12509 15761 16797 17440 11380 15809 9977 20553 16557 16892 10931 3441 16874 9366 7539 15256 13351 3983 9221 10588 11979 9132 18641 15404 16589 9075 1717 2617 2717 5044 8839 4804 8940 17699 15176 19384 15622 1657 11704 2221 9281 11891 15553 18311 7053 15211 3716 12543 18747 2584 9735 10826 17216 15621 2532 9291 11625 6409 12747 10735 6931 11113 16398 16728 17046 18931 1612 9692 9365 10071 20820 14664 12665 13212 11555 20650 0 12182 16615 14410 4394 12354 8330 17930 6568 7373 17097 16562 15966 16311 2096 8939 15450 7917 11561 16533 1937 18027 7450 15955 11504 19969 8515 16614 6404 14305 4247 9491 6996 6522 14632 4009 11695 16898 7081 5527 10527 19250 15382 18415 18431 9798 9280 11460 10985 5604 6878 17712 13862 13504 20409 13235 2280 8524 6083 6530 13457 8850 5388 11055 18845 2107 20214 15935 12332 7751 6401 5580 11172 10539 9398 6993 18929 15014 9140 17840 8170 19118 17808 20402 5719 15862 12883 14780 6845 15838 3862 7440 9202 4124 18914 19410 19230 8643 14860 19235 12307 9278 20654 10501 12729 9433 1211 8467 14101 7473 17737 7721 17731 14195 12248 20051 7803 18355 8282 18842 3475 17758 10146 5217 5767 19947 17238 16762 4866 14077 6217 15646 20477 12624 4158 9222 20912 3834 15088 3466 11749 18453 6377 13423 8584 14279 12506 2049 9828 7778 10829 17251 15001 5196 2970 9900 15530 6430 21502 7632 7204 7475 12843 19205 19099 14043 16768 3615 17360 11516 5986 16032 19289 14183 17764 8089 7300 21625 6549 19316 14173 5835 7796 3293 1353 9719 9649 21061 5832 9518 18461 9896 9272 11154 3280 11572 12359 8964 8310 8640 9210 13927 8665 16818 9619 18042 11576 16529 2335 8006 18016 13315 19736 13737 12958 6664 15042 7248 15128
13360 19602 10621 7113 3416 2949 14822 10164 16458 1573 7528 11703 17278 20545 4097 13125 5482 10833 11928 18524 9567 3297 15034 9285 9887 6875 13730 8217 10409 16792 1453 13431 10442 3501 13679 14843 17356 10766 1810 8012 10396 5949 10192 7988 19557 12269 10935 18609 17528 7770 15580 12621 8385 6601 7169 15123 12694 6439 19959 18326 6689 20641 19905 12306 6110 4673 15072 10420 18476 4209 11170 17966 16014 6883 6336 17438 19138 16380 18327 5697 4497 17080 15824 11288 9794 12665 9552 18865 6851 10842 3568 6984 12781 1263 17160 14962 6365 17185 22517 18048 18130 10827 17778 6194 16400 7717 14219 6695 20160 17709 18345 11753 11859 22659 9494 16888 6387 11236 8550 17611 5746 5781 12576 10126 6632 13136 9830 15717 8745 4216 11369 7289 11758 14362 11757 7211 17393 10973 19482 17066 5567 19823 19469 11104 952 12147 5596 18185 17134 9631 7462 17199 13006 16572 13205 9770 9625 5590 16889 12199 10288 10377 5045 6151 12772 6480 13656 2703 8332 19190 7832 20935 13449 5929 18596 2373 13291 3139 5841 5068 14542 11764 12182 0 18569 12793 8093 1044 6152 10541 6153 6732 14230 8756 13305 16688 10358 16951 18173 16465 8005 15427 11280 16935 6726 17005 4321 14535 7638 9994 13482 3487 8949 18444 11573 11749 15042 8337 17206 13679 5823 12230 1746 21707 12331 9607 14075 4939 15168 10788 4402 7865 5361 21080 11764 1428 10876 4754 14086 3663 12222 11012 19453 6302 14036 5703 16646 10155 12454 13389 8602 13555 9844 7308 1668 7786 17387 11982 13212 19027 3472 12329 11148 13251 20591 14292 10776 12710 15958 16111 13374 15366 13478 11969 15270 15812 19549 12607 19910 4748 15532 20531 16454 6327 13024 6414 3593 13483 11522 11058 6959 6711 12823 18683 9747 3591 8960 19263 5916 18596 8911 16069 14172 8268 17931 10978 7080 11567 9266 13374 7937 15169 7661 8368 22296 7400 12505 15297 22757 10374 16194 10282 14182 19977 15048 17905 12521 7351 6403 13900 7454 12512 16530 17968 7964 7450 9797 13230 19695 9097 12113 11284 12902 4719 8958 9765 16500 2175 14153 9005 12002 11305 14942 8036 21286 13843 15946 19175 10117 12762 14323 20130 8228 7668 7754 13404 10830 8310 13613 11491 6388 12083 13557 15620 10063 8827 11703 14035 9840 18034 4535 3675 3749 7136 19303 17675 7904 20680 6038 17879 13236 10590 16462 4248 12207 4247 10193 6156 11968 17522 4052
15542 2932 10578 15495 19069 18096 13090 9840 2628 17528 16964 9992 3585 2158 14557 16372 15053 7740 7710 1475 9080 15276 11602 13830 13625 12145 8864 10726 9520 4313 17637 10567 8247 21138 11649 3888 7818 16296 16963 16353 8180 15853 13945 16009 4459 8016 10890 12694 2890 11072 2989 15621 17806 12055 16990 5160 10909 12825 1703 488 14005 3023 2850 13050 17577 16951 9294 8887 258 14397 14317 7920 3777 11933 14058 8070 7108 13516 14265 15154 15839 5589 4620 12106 10147 13227 15075 883 12869 12343 18494 20657 12312 17920 4527 4091 16631 1458 4527 1000 1265 8189 5783 15977 7563 15834 4611 14992 2328 2441 7676 8740 7425 4228 12464 2878 12189 13278 14099 9747 14188 15489 6084 13237 12197 6345 8781 8167 16672 17762 10094 11605 14912 15665 13905 17037 10252 12025 13671 3725 15651 3149 2801 15238 19052 14404 13231 6701 1435 14800 12613 1485 13077 4301 10567 17139 9236 22186 3301 7980 14803 8817 13636 15053 5797 22748 9797 15866 13743 847 15301 2474 15892 21585 11211 18547 13884 18103 13220 14343 5117 15832 16615 18569 0 6274 15012 17732 20559 12961 14776 13134 6892 13414 6866 2504 17296 9563 1383 10473 10615 4556 14817 4390 20171 1743 14324 10677 11515 11896 10325 17090 13954 10757 9819 10199 3614 15363 5915 7399 14597 11090 18302 3144 7589 15005 8915 20902 7661 7794 21414 13559 17250 2904 7224 18752 16748 14686 15791 17276 10542 10429 6062 21159 11694 22423 6028 15811 14007 6723 10166 8895 11148 14334 19227 10794 9413 9712 10834 3066 15922 10437 9033 11074 2123 11739 11247 7549 3733 2459 9827 3936 13133 9310 7807 15597 2650 12428 2862 19564 3106 2627 4542 21543 13970 12160 15531 7205 15517 8867 12962 20181 9632 14389 13737 16829 9759 4725 19791 2713 10504 6806 14122 15824 8992 11632 18441 14820 13665 7649 14434 3404 13142 12799 3999 11561 12488 7797 4462 13243 2397 13687 5080 1839 11184 4111 8156 12665 12561 15883 11222 8886 6533 1797 12611 14715 14727 6841 3289 11647 16991 9387 9410 17074 9965 16156 6620 18505 6597 17769 10224 7297 11594 13657 2845 4881 5390 14766 10266 16209 10492 2855 11579 19254 11807 13734 16364 10431 6987 17087 16012 7590 9663 7137 9068 9742 13349 5266 8842 10967 18851 16360 15418 12627 13833 1621 10842 2147 12628 965 14721 9463 5029 15269 13530 15621 8639 14625 7760 12972 17539
13966 8319 7874 9235 13928 11960 12568 3596 5136 11586 13071 7965 6806 7971 9034 14568 10396 2584 5257 5860 4232 9587 11444 10669 10736 7249 8246 6040 6328 4107 11704 9652 3806 15724 10767 2411 9827 10428 11075 12653 2861 11444 8000 9801 9104 6087 8441 14066 6603 5042 3598 13732 14125 6197 12980 5857 5674 7999 7371 6193 7734 7884 7126 7643 13215 10710 9533 5312 6110 8819 11971 10282 5590 6858 7800 10062 10451 13641 15096 10593 9640 4789 6125 6382 6674 7929 12007 6844 8336 9918 13424 16218 7090 11989 4535 2250 10359 4816 9762 5525 6328 1996 5521 11656 9000 12046 3691 8719 8362 4941 10345 2811 4670 10033 6338 4115 6502 11028 7913 11392 9470 9223 1168 10460 7098 4772 3153 9014 10528 11537 4241 6677 12759 14480 11852 13038 11646 9665 15181 4301 9390 7031 8163 12783 13404 12473 7996 9580 4932 8767 8365 5238 11689 6634 5572 13988 4845 17109 4096 2103 12049 5122 7750 10656 2016 17793 9079 10139 7526 7052 9077 8385 14296 16715 12982 13209 8749 11950 7134 8206 5080 10174 14410 12793 6274 0 11366 11869 15914 7069 10346 8624 2726 7229 1675 4010 14333 10880 6428 11307 4847 2682 12474 4272 15733 4545 8472 6357 6874 5826 9460 10929 10645 12576 7677 8224 2733 11812 8350 2676 10003 9440 12840 9251 1665 8970 4487 15897 8199 3005 16180 9724 12680 9123 1031 12775 10882 8555 14471 12238 8891 7973 9983 16460 10996 17324 4560 12929 8608 1601 4191 8150 8026 10335 13703 5392 11018 7857 5837 7978 10668 5025 6344 6087 8397 7180 8733 1938 5478 4053 8925 2594 11964 7397 8399 15029 6772 7139 7131 14692 3225 7820 6703 16785 8744 6607 9498 6320 13200 6018 6711 15738 4426 15347 7707 10668 3844 6618 15188 5807 6403 4441 13124 9638 11024 9263 14302 9159 7556 2664 10707 3334 9139 6552 9619 5473 10912 8411 10066 10584 3957 10979 4474 7352 11105 7691 6512 6402 6495 14470 6043 7349 8298 5272 6339 10803 11774 5604 8565 8148 11340 6933 8197 12320 3865 10137 4727 12440 2371 14292 4652 2893 11390 7414 8708 1522 3558 15840 7111 10753 10111 7359 5312 15197 7437 12448 13681 5505 6201 11312 11758 5269 4875 8092 5171 4282 11316 4512 3015 12516 13991 11253 10138 6384 15217 5044 5847 8406 6755 5410 13220 6418 3961 9147 8078 9463 2600 10175 1649 13757 11325
5302 14853 4511 12160 5964 10186 6884 11048 12422 8476 1983 5363 12408 17170 5723 5198 2803 8784 7306 15604 7159 6457 7403 1504 2055 4689 7267 5441 5524 15223 8477 6258 7594 8338 6093 12287 10808 15778 7924 1345 8554 2162 14055 13263 14202 7050 4378 10829 12914 8378 12353 4590 2823 7406 2092 10178 14676 4095 16684 14611 10579 17799 17272 15478 3068 10913 8172 6329 15030 5940 3089 11371 11475 5220 10214 10802 12825 8407 10328 2509 9848 16125 10885 14009 4947 15887 1488 14932 3424 3411 5373 5898 15519 8596 15697 12783 12205 13976 19509 14912 14108 10133 16849 1968 10010 854 10471 11403 15790 15249 11830 12213 7648 19199 12428 14571 6758 3349 12601 10458 3159 10873 10473 2425 5113 8667 8502 9172 14271 11043 12784 5136 3672 6294 3714 2124 10098 3674 11597 15211 10788 17355 14762 3054 7774 4059 4982 12001 13733 14033 3112 13529 5081 11546 14977 2760 6526 8294 14803 12168 2197 6464 7284 2041 10080 8550 6770 6748 12138 15338 12700 17469 5428 7352 11105 6262 16748 10348 8369 8846 9966 16389 4394 8093 15012 11366 0 8120 6066 13802 2177 3189 13890 12337 12742 14088 3241 9852 14089 9110 7666 13817 3190 15407 5443 13957 7123 16268 4690 12555 6400 9938 1220 11051 5426 5249 12294 473 11370 13584 2687 5063 6577 17982 12008 14126 14912 7034 8924 8373 8021 1648 3262 16753 10622 9326 16081 8855 6035 4572 5337 4752 13508 6689 6415 8546 15926 2292 16093 12741 8498 7126 3868 1252 7370 6669 10329 5689 15130 14193 4832 14037 5980 15296 16607 16575 4052 12496 11474 12804 6535 13284 5535 5958 8942 7722 16933 15423 17281 5642 12638 17514 11345 7127 16563 6342 8336 8076 3508 6151 9851 5458 14056 10684 13518 9819 8506 17630 5321 16205 4968 15756 6107 13404 11000 3907 3545 15735 13013 13395 663 11948 2264 11451 19009 8532 4751 8969 19470 2615 13048 2363 9933 16782 7528 12715 7014 10063 8277 5862 5912 6499 10530 15212 10808 811 1704 8248 14809 3396 17198 5675 6409 3630 9033 14871 16075 9796 13611 2926 13566 8600 7315 11768 17841 11537 14901 11158 4750 17380 7065 17420 10088 4278 4016 5372 3113 6055 8281 16736 1816 7422 14816 9517 6313 7502 3767 9747 8830 10577 5062 4432 4847 9709 11389 14804 5838 16793 7336 14684 5143 5559 15249 8923 15638 9343 9435 2271 11636 9656 10763
13422 18865 10216 6130 4153 2259 14680 9156 15684 583 7808 11289 16576 19679 3456 13257 5382 9994 11298 17639 8804 2561 14788 9193 9785 6293 13283 7571 9865 15836 491 13106 9685 4531 13438 13967 16868 9829 800 8211 9553 6041 9173 7041 18886 11696 10577 18379 16797 6830 14747 12702 8755 5703 7456 14459 11650 5947 19090 17504 5646 19737 18991 11275 6491 3773 14672 9788 17631 3511 11148 17479 15294 6233 5292 16964 18597 16245 18198 5638 3478 16092 15149 10245 9276 11637 9604 18057 6445 10628 4176 7735 11741 483 16196 14059 5454 16333 21615 17182 17336 9890 16786 6317 15899 7848 13450 5680 19382 16799 17842 10745 11188 21789 8450 15976 5548 11117 7526 17228 5476 4775 11702 9987 5994 12458 8963 15248 7839 3436 10335 6654 11788 14414 11697 7504 17041 10730 19288 16124 4566 18900 18729 11169 1950 12130 4996 17634 16298 8635 7087 16384 12875 15896 12161 10039 8927 6580 15961 11206 10313 9728 4127 6107 11939 7462 13277 1962 7298 18373 6846 20075 13537 6843 18281 3052 12273 2446 4846 4033 13848 10803 12354 1044 17732 11869 8120 0 6939 9505 6055 6366 13234 7719 12327 15796 10630 16564 17385 16136 7129 14483 11304 15975 7436 16142 3417 13491 7063 8950 13140 2570 8863 18106 11137 11356 14178 8413 16618 12677 5657 11929 2375 20862 11350 8618 13042 5846 14664 9981 5400 7681 5693 20291 10838 1270 9960 3715 14154 3975 11874 10611 18857 7148 13799 6704 15650 10283 11439 12414 7683 13106 9459 7210 2604 6995 16987 11554 12168 18304 3311 11287 10605 12207 19774 13249 10449 11721 15232 15278 12992 14452 13350 11503 14776 15828 18636 11569 18996 5487 14673 19639 15788 7211 12008 5622 2558 12902 11609 10490 5922 7423 11786 18553 8722 2636 8055 18296 6622 17676 8344 15061 14112 7312 17502 10697 7561 10573 8237 12369 7882 14340 7397 7323 21415 6437 12326 14803 21873 10241 15347 10193 13461 19102 14773 17232 11976 6315 5428 13978 6733 12031 15972 17076 6921 7417 9812 12606 18972 8724 11197 10790 12478 5011 8016 8826 15494 1689 13166 9356 10963 10508 14695 6998 20422 12963 14969 19054 9643 11809 14000 19220 7208 8227 7263 13324 11004 7601 13020 10586 6522 11453 12518 15089 9411 7998 11595 13321 8949 17715 5170 3716 3445 6106 19124 16793 7204 19855 5133 17019 13235 10054 15490 3204 11183 3209 9275 6029 10993 17331 3231
9973 20732 10429 12929 2790 9096 12437 14374 18061 7518 4219 11371 18277 22698 7375 9374 5567 13439 12932 20942 11814 7351 13248 7558 8058 8683 13323 10006 11111 20002 7430 12298 12512 3770 12010 17380 16872 16700 7369 4989 13087 4709 15746 13911 20190 12855 10393 16437 18729 11563 17712 9222 4176 10292 4004 16018 17586 7938 22170 20200 12027 23155 22540 17682 3060 10707 14226 11672 20540 7654 8588 17431 17238 9056 11632 16862 18890 13817 15592 5425 10220 20652 16740 16439 10457 18074 6903 20596 7737 9464 2924 889 18002 7335 20444 17739 12374 19378 24952 20312 19781 14232 21386 4612 16075 5234 15948 12366 21589 20403 17893 15854 13147 24786 14638 19648 9756 9211 14093 16439 6480 11526 15279 8456 8817 14313 12770 15238 14755 10346 15929 9257 8773 10921 9290 3986 16040 9737 17046 20114 11342 22562 20630 8031 5261 9371 7979 18063 19197 15350 7946 19079 10768 17436 18023 5790 11440 2497 19792 16068 7614 11745 9216 5506 15121 2518 12834 7116 13766 20984 13626 23032 9908 1374 16937 3896 18806 9287 10378 10137 15697 17617 8330 6152 20559 15914 6066 6939 0 15880 5783 7459 18037 14126 16946 19264 6235 15855 19781 15048 11283 18565 8408 20173 904 19300 8618 19386 9170 15005 12452 9504 7286 16935 11398 11280 17466 5927 17401 17592 6001 11121 4573 23633 16049 15364 18485 1645 14977 13164 2865 7143 3311 22555 14984 7539 16860 9934 10590 3855 11402 10721 19562 624 12302 2726 20335 6910 18009 16987 12107 13178 9695 6333 4524 10549 16336 11698 18097 20082 5545 17079 11706 18194 22313 19375 10084 16510 17222 18207 12601 18218 11163 11920 15001 12443 22188 17853 22548 1483 17880 22927 17250 1062 18560 9506 8872 13971 8251 11799 11860 881 17371 15934 15246 9547 12310 22502 772 21356 10062 19962 11378 14162 17025 9971 2698 17275 14732 17334 6451 17290 7459 13497 24537 11431 10627 15027 25005 8615 18400 8282 15560 22243 13432 18658 12896 12210 10680 10363 9872 12479 16572 20479 12949 6046 7298 14035 20717 9059 18092 11521 12460 3594 12610 15698 20347 8321 17846 4726 16668 13544 13165 13420 23403 16492 19430 16342 10446 18635 13075 22720 12758 2507 8777 10824 7179 10456 14164 17495 4610 13068 18151 15561 11506 11641 9538 15380 12970 16438 2038 4830 6046 11899 16797 20104 10087 22475 9896 20099 10221 11204 19868 9628 17678 9829 13505 5937 15659 15195 10160
18139 15320 12353 3831 13209 8248 17743 3823 12200 8972 14783 12976 13867 14209 8713 18454 11529 7619 10921 12121 8189 8544 17001 13876 14230 9189 14088 9002 10941 9280 9096 15036 8605 14036 15971 9360 16501 3365 8819 14725 7385 12716 996 3662 16172 11765 12969 20167 13670 5568 10620 17657 15942 6397 14535 12676 2668 9712 13632 12995 3892 13639 12813 1803 14159 6361 15576 10050 12751 8429 15757 17020 12620 8663 4275 16713 17393 19106 20842 11841 6065 8784 13063 1017 10858 2196 15016 13666 10415 14073 12961 16512 2256 9324 9412 8934 5050 11565 15370 12053 13267 5870 9281 13023 15583 14126 10623 3939 15213 10977 17156 4291 10400 16025 1375 10246 7045 15095 2083 17817 10795 4861 7900 14137 8723 11118 6841 15391 3957 7197 2879 8863 16590 18916 15938 14598 17951 13943 21273 9805 5090 12557 15163 16310 11450 16560 8871 16477 11782 1930 10878 12176 16367 13636 3227 16524 8965 16032 9963 5048 15401 9845 6833 12164 8716 16893 14694 8769 2211 13796 3228 14631 18406 16128 19335 12159 2983 8130 5639 5745 11873 3188 17930 10541 12961 7069 13802 9505 15880 0 11891 10625 6236 1787 6097 10470 17038 17225 13380 17400 6469 8467 16170 9329 16101 11241 7320 4321 9447 1436 14912 7285 13685 18977 12686 13200 9709 14267 15241 5654 11372 14359 11542 15573 5475 2128 4768 15144 14575 8075 14874 12352 13375 15865 6486 9738 3820 5970 18796 12107 13936 12637 17014 16244 16284 16175 8215 15971 2291 6240 5830 13944 12051 12551 12057 7468 17460 13026 3102 15021 10472 2756 11387 3031 15024 3823 13120 5429 12510 11027 14462 9028 16765 12658 14765 19881 12517 2074 12812 14410 10159 13760 13679 16410 2773 7464 7097 12490 16795 11065 4094 16095 3582 21144 999 7097 6068 11186 15344 11532 9991 7363 17884 3373 17613 13635 15403 2228 1330 5366 13202 10391 11724 2422 15516 5306 15582 14783 15898 14353 10865 14606 11267 13546 16754 14748 12222 3802 5565 18718 8130 12875 15047 11523 3037 13016 14963 11821 15586 11721 4327 11942 13706 12753 5419 3225 7794 9051 6448 16360 2805 8456 16926 2510 14884 8582 8103 21667 11437 3957 15737 13080 3760 16278 10159 17084 16813 8414 12449 4246 13209 11013 3980 14632 9659 7161 15523 11251 6443 18813 13862 11225 10048 4151 21246 11462 8410 14968 6501 12012 17563 11128 8641 6361 1851 6296 6042 11739 5420 19589 7146
7428 15045 4956 10032 4697 8052 8670 9448 12291 6370 2938 6004 12597 16915 3561 7369 675 7799 7185 15171 6146 4280 8928 3143 3741 3157 8056 4320 5377 14375 6381 7449 6781 7061 7573 11644 11720 13696 5796 2839 7486 1105 12071 11134 14624 7189 5099 12479 13014 6660 11933 6738 4093 5554 2748 10335 12991 2426 16387 14421 8508 17384 16782 13615 2881 8737 9231 5890 14756 3789 5101 12315 11507 3635 8133 11760 13650 10229 12178 490 7677 15132 11061 12183 4714 14024 3649 14825 2015 4731 4074 5942 13724 6521 14831 12041 10039 13598 19172 14533 14014 8849 15866 1313 10827 2258 10165 9286 15856 14664 12740 10755 7372 19003 10527 13925 4913 5085 10566 11695 1097 8724 9609 3974 3454 8560 7276 10053 12136 8876 11150 3707 5774 8405 5642 2811 11416 4894 13335 14445 8632 16817 14937 5203 5981 6082 3025 12753 13414 11988 2163 13297 6854 11777 13339 4688 5695 7562 14094 10821 4308 5961 5207 312 9385 8029 7791 4583 10119 15211 10592 17249 7575 6842 12554 4660 14864 8209 6340 6725 9961 14352 6568 6153 14776 10346 2177 6055 5783 11891 0 1727 12680 10348 11548 13516 5238 11051 14018 10458 6093 12942 5288 14552 5453 13526 4985 14666 3479 10714 7535 7769 2810 12437 5956 5981 11713 2569 11949 12304 533 6223 4817 17857 10724 12071 13460 6256 9644 7475 7000 1771 2475 16820 9485 7294 13985 6714 8162 2983 6316 5307 14173 6383 7925 7809 14867 4462 14173 11569 6949 7892 4167 1159 5707 5181 11510 6319 13469 14406 2744 12387 6019 13615 16549 14878 4867 11206 11484 12426 7521 12529 7327 6442 9705 9788 16432 13613 16790 4861 12117 17149 11605 6771 14664 4532 6161 8357 5669 6075 7860 5460 12498 12534 11534 7646 7043 16853 5018 15620 4280 14591 8058 11286 12117 4962 3964 13742 11021 12081 1832 11512 1801 9499 18754 6725 6360 9732 19221 4222 12623 4143 9796 16461 8973 13041 7291 8105 6327 8000 4432 7012 11167 14718 8864 1396 3802 8342 15054 3449 15122 5921 7187 2391 7485 12771 14945 7708 12442 4472 11929 7818 8836 9747 17620 10787 13901 13028 4778 15355 8327 16956 8257 4868 3008 7274 5269 4842 8535 14642 1437 7326 13274 10180 5724 6179 5556 9618 7541 12001 4163 2504 2692 7751 13153 14336 4521 16705 5391 14319 7192 5491 14303 6758 13740 7173 8123 173 10339 11376 8594
7875 13549 3891 9222 6053 8049 8496 7901 10692 6538 4531 4973 11118 15262 3161 8013 1919 6072 5659 13483 4419 4076 8455 3412 3896 1524 7012 2593 3913 12648 6582 6740 5064 8314 7117 9932 10660 12725 5904 4258 5763 2831 10910 10319 13236 5786 4215 12050 11494 5192 10258 7277 5651 4229 4395 8867 11507 914 14725 12793 7539 15695 15082 12291 4607 8347 8341 4276 13105 3283 5438 11268 9974 2046 7195 10731 12503 10054 12000 2035 7160 13411 9593 10820 3251 12700 4415 13220 288 4380 5447 7658 12331 6782 13105 10319 9433 11926 17497 12858 12418 7166 14144 3033 9721 3635 8529 8445 14306 12953 11662 9138 5781 17360 9250 12209 3584 5083 9501 10884 1110 8024 7883 3958 1925 7010 5573 9008 11339 8653 9629 2031 6228 8781 5816 4455 10680 4434 12993 12720 7974 15110 13433 5815 6794 6367 1950 11571 11756 10938 730 11662 6749 10325 11823 5941 3984 9084 12372 9162 4885 4324 4312 2035 7672 9617 6928 4557 9026 13598 9707 15604 8086 8450 11915 5765 13563 8179 5300 5937 8431 13279 7373 6732 13134 8624 3189 6366 7459 10625 1727 0 10988 9199 9851 11810 6431 10222 12429 9770 4517 11215 5763 12825 7169 11842 4327 13129 1752 9367 6775 7550 3159 11742 4854 5017 10009 3659 10674 10628 1464 5570 5741 16236 9046 11043 11846 7788 8500 5750 8406 1777 4152 15265 7774 7635 13049 6012 8589 4251 5510 4280 12921 8047 7480 9326 13152 5357 12916 9868 5364 6838 3112 1950 6688 3551 10656 5258 11969 12922 3316 10878 4615 12128 14953 13404 4084 9531 9942 10758 6645 10806 7219 5275 8588 10023 14731 12234 15090 6432 10421 15471 10169 8419 13380 3161 5750 6991 6305 4609 6729 7175 10933 12350 10373 7379 5415 15127 6702 13909 2637 12892 8134 10430 11201 4356 5679 12592 9875 10414 2577 9835 1220 8295 17097 5343 6109 8616 17565 4211 10944 4314 8217 14794 8421 11620 5959 6917 5137 8463 2790 5832 9939 13021 7651 2432 4412 6883 13579 2367 14132 4640 6175 3940 5901 11850 13241 7884 10742 5941 10411 6100 8363 8659 15974 9065 12180 12865 3459 14259 7635 15261 6901 6577 1328 7310 6200 3124 7151 13699 3136 5807 11702 8988 4066 4494 5566 8044 5854 11349 5720 3465 2983 6564 12846 12645 2820 15099 4204 12648 7468 4060 12579 6202 12456 6661 6444 1558 8664 11047 8361
16688 9518 10583 9344 15839 12878 15270 4099 6765 12858 15504 10691 8590 7982 10845 17280 12642 5168 7975 5917 6739 11228 14111 13291 13393 9526 10902 8469 9029 3057 12984 12353 6450 17413 13476 3875 12135 9491 12436 15140 5345 13753 7232 9618 10643 8795 11157 16587 8207 6595 5120 16443 16593 7871 15381 8167 4017 10269 7410 7007 8261 7420 6594 6158 15500 11332 12126 8005 6662 10595 14664 12531 7572 9074 8450 12382 12465 16306 17702 12872 10470 2881 8278 5306 9339 6336 14623 7673 10703 12623 15387 18421 5423 13263 3246 3216 10580 5598 9192 5933 7420 3834 3555 13991 11387 14524 5999 9027 9206 4759 12526 2534 7390 9796 6042 4068 8328 13735 7717 13819 11723 9735 3871 13131 9287 7390 5418 11505 10126 12205 3516 8973 15460 17206 14564 15441 14122 12376 17695 3570 9939 6358 9363 15461 14953 15188 10059 11677 5896 8146 10821 6382 14414 8642 3686 16565 7432 18994 3745 2036 14704 7809 9273 12992 4659 19736 11759 11718 7468 7739 8986 8402 17016 18719 15420 15011 7017 12828 8390 9279 7449 8958 17097 14230 6892 2726 13890 13234 18037 6236 12680 10988 0 7063 1149 4395 16936 13351 7550 13861 6755 2338 15164 3123 17944 5253 9994 4029 9271 5416 12156 11820 13245 14998 10403 10949 4217 14346 10488 613 12287 12165 14561 9347 1988 8349 2126 17844 10706 5642 17986 12243 14899 9767 3275 13959 9936 9625 17196 14249 11614 10693 11808 18550 13697 19194 2417 15560 7114 1163 5942 10816 10700 12798 15352 7533 13443 10581 3957 9345 12603 3577 9068 4201 8881 5014 11444 1543 7456 5376 11617 3101 14687 10119 10906 17744 6290 5536 6594 16731 4527 7526 8764 18842 7089 8540 10713 8941 15887 8741 7492 17946 2753 17940 7112 11570 5727 5218 17342 5299 8974 1925 15846 9384 13367 11976 16640 7953 7150 935 13227 5059 11634 6706 9293 6873 13638 10915 9685 13266 5117 13651 6877 7318 13761 9471 9211 7114 7838 17194 8260 10056 10584 5330 6756 13277 14409 8232 9826 10772 10111 9658 10898 14470 5461 9461 2317 13491 397 16804 3433 5598 14060 7491 8650 3586 1915 18424 9799 9317 12780 6860 6087 17547 9895 15174 16328 7881 8804 10235 14113 7981 2798 10525 7830 6501 14032 6954 5139 14984 16052 13255 12075 7231 17751 5320 8168 8800 8365 5928 15944 9127 2470 10207 6640 10420 4564 12507 2378 16355 12043
16894 15541 11328 2325 11438 6532 16742 3650 12312 7189 13197 12056 13858 14868 7047 17146 9942 7149 10278 12742 7365 6813 16122 12537 12933 7837 13369 7864 10021 10103 7314 14151 7929 12250 15012 9628 16079 3748 7032 13187 6832 11116 1723 2599 16228 11082 11931 19426 13750 4428 10824 16370 14351 5004 12935 12418 4154 8286 14275 13383 2110 14448 13626 3577 12497 4690 14888 9220 13225 6768 14479 16629 12559 7327 2499 16274 17159 18164 19966 10260 4292 9823 12887 2584 9844 3958 13614 14044 9012 12914 11204 14774 4026 7546 10308 9323 3583 11973 16247 12571 13556 5636 10395 11428 15125 12601 10505 2234 15576 11646 16813 4718 9808 16790 1027 10865 5633 13890 685 17245 9258 3131 7843 12878 7349 10689 6200 14839 3307 5551 3552 7582 15304 17716 14717 12997 17323 12814 20516 10577 3361 13409 15385 14971 9663 15325 7360 16212 12133 1867 9526 12464 15267 13519 4709 15020 8086 14246 10647 5459 14049 9028 5192 10608 8572 15108 13887 7010 462 14223 1926 15292 17144 14350 18709 10382 4683 6425 4017 3990 11622 4103 16562 8756 13414 7229 12337 7719 14126 1787 10348 9199 7063 0 6642 10986 15551 16626 13657 16696 5391 9094 14866 10181 14370 11672 5621 5941 8194 1662 14050 5543 12321 18377 11776 12263 9959 12793 14987 6452 9821 13368 9761 16213 5831 2029 6009 13365 14042 7538 13087 10960 11700 16303 6445 7982 4154 4199 17573 10380 12991 11645 16903 14480 15342 14388 9278 14554 3906 6777 4924 13214 10938 11086 10269 6319 16902 12145 4648 15175 8767 4000 10548 4632 15522 5563 12044 5933 12456 11282 13638 9508 15687 11817 14223 18763 13308 3851 13627 12652 10443 14514 13531 14639 4444 6064 5314 11938 15461 10244 2490 14363 4723 20281 1186 5344 5253 12224 13605 12305 8903 8486 16775 2412 17126 12537 13740 3398 676 6134 11761 10539 10348 965 16307 4047 14498 14244 16714 13107 11172 13325 11035 14213 15909 14715 11528 2284 4064 17479 6900 12100 14695 12136 1587 11537 13593 11312 15777 10530 5058 11066 12896 11064 4636 3119 8932 7315 7190 14795 3851 7994 16043 722 15574 8740 8978 20808 10422 5064 14906 13889 2665 14604 8886 15960 15397 7325 11927 4746 11620 10388 5302 14173 8801 6249 14336 10991 5844 18169 12116 9520 8363 2636 20464 12014 7248 15498 5002 12496 16364 10219 9532 4576 3553 4510 5588 10203 5658 18757 5470
15583 9280 9467 8843 14792 12110 14239 3323 6303 11978 14362 9611 8081 8227 9809 16163 11523 4026 6923 6103 5590 10236 13119 12146 12253 8398 9920 7324 7908 3594 12101 11325 5313 16425 12436 3378 11381 9443 11527 13994 4196 12626 7080 9237 10262 7758 10047 15709 7776 5590 4663 15326 15448 6851 14243 7398 4270 9143 7634 6900 7591 7850 7037 6353 14378 10657 11195 6881 6659 9567 13536 11811 6961 7953 7739 11622 11867 15316 16763 11748 9717 3789 7591 5268 8203 6593 13477 7571 9566 11502 14328 17314 5710 12384 3901 2860 10047 5470 9685 5972 7202 2717 4505 12860 10587 13378 5214 8446 9119 5006 11842 1925 6334 10162 5654 4224 7277 12615 7319 12999 10601 9086 2843 11996 8171 6436 4278 10643 9842 11519 3228 7841 14336 16119 13448 14303 13272 11260 16822 3996 9279 6854 9123 14327 13999 14074 8967 11034 5700 7938 9675 6121 13333 8028 4075 15416 6286 17958 4014 1215 13564 6682 8302 11860 3679 18686 10754 10745 7009 7699 8561 8650 15909 17654 14595 13990 7359 12073 7485 8438 6645 9042 15966 13305 6866 1675 12742 12327 16946 6097 11548 9851 1149 6642 0 4384 15788 12503 7321 12958 5675 2454 14034 3709 16836 5144 9028 4729 8129 5062 11133 11056 12098 14182 9319 9868 3735 13198 9820 1001 11161 11089 13559 9574 977 8144 2832 16791 9832 4506 16969 11094 13787 9770 2127 13110 9896 8788 16102 13177 10545 9588 11300 17466 12668 18162 3407 14415 7325 143 4883 9825 9566 11653 14371 6418 12624 9512 4348 9032 11544 3691 7974 4600 8942 5607 10328 709 6845 5012 10599 2931 13617 9055 10033 16693 6707 5787 7039 15657 4137 7889 8125 17766 7389 7468 9839 7986 14755 7643 6723 16838 2972 17011 6878 10800 4641 5982 16244 5702 7827 3043 14779 9030 12596 10863 15510 8023 6833 1026 12079 4514 10487 6149 9690 5911 12552 10043 10108 12133 4813 12515 6051 7571 12780 8971 8185 6363 6903 16096 7137 9019 9838 5497 6101 12131 13265 7272 9564 9627 10210 8567 9870 13370 4427 9292 3407 12683 901 15656 3407 4488 13065 6979 8932 2831 2643 17502 8671 9517 11786 7295 5293 16416 8749 14093 15186 6739 7863 10260 12979 6938 3297 9696 6695 5370 12920 6107 4011 14140 14972 12183 11015 6436 16865 5395 7031 8897 7365 5921 14847 8012 3170 9377 6816 9625 3447 11375 1340 15422 11339
15470 5188 9898 13119 17528 15967 13375 7473 3046 15541 15968 9550 4791 3964 12793 16225 13698 5948 6919 1853 7486 13430 11982 13080 12980 10635 8920 9265 8590 2161 15657 10601 6752 19468 11742 1894 8900 13797 15009 15429 6360 14618 11457 13584 6473 7467 10326 13711 4238 9005 1907 15426 16911 10094 15943 5353 8409 11359 3363 2618 11706 3968 3287 10549 16384 14709 9728 7766 2284 12603 13909 9155 4219 10341 11791 9160 8710 14068 15110 13843 13649 3555 5110 9605 9141 10731 14391 3280 11529 11845 16984 19457 9818 15941 2541 1760 14284 1258 5836 1589 3110 5997 3980 14782 8385 14865 3802 12653 4811 1161 9026 6282 6482 6026 10018 670 10319 12880 11668 10776 12793 13202 4129 12626 10600 5722 6870 8782 14218 15542 7611 10069 14595 15751 13604 15995 11200 11543 14764 1693 13376 3300 5038 14807 17247 14165 11591 8083 1636 12322 11386 2195 13017 5161 8077 16457 7826 20693 1137 5530 14241 7646 11670 13812 4144 21317 9870 14003 11331 3349 12890 4381 15819 20189 12342 16904 11402 15958 11125 12210 4936 13328 16311 16688 2504 4010 14088 15796 19264 10470 13516 11810 4395 10986 4384 0 16694 10451 3248 11206 8684 2057 14421 2303 18968 912 12381 8252 10096 9437 10367 14938 13146 11892 9322 9789 1805 14485 7040 4895 13263 10854 16594 5265 5157 12528 6447 19438 8107 6136 19839 12526 15961 5400 5022 16744 14248 12559 15826 15772 10280 9840 7853 19843 11863 20920 3866 15218 11508 4243 8123 8901 10328 13249 17490 9035 10411 9322 8346 5106 14303 7932 8267 8588 4558 9300 10672 5078 4119 1694 9828 1480 13163 8872 8288 15925 2931 9930 3294 18156 1463 3844 5357 20201 11481 10355 13478 7000 15147 8026 10710 18976 7129 15286 11262 14677 7742 3771 18510 2118 9269 4525 14247 13389 10144 11131 17356 12315 11208 5145 13465 2234 12030 10414 5625 9459 12335 8287 6080 12680 1337 13117 4607 3342 11580 5589 7736 10391 10477 15883 9570 8569 7414 1280 10272 13674 14083 6440 5516 10695 14487 8738 9260 15700 7847 13674 4426 16434 4094 16960 7722 5723 11956 11266 4699 2857 3033 15715 9392 13711 10737 3485 9298 18213 10508 13734 15862 8863 6798 14583 14847 6839 7178 7717 7836 7931 13041 4773 6849 12003 17443 14815 13781 10386 14881 1041 9257 4517 10663 1545 14661 8587 2790 13150 11028 13471 6541 13354 5364 13768 15333
3776 16682 6800 15258 7464 12832 6527 14262 14669 11075 2831 7306 14316 19434 8768 3140 5749 11777 9777 18064 10205 9393 7630 3671 3714 7924 8769 8578 8158 18027 11050 7295 10527 9556 6619 14983 11840 18934 10601 2476 11594 4717 17272 16358 15768 9310 6417 10441 14904 11616 14867 3053 2138 10644 3189 12217 17901 7336 18997 16859 13745 20210 19758 18719 4296 13804 9180 9097 17350 9011 3139 12320 13587 8456 13371 11765 13885 7754 9432 5425 12829 19022 12869 17250 7697 19128 2332 17089 6663 4958 7016 5634 18759 11113 18509 15545 15202 16417 21823 17335 16269 13247 19734 4407 11234 2990 12942 14519 17739 17848 12807 15380 10221 21373 15664 17230 9995 4122 15792 10968 6308 13930 13360 4078 8354 11042 11612 10365 17354 13822 16002 8354 2903 4696 3749 3146 10482 5277 10942 17955 13827 19884 16614 2269 9809 3554 8191 13206 16126 17219 6307 15844 5129 13441 18191 592 9507 8731 17509 15292 2494 9265 10443 5012 12865 8649 8003 9581 15338 17506 15828 19693 3682 7598 11158 8155 19988 13008 11560 11958 12180 19581 2096 10358 17296 14333 3241 10630 6235 17038 5238 6431 16936 15551 15788 16694 0 10474 16229 9517 10887 16659 2728 18214 5356 16446 10212 19470 7875 15796 7509 12744 3691 11236 7479 7106 14942 2773 12847 16667 5771 6378 8657 20099 15105 17305 18066 7709 10366 11329 8903 4803 4999 18682 13662 11723 19222 11935 4362 6700 6861 6891 14774 6758 6822 8960 18867 1486 19327 15776 11711 8676 6401 4489 9238 9881 10949 7594 18350 16016 7547 17256 8427 18519 18677 19801 6062 15593 13609 15270 7853 16046 5414 7987 10323 6213 19435 18663 19768 6583 15231 19881 13215 7188 19801 9582 11297 10111 2260 8674 13062 5379 17250 9764 16734 12660 11697 20355 5712 18789 7962 18763 5335 16517 11687 5665 3691 18949 16226 16495 3869 14486 5443 14676 21246 11773 5303 10346 21695 4055 15551 3610 12274 19117 7909 14451 9141 13285 11499 4133 9130 8429 11974 17732 14035 4022 2613 10461 16577 6185 20360 7974 8033 5644 12242 18008 19059 12314 16636 1526 16783 11483 7561 14967 20060 14328 17813 10150 7345 20579 7862 19880 13329 3743 7176 4941 1115 9206 10328 19879 4196 9863 18003 10989 9175 10662 4211 12090 11961 10715 6291 6962 7705 12931 10676 17308 9022 18892 10557 17098 4151 8133 18121 11938 18876 12331 12567 5370 14742 9176 13556
7348 7607 6348 17778 15665 18038 4318 13409 7439 16682 11639 5278 5980 11298 13190 8273 11658 9606 6348 10878 9306 14133 2899 8349 7811 10420 3385 9462 6978 12527 16740 3619 8697 18056 3892 9677 1830 20332 16037 10870 9851 11738 17972 18727 6181 5556 6020 3275 6673 12389 8705 7771 11941 12460 11855 5240 16462 10636 11091 9077 15916 12506 12412 18247 12918 17865 1898 7524 9742 13220 7435 2047 6232 10653 15722 1620 3609 4146 4708 11541 16584 13897 5346 16817 7439 18584 8989 8938 10122 6456 15046 15551 17821 16958 12959 10417 18459 9492 13595 10134 8299 11406 14407 11663 2066 10645 7357 17026 8848 11316 2518 13452 6836 12743 16084 11121 12095 6662 17206 667 11220 17002 9753 7427 10832 6182 10441 1868 19690 18385 14765 10227 7577 7041 6760 11871 772 6226 4362 12134 17046 12700 7612 8218 16951 6928 11680 3253 9069 18469 9493 8544 5346 5356 16424 10617 8669 18145 11577 12877 8340 7691 13563 11172 8879 18365 3295 14679 16709 9322 17985 11389 7652 17178 2118 15711 19454 18140 13988 15046 5908 20404 8939 16951 9563 10880 9852 16564 15855 17225 11051 10222 13351 16626 12503 10451 10474 0 8189 1081 11442 11688 7766 12694 15141 9724 13934 17229 9680 15799 3517 17350 8653 1754 5451 5209 9401 9935 3661 13483 11242 4845 15829 11419 12469 18645 15334 16885 2690 9153 17841 9284 13057 9623 11008 17828 20758 15270 7281 14027 4747 5953 4720 16469 3655 18397 14070 9229 19167 12399 11730 3559 7111 10014 16744 10760 482 5029 16682 7031 13502 15778 6296 16927 10012 18056 6203 12810 6332 8768 3577 10778 5099 5157 2491 6466 12198 17837 12425 15487 9325 12053 5135 16914 19404 11761 15469 4736 8234 6539 14779 15159 15271 4853 17531 17133 11378 14023 15135 12018 8462 14476 5603 18703 1214 6097 13200 19450 17188 13524 9617 8566 9343 15690 12822 12886 5272 2477 13192 7250 9126 7573 6474 11275 2573 5544 5123 14717 13456 7450 10522 4708 3064 10869 15161 10102 8584 5420 7359 7855 21512 5928 4109 13283 11990 19740 14539 18003 12954 11594 15350 8774 2953 16431 11699 9765 13027 5267 6981 21163 2786 12411 13985 13715 9337 5647 9361 9764 4790 21313 11567 6240 15755 2831 7963 10455 6392 6402 10819 1637 14881 13493 13203 14460 4449 10459 10031 10288 12858 9911 6624 6768 13014 15674 18628 16146 11183 10991 12308 3411 18096
14316 1969 9602 15631 18438 17918 11790 10021 1741 17223 16061 8932 2222 3270 14107 15162 14344 7444 6852 2802 8609 14878 10290 12844 12599 11560 7656 10136 8676 5319 17327 9344 7741 20579 10401 4037 6437 16742 16636 15420 7888 15073 14345 16227 3256 7042 9863 11311 1525 10905 2847 14428 16853 11782 16109 4014 11519 12203 2949 910 14043 4341 4228 13642 16763 16899 7986 8152 1588 13970 13199 6538 2643 11401 14057 6689 5765 12170 12888 14419 15737 6671 3400 12586 9325 13853 14053 861 12175 11272 17849 19830 12948 17606 5610 4461 16717 1991 5671 2153 142 8201 6955 15175 6204 14926 3970 15076 2010 3580 6300 9096 6652 5145 12753 3794 11844 12163 14341 8366 13510 15499 5987 12201 11664 5470 8536 6834 16953 17681 10501 11044 13760 14398 12755 16153 8873 10953 12289 4764 15647 4531 1814 14122 18597 13231 12713 5325 1654 15155 11862 1204 11860 2987 11229 16102 8651 21512 4267 8335 13736 8112 13347 14283 5516 22035 8572 15476 13952 1280 15499 3481 14664 20857 9829 17983 14562 17939 13049 14196 4123 16363 15450 18173 1383 6428 14089 17385 19781 13380 14018 12429 7550 13657 7321 3248 16229 8189 0 9112 10342 5241 13691 5428 19348 2339 14009 11483 10885 12219 9102 16941 12990 9374 8783 9124 3700 14418 4536 7992 13881 9943 17783 3895 7915 15359 9646 20217 6369 7407 20793 12700 16488 2907 7278 18458 17196 14530 14537 16635 9411 9419 4765 20390 10427 21753 7053 14749 14611 7178 9995 7701 10224 13492 18722 10393 8033 8637 11501 1867 15362 10991 8125 11748 2532 12520 10219 7959 2628 2375 8622 4458 11892 8261 6504 14281 4033 13047 4240 18854 3227 3910 3230 20786 14624 11767 15298 6120 14379 7997 12953 19359 10220 13010 14090 16681 9573 6059 19010 4026 9792 7760 12852 16066 7609 10571 17570 15344 13969 8206 13537 3182 12327 12968 5031 11417 11301 6493 5472 12188 2515 12632 4222 3118 9872 2731 7126 12686 12386 14636 10741 7800 5174 2983 12715 13848 13692 5846 2279 10774 17531 8420 8257 16359 9863 16523 7631 18268 7213 16780 10728 6877 10287 13831 3842 4927 6279 13385 9381 16813 9217 4221 11621 18358 11105 12497 15265 9912 5903 17577 15195 6719 10347 5823 8387 9400 12205 4401 8661 9585 18144 15751 14873 12609 12450 2675 10325 2705 12351 1988 13495 8595 6001 15101 14114 15480 8550 13874 8024 11600 17443
6296 8634 5973 17720 15000 17709 3250 13611 8241 16289 10830 4952 6891 12269 12823 7221 11087 9816 6480 11748 9333 13765 1890 7619 7056 10118 3327 9279 6825 13237 16339 3035 8805 17392 3038 10296 2875 20429 15648 10059 10019 11074 18107 18700 7240 5637 5561 2782 7588 12375 9404 6747 11064 12334 11064 5895 16797 10262 12038 9986 15855 13447 13317 18509 12161 17650 1826 7495 10642 12874 6537 3128 7007 10399 15639 2684 4689 3104 3911 10946 16376 14589 6103 17051 7208 18859 8151 9885 9697 5769 14388 14705 18126 16547 13682 11036 18336 10308 14589 10994 9216 11656 15128 10976 2911 9876 7918 16955 9868 12120 3599 13777 7015 13765 16213 11874 11924 5837 17252 1454 10719 16871 10156 6692 10557 6542 10568 2429 19681 18127 15044 9982 6614 5964 5848 11076 993 5571 3898 12873 16901 13592 8631 7280 16411 5963 11344 4319 9892 18554 9050 9385 4397 6207 16793 9690 8642 17379 12318 13242 7471 7679 13340 10555 9291 17564 2935 14290 16750 10278 17967 12377 6595 16386 2153 15109 19739 17821 13850 14869 6487 20561 7917 16465 10473 11307 9110 16136 15048 17400 10458 9770 13861 16696 12958 11206 9517 1081 9112 0 11412 12321 6836 13409 14308 10521 13661 17662 9405 15967 2998 17070 7936 1982 5170 4834 10042 9156 4626 13951 10690 4243 15267 12439 12848 18723 15789 16137 3174 9338 17128 8687 12351 10662 11342 17405 20846 15074 6208 13412 4263 5579 5800 15656 2753 17630 14729 8322 19410 12863 11774 3483 6693 9380 16165 10659 1498 4752 17045 8042 12998 16105 6199 17287 11021 18449 5692 13215 7099 9513 3216 11424 4110 4972 2977 5395 13090 18130 13330 14751 10010 13002 5976 16102 19675 11566 15193 5017 7264 6478 14739 14327 15643 4110 17648 16862 11447 14843 14342 12860 8242 15086 4542 18695 2244 5504 12372 19628 17281 13968 8929 9227 8810 15747 13828 12853 4421 2972 14206 6495 9871 6783 7015 12218 1626 6522 5182 14705 13351 6381 10349 4612 3941 11704 15193 9424 7751 5729 8396 7415 21649 5753 3879 12620 12076 19794 15175 17625 13467 10690 15663 9006 1956 16456 12693 10292 13667 4574 6703 21354 2142 13328 14037 12848 8994 4634 8402 9642 5114 21418 10867 6393 16165 3490 7926 10465 5524 6919 10960 1583 14167 12935 12732 14431 3914 11285 9872 11294 12695 10765 5590 6615 13689 15447 18872 15921 11370 10412 12658 2563 17835
11680 11944 5941 6338 9134 7597 11355 3386 8686 6913 9012 6674 9805 12551 4191 12027 5960 2900 5184 10519 2179 4754 10744 7506 7812 2993 8103 2534 4647 8932 7023 8774 2967 10877 9622 6841 11133 9135 6353 8774 2455 7117 6967 7292 12194 5901 6548 14103 9917 970 7637 11219 10151 1443 8841 7908 7014 3677 11962 10403 4478 12641 11914 7989 8820 6799 9634 3924 10507 3972 9318 11718 8478 2476 4309 11298 12497 12774 14583 6216 5552 9428 8521 6479 4453 8392 8723 10975 4257 7605 8657 11681 7928 7306 9338 6966 7088 9206 14516 10053 10283 2983 10156 7380 10148 8152 6499 5594 12351 9717 11973 4668 4826 14661 5128 8901 1655 8630 5889 12084 5063 5665 4574 7693 2640 5950 1835 9737 8269 7496 5119 2534 10154 12448 9475 8903 12102 7479 15179 9148 5747 11847 11800 9919 8575 10100 3308 11520 9182 7255 4585 9296 9915 9243 7312 10425 2776 12308 8928 4796 9030 3751 3021 6401 4841 13021 8548 5320 5382 11276 6556 12945 11953 11980 13480 8375 9280 7630 2798 3959 7184 9439 11561 8005 10615 4847 7666 7129 11283 6469 6093 4517 6755 5391 5675 8684 10887 11442 10342 11412 0 7523 9748 9089 11208 9013 3713 8612 3050 5092 8682 6654 7350 13176 6398 6876 7049 8138 10358 6315 5648 7978 7994 13737 4767 7407 7369 11125 8981 2986 11352 6091 8178 13236 3837 8140 9529 4268 12331 7502 7602 6254 12483 11796 9952 12518 9078 9689 8718 5725 856 7939 5589 6454 8857 1022 11760 6777 7465 11431 5877 6372 5217 7632 12676 8914 6675 5228 8400 8167 8290 7383 10324 6472 9146 13425 11558 7849 11920 9982 7545 12526 9184 12092 9128 1794 4956 6912 10398 4935 3337 11210 6418 14901 6459 6399 1036 11439 10591 10618 3533 8679 11430 7282 12070 7181 10001 8610 6026 6065 7022 7238 5450 4426 14293 1445 9137 9169 14752 7902 8224 8175 6694 11976 10542 10558 6322 3294 2160 12256 1758 6800 9898 9964 3828 6941 8622 6385 12091 5257 10443 5707 7563 7724 1392 8426 9067 7926 6573 10458 5901 3532 10663 5068 13293 5839 8225 15429 5032 10342 9549 12135 2755 10911 3768 10624 10522 1951 6949 10133 7525 5317 7190 9216 3488 1050 9054 6587 1844 12927 9299 6508 5347 3021 15115 9671 1953 12747 2015 9890 11095 4850 8698 4810 8220 5224 2276 5922 4377 13389 7235
15896 7204 9981 11294 16609 14433 14119 5721 4639 14176 15593 9854 6473 5778 11713 16577 13026 5144 7096 3663 6796 12249 12831 12990 12986 9886 9646 8622 8515 1437 14296 11238 6233 18400 12386 2026 10303 11773 13686 15131 5479 14045 9459 11688 8394 7808 10491 14961 6020 7657 3062 15753 16613 8850 15524 6449 6353 10634 5189 4670 9998 5419 4617 8493 15820 13050 10689 7562 4329 11495 14092 10639 5608 9514 10124 10559 10402 14993 16222 13211 12063 2414 6411 7579 8965 8675 14328 5335 10927 12012 16102 18847 7762 14581 1891 1291 12492 3270 7273 3607 5108 4600 3093 14245 9654 14536 4437 10883 6868 2553 10578 4379 6560 7711 8102 1783 9176 13099 9770 12093 12102 11498 3352 12671 9759 6173 5829 9904 12275 13904 5637 9312 14840 16296 13884 15580 12456 11732 16049 1641 11685 4465 7050 14951 16060 14482 10673 9680 3588 10344 10901 4099 13507 6653 6022 16356 7317 19790 1565 3658 14287 7399 10382 13249 3800 20470 10566 12792 9463 5403 11015 6202 16238 19386 13689 15891 9349 14408 9690 10711 5837 11280 16533 15427 4556 2682 13817 14483 18565 8467 12942 11215 2338 9094 2454 2057 16659 11688 5241 12321 7523 0 14604 1611 18360 2923 11108 6248 9463 7502 11019 13386 13004 13251 9590 10108 2287 14247 8543 2848 12621 11270 15517 7131 3342 10549 4407 18575 9150 5483 18862 12193 15312 7440 3687 15343 12222 11062 16330 14913 10697 10005 9654 19118 12559 20006 2428 15216 9452 2321 6838 9591 10267 12849 16373 8068 11719 9681 6291 7065 13350 5886 8364 6534 6570 7279 10815 3163 5495 3198 10470 921 13718 9213 9344 16652 4278 7874 4620 17360 2430 5440 6808 19448 9426 9289 12060 7655 15336 8070 9079 18365 5076 16431 9290 13128 6509 3942 17833 3277 8859 2800 14850 11477 11553 11319 16878 10270 9269 3111 13168 3130 11636 8596 7244 8052 12769 9349 7668 12765 2895 13183 5344 5120 12452 7331 8164 8733 9070 16358 8704 9027 8763 3061 8523 13305 14061 6993 7519 10499 12437 8909 9813 14972 6469 11684 2855 14964 2044 16739 5694 5218 12792 9430 6480 2351 1347 16890 9325 11655 11526 4869 7646 17764 9982 14253 15926 8122 7482 12544 14336 7057 5126 8868 7515 6954 13329 5467 5696 13297 16658 13930 12820 8774 16135 3003 8480 6504 9399 3593 15111 8562 1484 11655 8974 11935 5259 12772 3622 14869 13713
2146 14037 4627 14984 8951 13340 4029 12995 12194 11647 4299 4879 11708 16931 8716 2284 5947 10019 7544 15676 8593 9522 4962 2352 1940 7030 6118 7244 6147 15917 11652 4585 8724 11259 3895 12807 9112 18461 11082 3569 9919 5335 16551 16082 13073 6956 4120 8030 12319 10606 12548 1514 4287 9863 4604 9680 16650 6645 16520 14365 13293 17779 17375 17736 5802 13959 6454 7162 14889 8901 514 9593 11063 7540 12954 9037 11156 5439 7291 5672 12835 17007 10301 16228 5837 18139 1738 14551 5903 2594 8397 7966 17660 11778 16402 13422 15155 14032 19331 14931 13740 11677 17697 5108 8515 3642 10624 14209 15123 15557 10080 13910 8052 18820 14803 14993 9241 1546 15214 8279 6124 13769 11414 2079 7522 8703 10078 7646 17102 14147 14726 7309 486 3117 1021 4596 7814 2885 8672 15786 13707 17528 13976 460 10931 966 7710 10481 13714 16649 5345 13392 2440 10837 16870 2854 7819 10845 15309 13705 993 7356 10073 5202 10814 10914 5310 9863 14728 14971 15468 17170 2327 9777 8582 9376 19026 13497 11051 11691 9724 18967 1937 11280 14817 12474 3190 11304 8408 16170 5288 5763 15164 14866 14034 14421 2728 7766 13691 6836 9748 14604 0 16105 7605 14092 10033 18077 6723 14828 4805 13037 2615 8622 5100 4649 12725 2960 10149 14970 5754 3753 9734 17530 13459 16764 16518 9684 7680 9529 10792 3996 6242 16056 11934 12515 18796 11748 2878 7716 4280 4608 12050 8992 4111 11090 16911 1512 18444 14002 10496 6040 4472 4177 10490 8729 8244 5130 17058 13373 8005 15972 6242 17251 16096 18535 3790 13938 11095 12914 5179 13917 2783 5564 7627 4533 17063 17589 17385 8383 12965 17427 10606 9438 18869 8808 11357 7613 732 6535 12434 7625 15846 7643 16020 12902 10390 18149 7762 16480 6393 16905 3028 16192 8977 3298 5713 18229 15538 14838 3465 12189 4557 13933 18721 10875 2577 7649 19162 1909 13215 1577 9887 16651 5215 11795 6718 12586 10836 2727 8041 5938 9276 15387 13290 3898 1492 8042 13918 4546 19857 5713 5437 6722 10997 17602 17163 12975 14833 3865 15492 9580 4888 14367 17532 12253 15830 8092 5365 19927 5133 17479 12409 6073 6010 2416 1639 7869 7830 19442 4929 7606 16563 8303 7342 9286 1510 9707 10463 8109 7915 7622 7980 12238 8437 14956 7796 16321 9923 14691 1969 6070 16086 11887 17956 12330 11058 5347 13124 6792 13862
17324 7285 11495 12449 18197 15818 15414 7030 5338 15647 17195 11305 7094 5001 13280 18032 14636 6755 8568 3105 8407 13790 14072 14550 14527 11495 10933 10232 10059 188 15769 12571 7832 19958 13721 3327 11182 12521 15176 16725 7089 15655 10323 12741 8684 9234 11985 15964 6532 9169 4006 17214 18208 10387 17129 7519 6949 12244 4468 4662 11284 4310 3484 9062 17431 14355 11863 9126 4135 13056 15592 11451 6477 11120 11443 11442 11007 16199 17320 14822 13426 1255 7350 8372 10530 9177 15885 5262 12538 13511 17696 20458 8265 16053 297 2683 13677 3493 6069 3394 5286 6134 1719 15855 10632 16133 5699 12103 6684 1963 11328 5555 8054 6702 9163 1662 10739 14587 10838 13042 13712 12775 4955 14203 11364 7544 7425 10980 13241 15221 6638 10921 16324 17681 15356 17184 13451 13224 17028 668 12972 3236 7144 16463 17591 15943 12269 10387 3905 11250 12507 4474 14907 7449 6521 17923 8919 21377 1179 4911 15822 8969 11898 14859 5351 22065 11871 14324 10581 5203 12106 5410 17669 20986 14618 17464 9743 15783 11152 12134 7005 11904 18027 16935 4390 4272 15407 15975 20173 9329 14552 12825 3123 10181 3709 2303 18214 12694 5428 13409 9089 1611 16105 0 19971 3171 12626 6407 11074 8538 12345 14765 14573 14170 11050 11555 3479 15833 9335 3732 14232 12689 17077 6362 4675 11452 4803 20169 10271 7089 20439 13788 16922 7066 5254 16795 12958 12485 17731 16510 12114 11498 10125 20724 13871 21592 1639 16763 9980 3602 8378 10894 11815 14451 17922 9664 12674 11113 6771 7293 14937 6613 9866 6990 6117 7485 12317 4387 6372 3935 11798 2190 15093 10649 10458 17960 3195 8407 3484 18962 3411 4451 7638 21053 9864 10866 13516 8960 16837 9584 10433 19976 5775 17508 10225 14509 8066 2350 19442 2234 10456 2437 16209 12507 12430 12810 18486 10922 10272 4047 14760 4215 13236 9787 6188 9538 14187 10459 6571 14287 3580 14711 6582 4345 13679 7885 9562 10071 10548 17770 10308 10420 9680 2610 9787 14905 15610 8334 7632 12072 13032 10395 11175 16580 7982 12548 2229 16384 3003 18325 6526 6811 14039 10590 5623 3887 1226 17948 10871 12153 12792 3752 9002 19372 11590 15644 17459 9732 8773 13213 15945 8516 5607 9921 9097 8553 14797 6727 7277 14265 18261 15525 14406 10145 17137 2790 10090 5985 10928 3489 16529 10095 709 13075 9547 13331 6815 14383 5006 15972 15044
9110 20231 9892 13299 3311 9645 11631 14390 17641 8005 3518 10796 17778 22320 7470 8494 5338 13218 12497 20612 11575 7558 12489 6908 7379 8484 12708 9752 10674 19796 7926 11615 12232 4617 11275 17096 16213 17089 7792 4279 12885 4350 16021 14310 19634 12367 9812 15625 18251 11561 17367 8364 3336 10309 3352 15527 17696 7734 21803 19800 12290 22825 22231 17900 2595 11172 13552 11296 20163 7754 7810 16763 16777 8894 11892 16194 18243 12988 14744 5151 10598 20500 16244 16613 10032 18296 6158 20173 7454 8803 3285 489 18180 7858 20246 17487 12817 19028 24601 19964 19354 14118 21234 4199 15439 4594 15567 12702 21121 20116 17230 15833 12746 24393 14827 19377 9743 8481 14378 15714 6264 11890 15044 7786 8668 13879 12611 14594 15184 10869 15989 9057 7953 10049 8512 3324 15300 9086 16212 19883 11717 22268 20134 7215 5880 8563 7903 17434 18829 15673 7592 18687 9992 16927 18115 4930 11148 3387 19540 16005 6847 11383 9345 5156 14837 3318 12178 7391 14028 20568 13984 22644 9036 2243 16164 4390 19052 9835 10528 10384 15242 17971 7450 6726 20171 15733 5443 7436 904 16101 5453 7169 17944 14370 16836 18968 5356 15141 19348 14308 11208 18360 7605 19971 0 18964 8791 19475 8910 15163 11778 9975 6656 16175 10842 10690 17165 5255 16813 17521 5740 10458 5063 23219 15962 15698 18494 2524 14367 12915 3752 6655 3054 22087 14831 8140 17269 10206 9717 3994 10768 10164 18949 1404 11557 3610 20205 6097 18270 16870 12048 12569 9184 5856 5155 10418 15623 11123 18202 19576 5653 17165 11237 18310 21879 19514 9492 16431 16765 17852 11954 17973 10375 11370 14382 11569 21882 18038 22239 1982 17565 22581 16734 1843 18814 9460 9192 13454 7414 11352 12040 23 17415 15083 15511 9997 12223 22285 814 21073 9716 19868 10548 14549 16321 9343 1942 17585 14993 17273 5888 16948 7030 13696 24162 11471 9889 14408 24628 7929 18059 7576 15137 21883 12687 18126 12382 12376 10778 9489 9713 11921 15974 20166 13127 5521 6560 13558 20203 8582 18494 11014 11853 3493 12564 16091 20242 8901 17736 3860 16741 13268 12407 13674 23016 16234 19273 15485 9976 18993 12371 22403 12854 1616 8460 10016 6324 10239 13652 17911 4160 12629 18197 14960 11160 11488 8786 14954 12835 15673 2301 4908 6121 12053 15959 19781 9887 22049 9952 19747 9383 10754 19695 9945 17920 10181 13388 5616 15572 14377 10667
15035 4288 9652 13755 17674 16427 12821 8100 2286 15915 15872 9214 3947 3540 13042 15816 13750 6183 6690 1650 7626 13723 11395 12878 12737 10750 8411 9350 8434 3042 16028 10111 6836 19679 11240 2194 8122 14585 15364 15302 6614 14620 12221 14266 5562 7150 10039 12966 3363 9417 1606 15031 16776 10445 15868 4752 9254 11456 2958 1763 12279 3861 3319 11389 16372 15243 9114 7685 1566 12867 13582 8348 3515 10495 12340 8382 7840 13441 14410 13876 14146 4426 4421 10401 9021 11583 14168 2434 11567 11543 17115 19453 10672 16311 3387 2349 14896 349 5658 1045 2202 6484 4802 14767 7661 14755 3508 13258 3980 1601 8197 7003 6310 5657 10724 1509 10618 12546 12356 10019 12861 13767 4444 12369 10758 5407 7180 8112 14933 16061 8368 10194 14239 15265 13239 15918 10463 11233 14005 2529 13932 3440 4136 14492 17524 13781 11773 7244 735 13068 11373 1303 12569 4387 8939 16238 7878 20821 1992 6243 13971 7586 12027 13814 4278 21417 9363 14306 12000 2559 13559 3933 15385 20272 11568 17099 12269 16428 11558 12669 4441 14148 15955 17005 1743 4545 13957 16142 19300 11241 13526 11842 5253 11672 5144 912 16446 9724 2339 10521 9013 2923 14092 3171 18964 0 12726 9150 10165 10159 9873 15412 12966 11116 9004 9443 1964 14338 6239 5728 13305 10454 16821 4744 5848 13274 7329 19551 7476 6299 20004 12435 15990 4638 5513 17132 15037 13014 15357 15898 9885 9560 6958 19889 11338 21052 4762 14963 12353 5001 8518 8408 10140 13183 17732 9270 9659 8966 9210 4194 14481 8755 8043 9453 3860 10192 10392 5819 3426 1178 9343 2216 12687 8529 7649 15367 2989 10779 3329 18241 1475 3631 4596 20259 12342 10619 13889 6555 14811 7829 11248 18973 7964 14573 12004 15150 8119 4331 18539 2425 9249 5435 13745 14082 9358 10826 17300 13132 11927 5963 13351 2019 11970 11058 5320 9894 11914 7645 5786 12405 910 12846 4206 2992 10987 4717 7375 10945 10902 15425 9751 8180 6667 1296 10876 13590 13843 6055 4611 10562 15311 8472 8821 15766 8288 14428 5328 16858 4934 16791 8524 5837 11374 11916 4281 3202 3945 14991 9220 14556 10183 3462 9856 18140 10524 13269 15575 8998 6344 15389 14819 6592 8047 7047 7805 8190 12676 4385 7208 11249 17527 14958 13967 10916 14132 864 9403 3861 11017 881 14219 8409 3693 13601 11866 13942 6965 13368 6017 13076 15842
12167 15540 7703 5047 6067 4164 12759 6006 12324 3214 7679 8710 13305 16263 1462 12236 4472 6590 8196 14223 5492 1292 12563 7700 8212 3547 10563 4536 6994 12481 3320 10712 6374 7424 11267 10551 13998 8745 2640 7767 6147 5596 7315 6149 15653 8710 8184 16130 13484 3457 11341 11538 8817 2287 7393 11257 8984 3552 15673 14103 3616 16327 15586 9114 6884 4053 12041 6710 14219 1204 9740 14606 12001 3281 3223 14122 15598 14302 16233 4797 2836 12814 11923 7827 6496 9513 8539 14665 4259 8651 5732 9211 9393 3600 12856 10648 5121 12919 18204 13766 13956 6508 13522 5913 13011 7223 10102 4307 16012 13392 14929 7578 8006 18372 6036 12570 2172 9407 5719 14600 3966 3752 8285 8284 3107 9250 5548 12443 7152 4466 7409 3710 10508 13092 10141 7455 14494 8664 17126 12747 3678 15502 15400 10035 4972 10684 2415 14622 12890 7104 4911 12989 11047 12666 9439 9651 5729 9119 12567 7958 9107 6615 728 5201 8537 9918 10730 1725 5318 14975 5620 16658 12361 9015 15809 5116 10287 4244 1768 1751 10601 9465 11504 4321 14324 8472 7123 3417 8618 7320 4985 4327 9994 5621 9028 12381 10212 13934 14009 13661 3713 11108 10033 12626 8791 12726 0 10801 4260 6387 10696 3416 7419 15578 8504 8831 10762 7543 13541 9466 4455 9641 4603 17449 8059 7168 10058 8069 11783 6604 8050 6048 6081 16912 7442 4450 9017 1732 12889 4799 9455 8092 15751 9026 11627 9300 12400 9412 9526 9105 4281 10386 7043 5926 5360 3666 14322 8925 9499 14997 3152 8506 7716 9587 16375 10758 8148 8459 11933 11872 10447 11047 11513 8779 11917 14349 15231 9249 15592 7173 11258 16225 12575 9237 10057 2332 1535 9877 10519 7540 3250 8785 8871 16578 6789 3202 4643 14961 8048 14276 5479 11870 12455 6304 14761 8518 8125 8942 6268 9171 6644 10938 5543 4907 17998 3122 10374 11943 18457 8538 11935 8632 10176 15685 12471 14000 9046 3593 2180 12754 3553 9254 12960 13662 4338 6314 8613 9496 15663 6395 10175 8015 9833 5443 4644 7803 12292 4325 9892 9301 8117 7139 12473 4952 17005 9547 11661 17099 6966 10481 11586 15813 4202 8983 4699 11629 10235 4414 9970 9676 6115 8348 9639 12143 6298 4609 9889 10046 5533 15240 6584 3905 2743 3282 17002 13377 4053 16451 1719 13604 11789 7199 12169 1876 9152 2340 5873 4866 7688 15208 4174
19814 13438 13702 8143 16864 12470 18762 5228 10791 12998 17601 14021 12618 11380 12016 20301 14455 8239 11459 9500 9495 12090 17726 15973 16192 11605 14556 10918 12145 6436 13126 15869 9512 17981 16947 7903 16100 6732 12749 17386 8236 15641 5120 7942 14636 12319 14312 20422 12224 8014 9149 19468 18748 9203 17411 12118 1842 12276 10866 10861 7874 10505 9709 3140 17268 10627 15881 11126 10431 11735 17605 16518 11593 11085 8207 16343 16491 19919 21430 14736 10176 5457 12276 3369 12300 3086 17248 11510 12869 15669 16528 19921 2305 13375 6370 7242 9370 9499 12031 9683 11349 6439 5725 15923 15315 16763 9935 8174 13005 8335 16530 4176 10872 12896 5068 7800 9811 16770 6378 17728 13601 9070 7507 15999 11233 11123 8002 15366 8060 11480 3518 11133 18433 20443 17623 17474 17997 15464 21537 7030 9299 9381 13287 18311 15399 18257 11718 15695 9834 6062 13165 10346 17702 12663 1363 19024 10286 19857 7385 4508 17471 10915 10172 14968 8371 20683 15349 12438 6401 11518 7549 11778 20123 19813 19323 15882 3435 12366 9033 9511 11372 5869 19969 14535 10677 6357 16268 13491 19386 4321 14666 13129 4029 5941 4729 8252 19470 17229 11483 17662 8612 6248 18077 6407 19475 9150 10801 0 11595 4542 15693 11467 15858 18911 13723 14273 8247 16739 14497 3769 14193 15499 15317 12726 4857 6227 1919 18859 14552 8757 18738 14667 16552 13456 6425 13880 7117 9801 20390 15533 14983 13887 15835 19817 17204 20022 4894 18213 3871 4838 7771 14450 13644 15065 15944 9598 17353 13968 1323 13313 13845 2310 12355 1309 12517 1082 14551 4455 11476 9389 15173 7091 18027 13528 14753 21148 9479 2499 9705 17961 8550 10740 12780 20036 3608 10156 10967 12664 18771 12015 7641 19472 2232 21688 5309 11257 7773 7677 18774 8598 11687 4005 19189 7638 17320 15092 18487 5009 5632 3706 15617 9086 14028 6171 12348 8024 16907 14764 12667 16172 9115 16509 10779 10733 17404 13498 12764 7262 8707 20357 10357 13566 14554 8968 6587 15552 17104 11947 13760 13539 6899 12953 14426 16005 7235 7082 4333 13240 4413 19068 2745 8901 17666 6620 11958 7530 5294 22186 12832 5904 16395 9973 6628 19392 12297 18458 19031 10286 12552 7212 16081 11497 1537 14425 10846 8833 17128 10836 7614 18865 17347 14577 13359 7538 21573 9059 10449 12391 9524 9723 19127 12285 5711 10288 3578 10322 7021 14498 5111 20098 11409
8708 12125 3470 8626 7560 8365 8728 6395 9144 7096 6233 4453 9735 13622 3609 9007 3603 4320 4308 11797 2668 4532 8376 4457 4783 770 6320 842 2806 10897 7168 6482 3345 9705 7122 8211 9830 11866 6451 5886 4013 4582 9855 9687 11956 4638 3992 11912 10052 3883 8597 8211 7325 3239 6119 7529 10047 1318 13075 11194 6816 14006 13377 11021 6357 8254 7784 2817 11472 3589 6310 10441 8526 1004 6526 9938 11534 10231 12126 3761 6988 11662 8243 9518 2252 11426 5677 11653 1464 4745 6980 9398 10977 7409 11353 8579 9062 10265 15823 11191 10865 5469 12395 4785 8853 5265 6937 7840 12808 11233 10792 7523 4308 15732 8083 10480 2682 5696 8594 10347 2699 7601 6135 4695 1153 5579 3854 8237 10705 8723 8137 629 7143 9522 6523 6178 10234 4678 12929 10974 7601 13394 12002 6877 7887 7134 2067 10572 10116 10017 1578 10057 7135 8989 10322 7436 2288 10673 10633 7491 5983 2809 3952 3787 5953 11253 6472 5112 8096 12018 9009 13975 8966 10107 11551 7112 12310 8463 4628 5533 7006 12296 8515 7638 11515 6874 4690 7063 9170 9447 3479 1752 9271 8194 8129 10096 7875 9680 10885 9405 3050 9463 6723 11074 8910 10165 4260 11595 0 8108 6454 7674 4300 11319 4244 4583 8302 5160 9571 8932 3175 5468 6962 14639 7351 10146 10223 9393 7618 4005 9912 3073 5876 13758 6038 8294 12227 5706 9381 5763 5229 3852 11816 9746 7476 10908 11410 6644 11721 8141 3848 6143 2880 3538 7914 2029 10074 4666 10486 11520 4507 9392 3546 10662 13392 11946 4012 7838 8483 9106 6190 9063 7576 4530 7738 10598 13023 10897 13385 8076 8727 13796 8855 10106 12149 2269 5794 5848 7359 3428 5836 8916 9376 12463 9329 7462 3823 13378 8420 12187 1281 11167 8623 9747 10534 4450 7428 11527 8859 8730 4033 8173 2435 7246 15450 4165 6394 7765 15918 4918 9275 5159 6721 13135 8256 10313 4914 5938 4266 9291 1318 5024 8910 11321 6609 4022 5571 5601 12185 2356 13233 3779 5575 5606 4374 11062 11509 8380 9015 7563 8917 4375 8288 7746 14343 7328 10431 12989 2706 13238 7346 13561 5688 8324 718 7800 7475 1391 5976 12860 4884 4463 10132 8028 2512 2816 6146 6557 4159 10983 7362 4865 4048 5601 12821 10953 1148 13523 3443 10986 8170 3001 10827 6049 11234 6524 4759 3309 6973 11038 8432
16772 14136 10939 3981 12410 8006 16321 2421 10959 8458 13633 11548 12581 13280 7704 17110 10396 6197 9488 11161 6757 7659 15567 12556 12890 7898 12653 7624 9515 8465 8585 13604 7170 13446 14544 8183 15102 4652 8211 13531 5954 11590 2219 4205 14916 10331 11556 18732 12419 4227 9416 16307 14794 5166 13402 11309 2701 8460 12690 11893 3345 12819 11996 2925 13104 6239 14143 8616 11698 7419 14406 15627 11313 7368 3668 15310 16038 17676 19408 10700 5663 8162 11719 1472 9445 3334 13725 12560 9144 12686 12110 15591 3033 8837 8659 7820 5237 10470 14607 11026 12112 4481 8734 11890 14176 12923 9291 3800 14101 10049 15774 3157 8970 15174 635 9281 5813 13720 2301 16395 9618 4637 6577 12782 7448 9711 5405 13970 4781 7113 1901 7539 15241 17535 14567 13466 16523 12548 19838 8950 4863 11771 13979 14983 10861 15192 7690 15113 10656 2941 9575 11018 14962 12312 3224 15296 7537 15350 9043 3917 14082 8411 5820 10997 7369 16188 13259 7961 2095 12718 3574 13703 17045 15354 17908 11400 4207 7917 4635 4988 10506 4605 16614 9994 11896 5826 12555 8950 15005 1436 10714 9367 5416 1662 5062 9437 15796 15799 12219 15967 5092 7502 14828 8538 15163 10159 6387 4542 8108 0 13478 6979 12377 17552 11256 11773 8524 13024 13879 4807 10204 12937 10817 14632 4317 3144 4379 14386 13156 6647 14219 11064 12343 14797 5159 9361 5101 5268 17421 11179 12509 11218 15697 15406 14855 15509 7616 14686 3627 5201 4419 12509 10656 11309 11416 6104 16040 11594 3219 13805 9509 2413 9953 3262 13990 4377 11714 4361 11205 9849 13027 7968 15356 11224 13345 18477 11682 2908 11996 13555 8993 12899 12345 15602 4041 6218 6432 11067 15466 9630 3153 15158 3084 19709 1881 6759 4642 10563 14430 10682 8595 6827 16480 3980 16203 12233 14344 3662 1771 4493 11940 9160 10430 1633 14684 4023 14175 13363 15086 12993 9713 13259 9903 12621 15319 13455 10788 2795 4438 17348 6790 11439 13661 10557 2071 11781 13656 10402 14388 10349 5724 10511 12271 11749 3993 4310 7273 8746 5560 15185 2208 7038 15492 2203 13977 7349 7330 20232 10023 5393 14301 12260 2467 15233 8824 15684 15526 7025 11030 5587 12068 9581 3708 13224 8228 5742 14141 9880 5008 17384 12971 10257 9053 3110 19810 10456 7043 13954 5346 10964 16182 9699 7882 5746 3129 5786 4616 10555 4198 18153 7005
5218 9272 2993 14908 12153 14719 3118 11214 7765 13291 8260 2032 7013 12372 9828 6060 8146 7528 4234 11352 6728 10769 2090 4898 4399 7149 1468 6402 4035 12161 13342 242 6358 14543 1377 9039 4442 17798 12650 7501 7640 8230 15546 15919 8268 3380 2563 5474 7658 9653 8462 5340 8690 9483 8449 5183 14619 7268 12012 9852 13051 13340 13032 16166 9467 14708 1775 4863 10431 9884 4370 4985 6553 7454 12811 4416 6484 4244 5931 8025 13441 13410 5711 14669 4317 16536 5699 9955 6699 2990 11534 12207 15869 13549 12636 9742 15461 9748 14774 10587 9169 9393 14035 8163 3740 7219 6646 14133 10393 11434 5454 11623 4823 14169 13659 10999 9033 3426 14569 4160 7738 13994 8295 3996 7599 4850 8098 2872 16917 15162 12774 7047 4771 5393 3799 8470 3911 2734 6521 11911 14012 13234 9219 5262 13453 4189 8357 5733 9383 15917 6053 8982 2757 6157 14690 7534 5971 14688 11384 11189 5144 5067 10404 7656 7500 14948 531 11293 14062 10374 15200 12575 5567 13751 5148 12195 17430 14833 10978 11961 5440 18021 6404 13482 10325 9460 6400 13140 12452 14912 7535 6775 12156 14050 11133 10367 7509 3517 9102 2998 8682 11019 4805 12345 11778 9873 10696 15693 6454 13478 0 14096 5186 4967 2290 1873 8866 6529 5345 12132 7736 1342 12322 12859 10838 16076 13901 13416 2884 7017 14347 5767 9565 11308 9269 14408 18201 12151 5489 10511 1266 2604 7290 13071 1546 14940 13439 6119 17023 11061 9143 1467 3696 6500 13232 7852 3980 1906 14925 8612 10020 13918 3525 15154 11415 16377 2706 11259 6606 8729 548 10199 2819 2254 2824 5634 12747 15850 13043 12010 8983 12952 5918 13513 17337 8658 12223 3386 5424 3848 11963 11795 13560 6238 15063 13893 8858 14136 11716 12297 5344 13636 3880 15935 4616 2582 9840 17127 14664 12090 6123 8172 5842 13089 14113 10100 2257 2845 14540 3850 9065 4223 5778 12161 1860 7022 2948 11965 10514 5568 7470 2127 4472 11155 12506 6601 5293 4026 9136 4417 19071 2985 1267 9773 9504 17108 13803 14628 11778 8422 13454 6802 2017 13750 12928 8758 12343 6763 3778 18865 893 13102 11387 10426 6011 3413 6442 6823 3578 18795 8076 4202 14162 3506 5263 7807 3300 5624 8506 4580 11392 9986 9742 11671 6441 10718 7012 11654 9808 10346 4397 3833 12479 12503 16492 12978 8989 7477 10588 4708 14870
15182 18590 11104 3663 6714 1058 16046 7744 15318 1988 9982 12120 16455 18895 4394 15135 7137 9519 11531 16789 8691 3522 15930 10775 11330 6951 13977 7932 10402 14645 2084 14105 9552 6939 14617 13218 17389 7279 2222 10274 9079 8036 6822 4501 18837 12088 11567 19511 16570 6037 14166 14504 11013 5261 9645 14498 9650 6875 18295 16927 3656 18776 17991 8992 8804 1203 15456 10070 16956 4272 12804 17994 15130 6697 3397 17519 18945 17602 19546 7440 1353 14700 15138 8126 9911 9331 11418 17529 7535 11929 6695 10288 9541 2226 14954 13177 2886 15645 20646 16426 16873 8943 15355 8341 16399 9827 13150 3350 18950 15841 18308 9286 11293 20962 6409 15015 5408 12596 5225 18016 6932 2425 11012 11458 6521 12504 8413 15848 5271 1112 8602 7125 13521 16146 13275 9699 17908 11970 20490 15008 2197 17851 18444 12971 4440 13775 5753 17967 15678 6191 8200 15850 14294 15870 10191 12156 9037 9072 14927 9864 12067 9960 3848 7901 11426 9964 14141 3192 5091 17803 4381 19306 15340 9399 19219 5610 9901 1022 3892 2749 13803 8280 14305 3487 17090 10929 9938 2570 9504 7285 7769 7550 11820 5543 11056 14938 12744 17350 16941 17070 6654 13386 13037 14765 9975 15412 3416 11467 7674 6979 14096 0 10466 18992 11917 12237 13477 10297 16858 11227 7285 13010 4932 20153 10091 6154 11285 8404 15177 9640 7881 9151 7978 19810 9919 2463 7397 2411 15915 6310 12848 11495 19041 9718 14979 9177 14210 12200 9055 11163 6948 13801 10424 8860 5141 6897 17737 12339 10157 18084 5198 9387 11120 10160 19192 11099 11513 10390 15053 14688 13858 13511 14766 12194 15315 17480 17645 9357 17995 8044 13985 18739 15798 9777 9627 5666 1881 13236 13438 10934 4335 9962 9993 19894 6416 261 7368 17013 9162 16654 8893 13530 15647 4784 18170 11855 9946 8117 5968 10906 9574 13787 8728 5365 20542 5534 13658 15340 20986 11714 14698 11751 13335 18280 15853 17194 12437 4707 4554 15759 6915 12666 16310 16200 5123 9164 11562 12817 18743 9751 8634 11429 13249 7282 7126 6278 13975 1773 11821 11585 9130 10186 15839 4848 19634 12215 13664 20411 10380 9276 14985 18236 5762 10670 8087 14831 12976 7754 13317 8019 8552 11681 10671 15519 9647 7672 13081 13220 8282 18650 7688 5806 5095 4620 20357 15969 7418 19237 4731 16291 14890 10609 14208 1845 8848 1470 8452 7695 9775 18560 826
4750 13694 3388 12374 7078 10820 5884 10685 11347 9164 3165 4178 11256 16110 6116 4854 3485 8086 6281 14605 6518 6944 6274 338 943 4498 6052 4940 4557 14387 9179 5048 6840 9466 4942 11385 9589 15879 8575 2458 7905 3174 14021 13473 13008 5951 3195 9761 11779 8153 11367 4125 3862 7322 3304 9044 14341 4055 15637 13542 10698 16787 16286 15299 4281 11362 6956 5448 13983 6294 2339 10152 10362 5022 10354 9584 11605 7436 9380 3252 10226 15352 9742 13804 4044 15706 1393 13839 3317 2200 6472 7106 15275 9326 14866 11919 12540 12967 18467 13899 13014 9574 16068 3047 8791 2062 9462 11600 14654 14306 10610 11735 6669 18118 12311 13655 6689 2295 12646 9266 3535 11153 9687 1250 4976 7615 7941 7952 14492 11577 12426 4841 3089 5690 2837 3332 8921 2456 10576 14340 11092 16386 13607 2658 8719 3309 5099 10782 12707 14082 2807 12477 4066 10390 14603 3353 5815 9502 13911 11620 1730 5605 7462 2799 9224 9769 5551 7316 12165 14248 12866 16398 4943 8570 9962 7280 16584 10970 8458 9077 8872 16414 4247 8949 13954 10645 1220 8863 7286 13685 2810 3159 13245 12321 12098 13146 3691 8653 12990 7936 7350 13004 2615 14573 6656 12966 7419 15858 4300 12377 5186 10466 0 9891 4260 4051 11368 1443 10164 12981 3221 3847 7532 16885 11423 14191 14406 8235 7711 7640 9195 1384 4415 15615 9971 10104 16207 9133 5475 5574 4117 3595 12293 7909 5276 9755 15186 2355 15970 12085 8143 5914 2826 1652 8373 6329 9128 4501 14774 13032 5553 13681 4933 14954 15497 16239 2858 11910 10366 11801 5315 12420 4535 4793 7726 7018 15952 15192 16295 6834 11687 16486 10184 8347 16414 6258 8757 6930 3148 5137 9868 6671 13630 9736 13487 10323 8092 16752 6541 15257 4273 15073 5250 13587 9792 2689 4744 15702 12996 12814 1028 10971 1974 11401 17944 8379 3640 7753 18402 1471 12060 1334 8877 15743 6374 11538 5880 10037 8270 5335 5602 5323 9320 14235 10756 1531 1279 7145 13641 2506 17282 4573 5198 4707 8665 15008 15371 10507 12945 3826 13203 7807 6184 11801 16769 10688 14138 10227 3754 17385 5869 16424 9930 5438 3584 4464 3177 5572 7139 16855 2931 6386 14373 8306 5498 7027 2756 8691 8299 9426 6234 5278 5464 9687 10384 13820 5428 15690 7347 13667 4424 4563 14457 9276 15495 9721 8905 2835 11064 8622 11290
7778 8485 7918 19509 16964 19651 4744 15160 8849 18251 12725 6876 7235 12320 14775 8684 13068 11358 8100 12141 11050 15718 3687 9570 8997 12044 5088 11145 8668 14010 18303 5014 10449 19354 4959 11261 2994 22085 17608 11956 11604 13041 19726 20466 6911 7302 7529 1991 7904 14128 10224 8329 12895 14168 12972 6840 18184 12214 12181 10282 17645 13600 13591 19987 14088 19540 3563 9254 10958 14820 8369 2840 7697 12304 17446 2735 4028 3964 3748 12925 18262 15394 6847 18562 9096 20321 10033 10054 11663 7738 16353 16559 19551 18513 14425 11997 20171 10858 14522 11421 9496 13152 15870 12936 3613 11801 8999 18754 9728 12683 3143 15180 8589 13569 17838 12560 13786 7743 18956 1184 12699 18711 11462 8643 12472 7915 12195 3598 21432 20039 16503 11882 8350 7257 7670 12981 1086 7548 2914 13585 18750 13904 8519 9050 18393 7704 13285 4095 10429 20222 11019 9882 6193 6734 18134 11460 10401 19295 13028 14593 9328 9425 15232 12532 10586 19453 4856 16250 18458 10411 19725 12360 8037 18284 454 17086 21188 19759 15693 16736 7551 22157 9491 18444 10757 12576 11051 18106 16935 18977 12437 11742 14998 18377 14182 11892 11236 1754 9374 1982 13176 13251 8622 14170 16175 11116 15578 18911 11319 17552 4967 18992 9891 0 7074 6775 10970 11076 4889 15154 12671 6224 17248 12270 14181 20397 17008 18064 4421 10906 19072 10667 14302 10401 12737 19374 22511 16953 7547 15387 6232 7523 5251 17538 4645 19545 15600 10128 20910 14075 13477 5258 8653 11354 18144 12475 1558 6653 18394 7983 14978 17503 8003 18640 10920 19756 7669 14511 7804 10235 5141 12334 5843 6826 4225 6338 13407 19570 13604 16686 10853 13131 6536 17985 21141 13441 17112 6487 8977 8258 16513 16195 16982 3777 19285 18780 13128 15350 16242 13323 10126 16049 6021 20445 1769 7485 14247 21201 18941 15206 10892 10121 10791 17440 13712 14621 6323 4209 14047 8438 10590 8707 8134 12375 3524 6650 6865 16457 15172 7748 12210 6409 4497 12194 16908 11390 9640 7165 8190 9382 23265 7605 5750 14585 13741 21491 16089 19583 14601 12486 17079 10524 3770 18177 12642 11414 14579 4075 8612 22913 4123 13563 15734 14683 10935 6296 10126 11471 6535 23066 12822 7993 17450 4487 9692 12197 7398 8075 12573 527 16113 14917 14708 16196 3084 11801 11724 11206 14553 11209 7164 8457 14531 17343 20371 17816 12936 12392 14029 2735 19749
6320 9435 1001 12620 10653 12589 5096 9046 7193 11239 7406 299 6997 11962 7743 6988 6485 5485 2494 10603 4500 8685 4346 4082 3816 4974 2158 4124 1756 10862 11299 2376 4238 13007 3295 7734 5812 15524 10593 6717 5533 6840 13293 13629 8795 1856 1081 7753 7529 7369 7450 6165 8107 7200 7507 4799 12539 5194 11519 9386 10762 12735 12301 13995 8339 12480 3552 2661 9871 7769 4587 6417 6142 5232 10525 5878 7700 6420 8190 6434 11206 12003 5488 12488 2042 14373 5270 9639 4722 2540 10030 11306 13740 11522 11347 8373 13188 8956 14346 9867 8816 7323 12676 6852 4888 6279 5525 11846 10400 10458 6821 9586 3048 13926 11412 9897 6764 3559 12287 6118 5912 11722 6548 3421 5397 3604 5924 4155 14626 12966 10659 4813 5283 6803 4306 7543 5990 2230 8809 10707 11745 12443 9347 5491 11646 4894 6230 6796 8654 13643 4127 8364 4014 6130 12651 7324 3721 13439 10221 9222 4988 2872 8170 6145 5852 13814 2235 9236 11780 10054 12910 12229 6658 12610 7311 10534 15271 12694 8703 9704 4703 15770 6996 11573 9819 7677 5426 11137 11398 12686 5956 4854 10403 11776 9319 9322 7479 5451 8783 5170 6398 9590 5100 11050 10842 9004 8504 13723 4244 11256 2290 11917 4260 7074 0 551 7637 5703 6022 10301 6036 1778 10571 12672 8904 13800 11998 12138 3690 4967 12947 4300 8256 11360 7328 12396 15923 9905 6798 8912 1271 678 8227 12021 3600 13690 11950 5994 14831 9265 6885 1984 1794 5107 11510 5562 5860 422 12874 8773 8169 11838 1368 13095 11268 14343 1436 9353 6156 7825 1956 8861 4311 533 3759 7425 11984 13710 12311 10724 7867 12402 5925 12447 15166 6399 10038 2678 5826 1708 9673 10856 11542 8505 12804 11706 6619 13055 10633 11383 3076 12029 5474 13645 6366 1824 8969 14890 12396 10221 4955 7090 4160 10814 13781 7812 3235 3786 14233 3424 8121 3869 4807 11638 4148 7290 1663 9677 8228 6806 5195 1082 5219 10297 10225 5353 4912 2982 9385 2535 16809 771 1344 8324 7267 14824 12249 12555 10044 8003 11366 4852 4266 11466 12598 7247 10857 9032 1538 16629 3172 12415 9116 9693 3888 4774 6575 4533 2891 16522 6815 2535 12186 4225 3029 5546 3746 4625 6335 6742 10054 8254 7829 9381 8731 9867 4729 11470 7538 9628 5554 1561 11074 10278 14305 10752 6853 5860 8619 6992 12675
5791 9681 1144 13054 10670 12878 4560 9579 7572 11483 7216 258 7265 12331 8001 6476 6545 6035 3020 11028 5023 8944 3875 3839 3507 5286 2080 4539 2259 11367 11538 1922 4784 13041 2770 8233 5739 16009 10839 6503 6078 6804 13796 14074 8957 2329 895 7344 7824 7845 7906 5659 7854 7623 7341 5116 13083 5441 11902 9757 11201 13141 12726 14526 8230 12837 3324 3198 10261 8045 4141 6334 6482 5582 10954 5781 7686 5911 7708 6466 11568 12522 5782 13016 2459 14906 4954 9983 4913 2149 10047 11147 14279 11754 11852 8882 13591 9383 14723 10284 9164 7871 13190 6790 4857 6102 5987 12277 10684 10918 6759 10134 3583 14269 11918 10375 7164 3103 12763 5873 6037 12125 7091 3098 5731 4067 6459 4072 15076 13298 11200 5174 4806 6257 3816 7373 5699 1829 8382 11200 12141 12879 9600 5055 11779 4390 6511 6814 9069 14129 4288 8759 3465 6391 13198 6984 4236 13382 10708 9773 4612 3410 8531 6146 6386 13724 1923 9481 12257 10400 13361 12587 6131 12520 6986 10608 15803 12988 9112 10088 5088 16273 6522 11749 10199 8224 5249 11356 11280 13200 5981 5017 10949 12263 9868 9789 7106 5209 9124 4834 6876 10108 4649 11555 10690 9443 8831 14273 4583 11773 1873 12237 4051 6775 551 0 8126 5489 6124 10851 6108 1226 10679 13001 9456 14283 12549 12087 3707 5517 12936 4266 8202 11637 7879 12621 16405 10278 6257 8959 736 748 8288 11904 3086 13634 12477 5625 15356 9813 7388 1921 1905 5057 11609 6013 5639 488 13421 9016 8313 12383 1919 13642 11586 14890 1198 9904 6503 8266 1638 9368 3759 918 3748 6875 12414 14247 12737 10672 8341 12798 6176 12335 15696 6786 10361 3005 5368 2258 10125 10704 12091 8028 13302 12031 7132 13535 10521 11836 3477 12567 4923 14097 6191 1451 8792 15400 12888 10772 4830 7555 4208 11299 14140 8277 2690 3775 14589 3067 8569 3510 5237 12027 3706 7499 2069 10141 8657 6269 5605 1325 5293 10738 10704 5258 4581 3393 9612 2653 17304 1320 1207 8316 7781 15297 12782 12811 10589 7712 11910 5403 3792 11937 12954 7770 11383 8556 1908 17139 2766 12833 9608 9485 4161 4225 6166 4983 3222 17008 6737 3051 12736 4282 3554 6050 3253 5058 6870 6416 10016 8349 8000 9840 8293 10307 5154 11795 7938 10045 5017 2075 11592 10632 14831 11107 7394 5899 9170 6536 13006
13869 5615 8158 11960 15765 14486 11938 6329 2574 13954 14166 7880 4380 5503 11090 14595 11902 4228 5188 3524 5713 11763 10611 11311 11231 8856 7457 7474 6811 3295 14065 9092 4958 17741 10242 356 8034 13075 13401 13634 4656 12815 10665 12534 6528 5797 8612 12675 4043 7467 929 13783 15116 8482 14140 4163 8002 9574 4918 3484 10419 5716 5075 10086 14580 13343 8434 5968 3480 10911 12211 8388 3375 8578 10459 8288 8249 12755 13947 12043 12225 4579 4141 8949 7350 10327 12630 4122 9729 10137 15214 17654 9441 14349 3771 1035 13069 2170 7560 3006 3597 4584 5176 12978 7369 13066 2221 11427 5631 2962 8350 5419 4721 7618 9054 2289 8656 11192 10643 9809 11001 11895 2484 10886 8839 4080 5216 7621 13253 14151 6838 8293 12920 14207 11940 14192 10170 9841 13762 3075 12053 5104 5457 13099 15567 12516 9844 7478 2220 11462 9581 2505 11440 4439 7777 14691 6026 18923 2585 4662 12504 5844 10064 12009 2358 19537 8393 12345 10258 4353 11809 5896 14216 18403 11406 15167 11086 14491 9612 10731 3569 12743 14632 15042 3614 2733 12294 14178 17466 9709 11713 10009 4217 9959 3735 1805 14942 9401 3700 10042 7049 2287 12725 3479 17165 1964 10762 8247 8302 8524 8866 13477 11368 10970 7637 8126 0 12695 6310 4540 11465 9235 14876 6698 4234 11666 6337 17662 6875 4371 18086 10725 14161 6410 3629 15171 13529 11075 14262 14000 8659 8124 7602 18047 10393 19152 4688 13471 11059 3596 6564 7416 8558 11445 15783 7319 9434 7672 8051 5318 12555 7424 6524 8303 5725 9217 8953 4322 3259 1325 8319 1382 11619 7212 7068 14483 4722 9522 5083 16370 508 5539 4575 18408 11121 8662 11933 5481 13454 6268 9360 17172 6700 14152 10398 13216 6161 5426 16711 3921 7463 5080 12731 12369 9281 9427 15551 11723 10270 4700 11668 858 10226 9283 7268 7950 10730 7072 7732 10950 1236 11383 3111 4941 10224 5265 6105 9071 8954 14306 7820 6958 6488 3021 9054 11872 12330 4858 5877 8905 13912 7018 7700 13908 6351 12831 5139 14905 3835 15174 7122 3936 10576 10145 6245 1270 3628 14609 7618 13246 9322 5260 7991 16409 8705 12173 14133 7090 5295 13929 13042 5119 6944 6582 6031 6232 11378 3251 5248 11011 15657 13050 12037 9023 13848 2671 7489 5761 9055 2842 13069 6817 3661 11659 10546 12008 5026 11551 4327 12595 13926
5023 15138 4820 12586 6044 10513 6792 11521 12764 8789 1740 5620 12699 17521 6129 4855 3165 9231 7669 15982 7611 6838 7405 1661 2132 5161 7469 5905 5905 15649 8785 6372 8031 8393 6122 12695 10960 16219 8251 1015 9008 2389 14512 13689 14445 7377 4638 10768 13218 8849 12734 4292 2443 7871 1922 10483 15148 4563 17041 14957 11021 18172 17655 15946 3013 11292 8303 6737 15387 6353 2931 11512 11794 5691 10654 10943 12988 8291 10192 2858 10245 16564 11183 14478 5346 16355 1223 15265 3896 3549 5470 5694 15990 8893 16124 13202 12608 14349 19870 15284 14440 10596 17286 2150 10187 729 10843 11833 16094 15646 11977 12682 8029 19539 12893 14976 7223 3336 13050 10528 3589 11289 10906 2533 5584 9019 8964 9339 14694 11398 13257 5608 3431 6025 3594 1941 10148 3833 11502 15629 11200 17744 15050 2767 7972 3874 5435 12184 14099 14481 3582 13883 5014 11833 15449 2287 6968 8224 15215 12633 1981 6877 7722 2400 10498 8432 6924 7106 12590 15673 13133 17815 5125 7243 11111 6420 17215 10678 8818 9273 10297 16839 4009 8337 15363 11812 473 8413 5927 14267 2569 3659 14346 12793 13198 14485 2773 9935 14418 9156 8138 14247 2960 15833 5255 14338 7543 16739 5160 13024 6529 10297 1443 11076 5703 5489 12695 0 11592 14044 3092 5205 6774 18313 12470 14573 15381 6987 9129 8814 8018 2106 3325 17055 11076 9601 16518 9275 5752 4756 5520 5036 13705 6545 6431 8475 16370 1903 16557 13196 8970 7335 4216 1716 7533 7141 10415 5943 15603 14475 5152 14510 6332 15768 16929 17047 4300 12958 11797 13179 6700 13702 5454 6237 9138 7482 17318 15893 17664 5617 13032 17880 11628 6988 17028 6809 8727 8371 3196 6516 10306 5271 14527 10547 13975 10186 8977 18046 5201 16601 5410 16208 5944 13833 11100 4103 3325 16191 13469 13857 1128 12333 2730 11911 19358 9000 4755 9164 19818 2689 13429 2372 10284 17143 7555 12980 7318 10522 8735 5570 6384 6766 10744 15598 11269 1256 1526 8572 15084 3790 17641 5998 6624 3768 9505 15307 16525 10097 14065 2492 14039 9031 7319 12220 18186 11958 15341 11011 5119 17833 7152 17799 10556 3996 4482 5242 2700 6521 8579 17174 1968 7780 15287 9730 6736 7970 3717 10098 9295 10592 5077 4704 5202 10168 11285 15187 6307 17120 7794 15054 4929 5930 15683 9327 16104 9741 9900 2678 12099 9575 11121
10332 4071 7014 16526 16634 17698 7541 11464 3997 16609 13327 6031 2352 7645 13164 11231 12440 7866 5347 7266 8206 14066 6016 9932 9531 10337 4136 9060 6810 9182 16690 5567 7391 18960 6436 6633 1909 18528 15971 12601 8228 12860 16099 17349 2924 4938 7008 6790 3033 11197 5481 10583 13898 11639 13462 2573 14019 10786 7430 5432 14723 8845 8764 15983 14347 17137 3821 6846 6103 13114 9709 2116 2937 10392 14613 2165 2172 7721 8352 12417 15871 10575 2230 14665 7448 16277 10927 5277 10486 8097 16013 17268 15440 16943 9580 7344 17402 5973 9966 6538 4650 9405 11019 12873 1784 12222 4663 15838 5280 7797 2041 11125 5568 9170 14276 7703 11451 8738 15630 3837 11776 16009 7366 9114 10626 4411 8907 2582 18233 17789 12531 9966 10104 10249 9142 13493 4337 7791 7795 8732 16100 9060 4050 10606 17408 9503 11629 1236 5544 16739 9978 4993 7983 1895 13883 12846 7824 19460 8177 10449 10439 6929 13017 12152 6528 19832 4843 14658 15163 5662 16593 7751 10669 18628 5343 16436 17099 17766 13130 14275 3374 18413 11695 17206 5915 8350 11370 16618 17401 15241 11949 10674 10488 14987 9820 7040 12847 3661 4536 4626 10358 8543 10149 9335 16813 6239 13541 14497 9571 13879 5345 16858 10164 4889 6022 6124 6310 11592 0 10736 11979 6506 16403 7841 10014 16931 12578 18158 2489 7540 18948 10321 14278 6124 8764 17829 18973 14558 10433 14865 6098 6694 2250 18025 6369 19711 10819 11434 16942 9697 10381 4261 7789 11128 17354 9964 3498 5704 14153 3448 13950 13376 6079 14405 6411 15421 7322 10264 3052 5420 5002 7622 7905 5515 2524 9934 8560 15489 8776 16745 6114 8393 1736 18454 17093 11217 15024 3723 10762 6148 13561 16828 12751 8474 15723 16616 9971 10462 16640 8437 8295 11334 8716 17265 3124 7492 14908 17414 15462 10840 10950 5453 10148 14123 9213 11731 7591 2501 9599 9023 5767 9438 3976 7614 5604 1897 4717 13407 12512 10564 9989 4947 873 7305 13691 11365 10529 4046 3877 8500 19566 6048 4969 14331 10487 18080 11334 17839 10097 13688 12997 7037 6031 14942 8070 6989 9838 8855 7223 19058 5164 8756 12498 15577 9491 8511 11786 9128 3598 19466 12834 5194 13115 1871 7246 9308 8643 4003 9209 5062 16072 14137 13545 13217 7941 6912 9492 6680 12139 6323 9532 6639 9740 15053 16408 15499 9401 11842 9945 7071 17515
16549 9962 10425 8732 15354 12285 15236 3527 7111 12293 15155 10594 8918 8556 10356 17116 12241 4950 7917 6475 6463 10711 14120 13041 13168 9147 10921 8146 8862 3661 12419 12322 6247 16890 13431 4188 12331 8933 11881 14815 5081 13367 6649 9010 11032 8756 11011 16697 8571 6097 5461 16279 16257 7378 15022 8351 3529 9884 7979 7489 7657 8021 7196 5661 15103 10727 12192 7832 7175 10102 14476 12749 7847 8681 7852 12575 12753 16317 17761 12479 9876 3474 8512 4741 9134 5861 14366 8159 10346 12453 14913 17995 4956 12698 3858 3581 9967 6068 9800 6455 7866 3464 4132 13612 11553 14195 6168 8416 9700 5325 12766 1947 7328 10391 5432 4610 7856 13566 7107 13972 11326 9128 3843 12921 8886 7434 5084 11626 9527 11601 2907 8603 15281 17097 14404 15082 14253 12217 17810 4162 9333 6964 9806 15254 14414 15031 9623 11940 6345 7556 10495 6809 14315 8917 3249 16281 7186 18500 4310 1529 14477 7631 8748 12616 4678 19251 11754 11191 6856 8244 8376 8977 16873 18247 15570 14508 6578 12234 7838 8706 7608 8434 16898 13679 7399 2676 13584 12677 17592 5654 12304 10628 613 6452 1001 4895 16667 13483 7992 13951 6315 2848 14970 3732 17521 5728 9466 3769 8932 4807 12132 11227 12981 15154 10301 10851 4540 14044 10736 0 11897 12074 14047 9920 1582 7760 1855 17362 10818 5444 17480 11938 14484 10287 3036 13384 9380 9051 17076 13787 11532 10556 12141 18097 13666 18697 2988 15311 6626 1088 5485 10826 10498 12468 14826 7134 13597 10501 3523 9760 12130 3039 8951 3773 9415 4691 11286 1098 7730 5758 11598 3535 14604 10045 11018 17685 6888 5056 7196 16270 4893 8119 9026 18382 6633 8087 10147 8985 15688 8617 6904 17523 2236 18008 6517 10978 5299 5826 16905 5894 8709 2405 15766 8778 13554 11823 16257 7422 6545 324 12921 5358 11322 6094 9892 6351 13532 11029 10287 13065 5522 13441 7020 7893 13780 9805 9184 6524 7300 17066 7873 10016 10785 5882 6152 12950 14165 8271 10261 10529 9592 9546 10868 14038 4988 8879 2826 12907 804 16486 2859 5458 14065 6879 9232 3762 2528 18498 9615 8829 12787 7461 5508 17165 9574 15075 16091 7544 8860 9696 13740 7935 2404 10670 7628 6134 13879 7083 4776 15120 15596 12793 11605 6649 17855 5849 7811 9344 7858 6437 15818 8972 3082 9629 6138 9834 4184 12131 1965 16419 11441
7899 14968 5039 9501 4664 7602 9028 8983 12147 5944 3432 6109 12528 16726 3038 7867 468 7478 7083 14945 5836 3781 9215 3545 4131 2766 8167 4016 5303 14057 5962 7664 6513 6983 7859 11382 11835 13163 5355 3367 7149 1471 11544 10604 14604 7151 5243 12786 12922 6181 11721 7220 4591 5053 3221 10271 12505 2018 16190 14254 7976 17156 16539 13100 3219 8235 9398 5730 14569 3262 5542 12435 11406 3216 7600 11885 13734 10591 12544 591 7161 14780 10997 11675 4637 13509 4145 14677 1737 5020 4048 6227 13220 6115 14508 11754 9519 13390 18960 14321 13872 8453 15514 1734 10923 2790 9990 8754 15746 14404 12850 10315 7230 18824 10010 13654 4415 5460 10035 11893 593 8197 9305 4331 3018 8446 6902 10170 11606 8394 10675 3332 6239 8868 6057 3284 11637 5157 13664 14145 8108 16562 14855 5689 5721 6520 2515 12822 13220 11456 2042 13124 7219 11723 12860 5220 5439 7640 13807 10404 4782 5784 4675 793 9122 8157 7961 4110 9588 15056 10060 17068 8055 6988 12805 4502 14347 7755 5810 6193 9861 13820 7081 5823 14597 10003 2687 5657 6001 11372 533 1464 12287 9821 11161 13263 5771 11242 13881 10690 5648 12621 5754 14232 5740 13305 4455 14193 3175 10204 7736 7285 3221 12671 6036 6108 11465 3092 11979 11897 0 6447 4587 17696 10321 11539 13017 6340 9723 7179 7003 2043 2701 16707 9119 6910 13452 6185 8631 2887 6495 5407 14215 6585 8215 7884 14501 4978 13651 11187 6504 7999 4243 1581 5506 4764 11694 6416 12986 14336 2365 11907 5977 13129 16407 14388 5039 10800 11378 12222 7686 12237 7694 6501 9794 10231 16187 13107 16547 4974 11880 16934 11559 6955 14145 4044 5651 8340 6160 6003 7333 5745 12035 12899 11007 7156 6617 16545 5247 15358 4096 14203 8466 10754 12282 5186 4361 13213 10493 11668 2290 11299 1903 8975 18561 6228 6689 9822 19029 4584 12407 4543 9664 16258 9239 13004 7287 7581 5807 8474 4027 7069 11216 14479 8342 1890 4277 8279 14989 3502 14590 5931 7305 2480 7038 12239 14565 7290 12059 4988 11452 7546 9122 9217 17437 10503 13551 13399 4765 14824 8551 16719 7753 5271 2791 7671 5790 4501 8510 14109 1888 7229 12813 10242 5529 5792 5938 9489 7151 12247 4263 2251 2243 7228 13491 14105 4158 16556 4873 14111 7634 5433 13964 6237 13221 6656 7724 416 9934 11705 8111
4635 10306 2047 14055 10819 13586 3385 10774 8477 12108 6941 1482 7958 13191 8682 5372 6846 7260 4211 12004 6206 9617 2923 3564 3083 6110 2393 5554 3435 12502 12152 1228 6003 13210 1661 9362 5755 17108 11472 6188 7296 6893 14929 15095 9416 3462 1477 6502 8565 8941 8955 4577 7417 8622 7121 5939 14298 6140 12792 10633 12216 14072 13700 15713 8128 13683 3109 4406 11171 8760 3273 6310 7324 6469 11951 5742 7786 4806 6668 6713 12431 13682 6550 14201 3525 16096 4431 10803 5523 1657 10201 10893 15481 12350 12985 10028 14529 10369 15594 11249 9995 9091 14341 6823 5000 5887 7058 13272 11377 11965 6773 11356 4785 15068 13061 11456 8122 2256 13848 5480 6486 13067 8302 2673 6585 5155 7660 4143 16105 14092 12409 6085 3822 5049 2816 7143 5194 1393 7485 12310 13068 13872 10240 4194 12168 3329 7257 7000 10033 15231 4863 9684 2252 7085 14419 6345 5410 13347 11807 10999 3936 4619 9407 6333 7580 13613 1721 10121 13342 11223 14394 13424 4981 12415 6367 10881 16995 13708 10076 11000 6034 17405 5527 12230 11090 9440 5063 11929 11121 14359 6223 5570 12165 13368 11089 10854 6378 4845 9943 4243 7978 11270 3753 12689 10458 10454 9641 15499 5468 12937 1342 13010 3847 6224 1778 1226 9235 5205 6506 12074 6447 0 11026 13777 10682 15379 13775 12074 4017 6742 13006 4452 8223 12313 9106 13199 17496 11166 5064 9191 576 1725 8541 11742 2010 13600 13654 4938 16533 11032 8533 2299 2601 5170 11929 7072 5313 1595 14640 9640 8760 13598 3145 14859 12343 16111 1499 11130 7360 9283 1515 10507 2533 2062 3996 5651 13398 15446 13711 10668 9421 13709 6855 12183 16882 7724 11152 3910 4436 3484 11169 10475 13314 7001 14428 12817 8295 14616 10382 12866 4491 13765 3696 15132 5957 1262 8524 16548 14003 11997 4782 8623 4570 12403 14974 9351 1499 4021 15413 2545 9600 2942 6258 12928 2854 8073 3130 11207 9660 5088 6598 2285 5639 11749 11798 5261 4030 4414 10200 3261 18420 2546 1686 8438 8944 16371 13972 13453 11803 7184 13124 6629 2832 13014 13785 8943 12558 7528 2946 18286 2105 13793 10726 9133 4944 3010 5357 6050 4125 18107 6734 4228 13962 4637 4746 7198 2262 6086 8071 5805 10050 8693 8507 10896 7364 11314 6176 12568 8893 11008 3842 3263 12751 11481 16011 11955 8603 6173 10397 5575 13799
11774 19084 9586 8393 1782 4590 13412 10608 16047 2949 5835 10665 16697 20347 3810 11490 4180 10652 11255 18396 9222 3336 13741 7870 8475 6244 12720 7659 9605 16922 2866 12247 10064 2883 12388 14713 16383 12144 2817 6362 10235 4415 11315 9353 18898 11486 9825 17278 17009 7971 15325 11025 6655 6710 5476 14483 13482 5668 19775 18020 7651 20562 19861 13339 4383 6135 13982 9779 18232 4022 9666 16987 15483 6384 7268 16444 18243 14956 16891 4333 5690 17347 15201 12194 8957 13717 7997 18520 5917 9546 1833 5360 13733 2796 17321 14917 7802 16969 22425 17864 17753 10947 18064 4627 15453 6118 13814 7870 19735 17666 17391 12175 11269 22468 10381 16860 6340 9826 9656 16480 4660 7001 12468 8751 6120 12542 9746 14723 10184 5806 11989 6742 10205 12779 10283 5515 16219 9710 18108 17141 6808 19814 18959 9527 1198 10631 5075 17311 16876 10854 6455 16883 11595 15944 13962 8073 9135 4540 16910 12529 8749 9770 5306 4753 12544 5372 12547 2896 9370 18868 9099 20723 11844 4596 17370 677 14405 4780 6333 5835 13968 13084 10527 1746 18302 12840 6577 2375 4573 11542 4817 5741 14561 9761 13559 16594 8657 15829 17783 15267 7994 15517 9734 17077 5063 16821 4603 15317 6962 10817 12322 4932 7532 17248 10571 10679 14876 6774 16403 14047 4587 11026 0 21446 12602 10855 14655 3605 14237 10525 3448 6583 3661 20677 11831 3170 12294 5580 12494 2022 11082 9965 18652 4814 12738 4710 16954 8538 13587 13628 8706 12549 8792 5937 954 7561 16281 10964 14002 18482 2463 13047 10327 14068 20258 15184 9626 13020 15437 15851 12270 15353 12061 11009 14321 14253 19503 13572 19867 3113 15348 20412 15805 4916 14149 6249 4447 12699 9926 10286 7677 5049 13453 17247 10835 4975 9011 19425 4249 18584 8181 16452 12684 9611 16864 9764 5334 12790 10331 13757 6505 14904 6488 9234 22140 7697 11151 14348 22605 8990 15971 8852 13668 19812 13789 17262 11686 8055 6782 12300 7080 11570 15678 17866 8746 6005 8271 12530 19147 8042 13528 10380 11867 3055 9135 11141 16869 3882 14439 7279 12678 11008 13649 9042 21083 13737 16170 17727 9200 14098 13131 20072 8784 5930 6924 11941 9178 7880 12849 12927 4807 11409 14214 14729 9469 8663 10280 13509 9829 16815 2816 2336 2918 7785 17915 17542 7468 20371 6197 17679 11702 9767 16662 5191 13292 5332 10262 4856 12223 16153 5606
18036 3814 13497 18375 22197 21170 15362 12735 5578 20647 19951 12815 5846 1367 17701 18906 18155 10874 10723 3471 12224 18415 13839 16738 16487 15279 11442 13858 12546 6369 20758 13098 11388 24280 14106 6938 9591 18835 20089 19314 11313 18924 16568 18810 5363 10936 13753 14261 5213 14161 6131 18198 20747 15174 19995 7885 13295 15952 1943 3446 16969 2410 3087 15418 20629 19961 11580 11970 3231 17540 17045 9505 6531 15074 17048 9813 8277 15543 15973 18246 18881 7285 7233 14653 13187 15539 17940 3051 15975 15148 21619 23702 14627 21041 6364 7007 19546 4532 2312 3729 3874 11216 7166 19035 9621 18817 7709 17917 2572 4596 9138 11496 10486 1328 15228 5351 15323 16014 16892 11441 17301 18464 9181 16086 15338 9343 11902 10366 19406 20787 12766 14742 17577 18040 16576 20040 12006 14828 15112 5804 18635 3465 3808 17968 22196 17029 16374 8227 4576 17466 15695 4582 15607 6706 12880 19985 12367 25304 5610 10756 17609 11912 16756 18129 8936 25853 12328 19004 16571 2651 18127 952 18381 24683 12706 21687 16098 21170 16302 17411 8017 18255 19250 21707 3144 9251 17982 20862 23633 15573 17857 16236 9347 16213 9574 5265 20099 11419 3895 12439 13737 7131 17530 6362 23219 4744 17449 12726 14639 14632 12859 20153 16885 12270 12672 13001 6698 18313 7841 9920 17696 13777 21446 0 10401 17670 11164 24016 10031 10938 24546 16579 20331 1904 10242 21867 19278 17757 18203 20402 13258 13312 7063 24238 14095 25542 7836 18623 16341 9437 13260 11504 14115 17367 22371 13937 11161 12515 13132 4398 19062 12916 12012 13352 1446 13807 14108 10281 6521 5601 12405 6739 15600 12148 10139 17776 3264 14766 3093 22668 6196 2042 6943 24628 16224 15301 18631 10002 18206 11874 15962 23229 12083 16037 16416 19891 12859 5424 22863 4135 13600 8720 16496 18604 10591 14451 21455 17265 16400 10208 17426 6547 16190 15670 1462 14638 15092 10124 1778 16068 5515 16511 8082 2030 13423 5959 11018 15649 15646 18319 14366 11676 8629 4077 15536 17730 17576 9741 4085 14655 19389 12315 12094 20176 13031 18797 8410 21601 9125 20672 12777 10441 13848 16518 807 7946 7562 16343 13264 18515 12876 2846 14556 22248 14909 16208 19120 13573 9786 19556 19061 10594 11965 9439 12173 12880 16033 8265 11946 12586 21956 19492 18559 15635 15322 4224 13984 1209 15747 3864 17220 12472 7071 18345 15904 18683 11709 17709 10624 14773 20573
15090 9847 8959 7976 13857 11144 13914 2381 6738 11001 13573 9201 8448 9069 8867 15630 10669 3459 6603 6936 4908 9275 12869 11492 11635 7568 9705 6569 7393 4554 11124 11016 4757 15464 12101 3886 11469 8841 10551 13235 3543 11790 6432 8429 10715 7462 9556 15620 8213 4631 5145 14794 14675 5899 13440 7510 4022 8306 8471 7577 6658 8760 7955 5978 13530 9716 11052 6363 7396 8620 12970 11933 7249 7105 6793 11701 12116 15062 16584 10904 8756 4756 7790 4741 7625 6264 12811 8243 8764 10970 13401 16437 5429 11407 4874 3504 9160 6156 10609 6740 7805 1882 5466 12034 10625 12615 5352 7545 9785 5877 12004 1184 6015 11044 4876 5073 6343 12081 6514 12998 9753 8157 2720 11400 7314 6309 3506 10601 9085 10574 2610 7022 13783 15672 12925 13501 13231 10744 16737 4931 8345 7787 9690 13732 13028 13556 8072 11244 6341 7243 8915 6712 12906 8296 3955 14712 5650 17017 4906 440 12940 6157 7333 11036 3595 17754 10492 9778 6174 8405 7733 9491 15409 16732 14579 13041 7087 11111 6509 7463 6726 8538 15382 12331 7589 1665 12008 11350 16049 5475 10724 9046 1988 5831 977 5157 15105 12469 7915 12848 4767 3342 13459 4675 15962 5848 8059 4857 7351 4317 10838 10091 11423 14181 8904 9456 4234 12470 10014 1582 10321 10682 12602 10401 0 7448 3095 15860 9780 3968 16018 10364 12920 10485 1577 12134 9295 7814 15637 12261 10155 9113 11638 16562 12353 17219 4353 13760 6944 1074 3954 9596 8988 10888 13407 5560 12626 9133 4213 9547 10617 3364 7540 4460 9693 5601 9817 489 7136 5554 10317 3678 13215 8687 9980 16322 7619 5475 7958 14743 4690 8777 8368 16854 7079 6552 8862 7835 14173 7203 5764 15963 2802 16846 6178 9835 3741 6958 15355 6616 7156 3912 14378 8238 12656 10357 14680 7520 6081 1391 11345 4927 9745 5271 10584 4939 12116 9993 11010 11551 5403 11918 6117 8420 12548 9336 7906 5408 5928 15618 6296 8711 9947 6330 5181 11370 12619 7120 10111 8987 9707 8139 9570 12485 3481 8609 4304 11710 1837 14907 2987 4059 12809 6116 9786 3132 3620 17348 8124 9097 11539 8209 4331 15588 7996 13665 14548 5964 7734 9702 12160 6640 3333 9706 6129 4552 12410 6144 3194 14102 14063 11267 10089 5471 16762 6189 6229 9667 6405 6666 14375 7516 4147 8404 6416 8656 2603 10551 390 15257 10389
18819 17279 13337 2494 12604 6980 18748 5490 14100 8047 14843 14078 15707 16309 8629 19037 11612 9130 12297 14210 9393 8236 18146 14421 14841 9741 15396 9856 12045 11399 8161 16175 9949 13087 17028 11324 18069 1729 8042 14896 8829 12757 1152 1828 18052 13106 13936 21455 15558 6440 12560 18274 15984 6920 14560 14358 4736 10138 15728 15017 3566 15761 14935 3198 14018 5051 16914 11248 14801 8362 16392 18612 14427 9245 3949 18267 19098 20180 21989 11935 5167 10911 14800 3124 11856 3437 15451 15685 10875 14883 12451 16072 3958 8347 11538 10944 3469 13590 17498 14115 15251 7535 11400 13074 17121 14329 12390 2998 17229 13075 18784 6275 11820 18144 2663 12331 7527 15839 1553 19262 10998 3856 9691 14806 9245 12672 8209 16851 1852 5784 4918 9526 17211 19660 16657 14622 19345 14794 22544 11919 4056 14682 17122 16848 10553 17258 9149 18160 13787 206 11419 14157 17251 15412 5280 16759 10114 15194 12062 7038 15921 11056 6864 12313 10459 16080 15915 8317 2051 15833 1775 16732 19060 15434 20732 11512 3829 6831 5758 5429 13558 2299 18415 9607 15005 8970 14126 8618 15364 2128 12071 11043 8349 2029 8144 12528 17305 18645 15359 18723 7407 10549 16764 11452 15698 13274 7168 6227 10146 3144 16076 6154 14191 20397 13800 14283 11666 14573 16931 7760 11539 15379 10855 17670 7448 0 6880 14438 16050 9535 14008 12817 13201 17909 8276 8592 2125 5540 19507 11756 15010 13658 18799 15659 17359 15310 10340 16377 2979 8286 6953 15241 12927 12884 11223 8317 18916 14170 5119 16948 10230 4882 12576 5004 17085 5523 14039 7457 14321 12991 15665 11070 17676 13845 16233 20737 14636 3758 14934 13881 12133 15876 15436 15771 3546 7960 6506 13947 17338 12273 4331 15689 5710 22305 1270 6022 7278 13311 14908 13648 10904 9484 18754 1506 19129 14526 15251 1963 1471 7465 13576 12304 12219 2987 17637 6037 16488 16253 18022 15040 12850 15240 12963 15647 17935 16576 13553 4209 5929 19406 8870 14128 16666 13609 3582 13319 15454 13313 17532 12494 3094 13093 14925 12536 6657 1167 9912 7832 8548 16461 4926 9977 18066 2402 16991 10492 10226 22832 12433 3319 16934 15202 4693 16085 10825 17935 17216 9331 13931 2728 13273 12405 6081 16168 10829 8277 16292 12928 7844 20193 13407 10972 9882 4545 22492 13533 9237 17038 6844 14064 18311 12244 10767 5753 2902 5536 7555 11935 7341 20783 5807
18178 11611 12048 8331 16093 12329 16990 4111 8890 12599 16368 12294 10713 9801 11131 18706 13320 6549 9670 7825 7931 11344 15911 14495 14669 10330 12724 9488 10483 4797 12727 14084 7844 17426 15179 5991 14185 7779 12265 16091 6604 14484 5729 8384 12764 10521 12648 18541 10333 6933 7244 17870 17497 8194 16206 10205 2189 11038 9258 9065 7630 9060 8242 4263 16173 10608 14020 9454 8676 10859 16034 14600 9676 9830 7901 14430 14577 18108 19582 13582 9943 4070 10358 3757 10694 4375 15799 9724 11574 14050 15702 18956 3462 12994 4825 5341 9589 7676 10712 7934 9515 4846 4522 14749 13408 15467 8023 8178 11242 6653 14612 2708 9080 11464 5003 6046 8752 15160 6586 15826 12431 9000 5649 14449 10007 9259 6469 13475 8723 11484 2709 9819 16852 18767 16006 16268 16103 13829 19654 5375 9221 7949 11457 16777 14881 16639 10618 13776 7992 6688 11801 8491 16001 10746 1722 17649 8698 19177 5665 2814 15966 9246 9376 13769 6502 19969 13539 11761 6460 9762 7849 10212 18495 19028 17423 15173 4976 12251 8326 9009 9463 7109 18431 14075 8915 4487 14912 13042 18485 4768 13460 11846 2126 6009 2832 6447 18066 15334 9646 15789 7369 4407 16518 4803 18494 7329 10058 1919 10223 4379 13901 11285 14406 17008 11998 12549 6337 15381 12578 1855 13017 13775 14655 11164 3095 6880 0 18104 12664 7061 18103 13283 15502 11749 4670 13596 8207 9332 18730 14636 13246 12207 13933 18955 15425 19359 3491 16756 5177 2935 6513 12623 12053 13747 15363 8296 15450 12221 1968 11457 12951 2034 10635 2189 10833 2889 12905 2647 9559 7501 13373 5216 16308 11772 12865 19411 7976 3605 8240 17105 6653 9240 10862 19208 5078 9048 10484 10807 17225 10297 7123 18494 1298 19834 5739 11052 6431 6449 17833 7036 10167 2613 17472 8111 15408 13445 17365 6139 5910 1823 14253 7172 12651 5933 10933 7059 15211 12875 11288 14608 7238 14965 8874 9143 15579 11595 10958 6730 7888 18709 9056 11777 12638 7265 6181 14234 15626 10091 11925 12013 8230 11233 12634 15002 5979 7907 3034 13032 2502 17773 2173 7148 15854 6582 10425 5615 3610 20327 11204 7356 14579 8510 5878 18275 10902 16760 17557 8864 10688 8428 14893 9698 818 12523 9208 7411 15496 8935 6108 16971 16458 13655 12441 6940 19696 7311 9077 10728 8598 7953 17468 10609 4094 9874 4749 9996 5502 13289 3403 18244 11367
11383 21296 11144 11961 2013 7871 13691 14013 18480 6428 5393 12148 18850 23015 7008 10840 5875 13521 13419 21174 11952 6777 14391 8536 9084 8806 14161 10201 11626 20004 6325 13282 12715 2142 13108 17544 17779 15676 6398 6147 13138 5299 14918 12888 20871 13445 11192 17693 19257 11269 17989 10622 5591 9986 5113 16589 17032 8095 22468 20571 11254 23377 22725 16942 3976 9601 15179 12064 20864 7268 9806 18355 17744 9104 10869 17790 19765 15122 16946 5820 9272 20553 17315 15781 10960 17321 8076 21007 8044 10434 2473 2514 17326 6184 20428 17842 11290 19657 25207 20580 20206 14107 21281 5297 16936 6262 16307 11463 22086 20555 18803 15547 13567 25123 13967 19775 9517 10323 13260 17492 6716 10582 15369 9460 8848 14785 12746 16123 13675 9149 15475 9370 10082 12353 10502 5111 17127 10681 18356 20164 10383 22718 21186 9340 3997 10650 7902 18901 19509 14443 8375 19437 11964 18033 17499 7223 11680 1306 19880 15834 8822 12109 8732 6025 15304 1897 13758 6427 12976 21383 12673 23366 11345 997 18096 2989 18010 8058 9832 9421 16198 16645 9798 4939 20902 15897 7034 5846 1645 15144 6256 7788 17844 13365 16791 19438 7709 16885 20217 16137 11125 18575 9684 20169 2524 19551 8069 18859 9393 14386 13416 8404 8235 18064 12138 12087 17662 6987 18158 17362 6340 12074 3605 24016 15860 14438 18104 0 15792 13302 1228 7838 3886 23047 14925 6247 15802 9176 12028 3670 12295 11469 20361 1482 13419 1555 20198 8221 17191 16846 11909 14006 10374 7035 3272 10507 17362 12472 17550 20659 5248 16572 12275 17626 22741 18761 10910 16303 17717 18499 13509 18305 12382 12643 15835 13879 22369 17167 22732 1415 18102 23180 17861 1400 17753 9331 8051 14607 9607 12324 11236 2502 16935 17292 14440 8482 12161 22515 1998 21498 10425 19759 12697 13157 18027 10869 4042 16381 13936 17087 7302 17565 8038 12820 24843 11065 11742 15862 25311 9646 18665 9357 16003 22526 14541 19296 13539 11607 10220 11805 9895 13211 17355 20682 12315 6842 8453 14595 21308 9683 17038 12164 13289 3872 12383 14673 20161 7052 17686 6184 16186 13727 14305 12646 23734 16614 19347 17718 11032 17653 14099 22918 12270 4061 9113 12092 8585 10575 14789 16422 5358 13564 17706 16354 11844 11622 10690 15829 12898 17579 2093 4645 5778 11321 18118 20326 10182 22885 9529 20378 11564 11744 19812 8796 16897 8930 13393 6384 15474 16470 8991
8006 6394 4690 15308 14341 15940 5429 10754 5234 14714 10868 3648 4202 9629 11220 8882 10174 6959 3803 8819 6809 12149 3949 7468 7052 8385 1660 7248 4814 10096 14784 3115 6129 16696 4077 7124 2216 17722 14068 10134 7226 10503 15343 16221 5404 3108 4601 5882 4875 9903 6267 8194 11416 10107 11014 2757 13772 8735 9313 7177 13455 10682 10454 15566 11933 15590 1644 5138 7796 11207 7231 2825 3984 8529 13289 2344 4011 5967 7073 10122 14308 11435 3083 14144 5388 15901 8440 7203 8343 5615 13718 14816 15133 15023 10548 7863 16058 7294 12017 8053 6450 8735 11989 10496 1235 9773 4746 14573 7533 9075 3179 10763 4235 11350 13462 8770 9811 6252 14639 3248 9579 14617 7066 6635 8738 3495 7842 823 17164 16170 12082 8096 7656 8035 6680 11043 3450 5313 6992 9753 14679 10694 6345 8134 15291 7070 9680 3111 6894 15870 7782 6428 5592 3382 13735 10358 6248 17088 9202 10187 7951 5277 11338 9826 6193 17429 2370 12725 14148 7617 15472 9802 8351 16225 4806 14218 16768 16027 11634 12735 3314 17759 9280 15168 7661 8199 8924 14664 14977 14575 9644 8500 10706 14042 9832 8107 10366 2690 6369 3174 8981 9150 7680 10271 14367 7476 11783 14552 7618 13156 2884 15177 7711 4421 3690 3707 6875 9129 2489 10818 9723 4017 14237 10031 9780 16050 12664 15792 0 6523 16627 7961 11906 8437 8319 15906 18153 12986 8184 12602 3618 4338 4586 15601 4071 17340 11562 8947 16490 9731 9190 1798 5483 8759 15181 8396 2887 3327 13992 5736 11813 13089 4077 14237 8584 15371 4896 10125 4062 6415 2515 8257 5569 3228 201 7944 10197 15150 10466 14377 6862 10268 3139 16034 16720 9517 13306 2104 8308 4244 12303 14382 12582 7282 14913 14947 8819 11807 14220 9866 6343 11912 6489 16179 3095 5027 12452 16797 14586 10849 8532 6070 7849 13119 11324 10416 5141 213 11740 6538 6771 6950 3844 9475 3533 4143 2739 12212 11065 8293 8265 2668 1623 8707 12613 8965 8042 2754 6253 6221 18877 3884 2517 12003 9412 17161 12004 15994 10311 11200 12661 6118 3937 13884 10147 7129 10496 7748 5055 18502 2854 10496 11425 13105 7417 6178 9313 7450 2126 18696 10444 3677 13072 624 5575 7961 6170 3754 8207 4322 13717 11932 11446 11974 7045 8278 7764 8833 10550 7816 7192 4617 10529 13432 15951 13896 8542 9549 9618 5720 15886
11123 8963 4992 8986 11395 10580 10033 4274 5722 9818 10115 5266 6826 9823 6764 11674 7600 518 2863 7894 1353 7492 9091 7668 7752 4503 6047 3163 3426 6910 9921 7175 808 13380 8218 4243 8542 11199 9229 9671 706 8580 8822 9820 9222 3723 5588 12113 6931 3708 4807 10837 11148 4405 10041 5016 7604 5234 9251 7539 7190 10085 9423 9191 10356 9748 7512 2396 7713 6604 9033 9095 5497 4208 7098 8735 9707 11261 12891 7766 8519 7754 5587 7718 3698 9550 9005 8079 5463 7012 10848 13403 8859 10199 7373 4576 9881 6444 11930 7341 7356 2377 8480 8771 7588 9069 3516 8301 9408 7256 9294 4623 2326 11943 6939 6488 4438 8124 8154 9754 6684 8515 2136 7490 4468 3164 1367 7331 10725 10468 5763 3934 9837 11707 8964 10098 9876 6780 13224 6970 8623 9420 8820 9821 11258 9594 5475 8742 6362 9353 5419 6411 8949 6293 7692 10982 1847 14557 6629 4263 9064 2190 5952 7780 2021 15183 6729 8086 7672 8402 9065 10199 11443 14060 11261 10800 10439 10615 5771 6934 4258 11251 11460 10788 7794 3005 8373 9981 13164 8075 7475 5750 5642 7538 4506 6136 11329 9153 7407 9338 2986 5483 9529 7089 12915 6299 6604 8757 4005 6647 7017 9640 7640 10906 4967 5517 4371 8814 7540 5444 7179 6742 10525 10938 3968 9535 7061 13302 6523 0 13715 6735 9879 10312 2411 11054 11632 7249 11669 9636 6231 5146 9592 13734 8492 14785 7557 9932 10078 4478 2852 5912 5060 7371 11442 3003 9401 5226 7920 8445 8185 6902 3599 8146 9802 9383 5851 4434 5416 5336 6523 5059 9271 4799 6709 12392 9067 8846 9430 12026 4830 9908 6251 14083 10360 4374 7927 4425 10250 3259 6030 12920 6576 13176 8390 9385 2436 9379 12419 8204 3405 7437 10433 9749 9595 6390 11398 10302 8068 5325 7716 4390 6164 6635 11618 4245 8157 6728 12085 7627 5446 8010 3735 9290 8805 7595 4183 5867 5120 11649 3452 4906 7180 7386 6169 7832 8778 3778 9106 5146 12360 4197 5763 9584 2953 10656 7732 10884 5323 11299 6437 546 9024 7431 10558 3328 6528 13692 4171 12022 7783 9618 4973 12282 4500 9707 10692 2727 4399 12173 8858 2945 7220 6635 2189 1997 8445 3642 1695 10738 11315 8681 7669 5684 13210 7042 3121 9894 4966 7155 10407 3548 6886 7796 9542 8206 2034 7307 3663 11600 10211
12544 21954 11948 11515 2357 7227 14775 14054 19052 5964 6494 12979 19522 23502 7166 12025 6536 13893 14064 21609 12378 6777 15416 9509 10075 9270 15016 10689 12303 20280 5849 14226 13179 1069 14113 17947 18661 15150 6055 7231 13492 6138 14572 12382 21606 14154 12044 18770 19898 11391 18467 11781 6775 10119 6193 17268 16900 8596 22943 21102 10989 23798 23121 16656 5015 9053 16097 12660 21362 7402 10886 19246 18376 9510 10618 18684 20622 16229 18073 6535 8878 20752 17995 15571 11637 17024 9147 21565 8643 11386 2959 3718 17093 5664 20689 18200 10742 20129 25645 21042 20775 14326 21473 6184 17794 7289 16849 11081 22697 20935 19685 15617 14168 25619 13761 20141 9709 11349 12921 18460 7304 10174 15732 10437 9248 15411 13050 16998 13111 8514 15433 9815 11203 13523 11576 6197 18115 11618 19461 20474 9963 23094 21839 10464 3456 11756 8248 19738 20004 14030 9042 19965 13024 18723 17388 8404 12179 1193 20218 15958 9903 12686 8750 6803 15733 2090 14665 6342 12676 21930 12234 23864 12518 1878 19121 2980 17672 7407 9779 9232 16835 16161 10985 4402 21414 16180 8021 5400 2865 14874 7000 8406 17986 13087 16969 19839 8903 17841 20793 17128 11352 18862 10792 20439 3752 20004 8050 18738 9912 14219 14347 7881 9195 19072 12947 12936 18086 8018 18948 17480 7003 13006 3448 24546 16018 14008 18103 1228 16627 13715 0 8670 4785 23653 15185 5567 15245 8956 13200 4161 13192 12289 21171 2612 14433 1304 20371 9352 16839 17033 12096 14857 11163 7886 2817 10826 18314 13299 17419 21328 5537 16479 12979 17479 23303 18571 11779 16444 18342 18986 14409 18650 13453 13439 16680 15049 22764 16925 23128 2411 18541 23622 18561 2396 17407 9574 7799 15339 10750 13002 11097 3729 16897 18422 14114 7992 12380 22789 3207 21867 11020 19884 13815 12665 18964 11778 5219 15967 13624 17193 8226 18044 8800 12618 25317 11134 12763 16707 25784 10635 19132 10371 16603 22992 15548 20007 14280 11480 10229 12980 10269 14009 18164 21098 12155 7746 9512 15279 21984 10448 16480 12915 14143 4624 12542 14152 20298 6377 17854 7377 16116 14167 15329 12364 24229 16993 19564 18856 11760 17156 15061 23323 12229 5284 9709 13187 9751 11006 15512 15849 6274 14213 17656 17173 12407 11942 11734 16433 13166 18596 2962 5054 6061 11219 19228 20757 10601 23435 9622 20847 12697 12436 20046 8518 16577 8588 13628 7109 15637 17559 8387
6121 13591 3310 10991 6414 9554 7001 9461 11003 7940 3442 4313 11136 15715 4774 6237 2407 7140 5857 14085 5511 5631 7176 1652 2181 3166 6346 3800 4039 13605 7965 5679 5963 8796 5821 10703 9997 14501 7333 2938 6907 2542 12665 12090 13064 5717 3374 10744 11599 6852 10829 5507 4421 5969 3436 8879 13104 2679 15212 13175 9316 16290 15738 13989 4090 10017 7476 4761 13563 4939 3693 10586 10122 3697 8971 10027 11952 8566 10519 2260 8864 14489 9600 12503 3419 14397 2664 13530 1948 2979 5792 7134 13993 8131 14076 11180 11168 12471 18028 13409 12709 8491 15215 2556 9123 2348 8977 10216 14467 13686 11019 10589 6145 17770 10977 12992 5330 3460 11273 9926 2237 9775 8844 2321 3629 7237 6859 8331 13109 10262 11201 3559 4465 7046 4125 3485 9645 3128 11623 13607 9716 15808 13490 4038 7739 4644 3716 11072 12247 12710 1507 12074 5201 10293 13389 4366 4888 9139 13210 10529 3108 4882 6079 1893 8478 9525 6036 6037 10795 13928 11482 16027 6322 8322 10787 6429 15269 9698 7077 7695 8589 15047 5604 7865 13559 9724 1648 7681 7143 12352 1771 1777 12243 10960 11094 12526 4803 9284 12700 8687 6091 12193 3996 13788 6655 12435 6048 14667 3073 11064 5767 9151 1384 10667 4300 4266 10725 2106 10321 11938 2043 4452 6583 16579 10364 12817 13283 7838 7961 6735 8670 0 3956 15433 8974 8940 14826 7756 6841 4743 4558 3631 12523 7764 6175 9391 14283 3621 14640 11094 6910 6186 2555 812 7478 5081 9745 4636 13550 12939 4405 12456 4583 13721 15230 15004 3119 10852 10111 11295 5769 11679 5676 4809 8011 8335 15396 13904 15748 6425 11086 16020 10106 8180 15094 4902 7411 6828 4528 4706 8498 6666 12448 10873 12130 8999 6896 16027 6373 14644 3335 14109 6502 12204 10359 3191 4883 14347 11635 11751 985 10418 641 10046 17557 7050 4649 8038 18021 2577 11525 2602 8499 15302 7210 11518 5754 8676 6902 6708 4334 5376 9517 13673 9402 1157 2637 6904 13574 1928 15907 4378 5473 4051 7440 13627 14429 9291 11963 4570 11982 6977 7084 10430 16399 9929 13263 11377 3322 16022 6555 15894 8606 5707 2381 5691 4463 4420 7020 15476 2535 5985 13204 8517 4710 5872 3944 8316 7191 10232 5758 4258 4241 8324 11451 13272 4220 15403 5974 13185 5755 4107 13617 7911 14172 8361 7797 1729 9993 9664 9973
8198 17485 7265 10920 2719 7934 10115 11411 14763 6177 2174 8263 15033 19388 4662 7858 2286 10172 9647 17633 8535 4967 10664 4733 5309 5431 10276 6717 7832 16748 6138 9441 9213 5078 9347 14082 13902 14706 5770 2738 9834 1430 13396 11987 17010 9612 7307 14081 15465 8579 14400 7438 3062 7352 1815 12770 14802 4681 18859 16895 9683 19845 19234 15157 832 9112 11319 8365 17230 4946 6253 14482 13965 5841 9287 13918 15882 11616 13511 2119 8301 17446 13495 13810 7173 15561 4522 17298 4432 6601 2155 3538 15375 6172 17197 14455 10643 16067 21640 17001 16486 11070 18180 1412 13053 2609 12640 10249 18316 17104 14926 12824 9845 21478 12058 16355 6761 6610 11790 13676 3211 9525 12004 5660 5617 11025 9557 12244 12930 9009 13046 6004 6693 9203 6919 1854 13335 6834 14826 16843 9382 19261 17379 5983 4828 7181 4886 15015 15886 13152 4638 15772 8327 14203 15199 4413 8136 5184 16508 12973 5289 8435 6546 2205 11822 5585 9891 4971 11398 17684 11563 19723 8243 4388 14364 3194 16353 8116 7741 7781 12420 15498 6878 5361 17250 12680 3262 5693 3311 13375 2475 4152 14899 11700 13787 15961 4999 13057 16488 12351 8178 15312 6242 16922 3054 15990 6081 16552 5876 12343 9565 7978 4415 14302 8256 8202 14161 3325 14278 14484 2701 8223 3661 20331 12920 13201 15502 3886 11906 9879 4785 3956 0 19280 11777 6738 14935 7662 8905 1720 8422 7586 16477 3909 9674 5435 17152 4939 15603 13820 9024 10121 6502 3150 4302 7369 13530 8587 15300 16841 2972 14245 8451 15422 19020 16650 7026 13392 13944 14895 9638 14938 8773 8765 11949 10701 18883 15244 19243 2471 14573 19616 14024 4298 16129 6454 6794 10756 6349 8525 9282 3058 14454 13865 12870 7934 9185 19241 2550 18059 6751 16822 9255 12192 14181 7001 2050 15015 12349 14241 3442 13979 4195 10953 21227 8528 8012 11976 21694 5865 15089 5625 12266 18932 10781 15449 9684 9591 7912 8703 6660 9332 13471 17172 10354 2968 4850 10780 17484 5827 16133 8307 9404 697 9546 13729 17194 7359 14687 3665 13809 10247 10575 11033 20094 13204 16219 14325 7196 16520 10277 19412 9968 2904 5466 8565 5536 7191 10943 15590 1490 9786 15236 12469 8194 8435 7019 12087 9784 13832 1827 2243 3338 9254 14610 16795 6835 19177 7041 16788 8204 7935 16641 7514 15218 7833 10340 2626 12530 12896 8762
16424 2055 12243 18358 21296 20797 13665 12710 4632 20126 18735 11471 4373 2516 17013 17311 17173 10337 9635 3961 11515 17785 12140 15442 15144 14444 9938 13022 11449 7023 20231 11544 10646 23461 12503 6715 7794 19197 19541 18066 10781 17857 16849 18895 3492 9722 12436 12393 3840 13774 5651 16631 19467 14678 18806 6575 13783 15075 2795 2930 16828 3904 4349 15924 19517 19732 9924 10995 3116 16876 15584 7669 5316 14297 16863 8007 6392 13763 14121 17234 18589 8165 5872 15005 12108 16090 16591 2291 15018 13764 20702 22564 15174 20510 7144 6982 19477 4331 4214 3834 2956 10988 8203 17943 7908 17600 6871 17836 966 5121 7284 11641 9487 3170 15361 5709 14749 14568 16988 9608 16356 18301 8814 14735 14560 8263 11421 8692 19570 20527 12998 13935 16068 16371 15078 18846 10181 13445 13226 6428 18456 4747 2093 16502 21500 15497 15610 6396 4193 17703 14676 3961 14029 5248 13423 18606 11541 24347 6086 10880 16208 10967 16247 17077 8399 24848 10783 18384 16625 2080 18182 2320 16765 23662 10834 20865 16724 20814 15922 17063 6860 18720 17712 21080 2904 9123 16753 20291 22555 15865 16820 15265 9767 16303 9770 5400 18682 9623 2907 10662 13236 7440 16056 7066 22087 4638 16912 13456 13758 14797 11308 19810 15615 10401 11360 11637 6410 17055 6124 10287 16707 12313 20677 1904 10485 17909 11749 23047 8437 10312 23653 15433 19280 0 10039 21361 19648 17400 16550 19492 11821 12020 5174 23169 12464 24590 8666 17221 16876 9627 12863 10017 12913 16235 21617 13300 9342 11159 13688 2702 18248 13326 10852 13923 978 14529 12786 10452 5336 5136 10886 6840 13989 10827 8527 16033 4391 15295 4359 21672 5907 3436 5469 23572 16821 14675 18188 8685 16711 10757 15761 22099 12515 14175 16640 19550 12445 6702 21783 5004 12636 9502 14836 18715 8747 13086 20271 17710 16564 10544 16230 6024 15096 15669 3366 14279 13561 8509 3660 14695 5174 15133 7050 2983 11728 4297 9740 15479 15259 16677 13645 10321 6951 4490 15460 16568 16214 8529 2266 13506 19876 11086 10649 19181 12707 19060 9260 21161 9484 19348 13122 9784 12155 16530 2468 7676 8167 14471 12114 19076 11248 4171 14400 21031 13949 14597 17670 12812 8476 19981 17951 9494 12514 7827 11250 12303 14548 7222 11529 10733 20966 18620 17763 15421 13441 4448 13225 1195 15247 3856 15616 11350 7750 17975 16406 18345 11385 16681 10645 12943 20295
13531 9119 7401 8354 12947 10945 12339 2799 5869 10555 12266 7624 7431 8976 8028 14085 9498 1914 5035 6875 3466 8566 11308 10021 10136 6355 8159 5220 5836 5096 10673 9444 3212 14713 10525 3337 10105 9807 10044 11882 2070 10574 7371 8979 9787 5897 7993 14120 7305 4011 4431 13248 13342 5171 12157 6208 5459 7105 8376 7113 6789 8913 8157 7275 12338 9730 9534 4806 7072 7808 11440 10597 6155 5938 6834 10328 10908 13498 15043 9709 8639 5671 6577 5909 6097 7596 11351 7750 7487 9423 12452 15313 6814 10958 5507 3262 9445 5767 10792 6513 7187 976 6405 10798 9225 11268 4138 7803 9246 5971 10706 2444 4449 11048 5616 5145 5490 10535 7122 11558 8573 8267 1418 9886 6170 4827 2220 9143 9752 10548 3792 5788 12247 14102 11375 12216 11763 9190 15238 5317 8427 8062 8964 12218 12381 12005 7035 10000 5849 8077 7568 6109 11332 7155 5459 13291 4161 16126 5125 1922 11446 4601 6720 9797 2236 16822 8931 9114 6708 7981 8241 9388 13852 15755 13125 12210 8454 10938 6108 7188 5408 9650 13862 11764 7224 1031 10622 10838 14984 6486 9485 7774 3275 6445 2127 5022 13662 11008 7278 11342 3837 3687 11934 5254 14831 5513 7442 6425 6038 5159 9269 9919 9971 12737 7328 7879 3629 11076 8764 3036 9119 9106 11831 10242 1577 8276 4670 14925 8319 2411 15185 8974 11777 10039 0 11745 10258 7537 14070 11275 8578 7546 10539 15522 10780 16339 5383 12290 8218 2120 3162 8045 7462 9546 12687 4438 11189 7556 5707 8734 9686 4771 5965 5947 9344 7131 8261 2028 6048 4919 8751 3623 11639 7110 8517 14745 7803 6835 8162 13739 4135 8844 7194 15838 8417 5612 8470 6325 12652 5628 5737 14834 4313 15310 7031 9658 2823 7604 14267 6838 5700 5138 12802 8835 11263 8800 13449 8650 6830 2914 9960 4116 8371 5705 10640 4445 10543 8532 11089 10029 4865 10405 4798 8363 10993 8301 6345 5443 5466 14054 5119 7141 8613 6291 5437 10022 11142 5615 9344 7504 10805 6563 8002 11394 2836 9441 5472 11416 2989 13540 4342 2482 11247 6566 9715 2363 4446 15815 6581 10303 9980 8389 4362 14350 6640 12091 13065 4651 6239 10725 10910 5077 4894 8290 4593 3344 10855 4796 2027 12635 13042 10286 9155 5404 15253 6051 4966 9366 5727 6387 12810 5953 4891 8128 7680 8450 1574 9313 1325 13722 10331
14621 19982 11480 6111 4833 1664 15937 9860 16773 1239 8892 12552 17723 20660 4686 14427 6619 11032 12495 18595 9923 3766 16056 10436 11031 7525 14539 8770 11099 16664 1145 14376 10805 4569 14706 14945 18113 9621 1861 9342 10588 7216 9285 6885 20051 12918 11846 19647 17921 7740 15777 13893 9781 6698 8535 15632 12051 7203 20066 18542 6016 20659 19898 11454 7505 3550 15935 10987 18641 4716 12374 18724 16429 7437 5708 18212 19824 17501 19453 6865 3704 16836 16314 10559 10519 11794 10803 19110 7713 11893 4996 8384 11994 886 17004 14994 5218 17336 22537 18166 18405 10782 17513 7480 17141 9011 14549 5809 20462 17716 19083 11438 12363 22759 8813 16890 6620 12368 7685 18493 6743 4883 12688 11241 7205 13627 9972 16499 7562 2950 10891 7863 12998 15617 12934 8579 18309 11998 20553 16982 4656 19789 19844 12365 2279 13355 6227 18859 17321 8638 8356 17432 14129 17060 12584 11133 10092 6757 16849 11954 11523 10919 5119 7331 12977 7655 14543 3182 7536 19415 6827 21061 14726 7219 19551 3801 12360 1841 5653 4680 15004 10664 13504 1428 18752 12775 9326 1270 7539 9738 7294 7635 13959 7982 13110 16744 11723 17828 18458 17405 8140 15343 12515 16795 8140 17132 4450 13880 8294 9361 14408 2463 10104 19374 12396 12621 15171 9601 17829 13384 6910 13199 3170 21867 12134 8592 13596 6247 15906 11054 5567 8940 6738 21361 11745 0 9696 4334 15351 5024 13143 11875 20062 7653 15067 6838 16371 11452 11512 13205 8623 14362 10726 8452 3017 8100 18250 12814 12564 19432 4552 11752 11840 12578 20815 13544 11719 12476 16364 16307 14258 15368 14604 12756 16021 17045 19546 11812 19903 6159 15672 20582 16958 7646 12085 6738 3283 14119 12797 11715 6505 8124 12315 19808 8878 2642 9014 19092 7333 18572 9574 15737 15351 7182 18760 11966 8500 10554 8426 13069 9113 15377 8665 7731 22370 7303 13587 16047 22824 11494 16359 11436 14599 20070 16043 18396 13207 6896 6282 15171 7894 13280 17195 18022 7416 8641 11025 13804 20100 9993 10928 12037 13738 6079 8910 8630 16177 811 13922 10397 11466 11589 15964 7277 21402 13937 15748 20308 10897 11642 15270 20133 7876 9096 8517 14567 12151 8764 14232 10291 7680 12650 13018 16322 10601 9059 12843 14464 9924 18984 5962 4898 4711 6739 20387 17755 8375 20886 6125 18012 14456 11291 16280 3756 11310 3600 10203 7274 11791 18596 2839
20869 19139 15451 4015 14072 8033 20860 7510 16016 9377 16682 16201 17669 17911 10475 21060 13490 11215 14411 15852 11517 9981 20270 16447 16884 11793 17518 11963 14169 12929 9478 18299 12063 14264 19146 13180 20152 454 9491 16784 10927 14605 2888 2961 19986 15224 16048 23579 17485 8560 14440 20309 17806 8991 16385 16401 6022 12153 17344 16796 5512 17253 16430 4006 15762 6203 19035 13373 16532 10221 18436 20689 16410 11307 5868 20354 21136 22298 24112 13814 6678 12273 16820 4644 13974 4034 17438 17467 12894 16970 13988 17613 4851 9620 13009 12744 4512 15365 18919 15824 17082 9569 12680 14923 19212 16234 14393 4714 19014 14694 20850 8111 13928 19654 4707 13990 9582 17910 3649 21371 12930 5413 11676 16864 11293 14754 10318 18957 2134 6752 6695 11603 19249 21724 18721 16445 21462 16888 24669 13479 5568 16148 18982 18864 11828 19317 11128 20206 15591 2291 13458 15993 19347 17413 6498 18665 12240 16438 13680 8868 17934 13181 8797 14212 12470 17334 18040 9978 4155 17586 3398 18330 21103 16796 22848 12967 3939 7859 7749 7267 15599 1369 20409 10876 16748 10882 16081 9960 16860 3820 13985 13049 9936 4154 9896 14248 19222 20758 17196 20846 9529 12222 18796 12958 17269 15037 9017 7117 12227 5101 18201 7397 16207 22511 15923 16405 13529 16518 18973 9380 13452 17496 12294 19278 9295 2125 8207 15802 18153 11632 15245 14826 14935 19648 10258 9696 0 7318 21564 13407 17131 15776 20797 17102 19479 16528 11694 18350 3275 10039 9077 17364 15029 14849 12536 10428 21024 16295 6277 18841 11969 6362 14701 6097 18791 6192 16146 9239 16301 14846 17791 12822 19776 15970 18337 22824 16152 4674 16428 15385 13977 17409 17447 17172 3680 10014 8147 16051 19354 14398 6393 17258 7195 24428 3254 7326 9399 14630 16464 15187 13015 10806 20846 2743 21226 16628 16978 2110 3570 9111 15552 14208 14241 5112 19129 8147 18588 18357 19491 17100 14681 17288 14999 17248 20060 18546 15673 6303 7980 21458 10964 16253 18734 15261 5701 15270 17459 15410 19406 14581 1237 15218 17050 14254 8774 1214 11208 8894 10183 18308 6528 12062 20189 4489 18566 12399 11737 24956 14550 2077 19059 16698 6818 17781 12896 20025 19186 11446 16031 658 15127 14518 7389 18258 12954 10402 18368 14972 9947 22311 14968 12692 11666 6630 24618 15224 11343 18723 8875 15793 20379 14369 12256 7421 3545 7119 9634 13857 9235 22908 6860
13876 16186 9176 3325 7240 3412 14360 5526 12911 3270 9364 10133 14072 16509 3167 13961 6188 7114 9269 14412 6357 2696 14081 9408 9908 5064 11885 5809 8292 12357 3398 12186 7201 8180 12812 10820 15185 7063 2953 9481 6675 7288 5817 4424 16462 9880 9693 17617 14174 3626 11756 13256 10489 2919 9067 12155 7959 5192 15910 14518 2093 16425 15649 7771 8482 2604 13393 7849 14554 2925 11444 15785 12745 4703 1700 15328 16670 15890 17805 6512 1322 12503 12780 6619 7866 8155 10269 15119 5920 10275 7010 10599 8154 3669 12687 10799 3423 13244 18300 14033 14462 6562 13180 7606 14194 8945 10751 2605 16539 13485 16077 7106 8991 18585 4806 12658 3180 11075 4172 15931 5698 2023 8605 9962 4582 10174 6005 13690 5422 3236 6624 5104 12221 14792 11826 9128 15867 10266 18636 12695 1962 15522 16040 11759 5599 12379 4069 15691 13271 5496 6555 13440 12681 13506 8462 11370 6769 10096 12589 7624 10830 7721 1761 6924 9016 10945 12140 2820 3832 15394 3923 16918 14076 10158 17208 6190 8873 3417 1484 352 11444 7836 13235 4754 14686 8555 8855 3715 9934 5970 6714 6012 9625 4199 8788 12559 11935 15270 14530 15074 4268 11062 11748 12485 10206 13014 1732 9801 5706 5268 12151 2411 9133 16953 9905 10278 11075 9275 14558 9051 6185 11166 5580 17757 7814 5540 9332 9176 12986 7249 8956 7756 7662 17400 7537 4334 7318 0 14595 6235 10935 9554 16717 10282 13169 10250 12037 11145 8075 8887 4537 11711 8567 7656 6149 4609 15635 10322 8479 15686 4691 7577 8983 8529 16785 9615 9691 8146 12665 12279 11861 11145 13141 10126 13134 16026 15300 7992 15653 8457 11582 16374 13442 10441 8626 3512 1167 10991 12244 8766 2209 10199 8072 18146 5313 2151 4957 14768 9431 14315 6832 11410 14112 4590 16026 10092 9712 7386 4798 8736 8374 11376 7232 3662 18174 3126 11987 13159 18621 10213 12292 10326 10961 15900 13962 14824 10254 2603 2145 14464 4749 10562 14045 13827 3216 8046 10337 10533 16343 7962 8494 9349 11207 6996 4726 6105 11849 3903 9591 10990 7248 7794 13992 3487 17249 9815 11421 18670 8379 8858 13043 15890 3544 10545 6235 13284 11967 5538 11058 7976 7811 9414 8804 13292 7416 5300 11554 10852 5871 16642 7935 5432 4356 2413 18526 13586 5243 16832 2437 13894 13480 8502 11957 593 7748 957 6050 6597 7479 16740 2969
734 14495 6688 17803 11560 16211 2964 15452 13250 14510 6808 6515 12386 17804 11588 1263 8817 12181 9271 16841 10922 12400 4455 5189 4697 9771 6957 9798 8250 17544 14512 5250 10890 13781 4143 14405 8969 21217 13951 6167 12154 8141 19235 18896 13272 8522 6083 6364 13057 13232 13920 1469 6438 12588 7151 10669 19071 9449 17468 15314 16080 18812 18518 20298 8353 16833 6629 9277 15906 11768 3151 9311 12030 10262 15752 8819 10888 3678 5136 8536 15701 18741 11171 18781 8107 20695 4550 15379 8707 4755 11044 9994 20161 14631 18025 15081 18009 15237 20198 16076 14611 13951 19394 7892 8658 6378 12060 17023 15678 16909 9791 16217 9840 19526 17443 16447 11983 3701 17954 7607 8999 16611 13346 4701 10271 10187 12417 7858 19918 17025 17153 9991 2394 338 2859 7129 7040 4933 6704 17331 16556 18724 14464 2986 13686 2249 10539 10425 14872 19384 8114 14468 2824 11559 19245 4808 10121 13084 16816 15926 3855 9486 12900 8066 12640 13010 6008 12740 17461 15795 18266 17985 683 11957 7362 12089 21590 16370 13840 14526 10918 21676 2280 14086 15791 14471 6035 14154 10590 18796 8162 8589 17196 17573 16102 15826 4362 7281 14537 6208 12331 16330 2878 17731 9717 15357 12889 20390 9381 17421 5489 15915 5475 7547 6798 6257 14262 5752 10433 17076 8631 5064 12494 18203 15637 19507 18730 12028 8184 11669 13200 6841 8905 16550 14070 15351 21564 14595 0 10473 5634 6524 11960 11119 4113 13316 18718 3966 21048 16052 13025 6951 6800 7055 13202 11329 7704 6658 19450 13855 10865 18380 8129 19656 16758 20929 5839 16098 12087 14206 6014 15556 2671 7126 8066 1853 18236 20104 18530 10830 14418 18415 11316 11550 21448 11551 14230 8826 2567 8460 15179 9739 18175 5454 18710 15780 12870 19597 10040 17782 8846 18824 1717 18996 8446 5298 7987 20903 18239 16980 6342 13611 7372 16626 19508 13544 3569 8081 19922 4468 14538 4284 11221 17622 4852 12264 8171 15307 13585 232 10686 7311 9600 16642 15989 6768 4360 9408 14310 7075 22599 7538 6569 9447 13500 20380 19035 15831 16840 5865 17900 11618 4427 17105 18331 14007 17622 5812 7561 22618 5331 18586 15049 8104 8688 2092 3450 10398 9030 22205 7701 9292 18858 8765 9543 11751 3289 11058 12819 7023 10451 10454 10854 14965 6421 16205 10386 17010 12692 15834 1263 8121 17809 14750 20546 15196 13392 8224 15329 5109 16740
9752 17797 7913 9404 1805 6222 11435 10525 14895 4468 3869 8974 15368 19377 3520 9478 2429 9851 9907 17516 8287 3567 11828 5910 6513 5148 11030 6555 8159 16344 4425 10418 9062 4097 10481 13878 14696 13201 4090 4355 9469 2416 12040 10447 17476 10022 8080 15335 15738 7725 14345 9004 4780 6449 3512 13118 13739 4452 18824 16957 8308 19716 19058 13906 2518 7466 12214 8498 17231 3800 7658 15293 14215 5435 7910 14739 16612 12971 14898 2495 6735 16920 13844 12625 7494 14303 5978 17411 4483 7654 1218 4413 14191 4453 16772 14172 9039 16011 21551 16931 16618 10477 17651 2612 13795 4096 12698 8771 18536 16887 15714 12020 10007 21490 10835 16106 5932 7860 10405 14669 3145 7997 11699 6810 5179 11251 9085 13030 11364 7319 12073 5707 8185 10758 8285 3556 14378 7840 16141 16498 7838 19050 17680 7506 3217 8619 4242 15705 15873 11722 4906 15820 9621 14576 14171 6111 8041 4923 16210 12259 6733 8526 5371 2858 11642 5560 10774 3442 10045 17780 10071 19734 9825 4482 15488 1707 15061 6406 6545 6399 12675 14043 8524 3663 17276 12238 4572 3975 3855 12107 2983 4251 14249 10380 13177 15772 6700 14027 16635 13412 7502 14913 7716 16510 3994 15898 4799 15533 5763 11179 10511 6310 5574 15387 8912 8959 14000 4756 14865 13787 2887 9191 2022 20402 12261 11756 14636 3670 12602 9636 4161 4743 1720 19492 11275 5024 13407 6235 10473 0 9298 8274 17102 4321 10825 5154 16580 6519 14283 13226 8308 10864 7118 4033 2803 6846 14488 9285 14249 17172 1690 13226 8848 14349 19149 15540 7850 12714 14181 14859 10504 14636 10084 9384 12669 12232 18703 14048 19066 2483 14444 19525 14417 4595 14824 5710 5268 11217 7905 8857 8049 3988 13516 15254 11527 6282 8537 18854 3251 17829 6858 16171 10677 10669 15099 7932 3636 13620 11007 13521 4546 13921 4756 9703 21199 7579 9211 12697 21667 7042 15017 6878 12442 18879 11898 15868 10169 8388 6827 10280 6225 9953 14102 17019 9137 4043 6259 11132 17830 6383 14620 8817 10163 1057 8799 12212 16565 5639 14075 5386 12813 10067 11736 9688 20100 12945 15708 15730 7649 15066 11290 19254 8905 4386 5549 9944 7173 6911 11385 14058 2787 10057 14296 13125 8248 7959 8304 12272 9248 14941 1822 994 2195 8070 15942 16667 6514 19284 6043 16731 9684 8299 16165 6012 13928 6288 9757 3060 11872 14191 7079
5211 9827 1759 13754 10967 13460 3827 10313 7925 12026 7260 972 7456 12652 8566 5946 6914 6749 3649 11441 5759 9507 3169 3860 3434 5909 1962 5237 2995 11926 12076 1257 5508 13352 2035 8787 5485 16737 11385 6520 6803 7058 14529 14780 8989 2889 1298 6683 8051 8570 8382 5148 7800 8319 7418 5400 13809 6007 12245 10088 11905 13518 13138 15260 8379 13479 2917 3930 10620 8625 3789 6060 6784 6233 11652 5496 7490 5178 6987 6805 12216 13109 6025 13752 3167 15640 4835 10272 5434 1999 10345 11212 15010 12284 12409 9454 14269 9804 15052 10688 9460 8592 13767 7012 4673 6177 6483 12975 10879 11392 6509 10852 4227 14544 12652 10881 7845 2757 13487 5400 6481 12804 7747 3017 6368 4580 7192 3838 15785 13919 11930 5833 4372 5613 3367 7445 5172 1695 7704 11734 12814 13307 9756 4712 12205 3895 7103 6666 9471 14857 4787 9129 2816 6581 13919 6799 4972 13579 11231 10479 4392 4141 9182 6452 7017 13877 1478 10028 12980 10691 14071 12889 5557 12676 6413 10972 16538 13576 9797 10755 5472 17006 6083 12222 10542 8891 5337 11874 11402 13936 6316 5510 11614 12991 10545 10280 6861 4747 9411 4263 7602 10697 4280 12114 10768 9885 9455 14983 5229 12509 1266 12848 4117 6232 1271 736 8659 5520 6098 11532 6495 576 11082 13258 10155 15010 13246 12295 3618 6231 13192 4558 8422 11821 8578 13143 17131 10935 5634 9298 0 1386 8186 12025 2353 13832 13085 5403 16092 10485 8122 1843 2434 5315 11999 6727 5199 1034 14143 9160 8763 13109 2634 14365 11828 15611 1456 10599 6816 8714 1216 9932 3073 1499 3619 6167 12834 14980 13149 10883 8846 13158 6355 12462 16431 7459 10978 3350 4975 2974 10837 10784 12808 7311 14034 12647 7868 14042 10654 12296 4171 13202 4234 14808 5802 1432 8845 16135 13618 11461 4994 8048 4596 12027 14441 8997 2074 3645 14883 2927 9029 3348 5687 12379 3027 7606 2555 10859 9355 5661 6297 1711 5239 11181 11430 5455 4441 3841 9732 3152 18034 2040 1172 8593 8517 16018 13405 13363 11250 7601 12637 6098 3083 12659 13252 8373 11988 7839 2603 17874 2141 13233 10338 9488 4761 3570 5863 5698 3566 17735 6939 3662 13446 4228 4290 6784 2808 5514 7603 5845 10248 8747 8480 10555 7604 10746 5855 12049 8619 10447 4416 2811 12177 11273 15567 11749 8124 6250 9876 5834 13626
5996 10104 396 12371 10004 12131 5109 9079 7807 10736 6734 701 7662 12578 7253 6604 5852 5660 2938 11174 4506 8196 4553 3428 3197 4546 2760 3855 1749 11310 10791 2632 4375 12365 3371 8200 6427 15386 10092 6049 5655 6173 13203 13401 9472 2421 488 8062 8185 7218 7989 5771 7450 6936 6832 5452 12634 4693 12125 10003 10524 13322 12868 14008 7662 12106 4064 2761 10474 7298 4095 7028 6782 4854 10268 6481 8342 6523 8360 5788 10840 12413 6148 12494 1802 14394 4646 10273 4170 2015 9381 10629 13793 11007 11795 8815 12884 9526 14955 10445 9448 7455 13097 6180 5521 5605 6061 11591 11059 10985 7443 9725 3447 14558 11336 10400 6459 3094 12129 6618 5313 11418 6872 2815 4996 4153 5978 4763 14407 12559 10733 4451 4835 6561 3892 6868 6447 1727 9088 11180 11429 12999 10015 4975 11055 4505 5765 7449 9236 13508 3550 8965 3821 6798 12775 6711 3704 12770 10707 9408 4412 2973 7804 5488 6228 13140 2671 8733 11623 10685 12694 12852 6323 11935 7731 9909 15292 12242 8411 9371 5319 15680 6530 11012 10429 7973 4752 10611 10721 12637 5307 4280 10693 11645 9588 9840 6891 5953 9419 5579 6254 10005 4608 11498 10164 9560 8092 13887 3852 11218 2604 11495 3595 7523 678 748 8124 5036 6694 10556 5407 1725 9965 13312 9113 13658 12207 11469 4338 5146 12289 3631 7586 12020 7546 11875 15776 9554 6524 8274 1386 0 8892 11344 3707 13021 12334 5406 14820 9542 6809 2591 1174 4436 10898 5357 6380 1012 12989 9443 7584 11936 1646 13204 11914 14465 833 9574 6791 8382 2386 9309 4173 1207 4398 7310 12546 13753 12879 10055 8380 12999 6595 11770 15175 6074 9620 3335 5339 1959 9463 10178 11685 8687 12703 11290 6578 13550 9956 11919 2789 12371 5325 13431 6921 1314 8293 14824 12278 10457 4278 7617 3518 10680 14403 7633 3024 4425 14857 2845 8668 3287 5385 12240 4411 7965 2294 9493 7972 6511 4912 1759 5886 10849 10076 4677 4301 3589 10057 1925 16695 1106 1902 7666 7226 14655 12609 12063 10345 7361 11459 5100 4467 11297 13222 7655 11247 9215 1227 16561 3495 12989 9001 9023 3415 4573 6023 4332 3545 16385 6141 3006 12352 4886 3063 5477 3347 5200 6387 7162 9388 7640 7263 9185 8990 10422 4475 12112 7233 10208 5264 1602 11488 9900 14299 10375 6934 5217 8809 7219 12266
11965 3375 9225 18552 18864 19898 8999 13309 5044 18839 15445 8215 3223 7266 15404 12885 14675 9871 7569 7532 10360 16302 7513 12045 11611 12582 6242 11292 9060 10000 18922 7491 9521 21198 8206 7953 3000 20346 18203 14706 10259 15065 17910 19331 1723 7187 9180 7237 3637 13289 6689 12310 15958 13801 15597 4580 15566 13036 7228 5643 16778 8620 8751 17605 16517 19280 5596 9075 6301 15350 11641 2674 4396 12627 16691 3141 1223 8829 8992 14644 18022 11380 4027 16365 9698 17871 12970 5235 12735 10173 18242 19396 17003 19177 10329 8593 19473 6633 9348 6917 4905 11272 11705 15068 3550 14355 6409 17885 4579 8338 2220 12794 7752 8343 16136 8466 13641 10716 17561 4566 14021 18103 9121 11196 12863 6543 10948 4418 20183 19952 14222 12203 11950 11736 11030 15625 5157 9878 8053 9473 18205 9105 3444 12510 19658 11323 13872 1570 6224 18603 12222 5659 9755 3387 15368 14821 10023 21660 8948 12077 12433 9149 15210 14369 8340 22012 6829 16896 17109 5519 18576 7248 12285 20808 5674 18680 18657 19962 15272 16425 5338 20151 13457 19453 6062 9983 13508 18857 19562 17014 14173 12921 11808 16903 11300 7853 14774 4720 4765 5800 12483 9654 12050 10125 18949 6958 15751 15835 11816 15697 7290 19041 12293 5251 8227 8288 7602 13705 2250 12141 14215 8541 18652 7063 11638 18799 13933 20361 4586 9592 21171 12523 16477 5174 10539 20062 20797 16717 11960 17102 8186 8892 0 20186 8069 21912 11718 13406 18575 11167 12445 6384 10008 13326 19603 12145 4356 7890 15642 3017 16200 14957 8330 15894 5773 16817 9480 11824 4508 6461 7027 8766 9602 7732 4568 11178 8629 17071 8763 18947 7285 8137 3375 20619 18677 13421 17221 5971 12615 8397 15621 18965 14271 9027 17566 18796 12027 10787 18806 8769 10543 12354 10258 19229 3682 9606 17030 19139 17340 12291 13116 6789 12372 16073 8519 13825 9473 4542 8832 11084 6760 11482 5894 7431 7133 2338 6966 15444 14644 12118 12203 7161 3007 7748 15677 13545 12567 6261 3042 10727 21315 8289 7102 16549 12508 19960 12277 20058 11432 15709 14615 9068 7550 16910 7499 8518 10846 9307 9466 20734 6933 8675 14493 17668 11741 10189 13687 11338 5841 21259 15021 7414 14546 4008 9467 11435 10567 5963 11221 5614 18280 16383 15795 15274 8270 7429 11709 6062 14313 6750 11200 8890 10643 17224 18051 17664 11353 14070 11624 7870 19682
10514 21350 11052 13205 3056 9250 13020 14844 18668 7731 4831 11995 18895 23296 7828 9893 6145 14000 13543 21530 12382 7746 13850 8179 8676 9243 13947 10580 11723 20554 7635 12917 13091 3607 12619 17957 17494 16956 7630 5600 13643 5317 16079 14165 20814 13473 11017 17018 19344 12046 18303 9768 4736 10770 4623 16636 18008 8502 22766 20803 12374 23742 23122 18047 3683 10921 14846 12273 21138 8104 9183 18052 17852 9605 11982 17483 19513 14387 16148 6014 10499 21186 17358 16829 11068 18434 7507 21203 8323 10085 3296 1180 18387 7519 20993 18307 12601 19971 25543 20904 20389 14756 21919 5227 16698 5855 16548 12667 22204 20979 18514 16340 13752 25386 15022 20220 10248 9821 14422 17051 7051 11809 15843 9076 9362 14923 13312 15861 14985 10516 16378 9817 9348 11452 9885 4603 16649 10358 17613 20675 11619 23140 21248 8608 5380 9953 8501 18687 19793 15653 8547 19680 11364 18055 18454 6334 12022 2023 20358 16570 8213 12343 9645 6109 15699 1922 13455 7475 14109 21590 13909 23632 10439 864 17535 4149 19152 9439 10793 10499 16310 17896 8850 6302 21159 16460 6689 7148 624 16244 6383 8047 18550 14480 17466 19843 6758 16469 20390 15656 11796 19118 8992 20724 1404 19889 9026 19817 9746 15406 13071 9718 7909 17538 12021 11904 18047 6545 18025 18097 6585 11742 4814 24238 16562 15659 18955 1482 15601 13734 2612 7764 3909 23169 15522 7653 17102 10282 11119 4321 12025 11344 20186 0 12908 2232 20861 7488 18347 17510 12613 13803 10316 6953 4643 11084 16950 12322 18522 20701 6004 17514 12323 18613 22922 19781 10708 17019 17835 18801 13223 18784 11754 12544 15625 12970 22769 18235 23130 1856 18465 23517 17870 447 18903 10011 9195 14591 8815 12412 12255 1382 17826 16487 15586 9776 12827 23057 1390 21931 10658 20474 11947 14424 17641 10594 3292 17585 15075 17835 7076 17881 8073 13877 25135 11896 11235 15651 25602 9233 18991 8896 16168 22837 14038 19279 13517 12611 11119 10891 10418 13103 17196 21063 13342 6669 7905 14652 21337 9677 18337 12141 13084 4151 13110 15954 20863 8450 18366 5265 17110 14121 13768 13768 24003 17062 19967 16889 11062 18911 13690 23303 13193 3015 9368 11406 7728 11020 14784 17731 5230 13680 18604 16185 12101 12182 10142 15989 13503 17039 2502 5309 6516 12308 17361 20690 10646 23082 10358 20692 10784 11818 20410 9949 18029 10126 14031 6534 16172 15772 10343
3963 10410 4050 16064 12354 15525 1573 12638 9181 14007 8086 3308 8273 13693 10624 4863 8579 9007 5755 12780 8100 11551 1003 4948 4365 8108 2945 7557 5345 13688 14045 1344 7802 14739 363 10573 5082 19087 13378 7316 9094 8446 16881 17101 9254 4910 3487 4580 8944 10919 9962 4244 8313 10630 8328 6606 16093 8104 13363 11214 14223 14717 14445 17589 9443 15675 2548 6254 11815 10715 3790 5523 7948 8476 13960 4980 7103 2825 4658 8405 14428 14947 7076 16084 5507 17966 5401 11268 7459 3197 11749 11953 17320 14232 14162 11281 16538 11197 16085 12013 10504 10866 15567 8323 4622 7157 8172 15282 11580 12912 6012 13111 6345 15417 15004 12502 10132 3098 15834 4179 8325 15076 9833 4027 8588 6394 9515 3787 18110 16068 14230 8095 3933 3972 3108 8338 3744 3069 5515 13426 15076 14663 10373 4563 13906 3289 9231 6503 10820 17208 6794 10395 1704 7447 16180 6962 7319 14651 12895 12697 4718 6464 11409 7988 9044 14819 2000 12036 15327 11683 16398 13872 4302 13645 4691 12532 18862 15652 12086 13007 6927 19359 5388 14036 11694 10996 6415 13799 12302 16284 7925 7480 13697 15342 12668 11863 6822 3655 10427 2753 9952 12559 4111 13871 11557 11338 11627 17204 7476 14855 1546 14979 5276 4645 3600 3086 10393 6431 6369 13666 8215 2010 12738 14095 12353 17359 15425 13419 4071 8492 14433 6175 9674 12464 10780 15067 19479 13169 4113 10825 2353 3707 8069 12908 0 14901 14981 5581 18430 12598 10474 2977 4602 6804 13610 9065 4133 3281 16411 9764 10568 15392 4931 16637 12649 17870 3481 12780 8010 10208 2093 11734 1541 3693 3956 4093 14171 17294 14457 12043 10496 14313 7204 13355 18760 9734 13130 4914 4595 5266 13169 11576 15056 4991 16387 14791 10216 15626 11602 13759 6492 15182 2428 17136 4866 3128 9622 18486 15971 13619 6292 9684 6401 14378 15395 11340 1678 3971 15810 3811 10550 4064 7294 13520 1130 8169 4486 13200 11668 4224 8605 3650 5519 12609 13778 6794 5004 5567 10239 5233 20387 4354 2799 9983 10865 18362 15349 15357 13320 7948 14924 8304 911 15003 14218 10304 13886 5518 4934 20225 1219 14504 12690 10095 6939 2144 5712 8039 5099 20086 8201 5731 15671 4656 6629 9136 2771 7145 9926 4163 11477 10427 10357 12892 5378 12174 8178 12900 10904 11772 3165 5156 14017 13476 17903 13949 10430 7900 12095 3582 15774
12696 22846 12698 12816 3399 8501 15113 15295 20015 7267 6832 13698 20402 24529 8353 12099 7418 14988 14966 22670 13439 8018 15864 10051 10587 10302 15706 11707 13176 21430 7151 14803 14216 2275 14596 19026 19317 16440 7357 7597 14596 6852 15876 13676 22426 14998 12740 19117 20805 12601 19498 11943 6895 11323 6574 18141 18184 9603 23977 22097 12289 24868 24206 17959 5479 10343 16708 13602 22380 8599 11241 19890 19290 10579 11916 19324 21308 16516 18307 7371 10182 21938 18867 16867 12510 18327 9527 22539 9578 11954 3938 3408 18391 6964 21847 19305 12031 21165 26705 22085 21741 15499 22662 6845 18480 7756 17834 12385 23630 22029 20341 16850 15107 26640 15056 21243 10888 11802 14225 18998 8245 11477 16833 10970 10320 16330 14181 17664 14394 9788 16698 10860 11468 13647 11941 6566 18622 12207 19748 21607 11266 24191 22735 10726 4759 12055 9349 20448 21024 15332 9922 20962 13412 19586 18669 8514 13192 253 21335 17172 10260 13643 9991 7580 16795 859 15291 7605 13979 22913 13535 24883 12634 1370 19566 4193 18976 8680 11041 10521 17745 17456 11055 5703 22423 17324 8546 6704 2726 16175 7809 9326 19194 14388 18162 20920 8960 18397 21753 17630 12518 20006 11090 21592 3610 21052 9300 20022 10908 15509 14940 9177 9755 19545 13690 13634 19152 8475 19711 18697 7884 13600 4710 25542 17219 15310 19359 1555 17340 14785 1304 9391 5435 24590 16339 6838 16528 10250 13316 5154 13832 13021 21912 2232 14901 0 21567 9603 18143 18222 13281 15553 11928 8586 4119 11946 18875 14022 18704 22211 6656 17756 13828 18766 24275 19865 12454 17651 19262 20011 15044 19763 13820 14197 17381 15169 23850 18225 24213 2966 19598 24679 19414 1844 18711 10730 9095 16162 10962 13875 12380 3587 18162 18650 15418 9292 13551 23941 3328 22968 11961 21100 14080 13961 19546 12403 5385 17269 14927 18414 8837 19074 9592 13911 26353 12363 13223 17408 26821 11149 20171 10847 17543 24033 16027 20850 15094 12761 11475 13089 11358 14765 18906 22171 13442 8384 9913 16147 22860 11238 17763 13719 14834 5423 13738 15443 21509 7646 19051 7451 17388 15220 15779 13666 25251 18086 20741 19062 12587 18449 15610 24403 13492 5226 10648 13505 9900 12062 16343 17128 6900 15111 18924 17904 13374 13063 12155 17370 14315 19055 3648 6105 7186 12494 19502 21820 11664 24416 10840 21885 12930 13296 21216 9817 17881 9891 14793 7936 16835 17882 9668
18268 8922 12284 11592 18199 15268 16543 6512 6838 15274 17624 12221 8634 6496 13215 18929 14877 7144 9458 4714 8787 13625 15260 15197 15234 11736 12073 10583 10779 1734 15400 13656 8349 19814 14803 4449 12629 11269 14852 17212 7403 15957 9192 11763 10306 10198 12816 17345 8101 8983 5377 18100 18684 10252 17526 8842 5680 12486 5999 6299 10620 5623 4819 7725 17720 13683 13113 9791 5772 12971 16401 12931 7912 11311 10827 12888 12565 17420 18635 15091 12858 579 8754 7218 11179 7797 16537 6901 12865 14326 17733 20686 6901 15679 1522 3718 12843 5095 7226 5033 6911 6106 1145 16180 12023 16605 6864 11332 8314 3594 12835 4935 8905 8022 8251 3263 10683 15425 9903 14454 13952 12077 5514 14938 11538 8590 7600 12306 12170 14559 5745 11170 17165 18692 16225 17584 14835 14055 18425 2306 12286 4501 8780 17242 17364 16831 12361 11908 5495 10144 12918 6059 15899 8924 5198 18534 9402 21364 2787 4448 16544 9613 11677 15178 6107 22093 12990 14123 9705 6837 11178 6890 18607 21058 16043 17392 8295 15214 10806 11692 8254 10570 18845 16646 6028 4560 15926 15650 20335 8215 14867 13152 2417 9278 3407 3866 18867 14070 7053 14729 9078 2428 16911 1639 20205 4762 12400 4894 11410 7616 13439 14210 15186 15600 11950 12477 4688 16370 10819 2988 14501 13654 16954 7836 4353 10340 3491 20198 11562 7557 20371 14283 17152 8666 5383 16371 11694 12037 18718 16580 13085 12334 11718 20861 14981 21567 0 17447 8604 3354 8290 12017 12513 14891 17755 9791 14082 12061 5426 8920 14951 5459 10688 5625 7706 5975 13130 3942 7803 5400 12890 3306 16121 11593 11756 19073 4585 7058 4816 19057 4749 5846 9098 21165 8437 10872 13129 10081 17641 10382 9891 20208 4637 18838 9161 13962 8043 2972 19627 3720 10960 898 17259 11507 13880 13645 18829 9616 9276 3306 15267 5507 13698 9017 7481 9279 15152 11759 7821 15046 5057 15455 7770 5857 14880 9449 10566 9510 10251 18741 10492 11429 11103 4242 9117 15361 16290 9415 9268 12683 11669 11249 12226 16752 7830 11389 595 15894 2517 18852 5469 7385 15220 9766 7065 4711 1098 19293 11581 10740 13954 5084 8495 19730 11990 16649 18182 10028 9909 11899 16289 9429 4309 11262 9692 8717 15674 7895 7371 15667 18370 15586 14421 9637 18519 4428 10348 7558 10757 5126 17491 10844 1082 12617 8207 12822 6831 14695 4734 17282 14407
3260 15230 5320 14444 7608 12405 5534 13036 13184 10673 2876 5822 12852 17951 8014 2975 5067 10392 8299 16579 8852 8738 6459 2269 2240 6788 7331 7296 6704 16575 10665 5915 9126 9868 5340 13518 10507 18041 10144 2203 10230 4242 16266 15547 14350 7824 4931 9530 13433 10470 13385 2499 2775 9581 3205 10739 16690 6271 17512 15375 12842 18724 18274 17610 4413 13193 7831 7662 15865 8232 1795 11008 12107 7318 12482 10447 12556 6912 8725 4760 12138 17590 11395 16123 6268 18018 967 15609 5557 3477 7082 6455 17606 10764 17058 14089 14496 14932 20338 15849 14789 11919 18297 3972 9858 2441 11460 13684 16276 16370 11492 14089 8751 19894 14595 15758 8938 2697 14843 9759 5447 13163 11935 2594 7247 9557 10289 8989 16557 13300 14778 7167 1865 4264 2475 3189 9305 3796 10145 16493 13080 18401 15159 1123 9727 2465 7229 11844 14640 16278 5116 14358 3938 11976 16957 1415 8129 9361 16042 13965 1015 7835 9556 4302 11418 9410 6598 9008 14373 16025 14976 18211 3308 8281 10093 8124 18891 12571 10619 11130 10695 18626 2107 10155 15811 12929 2292 10283 6910 15971 4462 5357 15560 14554 14415 15218 1486 9229 14749 8322 9689 15216 1512 16763 6097 14963 9412 18213 6644 14686 6119 12200 2355 10128 5994 5625 13471 1903 11434 15311 4978 4938 8538 18623 13760 16377 16756 8221 8947 9932 9352 3621 4939 17221 12290 11452 18350 11145 3966 6519 5403 5406 13406 7488 5581 9603 17447 0 18260 14397 10491 7231 4949 3502 9236 8671 9710 6112 17126 14564 7045 16033 6951 17304 17203 18589 4576 14246 12128 13786 6432 14589 4294 6502 8913 5769 17951 17520 18284 6951 13755 18395 11753 7933 18715 8512 10624 8630 1415 7204 12079 6118 15985 9072 15730 12089 10446 18889 6278 17310 6604 17367 4479 15684 10436 4181 4219 17948 15231 15150 2801 13006 4256 13652 19764 10671 3977 8937 20213 2569 14068 2125 10789 17632 6697 13006 7655 12273 10491 3766 7936 6950 10563 16250 13007 3099 1157 8975 15132 4788 19457 6492 6575 5486 11015 17142 17654 11970 15251 2368 15555 10062 6383 14005 18578 12879 16386 9504 5892 19611 6541 18395 12228 4561 5931 3919 843 7928 8847 19004 3772 8383 16728 9569 7761 9382 2857 10605 10650 9617 6524 6567 7105 11919 9902 15825 7779 17417 9555 15613 3345 6671 16684 11214 17793 11633 11255 4561 13404 8285 13023
20398 16579 14549 5404 15296 9926 19913 5815 13620 10881 17055 15125 15372 14978 10945 20727 13799 9594 12941 12983 10333 10717 19112 16158 16504 11477 16124 11250 13102 9973 11000 17158 10673 15952 18125 10702 18322 2923 10807 17009 9412 14983 2273 4802 17587 13799 15168 22188 15096 7838 11987 19927 18213 8688 16802 14410 3099 12003 14431 14113 5984 14217 13404 973 16396 7995 17585 12176 13776 10663 18026 18813 14192 10949 6380 18545 19057 21243 22941 14113 7961 9182 14725 2360 13058 807 17304 14781 12705 16312 15085 18670 1714 11205 9996 10167 6446 12694 15819 13044 14487 7763 9531 15292 17437 16412 12280 5760 16319 11812 18911 5817 12396 16621 3666 11168 9335 17347 3931 19738 13077 6674 9584 16403 11013 13001 8925 17312 4587 8753 4426 11142 18860 21161 18193 16865 19909 16172 23301 10547 6891 13099 16423 18590 13387 18817 11156 18175 12968 2896 13163 13421 18580 15241 3464 18813 11124 18015 10812 6505 17683 11968 9076 14443 10442 18890 16778 10895 4244 14854 4695 15389 20669 18183 21285 14224 852 9783 7888 7886 13614 1999 20214 12454 14007 8608 16093 11439 18009 2291 14173 12916 7114 3906 7325 11508 19327 19167 14611 19410 8718 9452 18444 9980 18270 12353 9526 3871 11721 3627 17023 9055 15970 20910 14831 15356 11059 16557 16942 6626 13651 16533 13587 16341 6944 2979 5177 17191 16490 10078 16839 14640 15603 16876 8218 11512 3275 8075 21048 14283 16092 14820 18575 18347 18430 18143 8604 18260 0 7465 8040 15988 14280 14841 14031 9727 19374 15155 3209 16353 12673 3635 13507 2991 15977 2918 15333 6757 14078 12334 16556 10158 18970 14771 16685 22095 13146 1582 13401 16531 11460 14411 15310 18491 573 9754 9154 14438 19075 13178 6342 18263 4392 23234 2763 8901 8243 11488 17501 12212 12220 7707 20098 4481 19474 15854 17639 1216 3279 6405 15492 11819 14011 4680 16083 7592 17791 16701 16425 16617 12121 16877 13002 14318 18849 16262 14259 6072 7846 20974 10403 14952 16828 12412 5310 15306 17249 13747 16872 13975 3065 14077 15796 14969 7597 3474 8084 10770 7419 18638 3961 10408 19040 4596 15601 10058 8783 23754 13634 2204 17827 13671 6041 18506 12435 19305 19102 10652 14377 3341 15479 13021 4380 16496 11802 9353 17768 13010 8518 20777 16009 13426 12267 6424 23288 12428 10668 15883 8785 13042 19809 13282 9271 8402 539 8267 8056 14022 6997 21666 8763
15538 9138 9427 8973 14849 12216 14169 3437 6166 12069 14373 9555 7947 8091 9871 16123 11552 4006 6857 5966 5585 10308 13040 12130 12229 8422 9838 7331 7870 3483 12193 11254 5287 16496 12368 3240 11266 9587 11614 13999 4190 12650 7222 9374 10123 7688 10004 15610 7638 5662 4525 15287 15456 6918 14258 7284 4407 9169 7498 6757 7709 7724 6913 6493 14404 10773 11104 6845 6516 9630 13503 11693 6832 7982 7854 11508 11739 15237 16674 11774 9826 3720 7468 5411 8176 6731 13462 7428 9582 11465 14380 17349 5847 12475 3800 2718 10175 5326 9562 5831 7059 2755 4441 12882 10477 13383 5099 8571 8975 4873 11721 2060 6270 10031 5792 4088 7334 12577 7455 12892 10629 9206 2766 11968 8203 6347 4294 10541 9982 11634 3371 7863 14301 16066 13408 14317 13169 11220 16723 3875 9398 6733 8981 14298 14077 14033 9010 10909 5556 8080 9682 5979 13278 7900 4205 15409 6271 18017 3883 1340 13541 6648 8379 11881 3593 18741 10677 10820 7143 7556 8696 8514 15865 17705 14489 14053 7495 12181 7575 8537 6533 9185 15935 13389 6723 1601 12741 12414 16987 6240 11569 9868 1163 6777 143 4243 15776 12399 7178 12863 5725 2321 14002 3602 16870 5001 9105 4838 8141 5201 11061 11163 12085 14075 9265 9813 3596 13196 9697 1088 11187 11032 13628 9437 1074 8286 2935 16846 9731 4478 17033 11094 13820 9627 2120 13205 10039 8887 16052 13226 10485 9542 11167 17510 12598 18222 3354 14397 7465 0 4941 9745 9537 11659 14444 6451 12517 9452 4478 8891 11598 3831 7923 4731 8800 5726 10287 844 6716 4871 10525 2788 13559 8993 9932 16628 6581 5925 6915 15704 3996 7759 7999 17812 7526 7519 9932 7898 14725 7593 6833 16872 3107 16920 7019 10907 4689 5887 16283 5576 7816 3026 14719 9168 12483 10821 15532 8166 6972 1144 12079 4380 10489 6277 9561 5991 12499 9942 9981 12103 4670 12488 5942 7436 12698 8837 8113 6474 6988 16048 7165 8950 9722 5360 6222 12137 13246 7184 9421 9609 10353 8515 9798 13408 4493 9434 3378 12784 874 15658 3550 4443 12986 7109 8798 2708 2557 17410 8638 9657 11707 7169 5401 16437 8754 14038 15165 6751 7773 10404 12999 6870 3418 9589 6667 5395 12877 6001 4038 14036 15018 12232 11068 6543 16767 5255 7050 8757 7436 5779 14798 7971 3077 9477 6956 9729 3484 11396 1421 15332 11453
12389 11675 6523 6157 9909 7937 11918 2551 8390 7418 9866 7171 9636 12039 4931 12767 6814 2621 5395 9972 2441 5414 11224 8287 8568 3840 8448 3252 5131 8227 7534 9253 3065 11584 10155 6326 11291 8666 6892 9621 2201 7972 6409 7035 12039 6175 7139 14502 9689 911 7222 11952 11003 2012 9696 7868 6199 4531 11444 9987 4342 12055 11308 7273 9673 6947 9970 4297 10043 4694 10055 11862 8303 3327 4246 11471 12542 13299 15070 7071 5751 8658 8436 5756 5028 7670 9524 10583 5101 8278 9448 12519 7164 7819 8617 6379 7029 8733 13933 9548 9926 2244 9381 8236 10318 8998 6270 5457 12003 9116 12087 3812 4965 14136 4530 8293 2393 9328 5481 12359 5919 5668 4083 8429 3495 5979 1511 9972 7974 7701 4292 3363 10891 13130 10179 9758 12416 8133 15592 8474 5781 11222 11527 10683 9223 10808 4145 11573 8744 6787 5403 8904 10542 9136 6480 11256 3172 13075 8287 3961 9806 4104 3560 7257 4484 13803 8966 5955 4981 10863 6284 12442 12670 12778 13801 9116 8565 7951 3059 4201 7109 8886 12332 8602 10166 4191 8498 7683 12107 5830 6949 5364 5942 4924 4883 8123 11711 11730 9995 11774 856 6838 10496 8378 12048 8518 4281 7771 3848 4419 9143 6948 8143 13477 6885 7388 6564 8970 10381 5485 6504 8533 8706 13260 3954 6953 6513 11909 9190 2852 12096 6910 9024 12863 3162 8623 9077 4537 13025 8308 8122 6809 12445 12613 10474 13281 8290 10491 8040 4941 0 8291 6242 7295 9545 1830 12022 7242 6640 11194 6664 5547 5629 6814 12256 8098 7295 4406 8216 7747 8720 6770 10937 6901 9365 14057 10954 7095 11314 10790 7068 11964 9099 12902 8426 2602 5371 7093 11159 5322 3181 12049 5570 15380 5921 6687 427 10723 11423 9996 4183 7863 12061 6989 12285 7814 10856 8015 5524 5228 7850 6840 6268 3973 13748 1428 9756 9387 14203 8629 7770 8920 6577 11446 10999 10426 6616 3039 2398 12959 2586 7176 9985 9402 3431 7782 9409 6509 11845 5972 9928 6159 7975 8560 538 8021 8258 8341 5777 11305 5072 3381 11146 4701 12781 5318 7469 15906 5607 9754 9991 11537 2262 11766 4561 11266 11320 2633 7104 9660 8381 5514 6339 9372 3882 1339 9739 6491 1334 13256 10113 7314 6135 2837 15543 9132 2717 12310 2565 9399 11780 5324 7956 5113 7530 5485 1592 6778 3566 13845 7457
6656 8007 2964 14262 12586 14507 4528 10176 6316 13195 9073 1891 5670 10965 9695 7477 8443 6406 3053 9896 5851 10635 3296 5674 5271 6893 177 5903 3419 10711 13258 1703 5339 14952 2841 7598 3836 16948 12548 8342 6578 8725 14635 15231 7146 2189 2815 6227 6291 8899 6997 6730 9640 8911 9216 3739 13464 7160 10589 8427 12397 11903 11579 15103 10136 14306 1697 4017 8994 9709 5567 4439 5118 7105 12192 3895 5765 5492 7001 8375 13025 11973 4301 13628 3893 15462 6678 8559 6704 3840 11962 13019 14756 13485 11185 8310 14914 8287 13369 9132 7761 8266 12590 8710 2938 7975 5195 13503 9083 9967 4851 10448 3618 12803 12741 9535 8537 4555 13769 4222 7892 13454 6983 4854 7290 3447 7104 2174 16207 14830 11663 6676 6073 6858 5073 9246 4175 3532 7329 10452 13494 11777 7941 6485 13629 5531 8169 4896 7925 15073 6111 7533 4186 4801 13500 8633 5165 15300 9923 9966 6224 4198 10005 8063 6159 15634 977 11193 13267 8978 14495 11181 7006 14430 5545 12500 16349 14605 10436 11487 3973 17094 7751 13555 8895 8150 7126 13106 13178 13944 7892 6838 10816 13214 9825 8901 8676 3559 7701 3483 7939 9591 6040 10894 12569 8408 10386 14450 6143 12509 1467 13801 5914 5258 1984 1921 7416 7335 4261 10826 7999 2299 12549 11504 9596 15241 12623 14006 1798 5912 14857 6186 10121 10017 8045 14362 17364 11711 6951 10864 1843 2591 6384 13803 2977 15553 12017 7231 15988 9745 8291 0 3759 6978 13486 7218 3936 1585 13743 7341 10153 12766 2746 13978 10065 15177 3101 9997 5166 7262 938 8759 4280 1613 1828 7068 11292 14750 11591 12592 7523 11522 4568 14236 16272 8201 11920 1938 6705 3007 11272 12584 12357 7276 14172 13582 7966 12670 12423 10832 4909 12241 5346 15220 4400 3233 10656 16170 13801 10803 6736 6711 6108 12264 12727 9382 3600 1855 13160 4770 7599 5191 4318 10734 2956 5775 1730 11230 9915 7024 6963 1152 3409 9691 11711 7173 6284 2609 7902 4508 18175 2372 719 10235 8597 16311 12395 14501 10432 9444 12312 5627 3244 12975 11539 7361 10923 7788 3468 17901 1964 11655 10554 11317 5846 4867 7653 6213 2122 17938 8654 2986 12928 2395 4451 6984 4535 4168 7501 4988 11937 10228 9812 10960 7304 9254 6473 10295 9301 8891 5836 3209 11044 12116 15452 12587 7933 7805 9370 5693 14542
6189 11048 796 11498 8862 11027 5857 8652 8555 9598 5837 1874 8594 13306 6132 6659 4692 5548 3456 11779 4149 7073 5522 2753 2722 3509 3929 3075 1757 11628 9650 3687 4253 11213 4246 8587 7595 14654 8956 5205 5450 5077 12550 12551 10511 3193 1143 9089 9074 6526 8541 5825 6659 6081 5894 6345 12278 3573 12826 10745 9675 13963 13459 13511 6638 11083 5229 2723 11171 6192 3982 8198 7617 3877 9395 7652 9494 7351 9247 4642 9830 12644 7061 11993 1365 13906 4076 11065 3013 2045 8239 9658 13361 9862 12110 9144 11940 10142 15654 11075 10241 7220 13350 5109 6680 4702 6637 10713 11948 11487 8608 9469 3847 15332 10716 10846 5554 3130 11383 7774 4139 10480 7000 2433 3986 4803 5644 5932 13567 11501 10358 3504 4799 6893 3984 5936 7584 1892 10083 11556 10476 13561 10950 4761 9881 4619 4673 8589 9886 12788 2382 9668 4330 7746 12467 6133 3361 11678 11114 9239 4030 2906 6807 4363 6469 12078 3819 7598 10879 11470 11863 13603 6488 10876 8844 8743 14802 11143 7505 8406 6101 15017 6401 9844 11148 8026 3868 9459 9695 12051 4167 3112 10700 10938 9566 10328 6401 7111 10224 6693 5589 10267 4472 11815 9184 10140 7043 13644 2880 10656 3696 10424 2826 8653 1794 1905 8558 4216 7789 10498 4243 2601 8792 14115 8988 12927 12053 10374 5483 5060 11163 2555 6502 12913 7462 10726 15029 8567 6800 7118 2434 1174 10008 10316 4602 11928 12513 4949 14280 9537 6242 3759 0 3367 9727 4621 7544 2174 12666 10394 6411 11590 2116 12869 12745 14146 1132 9466 7613 8975 3535 9645 4749 2276 5552 7836 13126 13306 13469 8963 8867 13667 7556 10735 14667 5147 8560 4276 5190 2311 8659 9196 11418 9585 12037 10227 6072 13960 8926 12436 2061 12466 5842 12602 8093 1599 7359 14199 11589 10365 3318 8146 2367 9977 15144 6893 3561 5579 15605 2567 9234 2953 6069 12928 5430 8963 3202 8727 7118 6747 4071 2846 7001 11410 9355 3663 3795 4389 11025 751 15996 1831 3076 6543 6706 13882 12738 10932 10375 6652 11110 5139 5432 10540 13974 7930 11446 10111 944 15929 4575 13598 8339 8134 2345 5035 5669 3639 4471 15652 5089 3565 12121 6014 2871 4953 3512 5883 6040 8276 8285 6469 6095 8403 9965 10994 3691 12928 6320 10844 5546 1742 11736 8880 13772 9355 6624 4068 8655 8175 11208
6323 14399 4119 10946 5655 9182 7514 9840 11789 7515 2745 5113 11944 16488 4559 6321 1834 7753 6644 14833 6104 5346 7807 1984 2582 3465 7135 4329 4821 14269 7529 6398 6619 8044 6456 11411 10776 14542 6932 2348 7492 1748 12804 12049 13876 6523 4162 11343 12403 7143 11578 5653 3797 6156 2694 9687 13454 2849 15980 13955 9343 17041 16478 14230 3282 9791 8229 5499 14334 4760 3962 11361 10922 3992 8981 10800 12742 9072 11020 1616 8689 15116 10408 12765 4188 14640 2613 14319 2198 3622 5035 6338 14280 7674 14737 11867 11032 13227 18792 14165 13500 9006 15845 1746 9912 1727 9742 10184 15270 14407 11799 11042 6912 18550 11177 13701 5507 3928 11355 10649 1966 9678 9497 2823 3874 8025 7386 9113 13061 9970 11571 3937 4661 7288 4488 2747 10348 3808 12187 14291 9601 16539 14298 4129 7113 4941 3736 11869 13011 12788 1978 12849 5697 11103 13765 3992 5532 8334 13906 11028 3213 5607 6054 1185 9171 8714 6791 5690 10890 14716 11474 16805 6487 7511 11457 5735 15499 9336 7126 7632 9386 15142 5580 7308 14334 10335 1252 7210 6333 12551 1159 1950 12798 11086 11653 13249 4489 10014 13492 9380 6454 12849 4177 14451 5856 13183 5926 15065 3538 11309 6500 8860 1652 11354 5107 5057 11445 1716 11128 12468 1581 5170 5937 17367 10888 12884 13747 7035 8759 7371 7886 812 3150 16235 9546 8452 14849 7656 7055 4033 5315 4436 13326 6953 6804 8586 14891 3502 14841 11659 7295 6978 3367 0 6806 5471 10480 5437 13914 13749 3901 12822 5384 14075 16023 15352 3893 11375 10910 12050 6530 12363 6170 5618 8804 8651 16133 14181 16487 5620 11818 16779 10917 7369 15313 5093 7195 7639 4607 5496 8602 5867 12862 11376 12267 8726 7323 16710 5563 15366 4003 14683 6902 12183 11107 3918 4117 14484 11762 12268 721 11164 1221 10199 18330 7286 5217 8832 18795 3068 12274 2984 9284 16067 7868 12329 6565 8812 7025 6901 4710 6184 10321 14411 9556 487 2710 7708 14384 2729 15960 5189 6262 3278 7831 13641 15015 8857 12532 4027 12353 7646 7715 10521 17177 10612 13887 11870 4122 16133 7262 16638 8842 4964 2906 6115 4337 4924 7831 15504 1723 6774 13627 9319 5416 6351 4398 9102 7697 10908 4959 3648 3821 8458 12002 14015 4674 16194 6085 13943 6054 4898 14256 7752 14388 8184 8297 1185 10510 10228 9685
12490 20032 10522 8734 1895 4609 14238 11355 16987 3180 6454 11600 17649 21263 4697 12159 5086 11556 12208 19299 10148 4136 14612 8710 9313 7192 13656 8604 10558 17770 3071 13152 10995 2067 13262 15614 17321 12418 3238 7038 11134 5219 11761 9635 19851 12439 10749 18133 17957 8782 16246 11733 7171 7537 6097 15436 14103 6621 20688 18949 8173 21457 20749 13839 4942 6333 14904 10730 19153 4892 10450 17924 16432 7321 7802 17379 19188 15773 17698 5219 6074 18160 16153 12758 9909 14208 8754 19454 6868 10426 2228 5376 14277 2916 18162 15802 8024 17885 23324 18776 18690 11788 18872 5404 16394 6852 14752 8276 20678 18553 18330 12933 12219 23384 10950 17743 7203 10661 10109 17393 5602 7376 13361 9605 7058 13493 10630 15659 10407 5881 12676 7684 10953 13496 11084 6130 17122 10599 18944 18002 7169 20695 19907 10259 739 11405 6010 18259 17798 11238 7400 17813 12424 16897 14598 8664 10077 3984 17783 13317 9514 10720 6079 5622 13458 4861 13467 3635 9860 19800 9450 21641 12542 4262 18258 1115 14861 4797 7041 6432 14918 13403 11172 1668 19227 13703 7370 2604 4524 12057 5707 6688 15352 10269 14371 17490 9238 16744 18722 16165 8857 16373 10490 17922 5155 17732 5360 15944 7914 11416 13232 5141 8373 18144 11510 11609 15783 7533 17354 14826 5506 11929 954 22371 13407 11223 15363 3272 15181 11442 2817 7478 4302 21617 12687 3017 12536 6149 13202 2803 11999 10898 19603 4643 13610 4119 17755 9236 14031 14444 9545 13486 9727 6806 0 8464 17198 11900 14623 19432 3417 13697 11279 14677 21192 15759 10543 13814 16385 16773 13192 16232 12887 11952 15263 14986 20392 14109 20755 3176 16258 21315 16758 4659 14598 7135 4988 13652 10640 11239 8309 5137 14139 18054 11301 5229 9864 20267 4358 19466 9134 17229 13469 9910 17788 10666 5752 13177 10808 14530 7345 15826 7409 9808 23049 8478 12006 15290 23514 9839 16887 9680 14615 20722 14672 18215 12638 8696 7532 13002 8005 12514 16627 18764 9357 6842 9047 13483 20097 8978 13773 11328 12800 3768 9956 11416 17651 3807 15243 7804 13345 11930 14521 9547 21999 14633 16993 18528 10148 14406 14033 20964 9485 6237 7877 12742 9835 8813 13803 13154 5570 12362 14891 15676 10418 9559 11107 14456 10698 17706 3091 3260 3867 8446 18745 18445 8401 21302 7008 18594 12459 10720 17492 5702 13763 5773 11114 5757 13032 16992 5720
10673 11882 5025 7065 8548 7765 10433 4381 8689 6861 8074 5825 9639 12805 3772 11009 5110 3092 4659 10836 1827 4490 9888 6484 6792 2035 7387 1547 3839 9498 6960 7928 2708 10433 8727 7153 10585 10045 6257 7804 2675 6235 7933 8068 11993 5288 5620 13307 9822 1909 7806 10203 9201 1712 7918 7614 8024 2756 12228 10542 5203 13002 12307 9007 7970 7208 8914 3260 10709 3603 8302 11182 8336 1548 4979 10734 12064 11877 13714 5345 5930 10104 8270 7499 3560 9410 7705 11079 3282 6617 8035 10898 8949 7234 9926 7375 7699 9431 14864 10315 10347 3701 10837 6484 9595 7181 6455 6296 12387 10116 11469 5587 4397 14925 6116 9317 1504 7628 6779 11413 4193 6243 4912 6678 1755 5613 2239 9119 9065 7829 6120 1535 9138 11452 8471 7979 11393 6503 14370 9661 6294 12271 11744 8897 8260 9093 2605 11085 9361 8173 3574 9413 8951 9009 8310 9427 2160 11727 9393 5641 8008 3120 3073 5492 5004 12402 7757 5086 6273 11405 7350 13187 10942 11323 12759 7875 10298 7822 3240 4345 6942 10397 10539 7786 10794 5392 6669 6995 10549 7468 5181 3551 7533 6319 6418 9035 9881 10760 10393 10659 1022 8068 8729 9664 10418 9270 3666 9598 2029 6104 7852 6897 6329 12475 5562 6013 7319 7141 9964 7134 4764 7072 7561 13937 5560 8317 8296 10507 8396 3003 10826 5081 7369 13300 4438 8100 10428 4609 11329 6846 6727 5357 12145 11084 9065 11946 9791 8671 9727 6451 1830 7218 4621 5471 8464 0 11102 5956 8469 11334 5294 7375 4472 8641 12805 9924 5725 6037 8268 8336 7490 7823 9368 5689 8549 12454 11950 8871 12314 9303 7795 12852 8925 11401 10143 1375 5086 6383 9377 4221 4113 10421 7391 14038 7417 6653 1866 12009 9837 11043 2587 9454 10462 8085 11458 6219 9125 9589 6968 6904 6020 7391 4440 5357 14586 2281 8180 8574 15051 6890 8434 7157 6511 12259 9708 10342 5679 4136 2697 11250 762 6067 9436 10305 4738 5958 7601 5928 12001 4254 11377 4912 6785 6962 2363 9299 9825 7987 7318 9488 6901 3519 9805 5943 13543 6180 8883 14566 4130 11314 8732 12516 3727 10034 2747 9651 9503 1030 6448 11044 6618 4805 8156 8686 2822 1117 8059 6382 2421 12199 8605 5862 4766 3829 14293 9982 943 12897 2178 10135 10098 4048 9328 5090 9232 5541 2971 5009 5171 12547 7554
7791 7347 6774 18098 16132 18437 4748 13640 7379 17098 12120 5698 5845 11091 13603 8717 12113 9843 6629 10758 9610 14545 3358 8826 8290 10819 3759 9832 7347 12511 17157 4089 8975 18522 4373 9721 1600 20595 16452 11352 10103 12207 18223 19036 5874 5861 6463 3308 6530 12701 8707 8229 12422 12807 12335 5291 16632 11052 10906 8930 16238 12325 12261 18447 13396 18234 2316 7854 9601 13627 7915 1691 6198 11040 16052 1358 3210 4474 4863 12000 16952 13890 5331 17030 7827 18778 9471 8758 10550 6931 15513 16032 18003 17378 12934 10458 18799 9414 13362 10023 8148 11621 14382 12134 2066 11124 7444 17351 8592 11241 2137 13631 7097 12480 16339 11080 12457 7144 17491 376 11663 17345 9906 7905 11224 6374 10707 2070 19992 18765 14961 10612 8050 7457 7240 12351 849 6697 4354 12101 17394 12558 7360 8695 17398 7401 12087 2946 8988 18739 9927 8452 5820 5274 16578 11096 8993 18622 11543 13039 8822 8014 13938 11635 9031 18846 3737 15095 16996 9134 18291 11166 8092 17658 1978 16169 19642 18537 14336 15405 5995 20644 9398 17387 9413 11018 10329 16987 16336 17460 11510 10656 13443 16902 12624 10411 10949 482 8033 1498 11760 11719 8244 12674 15623 9659 14322 17353 10074 16040 3980 17737 9128 1558 5860 5639 9434 10415 3498 13597 11694 5313 16281 11161 12626 18916 15450 17362 2887 9401 18314 9745 13530 9342 11189 18250 21024 15635 7704 14488 5199 6380 4356 16950 4133 18875 14082 9710 19374 12517 12022 3936 7544 10480 17198 11102 0 5440 16839 6791 13944 15953 6652 17085 9767 18198 6655 12954 6302 8740 4016 10804 5566 5545 2695 6825 12058 18024 12273 15962 9332 11866 5064 17395 19599 12130 15856 4976 8707 6883 15096 15641 15426 4977 17789 17518 11663 13933 15615 11916 8844 14515 6039 19005 749 6561 13681 19683 17455 13648 10089 8589 9793 15972 12577 13203 5754 2678 12937 7729 9097 8054 6577 11094 3044 5348 5439 15024 13795 7878 10886 5076 2998 10775 15452 10572 9066 5640 7085 8290 21759 6308 4516 13751 12267 20019 14563 18415 13046 12075 15531 9004 3415 16723 11468 9858 13052 5359 7383 21389 3265 12250 14271 14197 9748 6108 9836 10115 5011 21572 12040 6515 15892 2928 8294 10762 6874 6517 11078 1591 15355 13945 13639 14773 4473 10371 10392 10047 13215 9804 7077 7139 13018 16047 18835 16518 11425 11447 12477 3615 18477
6216 9210 1378 13019 11016 13011 4807 9358 7085 11658 7663 327 6788 11844 8163 6923 6862 5743 2616 10546 4837 9106 3982 4300 3985 5396 1756 4534 2130 10925 11718 2012 4523 13377 2994 7788 5421 15893 11013 6958 5816 7178 13648 14023 8513 1879 1311 7352 7342 7747 7435 6112 8322 7604 7779 4631 12820 5613 11415 9270 11159 12655 12245 14310 8643 12899 3131 2980 9774 8191 4623 6024 5995 5653 10926 5480 7330 6088 7828 6800 11624 12094 5300 12807 2456 14686 5435 9496 5132 2636 10393 11583 14039 11941 11409 8445 13597 8902 14236 9801 8676 7595 12757 7179 4510 6543 5520 12247 10204 10447 6434 9849 3193 13782 11762 9913 7176 3584 12663 5696 6307 12131 6713 3578 5819 3603 6236 3759 15018 13387 10951 5233 5276 6643 4282 7812 5569 2317 8414 10748 12157 12399 9127 5539 12046 4846 6651 6439 8585 14012 4530 8272 3846 5915 12918 7470 4071 13771 10251 9462 5100 3188 8589 6499 5986 14130 1819 9655 12157 9913 13302 12100 6559 12925 6891 10917 15582 13116 9111 10119 4602 16123 6993 11982 9712 7857 5689 11554 11698 13026 6319 5258 10581 12145 9512 9322 7594 5029 8637 4752 6777 9681 5130 11113 11123 8966 8925 13968 4666 11594 1906 12339 4501 6653 422 488 7672 5943 5704 10501 6416 1595 10964 12515 9133 14170 12221 12472 3327 5226 13299 4636 8587 11159 7556 12814 16295 10322 6658 9285 1034 1012 7890 12322 3281 14022 12061 6112 15155 9452 7242 1585 2174 5437 11900 5956 5440 0 13145 8545 8571 12119 1651 13369 11101 14609 1643 9574 6016 7789 1542 8928 4107 468 3386 7190 11933 14013 12256 11057 7878 12311 5702 12751 15482 6814 10459 2517 5846 1985 10064 11137 11801 8139 13162 12127 6964 13074 10936 11362 3490 12170 5267 14035 5952 1936 9234 15236 12760 10432 5247 7088 4529 11183 13652 8197 3091 3413 14101 3553 8095 3996 4759 11540 3766 7038 1591 10061 8630 6680 5604 841 4885 10261 10600 5662 5064 2912 9146 2922 17169 1084 924 8676 7611 15202 12377 12976 10216 8189 11649 5074 3905 11845 12466 7350 10965 8665 1960 16974 2776 12350 9482 9939 4309 4602 6653 4929 2735 16890 7134 2633 12432 3882 3368 5904 3718 4581 6646 6323 10394 8643 8236 9769 8342 9829 5135 11310 7949 9562 5431 1927 11163 10697 14627 11172 7150 6228 8858 6614 13096
18854 13470 12780 6888 15559 11167 17952 4091 10625 11676 16407 13173 12420 11768 10736 19304 13233 7404 10710 9781 8528 10787 16985 14905 15153 10448 13860 9846 11241 6764 11804 15089 8637 16659 16138 7696 15664 5860 11427 16218 7344 14424 3979 6761 14555 11577 13396 19822 12089 6808 8976 18476 17559 7965 16207 11691 520 11100 11223 10961 6554 11021 10205 2301 16027 9338 15240 10238 10600 10453 16597 16115 11308 9923 6886 15899 16213 19167 20744 13520 8861 6005 11922 2108 11343 2410 16159 11626 11716 14705 15230 18644 1495 12054 6791 7105 8128 9555 12652 9862 11373 5551 6404 14710 14833 15597 9514 6881 13155 8608 16165 3302 10131 13426 3752 7980 8584 15796 5116 17211 12394 7769 6932 14980 10057 10514 7033 14814 6971 10197 2349 9997 17429 19519 16650 16270 17442 14516 20939 7339 7998 9907 13315 17274 14076 17285 10495 15373 9849 4940 12043 10325 16810 12374 275 17890 9329 18540 7613 3806 16415 10025 8881 13767 7808 19370 14611 11126 5109 11682 6319 12180 19154 18507 18792 14571 3061 11065 7731 8191 10916 5147 18929 13212 10834 5837 15130 12168 18097 3102 13469 11969 3957 4648 4348 8346 18350 16682 11501 17045 7465 6291 17058 6771 18202 9210 9499 1323 10486 3219 14925 10157 14774 18394 12874 13421 8051 15603 14153 3523 12986 14640 14002 13132 4213 5119 1968 17550 13992 7920 17419 13550 15300 13688 5707 12564 6277 8479 19450 14249 14143 12989 15642 18522 16411 18704 5426 17126 3209 4478 6640 13743 12666 13914 14623 8469 16839 13145 0 13281 12563 1094 11509 252 12781 1479 13617 3901 11192 9281 14419 7044 17155 12719 14192 20287 9942 1638 10203 16666 8415 11207 12468 18736 3136 8942 9645 12029 17741 11169 6324 18199 1413 21014 4101 9945 6686 8353 17493 9004 10668 4533 18312 6467 16860 14156 17253 4190 4381 3352 14486 8853 12909 4849 12892 6782 16014 14205 13242 15163 9044 15484 10311 11109 16681 13309 12031 5947 7425 19407 9221 12802 14133 9214 5266 14399 16033 11316 13775 12512 6263 12103 13663 14742 6113 6070 4931 11930 4289 17897 1571 8129 16921 5315 12393 7170 5574 21521 11891 5395 15664 10473 5348 18155 11197 17561 17952 9214 11936 6473 14873 10763 1175 13917 9928 7776 16171 10346 6630 18314 16059 13299 12082 6229 20958 9243 9347 12682 8262 9870 18188 11393 6062 8965 2785 9001 6061 13302 4387 19427 10118
13723 667 9691 17051 18975 19024 10984 11525 2866 18193 16176 8863 1809 4338 14931 14609 14804 8580 7265 4541 9510 15757 9459 12843 12520 12242 7255 10841 9035 7186 18290 8846 8627 21203 9801 5672 5206 18386 17583 15489 9014 15412 15969 17711 1400 7230 9840 9964 1515 12093 4401 13930 16867 12847 16265 4072 13274 12824 4239 2678 15389 5648 5739 15381 17029 18141 7227 8708 3312 14823 12906 5167 3013 12159 15368 5435 4128 11146 11634 14840 16937 8534 3346 14267 9701 15607 13960 2221 12690 11123 18369 20048 14710 18562 7471 6188 18087 3849 6571 3971 2008 9602 8798 15477 5231 15045 4934 16455 1833 5422 4842 10731 7213 5726 14311 5661 12826 11896 15854 7086 14027 16810 7364 12108 12417 5942 9693 5999 18482 18889 12154 11770 13376 13680 12389 16303 7639 10805 10874 6628 16942 6089 609 13822 19373 12801 13466 3892 3486 16745 12294 2967 11327 2649 13007 15957 9403 21964 6133 9977 13552 8712 14373 14648 6749 22425 8088 16360 15442 2505 16971 4383 14064 21230 8430 18619 16338 19060 14204 15364 4514 18060 15014 19027 3066 7978 14193 18304 20082 15021 14406 12922 9345 15175 9032 5106 16016 7031 1867 8042 11431 7065 13373 7293 19576 4194 14997 13313 11520 13805 8612 18084 13032 7983 8773 9016 5318 14475 3448 9760 14336 9640 18482 4398 9547 16948 11457 20659 5736 8445 21328 12939 16841 2702 8734 19432 18841 15686 13855 17172 9160 9443 3017 20701 9764 22211 8920 14564 16353 8891 11194 7341 10394 13749 19432 11334 6791 8545 13281 0 16027 12720 8391 13530 2981 14340 10184 9639 3071 4020 8197 6245 11287 8239 5825 13380 5612 14800 5751 19267 4895 5170 2848 21113 16389 12695 16365 6123 14022 8336 14267 19589 11971 11718 15685 17827 10767 7783 19311 5778 10331 9624 12142 17569 6259 10457 17729 17040 15530 9956 13695 4645 12646 14434 5791 12621 10866 5807 6164 12056 4238 12490 4845 4439 9045 1595 7195 14029 13547 13980 11578 7713 4257 4806 14130 14057 13577 6064 668 11025 19229 8564 7989 16788 11133 18115 9498 19308 8996 16724 12433 7900 9471 15294 4678 6456 8139 12052 9645 18548 8547 5671 12995 18465 11630 11896 14993 10717 5924 19246 15471 7116 12138 5125 9014 10430 11863 4992 9878 8261 18568 16341 15564 13919 11063 4526 11123 3258 13402 3830 12914 8915 7867 16239 15847 16642 9857 14276 9614 10406 18638
10132 16632 7198 7954 3261 5361 11391 8841 13623 3644 4810 8282 14239 17991 1830 10008 2071 8356 8793 16078 6856 1995 11565 5885 6479 3804 10326 5226 7146 14775 3648 9964 7675 5220 10210 12412 13977 11735 3100 5077 7956 2840 10449 9027 16435 9026 7483 15143 14559 6051 12958 9422 5885 4771 4484 12021 12054 3206 17427 15626 6725 18263 17584 12265 3796 6266 11633 7320 15861 2111 7839 14584 13032 3991 6328 14047 15811 12954 14906 2333 5366 15305 12740 10962 6502 12665 6320 16111 3473 7377 2784 6086 12529 3779 15193 12664 7729 14614 20114 15521 15335 8860 16033 3143 13036 4641 11397 7278 17302 15399 14978 10344 8815 20111 9181 14605 4275 7817 8832 14160 2282 6565 10195 6693 3727 10085 7526 12324 9981 6282 10384 4322 8490 11119 8387 4541 13930 7503 16028 14952 6429 17557 16508 7886 3478 8821 2712 14873 14503 10183 4042 14488 9580 13482 12484 6960 6712 6441 14687 10601 7016 7316 3692 2803 10205 7144 10208 2050 8450 16466 8592 18359 10259 6117 15126 2626 13439 5526 4875 4818 11512 12527 9140 3472 15922 10668 4832 3311 5545 10472 2744 3316 12603 8767 11544 14303 7547 13502 15362 12998 5877 13350 8005 14937 5653 14481 3152 13845 4507 9509 10020 5198 5553 14978 8169 8313 12555 5152 13950 12130 2365 8760 2463 19062 10617 10230 12951 5248 11813 8185 5537 4405 2972 18248 9686 4552 11969 4691 10865 1690 8763 7584 16200 6004 10568 6656 14951 7045 12673 11598 6664 10153 6411 3901 3417 5294 13944 8571 12563 16027 0 11537 7871 12666 17851 13863 7313 11063 12989 13481 9928 13117 10055 8591 11904 12522 17227 12389 17591 4156 13014 18093 13342 6264 13207 4084 3843 10241 8336 7825 6394 5649 11827 15261 9928 5114 6913 17285 4931 16331 5718 14521 10802 9226 14504 7507 5022 12056 9407 11860 4571 12536 4190 8057 19798 5892 9054 11931 20265 6945 13616 6885 11223 17471 11577 14800 9235 6725 5139 10695 4735 9146 13233 15564 7479 4110 6513 10067 16691 5661 13163 7942 9484 2307 7144 10761 14920 4971 12440 6430 11124 8647 11472 8088 18722 11456 14101 15759 6763 13549 10856 17787 7218 5857 4464 10016 7801 5492 10389 12625 3354 8947 12606 12293 7018 6411 8292 11062 7660 14565 3511 753 531 6400 15855 15225 5083 17971 4354 15330 9928 7311 14569 4549 12303 4886 8147 2723 10230 14069 6013
17779 12956 11719 6313 14573 10418 16925 2997 9987 10814 15324 12137 11747 11549 9708 18221 12160 6390 9721 9494 7459 9797 15987 13813 14064 9357 12888 8754 10187 6575 10941 14077 7601 15746 15113 7068 14825 5919 10529 15129 6306 13349 3736 6350 13952 10589 12337 18886 11462 5727 8352 17394 16475 6899 15127 10873 701 10012 10982 10518 5741 10920 10094 2662 14964 8647 14292 9192 10213 9426 15513 15295 10585 8832 6045 15055 15469 18162 19766 12445 8063 6029 11150 1765 10273 2915 15066 11189 10624 13632 14228 17611 2066 11199 6681 6538 7570 9093 12630 9493 10868 4526 6529 13633 13970 14508 8715 6199 12732 8334 15368 2329 9148 13315 3015 7641 7512 14719 4558 16323 11314 7049 6065 13894 8969 9598 5967 13912 6712 9519 1255 8904 16346 18453 15574 15190 16534 13447 20003 7119 7275 9827 12799 16185 13172 16208 9422 14604 9353 4685 10950 9796 15755 11640 955 16797 8262 17587 7321 2933 15324 8979 7869 12686 6937 18406 13618 10159 4456 11281 5817 11968 18077 17521 17894 13602 3723 10329 6740 7274 10086 5396 17840 12329 10437 5025 14037 11287 17079 2756 12387 10878 3577 4000 3691 7932 17256 15778 10991 16105 6372 5886 15972 6613 17165 8755 8506 2310 9392 2413 13918 9387 13681 17503 11838 12383 7424 14510 13376 3039 11907 13598 13047 12916 3364 4882 2034 16572 13089 6902 16479 12456 14245 13326 4771 11752 6362 7577 18380 13226 13109 11936 14957 17514 15392 17756 5459 16033 3635 3831 5547 12766 11590 12822 13697 7375 15953 12119 1094 12720 11537 0 10476 1279 12451 2563 12552 3133 10470 8701 13419 6548 16106 11699 13287 19241 9807 2117 10093 15658 7826 11060 11719 17738 3724 7865 8743 11092 16653 10138 5388 17162 838 20042 3713 9164 5594 8431 16465 8834 9585 4609 17261 6079 16004 13090 16186 4384 3876 2792 13393 8188 11815 4025 12798 5719 14959 13301 13172 14079 8493 14397 9476 10886 15691 12637 11045 5002 6399 18334 8127 11801 13308 8906 4366 13307 14940 10384 13245 11426 6556 11068 12661 13695 5019 5946 5043 11151 3842 16809 481 7140 15922 4604 12207 6441 5387 20552 10826 5827 14672 10362 4322 17091 10103 16504 16858 8123 11008 6660 13795 9780 1302 13043 8873 6688 15098 9499 5562 17405 15041 12268 11050 5262 20013 8886 8254 12375 7215 9475 17120 10344 5917 8088 3126 8161 5002 12220 3476 18457 9416
7623 9034 1635 11523 10638 11867 6450 7708 6444 10641 7942 1667 6582 11191 7154 8248 6443 4117 1353 9676 3204 8078 5614 4835 4713 4315 2916 3190 741 9678 10713 3652 2876 12926 4641 6583 6293 14293 9996 7320 4171 7022 12025 12502 8629 1175 2129 8889 7022 6183 6451 7416 8775 6166 7984 4319 11177 4713 10710 8631 9659 11854 11361 12660 8665 11584 4442 1338 9055 7133 5729 6902 5539 4452 9448 6409 7995 7737 9456 6460 10302 10769 5045 11158 1370 13035 6130 8961 4415 3648 10024 11717 12390 10955 10163 7183 12168 8036 13538 8966 8138 5957 11456 7095 5311 6808 4535 10761 9887 9421 7247 8218 1813 13221 10136 8809 5805 4739 11082 6953 5723 10709 5233 4363 4660 2688 4586 4728 13485 12131 9303 4019 6479 8147 5538 8028 6921 3369 9971 9564 10751 11472 8929 6597 11329 6149 5612 7038 7773 12413 3942 7552 5368 5758 11284 8199 2462 13580 9101 7855 5981 1542 7297 6258 4582 14034 3340 8658 10578 9364 11770 11489 7955 12839 8287 10378 13931 11956 7692 8753 4007 14498 8170 11148 9033 6344 5980 10605 11706 11387 6019 4615 9068 10548 7974 8267 8427 6296 8125 6199 5217 8364 6242 9866 11237 8043 7716 12355 3546 9953 3525 11120 4933 8003 1368 1919 6524 6332 6079 8951 5977 3145 10327 12012 7540 12576 10635 12275 4077 3599 12979 4583 8451 10852 5965 11840 14701 8983 8129 8848 2634 1646 8330 12323 4931 13828 10688 6951 13507 7923 5629 2746 2116 5384 11279 4472 6652 1651 11509 8391 7871 10476 0 11731 10651 12976 2452 7992 5528 6873 3091 7680 5676 1273 4205 8793 11032 12363 11371 10878 6804 11553 5587 12731 13832 5483 9244 2376 6974 340 8540 11249 10174 9761 11545 10895 5335 11947 10935 10365 2267 10730 6839 12499 7053 2957 9445 13601 11153 8864 5414 6063 4256 9590 13029 6655 4582 4231 13490 4429 7140 4860 3953 10812 5374 7029 1374 8511 7169 8126 4236 1595 5382 9320 9020 5726 5816 2330 9036 2655 15554 599 2350 8406 5980 13625 10964 11917 8715 8759 10005 3494 5539 10275 11861 6013 9601 10286 1262 15339 4363 11495 7883 10237 3412 6128 7611 3469 2538 15288 7100 1453 10818 4483 1747 4299 4991 3768 4996 7728 10182 8079 7467 8233 9917 8900 3740 10829 6564 8734 6876 560 9846 9403 12979 9872 5500 5892 7252 8218 11844
19057 13717 12991 6842 15640 11162 18177 4270 10876 11709 16553 13395 12672 11990 10841 19500 13369 7631 10943 10010 8734 10872 17217 15088 15342 10610 14097 10031 11455 6987 11835 15317 8858 16708 16363 7948 15913 5685 11472 16373 7564 14562 3874 6677 14805 11810 13608 20064 12340 6957 9228 18674 17707 8097 16349 11941 623 11255 11447 11204 6578 11230 10415 2102 16154 9318 15480 10455 10838 10558 16792 16365 11561 10083 6917 16149 16465 19397 20980 13659 8874 6204 12174 2062 11549 2187 16337 11868 11878 14909 15319 18750 1278 12083 7005 7355 8075 9799 12849 10100 11619 5774 6586 14850 15081 15754 9765 6865 13396 8838 16417 3533 10365 13633 3768 8215 8721 15997 5074 17458 12536 7761 7179 15173 10213 10758 7241 15059 6852 10172 2529 10166 17626 19728 16852 16412 17687 14723 21181 7564 7991 10113 13562 17463 14122 17487 10632 15625 10095 4830 12215 10573 17024 12626 526 18056 9537 18605 7845 4050 16601 10243 8978 13912 8055 19439 14843 11200 5092 11921 6258 12400 19356 18587 19038 14644 2816 11057 7820 8247 11166 4945 19118 13251 11074 6087 15296 12207 18194 3031 13615 12128 4201 4632 4600 8588 18519 16927 11748 17287 7632 6534 17251 6990 18310 9453 9587 1309 10662 3262 15154 10160 14954 18640 13095 13642 8303 15768 14405 3773 13129 14859 14068 13352 4460 5004 2189 17626 14237 8146 17479 13721 15422 13923 5947 12578 6097 8529 19656 14349 14365 13204 15894 18613 16637 18766 5625 17304 2991 4731 6814 13978 12869 14075 14677 8641 17085 13369 252 13530 12666 1279 11731 0 13014 1285 13826 4151 11445 9531 14650 7292 17371 12945 14437 20505 10156 1434 10412 16758 8666 11420 12720 18822 2898 9085 9694 12270 17931 11392 6392 18307 1661 21251 4026 9952 6871 8538 17596 9222 10864 4729 18528 6378 17109 14364 17382 4000 4332 3604 14653 9105 13080 4884 13098 6914 16228 14450 13444 15359 9293 15677 10560 11332 16914 13561 12264 6019 7532 19611 9390 13033 14383 9446 5324 14560 16215 11558 14022 12705 6051 12325 13894 14857 6290 5928 5119 11933 4536 18051 1760 8361 17153 5313 12610 7423 5799 21758 12100 5167 15897 10682 5458 18283 11374 17774 18131 9400 12178 6275 15015 10997 1411 14165 10142 7966 16375 10595 6837 18559 16156 13404 12189 6309 21199 9479 9526 12913 8381 10109 18396 11609 6282 9005 2583 9028 6272 13449 4628 19664 10100
16590 2435 12110 17615 20950 20192 13921 11960 4261 19586 18581 11403 4402 1596 16549 17460 16869 9785 9385 3018 11051 17294 12399 15342 15079 14053 10002 12629 11208 6082 19694 11654 10196 23071 12660 6008 8187 18342 19013 17934 10228 17605 16013 18119 4051 9557 12349 12909 3777 13165 5041 16754 19359 14119 18634 6472 12891 14709 1821 2273 16127 3000 3390 15031 19295 19068 10136 10677 2298 16400 15613 8128 5135 13875 16178 8414 6967 14123 14600 16948 17949 7200 5808 14148 11857 15187 16532 1740 14697 13730 20364 22361 14271 19975 6186 6206 18753 3581 3602 2971 2535 10307 7227 17707 8187 17446 6457 17115 1196 4186 7779 10833 9180 2769 14565 4813 14226 14584 16206 10057 16030 17610 8180 14676 14139 8003 10847 8925 18770 19876 12168 13529 16138 16595 15138 18678 10615 13410 13787 5488 17771 3787 2409 16535 21045 15587 15183 6849 3515 16880 14391 3391 14161 5265 12519 18570 11140 24034 5169 10077 16189 10632 15696 16815 7839 24563 10884 17889 15856 1401 17415 1487 16935 23386 11362 20475 15808 20202 15314 16444 6646 17839 17808 20591 2123 8397 16607 19774 22313 15024 16549 14953 8881 15522 8942 4558 18677 10012 2532 11021 12676 6570 16096 6117 21879 3860 16375 12517 13392 13990 11415 19192 15497 10920 11268 11586 5725 16929 6411 9415 16407 12343 20258 1446 9693 17085 10833 22741 8584 9802 23303 15230 19020 978 9344 20815 18791 16785 16758 19149 11828 11914 5773 22922 12649 24275 7706 17203 15977 8800 12256 10065 12745 16023 21192 12805 9767 11101 12781 2981 17851 12451 10651 13014 0 13593 12703 9633 5133 4513 10963 6023 14154 10741 8694 16344 3418 14396 3400 21381 5217 2520 5501 23318 15910 14177 17611 8593 16770 10528 15081 21890 11633 14675 15819 18931 11845 5732 21543 4030 12316 8550 15052 17931 9218 13036 20097 16833 15761 9680 16061 5439 14859 14917 2810 13659 13650 8678 3188 14653 4496 15095 6754 2013 11983 4523 9621 14786 14654 16873 13193 10261 7190 3568 14733 16377 16165 8359 2740 13303 18991 10933 10662 18887 12069 18231 8299 20586 8611 19271 12263 9288 12407 15775 1728 6995 7238 14995 11909 18174 11430 3224 13701 20879 13628 14762 17691 12379 8379 19111 17727 9251 11606 7994 10902 11776 14597 6933 10927 11219 20670 18255 17356 14745 13988 3567 12791 289 14691 3027 15775 11126 6807 17366 15515 17723 10744 16405 9874 13383 19651
20333 14480 14257 7633 16787 12069 19415 5554 11776 12733 17816 14642 13595 12461 12045 20782 14621 8866 12154 10576 10007 12035 18431 16373 16626 11888 15291 11316 12716 7512 12859 16544 10108 17771 17600 8868 16984 5830 12534 17645 8816 15814 4481 7305 15651 13020 14874 21221 13221 8225 10129 19954 18971 9346 17607 13002 1900 12527 11946 11913 7603 11583 10789 2333 17391 10183 16652 11711 11495 11760 18074 17417 12538 11360 7962 17224 17443 20616 22174 14913 9853 6537 13194 3004 12822 2181 17622 12566 13155 16185 16486 19948 1590 13097 7451 8228 8821 10541 13096 10747 12387 7020 6791 16105 16176 17026 10818 7759 14067 9409 17447 4760 11572 13971 4810 8861 9975 17275 5905 18572 13796 8677 8305 16456 11487 11909 8512 16189 7312 11014 3814 11447 18907 20997 18130 17671 18820 15995 22337 8105 8907 10459 14327 18747 15182 18764 11885 16629 10867 5378 13497 11372 18285 13608 1692 19335 10808 19710 8453 5214 17886 11499 10171 15173 9178 20555 16055 12337 6009 12581 6992 12859 20633 19730 20161 15773 2392 11952 8998 9349 12241 4900 20402 14292 11739 7180 16575 13249 19375 3823 14878 13404 5014 5563 5607 9300 19801 18056 12520 18449 8914 7279 18535 7485 19514 10192 10758 1082 11946 4377 16377 11099 16239 19756 14343 14890 9217 17047 15421 4691 14388 16111 15184 13807 5601 5523 2889 18761 15371 9383 18571 15004 16650 14529 7131 13544 6192 9615 20929 15540 15611 14465 16817 19781 17870 19865 5975 18589 2918 5726 8098 15177 14146 15352 15759 9924 18198 14609 1479 14340 13863 2563 12976 1285 13593 0 15096 5246 12421 10390 15867 8103 18628 14180 15571 21760 10560 1787 10785 17929 9541 11820 13715 19979 2588 10346 10772 13436 19215 12637 7530 19510 2820 22440 4759 10904 8156 8738 18791 9679 12146 5087 19786 6991 18193 15635 18623 4105 5152 4583 15934 10045 14363 5954 13423 8165 17489 15583 13738 16641 10126 16960 11641 11814 18121 14479 13471 7170 8744 20886 10671 14252 15443 10040 6447 15836 17500 12721 14798 13988 5887 13572 15113 16075 7574 6274 5412 12868 5386 19321 3043 9576 18368 6273 13039 8434 6363 22944 13370 4861 17106 11052 6682 19521 12658 19037 19416 10684 13335 6236 16272 12202 2311 15271 11405 9250 17650 11687 8110 19691 17339 14606 13395 7476 22363 10123 10811 13469 9611 10783 19668 12867 6788 10063 2710 10048 7539 14713 5807 20852 10968
5273 10848 861 12630 9533 12087 4728 9649 8622 10618 6021 1321 8418 13392 7184 5837 5459 6358 3765 12004 5093 8120 4418 2660 2381 4628 3253 4183 2425 12128 10664 2658 5062 11914 3122 9025 6883 15767 9980 5314 6317 5641 13642 13682 10152 3248 357 8001 8959 7622 8822 5000 6684 7210 6143 6233 13245 4641 12944 10817 10805 14149 13699 14546 7037 12195 4366 3456 11295 7261 3278 7469 7578 5007 10527 6909 8855 6219 8118 5356 10947 13219 6917 13028 2286 14937 3835 11075 4028 1197 8911 9949 14367 10866 12613 9633 13069 10356 15773 11273 10251 8112 13907 5614 6026 4905 6894 11845 11828 11818 7906 10378 4263 15361 11796 11230 6686 2298 12498 6856 5032 11610 7649 1991 5110 4984 6585 5220 14697 12596 11333 4636 4036 5902 3121 6176 6617 933 8980 12006 11605 13831 10763 4149 10750 3746 5760 7996 10064 13897 3370 9787 3248 7548 13409 5893 4290 12202 11535 10097 3580 3661 7930 5011 7028 12533 2926 8627 11993 11488 12992 13662 5591 11329 7833 9519 15835 12209 8637 9534 6132 16113 5719 10776 11247 8733 4052 10449 10084 13120 4867 4084 11444 12044 10328 10672 6062 6203 10219 5692 6675 10815 3790 12317 9492 10392 8148 14551 4012 11714 2706 11513 2858 7669 1436 1198 8953 4300 7322 11286 5039 1499 9626 14108 9817 14039 12905 10910 4896 5851 11779 3119 7026 12786 8261 11719 16146 9691 5839 7850 1456 833 9480 10708 3481 12454 13130 4576 15333 10287 7295 3101 1132 3893 10543 5725 6655 1643 13617 10184 7313 12552 2452 13826 12703 15096 0 10285 7591 9214 2655 10129 3649 1963 4929 6763 13378 14319 13710 9495 9212 13822 7338 11140 15707 6279 9657 4111 4522 2748 9783 9506 12336 8457 13132 11320 7099 14379 9326 12752 3143 13148 4766 13731 7251 541 7596 15282 12691 11175 3636 8449 3140 11081 15214 8003 2463 4956 15667 2013 9501 2455 6212 13061 4351 8681 3096 9844 8248 5808 5196 2471 6489 11681 10463 4072 3481 4405 10788 1762 17102 1935 2382 7166 7741 15004 13394 11961 11102 6569 12073 5846 4327 11657 14031 8464 12046 8982 1726 17016 3552 13819 9429 8296 3458 3976 5190 4725 4325 16766 5554 3836 13020 5477 3705 5983 2594 6028 6990 7267 8846 7291 7040 9523 8854 11255 4803 12906 7452 11036 4576 2317 12296 9995 14820 10468 7557 4797 9502 7060 12303
15557 9909 9426 8134 14297 11445 14345 2647 6869 11358 14059 9648 8616 8935 9302 16103 11145 3929 7026 6809 5394 9688 13279 11978 12118 8050 10102 7057 7860 4280 11483 11441 5228 15875 12533 3967 11763 8785 10922 13723 4025 12270 6404 8530 10842 7880 10020 15982 8345 5053 5247 15266 15162 6328 13925 7790 3758 8786 8342 7568 6899 8556 7742 5785 14007 9968 11429 6830 7345 9052 13447 12214 7452 7584 7056 12000 12343 15474 16975 11382 9047 4371 8034 4631 8102 6048 13298 8239 9249 11442 13847 16906 5188 11764 4567 3506 9340 6139 10387 6666 7844 2369 5068 12515 10938 13102 5615 7742 9785 5716 12269 1216 6437 10871 4949 4932 6788 12554 6611 13328 10230 8392 3061 11880 7790 6674 3994 10943 9142 10833 2551 7505 14259 16130 13396 13985 13575 11213 17098 4697 8587 7554 9752 14213 13423 14026 8536 11488 6353 7251 9403 6756 13359 8511 3635 15201 6133 17451 4723 525 13424 6624 7736 11518 3933 18194 10904 10181 6300 8377 7852 9358 15877 17180 14915 13468 6846 11405 6876 7798 7016 8421 15862 12710 7549 1938 12496 11721 16510 5429 11206 9531 1543 5933 709 5078 15593 12810 7959 13215 5228 3163 13938 4387 16431 5819 8459 4455 7838 4361 11259 10390 11910 14511 9353 9904 4322 12958 10264 1098 10800 11130 13020 10281 489 7457 2647 16303 10125 4434 16444 10852 13392 10452 2028 12476 9239 8146 16098 12714 10599 9574 11824 17019 12780 17651 3942 14246 6757 844 4406 9997 9466 11375 13814 6037 12954 9574 3901 9639 11063 3133 7992 4151 9633 5246 10285 0 7337 5624 10734 3614 13663 9125 10325 16764 7413 5249 7744 15196 4750 8598 8594 17308 6856 7008 9215 8210 14652 7655 6055 16432 2491 17233 6188 10136 4208 6627 15820 6408 7642 3458 14827 8325 12962 10824 15160 7401 6132 904 11834 5063 10233 5442 10398 5337 12571 10338 10816 12030 5445 12399 6411 8280 12953 9506 8320 5688 6311 16082 6776 9133 10232 6204 5405 11858 13104 7494 10185 9472 9591 8590 9992 12951 3920 8609 3859 12032 1447 15395 2803 4502 13220 6270 9641 3308 3278 17731 8597 8933 11947 8000 4630 16068 8484 14119 15033 6452 8103 9619 12642 7057 2950 10029 6603 5037 12879 6450 3681 14446 14519 11720 10537 5776 17129 6095 6715 9594 6823 6609 14838 7980 3819 8733 6237 8968 3087 11033 868 15643 10657
11819 3650 6978 14204 15986 15980 9454 8834 1175 15125 13449 6308 1423 5836 11863 12642 11844 5595 4300 4774 6442 12686 8001 10217 9972 9194 5140 7785 6113 6209 15221 6847 5560 18183 7945 3588 4827 15849 14513 12801 6018 12521 13413 14930 3826 4423 7235 9595 1573 9103 2437 11888 14229 9802 13505 1428 11091 9794 5433 3273 12485 6737 6435 13110 14189 15154 5705 5687 3828 11752 10599 5145 117 9096 12436 5085 5024 10021 10996 11901 13933 7591 996 11858 6772 13383 11425 3484 9700 8652 15386 17245 12524 15493 6632 4293 15189 3233 8236 4006 2661 6821 8080 12610 4267 12314 1967 13572 4372 5027 5092 8287 4180 7771 11659 4789 9763 9561 13122 6670 11039 13871 4630 9574 9354 2933 6707 4687 15753 15883 9715 8711 11182 11972 10176 13548 7083 8333 10656 5803 13993 6655 3522 11521 16313 10671 10405 4222 2833 14123 9343 2385 9351 1187 10920 13476 6336 19018 5246 7575 11116 5675 11316 11741 3889 19513 6081 13289 12683 3899 14180 6084 12170 18326 8249 15593 14182 16021 11187 12350 1525 15643 12883 15958 3733 5478 11474 15232 17222 12510 11484 9942 7456 12456 6845 4119 13609 6332 2628 7099 8400 5495 11095 6372 16765 3426 11933 11476 8483 11205 6606 15053 10366 7804 6156 6503 3259 11797 3052 7730 11378 7360 15437 6521 7136 14321 9559 17717 4062 5416 18342 10111 13944 5336 6048 16364 16301 12665 12087 14181 6816 6791 4508 17835 8010 19262 7803 12128 14078 6716 8216 5166 7613 10910 16385 8268 6302 6016 11192 3071 12989 10470 5528 11445 5133 12421 7591 7337 0 2438 6100 4574 9421 5634 4230 11988 6162 12586 6447 16338 3069 6358 1317 18237 14193 9625 13314 3499 11791 5423 11343 16777 9805 11168 13079 14798 7790 7756 16450 5804 7323 8291 10435 14812 6077 7948 14968 14631 12870 7854 10930 2404 9762 11656 7637 9636 8755 4226 8085 9564 2796 10008 1776 5572 7589 2260 4498 11131 10535 12172 8507 5181 3309 4645 11298 11253 11066 3226 3740 8183 16807 5800 5678 13848 8202 15485 8303 16249 7067 14152 10118 4871 7984 12504 6451 4030 6801 11596 6789 16231 6827 6499 10132 15747 8633 10018 12656 7647 3281 16756 12622 4159 10125 3621 5971 7385 9621 1929 6925 7893 15633 13328 12519 10994 10767 4216 8054 5324 10352 3767 10998 6018 6730 13210 13551 13622 6974 11346 7116 9658 15627
13873 4293 8478 13267 16645 15684 11708 7647 1448 15080 14727 8036 3277 4518 12100 14649 12672 5284 5521 2804 6630 12818 10302 11708 11562 9717 7272 8305 7280 3775 15189 8965 5808 18693 10100 1668 7250 14392 14511 14149 5726 13514 11986 13853 5274 5972 8862 12033 2836 8656 531 13860 15620 9609 14730 3664 9260 10409 3970 2240 11702 4997 4490 11362 15258 14596 8040 6559 2381 11939 12405 7534 2542 9490 11729 7509 7211 12378 13418 12787 13457 5162 3423 10255 7877 11591 12995 2846 10487 10364 16077 18340 10697 15470 4194 2177 14364 1177 6749 2115 2275 5858 5642 13653 6704 13607 2339 12723 4327 2705 7436 6738 5157 6633 10379 2361 9733 11368 11966 9107 11794 13169 3680 11193 9754 4230 6336 7089 14578 15392 8152 9171 13063 14120 12064 14779 9521 10055 13094 3366 13322 4618 4136 13314 16594 12608 10784 6516 1026 12787 10267 1190 11411 3526 9007 15065 6820 19777 2810 5979 12794 6470 11189 12710 3340 20356 8224 13408 11578 3117 13127 4879 14223 19202 10682 16105 12332 15696 10805 11939 3290 14044 14780 16111 2459 4053 12804 15278 18207 11027 12426 10758 5376 11282 5012 1694 15270 8768 2375 9513 8167 3198 12914 3935 17852 1178 11872 9389 9106 9849 8729 14688 11801 10235 7825 8266 1325 13179 5420 5758 12222 9283 15851 5601 5554 12991 7501 18499 6415 5336 18986 11295 14895 5136 4919 16307 14846 12279 14206 14859 8714 8382 6461 18801 10208 20011 5400 13786 12334 4871 7747 7262 8975 12050 16773 8336 8740 7789 9281 4020 13481 8701 6873 9531 4513 10390 9214 5624 2438 0 8195 2305 11537 7351 6595 14257 4165 10785 4500 17175 875 4730 3707 19176 12377 9701 13098 5391 13634 6665 10627 17861 7956 13597 11723 14427 7333 5421 17443 3584 8146 5947 12606 13691 8498 9648 16167 13024 11596 5944 12202 947 10843 10597 6344 9154 10748 6593 6812 11227 358 11669 3030 4036 9898 4134 6198 10349 10144 14271 8771 7006 5744 2473 10355 12451 12668 4879 4562 9411 15213 7296 7658 14692 7574 14156 5922 16073 5012 15627 8414 4843 10277 11460 5244 2559 4440 14029 8060 14528 9069 4623 9276 17001 9434 12116 14397 7989 5183 15240 13700 5421 8152 6024 6701 7285 11501 3208 6416 10331 16461 13933 12973 10286 13205 2042 8398 4579 10182 1895 13059 7249 4320 12858 11827 13221 6250 12270 5652 12076 15161
5719 8861 2782 14555 12181 14510 3663 10743 7253 13121 8439 1738 6562 11889 9638 6545 8111 7031 3716 10834 6291 10582 2569 5047 4589 6907 966 6076 3653 11614 13176 774 5883 14565 1923 8491 4275 17384 12477 7691 7158 8274 15113 15553 7918 2855 2447 5818 7196 9259 7922 5806 8932 9145 8609 4675 14120 7078 11519 9358 12693 12837 12517 15691 9587 14434 1712 4426 9928 9680 4722 4846 6051 7182 12464 4281 6291 4749 6386 8010 13160 12862 5224 14199 3997 16058 5946 9478 6548 3153 11559 12393 15381 13391 12090 9194 15139 9224 14292 10070 8685 8897 13488 8229 3490 7370 6100 13784 9961 10899 5298 11117 4302 13710 13222 10458 8718 3737 14168 4239 7647 13674 7759 4176 7342 4302 7634 2640 16545 14912 12285 6766 5183 5926 4192 8633 4062 2868 6889 11366 13699 12715 8801 5631 13383 4624 8144 5489 8863 15504 5916 8470 3251 5699 14182 7844 5551 14792 10841 10672 5438 4625 10124 7663 6959 15082 285 11119 13662 9897 14829 12100 6070 13882 5362 12173 16951 14619 10653 11660 4906 17584 6845 13374 9827 8925 6535 12992 12601 14462 7521 6645 11617 13638 10599 9828 7853 3577 8622 3216 8290 10470 5179 11798 11954 9343 10447 15173 6190 13027 548 13858 5315 5141 1956 1638 8319 6700 5002 11598 7686 1515 12270 12405 10317 15665 13373 13509 2515 6523 14409 5769 9638 10886 8751 14258 17791 11861 6014 10504 1216 2386 7027 13223 2093 15044 12890 6432 16556 10525 8720 938 3535 6530 13192 7490 4016 1542 14419 8197 9928 13419 3091 14650 10963 15867 2655 10734 6100 8195 0 9651 3343 1821 2484 6183 12230 15365 12528 12098 8440 12454 5462 13662 16862 8355 11980 2841 5825 3403 11592 11970 13049 6683 14635 13649 8423 13598 11856 11768 5031 13089 4420 15561 4597 2641 10024 16681 14244 11561 6208 7629 5783 12679 13642 9719 2687 2508 14073 4058 8530 4457 5234 11665 2293 6616 2415 11581 10169 6086 7147 1618 4132 10628 12104 6671 5544 3477 8739 4278 18644 2584 761 9808 9066 16709 13256 14449 11237 8697 12957 6292 2503 13356 12456 8211 11795 7205 3487 18418 1275 12591 10973 10644 5794 3929 6807 6465 3034 18379 8154 3677 13644 3138 4838 7389 3669 5079 8040 4793 11464 9936 9626 11294 6828 10191 6676 11198 9491 9828 4899 3446 11931 12231 16023 12706 8510 7452 10072 5129 14621
15141 6428 9310 11640 16364 14546 13286 5996 3735 14177 15104 9117 5571 5425 11543 15844 12657 4788 6378 3296 6405 12137 11976 12388 12351 9542 8806 8222 7888 2002 14294 10422 5758 18234 11571 1161 9383 12369 13661 14611 5168 13634 10010 12106 7548 7049 9797 14052 5139 7632 2142 15025 16096 8765 15052 5542 7063 10282 4825 3977 10239 5290 4539 9191 15410 13254 9811 6974 3732 11340 13404 9718 4688 9206 10332 9639 9493 14127 15329 12824 12211 3215 5492 8185 8377 9396 13720 4648 10520 11323 15838 18461 8490 14580 2487 501 12807 2547 7169 3063 4332 4590 3841 13819 8740 14027 3575 11178 6195 2348 9658 4811 5867 7457 8544 1523 9033 12398 10191 11177 11739 11737 2941 12023 9459 5373 5608 9003 12748 14092 6158 8968 14134 15511 13166 15107 11545 11035 15137 1929 11913 4465 6272 14276 15957 13755 10414 8763 2810 10864 10444 3282 12731 5734 6771 15765 6849 19541 1575 4055 13642 6826 10329 12832 3204 20195 9735 12698 9851 4768 11410 5845 15486 19089 12772 15693 10104 14532 9729 10795 4949 11937 15838 15366 3936 2594 13284 14452 18218 9028 12529 10806 3101 9508 2931 1480 16046 10778 4458 11424 7383 921 13917 2190 17973 2216 11047 7091 9063 7968 10199 13511 12420 12334 8861 9368 1382 13702 7622 3535 12237 10507 15353 6739 3678 11070 5216 18305 8257 5059 18650 11679 14938 6840 3623 15368 12822 11145 15556 14636 9932 9309 8766 18784 11734 19763 3306 14589 10158 2788 6770 8759 9645 12363 16232 7823 10804 8928 7044 6245 13117 6548 7680 7292 6023 8103 10129 3614 4574 2305 9651 0 12927 8463 8450 15826 4184 8591 4544 17057 1511 5229 5888 19127 10166 9104 12092 6821 14648 7401 9258 17979 5766 15534 9802 13250 6407 4349 17475 3235 8361 3720 14050 11913 10633 10621 16432 10920 9738 3757 12642 2214 11144 8935 7032 8068 12006 8454 7477 12104 2024 12529 4476 4790 11592 6436 7385 8932 9089 15591 8411 8245 7843 2697 8798 12808 13438 6176 6730 9927 13101 8205 9012 14633 6459 12221 3761 15034 2756 16192 6309 4723 11939 9786 6154 1751 2249 15990 8701 12361 10679 4768 7839 17308 9538 13472 15279 7764 6641 13174 13900 6326 5895 7962 6971 6708 12607 4608 5539 12383 16348 13664 12590 8938 15226 2517 8142 5991 9329 2996 14349 7919 2289 11738 9666 12047 5178 12362 3885 13976 13888
2437 11937 4422 16193 11489 15218 1351 13250 10582 13616 6993 4015 9764 15162 10372 3326 8000 9788 6717 14171 8677 11267 2220 4197 3593 8110 4287 7823 5920 14907 13641 2579 8523 13847 1494 11771 6608 19403 13008 6235 9812 7669 17290 17260 10795 5930 3802 5318 10426 11270 11256 2708 7068 10809 7270 8001 16804 7963 14815 12658 14391 16152 15850 18171 8438 15557 4086 6917 13244 10502 2579 7030 9366 8542 14097 6496 8615 2902 4851 7782 14347 16124 8514 16654 5912 18558 4307 12740 7258 2866 10904 10744 17965 13804 15387 12458 16555 12566 17560 13406 11963 11610 16768 7500 6163 6180 9409 15406 13097 14241 7519 13878 7299 16918 15444 13788 10256 2242 16131 5563 7908 15110 10819 3363 8609 7554 10151 5325 18279 15871 14906 8205 2513 2590 1880 7271 5069 2899 6062 14681 15087 16053 11896 3207 13251 1864 9099 8037 12202 17537 6602 11800 475 8924 16937 5617 7874 13573 14162 13530 3561 7129 11390 7333 10079 13675 3340 11701 15627 13157 16585 15353 2781 12525 5799 11785 19457 15358 12190 13017 8248 19761 3862 13478 13133 11964 5535 13350 11163 16765 7327 7219 14687 15687 13617 13163 5414 5099 11892 4110 10324 13718 2783 15093 10375 12687 11513 18027 7576 15356 2819 14766 4535 5843 4311 3759 11619 5454 7905 14604 7694 2533 12061 15600 13215 17676 16308 12382 5569 9271 13453 5676 8773 13989 11639 14604 19776 13141 2671 10084 3073 4173 9602 11754 1541 13820 16121 4294 18970 13559 10937 4280 4749 6170 12887 9368 5566 4107 17155 11287 10055 16106 5676 17371 14154 18628 3649 13663 9421 11537 3343 12927 0 4569 5466 3137 15566 17924 15861 11044 11762 15759 8683 12201 19335 9837 12966 6164 3156 6014 13398 10395 15838 5207 16780 14597 10728 16934 10496 15111 6791 16261 1163 17323 6311 3150 8465 18931 16336 14529 5558 10953 6041 14725 16883 11642 1189 5483 17304 3110 11871 3210 8560 14967 2526 9692 5555 13474 11841 2750 8813 4692 7051 13971 14104 6057 3942 6761 11771 5224 20745 5077 3919 9165 11373 18625 16456 14968 14322 6645 15630 9161 2155 15287 15702 11413 15023 5705 5336 20665 2743 15919 13078 8855 6950 609 4300 8374 6365 20400 7351 6723 16491 6167 7236 9617 1781 8400 10560 5328 10527 9812 9916 13147 5858 13534 8440 14401 11009 13165 1628 5762 15192 13387 18453 13854 11105 7334 12928 4123 15579
6683 8901 1499 12753 11136 12895 5236 8965 6682 11585 7939 686 6464 11449 8084 7385 6955 5315 2150 10118 4477 9023 4344 4614 4339 5280 1791 4319 1853 10461 11649 2390 4114 13480 3421 7324 5389 15563 10938 7250 5403 7345 13298 13744 8270 1416 1610 7632 6997 7440 6989 6571 8640 7362 8038 4270 12400 5556 11011 8873 10890 12238 11816 13917 8861 12716 3269 2611 9366 8096 5054 5998 5618 5497 10668 5470 7238 6480 8184 6915 11437 11627 4956 12418 2283 14289 5793 9118 5126 3034 10513 11836 13632 11878 10945 7979 13365 8472 13836 9377 8295 7173 12290 7364 4445 6811 5070 11986 9868 10000 6387 9420 2730 13405 11409 9458 6962 4018 12347 5822 6350 11901 6251 3940 5679 3149 5846 3749 14732 13228 10541 5070 5723 7110 4733 8074 5740 2719 8708 10287 11934 11965 8813 5965 12069 5304 6557 6322 8162 13683 4555 7861 4313 5597 12489 7842 3731 13946 9793 9021 5493 2814 8410 6638 5519 14330 2076 9584 11842 9533 13016 11712 7026 13126 7088 10991 15185 12993 8880 9911 4194 15771 7440 11969 9310 7397 5958 11503 11920 12658 6442 5275 10119 11817 9055 8872 7987 5157 8261 4972 6472 9213 5564 10649 11370 8529 8779 13528 4530 11224 2254 12194 4793 6826 533 918 7212 6237 5515 10045 6501 2062 11009 12148 8687 13845 11772 12643 3228 4799 13439 4809 8765 10827 7110 12756 15970 10126 7126 9384 1499 1207 7732 12544 3693 14197 11593 6502 14771 8993 6901 1613 2276 5618 11952 5689 5545 468 12719 8239 8591 11699 1273 12945 10741 14180 1963 9125 5634 7351 1821 8463 4569 0 3313 7642 11502 13610 11827 11231 7424 11900 5391 12968 15089 6615 10313 2149 6284 1594 9782 11384 11368 8488 12818 11976 6609 12619 11154 10919 3305 11704 5727 13747 6011 2322 9500 14874 12424 9979 5482 6638 4642 10858 13265 7904 3559 3340 13716 3934 7653 4379 4324 11133 4101 6759 1159 9764 8379 7148 5386 570 4725 9823 10284 5875 5431 2484 8852 3001 16827 781 1096 8818 7253 14889 11909 12889 9753 8532 11231 4629 4270 11536 12080 6883 10497 9012 1860 16611 3091 11926 9152 10227 4240 5068 7065 4669 2363 16559 7331 2166 11993 3742 3018 5568 4170 4144 6254 6524 10557 8703 8234 9480 8649 9392 4904 10945 7730 9138 5899 1642 10696 10521 14241 10993 6745 6341 8418 6945 12939
7903 6479 4756 15476 14401 16071 5286 10945 5399 14832 10878 3702 4324 9759 11336 8785 10243 7148 3974 8979 6977 12267 3796 7477 7049 8504 1678 7383 4938 10284 14901 3049 6306 16762 3977 7319 2093 17907 14186 10139 7412 10551 15530 16394 5446 3262 4643 5681 5003 10072 6453 8108 11407 10261 11030 2941 13971 8840 9451 7321 13622 10826 10607 15762 11962 15739 1488 5290 7946 11327 7186 2704 4150 8657 13453 2205 3945 5792 6879 10186 14456 11625 3246 14338 5501 16097 8426 7334 8436 5611 13778 14829 15331 15138 10734 8059 16219 7463 12143 8213 6588 8928 12177 10538 1132 9788 4943 14740 7631 9249 3076 10961 4415 11461 13648 8951 9958 6216 14819 3055 9661 14776 7266 6633 8863 3692 8024 627 17339 16312 12278 8224 7591 7912 6622 11058 3251 5313 6792 9937 14837 10851 6434 8083 15382 6998 9797 3067 7060 16054 7867 6588 5504 3517 13934 10326 6406 17129 9386 10387 7922 5432 11479 9882 6393 17460 2320 12840 14327 7746 15645 9926 8247 16256 4608 14293 16964 16159 11789 12886 3510 17949 9202 15270 7807 8399 8942 14776 15001 14765 9705 8588 10906 14223 10033 8288 10323 2491 6504 2977 9146 9344 7627 10458 14382 7649 11917 14753 7738 13345 2824 15315 7726 4225 3759 3748 7068 9138 2524 11018 9794 3996 14321 10139 9980 16233 12865 15835 201 6709 16680 8011 11949 8527 8517 16021 18337 13134 8066 12669 3619 4398 4568 15625 3956 17381 11756 8913 16685 9932 9365 1828 5552 8804 15263 8549 2695 3386 14192 5825 11904 13287 4205 14437 8694 15571 4929 10325 4230 6595 2484 8450 5466 3313 0 7792 10353 15347 10619 14420 7050 10408 3274 16059 16917 9659 13442 2286 8246 4381 12472 14397 12782 7087 15099 15086 8997 11980 14247 10034 6467 12109 6366 16354 2924 5039 12462 16988 14770 11050 8562 6261 7914 13299 11443 10584 5076 28 11856 6529 6951 6936 4043 9615 3379 4230 2881 12384 11224 8180 8407 2759 1651 8874 12790 9001 8025 2945 6328 6294 19065 3989 2547 12057 9592 17342 12198 16117 10511 11180 12859 6309 3788 14061 10269 7328 10691 7551 5153 18694 2737 10646 11603 13106 7522 6075 9263 7597 2316 18882 10482 3851 13273 701 5728 8129 6120 3954 8391 4122 13764 12010 11542 12143 6845 8446 7906 8945 10700 7977 7092 4739 10720 13576 16146 14041 8730 9614 9816 5527 16028
2514 13991 7554 19162 13377 17833 2551 16386 13163 16158 8633 7127 12074 17512 13109 3088 10456 12910 9771 16758 11813 13957 3996 6705 6154 11073 7027 10907 9056 17777 16167 5419 11652 15617 4278 14666 8268 22460 15582 7971 12943 9865 20386 20243 12633 8951 6933 4858 12765 14361 14031 3279 8291 13836 8970 10616 19940 10838 17230 15111 17392 18614 18398 21302 10176 18350 6304 10050 15738 13270 4689 8505 11916 11535 17082 8079 10030 2388 3408 10191 17181 19040 11022 19785 9039 21691 6262 15095 10106 5854 12849 11842 21102 16300 18250 15374 19449 15208 19873 15991 14370 14740 19658 9631 8157 8138 12263 18377 15213 16954 8962 17007 10359 19104 18551 16571 13260 4954 19187 6649 10549 18025 13873 6066 11576 10484 13287 7452 21266 18591 18043 11223 4054 1526 4212 8950 6056 5951 5020 17507 17986 18636 13979 4728 15449 3710 11957 9714 14818 20603 9478 14366 3515 11300 20068 6661 11010 14937 16972 16645 5525 10263 14297 9721 13104 14858 6091 14334 18686 15502 19587 17652 2536 13810 6074 13871 22589 17985 15168 15930 10992 22850 4124 15812 15597 15029 7722 15828 12443 19881 9788 10023 17744 18763 16693 15925 6213 6466 14281 5395 13425 16652 4533 17960 11569 15367 14349 21148 10598 18477 5634 17480 7018 6338 7425 6875 14483 7482 9934 17685 10231 5651 14253 17776 16322 20737 19411 13879 7944 12392 15049 8335 10701 16033 14745 17045 22824 16026 1853 12232 6167 7310 11178 12970 4093 15169 19073 5769 22095 16628 14057 7068 7836 8651 14986 12454 6825 7190 20287 13380 12522 19241 8793 20505 16344 21760 6763 16764 11988 14257 6183 15826 3137 7642 7792 0 18139 21060 18410 12673 14576 18190 11058 13401 22466 12834 15744 9006 4354 9133 16433 11591 18965 3700 19871 17332 13857 19677 11893 17779 9893 19263 1997 20322 7528 6246 9838 22035 19419 17621 7956 13764 8807 17805 19138 14716 4305 7801 19531 5813 14603 5733 11379 17398 4413 11821 8546 16529 14858 2080 11868 7692 9163 16623 17177 8412 6021 9659 13768 8244 23816 8195 6863 11221 14501 21659 19436 17493 17372 7718 18765 12263 4007 18340 17982 14389 17977 4012 8466 23765 5189 18439 16175 9955 9939 2804 5297 11474 9189 23455 9447 9763 19611 8461 10372 12743 4480 11233 13697 5838 12281 12154 12471 16196 4721 16190 11518 16610 13997 15753 2597 8897 18110 16223 21581 16680 14241 9834 16042 3677 18303
17944 5333 12642 15543 20456 18688 15611 9999 4990 18358 18837 12188 6219 1970 15697 18744 16624 8871 9679 1396 10418 16311 14145 15866 15726 13566 11280 12194 11413 3237 18476 12988 9679 22381 14099 4825 10465 15715 17844 18278 9276 17532 13512 15886 6962 10133 13025 15343 5528 11814 4585 17969 19754 12948 18824 7569 10138 14290 1597 3128 14276 1143 357 12240 19294 17328 11839 10637 2457 15501 16555 10570 6228 13271 14401 10718 9719 16108 16904 16765 16329 4027 7117 11565 11990 12341 17157 3403 14451 14524 19914 22370 11434 18761 3151 4592 16753 3032 3001 2160 3913 8764 3911 17690 10181 17725 6498 15152 4347 1841 10320 8619 9290 3509 12298 2661 13203 15517 13974 12394 15721 15775 7038 15357 13530 8394 9763 10749 16415 18180 9787 13000 17199 18128 16197 18875 12894 14213 16321 2732 15963 502 5232 17467 20132 16727 14516 9346 3369 14433 14293 3777 15474 6889 9698 19228 10748 23623 2720 7920 16958 10527 14512 16726 7073 24249 12228 16876 13693 3114 15234 2333 18294 23120 13861 19824 12871 18667 13899 14949 7365 15085 18914 19549 2650 6772 16933 18636 22188 12517 16432 14731 6290 13308 6707 2931 19435 12198 4033 13090 11558 4278 17063 3195 21882 2989 15231 9479 13023 11682 12747 17645 15952 13407 11984 12414 4722 17318 8560 6888 16187 13398 19503 3264 7619 14636 7976 22369 10197 9067 22764 15396 18883 4391 7803 19546 16152 15300 18236 18703 12834 12546 8629 22769 14171 23850 4585 17951 13146 6581 10954 11292 13126 16133 20392 11950 12058 11933 9942 5612 17227 9807 11032 10156 3418 10560 13378 7413 6162 4165 12230 4184 15566 11502 10353 18139 0 11580 364 21086 4319 1265 7125 23129 13006 13257 16266 9488 17779 10815 13351 21889 8969 17033 13402 17386 10589 2315 21433 1005 12171 5477 16594 15660 11642 13807 20247 14108 13431 7195 16321 4986 14917 12855 3004 12243 14842 10346 3406 15391 3892 15833 7178 1408 13730 6759 10346 13008 13264 18314 12496 11136 9153 1723 12798 16549 16833 9021 5694 13537 16205 11461 11745 18628 10637 15738 5153 19197 6122 19777 9712 8652 14132 13679 2481 5772 4420 17413 12203 15304 12989 591 11920 21096 13424 16158 18558 11794 9274 16400 17750 9582 8787 9703 10731 10841 15634 7360 9714 13615 20374 17745 16704 13042 16483 2132 12188 3202 13512 2402 17124 11392 3896 15894 12725 16188 9362 16271 7899 15604 17987
19477 15016 13508 5853 15214 10313 18806 4675 12090 11040 16537 14008 13858 13402 10595 19862 13303 8345 11698 11402 9248 10503 17932 15355 15657 10745 14879 10347 12014 8397 11165 15998 9495 16099 17002 9165 16922 4270 10874 16423 8209 14497 2696 5523 16048 12563 14129 20912 13564 7052 10450 19047 17697 8060 16309 12979 1528 11334 12853 12538 5936 12659 11843 670 16009 8415 16310 11050 12196 10310 17150 17398 12701 10213 6310 17150 17585 20089 21737 13606 8138 7637 13264 1436 12032 807 16555 13205 12002 15350 14943 18460 200 11395 8429 8613 7035 11121 14282 11464 12922 6484 8016 14797 16056 15813 10828 6009 14741 10231 17477 4397 11136 15063 3215 9587 8705 16413 4142 18392 12519 6933 8162 15524 10310 11656 7788 15974 5573 9239 3088 10354 17986 20198 17266 16372 18588 15188 22028 8969 7161 11544 14860 17767 13511 17897 10592 16719 11400 3605 12404 11860 17553 13757 1886 18172 10050 18078 9231 5041 16879 10838 8709 13898 9030 18933 15575 10764 4283 13275 5207 13814 19762 18145 19955 14178 1619 10192 7517 7748 12190 3512 19410 12607 12428 7139 15423 11569 17853 2074 13613 12234 5536 3851 5787 9930 18663 17837 13047 18130 7849 7874 17589 8407 18038 10779 9249 2499 10897 2908 15850 9357 15192 19570 13710 14247 9522 15893 15489 5056 13107 15446 13572 14766 5475 3758 3605 17167 15150 8846 16925 13904 15244 15295 6835 11812 4674 7992 20104 14048 14980 13753 17071 18235 17294 18225 7058 17520 1582 5925 7095 14750 13306 14181 14109 8871 18024 14013 1638 14800 12389 2117 12363 1434 14396 1787 14319 5249 12586 10785 15365 8591 17924 13610 15347 21060 11580 0 11840 16392 9912 12844 13836 18415 1607 9102 9134 13128 18245 12028 5999 18033 2830 22021 2980 9170 7235 9970 17296 10640 11260 6163 19069 5210 18093 14850 17249 2571 3392 4845 14799 10296 13265 4358 14529 6901 16759 15362 14876 15724 10565 16013 11579 12742 17650 14749 13022 5665 7345 20044 9589 13750 15411 10831 4911 14658 16467 12427 15312 13066 4626 12946 14605 14643 6606 4583 6553 11121 5845 18083 2500 9130 17863 4571 14029 8557 7205 22536 12600 3782 16629 12110 5356 18137 11616 18292 18357 9728 13054 4842 14974 11767 2801 15124 10701 8353 16815 11597 7377 19458 15825 13139 11943 5994 22028 10847 9796 14302 8254 11463 18852 12183 7698 8407 1149 8360 6865 13454 5567 20443 9200
18245 5435 12978 15870 20820 19039 15887 10338 5280 18717 19188 12513 6446 1872 16061 19050 16985 9235 10019 1709 10780 16674 14414 16207 16062 13929 11576 12555 11760 3537 18835 13284 10040 22744 14390 5188 10678 15993 18204 18626 9640 17890 13806 16201 7079 10463 13356 15549 5751 12173 4930 18278 20101 13309 19177 7861 10410 14652 1604 3347 14616 827 12 12502 19651 17670 12107 10989 2688 15865 16878 10765 6509 13634 14744 10929 9872 16361 17127 17125 16677 4249 7392 11854 12340 12595 17495 3564 14811 14852 20278 22728 11691 19120 3419 4955 17083 3355 2653 2462 4127 9121 4078 18047 10419 18075 6837 15486 4395 2203 10503 8947 9636 3226 12615 3022 13566 15839 14291 12606 16083 16115 7402 15691 13893 8727 10126 11004 16720 18524 10099 13363 17516 18418 16513 19228 13113 14540 16517 3052 16303 389 5342 17792 20494 17040 14880 9530 3678 14732 14650 4063 15775 7139 9961 19565 11108 23986 3068 8254 17289 10882 14873 17084 7435 24611 12522 17238 14016 3246 15553 2194 18596 23482 14057 20188 13110 19017 14255 15302 7677 15349 19230 19910 2862 7131 17281 18996 22548 12812 16790 15090 6594 13627 7039 3294 19768 12425 4240 13330 11920 4620 17385 3484 22239 3329 15592 9705 13385 11996 13043 17995 16295 13604 12311 12737 5083 17664 8776 7196 16547 13711 19867 3093 7958 14934 8240 22732 10466 9430 23128 15748 19243 4359 8162 19903 16428 15653 18530 19066 13149 12879 8763 23130 14457 24213 4816 18284 13401 6915 11314 11591 13469 16487 20755 12314 12273 12256 10203 5751 17591 10093 11371 10412 3400 10785 13710 7744 6447 4500 12528 4544 15861 11827 10619 18410 364 11840 0 21448 4675 1053 7376 23490 13250 13621 16623 9801 18100 11158 13697 22247 9255 17250 13704 17736 10950 2364 21792 1343 12528 5712 16882 15973 11842 14135 20601 14377 13742 7506 16671 5333 15271 13184 2704 12599 15149 10611 3091 15722 4235 16165 7505 1400 13998 6954 10669 13353 13621 18611 12860 11455 9390 2076 13135 16901 17168 9344 5793 13885 16463 11796 12054 18990 10995 16031 5373 19551 6438 20120 10009 9014 14403 14006 2293 6136 4710 17624 12548 15551 13269 270 12265 21449 13782 16455 18886 12157 9586 16667 18106 9921 9053 9963 11087 11205 15951 7687 10077 13823 20736 18108 17068 13390 16684 2477 12551 3164 13873 2704 17425 11737 4177 16247 12987 16539 9722 16630 8242 15833 18332
10163 19906 9732 11447 1338 7676 12365 12996 17120 6062 4086 10733 17458 21686 5976 9677 4513 12268 12039 19872 10673 5895 13021 7140 7695 7523 12746 8896 10237 18794 5978 11880 11414 2973 11727 16264 16366 15221 5893 4821 11898 3886 14266 12433 19465 12046 9777 16361 17873 10205 16669 9398 4445 8926 3782 15196 16153 6796 21145 19225 10550 22080 21441 16213 2607 9245 13771 10704 19532 6250 8476 16944 16363 7854 10156 16379 18350 13819 15668 4438 8739 19393 15922 14982 9573 16602 6738 19650 6696 9032 1449 2248 16542 5897 19227 16586 10906 18338 23899 19266 18845 12953 20124 3882 15522 4889 14961 10883 20710 19282 17391 14499 12202 23789 13177 18511 8415 8952 12612 16098 5382 10044 14116 8065 7604 13409 11539 14710 13284 8911 14522 8094 8797 11149 9166 3787 15740 9276 17050 18933 9861 21445 19798 8060 3899 9346 6705 17486 18179 13867 6997 18094 10617 16636 16598 6060 10364 2715 18632 14742 7493 10756 7789 4623 14014 3184 12348 5642 12289 20030 12143 22032 10149 2034 16727 2435 17330 7866 8938 8665 14817 16135 8643 4748 19564 14692 5642 5487 1483 14410 4861 6432 16731 12652 15657 18156 6583 15487 18854 14751 9982 17360 8383 18962 1982 18241 7173 17961 8076 13555 12010 8044 6834 16686 10724 10672 16370 5617 16745 16270 4974 10668 3113 22668 14743 13881 17105 1415 14377 12026 2411 6425 2471 21672 13739 6159 15385 8457 10830 2483 10883 10055 18947 1856 12043 2966 19057 6951 16531 15704 10790 12592 8963 5620 3176 9303 15962 11057 16666 19267 4156 15658 10878 16758 21381 17929 9495 15196 16338 17175 12098 17057 11044 11231 14420 12673 21086 16392 21448 0 16801 21872 16462 2112 17083 8192 7390 13204 8355 10935 10405 1965 15972 16017 13768 8079 11016 21302 1182 20230 9069 18653 11408 12683 16623 9458 2898 15793 13254 16004 5892 16245 6634 12034 23518 10046 10369 14447 23987 8256 17350 7979 14635 21208 13162 17894 12134 10760 9263 10612 8658 11799 15941 19390 11494 5429 7104 13203 19914 8276 16616 10758 11874 2494 11282 14220 19047 6923 16555 5066 15254 12435 12934 11944 22401 15349 18178 16454 9632 17153 12702 21629 11337 3167 7760 10777 7380 9301 13386 16022 3945 12182 16749 14939 10498 10410 9331 14459 11714 16206 714 3477 4673 10454 16819 19027 8916 21529 8507 19060 10295 10352 18630 8146 16204 8346 12231 4994 14354 15148 8716
14047 5162 8435 12457 16215 14993 12027 6820 2242 14452 14528 8100 4075 5014 11567 14790 12322 4708 5457 3073 6163 12249 10667 11619 11517 9297 7552 7905 7132 3235 14564 9214 5388 18208 10360 815 7890 13523 13898 13981 5139 13215 11121 13022 6141 6015 8866 12600 3682 7972 633 13986 15461 8980 14510 4115 8388 10009 4433 2978 10924 5279 4667 10487 14976 13851 8452 6325 2975 11392 12453 8214 3182 9031 10966 8147 7987 12788 13920 12456 12734 4579 4005 9381 7691 10719 12928 3621 10143 10387 15660 18053 9826 14847 3693 1314 13571 1666 7107 2520 3119 5092 5129 13372 7274 13421 2363 11929 5138 2619 8148 5872 5021 7132 9530 2036 9145 11426 11128 9704 11426 12401 2986 11164 9293 4275 5710 7582 13733 14659 7283 8737 13145 14352 12157 14561 10088 10085 13677 2931 12559 4722 5004 13349 16049 12723 10305 7252 1715 11928 9975 2025 11602 4223 8141 14995 6444 19367 2401 5111 12778 6211 10562 12409 2809 19973 8497 12833 10747 3846 12300 5403 14395 18833 11294 15630 11462 14998 10118 11238 3597 13169 14860 15532 3106 3225 12638 14673 17880 10159 12117 10421 4527 10443 4137 1463 15231 9325 3227 10010 7545 2430 12965 3411 17565 1475 11258 8550 8727 8993 8983 13985 11687 10853 7867 8341 508 13032 6114 4893 11880 9421 15348 6196 4690 12133 6653 18102 6862 4830 18541 11086 14573 5907 4135 15672 13977 11582 14418 14444 8846 8380 7285 18465 10496 19598 4749 13755 11460 3996 7068 7523 8867 11818 16258 7795 9332 7878 8415 4895 13014 7826 6804 8666 5217 9541 9212 4750 3069 875 8440 1511 11762 7424 7050 14576 4319 9912 4675 16801 0 5082 4380 18830 11506 9144 12437 5601 13692 6564 9867 17572 7084 14114 10864 13724 6664 5197 17123 3570 7852 5222 12860 12854 9140 9673 15929 12149 10745 5073 12019 812 10600 9777 6792 8457 10908 7052 7258 11218 733 11655 3206 4464 10273 4949 6295 9578 9460 14469 8282 7136 6357 2601 9554 12237 12620 5014 5435 9243 14338 7277 7849 14332 6859 13296 5238 15409 4157 15503 7539 4377 10636 10639 5755 1778 3732 14561 7933 13653 9397 4840 8496 16781 9109 12326 14400 7538 5405 14368 13431 5377 7291 6528 6412 6715 11594 3363 5750 10917 16088 13499 12499 9530 13774 2226 7941 5253 9553 2347 13240 7126 3689 12166 10952 12515 5533 11957 4799 12570 14434
18169 4764 13129 16732 21297 19775 15695 11150 5234 19382 19448 12585 6126 925 16618 18999 17380 9760 10212 2016 11245 17269 14198 16377 16195 14377 11491 12980 11996 4485 19498 13193 10464 23279 14273 5702 10266 16971 18852 18859 10181 18240 14755 17100 6423 10579 13466 15101 5430 12842 5216 18246 20324 13938 19456 7785 11399 15085 964 3101 15422 486 1047 13503 19987 18460 11893 11289 2539 16434 16926 10298 6404 14113 15533 10510 9290 16072 16729 17503 17435 5285 7244 12814 12602 13606 17640 3117 15197 14935 20741 23069 12698 19783 4415 5588 17932 3554 2027 2617 3821 9815 5131 18382 10100 18324 7046 16321 3623 2907 10000 9810 9877 2276 13511 3727 14157 15885 15185 12183 16492 16922 7962 15812 14375 8873 10708 10744 17645 19305 11009 13819 17530 18285 16524 19505 12713 14619 16033 3957 17105 1422 4693 17846 21083 17027 15382 9037 3781 15672 14993 4039 15704 6892 10961 19708 11508 24448 3875 9097 17391 11198 15513 17436 7890 25047 12424 17843 14893 2732 16439 1170 18519 23902 13582 20706 14136 19760 14952 16024 7709 16348 19235 20531 2627 7820 17514 19639 22927 13760 17149 15471 7526 14514 7889 3844 19881 12053 3910 13002 12526 5440 17427 4451 22581 3631 16225 10740 13796 12899 12952 18739 16486 13131 12402 12798 5539 17880 8393 8119 16934 13709 20412 2042 8777 15876 9240 23180 10268 9908 23622 16020 19616 3436 8844 20582 17409 16374 18415 19525 13158 12999 8137 23517 14313 24679 5846 18395 14411 7759 11964 11522 13667 16779 21315 12852 11866 12311 11207 5170 18093 11060 11553 11420 2520 11820 13822 8598 6358 4730 12454 5229 15759 11900 10408 18190 1265 12844 1053 21872 5082 0 7135 23889 14270 14185 17311 9814 18131 11365 14470 22590 10222 16833 14636 18478 11585 3390 22165 2228 12870 6740 16741 16879 11386 14222 20896 15370 14655 8422 16920 5637 15573 14035 1809 13288 15113 10398 2248 15827 4527 16271 7619 793 13780 6518 10743 14136 14308 18508 13359 11491 9072 2563 13956 17177 17300 9421 5109 14128 17470 11938 12032 19396 11677 16983 6411 20259 7344 20310 10955 9459 14194 14868 1240 6691 5673 17186 12765 16570 13108 803 13044 21727 14150 16360 18963 12620 9597 17661 18430 10102 10050 9730 11425 11756 15966 7804 10692 13384 21158 18581 17576 14155 16215 2870 13022 2256 14507 2836 17348 11955 5155 16966 13989 17275 10379 16992 9039 15462 19105
11114 3510 6845 15185 16214 16688 8561 9947 2316 15724 13328 6019 1103 6490 12363 11973 12026 6508 4550 5773 7110 13227 7064 9998 9683 9600 4501 8236 6259 7480 15814 6158 6247 18476 7189 4902 3545 16997 15098 12642 6904 12594 14562 15957 3104 4416 6993 8370 1743 9958 3747 11257 14022 10539 13418 1330 12352 10137 6177 4054 13422 7555 7364 14346 14194 15981 4758 6042 4691 12280 10128 3836 1201 9572 13345 3804 3750 8985 9835 12048 14735 8869 664 13062 6924 14629 11127 4064 9949 8296 15603 17205 13780 16078 7890 5609 16122 4357 8882 5018 3314 7903 9334 12651 3081 12197 3056 14525 4524 6182 3775 9501 4600 8251 12773 6024 10429 9106 14187 5425 11278 14766 5779 9272 9822 3331 7595 3628 16809 16676 10921 9165 10639 11173 9641 13456 5869 7977 9413 7049 14874 7626 3425 11048 16741 10086 10861 2915 3934 15240 9519 3413 8671 243 12196 13138 6866 19167 6492 8806 10739 6077 11998 11840 4978 19609 5387 13829 13734 4480 15203 6670 11461 18411 6985 15906 15439 16741 11981 13141 2000 16833 12307 16454 4542 6703 11345 15788 17250 13679 11605 10169 8764 13531 8125 5357 13215 5135 3230 5976 9184 6808 10606 7638 16734 4596 12575 12780 8855 12345 5918 15798 10184 6536 5925 6176 4575 11628 1736 9026 11559 6855 15805 6943 8368 15436 10862 17861 3139 6251 18561 10106 14024 5469 7194 16958 17447 13442 11316 14417 6355 6595 3375 17870 7204 19414 9098 11753 15310 7999 9099 4568 7556 10917 16758 8925 5064 5702 12468 2848 13342 11719 5587 12720 5501 13715 7338 8594 1317 3707 5462 5888 8683 5391 3274 11058 7125 13836 7376 16462 4380 7135 0 18285 15442 10245 14010 3281 11273 5561 12268 16747 11073 9988 14208 15548 8678 8888 16479 6889 7625 9602 9626 15854 4792 7622 14882 15826 13974 9140 10850 3719 9831 12699 8201 10494 8149 3263 8624 9228 4059 9665 2527 6342 6646 1458 4354 12082 11342 11420 9065 4868 2073 5737 12305 11217 10748 3286 3469 8200 17993 5729 5183 13993 9144 16594 9607 16899 8374 13888 11354 5719 7059 13535 7019 5298 8108 10399 6830 17447 5990 7391 11122 15617 8901 9290 12211 8195 3086 17919 12640 4396 11414 2597 6390 8143 9102 2609 7858 6654 15768 13615 12899 11920 9537 5324 8586 5737 11069 4790 10295 6125 8022 13966 14780 14396 7979 11480 8323 8513 16412
10949 21761 11474 13305 3202 9265 13466 15100 19061 7794 5276 12424 19307 23677 8077 10320 6509 14341 13942 21897 12731 7950 14297 8619 9119 9586 14381 10936 12124 20884 7694 13360 13450 3435 13065 18313 17934 17038 7730 6046 13978 5716 16219 14247 21237 13884 11447 17463 19751 12314 18677 10205 5178 11035 5066 17046 18221 8849 23143 21191 12530 24108 23482 18212 4108 10977 15288 12659 21519 8349 9630 18493 18256 9935 12140 17924 19951 14830 16586 6391 10605 21497 17770 17015 11467 18596 7954 21595 8692 10526 3511 1576 18570 7563 21319 18653 12663 20345 25915 21277 20784 15060 22229 5637 17135 6296 16933 12786 22607 21334 18954 16608 14143 25770 15205 20571 10527 10267 14561 17497 7408 11917 16186 9518 9690 15321 13634 16299 15048 10540 16614 10159 9792 11884 10332 5047 17095 10798 18055 21013 11722 23496 21658 9053 5389 10398 8808 19122 20172 15770 8933 20066 11811 18469 18674 6772 12387 1655 20702 16854 8660 12725 9871 6502 16057 1477 13895 7651 14260 21982 14013 24015 10870 529 17982 4267 19302 9452 11005 10669 16712 17993 9278 6327 21543 16785 7127 7211 1062 16410 6771 8419 18842 14639 17766 20201 7188 16914 20786 16102 12092 19448 9438 21053 1843 20259 9237 20036 10106 15602 13513 9777 8347 17985 12447 12335 18408 6988 18454 18382 6955 12183 4916 24628 16854 15771 19208 1400 16034 14083 2396 8180 4298 23572 15838 7646 17172 10441 11550 4595 12462 11770 20619 447 13355 1844 21165 7933 18491 17812 12902 14236 10735 7369 4659 11401 17395 12751 18736 21113 6264 17738 12731 18822 23318 19979 11140 17308 18237 19176 13662 19127 12201 12968 16059 13401 23129 18415 23490 2112 18830 23889 18285 0 19049 10302 9337 15008 9256 12815 12449 1821 18066 16925 15733 9847 13125 23389 1815 22285 11039 20764 12390 14512 18085 11031 3739 17706 15224 18116 7506 18254 8477 14059 25514 12150 11681 16086 25982 9676 19363 9341 16564 23213 14485 19698 13934 12811 11351 11322 10745 13528 17628 21426 13534 7094 8352 15060 21751 10089 18408 12557 13517 4501 13393 16034 21157 8449 18665 5701 17340 14478 14215 13924 24385 17411 20280 17325 11471 19005 14135 23666 13420 3446 9743 11851 8167 11364 15199 17796 5646 14080 18842 16617 12479 12504 10589 16385 13816 17486 2796 5588 6783 12513 17802 21056 10986 23475 10610 21067 11225 12223 20729 10089 18183 10246 14337 6919 16465 16216 10378
20805 16594 14913 5977 15853 10498 20256 6124 13692 11451 17556 15461 15463 14865 11468 21151 14302 9868 13221 12903 10676 11257 19424 16596 16931 11928 16405 11655 13448 9868 11570 17478 10980 16522 18461 10765 18514 3364 11372 17497 9706 15488 2837 5365 17645 14083 15534 22456 15164 8268 12050 20346 18715 9157 17308 14579 3120 12469 14328 14096 6533 14060 13253 1172 16918 8568 17851 12506 13735 11186 18445 18994 14308 11399 6929 18740 19192 21567 23244 14614 8530 9011 14869 2682 13426 821 17757 14761 13164 16704 15637 19216 1681 11776 9863 10203 7015 12686 15624 12997 14497 8019 9322 15796 17642 16897 12431 6329 16291 11730 19078 5988 12667 16459 4139 11113 9805 17749 4494 19965 13567 7245 9757 16821 11470 13226 9246 17543 5118 9323 4639 11579 19281 21555 18597 17371 20151 16557 23570 10450 7463 12938 16438 19024 13956 19224 11643 18324 12974 3467 13610 13442 18952 15364 3405 19291 11473 18582 10741 6644 18122 12296 9594 14937 10623 19457 17079 11445 4795 14818 5267 15272 21080 18744 21522 14784 286 10356 8402 8431 13787 2342 20654 13024 13970 8744 16563 12008 18560 2773 14664 13380 7089 4444 7389 11481 19801 19404 14624 19675 9128 9426 18869 9864 18814 12342 10057 3608 12149 4041 17337 9627 16414 21141 15166 15696 11121 17028 17093 6633 14145 16882 14149 16224 7079 3546 5078 17753 16720 10360 17407 15094 16129 16821 8417 12085 3680 8626 21448 14824 16431 15175 18677 18903 18760 18711 8437 18715 573 7526 8426 16272 14667 15313 14598 10143 19599 15482 3136 16389 13207 3724 13832 2898 15910 2588 15707 6856 14193 12377 16862 10166 19335 15089 16917 22466 13006 1607 13250 17083 11506 14270 15442 19049 0 10221 9712 14684 19508 13500 6856 18807 4423 23533 3317 9473 8609 11277 18048 12089 12609 7539 20470 5044 19679 16232 18162 1715 3829 6434 15957 11900 14462 5187 15917 8044 18161 16932 16247 17030 12152 17299 13176 14209 19153 16354 14543 6574 8338 21378 10831 15253 17007 12341 5809 15780 17693 13987 16894 14382 3299 14407 16102 15499 7967 3988 7899 11342 7413 19133 4098 10668 19353 5142 15473 10164 8685 24050 14000 2304 18131 13519 6488 19032 12865 19682 19557 11050 14616 3663 15981 13296 4308 16706 12142 9725 18164 13191 8836 21021 16557 13961 12795 6923 23564 12377 11081 15806 9274 13006 20205 13624 9156 8961 925 8832 8352 14511 7162 21959 9335
10860 13248 5704 6358 7342 6481 10997 4966 10062 5500 7470 6633 10987 14158 2440 11086 4300 4436 5875 12170 3186 3118 10620 6473 6882 1781 8376 2299 4783 10707 5596 8703 4068 9131 9382 8483 11726 9666 4890 7323 4007 5486 7764 7423 13327 6422 6247 14130 11184 2142 9171 10316 8626 1068 7265 8925 8462 2249 13577 11912 4560 14322 13614 9138 7133 6105 9882 4405 12071 2250 8432 12331 9691 1299 4260 11860 13286 12498 14389 4581 4824 11222 9595 7679 4358 9547 7563 12452 2957 6992 6863 9928 9207 5868 11119 8669 6810 10787 16190 11664 11721 4777 11950 5769 10736 6711 7828 5572 13761 11419 12641 6374 5674 16276 6089 10611 433 7901 6408 12423 3452 5346 6227 6850 1286 6919 3496 10203 8443 6654 6638 1642 9252 11710 8707 7328 12355 6938 15162 10904 5356 13565 13111 8907 6905 9303 1572 12309 10726 7842 3464 10785 9392 10338 8818 9078 3398 10518 10663 6562 7985 4298 1821 4827 6364 11227 8633 3712 5920 12776 6755 14543 11100 10186 13698 6602 10406 6551 2359 3305 8275 10161 10501 6414 12160 6607 6342 5622 9506 7464 4532 3161 8540 6064 7468 10355 9582 11761 11767 11566 1794 9289 8808 10866 9460 10619 2332 10156 2269 6218 8658 5666 6258 13441 6399 6786 8662 6809 11217 8087 4044 7724 6249 15301 6552 7960 9048 9331 9517 4374 9574 4902 6454 14675 5612 6738 10014 3512 11551 5710 7459 6074 13421 10011 9734 10730 10872 8512 9754 7519 2602 8201 5147 5093 7135 1375 12130 6814 8942 12695 4084 7865 5483 9085 14177 10346 6279 7008 9625 9701 8355 9104 9837 6615 9659 12834 13257 9102 13621 8192 9144 14185 10245 10302 10221 0 3811 7571 9397 5279 3629 9461 8017 14724 7230 5433 2830 13216 8825 12335 3324 10463 10870 7491 12534 6718 8340 9446 6739 7828 5738 8757 4285 5145 15929 2201 8658 9684 16393 7086 9793 7280 7861 13604 10484 11673 6778 3781 2034 11447 1251 7055 10650 11631 4500 5564 7531 7171 13362 4612 11054 5837 7696 5968 3107 8835 10855 6654 8365 8988 7413 4893 10533 5560 14897 7498 10017 15251 4880 11128 9550 13828 3751 9248 2895 10044 9356 2091 7656 10654 5931 6027 8798 9853 3984 2430 8363 7728 3592 13131 7512 4716 3553 3432 15062 11317 1753 14267 1174 11488 10366 4993 10487 3921 9296 4390 4065 4368 6163 13286 6369
13502 16890 9230 4137 6142 2679 14230 6621 13641 2146 8628 10242 14702 17407 2642 13513 5573 7854 9686 15330 6901 1904 14074 9054 9591 5075 12097 6059 8524 13383 2272 12236 7774 7014 12769 11697 15519 7933 1787 8823 7410 6591 6884 5194 17070 10223 9702 17648 14850 4475 12570 12846 9722 3522 8313 12700 9126 5032 16811 15338 3205 17382 16618 8892 7624 2606 13575 8213 15411 2474 11095 16126 13387 4816 2825 15646 17097 15780 17718 5891 1533 13582 13353 7772 8030 9271 9793 15921 5712 10115 5952 9567 9299 2551 13728 11724 3907 14103 19260 14918 15237 7503 14268 6906 14531 8325 11442 3511 17307 14439 16444 8208 9470 19499 5962 13612 3583 10826 5227 16135 5234 2734 9451 9692 4641 10698 6768 13972 6140 2941 7777 5244 11838 14447 11532 8371 16028 10142 18636 13699 2588 16506 16747 11325 4432 12054 3900 16120 14104 6484 6374 14240 12497 14090 9628 10719 7201 8945 13567 8695 10406 8109 2013 6333 9789 9799 12263 1831 4926 16213 4803 17811 13677 9038 17342 5073 9965 2741 2370 1475 12023 8783 12729 3593 15531 9498 8336 2558 8872 7097 6161 5750 10713 5314 9839 13478 11297 15469 15298 15193 4956 12060 11357 13516 9192 13889 1535 10967 5794 6432 12223 1881 8757 17112 10038 10361 11933 8727 15024 10147 5651 11152 4447 18631 8862 6506 10484 8051 13306 7927 7799 7411 6794 18188 8470 3283 8147 1167 14230 5268 10978 9620 17221 9195 13130 9095 13129 10624 9154 9932 5371 11920 8560 7195 4988 5086 15856 10459 9645 16365 3843 8743 9244 9694 17611 10772 9657 9215 13314 13098 11980 12092 12966 10313 13442 15744 16266 9134 16623 7390 12437 17311 14010 9337 9712 3811 0 11381 11801 9062 3366 9183 9230 18065 6396 1670 5773 15819 8403 15291 7012 12522 13879 5405 16292 10012 8833 8404 5888 9836 7916 12178 6950 4821 19103 4025 11842 13468 19555 9948 13134 10012 11574 16810 13989 15421 10567 3758 3003 14084 5054 10786 14460 14754 4383 7540 9904 10979 17028 7898 9355 9548 11368 6109 5635 6947 12958 2975 10661 10255 8411 8470 13984 4595 18149 10688 12480 18584 8500 9805 13113 16854 4658 9634 6218 13057 11426 5902 11467 8801 7116 9837 9965 13656 7794 5935 11310 11452 6688 16772 6901 4551 3600 3548 18508 14495 5556 17671 2963 14769 13166 8730 13008 756 8848 1044 6938 6067 8515 16712 2648
8483 6781 3568 13224 13004 14041 6466 8674 4581 12904 10058 2813 4332 9330 9446 9262 8805 4871 1732 8094 4734 10354 5196 6760 6486 6616 1993 5361 3095 8775 12983 3615 4029 15300 4763 5660 4221 15621 12264 9383 5127 9327 13248 14127 6268 1216 3759 7795 4851 7821 5093 8481 10784 8089 10142 2121 11783 7066 8909 6758 11376 10169 9790 13524 10914 13591 3218 3168 7276 9403 7112 4809 3477 6685 11221 4387 5722 7380 8777 8809 12313 10035 2812 12085 3745 13866 7939 6979 6791 5153 12387 13925 13119 13233 9251 6372 13999 6461 11725 7339 6159 6675 10653 9376 3236 8926 3260 12496 7724 8087 5086 8763 2132 11265 11364 7624 7836 6072 12536 5329 8099 12567 5159 6084 6914 1552 5739 2906 15066 14201 10047 6256 7722 8753 6717 10181 5471 4834 8912 8526 12637 9964 6688 8033 13691 7239 7909 4748 6123 13768 6313 5781 6022 3474 11777 9983 4223 15913 8002 8226 7617 3277 9387 8582 4307 16340 2915 10944 12045 7395 13376 9583 8833 15140 6850 12754 14741 14117 9608 10728 2124 15671 9433 13483 7205 6320 8076 12902 13971 12490 8357 6991 8941 11938 7986 7000 10111 4736 6120 5017 6912 7655 7613 8960 13454 6555 9877 12664 5848 11067 3386 13236 6930 6487 2678 3005 5481 8371 3723 8985 8340 3910 12699 10002 7835 13947 10807 14607 2104 4425 15339 6828 10756 8685 6325 14119 16051 10991 8826 11217 3350 3335 5971 14591 4914 16162 10081 8630 14438 7898 7093 1938 4276 7639 13652 6383 4976 2517 12029 6123 10241 11092 2376 12270 8593 13436 4111 8210 3499 5391 2841 6821 6164 2149 2286 9006 9488 13128 9801 13204 5601 9814 3281 15008 14684 7571 11381 0 8317 2426 10221 13467 10627 9027 12814 12999 6719 10771 13201 8974 4572 10319 7259 14082 5194 4451 11607 14715 12484 8984 7571 4791 6570 11016 11136 8340 5360 2306 11584 6068 5717 6512 2397 9038 4831 4693 1074 10121 9023 8885 6327 1683 3084 7848 10512 7936 7574 716 6750 4930 16784 2451 2267 10747 7309 15057 10465 14150 8553 10680 10653 4038 5151 11783 9949 5443 8988 9523 3580 16427 3877 9883 9323 12352 5778 6734 9161 5482 218 16597 9362 1595 11158 2307 3589 5882 6157 2239 6105 6339 12514 10455 9828 9889 8929 7412 5826 8798 8556 7098 7669 2934 9106 11459 13899 11916 6451 8237 7642 7438 13921
1850 14685 5359 15507 9023 13693 4281 13670 12898 11978 4288 5601 12375 17625 9167 1717 6308 10738 8275 16391 9296 9940 5375 2925 2591 7627 6776 7910 6875 16649 11976 5197 9443 11280 4417 13538 9653 19027 11431 3616 10630 5582 17155 16608 13684 7680 4852 8235 12994 11240 13271 1099 4079 10458 4620 10373 17327 7202 17220 15063 13844 18486 18089 18380 5827 14393 7021 7888 15592 9365 1245 10113 11757 8144 13498 9565 11688 5577 7346 6017 13296 17739 10984 16875 6554 18785 2021 15239 6464 3326 8495 7743 18319 12087 17134 14154 15634 14747 20027 15644 14431 12382 18429 5328 9097 3810 11349 14736 15784 16281 10602 14608 8784 19501 15425 15721 9829 2267 15792 8716 6573 14267 12143 2776 8112 9427 10777 8232 17626 14545 15404 7933 665 2856 1633 4603 8225 3615 8798 16517 14197 18246 14626 490 11119 1307 8238 11045 14427 17228 5935 14098 2892 11506 17556 2518 8528 10722 16039 14414 1420 8080 10596 5548 11546 10732 5940 10250 15310 15658 16008 17859 1929 9625 8904 9527 19669 13855 11605 12202 10433 19557 1211 11522 15517 13200 3508 11609 8251 16795 5669 6305 15887 15461 14755 15147 2260 8234 14379 7264 10398 15336 732 16837 7414 14811 10519 18771 7359 15466 5424 13438 3148 8977 5826 5368 13454 3196 10762 15688 6160 4436 9926 18206 14173 17338 17225 9607 8308 10250 10750 4528 6349 16711 12652 12797 19354 12244 2567 7905 4975 5339 12615 8815 4595 10962 17641 1415 19075 14725 11159 6705 5190 4607 10640 9377 8707 5846 17741 14022 8336 16653 6974 17931 16770 19215 4522 14652 11791 13634 5825 14648 3156 6284 8246 4354 17779 18245 18100 8355 13692 18131 11273 9256 19508 9397 11801 8317 0 7267 13013 7435 16539 7690 16622 13314 11064 18878 7645 17203 7084 17633 3137 16727 9448 4029 5581 18835 16134 15553 3886 12915 5119 14535 19409 11493 3170 8267 19849 2623 13937 2262 10605 17353 5663 12438 7436 13178 11415 2377 8676 6648 9890 16107 13891 4274 1907 8758 14557 5233 20430 6444 6121 6882 11665 18154 17892 13291 15558 3581 16172 10307 5307 14946 18221 12985 16561 8111 6090 20524 5682 18192 13035 5837 6643 2684 1150 8538 8535 20003 5135 8336 17261 8930 8061 9965 2174 10426 11159 8457 7937 7900 8353 12828 8546 15675 8450 16998 10494 15403 1969 6799 16818 12357 18592 12791 11756 5746 13834 6977 14263
7948 8972 1911 11255 10654 11699 6788 7375 6298 10508 8098 2006 6527 11024 7034 8563 6470 3777 1157 9469 2889 7950 5938 5057 4964 4197 3173 3004 699 9396 10583 3980 2538 12921 4978 6315 6458 13988 9865 7494 3832 7100 11710 12225 8629 1211 2435 9184 6940 5897 6230 7729 8959 5924 8127 4268 10838 4641 10534 8474 9391 11656 11148 12328 8770 11370 4704 1025 8880 7001 6024 7066 5440 4297 9188 6585 8110 8068 9778 6504 10087 10472 4995 10827 1366 12702 6365 8825 4394 3945 10043 11834 12054 10829 9881 6903 11920 7834 13359 8768 8004 5618 11163 7188 5471 6968 4327 10497 9792 9183 7395 7879 1547 13069 9820 8556 5587 5043 10786 7192 5719 10464 4913 4625 4516 2531 4254 4925 13203 11932 8966 3865 6783 8480 5850 8173 7179 3673 10271 9294 10511 11250 8862 6882 11268 6464 5494 7145 7584 12109 3961 7382 5704 5721 10945 8431 2165 13629 8838 7516 6245 1222 7099 6324 4280 14101 3645 8535 10282 9223 11490 11330 8278 12911 8551 10359 13598 11784 7454 8528 3898 14182 8467 11058 8867 6018 6151 10490 11799 11065 6075 4609 8741 10244 7643 8026 8674 6539 7997 6478 4935 8070 6535 9584 11352 7829 7540 12015 3428 9630 3848 10934 5137 8258 1708 2258 6268 6516 6148 8617 6003 3484 10286 11874 7203 12273 10297 12324 4244 3259 13002 4706 8525 10757 5628 11715 14398 8766 8460 8857 2974 1959 8397 12412 5266 13875 10382 7204 13178 7593 5322 3007 2311 5496 11239 4221 6883 1985 11169 8336 7825 10138 340 11392 10528 12637 2748 7655 5423 6665 3403 7401 6014 1594 4381 9133 10815 12028 11158 10935 6564 11365 5561 12815 13500 5279 9062 2426 7267 0 8265 11363 9834 10080 11234 10705 5021 11685 11027 10130 2149 10412 7178 12217 7260 3264 9583 13281 10845 8529 5568 5836 4339 9289 12865 6376 4917 4407 13328 4703 6923 5129 3795 10631 5691 7012 1506 8227 6917 8454 4028 1866 5482 9099 8724 5857 6062 2277 8987 2783 15242 938 2654 8453 5663 13328 10651 11771 8389 8963 9667 3160 5864 9983 11702 5720 9298 10604 1401 15019 4677 11288 7580 10388 3362 6464 7879 3234 2566 14982 7201 1280 10478 4615 1449 3998 5306 3611 4664 7995 10234 8063 7405 7954 10221 8683 3528 10699 6338 8538 7205 599 9551 9199 12649 9665 5164 5942 6914 8532 11648
14489 14716 9122 3005 9257 5392 14509 3408 11424 5477 10719 9938 12766 14674 4620 14709 7462 5764 8501 12552 5494 4510 14001 10094 10511 5411 11437 5615 7939 10316 5605 12041 6214 10357 12828 9074 14436 6039 5152 10699 5363 8643 4212 3962 15169 9235 9705 17411 12777 2400 10121 13944 11875 2598 10462 11047 5805 5819 14073 12842 1162 14487 13693 5877 10066 3999 12968 7260 12809 4336 12062 15014 11434 4917 1104 14608 15722 15973 17823 7779 2993 10373 11605 4579 7670 6279 11143 13470 6552 10580 8960 12461 6144 5873 10620 8956 3854 11505 16350 12237 12871 4776 11036 8953 13456 10112 9381 2280 14945 11565 15251 4959 8109 16713 2788 10743 3197 11518 2780 15421 6769 2548 6965 10478 4914 9157 4673 13067 4954 4835 4415 5211 12880 15335 12332 10525 15438 10504 18478 10690 2695 13541 14564 12524 7787 12931 4872 14751 11580 4216 7089 11811 12964 12297 6290 12531 6112 12216 10631 5529 11597 7088 2739 8121 7518 13047 11856 4810 2297 13713 3237 15091 14729 12202 16815 8252 7075 5351 1546 1891 10283 6550 14101 6959 12962 6711 9851 5922 11860 4094 7860 6729 7492 2490 6723 10710 13062 14779 12953 14739 3337 9079 12434 10433 12040 11248 3250 7641 5836 3153 11963 4335 9868 16513 9673 10125 9360 10306 13561 6904 7333 11169 7677 15962 5764 4331 7123 11236 12303 6030 11097 8498 9282 15761 5737 6505 6393 2209 15179 8049 10837 9463 15621 12255 13169 12380 9891 12079 6342 6833 3181 11272 8659 8602 8309 4113 15096 10064 6324 14267 6394 5388 8540 6392 15081 7530 9783 6055 11343 10627 11592 9258 13398 9782 12472 16433 13351 5999 13697 10405 9867 14470 12268 12449 6856 3629 3366 10221 13013 8265 0 12035 5865 18148 3675 4082 3595 12678 11297 12354 6678 9236 14458 3972 15396 10254 11309 5887 3164 6585 9282 9771 7894 1671 16278 1893 12212 12494 16716 10712 10595 10910 9742 14046 13820 13574 9658 394 1599 15076 4588 10129 13156 11955 1089 9050 11135 9663 14907 8191 7424 9009 10876 8665 3141 5228 9678 6003 7487 12311 5047 6553 13917 1933 15408 8090 9329 18676 8237 7532 12841 13942 1433 12185 6503 13635 12921 5143 10246 7029 9142 8629 6600 12517 6823 4342 11975 9662 4420 16260 9829 7146 5959 349 18404 11749 4993 15103 2525 12118 13988 8146 9873 2758 5940 2931 4414 7714 5458 16660 4636
9132 20244 9905 13289 3296 9630 11652 14389 17652 7991 3535 10810 17790 22330 7466 8516 5342 13223 12508 20620 11580 7552 12508 6925 7396 8488 12723 9758 10684 19801 7912 11633 12238 4595 11293 17103 16230 17078 7781 4296 12889 4357 16014 14299 19648 12379 9827 15646 18263 11560 17375 8386 3357 10308 3368 15539 17693 7738 21812 19810 12283 22833 22239 17894 2604 11159 13569 11305 20172 7750 7830 16779 16788 8897 11885 16211 18259 13009 14766 5156 10587 20504 16257 16608 10042 18290 6177 20184 7460 8820 3273 482 18175 7844 20251 17493 12805 19036 24610 19973 19365 14121 21238 4208 15455 4609 15576 12693 21133 20123 17246 15833 12756 24403 14822 19383 9742 8500 14371 15732 6268 11880 15050 7802 8671 13890 12615 14610 15173 10855 15987 9061 7974 10072 8532 3340 15319 9103 16234 19889 11706 22276 20146 7236 5863 8583 7904 17450 18839 15665 7600 18697 10012 16940 18112 4952 11154 3364 19547 16006 6867 11392 9341 5164 14844 3297 12195 7383 14021 20578 13974 22654 9058 2221 16184 4375 19046 9821 10523 10377 15254 17962 7473 6711 20181 15738 5458 7423 881 16095 5460 7175 17946 14363 16838 18976 5379 15159 19359 14327 11210 18365 7625 19976 23 18973 8785 19472 8916 15158 11795 9962 6671 16195 10856 10704 17172 5271 16828 17523 5745 10475 5049 23229 15963 15689 18494 2502 14382 12920 3729 6666 3058 22099 14834 8124 17258 10199 9739 3988 10784 10178 18965 1382 11576 3587 20208 6118 18263 16872 12049 12584 9196 5867 5137 10421 15641 11137 18199 19589 5649 17162 11249 18307 21890 19510 9506 16432 16777 17861 11970 17979 10395 11384 14397 11591 21889 18033 22247 1965 17572 22590 16747 1821 18807 9461 9183 13467 7435 11363 12035 0 17414 15105 15504 9984 12224 22291 801 21080 9724 19870 10569 14539 16339 9359 1960 17576 14986 17275 5902 16956 7040 13691 24171 11469 9907 14424 24638 7946 18068 7594 15147 21892 12706 18139 12394 12371 10775 9511 9716 11935 15989 20173 13122 5534 6578 13569 20216 8594 18484 11027 11868 3493 12565 16081 20245 8886 17739 3882 16739 13275 12427 13667 23026 16240 19276 15507 9987 18984 12388 22411 12851 1639 8468 10037 6346 10244 13665 17900 4169 12640 18196 14975 11168 11492 8805 14965 12838 15692 2290 4904 6117 12049 15981 19789 9891 22060 9950 19756 9404 10765 19699 9936 17913 10172 13391 5623 15573 14398 10653
17594 12188 11490 7047 14927 11035 16605 3053 9272 11334 15426 11841 11052 10716 9999 18073 12315 6058 9335 8667 7269 10161 15611 13743 13960 9409 12472 8690 9939 5738 11462 13728 7315 16198 14789 6344 14252 6754 11015 15191 6030 13494 4568 7140 13222 10200 12103 18418 10743 5879 7628 17241 16568 7108 15246 10281 1303 10093 10151 9726 6337 10082 9256 3425 15149 9310 13841 8925 9405 9722 15375 14705 9921 8894 6614 14487 14821 17798 19356 12589 8653 5205 10521 2601 10078 3636 15021 10395 10670 13446 14556 17870 2742 11727 5843 5783 8306 8304 11794 8681 10096 4230 5721 13769 13420 14568 8106 6882 11936 7504 14760 1960 8753 12477 3711 6820 7694 14545 5313 15799 11445 7702 5520 13768 9052 9108 5774 13403 7533 10186 1464 8926 16203 18233 15399 15309 16033 13246 19535 6284 7924 8990 12032 16079 13642 16033 9588 13973 8576 5512 10949 9031 15503 10984 1153 16809 8062 17985 6493 2401 15239 8713 8204 12803 6396 18788 13235 10557 5170 10478 6583 11134 17900 17871 17381 13985 4388 10955 7120 7755 9505 6206 17737 12823 9632 4426 14056 11786 17371 3582 12498 10933 2753 4723 2972 7129 17250 15271 10220 15643 6418 5076 15846 5775 17415 7964 8871 2232 9376 3084 13560 9993 13630 16982 11542 12091 6700 14527 12751 2236 12035 13314 13453 12083 2802 5710 1298 16935 12582 6576 16897 12448 14454 12515 4313 12315 7195 8072 18175 13516 12808 11685 14271 17826 15056 18162 4637 15985 4392 3107 5570 12357 11418 12862 14139 7391 15426 11801 1413 11971 11827 838 10174 1661 11633 2820 12336 2491 9805 7956 13049 5766 15838 11368 12782 18965 8969 2830 9255 15972 7084 10222 11073 18066 4423 8017 9230 10627 16539 9834 5865 17414 0 19623 4524 9762 5553 7609 16736 7996 9456 3801 16998 6877 15447 12877 16357 5200 4656 2015 13403 7486 11810 4637 11960 5946 14708 12795 12334 13942 7735 14278 8899 10053 15301 11942 10651 5472 6718 18139 8152 11434 12723 8082 4900 13349 14874 9913 12483 11307 7361 10771 12295 13929 5032 6782 4240 11743 3035 16874 876 6758 15549 5286 11372 5777 4549 20128 10615 6595 14287 9524 4671 17265 10075 16258 16801 8058 10531 7483 13921 9383 782 12505 8634 6604 14907 8934 5383 16904 15338 12544 11326 5698 19556 8070 8228 11553 7475 8669 16912 10084 5079 8606 3902 8716 4794 12328 2989 18035 10069
5989 12241 9038 21053 16582 20388 3873 17420 12288 18809 11932 8227 10816 16043 15511 6718 13207 13676 10326 15725 12965 16422 4159 9399 8797 13082 7154 12542 10260 17337 18837 6130 12561 18902 5342 14406 6574 24029 18195 11211 13827 12839 21784 22087 10683 9459 8478 1796 11505 15871 13505 6722 11758 15618 12244 10001 20740 13034 15875 13906 19210 17294 17238 22362 13445 20630 5816 11099 14576 15622 7616 6551 11071 13462 18949 6326 7805 2308 356 12987 19393 18694 10176 20876 10478 22726 9344 13731 12360 7972 16016 15389 22030 19004 17777 15146 21525 14344 18277 14984 13124 15540 19225 12651 6912 11257 12024 20271 13486 16167 6899 17722 10894 17340 19896 15955 15123 7448 20790 4650 13097 20064 14186 8568 13566 10575 14316 6534 23094 20992 18935 13083 7220 5116 6970 12235 4139 7924 1390 16962 20061 17534 12268 7958 18440 6689 14169 7828 13922 22148 11695 13397 5681 10209 20769 10154 12209 18411 16406 17227 8577 11302 16385 12535 13333 18396 6457 16876 20283 14102 21381 16101 6109 17307 3357 16945 23616 20523 17077 17991 10597 24258 7721 18683 14389 15347 10684 18553 15934 21144 12534 12350 17940 20281 17011 15286 9764 4853 13010 4110 14901 16431 7643 17508 15083 14573 16578 21688 12463 19709 6238 19894 9736 3777 8505 8028 14152 10547 8474 18008 12899 7001 17247 16037 16846 22305 19834 17292 7282 13176 18422 10873 13865 14175 15310 19808 24428 18146 5454 15254 7311 8687 9027 16487 4991 18650 18838 9072 23234 16920 15380 7276 9585 11376 18054 14038 4977 8139 21014 11718 15261 20042 9761 21251 14675 22440 8457 17233 11168 13597 6683 15534 5207 8488 7087 3700 17033 22021 17250 16017 14114 16833 9988 16925 23533 14724 18065 9027 7690 10080 18148 15105 19623 0 21301 19715 15096 18876 15335 16871 11476 19194 4615 22118 5460 8061 13271 23361 20899 18011 10755 13335 11205 19319 17474 16306 6247 7082 17815 8316 13955 8405 11118 16064 4390 10318 9001 18169 16656 5686 13594 8283 7917 15723 18729 11249 9021 9743 11954 10189 25308 9221 7441 14305 15741 23325 19285 20161 17548 11225 19588 12903 4239 19965 16391 14384 17777 528 9911 25099 5409 17226 17620 13485 11911 5312 8759 13009 9148 25027 12490 10262 20176 7587 11501 14043 6980 11018 14721 3457 15558 15015 15114 17866 1076 15312 13162 14959 15894 14762 5728 10062 17796 18438 22701 18910 15182 12541 16634 1590 20699
18036 16012 12398 2874 12536 7349 17810 4262 12840 8174 14382 13089 14459 15057 8223 18303 11127 7966 11191 12952 8345 7962 17145 13697 14085 8995 14322 8964 11049 10167 8295 15174 8848 13248 16063 10055 16901 2814 8068 14373 7687 12301 537 2665 16797 12015 13006 20396 14300 5511 11294 17522 15536 6165 14118 13150 3664 9460 14473 13747 3222 14530 13704 2576 13671 5441 15831 10210 13534 7945 15627 17436 13186 8481 3619 17104 17887 19212 20991 11445 5251 9727 13577 2009 10907 2921 14787 14415 10182 14029 12323 15909 3172 8512 10320 9674 4071 12321 16282 12850 13981 6318 10241 12613 15963 13787 11157 3071 15959 11822 17596 5005 10696 16907 1454 11073 6799 15019 1198 18139 10443 3997 8449 14021 8512 11503 7091 15720 3018 6260 3655 8723 16455 18847 15851 14181 18242 13920 21493 10679 4223 13459 15855 16134 10671 16464 8543 16955 12517 1065 10687 12888 16366 14179 4224 16205 9092 15284 10810 5768 15213 10012 6375 11794 9230 16155 14878 8133 1483 14564 2243 15480 18290 15430 19629 11468 3570 7223 5202 5128 12349 2981 17731 9747 13737 7707 13518 8722 15246 999 11534 10373 7112 1186 6878 11262 16734 17531 14090 17648 6459 9290 16020 10225 15511 12004 6789 5309 9329 1881 15063 6416 13487 19285 12804 13302 10398 13975 15723 6517 11007 14428 10835 16416 6178 1270 5739 14440 14913 8390 14114 12130 12870 16640 7031 8878 3254 5313 18710 11527 14034 12703 17566 15586 16387 15418 9161 15730 2763 7019 5921 14172 12037 12267 11301 7417 17789 13162 4101 15685 9928 3713 11545 4026 15819 4759 13132 6188 13079 11723 14635 9802 16780 12818 15099 19871 13402 2980 13704 13768 10864 14636 14208 15733 3317 7230 6396 12814 16622 11234 3675 15504 4524 21301 0 6241 6214 12132 14740 12410 9989 8320 17878 2379 17980 13633 14913 2218 521 6217 12939 11041 11514 2088 16404 5167 15592 15118 16794 14246 11581 14474 11750 14395 16918 15331 12467 3457 5242 18620 8025 13075 15480 12351 2731 12719 14761 12166 16266 11652 4008 12080 13887 12229 5576 2433 8755 8168 7299 15980 3708 8813 17066 1840 15742 9229 9001 21827 11486 3909 15908 13971 3704 15773 10028 17067 16573 8407 12789 3783 12805 11293 4962 15009 9801 7259 15460 11720 6713 19096 13247 10680 9533 3811 21452 12270 8354 15774 6182 12797 17493 11244 9546 5645 2463 5528 6383 11389 6074 19763 6225
15048 18332 10900 3527 6756 1310 15872 7490 15059 2054 9912 11911 16201 18634 4230 15015 7022 9261 11292 16529 8443 3380 15739 10629 11179 6745 13758 7705 10179 14389 2159 13905 9301 7066 14429 12957 17158 7193 2212 10187 8821 7946 6658 4406 18584 11855 11370 19315 16314 5777 13905 14375 10956 5010 9578 14250 9436 6688 18034 16666 3427 18516 17732 8817 8762 1185 15241 9835 16695 4097 12662 17763 14876 6480 3157 17289 18706 17426 19367 7329 1111 14450 14888 7924 9695 9160 11295 17268 7356 11755 6713 10320 9353 2328 14699 12916 2828 15384 20387 16164 16613 8682 15106 8253 16168 9729 12893 3171 18690 15581 18074 9035 11049 20701 6194 14755 5167 12437 5047 17799 6788 2244 10751 11299 6309 12257 8154 15622 5210 1277 8365 6906 13386 16007 13124 9633 17696 11791 20300 14750 2019 17593 18186 12844 4541 13630 5561 17727 15416 6052 8020 15590 14126 15619 9974 12073 8796 9181 14668 9610 11937 9723 3613 7787 11166 10070 13932 3086 4895 17542 4246 19045 15210 9478 19011 5650 9745 1282 3633 2488 13553 8176 14195 3591 16829 10668 9819 2636 9547 7097 7646 7379 11570 5344 10800 14677 12660 17133 16681 16862 6399 13128 12902 14509 9997 15150 3202 11257 7462 6759 13893 261 10323 18780 11706 12031 13216 10186 16616 10978 7156 12817 4975 19891 9835 6022 11052 8482 14947 9385 7992 8999 7934 19550 9658 2642 7326 2151 15780 6282 12647 11290 18796 9776 14791 9292 13962 12089 8901 10907 6687 13582 10227 8726 5229 6653 17518 12127 9945 17827 5114 9164 10895 9952 18931 10904 11320 10136 14798 14427 13649 13250 14597 11976 15086 17332 17386 9170 17736 8079 13724 18478 15548 9847 9473 5433 1670 12999 13314 10705 4082 9984 9762 19715 6241 0 7108 16760 9185 16395 8673 13285 15489 4681 17946 11669 9917 7984 5786 10657 9442 13526 8565 5139 20282 5273 13484 15112 20726 11556 14437 11600 13082 18019 15657 16942 12207 4456 4295 15627 6683 12445 16072 15940 4884 9040 11432 12575 18486 9560 8562 11210 13035 7237 6865 6190 13730 1987 11569 11521 8901 9930 15648 4643 19373 11953 13411 20233 10168 9177 14782 17977 5507 10654 7887 14671 12871 7517 13078 7955 8465 11441 10444 15285 9411 7419 12922 12968 8022 18442 7703 5742 4986 4364 20169 15708 7185 18976 4484 16029 14744 10386 13954 1589 8683 1209 8191 7568 9518 18372 984
12245 11249 6307 6559 10169 8353 11678 2606 7965 7803 9939 6909 9209 11646 5216 12650 6948 2194 5034 9588 2132 5743 10944 8219 8474 3900 8119 3160 4873 7911 7917 8976 2691 11893 9902 5931 10906 8982 7267 9663 1777 8088 6690 7420 11612 5830 6926 14186 9261 1333 6807 11829 11066 2359 9783 7452 6264 4618 11052 9574 4755 11684 10945 7447 9810 7374 9636 3998 9638 4990 9938 11473 7877 3408 4667 11088 12135 13039 14790 7193 6177 8392 8015 5929 4818 7839 9480 10167 5143 8115 9693 12698 7292 8202 8312 6005 7447 8330 13561 9152 9505 1948 9120 8343 9936 9039 5843 5867 11582 8750 11692 3723 4587 13747 4800 7929 2673 9181 5828 12003 6039 6091 3678 8315 3599 5576 1085 9607 8349 8127 4342 3389 10774 12964 10034 9844 12072 7956 15281 8140 6206 10866 11101 10594 9561 10666 4332 11167 8334 7108 5397 8487 10343 8713 6512 11257 2897 13342 7937 3791 9730 3798 3928 7354 4060 14057 8665 6296 5333 10450 6666 12047 12533 13015 13457 9402 8736 8369 3477 4623 6690 9162 12248 8960 9759 3844 8506 8055 12310 6068 7043 5415 5727 5253 4641 7742 11697 11378 9573 11447 1036 6509 10390 8066 12223 8119 4643 7773 3823 4642 8858 7368 8092 13128 6619 7132 6161 8977 9971 5299 6617 8295 9011 12859 3741 7278 6431 12161 8819 2436 12380 6896 9185 12445 2823 9014 9399 4957 12870 8537 7868 6578 12027 12827 10216 13551 8043 10446 8243 4689 427 7966 6072 7323 9864 1866 11663 6964 6686 10767 6913 5594 5335 6871 11845 8156 7099 4208 7790 7333 8423 6407 10728 6609 8997 13857 10589 7235 10950 11016 6664 11585 8678 13125 8609 2830 5773 6719 11064 5021 3595 12224 5553 15096 6214 7108 0 10415 11614 9638 4027 7652 11861 7366 11912 7625 10977 8272 5835 5058 7852 6423 6257 4312 13364 1855 9552 9018 13821 8508 7362 8814 6155 11058 10709 10001 6276 3439 2815 12810 2625 6862 9586 9022 3794 7811 9348 6123 11418 5848 10222 5880 7673 8744 649 8362 8037 8746 5540 11346 5115 2960 10868 5064 12388 4923 7191 15621 5392 10011 9697 11171 2608 11887 4524 11074 11268 2529 6724 9973 8479 5149 6310 8988 3596 1119 9581 6070 917 12916 10331 7543 6382 3249 15238 8745 2676 11901 2924 9000 11618 5060 7667 5530 7725 5907 1251 6871 3351 13552 7882
19238 7571 13582 14529 20546 18070 17128 9270 6603 17956 19452 13293 8116 4236 15629 19987 16956 9068 10614 3259 10711 16134 15717 16710 16649 13821 12685 12536 12205 2511 18079 14370 10099 22305 15510 5373 12367 14210 17496 18959 9415 17958 12163 14728 9164 11207 14038 17240 7457 11505 5678 19183 20444 12731 19398 9072 8634 14567 3911 5157 13477 3026 2373 10639 19734 16549 13442 11313 4489 15405 17635 12538 7843 13454 13659 12625 11823 17772 18721 17135 15667 2407 8750 10188 12713 10683 18036 5565 14840 15563 20042 22773 9804 18362 2106 4848 15774 4536 4360 3937 5925 8479 1957 18150 11967 18375 7559 14238 6644 2731 12333 7740 10139 5309 11197 3161 13088 16613 12858 14285 16033 14953 7244 16308 13700 9471 9770 12441 15141 17421 8677 13246 18337 19522 17352 19452 14750 15265 18257 2420 15157 1977 7458 18525 19930 17919 14613 11361 4955 13115 14784 5481 16788 8668 8136 20090 11189 23726 2847 7152 17927 11169 14233 17159 7551 24411 13637 16664 12645 5334 14133 4552 19587 23328 15804 19813 11112 18027 13462 14419 8700 13472 20051 19263 4725 6618 17630 18296 22502 11186 16853 15127 5218 12224 5982 3771 20355 14023 6059 14843 11439 3942 18149 2350 22285 4331 14961 7677 13378 10563 14136 17013 16752 15350 13055 13535 5426 18046 10462 5826 16545 14616 19425 5424 6958 13311 6449 22515 11807 9379 22789 16027 19241 6702 7604 19092 14630 14768 19597 18854 14042 13550 10787 23057 15626 23941 2972 18889 11488 5887 10723 12670 13960 16710 20267 12009 13933 13074 8353 7783 17285 8431 11947 8538 5732 8738 14379 6627 7756 5421 13598 4349 16934 12619 11980 19677 2315 9970 2364 21302 5197 3390 8888 23389 11277 13216 15819 10771 18878 11685 12678 22291 7609 18876 12132 16760 10415 0 21768 2036 12708 3835 18015 14474 13583 14852 20771 12538 12241 6150 16990 5994 15492 11917 4750 11863 16101 11977 5026 16375 5076 16807 8377 3719 15311 8767 11492 12308 12868 19654 12645 12332 10959 3158 11973 17156 17744 10206 7933 14266 14548 12444 13031 18910 10320 14354 3423 18659 5192 20535 8436 9066 15694 12689 4617 6099 3350 19284 13016 13578 14489 2590 11257 21651 13874 17505 19558 12051 10569 14809 18235 10545 7263 11376 11319 10896 16789 8542 9626 15515 20599 17870 16755 12403 18398 3564 12415 5510 13269 4143 18430 12223 2812 15357 11116 15595 9164 16685 7306 17394 17257
9402 19960 9662 12501 2500 8831 11786 13723 17291 7191 3517 10609 17506 21932 6758 8846 4819 12701 12161 20183 11071 6800 12557 6819 7329 7948 12569 9258 10339 19270 7111 11566 11760 3974 11305 16629 16129 16288 6983 4287 12354 3940 15247 13506 19424 12083 9632 15789 17957 10902 16949 8644 3601 9639 3281 15247 16985 7201 21405 19432 11518 22395 21784 17145 2294 10359 13490 10905 19774 7040 7917 16691 16467 8332 11121 16123 18143 13190 14991 4668 9797 19937 15969 15875 9686 17540 6213 19825 6981 8727 2476 1168 17440 7043 19714 16995 12007 18615 24189 19550 19011 13528 20670 3840 15325 4498 15181 11911 20818 19651 17151 15188 12377 24018 14082 18900 9089 8506 13601 15726 5737 11092 14538 7724 8097 13542 12050 14491 14376 10054 15301 8522 8142 10367 8618 3267 15335 8995 16423 19376 10917 21809 19859 7400 5078 8728 7284 17311 18432 14886 7180 18311 10092 16665 17412 5232 10685 3084 19048 15383 6938 10979 8621 4738 14369 3232 12091 6611 13258 20215 13188 22265 9357 2044 16254 3575 18288 9022 9796 9616 14925 17177 7803 5916 19791 15188 5321 6622 772 15344 5018 6702 17342 13605 16244 18510 5712 15135 19010 14342 10591 17833 7762 19442 814 18539 8048 18774 8420 14430 11716 9162 6541 16242 10633 10521 16711 5201 16640 16905 5247 10382 4249 22863 15355 14908 17833 1998 14220 12419 3207 6373 2550 21783 14267 7333 16464 9431 10040 3251 10654 9956 18806 1390 11602 3328 19627 6278 17501 16283 11423 12423 8926 5563 4358 9837 15615 10936 17493 19311 4931 16465 10935 17596 21543 18791 9326 15820 16450 17443 11856 17475 10496 11154 14247 11893 21433 17296 21792 1182 17123 22165 16479 1815 18048 8825 8403 13201 7645 11027 11297 801 16736 15335 14740 9185 11614 21768 0 20605 9297 19266 10756 13748 16300 9222 2065 16802 14223 16651 5691 16528 6688 12947 23772 10790 9925 14273 24239 7889 17638 7566 14790 21479 12731 17889 12126 11638 10069 9816 9150 11714 15813 19723 12385 5280 6603 13264 19947 8287 17691 10751 11704 2875 11931 15289 19648 8091 17145 4187 16047 12793 12473 12906 22636 15746 18713 15753 9674 18199 12352 21963 12147 2092 8016 10177 6603 9718 13393 17106 3840 12297 17516 14802 10742 10922 8846 14609 12257 15748 1502 4197 5415 11321 16179 19346 9353 21704 9262 19336 9610 10433 19146 9157 17157 9385 12799 5173 14965 14554 9853
17456 5609 11990 14539 19571 17698 15236 8996 4636 17390 18086 11602 6088 2782 14775 18233 15789 7980 9013 1238 9557 15372 13800 15187 15075 12706 10835 11351 10703 2259 17508 12535 8846 21465 13664 3977 10344 14748 16882 17547 8375 16724 12527 14886 7169 9526 12403 15221 5425 10848 3933 17443 19028 11996 18060 7164 9183 13437 2280 3129 13274 2148 1340 11296 18492 16327 11509 9884 2469 14574 15969 10506 5884 12394 13401 10602 9791 15822 16722 15940 15335 3189 6790 10587 11258 11409 16493 3574 13627 13916 19036 21562 10498 17793 2230 3669 15748 2573 3996 1903 3891 7792 3203 16891 9970 16983 5860 14148 4783 959 10298 7614 8590 4497 11297 1726 12268 14936 12973 12266 14880 14773 6136 14716 12650 7779 8839 10473 15421 17181 8789 12136 16638 17690 15642 18112 12739 13610 16232 1733 14961 1230 5488 16873 19192 16190 13623 9325 2975 13445 13496 3476 14992 6664 8755 18560 9926 22743 1727 6916 16327 9763 13555 15918 6237 23382 11787 15932 12690 3385 14231 3184 17806 22264 13777 18918 11963 17676 12922 13964 6865 14138 18355 18596 2713 5807 16205 17676 21356 11532 15620 13909 5299 12305 5702 2118 18789 12018 4026 12860 10618 3277 16480 2234 21073 2425 14276 8598 12187 10682 12297 16654 15257 13323 11383 11836 3921 16601 8437 5894 15358 12866 18584 4135 6616 13648 7036 21498 9866 8204 21867 14644 18059 5004 6838 18572 15187 14315 17782 17829 12296 11919 8769 21931 13759 22968 3720 17310 12212 5576 9996 10832 12436 15366 19466 11043 11916 11362 9004 5778 16331 8834 10365 9222 4030 9679 12752 6408 5804 3584 11768 3235 15111 10919 10034 17779 1005 10640 1343 20230 3570 2228 6889 22285 12089 12335 15291 8974 17203 10130 12354 21080 7996 16871 12410 16395 9638 2036 20605 0 11381 4595 16168 14661 11554 13201 19470 13155 12434 6198 15583 4304 14146 11850 4002 11269 14332 10029 4410 14763 3268 15202 6609 2137 13389 6731 9771 12010 12290 17849 11610 10587 8955 1159 11795 15792 16180 8458 5971 12812 15266 10822 11241 17785 9667 14755 4305 18214 5123 19074 8727 7812 13781 12675 3389 4883 3450 17272 11503 14382 12600 1593 10922 20329 12613 15694 17942 10929 8765 15446 16958 8927 7841 9412 9951 9930 15078 6784 8774 13495 19519 16863 15806 12047 16377 1590 11318 3860 12558 2114 16641 10696 2942 14909 11782 15199 8404 15457 6899 15402 16989
8218 10948 2444 9582 8663 9614 7846 6622 8055 8374 6744 3314 8534 12638 4890 8636 4555 3827 3077 10897 2248 5811 7340 4336 4508 2051 5085 1066 1529 10274 8447 5399 2628 10873 6150 7416 8557 12632 7729 6273 3632 5370 10500 10611 10718 3359 3033 10817 8883 4480 7654 7811 7754 4148 6694 6305 10266 2514 12108 10158 7735 13109 12519 11455 7124 9415 6574 1641 10480 4866 5928 9168 7359 2199 7480 8669 10253 9296 11148 4649 8137 11157 7025 9937 1034 11851 5656 10583 2383 4095 8066 10204 11319 8689 10744 7864 10117 9319 14893 10254 9781 5322 11881 5520 7577 5677 5896 8803 11679 10423 9514 7527 3149 14732 8659 9706 3691 5154 9366 9127 3720 8651 5510 4313 2397 4396 3701 6975 11619 9923 8343 1769 6761 8947 6008 6748 9040 3953 11860 10289 8671 12566 10829 6625 9137 6640 3349 9291 9135 10759 2124 9029 6381 7767 10478 7595 1559 11720 9905 7366 5800 1688 5106 4565 5170 12253 5309 6393 8860 10961 9906 12976 8507 11083 10377 8290 12746 9708 5635 6629 5822 12970 8282 8911 10504 6403 4968 8344 10062 9991 4280 2637 8974 8903 7827 9269 7962 8462 9792 8242 3533 8859 6393 10456 9716 9249 5479 11687 1281 8595 5344 8893 4273 10126 3076 3477 7463 5410 8295 8709 4096 4491 8181 13600 7156 10904 10167 10425 6343 3405 11020 3335 6751 12636 5700 9574 13015 6832 8846 6858 4171 2789 10543 10658 6492 11961 10960 6604 12220 7816 4183 4909 2061 4003 9134 2587 8844 3490 10668 10331 5718 9585 2267 10864 12316 12146 3143 7642 7323 8146 5031 8361 6791 3305 6467 9893 12171 11260 12528 9069 7852 12870 7625 11039 12609 3324 7012 4572 7084 2149 6678 9724 9456 11476 9989 8673 4027 12708 9297 11381 0 10814 7897 10644 9284 3647 8090 12143 9548 8546 4313 7234 2784 7940 14476 4868 5603 6493 14944 4495 8345 4822 5586 12181 7183 9082 3633 6719 5184 8784 2128 3775 7629 10453 7324 4450 5464 4351 10992 1852 13961 2536 4377 6575 4654 11883 11122 9651 8679 7895 9104 3646 7255 8529 13347 6610 9932 12004 1570 13875 6234 12689 6287 8956 1313 7094 7395 1583 4704 13631 5579 3230 10179 6748 1445 2911 5558 5414 4077 9810 8357 6011 5280 6405 11769 10066 1686 12461 4465 10040 7597 1729 10282 7217 11712 7690 4677 4125 6801 10005 9634
18346 9665 12293 10808 17752 14585 16752 5905 7395 14666 17399 12309 9217 7375 12755 18975 14562 6988 9554 5542 8598 13116 15515 15105 15177 11441 12309 10356 10758 2495 14792 13846 8242 19294 14985 4800 13103 10383 14266 17020 7202 15668 8334 10940 10997 10332 12846 17747 8720 8499 5855 18141 18480 9778 17283 9236 4800 12185 6868 7046 9911 6521 5715 6830 17419 12958 13422 9749 6552 12503 16400 13435 8404 10993 10136 13359 13154 17693 18978 14789 12177 1475 9211 6359 11114 6900 16441 7667 12607 14338 17305 20345 6005 15069 2372 4060 12063 5778 8120 5806 7620 5753 1921 15903 12449 16406 7172 10579 9113 4397 13366 4316 8984 8921 7462 3972 10246 15446 9098 14889 13642 11348 5500 14899 11209 8795 7319 12678 11320 13836 4986 10884 17182 18814 16261 17343 15246 14079 18838 3089 11562 5399 9520 17220 16813 16877 11984 12458 6159 9289 12705 6712 16016 9442 4308 18408 9260 20902 3515 3928 16489 9561 11153 14903 6185 21649 13206 13594 8922 7629 10372 7772 18681 20638 16486 16912 7398 14524 10231 11069 8599 9674 18842 16069 6806 4441 15756 15061 19962 7363 14591 12892 1925 8486 3043 4525 18763 14476 7760 15086 8679 2800 16905 2437 19868 5435 11870 4005 11167 6827 13636 13530 15073 16049 12029 12567 5080 16208 11334 2405 14203 13765 16452 8720 3912 9484 2613 19759 11912 7437 19884 14109 16822 9502 5138 15737 10806 11410 18824 16171 13202 12371 12354 20474 15182 21100 898 17367 7707 3026 7863 12241 12466 14683 17229 9454 14515 12170 4533 9624 14521 4609 10730 4729 8550 5087 13148 3458 8291 5947 13089 3720 16261 11704 12109 19263 5477 6163 5712 18653 5222 6740 9602 20764 7539 10463 12522 10319 17633 10412 9236 19870 3801 19194 8320 13285 7652 3835 19266 4595 10814 0 17410 10678 14353 13672 18553 8724 8455 2700 15094 5929 13508 8275 8380 8756 15255 12114 8718 15021 5621 15418 8080 6731 15146 10056 10722 8850 9701 18835 10178 11582 11562 5042 8415 15160 16213 9633 10004 12583 10772 11306 12400 16395 7377 10520 448 15235 2152 18676 4651 7328 15471 9000 7954 4881 1510 19660 11547 9842 14195 5981 7867 19459 11777 16772 18122 9777 10160 11004 16022 9540 3428 11651 9611 8413 15719 8189 7053 16089 17975 15177 13994 8999 18920 5190 10074 8411 10263 5879 17583 10840 1777 11982 7312 12165 6483 14418 4302 17624 13694
1766 12780 5561 17213 11970 16050 1299 14395 11604 14410 7322 5178 10689 16117 11259 2687 8732 10950 7874 15202 9824 12131 2746 4921 4338 9121 5335 8915 7074 16023 14427 3646 9683 14286 2506 12892 7262 20478 13816 6597 10971 8269 18393 18289 11556 7078 4940 5108 11364 12368 12341 2326 7213 11863 7631 9026 17959 8920 15790 13642 15430 17145 16870 19307 8830 16480 4917 8075 14242 11405 3020 7619 10374 9572 15126 7118 9201 2440 4263 8489 15291 17253 9504 17790 7044 19696 4734 13691 8198 3879 11408 10880 19112 14576 16501 13585 17533 13612 18506 14435 12930 12770 17890 8067 6941 6648 10515 16427 13966 15311 8103 15038 8456 17821 16556 14878 11294 3053 17205 5967 8736 16099 11977 4190 9622 8680 11302 6143 19310 16757 16058 9251 2616 1546 2417 7623 5417 3961 5668 15785 16067 17085 12750 3358 13880 2075 10049 8717 13239 18618 7557 12820 1518 9869 18095 5650 9020 13839 15261 14693 3967 8288 12371 8027 11232 13866 4382 12536 16703 14106 17625 16291 2054 12752 5890 12358 20595 16197 13213 14003 9318 20858 3475 14172 14122 13124 6107 14112 11378 17884 8058 8134 15846 16775 14779 14247 5335 5603 12852 4542 11430 14850 3028 16209 10548 13745 12455 19189 8623 16480 3880 15647 5250 6021 5474 4923 12731 5944 8716 15766 8466 3696 12684 16496 14378 18754 17472 12697 6489 10433 13815 6502 9255 14836 12802 15351 20846 14112 1717 10677 4234 5325 10258 11947 2428 14080 17259 4479 20098 14719 12061 5346 5842 6902 13469 10462 6039 5267 18312 12142 10802 17261 6839 18528 15052 19786 4766 14827 10435 12606 4420 14050 1163 5727 6366 1997 16594 19069 16882 11408 12860 16741 9626 12390 20470 10870 13879 7259 3137 7178 14458 10569 16998 4615 17878 15489 11861 18015 10756 16168 7897 17410 0 18361 6786 4250 8695 20040 17429 15692 6241 12049 6929 15815 17809 12728 2310 6380 18220 3933 12944 3923 9654 15948 3137 10552 6695 14546 12888 1862 9884 5832 7886 15022 15189 6722 4423 7876 12593 6267 21830 6240 5039 9710 12505 19685 17601 15756 15480 6717 16784 10325 2714 16359 16634 12555 16161 5070 6471 21771 3636 16930 14181 8974 7975 828 4260 9479 7455 21474 7900 7877 17653 7062 8388 10747 2569 9498 11711 5494 10943 10497 10707 14216 5423 14585 9527 15306 12038 14194 1184 6919 16321 14331 19584 14793 12259 8085 14091 3845 16467
18290 17944 13086 1273 11381 5545 18459 6050 14703 6732 13951 13910 16221 17255 7755 18440 10775 9400 12382 15133 9397 7240 17972 13841 14301 9250 15383 9579 11909 12439 6839 16013 10052 11718 16792 12039 18270 2540 6796 14069 9050 11878 2521 321 18602 13148 13664 21378 16133 6321 13230 17706 15070 6521 13650 14707 6041 9550 16664 15796 2932 16797 15972 4682 13019 3633 16913 11203 15634 7507 15852 18834 14913 8790 3244 18454 19437 19934 21791 11099 3951 12067 15204 4388 11641 4937 14785 16456 10293 14483 11275 14902 5409 7004 12618 11734 1991 14384 18575 14976 15965 7995 12598 12195 17301 13527 12852 2000 17988 14027 19042 7111 11952 19155 3376 13254 7068 15380 1727 19338 10246 2672 10220 14306 8748 12913 8386 16960 987 4318 5873 9118 16654 19170 16173 13710 19376 14425 22448 12929 2834 15742 17788 16239 9219 16755 8489 18480 14545 1622 10883 14874 16881 15853 6599 15955 10055 13856 13022 7860 15307 11025 6134 11505 10923 14747 15823 7236 2130 16635 739 17679 18511 14154 20756 10278 5329 5388 5159 4561 13918 3496 17758 8268 15824 9638 13404 7312 14162 3373 11286 10430 9384 2412 9030 13389 16517 18703 16066 18695 7282 11477 16192 12507 14549 14082 6304 7638 9747 3980 15935 4784 13587 20445 13645 14097 12369 13833 17265 8778 10754 15132 9611 18604 8238 1506 8111 13157 16179 9749 12665 12204 12192 18715 8835 7182 2743 4590 18996 10669 14808 13431 19229 14424 17136 13961 11507 15684 4481 9168 6989 15220 12602 12183 9910 8085 19005 14035 6467 17569 9226 6079 12499 6378 17931 6991 13731 8325 14812 13691 15561 11913 17323 13747 16354 20322 15660 5210 15973 12683 12854 16879 15854 14512 5044 7491 5405 14082 16727 12217 3972 14539 6877 22118 2379 4681 7366 14474 13748 14661 10644 10678 18361 0 19274 14190 14235 3410 2237 8467 12892 12939 11637 3157 18663 5844 16141 16376 19063 14549 13583 14711 13342 16597 17792 17071 13581 3990 5485 18879 8538 14083 16929 14528 3581 12592 14825 13487 18176 12101 3952 12977 14841 11511 6799 1544 11116 6405 9538 15578 6038 10234 17888 2323 17955 11146 11291 22646 12206 4497 16812 16237 4777 15040 10386 17535 16514 9115 14089 3399 12400 12503 7339 16353 10770 8249 15847 13287 8062 20205 12249 9949 8928 4267 22376 14415 8958 17904 6325 14904 17834 12115 11841 4678 4405 4381 7878 11163 8070 20632 4363
8539 6786 7310 18400 16762 18896 5493 13790 7099 17594 12813 6228 5467 10587 14095 9465 12708 10015 6897 10372 9901 15034 4106 9495 8970 11288 4223 10243 7768 12272 17657 4744 9222 19150 5096 9583 1251 20792 16948 12046 10300 12843 18401 19316 5261 6177 7039 3715 6135 12996 8509 8977 13138 13169 13021 5204 16675 11557 10433 8515 16546 11852 11829 18537 14068 18629 2886 8198 9191 14107 8641 1092 5968 11483 16375 994 2504 5160 5382 12606 17347 13660 5142 17143 8282 18858 10177 8298 11082 7593 16142 16735 18064 17884 12681 10314 19139 9095 12820 9653 7730 11751 14124 12780 2038 11804 7386 17663 8033 10920 1471 13695 7326 11902 16527 10810 12846 7850 17728 885 12228 17693 9940 8579 11676 6495 10926 2339 20259 19184 15051 11052 8790 8196 7969 13039 1478 7348 4681 11837 17750 12140 6810 9430 17969 8142 12568 2369 8667 18947 10471 8117 6559 4983 16596 11826 9323 19293 11281 13077 9538 8347 14350 12252 9067 19531 4326 15593 17238 8660 18567 10641 8839 18340 2223 16770 19711 18991 14698 15785 5953 20800 10146 17931 8992 11024 11000 17502 17025 17613 12117 11201 13367 17126 12596 10144 11687 1214 7609 2244 12070 11553 8977 12430 16321 9358 14761 17320 10534 16203 4616 18170 9792 1769 6366 6191 9281 11100 3124 13554 12282 5957 16864 10591 12656 19129 15408 18027 3095 9595 18964 10359 14181 8747 11263 18760 21226 16026 8446 15099 5802 6921 3682 17641 4866 19546 13880 10436 19474 12483 12285 4400 8093 11107 17788 11458 749 5952 16860 6259 14504 16004 7053 17109 9218 18193 7251 12962 6077 8498 4597 10633 6311 6011 2924 7528 11642 18093 11842 16623 9140 11386 4792 18085 19679 12534 16292 5194 9448 7260 15396 16339 15447 5460 17980 17946 11912 13583 16300 11554 9284 14353 6786 19274 0 7191 14379 19827 17662 13622 10739 8427 10379 16208 12022 13508 6471 2902 12370 8411 8851 8747 6553 10624 3787 4889 5779 15307 14140 8622 11285 5510 2794 10427 15706 11218 9771 5816 6507 8843 21927 6755 5030 14384 12501 20245 14378 18901 12971 12799 15593 9169 4162 16977 10932 9796 12872 5800 7867 21520 3951 11805 14517 14908 10244 6856 10574 10491 5199 21761 12692 6772 15883 2982 8638 11054 7592 6514 11285 2003 16008 14530 14183 15067 4842 10035 10786 9502 13596 9441 7826 7562 12807 16455 18935 16923 11599 12049 12529 4202 18897
4733 11123 1399 13076 9573 12397 4280 10182 9004 10890 5841 1641 8713 13770 7496 5306 5584 6898 4246 12427 5631 8424 4100 2442 2063 5030 3367 4673 2964 12622 10931 2487 5602 11962 2766 9509 6915 16253 10258 5109 6858 5652 14145 14135 10359 3676 829 7695 9275 8122 9267 4470 6427 7671 5992 6566 13783 4981 13333 11194 11261 14557 14125 15072 6948 12570 4319 3995 11688 7588 2785 7487 7928 5433 10975 6921 8921 5798 7718 5451 11333 13726 7234 13554 2820 15464 3505 11430 4331 717 8953 9790 14899 11124 13107 10127 13486 10780 16158 11690 10609 8653 14411 5594 6104 4750 7341 12290 12133 12272 7939 10919 4760 15716 12306 11698 7131 1781 12981 6737 5238 12031 8173 1651 5520 5423 7124 5270 15152 12946 11869 5078 3522 5363 2590 6019 6456 414 8643 12488 12019 14266 11044 3676 10907 3211 6112 8094 10477 14387 3665 10183 2734 7839 13949 5534 4828 12151 12011 10637 3171 4201 8332 5076 7539 12445 2890 8913 12478 11846 13452 14030 5052 11244 7621 9621 16362 12524 9076 9947 6516 16614 5217 10978 11632 9263 3907 10697 9971 13635 4962 4356 11976 12537 10863 11131 5665 6097 10571 5504 7181 11319 3298 12810 9343 10826 8518 15092 4450 12233 2582 11855 2689 7485 1824 1451 9427 4103 7492 11823 5186 1262 9764 14451 10357 14526 13445 10869 5027 6390 11778 3191 7001 13086 8800 11966 16628 10092 5298 7932 1432 1314 9606 10594 3128 12403 13645 4181 15854 10821 7814 3233 1599 3918 10666 6219 6561 1936 14156 10457 7507 13090 2957 14364 13036 15635 541 10824 7948 9648 2641 10621 3150 2322 5039 6246 13807 14850 14135 9458 9673 14222 7622 11031 16232 6718 10012 4451 4029 3264 10254 9359 12877 8061 13633 11669 7625 14852 9222 13201 3647 13672 4250 14190 7191 0 7425 15791 13187 11714 3567 8903 3317 11576 15583 8492 1961 5065 16033 1617 9941 2061 6631 13455 4077 8929 3479 10325 8706 5267 5667 2776 6641 12119 10954 4034 3130 4802 11048 2130 17595 2416 2523 7193 8266 15479 13915 12238 11633 6267 12610 6378 4008 12138 14397 8968 12559 8584 2265 17522 3367 14238 9933 8086 3859 3451 4751 5230 4668 17251 5515 4308 13561 5627 4246 6508 2057 6449 7528 7061 8828 7432 7265 10000 8504 11690 5290 13246 7892 11452 4035 2851 12802 10376 15342 10848 8096 4910 10042 6706 12653
7342 18388 8039 12964 3890 9820 9741 13305 15881 8080 1585 8908 15938 20597 6695 6806 4045 11742 10738 18950 10085 7017 10560 4985 5442 7114 10792 8264 8922 18307 8028 9676 10675 5870 9337 15506 14277 16752 7725 2339 11441 2890 15439 14027 17747 10552 7924 13742 16431 10481 15695 6582 1556 9288 1465 13699 16761 6373 20093 18056 11731 21158 20592 17178 1244 11101 11613 9615 18445 6976 5892 14824 14974 7577 11335 14256 16310 11131 12926 3786 10331 19090 14410 15814 8299 17583 4221 18405 5966 6871 3543 2369 17377 8029 18768 15939 12660 17344 22907 18282 17582 12808 19823 2651 13512 2691 13856 12298 19306 18512 15293 14668 11025 22651 14076 17795 8676 6541 13838 13774 4939 11566 13533 5851 7378 12115 11240 12663 14963 10947 14971 7670 6084 8312 6594 1426 13364 7158 14363 18356 11420 20649 18294 5342 6395 6677 6771 15509 17126 15202 5989 16956 8073 15081 17141 3185 9584 5144 17987 14765 4921 9720 8570 3652 13256 5211 10245 7005 13442 18805 13611 20910 7304 4065 14244 4741 18384 10006 9764 9830 13451 17548 5767 7080 18441 14302 3545 7561 2698 15403 3964 5679 16640 13740 15510 17356 3691 13200 17570 12372 10001 16878 5713 18486 1942 17300 8125 18487 7428 14344 9840 9946 4744 14247 8969 8792 15551 3325 14908 16257 4361 8524 5334 21455 14680 15251 17365 4042 12452 11398 5219 4883 2050 20271 13449 8500 16978 9712 7987 3636 8845 8293 17030 3292 9622 5385 18829 4219 17639 15532 10856 10656 7359 4117 5752 9125 13681 9234 17253 17729 5022 16186 9445 17382 20097 18623 7596 15160 14968 16167 10024 16432 8465 9500 12462 9838 20247 17249 20601 2898 15929 20896 14882 3739 18162 8340 8833 11607 5581 9583 11309 1960 16357 13271 14913 9917 10977 20771 2065 19470 8090 18553 8695 14235 14379 7425 0 17063 14391 16029 4041 15281 5330 12980 22439 10470 7951 12488 22903 5990 16391 5634 13379 20182 10751 16258 10540 11610 9906 7764 8384 10044 14064 18525 12375 3727 4621 11747 18349 6800 18179 9185 9942 2724 11387 15774 18909 9182 16405 2170 15742 11710 10478 13077 21282 14683 17858 13689 8191 18570 10429 20754 11943 910 6898 8128 4543 8802 11809 17633 2544 10863 17138 13049 9520 10140 6853 13195 11502 13747 2685 4288 5383 11269 14117 18130 8485 20275 9014 18060 7546 8985 18254 9558 17248 9869 12080 4137 14293 12502 10711
20235 17302 14530 4457 14529 8936 19933 6043 14255 10004 16574 15179 15964 15899 10390 20513 13323 9844 13149 13865 10399 10071 19214 15911 16292 11209 16314 11133 13141 10901 10119 17247 10831 15050 18169 11368 18707 1727 9983 16579 9612 14490 1682 3726 18232 13992 15144 22394 15732 7680 12645 19728 17725 8380 16305 14856 3972 11678 15340 14895 5332 15199 14379 1901 15823 7009 17804 12263 14597 10115 17832 19220 14743 10692 5728 18921 19555 21310 23058 13642 7111 10195 15220 2779 13036 1931 17005 15566 12400 16206 14356 17968 2744 10308 10959 10883 5400 13467 16842 13877 15224 8078 10586 14804 17795 15996 12774 4920 17111 12700 19346 6349 12627 17602 3488 12020 9016 17208 3225 20041 12653 5802 10053 16221 10727 13333 9066 17613 3407 7725 4918 10926 18661 21035 18044 16367 20178 16088 23499 11461 6008 14089 17145 18347 12511 18660 10758 18650 13717 1939 12901 14144 18525 15773 4421 18417 11169 17152 11690 7083 17428 12060 8563 13998 10886 18036 16915 10194 3633 15664 3737 16315 20492 17377 21561 13442 1999 8784 7403 7238 14054 1020 19947 11567 14820 9159 15735 10573 17275 2228 13742 12592 7953 3398 8023 12315 18949 19450 15344 19628 8610 10270 18229 10922 17585 13132 8942 5009 11527 3662 17127 8117 15702 21201 14890 15400 11723 16191 17414 7422 13213 16548 12790 17265 7520 1963 6139 16381 16797 10302 15967 14347 15015 17710 8650 10554 2110 7386 20903 13620 16135 14824 19139 17585 18486 17269 9616 17948 1216 8166 8015 16170 14199 14484 13177 9589 19683 15236 4190 17040 12056 4384 13601 4000 16833 4105 15282 7401 14631 13024 16681 10920 18931 14874 16988 22035 14108 2571 14377 15793 12149 15370 15826 17706 1715 9446 8404 14715 18835 13281 5887 17576 5200 23361 2218 7984 8272 12538 16802 13155 12143 8724 20040 3410 19827 15791 17063 0 2723 7172 15157 12445 13730 4301 17073 7362 17745 17005 17427 16444 12835 16679 13445 15236 18972 16850 14449 5675 7460 20817 10217 15098 17243 13282 4946 14935 16977 14043 17583 13836 2189 14152 15926 14362 7625 2273 9119 9790 8226 18178 4616 10679 19138 4004 16541 10652 9707 23885 13616 1739 17956 14647 5862 17912 12230 19234 18791 10561 14672 2291 14998 13241 5324 16846 11868 9352 17645 13437 8670 21040 15302 12804 11680 6029 23471 13268 10530 16753 8399 13859 19681 13330 10215 7648 1435 7460 8269 13598 7515 21809 7759
17562 15875 11967 2511 12026 6922 17381 4035 12674 7694 13864 12678 14261 15046 7702 17819 10610 7660 10841 12930 7959 7442 16741 13210 13604 8509 13954 8515 10640 10206 7816 14769 8494 12766 15644 9932 16599 3148 7573 13860 7362 11782 1052 2487 16615 11656 12573 20020 14126 5069 11154 17042 15017 5677 13600 12890 3916 8962 14458 13657 2705 14566 13741 3040 13149 5031 15468 9820 13468 7424 15149 17141 12975 7998 3102 16798 17630 18794 20586 10929 4775 9834 13337 2274 10479 3401 14290 14322 9688 13572 11808 15391 3579 8038 10382 9585 3747 12236 16340 12797 13863 6071 10374 12095 15653 13275 10933 2619 15862 11814 17313 4927 10359 16929 1219 11050 6307 14553 753 17802 9931 3544 8242 13546 8023 11202 6748 15389 3010 5867 3645 8249 15975 18380 15382 13662 17892 13469 21114 10701 3772 13508 15718 15645 10185 15992 8035 16691 12417 1285 10200 12770 15919 13953 4479 15695 8694 14791 10806 5685 14724 9625 5856 11280 9000 15659 14490 7617 966 14485 1949 15470 17814 14925 19279 10961 4078 6802 4686 4609 12090 3437 17238 9266 13665 7556 13013 8237 14732 1330 11021 9875 7150 676 6833 11208 16226 17188 13969 17281 6026 9269 15538 10272 14993 11927 6268 5632 8859 1771 14664 5968 12996 18941 12396 12888 10270 13469 15462 6545 10493 14003 10331 16400 6081 1471 5910 13936 14586 8068 13624 11635 12349 16564 6830 8426 3570 4798 18239 11007 13618 12278 17340 15075 15971 14927 9276 15231 3279 6972 5524 13801 11589 11762 10808 6968 17455 12760 4381 15530 9407 3876 11153 4332 15761 5152 12691 6132 12870 11596 14244 9738 16336 12424 14770 19419 13431 3392 13742 13254 10745 14655 13974 15224 3829 6739 5888 12484 16134 10845 3164 14986 4656 20899 521 5786 5835 12241 14223 12434 9548 8455 17429 2237 17662 13187 14391 2723 0 6237 12437 10885 11022 1615 16435 4704 15148 14790 16833 13774 11468 13995 11497 14387 16521 15127 12105 2959 4740 18147 7561 12695 15196 12326 2251 12213 14268 11846 16121 11190 4417 11679 13499 11708 5206 2620 8895 7730 7311 15464 3808 8507 16661 1320 15741 9077 9056 21425 11058 4390 15515 14006 3281 15251 9554 16615 16073 7968 12466 4138 12287 10948 5159 14699 9406 6857 14998 11460 6379 18742 12730 10159 9011 3312 21067 12227 7901 15725 5678 12734 17028 10837 9605 5140 2961 5036 6084 10876 5946 19368 5816
16444 10174 10315 8411 15077 11964 15187 3215 7274 11982 14944 10515 9068 8846 10079 16998 12005 4823 7865 6755 6298 10421 14093 12882 13021 8925 10903 7954 8750 3973 12108 12277 6122 16595 13378 4345 12407 8662 11573 14616 4928 13138 6361 8697 11213 8711 10906 16723 8740 5819 5626 16161 16051 7101 14806 8425 3318 9658 8266 7726 7333 8330 7505 5436 14868 10403 12197 7719 7429 9823 14346 12836 7970 8452 7529 12649 12877 16290 17759 12247 9555 3796 8612 4468 9001 5651 14201 8397 10134 12336 14641 17746 4754 12386 4178 3769 9645 6300 10114 6715 8083 3263 4451 13387 11612 13995 6240 8092 9941 5612 12865 1631 7275 10695 5116 4884 7589 13448 6792 14023 11094 8804 3827 12782 8653 7437 4893 11662 9224 11277 2594 8386 15156 17008 14289 14866 14292 12104 17837 4466 9009 7278 10018 15114 14114 14918 9372 12052 6564 7261 10298 7016 14232 9038 3078 16102 7035 18218 4598 1269 14327 7515 8455 12392 4679 18974 11723 10896 6537 8493 8059 9268 16766 17976 15618 14224 6390 11912 7534 8392 7671 8186 16762 13374 7649 2664 13395 12369 17334 5366 12081 10414 935 6134 1026 5145 16495 13524 8206 13968 6065 3111 14838 4047 17273 5963 9171 3706 8730 4493 12090 10906 12814 15206 10221 10772 4700 13857 10840 324 11668 11997 13757 10208 1391 7465 1823 17087 10849 5325 17193 11751 14241 10544 2914 13069 9111 8736 16980 13521 11461 10457 12291 17835 13619 18414 3306 15150 6405 1144 5228 10803 10365 12268 14530 6904 13648 10432 3352 9956 11860 2792 8864 3604 9680 4583 11175 904 7854 5944 11561 3757 14529 9979 11050 17621 7195 4845 7506 16004 5073 8422 9140 18116 6434 7828 9836 8984 15553 8529 6585 17275 2015 18011 6217 10657 5058 6150 16651 6198 8546 2700 15692 8467 13622 11714 16029 7172 6237 0 12732 5502 11131 5771 10198 6060 13446 11061 10596 12930 5720 13301 7076 8183 13760 9957 9145 6204 7001 16966 7649 9969 10864 6159 5829 12752 14008 8268 10468 10375 9348 9461 10824 13787 4724 8589 3127 12588 1083 16290 2583 5370 14037 6557 9526 3852 2848 18505 9492 8606 12760 7770 5192 16938 9381 14992 15936 7346 8865 9438 13517 7889 2275 10720 7500 5923 13769 7131 4571 15160 15333 12529 11336 6333 17877 6114 7602 9614 7574 6690 15721 8866 3403 9314 5909 9516 3973 11908 1759 16421 11118
5609 14352 4006 11659 6072 9881 6908 10401 11857 8202 2530 4920 11901 16592 5281 5600 2501 8125 6724 14999 6497 6064 7292 1366 1970 4056 6884 4779 4925 14576 8212 6000 6940 8463 5954 11654 10480 15240 7627 1969 7893 2153 13476 12761 13750 6511 3941 10789 12390 7749 11745 4934 3454 6805 2576 9658 14034 3490 16099 14040 10042 17199 16661 14865 3401 10511 7880 5700 14446 5481 3269 11054 10935 4588 9684 10488 12476 8457 10399 2249 9411 15470 10371 13390 4331 15274 1895 14375 2798 3165 5462 6356 14893 8350 15049 12143 11752 13377 18921 14314 13552 9470 16195 2048 9650 1404 9874 10895 15265 14626 11504 11555 7046 18632 11827 13941 6159 3322 12043 10239 2688 10396 9821 2267 4492 8094 7839 8828 13775 10684 12139 4489 3950 6579 3824 2618 9909 3392 11604 14571 10321 16739 14257 3409 7693 4250 4428 11628 13142 13477 2455 12950 5090 11046 14330 3407 5869 8585 14167 11506 2494 5830 6760 1787 9439 8898 6456 6399 11574 14778 12181 16897 5768 7694 10973 6253 16139 10037 7819 8346 9415 15828 4866 7937 14434 10707 663 7882 6451 13202 1832 2577 13227 11761 12079 13465 3869 9617 13537 8929 7022 13168 3465 14760 5888 13351 6644 15617 4033 11940 6123 9574 1028 10892 4955 4830 11668 1128 10950 12921 2290 4782 6505 17426 11345 13576 14253 7302 8532 7716 8226 985 3442 16230 9960 9113 15552 8374 6342 4546 4994 4278 13116 7076 6292 8837 15267 2801 15492 12079 7850 6736 3318 721 7345 6020 10089 5247 14486 13695 4571 13393 5414 14653 16061 15934 3636 11834 10930 12202 6208 12642 5558 5482 8562 7956 16321 14799 16671 5892 12019 16920 10850 7506 15957 5738 7916 7571 3886 5568 9282 5902 13403 10755 12939 9442 7852 16990 5691 15583 4313 15094 6241 12892 10739 3567 4041 15157 12437 12732 0 11338 1603 10865 18432 7918 4665 8589 18895 2496 12441 2350 9360 16194 7382 12238 6502 9482 7698 6185 5266 6036 10122 14599 10221 503 1990 7707 14319 2792 16656 5144 6016 3694 8383 14345 15414 9539 12949 3585 12920 7950 7202 11206 17269 10894 14245 11242 4168 16814 6841 16813 9475 4823 3354 5468 3641 5394 7772 16205 1953 6845 14162 9111 5671 6842 3778 9175 8168 10432 5269 4263 4519 9128 11410 14194 5181 16242 6759 14087 5360 4972 14595 8473 15033 8905 8773 1883 10974 9650 10400
13244 5005 7686 12466 15705 14775 11215 6890 1811 14148 13856 7317 3567 5459 11154 13994 11747 4348 4711 3669 5684 11874 9859 10892 10772 8777 6740 7366 6428 4036 14256 8403 4865 17747 9549 1185 7179 13754 13576 13292 4790 12605 11331 13090 5788 5234 8101 11840 3287 7750 424 13193 14769 8681 13850 3336 8784 9472 4904 3166 10862 5879 5324 10846 14354 13722 7651 5666 3327 10994 11677 7530 2520 8545 10875 7433 7406 11984 13137 11867 12568 5364 3286 9666 7007 11100 12193 3745 9562 9618 15139 17436 10223 14537 4498 1893 13540 2093 7662 3023 3101 5024 5930 12749 6525 12742 1568 11900 5178 3369 7493 6107 4305 7576 9666 2837 8793 10648 11220 8963 10864 12318 2806 10412 8809 3489 5411 6802 13844 14509 7537 8228 12361 13543 11370 13900 9332 9313 12924 3742 12465 5415 4850 12577 15648 11931 9838 6625 1972 12101 9358 2064 10797 3586 8579 14262 5885 18840 3212 5363 12023 5567 10258 11800 2401 19425 7686 12466 10816 4038 12355 5824 13593 18274 10559 15159 11873 14791 9899 11039 2790 13463 14077 15169 3404 3334 11948 14340 17290 10391 11512 9835 5059 10539 4514 2234 14486 8566 3182 9227 7238 3130 12189 4215 16948 2019 10938 9086 8173 9160 8172 13787 10971 10121 7090 7555 858 12333 5453 5358 11299 8623 14904 6547 4927 12304 7172 17565 6070 4390 18044 10418 13979 6024 4116 15377 14208 11376 13611 13921 8048 7617 6789 17881 9684 19074 5507 13006 11819 4380 6840 6711 8146 11164 15826 7391 8589 7088 8853 4645 12536 8188 6063 9105 5439 10045 8449 5063 2404 947 7629 2214 10953 6638 6261 13764 4986 10296 5333 16245 812 5637 3719 18254 11900 8757 12178 4791 12915 5836 9771 16956 7486 13335 11041 13526 6423 5994 16528 4304 7234 5929 12049 12939 8427 8903 15281 12445 10885 5502 11338 0 9952 9819 7279 8255 10107 6263 7747 10460 1112 10898 2395 4963 9465 4457 5502 9505 9237 13664 7824 6338 5635 3265 9547 11573 11877 4212 5239 8552 14632 6518 7042 13765 6689 13471 5975 15152 4673 14794 7866 3896 9827 10681 6187 1812 4463 13787 7219 13996 8586 5476 8443 16122 8514 11519 13639 7044 4594 14627 12800 4623 7761 5755 5789 6344 10806 2554 5506 10169 15532 12992 12028 9428 13014 2856 7453 5515 9253 2814 12437 6409 4461 11952 11300 12322 5371 11355 4975 11785 14274
6659 13290 3159 10435 6495 9184 7338 8820 10614 7618 3960 4217 10837 15293 4335 6819 2337 6555 5475 13621 4915 5226 7392 2206 2677 2535 6274 3177 3652 13054 7652 5778 5404 8848 6041 10190 9942 13910 6996 3515 6308 2766 12049 11530 12834 5417 3341 10981 11274 6214 10367 6071 4987 5350 3915 8575 12463 2088 14781 12770 8736 15830 15262 13355 4439 9552 7495 4286 13137 4476 4221 10540 9779 3063 8397 9988 11857 8901 10853 2274 8374 13914 9300 11867 3003 13762 3295 13147 1347 3240 5872 7515 13353 7834 13523 10647 10652 12019 17588 12957 12330 7869 14642 2849 9039 2907 8542 9656 14131 13188 10959 9955 5717 17363 10349 12481 4715 3876 10673 9996 1924 9243 8285 2745 3005 6857 6239 8276 12551 9836 10560 2918 5017 7562 4598 3968 9749 3333 11895 13072 9193 15321 13185 4629 7611 5148 3168 10956 11809 12109 866 11658 5568 10008 12748 5001 4320 9343 12686 9904 3703 4390 5528 2012 7951 9780 6059 5671 10191 13540 10911 15615 6875 8584 10936 6400 14636 9321 6494 7155 8237 14440 6217 7661 13142 9139 2264 7397 7459 11724 1801 1220 11634 10348 10487 12030 5443 9343 12327 8810 5450 11636 4557 13236 7030 11970 5543 14028 2435 10430 5842 8728 1974 10791 4160 4208 10226 2730 10148 11322 1903 4570 6488 16190 9745 12219 12651 8038 7849 6164 8800 641 4195 15096 8371 8665 14241 7232 7372 4756 4596 3518 12372 8073 6401 9592 13698 4256 14011 10489 6268 6108 2367 1221 7409 4440 9793 4529 12909 12646 4190 11815 4256 13080 14859 14363 3140 10233 9762 10843 5783 11144 6041 4642 7914 8807 14917 13265 15271 6634 10600 15573 9831 8477 14462 4285 6950 6570 5119 4339 7894 7040 11810 11205 11514 8565 6257 15492 6688 14146 2784 13508 6929 11637 10379 3317 5330 13730 11022 11131 1603 9952 0 9429 17136 6420 4958 7941 17601 2999 11062 3095 8110 14865 7391 11260 5501 8064 6297 7248 3692 5212 9367 13195 8784 1669 3247 6586 13289 1649 15311 4127 5409 4186 6799 13046 13834 8970 11360 5169 11341 6429 7300 9828 15987 9393 12686 11715 3002 15411 6669 15424 7974 6183 1752 6108 5096 3791 6753 14889 2871 5610 12566 8381 4196 5240 4360 7928 6566 10375 5945 4152 3956 7713 11737 12800 3583 15025 5375 12736 6249 3746 13049 7416 13541 7873 7170 1701 9372 9941 9544
15951 14824 10364 2705 10859 6402 15778 2960 11568 6827 12375 11093 13067 14340 6291 16215 9119 6264 9344 12207 6414 6149 15160 11610 11997 6908 12420 6903 9058 9694 6954 13189 6997 11829 14048 8963 15175 4711 6591 12336 5931 10303 2620 3279 15451 10141 10967 18472 12988 3463 10124 15434 13533 4079 12123 11560 4332 7381 13742 12741 1716 13997 13183 4208 11737 4689 13942 8264 12620 6007 13540 15730 11756 6393 2036 15366 16295 17200 19003 9433 4038 9541 12049 2961 8879 4609 12706 13394 8100 11957 10586 14113 4511 7205 9937 8712 3898 11346 15824 11989 12872 4843 10153 10612 14215 11743 9695 2321 14914 11143 15924 4239 8884 16307 1148 10343 4716 12939 1520 16313 8404 3077 7075 11935 6425 9795 5285 13913 4112 5567 3292 6637 14367 16766 13769 12186 16383 11855 19560 10135 3295 12987 14668 14046 9242 14380 6489 15342 11482 2830 8600 11785 14306 12697 4856 14153 7128 13757 10160 4939 13127 8074 4410 9766 7767 14603 12930 6408 1039 13593 2537 14762 16204 13795 17768 9831 5404 6319 3217 3400 10768 5051 15646 8368 12799 6552 11451 7323 13497 2422 9499 8295 6706 965 6149 10414 14676 15690 12968 15747 4426 8596 13933 9787 13696 11058 4907 6171 7246 1633 13089 5365 11401 17440 10814 11299 9283 11911 14123 6094 8975 12403 9234 15670 5271 2987 5933 12820 13119 6635 12618 10046 10953 15669 5705 7731 5112 3662 16626 9703 12027 10680 16073 13877 14378 13911 9017 13652 4680 6277 3973 12264 9977 10199 9808 5357 15972 11183 4849 14434 8057 4025 9590 4884 14917 5954 11081 5442 11656 10597 12679 8935 14725 10858 13299 17805 12855 4358 13184 12034 9777 14035 12699 14059 5187 5145 4821 11016 14535 9289 1671 13691 4637 19319 2088 5139 4312 11917 12947 11850 7940 8275 15815 3157 16208 11576 12980 4301 1615 5771 10865 9819 9429 0 15838 3090 13536 13320 16257 12162 10509 12387 10189 13691 14948 13914 10585 1394 3178 16535 5946 11147 13808 11602 645 10656 12676 10399 15048 9575 6021 10106 11939 10334 3707 4051 8723 7126 6784 13960 3768 7105 15080 863 15057 8041 8612 19846 9457 5996 13947 13441 1710 13856 7942 15001 14495 6361 11011 5709 10799 9457 5306 13264 7843 5292 13383 10137 4941 17226 11471 8810 7628 1748 19506 11452 6288 14907 4119 11900 15414 9257 9166 4122 4269 4153 4726 9349 5051 17796 5438
19315 5236 14563 18533 22981 21577 16698 12958 6599 21166 20963 13942 7122 1842 18357 20172 19013 11496 11709 3776 12942 19025 15180 17815 17595 16054 12676 14645 13518 6238 21281 14354 12140 24998 15389 7454 10997 18695 20630 20349 11922 19836 16510 18888 6812 11998 14857 15702 6458 14631 6855 19448 21800 15712 20988 9042 13109 16750 2375 4402 17231 1878 2704 15193 21567 20268 12902 12869 3999 18179 18228 10933 7662 15810 17342 11224 9730 16930 17404 19123 19241 6906 8428 14559 14143 15277 19047 4170 16828 16288 22417 24648 14376 21565 6121 7379 19735 5188 862 4277 4981 11613 6647 19965 10982 19832 8595 18127 3989 4715 10575 11609 11419 561 15299 5535 15915 17192 16975 12864 18137 18731 9721 17202 16073 10342 12467 11703 19418 21113 12790 15502 18790 19354 17785 21035 13424 15969 16563 5734 18914 2985 5217 19151 22833 18258 17092 9654 5342 17435 16592 5483 16869 7960 12654 21105 13163 26119 5679 10900 18752 12793 17290 19035 9597 26700 13582 19604 16689 3751 18232 1553 19662 25544 14150 22417 15769 21564 16747 17824 9084 18039 20477 22296 3999 9619 19009 21415 24537 15516 18754 17097 9293 16307 9690 5625 21246 12822 5031 13828 14293 7244 18721 6188 24162 5320 17998 12348 15450 14684 14113 20542 17944 13712 13781 14140 7268 19358 9213 9892 18561 14974 22140 1462 10584 17637 10933 24843 11324 11618 25317 17557 21227 3366 10640 22370 19129 18174 19508 21199 14441 14403 8519 25135 15395 26353 7481 19764 16083 9561 13748 12727 15144 18330 23049 14586 12577 13652 12892 5791 19798 12798 13029 13098 2810 13423 15214 10398 7637 6344 13642 7032 16883 13265 11443 19138 3004 14529 2704 23518 6792 1809 8201 25514 15917 15929 19103 11136 19409 12865 16278 24171 11960 17474 16404 20282 13364 4750 23772 4002 14476 8380 17809 18663 12022 15583 22439 17073 16435 10198 18432 7279 17136 15838 0 15082 16326 11429 468 17198 6184 17642 9076 2328 14763 7319 12118 15945 16101 19616 15070 12818 9976 4349 15763 18713 18693 10814 5522 15645 19148 13373 13288 21033 13470 18735 8020 22056 9125 21754 12712 11152 15185 16668 1188 8453 7414 17787 14265 18220 14177 2436 14852 23253 15771 17490 20291 14311 10918 19361 20003 11588 11749 10747 13035 13499 17235 9261 12466 14020 22805 20267 19285 15962 16770 4622 14718 2534 16282 4470 18496 13461 6881 18766 15677 19078 12167 18601 10847 16192 20912
12873 13103 7305 4895 9052 6536 12713 2951 9818 6125 9659 8083 11054 13398 4072 13159 6456 4044 6615 11312 3608 4361 12151 8572 8936 3885 9547 3820 6069 9399 6244 10186 4353 10540 11004 7699 12558 7765 5638 9524 3618 7650 5691 5849 13455 7343 7901 15535 11115 536 8632 12370 10817 1183 9445 9245 6292 4437 12801 11393 3038 13357 12595 6947 9246 5521 11077 5368 11430 3803 10472 13140 9721 3358 2888 12727 13883 14155 15984 6748 4324 9694 9830 5480 5833 7356 9714 11996 5122 8868 8647 11925 7006 6529 9761 7703 5677 10120 15235 10916 11346 3479 10401 7940 11576 8912 7694 4157 13424 10414 13386 4487 6237 15483 3933 9588 1813 9852 4498 13528 5637 4280 5479 8860 3427 7320 2930 11177 6830 6273 4521 3566 11302 13680 10685 9508 13547 8767 16607 9692 4380 12487 12955 11007 8089 11299 3720 12908 10145 5895 5572 10318 11220 10538 6673 11275 4220 12171 9547 4838 10096 5196 2399 7016 5910 12941 9979 4844 3993 12269 5115 13805 13131 11977 14924 8170 8222 6543 1667 2785 8498 8140 12624 7400 11561 5473 8532 6437 11431 5306 6725 5343 6873 4047 5911 9459 11773 12886 11417 12853 1445 8052 10875 9538 11471 9894 3122 8024 4165 4023 10100 5534 8379 14621 7812 8277 7950 9000 11731 6351 6228 9351 7697 14638 4939 6037 7059 11065 10416 4245 11134 7050 8528 14279 4445 7303 8147 3126 13544 7579 8997 7633 13825 11896 11340 12363 9279 10671 7592 5991 1428 9382 6893 7286 8478 2281 13203 8197 6782 12621 5892 5719 6655 6914 13659 8165 8003 5337 9636 9154 9719 8068 11642 7904 10584 14716 12243 6901 12599 10046 8457 13288 10494 12150 8044 2201 4025 8340 11493 6376 1893 11469 5946 16306 5167 5273 1855 11863 10790 11269 4868 8756 12728 5844 13508 8492 10470 7362 4704 6060 7918 8255 6420 3090 15082 0 10454 10606 15533 9083 9166 9319 7979 12795 11960 11836 7766 1864 1022 13455 2859 8242 11299 10733 2462 7760 9658 7795 13273 6486 9103 7134 8997 7989 1612 7022 9175 6975 6771 11188 5281 4782 12069 3664 14140 6693 8548 16834 6407 9074 10973 12830 1558 11373 4869 11913 11513 3301 8370 8764 8109 6746 6727 10640 4932 2458 10295 7886 2758 14370 9401 6601 5385 1578 16539 10480 3202 13707 1540 10774 12327 6274 9062 3709 7122 4067 2929 6563 4572 14804 6030
3140 11528 3251 15016 10704 14141 2388 12085 9892 12568 6410 2949 9248 14565 9269 3903 7026 8673 5702 13446 7516 10176 2654 3306 2711 6942 3651 6634 4773 14000 12599 2027 7396 13085 1387 10860 6542 18214 11951 5640 8678 6813 16103 16080 10514 4961 2630 6128 9882 10081 10432 3134 6668 9625 6650 7327 15656 6822 14185 12023 13210 15487 15138 16998 7767 14424 3878 5783 12580 9387 2185 7034 8711 7366 12918 6474 8589 3946 5895 6831 13204 15182 7901 15480 4735 17387 3730 12159 6130 1729 10103 10289 16803 12772 14482 11527 15395 11818 16968 12687 11362 10478 15840 6677 5939 5481 8545 14230 12642 13438 7519 12748 6271 16396 14259 12943 9076 1420 14942 5828 6857 13946 9781 2401 7439 6649 8996 5071 17099 14759 13752 7023 2515 3568 1558 6660 5414 1723 6977 13804 13927 15320 11473 3037 12330 1938 7959 7904 11473 16348 5469 11106 796 8385 15799 5382 6711 12973 13298 12420 3068 5995 10231 6399 9071 13144 2779 10629 14439 12578 15403 14781 3487 11968 6359 10918 18285 14276 11014 11856 7480 18573 4158 12505 12488 10912 4751 12326 10627 15582 6360 6109 13638 14498 12552 12335 5303 5272 11301 4421 9137 12769 2577 14187 9889 11914 10374 16907 6394 14175 2257 13658 3640 6323 3235 2690 10730 4755 7591 13532 6689 1499 11151 15092 12116 16488 15211 11742 5141 8157 12763 4649 8012 13561 10543 13587 18588 11987 3569 9211 2074 3024 9473 11235 1678 13223 15152 3977 17791 12499 9756 3600 3561 5217 12006 8180 5754 3091 16014 10866 9054 14959 4582 16228 13650 17489 2463 12571 8755 10748 2687 12006 1189 3559 5076 4305 14842 16759 15149 10369 10908 15113 8149 11681 18161 8658 11842 5360 3170 4917 12212 9907 14708 6247 15592 13484 9552 16101 9925 14332 5603 15255 2310 16141 6471 1961 7951 17745 15148 13446 4665 10107 4958 13536 16326 10454 0 5097 16758 2169 11070 2391 7732 14327 2806 9278 4626 12286 10658 3589 7626 3773 6720 13207 12915 5168 3330 5895 11393 4048 19556 3986 3097 8342 10196 17438 15466 13921 13279 6332 14482 8076 2566 14099 15138 10441 14056 6759 4161 19478 2567 15223 11891 8444 5778 1551 4215 7186 5571 19212 6548 5724 15372 5762 6086 8439 1122 7563 9405 5837 9809 8863 8882 11960 6802 12772 7251 13885 9832 12446 2343 4624 14250 12245 17276 12714 9957 6350 11820 5017 14467
7920 6461 4784 15499 14429 16098 5297 10962 5394 14859 10904 3730 4311 9747 11363 8802 10271 7166 3996 8972 7000 12294 3805 7503 7074 8530 1705 7409 4964 10285 14928 3070 6327 16789 3994 7324 2066 17926 14213 10165 7431 10578 15549 16416 5424 3286 4670 5672 4991 10094 6454 8126 11432 10285 11056 2941 13985 8868 9440 7312 13645 10816 10599 15778 11988 15764 1497 5315 7937 11354 7208 2677 4145 8683 13476 2179 3917 5796 6876 10213 14481 11627 3240 14355 5528 16112 8451 7322 8463 5637 13805 14855 15345 15165 10735 8063 16243 7458 12130 8207 6578 8945 12178 10565 1105 9814 4950 14762 7614 9246 3049 10976 4436 11446 13667 8950 9983 6240 14840 3038 9689 14800 7279 6659 8889 3707 8044 611 17361 16338 12293 8250 7612 7925 6644 11084 3238 5338 6782 9937 14861 10844 6416 8106 15409 7018 9824 3040 7055 16074 7895 6582 5523 3506 13948 10350 6430 17156 9385 10400 7946 5456 11505 9909 6405 17487 2343 12867 14348 7734 15667 9913 8263 16283 4593 14320 16980 16185 11814 12911 3515 17967 9222 15297 7797 8411 8969 14803 15027 14783 9732 8616 10915 14244 10043 8287 10346 2477 6493 2972 9169 9349 7649 10459 14408 7645 11943 14764 7765 13363 2845 15340 7753 4209 3786 3775 7072 9164 2501 11029 9822 4021 14348 10124 9993 16253 12875 15862 213 6728 16707 8038 11976 8509 8532 16047 18357 13159 8081 12697 3645 4425 4542 15651 3971 17408 11759 8937 16701 9942 9387 1855 5579 8832 15290 8574 2678 3413 14205 5807 11931 13301 4231 14450 8678 15583 4956 10338 4226 6593 2508 8454 5483 3340 28 7801 10346 15362 10611 14447 7052 10398 3263 16086 16932 9684 13468 2306 8267 4407 12494 14424 12795 7082 15118 15112 9018 11977 14273 10029 6493 12114 6380 16376 2902 5065 12488 17005 14790 11061 8589 6263 7941 13320 11429 10606 5097 0 11842 6554 6950 6961 4050 9605 3388 4212 2906 12406 11248 8195 8433 2787 1628 8870 12811 9028 8050 2963 6308 6321 19084 4016 2574 12085 9612 17362 12203 16143 10520 11205 12874 6327 3797 14082 10255 7336 10695 7546 5180 18712 2752 10638 11625 13131 7549 6092 9285 7622 2334 18901 10509 3873 13285 685 5752 8152 6142 3962 8411 4109 13791 12038 11569 12166 6836 8441 7931 8930 10725 7971 7109 4765 10723 13601 16162 14066 8749 9641 9830 5523 16053
19737 5590 15020 18948 23449 22022 17101 13386 7056 21621 21425 14392 7539 2308 18821 20598 19481 11960 12171 4234 13409 19487 15581 18271 18048 16522 13108 15113 13982 6628 21736 14781 12608 25465 15809 7915 11364 19059 21088 20810 12386 20303 16892 19291 7138 12455 15310 16038 6882 15084 7323 19877 22259 16170 21452 9485 13469 17218 2843 4861 17661 2267 3091 15542 22034 20703 13310 13336 4466 18642 18671 11283 8108 16277 17776 11588 10049 17310 17751 19591 19682 7243 8865 14935 14608 15618 19501 4611 17296 16737 22885 25114 14721 22021 6491 7831 20155 5656 793 4744 5426 12062 6950 20432 11374 20295 9062 18551 4346 5151 10917 12024 11885 528 15704 5974 16377 17635 17380 13219 18605 19161 10181 17654 16540 10804 12928 12105 19810 21550 13190 15970 19227 19766 18223 21499 13783 16418 16884 6137 19345 3345 5580 19594 23296 18692 17558 10005 5810 17820 17059 5947 17295 8384 13007 21557 13631 26587 6103 11320 19201 13260 17747 19502 10064 27168 14009 20065 17100 4192 18640 2005 20084 26012 14482 22884 16094 22008 17198 18271 9539 18388 20912 22757 4462 10066 19470 21873 25005 15898 19221 17565 9685 16714 10108 6080 21695 13192 5472 14206 14752 7668 19162 6571 24628 5786 18457 12667 15918 15086 14540 20986 18402 14047 14233 14589 7732 19818 9599 10287 19029 15413 22605 1778 11010 18022 11288 25311 11740 12085 25784 18021 21694 3660 11089 22824 19491 18621 19922 21667 14883 14857 8832 25602 15810 26821 7821 20213 16425 9981 14203 13160 15605 18795 23514 15051 12937 14101 13242 6164 20265 13172 13490 13444 3188 13738 15667 10816 8085 6812 14073 7477 17304 13716 11856 19531 3406 14876 3091 23987 7258 2248 8624 25982 16247 16393 19555 11584 19849 13328 16716 24638 12334 17815 16794 20726 13821 5026 24239 4410 14944 8718 18220 19063 12370 16033 22903 17427 16833 10596 18895 7747 17601 16257 468 15533 16758 11842 0 17648 6652 18093 9537 2794 15164 7709 12571 16380 16553 20033 15537 13266 10373 4802 16190 19177 19146 11270 5863 16109 19490 13830 13728 21502 13921 19114 8348 22506 9527 22211 13096 11619 15588 17084 1636 8913 7796 18120 14727 18551 14592 2827 15288 23716 16239 17911 20736 14779 11367 19714 20469 12051 12105 11158 13502 13963 17675 9723 12924 14365 23273 20735 19752 16401 17096 5082 15185 2921 16740 4938 18919 13924 7258 19214 16025 19523 12621 19068 11278 16550 21351
3790 12722 2795 13371 8543 12131 4449 11110 10615 10513 4412 3257 10322 15383 7326 4143 4893 8114 5764 14016 6685 8200 4806 1139 562 5308 4887 5380 4268 14099 10536 3687 6820 10929 3482 11012 8290 16751 9909 3652 8010 4645 14773 14459 11915 5259 2366 8294 10889 8785 10834 3323 4878 8120 4611 8183 14760 5028 14943 12807 11626 16157 15712 15889 5672 12551 5623 5272 13296 7474 1434 8834 9545 5795 11305 8266 10327 6010 7961 4683 11371 15158 8848 14376 3931 16290 1909 13047 4294 934 7940 8357 15791 10696 14584 11606 13636 12368 17769 13284 12226 9768 15856 4514 7546 3396 8907 12588 13744 13828 9303 12003 6241 17333 12994 13232 7518 883 13487 7849 4814 12215 9539 257 5809 6998 8172 6688 15481 12824 12836 5525 2267 4625 1624 4629 7483 1251 9121 13993 12173 15844 12646 2199 10173 2219 6144 9545 12073 14916 3673 11789 2636 9447 14973 3917 5910 10897 13529 11796 1567 5462 8489 4242 8966 11120 4266 8614 12993 13463 13817 15645 4053 9930 8500 8749 17181 12275 9390 10121 8126 17210 3834 10374 13243 10584 2615 10241 8615 14353 4222 4211 13266 13107 12133 12680 4055 7250 12188 6495 7902 12765 1909 14287 7929 12405 8538 16172 4918 12993 3850 11714 1471 8438 3424 3067 10950 2689 9023 13065 4584 2545 8990 16068 11551 15040 14608 9646 6538 7627 10635 2577 5865 14695 10029 11494 17100 10213 4468 7042 2927 2845 11084 9233 3811 11149 15046 2569 16617 12103 8629 4770 2567 3068 9839 6890 7729 3553 15163 12056 6945 14079 4429 15359 14653 16641 2013 12030 9564 11227 4058 12104 3110 3934 6529 5813 15391 15724 15722 8256 11218 15827 9228 9676 17030 7086 9948 6068 2623 4703 10712 7946 13942 8316 14246 11556 8508 16375 7889 14763 4495 15021 3933 14549 8411 1617 5990 16444 13774 12930 2496 10460 2999 12162 17198 9083 2169 6554 17648 0 11514 445 8223 15063 4916 10517 5086 10839 9120 4373 6229 4392 8161 13694 11523 3000 1521 6406 12639 2660 18132 3942 4082 6177 9122 15919 15285 11863 12938 4677 13598 7692 4716 12638 16013 10417 13971 8815 3474 18155 4465 15830 10599 6588 4220 3117 3183 5997 6285 17740 4390 5841 14657 7152 5438 7398 1368 8039 8559 7967 7675 6716 6810 10497 8934 13268 5950 14863 8233 13047 3285 4206 14242 10413 16122 10871 9152 4225 11214 7164 12534
14199 4468 8754 13191 16797 15702 12054 7552 1781 15136 14962 8337 3596 4377 12205 14969 12855 5361 5787 2560 6760 12905 10652 11974 11840 9870 7611 8465 7526 3421 15246 9301 5956 18822 10438 1546 7603 14227 14575 14393 5798 13716 11831 13753 5526 6265 9149 12391 3125 8676 696 14177 15868 9662 14959 4018 9038 10570 3811 2248 11655 4768 4226 11150 15466 14576 8393 6776 2284 12037 12705 7882 2898 9627 11695 7862 7533 12733 13777 12977 13453 4810 3781 10073 8112 11372 13267 2888 10670 10658 16235 18548 10472 15529 3837 1955 14303 999 6553 1916 2402 5819 5285 13861 7061 13846 2609 12662 4406 2371 7778 6583 5401 6498 10255 2003 9809 11670 11857 9463 11969 13130 3688 11474 9890 4519 6389 7447 14460 15381 7986 9318 13371 14455 12374 15008 9879 10350 13450 3008 13288 4334 4311 13611 16694 12922 10913 6852 985 12645 10469 1312 11739 3875 8770 15338 6987 19938 2451 5821 13080 6679 11244 12911 3431 20528 8563 13492 11478 3118 13032 4753 14549 19379 11037 16237 12100 15709 10824 11950 3626 13854 15088 16194 2397 3957 13048 15347 18400 10865 12623 10944 5117 11172 4813 1337 15551 9126 2515 9871 8224 2895 13215 3580 18059 910 11935 9115 9275 9713 9065 14698 12060 10590 8121 8569 1236 13429 5767 5522 12407 9600 15971 5515 5403 12850 7238 18665 6771 5446 19132 11525 15089 5174 4865 16359 14681 12292 14538 15017 9029 8668 6760 18991 10550 20171 5057 14068 12121 4670 7770 7599 9234 12274 16887 8434 9097 8095 9044 4238 13616 8493 7140 9293 4496 10126 9501 5445 2796 358 8530 2024 11871 7653 6951 14603 3892 10565 4235 17350 733 4527 4059 19363 12152 9793 13134 5717 13937 6923 10595 18068 7735 13955 11581 14437 7362 5076 17638 3268 8345 5621 12944 13583 8851 9941 16391 12835 11468 5720 12441 1112 11062 10509 6184 9166 11070 6950 6652 11514 0 11954 3342 3862 10249 4442 6504 10307 10165 14600 8894 7320 6100 2182 10287 12681 12946 5190 4752 9653 15023 7577 7983 14872 7574 14013 5585 16108 4762 15885 8220 4970 10627 11371 5112 2505 4112 14387 8312 14319 9415 4372 9227 17231 9624 12448 14688 8127 5511 15063 13912 5692 7905 6382 6900 7368 11810 3517 6446 10688 16636 14083 13105 10257 13563 1761 8534 4541 10236 1714 13386 7501 3976 12875 11619 13229 6248 12466 5523 12434 15155
3582 13157 3225 13520 8325 12131 4561 11419 11060 10487 4066 3701 10760 15828 7377 3852 4818 8492 6199 14459 7035 8229 5045 1000 421 5499 5305 5668 4677 14523 10505 4049 7202 10701 3751 11442 8664 16945 9894 3299 8375 4465 15003 14612 12336 5702 2809 8473 11330 9040 11274 3051 4475 8327 4285 8626 15074 5165 15387 13252 11798 16601 16154 16164 5381 12618 5989 5671 13740 7539 1154 9201 9989 6000 11468 8633 10707 6107 8049 4586 11458 15573 9290 14654 4312 16567 1490 13491 4424 1368 7729 7996 16084 10655 15007 12030 13746 12811 18214 13727 12670 10121 16273 4308 7939 3095 9347 12739 14183 14265 9674 12346 6670 17777 13242 13666 7713 988 13689 8160 4824 12338 9944 520 5996 7439 8515 7078 15634 12862 13150 5753 1984 4468 1524 4299 7775 1688 9264 14422 12288 16286 13081 1814 10042 2053 6262 9938 12517 15122 3831 12233 2744 9885 15297 3476 6270 10596 13961 12155 1125 5857 8620 4131 9383 10794 4656 8620 13198 13907 13982 16090 3820 9609 8750 8581 17455 12279 9557 10248 8571 17428 3466 10282 13687 10979 2363 10193 8282 14606 4143 4314 13651 13325 12515 13117 3610 7573 12632 6783 8175 13183 1577 14711 7576 12846 8632 16509 5159 13259 4223 11751 1334 8707 3869 3510 11383 2372 9438 13441 4543 2942 8852 16511 11918 15240 14965 9357 6950 8010 10371 2602 5625 15133 10405 11436 17288 10326 4284 6878 3348 3287 11482 8896 4064 10847 15455 2125 16877 12488 8920 5191 2953 2984 9680 7157 8054 3996 15484 12490 6885 14397 4860 15677 15095 16960 2455 12399 10008 11669 4457 12529 3210 4379 6936 5733 15833 16013 16165 7979 11655 16271 9665 9341 17299 7280 10012 6512 2262 5129 10910 7594 14278 8405 14474 11600 8814 16807 7566 15202 4822 15418 3923 14711 8747 2061 5634 16679 13995 13301 2350 10898 3095 12387 17642 9319 2391 6961 18093 445 11954 0 8666 15507 5184 10947 5531 11050 9313 4171 6476 4835 8573 14135 11745 2847 1093 6850 13071 2973 18334 4380 4510 5976 9420 16100 15687 11833 13328 4253 13917 8090 4957 12840 16457 10837 14382 8894 3875 18382 4796 16273 10847 6203 4450 3131 2751 6292 6728 17931 4170 6278 14999 7566 5821 7710 1428 8482 8897 8226 7417 6611 6784 10705 9066 13709 6222 15305 8413 13490 3157 4621 14659 10502 16387 10955 9494 4164 11577 7314 12573
10865 5425 5510 12659 14246 14247 8832 7489 2505 13361 11890 5010 3129 7238 10087 11628 10129 3981 2642 5797 4684 10913 7501 8760 8578 7424 4352 6012 4463 6400 13456 6008 3804 16425 7155 3322 5353 14553 12746 11273 4380 10851 12123 13440 5502 2964 5857 9716 3348 7443 2701 10835 12727 8075 11923 1411 10138 8035 6761 4680 10896 7937 7494 12050 12548 13480 5347 3944 5106 9978 9378 5819 1833 7320 10821 5589 6137 9651 10898 10199 12243 7688 1867 10706 5106 12356 10022 5037 7968 7347 13651 15620 11541 13726 6871 4053 13596 4149 9591 5061 4221 5432 8286 10956 4537 10758 909 11998 6094 5707 5910 7191 2437 9273 10306 5227 8011 8341 11686 6953 9306 12245 3420 8199 7579 1266 5071 4632 14301 14189 8581 6937 10033 11150 9034 11968 7246 7035 10821 6134 12356 7641 5296 10289 14538 9580 8630 5211 3851 12770 7641 3600 8411 2559 10046 12091 4560 17301 5607 6544 9789 3919 9570 10061 2563 17815 5294 11515 11227 5431 12685 7537 11214 16635 8551 13832 13195 14293 9491 10652 611 14442 11749 14182 5080 4474 9933 13461 15560 11267 9796 8217 6877 11035 6051 4607 12274 6474 4222 7015 6694 5344 9887 6582 15137 4206 10176 10779 6721 9903 5778 13335 8877 8134 4807 5237 3111 10284 3976 7020 9664 6258 13668 8082 6117 12963 8874 16003 3844 3735 16603 8499 12266 7050 4798 14599 14999 10961 11221 12442 5687 5385 5894 16168 7294 17543 7770 10789 13002 5942 6577 4318 6069 9284 14615 6511 6577 4759 10311 4845 11223 9476 3953 10560 6754 11641 6212 6411 1776 3030 5234 4476 8560 4324 4043 11379 7178 11579 7505 14635 3206 7619 2527 16564 13176 7861 11574 2397 10605 3795 9742 15147 8899 11118 11750 13082 6155 8377 14790 6609 5586 8080 9654 13342 6553 6631 13379 13445 11497 7076 9360 2395 8110 10189 9076 7979 7732 4050 9537 8223 3342 8666 0 6868 7115 3865 3169 9555 8845 11276 6733 3978 3832 5502 9785 9652 9684 1849 5514 6579 15592 4319 4654 12141 6618 14116 8188 14497 6480 12696 9079 3198 7465 11021 7909 3292 6689 11589 5192 15100 6211 7608 8599 14182 6898 9129 11382 5872 2200 15490 10980 2516 9331 3651 4209 5663 8471 186 5331 8108 13926 11576 10750 9394 10883 5070 6278 6915 8618 4824 10054 4394 6765 11495 12466 11916 5464 9653 6014 9545 13929
17379 4075 12377 16395 20659 19308 14902 10773 4457 18861 18723 11817 5337 664 16030 18210 16708 9169 9476 1494 10616 16702 13405 15628 15437 13732 10702 12326 11270 4345 18975 12403 9818 22670 13481 5135 9494 16805 18320 18125 9597 17548 14542 16808 5729 9822 12705 14339 4640 12335 4539 17460 19586 13400 18737 6999 11267 14432 206 2309 15028 1231 1389 13392 19288 18044 11100 10587 1767 15853 16150 9538 5616 13484 15122 9739 8567 15284 15956 16823 16990 5321 6453 12624 11884 13518 16884 2337 14522 14167 20097 22370 12604 19259 4363 5103 17578 2870 2728 1950 3028 9339 5276 17684 9314 17597 6326 15956 3000 2573 9250 9495 9157 2689 13222 3350 13594 15111 14889 11414 15826 16526 7402 15052 13747 8128 10148 9952 17390 18880 10748 13179 16749 17492 15743 18785 11940 13850 15281 3775 16703 1782 3992 17071 20508 16243 14764 8283 3056 15443 14301 3275 14914 6099 10855 18951 10847 23800 3586 8763 16625 10503 14980 16745 7270 24387 11633 17282 14577 1965 16131 1085 17729 23236 12826 20090 14088 19300 14462 15551 6940 16228 18453 19977 1839 7352 16782 19102 22243 13546 16461 14794 7318 14213 7571 3342 19117 11275 3118 12218 11976 5120 16651 4345 21883 2992 15685 10733 13135 12621 12161 18280 15743 12375 11638 12027 4941 17143 7614 7893 16258 12928 19812 2030 8420 15647 9143 22526 9475 9290 22992 15302 18932 2983 8363 20070 17248 15900 17622 18879 12379 12240 7431 22837 13520 24033 5857 17632 14318 7436 11446 10734 12928 16067 20722 12259 11094 11540 11109 4439 17471 10886 10812 11332 2013 11814 13061 8280 5572 4036 11665 4790 14967 11133 9615 17398 1408 12742 1400 21208 4464 793 6342 23213 14209 13604 16810 9038 17353 10631 14046 21892 10053 16064 14395 18019 11058 3719 21479 2137 12181 6731 15948 16597 10624 13455 20182 15236 14387 8183 16194 4963 14865 13691 2328 12795 14327 9605 2794 15063 3862 15507 6868 0 12987 5747 9977 13722 13812 17716 12742 10717 8284 2095 13579 16459 16541 8657 4428 13402 17363 11186 11249 18726 11183 16771 6441 19770 7100 19564 10749 8826 13401 14534 1366 6139 5536 16422 12032 16497 12315 1259 12629 21006 13470 15569 18193 11986 8821 17526 17727 9363 9940 8938 10737 11174 15186 7054 10155 12619 20494 17944 16958 13724 15459 2316 12392 1794 13971 2149 16558 11224 5053 16490 13878 16813 9872 16306 8658 14684 18672
4832 9675 4786 16759 13451 16438 1939 13035 8762 14959 9215 3883 7671 13112 11535 5754 9617 9310 5971 12352 8578 12471 418 6050 5474 8928 2860 8245 5895 13500 15002 1784 8175 15840 1435 10436 4134 19657 14324 8445 9447 9534 17399 17774 8421 5104 4288 3660 8360 11513 9704 5213 9438 11329 9456 6238 16391 8989 12821 10698 14904 14201 13986 17981 10565 16502 1891 6712 11325 11610 4911 4521 7514 9260 14659 4002 6108 2549 4092 9457 15242 14802 6615 16492 6163 18347 6531 10691 8377 4246 12843 13082 17664 15198 13964 11162 17293 10816 15483 11586 9960 11176 15391 9421 3821 8279 8018 15982 10876 12581 5010 13381 6550 14750 15509 12235 10866 4225 16429 3064 9314 15827 9938 5124 9392 6375 9927 3060 18773 16930 14567 8860 5008 4652 4223 9466 2615 4083 4678 13195 15840 14228 9651 5662 14949 4358 10101 5584 10421 17776 7716 9960 2781 6888 16441 8069 7827 15776 12652 12915 5846 6913 12208 9050 9109 15949 2076 12974 15923 11100 17057 13263 5152 14774 3592 13602 19239 16559 12816 13782 6676 19872 6377 15048 11184 11105 7528 14773 13432 16754 8973 8421 13761 15909 12780 11580 7909 2573 9872 1626 10542 12452 5215 13679 12687 10987 12471 17404 8256 15319 1860 15853 6374 3524 4148 3706 10224 7555 5604 13780 9239 2854 13789 13423 12548 17935 15579 14541 3533 8805 15548 7210 10781 11728 10993 16043 20060 13962 4852 11898 3027 4411 7133 14038 1130 16027 14880 6697 18849 12698 10999 2956 5430 7868 14672 9708 3044 3766 16681 9045 11577 15691 5374 16914 11983 18121 4351 12953 7589 9898 2293 11592 2526 4101 3379 4413 13730 17650 13998 13162 10273 13780 6646 14485 19153 10484 13989 4831 5663 5691 13820 12706 15301 4390 16918 15657 10709 15311 12731 13389 7183 15146 3137 17792 3787 4077 10751 18972 16521 13760 7382 9465 7391 14948 14763 11960 2806 3388 15164 4916 10249 5184 7115 12987 0 7465 4651 13824 12362 4998 9311 3901 4794 12231 14366 7881 6133 5532 9476 6111 20926 4843 3052 11076 11353 18968 15281 16305 13375 9065 15233 8554 427 15611 13599 10273 13793 4913 5613 20709 1022 14026 13245 11222 7772 3084 6795 8678 4986 20654 9304 5919 15880 4050 7117 9664 3900 6986 10333 3052 12590 11468 11342 13529 4587 11799 8859 12244 11641 11348 4079 5693 13880 14297 18316 14772 10800 8938 12317 2848 16637
12128 2251 8234 16453 17663 18097 9404 11091 2707 17160 14694 7360 891 5754 13813 13013 13471 7812 6008 5522 8520 14672 7880 11337 10992 11057 5683 9688 7708 7749 17252 7256 7648 19931 8205 5617 3748 18094 16537 13995 8225 14019 15659 17188 1655 5855 8343 8599 1353 11301 4351 12336 15352 11933 14797 2784 13239 11595 5558 3641 14720 6977 6941 15291 15599 17343 5635 7498 4318 13727 11333 3811 2158 11023 14661 3992 3123 9617 10210 13488 16108 9140 2083 14072 8373 15551 12424 3413 11402 9583 17050 18593 14678 17517 8104 6256 17425 4409 8069 4833 2857 9081 9511 14068 3665 13568 4221 15813 3414 6186 3570 10501 6048 7287 13915 6224 11846 10329 15382 5668 12730 16092 6885 10578 11274 4774 8916 4412 18012 18054 11932 10617 11790 12092 10806 14833 6195 9267 9563 7246 16207 7256 2205 12246 18198 11211 12314 2596 3987 16377 10966 3417 9733 1336 13035 14405 8306 20601 6707 9775 11997 7530 13412 13271 6148 21033 6500 15274 14943 3786 16437 5855 12469 19833 7103 17362 16330 18146 13355 14517 3399 17865 13423 17905 4111 7691 12715 17232 18658 14748 13041 11620 9471 14715 8971 5589 14451 5544 2731 6522 10558 7331 11795 7885 18126 4717 14000 13498 10313 13455 7022 17194 11538 6650 7290 7499 5265 12980 1897 9805 13004 8073 17262 5959 9336 16576 11595 19296 4143 7595 20007 11518 15449 4297 8301 18396 18546 14824 12264 15868 7606 7965 2338 19279 8169 20850 9449 13006 16262 8837 10426 5775 8963 12329 18215 10342 5348 7038 13309 1595 14800 12637 7029 13561 4523 14479 8681 9506 2260 4134 6616 6436 9692 6759 4230 11821 6759 14749 6954 17894 4949 6518 1458 19698 16354 11673 15421 4693 12438 7012 13574 18139 11942 10318 15331 16942 10001 8767 17889 6731 9082 10056 10552 17071 4889 8929 16258 16850 15127 9957 12238 4457 11260 13914 7319 11836 9278 4212 7709 10517 4442 10947 3865 5747 7465 0 5766 13370 12710 12387 10504 6217 2671 5640 13552 12617 12037 4740 2126 9622 19031 7144 6438 15431 10436 17741 9997 18325 9094 15192 12303 7055 7890 14762 6174 6207 8546 10679 8263 18429 6952 6916 12381 16976 10357 10300 13419 9634 4507 18994 14052 5853 12209 3530 7843 9526 10285 3974 9153 6876 17202 15070 14356 13225 9730 5279 10028 4788 12471 4637 11319 7571 8369 15357 15740 15780 9224 12918 9338 8947 17793
7765 7851 2503 12660 11950 13206 6059 8448 5529 12005 8996 1845 5399 10299 8523 8496 7751 4677 1325 8960 4185 9444 4963 5722 5477 5683 1867 4510 2113 9375 12079 3143 3623 14258 4270 6235 4952 15253 11361 8327 4849 8255 12925 13605 7333 459 2739 7945 5901 7267 5845 7691 9740 7390 9074 3166 11744 6086 9856 7723 10799 11080 10659 13373 9839 12859 3363 2420 8210 8497 6210 5559 4488 5801 10614 5082 6622 7155 8721 7747 11576 10573 3872 11899 2735 13732 6930 7981 5770 4192 11332 12854 13030 12322 9858 6910 13367 7314 12683 8218 7157 6539 11223 8302 3964 7862 3935 11912 8777 8858 5890 8731 1899 12267 11031 8331 7077 5172 12097 5763 7063 11917 5348 5084 6016 2025 5387 3440 14568 13432 9935 5369 6867 8132 5872 9114 5800 3877 9052 9180 11972 10810 7756 7122 12698 6429 6981 5664 7003 13382 5269 6704 5347 4546 11790 8987 3554 14845 8677 8267 6648 2576 8599 7514 4560 15267 2586 10026 11598 8394 12862 10567 8111 14067 7184 11723 14620 13290 8919 10009 3039 15379 8584 12521 8156 6512 7014 11976 12896 12222 7291 5959 9211 11528 8185 7736 9141 5123 7126 5182 6322 8164 6718 9562 12382 7375 9046 12764 4914 10788 2948 12437 5880 6865 1663 2069 6105 7318 4717 9184 7287 3130 11686 11018 7906 13553 10958 13539 2739 4183 14280 5754 9684 9740 6345 13207 15673 10254 8171 10169 2555 2294 6966 13517 4486 15094 10566 7655 14259 8113 6616 1730 3202 6565 12638 5679 5439 1591 12031 7195 9235 11045 1374 12264 9621 13471 3096 8320 4498 6198 2415 7385 5555 1159 2881 8546 10346 13022 10669 12134 6295 10743 4354 13934 14543 6778 10567 1074 7436 1506 9658 12394 10651 9001 12467 12207 6276 11492 12126 9771 3633 10722 6695 13581 5779 3479 10540 14449 12105 9145 6502 5502 5501 10585 12118 7766 4626 2906 12571 5086 6504 5531 3169 9977 4651 5766 0 9594 8365 8207 5527 863 4009 8670 10046 6863 6575 1326 7823 3858 16467 1378 1688 9682 6899 14636 10906 13273 8835 9654 10589 3905 4902 11314 10936 5860 9468 9514 2522 16178 3635 10767 8877 11291 4781 6090 8224 4717 1271 16240 8288 1269 11236 3115 2860 5332 5308 2990 5780 6641 11446 9424 8836 9338 9031 8238 5025 9818 7821 7979 6967 1932 9640 10695 13723 11160 6205 7174 7668 7420 13147
14624 14467 9161 3120 9623 5764 14563 3042 11179 5870 10984 9947 12553 14354 4934 14866 7728 5574 8410 12228 5414 4865 14015 10254 10656 5556 11393 5663 7932 9957 5998 12050 6098 10746 12863 8779 14327 5932 5544 10942 5187 8914 3994 4012 14955 9164 9752 17396 12546 2331 9848 14092 12142 2724 10734 10878 5428 6003 13753 12555 1360 14146 13349 5568 10367 4324 12923 7213 12508 4649 12203 14899 11224 5050 1399 14504 15573 16013 17847 8042 3360 9995 11422 4238 7694 5974 11331 13188 6728 10675 9316 12801 5805 6267 10255 8642 4061 11207 16006 11926 12602 4491 10655 9222 13351 10350 9165 2444 14672 11230 15126 4580 7998 16385 2467 10410 3349 11632 2658 15354 7010 2824 6702 10608 5066 9014 4502 12985 4977 5172 4021 5319 13027 15456 12454 10797 15387 10587 18470 10338 2987 13192 14315 12689 8177 13059 5097 14605 11292 4079 7245 11536 13045 12104 5908 12761 6065 12595 10288 5163 11766 7035 3047 8372 7283 13423 11840 5181 2158 13424 3268 14772 14870 12569 16767 8625 6785 5719 1853 2283 10106 6381 14279 7351 12665 6402 10063 6315 12210 3802 8105 6917 7114 2284 6363 10391 13285 14717 12686 14705 3294 8733 12586 10071 12376 10945 3593 7262 5938 2795 11965 4707 10037 16457 9677 10141 9071 10522 13407 6524 7581 11207 8055 15649 5408 4209 6730 11607 12212 5867 11480 8676 9591 15479 5443 6896 6303 2603 15307 8388 10859 9493 15444 12611 13200 12761 9510 12273 6072 6474 3039 11230 8727 8812 8696 4136 15024 10061 5947 14029 6725 5002 8511 6019 14786 7170 9844 5688 11131 10349 11581 8932 13474 9764 12384 16529 13008 5665 13353 10760 9578 14136 12082 12811 6574 3781 3758 10121 13178 8227 394 12371 5472 18169 3457 4456 3439 12308 11638 12010 6719 8850 14546 3990 15307 10325 11610 5675 2959 6204 9482 9505 8064 1394 15945 1864 12286 12406 16380 10839 10307 11050 9555 13722 13824 13370 9594 0 1787 15210 4663 10094 13023 11629 766 9267 11309 9546 14665 8286 7295 8997 10856 8982 2938 5163 9292 6387 7116 12567 4656 6380 13933 1813 15086 7803 8960 18697 8266 7348 12837 13600 1094 12490 6620 13727 13116 5162 10138 6928 9408 8535 6209 12408 6780 4263 12084 9481 4224 16215 10176 7474 6279 355 18403 11431 5042 14804 2728 11813 14106 8137 9505 3150 5653 3316 4173 7955 5111 16668 4981
12894 14043 7619 4399 8210 5540 12975 3827 10766 5106 9222 8482 11946 14413 3311 13110 5972 4971 7291 12330 4313 3457 12524 8495 8913 3815 10084 4119 6526 10411 5226 10578 5125 9598 11321 8708 13240 7632 4629 9163 4533 7163 5779 5436 14341 7963 8188 15981 12036 1489 9620 12346 10382 1038 8980 10069 6918 4225 13816 12384 2558 14379 13616 7303 8667 4639 11611 5945 12434 3028 10464 13831 10616 3328 2297 13397 14646 14457 16326 6281 3399 10678 10679 5909 6199 7711 9552 12980 4955 9009 7840 11219 7471 5511 10768 8722 5004 11124 16257 11928 12319 4500 11379 7467 12251 8567 8613 3620 14396 11436 14100 5401 6965 16500 4205 10609 1602 9932 4379 14108 5231 3553 6477 8884 3317 8108 3861 11802 6449 5348 5262 3638 11282 13744 10741 9043 14090 8943 17034 10710 3615 13508 13897 10925 7116 11337 3312 13668 11141 5814 5491 11301 11401 11398 7345 10975 4818 11291 10568 5803 10000 5793 1488 6599 6871 12081 10440 3900 3895 13261 4746 14818 13132 11153 15455 7286 8541 5554 662 1818 9342 8144 12506 6403 12561 6495 8277 5428 10680 5565 6327 5137 7838 4064 6903 10477 11499 13456 12386 13351 2160 9070 10836 10548 10778 10902 2180 8707 4266 4438 10514 4554 8270 15172 8228 8657 8954 8735 12512 7300 5807 9660 6782 15646 5928 5929 7888 10220 11065 5120 10229 6902 7912 15259 5466 6282 7980 2145 13585 6827 9355 7972 14644 11119 11668 11475 10251 10491 7846 6988 2398 9915 7118 7025 7532 2697 13795 8630 7425 13547 5139 6399 7169 7532 14654 8744 8248 6311 10535 10144 10169 9089 11841 8379 11224 14858 13264 7345 13621 9263 9460 14308 11342 11351 8338 2034 3003 9023 11415 6917 1599 10775 6718 16656 5242 4295 2815 12868 10069 12290 5184 9701 12888 5485 14140 8706 9906 7460 4740 7001 7698 9237 6297 3178 16101 1022 10658 11248 16553 9120 10165 9313 8845 13812 12362 12710 8365 1787 0 13481 3062 8764 12037 11752 2539 7480 9538 8521 14203 6622 9022 7599 9474 7331 2632 6804 10126 5959 7752 10795 5991 5664 12439 3532 15154 7701 9544 17184 6753 9122 11399 13852 2079 10797 4920 12064 11334 3709 9071 8620 7650 7430 7492 11330 5505 3208 10392 8742 3730 14894 8642 5873 4658 1432 16949 11496 3503 14706 942 11783 12399 6736 10063 2716 7415 3098 3941 6175 5567 15189 5093
589 14622 6662 17682 11352 16045 3132 15398 13332 14339 6599 6526 12495 17905 11442 1031 8651 12160 9287 16919 10880 12247 4607 5056 4579 9666 7035 9724 8226 17583 14340 5327 10866 13566 4236 14443 9124 21114 13784 5965 12125 7958 19146 18777 13414 8550 6062 6586 13162 13151 13977 1279 6215 12488 6943 10751 19023 9330 17563 15407 15968 18902 18599 20230 8144 16686 6753 9255 15994 11626 3027 9475 12117 10162 15637 8978 11055 3896 5367 8367 15560 18771 11263 18714 8065 20629 4376 15481 8587 4703 10839 9764 20103 14456 18065 15114 17875 15310 20301 16154 14709 13919 19428 7705 8794 6187 12109 16903 15800 16971 9957 16183 9852 19641 17361 16500 11880 3631 17854 7788 8851 16482 13351 4601 10165 10227 12376 7986 19799 16869 17104 9898 2247 570 2781 6919 7225 4893 6935 17377 16424 18800 14588 2809 13491 2158 10413 10578 14948 19285 8002 14550 2867 11662 19204 4584 10080 12858 16865 15903 3693 9463 12775 7897 12654 12781 6091 12581 17362 15898 18151 18090 464 11730 7569 11890 21523 16204 13727 14399 10984 21582 2049 13900 15883 14470 5862 13978 10363 18718 8000 8463 17194 17479 16096 15883 4133 7450 14636 6381 12256 16358 2727 17770 9489 15425 12754 20357 9291 17348 5568 15759 5335 7748 6806 6269 14306 5570 10564 17066 8474 5088 12300 18319 15618 19406 18709 11805 8293 11649 12980 6708 8703 16677 14054 15171 21458 14464 232 10280 5661 6511 12118 10891 4224 13089 18741 3766 20974 16048 12959 7024 6747 6901 13002 11250 7878 6680 19407 13980 10695 18334 8126 19611 16873 20886 5808 16082 12172 14271 6086 15591 2750 7148 8180 2080 18314 20044 18611 10612 14469 18508 11420 11322 21378 11447 14084 8885 2377 8454 15076 9511 18139 5686 18620 15627 12810 19654 9816 17849 8784 18835 1862 18879 8622 5267 7764 20817 18147 16966 6185 13664 7248 16535 19616 13455 3589 8195 20033 4373 14600 4171 11276 17716 4998 12387 8207 15210 13481 0 10600 7349 9726 16712 15896 6605 4198 9456 14441 6999 22499 7539 6623 9251 13438 20271 19051 15657 16841 5639 17854 11609 4575 17005 18438 14030 17645 6044 7525 22529 5443 18669 14967 7876 8593 2157 3232 10329 9090 22100 7512 9312 18827 8880 9513 11693 3236 11112 12776 7223 10238 10274 10691 14866 6652 16275 10308 17124 12583 15913 1252 8102 17839 14611 20474 15055 13352 8065 15307 5329 16585
10018 12148 4556 7459 7962 7715 9923 5136 9016 6660 7315 5439 9844 13271 3368 10325 4387 3630 4643 11344 2143 4180 9465 5769 6101 1278 7137 1071 3544 10139 6749 7527 3001 9929 8259 7678 10475 10594 6034 7043 3244 5495 8549 8497 12159 5172 5127 12943 10075 2565 8244 9527 8441 2024 7163 7739 8771 2011 12702 10946 5619 13529 12853 9706 7241 7348 8648 3160 11151 3246 7627 11080 8566 819 5356 10609 12046 11397 13264 4612 6066 10790 8421 8205 3154 10111 6970 11458 2521 6015 7429 10195 9673 7014 10575 7949 7993 9892 15379 10793 10704 4426 11524 5739 9485 6419 6775 6679 12717 10672 11392 6348 4472 15391 6767 9885 1576 6994 7321 11182 3465 6527 5476 6009 1056 5734 2900 8952 9508 7905 6873 777 8460 10821 7827 7224 11125 5925 13987 10276 6553 12834 12015 8194 7856 8442 2023 11070 9795 8735 2827 9810 8383 9168 9065 8671 2199 11134 9985 6389 7296 3062 3072 4743 5473 11785 7422 4783 6819 11798 7800 13644 10280 10687 12474 7348 10994 7790 3509 4526 7115 10997 9828 7454 11222 6043 5912 6733 9872 8130 4432 2790 8260 6900 7137 9570 9130 10522 10741 10349 1758 8704 8041 10308 9713 9751 3553 10357 1318 6790 7470 6915 5602 12210 5195 5605 7820 6384 9989 7873 4027 6598 7080 14366 6296 8870 9056 9895 8265 3452 10269 4334 6660 13645 5119 7894 10964 4749 10686 6225 6297 4912 12203 10418 8605 11358 10492 7936 10403 7165 2586 6963 4071 4710 8005 762 10886 5604 9221 11578 4735 8127 4236 9390 13193 10671 5196 6776 8507 8771 7147 8411 8813 5386 8407 11868 12496 9589 12860 8658 8282 13359 9065 10745 10831 1251 5054 6327 8676 4028 4588 9716 8152 13594 8025 6683 2625 12645 9150 11610 2128 10178 9884 8538 11285 5667 8384 10217 7561 7649 5266 7824 3692 5946 15070 2859 7626 8433 15537 6229 8894 6476 6733 12742 9311 10504 5527 4663 3062 10600 0 5814 9409 10829 5314 5197 6878 5945 12246 3630 11949 4606 6473 6279 3122 9813 10542 7856 8035 8726 7655 3928 9380 6476 14004 6729 9564 14122 3698 11933 8359 13054 4372 9292 2034 9065 8771 871 6417 11591 5868 4795 8918 8604 2745 1775 7437 6590 3127 11909 7954 5254 4217 4334 13897 10491 503 13299 2346 10605 9468 3754 9997 5171 9916 5638 3697 4259 5909 12131 7621
6913 8377 2067 13116 11706 13386 5220 9137 6260 12101 8478 1151 5950 11013 8601 7656 7524 5414 2108 9746 4736 9538 4186 5131 4825 5782 1324 4756 2272 10234 12167 2308 4279 14049 3420 7094 4844 15840 11455 7780 5546 7913 13545 14090 7714 1262 2128 7326 6502 7763 6671 6859 9155 7759 8584 3791 12502 6088 10589 8440 11251 11841 11444 14081 9421 13159 2847 2885 8953 8604 5435 5455 5158 5974 11043 4933 6674 6365 7991 7485 11878 11435 4459 12594 2773 14447 6275 8659 5677 3473 11083 12385 13765 12400 10715 7771 13762 8105 13407 8996 7840 7280 12084 7930 3891 7353 4773 12355 9365 9682 5836 9500 2697 12944 11652 9172 7387 4395 12647 5369 6912 12302 6188 4418 6166 2878 6038 3219 15069 13690 10669 5544 6062 7269 5061 8619 5326 3153 8419 10031 12343 11607 8293 6355 12624 5603 7068 5754 7780 13963 5114 7454 4487 5079 12566 8310 4030 14514 9524 9062 5936 3073 8862 7208 5413 14894 1826 10104 12144 9076 13356 11265 7260 13690 6692 11557 15339 13481 9285 10337 3786 16011 7778 12512 8886 7349 6499 12031 12479 12875 7012 5832 10056 12100 9019 8569 8429 4708 7800 4612 6800 9027 5938 10420 11921 8180 9254 13566 5024 11439 2127 12666 5323 6409 1082 1325 6958 6766 4947 10016 7069 2285 11570 11676 8711 14128 11777 13211 2668 4906 14009 5376 9332 10321 7141 13280 16253 10562 7311 9953 1711 1759 7161 13103 3650 14765 11429 6950 14952 8950 7176 1152 2846 6184 12514 6067 5076 841 12802 7713 9146 11801 1595 13033 10261 14252 2471 9133 5181 7006 1618 8245 4692 570 2759 7692 11136 13750 11455 11799 7136 11491 4868 13528 15253 7055 10786 1683 6648 1866 10129 11935 11434 8283 13075 12445 6862 12332 11714 10587 3775 11582 5832 14083 5510 2776 10044 15098 12695 9969 6036 6338 5212 11147 12818 8242 3773 2787 13266 4392 7320 4835 3978 10717 3901 6217 863 10094 8764 7349 5814 0 4155 9476 10586 6435 5905 2131 8319 3571 17082 1246 861 9388 7499 15190 11768 13398 9682 9028 11340 4676 4120 11847 11632 6723 10332 8802 2395 16832 2879 11544 9437 10760 4769 5228 7479 5062 1901 16833 7895 2081 12035 3173 3314 5858 4498 3804 6441 6134 11126 9267 8783 9820 8378 9042 5322 10470 8150 8756 6112 2062 10503 10971 14418 11442 6901 6911 8460 6717 13402
9482 4896 6217 16142 15860 17124 6733 11240 4384 15984 12481 5211 2951 8360 12516 10377 11674 7547 4781 7821 7725 13429 5210 9083 8673 9680 3278 8445 6121 9518 16061 4695 6947 18199 5576 6790 1551 18293 15342 11750 7880 12058 15876 16998 3796 4277 6182 6300 3649 10770 5727 9721 13038 11132 12622 2442 13968 10095 8108 6045 14317 9512 9378 15879 13522 16638 2974 6250 6702 12479 8837 1987 3203 9765 14187 1802 2638 7001 7768 11639 15364 10899 2352 14521 6742 16187 10063 5958 9762 7237 15238 16426 15373 16309 9938 7520 16975 6430 10710 7074 5276 9181 11385 12064 1030 11380 4625 15436 6084 8255 2118 11021 5073 9957 14028 8083 10905 7867 15324 3363 11034 15562 7250 8256 9991 4016 8544 1742 17905 17265 12403 9336 9233 9423 8269 12652 3796 6933 7351 9103 15644 9655 4864 9733 16702 8634 10976 1665 6006 16478 9234 5480 7119 2291 13866 11976 7280 18655 8546 10376 9570 6352 12462 11362 6387 19014 3971 14017 14847 6357 16243 8491 9821 17809 4941 15691 17027 17198 12640 13772 3222 18232 10829 16530 6533 8298 10530 15972 16572 15047 11167 9939 10584 14695 9838 7414 11974 3064 5174 3941 9898 8763 9276 9680 15974 6667 12960 14554 8910 13661 4472 16310 9320 4497 5219 5293 6488 10744 873 10785 11216 5639 15678 8629 9947 16666 12638 17355 1623 7180 18164 9517 13471 6951 8613 17195 18734 14045 9600 14102 5239 5886 3007 17196 5519 18906 11103 10563 16828 9722 9985 3409 7001 10321 16627 9436 2998 4885 14133 4257 13233 13308 5382 14383 7190 15443 6489 10232 3309 5744 4132 7843 7051 4725 1651 9163 9153 15411 9390 15941 6357 9072 2073 17628 17007 10650 14460 3084 9890 5482 13156 15989 12723 7917 15480 16072 9586 10959 15813 8955 7629 11562 7886 16929 2794 6641 14064 17243 15196 10864 10122 5635 9367 13808 9976 11299 6720 1628 10373 8161 6100 8573 3832 8284 4794 2671 4009 13023 12037 9726 9409 4155 0 7805 13349 10545 9665 3517 4720 7723 19374 5300 4122 13542 10132 17804 11594 17233 10188 12822 12911 6703 5219 14610 8819 7024 10086 8327 6480 18912 4308 9388 12153 14724 8788 7658 10913 8559 2994 19245 12019 4633 13132 1014 6666 8852 7770 3818 8870 4589 15273 13395 12842 12816 7469 7395 8908 7452 11614 6849 8679 5941 10034 14524 16291 14977 9113 11065 9845 6455 16987
16325 4724 10935 14306 18782 17232 14081 8679 3476 16820 17114 10509 4962 2739 14067 17110 14918 7216 7967 606 8732 14709 12642 14153 14021 11876 9690 10494 9693 2548 16936 11393 7977 20737 12518 3154 9209 14814 16289 16556 7631 15817 12517 14733 6206 8443 11329 14082 4312 10282 2869 16325 18033 11375 17102 6009 9330 12595 2141 2129 12933 2699 2067 11468 17577 15952 10350 8914 1540 13880 14877 9387 4725 11594 13029 9468 8730 14663 15571 15055 14905 3793 5631 10622 10268 11621 15448 2679 12742 12835 18233 20654 10704 17221 2733 3030 15485 1415 4560 835 2843 7265 3997 15972 8817 16002 4791 13862 4074 648 9194 7419 7570 4762 11152 1278 11597 13841 12815 11126 14019 14432 5405 13655 11854 6698 8148 9314 15334 16790 8697 11313 15535 16546 14535 17153 11594 12526 15099 1953 14609 2153 4590 15786 18525 15076 12852 8225 1815 13404 12575 2325 13859 5514 8952 17518 9040 21942 1601 6680 15260 8806 12950 15010 5378 22558 10642 15282 12495 2594 14051 3161 16675 21424 12648 18170 12240 17221 12398 13477 5731 14284 17251 17968 1797 5272 15212 17076 20479 11523 14718 13021 5330 12136 5497 1280 17732 10869 2983 11704 9964 3061 15387 2610 20166 1296 13662 8968 11321 10557 11155 16200 14235 12194 10297 10738 3021 15598 7305 5882 14479 11749 17866 4077 6330 13609 7265 20682 8707 7386 21098 13673 17172 4490 6291 18022 15261 13827 16642 17019 11181 10849 7748 21063 12609 22171 4242 16250 12412 5360 9402 9691 11410 14411 18764 10305 10775 10261 9214 4806 15564 8906 9320 9446 3568 10040 11681 6204 4645 2473 10628 2697 13971 9823 8874 16623 1723 10831 2076 19390 2601 2563 5737 21426 12341 11631 14754 7848 16107 9099 11955 20173 8082 15723 12351 15940 9022 3158 19723 1159 10453 5042 15022 14528 10427 12119 18525 13282 12326 6159 14599 3265 13195 11602 4349 10733 13207 8870 4802 13694 2182 14135 5502 2095 12231 5640 8670 11629 11752 16712 10829 9476 7805 0 11485 14826 15127 7351 5079 11815 15433 9758 10113 16927 9120 14743 4836 17706 5080 18059 8739 6957 12623 12446 3461 4133 3677 16127 10484 14607 11446 2240 10536 19373 11710 14556 16867 10109 7637 15565 16030 7873 8039 8253 9012 9205 13972 5681 8129 12356 18677 16067 15044 11634 15240 437 10507 3473 11944 1004 15509 9674 3273 14418 11953 14734 7819 14557 6564 14248 16584
15311 14541 9755 2922 10340 6176 15167 2807 11267 6449 11748 10502 12716 14221 5695 15572 8493 5826 8824 12088 5864 5599 14571 10966 11355 6264 11870 6281 8472 9683 6577 12601 6484 11395 13446 8745 14692 5310 6168 11701 5470 9679 3265 3658 15110 9606 10355 17907 12667 2859 9869 14792 12906 3434 11499 11138 4746 6736 13621 12530 1505 13940 13133 4804 11132 4577 13395 7701 12442 5411 12899 15254 11396 5750 1727 14878 15862 16598 18412 8805 3773 9623 11650 3490 8274 5208 12061 13175 7455 11327 10047 13549 5055 6838 9953 8544 4020 11154 15784 11832 12624 4530 10260 9987 13726 11106 9331 2383 14681 11053 15461 4237 8380 16219 1704 10242 4071 12304 2063 15790 7768 2988 6768 11296 5781 9332 4806 13399 4560 5449 3483 5998 13726 16130 13131 11562 15846 11229 18991 10097 3187 12955 14387 13402 8815 13741 5851 14903 11267 3435 7956 11545 13682 12313 5246 13513 6559 13282 10087 4887 12483 7515 3809 9133 7417 14118 12358 5890 1558 13391 2902 14642 15563 13283 17230 9329 6019 6111 2614 2924 10353 5687 15001 7964 12611 6339 10808 6921 12949 3037 8864 7651 6756 1587 6101 10272 14035 15161 12715 15193 3828 8523 13290 9787 13127 10876 4338 6587 6609 2071 12506 5123 10756 16908 10225 10704 9054 11269 13691 6152 8342 11798 8746 15536 5181 3582 6181 12315 12613 6169 12155 9402 10354 15460 5437 7416 5701 3216 15989 9137 11430 10076 15677 13342 13778 13442 9117 13007 5310 6222 3431 11711 9355 9556 9357 4738 15452 10600 5266 14130 7479 4366 9020 5324 14733 6447 10463 5405 11298 10355 12104 8798 14104 10284 12790 17177 12798 4911 13135 11494 9554 13956 12305 13534 5809 4500 4383 10512 13891 8724 1089 13122 4900 18729 2731 4884 3794 11973 12385 11795 7324 8415 15189 3581 15706 10954 12375 4946 2251 5829 10221 9547 8784 645 15763 2462 12915 12811 16190 11523 10287 11745 9785 13579 14366 13552 10046 766 2539 15896 5314 10586 13349 11485 0 10014 12031 9910 14754 8943 6641 9526 11369 9743 3218 4605 8861 6855 6797 13329 4055 6656 14490 1271 14946 7796 8639 19257 8851 6637 13369 13388 1196 13255 7303 14374 13850 5749 10515 6309 10173 8941 5610 12777 7276 4728 12749 9724 4484 16684 10918 8230 7038 1115 18933 11313 5664 14736 3480 11732 14778 8673 9191 3722 4888 3816 4329 8713 4922 17214 5291
6035 14711 4384 11349 5576 9443 7407 10326 12155 7750 2297 5335 12257 16871 4919 5977 2049 8220 7011 15240 6575 5669 7795 1868 2472 3950 7324 4808 5195 14722 7757 6483 7073 7967 6455 11844 10937 14968 7184 1864 7965 1652 13257 12452 14145 6847 4365 11292 12731 7623 11984 5342 3323 6623 2279 10005 13938 3324 16369 14329 9770 17446 16892 14702 2986 10124 8352 5913 14720 5134 3733 11515 11262 4476 9404 10951 12924 8954 10893 1779 9048 15581 10723 13239 4576 15111 2256 14680 2683 3657 4964 5997 14757 7888 15192 12310 11401 13627 19185 14565 13859 9490 16309 1562 10096 1246 10134 10592 15603 14833 11962 11529 7302 18924 11643 14134 5975 3822 11795 10727 2349 10065 9953 2770 4355 8388 7868 9281 13461 10272 12057 4424 4384 7015 4306 2328 10403 3876 12105 14737 9981 16959 14613 3807 7194 4714 4179 12068 13404 13226 2457 13229 5590 11408 14251 3515 5989 8131 14346 11513 2914 6029 6473 1310 9611 8468 6923 5979 11334 15080 11888 17182 6179 7264 11473 5750 15968 9601 7563 8035 9733 15583 5196 7450 14715 10803 811 7417 6046 13016 1396 2432 13277 11537 12131 13674 4022 10102 13848 9424 6941 13305 3898 14905 5521 13590 6314 15552 4022 11781 6601 9164 1531 11390 5353 5258 11872 1256 11365 12950 1890 5261 6005 17730 11370 13319 14234 6842 8965 7832 7746 1157 2968 16568 10022 8641 15270 8046 6768 4043 5455 4677 13545 6669 6794 8384 15361 3099 15306 12137 7782 7173 3663 487 6842 5958 10572 5662 14399 14057 4110 13307 5726 14560 16377 15836 4072 11858 11253 12451 6671 12808 6057 5875 9001 8412 16549 14658 16901 5429 12237 17177 11217 7094 15780 5564 7540 7936 4274 5857 9050 5534 13349 11249 12719 9040 7811 17156 5280 15792 4450 15160 6722 12592 11218 4034 3727 14935 12213 12752 503 11573 1669 10656 18713 7760 5168 9028 19177 3000 12681 2847 9652 16459 7881 12617 6863 9267 7480 6605 5197 6435 10545 14826 10014 0 2409 8039 14686 3075 16389 5493 6453 3196 8318 14060 15490 9082 13010 3541 12839 8096 7704 10964 17555 11057 14353 11735 4468 16577 7330 17049 9314 4550 3383 5956 3923 5407 8133 15926 1484 7137 14114 9537 5848 6837 4276 9468 8181 10931 4794 3775 4086 8912 11911 14426 5160 16552 6538 14341 5819 5259 14718 8119 14855 8543 8782 1474 10994 10152 9990
3626 14243 4192 13602 7569 11852 5273 11946 12103 10156 3085 4762 11841 16873 7266 3624 4458 9241 7166 15466 7711 8054 5954 1132 1106 5776 6397 6190 5551 15422 10161 5111 7971 9913 4716 12371 9731 17136 9592 2317 9084 3860 15295 14703 13429 6721 3837 9260 12405 9431 12260 2944 3396 8597 3342 9693 15604 5316 16425 14297 11948 17621 17158 16577 4498 12501 7051 6505 14774 7462 1406 10259 11049 6300 11599 9692 11776 6766 8667 4181 11394 16433 10363 15081 5111 16984 407 14549 4583 2455 6996 6966 16548 10286 15905 12938 13729 13820 19254 14741 13727 10784 17141 3647 9020 2245 10337 12832 15262 15237 10735 12968 7609 18837 13590 14617 7962 1922 13910 9154 4672 12360 10778 1492 6251 8443 9157 8157 15720 12671 13687 6118 1977 4607 2072 3347 8744 2772 9980 15345 12290 17280 14167 1423 9468 2361 6336 11019 13535 15347 4086 13266 3513 10966 15859 2412 6981 9664 14897 12829 505 6678 8692 3710 10263 9816 5738 8383 13432 14964 14107 17142 3778 8644 9653 7935 17862 12010 9711 10296 9613 17683 2970 9797 14727 11774 1704 9812 7298 14963 3802 4412 14409 13593 13265 14083 2613 8584 13692 7751 8622 14061 1492 15610 6560 13843 8613 17104 5571 13656 5293 11562 1279 9640 4912 4581 12330 1526 10529 14165 4277 4030 8271 17576 12619 15454 15626 8453 8042 8778 9512 2637 4850 16214 11142 11025 17459 10337 4360 6259 4441 4301 12567 7905 5004 9913 16290 1157 17249 13246 9409 6284 3795 2710 9047 7601 9066 5064 16033 13577 6513 14940 5816 16215 16165 17500 3481 13104 11066 12668 5544 13438 3942 5431 8025 6021 16833 16467 17168 7104 12620 17300 10748 8352 17693 7531 9904 7574 1907 6062 11135 6578 14874 9021 14761 11432 9348 17744 6603 16180 5464 16213 4423 14825 9771 3130 4621 16977 14268 14008 1990 11877 3247 12676 18693 9658 3330 8050 19146 1521 12946 1093 9684 16541 6133 12037 6575 11309 9538 4198 6878 5905 9665 15127 12031 2409 0 7886 14160 3638 18543 5373 5601 5287 9928 16258 16498 11483 14099 3160 14462 8906 5870 13067 17510 11725 15230 9487 4739 18657 5825 17283 11209 5144 4854 3716 1931 6822 7790 18109 3477 7255 15612 8658 6605 8272 2243 9499 9523 9146 6586 6134 6494 10958 9761 14704 6693 16372 8611 14506 3440 5522 15528 10453 16774 10889 10128 3867 12265 8057 12388
9033 6705 3756 12659 12930 13652 7129 8000 4218 12579 10224 3171 4255 8989 9159 9786 8747 4206 1308 7635 4209 10047 5891 7004 6784 6357 2680 5035 2976 8148 12662 4246 3450 15190 5396 5017 4783 14977 11943 9576 4484 9352 12592 13542 6368 1197 4049 8506 4695 7269 4541 8989 11007 7617 10283 1993 11074 6866 8539 6414 10823 9755 9333 12829 10991 13123 3934 2818 6890 9096 7534 5353 3228 6373 10682 4968 6137 8080 9492 8777 11850 9385 2720 11398 3642 13169 8235 6695 6662 5517 12320 14035 12416 12919 8627 5717 13468 5990 11368 6892 5870 5987 10016 9425 3816 9088 2653 11942 7564 7551 5591 8055 1559 10976 10713 7048 7409 6496 11920 5999 7992 12050 4443 6396 6614 843 5115 3571 14469 13758 9349 5953 8184 9350 7185 10325 6163 5202 9623 7923 12129 9487 6599 8448 13485 7733 7636 5158 5677 13131 6238 5383 6589 3444 11064 10297 3780 15901 7409 7513 7970 2888 8973 8585 3592 16362 3577 10644 11433 7105 12789 9265 9381 15168 7537 12622 14041 13720 9123 10258 1731 15005 9900 13230 6841 5604 8248 12606 14035 11821 8342 6883 8232 11312 7272 6440 10461 5420 5846 5729 6385 6993 8042 8334 13558 6055 9496 11947 5601 10402 4026 12817 7145 7165 2982 3393 4858 8572 4046 8271 8279 4414 12530 9741 7120 13313 10091 14595 2754 3778 15279 6904 10780 8529 5615 13804 15410 10533 9408 11132 3841 3589 6261 14652 5567 16147 9415 8975 13747 7184 6509 2609 4389 7708 13483 5928 5640 2912 11316 6064 10067 10384 2330 11558 8359 12721 4405 7494 3226 4879 3477 6176 6761 2484 2945 9659 9021 12427 9344 13203 5014 9421 3286 15060 13987 7171 10979 716 8758 2277 9663 13569 9913 9743 12166 12575 6123 10206 13264 8458 4351 9633 7876 13487 5816 4802 11747 14043 11846 8268 7707 4212 6586 10399 10814 7795 5895 2963 11270 6406 5190 6850 1849 8657 5532 4740 1326 9546 8521 9456 5945 2131 3517 7351 9910 8039 7886 0 6713 4979 16124 2574 2842 10725 6696 14431 9787 13798 7845 10942 9947 3364 5843 11179 9635 4752 8320 10239 3590 15750 4565 9441 8717 12521 5617 7317 9549 5082 630 15948 9427 1153 10442 2866 3206 5342 6622 1674 5469 7033 12504 10330 9632 9326 9643 6918 5449 8548 8106 6653 8226 2851 8454 11019 13208 11469 5789 8212 6930 8153 13482
14202 362 10313 17676 19632 19686 11411 12128 3488 18861 16791 9467 2462 4228 15599 15096 15457 9234 7924 4745 10177 16426 9886 13447 13111 12909 7809 11509 9687 7536 18958 9368 9294 21865 10292 6227 5530 18951 18251 16099 9669 16054 16540 18323 1319 7871 10446 10180 2180 12746 4972 14433 17466 13509 16885 4720 13784 13488 4222 2970 16025 5594 5781 15902 17662 18791 7693 9372 3546 15491 13458 5421 3681 12827 16009 5744 4228 11498 11888 15490 17591 8855 3993 14816 10353 16119 14546 2408 13349 11706 19025 20674 15216 19230 7790 6707 18721 4262 6335 4254 2412 10225 9072 16115 5656 15662 5593 17086 1544 5714 5055 11295 7878 5397 14902 6032 13492 12455 16458 7359 14685 17452 7986 12698 13084 6606 10347 6456 19083 19543 12713 12437 13907 14124 12926 16923 7927 11389 11049 6963 17586 6150 489 14369 20040 13322 14134 4145 3932 17328 12947 3452 11829 3282 13502 16531 10071 22613 6493 10538 14123 9377 15038 15294 7390 23068 8617 17028 16051 2600 17585 4208 14541 21872 8629 19281 16835 19721 14861 16020 5179 18603 15530 19695 3289 8565 14809 18972 20717 15586 15054 13579 9826 15777 9564 5516 16577 7359 2279 8396 12091 7519 13918 7632 20203 4611 15663 13760 12185 14388 9136 18743 13641 8190 9385 9612 5877 15084 3877 10261 14989 10200 19147 4085 10111 17532 11925 21308 6253 9106 21984 13574 17484 2266 9344 20100 19406 16343 14310 17830 9732 10057 3042 21337 10239 22860 9268 15132 16872 9421 11845 7902 11025 14384 20097 12001 7085 9146 13775 668 16691 13245 9036 14022 2740 14798 10788 10185 3740 4562 8739 6730 11771 8852 6328 13768 5694 15312 5793 19914 5435 5109 3469 21751 16894 13362 17028 6750 14557 8987 14907 20216 12483 11954 16266 18486 11418 7933 19947 5971 10992 10004 12593 18176 6507 11048 18349 17583 16121 10468 14319 5239 13289 15048 5522 13273 11393 6308 5863 12639 4752 13071 5514 4428 9476 2126 7823 14665 14203 14441 12246 8319 4720 5079 14754 14686 14160 6713 0 11663 19772 9196 8563 17438 11776 18698 9853 19973 9486 17313 12970 8561 9903 15909 4467 7044 8537 12265 10287 19071 9027 5683 13625 19077 12289 12378 15544 11386 6554 19802 16107 7774 12623 5634 9680 11093 12407 5661 10526 8502 19216 17002 16230 14559 11252 4842 11791 3028 14065 4143 13398 9564 8234 16898 16371 17299 10494 14925 10192 10693 19293
6423 11673 1544 10969 8137 10328 6404 8452 9080 8875 5321 2624 9219 13804 5426 6802 3954 5604 3938 12210 4084 6364 6179 2522 2657 2901 4678 2726 2132 11887 8925 4394 4342 10479 4872 8907 8343 14217 8235 4741 5449 4397 12173 12036 11189 3796 1854 9763 9674 6160 8957 5982 6218 5595 5344 6959 12104 2879 13308 11257 9169 14408 13876 13237 6012 10445 5976 2953 11656 5499 4090 8946 8194 3319 8873 8402 10233 7928 9847 3917 9204 12846 7682 11722 1556 13637 3859 11606 2282 2390 7515 9062 13131 9132 12365 9425 11358 10585 16130 11522 10784 7167 13562 4452 7424 4196 7082 10182 12541 11856 9354 9379 4255 15852 10369 11187 5033 3374 10944 8517 3388 9905 7181 2468 3394 5314 5551 6681 13055 10836 10180 2984 4925 7199 4218 5390 8317 2326 10739 11850 9891 13959 11571 4773 9130 4843 3999 9322 10350 12362 1640 10162 4780 8381 12325 5859 3344 10988 11430 9208 3955 3103 6202 3660 6725 11411 4561 6879 10444 12005 11363 14112 6700 10212 9564 7999 14529 10448 6966 7819 6661 14626 6430 9097 11647 8148 3396 8724 9059 11721 3449 2367 10772 10530 9627 10695 6185 7855 10774 7415 5257 10499 4546 12072 8582 10562 6395 13539 2356 10349 4417 9751 2506 9382 2535 2653 8905 3790 8500 10529 3502 3261 8042 14655 8987 12494 12013 9683 6221 5146 10448 1928 5827 13506 7504 9993 14581 7962 7075 6383 3152 1925 10727 9677 5233 11238 12683 4788 13975 9609 5972 4508 751 2729 8978 4254 8290 2922 12512 11025 5661 11426 2655 12705 13303 13988 1762 9472 8183 9411 4278 9927 5224 3001 6294 8244 13537 13066 13885 8276 9243 14128 8200 10089 14382 4612 7898 4930 5233 2783 8191 8594 11307 10189 11652 9560 5848 14266 8287 12812 1852 12583 6267 12101 8843 2130 6800 13836 11190 10375 2792 8552 1649 9575 15645 6486 4048 6321 16109 2660 9653 2973 6579 13402 6111 9622 3858 8286 6622 6999 3630 3571 7723 11815 8943 3075 3638 4979 11663 0 15577 2481 3827 5835 6463 13418 12875 10214 10464 6272 10945 5302 6088 10096 14484 8189 11633 10712 1394 15557 5286 14025 7977 7607 1732 5445 5562 3338 5116 15211 4449 4063 12031 6743 2992 4741 3809 6394 5929 8996 7591 5721 5349 7952 10611 11408 3311 13478 5785 11295 5845 2185 11951 8249 13476 8722 6529 3342 8638 8815 10543
21912 19490 16383 5217 15305 9265 21797 8141 16443 10614 17852 17092 18146 18024 11637 22130 14643 11918 15182 16011 12353 11171 21151 17514 17935 12835 18325 12922 15053 13020 10715 19180 12845 15497 20060 13558 20824 1431 10723 17935 11661 15770 3542 4185 20420 16013 16988 24401 17919 9483 14835 21368 18982 10012 17559 17002 6103 13228 17473 17074 6620 17280 16466 3971 16959 7440 19829 14218 16766 11378 19486 21345 16918 12338 6990 21033 21714 23211 24997 14967 7899 12247 17381 4966 14896 3872 18535 17745 13966 17964 15216 18842 4773 10857 13054 13070 5749 15647 18883 16042 17411 10194 12591 16088 19900 17377 14938 5890 19289 14842 21483 8532 14677 19684 5436 14178 10621 18928 4645 22113 14058 6623 12215 17899 12339 15435 11083 19689 3370 7982 7101 12614 20305 22750 19748 17620 22230 17869 25499 13589 6785 16163 19333 19940 13065 20351 12228 20802 15901 3216 14513 16331 20323 17944 6511 19808 13100 17673 13836 9270 19012 14020 9920 15357 13039 18570 18887 11185 5139 17837 4573 18437 22153 18033 23615 14200 3505 9090 8838 8425 16199 1169 21502 12113 16991 11340 17198 11197 18092 4327 15122 14132 10111 5058 10210 14487 20360 21512 17531 21649 10443 12437 19857 13032 18494 15311 10175 6899 13233 5724 19071 8634 17282 23265 16809 17304 13912 17641 19566 9592 14590 18420 13528 19389 9707 3094 8230 17038 18877 12360 16480 15907 16133 19876 10805 10928 1237 8494 22599 14620 18034 16695 21315 18337 20387 17763 11669 19457 3065 10353 9928 18175 15996 15960 13773 11377 21759 17169 6263 19229 13163 6556 15554 6051 18991 5887 17102 9591 16807 15213 18644 13101 20745 16827 19065 23816 16205 4626 16463 16616 14338 17470 17993 18408 3299 11054 9355 16784 20430 15242 7424 18484 7361 25308 4008 8562 10222 14548 17691 15266 13961 10772 21830 3952 21927 17595 18179 2189 4417 9348 16656 14632 15311 6021 19148 9103 19556 19084 19490 18132 15023 18334 15592 17363 20926 19031 16467 7295 9022 22499 11949 17082 19374 15433 6641 16389 18543 16124 19772 15577 0 16087 17895 15455 9583 2408 11149 10125 10394 19475 6803 12761 21073 5494 18654 12837 11827 25834 15475 1139 19917 16733 7697 18989 13915 21013 20295 12382 16751 664 16290 15281 7425 18948 13809 11265 19378 15578 10697 23087 16194 13891 12849 7635 25459 15431 12305 18905 9936 16029 21400 15249 12323 8622 3485 8332 10335 14991 9694 23772 8094
7041 9217 1191 11976 10591 12141 5862 8284 6775 10856 7653 1070 6763 11541 7357 7680 6394 4715 1832 10093 3754 8292 5065 4444 4266 4536 2548 3540 1073 10206 10923 3096 3468 12911 4057 7094 6079 14814 10210 7001 4762 6878 12564 12971 8708 1378 1594 8402 7246 6677 6894 6851 8434 6581 7720 4515 11769 4852 11076 8970 10114 12253 11785 13236 8466 11940 4045 1900 9422 7358 5199 6690 5800 4734 9890 6175 7870 7168 8911 6380 10660 11319 5230 11730 1527 13613 5705 9267 4469 3121 9971 11488 12974 11156 10692 7712 12584 8447 13907 9370 8442 6552 12000 6925 5116 6517 4968 11208 10122 9886 7062 8815 2349 13544 10679 9295 6182 4193 11589 6592 5734 11120 5814 3897 4922 3071 5162 4464 13961 12459 9891 4305 5932 7552 4977 7760 6519 2830 9473 10074 11153 11910 9120 6082 11417 5581 5822 6932 8166 12933 3934 7914 4771 5916 11880 7774 2988 13469 9601 8453 5505 2110 7636 6139 5143 13890 2847 8860 11083 9676 12245 11826 7375 12690 7869 10392 14510 12238 8099 9132 4299 15040 7632 11284 9387 6933 5675 10790 11521 11942 5921 4640 9658 11066 8567 8738 7974 5928 8420 5753 5707 8909 5713 10395 11014 8472 8015 12953 3779 10511 2985 11429 4573 7605 771 1320 7018 5998 6048 9546 5931 2546 10380 12315 8139 13093 11233 12164 3884 4197 12915 4378 8307 11086 6563 12037 15218 9349 7538 8817 2040 1106 8289 12141 4354 13719 11249 6492 14077 8515 6159 2372 1831 5189 11328 4912 6308 1084 12103 8564 7942 11068 599 12325 10933 13572 1935 8590 5800 7296 2584 8205 5077 781 3989 8195 11461 12946 11796 10758 7277 11938 5729 12557 14407 5837 9548 2451 6444 938 9009 11027 10771 9221 12080 11210 5880 12444 10751 10822 2536 11306 6240 12977 6755 2416 9185 14152 11679 9461 5144 6518 4127 10106 13373 7134 3986 4016 13830 3942 7577 4380 4319 11186 4843 7144 1378 8997 7599 7539 4606 1246 5300 9758 9526 5493 5373 2574 9196 2481 16087 0 1874 8310 6527 14129 11535 12152 9303 8382 10597 4091 4988 10774 12197 6560 10160 9747 1180 15891 3843 11911 8403 9950 3533 5531 7123 3890 2642 15811 6912 1901 11416 4351 2284 4823 4425 4134 5573 7305 10071 8096 7565 8709 9409 9334 4123 11122 6950 9135 6287 864 10393 9747 13549 10219 6086 5807 7851 7691 12170
6216 8655 2286 13849 11877 13929 4372 9983 6804 12582 8360 1203 6285 11507 9087 6999 7745 6272 2967 10350 5542 10029 3328 4963 4573 6312 873 5404 2947 10989 12642 1455 5123 14247 2585 7855 4534 16641 11936 7632 6397 8009 14362 14839 7839 2113 2100 6540 6884 8530 7355 6225 8943 8455 8500 4255 13362 6537 11111 8951 11985 12400 12042 14930 9417 13792 2211 3679 9496 9112 4951 5131 5641 6556 11764 4581 6480 5504 7145 7671 12514 12215 4865 13439 3346 15297 5992 9118 6053 3149 11254 12304 14620 12865 11468 8546 14457 8722 13910 9591 8310 8138 12853 7992 3651 7259 5492 13081 9707 10353 5553 10361 3555 13384 12471 9878 8048 3924 13432 4776 7215 12993 7034 4156 6728 3641 6875 2867 15826 14291 11525 6133 5505 6508 4499 8530 4664 2837 7621 10764 13024 12224 8584 5874 12956 4995 7572 5615 8377 14762 5445 8015 3757 5410 13427 7969 4811 14582 10247 9923 5564 3875 9483 7353 6247 14914 991 10579 12927 9537 14110 11738 6566 13710 6002 11807 16190 14032 9971 10996 4384 16832 7204 12902 9410 8197 6409 12478 12460 13706 7187 6175 10898 12896 9870 9260 8033 4109 8257 3879 7563 9813 5437 11175 11853 8821 9833 14426 5575 12271 1267 13249 5198 5750 1344 1207 7700 6624 4969 10868 7305 1686 11867 12094 9570 14925 12634 13289 2517 5763 14143 5473 9404 10649 8002 13738 17050 11207 6569 10163 1172 1902 7102 13084 2799 14834 12226 6575 15796 9798 7975 719 3076 6262 12800 6785 4516 924 13663 7989 9484 12661 2350 13894 10662 15113 2382 9992 5678 7658 761 9012 3919 1096 2547 6863 11745 14605 12054 11874 7849 12032 5183 13517 16102 7696 11368 2267 6121 2654 10876 11868 12295 7441 13887 13035 7673 13031 11704 11241 4377 12400 5039 14841 5030 2523 9942 15926 13499 10824 6016 7042 5409 11939 13288 8997 3097 2574 13728 4082 7983 4510 4654 11249 3052 6438 1688 10856 9474 6623 6473 861 4122 10113 11369 6453 5601 2842 8563 3827 17895 1874 0 9523 8315 15975 12578 13899 10522 8759 12199 5538 3261 12624 12100 7529 11128 7962 2873 17662 2032 12129 10231 10609 5232 4478 7031 5764 2476 17636 7935 2936 12895 3108 4096 6648 3947 4489 7280 5436 11220 9541 9155 10574 7568 9677 5994 10885 8819 9350 5402 2738 11283 11593 15264 12066 7750 7103 9321 5883 14001
8731 17425 7325 10240 2382 7246 10514 10899 14626 5488 2813 8356 14979 19200 4048 8436 2021 9850 9549 17401 8232 4300 10982 5038 5632 5092 10396 6435 7754 16408 5451 9664 8950 4774 9647 13812 14047 14029 5074 3307 9494 1546 12752 11303 17014 9577 7424 14449 15386 8069 14188 7978 3750 6821 2456 12718 14240 4351 18661 16733 9031 19611 18982 14541 1526 8415 11507 8210 17044 4333 6692 14635 13874 5462 8634 14075 16000 12035 13950 1949 7612 17063 13445 13211 7089 14943 4987 17156 4206 6851 1768 3960 14778 5492 16850 14156 9950 15857 21423 16787 16351 10653 17797 1668 13173 3084 12469 9576 18219 16833 15070 12340 9708 21300 11447 16072 6250 6964 11138 13914 2907 8842 11692 5956 5225 10918 9178 12382 12243 8314 12509 5666 7186 9737 7337 2501 13597 7062 15227 16525 8697 18995 17314 6493 4241 7642 4416 15114 15693 12490 4505 15602 8709 14164 14648 5055 7889 5176 16207 12519 5749 8263 5935 2180 11556 5677 10070 4283 10753 17536 10888 19544 8794 4511 14667 2653 15727 7428 7129 7125 12328 14832 7475 4719 17074 12320 3630 5011 3594 12753 2391 3940 14470 11064 13370 15700 5644 13283 16359 12620 7724 14972 6722 16580 3493 15766 5443 16005 5606 11749 9773 7282 4707 14585 8324 8316 13908 3768 14331 14038 2480 8438 3055 20176 12485 12536 15002 3872 12003 9584 4624 4051 697 19181 11394 6079 14254 6996 9447 1057 8593 7666 16549 4151 9983 5423 16752 5486 14969 13408 8560 10235 6543 3278 3768 6962 13751 8676 14742 16788 2307 13695 8406 14857 18887 16075 7166 12951 13848 14692 9808 14633 9165 8818 12057 11221 18628 14643 18990 2494 14332 19396 13993 4501 15499 5968 6109 10747 6882 8453 8665 3493 13929 14305 12229 7237 8744 18910 2875 17785 6575 16395 9710 11511 14384 7193 2724 14362 11708 13787 3694 13765 4186 10334 21033 7989 8342 12085 21502 6177 14872 5976 12141 18726 11076 15431 9682 8982 7331 9251 6279 9388 13542 16927 9743 3196 5287 10725 17438 5835 15455 8310 9523 0 9073 13050 16775 6684 14271 4346 13266 9977 10891 10390 19913 12912 15840 14774 7169 15854 10519 19167 9399 3550 5268 8994 6125 6869 10926 14908 1816 9693 14711 12549 8007 8050 7393 11966 9383 14126 1785 1565 2706 8649 15019 16558 6496 19035 6481 16579 8691 7874 16275 6834 14592 7146 9925 2514 12094 13284 8066
12871 11592 6953 6046 10378 8138 12327 2022 8301 7723 10404 7557 9625 11788 5386 13263 7344 2637 5642 9700 2776 5820 11591 8803 9074 4377 8749 3755 5522 7837 7841 9623 3293 12005 10551 6094 11476 8354 7220 10158 2259 8505 6048 6868 12028 6450 7572 14820 9639 1188 7056 12445 11541 2425 10232 7947 5677 5069 11190 9808 4284 11749 10990 6807 10200 7036 10262 4642 9830 5141 10551 12037 8294 3865 4238 11664 12657 13687 15435 7603 5883 8213 8484 5289 5462 7200 10048 10419 5638 8748 9927 13033 6669 8126 8215 6091 6989 8519 13627 9308 9788 1875 8932 8770 10513 9535 6240 5382 11866 8806 12244 3282 5177 13871 4156 7980 2869 9807 5228 12609 6451 5678 3894 8926 4031 6115 1588 10206 7777 7821 3764 3898 11387 13598 10660 10295 12689 8593 15917 8109 5810 10888 11442 11192 9609 11291 4663 11694 8555 6484 5935 8746 10986 9167 5949 11790 3546 13536 7949 3460 10320 4441 3917 7792 4388 14275 9306 6344 4737 10684 6112 12195 13156 13261 14075 9563 8097 8140 3278 4381 7171 8518 12843 8958 9965 3865 9033 8016 12610 5419 7485 5901 5461 4636 4427 7847 12242 11990 9863 12076 1392 6469 10997 7982 12564 8288 4644 7235 4374 3993 9504 7126 8665 13741 7267 7781 6351 9505 10487 4988 7038 8944 9135 13031 3481 6657 5979 12383 9412 2953 12542 7440 9546 12707 2836 8910 8774 4726 13500 8799 8517 7226 12508 13110 10865 13738 7830 11015 7597 4493 538 8597 6706 7831 9956 2363 12267 7611 6113 11133 7144 5019 5980 6290 12069 7574 7741 3920 8202 7574 9066 6459 11373 7253 9592 14501 10637 6606 10995 11282 6859 11677 9144 13393 7967 3107 5635 7309 11665 5663 3141 12565 5032 15741 5576 6865 649 10320 11931 9667 4654 7377 12505 6799 12501 8266 11387 7625 5206 4724 8383 6689 6799 3707 13470 1612 10196 9612 13921 9122 7574 9420 6618 11183 11353 10436 6899 2938 2632 13438 3122 7499 10132 9120 3218 8318 9928 6696 11776 6463 9583 6527 8315 9073 0 7753 7779 8587 5313 11842 4543 3451 11514 4484 12529 5089 7038 16265 6038 9363 10340 11224 2023 12297 5084 11716 11842 3129 7305 9342 8916 5752 5801 9562 4243 1758 10212 6545 1287 13537 10609 7805 6617 2793 15876 8868 3236 12111 2950 9168 12250 5708 7536 5313 7080 5656 1326 7314 3096 14195 7588
19682 18445 14324 2811 12915 6975 19725 6652 15267 8244 15469 15098 16872 17434 9261 19862 12275 10261 13393 15342 10461 8772 19168 15252 15695 10611 16468 10825 13073 12501 8349 17200 11045 13188 18025 12488 19196 1003 8330 15570 9950 13391 2229 1788 19218 14191 14915 22512 16725 7455 13726 19115 16593 7823 15172 15508 5731 10957 16855 16174 4310 16858 16032 3956 14556 5100 17991 12305 15951 9007 17247 19743 15591 10131 4661 19391 20249 21176 23004 12600 5494 11963 15957 4181 12855 4104 16232 16843 11699 15807 12815 16442 4778 8503 12624 12102 3414 14746 18576 15260 16414 8691 12427 13708 18244 15021 13551 3501 18388 14201 19922 7434 12927 19247 3826 13466 8405 16736 2543 20362 11719 4215 10855 15681 10110 13803 9319 17957 1159 5712 6064 10436 18057 20544 17542 15232 20433 15732 23596 13029 4378 15771 18287 17665 10717 18134 9924 19308 14947 1370 12269 15321 18191 16573 6255 17451 11164 15345 13187 8197 16734 12117 7587 12998 11619 16239 16963 8778 3047 16986 2184 17856 19912 15669 21819 11811 4272 6808 6551 6053 14709 2055 19205 9765 16156 10137 14871 8826 15698 3225 12771 11850 9461 3119 9292 13674 18008 19740 16523 19794 8426 11684 17602 12548 16091 14428 7803 7082 11062 4310 17108 6278 15008 21491 14824 15297 12831 15307 18080 8879 12239 16371 11141 18797 8609 1167 7907 14673 17161 10656 14152 13627 13729 19060 9441 8630 1214 6105 20380 12212 16018 14655 19960 15954 18362 15443 11389 17142 3474 9434 8021 16311 13882 13641 11416 9299 20019 15202 6070 18115 10761 5946 13625 5928 18231 6274 15004 8609 15485 14156 16709 12221 18625 14889 17342 21659 15738 4583 16031 14220 13296 16983 16594 16034 3988 8835 6947 15057 18154 13328 5228 16081 6782 23325 2433 6190 8362 14354 15289 14755 11883 10520 19685 1544 20245 15479 15774 2273 2620 8589 14345 13471 13046 4051 18735 7022 17438 17362 19114 15919 14013 16100 14116 16771 18968 17741 14636 5163 6804 20271 9813 15190 17804 14743 4605 14060 16258 14431 18698 13418 2408 14129 15975 13050 7753 0 10940 7838 9672 17094 6028 11107 19086 3359 18110 11659 11321 23852 13428 3012 17973 16299 5759 16582 11724 18863 17977 10323 15047 1873 13912 13505 7096 17291 11881 9331 17196 14078 8962 21276 13791 11487 10454 5481 23537 14675 10203 18180 7688 15213 19201 13275 11857 6217 3566 5925 8692 12644 8507 21815 5793
18569 9509 12542 11254 18156 15031 16915 6339 7366 15102 17738 12525 9174 7077 13161 19212 14929 7295 9764 5309 8919 13534 15656 15395 15454 11800 12458 10692 11018 2317 15229 14017 8533 19715 15160 4879 13127 10787 14699 17348 7526 16027 8761 11380 10881 10526 13087 17813 8653 8909 5869 18380 18812 10187 17628 9302 5214 12547 6585 6885 10357 6172 5377 7222 17782 13405 13535 10016 6364 12911 16656 13442 8415 11359 10582 13385 13109 17826 19075 15152 12622 1127 9242 6788 11392 7278 16734 7491 12955 14588 17704 20721 6390 15506 2117 4140 12509 5665 7735 5624 7490 6124 1488 16258 12500 16735 7280 11027 8909 4188 13356 4750 9201 8565 7908 3837 10645 15692 9542 14936 14007 11795 5748 15169 11578 8955 7670 12758 11751 14283 5434 11240 17430 19018 16501 17687 15306 14323 18898 2896 12009 5048 9366 17484 17240 17113 12368 12437 6060 9718 13038 6620 16221 9438 4713 18712 9565 21310 3365 4340 16766 9833 11573 15257 6397 22053 13365 14016 9368 7430 10815 7467 18906 21036 16529 17324 7749 14970 10661 11507 8690 10060 19099 16500 6620 4727 16075 15494 20347 7794 14945 13241 2317 8932 3407 4426 19059 14539 7631 15175 9067 2855 17163 2229 20242 5328 12292 4333 11509 7273 13803 13975 15371 16089 12249 12782 5139 16525 11334 2826 14565 13972 16869 8410 4304 9912 3034 20161 12004 7732 20298 14429 17194 9260 5472 16177 11208 11849 19035 16565 13405 12609 12277 20863 15349 21509 595 17654 8084 3378 8258 12395 12738 15015 17651 9825 14563 12377 4931 9498 14920 5043 10964 5119 8299 5412 13394 3859 8303 5922 13256 3761 16456 11909 12198 19436 5153 6553 5373 19047 5238 6411 9607 21157 7899 10855 12958 10465 17892 10651 9678 20245 4240 19285 8755 13730 8037 3423 19648 4305 11122 448 17601 11116 14378 13915 18909 9119 8895 3127 15414 5975 13834 8723 8020 9175 15466 12203 8348 15285 5585 15687 8188 6441 15281 9997 10906 9292 10126 19051 10542 11768 11594 4836 8861 15490 16498 9787 9853 12875 11149 11535 12578 16775 7779 10940 0 15678 2507 18999 5093 7599 15614 9447 7635 5048 1512 19745 11813 10203 14342 5640 8305 19813 12110 16974 18401 10121 10300 11394 16374 9744 3845 11721 9894 8773 15955 8305 7415 16143 18366 15571 14392 9439 18987 5017 10425 8149 10676 5713 17800 11093 1636 12421 7701 12608 6854 14773 4693 17722 14141
15098 19842 11667 5366 5591 863 16289 9396 16604 1353 9489 12726 17626 20371 4813 14944 7038 10825 12493 18287 9813 3870 16338 10835 11421 7617 14679 8788 11180 16258 1328 14608 10693 5375 14995 14665 18208 8826 1981 9900 10381 7729 8559 6104 19978 12963 12066 19932 17794 7441 15545 14382 10417 6486 9135 15580 11421 7371 19774 18313 5412 20319 19547 10743 8147 2781 16105 10994 18384 4794 12808 18818 16318 7474 5131 18317 19870 17854 19807 7304 3090 16373 16248 9898 10626 11075 11282 18895 7934 12210 5715 9158 11306 1206 16584 14676 4430 17075 22195 17885 18209 10444 17039 8006 17228 9536 14396 5112 20276 17377 19162 10960 12323 22458 8180 16550 6486 12743 6983 18670 7065 4191 12423 11608 7257 13573 9742 16615 6762 2143 10338 7906 13460 16088 13345 9182 18509 12296 20863 16597 3961 19423 19701 12848 3069 13789 6333 18898 17079 7886 8590 17215 14492 16990 11961 11722 10046 7567 16488 11508 11985 10911 4936 7774 12763 8465 14734 3335 6862 19188 6076 20777 15218 8027 19776 4533 11619 1035 5309 4254 14926 9877 14043 2175 18505 12440 9796 1689 8321 9051 7708 7884 13491 7315 12683 16434 12314 18003 18268 17625 7926 14964 12975 16384 8901 16858 4325 13240 8380 8746 14628 1773 10507 19583 12555 12811 14905 10097 17839 12907 7290 13453 3882 21601 11710 7832 13032 7052 15994 10884 6377 9291 7359 21161 11416 811 8894 3903 15831 5639 13363 12063 20058 8450 15357 7646 15894 11970 10770 12784 8341 14501 10932 8857 3807 7987 18415 12976 11930 19308 4971 11151 11917 11933 20586 12868 11961 12032 16249 16073 14449 15034 14968 12889 16117 17493 19197 11121 19551 6923 15409 20259 16899 8449 11342 6654 2975 14150 13291 11771 6003 8886 11743 20161 8168 1987 8746 18659 8091 18214 9651 15235 15756 6405 18901 12238 9182 9790 7730 12588 9539 15152 8970 7126 22056 6975 13921 16143 22506 11863 16108 11833 14497 19770 16305 18325 13273 6387 5959 15657 7856 13398 17233 17706 6855 9082 11483 13798 19973 10214 10125 12152 13899 6684 8587 7838 15678 0 13474 11025 10884 11425 16246 6621 21113 13657 15310 20667 11035 10850 15500 19787 7407 9808 8667 14961 12692 8724 14253 9486 8211 12646 12430 16386 10593 8888 13224 14369 9662 19207 6694 5404 5054 6262 20706 17454 8349 20646 5920 17739 14898 11378 15848 3310 10583 3072 9900 7673 11380 18910 2046
16338 9182 10242 9448 15685 12878 14893 4079 6391 12805 15247 10331 8212 7762 10699 16938 12422 4860 7607 5675 6453 11111 13727 12985 13075 9294 10517 8205 8692 2916 12929 11977 6131 17300 13101 3490 11739 9736 12367 14871 5057 13522 7443 9764 10284 8421 10811 16192 7839 6467 4744 16102 16329 7735 15132 7770 4320 10040 7183 6694 8298 7260 6437 6457 15276 11371 11735 7671 6372 10454 14332 12137 7183 8852 8471 11987 12079 15921 17311 12646 10476 2926 7885 5543 9016 6649 14319 7362 10456 12284 15223 18215 5740 13211 3158 2843 10674 5276 9058 5651 7085 3618 3630 13755 10991 14256 5603 9101 8902 4529 12134 2560 7024 9618 6177 3807 8169 13396 7853 13423 11500 9783 3503 12808 9071 7003 5168 11109 10303 12241 3666 8736 15124 16846 14222 15191 13726 12034 17299 3391 9983 6220 9027 15136 14860 14844 9868 11287 5562 8344 10555 6037 14053 8253 4016 16273 7130 18848 3515 1968 14387 7478 9168 12754 4278 19580 11378 11612 7584 7443 9116 8184 16667 18551 15024 14875 7349 12835 8321 9243 7052 9236 16768 14153 6597 2371 13611 13166 17846 6448 12442 10742 397 7190 901 4094 16636 12954 7213 13467 6573 2044 14833 3003 17736 4934 9892 4413 9015 5560 11778 11821 12945 14601 10044 10589 3835 14065 10097 804 12059 11803 14439 9125 1837 8548 2502 17686 10311 5323 17854 11963 14687 9484 2989 13922 10183 9591 16840 14075 11250 10345 11432 18366 13320 19051 2517 15251 7419 874 5777 10432 10375 12532 15243 7318 13046 10216 4289 8996 12440 3842 8715 4536 8611 5386 11102 1447 7067 5012 11237 2756 14322 9753 10511 17372 6122 5845 6438 16555 4157 7344 8374 18665 7413 8365 10661 8553 15558 8389 7487 17739 3035 17548 7299 11569 5540 5192 17145 5123 8679 2152 15480 9538 12971 11633 16405 8226 7311 1083 12949 4673 11360 6784 9125 6771 13279 10520 9527 12938 4762 13328 6480 7100 13375 9094 8835 7116 7752 16841 8035 9682 10188 5080 6797 13010 14099 7845 9486 10464 10394 9303 10522 14271 5313 9672 2507 13474 0 16529 3659 5258 13676 7588 8444 3190 1845 18031 9468 9623 12396 6701 6067 17310 9627 14812 16015 7625 8414 10500 13872 7610 3143 10128 7509 6267 13687 6558 4908 14588 15871 13081 11911 7214 17356 5045 7924 8540 8242 5635 15590 8786 2395 10177 6935 10406 4348 12269 2217 15963 12071
5250 17390 7192 14309 5992 11591 7846 13840 15155 9831 1628 7878 14976 19924 7839 4659 4856 11710 10106 18431 10080 8362 8824 3939 4205 7465 9557 8340 8371 18140 9796 8229 10519 8039 7703 15180 12841 18045 9398 1684 11475 3705 16516 15399 16589 9756 6922 11816 15527 11096 15192 4504 634 10023 1946 12802 17428 6797 19457 17352 12896 20612 20111 18087 2896 12687 10159 9223 17802 8101 4159 13352 14142 7983 12511 12788 14890 9155 10887 4536 11786 19051 13484 16654 7828 18496 2768 17633 6206 5610 5576 4168 18192 9836 18615 15691 14154 16793 22287 17724 16808 13028 19775 3388 12160 2307 13288 13594 18393 18120 13833 15067 10489 21917 14998 17458 9378 5001 14980 12126 5569 12946 13396 4617 7840 11437 11403 11293 16375 12638 15563 7957 4159 6195 4842 1889 11672 5925 12369 18118 12825 20208 17311 3439 8404 4792 7498 14155 16531 16389 5992 16295 6302 14103 17756 1072 9452 7219 17702 15054 3283 9367 9617 4196 12988 7171 8882 8479 14547 18045 14911 20206 5183 6095 12441 6742 19335 11771 10778 11051 12673 18753 3615 9005 17769 14292 2926 9356 4726 16360 4472 5941 16804 14795 15656 16960 1526 11594 16780 10690 10458 16739 3865 18325 3860 16791 9301 19068 7563 15185 8422 11585 3826 12486 8003 7712 15174 2492 13688 16486 4988 7184 7279 20672 14907 16461 17773 6184 11200 11299 7377 4570 3665 19348 13540 10397 18308 10990 5865 5386 7601 7361 15709 5265 7948 7451 18852 2368 18638 15658 11305 9444 6652 4027 7804 9488 12075 8189 17897 16724 6430 16809 8759 18051 19271 19321 6569 15395 14152 15627 8697 16192 6645 8532 11180 7718 19777 18083 20120 5066 15503 20310 13888 5701 19133 8988 10255 10680 3581 8963 12311 3882 16874 11225 15980 11521 11346 20535 4187 19074 7895 18676 6717 15578 12799 6267 2170 18178 15464 16290 3585 14794 5169 13960 21754 11188 6332 11205 22211 4677 15885 4253 12696 19564 9065 15192 9654 12567 10795 5639 8726 9028 12822 18059 13329 3541 3160 10942 17313 6272 19475 8382 8759 4346 11842 17094 18999 11025 16529 0 16344 11522 8749 14176 20576 14449 17827 11625 7575 19765 8889 20250 12726 2261 6913 6235 2468 8944 10894 18967 3188 10212 17643 11817 9228 10378 5210 12510 11720 11973 4804 5780 6663 12215 12111 17645 8701 19472 9861 17492 5542 8385 18173 10934 18210 11298 12321 4630 14532 10558 12383
17298 12687 11240 6175 14183 10169 16455 2521 9672 10501 14865 11665 11413 11412 9294 17740 11711 5927 9264 9334 6980 9409 15526 13334 13583 8889 12436 8275 9711 6475 10629 13612 7129 15399 14643 6766 14421 6079 10198 14663 5835 12898 3800 6295 13645 10132 11859 18445 11149 5272 8048 16913 16015 6459 14672 10481 1174 9548 10837 10286 5474 10835 10009 2992 14523 8435 13847 8718 10006 9014 15032 14898 10232 8365 5760 14650 15103 17698 19310 11993 7794 6029 10776 1885 9794 3280 14589 10958 10156 13151 13829 17190 2473 10891 6614 6267 7433 8857 12576 9296 10608 4061 6568 13181 13558 14042 8335 6005 12504 8183 14980 1899 8694 13221 2836 7466 7066 14238 4449 15899 10860 6828 5662 13413 8505 9168 5488 13484 6726 9312 782 8432 15865 17973 15093 14735 16103 12967 19561 7001 7051 9756 12530 15704 12833 15727 8974 14229 9101 4724 10476 9528 15278 11282 1412 16326 7783 17216 7168 2549 14845 8505 7469 12229 6530 18029 13158 9785 4296 11065 5722 11833 17596 17131 17467 13224 4118 10088 6356 6937 9690 5635 17360 12002 10224 4652 13566 10963 16668 2805 11929 10411 3433 3851 3407 7722 16783 15350 10728 15663 5901 5694 15492 6526 16741 8524 8117 2745 8917 2208 13454 9130 13203 17079 11366 11910 7122 14039 12997 2859 11452 13124 12678 12777 2987 4926 2173 16186 12661 6437 16116 11982 13809 13122 4342 11466 6528 7248 17900 12813 12637 11459 14615 17110 14924 17388 5469 15555 3961 3550 5072 12312 11110 12353 13345 6901 15531 11649 1571 12433 11124 481 10005 1760 12263 3043 12073 2803 10118 8414 12957 6309 15630 11231 12859 18765 9712 2500 10009 15254 7539 10955 11354 17340 4098 7413 8411 10653 16172 9667 5047 16739 876 19588 3708 8901 5115 8436 16047 8727 9104 4651 16784 6038 15593 12610 15742 4616 3808 2583 12920 7866 11341 3768 12712 5281 14482 12874 13096 13598 8220 13917 9079 10749 15233 12303 10589 4656 5991 17854 7655 11340 12911 8739 4055 12839 14462 9947 12970 10945 6803 10597 12199 13266 4543 6028 5093 10884 3659 16344 0 6685 15460 4409 12083 6098 5300 20099 10347 6130 14212 10276 3920 16647 9626 16026 16381 7643 10573 6865 13340 9326 1556 12626 8396 6207 14617 9097 5083 16974 14631 11850 10632 4900 19568 8696 7777 12197 6789 9267 16640 9868 5842 7773 3437 7868 4525 11761 3067 18004 9196
11096 8420 4986 9495 11838 11125 9861 4637 5185 10352 10389 5147 6282 9346 7265 11682 7978 847 2582 7449 1791 8008 8857 7812 7856 4921 5752 3542 3435 6628 10454 6973 1037 13854 8046 3836 8092 11626 9760 9915 1193 8923 9232 10313 8678 3450 5560 11787 6386 4247 4317 10845 11398 4949 10331 4498 7839 5638 8780 7030 7710 9650 9006 9503 10696 10291 7183 2420 7224 7112 9077 8636 4952 4658 7626 8292 9207 11041 12626 8129 9063 7545 5055 8052 3795 9853 9152 7560 5817 7027 11283 13757 9133 10732 7099 4230 10406 5968 11484 6875 6829 2650 8263 9101 7150 9323 2972 8818 8876 6858 8820 4828 2009 11466 7359 6109 4970 8138 8620 9361 7071 9048 1880 7571 4921 2696 1880 6934 11206 11013 6042 4360 9867 11640 8966 10386 9508 6778 12902 6648 9158 9019 8277 9891 11761 9590 5944 8246 5868 9792 5721 5898 8861 5757 7891 11159 2127 14990 6279 4393 9167 2234 6491 8119 1580 15601 6483 8605 8144 7889 9557 9717 11422 14468 10888 11268 10736 11160 6316 7479 3730 11641 11516 11305 7297 2893 8600 10508 13544 8456 7818 6100 5598 7994 4488 5723 11483 8774 6877 9006 3532 5218 9580 6811 13268 5837 7139 8901 4375 7038 6802 10186 7807 10524 4852 5403 3936 9031 7037 5458 7546 6629 11008 10441 4059 9977 7148 13727 6118 546 14167 6977 10247 9784 2482 11589 12062 7794 11618 10067 6098 5100 9068 14121 8304 15220 7385 10062 10408 4443 3381 5627 5139 7646 11930 3519 9004 5074 8129 7900 8647 7140 3494 8361 9288 9576 5846 4502 4871 4843 6292 4723 9161 4629 6309 12263 8652 9130 9014 12435 4377 9459 5719 14478 10668 4893 8470 4038 10307 3160 6553 13275 6758 12903 8813 9930 2960 9066 12793 7812 3646 7328 10325 10234 9169 6378 11710 10679 8507 5370 7950 3896 6429 7105 11152 4782 8076 6327 11619 7692 4970 8090 3198 8826 8554 7055 3905 6380 5664 11609 3928 4676 6703 6957 6656 8096 8906 3364 8561 5302 12761 4091 5538 9977 3451 11107 7599 11425 5258 11522 6685 0 8793 7913 10078 2974 6331 13414 4219 12389 7536 9195 5462 12586 4818 9622 10803 3161 3993 12592 9179 2641 7367 6197 2309 2537 8434 3110 2173 10374 11722 9123 8136 6206 12899 6600 3566 9385 5508 6683 10361 3529 6655 8342 9869 8751 2430 7653 3790 11320 10756
4420 10101 4830 16837 13260 16401 1514 13231 9159 14897 8956 3989 8090 13531 11498 5343 9488 9533 6214 12752 8739 12429 92 5855 5268 8941 3164 8320 6022 13858 14936 1893 8373 15644 1263 10781 4552 19790 14265 8187 9654 9355 17552 17863 8846 5349 4299 3687 8777 11632 10074 4819 9138 11402 9206 6623 16622 8966 13235 11109 14988 14613 14391 18182 10331 16515 2301 6876 11733 11583 4608 4928 7911 9291 14735 4414 6514 2254 3924 9316 15261 15152 7015 16686 6248 18551 6263 11109 8334 4106 12656 12795 17880 15126 14324 11504 17343 11209 15904 11985 10373 11399 15748 9230 4248 8046 8364 16058 11301 12966 5415 13619 6798 15175 15667 12608 10923 3983 16551 3409 9224 15879 10222 4935 9413 6685 10114 3483 18867 16923 14785 8900 4658 4225 3912 9214 2926 3970 4653 13562 15885 14629 10077 5329 14816 4007 10087 6004 10816 17910 7670 10360 2447 7301 16684 7740 7976 15530 13021 13169 5560 7081 12234 8900 9402 15683 2317 12920 16044 11518 17152 13684 4736 14514 3793 13443 19445 16526 12877 13821 7039 20028 5986 14942 11594 11390 7315 14695 13165 16926 8836 8363 14060 16043 13065 11956 7561 2953 10287 1956 10663 12792 4888 14039 12407 11374 12473 17666 8288 15492 2017 15839 6184 3770 4266 3792 10576 7319 6031 14065 9122 2832 13649 13848 12809 18066 15854 14305 3937 9024 15329 7084 10575 12155 11247 15964 20189 13992 4427 11736 3083 4467 7550 13768 911 15779 15220 6383 19040 12986 11146 3244 5432 7715 14521 9805 3415 3905 16921 9471 11472 15922 5539 17153 12407 18368 4327 13220 7984 10277 2503 11939 2155 4270 3788 4007 14132 17863 14403 12934 10636 14194 7059 14215 19353 10533 13984 5151 5307 5864 13917 12427 15549 4239 17066 15648 10868 15694 12473 13781 7255 15471 2714 17888 4162 4008 10478 19138 16661 14037 7202 9827 7300 15080 15185 12069 2566 3797 15588 4716 10627 4957 7465 13401 427 7890 4902 13933 12439 4575 9380 4120 5219 12623 14490 7704 5870 5843 9903 6088 21073 4988 3261 10891 11514 19086 15614 16246 13676 8749 15460 8793 0 15727 14020 10593 14131 4766 5686 20877 1280 14433 13382 10925 7776 2694 6446 8775 5314 20788 9106 6170 16139 4464 7272 9808 3628 7331 10522 3276 12374 11338 11256 13632 4534 12191 8938 12667 11697 11747 3676 5825 14228 14312 18509 14787 11003 8809 12569 2753 16630
16418 15686 10968 1865 10724 5852 16374 3820 12428 6470 12570 11739 13917 15184 6392 16642 9320 7077 10095 13052 7131 6122 15809 12027 12442 7341 13134 7475 9716 10503 6595 13841 7755 11529 14668 9825 15960 4120 6310 12583 6730 10486 2363 2426 16304 10875 11562 19164 13845 4098 10987 15876 13721 4518 12301 12384 4812 7751 14587 13602 1394 14821 14004 4298 11835 4044 14661 8962 13477 6115 13992 16521 12604 6844 1787 16147 17114 17819 19645 9640 3581 10300 12884 3282 9496 4676 13072 14256 8485 12486 10496 14074 4745 6828 10732 9569 3089 12206 16640 12843 13735 5698 10895 10800 14995 12004 10541 1597 15776 11980 16724 5060 9651 17141 1589 11185 5127 13437 849 17060 8663 2456 7933 12405 6846 10594 6071 14670 3295 4915 4021 7125 14812 17258 14255 12363 17114 12400 20244 10954 2685 13802 15530 14457 8941 14857 6786 16157 12343 2283 9022 12648 14858 13537 5360 14430 7818 13524 10993 5774 13530 8777 4560 10000 8616 14386 13612 6304 371 14453 1678 15607 16660 13632 18497 9665 5386 5751 3408 3290 11595 4622 16032 8036 13657 7414 11768 6998 13420 2510 9747 8659 7491 722 6979 11266 14967 16431 13831 16456 5068 9430 14367 10590 13674 11916 4952 6620 7746 2203 13750 4848 11801 18177 11466 11937 10145 12220 14942 6879 9217 13014 9042 16518 6116 2402 6582 12646 13884 7431 12364 10430 11033 16530 6566 7277 4489 3487 17105 9688 12659 11297 16910 13768 15003 13666 9766 14005 4596 7109 4701 12975 10540 10521 9547 5943 16723 11845 5315 15294 8088 4604 10275 5313 15775 6273 11657 6270 12504 11460 13356 9786 15287 11536 14061 18340 13679 4571 14006 11944 10639 14868 13535 13924 5142 5560 4595 11783 14946 9983 1933 13667 5286 19965 1840 4643 5064 12689 12906 12675 8529 9000 16359 2323 16977 12138 13077 4004 1320 6557 11206 10681 9828 863 16668 3664 14099 14082 17084 12638 11371 12840 11021 14534 15611 14762 11314 1813 3532 17005 6476 11847 14610 12446 1271 10964 13067 11179 15909 10096 5494 10774 12624 10390 4484 3359 9447 6621 7588 14176 4409 7913 15727 0 15899 8904 9404 20493 10071 5613 14617 14264 2462 13934 8423 15539 14846 6965 11785 5115 10994 10212 5905 14045 8534 5991 13891 10965 5741 17951 11414 8840 7695 2145 20183 12302 6854 15763 4456 12756 15909 9918 9959 3854 4261 3789 5557 9606 5905 18457 4817
18132 4159 13386 17760 21888 20659 15532 12139 5422 20190 19799 12756 5945 742 17314 18988 17892 10461 10546 2859 11868 18004 14016 16637 16412 14961 11489 13546 12360 5641 20303 13169 11051 23932 14208 6458 9880 18125 19643 19180 10894 18698 15880 18167 5779 10821 13675 14629 5276 13674 5764 18261 20627 14722 19829 7854 12569 15649 1339 3230 16393 1604 2287 14685 20422 19406 11732 11731 2871 17144 17040 9840 6475 14732 16485 10112 8695 15791 16311 17996 18348 6508 7240 13953 12990 14797 17865 2982 15707 15102 21319 23502 13887 20587 5609 6458 18944 4114 1896 3240 3793 10691 6370 18822 9831 18667 7455 17322 2923 3928 9500 10857 10270 1389 14580 4714 14900 16004 16249 11763 17023 17891 8721 16018 14996 9175 11460 10539 18742 20241 12099 14414 17601 18180 16597 19875 12316 14783 15513 5088 18068 2661 4124 17963 21801 17070 16022 8563 4227 16787 15457 4329 15684 6778 12144 19922 12059 25015 4935 10127 17566 11660 16303 17898 8542 25584 12397 18587 15940 2562 17493 372 18480 24424 13085 21345 15343 20653 15806 16901 7904 17526 19289 21286 2845 8708 17841 20422 23403 14884 17620 15974 8650 15574 8932 4699 20060 11699 3842 12693 13293 6480 17532 5623 23016 4281 17005 11958 14343 13977 12928 19634 16769 12642 12598 12954 6245 18186 8070 9232 17437 13785 21083 807 9786 16991 10425 23734 10147 10558 24229 16399 20094 2468 9715 21402 18566 17249 18331 20100 13252 13222 7499 24003 14218 25251 7065 18578 15601 8798 12781 11539 13974 17177 21999 13543 11468 12466 12393 4678 18722 12207 11861 12610 1728 13039 14031 9641 6451 5244 12456 6154 15702 12080 10269 17982 2481 14029 2293 22401 5755 1240 7019 24385 15473 14897 18149 9949 18221 11702 15408 23026 11372 16391 15742 19373 12388 4617 22636 3389 13347 7954 16634 17955 10932 14397 21282 16541 15741 9526 17269 6187 15987 15057 1188 14140 15138 10255 1636 16013 5112 16457 7909 1366 13599 6174 10936 15086 15154 18438 14004 11632 8819 3461 14946 17555 17510 9635 4467 14484 18654 12197 12100 19913 12529 18110 7635 21113 8444 20576 12083 10078 14020 15899 0 7465 6834 16716 13101 17768 13001 2042 13992 22090 14647 16309 19104 13231 9732 18833 18856 10424 11230 9574 11908 12468 16047 8094 11481 12934 21688 19176 18213 15085 15713 3665 13639 1439 15294 3409 17313 12299 6331 17839 15170 18166 11213 17468 10024 15082 20032
13561 6802 7631 10708 14690 13227 11873 5097 3618 12725 13353 7515 5318 6723 9936 14233 10927 3100 4753 4681 4680 10578 10639 10664 10645 7827 7430 6488 6175 3700 12838 8970 4010 16612 10113 1008 8571 11944 12181 12862 3505 11892 9520 11303 7591 5487 8140 13006 5088 6216 2085 13407 14347 7261 13301 4592 7061 8562 6130 4752 9152 6825 6129 9088 13666 12073 8582 5240 4741 9747 11741 8988 4146 7511 9190 8816 9044 12822 14155 11089 10958 4759 4760 7873 6644 9356 11999 5387 8780 9661 14154 16723 8494 13122 4181 1256 11807 3431 8692 4230 4832 3314 5444 12074 7805 12277 2415 10166 6885 3944 9013 4306 4211 8826 7858 3162 7466 10749 9423 10235 10012 10626 1272 10326 7767 3914 4017 7923 12043 12882 5737 7256 12490 13982 11536 13356 10537 9381 14113 3679 10783 6105 6645 12601 14392 12136 8746 8204 3490 10289 8694 3749 11188 5207 6899 14036 5100 17861 3307 3570 11943 5086 8841 11089 1464 18500 8326 11153 9027 5623 10573 7124 13901 17383 11835 14052 10151 13229 8357 9470 3864 11669 14183 13843 4881 1522 11537 12963 16492 8582 10787 9065 3586 8740 2831 2857 14328 9765 4927 10292 5839 2351 12253 3887 16234 3202 9547 7530 7328 7349 8758 12215 10688 11414 7247 7770 1270 11958 6989 3762 10503 8943 13737 7946 3132 10492 5615 16614 7129 3328 16993 9929 13204 7676 2363 13937 12399 9815 14007 12945 8373 7655 8518 17062 10304 18086 4711 12879 10058 2708 5318 7361 7930 10612 14633 6180 9858 7350 7170 6456 11456 6441 6013 7423 6995 8434 8464 3308 4030 2559 8211 1751 11413 6883 7328 14389 5772 8557 6136 15349 1778 6691 5298 17411 10164 7498 10688 5443 12985 5720 8090 16240 5777 14384 9229 11953 4923 6099 15746 4883 6610 4881 12555 11146 9796 8968 14683 10652 9077 3852 10894 1812 9393 8041 8453 6693 10441 7336 8913 10417 2505 10837 3292 6139 10273 6207 5860 7803 7701 14030 6729 6723 7024 4133 7796 11057 11725 4752 7044 8189 12837 6560 7529 12912 5089 11659 5048 13657 3190 14449 6098 2974 10593 8904 7465 0 3615 14862 6986 12223 9317 6336 6724 15558 7791 11938 13582 6049 5289 12822 12152 4720 6126 6939 5224 5074 10982 3374 4017 11398 14639 11981 10933 7752 14172 3831 6436 7027 7832 4082 12781 6216 3833 10401 9534 10745 3765 10620 3164 12804 12658
17174 8204 11203 11259 17359 14721 15449 5921 5887 14620 16626 11127 7708 6197 12398 17839 13937 6134 8364 4223 7787 12857 14171 14142 14168 10791 10981 9598 9706 1194 14743 12560 7311 19043 13706 3373 11621 11298 14170 16197 6418 14997 9097 11529 9504 9101 11730 16301 7211 8213 4364 17010 17673 9461 16537 7791 5735 11541 5649 5597 10142 5537 4711 7856 16766 13215 12035 8726 5141 12163 15320 11943 6913 10382 10316 11878 11645 16336 17569 14141 12319 1231 7734 7145 10119 7983 15482 6234 11892 13243 16877 19756 7069 15026 1330 2637 12492 4290 7284 4393 6140 5242 1964 15212 10988 15593 5782 10932 7714 3052 11866 4402 7814 7928 7957 2519 9856 14339 9631 13425 13011 11625 4453 13867 10616 7494 6664 11248 12019 14085 5429 10220 16080 17595 15136 16595 13795 12970 17387 1765 11826 4457 8056 16165 16633 15740 11473 10954 4663 10024 11920 5211 14802 7943 5319 17489 8376 20533 2092 3803 15475 8552 10934 14212 5019 21244 11896 13374 9384 6227 10901 6610 17514 20190 15019 16584 8575 14678 10128 11072 7183 10694 17764 15946 5390 3558 14901 14969 19430 8103 13901 12180 1915 8978 2643 3033 17813 13027 6279 13667 8225 1347 15830 1226 19273 3945 11661 5294 10431 7330 12343 13664 14138 14579 10857 11383 3628 15341 9838 2528 13551 12558 16170 7562 3620 10226 3610 19347 10496 6528 19564 13263 16219 8167 4446 15748 11737 11421 17622 15708 11988 11247 10846 19967 13886 20741 1098 16386 8783 2557 7469 10923 11446 13887 16993 8883 13052 10965 5574 8139 14101 5387 9601 5799 7238 6363 12046 3278 6801 4440 11795 2249 15023 10497 10691 17977 4420 7205 4710 18178 3732 5673 8108 20280 8685 10017 12480 8988 16561 9298 9329 19276 4549 17777 9001 13411 7191 3350 18713 3450 9932 1510 16161 11291 12872 12559 17858 9707 9056 2848 14245 4463 12686 8612 7414 8548 14056 10695 7796 13971 4112 14382 6689 5536 13793 8546 9468 8960 9544 17645 9564 10332 10086 3677 8639 14353 15230 8320 8537 11633 11827 10160 11128 15840 7038 11321 1512 15310 1845 17827 5300 6331 14131 9404 6834 3615 0 18235 10510 10965 12863 4978 7907 18755 10993 15551 17114 9059 8818 11998 15315 8334 4404 10210 8640 7790 14584 6811 6465 14632 17484 14717 13570 9053 17475 3769 9393 7125 9985 4443 16396 9766 555 12009 8342 12245 5954 13730 3978 16216 13916
6377 12560 9565 21581 17040 20899 4379 17939 12706 19315 12371 8755 11203 16385 16026 7072 13702 14191 10839 16116 13489 16935 4686 9890 9289 13606 7664 13070 10787 17779 19342 6657 13081 19350 5869 14867 6948 24556 18702 11657 14345 13316 22309 22615 10982 9972 9005 2088 11887 16399 13948 7121 12167 16146 12688 10451 21249 13554 16231 14285 19738 17651 17612 22880 13890 21152 6307 11623 14957 16139 8082 6890 11497 13988 19477 6696 8084 2814 866 13479 19916 19140 10606 21395 11006 23242 9803 14092 12877 8486 16478 15782 22543 19507 18215 15607 22051 14756 18597 15380 13501 16053 19664 13124 7332 11717 12493 20799 13803 16581 7216 18230 11405 17640 20421 16385 15650 7943 21317 5019 13603 20590 14681 9067 14091 11068 14837 6987 23622 21510 19449 13610 7661 5474 7446 12677 4533 8443 1383 17395 20587 17914 12592 8395 18922 7145 14689 8160 14332 22675 12213 13802 6180 10617 21274 10555 12734 18825 16839 17730 9037 11826 16910 13025 13825 18793 6977 17386 20811 14458 21909 16432 6478 17715 3638 17418 24132 21035 17604 18516 11061 24783 8089 19175 14766 15840 11158 19054 16342 21667 13028 12865 18424 20808 17502 15715 10150 5267 13385 4574 15429 16890 8092 17948 15485 14991 17099 22186 12989 20232 6763 20411 10227 4075 9032 8556 14609 11011 8855 18498 13399 7528 17727 16343 17348 22832 20327 17718 7748 13692 18856 11377 14325 14471 15815 20308 24956 18670 5812 15730 7839 9215 9307 16889 5518 19062 19293 9504 23754 17410 15906 7788 10111 11870 18528 14566 5359 8665 21521 12052 15759 20552 10286 21758 14995 22944 8982 17731 11596 14029 7205 15990 5705 9012 7551 4012 17413 22536 17624 16454 14561 17186 10399 17325 24050 15251 18584 9523 8111 10604 18676 15507 20128 528 21827 20233 15621 19284 15753 17272 12004 19660 5070 22646 5800 8584 13689 23885 21425 18505 11242 13787 11715 19846 17787 16834 6759 7546 18120 8815 14387 8894 11589 16422 4913 10679 9514 18697 17184 6044 14122 8802 8327 16127 19257 11735 9487 10239 12265 10712 25834 9747 7962 14774 16265 23852 19745 20667 18031 11625 20099 13414 4766 20493 16716 14862 18235 0 10439 25622 5930 17594 18147 13881 12435 5787 9163 13537 9639 25554 12961 10773 20677 8034 12027 14569 7472 11492 15241 3803 16005 15504 15618 18394 1094 15720 13690 15281 16421 15160 6159 10589 18247 18960 23220 19432 15700 13038 17139 2095 21217
6983 10291 915 11152 9428 11056 6324 7928 7691 9727 6698 1755 7837 12424 6227 7506 5229 4669 2557 10863 3367 7168 5771 3694 3661 3439 3645 2635 813 10684 9790 3829 3370 11739 4597 7644 7239 14162 9081 6094 4605 5767 11989 12178 9848 2416 1534 9251 8284 5994 7618 6669 7561 5718 6732 5575 11519 3697 11934 9872 9302 13053 12538 12836 7403 10947 5084 1799 10281 6244 4865 7849 6801 3696 9050 7326 9048 7748 9585 5229 9675 11706 6300 11319 580 13225 5020 10214 3290 2846 8810 10456 12646 10019 11166 8200 11683 9230 14760 10165 9392 6395 12410 5835 6284 5568 5724 10373 11149 10552 8229 8658 2915 14465 10128 9906 5256 3957 10903 7648 4555 10217 6069 3358 3859 3926 4859 5607 13183 11428 9607 3279 5666 7627 4803 6777 7528 2632 10290 10612 10234 12634 10187 5673 10239 5435 4704 8112 8984 12284 2756 8782 4954 7007 11684 7075 2564 12338 10171 8392 4966 1991 6638 5009 5526 12781 3769 7726 10397 10614 11469 12728 7295 11585 8847 9214 14124 11159 7204 8184 5267 14465 7300 10117 10266 7111 4750 9643 10446 11437 4778 3459 9799 10422 8671 9392 7345 6981 9381 6703 5032 9325 5365 10871 9976 9220 6966 12832 2706 10023 3778 10380 3754 8612 1538 1908 7618 5119 7223 9615 4765 2946 9200 13264 8124 12433 11204 11032 5055 4171 11760 3322 7196 12114 6581 10897 14550 8379 7561 7649 2603 1227 9466 11062 4934 12587 11581 5892 13634 8638 5607 3468 944 4122 10148 4130 7383 1960 11891 9645 6763 10826 1262 12100 11909 13370 1726 8597 6789 8060 3487 8701 5336 1860 5153 8466 12203 12600 12548 9632 7933 12765 6830 11471 14000 4880 8500 3580 6090 1401 8237 9987 10615 9911 11486 10168 5392 13016 9674 11503 1570 11547 6471 12206 7867 2265 8191 13616 11058 9492 4168 7219 3002 9457 14265 6407 4161 5180 14727 3474 8312 3875 5192 12032 5613 8263 2522 8266 6753 7525 3698 2395 6480 10484 8851 4468 4739 3590 10287 1394 15475 1180 2873 7169 6038 13428 11813 11035 9468 7575 10347 4219 5686 10071 13101 6986 10510 10439 0 15353 4669 12681 7783 8990 2380 5692 6605 3105 3757 15161 5838 2677 11303 5531 1996 4282 4297 5007 5264 8278 8939 6917 6391 7958 10199 10071 3252 12085 6031 9936 6299 811 10796 8744 13118 9219 5832 4657 7801 8435 11137
21945 18779 16267 5707 15862 9987 21671 7754 15801 11229 18151 16918 17540 17154 11941 22209 14911 11558 14874 15175 12138 11554 20952 17600 17992 12899 18044 12860 14880 12152 11336 18986 12562 16197 19908 12890 20389 2034 11281 18187 11336 16064 3384 4774 19773 15720 16879 24123 17278 9406 14174 21430 19294 10067 17871 16511 5303 13347 16613 16316 6870 16362 15554 3170 17337 8106 19529 14001 15978 11672 19536 20893 16344 12387 7259 20606 21188 23049 24796 15233 8416 11314 16852 4394 14773 2986 18674 16985 14075 17930 15733 19359 3903 11499 12159 12365 6424 14897 17928 15245 16689 9772 11624 16380 19485 17613 14404 6295 18522 14003 21008 7947 14348 18762 5225 13367 10696 18926 4789 21749 14273 7110 11692 17930 12413 15029 10798 19321 4119 8722 6528 12632 20363 22754 19759 17933 21894 17816 25229 12731 7294 15241 18623 20035 13714 20372 12398 20294 15170 3377 14590 15621 20256 17385 5655 20040 12908 18347 13006 8657 19113 13798 10154 15603 12537 19240 18651 11625 5243 17057 5011 17563 22199 18650 23276 14762 2471 9820 9019 8747 15711 1023 21625 12762 16209 10753 17380 11809 18635 3957 15355 14259 9317 5064 9517 13711 20579 21163 16813 21354 10342 11655 19927 12153 18993 14556 10481 5904 13238 5393 18865 9276 17385 22913 16629 17139 13246 17833 19058 8829 14824 18286 14098 18515 9097 3319 7356 17653 18502 12022 17156 16022 16520 19076 10303 11642 2077 8858 22618 15066 17874 16561 20734 18911 20225 18449 10740 19611 2204 9657 9754 17901 15929 16133 14406 11314 21389 16974 5395 18548 13549 5827 15339 5167 18174 4861 17016 8933 16231 14528 18418 12361 20665 16611 18694 23765 15304 3782 15551 17153 13653 16570 17447 19005 2304 11128 9805 16427 20524 15019 7532 18984 6595 25099 3909 9177 10011 13578 18199 14382 13875 9842 21771 4497 21520 17522 18570 1739 4390 8606 16814 13996 15411 5996 18220 9074 19478 18712 18551 18155 14319 18382 15100 16497 20709 18429 16178 7348 9122 22529 11933 16832 18912 14607 6637 16577 18657 15750 19071 15557 1139 15891 17662 15854 9363 3012 10203 10850 9623 19765 6130 12389 20877 5613 17768 12223 10965 25622 15353 0 19692 15820 7590 19402 13937 20963 20453 12293 16379 1714 16578 14964 6569 18538 13607 11091 19366 15098 10400 22758 16697 14290 13200 7699 25203 14628 12254 18076 10056 15245 21400 15069 11445 9056 2701 8814 9988 15215 9124 23545 8805
5176 9195 3883 15792 12901 15601 2639 12014 8000 14161 8862 2920 7056 12480 10706 6069 8951 8288 4954 11600 7565 11646 1333 5563 5025 8039 1886 7290 4905 12610 14210 894 7154 15293 1280 9520 3979 18653 13521 8095 8425 8973 16387 16799 8063 4087 3436 4584 7729 10519 8845 5424 9204 10370 9073 5437 15372 8147 12156 10011 13933 13515 13258 16959 10132 15600 1352 5699 10618 10766 4752 4467 6761 8347 13696 3907 6024 3530 5114 8816 14333 13894 5880 15470 5206 17325 6232 10054 7568 3676 12285 12786 16642 14414 13079 10239 16351 10032 14870 10833 9295 10155 14497 8888 3437 7860 7105 15018 10361 11767 4952 12363 5534 14198 14496 11384 9924 3909 15432 3399 8578 14885 8943 4641 8491 5406 8907 2587 17794 16052 13546 7939 5018 5182 4112 9089 3090 3457 5638 12326 14903 13482 9156 5593 14272 4391 9242 5363 9648 16773 6916 9212 2834 6233 15425 7948 6821 15358 11789 11902 5612 5899 11296 8432 8122 15583 1054 12165 14926 10469 16078 12656 5517 14394 4281 12983 18217 15716 11868 12853 5806 18858 6549 14323 10492 10111 7065 14000 13075 15737 8327 7635 12780 14906 11786 10737 7862 2786 9217 2142 9549 11526 5133 12792 12371 10183 11586 16395 7346 14301 893 14985 5869 4123 3172 2766 9322 7152 5164 12787 8551 2105 13131 12876 11539 16934 14579 14099 2854 7783 15061 6555 10277 11248 9980 15270 19059 13043 5331 11290 2141 3495 6933 13690 1219 15610 13954 6541 17827 11707 9991 1964 4575 7262 14033 8732 3265 2776 15664 8547 10856 14672 4363 15897 11430 17106 3552 11947 6827 9069 1275 10679 2743 3091 2737 5189 12989 16629 13269 12702 9397 13108 5990 14135 18131 9550 13113 3877 5682 4677 12841 12388 14287 5409 15908 14782 9697 14489 12352 12600 6234 14195 3636 16812 3951 3367 10429 17956 15515 12760 6841 8586 6669 13947 14177 10973 2567 2752 14592 4465 9415 4796 6211 12315 1022 6952 3635 12837 11399 5443 8359 2879 4308 11446 13369 7330 5825 4565 9027 5286 19917 3843 2032 10519 10340 17973 14342 15500 12396 8889 14212 7536 1280 14617 13001 9317 12863 5930 4669 19692 0 13311 12242 10968 6898 3351 6765 7703 4044 19649 8789 4904 14870 3437 6109 8659 3684 6072 9312 3715 12100 10798 10592 12546 5566 11012 7899 11681 10698 10593 4371 4700 12968 13395 17295 13870 9779 8277 11304 3855 15760
18310 5328 13096 16129 21012 19279 15922 10589 5338 18945 19333 12612 6438 1665 16268 19122 17159 9432 10144 1819 10967 16888 14442 16330 16177 14113 11635 12734 11896 3804 19062 13343 10217 22948 14443 5377 10652 16263 18429 18765 9841 18055 14074 16464 6980 10571 13464 15516 5741 12400 5068 18355 20238 13529 19326 7919 10680 14833 1465 3344 14867 560 268 12772 19813 17919 12134 11140 2701 16074 16973 10723 6557 13825 14992 10901 9798 16371 17108 17295 16921 4516 7431 12123 12483 12865 17613 3510 14982 14954 20466 22892 11961 19347 3689 5169 17340 3464 2410 2549 4114 9352 4336 18208 10418 18217 6962 15741 4256 2421 10451 9205 9772 2956 12878 3245 13779 15934 14554 12578 16259 16366 7605 15803 14084 8840 10336 11019 16986 18771 10363 13548 17603 18469 16599 19377 13092 14641 16474 3312 16553 619 5241 17889 20708 17120 15076 9480 3765 14999 14812 4121 15841 7152 10231 19684 11281 24176 3312 8509 17397 11036 15095 17249 7616 24795 12579 17455 14276 3172 15815 1962 18661 23663 14016 20388 13379 19259 14488 15539 7761 15619 19316 20130 2855 7359 17420 19220 22720 13080 16956 15261 6860 13889 7295 3485 19880 12411 4221 13328 12135 4869 17479 3752 22403 3462 15813 9973 13561 12260 13102 18236 16424 13563 12415 12833 5260 17799 8756 7461 16719 13793 20072 2846 8209 15202 8510 22918 10496 9618 23323 15894 19412 4171 8389 20133 16698 15890 18586 19254 13233 12989 8675 23303 14504 24403 5084 18395 13671 7169 11537 11655 13598 16638 20964 12516 12250 12350 10473 5671 17787 10362 11495 10682 3224 11052 13819 8000 6499 4623 12591 4768 15919 11926 10646 18439 591 12110 270 21629 4840 803 7391 23666 13519 13828 16854 9883 18192 11288 13942 22411 9524 17226 13971 17977 11171 2590 21963 1593 12689 5981 16930 16237 11805 14238 20754 14647 14006 7770 16813 5476 15424 13441 2436 12830 15223 10638 2827 15830 4372 16273 7608 1259 14026 6916 10767 13600 13852 18669 13054 11544 9388 2240 13388 17049 17283 9441 5683 14025 16733 11911 12129 19167 11224 16299 5640 19787 6701 20250 10276 9195 14433 14264 2042 6336 4978 17594 12681 15820 13311 0 12511 21598 13949 16515 18989 12343 9668 16937 18265 10043 9323 9984 11246 11409 16038 7791 10293 13791 20916 18299 17266 13634 16645 2624 12740 2978 14094 2789 17490 11870 4446 16484 13257 16779 9946 16796 8490 15821 18578
14387 13420 8693 4072 10265 6817 14106 1989 10137 6800 11185 9398 11552 13260 5389 14694 7960 4633 7642 11134 4703 5494 13461 10117 10469 5440 10710 5271 7360 8884 6927 11490 5298 11549 12364 7695 13498 6412 6419 11068 4275 9155 4212 4851 13950 8433 9302 16762 11521 1818 8778 13899 12344 2704 10961 9947 4842 5993 12659 11474 2428 13057 12262 5390 10709 5417 12232 6555 11420 5107 11998 14060 10228 4911 2493 13685 14668 15514 17306 8259 4425 8967 10466 3929 7203 5799 11269 12111 6680 10343 9910 13297 5467 7202 9192 7549 5099 10120 14918 10835 11534 3420 9638 9451 12533 10459 8164 3462 13601 10138 14265 3562 7191 15291 2395 9317 3349 11351 3221 14611 7164 3911 5646 10380 4984 8136 3610 12215 5754 6262 3208 5103 12831 15176 12190 11024 14675 10226 17851 9257 4079 12108 13267 12550 9012 12809 5238 13708 10211 4531 7124 10464 12667 11134 5266 12829 5421 13314 9199 4104 11643 6364 3550 8544 6261 14119 11222 5888 2724 12342 4095 13678 14651 13212 16060 9315 6665 6780 2451 3202 9164 6685 14173 8228 11579 5312 10088 7208 12758 3760 8257 6901 6087 2665 5293 9298 13329 13985 11621 14037 2755 7646 12409 9002 12854 9856 4202 6628 5688 2467 11387 5762 9930 15734 9116 9608 7991 10556 12498 5508 7753 10726 8784 14556 4331 4693 5878 12270 11425 4973 12229 8606 9968 14400 4362 7876 6818 3544 15049 8905 10338 9001 14493 13193 12690 13492 8495 12228 6041 5401 2262 10554 8339 8842 9485 3727 14271 9482 5348 12995 7218 4322 7883 5458 13701 6682 9429 4630 10132 9276 10973 7839 13078 9152 11603 16175 11920 5356 12265 11337 8496 13044 11122 13420 6488 3751 4658 9323 13035 7580 1433 12851 4671 17620 3704 5507 2608 11257 12147 10922 6287 7867 14181 4777 14517 9933 11943 5862 3281 5192 9475 8443 7974 1710 14852 1558 11891 11625 15288 10599 9227 10847 8599 12629 13245 12381 8877 1094 2079 14967 4372 9437 12153 10536 1196 9314 11209 8717 13625 7977 7697 8403 10231 9399 2023 5759 8305 7407 6067 12726 3920 5462 13382 2462 13992 6724 7907 18147 7783 7590 12242 12511 0 12840 6399 13373 13069 4704 9324 7408 9625 7757 5437 11584 6136 3584 11785 8535 3289 15517 10720 7951 6735 1146 17799 10338 4668 13715 2929 10722 13823 7558 8448 4121 5566 4339 3158 8098 4025 16093 6067
7505 19127 8788 13771 4342 10483 10085 14214 16680 8765 2298 9615 16683 21411 7565 6878 4955 12633 11545 19790 10976 7849 11004 5649 6057 8021 11446 9158 9737 19192 8704 10250 11552 6063 9829 16371 14868 17565 8449 2982 12337 3800 16297 14824 18439 11324 8633 14066 17191 11389 16534 6763 1788 10192 2272 14456 17662 7282 20914 18862 12580 21996 21440 18058 2131 11840 12191 10459 19263 7849 6316 15401 15749 8486 12183 14834 16910 11413 13148 4696 11117 19986 15162 16702 9125 18462 4737 19197 6865 7495 4100 1907 18266 8684 19655 16814 13425 18177 23733 19115 18374 13715 20719 3556 14133 3433 14682 13118 20068 19371 15876 15579 11850 23455 14957 18661 9582 7059 14687 14270 5850 12368 14417 6473 8288 12916 12143 13276 15748 11644 15878 8575 6397 8438 7014 2222 13837 7793 14629 19234 12215 21503 19037 5666 6919 7020 7678 16133 17952 16040 6867 17769 8490 15820 18046 3333 10461 5001 18859 15674 5378 10570 9447 4556 14125 4912 10853 7804 14299 19600 14427 21718 7424 3859 14654 5299 19257 10672 10642 10675 14235 18380 5835 7668 19254 15197 4278 8227 2507 16278 4868 6577 17547 14604 16416 18213 3743 13715 18358 12848 10911 17764 6073 19372 1616 18140 8983 19392 8324 15233 10426 10670 5438 14683 9693 9485 16409 3996 15577 17165 5271 9133 5930 22248 15588 16085 18275 4061 13105 12282 5284 5707 2904 21031 14350 9096 17781 10545 8104 4386 9488 9023 17668 3015 10095 5226 19730 4561 18506 16437 11766 11317 8134 4964 6237 10034 14197 9939 18155 18465 5857 17091 10237 18283 20879 19521 8296 16068 15747 17001 10644 17308 8855 10227 13106 9955 21096 18137 21449 3167 16781 21727 15617 3446 19032 9248 9634 12352 5837 10388 12185 1639 17265 13485 15773 10654 11887 21651 2092 20329 8956 19459 8974 15040 14908 8086 910 17912 15251 16938 4823 16122 6183 13856 23253 11373 8444 13131 23716 6588 17231 6203 14182 21006 11222 16976 11291 12490 10797 7876 9292 10760 14724 19373 13255 4550 5144 12521 19077 7607 18989 9950 10609 3550 12297 16582 19813 9808 17310 2261 16647 12586 10925 13934 22090 15558 18755 13881 8990 19402 10968 21598 12840 0 7782 8470 4730 9702 12558 18434 3441 11667 18046 13711 10378 11046 7328 13998 12408 14174 3151 5112 6240 12152 14373 18975 9388 21062 9911 18891 7801 9791 19147 10368 18121 10664 12987 5041 15201 12812 11416
8009 12251 3021 9243 7353 8717 8136 7106 9368 7352 5635 4063 9829 13935 3855 8295 3247 4860 4366 12167 3205 4797 7866 3739 4070 1171 6022 1428 2683 11410 7413 6018 3781 9578 6581 8638 9612 12540 6705 5246 4588 4110 10556 10315 11984 4563 3485 11432 10189 4598 8936 7502 6703 3906 5546 7589 10760 1319 13400 11465 7455 14380 13774 11739 5880 8739 7439 2955 11778 3886 5603 10222 8666 1597 7151 9703 11387 9657 11570 3354 7489 12223 8313 10236 2046 12144 4964 11895 1070 4098 6755 8949 11696 7640 11873 9047 9627 10603 16175 11536 11093 6118 12954 4283 8649 4629 7201 8457 12991 11656 10595 8208 4462 16033 8793 10921 3321 5015 9272 10004 2408 8173 6636 3993 1662 5702 4490 7986 11336 9159 8848 1305 6434 8835 5833 5603 9856 4055 12428 11460 8160 13808 12133 6160 7918 6439 2350 10438 10430 10699 929 10334 6501 9050 11030 6748 2692 10407 11098 8152 5264 2997 4475 3305 6379 10944 6079 5349 8776 12271 9650 14277 8263 9778 11146 7005 13027 8827 5241 6088 7127 12989 7796 7754 11807 7437 4016 7263 8777 10159 3008 1328 9895 8886 8749 10508 7176 9337 11105 8994 3768 9982 6010 11590 8460 10524 4699 12297 718 8824 6011 8087 3584 10935 3888 4161 8705 4482 9491 9574 2791 4944 6924 14909 7996 10825 10902 9113 7417 4500 9709 2381 5466 13949 6640 8517 12896 6235 8688 5549 4761 3415 11741 9368 6939 10648 11990 5931 12435 8754 4561 5846 2345 2906 7877 2747 9748 4309 11197 11630 4464 10103 3412 11374 13628 12658 3458 8484 8633 9434 5794 9538 6950 4240 7522 9939 13424 11616 13782 7760 9109 14150 8901 9743 12865 2895 6218 5778 6643 3362 6503 8468 10075 11911 10028 7887 4524 13874 8016 12613 1313 11777 7975 10386 10244 3859 6898 12230 9554 9381 3354 8514 1752 7942 15771 4869 5778 7549 16239 4220 9624 4450 6898 13470 7772 10357 4781 6620 4920 8593 2034 4769 8788 11710 7303 3383 4854 5617 12289 1732 13915 3533 5232 5268 5084 11724 12110 8667 9627 6913 9626 4818 7776 8423 14647 7791 10993 12435 2380 13937 6898 13949 6399 7782 0 7149 6760 2040 5926 13532 4362 4517 10827 7867 2739 3491 5472 6727 4814 10577 7048 4716 4055 6280 12309 11331 1850 13772 4063 11325 7486 2852 11372 6537 11950 7011 5419 2847 7622 10517 8866
1828 12545 4788 16386 11284 15244 1616 13620 11177 13613 6700 4483 10372 15767 10440 2720 7949 10224 7219 14763 9055 11317 2750 4131 3540 8293 4880 8104 6321 15457 13632 3171 8946 13621 2102 12319 7193 19659 13015 5956 10228 7529 17583 17462 11398 6451 4169 5614 11033 11558 11828 2129 6689 11040 6994 8596 17200 8093 15417 13259 14604 16751 16443 18521 8181 15657 4691 7333 13842 10584 2313 7602 9964 8746 14299 7075 9189 3051 4956 7713 14466 16662 9116 17003 6260 18913 4053 13345 7372 3055 10712 10370 18338 13785 15938 12999 16705 13153 18166 13998 12567 12028 17311 7340 6765 5958 9969 15600 13706 14818 8091 14298 7794 17527 15751 14355 10469 2234 16385 6086 7927 15271 11311 3374 8795 8100 10539 5930 18484 15940 15294 8427 2076 2044 1659 6990 5574 3147 6275 15240 15239 16644 12505 2804 13136 1453 9222 8628 12792 17800 6729 12395 760 9531 17347 5187 8250 13260 14725 13971 3289 7545 11543 7254 10587 13328 3937 11728 15884 13763 16799 15959 2173 12193 6220 11634 19810 15389 12386 13175 8829 20047 3293 13404 13734 12448 5372 13324 10824 17084 7274 7310 15174 15960 14093 13734 4941 5647 12497 4634 10624 14253 2416 15644 10016 13269 11629 18458 7800 15684 3413 14831 4464 6296 4774 4225 12173 5242 8511 15075 7671 3010 11941 16208 13665 17935 16760 12092 6178 9707 13187 5691 8565 14597 12091 14567 20025 13284 2092 9944 3570 4573 10189 11406 2144 13505 16649 3919 19305 14038 11266 4867 5035 6115 12742 9651 6108 4602 17561 11896 10016 16504 6128 17774 14762 19037 3976 14119 10018 12116 3929 13472 609 5068 6075 2804 16158 18292 16455 10777 12326 16360 9290 11851 19682 10044 13057 6734 2684 6464 13635 10037 16258 5312 17067 14671 11074 17505 10177 15694 7094 16772 828 17535 6856 3451 8128 19234 16615 14992 5468 11519 6108 15001 17490 11913 1551 6092 17911 3117 12448 3131 9129 15569 3084 10300 6090 13727 12064 2157 9065 5228 7658 14556 14374 5956 3716 7317 12378 5445 21013 5531 4478 8994 11716 18863 16974 14961 14812 6235 16026 9622 2694 15539 16309 11938 15551 5787 5692 20963 3351 16515 13373 8470 7149 0 3834 8674 6938 20654 7179 7232 16922 6776 7632 9958 1750 8966 10947 5774 10286 9730 9909 13395 6050 14119 8714 15009 11212 13756 1021 6174 15730 13506 18793 13968 11503 7295 13370 4379 15649
2799 15658 5976 15272 8142 13151 5428 13862 13737 11410 3391 6380 13313 18491 8828 2327 5858 11160 8947 17178 9640 9534 6515 3063 2947 7629 7738 8113 7413 17271 11397 6223 9884 10335 5514 14193 10743 18878 10896 2819 11011 4973 17109 16375 14709 8425 5539 9367 13914 11309 14010 2043 3006 10424 3742 11251 17518 7114 18067 15919 13679 19304 18875 18451 4932 13986 8091 8391 16427 9050 2087 11216 12629 8159 13318 10663 12785 6694 8420 5546 12945 18311 11887 16962 7009 18859 1802 16126 6400 4034 7645 6636 18443 11486 17755 14780 15308 15531 20886 16440 15311 12715 19014 4688 10154 3163 12083 14515 16733 17008 11704 14898 9421 20404 15438 16415 9781 3107 15683 9853 6272 13984 12668 3256 8090 10169 11088 9285 17384 14072 15604 8003 1788 3771 2657 3714 9368 4348 9902 17173 13897 19015 15594 1181 10358 2439 8068 12118 15226 17118 5955 14924 4015 12440 17780 1397 8906 9665 16712 14760 1639 8570 10390 5094 12126 9638 6945 9787 15214 16544 15808 18739 2769 8552 10054 8730 19732 13321 11459 11958 11254 19468 1353 10830 16364 13681 3113 11004 7179 16813 5269 6200 16328 15397 15186 15862 1115 9361 15265 8402 10522 15926 1639 17459 6324 15575 10235 19031 7475 15526 6442 12976 3177 10126 6575 6166 14133 2700 11786 16091 5790 5357 9178 19120 14548 17216 17557 8585 9313 10692 9751 4463 5536 17670 13065 12151 19186 11967 3450 7173 5863 6023 13687 7728 5712 9900 18182 843 19102 15165 11320 7653 5669 4337 9835 9503 9836 6653 17952 14993 7801 16858 7611 18131 17691 19416 5190 15033 12656 14397 6807 15279 4300 7065 9263 5297 18558 18357 18886 7380 14400 18963 12211 8167 19557 9356 11426 9161 1150 7879 12921 6346 16801 8759 16573 12871 11268 19558 6603 17942 7395 18122 4260 16514 10574 4751 4543 18791 16073 15936 3641 13639 5096 14495 20291 11513 4215 9285 20736 3183 14688 2751 11382 18193 6795 13419 8224 13116 11334 3232 8771 7479 10913 16867 13850 3923 1931 9549 15544 5562 20295 7123 7031 6125 11842 17977 18401 12692 16015 2468 16381 10803 6446 14846 19104 13582 17114 9163 6605 20453 6765 18989 13069 4730 6760 3834 0 8746 9379 19840 4482 9024 17541 9937 8511 10198 3143 11199 11454 9606 7013 7290 7885 12762 9643 16438 8606 17912 10397 16202 3080 7366 17399 12026 18635 12441 12059 5375 14195 8105 13798
9757 11292 4006 8090 8677 8571 9418 5133 8181 7530 7623 4796 8978 12501 4217 10136 4905 2983 3784 10609 1377 5045 8858 5692 5947 1778 6384 633 2817 9558 7619 6899 2185 10707 7702 6969 9653 11060 6904 7271 2648 5938 8917 9097 11289 4346 4606 12281 9217 2899 7467 9319 8714 2697 7507 6869 8792 2518 11939 10142 6230 12806 12149 9901 7710 8142 7908 2319 10369 4106 7423 10255 7705 1502 6000 9793 11195 10854 12686 5092 6860 10290 7551 8386 2532 10300 6963 10641 2837 5661 8124 10725 9794 7884 10007 7289 8701 9125 14645 10036 9878 4083 11023 6154 8662 6651 5942 7319 11879 9983 10558 6174 3602 14619 7078 9211 2362 6699 7798 10421 3982 7241 4824 5798 1766 4863 2464 8154 10095 8726 6871 1207 8260 10509 7548 7567 10387 5529 13341 9658 7282 12146 11160 8066 8690 8177 2805 10218 9011 9184 2952 9004 7964 8298 9037 8785 1328 11833 9339 6113 7202 2207 3905 5153 4732 12456 6733 5648 7292 10988 8379 12867 10037 11334 11748 8116 11193 8642 4224 5294 6247 11387 9719 8310 10431 5505 6055 7601 10456 8414 4842 3124 7881 7325 6739 8863 9206 9764 9912 9642 1951 8122 7869 9732 10239 8998 4414 10286 1391 7025 6823 7754 5572 11471 4533 4983 7090 6521 9128 7544 4501 6050 7880 13573 5964 9331 8864 10575 7450 2727 11006 4420 7191 12812 4651 8764 11446 5538 10398 6911 5698 4332 11338 11020 8039 12062 10028 7928 10652 6751 2633 6213 3639 4924 8813 1030 10115 4929 9214 10717 5492 8123 3469 9400 12379 10684 4725 6452 7647 7989 6465 7764 8374 4669 7597 11474 11794 9728 12157 9301 7538 12620 8195 11364 11050 2091 5902 5482 8538 3234 5143 10244 8058 13009 8407 7517 2529 12051 9718 10929 1583 9777 9479 9115 10491 5230 8802 10561 7968 7346 5394 7044 3791 6361 14311 3301 7186 7622 14779 5997 8127 6292 5872 11986 8678 9634 4717 5162 3709 10329 871 5062 8559 10109 5749 5407 6822 5082 11386 3338 12382 3890 5764 6869 3129 10323 10121 8724 7625 8944 7643 3161 8775 6965 13231 6049 9059 13537 3105 12293 7703 12343 4704 9702 2040 8674 8746 0 5565 12059 6261 3936 8803 7770 1894 1457 7116 5727 2776 11187 8590 5962 4986 4857 13264 9758 413 12491 3105 9842 9157 3027 9465 5985 10148 6447 3380 4671 5588 11517 8444
8691 6580 3771 13246 13174 14132 6646 8629 4364 13015 10263 3029 4129 9112 9566 9474 8977 4833 1789 7880 4770 10469 5356 6971 6701 6741 2166 5467 3246 8589 13095 3809 4040 15464 4955 5480 4190 15599 12375 9590 5104 9513 13217 14139 6094 1366 3971 7887 4640 7848 4891 8694 10994 8149 10344 1909 11697 7206 8691 6540 11404 9952 9575 13459 11108 13655 3332 3260 7058 9517 7330 4770 3261 6796 11255 4366 5630 7534 8902 8985 12378 9856 2605 12028 3901 13798 8154 6762 6947 5371 12558 14124 13043 13347 9063 6196 14037 6248 11507 7124 5942 6617 10469 9566 3213 9130 3074 12523 7515 7881 5029 8680 2140 11049 11337 7425 7912 6290 12531 5369 8260 12611 5045 6300 7028 1430 5728 2942 15072 14274 9978 6369 7938 8953 6933 10383 5534 5051 9004 8333 12685 9751 6485 8251 13833 7454 8032 4653 5908 13751 6479 5564 6228 3275 11683 10199 4290 16095 7806 8130 7834 3358 9469 8764 4186 16527 3099 11061 12043 7179 13387 9365 9041 15328 6907 12912 14669 14206 9664 10790 1910 15633 9649 13613 6987 6201 8281 13020 14164 12449 8535 7151 8804 11927 7863 6798 10328 4790 5903 5114 6949 7482 7830 8773 13652 6344 9970 12552 5976 11030 3578 13317 7139 6535 2891 3222 5295 8579 3598 8860 8510 4125 12849 9786 7734 13931 10688 14789 2126 4399 15512 7020 10943 8476 6239 14232 16031 11058 9030 11385 3566 3545 5841 14784 5099 16343 9909 8847 14377 7773 7104 2122 4471 7831 13803 6448 5011 2735 11936 5924 10389 11008 2538 12178 8379 13335 4325 8103 3281 5183 3034 6641 6365 2363 2316 9189 9274 13054 9586 13386 5405 9597 3086 15199 14616 7656 11467 218 8535 2566 10246 13665 10531 9148 12789 13078 6724 10569 13393 8765 4704 10160 7455 14089 5199 4668 11809 14672 12466 8865 7772 4594 6753 11011 10918 8370 5571 2334 11367 6285 5511 6728 2200 8821 4986 4507 1271 10138 9071 9090 6417 1901 2994 7637 10515 8133 7790 630 6554 5116 16751 2642 2476 10926 7305 15047 10300 14253 8414 10894 10573 3993 5314 11785 9732 5289 8818 9639 3757 16379 4044 9668 9324 12558 5926 6938 9379 5565 0 16572 9554 1644 11052 2271 3673 5913 6373 2047 6087 6405 12695 10614 9971 9912 9028 7201 5917 8583 8624 6883 7876 3091 8928 11532 13838 11987 6416 8414 7550 7559 13995
21512 19528 16064 4671 14706 8628 21476 8007 16437 10003 17340 16802 18113 18189 11133 21708 14148 11746 14970 16150 12097 10638 20868 17094 17528 12434 18091 12583 14766 13192 10102 18897 12624 14860 19754 13577 20676 999 10129 17443 11470 15263 3369 3611 20412 15790 16663 24158 17910 9167 14846 20955 18464 9626 17043 16896 6264 12802 17629 17151 6164 17488 16669 4174 16418 6821 19604 13957 16866 10879 19080 21207 16866 11946 6522 20881 21623 22907 24712 14472 7326 12478 17299 4992 14583 4137 18090 17822 13542 17601 14630 18253 5005 10238 13250 13118 5133 15721 19124 16150 17460 10067 12854 15581 19742 16892 14863 5373 19369 14986 21359 8520 14478 19892 5235 14301 10222 18547 4270 21922 13587 6067 12142 17504 11935 15279 10872 19503 2748 7343 7093 12237 19894 22363 19360 17103 22022 17516 25251 13752 6219 16377 19371 19513 12442 19957 11781 20700 15960 2879 14103 16375 19973 17879 6708 19322 12828 17042 13976 9270 18583 13763 9452 14870 12949 17939 18627 10631 4773 17929 4056 18605 21747 17416 23408 13600 3896 8452 8399 7926 16093 1343 21061 11491 17087 11312 16736 10586 17495 4246 14642 13699 10235 4746 10260 14583 19879 21313 17577 21418 10133 12544 19442 13213 17911 15389 9676 7212 12860 5587 18795 8019 16855 23066 16522 17008 13929 17174 19466 9696 14109 18107 12927 19556 9702 2728 8428 16422 18696 12173 15849 15476 15590 19981 10725 10291 658 7976 22205 14058 17735 16385 21259 17731 20086 17128 11899 19004 3341 10404 9660 17938 15652 15504 13154 11044 21572 16890 6473 19246 12625 6660 15288 6275 19111 6236 16766 9619 16756 15240 18379 13174 20400 16559 18882 23455 16400 4842 16667 16022 14368 17661 17919 17796 3663 10654 8801 16597 20003 14982 7029 17900 7483 25027 3783 7955 9973 14809 17106 15446 13631 11004 21474 3399 21761 17251 17633 2291 4138 9438 16205 14627 14889 5709 19361 8764 19212 18901 19714 17740 15063 17931 15490 17526 20654 18994 16240 6928 8620 22100 11591 16833 19245 15565 6309 15926 18109 15948 19802 15211 664 15811 17636 14908 9342 1873 11394 9486 10500 18967 6865 12592 20788 5115 18833 12822 11998 25554 15161 1714 19649 16937 7408 18434 13532 20654 19840 12059 16572 0 15785 15074 7614 18789 13542 10991 19003 15468 10495 22874 15611 13347 12324 7259 25204 15545 11963 19035 9520 16128 21017 14965 12507 8077 3693 7771 10163 14514 9663 23501 7462
6976 16121 5834 11133 4156 8678 8699 10869 13484 6932 1577 6808 13666 18161 4653 6747 1680 9199 8343 16468 7542 5213 9195 3254 3838 4593 8806 5721 6519 15767 6917 7952 8142 6539 7871 12987 12422 14859 6430 1722 8898 525 13340 12227 15595 8244 5843 12642 14121 8069 13218 6234 2734 6931 1336 11408 14391 3862 17646 15640 9709 18679 18097 14952 1569 9608 9832 7141 16004 4914 4880 12999 12636 5071 9324 12434 14408 10220 12135 1369 8649 16547 12130 13540 5874 15360 3191 16017 3424 5112 3559 4645 15090 7005 16226 13408 11022 14876 20448 15813 15199 10283 17279 211 11580 1331 11408 10412 16985 16000 13446 12189 8587 20234 11854 15275 6297 5158 11795 12187 2480 9781 10994 4180 4887 9725 8704 10765 13210 9635 12563 5140 5398 7980 5522 1399 11850 5344 13412 15821 9667 18145 16020 4724 6004 5836 4390 13549 14673 13202 3462 14528 6897 12826 14748 3611 7052 6648 15458 12257 3947 7233 6434 1126 10733 6999 8405 5386 11365 16410 11729 18485 7061 5795 12890 4458 16189 8850 7603 7865 11097 15566 5832 6388 16012 11758 1816 6522 4610 13209 1437 3136 14113 11620 12979 14847 4196 11567 15195 10867 7525 14336 4929 15945 4160 14819 6115 16081 4884 12068 8076 8552 2931 12822 6815 6737 13042 1968 12834 13740 1888 6734 4807 19061 12160 13273 14893 5358 10444 8858 6274 2535 1490 17951 10910 7680 15127 7811 7701 2787 6939 6141 15021 5230 8201 6900 16289 3772 15479 12999 8381 8654 5089 1723 5570 6618 12040 7134 14873 15471 3354 13795 7100 15015 17727 16272 5554 12642 12622 13700 8154 13900 7351 7331 10482 9447 17750 14974 18106 3945 13431 18430 12640 5646 15981 5931 7116 9362 5135 7201 9142 4169 13921 12490 12805 8465 8479 18235 3840 16958 5579 16022 7900 12400 12692 5515 2544 14998 12287 13517 1953 12800 2871 10799 20003 8109 6548 10509 20469 4390 13912 4170 10980 17727 9304 14052 8288 9408 7650 7512 5868 7895 12019 16030 10173 1484 3477 9427 16107 4449 16290 6912 7935 1816 8916 13912 16374 8211 13872 3188 13340 9179 9106 10994 18856 12152 15315 12961 5838 16578 8789 18265 9625 3441 4362 7179 4482 6261 9554 15785 0 8476 14699 11013 7019 7612 5581 10798 8974 12355 3316 2809 3517 9058 13204 15641 5949 17894 6725 15594 6897 6605 15710 7775 15059 8154 9558 1609 11774 11471 9367
8841 7742 3064 11633 11859 12507 7301 7219 5018 11426 9375 2797 5313 9749 8008 9523 7696 3428 156 8224 3139 8894 6231 6287 6150 5214 3112 3882 1958 8328 11509 4388 2460 14095 5498 5204 5816 14092 10790 8764 3628 8365 11739 12544 7493 823 3493 9168 5693 6229 5004 8701 10224 6505 9407 3075 10479 5741 9262 7195 9783 10401 9911 12128 10045 12010 4567 1666 7608 7943 7093 6403 4181 5220 9626 5981 7265 8422 9985 7745 10734 9471 3797 10661 2614 12483 7576 7546 5575 5018 11254 13111 11772 11766 8813 5837 12404 6583 12089 7513 6726 5283 10141 8459 4830 8244 3084 10902 8531 7988 6672 7464 632 11789 9849 7394 6274 6077 10976 6857 6912 10973 4111 5790 5462 1251 4202 4458 13489 12632 8679 4802 7810 9275 6840 9452 6949 4722 10280 8181 11044 10025 7628 7980 12350 7430 6488 6287 6321 12229 5190 6107 6478 4537 10522 9646 2647 14867 7703 6999 7403 1735 7834 7582 3356 15354 3854 9491 10481 7943 11795 10052 9182 14167 8336 11518 13368 12577 8020 9145 2636 14182 9518 12083 7590 5269 7422 11453 13068 11013 7326 5807 7981 10388 6938 6839 9863 6240 6719 6393 5317 7057 7606 8516 12629 6592 8348 11497 4463 9581 4202 11681 6386 7993 2535 3051 5119 7780 5194 7935 7229 4228 11409 10594 6640 12405 9698 13564 3677 2945 14213 5985 9786 9494 5077 12650 14518 9414 9292 10057 3662 3006 7414 13680 5731 15111 9429 8383 13021 6870 5514 2986 3565 6774 12362 4805 6515 2633 10763 7116 8947 9780 1453 10997 9251 12202 3836 7057 4159 5421 3677 6326 6723 2166 3851 9763 9582 11767 9921 12182 5377 10102 4396 14080 13296 6027 9837 1595 8336 1280 8629 12640 9383 10262 11293 11441 5149 10545 12297 8927 3230 9540 7877 12503 6772 4308 10863 13241 10948 7889 6845 4623 5610 9457 11588 6746 5724 3873 12051 5841 5692 6278 2516 9363 5919 5853 1269 8535 7430 9312 4795 2081 4633 7873 8941 7137 7255 1153 7774 4063 15281 1901 2936 9693 5752 13505 9744 12646 7610 10212 9326 2641 6170 10212 10424 4720 8334 10773 2677 14964 4904 10043 7757 11667 4517 7232 9024 3936 1644 15074 8476 0 9969 3901 2053 4288 6281 2332 4584 7806 11478 9233 8503 8299 10269 7451 4298 9420 6981 7281 8062 1878 8541 9891 12484 10344 4977 7188 6400 8679 12354
18286 12315 12169 7612 15699 11706 17227 3833 9514 12057 16201 12484 11322 10600 10777 18780 13095 6702 9929 8606 7974 10930 16199 14480 14686 10179 13037 9434 10612 5595 12185 14337 7977 16948 15412 6592 14672 6961 11752 15959 6703 14273 4929 7618 13425 10790 12778 18932 10971 6660 7865 17946 17341 7890 16022 10691 1372 10866 10052 9795 7018 9875 9055 3455 15930 9946 14376 9591 9427 10500 16088 15107 10242 9666 7310 14912 15149 18391 19916 13368 9340 4887 10887 2965 10774 3583 15765 10458 11437 14142 15331 18652 2667 12447 5636 5977 8868 8393 11530 8689 10218 4908 5331 14547 13866 15336 8507 7500 11985 7434 15139 2654 9342 12278 4316 6805 8475 15245 5852 16267 12223 8345 6011 14486 9826 9623 6485 13889 7928 10819 2230 9690 16914 18909 16097 16085 16521 13935 20048 6168 8570 8765 12161 16804 14385 16731 10369 14326 8694 5891 11707 9177 16166 11311 915 17567 8761 18749 6438 2974 15971 9380 8977 13579 6881 19556 13822 11319 5758 10510 7105 11013 18595 18644 17857 14752 4224 11620 7884 8491 9930 6298 18461 13557 9663 4875 14816 12518 18151 3980 13274 11702 2798 5302 3297 7178 18003 15755 10347 16165 7190 5126 16563 5607 18197 8047 9639 1537 10132 3708 14162 10671 14373 17450 12186 12736 6944 15287 13115 2404 12813 13962 14214 11965 3333 6081 818 17706 13072 7220 17656 13204 15236 12514 4894 13018 7389 8804 18858 14296 13446 12352 14546 18604 15671 18924 4309 16728 4380 3418 6339 12928 12121 13627 14891 8156 15892 12432 1175 12138 12606 1302 10818 1411 11606 2311 13020 2950 10125 8152 13644 5895 16491 11993 13273 19611 8787 2801 9053 16749 7291 10050 11414 18842 4308 8798 9965 11158 17261 10478 6600 18196 782 20176 4962 10444 6310 7263 17516 7841 10179 3428 17653 7339 15883 13561 17138 5324 5159 2275 14162 7761 12566 5306 11749 6727 15372 13285 12105 14657 7905 14999 9331 9940 15880 12209 11236 6209 7492 18827 8918 12035 13132 8039 5610 14114 15612 10442 12623 12031 7425 11416 12895 14711 5801 7096 3845 12430 3143 17643 1556 7367 16139 5905 11230 6126 4404 20677 11303 6569 14870 9323 5437 18046 10827 16922 17541 8803 11052 7614 14699 9969 0 12965 9315 7347 15599 9379 6102 17391 16117 13324 12106 6446 20078 8069 8984 11508 8255 8699 17595 10750 4899 9329 3941 9422 5505 13104 3576 18587 10713
8604 5780 5225 15517 14876 16306 5969 10810 4778 15120 11467 4207 3632 9070 11637 9486 10697 7043 4039 8336 7037 12559 4468 8069 7661 8797 2266 7610 5224 9751 15194 3735 6309 17222 4678 6851 1919 17822 14476 10737 7341 11059 15426 16407 4781 3433 5173 6096 4315 10119 5918 8806 12028 10394 11608 2420 13718 9181 8771 6651 13674 10152 9951 15561 12512 15894 2165 5451 7282 11612 7855 2502 3533 8913 13524 2102 3520 6413 7399 10655 14614 11107 2626 14162 5825 15885 9056 6646 8820 6226 14253 15412 15098 15437 10193 7591 16304 6846 11451 7573 5910 8769 11639 11060 953 10367 4528 14794 6930 8648 2789 10727 4409 10761 13556 8384 10129 6874 14784 3303 10076 14874 6987 7244 9130 3514 7980 1066 17335 16495 12074 8481 8277 8608 7303 11638 3603 5921 7191 9383 14945 10202 5734 8758 15768 7689 10095 2583 6437 15985 8276 5951 6203 2839 13656 10980 6527 17652 8828 10123 8572 5572 11672 10370 6111 18005 2993 13140 14298 7058 15654 9233 8948 16801 4900 14727 16742 16387 11915 13031 3078 17820 9896 15620 7137 8092 9517 15089 15561 14632 10180 8988 10525 14173 9696 7717 10989 2831 5823 3490 9216 8868 8303 9921 14960 7047 12143 14425 8028 13224 3506 15519 8306 4487 4225 4282 6582 9730 1871 10670 10242 4637 14729 9439 9706 16168 12523 16354 624 6635 17173 8517 12469 7827 8290 16322 18258 13292 8765 13125 4228 4886 4008 16185 4656 17904 11262 9569 16496 9589 9372 2395 6014 9319 15676 8686 2928 3882 13917 5125 12293 13043 4483 14165 7994 15271 5477 10029 3621 6024 3138 7962 6167 3742 701 8461 9703 15124 9963 14939 6528 9730 2597 16617 16706 9853 13656 2307 8930 4615 12517 14975 12505 7587 15009 15285 8988 11376 14802 9412 6748 11651 7062 16353 2982 5627 13049 16846 14699 10720 9111 5755 8381 13264 10747 10640 5762 685 11158 7152 6382 7566 3651 8938 4050 3530 3115 12408 11330 8880 8604 3173 1014 8253 12777 9537 8658 2866 5634 6743 18948 4351 3108 12549 9562 17291 11721 16386 10128 11817 12626 6197 4464 14045 9574 6939 10210 8034 5531 18538 3437 9984 11584 13711 7867 6776 9937 7770 2271 18789 11013 3901 12965 0 5879 8182 6794 3589 8329 4460 14274 12435 11913 12182 7269 7828 8101 8245 10856 7339 7793 5035 10213 13754 15957 14213 8626 10081 9566 6053 16214
8975 9615 2856 9817 10051 10460 8114 6028 6646 9374 8145 3323 7237 11198 5975 9501 5985 2679 1900 9452 1471 6850 7348 5506 5568 3228 4615 1846 1316 8912 9459 5380 1382 12217 6322 5996 7770 12546 8740 7640 2612 6816 10283 10780 9493 2467 3470 10632 7541 4449 6209 8664 9125 4533 8110 5060 9570 3827 10665 8728 7954 11665 11079 10972 8568 10019 6146 440 9040 5900 6847 8369 6015 3184 7759 7915 9303 9448 11194 6089 8738 9854 5763 9462 1508 11353 6845 9166 3802 4842 9462 11648 10736 9717 9388 6472 10507 7874 13448 8809 8370 4407 10570 6963 6779 7058 4464 9063 10298 8993 8667 6675 1803 13294 8396 8286 4250 5953 9338 8611 5129 9057 4188 5301 3432 3081 2916 6299 11756 10616 7671 2775 7656 9599 6798 8163 8616 4624 11717 8900 9113 11130 9491 7631 10367 7431 4472 8326 7693 10666 3569 7596 6882 6511 9716 8850 716 13135 8500 6396 6880 318 5799 6011 3768 13682 5086 7449 8834 9539 10044 11538 9289 12517 9992 9624 12251 10533 6062 7161 4502 12757 9272 10063 9068 5171 6313 9411 11506 9659 5724 4066 7830 8801 6695 7836 9175 7963 8387 7926 3488 7515 7342 9097 11160 7805 6298 10846 2512 8228 5263 9647 5498 9692 3029 3554 6031 6736 7246 7628 5529 4746 9469 12173 6129 10829 9208 11844 5575 2189 12407 4710 8194 11250 4593 10601 12954 7416 9543 8248 4290 3063 9467 12101 6629 13374 9692 7761 11802 6667 3882 4451 2871 5416 10418 2822 8294 3368 9928 9014 7018 8873 1747 10142 10902 11405 3705 6603 5971 6701 4838 6971 7236 3018 5728 10372 10731 10701 11087 10498 6412 11425 6390 12479 12142 3984 7794 3589 8061 1449 6823 11168 8634 11501 9801 9411 3596 11319 10742 9951 1445 9611 8388 10770 8638 4246 9520 11868 9406 7500 5671 5789 4196 7843 13035 4932 6086 5752 13502 5438 6900 5821 4209 10737 7117 7843 2860 6780 5505 9513 2745 3314 6666 9012 7276 5848 6605 3206 9680 2992 13809 2284 4096 8007 4243 11881 9894 10593 7509 9228 8396 2309 7272 8534 11908 5224 8640 12027 1996 13607 6109 11246 6136 10378 2739 7632 8511 1894 3673 13542 7019 2053 9315 5879 0 2552 6290 4045 3327 9438 9785 7370 6551 6509 11663 8623 2246 11042 4979 8595 8280 1483 8961 7874 11277 8334 3871 5569 5805 9963 10335
11128 10956 5197 7347 9664 8596 10583 3713 7719 7824 9022 5832 8783 11729 4863 11541 6160 2008 4158 9741 1152 5537 9886 7141 7377 3027 7143 2087 3792 8386 7928 7915 1918 11539 8817 6055 10100 9995 7240 8699 1577 7255 7747 8274 11166 4901 5816 13182 8915 1942 6754 10718 10129 2417 8888 6862 7364 3774 11147 9506 5495 11899 11199 8564 9010 7845 8671 2974 9649 4680 8830 10682 7461 2594 5343 10269 11448 11960 13732 6379 6593 9015 7480 7046 3705 8957 8418 10060 4212 6997 9150 11970 8410 8207 8817 6261 8127 8361 13764 9234 9347 2672 9749 7491 9117 8077 5509 6614 11403 9006 10932 4718 3783 13847 5868 8204 2450 8064 6789 11092 5236 6711 3804 7208 2825 4900 1130 8727 9236 8533 5440 2472 9665 11846 8918 8949 11128 6838 14268 8545 6795 11159 10814 9498 9335 9550 3719 10472 8308 8115 4392 8386 9229 8206 7594 10238 1838 12844 8277 4677 8644 2787 3954 6491 3945 13516 7638 6125 6285 10375 7530 12115 11417 12433 12510 8987 9854 8636 3840 4998 6144 10224 11154 8827 9742 4282 7502 7998 11641 7161 6179 4494 6501 6249 5370 7931 10662 10455 9400 10465 1050 6954 9286 8553 11488 8190 4609 8833 2816 5742 7807 7672 7027 12197 5546 6050 6232 7970 9308 6134 5792 7198 8663 12880 4552 8277 7411 11622 7961 1997 11942 5872 8435 12303 3344 9059 10402 5300 11751 7959 6784 5477 11435 12182 9136 13063 8717 9382 9353 5395 1339 6984 4953 6351 9559 1117 10762 5904 7776 10430 6411 6688 4299 7966 11776 9250 5983 5037 7385 7285 7389 6708 9617 5568 8129 12743 10841 8353 11205 10410 6715 11756 8143 12504 9725 2430 5935 5882 9965 3998 4342 11492 6604 14043 7259 7419 1119 10896 10922 9930 2911 8413 10747 8249 11054 6508 10140 9352 6857 5923 6842 6344 5240 5292 13499 2458 8439 8152 13963 7398 7368 7710 5663 11174 9664 9526 5332 4263 3208 11693 1775 5858 8852 9205 4728 6837 8272 5342 11093 4741 11265 4823 6648 8050 1758 9331 8773 8888 6267 10378 6207 2537 9808 5991 12468 5074 7790 14569 4282 11091 8659 11409 3584 11046 3491 9958 10198 1457 5913 10991 7612 4288 7347 8182 2552 0 8462 5552 1362 11962 9710 6976 5883 4014 14215 8888 1680 11859 2972 9059 10499 3985 8228 5832 8838 6255 1951 6006 4170 12511 8270
2687 12528 3454 14683 9729 13498 3132 12164 10733 11874 5328 3498 10205 15453 8691 3257 6231 8951 6235 14243 7644 9567 3712 2419 1817 6596 4610 6521 5019 14609 11896 3085 7653 12096 2502 11480 7652 18010 11273 4560 8901 5890 15982 15765 11566 5582 2876 7063 10821 9967 11153 2426 5550 9377 5583 8200 15787 6362 15052 12893 12918 16325 15940 17012 6724 13911 4980 6050 13428 8836 1074 8151 9586 7065 12605 7590 9701 4680 6624 6007 12725 15741 8810 15494 4830 17409 2635 13065 5636 1467 9139 9182 16872 12053 15094 12118 14976 12603 17855 13492 12258 10691 16418 5726 7024 4446 9238 13898 13618 14165 8635 12952 6772 17327 14175 13628 8792 485 14739 6942 6181 13548 10220 1624 7099 7319 9141 6155 16787 14190 13868 6766 1565 3394 564 5589 6515 1667 7838 14450 13511 16104 12467 1964 11470 1158 7487 9001 12275 16163 5000 11937 1318 9335 15969 4266 6846 11906 13960 12686 1950 6255 9820 5555 9568 12055 3802 9981 14241 13485 15112 15686 2999 10886 7411 10006 18304 13642 10690 11452 8277 18434 3280 11703 13349 11316 3767 11595 9538 15523 5556 5566 14032 14336 12920 13041 4211 6392 12205 5524 9054 13329 1510 14797 8786 12676 9889 17128 6146 14141 3300 13081 2756 7398 3746 3253 11378 3717 8643 13879 5938 2262 10280 16033 12410 16292 15496 10690 6170 8445 11734 3944 7019 14548 10855 12843 18368 11554 3289 8304 2808 3347 10567 10142 2771 12155 15674 2857 17768 12877 9739 4535 3512 4398 11107 8059 6874 3718 16171 11863 8292 15098 4991 16375 14597 17650 2594 12879 9621 11501 3669 12607 1781 4170 6120 4480 15634 16815 15951 9331 11594 15966 9102 10589 18164 8363 11310 6157 2174 5306 11975 8805 14907 6980 15460 12922 9581 16789 8846 15078 5558 15719 2569 15847 7592 2057 6853 17645 14998 13769 3778 10806 4360 13383 17235 10295 1122 6142 17675 1368 11810 1428 8471 15186 3900 10285 5308 12084 10392 3236 7437 4498 7770 13972 12749 4276 2243 6622 12407 3809 19378 4425 3947 7393 10212 17196 15955 13224 13687 5210 14617 8434 3628 13891 16047 10982 14584 7472 4297 19366 3684 16038 11785 7328 5472 1750 3143 7116 6373 19003 5581 6281 15599 6794 6290 8462 0 8294 9541 6903 8792 8035 8170 11747 7638 13538 7117 14824 9522 13251 2041 4908 14813 11765 17264 12226 10118 5569 12093 5892 13900
10697 5579 5324 12590 14076 14127 8687 7463 2687 13226 11705 4830 3259 7423 9939 11457 9954 3908 2458 5979 4556 10770 7368 8574 8394 7265 4206 5855 4281 6544 13320 5853 3679 16261 7001 3451 5326 14526 12609 11088 4298 10672 12099 13380 5618 2780 5674 9633 3502 7350 2870 10662 12541 7960 11738 1430 10165 7870 6947 4865 10818 8122 7676 12061 12367 13379 5233 3773 5292 9833 9198 5804 1980 7168 10737 5557 6171 9525 10794 10023 12138 7822 1945 10706 4925 12371 9837 5219 7796 7165 13480 15438 11562 13589 7017 4177 13515 4331 9777 5245 4402 5403 8427 10775 4489 10573 1034 11923 6264 5879 5910 7204 2265 9458 10274 5389 7884 8161 11638 6892 9134 12157 3435 8015 7426 1081 4988 4551 14249 14083 8585 6782 9856 10990 8858 11784 7173 6853 10741 6287 12265 7821 5451 10108 14384 9406 8477 5235 4036 12736 7464 3786 8246 2656 10082 11906 4410 17127 5763 6568 9606 3753 9446 9882 2569 17639 5145 11373 11176 5614 12625 7722 11046 16458 8488 13669 13215 14174 9385 10546 631 14430 11572 14035 5266 4512 9747 13321 15380 11251 9618 8044 6954 10991 6107 4773 12090 6402 4401 6919 6587 5467 9707 6727 14954 4385 10046 10836 6557 9880 5624 13220 8691 8075 4625 5058 3251 10098 4003 7083 9489 6086 13509 8265 6144 12928 8935 15829 3754 3642 16433 8316 12087 7222 4796 14464 14972 10852 11058 12272 5514 5200 5963 15989 7145 17370 7895 10605 13010 6001 6491 4168 5883 9102 14456 6382 6517 4581 10346 4992 11062 9499 3768 10595 6933 11687 6028 6450 1929 3208 5079 4608 8400 4144 3954 11233 7360 11597 7687 14459 3363 7804 2609 16385 13191 7728 11452 2239 10426 3611 9662 14965 8934 11018 11720 12968 6070 8542 14609 6784 5414 8189 9498 13287 6514 6449 13195 13437 11460 7131 9175 2554 7928 10137 9261 7886 7563 3962 9723 8039 3517 8482 186 7054 6986 3974 2990 9481 8742 11112 6590 3804 3818 5681 9724 9468 9499 1674 5661 6394 15578 4134 4489 11966 6545 14078 8305 14369 6558 12510 9097 3110 7331 10965 8094 3374 6811 11492 5007 15098 6072 7791 8535 13998 6727 8966 11199 5727 2047 15468 10798 2332 9379 3589 4045 5552 8294 0 5259 8038 13751 11409 10590 9314 10798 5249 6131 7096 8499 5008 9888 4210 6897 11383 12473 11807 5411 9475 6030 9442 13821
12225 10351 6159 7331 10921 9270 11430 2712 7063 8709 10379 6632 8347 10739 6021 12690 7514 1351 4485 8690 1898 6598 10594 8391 8585 4388 7645 3391 4642 7116 8822 8643 2163 12712 9629 5023 10237 9517 8165 10044 990 8616 7156 8140 10751 5323 6778 13724 8377 2245 5890 11859 11482 3246 10249 6663 6255 5133 10146 8656 5568 10801 10071 7664 10367 8266 9137 3674 8723 5809 9992 10790 7015 3944 5511 10430 11380 12731 14425 7737 7081 7684 7198 6164 4713 8040 9691 9250 5571 8076 10425 13316 7410 9106 7533 5124 8272 7416 12677 8244 8591 1312 8416 8853 9282 9424 4967 6668 10669 7874 10985 3450 3984 12843 5266 7057 3496 9169 6459 11427 6592 6947 2765 8386 4167 4855 411 9010 9036 9029 4347 3834 10820 12891 10024 10309 11533 7886 14830 7313 7071 10003 10202 10702 10419 10658 5009 10419 7417 7664 5728 7571 10201 7881 6428 11552 2700 14101 7085 3338 9873 3463 4825 7853 3152 14794 8265 7162 5978 9532 7384 11138 12527 13729 12919 10195 8937 9285 4392 5536 5885 9602 12359 9840 8842 3015 8830 8949 12970 6443 7541 5854 5139 5844 4011 6849 11961 10819 8661 10960 1844 5696 10463 7277 12835 7208 5533 7614 4159 5008 8506 8282 8299 12573 6335 6870 5248 9295 9209 4776 7151 8071 9829 11946 3194 7844 6108 12898 8207 1695 13166 7191 9784 11529 2027 9924 9947 5871 12819 9248 7603 6387 11221 13503 9926 14315 7371 10650 8518 4038 1334 7501 6040 7697 10698 2421 11078 6646 6630 9878 7660 5562 4996 6837 10927 8110 6990 3681 6925 6416 8040 5539 10560 6254 8391 13697 9714 7377 10077 11714 5750 10692 7858 13816 8836 3592 6688 6105 11159 4664 4420 12838 5383 14721 6713 8022 917 9626 12257 8774 4077 7053 11711 8062 11285 7528 11502 8670 6379 4571 8168 5506 6566 4941 12466 2758 9405 8411 12924 8559 6446 8897 5331 10155 10333 9153 5780 4224 3730 12776 3127 6441 8870 8129 4484 8181 9523 5469 10526 5929 10697 5573 7280 9383 1287 8962 7415 9662 4908 11720 5083 2173 10522 5741 11481 4017 6465 15241 5264 10400 9312 10293 3289 12408 4814 10947 11454 2776 6087 10495 8974 4584 6102 8329 3327 1362 9541 5259 0 12389 11019 8259 7129 4071 14804 7844 3036 10984 3817 8088 11559 4807 6917 6446 7987 6819 607 7368 2814 13157 8787
7251 8785 7556 19250 16503 19292 4218 15004 8970 17871 12231 6531 7414 12588 14406 8158 12637 11200 7905 12328 10820 15348 3191 9102 8524 11699 4824 10840 8374 14101 17921 4609 10249 18891 4485 11292 3153 21889 17230 11462 11430 12584 19545 20219 7241 7087 7143 1728 8093 13884 10293 7803 12386 13883 12482 6857 18091 11845 12428 10487 17385 13848 13811 19862 13605 19222 3293 9003 11160 14458 7864 3095 7789 11974 17176 2898 4400 3457 3388 12487 17946 15479 6920 18424 8776 20202 9537 10289 11278 7287 15894 16054 19445 18127 14525 12031 19887 11001 14821 11598 9702 13014 15973 12472 3644 11319 8988 18489 10032 12828 3449 15078 8413 13894 17653 12672 13484 7257 18737 1230 12289 18424 11388 8176 12135 7808 12005 3502 21192 19705 16382 11556 7832 6735 7163 12490 872 7107 2763 13692 18458 14115 8811 8535 17966 7187 12927 4371 10574 20020 10629 10035 5685 6862 18057 10943 10151 18806 13135 14509 8827 9180 14912 12088 10513 18955 4510 15873 18237 10655 19481 12644 7511 17789 569 16643 21074 19404 15403 16432 7538 21986 8964 18034 10967 12516 10577 17715 16438 18813 12001 11349 14984 18169 14140 12003 10715 1637 9585 1583 12927 13297 8109 14265 15673 11249 15240 18865 10983 17384 4580 18650 9426 527 6742 6416 11011 10592 5062 15120 12247 5805 16815 12586 14102 20193 16971 17579 4322 10738 18596 10232 13832 10733 12635 18984 22311 16642 7023 14941 5845 7162 5614 17039 4163 19055 15667 9617 20777 14036 13256 4988 8276 10908 17706 12199 1591 6323 18314 8261 14565 17405 7728 18559 11219 19691 7267 14446 7893 10331 4793 12383 5328 6524 4122 5838 13615 19458 13823 16206 10917 13384 6654 17486 21021 13131 16772 6339 8457 7995 16260 15692 16904 3457 19096 18442 12916 15515 15748 13495 9810 16089 5494 20205 2003 7061 13747 21040 18742 15160 10432 10169 10375 17226 14020 14370 5837 4109 14365 7967 10688 8226 8108 12619 3052 6876 6641 16215 14894 7223 11909 6134 4589 12356 16684 10931 9146 7033 8502 8996 23087 7305 5436 14126 13537 21276 16143 19207 14588 11973 16974 10374 3276 17951 12934 11398 14632 3803 8278 22758 3715 13791 15517 14174 10577 5774 9606 11187 6405 22874 12355 7806 17391 4460 9438 11962 6903 8038 12389 0 15639 14487 14306 15948 2885 11956 11428 11503 14254 11381 6638 8163 14604 17020 20238 17495 12771 11960 13937 2283 19414
9767 19206 9059 11000 1208 7404 11859 12347 16410 5730 3649 10070 16759 20973 5340 9331 3802 11560 11334 19159 9962 5322 12462 6548 7116 6812 12093 8183 9536 18092 5656 11267 10701 3346 11155 15552 15725 14789 5496 4348 11192 3215 13752 12009 18779 11352 9121 15844 17170 9545 15955 9001 4171 8270 3320 14497 15548 6084 20431 18513 10025 21366 20728 15664 2115 8882 13146 9993 18818 5618 7975 16306 15658 7148 9629 15743 17700 13335 15206 3732 8297 18701 15224 14408 8871 16057 6234 18939 5983 8425 994 2666 15972 5606 18526 15877 10520 17624 23185 18552 18135 12265 19433 3235 14871 4348 14248 10409 20004 18571 16750 13839 11492 23076 12610 17801 7746 8398 12104 15499 4668 9592 13407 7475 6900 12703 10839 14065 12884 8605 13893 7383 8345 10763 8657 3335 15153 8660 16560 18227 9417 20734 19096 7615 3768 8871 6012 16828 17466 13385 6290 17381 10091 15940 15985 5742 9650 3399 17924 14069 6997 10044 7178 3932 13302 3897 11717 5115 11765 19318 11687 21319 9774 2746 16166 2162 16799 7594 8342 8126 14113 15676 8310 4535 18851 13991 5062 5170 2038 13862 4163 5720 16052 12116 14972 17443 6291 14881 18144 14167 9299 16658 7915 18261 2301 17527 6584 17347 7362 12971 11392 7688 6234 16113 10054 10016 15657 5077 16072 15596 4263 10050 2816 21956 14063 13407 16458 2093 13717 11315 2962 5758 1827 20966 13042 5962 14968 7935 10451 1822 10248 9388 18280 2502 11477 3648 18370 6524 16009 15018 10113 11937 8285 4959 3091 8605 15355 10394 16059 18568 3511 15041 10182 16156 20670 17339 8846 14519 15633 16461 11464 16348 10527 10557 13764 12281 20374 15825 20736 714 16088 21158 15768 2796 16557 7512 6901 12514 7937 10234 9829 2290 15338 15558 13247 7703 10331 20599 1502 19519 8357 17975 10943 12249 16008 8828 2685 15302 12730 15333 5269 15532 5945 11471 22805 9401 9809 13791 23273 7675 16636 7417 13926 20494 12590 17202 11446 10176 8642 10238 7954 11126 15273 18677 10918 4794 6586 12504 19216 7591 16194 10071 11220 1785 10609 13791 18366 6694 15871 4804 14631 11722 12374 11414 21688 14639 17484 16005 8939 16697 12100 20916 10720 3151 7048 10286 7013 8590 12695 15611 3316 11478 16117 14274 9785 9710 8792 13751 11019 15639 0 2808 4017 9864 16335 18314 8206 20818 7865 18346 9852 9653 17933 7656 15669 7884 11541 4293 13674 14643 8395
9723 16958 7264 8677 2715 5875 11159 9543 14009 4124 4177 8341 14543 18450 2563 9542 1851 8884 9081 16570 7337 2736 11430 5616 6219 4216 10398 5635 7372 15360 4108 9913 8128 4863 10075 12921 14064 12465 3639 4513 8496 2325 11200 9744 16692 9248 7491 14983 14892 6737 13416 8996 5216 5463 3839 12305 12791 3547 17893 16049 7475 18765 18101 13018 3073 6910 11647 7642 16309 2847 7498 14666 13366 4474 7078 14120 15941 12714 14659 2033 6062 15928 13028 11711 6713 13418 5905 16516 3669 7232 2175 5346 13278 4198 15786 13203 8413 15079 20606 15994 15730 9484 16658 2603 13141 4132 11800 8011 17668 15924 15075 11031 9148 20566 9933 15139 4940 7570 9581 14144 2362 7282 10730 6471 4215 10405 8101 12401 10689 6868 11105 4765 8103 10720 8082 3893 13885 7386 15835 15519 7139 18086 16838 7467 3480 8477 3257 15018 14951 10927 4161 14912 9341 13766 13216 6371 7125 5880 15237 11266 6629 7657 4438 2480 10693 6540 10211 2732 9201 16879 9323 18811 9830 5474 15043 2299 14192 6049 5624 5567 11833 13268 8640 3675 16360 11253 4432 3716 4830 11225 2504 3465 13255 9520 12183 14815 6962 13493 15751 12935 6508 13930 7622 15525 4908 14958 3905 14577 4865 10257 9986 5806 5278 14917 8254 8349 13050 4704 14137 12793 2251 8693 2336 19492 11267 10972 13655 4645 11932 8681 5054 4258 2243 18620 10286 4898 12692 5432 10454 994 8747 7640 16383 5309 10427 6105 15586 6567 13426 12232 7314 10228 6469 3648 3260 5862 13945 8643 13299 16341 753 12268 8079 13404 18255 14606 7291 11720 13328 13933 9936 13664 9812 8703 12010 12154 17745 13139 18108 3477 13499 18581 13615 5588 13961 4716 4551 10455 7900 8063 7146 4904 12544 15015 10680 5742 7543 17870 4197 16863 6011 15177 10497 9949 14530 7432 4288 12804 10159 12529 4263 12992 4152 8810 20267 6601 8863 12038 20735 6716 14083 6611 11576 17944 11468 15070 9424 7474 5873 10274 5254 9267 13395 16067 8230 3775 6134 10330 17002 5721 13891 8096 9541 1565 7805 11487 15571 5404 13081 5780 11850 9123 11338 8840 19176 11981 14717 15504 6917 14290 10798 18299 7951 5112 4716 9730 7290 5962 10614 13347 2809 9233 13324 12435 7370 6976 8035 11409 8259 14487 2808 0 1218 7149 15650 15719 5561 18385 5069 15797 9571 7523 15176 5271 13057 5591 8765 2530 10878 13876 6608
10120 16166 6873 7656 3792 5362 11241 8330 13135 3704 5035 7955 13782 17481 1350 10044 2045 7834 8349 15561 6345 1700 11348 5788 6370 3326 9987 4743 6735 14244 3726 9698 7172 5721 9997 11891 13623 11418 3112 5229 7431 2992 10058 8741 15996 8612 7190 14937 14090 5532 12450 9427 6143 4254 4726 11575 11575 2767 16915 15126 6350 17743 17061 11835 4143 6108 11324 6865 15354 1635 7782 14232 12565 3485 5954 13700 15433 12806 14759 2345 5133 14774 12290 10512 6101 12237 6332 15617 3109 7183 3313 6562 12079 3891 14662 12139 7506 14104 19596 15008 14845 8329 15502 3307 12674 4749 10905 6958 16820 14875 14618 9826 8352 19601 8743 14080 3749 7690 8456 13865 2032 6285 9671 6555 3221 9626 6996 11978 9713 6197 9887 3829 8466 11097 8300 4785 13652 7288 15843 14423 6162 17033 16040 7891 3863 8761 2194 14489 13996 9827 3713 13988 9440 13035 11998 7124 6223 6971 14159 10076 6999 6853 3234 2808 9690 7675 9909 1903 8060 15969 8276 17851 10264 6644 14870 3132 13022 5518 4426 4454 11051 12181 9210 3749 15418 10138 4847 3445 6046 10048 2692 2983 12075 8363 11015 13781 7705 13203 14873 12732 5347 12820 7980 14406 6121 13967 2743 13359 4048 9053 9742 5095 5464 14708 7829 8000 12037 5202 13545 11605 2243 8507 2918 18559 10089 9882 12441 5778 11446 7669 6061 4241 3338 17763 9155 4711 11666 4356 10854 2195 8480 7263 15795 6516 10357 7186 14421 7105 12267 11068 6135 9812 6095 3821 3867 4766 13639 8236 12082 15564 531 11050 7467 12189 17356 13395 7040 10537 12519 12973 9626 12590 9916 8234 11542 12471 16704 11943 17068 4673 12499 17576 12899 6783 12795 3553 3600 9828 8353 7405 5959 6117 11326 15114 9533 4986 6382 16755 5415 15806 5280 13994 10707 8928 14183 7265 5383 11680 9011 11336 4519 12028 3956 7628 19285 5385 8882 11569 19752 6810 13105 6784 10750 16958 11342 14356 8836 6279 4658 10691 4217 8783 12842 15044 7038 4086 6494 9632 16230 5349 12849 7565 9155 2706 6617 10454 14392 5054 11911 6663 10632 8136 11256 7695 18213 10933 13570 15618 6391 13200 10592 17266 6735 6240 4055 9909 7885 4986 9971 12324 3517 8503 12106 11913 6551 5883 8170 10590 7129 14306 4017 1218 0 5949 15679 14708 4576 17473 3851 14818 9874 6907 14038 4271 11886 4640 7616 2637 9701 13886 5919
14280 14369 8849 3335 9331 5673 14245 3135 11078 5680 10633 9649 12417 14350 4601 14517 7378 5415 8171 12230 5167 4563 13715 9905 10309 5209 11124 5346 7642 10025 5807 11753 5877 10502 12553 8739 14102 6265 5325 10589 5016 8565 4348 4271 14821 8912 9437 17111 12428 2072 9779 13745 11792 2378 10384 10700 5712 5650 13749 12503 1506 14177 13386 5911 10027 4327 12655 6945 12475 4316 11858 14678 11086 4705 1450 14275 15379 15701 17542 7691 3289 10111 11258 4563 7388 6317 10978 13130 6376 10342 9013 12482 6131 6080 10336 8631 4202 11170 16042 11908 12528 4439 10781 8872 13123 9996 9032 2621 14603 11251 14913 4703 7774 16395 2808 10428 2999 11294 2993 15100 6656 2894 6622 10265 4718 8815 4326 12741 5252 5156 4238 4980 12680 15115 12113 10448 15123 10258 18182 10391 3037 13238 14217 12339 7944 12716 4742 14409 11242 4419 6896 11470 12717 11949 6180 12406 5797 12325 10322 5250 11415 6771 2714 8020 7170 13147 11555 4900 2496 13375 3537 14766 14525 12279 16501 8344 7133 5639 1526 2078 9936 6729 13927 7136 12627 6384 9709 6106 11899 4151 7751 6564 7231 2636 6436 10386 12931 14460 12609 14431 3021 8774 12238 10145 12053 10916 3282 7538 5601 3110 11671 4620 9687 16196 9381 9840 9023 10168 13217 6649 7228 10896 7785 15635 5471 4545 6940 11321 11974 5684 11219 8324 9254 15421 5404 6739 6630 2413 14965 8070 10555 9185 15274 12308 12892 12494 9637 11919 6424 6543 2837 10960 8403 8458 8446 3829 14773 9769 6229 13919 6400 5262 8233 6309 14745 7476 9523 5776 10994 10286 11294 8938 13147 9480 12143 16196 13042 5994 13390 10454 9530 14155 11920 12513 6923 3432 3548 9889 12828 7954 349 12049 5698 17866 3811 4364 3249 12403 11321 12047 6405 8999 14216 4267 15067 10000 11269 6029 3312 6333 9128 9428 7713 1748 15962 1578 11960 12166 16401 10497 10257 10705 9394 13724 13529 13225 9338 355 1432 14866 4334 9820 12816 11634 1115 8912 10958 9326 14559 7952 7635 8709 10574 8649 2793 5481 9439 6262 7214 12215 4900 6206 13632 2145 15085 7752 9053 18394 7958 7699 12546 13634 1146 12152 6280 13395 12762 4857 9912 7259 9058 8299 6446 12182 6509 4014 11747 9314 4071 15948 9864 7149 5949 0 18111 11424 4724 14770 2374 11788 13766 7848 9594 2983 6002 3193 4068 7601 5158 16371 4950
6912 11554 9359 21346 17329 20895 4507 17479 11852 19354 12736 8469 10292 15401 15998 7682 13822 13697 10347 15205 13108 16921 4446 10046 9441 13474 7165 12832 10471 16971 19388 6371 12641 19671 5740 14120 6032 24209 18731 12000 13881 13527 21923 22360 9959 9490 8833 1174 10969 16085 13153 7624 12625 15916 13037 9686 20706 13482 15265 13356 19491 16684 16671 22397 14229 21047 5721 11246 14031 16093 8362 5922 10665 13825 19247 5776 7049 3000 1316 13617 19795 18344 9787 20928 10750 22751 10103 13137 12833 8498 16751 16279 22027 19566 17399 14860 21873 13886 17587 14478 12570 15548 18847 13356 6505 12005 11778 20569 12794 15713 6221 17685 10897 16611 20030 15551 15449 8089 20996 4115 13650 20407 14068 9179 13947 10455 14405 6252 23358 21446 18941 13432 8038 6085 7691 13031 3687 8414 314 16569 20416 16981 11592 8780 19102 7473 14609 7178 13459 22330 12168 12920 6321 9746 20707 11040 12378 19261 16012 17155 9339 11442 16768 13176 13202 19276 6577 17396 20490 13494 21642 15435 7059 18171 2634 17643 23634 21024 17400 18354 10333 24389 8665 19303 13833 15217 11389 19124 16797 21246 13153 12846 17751 20464 16865 14881 10676 4449 12450 3914 15115 16135 8437 17137 15959 14132 17002 21573 12821 19810 6441 20357 10384 3084 8731 8293 13848 11285 7941 17855 13491 7364 17915 15322 16762 22492 19696 18118 7045 13210 19228 11451 14610 13441 15253 20387 24618 18526 6421 15942 7604 8990 8270 17361 5378 19502 18519 9902 23288 16767 15543 7304 9965 12002 18745 14293 4473 8342 20958 11063 15855 20013 9917 21199 13988 22363 8854 17129 10767 13205 6828 15226 5858 8649 6845 4721 16483 22028 16684 16819 13774 16215 9537 17802 23564 15062 18508 8929 8546 10221 18404 15981 19556 1076 21452 20169 15238 18398 16179 16377 11769 18920 5423 22376 4842 8504 14117 23471 21067 17877 11410 13014 11737 19506 16770 16539 6802 6836 17096 8934 13563 9066 10883 15459 4587 9730 9031 18403 16949 6652 13897 8378 7469 15240 18933 11911 9761 9643 11252 10611 25459 9409 7568 15019 15876 23537 18987 20706 17356 12111 19568 12899 4534 20183 15713 14172 17475 1094 10199 25203 5566 16645 17799 14373 12309 6050 9643 13264 9028 25204 13204 10269 20078 7269 11663 14215 7638 10798 14804 2885 16335 15650 15679 18111 0 14840 13446 14275 16223 14263 6577 10266 17463 18845 22752 19320 15236 13148 16571 1799 21153
15889 4495 10513 14157 18434 16995 13647 8513 3050 16548 16712 10077 4576 2927 13750 16674 14547 6890 7547 854 8382 14406 12210 13735 13598 11520 9254 10131 9282 2702 16662 10957 7613 20409 12082 2835 8812 14775 16009 16148 7312 15433 12453 14613 5924 8014 10902 13679 3940 10020 2453 15890 17624 11090 16703 5575 9335 12234 2326 1872 12747 3053 2468 11476 17190 15748 9919 8516 1372 13567 14446 9002 4297 11248 12831 9071 8384 14236 15158 14679 14684 4015 5204 10581 9863 11643 15027 2478 12367 12406 17882 20270 10727 16947 2950 2795 15324 983 4889 624 2533 7026 4281 15586 8403 15598 4368 13694 3946 911 8820 7304 7159 5005 11041 1265 11296 13410 12696 10725 13652 14243 5100 13231 11509 6270 7847 8891 15237 16580 8616 10959 15101 16110 14101 16754 11187 12097 14702 2122 14416 2577 4354 15355 18218 14641 12514 7854 1393 13328 12190 1920 13422 5104 8977 17098 8669 21590 1681 6556 14834 8412 12669 14628 5026 22198 10206 14983 12363 2458 13922 3342 16239 21059 12254 17837 12285 16989 12146 13237 5294 14276 16818 17675 1621 5044 14804 16793 20104 11462 14336 12645 5320 12014 5395 1041 17308 10459 2675 11285 9671 3003 14956 2790 19781 864 13377 9059 10953 10456 10718 15969 13820 11801 9867 10307 2671 15187 6912 5849 14105 11314 17542 4224 6189 13533 7311 20326 8278 7042 20757 13272 16795 4448 6051 17755 15224 13586 16205 16667 10746 10422 7429 20690 12174 21820 4428 15825 12428 5255 9132 9254 10994 14015 18445 9982 10371 9829 9243 4526 15225 8886 8900 9479 3567 10123 11255 6095 4216 2042 10191 2517 13534 9392 8446 16190 2132 10847 2477 19027 2226 2870 5324 21056 12377 11317 14495 7412 15675 8683 11749 19789 8070 15312 12270 15708 8745 3564 19346 1590 10066 5190 14585 14415 10035 11690 18130 13268 12227 6114 14194 2856 12800 11452 4622 10480 12772 8441 5082 13268 1761 13709 5070 2316 11799 5279 8238 11431 11496 16275 10491 9042 7395 437 11313 14426 14704 6918 4842 11408 15431 9334 9677 16558 8868 14675 5017 17454 5045 17645 8696 6600 12191 12302 3665 3831 3769 15720 10071 14628 11012 2624 10338 18975 11331 14119 16438 9758 7201 15545 15641 7451 8069 7828 8623 8888 13538 5249 7844 11956 18314 15719 14708 11424 14840 0 10159 3506 11661 700 15072 9261 3413 14176 11959 14501 7557 14177 6402 13832 16369
9731 11700 4129 7901 8276 8216 9522 5257 8593 7143 7344 4980 9379 12909 3809 10074 4550 3355 4145 11010 1777 4645 9023 5570 5862 1405 6646 622 3056 9917 7231 7075 2597 10296 7835 7364 9973 10965 6514 7021 3001 5609 8872 8926 11683 4670 4713 12482 9625 2850 7875 9266 8449 2471 7214 7258 8913 2154 12346 10554 6050 13205 12544 9942 7374 7845 8161 2658 10779 3703 7365 10578 8110 1092 5800 10107 11545 10981 12834 4748 6562 10623 7945 8432 2696 10345 6812 11053 2536 5676 7727 10372 9870 7493 10363 7671 8464 9532 15046 10442 10291 4348 11357 5834 8983 6399 6355 7123 12291 10374 10890 6375 3988 15028 7059 9598 2065 6686 7695 10690 3624 6999 5201 5740 1356 5255 2756 8453 9932 8406 6999 831 8201 10509 7528 7274 10639 5567 13532 10029 7030 12537 11568 7972 8278 8151 2392 10570 9421 9097 2726 9416 8018 8692 9180 8584 1725 11436 9718 6357 7091 2563 3574 4833 5133 12065 6949 5248 7190 11400 8220 13277 10002 10949 11992 7706 11233 8291 3978 5015 6646 11333 9619 7904 10842 5847 5838 7204 10087 8410 4521 2820 8168 7248 7031 9257 9022 10031 10325 9872 1953 8480 7796 10090 9887 9403 4053 10449 1148 7043 7012 7418 5428 11724 4729 5154 7489 6307 9492 7811 4158 6176 7468 13984 6229 9237 9077 10182 7764 3121 10601 4220 6835 13225 4966 8375 11343 5243 10386 6514 5855 4475 11709 10646 8178 11664 10348 7779 10668 7050 2717 6473 3691 4674 8401 943 10392 5135 9347 11123 5083 8254 3740 9526 12791 10811 4803 6715 8054 8398 6676 8142 8440 4904 7906 11518 12188 9796 12551 8916 7941 13022 8586 10986 11081 1753 5556 5826 8450 3528 4993 9891 8228 13162 8354 7185 2676 12415 9353 11318 1686 10074 9527 8958 10786 5290 8485 10530 7901 7602 5181 7453 3583 6288 14718 3202 7251 7931 15185 5950 8534 6222 6278 12392 8859 10028 5025 5042 3503 10308 503 5322 8908 10507 5664 5160 6693 5449 11791 3311 12305 4123 5994 6496 3236 10203 10425 8349 7924 8701 7777 3566 8938 6854 13639 6436 9393 13690 3252 12254 7899 12740 4668 9388 1850 8714 8606 413 5917 11963 5949 4298 8984 8101 2246 1680 7117 6131 3036 11428 8206 5561 4576 4724 13446 10159 0 12904 2828 10248 9155 3267 9808 5671 10172 6138 3630 4348 5848 11687 8122
16836 2721 12302 17608 21083 20242 14181 11953 4414 19659 18765 11610 4641 1331 16649 17704 17016 9862 9552 2903 11156 17385 12660 15540 15283 14178 10235 12754 11375 5957 19768 11893 10307 23191 12907 6032 8465 18275 19090 18123 10304 17766 15958 18096 4341 9744 12551 13194 4004 13217 5110 16993 19552 14188 18814 6679 12803 14839 1612 2356 16140 2732 3154 14941 19463 19095 10392 10826 2296 16496 15836 8411 5330 13990 16198 8693 7256 14396 14883 17100 17985 7042 6025 14081 12022 15090 16737 1880 14840 13941 20500 22532 14174 20050 6042 6196 18755 3599 3318 2929 2695 10333 7046 17872 8453 17630 6586 17118 1484 4075 8065 10799 9333 2517 14534 4734 14308 14806 16181 10338 16171 17626 8229 14882 14254 8170 10915 9184 18735 19908 12120 13648 16368 16850 15368 18858 10895 13621 14075 5366 17790 3552 2692 16759 21146 15821 15296 7133 3567 16833 14545 3489 14403 5499 12422 18779 11263 24176 5071 10045 16402 10775 15768 16973 7916 24713 11123 17978 15837 1505 17397 1200 17182 23538 11648 20596 15699 20249 15365 16489 6828 17756 18042 20680 2147 8406 16793 19855 22475 14968 16705 15099 8800 15498 8897 4517 18892 10288 2705 11294 12747 6504 16321 5985 22049 3861 16451 12391 13523 13954 11654 19237 15690 11206 11470 11795 5761 17120 6680 9344 16556 12568 20371 1209 9667 17038 10728 22885 8833 9894 23435 15403 19177 1195 9366 20886 18723 16832 17010 19284 12049 12112 6062 23082 12900 24416 7558 17417 15883 8757 12310 10295 12928 16194 21302 12897 10047 11310 12682 3258 17971 12375 10829 12913 289 13469 12906 9594 5324 4579 11198 5991 14401 10945 8945 16610 3202 14302 3164 21529 5253 2256 5737 23475 15806 14267 17671 8798 16998 10699 15103 22060 11553 14959 15774 18976 11901 5510 21704 3860 12461 8411 15306 17904 9502 13246 20275 16753 15725 9614 16242 5515 15025 14907 2534 13707 13885 8930 2921 14863 4541 15305 6915 1794 12244 4788 9818 14804 14706 17124 13299 10470 7452 3473 14736 16552 16372 8548 3028 13478 18905 11122 10885 19035 12111 18180 8149 20646 8540 19472 12197 9385 12667 15763 1439 7027 7125 15281 12085 18076 11681 2978 13715 21062 13772 15009 17912 12491 8583 19035 17894 9420 11508 8245 11042 11859 14824 7096 10984 11503 20818 18385 17473 14770 14275 3506 12904 0 14761 3007 16020 11297 6681 17415 15425 17767 10785 16559 9859 13663 19685
11995 13927 6867 5184 7516 5630 12171 4491 10684 4901 8294 7779 11744 14552 2532 12193 5050 4911 6835 12506 3960 2872 11784 7578 8009 2927 9474 3416 5885 10780 5011 9858 4824 9060 10552 8838 12749 8538 4349 8224 4467 6244 6719 6252 14117 7443 7416 15281 11887 1775 9652 11435 9454 573 8058 9767 7762 3295 13961 12418 3396 14608 13867 8229 7780 5040 10990 5413 12518 2263 9561 13348 10426 2467 3089 12893 14242 13671 15559 5356 3759 11154 10409 6818 5496 8638 8618 12989 4030 8161 7107 10402 8374 5295 11163 8929 5653 11215 16485 12056 12293 4800 11869 6545 11757 7627 8480 4398 14358 11673 13641 6019 6571 16658 5137 10851 775 9057 5299 13517 4294 4187 6574 7994 2425 7774 3847 11259 7273 5652 6039 2816 10375 12858 9856 8121 13467 8111 16319 11037 4207 13785 13785 10004 6663 10446 2372 13263 11196 6736 4583 11310 10563 11143 8167 10034 4335 10645 10851 6336 9077 5284 1009 5666 6855 11408 9767 3396 4821 13291 5590 14949 12228 10438 14819 6650 9474 5676 1185 2190 9076 9075 11576 6038 12628 6755 7336 5133 9896 6501 5391 4204 8365 5002 7365 10663 10557 12858 12351 12695 2015 9399 9923 10928 9952 11017 1719 9524 3443 5346 9808 4731 7347 14553 7538 7938 9055 7794 12139 7858 4873 8893 6197 15747 6405 6844 8598 9529 10550 4966 9622 5974 7041 15247 5727 6125 8875 2437 12692 6043 8619 7233 14313 10358 10904 10840 10757 9555 8785 7436 2565 9301 6320 6085 7008 2178 13215 7949 8262 13402 4354 7215 6564 8381 14691 9611 7452 6823 10352 10182 9491 9329 11009 7730 10700 13997 13512 8254 13873 8507 9553 14507 11069 10610 9274 1174 2963 8556 10494 6338 2525 9950 7475 15894 6182 4484 2924 13269 9262 12558 4465 10263 12038 6325 13596 7892 9014 8399 5678 7574 6759 9253 5375 4119 16282 1540 9832 10725 16740 8233 10236 8413 8618 13971 11641 12471 7821 2728 942 12583 2346 8150 11614 11944 3480 6538 8611 8106 14065 5785 9936 6950 8819 6481 2950 7688 10676 5920 8242 9861 6789 5508 11697 4456 15294 7832 9985 16421 6031 10056 10698 14094 2929 9911 4063 11212 10397 3105 8624 9520 6725 6981 8255 10856 4979 2972 9522 8499 3817 14254 7865 5069 3851 2374 16223 11661 2828 14761 0 11896 11517 6095 10486 2914 8349 3363 4155 5238 6027 14450 5376
15543 3796 10323 14602 18512 17307 13220 8947 2593 16795 16614 9824 3974 2670 13907 16347 14560 7052 7388 1008 8473 14595 11762 13565 13399 11585 8878 10178 9163 3397 16907 10586 7670 20533 11698 3075 8230 15342 16243 16029 7485 15409 12998 15094 5229 7788 10681 13108 3316 10298 2391 15575 17497 11323 16620 5168 9945 12283 2097 1173 13143 3120 2692 12085 17153 16115 9460 8453 739 13735 14185 8395 3837 11341 13209 8488 7726 13752 14617 14678 15023 4714 4734 11150 9766 12262 14840 1791 12375 12168 17949 20235 11348 17190 3649 3190 15750 722 4854 242 1846 7359 4971 15548 7868 15492 4213 14114 3289 1594 8195 7807 7042 4790 11538 1925 11492 13145 13180 10152 13678 14633 5324 13023 11604 6064 8056 8395 15744 16935 9149 11032 14816 15727 13813 16669 10628 11854 14118 2820 14800 2891 3655 15100 18392 14337 12625 7225 977 13858 12161 1389 13074 4561 9602 16910 8698 21652 2365 7050 14613 8364 12905 14604 5136 22239 9826 15179 12833 1812 14392 3057 15894 21088 11663 17950 12921 17307 12439 13548 4975 14870 16529 17879 965 5410 14684 17019 20099 12012 14319 12648 5928 12496 5921 1545 17098 9911 1988 10765 9890 3593 14691 3489 19747 881 13604 9723 10986 10964 10346 16291 13667 11209 9628 10045 2842 15054 6323 6437 14111 11008 17679 3864 6666 14064 7953 20378 7816 7155 20847 13185 16788 3856 6387 18012 15793 13894 15834 16731 10447 10208 6750 20692 11772 21885 5126 15613 13042 5779 9399 8891 10844 13943 18594 10135 9804 9562 9870 3830 15330 9475 8734 10109 3027 10783 11036 6609 3767 1895 9828 2996 13165 9138 7977 15753 2402 11463 2704 19060 2347 2836 4790 21067 13006 11488 14769 7098 15403 8538 12118 19756 8669 14762 12797 16029 9000 4143 19336 2114 10040 5879 14194 14904 9441 11452 18060 13859 12734 6690 14087 2814 12736 11900 4470 10774 12446 7971 4938 13047 1714 13490 4824 2149 11348 4637 7979 11813 11783 15913 10605 8756 6849 1004 11732 14341 14506 6653 4143 11295 16029 9135 9350 16579 9168 15213 5713 17739 5635 17492 9267 6683 11747 12756 3409 4082 4443 15160 9936 15245 10593 2789 10722 18891 11325 13756 16202 9842 6883 16128 15594 7281 8699 7339 8595 9059 13251 5008 8088 11381 18346 15797 14818 11788 14263 700 10248 3007 11896 0 14724 9126 4104 14481 12566 14821 7846 14163 6852 13301 16718
821 13564 5425 16655 10907 15236 2420 14196 12152 13562 6213 5275 11381 16765 10527 1699 7860 10919 8036 15728 9661 11367 3726 4116 3578 8590 5858 8561 6987 16342 13572 4155 9627 13198 3116 13202 8201 20026 12985 5506 10891 7297 18016 17743 12418 7304 4821 6291 12038 12005 12756 1166 6048 11392 6532 9573 17811 8306 16409 14249 14911 17735 17414 19052 7737 15772 5712 8014 14825 10694 2092 8600 10947 9071 14589 8078 10187 3614 5382 7597 14615 17524 10107 17534 6846 19448 3706 14346 7568 3503 10358 9708 18907 13706 16824 13870 16901 14111 19166 14966 13564 12688 18183 7075 7785 5610 10879 15872 14722 15756 9088 14954 8600 18537 16214 15274 10797 2475 16758 7035 7958 15488 12099 3529 9092 8989 11156 6951 18766 16001 15894 8786 1511 1354 1661 6520 6505 3673 6830 16142 15442 17608 13523 2237 12899 1115 9413 9641 13756 18185 6956 13369 1651 10536 17983 4473 8860 12690 15633 14664 2953 8223 11765 7129 11403 12700 4926 11738 16262 14764 17101 16962 1171 11594 7051 11345 20344 15389 12675 13396 9778 20465 2335 13236 14721 13220 5143 13235 10221 17563 7192 7468 15944 16364 14847 14661 4151 6624 13495 5590 11095 15111 1969 16529 9383 14219 11789 19127 8170 16182 4397 14890 4424 7164 5554 5017 13069 4929 9532 15818 7634 3842 11702 17220 14375 18311 17468 11564 7192 10407 12697 5755 8204 15616 12810 14456 20379 13480 1263 9684 4416 5264 11200 10784 3165 12930 17491 3345 19809 14798 11780 5836 5546 6054 12459 10098 7077 5431 18188 12914 9928 17120 6876 18396 15775 19668 4576 14838 10998 13059 4899 14349 1628 5899 7092 2597 17124 18852 17425 10295 13240 17348 10295 11225 20205 10366 13166 7669 1969 7205 13988 9404 16912 5728 17493 14744 11618 18430 9610 16641 7597 17583 1184 17834 7826 4035 7546 19681 17028 15721 5360 12437 6249 15414 18496 12327 2343 7109 18919 3285 13386 3157 10054 16558 4079 11319 6967 14106 12399 1252 9468 6112 8679 15509 14778 5819 3440 8226 13398 5845 21400 6287 5402 8691 12250 19201 17800 14898 15590 5542 16640 10361 3676 15909 17313 12781 16396 6159 6299 21400 4371 17490 13823 7801 7486 1021 3080 9157 7876 21017 6897 8062 17595 7793 8280 10499 2041 9888 11559 6638 9852 9571 9874 13766 6577 15072 9155 16020 11517 14724 0 6859 16592 13660 19305 14112 12130 7237 14067 5027 15714
7578 9555 1457 11112 10092 11341 6632 7511 6896 10097 7502 1849 7106 11620 6605 8153 5901 4060 1753 10052 2949 7533 5904 4495 4433 3768 3383 2694 211 9907 10168 3932 2773 12373 4845 6850 6830 13967 9451 6904 4054 6509 11732 12108 9178 1726 2040 9264 7530 5820 6807 7317 8371 5720 7529 4844 11042 4154 11128 9072 9250 12243 11727 12454 8173 11097 4894 1159 9475 6590 5562 7440 6034 3925 9026 6940 8550 7979 9749 5926 9816 10953 5571 10944 811 12836 5814 9423 3857 3500 9479 11235 12218 10408 10391 7419 11724 8420 13952 9355 8603 5854 11652 6593 5852 6374 4913 10344 10385 9745 7792 8124 2106 13667 9851 9106 5330 4610 10736 7430 5170 10260 5345 4110 4126 3130 4397 5248 13099 11629 9148 3493 6342 8162 5438 7575 7372 3249 10334 9823 10295 11824 9447 6399 10769 6062 5064 7595 8174 12087 3395 7978 5420 6292 11176 7874 2163 13049 9377 7807 5727 1371 6799 5736 4762 13514 3710 8110 10230 9822 11383 11927 7901 12322 8727 9822 13734 11433 7240 8280 4493 14209 8006 10590 9463 6418 5559 10054 11204 11128 5491 4060 9127 10219 8012 8587 8133 6768 8595 6615 4850 8562 6070 10095 10754 8409 7199 12285 3001 9699 3833 10609 4563 8457 1561 2075 6817 5930 6639 8972 5433 3263 9767 12472 7516 12244 10609 11744 4617 3548 12436 4107 7935 11350 5953 11291 14369 8502 8121 8299 2811 1602 8890 11818 5156 13296 10844 6671 13282 7971 5324 3209 1742 4898 10720 4048 7139 1927 11393 8915 7311 10344 560 11609 11126 12867 2317 7980 6018 7249 3446 7919 5762 1642 4739 8897 11392 12183 11737 10352 7126 11955 6125 12223 13624 4993 8730 2934 6799 599 8146 10765 10084 10062 11244 10386 5060 12223 10433 10696 1729 10840 6919 12115 7562 2851 8985 13330 10837 8866 4972 6409 3746 9257 13461 6274 4624 4765 13924 4206 7501 4621 4394 11224 5693 7571 1932 8137 6736 8102 3754 2062 5941 9674 8673 5259 5522 2851 9564 2185 15249 864 2738 7874 5708 13275 11093 11378 8786 8385 9868 3529 5825 9918 12299 6216 9766 10589 811 15069 4700 11870 7558 9791 2852 6174 7366 3027 3091 14965 6605 1878 10750 5035 1483 3985 4908 4210 4807 8163 9653 7523 6907 7848 10266 9261 3267 11297 6095 9126 6859 0 10038 8909 12757 9380 5344 5361 7209 8541 11341
17378 7893 11461 11813 17829 15264 15572 6465 5756 15146 16999 11338 7552 5710 12880 18062 14357 6514 8580 3791 8171 13356 14265 14451 14457 11210 11094 9990 9987 727 15270 12701 7655 19538 13850 3448 11556 11819 14690 16554 6818 15402 9634 12080 9248 9289 11974 16288 7022 8716 4311 17237 18033 9956 16918 7796 6244 11961 5174 5272 10693 5003 4178 8354 17175 13766 12094 9024 4776 12649 15574 11853 6839 10814 10865 11815 11484 16414 17598 14555 12864 932 7687 7678 10425 8469 15790 5891 12291 13494 17340 20179 7557 15552 777 2737 13047 4030 6737 4030 5860 5720 1614 15612 10962 15954 5864 11486 7340 2632 11754 4954 8044 7400 8510 2206 10337 14583 10184 13389 13431 12177 4777 14146 11051 7641 7098 11263 12564 14635 5982 10638 16323 17772 15368 16975 13777 13214 17364 1322 12377 3915 7748 16431 17140 15966 11926 10827 4424 10565 12297 4985 14985 7846 5813 17810 8731 21006 1741 4344 15760 8857 11441 14613 5276 21709 12020 13878 9938 5854 11454 6119 17720 20647 14975 17067 9037 15223 10653 11607 7229 11196 18016 16462 5029 3961 15249 15490 19868 8641 14303 12579 2470 9532 3170 2790 18121 13014 6001 13689 8698 1484 16086 709 19695 3693 12169 5711 10827 7882 12479 14208 14457 14531 11074 11592 3661 15683 9740 3082 13964 12751 16662 7071 4147 10767 4094 19812 10529 6886 20046 13617 16641 7750 4891 16280 12256 11957 17809 16165 12177 11488 10643 20410 14017 21216 1082 16684 9271 3077 7956 11044 11736 14256 17492 9328 13018 11163 6062 7867 14569 5917 9846 6282 6807 6788 12296 3819 6730 4320 11931 2289 15192 10696 10720 18110 3896 7698 4177 18630 3689 5155 8022 20729 9156 10487 13008 9106 16818 9551 9873 19699 5079 17796 9546 13954 7667 2812 19146 2942 10282 1777 16321 11841 12807 12802 18254 10215 9605 3403 14595 4461 13049 9166 6881 9062 14250 10723 7258 14242 3976 14659 6765 5053 13880 8369 9640 9505 10063 17839 9997 10503 10034 3273 9191 14718 15528 8454 8234 11951 12323 10393 11283 16275 7536 11857 1636 15848 2395 18173 5842 6655 14228 9959 6331 3833 555 18247 10796 11445 12968 4446 8448 19147 11372 15730 17399 9465 8928 12507 15710 8541 4899 10213 8961 8228 14813 6897 6917 14604 17933 15176 14038 9594 17463 3413 9808 6681 10486 4104 16592 10038 0 12545 8839 12786 6423 14133 4497 16246 14465
14026 16745 9516 3407 6895 2827 14628 6107 13474 2729 9305 10497 14613 17099 3200 14072 6195 7675 9743 15003 6866 2573 14402 9563 10082 5372 12291 6216 8700 12949 2857 12529 7720 7709 13116 11407 15638 7197 2472 9470 7235 7250 6131 4478 16997 10331 10015 17956 14725 4202 12334 13387 10412 3428 8996 12671 8446 5424 16500 15098 2472 17018 16243 8152 8341 2205 13789 8304 15139 2992 11604 16240 13288 5050 2101 15776 17154 16167 18094 6517 960 13085 13305 7059 8247 8528 10362 15696 6135 10524 6708 10322 8575 3120 13277 11390 3282 13829 18893 14621 15034 7154 13760 7567 14647 8956 11305 2760 17110 14077 16541 7683 9485 19176 5256 13251 3624 11283 4473 16337 5785 2016 9187 10159 4906 10683 6569 14124 5442 2742 7165 5465 12365 14957 12014 9055 16257 10531 18963 13287 1892 16116 16599 11876 5120 12552 4288 16175 13852 5729 6785 14016 12922 14035 8958 11365 7244 9672 13182 8209 10951 8183 2111 6947 9585 10532 12512 2570 4180 15974 4060 17507 14213 9785 17588 5823 9215 2839 2053 945 11969 8033 13315 4248 15269 9147 8923 3204 9628 6361 6758 6202 10207 4576 9377 13150 11938 15674 15101 15447 4810 11655 11887 13075 9945 13601 1876 10288 6049 5746 12503 1845 9276 17343 10278 10632 11659 9327 15053 9629 6237 11481 5191 18345 8404 5753 9874 8796 13432 7796 8518 7911 7514 17975 8128 3756 7421 593 14750 6012 11273 9900 17224 9949 13476 9817 12617 11214 8402 9477 5113 12116 8880 7752 5702 5090 16047 10697 8965 16239 4549 8088 9403 9005 17366 10063 9995 8733 13210 12858 12231 11738 13387 10521 13576 16223 15894 8407 16247 8146 12166 16966 13966 10089 8961 3921 756 11459 12357 9199 2758 9936 8606 18438 5645 1589 5530 15357 9157 14909 7217 11982 14331 4678 16455 10376 9558 7648 5140 9314 8473 11952 7416 4122 18766 3709 12245 13601 19214 10413 12875 10502 11495 16490 14297 15357 10695 3150 2716 14611 5171 10971 14524 14418 3722 8119 10453 11019 16898 8249 8622 9747 11593 6834 5313 6217 12421 3310 10177 10934 7773 8342 14312 3854 17839 10401 12009 18960 8744 9056 13395 16484 4121 10368 6537 13506 12026 5985 11532 8077 7775 9891 9329 13754 7874 5832 11765 11383 6446 17020 7656 5271 4271 2983 18845 14176 5671 17415 2914 14481 13660 8909 12545 0 8101 475 6636 6653 8070 17054 2463
19900 16080 14032 5228 14983 9750 19389 5281 13104 10633 16634 14599 14850 14539 10556 20238 13380 9057 12405 12529 9809 10362 18581 15678 16017 11006 15588 10750 12579 9535 10754 16629 10141 15707 17599 10190 17784 3154 10530 16573 8877 14567 2026 4725 17073 13264 14652 21651 14580 7352 11474 19435 17793 8233 16386 13874 2624 11545 13987 13627 5655 13806 12989 486 16005 7824 17047 11649 13301 10273 17534 18276 13665 10477 6048 18007 18526 20715 22408 13692 7710 8786 14193 1825 12542 542 16835 14297 12241 15806 14756 18325 1313 10967 9574 9664 6329 12206 15431 12573 13991 7224 9162 14874 16898 15972 11748 5519 15837 11359 18376 5283 11859 16210 3214 10702 8881 16846 3657 19199 12643 6442 9048 15911 10547 12462 8395 16773 4627 8608 3888 10661 18370 20657 17693 16449 19370 15663 22764 10103 6665 12692 15924 18108 13133 18319 10718 17642 12474 2786 12689 12921 18066 14712 3028 18366 10601 17747 10355 5977 17204 11440 8679 14014 9905 18617 16244 10563 3922 14376 4535 14952 20173 17886 20746 13921 1136 9614 7486 7543 13078 2363 19736 12207 13530 8078 15638 11183 17678 1851 13740 12456 6640 3553 6816 11028 18876 18628 14114 18872 8220 8974 17956 9547 17920 11866 9152 3578 11234 3129 16492 8848 15495 20371 14305 14831 10546 16104 16408 6138 13221 16011 13292 15904 6416 2902 4749 16897 15951 9542 16577 14172 15218 16406 7680 11310 3545 7748 20546 13928 15567 14299 18051 18029 17903 17881 8207 17793 539 6956 7530 15452 13772 14388 13763 9232 18835 14627 2785 15847 12303 3126 12979 2583 15515 2710 14820 6237 13551 11827 16023 9666 18453 14241 16146 21581 12725 1149 12987 16204 10952 13989 14780 18183 925 9296 8848 13899 18592 12649 5940 17913 3902 22701 2463 8683 7725 11116 17157 11782 11712 7312 19584 4405 18935 15342 17248 1435 2961 5909 15033 11300 13541 4269 15677 7122 17276 16162 16025 16122 11619 16387 12466 13878 18316 15740 13723 5653 7415 20474 9916 14418 16291 11953 4888 14855 16774 13208 16371 13476 3485 13549 15264 14592 7080 3566 7701 10583 6935 18210 3437 9869 18509 4261 15170 9534 8342 23220 13118 2701 17295 13257 5566 18121 11950 18793 18635 10148 13838 3693 15059 12484 3941 15957 11277 8838 17264 12473 7987 20238 15669 13057 11886 6002 22752 11959 10172 15425 8349 12566 19305 12757 8839 8101 0 7991 7521 13587 6463 21132 8601
14470 17141 9991 3120 7070 2500 15097 6328 13865 2686 9671 10972 15029 17426 3625 14505 6597 8069 10198 15323 7304 2941 14876 10011 10534 5846 12762 6686 9171 13209 2811 13004 8152 7740 13590 11749 16100 6916 2541 9858 7631 7629 5994 4161 17418 10793 10490 18431 15130 4574 12699 13826 10766 3864 9356 13105 8485 5892 16827 15459 2451 17317 16535 8070 8663 1730 14262 8765 15486 3429 12052 16702 13701 5525 2118 16239 17605 16638 18566 6917 506 13301 13734 7045 8721 8436 10790 16062 6599 10992 6920 10545 8534 3055 13526 11710 2872 14176 19189 14956 15410 7475 13966 7945 15109 9354 11708 2541 17488 14380 17000 7888 9931 19495 5262 13554 4085 11743 4338 16809 6218 1711 9544 10617 5381 11121 6959 14590 5098 2289 7292 5940 12808 15406 12469 9414 16730 11001 19437 13562 1552 16400 16995 12311 5154 13004 4755 16626 14209 5527 7251 14385 13388 14461 9009 11754 7697 9756 13472 8443 11388 8641 2584 7354 9967 10627 12986 2864 4091 16335 3803 17837 14654 9924 18062 5981 9092 2488 2439 1284 12397 7793 13737 4247 15621 9463 9343 3209 9829 6296 7173 6661 10420 4510 9625 13471 12331 16146 15480 15921 5224 11935 12330 13331 10181 13942 2340 10322 6524 5786 12978 1470 9721 17816 10752 11107 12008 9741 15499 9834 6656 11955 5332 18683 8656 5536 9996 8930 13896 8206 8588 8361 7833 18345 8450 3600 7119 957 15196 6288 11749 10375 17664 10126 13949 9891 12822 11633 8267 9729 5485 12587 9355 8184 5773 5541 16518 11172 9001 16642 4886 8161 9872 9028 17723 10048 10468 8968 13622 13221 12706 12047 13854 10993 14041 16680 16188 8360 16539 8346 12515 17275 14396 10246 8832 4390 1044 11916 12791 9665 2931 10172 8716 18910 5528 1209 5907 15595 9385 15199 7690 12165 14793 4381 16923 10848 9869 7460 5036 9516 8905 12322 7873 4153 19078 4067 12714 14066 19523 10871 13229 10955 11916 16813 14772 15780 11160 3316 3098 15055 5638 11442 14977 14734 3816 8543 10889 11469 17299 8722 8332 10219 12066 7146 5656 5925 12608 3072 10406 11298 7868 8751 14787 3789 18166 10745 12245 19432 9219 8814 13870 16779 4339 10664 7011 13968 12441 6447 11987 7771 8154 10344 9422 14213 8334 6255 12226 11807 6819 17495 7884 5591 4640 3193 19320 14501 6138 17767 3363 14821 14112 9380 12786 475 7991 0 6982 7073 8333 17528 2018
12804 10301 6719 7230 11406 9462 11948 2243 7010 9004 10973 7151 8394 10472 6465 13279 8079 1584 4891 8393 2475 6991 11074 8996 9185 4967 8071 3996 5186 6660 9120 9134 2631 13144 10141 4771 10519 9197 8483 10645 1356 9192 6803 7978 10793 5746 7336 14143 8374 2464 5734 12447 12079 3597 10838 6835 5699 5707 9875 8483 5532 10465 9717 7181 10937 8351 9544 4197 8505 6241 10584 11058 7071 4510 5518 10721 11573 13225 14892 8308 7207 7163 7326 5696 5288 7548 10297 9096 6163 8655 10923 13867 6889 9405 7062 4792 8232 7194 12343 7988 8472 730 7894 9433 9579 10024 5007 6605 10549 7525 11230 2851 4360 12561 4929 6701 3923 9752 6228 11779 7159 6962 2571 8982 4725 5120 981 9354 8838 9142 3806 4419 11411 13458 10606 10899 11909 8460 15253 6891 7102 9630 10150 11301 10806 11241 5530 10624 7229 7368 6331 7425 10753 7984 5853 12158 3272 14583 6696 2733 10476 3985 5152 8435 3111 15290 8727 7540 5764 9359 7224 10878 13108 14238 13293 10651 8442 9465 4594 5706 6042 9221 12958 10193 8639 2600 9435 9275 13505 6042 8123 6444 4564 5588 3447 6541 12567 11183 8550 11370 2276 5259 11058 6815 13388 6965 5873 7021 4759 4616 8989 8452 8905 12936 6853 7394 5026 9900 9401 4184 7724 8603 10262 11709 2603 7555 5502 13393 8542 2034 13628 7797 10340 11385 1574 10203 9634 6050 13392 9757 8124 6934 11353 14031 10430 14793 6831 11255 8056 3484 1592 7933 6624 8297 11114 2971 11425 7150 6061 9857 8147 5002 5500 6272 10744 7539 7557 3087 6974 6250 8510 5178 11105 6745 8730 14241 9362 6865 9722 12231 5533 10379 7979 14337 8352 4065 6938 6451 11756 5164 4414 13391 4794 15182 6383 8191 1251 9164 12799 8404 4677 6483 12259 7878 11599 8096 12080 8269 6084 3973 8773 5371 7170 4726 12167 2929 9957 8749 12621 9152 6248 9494 5464 9872 10800 9224 6205 4173 3941 13352 3697 6901 9113 7819 4329 8782 10128 5789 10494 6529 10335 6086 7750 9925 1326 8692 6854 9900 4348 12321 4525 2430 11003 5557 11213 3765 5954 15700 5832 9988 9779 9946 3158 12987 5419 11503 12059 3380 6416 10163 9558 4977 5505 8626 3871 1951 10118 5411 607 12771 11541 8765 7616 4068 15236 7557 3630 10785 4155 7846 12130 5344 6423 6636 7521 6982 0 7949 2219 13611 8911
7491 14914 4860 9911 4795 8000 8673 9279 12146 6330 3105 5915 12467 16762 3453 7452 679 7629 7046 15012 5976 4195 8901 3164 3757 2983 7970 4151 5244 14206 6344 7396 6616 7148 7546 11480 11636 13566 5748 2987 7315 1273 11926 11014 14505 7064 5021 12462 12879 6494 11776 6808 4258 5394 2919 10205 12826 2253 16233 14271 8374 17225 16621 13459 3049 8650 9163 5740 14604 3676 5145 12233 11370 3463 8001 11679 13558 10235 12185 575 7577 14961 10932 12024 4579 13868 3730 14679 1845 4703 4173 6105 13564 6491 14662 11875 9935 13442 19016 14377 13870 8676 15694 1486 10738 2399 10014 9162 15718 14501 12655 10583 7226 18852 10373 13761 4752 5095 10427 11638 946 8611 9441 3975 3283 8419 7103 9970 12018 8804 10982 3534 5833 8463 5672 2981 11366 4857 13326 14277 8522 16654 14804 5276 6010 6125 2869 12656 13260 11851 2014 13147 6860 11650 13171 4825 5531 7689 13928 10648 4372 5808 5072 485 9221 8167 7723 4516 9977 15064 10466 17098 7644 6983 12515 4722 14710 8154 6198 6601 9824 14214 6664 6156 14625 10175 2271 6029 5937 11739 173 1558 12507 10203 11375 13354 5370 10991 13874 10412 5922 12772 5347 14383 5616 13368 4866 14498 3309 10555 7477 7695 2835 12392 5860 5899 11551 2678 11842 12131 416 6173 4856 17709 10551 11935 13289 6384 9549 7307 7109 1729 2626 16681 9313 7274 13857 6597 8224 3060 6250 5217 14070 6534 7900 7936 14695 4561 14022 11396 6778 7805 4068 1185 5757 5009 11447 6228 13302 14276 2723 12220 5892 13449 16405 14713 4797 11033 11346 12270 7452 12362 7334 6341 9614 9834 16271 13454 16630 4994 11957 16992 11480 6919 14511 4368 6067 8237 5746 5942 7714 5623 12328 12541 11389 7568 6871 16685 5173 15457 4125 14418 8085 11163 12049 4910 4137 13598 10876 11908 1883 11355 1701 9349 18601 6563 6350 9641 19068 4225 12466 4164 9653 16306 8938 12918 7174 7955 6175 8065 4259 6911 11065 14557 8713 1474 3867 8212 14925 3342 14991 5807 7103 2514 7314 12644 14773 7673 12269 4630 11761 7653 8809 9606 17468 10620 13730 13038 4657 15215 8277 16796 8098 5041 2847 7295 5375 4671 8414 14514 1609 7188 13104 10081 5569 6006 5569 9475 7368 11960 4293 2530 2637 7601 13148 14177 4348 16559 5238 14163 7237 5361 14133 6653 13587 7073 7949 0 10166 11367 8521
14775 9938 8645 7755 13471 10826 13651 2115 6781 10650 13191 8917 8454 9301 8482 15305 10281 3149 6356 7168 4555 8898 12631 11137 11289 7182 9484 6196 7081 4879 10773 10761 4441 15087 11836 3987 11355 8781 10193 12858 3205 11403 6356 8250 10752 7220 9247 15435 8251 4253 5220 14468 14296 5518 13057 7417 4155 7919 8702 7726 6383 9038 8239 6040 13142 9429 10854 6053 7576 8237 12637 11832 7228 6717 6503 11583 12065 14820 16367 10516 8446 5128 7731 4742 7294 6343 12453 8387 8382 10647 13014 16047 5535 11056 5213 3669 8923 6315 10895 6938 7918 1504 5842 11647 10494 12238 5284 7298 9922 6133 11918 1180 5771 11298 4731 5320 5956 11757 6343 12848 9364 7883 2595 11060 6925 6131 3135 10440 8937 10282 2599 6637 13453 15370 12603 13118 13065 10426 16553 5233 8067 8083 9781 13391 12659 13235 7682 11179 6477 7137 8540 6824 12612 8263 4137 14346 5307 16632 5180 603 12592 5844 6962 10650 3464 17367 10254 9405 5983 8566 7542 9723 15092 16344 14422 12658 7185 10796 6156 7128 6625 8528 15042 11968 7760 1649 11636 10993 15659 5420 10339 8664 2378 5658 1340 5364 14742 12308 8024 12658 4377 3622 13124 5006 15572 6017 7688 5111 6973 4198 10588 9775 11064 14029 8619 9170 4327 12099 9945 1965 9934 10397 12223 10624 390 7341 3403 15474 9618 3663 15637 9993 12530 10645 1325 11791 9235 7479 15329 11872 9876 8809 11624 16172 12095 16835 4734 13404 6997 1421 3566 9370 8655 10510 13032 5171 12477 8858 4387 9614 10230 3476 7252 4628 9874 5807 9502 868 7116 5652 10072 3885 12928 8418 9816 16042 7899 5567 8242 14354 4799 9039 8323 16465 7162 6163 8515 7642 13834 6914 5458 15573 2989 16634 6074 9518 3351 7306 14965 6899 6801 4302 14091 8070 12529 10042 14293 7515 5946 1759 10974 4975 9372 5051 10847 4572 11820 9830 11278 11214 5523 11577 6014 8658 12317 9338 7668 5111 5567 15307 5909 8460 9845 6564 4922 10994 12265 6930 10192 8638 9694 7851 9321 12094 3096 8507 4693 11380 2217 14532 3067 3790 12569 5905 10024 3164 3978 17139 7801 9124 11304 8490 4025 15201 7622 13370 14195 5588 7550 9663 11774 6400 3576 9566 5805 4170 12093 6030 2814 13937 13674 10878 9701 5158 16571 6402 5848 9859 6027 6852 14067 7209 4497 8070 6463 8333 2219 10166 0 15046 10091
5484 10960 7583 19587 15612 19096 2784 15851 10794 17558 11077 6722 9388 14698 14199 6331 12042 12098 8745 14276 11420 15122 2666 8284 7680 11684 5569 11070 8742 15799 17593 4619 10995 17968 3943 12843 5206 22504 16934 10329 12256 11779 20242 20610 9461 7879 7047 1268 10082 14359 11966 6141 11043 14153 11367 8455 19155 11685 14500 12486 17736 15915 15821 20789 12547 19255 4229 9554 13149 14294 6672 5274 9565 12041 17486 4971 6666 1439 1353 11844 18005 17148 8663 19307 8994 21150 8413 12348 11035 6704 15027 14718 20450 17772 16244 13582 20096 12858 16977 13527 11709 13959 17690 11617 5433 10300 10452 18809 12206 14675 5673 16136 9311 16090 18351 14436 13676 6331 19276 3335 11856 18631 12596 7406 12160 8986 12754 4991 21611 19649 17355 11652 6424 4790 5987 11365 2768 6616 1959 15436 18637 16105 10975 7164 17336 5827 12813 6548 12440 20624 10369 11926 4575 8740 19181 9494 10674 17638 14881 15638 7655 9754 14981 11406 11743 17693 4894 15598 18770 12730 19896 14780 5686 16566 2421 15895 22039 19225 15629 16572 9032 22714 7248 17522 12972 13757 9656 17331 15195 19589 11376 11047 16355 18757 15422 13768 9176 3411 11600 2563 13389 14869 6792 15972 14377 13076 15208 20098 11038 18153 4708 18560 8622 2735 6992 6536 12595 9575 7071 16419 11705 5575 16153 14773 15257 20783 18244 16470 5720 11600 17559 9664 12896 12943 13722 18596 22908 16740 5109 14191 5834 7219 7870 15772 3582 17882 17282 8285 21666 15332 13845 5693 8175 10228 16992 12547 3615 6614 19427 10406 14069 18457 8218 19664 13383 20852 7060 15643 9658 12076 5129 13976 4123 6945 5527 3677 15604 20443 15833 15148 12570 15462 8513 16216 21959 13286 16712 7438 6977 8532 16660 14398 18035 1590 19763 18372 13552 17394 14554 15402 10005 17624 3845 20632 4202 6706 12502 21809 19368 16421 9650 11785 9941 17796 16192 14804 5017 5523 16550 7164 12434 7314 9545 14684 2848 8947 7420 16668 15189 5329 12131 6717 6455 14248 17214 10152 8057 8153 10693 8815 23772 7691 5883 13284 14195 21815 17722 18910 15963 10558 18004 11320 2753 18457 15082 12804 16216 2095 8435 23545 3855 15821 16093 12812 10517 4379 8105 11517 7559 23501 11471 8679 18587 6053 9963 12511 5892 9442 13157 2283 14643 13876 13886 16371 1799 13832 11687 13663 14450 13301 5027 8541 16246 17054 21132 17528 13611 11367 15046 0 19356
16008 19130 11877 3373 7380 1184 16855 8016 15847 2665 10785 12883 17037 19296 5210 15961 7962 10059 12207 17179 9322 4346 16721 11598 12152 7721 14718 8654 11133 14933 2741 14883 10169 7404 15413 13655 18094 6782 2992 11089 9625 8853 6585 4060 19428 12788 12350 20296 17128 6550 14644 15330 11805 5881 10446 15123 9621 7672 18695 17394 3787 19123 18329 8786 9584 785 16205 10763 17396 5080 13629 18698 15708 7445 3601 18229 19617 18410 20351 8264 1706 14913 15749 8043 10658 9104 12243 18007 8340 12738 7401 10964 9390 2826 15222 13575 2384 16087 20985 16844 17371 9358 15549 9156 17104 10647 13705 3237 19449 16200 19002 9516 11947 21345 6405 15378 6085 13415 5063 18761 7756 2368 11481 12277 7279 13139 8947 16570 4726 293 8723 7870 14347 16971 14097 10499 18664 12775 21282 15319 2145 18173 18982 13797 4996 14599 6544 18638 16138 5870 9004 16334 15108 16475 10173 12968 9707 9580 15266 10133 12893 10645 4549 8726 11939 10477 14904 4016 5009 18269 4070 19711 16166 9979 19983 6282 9614 1025 4440 3278 14413 7831 15128 4052 17539 11325 10763 3231 10160 7146 8594 8361 12043 5470 11339 15333 13556 18096 17443 17835 7235 13713 13862 15044 10667 15842 4174 11409 8432 7005 14870 826 11290 19749 12675 13006 13926 11121 17515 11441 8111 13799 5606 20573 10389 5807 11367 8991 15886 10211 8387 9973 8762 20295 10331 2839 6860 2969 16740 7079 13626 12266 19682 10343 15774 9668 14407 13023 8763 11453 7457 14542 11208 9685 5720 7554 18477 13096 10118 18638 6013 9416 11844 10100 19651 10968 12303 10657 15627 15161 14621 13888 15579 12939 16028 18303 17987 9200 18332 8716 14434 19105 16412 10378 9335 6369 2648 13921 14263 11648 4636 10653 10069 20699 6225 984 7882 17257 9853 16989 9634 13694 16467 4363 18897 12653 10711 7759 5816 11118 10400 14274 9544 5438 20912 6030 14467 16053 21351 12534 15155 12573 13929 18672 16637 17793 13147 4981 5093 16585 7621 13402 16987 16584 5291 9990 12388 13482 19293 10543 8094 12170 14001 8066 7588 5793 14141 2046 12071 12383 9196 10756 16630 4817 20032 12658 13916 21217 11137 8805 15760 18578 6067 11416 8866 15649 13798 8444 13995 7462 9367 12354 10713 16214 10335 8270 13900 13821 8787 19414 8395 6608 5919 4950 21153 16369 8122 19685 5376 16718 15714 11341 14465 2463 8601 2018 8911 8521 10091 19356 0
1 6 11 1
2 6 13 4
3 6 8 3
4 5 4 0
5 9 9 2
6 6 6 2
7 7 7 3
8 7 3 4
9 5 6 3
10 7 7 5
11 8 3 0
12 9 3 2
13 7 3 4
14 11 7 2
15 9 6 3
16 8 2 3
17 6 7 2
18 7 7 7
19 8 5 2
20 3 5 3
21 10 6 4
22 10 4 1
23 5 6 0
24 8 8 5
25 4 8 3
26 2 5 6
27 6 7 3
28 2 5 3
29 8 4 3
30 8 8 4
31 3 3 2
32 3 7 6
33 5 5 3
34 3 7 0
35 4 9 3
36 6 6 4
37 7 0 1
38 2 6 1
39 4 2 4
40 3 6 5
41 4 3 3
42 3 1 5
43 5 7 4
44 9 6 0
45 2 6 4
46 5 8 3
47 5 7 3
48 3 4 3
49 7 9 5
50 5 4 1
51 9 6 2
52 8 6 1
53 6 3 4
54 7 10 3
55 3 5 0
56 5 7 4
57 5 4 3
58 5 6 3
59 4 3 6
60 5 5 5
61 4 11 9
62 4 9 5
63 3 10 5
64 7 8 0
65 7 1 5
66 4 7 4
67 7 7 4
68 6 4 2
69 5 2 6
70 4 5 0
71 3 4 3
72 6 4 0
73 9 2 2
74 7 7 5
75 3 4 2
76 5 5 3
77 8 3 2
78 6 8 4
79 7 7 2
80 5 2 2
81 5 6 2
82 0 5 2
83 5 2 1
84 4 9 0
85 9 8 4
86 5 2 5
87 8 5 1
88 4 6 3
89 5 4 2
90 7 3 0
91 10 6 1
92 2 4 1
93 3 6 3
94 7 3 4
95 6 5 2
96 8 4 1
97 6 4 5
98 5 3 4
99 10 7 2
100 7 1 1
101 5 4 3
102 7 5 0
103 4 5 5
104 8 6 2
105 6 8 5
106 3 3 1
107 10 7 2
108 9 6 4
109 5 3 4
110 3 2 1
111 4 4 4
112 5 2 6
113 7 6 5
114 5 5 3
115 6 5 3
116 6 4 4
117 2 3 5
118 5 4 5
119 6 7 4
120 4 5 3
121 6 8 2
122 10 5 5
123 3 6 4
124 3 4 2
125 4 4 6
126 1 2 1
127 5 2 2
128 6 6 3
129 9 6 5
130 6 6 1
131 7 4 4
132 9 6 1
133 8 6 4
134 9 1 2
135 2 3 2
136 8 6 3
137 3 6 0
138 7 9 3
139 8 6 6
140 3 4 2
141 4 10 1
142 3 4 6
143 5 0 0
144 2 4 3
145 8 6 2
146 6 2 3
147 9 2 4
148 9 4 0
149 8 7 2
150 11 2 3
151 9 3 0
152 2 5 7
153 4 7 0
154 6 7 4
155 5 6 3
156 8 7 6
157 6 1 4
158 3 8 2
159 3 6 1
160 9 2 3
161 4 5 2
162 6 4 4
163 2 10 5
164 12 1 6
165 5 6 5
166 8 5 3
167 12 8 4
168 5 11 3
169 6 6 3
170 3 5 4
171 7 8 2
172 7 6 6
173 4 6 4
174 9 6 1
175 6 5 3
176 5 10 3
177 6 3 3
178 6 6 4
179 4 7 2
180 5 3 2
181 9 6 2
182 3 6 2
183 6 4 5
184 4 2 2
185 5 7 5
186 7 8 2
187 9 6 1
188 10 10 5
189 9 10 9
190 8 5 1
191 8 4 1
192 4 5 4
193 6 0 2
194 6 2 2
195 6 3 7
196 5 8 3
197 5 4 2
198 3 4 6
199 5 11 3
200 7 7 2
201 4 6 3
202 3 3 3
203 6 2 4
204 4 1 1
205 8 5 1
206 2 6 3
207 4 2 2
208 5 6 4
209 6 4 2
210 12 2 7
211 6 4 5
212 5 4 2
213 10 7 0
214 6 3 2
215 9 2 4
216 7 8 5
217 9 5 5
218 8 4 3
219 6 13 2
220 6 9 4
221 4 5 1
222 5 6 4
223 4 5 4
224 7 2 2
225 5 3 8
226 4 9 5
227 6 4 2
228 4 5 1
229 2 6 4
230 6 3 2
231 7 1 0
232 4 7 2
233 2 4 3
234 7 4 2
235 7 7 4
236 5 8 4
237 4 3 3
238 3 4 2
239 4 9 4
240 5 5 1
241 2 2 0
242 8 6 3
243 3 5 4
244 3 4 2
245 7 5 5
246 2 6 0
247 9 4 2
248 5 7 1
249 1 2 4
250 10 4 2
251 8 8 4
252 5 4 3
253 13 5 4
254 7 8 3
255 8 6 0
256 6 6 5
257 7 3 6
258 5 3 8
259 8 7 2
260 3 6 3
261 11 3 1
262 8 6 2
263 8 7 2
264 7 7 4
265 9 6 4
266 9 2 5
267 7 8 2
268 3 8 4
269 7 8 1
270 4 4 2
271 8 3 3
272 4 6 4
273 7 5 0
274 6 7 3
275 4 7 1
276 7 6 4
277 4 7 1
278 5 4 7
279 2 8 3
280 7 8 4
281 3 3 2
282 6 6 3
283 3 5 4
284 4 7 7
285 5 4 1
286 5 2 4
287 5 4 2
288 7 4 2
289 3 5 3
290 5 7 2
291 8 8 2
292 6 8 1
293 10 7 2
294 8 6 1
295 7 6 2
296 3 6 4
297 2 4 3
298 10 4 4
299 10 4 3
300 7 3 2
301 8 5 1
302 4 5 4
303 8 6 2
304 4 4 4
305 11 3 0
306 5 7 5
307 6 5 1
308 4 2 2
309 4 7 1
310 6 7 5
311 5 3 5
312 5 4 3
313 11 6 1
314 4 2 1
315 8 4 4
316 7 6 6
317 4 4 3
318 7 5 6
319 7 4 2
320 3 5 4
321 5 4 2
322 6 4 3
323 8 7 5
324 8 3 5
325 3 5 3
326 5 3 4
327 5 5 2
328 7 9 0
329 2 4 4
330 6 6 5
331 5 4 3
332 4 3 1
333 7 3 3
334 5 10 1
335 11 4 2
336 2 6 3
337 7 4 7
338 2 3 4
339 5 2 6
340 7 5 0
341 6 4 3
342 6 5 1
343 9 3 4
344 6 0 4
345 4 3 6
346 4 3 3
347 5 8 4
348 3 9 2
349 8 3 2
350 5 7 4
351 10 2 4
352 6 6 3
353 2 4 0
354 3 5 1
355 11 6 5
356 4 5 3
357 7 5 6
358 6 4 7
359 6 6 5
360 8 7 5
361 7 8 2
362 1 8 4
363 4 4 6
364 6 7 7
365 5 9 0
366 5 3 3
367 9 3 2
368 7 5 0
369 5 6 3
370 10 5 2
371 8 3 3
372 6 6 3
373 3 5 7
374 2 0 0
375 9 3 0
376 8 6 4
377 5 6 0
378 6 8 4
379 0 3 3
380 7 7 6
381 8 8 4
382 6 7 5
383 8 6 2
384 3 8 3
385 7 1 1
386 10 5 5
387 7 7 4
388 4 4 4
389 5 5 4
390 5 6 3
391 5 6 4
392 5 6 7
393 9 4 4
394 6 4 3
395 4 7 7
396 7 1 1
397 5 4 3
398 5 6 5
399 1 5 5
400 6 3 3
