3600 400 3
30 60 700 9.00
0 10 305 3
0 8 10 1
0 7 257 2
0 2 233 2
0 2 6 1
0 8 314 3
0 22 212 1
0 2 191 1
0 7 271 1
0 20 63 3
0 2 169 1
0 6 39 2
0 2 41 1
0 3 399 2
0 4 280 1
0 16 247 2
0 5 274 1
0 3 249 1
0 11 379 2
0 18 203 2
0 4 325 1
0 6 124 3
0 5 335 1
0 2 133 1
0 21 50 2
0 5 324 2
0 1 237 3
0 9 383 1
0 8 222 2
0 1 144 1
0 17 16 1
0 3 317 1
0 1 284 1
0 13 261 2
0 11 234 1
0 15 282 3
0 14 385 2
0 3 337 1
0 2 284 2
0 23 399 1
0 1 241 3
0 8 290 1
0 12 79 3
0 18 142 2
0 10 109 1
0 21 231 1
0 9 115 2
0 3 336 1
0 10 136 3
0 11 63 2
0 3 244 3
0 3 368 2
0 9 318 2
0 1 68 2
0 12 59 1
0 4 198 1
0 9 149 2
0 18 307 2
0 6 272 2
0 6 188 1
0 1 95 1
0 5 295 3
0 23 301 2
0 1 36 1
0 5 131 3
0 1 67 2
0 9 286 1
0 2 185 3
0 9 269 3
0 8 371 2
0 3 308 2
0 7 370 3
0 1 56 3
0 4 387 2
0 5 128 1
0 7 334 2
0 5 351 1
0 9 51 2
0 6 262 3
0 12 366 1
0 20 216 3
0 19 389 2
0 1 312 1
0 6 120 3
0 12 183 2
0 7 116 1
0 4 176 2
0 2 59 3
0 11 289 2
0 8 98 2
0 3 231 3
0 5 75 1
0 4 363 1
0 2 165 2
0 5 241 2
0 20 182 1
0 15 167 1
0 12 95 1
0 5 181 1
0 4 285 1
0 11 331 2
0 17 238 1
0 22 137 2
0 14 27 2
0 7 137 2
0 19 363 2
0 2 365 2
0 1 170 2
0 3 42 3
0 8 264 3
0 2 167 3
0 1 295 2
0 4 47 2
0 8 133 1
0 9 290 3
0 7 392 3
0 4 151 3
0 8 145 1
0 23 383 1
0 20 383 1
0 1 351 2
0 4 354 1
0 20 187 3
0 4 353 2
0 15 184 2
0 2 148 2
0 10 63 2
0 15 288 2
0 8 231 1
0 3 125 1
0 3 138 2
0 21 242 1
0 3 178 2
0 24 216 3
0 1 67 2
0 1 104 3
0 9 34 3
0 4 118 1
0 1 106 3
0 3 304 3
0 7 129 3
0 20 331 1
0 11 353 2
0 9 324 3
0 2 45 2
0 6 354 1
0 12 285 2
0 9 55 3
0 8 67 2
0 16 202 1
0 3 364 3
0 13 160 3
0 4 192 1
0 10 337 1
0 7 285 2
0 1 334 1
0 10 249 1
0 10 305 1
0 5 399 3
0 6 142 1
0 5 368 2
0 3 161 1
0 1 400 3
0 4 216 3
0 4 29 3
0 10 171 3
0 2 384 2
0 3 131 3
0 19 204 2
0 17 254 1
0 1 234 2
0 2 215 1
0 4 363 3
0 3 126 3
0 10 377 2
0 13 382 2
0 23 4 1
0 5 220 2
0 18 370 2
0 3 42 2
0 15 125 2
0 4 41 3
0 3 230 3
0 18 77 1
0 14 71 1
0 1 152 2
0 2 87 1
0 11 101 3
0 5 204 1
0 3 249 3
0 1 373 1
0 4 167 3
0 2 153 3
0 20 363 2
0 6 391 3
0 6 68 3
0 5 47 2
0 8 264 2
0 4 271 3
0 4 105 3
0 1 379 1
0 3 253 1
0 7 47 2
0 9 331 2
0 5 388 3
0 14 344 2
0 10 296 2
0 13 13 2
0 4 250 1
0 17 97 2
0 17 153 2
0 4 250 2
0 10 35 1
0 4 298 2
0 11 333 2
0 6 392 1
0 5 139 2
0 1 124 3
0 5 306 2
0 1 366 1
0 14 273 3
0 15 223 2
0 2 272 1
0 4 64 3
0 5 146 2
0 8 342 3
0 8 273 1
0 10 357 2
0 4 388 2
0 17 347 2
0 1 359 2
0 1 392 2
0 9 214 3
0 2 122 3
0 1 363 1
0 2 29 1
0 14 242 1
0 7 322 3
0 2 120 3
0 3 129 2
0 4 63 2
0 2 4 3
0 4 66 1
0 6 32 1
0 24 177 3
0 4 320 3
0 4 53 1
0 15 397 2
0 25 316 2
0 10 238 3
0 4 325 1
0 1 169 3
0 16 215 1
0 7 97 3
0 9 314 3
0 7 205 1
0 2 76 2
0 11 338 1
0 14 178 1
0 4 306 2
0 8 226 3
0 9 73 3
0 2 374 1
0 3 305 2
0 12 51 2
0 2 158 3
0 17 69 2
0 1 11 2
0 1 223 1
0 2 388 3
0 15 258 3
0 5 324 3
0 18 302 3
0 2 200 2
0 1 375 2
0 3 97 1
0 5 59 1
0 8 287 1
0 12 227 2
0 2 38 2
0 3 27 2
0 14 322 3
0 1 162 1
0 11 30 2
0 1 49 3
0 11 34 2
0 21 207 1
0 13 253 2
0 5 153 2
0 16 316 1
0 14 118 3
0 11 370 3
0 3 383 2
0 2 239 1
0 15 92 1
0 1 203 2
0 5 197 3
0 4 354 3
0 14 288 1
0 4 261 3
0 7 296 3
0 12 14 3
0 3 99 2
0 3 304 3
0 4 392 3
0 7 72 2
0 13 128 3
0 6 202 2
0 21 399 3
0 6 287 3
0 5 305 2
0 20 374 2
0 12 57 2
0 1 82 1
0 10 135 1
0 10 140 1
0 13 267 1
0 5 127 1
0 12 29 1
0 14 306 2
0 4 67 3
0 12 308 3
0 10 208 1
0 2 385 1
0 16 305 3
0 4 79 1
0 21 37 3
0 11 176 1
0 9 237 2
0 4 299 1
0 4 336 3
0 10 182 2
0 4 92 3
0 9 149 1
0 1 103 2
0 17 283 3
0 9 309 2
0 5 119 1
0 7 226 3
0 5 200 1
0 17 16 2
0 23 135 1
0 2 253 2
0 19 175 3
0 20 354 1
0 3 303 3
0 10 56 3
0 23 180 2
0 15 136 2
0 4 176 2
0 7 375 3
0 4 363 2
0 5 311 1
0 1 114 2
0 5 24 1
0 18 264 3
0 3 251 2
0 16 369 3
0 7 354 3
0 6 93 2
0 5 127 1
0 4 303 2
0 4 248 2
0 20 122 3
0 12 329 3
0 4 270 1
0 4 200 1
0 9 184 3
0 11 374 2
0 7 231 3
0 5 105 3
0 10 148 1
0 3 28 3
0 12 299 1
0 3 372 1
0 5 5 1
0 1 37 3
0 12 226 2
0 4 72 3
0 11 364 2
0 6 148 3
0 1 236 3
0 5 236 1
0 2 211 1
0 4 213 3
0 23 232 3
0 7 302 3
0 4 349 3
0 19 119 1
0 24 216 3
0 12 194 2
0 3 385 1
0 2 247 1
0 25 154 1
0 5 243 1
0 10 384 3
0 7 160 3
0 8 57 1
0 3 121 3
0 10 203 1
0 9 60 1
0 3 231 1
0 14 115 3
0 9 271 1
0 23 20 2
0 2 159 2
0 20 376 3
0 12 395 3
0 10 327 2
0 4 315 1
0 2 81 3
0 1 237 1
0 1 357 1
0 7 97 3
0 1 160 3
0 13 309 2
0 17 306 1
0 2 112 2
0 1 171 3
0 5 335 3
0 15 193 1
0 1 361 1
0 4 77 1
0 5 352 1
0 5 380 1
0 2 158 1
0 5 236 3
0 4 329 3
0 3 301 2
0 3 113 2
0 17 50 3
0 3 337 3
0 4 259 2
0 3 33 3
0 15 34 2
0 7 5 2
0 3 75 3
0 3 36 3
0 15 43 1
0 7 237 3
0 8 372 2
0 5 367 3
0 21 111 3
0 17 246 1
0 4 162 2
0 10 375 3
0 21 231 3
0 1 237 2
0 4 79 2
0 14 85 3
0 10 123 3
0 7 369 3
0 2 133 1
0 19 155 2
0 19 9 1
0 17 11 2
0 4 87 3
0 10 342 3
0 21 368 2
0 5 53 2
0 1 329 3
0 10 144 2
0 7 19 2
0 3 27 3
0 18 225 1
0 16 253 1
0 2 310 3
0 1 73 2
0 13 147 1
0 14 391 3
0 6 248 3
0 10 223 1
0 4 61 1
0 20 63 2
0 17 112 2
0 15 285 2
0 5 64 3
0 4 171 2
0 9 235 2
0 13 60 3
0 8 272 2
0 2 336 2
0 2 126 2
0 1 186 3
0 1 137 1
0 21 357 3
0 9 157 2
0 10 143 1
0 2 184 2
0 1 168 2
0 1 225 2
0 15 350 3
0 3 289 1
0 3 139 1
0 2 129 1
0 7 194 2
0 6 112 3
0 3 384 2
0 24 383 3
0 2 274 2
0 12 245 1
0 15 314 2
0 11 12 3
0 7 226 3
0 9 194 3
0 14 206 2
0 21 177 1
0 3 280 1
0 3 151 3
0 3 220 3
0 5 268 3
0 4 189 3
0 17 68 2
0 3 343 1
0 3 334 2
0 7 375 1
0 16 372 2
0 18 388 1
0 9 173 2
0 14 306 1
0 4 162 1
0 12 291 2
0 21 2 3
0 19 391 2
0 8 336 1
0 1 349 3
0 1 185 3
0 1 6 3
0 5 174 2
0 19 265 3
0 15 289 3
0 1 261 1
0 18 314 1
0 14 23 1
0 8 247 2
0 3 351 3
0 8 156 1
0 1 387 3
0 2 344 3
0 8 13 2
0 1 94 2
0 21 173 2
0 9 141 3
0 3 323 1
0 8 369 2
0 20 351 2
0 1 387 3
0 3 140 2
0 24 98 1
0 1 321 1
0 13 169 3
0 12 291 1
0 5 64 3
0 3 30 2
0 20 345 2
0 3 331 3
0 14 395 2
0 9 27 3
0 13 363 3
0 25 233 2
0 5 303 2
0 2 384 3
0 14 395 3
0 2 90 2
0 10 142 1
0 23 24 3
0 16 371 2
0 3 75 3
0 1 261 1
0 5 216 2
0 8 14 3
0 8 284 3
0 7 298 2
0 8 33 3
0 13 183 2
0 4 84 3
0 5 76 2
0 10 190 2
0 25 268 2
0 21 290 1
0 11 160 2
0 19 363 1
0 4 114 2
0 1 26 2
0 7 247 2
0 3 375 3
0 5 314 1
0 6 227 2
0 24 151 3
0 21 50 1
0 19 388 2
0 2 346 3
0 3 14 2
0 5 303 1
0 13 249 3
0 20 30 2
0 3 172 2
0 25 182 3
0 8 182 3
0 18 98 3
0 17 366 2
0 7 302 2
0 3 269 3
0 2 294 3
0 1 112 3
0 9 18 3
0 1 269 3
0 1 332 2
0 5 174 3
0 13 151 3
0 3 318 1
0 6 219 3
0 7 21 3
0 2 273 2
0 9 351 3
0 6 236 1
0 13 187 2
0 22 35 2
0 17 222 2
0 6 225 1
0 16 203 3
0 3 15 3
0 3 99 1
0 12 40 2
0 24 106 2
0 5 366 2
0 3 228 2
0 20 244 1
0 10 146 2
0 17 28 2
0 3 156 1
0 5 193 1
0 17 386 1
0 18 286 3
0 16 345 2
0 4 124 2
0 2 266 1
0 3 259 1
0 1 307 1
0 1 74 2
0 4 369 1
0 12 389 3
0 2 351 2
0 20 53 1
0 8 128 2
0 1 65 2
0 6 8 1
0 5 374 1
0 3 395 1
0 5 372 2
0 11 201 1
0 6 263 3
0 3 335 2
0 2 231 3
0 3 99 1
0 4 17 3
0 11 187 1
0 9 187 3
0 3 307 1
0 19 88 2
0 4 267 1
0 9 345 2
0 2 336 2
0 6 56 3
0 13 302 2
0 4 82 2
0 8 210 1
0 5 196 3
0 1 256 1
0 2 46 2
0 13 87 2
0 5 235 3
0 22 335 2
0 5 154 3
0 12 370 2
0 2 188 2
0 4 342 1
0 3 125 3
0 20 227 2
0 12 293 3
0 15 195 1
0 20 230 1
0 12 47 2
0 1 107 2
0 10 161 1
0 9 244 3
0 8 52 3
0 8 226 2
0 2 373 1
0 1 205 2
0 12 352 2
0 5 290 3
0 5 256 3
0 8 54 2
0 14 45 2
0 1 250 3
0 6 47 3
0 10 193 1
0 13 242 1
0 3 209 2
0 3 309 1
0 5 373 3
0 18 390 3
0 14 247 2
0 21 224 1
0 11 234 2
0 3 383 3
0 13 303 3
0 8 100 1
0 8 128 2
0 10 373 1
0 3 2 3
0 6 80 2
0 7 267 3
0 8 187 2
0 16 197 2
0 10 48 2
0 9 106 1
0 5 325 3
0 11 79 2
0 3 264 1
0 5 169 3
0 6 235 2
0 10 40 1
0 10 83 1
0 17 146 2
0 12 219 2
0 7 399 3
0 3 376 1
0 7 395 1
0 10 345 1
0 2 356 3
0 7 2 2
0 23 106 2
0 10 321 2
0 13 128 1
0 16 165 1
0 1 54 1
0 13 146 3
0 13 135 2
0 5 69 2
0 4 332 3
0 2 5 2
0 18 326 2
0 13 26 3
0 18 319 3
0 1 63 1
0 7 23 2
0 9 377 2
0 1 47 3
0 12 370 2
0 19 23 1
0 13 127 1
0 5 320 2
0 18 308 2
0 9 321 2
0 13 313 3
0 7 99 2
0 8 68 3
0 15 85 3
0 4 346 2
0 3 2 3
0 19 395 2
0 3 224 2
0 13 287 2
0 2 306 1
0 11 71 3
0 4 328 1
0 14 171 3
0 5 143 2
0 8 291 3
0 5 234 2
0 7 321 1
0 5 344 1
0 17 39 2
0 8 397 2
0 17 233 2
0 1 382 3
0 19 283 3
0 12 118 1
0 3 164 2
0 3 336 1
0 6 121 1
0 4 48 2
0 2 272 1
0 3 115 2
0 13 250 3
0 4 153 2
0 14 166 2
0 7 82 2
0 1 272 3
0 10 338 1
0 4 99 1
0 2 93 2
0 1 221 3
0 4 345 2
0 7 395 2
0 3 366 3
0 3 176 1
0 10 32 3
0 5 214 1
0 5 273 2
0 9 280 2
0 2 277 2
0 4 207 2
0 25 156 1
0 6 209 3
0 9 83 3
0 11 291 1
0 3 80 2
0 3 16 2
0 1 149 1
0 10 126 1
0 2 250 1
0 16 19 1
0 7 306 3
0 10 46 3
0 1 62 3
0 12 253 1
0 17 68 3
0 6 50 3
0 3 355 1
0 19 200 1
0 6 30 2
0 22 280 1
0 15 94 1
0 2 130 2
0 3 97 2
0 20 282 3
0 18 1 1
0 1 233 2
0 19 191 1
0 6 238 1
0 18 297 3
0 9 392 3
0 11 276 3
0 8 209 2
0 4 346 3
0 2 38 3
0 8 179 3
0 4 357 2
0 24 115 1
0 14 268 2
0 5 96 1
0 1 96 3
0 21 367 3
0 1 136 2
0 21 346 2
0 3 209 3
0 13 190 2
0 7 258 2
0 9 266 1
0 1 212 1
0 9 241 1
0 4 360 1
0 4 103 2
0 2 354 2
0 2 213 3
0 13 124 2
0 16 131 2
0 7 345 2
0 8 270 1
0 9 281 3
0 15 56 2
0 10 22 1
0 2 356 1
0 3 73 2
0 9 264 3
0 12 213 2
0 10 198 3
0 12 85 2
0 2 224 1
0 5 369 1
0 5 262 2
0 1 327 1
0 6 250 3
0 2 40 3
0 23 290 1
0 5 293 2
0 1 10 1
0 13 278 2
0 7 139 1
0 21 344 3
0 23 224 2
0 7 102 3
0 1 25 1
0 3 250 3
0 17 40 2
0 12 131 1
0 7 203 3
0 8 9 3
0 18 289 2
0 6 153 1
0 2 146 1
0 8 199 2
0 2 125 2
0 2 110 1
0 12 89 1
0 5 266 2
0 8 49 3
0 6 136 1
0 2 158 2
0 10 298 3
0 7 136 2
0 7 380 1
0 5 101 3
0 1 231 3
0 6 76 3
0 6 278 3
0 5 399 2
0 2 123 2
0 4 227 1
0 1 317 1
0 4 34 2
0 9 378 1
0 8 43 2
0 4 9 3
0 4 235 1
0 2 183 1
0 10 248 1
0 11 18 3
0 3 336 3
0 2 212 3
0 22 289 3
0 7 129 3
0 3 393 3
0 4 80 1
0 1 50 3
0 14 7 2
0 9 365 2
0 14 400 1
0 4 225 1
0 11 88 2
0 4 336 3
0 20 254 2
0 7 204 1
0 8 264 1
0 14 353 3
0 2 195 1
0 6 1 2
0 2 195 3
0 1 93 3
0 7 315 3
0 5 247 2
0 4 277 2
0 4 388 2
0 2 187 3
0 10 394 1
0 13 74 1
0 1 120 2
0 9 354 1
0 3 388 2
0 13 397 1
0 3 194 3
0 18 187 2
0 5 264 2
0 4 241 3
0 24 285 2
0 14 298 1
0 7 51 3
0 1 34 1
0 3 393 1
0 4 50 1
0 1 137 3
0 2 94 3
0 14 208 2
0 7 396 1
0 2 64 3
0 5 361 2
0 1 237 3
0 17 381 3
0 8 293 2
0 9 343 2
0 17 112 1
0 7 9 1
0 7 360 1
0 2 327 2
0 4 147 1
0 15 117 3
0 16 309 2
0 8 206 2
0 7 44 3
0 1 259 2
0 7 249 1
0 6 5 1
0 25 366 3
0 3 39 3
0 25 81 3
0 13 284 1
0 18 207 1
0 11 376 1
0 21 319 1
0 8 75 1
0 7 95 1
0 1 301 1
0 1 285 2
0 1 360 2
0 3 393 3
0 12 12 2
0 2 177 3
0 3 133 2
0 19 388 2
0 13 204 1
0 7 299 2
0 3 295 2
0 7 382 3
0 2 153 2
0 1 124 3
0 9 90 1
0 16 56 2
0 13 129 2
0 7 24 1
0 22 23 1
0 10 193 1
0 24 314 3
0 22 68 3
0 6 31 3
0 11 382 1
0 2 304 1
0 9 375 1
0 2 139 2
0 4 29 1
0 12 259 2
0 7 43 2
0 4 58 1
0 20 178 2
0 18 19 1
0 1 380 2
0 11 265 2
0 4 24 3
0 3 387 2
0 10 281 1
0 20 357 2
0 7 316 3
0 10 391 3
0 25 275 1
0 19 209 3
0 9 148 1
0 5 118 1
0 12 357 2
0 6 336 2
0 17 357 1
0 3 4 2
0 3 68 1
0 13 305 2
0 4 53 3
0 8 268 1
0 2 370 3
0 2 25 2
0 17 190 2
0 5 333 1
0 7 217 3
0 5 48 1
0 1 332 1
0 9 157 3
0 1 237 1
0 6 36 3
0 23 284 3
0 7 37 2
0 18 168 1
0 13 240 1
0 2 210 3
0 2 389 3
0 7 210 1
0 3 115 1
0 5 238 3
0 7 82 2
0 3 53 2
0 13 102 3
0 20 176 3
0 6 47 1
0 7 321 2
0 5 240 1
0 5 34 1
0 1 82 1
0 9 263 2
0 3 341 1
0 5 363 2
0 23 322 1
0 19 133 3
0 12 73 1
0 19 230 3
0 25 110 3
0 18 169 2
0 14 51 1
0 4 326 2
0 11 23 1
0 3 19 2
0 23 135 3
0 1 380 1
0 23 116 1
0 8 379 2
0 4 213 3
0 9 43 3
0 9 301 1
0 1 136 3
0 7 321 2
0 1 226 1
0 2 251 3
0 1 66 1
0 18 95 3
0 3 332 2
0 9 297 2
0 2 3 2
0 15 118 3
0 10 296 1
0 19 313 1
0 6 375 1
0 3 363 2
0 4 385 2
0 15 241 3
0 5 207 2
0 14 382 2
0 11 18 1
0 1 317 1
0 3 187 3
0 8 43 3
0 18 303 3
0 9 46 1
0 22 35 2
0 2 35 2
0 14 280 2
0 2 253 1
0 1 365 2
0 12 10 1
0 21 338 3
0 7 301 2
0 2 49 1
0 3 263 1
0 3 340 3
0 1 376 1
0 17 176 2
0 1 188 2
0 1 93 2
0 12 119 3
0 4 217 2
0 21 61 3
0 19 199 2
0 19 194 2
0 1 47 2
0 17 319 3
0 1 346 2
0 1 282 3
0 3 172 3
0 12 7 1
0 3 289 2
0 4 260 3
0 1 122 3
0 5 182 1
0 2 318 3
0 4 338 1
0 2 328 3
0 20 151 2
0 3 86 3
0 2 36 2
0 7 165 2
0 9 217 2
0 1 291 2
0 21 333 3
0 16 248 3
0 8 33 3
0 4 388 1
0 2 386 1
0 2 4 2
0 5 54 2
0 1 268 3
0 13 180 3
0 1 94 1
0 12 239 3
0 4 1 1
0 8 298 3
0 12 155 3
0 11 142 1
0 8 297 1
0 19 288 3
0 8 358 2
0 3 34 3
0 14 40 2
0 2 138 3
0 1 67 2
0 19 267 2
0 1 76 2
0 10 68 1
0 7 243 1
0 14 64 2
0 8 377 1
0 12 202 1
0 2 87 2
0 21 121 1
0 4 74 1
0 10 36 1
0 6 56 3
0 10 183 1
0 7 20 1
0 5 96 2
0 5 47 2
0 2 353 1
0 15 395 3
0 10 54 1
0 20 338 3
0 20 123 3
0 4 47 3
0 2 236 1
0 6 284 1
0 4 263 1
0 7 304 3
0 13 8 2
0 2 16 2
0 13 45 3
0 13 305 2
0 5 254 3
0 24 390 2
0 4 306 3
0 3 93 1
0 13 234 1
0 25 367 2
0 7 33 3
0 10 7 1
0 1 29 3
0 2 100 3
0 5 384 2
0 6 80 1
0 18 210 2
0 9 215 1
0 9 397 2
0 6 296 3
0 1 74 1
0 1 327 2
0 11 338 1
0 1 38 3
0 5 176 2
0 2 388 3
0 17 175 3
0 14 209 3
0 16 121 1
0 1 46 3
0 4 206 2
0 12 175 3
0 10 165 2
0 4 39 1
0 4 1 3
0 6 371 1
0 8 79 3
0 14 271 2
0 2 116 3
0 9 177 3
0 15 118 1
0 4 335 2
0 15 66 2
0 2 291 1
0 5 38 2
0 1 180 3
0 7 212 1
0 11 117 1
0 21 165 1
0 5 153 2
0 3 372 2
0 5 397 3
0 6 132 3
0 6 45 2
0 13 25 3
0 22 169 1
0 1 53 2
0 3 241 3
0 22 340 2
0 11 183 1
0 17 67 2
0 8 270 3
0 5 70 1
0 2 312 3
0 4 217 3
0 1 213 2
0 15 50 2
0 11 73 2
0 16 266 2
0 1 62 1
0 23 270 2
0 10 15 1
0 23 180 1
0 4 16 2
0 2 76 2
0 3 235 3
0 12 236 1
0 2 53 1
0 19 360 1
0 2 396 3
0 2 318 2
0 19 14 1
0 5 6 3
0 7 385 3
0 14 314 3
0 7 129 3
0 17 255 3
0 3 41 2
0 1 130 3
0 3 163 2
0 2 50 1
0 25 186 3
0 4 201 1
0 15 203 2
0 1 183 2
0 1 281 3
0 5 173 3
0 1 287 3
0 11 223 2
0 2 240 3
0 1 272 1
0 2 218 3
0 20 163 3
0 1 233 2
0 10 121 3
0 8 11 1
0 12 11 3
0 1 101 1
0 1 238 3
0 6 234 2
0 2 232 1
0 16 399 2
0 17 271 3
0 1 207 3
0 25 104 2
0 7 240 1
0 1 96 2
0 3 375 3
0 14 161 2
0 7 54 3
0 2 345 2
0 17 103 3
0 17 143 2
0 5 290 1
0 4 18 3
0 12 68 1
0 18 128 1
0 6 301 2
0 5 15 3
0 9 235 2
0 2 6 2
0 7 233 3
0 14 94 3
0 4 94 2
0 13 159 3
0 10 219 2
0 5 126 3
0 1 318 3
0 5 196 3
0 5 86 1
0 11 190 2
0 1 100 3
0 7 154 2
0 3 288 3
0 7 49 1
0 1 291 2
0 10 321 3
0 10 114 1
0 13 32 3
0 25 213 2
0 4 266 1
0 3 276 1
0 23 147 2
0 2 177 1
0 7 152 2
0 6 92 1
0 11 197 3
0 6 335 3
0 1 297 1
0 10 348 2
0 6 269 3
0 14 308 1
0 4 46 1
0 3 104 1
0 9 65 1
0 3 89 1
0 21 301 3
0 10 223 2
0 6 385 3
0 23 284 2
0 13 16 1
0 10 95 1
0 8 17 2
0 1 242 1
0 7 267 3
0 10 70 1
0 5 256 3
0 8 273 3
0 5 169 3
0 3 212 1
0 14 60 3
0 1 325 2
0 2 151 2
0 23 388 1
0 16 74 3
0 4 164 3
0 4 14 3
0 25 199 3
0 2 222 2
0 3 172 3
0 6 248 2
0 3 218 1
0 4 172 1
0 19 303 2
0 2 359 3
0 5 264 2
0 3 230 1
0 18 61 2
0 3 379 2
0 4 219 2
0 23 221 1
0 3 154 1
0 6 244 1
0 5 134 1
0 5 87 3
0 15 113 2
0 9 309 2
0 5 1 3
0 1 334 3
0 7 102 3
0 9 60 3
0 7 299 3
0 21 286 1
0 10 360 1
0 1 202 1
0 1 213 1
0 2 123 1
0 13 148 3
0 9 39 2
0 4 81 2
0 16 373 1
0 6 245 1
0 6 306 2
0 4 321 1
0 2 372 2
0 6 376 2
0 16 168 3
0 9 312 2
0 12 35 3
0 1 198 3
0 2 329 1
0 2 157 1
0 8 306 1
0 6 293 1
0 12 124 1
0 4 237 2
0 2 374 2
0 2 196 1
0 2 12 2
0 4 351 2
0 1 187 3
0 5 89 2
0 1 395 3
0 3 175 1
0 24 247 3
0 21 385 2
0 17 377 3
0 4 37 2
0 4 271 3
0 3 151 3
0 2 133 3
0 16 206 2
0 17 34 3
0 3 13 3
0 8 393 3
0 2 138 1
0 14 213 1
0 5 286 3
0 1 148 3
0 1 285 3
0 2 309 3
0 5 359 1
0 17 317 3
0 21 150 2
0 1 383 3
0 6 129 2
0 10 204 1
0 2 369 1
0 20 296 2
0 7 95 2
0 11 47 2
0 19 359 1
0 1 310 1
0 7 365 3
0 3 1 1
0 9 151 1
0 16 352 2
0 15 371 2
0 11 52 1
0 3 121 1
0 12 11 3
0 5 291 2
0 19 3 2
0 9 364 3
0 8 79 3
0 21 188 2
0 7 207 2
0 2 378 1
0 4 324 3
0 5 4 1
0 3 370 1
0 9 10 2
0 8 377 3
0 1 260 3
0 13 388 2
0 3 1 3
0 2 225 1
0 19 172 1
0 2 235 1
0 1 208 3
0 8 238 2
0 6 304 3
0 3 391 2
0 2 95 2
0 4 25 2
0 4 362 3
0 10 398 1
0 1 232 2
0 15 122 1
0 4 15 1
0 6 138 2
0 18 29 3
0 8 106 1
0 6 316 3
0 13 293 2
0 4 185 1
0 4 229 1
0 8 126 1
0 8 312 3
0 1 217 1
0 2 128 1
0 13 131 3
0 8 221 3
0 24 379 2
0 14 247 3
0 3 77 2
0 2 15 3
0 1 130 3
0 4 70 2
0 5 117 3
0 13 216 1
0 1 381 2
0 17 104 3
0 10 376 2
0 1 93 2
0 7 349 1
0 3 191 3
0 1 43 1
0 14 115 1
0 5 120 1
0 12 337 1
0 5 282 1
0 1 152 3
0 4 15 2
0 2 68 3
0 15 292 3
0 3 200 2
0 12 275 3
0 22 249 2
0 7 169 2
0 10 359 1
0 17 257 3
0 17 23 3
0 2 2 3
0 3 19 1
0 13 74 2
0 4 111 2
0 24 298 3
0 10 161 2
0 5 48 1
0 6 58 2
0 4 309 2
0 6 335 3
0 6 4 2
0 8 286 3
0 7 324 2
0 14 84 2
0 14 235 2
0 4 397 1
0 1 83 1
0 1 297 1
0 9 145 1
0 25 233 1
0 23 240 2
0 1 118 1
0 1 64 3
0 2 184 2
0 3 74 3
0 14 95 3
0 23 26 1
0 10 39 2
0 4 64 3
0 1 357 3
0 13 146 3
0 9 360 3
0 4 195 2
0 16 110 3
0 3 88 1
0 11 351 1
0 5 139 3
0 4 351 1
0 7 287 1
0 19 253 3
0 7 230 3
0 2 100 2
0 12 311 3
0 4 188 3
0 3 275 3
0 5 308 3
0 10 59 2
0 3 128 2
0 3 366 3
0 5 168 1
0 6 76 1
0 1 28 3
0 14 302 3
0 12 69 3
0 2 252 3
0 5 151 2
0 2 172 3
0 15 244 2
0 1 66 2
0 2 247 3
0 5 131 3
0 9 310 2
0 4 255 2
0 4 72 1
0 4 327 2
0 11 368 3
0 4 345 1
0 13 133 3
0 2 23 2
0 20 271 1
0 3 164 3
0 14 363 2
0 4 345 1
0 3 270 3
0 18 315 2
0 3 312 3
0 7 26 3
0 12 244 2
0 16 268 2
0 16 166 1
0 20 354 2
0 15 298 3
0 5 220 1
0 9 160 3
0 18 18 1
0 6 13 3
0 19 217 2
0 2 300 3
0 24 84 3
0 6 196 2
0 4 27 3
0 23 193 2
0 12 318 1
0 5 133 2
0 12 395 3
0 3 232 2
0 22 38 3
0 15 246 1
0 1 31 3
0 17 383 3
0 1 320 3
0 5 168 3
0 5 344 2
0 4 278 1
0 2 165 2
0 7 150 2
0 6 360 3
0 4 209 2
0 1 83 1
0 21 284 2
0 14 116 2
0 3 352 1
0 1 198 3
0 1 91 3
0 14 167 1
0 4 175 3
0 17 126 3
0 9 301 2
0 6 33 2
0 20 302 2
0 12 359 2
0 2 60 3
0 14 33 3
0 4 189 1
0 12 368 1
0 4 73 2
0 10 195 2
0 1 348 2
0 14 344 2
0 6 378 1
0 3 131 2
0 3 24 3
0 8 289 2
0 3 75 1
0 11 24 3
0 12 303 3
0 11 71 3
0 13 327 3
0 3 190 2
0 16 351 3
0 3 2 2
0 6 331 1
0 2 207 2
0 5 86 2
0 5 308 1
0 1 226 3
0 6 12 3
0 24 46 3
0 19 373 1
0 18 165 2
0 5 115 2
0 24 241 3
0 19 99 3
0 12 212 1
0 10 260 1
0 24 389 1
0 9 134 2
0 14 45 3
0 11 114 1
0 2 303 1
0 8 366 3
0 3 66 1
0 3 384 3
0 14 110 1
0 3 328 3
0 4 219 3
0 14 243 3
0 18 141 3
0 9 302 1
0 1 156 3
0 7 312 2
0 9 260 1
0 8 301 1
0 4 123 1
0 2 70 1
0 18 384 2
0 3 226 2
0 7 34 2
0 11 395 1
0 10 76 3
0 19 331 1
0 7 352 3
0 1 98 2
0 1 398 1
0 14 76 3
0 3 223 3
0 13 371 2
0 15 155 3
0 23 327 1
0 10 364 1
0 9 153 3
0 17 20 2
0 2 327 2
0 2 158 2
0 17 315 2
0 8 64 1
0 15 81 2
0 14 385 2
0 12 41 1
0 8 181 2
0 12 197 3
0 10 344 2
0 15 303 1
0 11 193 1
0 6 201 2
0 10 237 2
0 16 362 1
0 1 156 3
0 2 173 3
0 2 257 2
0 3 226 2
0 14 175 3
0 7 235 2
0 6 7 3
0 18 215 1
0 22 91 1
0 9 234 2
0 4 53 1
0 14 241 3
0 8 216 1
0 7 168 1
0 6 92 3
0 10 230 1
0 25 4 3
0 5 86 1
0 7 14 1
0 1 353 1
0 12 288 1
0 10 294 3
0 13 274 2
0 4 244 2
0 4 255 3
0 4 369 1
0 2 3 2
0 11 264 2
0 11 198 2
0 12 107 3
0 13 32 2
0 7 93 3
0 11 110 3
0 2 355 3
0 6 79 1
0 1 307 2
0 6 347 2
0 14 49 3
0 2 64 2
0 2 218 3
0 3 257 2
0 17 229 2
0 16 163 1
0 17 270 2
0 4 202 3
0 10 324 1
0 9 195 1
0 4 88 1
0 3 258 1
0 4 323 2
0 11 62 2
0 7 264 3
0 1 379 3
0 11 238 1
0 7 218 3
0 4 216 3
0 4 91 3
0 5 390 3
0 4 65 2
0 22 101 3
0 8 374 1
0 16 230 2
0 7 368 1
0 7 98 1
0 15 375 1
0 7 271 3
0 5 78 3
0 2 303 2
0 5 259 1
0 14 200 2
0 19 254 1
0 3 138 3
0 1 141 3
0 9 273 3
0 11 231 1
0 1 9 2
0 10 304 2
0 3 324 1
0 23 295 1
0 15 52 1
0 14 169 1
0 4 83 1
0 1 237 3
0 9 256 1
0 1 81 1
0 5 356 3
0 9 274 3
0 12 38 3
0 3 237 3
0 4 99 2
0 3 87 3
0 2 70 2
0 6 152 2
0 2 73 1
0 16 301 1
0 12 165 2
0 4 178 1
0 2 304 3
0 16 39 3
0 1 384 1
0 3 389 3
0 8 22 1
0 5 98 3
0 11 70 2
0 4 199 3
0 11 92 1
0 16 314 3
0 11 284 2
0 21 303 1
0 4 251 3
0 3 244 2
0 17 58 3
0 20 188 1
0 10 22 1
0 22 168 1
0 7 243 2
0 15 77 3
0 7 314 1
0 7 149 3
0 9 176 3
0 4 293 2
0 14 356 1
0 23 286 3
0 3 52 2
0 3 392 3
0 16 15 3
0 12 331 3
0 5 206 3
0 12 46 1
0 9 37 3
0 1 319 1
0 23 138 1
0 2 284 1
0 17 48 1
0 8 141 3
0 1 52 3
0 8 117 3
0 21 245 1
0 2 323 3
0 4 284 1
0 6 116 3
0 2 380 3
0 4 229 3
0 2 4 1
0 8 382 3
0 1 252 2
0 10 324 2
0 3 72 2
0 12 344 2
0 6 202 1
0 6 107 3
0 6 288 1
0 10 391 3
0 9 129 3
0 2 230 3
0 7 16 2
0 1 9 1
0 4 351 3
0 4 143 1
0 10 220 2
0 6 145 3
0 14 272 3
0 2 338 3
0 12 156 3
0 2 342 3
0 3 157 1
0 3 40 3
0 2 41 2
0 4 193 1
0 10 101 2
0 2 155 3
0 8 289 1
0 8 366 1
0 3 14 2
0 20 50 3
0 7 42 3
0 4 201 1
0 18 171 1
0 6 168 2
0 6 347 3
0 3 367 1
0 15 64 3
0 2 346 3
0 20 158 3
0 22 392 3
0 7 45 2
0 6 237 3
0 19 102 2
0 4 189 2
0 16 246 3
0 1 130 3
0 7 344 3
0 8 243 1
0 8 123 2
0 4 370 1
0 16 282 2
0 3 2 1
0 15 80 1
0 7 94 1
0 12 111 2
0 15 84 2
0 6 190 3
0 14 208 1
0 1 243 3
0 23 281 3
0 5 259 1
0 20 115 3
0 6 22 3
0 12 281 2
0 9 251 2
0 14 293 2
0 8 360 3
0 2 84 2
0 4 308 2
0 5 259 1
0 3 362 2
0 7 287 1
0 2 400 1
0 18 127 3
0 3 285 3
0 1 239 3
0 7 280 2
0 2 53 2
0 9 181 3
0 2 227 3
0 8 197 1
0 13 330 2
0 9 36 3
0 23 192 2
0 9 356 3
0 11 154 1
0 25 102 2
0 5 175 1
0 13 146 1
0 10 173 1
0 6 231 3
0 1 11 3
0 10 201 1
0 1 268 1
0 4 250 3
0 5 331 1
0 12 211 2
0 8 67 2
0 6 374 2
0 5 69 2
0 14 370 1
0 4 352 2
0 6 254 1
0 1 81 2
0 3 239 2
0 1 46 1
0 8 220 3
0 1 212 2
0 11 374 1
0 14 214 1
0 7 188 1
0 1 359 3
0 7 152 1
0 2 251 2
0 25 315 2
0 1 392 1
0 7 20 1
0 2 96 3
0 12 178 3
0 1 86 1
0 2 17 2
0 13 213 2
0 9 152 1
0 8 297 3
0 13 136 1
0 25 256 3
0 5 289 1
0 5 275 1
0 16 1 1
0 4 216 2
0 3 15 2
0 8 302 1
0 7 117 1
0 16 347 2
0 9 313 3
0 13 47 2
0 10 59 2
0 3 325 2
0 4 88 1
0 8 228 1
0 13 376 1
0 1 87 2
0 5 388 2
0 10 187 2
0 2 317 3
0 24 219 1
0 2 220 1
0 1 270 1
0 6 140 3
0 16 362 2
0 15 283 2
0 8 329 3
0 11 119 1
0 2 95 3
0 6 12 1
0 2 207 3
0 1 215 1
0 5 19 1
0 2 140 3
0 14 49 2
0 5 320 1
0 2 170 3
0 1 15 2
0 10 303 3
0 21 400 3
0 2 138 2
0 1 164 3
0 3 246 2
0 4 21 2
0 2 187 3
0 3 62 3
0 22 18 1
0 2 265 1
0 13 11 2
0 4 302 3
0 2 371 1
0 21 197 2
0 4 203 2
0 20 178 3
0 2 102 3
0 18 236 3
0 4 326 2
0 1 157 2
0 3 376 2
0 19 77 3
0 11 206 3
0 13 81 3
0 3 179 2
0 20 331 1
0 5 296 3
0 6 289 1
0 1 263 2
0 24 86 2
0 13 307 2
0 11 368 1
0 2 290 2
0 3 368 2
0 5 132 2
0 10 274 1
0 1 112 3
0 18 142 2
0 16 333 1
0 23 166 2
0 2 346 2
0 6 123 3
0 3 55 3
0 1 98 1
0 10 201 3
0 20 5 2
0 4 350 2
0 11 139 2
0 11 137 2
0 23 271 1
0 8 95 1
0 7 3 2
0 8 64 2
0 10 370 2
0 9 230 1
0 1 24 3
0 19 192 1
0 1 329 1
0 20 31 2
0 14 231 2
0 2 118 1
0 12 142 2
0 13 82 3
0 5 186 2
0 10 207 3
0 12 58 3
0 17 36 3
0 6 370 2
0 5 104 1
0 18 386 3
0 2 330 1
0 7 219 3
0 1 130 3
0 3 120 2
0 9 114 2
0 7 393 1
0 11 124 3
0 1 114 3
0 2 391 2
0 5 160 1
0 3 124 3
0 4 208 2
0 17 311 2
0 9 274 3
0 5 77 3
0 4 300 1
0 6 236 1
0 5 133 1
0 2 144 1
0 5 354 1
0 10 273 2
0 3 351 2
0 15 90 1
0 1 345 3
0 1 298 3
0 5 40 2
0 4 291 3
0 13 200 2
0 5 180 3
0 15 269 2
0 13 226 3
0 13 42 2
0 1 53 2
0 13 371 2
0 4 306 3
0 3 93 2
0 18 87 1
0 13 271 2
0 11 285 3
0 5 160 1
0 5 222 1
0 18 275 1
0 4 306 1
0 11 10 3
0 12 127 2
0 20 251 1
0 5 110 2
0 12 297 2
0 1 260 1
0 9 66 2
0 13 324 2
0 2 381 1
0 10 130 2
0 6 233 3
0 19 365 3
0 12 196 3
0 21 382 1
0 3 276 2
0 1 108 2
0 6 286 1
0 5 243 1
0 2 241 3
0 4 334 2
0 3 104 3
0 11 87 2
0 21 79 2
0 3 62 1
0 2 99 3
0 3 5 2
0 2 111 1
0 22 272 3
0 2 300 2
0 13 239 3
0 6 60 2
0 9 105 3
0 5 151 1
0 1 149 3
0 2 20 1
0 2 171 2
0 5 16 3
0 4 98 1
0 17 33 2
0 7 242 1
0 5 399 2
0 5 5 3
0 2 329 3
0 6 40 3
0 7 288 3
0 15 277 1
0 22 307 3
0 13 256 1
0 10 365 3
0 13 356 1
0 3 86 2
0 24 185 3
0 18 73 2
0 2 72 2
0 3 221 3
0 12 75 2
0 4 3 3
0 6 10 1
0 1 294 2
0 6 20 3
0 17 371 2
0 5 241 2
0 6 329 2
0 4 30 1
0 1 314 1
0 9 216 1
0 3 70 2
0 23 228 2
0 6 260 1
0 10 296 3
0 2 293 2
0 8 124 2
0 8 103 1
0 1 171 2
0 1 365 2
0 21 208 1
0 18 92 1
0 5 36 3
0 9 309 2
0 9 115 1
0 13 136 2
0 19 98 1
0 16 100 2
0 2 259 1
0 12 97 2
0 19 193 3
0 9 2 2
0 6 164 1
0 6 330 3
0 20 92 3
0 18 261 2
0 3 321 2
0 1 71 2
0 4 394 1
0 3 400 2
0 18 48 1
0 1 339 2
0 5 262 3
0 6 27 1
0 8 152 1
0 16 263 2
0 15 259 3
0 10 1 2
0 19 130 2
0 17 140 3
0 10 192 3
0 14 366 3
0 8 72 3
0 4 310 3
0 14 178 3
0 4 221 2
0 17 260 2
0 15 273 1
0 20 275 2
0 18 30 2
0 7 179 2
0 3 396 2
0 7 351 1
0 2 18 2
0 19 161 2
0 1 228 1
0 4 78 1
0 8 101 1
0 5 153 1
0 14 223 2
0 18 361 1
0 2 237 3
0 15 372 3
0 6 38 1
0 5 193 2
0 1 100 2
0 9 336 1
0 6 3 1
0 16 188 3
0 10 241 1
0 3 194 3
0 19 367 1
0 2 278 1
0 10 38 2
0 16 46 2
0 8 207 2
0 1 283 2
0 10 338 3
0 1 245 3
0 11 15 2
0 5 174 1
0 1 368 2
0 3 43 1
0 13 174 3
0 21 36 2
0 17 71 1
0 1 162 1
0 12 191 1
0 11 326 3
0 5 345 3
0 5 24 1
0 13 202 2
0 21 58 3
0 7 96 2
0 9 143 2
0 18 354 2
0 6 286 3
0 15 345 1
0 24 32 3
0 6 41 3
0 4 96 3
0 4 323 3
0 1 272 1
0 8 73 3
0 15 83 1
0 13 151 1
0 5 234 1
0 2 114 2
0 7 119 2
0 16 91 1
0 1 323 1
0 13 246 3
0 1 316 3
0 11 398 2
0 1 60 2
0 12 270 3
0 9 52 3
0 1 285 2
0 11 57 2
0 2 262 3
0 10 228 3
0 12 365 3
0 24 281 3
0 2 152 1
0 6 35 3
0 24 364 3
0 5 322 1
0 20 315 3
0 8 58 1
0 6 335 3
0 8 238 2
0 14 377 1
0 16 362 2
0 21 316 2
0 7 238 3
0 6 77 3
0 16 70 3
0 17 100 1
0 6 210 2
0 22 375 1
0 8 138 1
0 2 178 2
0 15 396 3
0 4 255 2
0 1 363 1
0 4 148 3
0 6 394 2
0 6 293 3
0 6 216 2
0 8 128 2
0 7 177 1
0 1 250 2
0 5 318 1
0 5 398 2
0 2 385 3
0 9 7 3
0 6 8 1
0 11 393 3
0 7 260 3
0 18 296 2
0 7 33 1
0 2 189 3
0 23 344 1
0 22 74 2
0 12 12 3
0 1 63 2
0 8 167 2
0 16 357 1
0 7 172 1
0 10 96 1
0 1 79 3
0 6 342 2
0 6 12 1
0 7 48 1
0 8 362 3
0 19 354 2
0 17 117 1
0 2 338 2
0 11 107 2
0 7 128 1
0 1 204 2
0 5 103 3
0 1 118 1
0 12 46 3
0 5 347 3
0 2 319 2
0 11 47 3
0 3 41 2
0 2 282 3
0 2 309 1
0 2 139 3
0 7 14 1
0 15 115 3
0 6 257 1
0 10 85 1
0 20 70 3
0 17 264 2
0 5 357 1
0 5 167 2
0 6 117 3
0 9 20 3
0 9 355 3
0 1 371 2
0 16 150 3
0 5 250 2
0 5 352 2
0 1 144 1
0 5 349 1
0 19 134 2
0 8 160 1
0 17 37 3
0 7 319 3
0 3 387 1
0 10 136 1
0 3 12 2
0 14 126 2
0 1 347 2
0 23 73 2
0 25 190 2
0 2 230 2
0 7 227 1
0 13 191 1
0 21 181 3
0 4 338 1
0 15 215 2
0 3 321 3
0 22 26 3
0 3 308 2
0 25 185 2
0 7 384 3
0 9 251 3
0 6 141 1
0 4 394 3
0 11 235 3
0 9 116 1
0 19 324 2
0 11 31 3
0 3 65 2
0 9 258 2
0 17 43 3
0 7 242 1
0 6 390 1
0 13 75 1
0 17 113 3
0 23 199 2
0 5 373 2
0 6 289 1
0 19 288 1
0 9 273 1
0 5 5 3
0 4 378 1
0 1 235 1
0 3 73 3
0 6 136 3
0 3 83 3
0 8 78 1
0 12 222 3
0 17 271 3
0 5 261 3
0 4 143 3
0 16 385 1
0 7 82 1
0 23 180 3
0 20 113 2
0 1 127 1
0 6 29 2
0 2 261 1
0 22 283 1
0 11 326 3
0 12 258 3
0 1 237 1
0 15 289 2
0 18 25 2
0 7 10 2
0 9 236 3
0 5 274 1
0 3 345 3
0 4 231 2
0 8 255 1
0 1 93 1
0 11 273 3
0 5 248 2
0 18 314 3
0 9 138 2
0 15 208 1
0 12 309 3
0 7 131 1
0 20 231 2
0 14 118 2
0 9 256 1
0 18 329 2
0 4 365 1
0 23 263 1
0 19 115 2
0 4 196 1
0 4 392 2
0 14 98 1
0 9 342 3
0 3 310 2
0 2 153 2
0 6 171 2
0 11 281 2
0 22 8 2
0 19 241 1
0 20 302 3
0 17 310 2
0 3 132 3
0 5 219 1
0 5 58 3
0 1 192 2
0 4 73 3
0 4 296 1
0 1 321 1
0 3 182 1
0 11 337 2
0 10 123 1
0 4 273 3
0 5 210 3
0 6 83 3
0 17 33 2
0 8 124 2
0 8 97 3
0 4 72 2
0 11 278 3
0 9 186 3
0 9 116 1
0 22 285 3
0 1 236 1
0 9 353 1
0 24 170 1
0 4 293 2
0 18 175 3
0 12 225 2
0 19 41 1
0 7 19 2
0 4 196 1
0 16 210 1
0 2 165 2
0 9 286 3
0 3 19 2
0 17 90 1
0 6 333 2
0 10 326 3
0 24 260 1
0 20 10 1
0 23 56 2
0 11 276 2
0 19 155 1
0 2 347 1
0 3 12 2
0 18 53 2
0 23 373 1
0 2 141 1
0 9 397 1
0 7 87 3
0 8 89 3
0 9 191 3
0 2 327 1
0 19 353 2
0 13 90 1
0 8 315 2
0 1 100 2
0 4 258 2
0 6 63 3
0 10 262 3
0 9 247 3
0 3 158 3
0 6 335 1
0 2 167 3
0 18 193 3
0 13 91 2
0 3 182 2
0 25 15 3
0 3 249 1
0 9 192 1
0 21 186 2
0 8 108 1
0 22 252 3
0 11 95 2
0 12 265 1
0 6 361 3
0 6 99 2
0 13 61 2
0 18 193 2
0 1 249 1
0 3 293 1
0 6 168 2
0 10 46 2
0 10 150 3
0 6 357 3
0 1 346 2
0 1 108 3
0 22 174 3
0 6 325 2
0 10 355 2
0 15 68 2
0 1 302 3
0 3 12 2
0 14 103 1
0 16 249 2
0 10 354 2
0 5 210 1
0 2 79 1
0 12 11 2
0 12 359 2
0 5 38 1
0 8 114 3
0 1 42 3
0 11 362 3
0 1 348 2
0 15 176 1
0 3 148 1
0 15 386 1
0 5 266 2
0 16 387 1
0 5 311 2
0 1 101 1
0 21 325 3
0 4 400 2
0 15 389 3
0 16 199 2
0 10 89 2
0 7 195 1
0 1 286 3
0 15 97 1
0 2 43 3
0 1 13 2
0 22 41 2
0 17 56 2
0 5 86 3
0 1 202 1
0 20 16 3
0 6 166 2
0 9 231 3
0 8 340 1
0 22 103 1
0 13 396 1
0 19 221 1
0 8 47 1
0 18 400 2
0 4 389 1
0 3 230 3
0 15 1 1
0 7 149 1
0 21 235 3
0 21 309 1
0 10 159 1
0 5 110 2
0 18 128 2
0 15 149 2
0 1 177 2
0 18 261 1
0 2 266 3
0 25 46 2
0 3 2 2
0 25 80 2
0 3 380 3
0 1 101 3
0 19 239 2
0 6 270 3
0 18 178 3
0 5 261 1
0 16 243 1
0 4 269 2
0 16 10 3
0 2 183 1
0 12 24 2
0 15 338 1
0 3 119 3
0 23 2 1
0 22 269 1
0 3 175 3
0 8 68 2
0 1 273 3
0 20 176 1
0 9 219 3
0 25 284 3
0 6 103 3
0 1 70 1
0 7 297 3
0 3 74 2
0 6 267 3
0 8 226 1
0 2 265 2
0 7 348 1
0 8 204 1
0 11 269 2
0 8 270 3
0 6 302 3
0 6 356 3
0 14 76 2
0 9 55 2
0 10 152 2
0 10 131 1
0 9 132 1
0 1 111 1
0 1 37 3
0 5 138 2
0 7 7 2
0 11 209 3
0 9 158 1
0 22 45 2
0 2 114 3
0 6 89 3
0 6 186 3
0 16 204 3
0 5 83 1
0 14 270 2
0 18 266 3
0 6 305 2
0 8 13 1
0 18 342 2
0 12 316 1
0 4 126 3
0 9 91 1
0 24 225 3
0 14 327 2
0 2 161 2
0 12 374 2
0 6 42 1
0 5 85 3
0 5 2 1
0 9 53 1
0 6 213 3
0 5 99 2
0 4 219 3
0 5 390 1
0 1 218 2
0 11 153 2
0 13 55 3
0 14 335 1
0 7 340 2
0 15 128 1
0 13 64 3
0 3 97 1
0 4 196 1
0 6 55 3
0 1 339 1
0 8 369 1
0 1 5 2
0 2 201 3
0 7 205 3
0 8 352 3
0 12 281 1
0 23 219 2
0 6 161 1
0 2 134 1
0 2 334 2
0 25 55 2
0 14 142 1
0 7 324 1
0 3 367 1
0 9 315 2
0 11 362 1
0 1 247 2
0 2 120 1
0 17 3 1
0 1 338 3
0 15 97 3
0 6 85 3
0 11 238 1
0 5 337 1
0 4 56 1
0 3 97 1
0 11 158 2
0 6 271 2
0 13 374 3
0 20 382 3
0 2 82 2
0 11 255 2
0 2 252 3
0 8 51 1
0 1 317 2
0 1 249 3
0 21 57 2
0 3 95 1
0 8 241 1
0 4 247 2
0 1 323 2
0 5 244 1
0 7 225 3
0 1 108 1
0 6 77 2
0 13 126 3
0 2 286 3
0 2 29 3
0 17 264 1
0 1 349 3
0 1 18 1
0 2 107 1
0 22 130 1
0 18 102 3
0 16 218 2
0 14 77 1
0 10 234 1
0 6 355 2
0 6 241 2
0 17 23 3
0 4 281 1
0 3 18 2
0 18 141 3
0 4 328 2
0 15 192 3
0 7 360 2
0 14 393 3
0 9 200 1
0 4 158 2
0 9 126 3
0 2 369 1
0 5 201 1
0 10 127 3
0 15 375 3
0 21 182 2
0 20 253 1
0 14 287 2
0 20 23 2
0 4 145 1
0 16 344 1
0 1 341 1
0 6 148 1
0 9 309 1
0 1 77 1
0 8 307 1
0 6 358 3
0 21 9 3
0 5 232 1
0 4 293 1
0 5 6 3
0 10 88 1
0 3 8 1
0 25 394 1
0 1 325 2
0 18 275 3
0 13 42 2
0 18 2 1
0 13 323 1
0 6 362 3
0 13 32 1
0 10 324 2
0 2 178 3
0 1 5 1
0 1 99 2
0 2 81 1
0 10 101 2
0 6 25 1
0 1 340 2
0 11 287 1
0 3 19 3
0 16 82 3
0 21 61 1
0 19 149 3
0 6 184 1
0 10 132 3
0 8 99 2
0 19 285 3
0 11 241 1
0 7 159 3
0 14 252 1
0 9 125 1
0 1 184 2
0 8 263 1
0 8 39 2
0 2 75 2
0 16 310 3
0 3 345 2
0 7 48 1
0 12 332 1
0 1 168 2
0 3 179 3
0 12 316 1
0 1 399 3
0 1 65 3
0 5 230 2
0 4 257 1
0 24 196 2
0 22 262 2
0 7 42 3
0 7 228 1
0 1 304 2
0 4 58 2
0 5 163 2
0 10 290 1
0 6 72 1
0 21 212 2
0 6 47 2
0 17 288 2
0 11 388 1
0 4 284 1
0 9 318 3
0 13 341 1
0 1 245 2
0 24 326 2
0 6 168 1
0 3 313 1
0 5 53 2
0 21 214 3
0 8 278 1
0 3 169 3
0 1 119 1
0 12 356 3
0 5 310 1
0 8 398 2
0 17 205 1
0 5 178 2
0 10 369 2
0 1 116 1
0 18 301 2
0 1 185 3
0 6 127 1
0 23 46 2
0 2 130 1
0 4 239 3
0 11 375 3
0 24 193 1
0 2 36 2
0 2 215 2
0 6 287 3
0 2 257 2
0 2 213 1
0 10 117 1
0 17 104 1
0 10 380 1
0 11 57 3
0 2 229 3
0 11 75 2
0 2 190 1
0 16 71 2
0 3 43 1
0 1 142 2
0 4 174 2
0 1 120 2
0 3 346 3
0 10 136 1
0 9 298 2
0 19 326 1
0 16 387 3
0 2 95 3
0 2 162 3
0 8 252 3
0 1 241 2
0 18 236 1
0 3 311 2
0 11 169 1
0 11 142 3
0 23 53 2
0 9 124 1
0 5 323 2
0 15 235 3
0 14 44 2
0 13 164 2
0 4 312 2
0 19 266 1
0 13 302 1
0 1 39 1
0 7 205 2
0 1 240 1
0 24 142 1
0 15 305 2
0 25 94 2
0 7 49 2
0 6 164 1
0 14 389 3
0 2 396 1
0 2 228 2
0 13 177 3
0 4 392 3
0 15 354 2
0 1 274 1
0 22 112 3
0 2 187 2
0 16 139 3
0 12 187 1
0 5 70 2
0 6 119 2
0 13 135 1
0 20 162 3
0 10 90 2
0 8 319 2
0 10 60 2
0 4 232 3
0 5 91 3
0 22 382 2
0 2 396 1
0 13 225 1
0 4 357 3
0 3 208 3
0 8 378 3
0 14 363 3
0 2 61 3
0 7 399 2
0 16 160 3
0 5 104 3
0 9 373 1
0 10 338 1
0 3 110 1
0 3 322 3
0 19 138 2
0 2 214 1
0 4 294 1
0 11 24 2
0 2 14 3
0 2 46 2
0 11 258 1
0 3 117 3
0 7 392 2
0 3 307 2
0 2 180 3
0 8 303 1
0 19 290 2
0 1 292 1
0 5 169 2
0 3 276 2
0 15 57 1
0 9 244 3
0 3 52 3
0 10 144 1
0 1 347 2
0 7 12 3
0 19 295 2
0 1 44 2
0 7 59 1
0 6 84 3
0 13 47 3
0 3 33 1
0 2 270 1
0 2 273 3
0 3 334 3
0 1 55 2
0 5 136 3
0 6 120 3
0 5 294 1
0 6 199 1
0 10 125 2
0 6 386 3
0 3 156 2
0 9 125 1
0 14 379 3
0 11 150 3
0 10 357 3
0 5 243 3
0 16 397 1
0 10 358 3
0 1 341 2
0 12 84 1
0 12 398 3
0 10 43 1
0 5 340 1
0 10 387 1
0 4 276 2
0 15 10 1
0 3 304 3
0 13 47 2
0 7 8 3
0 20 224 2
0 2 181 1
0 1 240 1
0 1 189 2
0 4 3 2
0 10 228 3
0 2 74 2
0 4 383 1
0 12 388 2
0 19 238 3
0 9 353 3
0 10 133 3
0 5 366 1
0 9 56 1
0 8 275 2
0 24 100 3
0 17 377 2
0 21 169 3
0 16 182 1
0 1 321 1
0 2 294 1
0 3 111 1
0 21 354 2
0 16 179 2
0 9 231 1
0 22 234 1
0 10 350 1
0 24 214 3
0 12 239 1
0 5 390 3
0 25 166 1
0 1 179 3
0 1 191 2
0 9 81 2
0 8 203 2
0 6 30 2
0 12 25 3
0 19 7 2
0 4 82 1
0 10 117 3
0 21 251 2
0 6 173 3
0 2 246 3
0 2 352 3
0 2 271 1
0 3 58 2
0 16 296 3
0 2 364 2
0 2 255 2
0 10 87 1
0 10 33 2
0 2 271 3
0 16 30 1
0 2 180 1
0 1 122 3
0 9 270 3
0 5 69 2
0 8 335 3
0 2 202 3
0 3 138 2
0 22 230 3
0 2 88 2
0 10 257 3
0 8 299 2
0 16 289 2
0 13 170 3
0 12 46 2
0 10 322 2
0 5 29 1
0 3 63 1
0 5 352 3
0 3 77 2
0 3 177 3
0 9 102 3
0 25 280 2
0 20 210 3
0 16 188 2
0 24 253 2
0 10 203 1
0 11 142 2
0 4 175 2
0 25 165 1
0 1 103 1
0 11 86 3
0 4 349 1
0 18 293 3
0 7 268 2
0 4 31 2
0 1 7 3
0 3 131 1
0 21 214 1
0 12 175 3
0 10 125 2
0 21 56 2
0 4 167 2
0 3 335 2
0 22 317 1
0 5 257 1
0 13 39 2
0 2 319 1
0 8 397 2
0 12 220 2
0 3 282 1
0 4 375 1
0 9 370 3
0 12 96 3
0 7 189 3
0 13 388 2
0 19 399 3
0 1 304 1
0 14 149 2
0 6 394 2
0 25 222 3
0 4 179 1
0 18 384 3
0 2 398 2
0 1 356 1
0 2 127 1
0 10 231 1
0 4 75 1
0 2 18 2
0 17 191 1
0 3 156 1
0 24 113 3
0 9 139 1
0 5 328 1
0 5 176 1
0 1 103 2
0 14 321 3
0 24 152 1
0 3 68 2
0 10 294 3
0 1 251 1
0 3 286 1
0 11 400 2
0 19 41 1
0 3 273 3
0 4 148 3
0 1 97 3
0 1 292 1
0 18 1 1
0 18 391 1
0 14 282 2
0 11 373 2
0 9 285 1
0 12 16 1
0 8 262 2
0 2 121 1
0 11 69 3
0 3 108 3
0 1 57 1
0 3 350 1
0 1 323 3
0 2 103 3
0 18 18 3
0 4 287 3
0 8 346 2
0 5 69 2
0 5 294 2
0 15 18 2
0 5 1 3
0 7 261 2
0 13 101 1
0 3 199 2
0 9 34 3
0 7 170 1
0 2 162 3
0 10 232 1
0 8 224 2
0 4 321 1
0 12 30 2
0 7 393 1
0 17 351 3
0 20 230 2
0 10 258 3
0 14 345 3
0 6 43 3
0 19 256 3
0 1 365 3
0 1 162 2
0 17 182 1
0 15 121 3
0 4 120 3
0 14 306 1
0 6 170 1
0 23 180 1
0 8 363 1
0 4 181 2
0 5 195 3
0 25 153 2
0 1 328 1
0 20 333 1
0 7 212 2
0 20 198 1
0 16 253 3
0 11 353 3
0 4 108 2
0 5 238 1
0 5 55 2
0 15 153 3
0 14 356 3
0 6 21 1
0 3 103 1
0 5 137 3
0 7 70 1
0 15 383 2
0 4 230 2
0 6 242 3
0 6 343 2
0 3 115 2
0 1 147 3
0 1 334 1
0 10 217 1
0 10 380 2
0 5 166 3
0 8 93 3
0 21 266 3
0 5 10 1
0 9 388 3
0 14 175 1
0 9 35 3
0 11 90 1
0 4 75 2
0 1 288 1
0 8 12 3
0 1 201 3
0 1 396 2
0 1 280 3
0 3 373 1
0 15 308 2
0 22 126 1
0 7 89 3
0 14 157 1
0 9 91 1
0 3 37 3
0 16 259 2
0 1 175 2
0 5 226 1
0 5 57 1
0 1 140 1
0 6 385 3
0 16 217 2
0 3 120 2
0 15 255 3
0 25 249 3
0 12 222 1
0 12 299 2
0 1 11 1
0 2 5 2
0 5 134 2
0 21 231 1
0 1 331 1
0 8 261 1
0 7 345 1
0 9 151 3
0 2 306 3
0 4 170 2
0 5 306 3
0 15 248 3
0 1 341 1
0 2 54 3
0 5 74 1
0 4 203 3
0 13 254 1
0 6 113 1
0 10 10 3
0 21 45 2
0 4 269 1
0 8 102 1
0 18 321 3
0 18 14 2
0 10 107 3
0 9 228 3
0 3 307 1
0 3 152 2
0 7 169 1
0 15 177 3
0 4 226 2
0 1 12 1
0 1 338 1
0 9 232 1
0 4 392 1
0 10 341 1
0 1 21 1
0 2 298 2
0 2 100 1
0 21 320 3
0 1 224 2
0 2 192 3
0 18 378 2
0 4 288 3
0 1 399 1
0 2 121 1
0 5 212 3
0 3 90 3
0 14 145 2
0 8 7 2
0 1 342 2
0 9 197 1
0 2 280 2
0 2 224 3
0 12 115 3
0 3 381 1
0 10 10 2
0 2 207 3
0 3 249 3
0 14 287 2
0 21 217 1
0 7 189 1
0 12 118 2
0 22 339 3
0 16 400 1
0 3 28 1
0 18 372 3
0 16 94 2
0 13 139 3
0 6 225 2
0 2 11 3
0 24 208 1
0 6 388 1
0 11 139 1
0 6 380 1
0 2 224 2
0 19 210 2
0 1 171 2
0 8 67 2
0 16 206 2
0 10 106 3
0 5 204 1
0 1 336 3
0 4 10 2
0 9 162 1
0 3 354 2
0 10 130 3
0 3 358 1
0 25 137 1
0 2 137 3
0 14 63 1
0 6 378 3
0 7 318 1
0 4 302 2
0 3 194 3
0 9 220 1
0 13 150 1
0 8 246 2
0 7 84 1
0 19 280 2
0 16 199 3
0 22 58 3
0 3 384 1
0 8 310 1
0 5 58 1
0 7 280 2
0 10 120 3
0 9 19 1
0 4 75 3
0 2 219 3
0 4 354 3
0 3 144 3
0 3 267 3
0 3 136 3
0 2 259 1
0 11 359 1
0 11 173 2
0 2 226 1
0 3 167 3
0 1 258 1
0 8 338 2
0 15 318 3
0 1 181 1
0 23 74 3
0 7 310 1
0 5 364 3
0 10 322 3
0 3 27 2
0 1 277 2
0 1 222 1
0 10 109 2
0 6 328 2
0 18 104 1
0 1 337 2
0 7 342 2
0 5 57 3
0 3 26 1
0 5 201 1
0 14 73 3
0 22 47 3
0 13 60 2
0 17 102 3
0 4 319 2
0 19 110 2
0 1 169 3
0 6 371 2
0 10 23 2
0 3 209 3
0 24 157 2
0 25 26 3
0 8 131 1
0 10 59 1
0 12 248 1
0 2 220 2
0 8 155 1
0 14 263 3
0 12 270 3
0 18 322 1
0 16 346 2
0 7 88 2
0 8 175 3
0 3 132 2
0 12 348 2
0 13 39 3
0 3 254 2
0 4 52 1
0 20 220 1
0 10 328 1
0 2 247 3
0 9 160 3
0 24 185 2
0 11 336 2
0 15 65 2
0 22 229 2
0 11 95 1
0 6 254 2
0 17 239 1
0 1 229 2
0 4 344 2
0 9 126 3
0 23 110 2
0 22 228 3
0 13 19 3
0 1 91 2
0 22 366 1
0 1 57 1
0 11 61 1
0 12 153 1
0 14 85 1
0 9 159 1
0 2 346 3
0 18 18 1
0 7 65 1
0 3 209 1
0 3 126 2
0 5 382 1
0 2 8 1
0 17 2 2
0 6 109 1
0 19 2 3
0 1 55 1
0 2 390 3
0 12 206 2
0 14 211 1
0 10 162 2
0 3 120 2
0 9 9 2
0 2 128 1
0 22 244 3
0 3 90 3
0 21 172 2
0 7 198 3
0 20 321 3
0 20 149 3
0 23 272 3
0 13 384 1
0 9 196 2
0 2 15 3
0 15 329 3
0 16 64 1
0 20 183 1
0 1 48 2
0 12 17 1
0 11 115 1
0 3 96 2
0 5 316 2
0 2 360 2
0 1 108 3
0 9 137 2
0 11 102 1
0 13 355 2
0 12 137 3
0 7 168 1
0 10 170 1
0 5 123 1
0 3 185 3
0 12 36 1
0 3 187 2
0 1 167 3
0 7 132 2
0 1 148 3
0 13 377 3
0 4 216 1
0 6 307 2
0 10 45 1
0 10 171 2
0 21 122 3
0 24 10 3
0 20291 10102 17184 15147 22514 16017 7863 13128 13608 18366 11306 10006 14448 24349 20587 23187 14832 14054 1691 12663 20769 12146 10852 11238 7968 16164 22905 7216 23364 5946 13891 23555 9951 17112 16734 6704 9645 24022 10649 18718 13774 17185 15599 22334 11803 18780 16024 13994 14840 9306 11859 14324 7143 24383 13163 17587 6209 15758 18993 6671 4578 17341 18384 23169 18218 11671 18943 13358 2036 13944 3849 13022 11767 17505 13924 16262 20984 6645 14904 17866 15848 16208 18261 17364 13436 18817 19122 17401 18632 8232 6075 14319 10610 21397 9891 23045 5790 18727 20944 18961 11199 15899 14384 23297 14708 6192 7812 10354 17422 17426 13083 22167 5770 5213 5067 23291 14508 15062 17462 6324 11416 6896 19198 9565 10354 8717 21043 7232 17003 16486 11220 17190 9895 21965 15495 14306 11444 11541 13641 13689 13616 16437 20126 13571 12665 13513 16540 9651 11782 18822 4178 20946 14493 13098 14437 19292 18682 15434 9605 16442 17111 11451 18333 18287 17449 7921 18589 3159 5226 20692 17496 18371 13995 18079 6689 15274 19879 19507 14120 19763 2251 5884 5925 18514 17605 10167 4616 5059 2641 23973 18198 9794 18372 14987 1720 18825 13089 13242 5757 11538 11462 13336 14909 2550 18500 17653 12895 11578 9665 15047 17135 10197 12963 17997 8958 25844 8573 19272 8615 16535 1042 13823 17356 15595 7190 6020 14742 15337 13444 21796 16437 13030 16769 23500 13705 1745 18883 19069 11686 8050 980 16883 10637 17888 16884 9923 11427 13388 18098 9769 6193 5375 3389 16578 10274 9864 11831 11334 8019 13072 20398 14136 14593 13460 14801 17146 14694 9473 7624 5470 19002 18065 17435 13955 9954 12572 12566 12311 16003 4478 17276 18154 14970 22081 3462 3585 12888 16053 15718 15301 7664 19651 3768 19767 1666 20512 14806 14512 6500 13207 19657 4411 15728 18498 19181 8886 22228 7343 16243 11804 10794 8583 13692 11780 19334 11785 6157 16701 14933 15407 5471 11339 19787 587 11952 11191 22590 6121 18377 12621 7343 15220 8259 13136 18359 18430 6075 6822 15448 11793 1271 14155 11447 15729 13837 14204 7379 10875 2214 6594 1639 16862 17636 22350 11437 19271 9741 21763 18982 18090 22640 14065 16499 5905 20514 11014 11039 18291 11256 16571 10070 14009 15162 15767 3798 11427 20872 12339 15269 16297 22617 3871 4207 9254 6319 21390 13915 17171 3278 10506 11708 18989 19238 11518 15833 19449 3291 3405 14183 15109
20291 0 13760 9229 12249 8136 9223 13417 17154 16361 6402 17524 10951 11769 8103 3074 6715 5522 18281 18739 8845 1025 8216 17049 18689 12634 17170 10672 17753 8416 14865 7322 10835 10741 17281 4321 14408 15691 7513 11257 20036 14298 8163 6119 6219 9514 5207 4382 7406 7547 12283 9273 6619 14634 8360 8336 13810 14160 13679 9018 14484 15761 21399 6542 11644 14021 13681 8715 11153 19476 14574 16738 8435 10875 10449 12160 7732 14476 13668 9578 18644 4597 4286 15254 12590 7760 2995 1669 15576 7966 14925 14310 6134 15584 12400 11079 5067 17376 6105 13123 7928 9903 17424 10291 6097 6837 19204 15124 11336 15830 5945 16624 5554 15649 15119 15681 10165 8067 11876 9637 18084 16840 13910 14594 16472 9989 11606 1916 14403 3436 18410 9927 6440 15080 9691 4965 14486 12113 9913 9687 6787 8544 15805 5876 18330 8426 13465 9217 11515 14932 12012 19401 4664 17408 9598 6821 4215 15395 8134 11237 15994 11281 11355 10025 3622 2844 19092 19322 17517 15323 13018 3029 2746 7500 2425 13805 11841 2056 14543 10214 5690 19743 16154 18345 20370 16382 10537 18454 16147 18592 7202 13160 15213 8110 7004 19224 21718 15654 7554 14765 10139 14974 7494 9631 18382 1963 5570 10583 9723 11861 17638 3428 10166 7347 3478 11630 10077 12755 1744 11762 6565 19981 18550 6764 9304 13169 16493 13085 5222 8667 4135 11145 13780 3936 10504 9591 18647 1450 13782 17231 14445 20797 21192 13840 19773 6680 11748 11774 13571 3805 10541 18383 17128 16954 4909 11789 10465 8460 9177 12273 12900 15739 6528 13223 15267 7955 3210 6085 11428 12721 16384 7002 19509 13303 17505 10357 10371 10367 8114 20662 16093 15491 12610 9560 12272 16829 18157 13224 12021 5205 5196 14330 15791 18322 3975 18745 5682 8278 14656 14089 7135 12724 18753 17330 14687 10520 11408 10449 13024 5190 10717 11003 11860 15287 9294 14340 13093 14163 18841 11538 9167 15073 16302 16442 19903 18757 10590 8882 14243 11941 9471 14152 8721 15775 7204 1947 5322 16949 13927 5256 12944 19640 6167 11215 10618 20222 6667 13926 12481 19093 18143 18750 17421 10494 7170 10758 3144 10995 13436 12788 5896 9003 14934 10663 16556 10577 9991 17746 5982 9403 7722 18330 7007 6868 4950 19489 12796 10396 8048 5228 17540 9339 17738 16510 11426 14143 4108 9362 6081 17611 15367 8930 14503 17078 15115 5823 3146 17792 17631 18893 5348
10102 13760 0 7501 5047 13152 14703 3185 4915 4751 9463 4231 8949 4391 15207 12745 14290 8738 6256 9376 4957 13795 6745 3620 5256 4445 7155 13070 4333 14014 8599 10678 13737 8384 7966 9456 9064 1942 15003 2743 10337 3949 15136 7730 13489 4452 14932 10674 6356 12257 9839 9751 10538 3123 15175 10716 7552 5666 5747 9307 3918 7588 10139 9429 13220 8188 1650 16955 3544 8322 4202 8706 10611 2890 7564 3840 7203 10915 5899 5381 9105 10641 10983 8407 7262 6052 13743 13296 7683 16296 1899 5645 9666 2135 11324 8951 14699 4737 9890 10843 9540 9496 7061 4692 14619 11427 6000 2311 2857 7767 8873 4528 13519 9669 7299 8663 13565 5923 4982 7672 4965 3678 8459 9197 2727 7286 5652 13692 3146 11444 7971 9574 8475 1352 12236 9011 4516 1774 10108 4455 7455 11585 6879 11287 6003 5501 3483 6907 9250 2408 8735 7049 12518 6006 11914 10989 14881 8825 6416 8649 6943 7066 11593 8455 10601 11344 5435 9935 7033 8141 10591 11930 11148 6260 12321 7658 5194 12505 9488 4512 10996 8362 4222 5355 10347 8082 4561 6111 5119 7509 15041 8107 1471 16154 11975 8428 11220 3936 9775 5369 10393 2173 9879 5364 7553 12580 14034 3502 9909 9798 6532 11728 7361 7596 13084 4519 16412 2962 13532 5284 13487 10488 6301 14459 14354 5448 4170 4668 8683 11475 13615 6412 3065 11664 13731 4549 8471 12682 9000 4145 2098 11015 9751 623 9628 13933 2660 2029 3377 13422 6002 5270 4894 7303 12313 2282 5858 7228 8323 6255 2972 10481 10006 4532 4046 12546 11372 7760 8747 6903 4634 9848 9631 7359 5691 6904 11989 11979 6596 8926 8437 7548 8052 13917 12032 7621 6630 2812 5958 8559 10386 2615 9793 6567 11621 8520 11735 12808 4763 4863 8608 9556 6432 6885 8538 9233 6424 12387 7053 12086 3045 10358 7421 4259 4805 9301 1683 5980 8337 4890 14080 8060 3173 10039 10076 5560 10430 13063 7224 8291 11180 9628 13584 2309 7518 11946 9931 4319 4403 10831 1700 8918 9089 2545 5808 7525 7182 9338 1293 8010 4902 9307 7818 7687 13226 10964 14299 8444 11662 8880 14662 13090 4445 6541 4281 10588 9282 4331 14902 5252 7449 4646 10479 12087 11044 7314 1399 10981 6759 10367 7422 12996 6275 8858 4320 7607 13182 4802 13849 9499 1875 8798 8985 9699 2323 12074 14474 9791 6701 6742 10176
17184 9229 7501 0 3485 5692 14880 9353 8799 7868 2947 9795 11838 3476 7816 6889 7092 7082 9674 16133 5312 8746 7644 9532 10950 9666 8095 5729 11764 6547 13861 10845 6373 11279 8100 5696 13931 8968 7689 6606 10819 5863 14588 4355 6384 6027 12850 8689 4870 12245 13275 11368 10246 10071 7752 11530 4586 11511 4633 1820 10523 13642 12341 2829 6091 4842 6436 15994 3960 15602 6049 14848 11509 5433 1277 4062 1973 6016 11378 2285 9440 8833 8980 6046 3365 5318 10807 9693 6353 15201 9340 11583 9014 8391 4915 11921 7976 12215 3347 5043 2166 11580 8397 2835 7588 11160 13457 9719 6937 6607 3322 8294 6604 14967 13127 14318 6120 3474 3213 511 12455 9114 13255 5546 9609 9862 9791 8225 9960 8847 9330 11654 2855 8401 4789 6657 5837 5848 12050 3604 6702 12327 6661 4425 9852 5787 5264 651 12407 7295 3158 14530 5974 8670 13184 10781 12275 6219 2377 11799 6853 2052 13957 1407 5633 8154 12617 10099 14025 13793 4833 9115 6608 4747 9134 12655 3081 7303 5571 3073 4283 15700 11498 12853 11168 7158 7842 13576 12140 14732 7786 4013 8548 15193 11705 15612 12534 7368 10216 11649 12401 7487 10266 2277 14701 9111 12436 4289 11781 13002 8779 9177 10062 7726 10535 8904 8915 8672 9951 9626 12596 17363 10011 13385 14696 10753 11562 4388 6343 12318 7195 2010 5757 9473 6318 3557 15458 8855 4779 9374 9280 18012 12183 7181 10596 12977 7332 5790 5411 11000 9209 12757 12300 13992 10717 6926 9015 8481 10129 10727 5078 6852 9678 4571 6871 12697 8561 5800 11991 11486 11882 2793 10313 4077 8908 9827 13677 13668 7308 11760 14368 6271 3484 14545 5361 14156 13935 5411 2949 5600 9035 9564 6733 13929 5636 15527 4882 13070 5931 10928 8730 4096 13900 8330 5518 2338 10241 5057 11779 10692 5416 12893 11301 6806 6297 5347 6009 11724 9749 3023 14440 13611 8659 7358 17041 10776 12699 5562 12608 2928 12578 14170 13861 9794 7437 8132 3952 11785 10519 9557 5922 16104 8377 5740 1893 11752 5659 13854 6425 15257 12373 16089 8266 1359 5902 13179 11301 11491 5715 3876 13048 5589 6343 1541 11667 3485 11472 10107 13254 7217 1771 11035 10460 11712 9551 14778 6109 3766 7451 9039 8457 5503 13544 14845 8547 12811 6797 3392 12587 15764 8276 10355 5420 7894 7571 11071 11423 16038 13827 10274 8924
15147 12249 5047 3485 0 8960 16340 7747 5315 4384 6321 6406 11978 909 11139 10226 10532 8823 6214 14360 5607 11911 8271 6217 7535 8548 4953 8314 8921 9786 12950 12125 8986 11381 5217 8217 13226 6028 11072 5481 8036 2392 16333 6484 9851 5910 15132 10728 6086 13679 13238 12051 11683 8078 11040 12574 2832 10204 1563 4978 8754 12291 9154 6222 8325 3435 3565 17940 2359 13361 2564 13469 12516 4344 2906 1252 4519 5972 10254 2798 6612 10808 11046 4115 2239 6249 13332 12416 3865 17178 6936 10229 10511 5278 6299 12029 11460 9690 6748 5797 5619 12068 5182 2296 11060 12644 10609 7353 5836 4074 6356 4813 10089 14068 11890 13209 8925 4708 393 3371 9714 5745 12561 4464 6548 9994 9195 11493 8046 11145 6185 12149 5858 5548 7639 8663 2358 3909 12630 3479 7964 13446 3710 7905 6372 6301 1937 3189 12457 4064 3700 11962 9433 5242 14117 12217 14732 4472 4192 11817 3884 2160 14440 3849 8639 10644 9538 7381 12056 12672 5545 11516 9518 5938 11679 11836 417 10469 4699 2548 7745 13387 9269 10141 8295 4594 7370 11066 10133 12555 11197 3139 5684 17118 13219 13474 9578 3900 11334 10110 12971 4312 11411 2740 12599 11760 14519 3301 12376 13060 5413 11478 10156 8727 12905 8090 12002 7211 12676 8918 14406 15505 6539 15298 16082 9680 9200 904 8302 13393 10649 1643 2477 11648 9037 3528 13501 11622 4088 5962 7108 16053 8943 4543 7645 14828 6074 4096 2091 13342 8981 9996 9912 12249 12722 5538 8786 9064 10635 10054 2101 5868 11089 1086 3392 14084 10927 7493 11977 10811 9681 6275 7433 2487 5441 9797 14449 14439 7968 8433 13104 3741 3017 15806 7031 12519 11669 2349 923 7744 10833 7553 5346 11593 8972 13553 8364 14427 2473 9477 9857 4511 11378 5083 3961 4437 9836 7643 11052 12615 4443 13252 10948 3321 6321 4484 3365 10480 6620 774 15809 12539 5337 5785 15107 7318 13167 8678 11590 3257 13426 13636 15244 7130 8496 10859 7211 9296 9019 11361 3354 13965 9840 4456 1676 8278 7103 13322 4414 13054 9579 14298 5293 2995 9302 13695 13867 11537 6616 3843 15159 8678 2860 2003 9313 5775 11906 6734 15385 7247 4556 7737 11795 13270 11446 12257 3740 6209 8145 10828 5325 8503 11320 13559 7755 11893 10241 3611 14544 14324 5224 10991 4259 5865 4361 12855 14012 14613 11744 6819 10671
22514 8136 13152 5692 8960 0 16564 14659 14166 13198 4274 15365 15612 9129 2194 5073 2120 9641 14837 21321 9962 7192 11480 15154 16491 14681 12751 2671 17445 863 18488 13298 2713 15147 12428 7357 18377 14660 2250 11874 14727 11334 15798 7443 2057 10810 13168 10290 8858 14263 17116 14566 12558 15525 2081 14229 8743 16542 9680 3987 15860 18615 16794 4221 3667 8594 12127 16681 9612 21062 11462 19798 14264 10812 6068 9726 6253 7673 16292 7791 13544 10517 10455 9799 7784 9434 10868 9457 10552 15898 14950 16641 11466 14070 5234 15721 3932 17824 4011 6235 3618 14988 13131 8460 2937 13251 19135 15313 12162 10796 5394 13696 2726 19534 18040 19084 2037 8038 8768 5637 18117 14700 17729 8654 15297 13855 14431 6312 15384 9876 13889 15048 5475 14091 2028 8921 11187 11446 15298 8933 10041 14820 11259 2892 15101 10146 10856 6252 16226 12941 6351 20134 3492 13768 15849 13006 12262 9735 7081 15704 11442 6925 17144 5140 6017 8938 18307 13986 19371 18590 6251 9848 6810 8807 9512 17268 8599 6235 8447 8651 3277 21193 17014 18507 15180 11270 12595 19168 17546 20173 2485 7785 14238 15996 13665 21021 16580 12831 13000 16820 15624 13150 13004 7802 20104 9224 13243 9781 15039 16762 13740 10120 14070 11126 11028 13779 3330 13943 9649 14365 13915 22582 15211 14408 16521 15669 17126 9821 8797 14875 4153 7320 11374 10616 2372 8858 20771 8701 7896 14920 14823 23284 16744 12862 14769 14170 12597 11332 11008 11471 13610 18421 17863 19210 11952 12281 13440 12209 13693 15350 10749 9306 12131 10016 12306 14734 9516 8863 15912 16055 17380 3528 14406 8365 14114 13982 16515 16508 11180 16515 19251 10530 7308 16585 4770 19304 19428 11076 8191 8041 10990 15041 9696 19452 4534 20848 2769 15112 11217 16076 11764 6516 19493 13115 9106 4831 14685 2699 16372 12092 10752 16323 15608 12199 10930 8325 11698 16704 14253 8649 16316 18378 14275 10336 22312 16244 16016 797 17382 6577 15423 18447 15774 15457 10836 8305 4655 17387 15714 11390 11607 21506 11017 11158 7541 16936 9100 18148 12014 20704 18045 21289 12688 5995 1009 16393 11167 15396 6190 6973 13712 913 11698 6975 17227 3901 14957 15692 13849 11680 5944 16669 12893 13597 11223 20363 11773 3480 11257 11010 13068 1293 19024 19727 13441 17495 4059 8632 13626 20732 13962 13737 8667 11263 13226 12662 11207 20988 19236 15401 10990
16017 9223 14703 14880 16340 16564 0 12413 19480 19055 13173 18911 6486 15503 17080 11780 15635 7799 20819 14330 10802 10223 8225 18279 19846 11003 20899 18698 17068 17069 10119 4221 19052 6848 21408 9556 9324 16398 16509 12089 24177 17385 1435 10530 14973 10753 4449 6398 10315 2667 6744 5048 4681 13545 17303 3987 18888 11391 17887 15707 12868 11780 24610 13304 19551 19348 15627 2937 14205 16144 17714 12193 4092 12652 16099 15548 12907 20896 10784 13719 22776 6201 6176 20337 17795 10093 6259 7566 20205 2775 14731 11548 5898 16834 19461 6561 14208 15920 13150 19836 14801 5486 20979 14056 15147 3735 17894 14673 11889 20413 12091 19018 14382 10283 11262 10977 18435 11781 15962 15391 16924 18381 9237 20235 17097 7524 9515 11050 13297 6689 22004 5425 12376 15942 17581 8265 17825 13844 4927 12865 8398 3121 19945 13764 20637 10090 16504 14477 6604 16874 18033 17111 13203 20326 3067 4141 5472 20632 12665 6908 20097 16584 4570 16187 10593 7626 18620 23590 14318 10922 19650 6740 9754 10462 7155 9692 16053 10555 20329 13792 13421 16519 14571 16971 24340 20926 10142 16405 13913 15464 16235 18655 16014 2486 3178 15687 25458 18202 5060 12185 4772 16737 4972 13774 15129 7528 3696 13258 5035 6427 20763 6446 7505 7628 5768 10420 19071 12127 7481 9881 2688 15299 20926 2563 423 10681 15074 16848 8554 3240 13110 16103 16517 5948 18772 12813 14832 8109 19544 18847 14029 16110 24266 15140 23635 2545 12042 13446 16529 5419 8814 17142 15403 13400 4614 12460 8923 7561 6402 9448 15725 21625 5271 16887 18059 2257 7048 9103 6951 9295 14566 14063 23512 18408 20154 7968 3457 3464 8483 23500 11601 20081 18195 1048 19633 13028 15513 15921 16642 9332 5881 13571 21354 15808 12036 14935 13803 1931 18075 11864 6493 18976 16601 20828 19999 17011 8805 18273 9428 4478 12487 5327 8287 18194 10322 20096 15115 11181 22427 15583 654 10703 17872 21909 15473 20233 4994 17180 10412 17764 3729 8676 1124 15675 7847 8322 12278 15624 12025 5382 14969 15930 6560 12791 15232 22228 9349 8643 13832 15814 17118 14391 21406 16206 15738 4637 6278 6934 20408 18723 3569 17293 18084 15723 15075 17669 5717 18969 3605 9584 13127 18996 4545 3170 5461 17012 14573 17683 8301 5873 21248 17550 15183 11818 10510 10052 12946 12733 3147 12763 16572 5915 20072 22165 16898 3942 6361 12805 14713 21357 5971
7863 13417 3185 9353 7747 14659 12413 0 7933 7891 10554 6832 6194 6931 16529 13123 15414 7944 9240 6786 4954 13688 5376 6183 7599 1453 10336 15082 4751 15512 5419 8740 15724 5691 11151 9392 5883 4246 16225 2787 13493 7088 13070 7993 14567 4118 13454 9623 6388 10213 6860 7366 8803 1255 16552 8521 10465 2509 8726 11151 1204 4547 13119 10562 15396 11097 4775 14937 5664 6456 7359 5722 8396 3921 9777 6496 8410 13719 2715 7068 12282 9521 9891 11457 9978 5879 12711 12589 10797 14359 2365 2510 8226 4956 13777 6170 15432 3995 10930 13449 11098 6968 10232 6600 15583 9566 5921 2261 2501 10897 9674 7606 14451 6499 4181 5532 15442 6692 7575 9659 4825 6450 5286 12125 4832 4909 2912 13794 1006 10533 11119 7037 9399 3966 14120 8452 7654 3843 7565 5783 6641 9326 10038 12342 8920 5123 6511 8705 6384 5563 11272 5999 13282 9118 9444 9159 13616 11868 7579 5837 10110 9497 8804 10557 10832 10699 6282 13109 4713 5001 13197 11046 11110 6358 11545 4480 7780 12594 12393 6318 11993 6633 2736 5015 13480 11236 2910 5041 2925 5554 16196 10886 3982 14177 10055 6372 14288 7099 7856 2370 7800 5298 7965 7076 5457 11892 12436 5081 7412 6881 9659 10760 4911 6311 11956 2065 17988 727 12793 2539 11663 8010 9222 12629 12030 2291 3096 7579 8204 9191 14226 8809 6166 10554 15658 5846 6124 12138 11827 6904 1650 8665 12709 3804 12765 12097 2062 3718 6429 12208 3657 5101 3711 4643 10879 2427 3592 5509 6078 3258 5861 13468 8368 7477 7230 10416 10562 7396 5896 3815 2984 11157 12787 10201 8754 4452 9378 9367 5386 11849 5371 10661 10736 11524 14411 4840 4908 5798 8589 8381 9116 1159 12826 5010 12177 6198 12747 10616 7909 1738 7050 12179 5345 10055 11516 11436 3663 14409 3926 10597 3947 7598 4493 7444 4211 12190 4610 2814 11472 7372 11766 4902 6035 13119 7693 8089 7748 14728 4042 10833 8726 6462 11330 3282 6360 11484 10709 3589 1276 9458 4553 6854 7794 3620 8019 10197 6838 6179 3338 6086 4950 6740 11002 9912 14525 8259 13243 5689 14260 11552 13022 14778 7619 8800 3151 12745 6740 6806 13258 4024 8715 6643 8642 10196 9730 6115 4094 13081 5492 9089 10598 14758 4487 5818 2114 4423 13804 6053 12137 6585 4713 6575 11915 12840 5434 10430 13426 6872 4597 9664 8900
13128 17154 4915 8799 5315 14166 19480 7933 0 975 11580 1898 13863 5495 16359 15418 15826 12846 1346 12927 9040 16945 11330 2276 2611 9301 3090 13131 5926 14965 13184 15357 13785 13297 4052 12904 13749 3852 16330 7391 5731 2953 19804 11086 15160 8834 19243 14836 10140 16954 14731 14605 15121 7412 16238 15499 5975 10246 4531 10227 8323 11885 5224 11491 12906 6459 3871 21576 6024 11108 2750 12855 15402 6945 8116 5025 9585 9118 10591 7621 4746 14853 15158 5903 6535 10041 17755 17054 4885 20878 5805 10187 14123 2993 10554 13866 16771 7372 12015 9704 10929 14385 2785 6879 16370 16050 7280 6133 7605 4801 11460 531 15403 14184 11740 13086 13854 9132 5599 8671 6832 1724 13187 7167 3637 12167 10564 16619 7549 15462 3395 14463 10973 3981 12651 12923 2987 5675 14995 7530 11688 16380 3817 13213 1201 9716 3706 8464 14161 2606 8179 9152 14721 1366 16774 15608 19037 6281 9049 13563 3739 7241 16507 9029 13633 15156 5691 5499 10536 12601 9489 15903 14412 10007 16187 12375 5719 15530 7512 6941 13039 10978 7747 7255 5635 4790 9389 8524 8884 10537 16473 6921 3987 20762 16616 11424 6356 1502 14467 9764 15288 2765 14565 7572 10731 16356 18447 6735 14789 14703 1924 15777 12253 12083 17196 9433 17044 7843 17308 10193 18048 13798 1466 19007 19148 10221 7393 4413 12565 16280 15931 6897 3377 15821 13904 7621 11809 16327 7429 1456 6431 14107 4838 4390 4942 18492 7506 6077 3591 17586 10896 7009 7877 11139 16666 7043 10744 11927 13159 11129 4263 7980 14556 4228 1941 17277 15316 11650 13659 11740 8120 11586 5041 6141 858 11801 16882 16871 11120 4030 12735 4796 7208 18739 11363 11566 9587 3951 5987 12206 14709 7035 7156 9368 14176 11821 13673 17562 2950 9434 13174 8579 8760 2619 6403 9421 11336 12503 11859 16482 7120 15272 12319 1994 9250 7425 4421 10572 3671 5847 18872 12569 1952 7086 13293 2151 15338 13804 11851 7820 16041 14369 18356 5237 11945 15559 12398 7160 9008 15200 4575 11857 13493 6743 6949 3068 11128 14095 5648 10916 6581 12836 3772 8179 14579 15873 18310 13359 10440 7878 19089 13788 2475 7305 7496 10644 14175 2232 19326 9904 9694 3387 15115 16712 15366 9521 4928 11107 11297 14695 3181 13565 9387 13093 9229 12269 15516 7832 18338 13500 3224 13621 6993 6328 2607 16564 18473 13784 10038 1882 14513
13608 16361 4751 7868 4384 13198 19055 7891 975 0 10681 2659 13630 4631 15391 14545 14871 12215 1925 13296 8459 16119 10854 2868 3530 9195 2581 12158 6478 13994 13246 14891 12813 13052 3512 12146 13764 4075 15367 7009 5603 2074 19317 10333 14214 8332 18627 14202 9475 16491 14579 14258 14616 7519 15268 15091 5027 10296 3556 9266 8414 12048 5555 10587 11941 5530 3452 21063 5297 11610 1833 13070 15001 6427 7154 4201 8732 8228 10593 6794 4444 14231 14525 5053 5561 9419 17070 16321 4055 20350 5933 10251 13578 3125 9600 13642 15843 7820 11113 8765 9985 14079 2386 6070 15425 15557 7937 6299 7257 4001 10606 609 14468 14279 11853 13213 12879 8391 4684 7724 7385 2268 13177 6278 4043 11861 10374 15768 7627 14790 3228 14158 10115 4055 11675 12248 2035 5212 14686 6814 11100 15977 2997 12289 1999 9152 2899 7555 13964 2343 7207 9735 13810 1281 16425 15115 18381 5445 8233 13352 2948 6273 16265 8063 12811 14444 6427 5252 10890 12712 8547 15220 13615 9338 15479 12369 4793 14695 6622 6160 12124 11509 8040 7819 5596 4067 9057 9044 9153 10987 15514 5962 4096 20244 16128 11892 6502 856 14013 9877 14991 2593 14108 6743 11155 15631 17865 6079 14469 14524 1783 15110 11961 11565 16536 9223 16069 7713 16578 10013 17520 14226 2194 18470 18736 10177 7734 3480 11887 15885 15023 5944 2659 15179 12931 6901 12214 15578 6500 2171 6496 14582 5218 4167 4878 17962 7214 5609 2804 16937 10615 7589 8279 11424 16074 6716 10452 11494 12802 11004 3542 7167 14041 3301 1098 16831 14629 10984 13461 11652 8431 10659 4897 5176 1160 11519 16575 16565 10624 4498 12903 3955 6239 18350 10407 11828 10035 3262 5027 11488 14119 7096 6353 9840 13298 12234 12747 17129 1981 9481 12674 7623 9300 2207 5513 8446 11138 11528 11796 15904 6598 15029 12160 1084 8757 6524 3940 10619 3587 4952 18459 12660 2268 6342 13736 3117 15067 12831 11889 6846 15694 14353 17931 5503 11408 14809 11523 7563 9038 14620 4085 12341 12935 6265 6036 3911 10480 14069 5278 11394 7153 13209 3281 7214 13620 15606 17623 13131 9511 6919 18509 12814 1525 6361 7842 9669 13875 3014 18745 9473 8825 4179 14631 16216 14771 10096 4493 10131 10804 14106 2774 12590 9802 13284 8989 12292 14612 7098 17782 13762 3308 13250 6097 5667 2458 16016 17782 14050 10420 2534 13928
18366 6402 9463 2947 6321 4274 13173 10554 11580 10681 0 12387 11422 6103 5982 3943 4882 5671 12534 17119 5732 5841 7239 12047 13563 10465 11040 5684 13794 5081 14214 9487 6156 10936 11038 3617 14107 11179 5673 7798 13733 8627 12650 3212 4052 6588 10515 6778 4584 10665 12923 10512 8788 11509 6022 10340 7457 12318 7569 2705 11758 14370 15287 145 6446 7632 8750 13856 6071 17003 8848 15546 10354 6843 4088 6629 2260 8197 12046 4181 12366 6972 7017 8876 6245 5160 8328 7084 9265 13055 11131 12422 7607 10760 6379 11527 5295 13963 441 6929 1668 10879 11339 4946 5157 9597 15446 11459 8057 9521 1179 11062 4057 15261 13787 14815 5639 3863 5999 3289 14377 11693 13457 8193 11892 9615 10162 5284 11346 6665 12276 10944 1203 10574 4547 5027 8674 7694 11239 5030 5859 11024 9607 1828 12678 5878 7925 3132 12031 9798 5618 16244 3161 11557 12000 9285 9812 9001 3067 11490 9799 4964 13125 3625 2945 5831 14836 13006 15246 14324 6787 6819 3958 4535 6702 12994 5905 4411 8148 5033 1538 17161 13038 14738 14094 10069 8345 15266 13471 16104 5657 6765 10721 13090 10082 16924 15467 10108 9055 12634 11576 9939 9076 4214 16010 6586 10280 5966 10973 12583 11694 6973 9828 6957 8200 9540 7562 9829 7332 10103 10669 18387 12855 11341 13058 11426 13204 7218 4821 11053 4355 4950 8362 7371 5945 4942 16622 6235 7382 12002 10906 19107 15126 9290 13532 11000 8503 7501 8060 8672 9337 14686 13932 15028 8701 8248 9166 7993 9529 11078 7572 9363 8291 7388 9640 11137 6333 4703 11696 11781 13381 908 13243 6957 11760 9723 12609 12601 6931 14690 14991 9190 6214 13018 6475 15098 15408 7917 5881 4021 7331 11051 9390 15461 2690 16703 2272 11520 8794 11888 7707 6373 15591 11268 8294 4183 10412 5174 12098 8754 6754 12222 11343 9602 6680 7943 8233 12468 12695 5734 12824 14109 11200 10041 18138 13464 11944 4571 13115 5539 11500 14191 12255 11756 6660 5578 1088 13520 11546 7804 8113 17404 7071 7206 4649 14588 4873 13890 8227 16636 14342 17092 11210 4119 3985 12357 8774 11180 7379 6393 10848 4656 9169 4473 13299 4544 10827 12674 11031 7409 2024 13502 9081 10049 7712 16443 8165 4517 7017 7344 11403 4784 14994 15466 9208 13223 3937 4694 10533 16481 10603 9619 8101 10685 10048 9238 8874 16733 15150 13140 7279
11306 17524 4231 9795 6406 15365 18911 6832 1898 2659 12387 0 12974 6333 17542 16079 16887 12814 2771 11197 8971 17424 10964 649 1180 8269 4986 14568 4090 16191 11823 14909 15234 12438 5948 13210 12451 2588 17461 6951 7431 4056 19365 11405 16171 8593 19106 14784 10245 16485 13691 13923 14764 6087 17446 14928 7614 8941 5988 11381 6994 10397 6442 12315 14429 8147 3844 21185 6445 9277 3984 11292 14820 6821 9307 5773 10248 10876 9355 8251 6570 14770 15099 7712 7999 10041 17807 17243 6711 20525 4520 8860 13867 2100 12143 12961 17665 5608 12828 11354 11960 13626 4669 7480 17368 15656 5385 4769 7086 6648 12096 2051 16348 12767 10322 11636 15244 9464 6608 9753 4986 696 11934 8929 2077 11440 9649 17189 6264 15499 5181 13701 11631 2973 13992 13001 4315 5517 14235 7849 11571 15790 5648 14114 2318 9587 4531 9365 13204 2618 9665 7279 15548 3231 16074 15219 19005 8103 9602 12638 5588 8499 15608 10247 14130 15305 3797 7283 8835 11177 11127 15969 14818 10126 16314 11123 6769 16050 9272 7461 13898 9130 6150 5400 7264 6671 8775 6691 7298 8747 17573 8510 2912 20384 16205 9616 7775 2624 14005 8373 14504 2550 14109 8211 8962 16532 18234 6941 14051 13711 3767 15798 11496 11798 17185 8585 18378 6900 17490 9270 17713 12013 2599 18684 18556 9065 5743 5560 12655 15676 16731 8047 4045 15777 15324 7945 10051 16570 9114 493 5214 12286 6006 3887 6610 18159 6882 5899 4384 17544 10144 5146 6152 9507 16494 6511 10015 11459 12515 10090 4816 9821 14227 5363 3161 16770 15394 11725 12710 10628 6493 12520 6767 7705 2670 11032 16099 16088 10802 5118 11233 6613 8729 18103 12943 9959 7804 4472 7211 12410 14552 5797 9003 7566 14868 10057 14577 17025 4374 8148 12829 10171 6913 4508 8165 10756 10423 13918 10705 16278 6995 14387 11319 3327 8974 9166 4433 9265 5398 6772 18283 11172 1222 8964 11497 1329 14501 15075 10540 9273 15342 13114 17795 3766 11702 15813 13096 5444 7758 15012 4585 10036 13274 6541 7902 3369 11167 12858 5297 9102 4725 11102 5663 9390 15682 15025 18365 12466 12117 9458 18866 15070 3844 8396 5838 12042 13405 358 19106 9477 10408 1520 14709 16317 15212 7652 4782 12496 10969 14534 5061 14879 7635 11560 8440 10975 16305 8183 18065 11879 2358 12997 8745 8224 2411 16287 18535 12157 8313 3012 14346
10006 10951 8949 11838 11978 15612 6486 6194 13863 13630 11422 12974 0 11070 16906 12118 15522 6140 15204 8331 6615 11641 4241 12326 13788 4742 15827 17005 10677 16347 4121 3934 17533 599 16505 8451 3520 10392 16436 6745 19107 12314 7418 8211 14694 6103 8775 6574 7051 4856 1504 1861 4469 7214 17037 3157 14786 4905 13374 13263 6464 5507 19087 11507 17633 15356 10208 9267 9625 9819 12632 6183 3016 7698 12802 10903 10080 17514 4300 9941 17783 6355 6669 16084 13916 6543 8993 9542 15687 8832 8559 5062 4833 10989 16753 128 14775 9457 11620 16795 12698 1194 15815 9949 15356 4722 11421 8432 6444 15850 10254 13465 14308 4741 4925 4998 17050 8366 11660 12310 10473 12531 3142 16357 11017 2006 3326 12139 6977 7517 16789 1215 10278 10027 15885 6898 12835 8598 1597 8710 5573 3672 15171 12773 14940 6060 11519 11255 616 11311 14688 10641 12994 14907 3420 4489 9321 16449 9474 427 15290 12959 2645 13245 10030 8189 12226 18620 7922 4780 16565 7954 9715 7152 8564 3356 11813 11122 16541 9633 12378 10177 8118 10501 19176 16295 4685 9920 7427 9080 16275 14857 10072 8598 4981 9405 20132 12783 3430 5700 1714 11109 3506 9983 8763 9019 7648 8678 1584 1171 15407 7562 1828 4486 8173 4430 18744 6076 9645 3704 6541 9465 15240 7395 6075 4236 8629 12215 6922 3505 13493 12331 11373 7109 17347 8701 8612 9501 15824 12996 7845 10299 18699 9486 18455 6906 6425 8247 11497 8208 3058 10682 8926 7059 6672 6944 3240 3440 1939 3021 10739 17784 4436 12192 12768 4868 7749 6749 532 2809 8093 12290 18409 14382 14629 2188 3213 3203 4572 17870 5538 15552 14518 5507 17171 6745 9057 10837 12559 7612 5755 7324 17317 9343 11692 8716 13024 4938 13099 5408 4025 15677 10120 15647 15926 14176 2551 16420 2955 6331 7574 1414 1811 12946 5724 16312 9804 4696 17182 11324 5833 4535 12069 17761 9518 14258 1566 15986 4027 14315 2782 3201 5500 9468 4776 9155 10968 9179 5611 5749 9682 9706 4955 7687 11403 16342 6552 2984 8393 9470 10679 8371 16429 12934 15087 2065 9399 508 17519 15223 8090 16075 12967 12091 8623 15221 1022 12974 8295 4770 10387 12834 4115 5157 6070 10557 9223 15402 4453 5723 16140 16205 8716 5871 4642 3730 13158 8743 7168 6943 10732 2043 16163 17756 11263 5869 9571 7072 8279 15682 5606
14448 11769 4391 3476 909 9129 15503 6931 5495 4631 6103 6333 11070 0 11278 9924 10563 8069 6533 13606 4734 11496 7395 6057 7498 7678 5597 8739 8457 9975 12079 11284 9411 10472 5959 7632 12340 5593 11164 4590 8771 2557 15531 5853 9839 5009 14427 10003 5308 12847 12329 11161 10861 7336 11203 11708 3737 9363 2389 5157 7973 11464 9718 6020 8841 4334 3060 17164 1450 12707 2814 12649 11647 3439 3226 601 4102 6810 9393 2195 7350 10072 10324 5019 3060 5429 12691 11834 4724 16409 6290 9394 9704 4945 6949 11121 11349 9104 6542 6535 5640 11169 5780 1550 11035 11822 10154 6700 4946 4921 5975 4971 10018 13198 11047 12356 9290 3992 647 3495 9209 5647 11673 5360 6188 9087 8294 11137 7287 10469 6805 11250 5485 5063 7976 7957 2719 3089 11734 2641 7153 12584 4466 7791 6625 5436 1823 3033 11548 3821 4380 11401 9258 5639 13238 11392 14067 5379 3638 10908 4629 2675 13538 4154 8194 10016 9200 8140 11333 11819 6282 10859 9024 5160 11055 10954 849 10068 5586 1748 7590 12752 8593 9626 8999 5426 6462 10482 9409 11882 11261 3988 5207 16341 12399 12795 10244 4009 10480 9299 12074 4020 10559 2141 11907 11162 13778 2394 11481 12151 5885 10799 9248 7879 12230 7196 12274 6370 12093 8021 13620 14770 6824 14525 15237 8812 8561 1394 7594 12527 10459 2026 2288 10941 9431 2699 12780 11060 4950 5926 6399 15340 9475 3946 8329 14047 5199 3240 1962 12658 8072 9501 9284 11482 11977 4670 7877 8179 9740 9159 1625 6770 10267 1491 3559 13246 10267 6753 11068 9918 8999 6188 8144 3377 5754 8888 13559 13549 7096 8905 12269 4595 3806 14950 7645 11734 11015 1947 1660 7082 10067 6810 6255 10958 8682 12836 8254 13584 2902 8650 9012 5256 10800 5663 4869 4871 8930 8059 10162 11856 3535 12347 10043 3547 5423 5368 2741 9633 7242 507 14964 11681 5185 6692 14386 7366 12266 8923 10724 3936 12543 12741 14401 6578 7655 10293 6903 8696 8197 10592 2697 13287 9034 3564 1590 8536 6333 12427 3622 12389 9096 13546 6002 3341 9378 12795 13233 10628 7351 4622 14420 8935 3167 2215 8672 6227 11005 6639 14649 6345 4199 7559 10961 12455 10690 11682 3024 6636 7274 10060 5966 8795 10654 12727 6859 11020 10040 2812 13781 13515 4849 10102 5157 6748 4100 12073 13383 13803 11044 7145 9899
24349 8103 15207 7816 11139 2194 17080 16529 16359 15391 5982 17542 16906 11278 0 5301 1451 10793 17028 23091 11703 7084 12922 17319 18674 16436 14917 4213 19522 1456 20046 14208 3915 16485 14566 8467 19867 16769 592 13761 16794 13519 16162 8946 2221 12562 13304 11078 10473 14980 18402 15688 13453 17455 303 15189 10903 18281 11873 6162 17733 20310 18922 5968 5106 10726 14247 16817 11684 22970 13651 21475 15241 12755 8255 11871 8144 9572 17988 9827 15648 11317 11187 11908 9969 11050 11044 9635 12695 16065 16969 18390 12465 16207 7121 17022 3123 19833 5629 8166 5684 16170 15301 10526 2017 14036 21204 17320 14029 12934 6969 15887 2717 21057 19716 20692 3352 9844 10938 7797 20169 16874 19238 10719 17423 15269 16054 6187 17301 10496 16041 16223 7164 16191 4004 10041 13379 13475 16416 10893 11403 15687 13428 4260 17295 11797 13025 8345 17522 15097 8504 22134 3991 15958 16744 13849 12317 11820 8976 17042 13609 9118 18194 7331 6937 9558 20427 16057 21227 20215 8217 10362 7507 10445 9925 18837 10773 6525 10490 10695 4642 23119 18969 20551 17258 13396 14292 21161 19441 22074 931 9935 16339 16199 14386 22901 18653 15019 14036 18613 16724 15298 14025 9843 21986 9563 13561 11780 16167 18026 15924 10689 15482 12448 11359 15497 1992 15805 9782 16023 14393 24361 17403 14754 17090 17374 19108 12006 9987 15763 3995 9503 13537 11218 3574 10813 22604 8990 9987 17101 16802 25086 18885 14945 16872 14590 14473 13334 13175 11763 15167 20476 19841 21007 12499 14196 15008 13588 14967 16951 12891 11256 13095 12201 14495 15440 10142 10226 17251 17624 19322 5400 16501 10538 16306 15446 17454 17447 12644 18676 20904 12677 9472 17232 6530 21069 21361 13222 10381 9302 11850 16985 11710 21401 5281 22685 3927 15807 13410 17867 12939 8595 21487 15289 11212 7013 16234 4513 17945 12690 12681 17478 17090 14390 12633 10385 13799 18421 16398 10806 16911 19993 16441 12335 24118 18433 17139 2685 19010 8748 16395 19872 16400 17516 12171 8770 6046 19393 17528 12183 13702 23382 12104 13110 9688 19127 10552 19583 14035 22606 20109 23066 14833 8185 2006 17470 11245 16741 7989 9095 13954 2744 13890 9147 19205 6009 16166 17866 14058 13308 7854 18831 13813 14295 11970 22350 13844 5565 12698 11875 15228 3079 20950 21375 15170 19088 4134 10576 14013 22409 16091 14949 10747 13298 15378 13299 11249 22654 21124 17590 11888
20587 3074 12745 6889 10226 5073 11780 13123 15418 14545 3943 16079 12118 9924 5301 0 3856 6023 16424 19158 8198 2191 8537 15683 17259 12650 14984 7599 16988 5408 15655 9051 7764 11774 14970 3865 15344 14593 4734 10591 17639 12476 10886 5149 3233 9010 8128 5887 6738 9712 13575 10704 8295 14243 5524 10057 11347 14379 11510 6287 14287 16232 19230 4061 8574 11471 12313 11649 9643 19495 12715 17322 10124 9906 7995 10407 5847 11616 13977 7840 16286 6129 5958 12730 10150 7247 5833 4415 13177 10876 14200 14512 7422 14307 9439 12241 2664 16893 3549 10224 5212 11248 15281 8607 3413 8803 18564 14470 10762 13434 3984 14893 2610 16576 15602 16392 7095 6823 9887 7213 17457 15383 14765 11932 15347 10723 11924 1418 14041 5225 16219 11291 4456 13976 6632 5276 12564 10990 11414 8344 6960 10484 13547 2922 16544 8012 11724 7047 12725 13463 9337 19077 1590 15467 11551 8651 7198 12821 6481 12318 13739 8891 13103 7415 2304 4300 18179 16907 17605 15965 10140 5065 2405 6777 4625 14494 9809 1226 11842 8618 2824 19712 15800 17774 18012 13977 10449 18102 16012 18592 4474 10596 14119 10990 9122 19324 19392 13928 8993 14864 11699 13565 8966 7884 18435 4273 8294 9302 11182 13175 15622 5400 10927 7861 6079 11644 7291 12409 4594 11986 9094 20430 16733 9480 11790 13406 16058 11113 5344 10573 1402 8893 12121 5935 7435 8247 18872 3712 11113 15726 13841 21211 19069 12689 17461 9298 11209 10717 11849 6498 10920 17765 16752 17198 7201 11104 10795 9046 10199 12734 11285 12981 8002 11276 13482 10167 4877 5896 12524 13316 16092 4301 17164 10857 15646 10991 12283 12278 8325 18626 16706 13107 10044 11940 9258 17163 18022 11626 9822 4873 6696 13855 13115 18133 1256 18963 2658 10528 12697 14136 8094 9953 18418 15209 12117 7767 11926 7390 13636 7399 9775 12503 12617 13462 8923 11654 11755 14452 16638 9597 11612 15725 14868 13775 20270 17220 12133 5810 14799 9332 11259 15234 11105 14948 7625 3473 3022 16450 13883 6976 11618 19777 7174 10272 8550 18456 6385 14968 11456 19115 17467 19151 15148 8013 4125 12413 6104 12035 10476 10106 8719 5931 13049 8416 16139 7650 11278 16343 8840 9337 5725 17081 8670 9023 6739 19223 11578 7429 8326 6723 15346 6265 17599 17157 11370 14792 1168 7995 8726 18239 14122 10091 11864 14496 13689 8014 6138 18456 17619 17033 6764
23187 6715 14290 7092 10532 2120 15635 15414 15826 14871 4882 16887 15522 10563 1451 3856 0 9394 16589 21889 10524 5706 11594 16619 18040 15241 14636 4712 18622 1906 18743 12766 4608 15114 14375 7072 18538 15933 918 12673 16753 12923 14730 7671 857 11384 11901 9631 9235 13529 17014 14271 12010 16388 1669 13751 10659 17071 11426 5619 16616 19071 18747 4893 5692 10565 13442 15420 10814 21868 13085 20223 13805 11723 7728 11142 7119 9786 16755 8926 15536 9871 9737 11795 9625 9808 9630 8216 12497 14661 15997 17185 11036 15432 7352 15640 1929 18840 4487 8345 4927 14764 15001 9659 836 12587 20287 16332 12923 12746 5762 15335 1267 19738 18467 19408 3954 8726 10291 7161 19230 16206 17917 10698 16616 13924 14789 4804 16222 9045 15804 14815 6014 15341 4148 8639 12839 12532 14997 9894 10056 14241 13141 3072 16820 10566 12356 7554 16138 14375 8303 21124 2556 15538 15299 12403 10928 11758 7941 15670 13328 8633 16763 6854 5519 8107 19600 16010 20087 18940 8352 8913 6060 9218 8480 17540 10144 5081 10506 9796 3425 22033 17919 19599 17195 13239 13073 20147 18336 20968 786 9729 15489 14790 12935 21776 18598 14432 12609 17436 15302 14554 12595 8949 20864 8124 12132 10813 14750 16633 15555 9238 14136 11085 9925 14283 3437 14687 8371 14776 12949 23162 16950 13323 15643 16146 18086 11423 8600 14318 2583 8929 12848 9767 4251 9809 21444 7555 9921 16464 15786 23901 18676 14073 16759 13151 13372 12361 12503 10334 13875 19539 18814 19826 11050 13129 13722 12237 13583 15672 12145 11404 11660 11613 13921 13989 8690 8886 15879 16330 18261 4450 16406 10249 15846 14118 16012 16006 11326 18401 19641 12465 9226 15782 6885 19867 20284 12484 9847 7938 10407 15932 11768 20341 3856 21528 2675 14355 12898 16690 11537 8560 20472 14973 11109 6719 14936 4812 16652 11239 11636 16065 15764 13836 11425 10373 12962 17197 16182 10116 15462 18714 15749 12414 22937 17849 15720 2880 17740 8481 14957 18521 14950 16594 10813 7321 4778 18397 16368 10735 12855 22252 10688 12085 8985 18689 9242 18236 13078 21499 19186 21868 14620 7678 1300 16044 9848 15372 8310 8969 12535 2983 13352 8529 18180 5944 14765 17199 12645 12057 6852 18115 12373 12843 10520 21325 12956 5547 11371 10432 14965 3370 19869 20110 13965 17801 2691 9564 12576 21156 15298 13550 10697 13319 14646 11848 9859 21396 20009 17169 10448
14832 5522 8738 7082 8823 9641 7799 7944 12846 12215 5671 12814 6140 8069 10793 6023 9394 0 14112 13322 3845 5937 2701 12263 13924 7112 13649 11353 12437 10326 9655 3844 11806 5764 14023 2326 9323 10673 10310 6052 16839 10297 7579 2740 8574 4294 6414 1990 2773 5167 7624 4928 3188 9180 10937 4669 11195 8661 10386 8007 8980 10356 17658 5784 12109 11619 9056 9125 6972 13959 10614 11395 4684 5995 8303 8248 5109 13098 8190 6073 15417 2020 2312 12667 10060 2806 5006 4662 12640 8357 9633 8808 1966 10753 11744 6259 8660 11930 5766 12062 7193 5381 13801 6537 9217 4081 13807 9785 6056 12865 4507 12333 8171 10557 9716 10415 11258 4124 8432 7593 12691 12170 8751 12473 11456 4712 6119 6245 8942 2706 14833 5436 4699 10090 10216 758 10642 7302 5660 5482 1321 5373 12522 6756 14047 3239 9400 6685 6753 10363 10234 13902 6857 13414 6332 3714 6202 12936 4898 6313 12691 8817 7506 8401 3891 2755 13850 16198 12005 10010 11869 3199 3648 2918 3637 8516 8490 5126 12553 6321 6366 14222 10675 12925 17067 13400 5041 12964 10629 13073 10141 10894 10208 8304 4623 13716 18292 11407 3388 9249 5984 10327 3406 6130 12867 3957 5710 6137 5403 7240 13766 2991 4913 1882 4373 6110 12667 7308 4879 6254 5613 14581 14307 6481 7616 7670 11037 9461 853 5394 7376 8374 9558 2976 11577 5408 13163 4197 11765 12605 9091 15383 17371 8951 16391 6023 6428 6915 9463 4745 5064 12983 11650 11471 3909 6571 4972 3057 4203 6843 8685 13848 2649 9538 11136 5624 2661 1341 6521 7365 10889 6578 16213 10701 13371 5008 6940 6932 2593 16704 10765 12524 10419 7487 11983 11373 12637 8953 8993 1650 2018 8913 13613 12806 5554 13260 6960 6001 10868 8568 2146 11178 13258 13670 12281 9245 5999 10842 7680 3792 5820 6701 6612 11220 3983 12322 8473 8681 15269 8050 7362 9765 11625 14188 14468 14118 6380 10102 8873 9970 5832 9216 6784 10533 1697 3575 5000 11512 8406 2549 8317 14139 1400 6275 7541 15846 1747 8947 7538 13576 12773 13325 14071 8409 9031 6752 5563 6025 12661 10928 6354 10201 10993 7970 11094 9999 5373 12979 6584 3921 5334 13384 3443 4631 2623 13980 8047 10066 2527 2015 14015 10382 12219 11205 5915 8828 7029 5263 5721 12298 10511 4156 12318 14520 10483 4061 5737 12502 12111 14702 1873
14054 18281 6256 9674 6214 14837 20819 9240 1346 1925 12534 2771 15204 6533 17028 16424 16589 14112 0 13968 10328 18029 12656 3317 2976 10623 2695 13589 6844 15607 14437 16687 14226 14640 3588 14071 15022 5087 17040 8732 4666 3984 21130 12258 15962 10152 20518 16100 11383 18285 16058 15951 16441 8663 16888 16840 6314 11512 5166 10971 9576 13086 3888 12435 13272 6703 5199 22896 7217 12021 3720 14019 16744 8255 8865 6121 10632 9172 11876 8708 3906 16124 16423 5917 7076 11310 18986 18245 4892 22193 7059 11446 15429 4285 10863 15206 17640 8379 12962 9938 11752 15731 2287 7991 17175 17374 8027 7365 8949 4745 12502 1805 16248 15418 12970 14305 14355 10315 6539 9490 7730 2867 14472 7252 4762 13513 11901 17663 8812 16702 2499 15809 12009 5276 13209 14161 3861 6998 16342 8734 12975 17721 3876 14099 509 11012 4824 9402 15497 3948 8652 9979 15641 1085 18120 16932 20288 6244 10150 14901 3742 7956 17849 9740 14723 16365 6344 4562 11602 13830 9744 17135 15535 11247 17400 13659 6629 16600 7592 8084 13952 11858 8883 8133 4494 4579 10735 9439 10029 11511 17205 7298 5269 22079 17942 12373 5081 2704 15800 11000 16634 4112 15897 8657 11730 17554 19739 7980 16135 16036 1341 17021 13599 13398 18445 10774 17579 9173 18501 11529 19362 14777 406 20318 20489 11524 8495 5316 13800 17623 16859 7704 4571 17081 14375 8822 12821 17503 7650 2473 7706 15034 3495 5736 3841 19805 8853 7400 4728 18842 12242 7871 8921 12259 17953 8388 12090 13263 14505 12453 5459 7843 15873 5149 3023 18613 16545 12893 14995 13053 9238 12465 4013 6575 779 13147 18228 18217 12441 2685 13930 4836 7664 20083 11673 12703 10571 5168 6766 13410 15997 8309 7016 10328 15173 12826 14553 18900 3745 10703 14495 8912 9649 2178 6510 10025 12674 12990 13165 17775 8429 16614 13649 2995 10571 7545 5736 11838 2656 6828 20212 13808 3212 6824 14258 2300 16682 14417 13118 8338 17387 15655 19695 6422 13253 16734 13403 8212 10286 16492 5888 12786 14794 8065 7885 2101 12382 15385 6988 11857 7461 13873 3260 8911 15319 17217 19539 14699 10621 8244 20382 14390 3376 8145 8592 11170 15521 3017 20619 11239 10714 4037 16441 18035 16651 10358 6256 11635 12619 15983 2623 14141 10405 14273 10573 13541 16453 9021 19641 14628 4527 14965 7103 5932 3953 17870 19700 14909 11083 612 15803
1691 18739 9376 16133 14360 21321 14330 6786 12927 13296 17119 11197 8331 13606 23091 19158 21889 13322 13968 0 11389 19249 10658 10677 11306 6655 15876 21862 7177 22161 4256 12231 22500 8295 16804 15294 5014 9237 22741 9535 18621 13211 15494 14249 21033 10531 17106 14438 12660 13157 7615 10188 12680 6283 23140 11487 16927 4819 15115 17922 5652 2979 17460 17146 22183 17563 11002 17255 12420 2559 13413 2160 11347 10702 16554 13116 15078 20285 5182 13848 17667 14256 14612 17717 16598 12091 17188 17531 16913 16941 7593 4704 12719 10205 20523 8215 21659 5592 17463 20139 17815 9525 15648 13385 21960 13042 6520 7178 9216 16958 16134 12815 20834 4107 3621 3376 22201 13285 14237 16445 6355 11204 5211 18567 9295 8766 7238 19556 6319 15418 16320 9544 15929 9388 20885 14003 13762 10539 9857 12546 12220 11929 15998 18845 13508 11327 12851 15484 7966 11293 17982 4623 19591 14286 11407 12779 17633 18138 14259 7935 16022 16232 9767 17342 16868 15895 8170 18426 2408 3553 19886 15906 16901 12672 16495 5038 14448 18407 18862 13104 18474 2936 5290 6022 18461 17189 8819 4715 4264 2589 22675 17467 9306 16682 13311 2009 18895 12696 11600 4506 9850 10975 11693 13858 2292 16922 15978 11867 9899 7974 14849 15539 8601 11443 16366 7607 24647 7461 17675 7176 14853 1275 13778 15669 13908 5766 5562 14042 13864 11757 20398 15548 12401 15160 22425 12603 1209 17320 18372 11526 7279 2061 17005 9953 17805 15199 8806 10470 12737 16455 8268 6303 5053 2143 14931 9212 8377 10291 9710 6480 12335 19826 12511 13908 13015 13113 15573 13263 7799 6028 4885 17795 17946 16731 13776 8383 10883 10877 10843 16112 2795 16783 17377 13283 21176 2023 3452 12187 15245 14286 13700 6808 19110 3747 18385 1243 19217 13116 13985 5247 11627 18857 4615 15473 17895 18218 7336 21190 5735 14594 10719 9103 6956 13248 10465 18676 11037 4713 16573 14073 13718 3801 11047 19299 1189 12005 9501 21441 4509 17540 10932 5659 13529 7810 11631 16818 17115 5768 5627 13829 11025 1932 12583 10406 14788 14004 12796 5690 9987 2466 6644 109 16576 16688 21103 9746 17633 8080 20956 18203 16409 21496 13575 15566 5454 19531 9343 10969 16609 9869 15393 10116 12359 13488 14149 4289 10621 19867 10858 13668 16045 21496 3566 2516 7925 4673 19999 12798 15491 1639 10064 10070 18356 18829 11053 14174 17810 1715 2889 14167 13512
12663 8845 4957 5312 5607 9962 10802 4954 9040 8459 5732 8971 6615 4734 11703 8198 10524 3845 10328 11389 0 8961 2666 8427 10089 4734 10114 10815 8930 10792 8639 6582 11408 6036 10606 4598 8649 6899 11362 2433 13380 6638 10921 3051 9670 860 10206 5825 1478 8164 8008 6465 6215 6046 11752 6974 8317 6587 7123 6906 6142 8653 13970 5762 11316 8850 5218 12628 3403 11393 6964 9839 6912 2150 6198 4746 3800 10903 6331 3326 11976 5826 6143 9698 7360 1096 8837 8340 9458 11903 6103 6691 5129 6920 10200 6687 10478 8705 6075 10190 6570 6535 10216 3405 10652 7172 10436 6333 2569 9655 4763 8535 9519 9727 8082 9170 11022 1960 5247 5756 9319 8325 7977 9824 7684 4612 4546 8962 5847 6529 11247 6614 4540 6301 9752 4057 7046 3457 7072 2156 2648 7851 9147 7464 10239 713 5744 4697 7158 6526 8073 10879 8333 9691 8511 6734 10044 10032 3046 6536 9297 6350 8928 6703 5929 6389 10247 12789 9572 8663 9957 7004 6323 1423 7373 7420 5368 7759 9986 3104 7100 11583 7603 9614 13557 10154 2642 9904 7872 10488 11309 8290 6426 11807 7749 11272 14713 7631 5757 6915 7419 6483 5839 3369 10364 7624 9411 2461 6812 7761 10081 6827 4802 3178 8217 3817 13279 4231 8578 4433 9078 12658 10505 10020 10524 5707 7862 6052 3727 7793 9274 5735 5826 6816 11280 2128 10921 7729 9248 8760 5677 13385 13659 5123 12858 9517 3012 3072 5784 8586 3898 9624 8553 9307 7626 2962 3705 3470 5080 5483 4984 11252 5629 6086 7402 8546 6435 2803 6721 6226 7901 6437 12722 7878 9604 4534 8860 8850 2362 12957 9302 9330 7925 10221 10673 9367 9862 5218 6053 3644 5670 5659 10845 9957 7225 11004 7849 8876 7291 6168 4313 9062 10220 10072 9456 7639 4940 10179 6530 7447 1977 7782 5990 7508 1000 9754 4639 6742 11676 4881 10249 8460 7781 11339 12418 10273 7651 10143 7457 7700 7824 8862 9692 6933 2984 6999 5776 8265 5845 6164 4483 11743 4479 2443 4807 12015 2225 8548 3716 11018 9354 11363 10607 6332 9714 8166 9394 6233 10927 8613 10054 10209 7340 5478 7941 8777 6391 9142 10291 1906 4123 9589 6278 7821 6326 11029 4203 9014 2540 5655 10468 10252 9441 9779 3479 7609 8851 2137 9324 10772 6682 5406 9638 11471 6640 7562 9566 11030 9521 10909 5475
20769 1025 13795 8746 11911 7192 10223 13688 16945 16119 5841 17424 11641 11496 7084 2191 5706 5937 18029 19249 8961 0 8632 16976 18597 12998 16783 9766 17890 7435 15469 8135 9901 11392 16841 4363 15051 15707 6493 11392 19563 14047 9182 6071 5238 9685 6231 5080 7490 8468 13014 10023 7411 14881 7343 9155 13296 14594 13289 8363 14792 16277 21027 5974 10747 13468 13593 9736 10999 19869 14310 17290 9247 10906 9926 11924 7405 13763 14127 9328 18186 5310 5033 14715 12082 7902 4015 2657 15095 8990 15064 14740 6808 15537 11619 11769 4041 17604 5501 12384 7274 10634 17055 10067 5075 7706 19386 15287 11502 15350 5555 16415 4566 16294 15636 16266 9227 7970 11549 9122 18267 16733 14529 13988 16482 10549 12055 902 14658 4191 18023 10664 6054 15091 8817 5298 14197 12101 10687 9578 7131 9419 15385 5088 18105 8611 13241 8802 12220 14813 11394 19687 3759 17121 10482 7656 5234 14833 7897 11905 15575 10790 12197 9431 3312 3452 19183 18840 17925 15887 12292 3848 2648 7568 3271 14376 11498 1447 13917 10021 4947 20121 16419 18548 19915 15900 10852 18728 16481 18977 6180 12598 15228 9135 7911 19640 21278 15444 8291 15166 10929 14878 8239 9378 18782 2823 6585 10505 10484 12596 17322 4241 10736 7809 4462 11986 9055 13005 2757 12184 7555 20503 18314 7780 10294 13603 16733 12771 5503 9534 3132 10711 13588 4771 9564 9481 19099 2248 13171 17108 14621 21311 20838 13829 19337 7684 11929 11783 13354 4809 11000 18570 17390 17407 5839 11922 10908 8960 9813 12769 12719 15085 7262 12919 15033 8889 3914 6294 12101 13259 16669 6348 19059 12795 17250 10891 11248 11244 8494 20343 16652 15016 12046 10532 11448 17308 18498 13051 11612 5335 5914 14547 15180 18647 3252 19196 4846 9221 14353 14470 7728 12059 19033 16970 14126 9859 11916 9576 13569 6103 10755 11782 12440 15038 9505 13722 13013 14618 18450 11227 10150 15639 16202 15836 20401 18627 11378 7951 14778 11354 10314 14834 9692 15884 7634 2487 4795 17170 14279 6039 12867 20069 6757 11258 10253 20009 6861 14596 12506 19486 18310 19255 16998 9960 6211 11575 4168 11650 12656 12169 6920 8072 14661 10228 16803 9818 10707 17662 7007 9713 7355 18302 7799 7782 5747 19793 12756 9609 8448 5945 17151 8418 18077 17079 11758 14704 3139 9241 7087 18179 15330 9603 13908 16515 15013 6738 4166 18371 18009 18640 6044
12146 8216 6745 7644 8271 11480 8225 5376 11330 10854 7239 10964 4241 7395 12922 8537 11594 2701 12656 10658 2666 8632 0 10364 11999 4433 12682 12772 10022 12247 7164 4038 13309 3719 13217 4678 6946 8604 12492 4013 15967 9161 8474 4038 10745 2529 8239 4247 2812 5637 5723 3816 3806 6629 13026 4328 10974 5963 9780 9025 6344 7708 16406 7315 13392 11499 7459 10255 6031 11260 9490 8786 4260 4433 8671 7375 5844 13457 5502 5903 14574 4147 4516 12363 9992 2326 7338 7249 12118 9573 7291 6109 2948 8865 12554 4336 11106 9369 7470 12651 8462 3948 12756 6060 11534 4723 11293 7381 3895 12311 6089 10851 10437 8144 7074 7869 12841 4177 7913 8128 10188 10375 6323 12461 9364 2376 3430 8900 6382 5167 13779 4025 6071 8069 11657 3349 9607 5658 4452 4816 1578 5211 11776 8703 12508 1989 8283 7085 4836 8737 10593 11262 9142 12118 5845 4281 8298 12695 5268 4267 11921 8925 6340 9051 6279 5412 11495 15395 9304 7432 12428 5680 6244 2918 6197 5978 8033 7748 12611 5765 8310 11527 8076 10390 16120 12805 2482 10339 7959 10376 12368 10912 8168 9444 5287 11016 17233 10004 3166 6550 4802 8632 3258 5951 10167 6566 7302 5069 4186 5412 12545 5385 2590 935 6592 3444 14687 4799 7443 3554 6752 11924 12789 7722 7925 4972 8467 8692 3208 5145 9827 8340 8294 5182 13132 4783 10468 6863 11861 10834 6682 12718 16072 7092 15414 7198 4171 5256 8305 6866 2392 10471 9047 8777 5622 4465 2284 839 2489 4200 7502 13886 3262 8715 9842 5985 5217 2712 4471 4786 8263 8087 15297 10529 11969 2525 6203 6193 336 15326 8169 11988 10524 7591 12949 8691 9958 7696 8708 3701 3768 6421 13499 10137 7874 10565 8998 6294 9860 5874 1864 11581 10625 12604 12112 9976 3392 12182 5107 5373 4265 5249 4170 9973 2099 12378 6925 5991 14202 7546 7649 7194 9845 14001 11794 12293 5070 11810 6262 10245 5159 6970 7105 8230 1014 6270 6892 8965 5730 4156 6775 11439 2438 4593 7418 14186 2383 6675 5716 10878 10296 10658 13202 8800 11029 5567 7874 3955 13352 11179 7925 11894 9859 8045 8517 10990 3831 11076 8165 1502 6149 11312 3785 5384 4403 11324 6402 11163 224 3743 13028 12007 9542 8622 3285 6264 9447 4763 7104 9703 8608 2763 12278 14136 8793 5330 8056 9921 9416 13212 3552
10852 17049 3620 9532 6217 15154 18279 6183 2276 2868 12047 649 12326 6057 17319 15683 16619 12263 3317 10677 8427 16976 10364 0 1662 7620 5340 14466 3654 15989 11197 14292 15135 11791 6299 12729 11817 1938 17218 6354 7945 3941 18746 10934 15887 8019 18528 14226 9730 15865 13042 13285 14158 5450 17233 14298 7657 8305 5958 11168 6359 9791 7060 11980 14370 8217 3384 20571 6040 8832 3922 10707 14189 6281 9121 5478 9875 10982 8713 7883 7018 14206 14539 7878 7945 9505 17263 16728 6902 19915 3875 8226 13277 1512 12129 12312 17337 5105 12488 11380 11697 12983 5055 7112 17077 15045 5069 4133 6477 6862 11705 2287 16040 12150 9703 11024 15117 9006 6386 9522 4561 601 11296 9047 1457 10801 9001 16766 5623 14956 5650 13058 11249 2338 13846 12471 4276 4984 13592 7399 11008 15159 5855 13798 2894 9029 4298 9073 12555 2252 9608 6893 15203 3641 15433 14608 18444 8281 9201 11989 5814 8348 14959 10066 13693 14785 3589 7757 8298 10560 11148 15430 14357 9615 15787 10484 6559 15615 9387 7070 13569 8706 5568 4988 7803 6934 8149 6249 6715 8265 17318 8517 2270 19772 15591 9149 8366 2633 13388 7747 13859 2119 13492 7846 8465 16015 17645 6474 13409 13062 4196 15251 10855 11207 16631 7941 18218 6254 16972 8622 17107 11529 3185 18080 17922 8419 5179 5410 12129 15043 16375 7858 3782 15218 15211 7497 9547 16068 9176 849 4567 11831 6627 3315 7134 17553 6260 5357 4146 16984 9504 4746 5625 8942 15913 5903 9377 10844 11881 9441 4486 10012 13625 5213 3147 16145 14859 11198 12061 9980 5922 12221 7269 7706 3108 10391 15454 15444 10208 5744 10631 6796 8698 17466 12921 9386 7317 4144 7060 11908 13976 5152 9205 7093 14484 9557 14260 16398 4373 7509 12227 10169 6488 4886 8288 10621 9775 13807 10059 15692 6453 13739 10670 3343 8393 9267 3963 8630 5895 6517 17650 10550 880 9209 11021 1954 13854 14894 9907 9203 14702 12476 17165 3141 11118 15314 12720 4911 7116 14431 4110 9581 12691 5988 7642 4018 10635 12219 4729 8641 4315 10584 6031 9211 15433 14378 17821 11818 12159 9452 18275 14894 3842 8180 5277 11930 12762 717 18515 8872 10050 1521 14097 15705 14635 7260 4265 12378 10374 13957 5452 14718 7126 10966 7800 10340 15947 7740 17467 11312 1762 12365 8856 8524 2001 15691 17993 11592 7789 3610 13768
11238 18689 5256 10950 7535 16491 19846 7599 2611 3530 13563 1180 13788 7498 18674 17259 18040 13924 2976 11306 10089 18597 11999 1662 0 9051 5536 15622 4133 17312 12339 15900 16284 13271 6480 14372 13012 3449 18603 7997 7545 5160 20348 12570 17331 9675 20180 15886 11386 17465 14418 14829 15785 6721 18572 15875 8557 9532 7013 12512 7603 10812 6154 13489 15445 9058 5009 22181 7624 9203 5057 11621 15762 7942 10426 6943 11428 11729 9992 9431 6880 15864 16199 8509 9031 11166 18925 18386 7487 21534 5238 9436 14921 3172 13123 13767 18837 5753 14004 12295 13113 14499 5167 8660 18530 16663 5111 5418 8106 7393 13276 2938 17515 13228 10804 12075 16316 10634 7752 10895 4961 1877 12533 9777 2772 12341 10476 18368 6924 16617 5474 14572 12811 3936 15079 14131 5367 6644 15105 9020 12667 16727 6420 15284 2467 10690 5687 10530 13981 3798 10692 7101 16724 3750 16963 16228 20103 8882 10782 13436 6333 9600 16403 11362 15306 16444 3396 7513 9014 11644 12076 17092 15988 11271 17447 11730 7907 17226 10123 8641 15071 9010 6523 5329 7302 7341 9743 6654 7656 8774 18721 9484 3848 21386 17205 9595 7601 3681 14995 8904 15361 3720 15100 9390 9027 17673 19289 8107 14932 14466 4213 16913 12383 12851 18291 9457 19471 7752 18630 10097 18733 12019 2666 19707 19483 9760 6063 6672 13789 16607 17908 9171 5212 16878 16386 9117 10125 17721 10028 1576 5951 12214 5699 4974 6708 19179 7869 7019 5542 18643 11044 5054 6348 9774 17563 7534 10926 12458 13444 10845 5994 10567 15258 6476 4216 17734 16521 12858 13495 11334 6820 13686 6928 8690 3177 11918 16950 16940 11851 4806 11625 7402 9738 19013 13928 10250 7860 5650 8315 13561 15630 6502 9740 7587 16048 10118 15747 17978 5396 8766 13860 11146 6831 5027 9013 11841 11244 14980 11384 17340 8114 15196 12086 4357 10045 10035 5595 9852 5604 7928 19211 11663 2397 9634 11486 716 15333 16183 11109 10313 16234 13702 18736 4374 12768 16965 14276 5678 8409 16081 5745 9981 14340 7650 9059 2755 12296 13462 6389 9074 4676 11206 6168 10504 16828 15850 19482 13281 13040 10439 19918 16175 4875 9533 6144 13108 14275 948 20158 10502 11587 1190 15715 17322 16288 7482 5921 13566 12014 15611 5537 15976 7751 11917 9341 11552 17483 9357 19103 12134 3418 13932 9603 8813 3585 17329 19654 12402 8464 2976 15421
7968 12634 4445 9666 8548 14681 11003 1453 9301 9195 10465 8269 4742 7678 16436 12650 15241 7112 10623 6655 4734 12998 4433 7620 9051 0 11574 15358 6084 15518 4403 7443 15978 4244 12351 8822 4726 5682 16089 3143 14780 8209 11704 7631 14385 3878 12252 8630 6027 8870 5440 5962 7573 2545 16486 7153 11344 1864 9681 11408 1989 3980 14509 10494 15757 11965 5931 13576 6300 6877 8500 5184 7024 4357 10258 7321 8457 14483 1733 7409 13532 8504 8876 12439 10734 5468 11671 11674 11852 13020 3818 1959 7117 6350 14315 4717 15080 5114 10808 14085 11216 5538 11497 7072 15333 8283 7095 3698 2788 11972 9482 8949 14203 5521 3464 4708 15641 6645 8324 10029 6042 7866 4084 12998 6282 3546 1488 13190 2295 9575 12415 5605 9274 5366 14341 7702 8768 4684 6129 6067 5868 7936 11161 12191 10320 4697 7546 9016 4937 6852 11896 6851 12978 10445 8012 7891 12484 12840 7651 4385 11249 10100 7353 10960 10347 9844 7632 14364 4958 4173 13836 10088 10500 6031 10621 3316 8517 12005 13244 6764 11822 7123 3766 6168 14791 12347 2204 5951 3528 5981 16027 11666 5395 12828 8749 6678 15643 8379 6579 2216 6357 6609 6689 7429 5799 10997 11204 5550 5984 5443 10975 9774 3524 5343 10890 1013 18004 1488 11862 1133 10370 7925 10622 11327 10615 1134 4218 8509 7499 7796 13836 9413 7265 9518 15880 6111 6236 11294 12628 8325 3103 8660 14105 5042 14073 10798 2481 4453 7484 11108 2369 6294 4710 4589 9720 3010 2351 4391 4730 1831 6834 14378 7181 8431 8461 9049 9644 6783 4446 2459 3892 11154 14074 11034 10106 3076 7930 7920 4520 13254 4706 11715 11458 10099 14899 4633 5527 6828 9327 7802 8050 2589 13780 5705 11802 6325 12567 9233 9029 1486 5931 12841 6225 11322 12435 11872 2218 14698 2623 9422 4324 6146 3050 8665 3818 13031 5667 2059 12782 8071 10353 4018 7433 14120 7697 9536 6297 14828 3047 11469 7300 5226 9930 4729 5446 10687 10472 4754 1298 8345 5582 7127 6755 4146 8558 11637 6268 4926 4280 6494 6202 6630 12223 10395 14449 6806 12188 4237 14881 12255 11773 14888 8789 9334 4245 13132 5308 8252 12005 3318 8776 8093 7379 8897 8634 6898 5105 13432 4589 8021 11853 14906 5110 5181 1286 3348 13427 6278 10873 6106 6101 5224 12790 13919 6753 9205 12371 6376 5012 11065 7837
16164 17170 7155 8095 4953 12751 20899 10336 3090 2581 11040 4986 15827 5597 14917 14984 14636 13649 2695 15876 10114 16783 12682 5340 5536 11574 0 11238 8992 13470 15734 16686 11849 15237 962 13170 16218 6654 14992 9094 3296 3541 21028 11424 14086 10164 20022 15596 10878 18275 16871 16279 16327 10054 14749 16998 4014 12787 3494 9082 10938 14592 4248 10923 10827 4268 5661 22704 6728 14156 3215 15632 16920 8295 7065 5410 9444 6537 13050 7736 1962 15659 15917 3310 5016 10943 18273 17369 2324 21960 8484 12752 15211 5699 8391 15851 15874 10382 11441 7415 9994 16167 426 7146 15288 17285 10369 8860 9385 2133 11239 3081 14450 16785 14375 15738 12044 9589 5341 7800 9899 4757 15613 4661 6607 13970 12655 16307 10148 16063 1241 16248 10741 6605 10984 13554 3074 7240 16765 8173 12669 17884 1495 12417 3168 10826 4401 7981 16206 4790 6416 12232 14009 1789 18426 16848 19659 3600 9145 15580 1309 6142 18433 7833 13550 15589 8769 2798 13471 15230 7239 16448 14451 10732 16625 14812 5347 15336 4992 7336 12331 14040 10621 10328 3443 1893 11167 11579 11730 13552 15191 4992 6656 21881 17862 14451 4647 3263 15840 12405 17085 5077 15928 7679 13726 16712 19359 7652 16533 16782 1356 16394 14091 13291 17825 11491 15282 10086 17630 12307 19152 16798 3092 20073 20606 12601 10315 4204 13191 17809 15229 6091 4463 16538 12030 8244 14789 16574 5159 4543 9019 17140 4095 6542 2748 19585 9419 7608 4389 18254 12775 10086 10853 14001 17557 8888 12600 13395 14822 13349 5187 5154 15738 4114 3113 18648 15856 12343 15704 14029 11012 10804 2616 4390 2364 13668 18645 18634 12417 3766 15448 2302 5444 20267 9193 14402 12599 5028 5173 12671 15632 9612 4329 12396 13729 14808 12853 18969 2824 11975 14423 6500 11824 518 3954 7931 13400 10678 14194 17425 8451 17202 14459 2911 10597 4973 6024 13107 1671 5705 20330 15168 4836 4132 16304 4920 17202 12252 14366 6175 17705 16780 19782 8083 13096 15812 12016 10136 11524 16153 6145 14895 14547 8218 6552 4538 11905 16488 7442 13949 9655 15789 700 7078 13341 17741 18811 15340 8050 5888 20003 12211 2864 6571 10422 8937 15976 5312 20233 11412 9449 6451 16390 17932 16264 12599 6607 9396 12598 15624 372 11929 12374 15837 11226 14757 14847 8386 19343 16334 5871 15241 4534 3276 4960 17614 18958 16623 12998 3054 15457
22905 10672 13070 5729 8314 2671 18698 15082 13131 12158 5684 14568 17005 8739 4213 7599 4712 11353 13589 21862 10815 9766 12772 14466 15622 15358 11238 0 17192 2877 19453 15154 673 16491 10756 9216 19451 14314 4548 12330 12774 10529 18043 8833 4727 11605 15568 12320 9990 16271 18495 16184 14443 15779 3957 16021 7283 17212 8614 3950 16250 19338 15035 5576 997 6970 11795 19050 9591 21291 10585 20541 16037 11162 5516 9331 7031 5411 17051 8015 11717 12532 12525 8042 6598 10535 13276 11886 8933 18258 14951 17290 13279 13591 2998 17103 6588 17807 5607 4057 4311 16529 11646 8524 5547 15219 18888 15346 12657 9153 6857 12713 5391 20542 18807 19960 878 8861 8234 5446 17948 13950 18783 6761 14859 15123 15360 8906 15676 12043 12274 16596 6750 13799 1138 10695 10259 11509 16907 9321 11491 16691 9795 4984 13922 11157 10246 6378 17605 12373 4955 20116 6011 12504 17678 14928 14709 7888 7772 17038 9961 6154 18800 4616 8121 11130 17851 12049 19748 19442 4152 12085 9028 9905 11819 18235 8034 8694 6493 8785 5298 21374 17174 18364 13257 9559 13435 19181 17854 20431 4869 6294 13941 18334 15679 21319 14634 11952 14739 17373 17247 12626 14759 8006 20411 11578 15544 10012 16640 18174 12377 12317 15333 12589 13352 14551 4063 14401 12095 15231 16106 23092 13984 16678 18616 16424 17205 9062 10503 16726 6798 6731 10789 12778 792 9268 21184 11091 6112 14094 14952 23739 15044 12672 12929 16396 13058 11488 10399 13810 14667 18240 17939 19721 14126 12655 14482 13565 15149 16298 10335 7123 13961 9258 11414 16744 11688 10361 17241 17040 17565 4780 12542 7021 12926 15173 18293 18285 12448 14931 20044 8940 5936 18620 2332 19881 19614 10625 7424 9704 12941 15266 7647 19591 6859 21252 5049 17127 10228 16648 13384 4740 19502 11663 7350 3881 15731 683 17346 14227 11143 17872 16739 11266 11815 6424 11468 17416 12595 8233 18395 19250 13593 8245 22768 15272 17607 1874 18245 5313 17184 19617 17836 15309 12290 10612 6444 17388 16244 13389 11408 21812 12754 11468 7262 15652 10469 19307 12087 20953 17835 21818 11050 5399 3676 18030 13616 16726 3790 5361 16051 1758 10747 6537 17313 2540 16466 14915 16204 12673 6709 15982 14747 15632 13262 20384 11672 2107 12556 12958 11514 1379 19230 20521 14197 18418 6667 9086 15880 21464 13530 15268 6826 9250 12672 14759 13671 21734 19537 14107 12909
7216 17753 4333 11764 8921 17445 17068 4751 5926 6478 13794 4090 10677 8457 19522 16988 18622 12437 6844 7177 8930 17890 10022 3654 4133 6084 8992 17192 0 18305 8510 13489 17864 10243 9949 13527 9252 2896 19329 6501 11510 7041 17788 11890 17821 8240 18188 14236 10400 14947 11014 12038 13551 3542 19483 13237 10923 5948 9118 13546 4214 6855 10286 13761 17245 11525 5398 19659 7839 5188 7135 7562 13108 7083 11683 7862 11534 14324 6499 9704 10654 14155 14520 11359 10968 10000 17341 17096 10427 19096 2829 5820 12931 3742 15168 10628 19014 1635 14220 14537 13845 11584 8708 8997 18951 14317 1698 2654 6420 10414 13174 5922 17849 9300 6946 8131 17744 10181 8963 11890 908 4235 8860 12435 2514 9626 7569 17861 3795 15105 9270 11648 12789 3393 16426 12846 7507 6100 12159 8775 11116 14018 9410 15619 6368 9330 7042 11194 10739 5004 12576 3260 16831 7289 14045 13911 18313 11773 10741 10280 9390 11063 13162 12608 14788 15163 1552 11373 4887 7748 14293 15613 15248 10327 16074 8096 9168 16662 12765 8834 15325 5052 2669 1342 11322 10534 7545 2602 3702 4672 19371 11680 3251 18908 14803 5529 11718 6069 12607 5212 12359 4704 12716 9685 4908 16386 17181 7829 12034 11141 7838 15355 9608 10952 16610 6816 20675 5234 17316 7217 16414 7936 6628 17379 16673 6446 2150 8293 12554 13875 17910 10462 6503 15194 17887 8866 6004 16568 12449 4476 3351 8196 9832 4584 10684 16847 6020 6313 6895 16887 8400 1124 2253 5683 15599 5970 8342 10236 10806 7657 6858 13509 13106 8113 6509 15133 15096 11669 10292 7969 2862 14177 10853 10875 6744 9159 13889 13879 9982 8938 7629 10311 11758 16140 15926 6171 3742 6578 9839 12569 13789 3624 12722 3486 15897 6002 16066 15316 7670 5299 11767 13274 2834 8540 11694 13315 8263 16513 7940 15324 7212 12024 8877 6733 8483 12620 5763 6238 9486 8963 16415 7804 4235 12781 7414 4828 12241 17319 7407 12142 13347 9982 16006 2046 10962 15868 14235 1655 5066 14158 5844 5946 12460 6716 9987 6858 11086 9778 5577 5014 686 7078 9685 11796 17548 12718 17884 10191 15343 12563 17771 17340 7172 10669 2198 14668 11354 3828 18007 8574 11782 2942 13393 14945 14419 3618 5679 15086 10110 13764 9105 17224 3619 7881 6843 7856 17477 9119 16887 8024 3733 11302 12234 12145 4707 15175 18065 8288 4332 7004 13573
23364 8416 14014 6547 9786 863 17069 15512 14965 13994 5081 16191 16347 9975 1456 5408 1906 10326 15607 22161 10792 7435 12247 15989 17312 15518 13470 2877 18305 0 19289 13921 2710 15893 13112 8019 19162 15515 1682 12728 15342 12152 16251 8215 2198 11643 13535 10867 9660 14829 17851 15254 13175 16384 1282 14869 9455 17376 10462 4824 16713 19442 17466 5037 3830 9272 12981 17057 10473 21920 12273 20623 14909 11671 6886 10573 7103 8155 17119 8654 14193 11098 11014 10453 8538 10238 11241 9823 11241 16283 15813 17477 12112 14918 5702 16458 3834 18686 4793 6737 4480 15693 13856 9322 2735 13836 19995 16175 13013 11481 6175 14500 2870 20327 18863 19895 2070 8877 9603 6481 18978 15530 18518 9266 16149 14619 15243 6537 16242 10396 14589 15751 6284 14948 2552 9594 11992 12309 15986 9792 10785 15433 11983 3578 15882 10959 11691 7112 16962 13783 7055 20997 3881 14533 16473 13608 12598 10366 7933 16451 12163 7728 17815 5951 6608 9453 19159 14604 20223 19404 6780 10332 7335 9615 9961 18070 9431 6612 9040 9513 3972 22052 17875 19369 15805 11941 13419 20030 18402 21030 1993 8485 15095 16394 14230 21875 17200 13645 13660 17663 16307 13994 13660 8665 20959 9645 13675 10643 15729 17490 14489 10625 14833 11862 11456 14608 2486 14794 10000 15183 14402 23424 15984 14852 17044 16497 17988 10640 9489 15495 4317 8144 12211 11134 2353 9717 21621 9101 8532 15743 15685 24130 17431 13721 15417 14638 13450 12195 11843 11887 14407 19282 18725 20054 12456 13138 14239 12962 14421 16158 11597 9827 12768 10836 13117 15297 10036 9603 16659 16856 18240 4367 15047 9097 14891 14758 17152 17146 11952 17227 20071 11225 8027 17133 5147 20143 20288 11922 9002 8750 11592 15901 10266 20313 5045 21698 3377 15672 12014 16918 12461 7140 20356 13847 9756 5583 15481 3097 17174 12613 11610 17022 16390 13006 11754 8932 12555 17535 14945 9492 16847 19190 15109 10895 23158 17053 16706 1230 18196 7307 16069 19217 16314 16319 11574 8764 5379 18250 16560 11972 12466 22361 11687 12018 8389 17704 9864 18920 12877 21561 18906 22131 13380 6808 1334 17071 11506 16145 6600 7640 14118 1292 12501 7809 18089 4554 15669 16520 14244 12490 6796 17505 13518 14155 11790 21225 12634 4109 12024 11613 13779 1641 19883 20546 14272 18302 4309 9490 14082 21557 14813 14448 9293 11851 14068 13198 11533 21811 20091 16164 11604
5946 14865 8599 13861 12950 18488 10119 5419 13184 13246 14214 11823 4121 12079 20046 15655 18743 9655 14437 4256 8639 15469 7164 11197 12339 4403 15734 19453 8510 19289 0 8052 20047 4171 16563 11822 841 9350 19634 7515 18843 12502 11251 11104 17890 7854 12878 10495 9630 8909 3378 5981 8556 5775 20136 7262 15744 2950 14065 15530 4862 1815 18255 14269 19930 16367 10192 13030 10688 6086 12776 2096 7123 8719 14559 11723 12435 18878 2725 11663 17669 10294 10633 16817 15132 9054 13085 13546 16195 12696 7381 2999 8745 10196 18625 4000 18256 6968 14497 18443 15201 5311 15611 11401 18698 8843 8700 7075 7157 16303 13119 12910 17598 1121 1564 883 19654 10597 12724 14261 8002 11577 981 17399 9746 4944 4093 15873 5636 11466 16466 5323 13013 9218 18391 10386 13067 9078 5611 10317 8732 7676 15454 15799 14064 8355 11893 13220 3718 10946 16257 7402 16306 14437 7159 8606 13442 17222 11681 3747 15528 14460 5587 15205 13429 12041 9939 18490 4427 858 18196 11932 13302 9682 12535 1222 12916 14778 17647 11087 15410 6475 5869 7875 18799 16651 6026 6922 4812 5504 19521 16066 9201 12440 9084 5600 19518 12480 7489 3451 5595 10667 7575 11689 5144 12979 11749 9900 5666 3723 14990 11550 4747 7795 12262 4981 21757 5798 13668 4236 10607 5350 14362 11414 9696 3272 6371 12897 10313 7504 16973 13777 11573 11131 19916 10347 4722 13422 17029 12000 6761 6183 17824 9220 18092 10948 6880 8856 11820 12317 4884 8118 6345 3437 10783 7412 5050 6609 5694 3157 11205 18776 8452 12813 12638 8858 11659 9875 3592 2433 5648 14997 18138 15436 14029 4665 6663 6656 7420 16940 1483 16058 15849 9076 19175 2994 5782 11175 13724 10863 9712 6157 18168 6116 15038 4824 16119 8860 13323 3764 7743 17212 7026 15433 16830 16132 3813 18813 2118 10443 8668 4851 3043 12855 7641 17434 9996 2628 16802 12465 9497 719 11238 18492 5432 12945 5245 18733 1380 15835 6676 1593 9287 8058 8032 12992 14000 6856 4211 9778 9925 5817 8714 8533 12902 15078 9502 1513 8647 5783 8268 4307 16407 14696 18118 5505 13505 3934 19231 16639 12166 18806 13038 13669 6314 17346 5143 11711 12363 6819 12759 11215 8214 9261 10101 7217 9453 17614 7384 9679 15985 18869 5552 1756 5338 1063 16601 10482 11251 2822 9977 5990 17191 18248 10793 9990 13679 2961 4927 14796 9540
13891 7322 10678 10845 12125 13298 4221 8740 15357 14891 9487 14909 3934 11284 14208 9051 12766 3844 16687 12231 6582 8135 4038 14292 15900 7443 16686 15154 13489 13921 8052 0 15582 3941 17187 5962 7445 12463 13680 7993 19960 13181 4459 6558 12001 6564 4940 3165 6141 1599 5069 2087 757 9955 14387 1022 14706 8315 13669 11848 9418 9338 20444 9605 15932 15182 11488 6281 9984 13540 13509 10097 1113 8469 12025 11327 8882 16850 7720 9538 18557 2923 3131 16144 13635 5886 5088 5785 15991 5649 10942 8479 1882 12813 15577 4058 11690 12546 9548 15864 11033 2760 16773 9848 12444 851 14532 10948 7828 16198 8336 14883 11504 8648 8723 8926 15012 7619 11749 11354 13485 14345 7072 16090 13196 3925 6002 8766 9701 3951 17800 2760 8542 11966 14017 4460 13613 9692 2631 8648 4219 1537 15724 10410 16529 5870 12296 10396 4406 12758 13970 14083 10217 16155 2552 556 5402 16448 8557 4307 15876 12454 4076 12196 7317 4795 15022 19370 11587 8680 15664 4298 6710 6286 4897 7203 11845 7914 16199 9579 10034 13875 11189 13604 20128 16708 6162 13261 10746 12743 13462 14513 12052 5489 1318 13168 21259 14042 905 9074 2827 12640 800 9592 12454 5359 3836 9039 2478 4644 16580 3901 3994 3407 4275 6678 16153 8331 5852 6321 2927 13386 16813 3890 3957 7432 11657 12626 4677 1579 10453 11945 12325 3386 15337 8597 12425 5901 15421 14808 10269 14220 20109 11072 19426 3358 8033 9290 12325 4280 5091 13737 12104 10806 2745 8403 5148 3451 2748 6248 11521 17493 1197 12666 13878 1965 4256 5049 4461 6384 11268 10395 19298 14232 16005 4400 3246 3240 4278 19360 9448 15866 14069 3719 15827 10546 12578 11725 12450 5482 2361 9885 17190 12829 8938 12530 10549 2302 13862 8586 2272 14933 13503 16624 15825 13060 5436 14661 6621 2404 8301 3700 5360 14006 6136 15966 10960 8189 18225 11371 3685 8431 13823 17733 13420 16237 3278 13817 7808 13677 2210 7053 3118 11897 3630 5728 8735 12196 8631 2106 10811 13504 2475 8629 11059 18177 5215 6872 9723 13175 13643 12265 17187 12139 12597 3440 5474 4151 16482 14634 4361 13922 13881 11583 11679 13841 2912 14996 4587 5460 9129 15130 407 1456 2388 14056 10432 13909 4097 2335 17037 14129 12199 9796 6688 7574 10185 8523 3445 10874 12553 2281 15922 17963 12802 1943 5643 11006 11869 17238 2322
23555 10835 13737 6373 8986 2713 19052 15724 13785 12813 6156 15234 17533 9411 3915 7764 4608 11806 14226 22500 11408 9901 13309 15135 16284 15978 11849 673 17864 2710 20047 15582 0 17027 11345 9627 20031 14986 4317 12966 13301 11197 18356 9339 4746 12206 15813 12696 10542 16660 19027 16668 14863 16432 3637 16467 7914 17836 9273 4579 16895 19958 15598 6056 1215 7582 12467 19312 10252 21949 11250 21160 16487 11804 6187 10003 7614 5888 17665 8657 12274 12913 12889 8628 7256 11094 13514 12112 9536 18523 15617 17916 13714 14264 3532 17633 6525 18474 6042 4585 4866 17029 12260 9179 5441 15618 19560 16010 13290 9752 7334 13371 5424 21131 19422 20564 676 9450 8907 6103 18619 14617 19365 7329 15532 15668 15954 9023 16327 12375 12867 17095 7259 14471 1659 11132 10923 12169 17395 9955 11997 17118 10417 5292 14565 11730 10918 7019 18137 13045 5606 20784 6175 13141 18117 15339 14929 8458 8370 17576 10580 6826 19280 5282 8459 11452 18524 12581 20397 20049 4701 12393 9334 10463 12100 18827 8707 8899 7049 9436 5631 22034 17834 19034 13789 10146 14035 19847 18506 21087 4657 6928 14613 18609 16066 21974 15158 12616 15195 18007 17732 13298 15211 8650 21064 11838 15832 10660 17128 18700 13004 12640 15880 13096 13628 15161 3508 15039 12313 15832 16437 23733 14622 16980 18982 17038 17868 9733 10954 17158 6861 7404 11461 13114 357 9900 21831 11335 6706 14758 15611 24385 15618 13342 13481 16714 13694 12143 11072 14080 15243 18911 18603 20360 14460 13298 15059 14094 15663 16890 11008 7610 14394 9928 12078 17134 12018 10854 17780 17629 18224 5261 13090 7665 13569 15730 18745 18737 12988 15525 20658 9548 6583 19005 2803 20515 20274 11298 8096 10161 13341 15921 8170 20253 7115 21900 5302 17515 10888 17280 13863 5349 20169 12281 7940 4554 16310 1352 17936 14574 11782 18373 17308 11928 12406 6993 12138 18035 13181 8904 18766 19854 14263 8753 23413 15928 18099 1954 18849 5972 17638 20184 18211 15979 12798 10890 6849 18055 16879 13776 12078 22466 13206 12113 7929 16282 10986 19875 12747 21610 18507 22457 11643 6070 3713 18513 13834 17265 4234 5987 16324 1833 11409 7207 17976 3212 16972 15581 16470 13253 7291 16651 15175 16013 13638 21050 12339 2780 13092 13358 12119 1517 19889 21135 14808 19016 6771 9714 16187 22085 14203 15768 7403 9774 13344 15120 13880 22354 20191 14739 13317
9951 10741 8384 11279 11381 15147 6848 5691 13297 13052 10936 12438 599 10472 16485 11774 15114 5764 14640 8295 6036 11392 3719 11791 13271 4244 15237 16491 10243 15893 4171 3941 17027 0 15911 8054 3667 9860 16025 6151 18518 11721 7700 7724 14280 5511 8856 6359 6518 5029 2007 1968 4394 6749 16609 3285 14190 4577 12775 12726 6032 5399 18520 11017 17106 14760 9624 9565 9027 9644 12040 6174 3144 7099 12229 10304 9541 16930 3968 9360 17192 6150 6481 15486 13324 6000 8920 9384 15088 9091 8053 4738 4607 10439 16192 653 14422 9072 11146 16222 12181 1382 15227 9358 14972 4765 11048 7942 5852 15251 9773 12894 13911 4908 4789 5027 16553 7809 11064 11747 10076 11984 3197 15763 10499 1424 2794 11855 6508 7321 16204 1434 9780 9483 15376 6520 12240 8005 1922 8122 5109 3911 14575 12325 14382 5495 10923 10691 1128 10737 14109 10355 12599 14330 3804 4486 9341 15851 8920 558 14694 12375 3214 12684 9646 7944 11794 18028 7715 4750 15991 7777 9378 6615 8383 3262 11217 10810 15949 9042 11930 9991 7722 10123 18591 15697 4088 9601 7090 8875 15873 14266 9531 8869 5085 9253 19554 12204 3321 5367 2120 10539 3409 9401 8571 8831 7737 8081 1828 1726 14828 7391 1238 4039 8097 3871 18305 5537 9502 3174 6685 9466 14681 7574 6446 3833 8227 11616 6520 3751 13137 11745 10780 6963 16846 8114 8493 9292 15234 12450 7339 10299 18135 8916 17871 7070 5842 7652 10903 8166 2464 10294 8560 6894 6638 6357 2644 2943 1585 2600 10142 17190 4282 11594 12183 5095 7531 6290 766 2519 7722 11795 17821 13787 14058 1590 3686 3676 4044 17310 5522 14953 13930 5900 16620 6615 8793 10242 11965 7184 5560 6832 16720 9068 11301 8597 12588 5205 12505 5016 3697 15098 9813 15060 15330 13617 2029 15900 2719 6300 6975 1977 1480 12359 5135 15720 9215 4397 16598 10728 6194 4499 11516 17164 9484 13729 2064 15505 3876 13734 3119 3464 5823 8972 4322 8906 10516 8777 5184 5608 9092 9577 4654 7089 10817 15804 6062 3210 7807 9286 10273 8328 15836 12362 14645 2588 9350 261 16951 14639 8212 15592 12376 11508 8227 14676 1158 12446 8425 4180 9851 12334 4065 5257 5930 10289 8635 14864 3935 5527 15551 15714 8437 5889 4070 3633 12793 8159 7287 6980 10181 1822 15569 17158 10695 5883 9525 7131 8039 15123 5396
17112 17281 7966 8100 5217 12428 21408 11151 4052 3512 11038 5948 16505 5959 14566 14970 14375 14023 3588 16804 10606 16841 13217 6299 6480 12351 962 10756 9949 13112 16563 17187 11345 15911 0 13392 17026 7571 14678 9760 2819 4194 21480 11690 13869 10722 20349 15941 11266 18766 17591 16877 16796 10922 14384 17545 3724 13622 3670 8910 11797 15462 4373 10914 10278 3840 6420 23123 7203 15108 3881 16517 17472 8890 6983 5861 9598 5831 13865 8013 1396 16018 16261 2717 4851 11376 18531 17571 1878 22368 9368 13592 15653 6609 7839 16534 15702 11327 11421 6826 9877 16795 1314 7487 15059 17757 11332 9751 10065 1633 11336 4031 14270 17625 15228 16593 11586 9920 5610 7757 10857 5714 16411 4043 7550 14615 13381 16322 11007 16360 1531 16876 10842 7493 10591 13879 3672 7908 17387 8588 13103 18429 1508 12311 4078 11318 4998 8064 16904 5643 6081 13192 13914 2742 19009 17323 19941 2928 9379 16272 1333 6079 19091 7674 13660 15839 9730 2185 14396 16080 6672 16724 14591 11118 16869 15616 5581 15396 4354 7706 12255 14996 11537 11286 3097 1200 11827 12533 12638 14496 14895 4648 7551 22300 18334 15398 4438 4141 16358 13264 17712 5941 16442 7955 14666 16931 19728 8154 17149 17487 2273 16693 14745 13782 18118 12217 14817 10867 17832 13042 19578 17738 3973 20484 21127 13399 11242 4578 13519 18360 15127 6137 5141 16865 11547 8651 15725 16761 4644 5505 9881 18088 4318 7347 2496 20005 10130 8260 5010 18557 13448 11045 11791 14910 17929 9590 13268 13956 15425 14104 5785 4343 16204 4525 3926 19152 16136 12700 16404 14798 11932 10726 2233 4169 3318 14332 19257 19247 12940 4182 16318 1913 5150 20809 8627 15303 13544 5669 5269 12957 16025 10469 3535 13344 13723 15745 12734 19481 3408 12813 14917 6027 12781 1455 3406 7658 14115 10229 14974 17813 9038 17865 15188 3708 11154 4372 6735 13940 1840 5989 20852 16011 5777 3260 17247 5850 17848 11885 15190 5897 18294 17571 20297 9000 13573 16006 12050 11075 12358 16551 6844 15844 14985 8844 6714 5293 12291 17275 8157 14898 10614 16717 338 6977 13075 18386 19061 16025 7406 5474 20369 11836 3567 6620 11350 8558 16610 6273 20596 12001 9571 7411 16878 18396 16646 13559 7316 9008 13121 16018 967 11535 13313 16713 11940 15573 14759 8771 19739 17233 6771 15830 3948 2344 5833 18031 19202 17522 13930 3880 15858
16734 4321 9456 5696 8217 7357 9556 9392 12904 12146 3617 13210 8451 7632 8467 3865 7072 2326 14071 15294 4598 4363 4678 12729 14372 8822 13170 9216 13527 8019 11822 5962 9627 8054 13392 0 11548 11381 7987 7031 16198 10106 9063 1819 6249 5337 7154 3163 3128 7062 9942 7243 5237 10560 8610 6875 10175 10525 9727 6201 10527 12367 17344 3749 10029 10502 9366 10353 6882 15690 10396 13460 6907 6567 6972 7966 3849 11574 10114 5445 14780 3355 3411 11659 8973 3549 5159 4204 11813 9554 10701 10660 4112 11263 9946 8569 6434 13266 3617 10403 5254 7707 13387 6104 6922 6003 15029 10928 7147 12056 2564 12375 5859 12769 11737 12544 9051 3776 7829 6184 13911 12529 10951 11242 12160 6917 8059 4402 10344 3160 14399 7761 2918 10768 8084 1579 10343 7793 7974 5392 3100 7496 11888 4466 14091 4278 9247 5477 9066 10626 8804 15385 4545 13243 8508 5713 6605 11869 4025 8608 12070 7661 9796 6844 1607 2473 14825 15511 13780 12110 10237 3421 1728 3208 3486 10649 7829 3202 11265 5989 4082 15920 12108 14198 16487 12607 6631 14418 12239 14789 7824 9697 10902 9566 6474 15500 17790 11409 5644 11028 8291 10661 5647 5501 14619 3543 6777 6270 7720 9562 13514 3488 7126 4051 4841 7811 10343 8694 4463 8125 7073 16565 14322 7785 9442 9547 12404 8996 1534 7541 5152 7366 9528 3820 9377 5298 15025 3434 10474 12925 10266 17348 17106 9521 15852 7419 7579 7459 9343 5304 7056 14215 13074 13346 5122 7560 6930 5228 6512 8871 8641 12540 4782 9115 11048 7535 2865 2041 8816 9463 12375 4511 15623 9664 13300 7158 9161 9154 4461 16527 12846 11712 9176 9415 10083 13302 14256 8957 8148 1021 3728 10209 12426 14386 3248 15118 4645 7918 10533 10308 4473 9678 14728 13278 11179 7584 8069 8751 9784 5153 6412 9023 8796 11085 5184 11042 8778 10591 14835 7467 9211 11872 11989 13044 16410 14452 8696 7857 10938 8615 8067 11484 8644 11522 3797 2665 2777 12830 10075 4190 8627 15946 3669 6913 6683 15968 2564 11207 8172 15308 13950 15288 13494 7054 6715 9052 5677 8313 10919 9550 7375 7961 10766 6906 12477 8131 7699 13428 7574 5504 3956 14011 5556 6436 4094 15507 8475 8130 4465 3743 13542 8167 13833 13300 7551 10940 4779 5077 6978 14379 11046 6482 11113 13524 10804 5623 5814 14599 13817 14679 3693
6704 14408 9064 13931 13226 18377 9324 5883 13749 13764 14107 12451 3520 12340 19867 15344 18538 9323 15022 5014 8649 15051 6946 11817 13012 4726 16218 19451 9252 19162 841 7445 20031 3667 17026 11548 0 9940 19438 7752 19367 12918 10481 10951 17690 7904 12205 10026 9535 8212 2604 5359 7989 6370 19969 6608 16041 3514 14402 15555 5459 2650 18864 14170 19965 16657 10621 12244 10925 6919 13202 2870 6471 8933 14689 12017 12420 19110 3171 11778 18165 9816 10145 17162 15376 8966 12513 13040 16577 11928 7966 3591 8274 10756 18750 3394 17970 7736 14371 18616 15169 4686 16113 11569 18457 8211 9502 7684 7395 16695 12988 13453 17370 1243 2340 1655 19615 10592 12980 14348 8776 12173 677 17688 10375 4631 4148 15493 6211 10986 16991 4690 12914 9770 18372 10068 13480 9402 4930 10441 8486 6967 15873 15639 14664 8302 12270 13297 3051 11443 16436 8237 16067 14976 6397 8001 12805 17561 11693 3186 15955 14643 4774 15296 13154 11606 10704 18991 5266 1698 18371 11439 12968 9599 12046 1414 13166 14425 17924 11250 15247 7310 6594 8665 19341 17063 6099 7741 5571 6345 19310 16316 9762 11668 8419 6429 20099 12980 6941 4109 4882 11174 7021 11808 5985 12496 11076 10095 5010 2974 15523 11051 4423 7498 11693 5158 21617 6182 13151 4357 9910 6050 14963 10694 8901 3633 7104 13227 10023 6795 16685 13966 11978 10612 19886 10463 5542 12960 17285 12606 7319 6879 18438 9681 18629 10238 7160 9152 12206 11724 4790 8903 7119 4277 10188 7704 4972 6320 5239 3223 11560 19080 7931 13154 13110 8136 11198 9651 3008 2456 6397 14915 18661 15713 14586 4421 5872 5866 7224 17559 2291 16440 16074 8278 19273 3834 6615 11552 13969 10616 9224 6715 18496 6947 14785 5643 15942 8120 13739 4319 7332 17403 7852 15936 17143 16229 3721 18822 2185 9847 8867 4101 2777 13322 7651 17708 10386 3188 17337 12704 8707 1539 11813 18844 6174 13602 4510 18656 1910 16022 5947 759 8516 8690 7752 12566 13831 7603 4741 9253 10305 6633 8299 8777 13074 15737 9318 684 9006 6620 9037 5071 16882 14827 17965 4734 12916 3414 19393 16851 11472 18733 13479 13831 7054 17411 4537 12354 11663 6778 12743 11904 7635 8597 9575 8055 9829 17660 7169 9192 16481 18813 6377 2497 5507 1481 16323 10581 10564 3499 10529 5483 17482 18642 11307 9368 13087 3594 5761 15401 9063
9645 15691 1942 8968 6028 14660 16398 4246 3852 4075 11179 2588 10392 5593 16769 14593 15933 10673 5087 9237 6899 15707 8604 1938 3449 5682 6654 14314 2896 15515 9350 12463 14986 9860 7571 11381 9940 0 16605 4646 9570 4204 16906 9636 15155 6382 16824 12600 8292 14022 11106 11384 12369 3576 16715 12426 8085 6428 6264 10723 4489 8033 8926 11132 14352 8699 2540 18744 5122 7697 4336 9019 12314 4816 8815 4995 8934 11497 6810 7016 8499 12561 12906 8634 8080 7994 15676 15238 7758 18104 1974 6359 11543 970 12275 10377 16456 3886 11614 11658 11086 11066 6452 6274 16312 13235 4582 2283 4714 7778 10674 3639 15231 10337 7891 9234 14882 7787 6079 9061 3717 2234 9401 9639 785 8897 7068 15579 3730 13380 7209 11140 10253 618 13569 10953 4705 3614 11674 6255 9383 13278 6796 12986 4724 7439 4148 8424 10617 2166 9681 6034 14285 5157 13524 12802 16798 9054 8181 10053 6807 8175 13022 9747 12487 13287 3666 9289 6829 8752 11412 13868 13063 8192 14263 8588 6282 14400 9961 6152 12716 7646 3966 4154 9487 7972 6302 5211 5079 7005 16668 8810 479 17952 13772 7925 10168 3463 11558 5917 11936 1852 11664 6990 7143 14522 15906 5294 11496 11124 5721 13662 8943 9479 15010 6021 17853 4325 15475 6689 15313 10205 5024 16288 16035 6493 3679 5401 10626 13159 15410 7582 3612 13588 15017 6351 8179 14623 9604 2674 2644 10607 8505 1905 8791 15758 4445 3925 4002 15342 7599 3988 4272 7349 14204 4153 7479 9030 9995 7503 3980 10781 11852 5224 3815 14287 13312 9702 10123 8049 4360 11485 8873 8010 4707 8478 13529 13519 8476 7633 8885 7634 8872 15568 13031 7757 6060 3690 6944 10494 12290 3238 10019 5902 13443 8206 13441 14530 4893 5622 10458 10389 5503 6274 8914 10434 7841 13636 8136 13968 4975 11804 8732 4048 6721 9805 2973 6754 7512 6096 15763 8724 1900 10142 9731 3869 11924 14498 8034 9247 12794 10584 15288 1429 9416 13885 11722 3570 5213 12725 3079 8392 10983 4479 7148 5956 9124 10320 3210 7446 3562 9152 7353 8925 14817 12446 16232 9883 12467 9681 16529 14514 4428 7808 3790 11784 10843 2587 16769 7102 9155 2718 12287 13892 12946 6360 3026 12207 8634 12270 6844 14384 5791 9248 5895 8460 14978 6605 15700 9692 872 10483 9434 9611 1886 13931 16407 9979 6376 5462 12079
24022 7513 15003 7689 11072 2250 16509 16225 16330 15367 5673 17461 16436 11164 592 4734 918 10310 17040 22741 11362 6493 12492 17218 18603 16089 14992 4548 19329 1682 19634 13680 4317 16025 14678 7987 19438 16605 0 13470 16967 13460 15581 8548 1748 12222 12715 10541 10098 14428 17929 15189 12924 17177 871 14666 10988 17926 11876 6105 17429 19938 19044 5671 5480 10843 14095 16227 11499 22676 13606 21095 14721 12492 8215 11751 7878 9831 17619 9624 15792 10781 10642 12047 10010 10673 10458 9050 12801 15476 16739 18037 11953 16071 7378 16553 2535 19594 5297 8407 5532 15681 15370 10341 1425 13493 21003 17082 13729 13045 6607 15850 2176 20634 19338 20292 3714 9534 10853 7708 19957 16786 18814 10891 17272 14828 15665 5596 17017 9941 16136 15733 6833 16019 4201 9556 13344 13257 15915 10645 10960 15151 13499 3898 17292 11427 12933 8190 17052 14984 8599 21887 3473 15977 16211 13313 11727 11979 8707 16582 13683 9098 17680 7308 6437 9006 20269 16227 20912 19821 8442 9798 6972 10076 9353 18429 10695 5955 10676 10495 4268 22833 18701 20332 17423 13520 13930 20912 19144 21777 359 10033 16168 15612 13835 22594 18822 14965 13526 18277 16220 15175 13513 9644 21680 8987 12980 11548 15668 17549 15964 10129 15041 11994 10780 15138 2572 15500 9195 15645 13821 24013 17410 14173 16523 17008 18854 11951 9514 15229 3412 9446 13437 10660 3966 10562 22278 8413 10140 17027 16550 24746 18993 14762 17017 14013 14176 13101 13082 11182 14762 20265 19585 20668 11934 13916 14606 13143 14497 16554 12765 11494 12576 12144 14447 14887 9589 9787 16791 17218 19048 5160 16653 10604 16309 15017 16925 16919 12221 18757 20517 12778 9553 16672 6830 20719 21079 13100 10344 8846 11320 16714 11915 21128 4774 22360 3530 15252 13387 17530 12454 8756 21237 15351 11353 7064 15825 4777 17539 12129 12411 16983 16662 14351 12276 10560 13632 18058 16501 10701 16346 19596 16342 12549 23780 18384 16638 2873 18619 8818 15872 19427 15838 17311 11720 8206 5649 19152 17200 11644 13530 23072 11606 12851 9576 19141 10133 19141 13810 22309 19904 22718 14936 8153 1789 16961 10655 16283 8282 9222 13368 2951 13856 9071 18950 6146 15682 17780 13471 12927 7599 18723 13287 13742 11426 22095 13652 5717 12269 11345 15312 3316 20666 20987 14816 18686 3565 10321 13435 22029 15946 14467 10909 13492 15260 12741 10658 22271 20822 17610 11363
10649 11257 2743 6606 5481 11874 12089 2787 7391 7009 7798 6951 6745 4590 13761 10591 12673 6052 8732 9535 2433 11392 4013 6354 7997 3143 9094 12330 6501 12728 7515 7993 12966 6151 9760 7031 7752 4646 13470 0 12383 5570 12451 5447 11832 1765 12190 7958 3910 9584 7874 7249 7816 3720 13778 8108 8307 4936 6736 8388 3986 7071 12552 7801 12681 8916 3558 14253 3176 9209 5890 8276 8012 1215 7128 4295 5629 11367 4876 4325 11045 7916 8263 9490 7626 3499 11044 10669 9003 13582 3673 4997 6924 4852 11178 6775 12787 6303 8186 10943 8312 7088 9100 3936 12876 8719 8005 3901 358 9152 6970 6936 11747 8636 6591 7851 12669 3951 5228 6939 6889 6364 7084 9945 5422 4880 3731 11390 3549 8756 10092 7169 6665 4084 11351 6388 6090 1855 7692 3011 4748 8989 8437 9603 8549 2851 4777 5955 7154 4785 8754 8519 10617 8290 9416 8279 12153 9877 4797 6519 8551 6958 9340 7857 8343 8721 7843 11880 7500 7316 10694 9251 8756 3845 9670 6372 5415 10188 10176 3634 9262 9363 5266 7191 12474 9577 2073 7540 5680 8313 13452 8565 4192 13447 9275 9149 13490 6153 7095 5044 8004 4651 7196 4338 8233 9953 11292 2409 7469 7744 8759 9032 4998 4854 10368 2609 15202 2080 10898 3440 10764 10774 8837 11735 11757 4271 5482 5560 6080 8892 11614 6272 4632 8945 12890 3069 8910 10100 9533 6824 3253 11445 12195 3083 11755 11210 730 1504 4753 10696 3688 7195 6191 7397 9571 532 3509 4547 5793 4574 4003 11346 7275 5513 6075 9895 8706 5180 6657 5330 5594 8378 11690 7965 8081 4576 9579 9568 3854 11415 7831 8866 8335 11354 11773 7551 7611 4091 6218 6068 7648 3287 10791 7671 9571 8984 10018 10174 6354 4323 5878 9702 7860 8936 9421 8758 4412 11661 5573 9343 1196 8109 5516 6239 2078 9958 3093 5173 10497 4955 11481 7159 5836 11178 10472 8280 8109 11941 6180 8328 8685 8156 10966 4522 4776 9386 8021 5860 3914 8089 2960 9634 6347 1026 5416 10185 4596 7842 1744 8845 6921 9494 9686 7265 11756 8649 11598 6266 11738 9124 11922 11992 6230 6194 5567 10040 6891 7068 12162 2536 5932 7363 7774 9381 8304 8691 2522 10358 4019 7627 9414 11975 7196 8302 2280 6453 11186 3270 11114 9182 4596 6243 9740 11080 4813 9337 11775 9460 7367 9267 7437
18718 20036 10337 10819 8036 14727 24177 13493 5731 5603 13733 7431 19107 8771 16794 17639 16753 16839 4666 18621 13380 19563 15967 7945 7545 14780 3296 12774 11510 15342 18843 19960 13301 18518 2819 16198 19367 9570 16967 12383 0 6836 24277 14506 16316 13454 23169 18760 14078 21544 20124 19575 19585 13095 16586 20287 6293 15893 6487 11462 13998 17600 2633 13604 12148 6237 8912 25931 9982 16684 6510 18584 20211 11590 9649 8647 12388 7452 16196 10831 1424 18836 19080 4979 7491 14176 21343 20368 4469 25179 11495 15846 18452 8667 9778 19127 18198 13037 14101 8719 12478 19461 3295 10304 17479 20545 12652 11841 12669 4213 14095 5943 16765 19867 17432 18787 13639 12739 8429 10445 12395 7439 18779 6077 9358 17261 15908 19012 13214 19178 2376 19542 13605 9631 12790 16699 6363 10530 20060 11391 15904 21173 4327 14904 5147 14093 7693 10828 19475 7934 8489 14626 16509 4416 21721 20109 22757 4996 12191 18852 4153 8774 21720 10257 16421 18651 10941 744 16244 18292 8625 19540 17366 13931 19679 17971 8398 18122 6307 10519 14879 16516 13477 12795 521 3664 14455 14104 14615 16177 17212 7106 9658 25108 21122 17039 1861 6401 19120 15454 20378 8194 19207 10773 16393 19733 22545 10921 19828 20047 3857 19511 17380 16558 20935 14747 16809 13293 20628 15555 22384 19443 4902 23294 23889 15776 13113 7384 16338 21099 17709 8897 7756 19684 13548 11457 17482 19553 6834 7096 12085 19698 2878 9738 838 22812 12688 10901 7684 21375 16059 12530 13569 16867 20745 12163 15885 16687 18117 16576 8480 5739 18994 7321 6347 21924 18953 15517 18972 17238 13846 13357 706 6782 4873 16955 21940 21929 15697 3363 18453 4548 7647 23556 10502 17297 15235 8324 8057 15775 18838 12688 5130 14994 16403 17488 15310 22247 6108 15079 17693 8211 14311 3466 5652 10108 16660 12327 17389 20627 11745 20486 17707 6162 13887 6410 9303 16217 2060 8808 23612 18248 7673 4562 18924 6833 20492 14115 17490 8388 21001 19954 23062 10967 16357 18801 14768 12856 14638 19363 9428 17451 17786 11513 9515 5386 15104 19668 10714 16523 12125 18527 2776 9627 15458 21032 21870 18617 9123 7789 23187 14051 6158 9377 13214 10827 19269 7683 23414 14707 12348 8672 19658 21187 19461 15006 9884 11250 15879 18831 2968 13719 15063 18818 14491 17894 17357 11582 22552 19230 8874 18536 6061 3527 8060 20839 22011 19514 15733 4569 18669
13774 14298 3949 5863 2392 11334 17385 7088 2953 2074 8627 4056 12314 2557 13519 12476 12923 10297 3984 13211 6638 14047 9161 3941 5160 8209 3541 10529 7041 12152 12502 13181 11197 11721 4194 10106 12918 4204 13460 5570 6836 0 17557 8301 12239 6637 16707 12273 7532 14775 13399 12738 12849 7047 13414 13468 3885 9592 2080 7360 7865 11538 7362 8537 10432 4496 2314 19263 3326 11868 328 12651 13388 4757 5267 2141 6658 7294 9782 4724 5478 12316 12596 4506 4015 7530 15083 14294 3736 18533 5618 9580 11762 3300 8218 12342 13825 8074 9062 7521 8008 12630 3594 4011 13447 13803 8675 6033 5872 3818 8532 2438 12465 13587 11241 12603 11193 6373 2652 5763 7900 3422 12288 5440 4546 10437 9194 13694 7088 12819 4619 12711 8041 3881 9937 10281 567 3717 13226 4834 9241 14355 2955 10266 4069 7346 898 5512 12710 2042 5673 10235 11769 3145 14886 13363 16418 4927 6166 12079 3039 4445 14908 6203 10740 12435 7423 6313 10823 12078 7281 13236 11552 7390 13473 11505 2784 12621 5759 4119 10088 11835 7941 8341 6964 4149 7640 9413 8952 11136 13588 4653 3988 18441 14379 12062 8080 1508 12325 9318 13547 2353 12415 4673 11240 13610 15986 4190 12993 13293 3470 13143 10563 9801 14574 8031 14323 6737 14552 8858 15711 14263 4268 16647 17086 9285 7756 1513 9918 14277 12977 4017 950 13239 11279 4916 12231 13540 5409 3595 6002 14722 7077 3331 6254 16149 5939 4075 857 14985 9258 8157 8410 11190 14187 5397 9079 9863 11281 9934 1660 6627 12264 1318 1013 15140 12643 9031 12210 10641 8354 8642 6153 3843 3207 10145 15105 15094 8905 6440 12386 3602 4783 16738 9002 11533 10204 1488 3157 9481 12242 6553 5899 10071 11231 12268 10726 15454 821 8798 10929 6279 9706 3443 4726 6702 9923 9874 10829 14034 4915 13679 11001 991 7070 5601 2553 9901 5044 2894 16809 11988 3077 6105 13816 4926 13671 11025 11122 5264 14165 13435 16266 5524 9619 12771 9455 7731 8335 12753 2655 12539 11106 4678 3999 5980 8551 13135 3972 11599 7723 13136 4116 5345 11693 14210 15632 11832 8319 5562 16631 11018 702 4395 7870 7996 12440 4396 16865 7873 6754 5454 12896 14455 12886 10563 3130 8448 9086 12231 3876 10824 9904 12807 7749 11487 12563 5097 15936 13431 3334 11701 5234 5754 2335 14186 15788 13723 10428 4596 12058
17185 8163 15136 14588 16333 15798 1435 13070 19804 19317 12650 19365 7418 15531 16162 10886 14730 7579 21130 15494 10921 9182 8474 18746 20348 11704 21028 18043 17788 16251 11251 4459 18356 7700 21480 9063 10481 16906 15581 12451 24277 17557 0 10243 14111 10985 3147 5922 10249 2884 7879 5782 4708 14248 16398 4552 18772 12278 17893 15263 13629 12847 24861 12787 18928 19197 15933 1873 14301 17201 17883 13342 4680 12890 15837 15631 12627 20576 11669 13630 22864 5762 5654 20241 17639 10105 5169 6545 20181 1448 15333 12439 5827 17271 19007 7508 13210 16727 12583 19451 14306 6318 21137 14037 14193 3760 18713 15311 12286 20400 11626 19325 13495 11498 12300 12122 17722 11677 15946 15096 17707 18804 10334 20044 17631 8164 10222 10040 13995 6012 22168 6269 11955 16417 16943 7932 17966 14132 5822 12894 8378 3797 19996 13068 20980 10211 16664 14237 7624 17209 17745 18049 12370 20573 4093 4202 4198 20514 12475 7845 20156 16389 5805 15842 9926 6913 19335 23665 15331 12026 19277 5963 9022 10398 6291 10722 16020 9662 20114 13793 12745 17568 15369 17785 24469 20926 10605 17301 14788 16487 15292 18466 16500 1189 3189 16764 25634 18471 5361 13067 5734 17096 5258 13687 16163 6614 2603 13380 5875 7529 20984 5728 8180 7760 4806 11030 18152 12717 6425 10572 1996 16506 21263 1408 1776 11502 15860 16903 8254 3953 12169 15953 16724 5287 18062 12833 15932 7176 19323 19267 14646 17324 24535 15531 23775 1652 12486 13730 16702 4400 9419 17941 16238 14444 3949 12862 9504 7910 6992 10270 15900 21408 5293 16958 18288 2655 6361 8917 7917 10206 15397 13518 23628 18279 20439 8630 4634 4639 8693 23797 12732 20061 17983 2371 19124 14097 16473 16119 16558 8989 5572 14226 21189 16756 11266 16035 13065 2496 18209 12686 6642 18662 17513 20993 19860 16626 9558 17656 10371 3915 12719 6404 9174 18408 10562 19884 15397 12092 22597 15564 1868 11798 18282 21767 16653 20694 6028 16449 11424 17505 4643 9869 1965 16286 7938 7494 11695 16408 12804 5043 15246 17031 6497 13065 15115 22636 9243 9809 14178 16861 17886 15550 21501 15936 14931 5748 5102 7824 19981 18460 2310 16566 18259 15547 15870 17187 6543 19448 2293 9917 12819 19557 4689 3103 5038 17973 14876 17165 8514 5571 21385 16843 16127 12978 11076 11090 12042 12726 2172 13958 17010 6495 19891 22090 17258 3524 5160 14017 15697 21686 5706
15599 6119 7730 4355 6484 7443 10530 7993 11086 10333 3212 11405 8211 5853 8946 5149 7671 2740 12258 14249 3051 6071 4038 10934 12570 7631 11424 8833 11890 8215 11104 6558 9339 7724 11690 1819 10951 9636 8548 5447 14506 8301 10243 0 6814 3875 8693 4379 1613 7906 9711 7362 5924 9097 9033 7320 8620 9431 8019 5304 9170 11404 15570 3296 9523 9001 7562 11695 5063 14407 8595 12552 7317 4845 5595 6164 2386 10367 9093 3689 13084 4505 4683 10104 7448 2163 6849 5994 10176 10908 9081 9552 4696 9478 9020 8315 7460 11745 3432 9322 4566 7695 11627 4313 7711 6820 13438 9338 5612 10413 2052 10557 6585 12125 10798 11747 8842 1957 6092 4865 12327 10721 10311 9814 10410 6413 7118 5974 8897 4680 12646 7762 2083 9020 7703 2314 8552 6030 8081 3574 2659 8072 10182 4695 12273 2934 7436 3998 8820 8814 7513 13929 5347 11442 8989 6453 8251 10346 2324 8279 10361 6168 9983 5661 2900 4166 13139 13833 12552 11273 9129 5034 3431 1635 5203 9892 6109 4780 9875 4182 4307 14609 10654 12636 14776 10960 5436 12953 10900 13502 8455 8241 9158 10885 7358 14264 16060 9592 6009 9844 8424 8855 6045 3746 13363 5313 8171 4464 7813 9373 11724 5014 6627 3758 6432 6648 10667 7274 6252 7108 8254 15524 12506 9067 10354 8490 10909 7231 1989 8079 6237 5786 7710 5231 9143 3480 13865 5245 9083 11113 8699 16278 15324 7758 14128 8643 6059 5713 7530 6877 6222 12634 11603 12217 6412 5964 6063 4782 6325 8007 6823 11167 5372 7342 9235 8364 4447 1545 8486 8679 10950 4083 13914 8115 11489 6543 9547 9539 3737 14731 11971 10069 7748 10226 9289 12231 12900 7138 6498 1288 4681 8705 10973 13001 4190 13953 5022 8740 8749 9104 4585 8447 13270 11513 9673 6508 7291 8278 8999 6364 4700 9039 8176 9276 3830 9645 6975 9543 13082 5722 10102 11049 10183 11568 15320 12640 8777 7781 10071 7263 8436 11004 9523 9862 3459 4476 2901 11303 8817 5205 6826 14727 4083 5203 5025 14149 1662 10706 6439 14029 12347 14232 11776 5696 7017 9208 7386 7969 9926 8219 8798 7868 8967 5353 10989 7302 7634 11628 9014 4390 2597 12237 6163 7360 5210 14079 6692 7398 3815 4685 11796 7994 12478 12440 6345 10142 5818 3258 8278 13485 9267 6435 9667 11969 8996 6721 7534 13725 12531 12866 4568
22334 6219 13489 6384 9851 2057 14973 14567 15160 14214 4052 16171 14694 9839 2221 3233 857 8574 15962 21033 9670 5238 10745 15887 17331 14385 14086 4727 17821 2198 17890 12001 4746 14280 13869 6249 17690 15155 1748 11832 16316 12239 14111 6814 0 10530 11353 8884 8378 12810 16188 13467 11246 15549 2386 12977 10145 16214 10812 5014 15769 18213 18238 4071 5724 10094 12677 14875 10033 21022 12413 19366 13028 10894 7101 10410 6301 9526 15898 8140 15066 9122 9004 11341 9070 8951 9063 7645 11997 14106 15180 16329 10248 14675 7133 14810 1945 18016 3649 8081 4232 13951 14441 8882 1213 11849 19482 15511 12079 12249 4908 14663 681 18888 17610 18553 4071 7882 9595 6490 18420 15486 17067 10299 15847 13080 13932 4342 15381 8338 15272 14003 5169 14559 3982 7822 12179 11726 14195 9077 9211 13488 12593 2230 16177 9709 11644 6814 15309 13638 7832 20296 1791 14922 14542 11651 10407 11330 7117 14836 12782 8019 15976 6262 4717 7396 18821 15572 19236 18084 8064 8236 5315 8361 7832 16686 9456 4451 10129 9008 2575 21190 17083 18784 16746 12754 12216 19318 17490 20121 1643 9241 14707 14222 12214 20927 18148 13747 11817 16582 14503 13809 11807 8165 20015 7498 11524 10003 13946 15810 14961 8547 13292 10246 9307 13426 4154 13840 7816 13919 12294 22306 16317 12708 14966 15289 17255 10748 7772 13561 2130 8272 12127 9068 4396 8990 20591 6943 9505 15755 14958 23046 18150 13285 16285 12513 12528 11546 11789 9730 13021 18728 17982 18971 10371 12291 12867 11394 12755 14817 11404 11093 10880 10936 13243 13274 7981 8039 15045 15476 17423 3676 15941 9716 15211 13269 15246 15240 10475 17844 18785 11957 8723 15085 6749 19011 19442 11745 9201 7099 9646 15096 11404 19502 3065 20675 1822 13644 12249 15836 10720 8174 19642 14405 10664 6221 14082 4704 15798 10546 10804 15258 14915 13167 10569 9982 12188 16340 15659 9403 14778 17858 15020 12058 22082 17159 14918 2853 16884 7974 14183 17679 14257 15789 9972 6651 3921 17572 15515 9991 12077 21402 9883 11258 8272 18058 8389 17393 12267 20653 18380 21012 14103 7062 1052 15250 9317 14536 8129 8529 11952 2970 12690 7855 17349 5587 13947 16478 12072 11200 6042 17374 11604 12128 9787 20493 12165 5229 10522 9670 14423 3348 19026 19253 13109 16946 2113 8743 11948 20299 14535 12731 10284 12927 13904 11146 9341 20539 19162 16549 9679
11803 9514 4452 6027 5910 10810 10753 4118 8834 8332 6588 8593 6103 5009 12562 9010 11384 4294 10152 10531 860 9685 2529 8019 9675 3878 10164 11605 8240 11643 7854 6564 12206 5511 10722 5337 7904 6382 12222 1765 13454 6637 10985 3875 10530 0 10514 6222 2272 8163 7436 6175 6290 5240 12609 6834 8695 5734 7366 7676 5298 7810 13881 6616 12077 9257 4966 12744 3590 10544 6965 9000 6757 1906 6829 4918 4617 11440 5492 3917 12068 6192 6531 10025 7814 1788 9295 8903 9702 12044 5413 5836 5301 6507 10870 6163 11322 7931 6934 10803 7388 6161 10231 3850 11508 7226 9703 5612 1822 9884 5622 8347 10376 8952 7246 8358 11835 2784 5577 6448 8584 7973 7228 10255 7163 4102 3769 9728 5033 7001 11252 6241 5398 5804 10555 4624 7091 3162 6729 2625 3003 7720 9301 8324 10021 1091 5763 5395 6614 6260 8653 10074 9182 9592 8289 6784 10432 10378 3837 5979 9440 6892 8531 7396 6726 6956 9603 12893 8715 7845 10565 7493 7065 2240 7906 6640 5722 8524 10438 3532 7960 10738 6795 8863 13599 10362 1830 9102 7028 9639 12169 8756 5919 11928 7797 10417 14705 7486 5695 6055 7067 6178 5788 3952 9511 8188 9655 2623 6479 7219 10016 7281 4275 3249 8632 2975 14129 3400 9133 3626 9214 11800 10298 10174 10450 4866 7073 6243 4320 7645 10109 6248 5764 7213 12088 2627 10061 8339 9724 8423 4938 12526 13550 4707 12891 9658 2244 2760 5781 8973 3226 8886 7753 8447 7903 2292 3029 3234 4739 4706 4979 11682 5722 6250 7314 8514 6944 3429 6154 5461 7082 7283 12780 8282 9455 3952 8570 8560 2293 12813 8471 9570 8427 10103 11374 8510 9025 5167 6458 4350 5959 4874 11228 9127 8061 10145 8709 8823 7346 5308 4345 9638 9415 10078 9837 8331 4226 10961 5758 7694 1737 7346 5308 7443 433 10209 4416 5895 11674 5231 10174 7648 7434 11691 11558 9913 7258 10977 6644 8263 7580 8157 9632 6281 3123 7630 6633 7493 4986 6422 4264 10887 4689 2094 5323 11740 2847 7840 3296 10168 8633 10505 10696 6965 10572 7786 9850 5686 11558 9150 10292 11041 7333 6039 7149 9508 5996 8736 10531 1340 4939 9096 6299 7886 6619 10214 3914 9764 2472 5941 10508 11076 8603 8949 2632 6814 9689 2706 9517 9932 6258 5120 10061 11749 6339 7739 10026 10192 8671 10716 5753
18780 5207 14932 12850 15132 13168 4449 13454 19243 18627 10515 19106 8775 14427 13304 8128 11901 6414 20518 17106 10206 6231 8239 18528 20180 12252 20022 15568 18188 13535 12878 4940 15813 8856 20349 7154 12205 16824 12715 12190 23169 16707 3147 8693 11353 10514 0 4435 9176 4014 9670 6922 4683 14698 13556 5619 17294 13242 16685 13212 14241 14252 24067 10659 16501 17644 15420 3523 13382 18479 17023 14955 5759 12333 14127 14641 10975 18673 12652 12339 21745 4396 4112 18780 16104 9209 2300 3714 18869 2761 15513 13406 5291 17018 16875 8891 10270 17364 10363 17440 12179 7581 20189 12879 11303 4097 19338 15577 12112 19105 9639 18734 10706 13353 13646 13760 15157 10437 14739 13337 18264 18485 11905 18396 17592 8813 10862 7120 14445 4021 21220 7562 10045 16273 14512 6472 17042 13637 7276 11882 7562 5272 18842 10600 20442 9546 15812 12612 9164 16727 15946 18991 9682 19828 6071 4423 1058 19005 11017 9175 19016 14800 7981 13968 7611 4714 19691 22508 16527 13555 17292 3738 6621 9318 3818 12106 14774 6936 18419 12687 10320 18815 16017 18414 23419 19650 10669 18148 15643 17682 12408 16848 16378 2906 3795 18103 24670 17815 5718 13992 7337 16670 5611 12397 17394 3999 1129 12550 7212 9263 20177 3687 8904 7347 2324 11400 15282 12959 3537 11155 2348 18228 20706 1906 4665 12340 16464 15821 6834 5441 9318 14466 15971 3486 15499 11804 17349 4479 17627 18931 14881 19061 23783 15220 22755 2140 12407 13240 15876 1854 9883 18529 16954 15741 2620 12672 9906 7952 7662 11175 15098 19691 5085 15909 17549 4185 4291 7686 9307 11323 16125 11317 22560 16786 19782 9283 6802 6803 8349 23117 14312 18761 16329 5114 16889 15471 17505 15366 15191 7409 4555 14565 19579 17749 8710 17453 10522 4333 17263 13475 6428 16798 18399 20063 18319 14658 10347 15252 11556 2870 12158 8172 10296 17634 10136 18196 14844 13125 21656 14361 4626 13309 17944 20194 18292 20426 7741 13870 12732 15767 6323 11715 4375 16458 7414 4991 9473 16993 13486 4101 14688 18433 5843 12583 13718 22218 8157 11582 13810 18114 18401 17146 20417 14208 12246 7655 2063 9051 17886 16698 890 13990 17402 14019 16495 15029 7767 19245 854 9738 11104 19539 4910 3618 3895 18976 14390 14941 8194 4573 20391 14297 17121 14634 11347 12479 9246 11645 1669 15689 16767 7212 18266 20646 16829 3054 2082 15798 16805 21106 4761
16024 4382 10674 8689 10728 10290 6398 9623 14836 14202 6778 14784 6574 10003 11078 5887 9631 1990 16100 14438 5825 5080 4247 14226 15886 8630 15596 12320 14236 10867 10495 3165 12696 6359 15941 3163 10026 12600 10541 7958 18760 12273 5922 4379 8884 6222 4435 0 4741 3974 7934 4947 2411 10875 11267 4177 12991 9991 12287 9351 10576 11462 19632 6911 13160 13380 11041 7316 8947 15340 12588 12401 4250 7971 9949 10207 6744 14659 9462 7946 17337 243 323 14474 11826 4795 3106 3099 14505 6529 11464 10148 1753 12714 13101 6702 8525 13616 6754 13530 8416 5554 15758 8460 9286 2970 15537 11585 7931 14736 5717 14323 8365 11267 10821 11321 12095 6022 10335 9193 14430 14145 9535 14189 13379 5673 7444 5643 10629 980 16789 5584 6035 12025 11197 2080 12607 9279 5624 7447 3220 4610 14436 7434 16037 5197 11378 8371 7145 12348 11841 15480 7094 15397 5672 2773 4221 14722 6677 6855 14608 10547 7232 9923 4273 1651 15684 18109 13366 10979 13355 1476 3572 4884 2056 9458 10379 4751 14242 8259 7075 15631 12319 14636 19001 15277 6722 14569 12152 14477 10314 12618 12139 6509 3376 15048 20242 13396 3213 10652 5882 12308 3166 8004 14240 2488 3802 8123 5413 7516 15742 1144 5838 3313 2410 7668 13038 9035 3261 7651 3927 15666 16297 4696 6298 9011 12714 11397 2432 4692 7288 10158 11544 993 12429 7370 14419 2933 13450 14583 10886 16488 19349 10911 18332 4293 8276 8889 11444 2761 6379 14714 13288 12734 2033 8466 6336 4272 4802 8022 10669 15532 2186 11482 13121 4446 1175 3253 7047 8411 12496 7666 18144 12489 15359 6071 6398 6392 4256 18688 11753 14393 12121 6310 13247 12572 14128 10940 10835 3099 837 10656 15352 14325 5838 14520 7522 4826 12829 10022 2817 12748 14850 15630 14051 10703 7150 11882 8705 2009 7796 6721 7512 13202 5880 14014 10459 9958 17225 9955 6075 10727 13601 15947 15613 16093 6327 10861 9930 11615 5375 9774 5516 12384 3276 2610 5886 13212 9924 1108 10303 15443 1890 8243 9367 17834 3724 9545 9496 14960 14531 14455 16001 10044 9534 6563 3653 6613 14067 12566 4438 10971 12968 9730 12763 11293 5629 14942 4660 5662 6918 15316 2791 3317 942 15527 10027 11293 4136 868 15963 11208 13718 12159 7529 9804 7026 7213 3901 13260 12469 4548 14045 16337 12465 2460 3832 13434 13535 16691 968
13994 7406 6356 4870 6086 8858 10315 6388 10140 9475 4584 10245 7051 5308 10473 6738 9235 2773 11383 12660 1478 7490 2812 9730 11386 6027 10878 9990 10400 9660 9630 6141 10542 6518 11266 3128 9535 8292 10098 3910 14078 7532 10249 1613 8378 2272 9176 4741 0 7648 8525 6499 5636 7508 10544 6729 8573 7840 7649 6213 7561 9840 14891 4640 10589 9041 6424 11859 4206 12794 7847 11001 6696 3480 5962 5475 3032 10787 7521 3404 12657 4789 5064 10024 7494 578 7617 7000 9932 11102 7576 7957 4439 8238 9763 7143 9072 10181 4875 9905 5680 6717 11028 3791 9307 6591 11914 7810 4045 10150 3507 9620 8177 10679 9243 10238 10098 1480 5699 5365 10797 9579 8880 9950 9074 5134 5588 7483 7303 5322 12061 6791 3384 7684 8885 2784 7870 4750 7181 2710 1922 7560 9770 6214 11340 1333 6637 4345 7640 7719 7905 12342 6954 10659 8362 6175 8906 10317 2498 7058 9935 6325 9089 6271 4458 5062 11700 13446 10940 9752 9689 5766 4848 149 6077 8411 5771 6280 10065 3560 5834 12997 9064 11093 14300 10677 3841 11369 9290 11889 10020 8375 7814 11036 7162 12651 15520 8680 5429 8237 7531 7714 5490 3459 11750 6288 8481 3405 6911 8221 11001 5638 5344 2870 7062 5053 12135 5671 7245 5550 8320 13934 11593 9218 10082 6911 9333 6696 2428 7534 7848 5805 6816 5709 10379 2635 12258 6345 9292 9997 7156 14682 14608 6464 13622 8743 4486 4392 6705 7463 4755 11103 10019 10615 6680 4437 4582 3636 5275 6498 5935 11357 5044 6769 8388 8072 5180 1510 7259 7197 9353 5380 13447 8095 10634 5189 8824 8814 2480 13953 10432 9812 7941 9859 10141 10639 11292 6215 6329 2203 4760 7130 11049 11398 5802 12345 6568 8429 8095 7496 3926 8885 11683 10897 9687 7187 5830 9389 7514 6550 3317 8040 6783 8465 2218 9832 5833 7963 12496 5316 9815 9534 9034 11597 13722 11522 7834 9121 8545 7585 7733 9650 9241 8394 2590 5599 4457 9741 7205 5284 5678 13115 3768 3812 4919 13169 1027 9343 5084 12417 10831 12641 11308 6085 8513 8310 8173 6747 10585 8536 9125 9198 8226 5449 9411 8179 6618 10439 9356 2837 3337 10954 5784 7204 5387 12485 5466 8351 2607 4753 11243 9284 10870 10905 4743 8642 7431 2496 8474 11936 8010 5486 9781 11859 7865 6770 8337 12182 10919 11979 4591
14840 7547 12257 12245 13679 14263 2667 10213 16954 16491 10665 16485 4856 12847 14980 9712 13529 5167 18285 13157 8164 8468 5637 15865 17465 8870 18275 16271 14947 14829 8909 1599 16660 5029 18766 7062 8212 14022 14428 9584 21544 14775 2884 7906 12810 8163 4014 3974 7648 0 5659 3062 2015 11405 15182 1754 16221 9570 15229 13136 10818 10362 22043 10792 17091 16682 13087 4733 11565 14662 15103 10999 1893 10068 13453 12905 10273 18261 8964 11051 20139 3751 3815 17670 15129 7430 4870 5899 17543 4150 12458 9733 3239 14392 16886 4964 12276 13934 10678 17227 12265 3679 18366 11393 13124 1086 15922 12445 9411 17753 9551 16481 12263 9346 9777 9792 16064 9115 13300 12756 14897 15928 7946 17572 14747 5323 7398 9204 11152 4488 19393 3646 9806 13535 15142 5681 15203 11290 3300 10208 5731 1258 17297 11407 18125 7452 13889 11828 5191 14354 15391 15358 11020 17754 2150 1475 4731 17965 10008 5272 17451 13924 4048 13567 8246 5422 16489 20950 12742 9618 17035 4683 7503 7794 5213 8211 13389 8514 17670 11131 11047 15014 12574 14993 21717 18268 7721 14573 12053 13902 14182 15993 13617 3964 598 14257 22854 15641 2489 10349 3332 14233 2389 11107 13595 5649 2894 10625 3272 5256 18178 4322 5356 4986 4150 8163 16956 9842 5895 7737 1698 14253 18409 2545 2452 8743 13056 14199 5950 1428 11094 13438 13922 3782 16397 10154 13468 6233 16886 16392 11775 15084 21708 12660 21016 2050 9605 10889 13919 3979 6557 15139 13465 11904 2638 9987 6634 5037 4141 7524 13115 18965 2604 14242 15476 473 4840 6453 5383 7546 12625 11567 20885 15741 17604 5794 2924 2923 5875 20959 10363 17419 15536 2353 17090 11600 13814 13321 13975 6742 3335 11366 18688 14081 9788 13572 11494 856 15451 9919 3852 16341 14800 18218 17332 14407 6767 15813 7746 2366 9900 4158 6507 15604 7735 17437 12559 9411 19819 12920 2196 9376 15408 19242 14339 17813 3729 14834 8874 15115 2310 7705 1617 13412 5194 6255 9827 13601 10006 2884 12410 14561 3896 10228 12565 19764 6684 7580 11317 14307 15067 13202 18771 13562 13495 3653 5116 5192 17816 16074 3260 14944 15476 13060 13071 15114 3886 16566 3453 7053 10501 16675 1888 691 3041 15306 12030 15151 5694 3321 18627 15177 13450 10665 8200 8585 10875 10070 2355 11706 14132 3645 17409 19499 14395 1730 5259 11806 13068 18835 3391
9306 12283 9839 13275 13238 17116 6744 6860 14731 14579 12923 13691 1504 12329 18402 13575 17014 7624 16058 7615 8008 13014 5723 13042 14418 5440 16871 18495 11014 17851 3378 5069 19027 2007 17591 9942 2604 11106 17929 7874 20124 13399 7879 9711 16188 7436 9670 7934 8525 5659 0 3018 5698 7715 18535 4146 16063 5072 14585 14732 6875 5056 19946 13007 19113 16645 11214 9652 10879 9415 13710 5464 4017 8911 14206 12120 11547 18876 4517 11322 18832 7706 8000 17321 15237 8006 10152 10816 16873 9326 9190 5208 6221 11790 18186 1396 16235 9649 13123 18199 14185 2381 16829 11284 16836 5770 11549 9002 7548 17025 11756 14365 15795 3688 4577 4244 18548 9809 12936 13739 10691 13304 2503 17657 11670 3414 4217 13545 7501 8850 17778 2356 11775 10806 17377 8381 13936 9701 2450 10060 7076 4404 16303 14276 15760 7488 12641 12682 892 12239 16072 10524 14480 15843 3794 5618 10323 17696 10922 1476 16412 14324 2261 14679 11514 9571 12539 19669 7638 4179 17965 9263 11170 8621 9872 3056 13098 12555 17854 10964 13881 9795 8369 10657 20163 17451 5873 9908 7517 8767 17764 16182 10833 9067 5915 8949 21058 13746 4730 5836 2336 12012 4790 11362 8422 10332 8545 9952 2592 425 16362 8866 3214 5990 9343 5379 20245 6888 10900 4569 7351 8647 16062 8108 6321 4661 8891 13415 8416 4233 14957 13684 12450 8386 18843 10058 8089 10838 17152 13761 8484 9472 19544 10412 19443 7663 7461 9375 12607 9326 4258 10865 9071 6691 7799 8002 4453 4934 3435 3609 11873 19080 5758 13378 13777 5554 9103 8253 1287 3088 8270 13789 19421 15675 15526 3485 3288 3280 6050 18694 4861 16737 15862 5703 18621 6299 8902 11942 13862 9113 7102 7918 18584 9216 13177 8192 14524 5523 14201 5733 5493 17060 10066 16658 17197 15613 3476 17905 3078 7459 8801 1509 2420 13967 7080 17627 10857 4796 18158 12612 6119 3965 12873 19006 8777 14936 1931 17488 3793 15690 3366 2046 5914 10047 6280 10536 12472 9430 6035 7036 10746 9186 6401 8859 12758 17053 8051 1940 9435 9094 10923 7671 17494 14340 16589 2131 10518 1785 18934 16585 8912 17577 14030 13464 8866 16681 2311 13655 9097 6125 11858 13396 5321 6093 7351 10388 10276 16870 5938 7070 17170 17705 8608 5099 5651 3388 14628 10116 8015 6095 11540 3485 17460 18950 12161 6935 10683 6173 8073 16505 6970
11859 9273 9751 11368 12051 14566 5048 7366 14605 14258 10512 13923 1861 11161 15688 10704 14271 4928 15951 10188 6465 10023 3816 13285 14829 5962 16279 16184 12038 15254 5981 2087 16668 1968 16877 7243 5359 11384 15189 7249 19575 12738 5782 7362 13467 6175 6922 4947 6499 3062 3018 0 2682 8506 15842 1319 14781 6519 13534 12615 7857 7336 19794 10613 16886 15311 10806 7653 9761 11609 13064 8043 1177 7989 12446 11093 9485 17253 5912 9716 18206 4715 4995 16156 13807 6087 7170 7798 15872 7149 9686 6682 3284 11866 16246 1981 13367 10947 10650 16404 11928 673 16314 9869 14031 2861 12932 9625 7008 16057 9334 14167 13028 6561 6739 6859 16142 7939 11701 11864 11931 13418 5002 16276 12070 2489 4473 10585 8257 5844 17319 675 9441 10950 15049 5664 13222 9074 732 8620 4729 1986 15471 11684 15736 5803 11889 10840 2320 12006 14380 12306 11718 15539 2169 2643 7461 16495 8997 2254 15607 12734 2620 12767 8753 6595 13589 19036 9683 6635 16186 6248 8306 6625 6857 5187 11828 9637 16426 9569 11293 11958 9589 12003 19691 16537 5216 11535 9017 10843 15001 14728 11015 6936 3133 11212 20735 13402 1735 7304 1064 11843 1784 9765 10538 7318 5796 8793 480 2594 16006 5851 2458 3655 6353 5381 17584 7090 7884 4835 4720 11326 16030 5606 4668 5721 10082 12418 5770 1838 12099 12155 11826 5368 16454 8591 10439 7830 15675 13886 8983 12159 19430 10225 18976 5102 7105 8690 11892 6367 3786 12162 10456 8855 4832 7563 3908 2995 1459 4492 11100 17702 2762 12424 13315 3147 6108 5824 2393 4485 9616 11409 18890 14340 15320 2923 2398 2388 4141 18635 7396 15741 14336 4184 16588 8564 10754 11251 12517 6534 4111 8524 17309 11025 10415 10543 11886 3289 13481 6904 2809 15366 11755 16154 15921 13677 3783 15638 4687 4491 7839 1800 3445 13471 5750 16193 10335 6353 17730 11339 4401 6389 12922 17803 11375 15238 1453 15011 5829 14042 1437 4971 3969 10629 3951 7557 9917 10631 7026 4020 10197 11528 3584 8064 11233 17264 5779 4786 8983 11252 12115 10226 16836 12572 13957 1846 7561 2140 17083 14981 6255 15107 13421 11853 10090 14608 845 13966 6465 4876 9771 13958 2307 3307 4333 12248 9769 14737 3976 4080 16612 15274 10394 7731 5489 5561 11793 8578 5331 8803 11605 1060 16093 17909 12003 4012 7730 8928 10006 16467 3994
14324 6619 10538 10246 11683 12558 4681 8803 15121 14616 8788 14764 4469 10861 13453 8295 12010 3188 16441 12680 6215 7411 3806 14158 15785 7573 16327 14443 13551 13175 8556 757 14863 4394 16796 5237 7989 12369 12924 7816 19585 12849 4708 5924 11246 6290 4683 2411 5636 2015 5698 2682 0 10040 13633 1767 14208 8591 13237 11191 9561 9751 20156 8909 15233 14667 11250 6455 9604 13879 13176 10567 1845 8191 11446 10938 8276 16261 8009 9039 18174 2169 2389 15659 13114 5434 4530 5119 15545 5767 10933 8754 1232 12664 14931 4596 10936 12686 8836 15245 10354 3338 16431 9392 11687 961 14664 10967 7681 15757 7648 14636 10747 9209 9126 9418 14287 7100 11301 10757 13597 14180 7576 15557 13117 4145 6181 8026 9785 3220 17462 3352 7872 11850 13308 3763 13262 9447 3296 8220 3724 2263 15319 9673 16304 5504 11957 9819 4984 12536 13387 14316 9462 15868 3299 540 5011 15952 7995 4814 15476 11909 4823 11580 6568 4047 15069 18980 11913 9142 15050 3590 5954 5783 4196 7642 11387 7161 15655 9136 9299 14203 11337 13739 19769 16276 6099 13467 10965 13061 12705 13978 11943 5641 1539 13528 20927 13772 1082 9329 3522 12436 987 9095 12786 4658 3635 8676 3115 5273 16277 3192 4249 3053 3707 6741 15399 8343 5202 6473 2949 13859 16584 3922 4463 7671 11789 12222 4001 2320 9697 11423 12017 2694 14614 8163 12814 5188 14873 14639 10278 14692 19833 10897 19073 3395 7924 9044 11994 3775 5204 13858 12272 11170 2258 8255 5233 3352 3025 6529 11192 16951 594 12271 13583 2454 3516 4448 4984 6744 11443 9695 18931 13727 15743 4610 4001 3995 4001 19102 9915 15422 13522 4302 15161 10937 12846 11412 11964 4803 1604 9930 16673 13083 8185 12918 9805 2825 13506 8797 1948 14341 13720 16286 15318 12431 5685 13959 7002 1926 8019 4384 5747 13701 5871 15423 10706 8491 17890 10921 4201 8891 13650 17228 13868 16093 3972 13085 8211 13107 2964 7641 3623 11885 3232 4987 8014 12320 8803 1371 10554 13882 1882 8378 10551 17992 4669 7443 9521 13509 13741 12709 16809 11557 11849 4169 4956 4624 15848 14065 4220 13191 13551 11045 11818 13179 3461 14868 4456 5287 8512 15061 388 1606 1670 14308 10195 13235 3825 1579 16683 13403 12457 10283 6711 8008 9428 8072 3348 11372 12406 2617 15394 17491 12597 1633 5132 11516 12165 17003 1571
7143 14634 3123 10071 8078 15525 13545 1255 7412 7519 11509 6087 7214 7336 17455 14243 16388 9180 8663 6283 6046 14881 6629 5450 6721 2545 10054 15779 3542 16384 5775 9955 16432 6749 10922 10560 6370 3576 17177 3720 13095 7047 14248 9097 15549 5240 14698 10875 7508 11405 7715 8506 10040 0 17463 9696 10666 2856 8868 11888 913 4540 12494 11506 16027 11302 4771 16118 6215 5542 7281 5614 9568 4713 10362 6836 9312 14007 3276 7806 11961 10775 11144 11527 10315 7023 13965 13831 10782 15555 1607 2784 9479 4431 14274 7176 16495 2750 11901 13863 11929 8070 9901 7254 16596 10787 4666 1318 3498 10854 10689 7153 15467 6774 4337 5694 16190 7671 7962 10332 3572 5806 5847 12315 4018 6085 4033 14959 255 11782 10722 8136 10383 3466 14860 9671 7610 4303 8654 6594 7871 10482 9937 13319 8296 6282 6605 9434 7335 5281 11716 4835 14329 8681 10540 10386 14869 11945 8479 6832 9987 9983 9769 11194 11965 11934 5087 12771 4002 5197 13610 12294 12284 7466 12790 5036 8174 13757 12603 6999 12981 5668 1557 3761 13036 11141 4158 3862 2084 4663 17165 11186 3437 15367 11267 5542 13744 6791 9078 2359 8869 4982 9187 7806 4632 13133 13674 5789 8518 7788 9238 12011 6069 7564 13210 3299 18844 1879 14037 3677 12882 7434 8595 13844 13154 3055 1859 7773 9414 10341 15308 9305 6185 11808 16388 6667 5450 13369 12095 6236 1048 8013 12068 3726 12333 13313 3047 4291 6500 13462 4864 3847 2514 4186 12129 3261 4813 6759 7265 4203 6058 13604 9613 7645 7011 11592 11807 8587 6866 4627 1874 12059 12393 10455 8260 5618 10423 10413 6634 11190 5396 10648 11095 12631 14947 4497 3906 5925 8966 9557 10371 527 12915 3953 13261 5509 13736 11778 7850 2061 8302 12579 4176 9722 11661 12038 4744 15099 4665 11845 4777 8593 5444 7238 5378 12413 4761 3182 11046 7811 12894 5158 5464 13150 7054 7272 8779 15545 4461 11272 9834 7027 12475 2349 7609 12707 11738 2338 1688 10712 4744 6034 9048 4370 8586 9405 8020 6772 3736 5191 3703 6219 10741 10494 15450 9273 14498 6717 14681 11921 14256 15588 7492 9357 1923 13373 7840 6007 14491 5260 9605 5681 9870 11411 10984 4985 4338 13734 6743 10344 10283 15543 3499 5794 3368 4891 14883 6894 13366 6384 4221 7761 12104 12772 5094 11669 14680 6676 3759 9032 10155
24383 8360 15175 7752 11040 2081 17303 16552 16238 15268 6022 17446 17037 11203 303 5524 1669 10937 16888 23140 11752 7343 13026 17233 18572 16486 14749 3957 19483 1282 20136 14387 3637 16609 14384 8610 19969 16715 871 13778 16586 13414 16398 9033 2386 12609 13556 11267 10544 15182 18535 15842 13633 17463 0 15363 10735 18335 11741 6067 17756 20374 18733 6000 4835 10543 14188 17072 11644 22986 13540 21543 15413 12757 8147 11798 8153 9334 18051 9799 15451 11505 11382 11716 9820 11122 11291 9879 12515 16317 16950 18442 12632 16139 6887 17152 3406 19818 5682 7936 5639 16317 15137 10488 2290 14229 21168 17305 14051 12753 7037 15771 2924 21154 19783 20773 3089 9876 10848 7713 20140 16781 19336 10514 17361 15380 16130 6444 17313 10701 15865 16371 7212 16141 3802 10187 13262 13451 16571 10888 11517 15872 13264 4338 17161 11863 12936 8295 17653 15018 8334 22123 4173 15815 16927 14036 12575 11620 8986 17167 13443 8998 18359 7216 7098 9762 20369 15850 21256 20293 7994 10578 7696 10512 10149 18924 10680 6750 10279 10665 4726 23130 18970 20524 17053 13209 14352 21152 19459 22091 1222 9762 16289 16449 14586 22924 18445 14910 14200 18656 16882 15223 14190 9813 22008 9793 13800 11765 16321 18162 15772 10900 15594 12571 11593 15554 1774 15830 10030 16092 14618 24408 17265 14991 17309 17434 19101 11901 10124 15946 4240 9401 13453 11427 3300 10810 22638 9224 9790 17001 16796 25129 18702 14902 16675 14820 14494 13320 13087 12001 15254 20445 19836 21049 12715 14206 15093 13703 15100 17031 12820 11026 13266 12096 14384 15644 10346 10338 17376 17711 19328 5404 16302 10379 16171 15550 17632 17626 12744 18505 20977 12501 9307 17443 6281 21118 21369 13149 10269 9427 12032 16989 11492 21405 5451 22719 4029 16011 13288 17909 13083 8397 21477 15128 11019 6865 16324 4283 18031 12901 12686 17630 17192 14275 12690 10179 13749 18480 16218 10726 17127 20072 16354 12113 24159 18321 17294 2499 19087 8589 16569 19985 16612 17483 12291 8987 6139 19379 17565 12373 13654 23406 12258 13110 9614 18985 10651 19694 14014 22623 20075 23114 14654 8073 2037 17631 11499 16865 7741 8910 14198 2548 13772 9055 19200 5826 16309 17772 14305 13381 7858 18747 13991 14498 12165 22343 13805 5376 12802 12056 15057 2867 20960 21449 15224 19171 4360 10575 14245 22478 16028 15090 10547 13084 15301 13507 11506 22725 21144 17446 12066
13163 8336 10716 11530 12574 14229 3987 8521 15499 15091 10340 14928 3157 11708 15189 10057 13751 4669 16840 11487 6974 9155 4328 14298 15875 7153 16998 16021 13237 14869 7262 1022 16467 3285 17545 6875 6608 12426 14666 8108 20287 13468 4552 7320 12977 6834 5619 4177 6729 1754 4146 1319 1767 9696 15363 0 15226 7816 14097 12624 9086 8651 20645 10453 16777 15725 11654 6423 10358 12928 13796 9336 142 8715 12676 11702 9588 17505 7210 10081 18898 3935 4151 16641 14192 6405 6022 6784 16431 5881 10801 7979 2763 12848 16327 3273 12701 12195 10425 16568 11850 1964 17061 10327 13443 1625 14183 10768 7903 16629 9176 15042 12490 7785 8056 8143 15908 8206 12208 12036 13166 14394 6288 16658 13135 3613 5673 9787 9444 4972 18079 1943 9350 11961 14884 5336 13925 9880 1697 9099 4833 887 16104 11338 16652 6274 12597 11049 3558 12893 14622 13605 11198 16366 1669 1521 6199 16960 9199 3562 16250 13051 3057 12903 8277 5813 14783 19720 11000 7937 16362 5316 7703 6867 5913 6501 12318 8928 16784 10043 10957 13276 10835 13254 20431 17127 6155 12821 10301 12160 14453 15090 12036 5680 1824 12531 21522 14236 1316 8596 1844 12752 1275 10133 11856 6374 4491 9397 1599 3724 16812 4919 3630 3882 5221 6490 17125 8187 6842 6020 3401 12612 16942 4292 3649 6993 11321 13018 5519 819 11459 12512 12582 4400 16230 9057 11755 6920 16015 14861 10108 13445 20295 11153 19722 3785 8056 9485 12613 5183 4878 13404 11719 10174 3664 8473 4972 3607 2448 5772 11812 18073 2102 13043 14109 1896 5277 5783 3690 5798 10879 11248 19614 14764 16182 4078 2286 2279 4615 19522 8693 16303 14666 3270 16609 9881 12061 11992 12960 6319 3361 9679 17733 12328 9912 11860 11493 2106 14179 8171 2806 15595 13047 16906 16356 13786 5024 15511 6004 3327 8554 2722 4759 14251 6400 16551 11151 7658 18498 11835 3373 7692 13885 18257 12674 16252 2291 14729 7148 14311 1207 6165 2868 11751 4146 6749 9633 11868 8267 3127 11007 12845 3270 8836 11608 18241 5871 6006 9852 12571 13341 11528 17526 12794 13550 2422 6375 3459 17209 15264 4938 14832 14162 12173 11334 14622 2158 14991 5147 5620 9850 15047 1387 2000 3410 13553 10602 14710 4435 3334 17341 15028 11697 9017 6554 6875 11185 9009 4014 10078 12586 1953 16484 18435 12913 2789 6538 10194 11319 17374 3304
17587 13810 7552 4586 2832 8743 18888 10465 5975 5027 7457 7614 14786 3737 10903 11347 10659 11195 6314 16927 8317 13296 10974 7657 8557 11344 4014 7283 10923 9455 15744 14706 7914 14190 3724 10175 16041 8085 10988 8307 6293 3885 18772 8620 10145 8695 17294 12991 8573 16221 16063 14781 14208 10666 10735 15226 0 12952 1831 5197 11406 15009 8094 7325 6965 636 5930 20295 5186 15714 3795 16171 15177 7175 3370 4025 6328 3413 13035 5170 4964 13104 13299 1486 1221 8829 15328 14259 1858 19514 9367 12968 13002 7183 4583 14841 11981 11939 7815 3742 6191 14833 4405 4914 11336 15161 12545 9787 8660 2113 7904 5621 10549 16859 14636 15971 8065 7110 3128 4177 11785 7082 15379 1661 8420 12794 12025 12725 10664 13273 5150 14913 7428 7730 6975 10914 3425 6670 15383 6161 10493 16084 2534 8621 6666 8986 4081 4700 15274 5926 2402 14118 10227 5230 16806 14747 16781 1744 6317 14635 2710 2538 17217 3973 10219 12649 11225 5559 14571 15435 3520 13585 11191 8427 13653 14645 2974 11861 1937 5213 8588 15696 11715 12225 6679 2642 10198 13288 12666 14959 11194 989 7846 19480 15730 15885 8071 5026 13955 12805 15727 6236 14026 5115 15041 13659 16789 6113 15125 15878 5096 13607 12960 11348 15002 10916 11300 9971 14518 11746 16806 18025 6712 17656 18654 12472 11573 2897 10568 16042 11433 2834 4558 13850 8071 6192 16000 13426 1528 7121 9651 18522 8017 6977 6166 17212 8882 6893 4201 15458 11805 12041 12249 14852 15020 8340 11610 11787 13387 12881 4620 3040 13617 3021 4512 16645 13012 9855 14798 13635 12130 7064 5844 512 5675 12611 17175 17165 10659 7773 15836 1812 1435 18416 5393 15154 14038 4742 2267 9908 13209 10148 2533 13921 10116 16043 9036 17000 3292 12203 12459 2612 13584 4405 1142 3940 12668 6698 13872 14952 7273 16041 13780 4315 9095 1750 5910 13238 5523 3464 18385 15311 6845 3031 17598 8123 15941 8237 14376 2178 16131 16462 17813 9374 11096 12693 8507 11584 11741 13740 5941 16367 12334 7283 3660 8370 9548 16149 7132 15434 11606 16858 3961 3340 9361 16464 15835 14352 4505 1931 17418 8197 3818 3275 11687 4926 14678 7971 17634 10035 6231 9111 14355 15765 13785 14444 6381 5387 10832 13208 4326 7918 13721 16282 10584 14692 11075 6221 16878 17002 7216 13723 1450 3352 6219 15256 15964 17293 14210 6825 13067
6209 14160 5666 11511 10204 16542 11391 2509 10246 10296 12318 8941 4905 9363 18281 14379 17071 8661 11512 4819 6587 14594 5963 8305 9532 1864 12787 17212 5948 17376 2950 8315 17836 4577 13622 10525 3514 6428 17926 4936 15893 9592 12278 9431 16214 5734 13242 9991 7840 9570 5072 6519 8591 2856 18335 7816 12952 0 11228 13262 1946 2136 15350 12349 17599 13582 7278 14141 8033 5350 9858 3341 7677 6147 12063 8958 10321 16170 609 9243 14720 9836 10205 13964 12422 7272 12929 13081 13306 13664 4454 164 8357 7255 16107 4834 16854 4593 12654 15838 13080 5959 12662 8871 17142 9165 6531 4172 4590 13404 11319 9964 16015 4004 1686 3024 17503 8507 10009 11863 5629 8660 3002 14613 6867 4450 2556 14844 2699 10961 13517 6009 11123 6273 16201 9304 10159 6296 6476 7907 7488 8486 12537 14030 11150 6507 9019 10860 4866 7998 13652 5789 14775 11490 8325 8819 13596 14374 9515 4485 12606 11861 7255 12787 12081 11331 7468 15540 3375 2492 15587 11466 12167 7853 12029 2198 10210 13675 14874 8570 13658 5649 3297 5621 15853 13738 3999 5024 2522 4496 17857 13341 6259 13445 9559 5067 16590 9531 7530 794 6619 7718 7635 9260 4250 12431 12149 7341 6404 5220 12041 11126 4343 6812 12123 2788 19863 2993 13251 2412 11184 6094 11450 12103 10980 991 3819 10075 9136 8327 15599 11172 8674 10811 17741 7954 4509 12777 14291 9092 3816 6849 14924 6288 15145 11587 4234 6123 8938 12289 3624 5816 4037 2823 10825 4721 3695 5728 5580 2068 8362 15965 8293 9977 9696 9664 11071 8486 4459 2100 3215 13014 15189 12674 11087 3995 8069 8059 6111 14046 2909 13170 13165 10409 16709 2800 4264 8306 11022 9509 9328 3212 15330 4518 13577 4605 14399 9782 10412 814 7194 14581 5237 12484 14014 13693 2908 16551 2013 10505 6131 6169 3108 9915 5650 14668 7119 326 13854 9782 10738 2396 8305 15628 5897 10107 6434 16692 1607 13219 7674 4176 10390 5185 6965 12217 12296 4359 1264 9550 7059 5480 8101 5903 10340 12242 8000 3930 5821 4971 5856 4801 13462 12200 16298 6873 13420 4463 16642 13974 12671 16752 10110 11120 3795 14966 5734 8851 12894 5059 10641 8449 8335 9723 9858 5745 6596 15274 6148 9297 13036 16770 3887 3374 3111 2035 15196 8128 11750 4254 7033 6034 14403 15346 7843 10197 13602 4528 3578 11887 9124
15758 13679 5747 4633 1563 9680 17887 8726 4531 3556 7569 5988 13374 2389 11873 11510 11426 10386 5166 15115 7123 13289 9780 5958 7013 9681 3494 8614 9118 10462 14065 13669 9273 12775 3670 9727 14402 6264 11876 6736 6487 2080 17893 8019 10812 7366 16685 12287 7649 15229 14585 13534 13237 8868 11741 14097 1831 11228 0 5808 9628 13258 7738 7456 8442 2460 4112 19504 3777 13883 2039 14407 14035 5680 3711 2471 5960 5242 11343 4346 5064 12369 12605 2761 2018 7803 14861 13914 2339 18742 7542 11236 12069 5376 6171 13418 12528 10109 7978 5445 6627 13523 3773 3858 12023 14198 10756 7963 7078 2532 7745 4101 11121 15172 12906 14252 9325 6269 1954 4382 9972 5405 13748 3453 6626 11410 10465 12822 8875 12691 4735 13604 7247 5900 8120 10219 1682 5000 14095 5022 9521 14973 2163 9017 5422 7825 2264 4489 13830 4114 3680 12298 10592 4112 15621 13770 16271 3160 5709 13190 2344 2794 15879 4575 10058 12170 9487 5823 12751 13718 5207 13054 10966 7500 13201 12995 1912 11843 3752 4102 8904 13866 9889 10411 6761 3040 8715 11461 10851 13128 12039 2576 6017 18682 14774 14054 8068 3364 12869 11045 14432 4419 12948 4288 13213 13268 16080 4743 13845 14429 4164 13024 11563 10266 14448 9330 12513 8270 14175 10165 15968 16203 5534 16861 17624 10799 9742 1178 9859 14916 11814 2624 2728 13202 9382 5075 14176 13110 3341 5504 7844 16694 7561 5161 6126 16391 7256 5266 2378 14888 10343 10232 10417 13050 14284 6706 10152 10559 12104 11287 2866 4747 12643 1252 2829 15630 12466 9055 13342 12029 10304 7390 5897 1764 4434 11186 15932 15921 9483 7127 14092 2208 2744 17339 6964 13363 12207 2948 1688 9288 12397 8354 4104 12090 10254 14219 9464 15971 1618 10464 11399 4214 11759 3699 2797 4896 11143 7978 12251 14178 5800 14677 12250 2663 7787 3576 4131 11522 5164 2336 17351 13605 5116 4447 15773 6662 14612 9287 12689 3301 14923 14856 16787 7544 10040 12352 8528 9753 10000 12925 4176 14536 11399 5730 3066 7267 8667 14546 5419 13603 9799 15044 3768 3751 10154 15144 15392 12919 6240 3497 16720 9267 2145 3096 9857 6115 13354 6341 16945 8693 5957 7448 13343 14827 13009 12621 4633 6576 9662 12391 3864 9038 11891 14532 9011 13021 11422 5168 16108 15225 5399 12476 3242 4387 4410 14418 15534 15517 12384 5743 12235
18993 9018 9307 1820 4978 3987 15707 11151 10227 9266 2705 11381 13263 5157 6162 6287 5619 8007 10971 17922 6906 8363 9025 11168 12512 11408 9082 3950 13546 4824 15530 11848 4579 12726 8910 6201 15555 10723 6105 8388 11462 7360 15263 5304 5014 7676 13212 9351 6213 13136 14732 12615 11191 11888 6067 12624 5197 13262 5808 0 12327 15388 13264 2560 4412 5235 8184 16525 5772 17421 7501 16592 12620 7231 2113 5756 3185 5496 13104 4089 10157 9528 9610 6499 4073 6727 11032 9782 7054 15724 11155 13340 9973 10102 3754 13355 6797 14029 2927 4229 1091 12893 9432 4655 6223 12054 15242 11536 8711 7310 3638 9745 5370 16625 14859 16021 4302 4972 4782 1663 14252 10715 14883 5645 11340 11329 11441 7697 11774 9321 10279 12965 3332 10168 2973 7456 7240 7667 13321 5377 7887 13370 7593 3451 11204 7295 6870 2454 13851 8959 3052 16344 5052 9921 14292 11710 12517 6558 3863 13262 7783 3015 15231 1249 5648 8514 14352 10721 15834 15501 4083 9501 6660 6112 9403 14315 4613 6981 5558 4892 3468 17520 13318 14654 11864 7834 9505 15392 13954 16550 6247 4359 10314 15749 12568 17428 13261 8863 11312 13429 13669 9173 11349 4085 16516 9291 12945 6101 13051 14434 9948 9636 11536 8964 10893 10608 7131 10462 10029 11300 13272 19158 11332 13981 15565 12477 13381 5849 7192 13380 6247 3344 7388 10010 4508 5321 17264 8934 4826 10939 11100 19814 13159 8969 11363 13620 9116 7610 7021 11365 10788 14552 14119 15783 11323 8726 10598 9844 11470 12379 6781 6725 10655 6043 8343 13602 8998 6844 13460 13128 13701 2018 11037 4741 10228 11342 14844 14835 8693 12835 16097 7003 3815 15478 3986 15936 15755 7103 4240 6395 9828 11382 6829 15749 5113 17334 3849 13983 7288 12701 9874 3705 15716 9393 5860 1501 11841 3292 13430 11351 7206 14228 12873 8246 7905 5368 7784 13466 10674 4670 15321 15312 10288 7488 18842 12281 13998 3775 14307 3079 13733 15752 14746 11592 8667 8283 3779 13600 12300 10326 7704 17919 9379 7546 3577 13070 6836 15439 8244 17076 14163 17880 9128 2060 4355 14453 11478 12951 4718 3819 13524 3794 7753 2988 13486 1999 12807 11706 13712 8788 2876 12683 11449 12551 10266 16594 7911 2138 8818 9838 9424 3689 15363 16574 10253 14489 5901 5136 13173 17514 10002 11643 5581 8223 9246 11802 11577 17784 15642 11551 9751
6671 14484 3918 10523 8754 15860 12868 1204 8323 8414 11758 6994 6464 7973 17733 14287 16616 8980 9576 5652 6142 14792 6344 6359 7603 1989 10938 16250 4214 16713 4862 9418 16895 6032 11797 10527 5459 4489 17429 3986 13998 7865 13629 9170 15769 5298 14241 10576 7561 10818 6875 7857 9561 913 17756 9086 11406 1946 9628 12327 0 3677 13407 11767 16544 12041 5566 15502 6767 5256 8111 4789 8954 5097 10904 7504 9612 14713 2391 8239 12854 10458 10830 12318 10994 7040 13635 13591 11601 14965 2519 1871 9095 5338 14873 6416 16619 3129 12134 14507 12294 7382 10793 7745 16781 10261 5114 2226 3705 11681 10874 8058 15649 5869 3439 4801 16623 7895 8610 10816 4080 6720 4943 13062 4922 5503 3422 14925 790 11509 11624 7443 10602 4368 15299 9524 8431 4893 7951 6970 7697 9842 10780 13545 9209 6276 7376 9877 6542 6154 12342 4923 14474 9586 9835 9874 14469 12735 8781 6069 10835 10583 8973 11703 11991 11729 5764 13667 3516 4297 14255 12021 12237 7537 12541 4135 8819 13729 13342 7471 13195 5441 1777 4186 13944 11984 3948 3995 1730 4353 17399 11883 4344 14766 10718 5168 14657 7675 8561 1467 8146 5862 8670 8246 4253 12904 13191 6238 7832 6970 10142 11719 5462 7270 12862 2908 19188 1929 13786 3098 12342 6854 9508 13295 12470 2241 2239 8509 9293 9695 15406 9898 6980 11480 16835 7035 4938 13176 12809 7148 1920 7489 12980 4535 13239 12767 3264 4818 7279 13088 4357 4322 2724 3515 11707 3603 4339 6365 6689 3443 6786 14374 9170 8391 7877 10978 11560 8513 6087 3794 1921 12360 13295 11172 9169 5029 9676 9667 6394 12101 4530 11466 11764 11931 15524 3764 3734 6680 9622 9511 10018 1328 13701 3860 13358 5009 13949 11144 8676 1164 7909 13229 4282 10614 12425 12571 4074 15575 3806 11411 5133 7819 4668 8101 5364 13146 5499 2271 11951 8432 12214 4250 6376 13956 6519 8167 8029 15922 3549 11900 9142 6121 11816 3243 7349 12543 11906 2783 854 10325 5466 5650 8713 4783 9136 10301 7965 5869 4351 4884 4258 5599 11621 11038 15729 8509 14157 5978 15322 12587 13756 15971 8336 9915 2261 13890 7151 6907 13988 5085 9917 6540 9363 10868 10610 5006 5033 14234 6482 9990 11173 15946 3311 4943 3067 3981 14986 7246 12854 5597 5125 7179 12851 13609 5978 11193 14340 5889 3393 9944 9805
4578 15761 7588 13642 12291 18615 11780 4547 11885 12048 14370 10397 5507 11464 20310 16232 19071 10356 13086 2979 8653 16277 7708 9791 10812 3980 14592 19338 6855 19442 1815 9338 19958 5399 15462 12367 2650 8033 19938 7071 17600 11538 12847 11404 18213 7810 14252 11462 9840 10362 5056 7336 9751 4540 20374 8651 15009 2136 13258 15388 3677 0 16837 14407 19732 15642 9232 14660 10154 4364 11787 1206 8509 8281 14198 11041 12418 18262 2324 11377 16492 11282 11640 15971 14518 9265 14239 14557 15271 14282 6115 2080 9748 8938 18239 5399 18762 5266 14693 17959 15184 6690 14432 11005 19105 10164 6922 5759 6726 15355 13341 11659 17984 2445 642 1276 19617 10593 12110 13997 6282 10221 2554 16669 8334 5790 4313 16596 4464 12442 15233 6718 13170 7993 18319 11045 12104 8383 7082 10040 9278 9168 14456 16052 12684 8513 11021 12992 5226 9820 15774 5587 16723 13185 8762 9879 14734 16385 11620 5092 14512 13986 7308 14923 13952 12917 8231 17297 2619 962 17707 12931 13952 9866 13519 2151 12312 15454 16939 10704 15674 4741 4289 6123 17520 15661 6025 5122 3167 3720 19856 15430 7953 14036 10469 3917 18156 11330 8669 2220 7123 9522 8765 11395 3369 13945 13129 9475 7091 5353 13746 12567 5627 8475 13419 4836 21928 5100 14703 4296 12046 4226 12976 12900 11357 2946 4761 12119 10917 8998 17493 13297 10643 12194 19858 10086 3105 14341 16373 10619 5583 5037 16397 8208 16824 12412 6367 8231 10931 13523 5317 6376 4637 1641 12008 6846 5437 7317 6756 3513 10397 18004 9558 12012 11548 10363 12595 10347 4981 3052 4011 15089 16901 14748 12740 5405 8330 8323 7907 15505 856 15136 15269 10747 18843 1250 3967 10316 13124 11366 10730 5002 17348 4302 15497 3210 16408 10405 12350 2814 8649 16696 5217 14254 16052 15829 4361 18678 2766 11673 8266 6459 4007 11774 7690 16737 9129 1923 15544 11893 11145 1118 9934 17619 4151 11448 6821 18786 1543 15339 8217 3407 10893 6664 8669 13841 14293 5205 3272 10871 9082 4200 9605 8033 12471 13566 9900 3303 7885 4038 6557 2992 15280 14335 18339 7143 14694 5201 18764 16082 13589 18849 12013 13252 4690 17101 6493 10251 13797 7014 12739 9658 9442 10643 11190 5406 8631 17406 7913 10698 14817 18875 3744 1274 5178 1777 17101 10256 12666 2127 8741 7135 16459 17285 9633 11277 14873 2396 3112 13401 10540
17341 21399 10139 12341 9154 16794 24610 13119 5224 5555 15287 6442 19087 9718 18922 19230 18747 17658 3888 17460 13970 21027 16406 7060 6154 14509 4248 15035 10286 17466 18255 20444 15598 18520 4373 17344 18864 8926 19044 12552 2633 7362 24861 15570 18238 13881 24067 19632 14891 22043 19946 19794 20156 12494 18733 20645 8094 15350 7738 13264 13407 16837 0 15169 14485 8201 8995 26595 10686 15314 7044 17712 20554 11975 11289 9440 13667 9855 15735 11898 3328 19677 19955 7019 9193 14889 22402 21547 6250 25873 10900 15277 19098 8164 12068 19090 20061 11899 15686 11023 14208 19593 3975 11261 19430 21101 11157 11183 12786 6003 15478 5633 18631 19209 16762 18078 15882 13685 9533 12037 11110 6693 18328 8274 8515 17374 15787 20555 12655 20158 3011 19671 14979 9153 14933 17626 7035 10767 20203 12186 16593 21530 5695 16638 4204 14671 8259 12227 19384 7795 10451 13171 18235 4289 21963 20660 23759 7147 13327 18787 5503 10370 21731 12021 17782 19732 9423 3193 15161 17618 10898 20562 18671 14748 20771 17514 9559 19580 8549 11417 16563 15097 12575 11467 2124 5526 14582 12792 13722 14920 19264 9020 9140 25774 21674 15725 1555 6409 19567 14807 20500 7981 19662 11842 15179 20879 23346 11543 19991 19924 3894 20485 17465 17104 21917 14657 19095 13061 21807 15416 23046 18152 3903 23989 24290 15398 12147 8348 17263 21437 19454 10339 8145 20594 15821 12266 16277 20765 8952 6259 11564 18311 458 9606 2156 23486 12713 11164 8201 22334 16110 11189 12485 15895 21548 12234 15955 17050 18342 16339 8992 8183 19578 8230 6574 22386 19970 16385 18882 16934 12903 15035 2567 8526 4474 17015 22090 22080 16172 1348 17671 6284 9522 23901 12828 16360 14012 8752 9420 16791 19601 12163 7490 13735 17977 16269 17068 22684 6826 14547 18219 10346 12954 4071 7717 12031 16560 14538 17040 21392 12145 20495 17537 6461 14308 8611 9495 15676 2597 9884 24013 17610 7084 6994 17614 5461 20556 16238 16955 10269 21231 19510 23486 10201 16938 19999 16263 11800 14139 20110 9641 16096 18448 11820 10783 3514 15912 19245 10812 15204 10824 17360 4137 11294 17448 21093 22946 18582 11508 9827 23991 16185 6665 10819 12235 12913 19385 6592 24225 15027 13684 7344 20180 21759 20246 13554 10043 13358 16353 19589 3884 15875 13905 17990 14450 17384 19077 12434 23287 18262 8410 18794 8214 5928 7825 21531 23098 18535 14614 3464 19415
18384 6542 9429 2829 6222 4221 13304 10562 11491 10587 145 12315 11507 6020 5968 4061 4893 5784 12435 17146 5762 5974 7315 11980 13489 10494 10923 5576 13761 5037 14269 9605 6056 11017 10914 3749 14170 11132 5671 7801 13604 8537 12787 3296 4071 6616 10659 6911 4640 10792 13007 10613 8909 11506 6000 10453 7325 12349 7456 2560 11767 14407 15169 0 6328 7496 8694 13997 6018 17008 8755 15586 10466 6830 3957 6552 2231 8052 12083 4126 12240 7104 7151 8741 6115 5214 8472 7229 9137 13196 11109 12452 7724 10702 6238 11611 5358 13947 527 6784 1526 10975 11224 4887 5191 9722 15416 11441 8063 9393 1281 10973 4099 15319 13826 14863 5547 3877 5904 3161 14351 11621 13518 8052 11841 9690 10210 5410 11346 6805 12158 11040 1256 10528 4440 5147 8577 7662 11339 5006 5949 11141 9486 1859 12584 5925 7843 3034 12115 9730 5476 16231 3238 11454 12115 9408 9957 8864 3048 11570 9678 4838 13227 3484 3090 5973 14792 12877 15260 14370 6642 6962 4103 4587 6846 13048 5806 4547 8006 4982 1591 17163 13032 14714 13967 9940 8383 15254 13477 16110 5664 6628 10676 13230 10209 16934 15342 10021 9165 12657 11677 9874 9188 4157 16019 6731 10421 5936 11073 12670 11587 7113 9903 7048 8344 9575 7521 9838 7477 10146 10805 18412 12758 11480 13187 11462 13193 7121 4936 11170 4441 4835 8285 7509 5851 4919 16639 6380 7241 11927 10893 19130 15011 9247 13408 11138 8509 7476 7979 8815 9394 14659 13923 15050 8838 8246 9222 8075 9619 11129 7501 9220 8409 7292 9550 11263 6473 4799 11777 11835 13378 797 13116 6826 11662 9792 12720 12712 7004 14580 15034 9062 6077 13144 6339 15125 15408 7846 5769 4134 7458 11045 9249 15458 2810 16719 2310 11646 8693 11911 7810 6229 15579 11155 8157 4038 10470 5059 12152 8889 6745 12318 11408 9509 6717 7801 8180 12502 12577 5644 12953 14157 11131 9900 18160 13384 12043 4496 13162 5400 11610 14261 12384 11725 6751 5723 1232 13504 11565 7933 8062 17414 7184 7192 4553 14493 4955 13958 8199 16642 14313 17118 11088 3986 3966 12459 8919 11260 7236 6251 10990 4579 9073 4360 13288 4404 10920 12604 11173 7459 1981 13440 9199 10177 7843 16433 8123 4382 7094 7471 11286 4698 14995 15509 9241 13274 4026 4673 10672 16521 10548 9714 7961 10548 9982 9371 9019 16774 15158 13041 7404
23169 11644 13220 6091 8325 3667 19551 15396 12906 11941 6446 14429 17633 8841 5106 8574 5692 12109 13272 22183 11316 10747 13392 14370 15445 15757 10827 997 17245 3830 19930 15932 1215 17106 10278 10029 19965 14352 5480 12681 12148 10432 18928 9523 5724 12077 16501 13160 10589 17091 19113 16886 15233 16027 4835 16777 6965 17599 8442 4412 16544 19732 14485 6328 0 6581 11865 19971 9813 21502 10456 20938 16788 11490 5671 9418 7581 4710 17468 8358 11157 13366 13374 7563 6431 11117 14213 12831 8504 19176 15115 17669 14052 13585 2440 17728 7579 17945 6413 3464 4959 17206 11244 8799 6528 16030 18934 15518 13017 8710 7602 12515 6388 21029 19219 20404 1767 9383 8292 5743 18028 13834 19293 6240 14858 15719 15845 9892 15939 12920 11806 17274 7448 13863 1991 11473 10115 11730 17604 9692 12169 17469 9425 5902 13631 11703 10231 6741 18227 12345 4765 20242 6989 12190 18441 15727 15655 7366 8275 17647 9581 6186 19506 4841 9003 12017 17823 11435 20018 19881 3606 12981 9931 10495 12734 18717 8084 9653 5945 9079 6197 21567 17380 18451 12642 9078 13905 19322 18110 20656 5811 5994 14002 19247 16502 21555 14002 11804 15484 17718 17947 12613 15509 8343 20653 12505 16449 10316 17335 18804 12021 13201 15928 13263 14268 14988 4680 14732 13044 15696 16980 23398 13672 17572 19458 16844 17381 9010 11263 17498 7793 6815 10776 13652 1536 9647 21461 12028 5667 13946 15161 24023 14520 12787 12355 17279 13402 11743 10383 14728 15199 18314 18111 20040 14999 12974 15010 14200 15805 16783 10396 6434 14736 9202 11268 17564 12568 11064 17847 17535 17778 5538 11960 6766 12640 15745 19038 19030 13063 14459 20460 8526 5707 19443 1658 20222 19816 10667 7411 10460 13756 15508 7023 19776 7798 21526 5996 17947 10058 17004 14100 4359 19640 11274 6886 3994 16253 1278 17835 15089 11486 18547 17284 11105 12314 5907 11581 17815 12105 8336 19231 19696 13508 7590 23056 15056 18296 2871 18692 5168 17927 20162 18668 15414 12964 11530 7274 17535 16587 14215 11535 22049 13508 11777 7447 15304 11133 19850 12305 21173 17900 22135 10584 5543 4673 18732 14564 17335 3044 5038 16966 2754 10587 6688 17491 2655 17133 14781 17123 13200 7264 15876 15526 16461 14101 20522 11831 2326 13180 13771 11082 2376 19442 20936 14632 18885 7657 9483 16772 21852 13543 15947 6330 8624 12646 15609 14622 22127 19782 13766 13714
18218 14021 8188 4842 3435 8594 19348 11097 6459 5530 7632 8147 15356 4334 10726 11471 10565 11619 6703 17563 8850 13468 11499 8217 9058 11965 4268 6970 11525 9272 16367 15182 7582 14760 3840 10502 16657 8699 10843 8916 6237 4496 19197 9001 10094 9257 17644 13380 9041 16682 16645 15311 14667 11302 10543 15725 636 13582 2460 5235 12041 15642 8201 7496 6581 0 6565 20693 5779 16340 4391 16805 15679 7774 3583 4645 6669 2799 13660 5648 4974 13501 13684 1264 1558 9321 15639 14536 1976 19909 10000 13599 13454 7790 4161 15412 11964 12560 7969 3252 6273 15378 4678 5445 11269 15616 13139 10420 9270 2210 8161 6131 10531 17482 15267 16599 7780 7568 3712 4397 12392 7635 15993 1032 9018 13358 12628 12865 11300 13625 5330 15458 7698 8354 6753 11308 4019 7296 15922 6696 10963 16577 2844 8684 7081 9510 4715 5031 15850 6537 2264 14730 10287 5626 17318 15207 17101 1378 6723 15211 3002 2844 17766 4057 10457 12972 11796 5494 15205 16063 3047 13920 11443 8896 13964 15263 3547 12043 1301 5751 8679 16319 12348 12833 6655 2677 10788 13906 13301 15588 11066 877 8468 19881 16182 16514 8056 5584 14446 13439 16267 6848 14514 5594 15672 13952 17170 6693 15662 16455 5440 13958 13528 11843 15340 11525 11017 10599 14794 12353 17223 18659 7105 18060 19122 13095 12202 3532 10968 16540 11480 3248 5188 14219 7762 6722 16633 13697 970 7654 10286 19153 8159 7612 6195 17624 9500 7513 4834 15801 12388 12645 12875 15487 15412 8959 12192 12317 13927 13489 5255 2437 14078 3657 5081 17111 13354 10283 15377 14245 12763 7172 5847 975 6101 13186 17701 17691 11179 7982 16468 1973 1428 18897 4971 15790 14666 5378 2802 10286 13628 10784 2009 14546 10256 16676 9083 17470 3871 12835 12946 2234 14201 4700 677 3876 13263 6416 14485 15355 7867 16597 14375 4876 9651 1116 6546 13867 5675 4034 18855 15938 7419 2570 18231 8598 16489 8045 15000 2156 16649 17071 18281 9998 11586 12974 8701 12208 12373 14158 6576 16996 12789 7890 4123 8724 10000 16757 7763 16062 12210 17493 4113 3529 9266 17009 16138 14926 3982 1635 17794 7996 4390 3653 12316 4718 15227 8506 18007 10596 6546 9654 14825 16212 14192 15059 7015 5169 11350 13627 4548 7698 14351 16915 11190 15313 11135 6736 17276 17637 7829 14254 825 3058 6827 15676 16262 17928 14842 7187 13491
11671 13681 1650 6436 3565 12127 15627 4775 3871 3452 8750 3844 10208 3060 14247 12313 13442 9056 5199 11002 5218 13593 7459 3384 5009 5931 5661 11795 5398 12981 10192 11488 12467 9624 6420 9366 10621 2540 14095 3558 8912 2314 15933 7562 12677 4966 15420 11041 6424 13087 11214 10806 11250 4771 14188 11654 5930 7278 4112 8184 5566 9232 8995 8694 11865 6565 0 17705 2687 9835 2584 10355 11561 3090 6286 2464 6538 9315 7475 4569 7623 11044 11360 6757 5722 6258 14021 13415 6040 17009 3440 7265 10261 2010 9861 10224 14044 6128 9190 9317 8567 10629 5617 3807 13848 12179 7095 3861 3806 6130 8344 3394 12783 11274 8928 10289 12350 5626 3573 6521 6163 3165 9998 7565 3178 8412 6997 13383 4796 11715 6581 10709 7898 2005 11034 9196 2881 1804 11236 4016 7858 12538 5263 10536 5056 5875 1850 5905 10564 1308 7261 8397 11890 4733 12974 11737 15258 7175 5837 9943 5337 5679 12834 7213 10310 11484 6181 8459 8641 9764 9066 12175 10979 6301 12500 9208 3781 12231 7862 3727 10284 9845 5790 6586 8969 6461 5606 7503 6739 9053 14167 6531 2147 16891 12745 9978 9944 2597 10601 7011 11542 1296 10699 4537 9122 12706 14599 3098 11018 11134 5212 12021 8517 8215 13425 5835 15314 4449 13663 6647 14179 12095 5334 15140 15302 6989 5675 3072 8846 12444 13044 5066 1415 12031 12490 4113 10070 12732 7399 3574 3737 12598 8641 1050 8248 14624 3783 2207 1735 13800 7175 6451 6373 8944 12828 3272 7010 8068 9351 7690 1470 8836 10686 2923 2565 13415 11594 7918 10061 8379 6205 9001 8211 5764 4528 8078 13125 13114 7249 7875 10078 5905 6517 14907 10596 9268 8148 1228 4488 8573 10873 4265 8144 8054 11125 10115 10995 13705 3134 6484 9303 8033 7814 5447 6896 7919 7748 11116 8554 12635 3265 11598 8799 2754 5379 7680 591 7587 6974 3565 15025 9674 2623 8390 11670 5101 11626 11958 8812 6820 12243 11153 14503 3565 8082 11973 9371 5741 6021 11355 746 10464 9637 2873 4609 6799 7371 10856 1827 9540 6042 10931 6298 6398 12306 12165 14578 9713 10134 7341 15239 11974 2859 5274 5789 9273 10427 4069 15478 6043 6733 4772 11244 12840 11531 8693 1057 9689 7425 10857 5956 11845 7815 10503 5580 9182 12613 4356 14477 11149 1858 9801 7354 8068 1443 12702 14746 11441 8284 5754 10673
18943 8715 16955 15994 17940 16681 2937 14937 21576 21063 13856 21185 9267 17164 16817 11649 15420 9125 22896 17255 12628 9736 10255 20571 22181 13576 22704 19050 19659 17057 13030 6281 19312 9565 23123 10353 12244 18744 16227 14253 25931 19263 1873 11695 14875 12744 3523 7316 11859 4733 9652 7653 6455 16118 17072 6423 20295 14141 19504 16525 15502 14660 26595 13997 19971 20693 17705 0 15979 19021 19588 15112 6552 14643 17260 17296 14058 21926 13532 15197 24512 7193 7018 21774 19138 11761 5817 7234 21765 801 17192 14302 7501 19088 20235 9354 13765 18599 13741 20745 15524 8183 22828 15648 14812 5535 20585 17175 14100 21990 12902 21091 14229 13218 14125 13893 18660 13248 17550 16495 19580 20614 12131 21505 19474 10034 12094 10631 15866 7205 23861 8131 13270 18247 17980 9386 19655 15902 7675 14540 10035 5668 21628 14070 22759 11924 18367 15688 9449 18990 19136 19906 13199 22310 5899 5975 4504 22030 13979 9694 21793 17863 7504 17193 11013 8028 21205 25303 17166 13821 20584 7041 10049 12007 7239 12548 17613 10453 21556 15418 13777 19391 17241 19656 26139 22523 12441 19165 16654 18319 15917 19935 18333 823 4980 18575 27328 20222 7186 14932 7571 18886 7081 15254 17991 7474 3579 15075 7737 9319 22708 6888 10052 9499 5705 12893 18792 14575 7059 12443 3553 18234 23039 2643 3356 13372 17732 18547 9728 5821 12837 17464 18450 6534 19002 14474 17731 7981 20763 21076 16507 19046 26277 17336 25452 3119 14313 15499 18412 5243 11284 19813 18108 16268 5284 14676 11365 9727 8859 12140 17612 22843 7023 18612 20022 4526 7527 10463 9759 12063 17268 14691 25292 19795 22195 10500 6372 6378 10457 25553 14513 21649 19436 3984 20293 15910 18324 17844 18113 10415 7109 16093 22668 18610 12199 17835 14013 4365 19893 14556 8403 20026 19375 22688 21363 17934 11431 18713 12222 5344 14470 8203 11035 20134 12326 21328 17160 13951 24292 17168 3537 13597 20089 23262 18403 22515 7843 17374 13257 18922 6487 11606 3774 18145 9657 8441 12848 18281 14676 6579 17008 18830 8160 14833 16654 24437 10837 11565 15970 18685 19759 17315 23157 17352 15764 7528 5573 9682 21232 19870 3014 17493 19966 17041 17742 18396 8409 21276 2848 11718 14225 21404 6479 4873 6512 19824 16650 18336 10280 7113 23065 17795 17982 14740 12933 12914 12768 14352 3418 15695 18828 8362 21361 23633 19048 5092 5571 15740 17541 23458 7269
13358 11153 3544 3960 2359 9612 14205 5664 6024 5297 6071 6445 9625 1450 11684 9643 10814 6972 7217 12420 3403 10999 6031 6040 7624 6300 6728 9591 7839 10473 10688 9984 10252 9027 7203 6882 10925 5122 11499 3176 9982 3326 14301 5063 10033 3590 13382 8947 4206 11565 10879 9761 9604 6215 11644 10358 5186 8033 3777 5772 6767 10154 10686 6018 9813 5779 2687 15979 0 11702 3642 11350 10291 1999 4147 1345 3851 8191 8027 1895 8574 8992 9270 6459 4451 4222 11776 11034 6113 15239 5384 8076 8483 4696 8113 9675 11362 8257 6509 7805 6006 9747 6850 1158 11191 10563 9524 5768 3534 6297 5665 5495 10115 11809 9711 10999 10050 3108 2069 4156 8505 5750 10255 6801 5823 7648 6855 10745 6133 9502 7884 9828 5213 4527 8719 6961 3680 1920 10318 1518 5944 11239 5748 7868 7214 4115 2432 3364 10099 3827 5620 10572 9204 6458 11859 10128 13098 6825 3162 9459 5896 3835 12108 4986 7694 9148 8788 9386 10212 10462 7554 9926 8421 4064 10183 9548 2246 9612 7019 1040 7607 11782 7583 8899 10168 6780 5012 9621 8299 10848 11553 5392 4675 15156 11141 11744 11350 4534 9157 8028 10656 3922 9241 1868 10841 10339 12668 968 10069 10702 6795 9824 7806 6579 11254 5770 12868 5056 11289 6590 12427 13614 7452 13352 13926 7433 7620 2662 6599 11176 10357 3146 2651 9914 10229 1605 11657 10304 6362 6112 5361 14221 10403 3264 9476 12861 3820 1950 2504 11662 6622 8809 8357 10281 10868 3312 6428 6795 8328 7730 1762 8216 9013 2686 4202 11949 9334 5706 9619 8492 7976 6364 9328 4816 6456 7442 12157 12147 5745 9754 10942 5981 5160 13615 8757 10501 10023 2075 3044 6193 8928 5695 7704 10001 8445 11719 8325 12278 3915 7352 7715 6549 9945 6713 6319 5823 7484 8909 8742 10721 2088 10911 8597 4266 4011 6798 2162 8292 8317 1780 13650 10315 5229 8137 13257 7628 10838 9520 9345 5186 11156 11310 13094 5845 6375 9536 6686 7829 6909 9443 2045 12238 7820 2156 2373 9086 5226 10995 2497 11367 8433 12366 7207 4279 9715 11369 12327 9181 8610 5955 13313 9548 4021 3148 7727 7160 9579 6702 13546 4917 4050 7457 9678 11207 9568 10823 2162 7528 5926 8918 7087 9461 9641 11407 5429 9627 9926 1808 12630 12233 4533 8704 6599 8161 4046 10892 12486 12518 9969 7821 8747
2036 19476 8322 15602 13361 21062 16144 6456 11108 11610 17003 9277 9819 12707 22970 19495 21868 13959 12021 2559 11393 19869 11260 8832 9203 6877 14156 21291 5188 21920 6086 13540 21949 9644 15108 15690 6919 7697 22676 9209 16684 11868 17201 14407 21022 10544 18479 15340 12794 14662 9415 11609 13879 5542 22986 12928 15714 5350 13883 17421 5256 4364 15314 17008 21502 16340 9835 19021 11702 0 12023 4168 12786 10252 15831 12161 14833 19122 5896 13344 15841 15186 15555 16331 15554 12260 18270 18429 15451 18631 6425 5193 13703 8655 19646 9719 21864 3814 17384 19146 17470 10983 13885 12774 22036 14382 4181 6010 8947 15463 16129 11077 20904 6284 4902 5296 21721 13144 13303 15847 4292 9402 6912 17306 7571 9767 7899 20066 5678 16309 14458 11018 15854 7989 20390 14570 12388 9783 11410 12134 12738 13491 14471 18797 11537 11490 11660 14968 9577 9853 17055 2181 19725 12473 13122 14065 18890 16751 14000 9397 14470 15381 11658 16688 17193 16659 5902 16560 1976 5247 18895 16815 17376 12777 17376 6480 13516 18879 17621 12529 18448 400 4123 3889 16479 15629 9059 2586 3532 905 22650 16363 7880 18389 14728 555 16794 11117 12804 4711 11469 9534 12906 13344 1101 17774 17367 11328 11400 9717 13024 16476 9642 12136 17461 7890 24384 7183 18600 7717 16328 2869 11787 17206 15721 6330 4162 12904 14374 13323 20642 14718 11161 16159 21914 12206 1473 18108 17212 9662 6343 3015 14856 8822 15853 16708 8500 9812 11529 17612 8966 4157 3467 2761 16129 8783 9025 11074 10854 7368 11267 18475 13614 12747 11504 14688 16414 13654 9303 7156 3726 17583 16033 15586 11931 9325 12694 12686 11377 13974 4648 15328 16348 15110 20351 3117 1692 11061 14276 14669 14676 6040 17716 1797 18597 1392 19203 14745 12585 5399 12543 17861 2375 13715 16593 17508 8233 20610 6928 15803 10310 10822 8185 11736 10583 17454 9998 5404 14669 13201 15508 5452 9344 17831 2319 9917 11179 21087 5792 16611 12563 7648 15251 6345 12272 17530 17161 4137 5616 14888 10021 784 13450 9911 14057 11814 13129 7598 9205 383 4559 2451 14853 15959 20965 11507 18755 9471 19965 17174 17855 21130 12125 14814 4048 18854 10776 9006 18069 10189 15132 8034 13600 14898 15198 1812 9686 19229 11432 14645 14283 21083 2061 4577 8140 6111 20225 12430 16930 4039 8566 11280 17098 17257 9581 15458 18936 4194 1876 12147 14473
13944 14574 4202 6049 2564 11462 17714 7359 2750 1833 8848 3984 12632 2814 13651 12715 13085 10614 3720 13413 6964 14310 9490 3922 5057 8500 3215 10585 7135 12273 12776 13509 11250 12040 3881 10396 13202 4336 13606 5890 6510 328 17883 8595 12413 6965 17023 12588 7847 15103 13710 13064 13176 7281 13540 13796 3795 9858 2039 7501 8111 11787 7044 8755 10456 4391 2584 19588 3642 12023 0 12891 13716 5085 5396 2431 6913 7189 10059 4996 5156 12633 12912 4318 4026 7851 15388 14589 3506 18857 5826 9842 12087 3406 8208 12659 14022 8218 9281 7478 8181 12954 3266 4295 13622 14130 8750 6237 6189 3573 8784 2250 12653 13857 11501 12864 11265 6674 2854 5926 8006 3378 12575 5308 4627 10760 9501 13945 7330 13128 4291 13035 8291 4051 10023 10591 372 4035 13551 5146 9564 14683 2679 10464 3831 7672 1221 5723 13024 2171 5691 10351 11980 2847 15213 13690 16728 4739 6440 12394 2753 4549 15229 6324 11006 12736 7451 5991 11019 12341 7242 13542 11828 7705 13774 11789 2969 12881 5634 4414 10295 11980 8133 8448 6636 3880 7961 9546 9160 11304 13741 4609 4150 18766 14706 12229 7752 1376 12653 9568 13871 2489 12743 4944 11416 13906 16306 4514 13318 13607 3155 13453 10884 10128 14884 8337 14415 7024 14847 9164 16036 14450 4018 16971 17414 9569 7931 1664 10228 14605 13192 4160 1261 13553 11341 5227 12418 13831 5323 3510 6234 14897 6764 3580 5926 16473 6249 4397 1185 15297 9576 8256 8573 11407 14507 5709 9399 10191 11607 10233 1988 6455 12591 1478 844 15468 12950 9344 12524 10936 8545 8837 5826 3797 2941 10465 15430 15420 9233 6138 12637 3374 4776 17066 8999 11758 10367 1813 3271 9783 12563 6793 5710 10226 11467 12453 10924 15783 572 9061 11256 6253 9835 3115 4578 6784 10234 9935 11121 14356 5243 13999 11308 757 7398 5485 2855 10169 4716 3120 17138 12254 3077 5888 13997 4782 13993 11133 11397 5293 14492 13726 16594 5686 9946 13061 9693 7886 8599 13075 2963 12703 11430 5003 4206 5743 8868 13426 4277 11760 7820 13336 3797 5468 11846 14532 15936 12149 8268 5535 16951 11123 379 4558 8045 8060 12763 4332 17185 8200 6998 5420 13224 14782 13206 10685 3435 8516 9414 12552 3549 10920 10075 13054 8058 11766 12780 5403 16258 13662 3463 12028 5104 5498 2451 14510 16092 13954 10613 4331 12380
3849 16738 8706 14848 13469 19798 12193 5722 12855 13070 15546 11292 6183 12649 21475 17322 20223 11395 14019 2160 9839 17290 8786 10707 11621 5184 15632 20541 7562 20623 2096 10097 21160 6174 16517 13460 2870 9019 21095 8276 18584 12651 13342 12552 19366 9000 14955 12401 11001 10999 5464 8043 10567 5614 21543 9336 16171 3341 14407 16592 4789 1206 17712 15586 20938 16805 10355 15112 11350 4168 12891 0 9196 9486 15402 12218 13613 19441 3508 12583 17511 12211 12560 17106 15700 10424 15087 15481 16387 14788 7149 3281 10665 9947 19441 6065 19874 5932 15864 19153 16380 7377 15455 12209 20241 10901 7379 6772 7931 16463 14506 12657 19123 2117 1760 1220 20816 11784 13295 15203 6892 11165 3053 17830 9257 6750 5438 17641 5563 13379 16227 7394 14345 9027 19520 12101 13216 9564 7699 11246 10362 9770 15551 17215 13599 9679 12161 14197 5808 10884 16969 5793 17854 14175 9252 10648 15497 17523 12817 5793 15601 15184 7641 16128 15054 13898 8833 18307 2853 1427 18902 13858 15016 11031 14454 2945 13499 16513 18103 11909 16835 4567 5142 6668 18483 16755 7204 5520 3994 3742 21007 16608 8976 14530 11160 3644 19067 12377 9491 3366 7690 10580 9581 12601 3370 14889 13827 10678 7745 5817 14739 13484 6572 9514 14265 6025 23107 6294 15616 5451 12696 3292 13887 13509 11771 4135 5567 13277 11989 9598 18600 14495 11769 13088 21059 11291 2728 15306 17547 11546 6662 4125 17267 9321 17796 13040 7570 9421 12066 14340 6405 6937 5309 1905 12811 8045 6539 8341 7630 4589 11554 19154 10423 13165 12619 10953 13550 11454 5650 4033 4810 16275 17889 15918 13712 6400 8741 8735 9001 16372 652 16252 16455 11148 20047 1401 4255 11461 14309 12468 11643 6098 18488 4599 16617 2824 17565 10957 13458 4001 9605 17889 5546 15277 17204 17034 5403 19882 3721 12472 9471 6946 4889 12847 8869 17903 10276 3126 16524 13083 11576 1680 10911 18745 3340 12280 7342 19977 2525 16534 8772 3548 11377 7618 9723 14835 15447 5948 4453 11747 10235 3795 10571 9235 13673 14375 11024 3551 9058 3913 7178 2210 16324 15539 19509 7594 15523 5951 19960 17270 14253 20041 13105 14453 5482 18307 7199 11122 14451 8168 13934 10446 10238 11337 12068 5544 9790 18612 8996 11610 15844 20071 4144 409 6370 2597 18212 11461 13336 935 9763 7969 17619 18385 10684 12039 15699 1194 3426 14304 11461
13022 8435 10611 11509 12516 14264 4092 8396 15402 15001 10354 14820 3016 11647 15241 10124 13805 4684 16744 11347 6912 9247 4260 14189 15762 7024 16920 16037 13108 14909 7123 1113 16487 3144 17472 6907 6471 12314 14721 8012 20211 13388 4680 7317 13028 6757 5759 4250 6696 1893 4017 1177 1845 9568 15413 142 15177 7677 14035 12620 8954 8509 20554 10466 16788 15679 11561 6552 10291 12786 13716 9196 0 8634 12648 11634 9572 17477 7070 10038 18824 4008 4234 16588 14149 6362 6144 6891 16370 6015 10681 7840 2798 12742 16317 3132 12771 12061 10445 16549 11855 1823 16980 10274 13505 1754 14049 10645 7804 16567 9188 14947 12546 7650 7914 8004 15932 8172 12151 12015 13033 14289 6148 16616 13020 3487 5542 9871 9316 5060 17997 1802 9355 11852 14900 5361 13848 9791 1567 9043 4809 977 16035 11372 16554 6215 12519 11023 3420 12797 14594 13465 11251 16277 1677 1630 6335 16909 9172 3420 16180 13014 2982 12886 8323 5891 14655 19647 10859 7796 16342 5412 7763 6833 6011 6359 12263 9001 16745 9988 10990 13134 10702 13119 20352 17063 6050 12683 10163 12018 14511 15049 11926 5813 1965 12389 21438 14146 1308 8457 1727 12653 1279 10090 11714 6472 4632 9328 1461 3595 16725 5014 3500 3841 5341 6369 17174 8068 6952 5892 3543 12472 16844 4433 3747 6856 11188 12952 5535 889 11526 12471 12500 4499 16253 9002 11613 7015 15977 14756 9986 13305 20203 11052 19642 3926 7951 9396 12534 5310 4757 13270 11584 10032 3787 8373 4853 3525 2328 5634 11733 18032 2147 12975 14023 2026 5360 5777 3548 5657 10743 11262 19536 14717 16089 3950 2258 2250 4552 19427 8553 16242 14629 3352 16606 9739 11921 11910 12910 6334 3429 9554 17687 12188 9963 11717 11533 2224 14103 8034 2780 15569 12908 16825 16308 13772 4890 15524 5862 3449 8473 2604 4617 14166 6324 16511 11061 7518 18415 11780 3472 7551 13781 18208 12533 16143 2176 14758 7005 14280 1160 6032 2975 11631 4109 6832 9659 11735 8134 3212 10918 12703 3284 8749 11564 18136 5851 5871 9756 12429 13209 11387 17452 12768 13592 2328 6502 3317 17195 15232 5080 14860 14081 12136 11200 14619 2016 14881 5289 5533 9837 14930 1460 2141 3500 13413 10511 14712 4372 3401 17263 15053 11557 8877 6437 6733 11248 8957 4156 9939 12480 1834 16441 18378 12815 2919 6666 10056 11178 17277 3364
11767 10875 2890 5433 4344 10812 12652 3921 6945 6427 6843 6821 7698 3439 12755 9906 11723 5995 8255 10702 2150 10906 4433 6281 7942 4357 8295 11162 7083 11671 8719 8469 11804 7099 8890 6567 8933 4816 12492 1215 11590 4757 12890 4845 10894 1906 12333 7971 3480 10068 8911 7989 8191 4713 12757 8715 7175 6147 5680 7231 5097 8281 11975 6830 11490 7774 3090 14643 1999 10252 5085 9486 8634 0 5916 3211 4614 10177 6090 3147 10217 7966 8289 8410 6445 3224 10986 10460 7989 13937 4324 6205 7177 4777 9963 7740 11967 7124 7249 9731 7219 7911 8347 2724 11977 9130 8681 4630 1570 8153 6119 6452 10858 9840 7805 9065 11526 3103 4067 5748 7588 6175 8262 8798 5597 5753 4857 10815 4576 8678 9364 7991 5764 4206 10202 6191 5233 1308 8499 1882 4773 9603 7504 8667 8138 2787 3900 4785 8150 4395 7542 9401 9784 7686 10131 8688 12192 8786 3785 7510 7633 5746 10233 6658 7728 8512 8296 11047 8609 8530 9482 9150 8258 3377 9509 7564 4245 9625 9018 2424 8345 10381 6214 7929 11721 8606 3038 8424 6747 9366 12494 7388 4338 13825 9701 10226 12809 5582 7597 6229 8826 4339 7690 3156 9310 9745 11510 1194 8259 8749 8112 8977 5897 5144 10367 3776 14132 3243 10701 4592 11107 11930 8411 12063 12344 5483 6363 4517 5852 9522 10838 5060 3868 8963 11739 1954 10035 9822 8359 6612 4063 12583 11645 2989 11009 11550 1918 923 3906 10732 4663 7897 7093 8560 9739 1494 4472 5109 6535 5733 3111 10209 7620 4495 5409 10417 8579 4922 7663 6495 6571 7355 10910 6814 7553 5510 10367 10357 4198 10911 9045 7854 7141 11985 10562 8732 8617 3277 5041 5680 7784 4232 9683 8649 8817 10106 9097 10722 5492 5518 6248 8494 8749 8191 8302 7553 5493 10489 6749 9545 176 9019 6605 5542 2334 8797 2525 6387 9783 3775 12067 8372 5631 10095 11611 8123 8976 10841 7390 7118 9412 9312 11530 5042 4999 9078 7181 6680 5098 8265 2371 10715 6549 369 4202 9886 4355 8997 1607 9896 7579 10657 8847 6053 10751 9513 11544 7240 10525 7924 12150 10886 5448 4979 6458 8844 7729 6995 12389 3117 4901 7475 8205 9789 8443 9604 2057 9170 4378 7768 8634 10854 8212 9516 3432 7656 10406 2182 11393 10388 4543 6947 8595 10059 4497 9619 11715 10667 8439 8824 7584
17505 10449 7564 1277 2906 6068 16099 9777 8116 7154 4088 9307 12802 3226 8255 7995 7728 8303 8865 16554 6198 9926 8671 9121 10426 10258 7065 5516 11683 6886 14559 12025 6187 12229 6983 6972 14689 8815 8215 7128 9649 5267 15837 5595 7101 6829 14127 9949 5962 13453 14206 12446 11446 10362 8147 12676 3370 12063 3711 2113 10904 14198 11289 3957 5671 3583 6286 17260 4147 15831 5396 15402 12648 5916 0 3822 3210 4830 11988 2915 8291 10088 10242 4805 2158 6362 12081 10958 5183 16467 9453 12121 10216 8130 4066 12878 8828 12298 4452 3994 2932 12619 7396 3193 8313 12371 13380 9853 7477 5440 4581 7637 7415 15675 13717 14957 6067 4507 2758 814 12432 8649 14012 4270 9388 10805 10542 9363 10280 10121 8284 12696 4124 8290 4760 7905 5130 6062 13112 4249 7843 13489 5594 5352 9093 6746 4830 1629 13353 6947 1947 14604 6947 7821 14319 11984 13551 4960 3477 12733 5786 926 15010 945 6875 9431 12395 8920 14359 14425 3763 10392 7861 5830 10409 13370 2571 8491 4299 3495 5276 15898 11708 12847 10017 5985 8595 13674 12446 14985 8360 2742 8433 16457 12921 15885 11397 6764 11366 12124 13463 7179 11421 2883 14984 10382 13706 4724 12844 13954 7868 10452 10998 8832 11812 9577 9101 9135 11215 10342 13846 17756 9223 14645 15905 11373 11716 3754 7584 13473 8166 1264 5362 10743 6204 4227 15804 10117 3506 8857 9490 18367 11159 7156 9470 14231 7832 6089 4983 12276 10052 12725 12447 14412 11979 7372 9856 9510 11160 11467 4836 5584 10872 3950 6240 13900 9836 7000 12919 12233 12107 3747 9170 2869 8119 10730 14785 14776 8337 10792 14958 5112 2208 15736 4646 14615 14146 5139 2129 6854 10274 9842 5457 14109 6755 15867 5788 14271 5175 11426 9870 2923 13994 7346 4256 1677 11050 4835 12514 11948 5936 13913 12136 6138 7146 4073 5951 12300 8692 2721 15646 14257 8241 6084 17403 10178 13741 5773 13263 1669 13695 14978 15067 9793 8550 9399 5139 11882 10996 10799 5893 16379 9569 6175 1777 10963 6815 14661 6635 15501 12322 16502 7174 138 6467 14234 12573 12429 4732 2626 14319 5773 5642 1023 11825 3026 12499 9638 14526 8092 3035 10641 11647 12934 10802 14876 6169 3419 8490 10277 7418 5605 13771 15429 9221 13498 7788 4123 13849 16302 8052 11416 4144 6640 7240 12315 12694 16582 14114 9449 10157
13924 12160 3840 4062 1252 9726 15548 6496 5025 4201 6629 5773 10903 601 11871 10407 11142 8248 6121 13116 4746 11924 7375 5478 6943 7321 5410 9331 7862 10573 11723 11327 10003 10304 5861 7966 12017 4995 11751 4295 8647 2141 15631 6164 10410 4918 14641 10207 5475 12905 12120 11093 10938 6836 11798 11702 4025 8958 2471 5756 7504 11041 9440 6552 9418 4645 2464 17296 1345 12161 2431 12218 11634 3211 3822 0 4564 7223 9019 2597 7236 10263 10530 5204 3490 5535 12968 12158 4793 16550 5738 8982 9807 4346 7485 10947 11895 8533 7069 7028 6223 11065 5553 1870 11603 11899 9559 6151 4644 4969 6439 4496 10575 12839 10644 11967 9888 4250 1142 4094 8620 5082 11355 5677 5587 8942 8024 11595 6799 10718 6586 11146 5955 4469 8575 8188 2405 2662 11641 2766 7262 12584 4403 8342 6180 5457 1319 3597 11360 3234 4899 10825 9789 5278 13198 11464 14319 5585 4032 10720 4551 3238 13414 4752 8614 10309 8599 8045 10822 11430 6776 11125 9414 5330 11348 10620 1355 10505 5926 1985 8130 12199 8056 9039 8844 5444 6248 9911 8898 11345 11845 4390 4611 16472 12476 12261 10047 3527 10502 8858 11976 3426 10585 2548 11379 11476 13955 2307 11394 11960 5569 11045 9093 7921 12477 6901 12875 5967 12416 7734 13745 14267 6393 14664 15270 8450 8008 1325 7824 12520 10982 2607 1733 11162 10026 2840 12268 11400 5334 5376 5877 14824 9176 3372 8157 14177 4857 2868 1442 12896 7874 8911 8728 11001 12154 4315 7682 8134 9655 8865 1025 7063 10347 1341 3110 13291 10532 6955 10874 9616 8465 6750 7999 3719 5346 8715 13488 13477 7090 8567 11856 4660 4262 14960 8194 11268 10469 1351 2131 7359 10224 6310 6497 10404 9173 12322 8805 13622 2622 8227 9056 5744 10228 5423 5130 5458 8687 8652 9849 12018 3330 12209 9797 3127 5344 5716 2171 9237 7021 1102 14995 11301 4610 6890 13875 6836 12149 9524 10357 4454 12493 12444 14438 5996 7713 10631 7394 8130 7769 10743 2140 12752 9142 3277 2185 8085 6501 12132 3162 11848 8504 13054 5871 3934 9964 12682 13514 10449 7847 5087 14600 9535 2802 2814 8120 6813 10893 6072 14831 6235 4687 6974 11018 12541 10858 11109 2501 7226 7271 10215 5773 9395 10113 12309 6574 10668 10561 2997 13934 13072 4249 10037 5469 6856 3509 12205 13668 13361 10520 6732 10048
16262 7732 7203 1973 4519 6253 12907 8410 9585 8732 2260 10248 10080 4102 8144 5847 7119 5109 10632 15078 3800 7405 5844 9875 11428 8457 9444 7031 11534 7103 12435 8882 7614 9541 9598 3849 12420 8934 7878 5629 12388 6658 12627 2386 6301 4617 10975 6744 3032 10273 11547 9485 8276 9312 8153 9588 6328 10321 5960 3185 9612 12418 13667 2231 7581 6669 6538 14058 3851 14833 6913 13613 9572 4614 3210 4564 0 7989 10105 1998 10978 6880 7040 7812 5130 3542 9005 7981 7975 13268 8879 10414 7045 8547 6763 10170 7523 11721 2688 6984 2772 9735 9693 2768 7417 9188 13186 9213 5911 8221 1875 9058 6316 13518 11861 12969 7222 1839 4150 2484 12120 9552 11753 7448 9656 8145 8343 7036 9160 6956 10682 9808 1391 8326 5956 4695 6792 5434 10181 2776 4778 10374 8104 4087 10726 4129 5883 1638 10666 7638 5128 14010 5356 9716 11249 8810 10454 8030 833 10077 8291 3825 12092 3317 4121 6322 12585 11691 13121 12459 6782 7258 5008 2928 7331 11215 4110 5970 7499 2812 3793 14977 10826 12483 12695 8773 6438 13034 11308 13939 7886 5884 8473 13252 9732 14778 14022 8090 8272 10573 10531 7757 8319 2039 13861 7356 10514 3706 9911 11250 9921 7290 8352 5830 8676 7590 9582 7692 8242 8231 10636 16336 10926 11438 12724 9478 10975 5367 4375 10369 6506 3520 6274 7556 7481 2689 14518 7165 6706 9885 8672 17033 13461 7039 12077 11022 6348 5245 6006 9134 7637 12428 11707 12961 8775 6053 7451 6667 8301 9278 5441 8789 7711 5514 7656 10726 6688 3834 10275 10015 11179 2750 11831 5817 9853 8164 11762 11753 5511 12945 13088 7877 5379 12577 7114 13065 13217 5784 4331 3646 7066 8841 8619 13258 4622 14596 4532 11100 6949 9831 6798 6069 13359 9598 7344 4202 8700 6407 10323 8739 4537 11064 9713 7649 4796 7271 6005 10498 11115 3822 12468 12259 9044 9225 16061 11375 10847 6371 11255 4879 10657 12592 11889 9496 5536 6414 2848 11278 9463 7590 5880 15262 6411 4973 2894 12636 3726 12280 5968 14471 12083 15044 9719 3310 6139 11313 9519 9766 7623 5834 11133 6431 7260 3058 11071 5147 9642 10521 11344 5642 323 11306 8495 9739 7592 14217 5914 5323 5639 7070 9815 6459 12807 13566 7243 11409 6076 2445 10645 14544 8381 8493 7308 9678 7874 9106 9651 14806 12996 11244 6953
20984 14476 10915 6016 5972 7673 20896 13719 9118 8228 8197 10876 17514 6810 9572 11616 9786 13098 9172 20285 10903 13763 13457 10982 11729 14483 6537 5411 14324 8155 18878 16850 5888 16930 5831 11574 19110 11497 9831 11367 7452 7294 20576 10367 9526 11440 18673 14659 10787 18261 18876 17253 16261 14007 9334 17505 3413 16170 5242 5496 14713 18262 9855 8052 4710 2799 9315 21926 8191 19122 7189 19441 17477 10177 4830 7223 7989 0 16202 7578 6536 14814 14939 3256 3750 11168 16519 15278 4284 21127 12755 16199 15029 10589 2453 17582 11470 15351 8418 1445 6572 17401 6963 7601 10582 17177 15933 13176 11726 4428 9039 8836 10088 19999 17856 19167 6289 9321 6164 5505 15191 10393 18438 1951 11815 15508 15009 13033 13990 14730 7350 17478 8656 11142 5649 12657 6817 9880 17908 8816 12672 18318 5333 8695 9599 11500 7471 6458 18044 9335 2883 17529 10200 8135 19147 16796 18003 2938 8306 17414 5445 4555 19796 4737 11142 13961 14568 6750 17946 18629 1482 14945 12155 10652 14878 17738 5967 12424 1606 7922 8816 19107 15105 15632 7953 4665 13105 16701 16033 18360 10117 2833 11258 21136 17721 19285 9300 8355 16196 16080 18258 9646 16251 7535 18436 14780 18350 9023 17641 18649 7846 15053 15692 13655 16350 13952 9387 13177 15525 14762 18581 21401 9577 19342 20713 15617 14975 6248 12350 18302 11285 5193 7962 15392 6158 8819 19381 14430 1916 10383 13008 21913 9926 10355 7706 18951 12002 10050 7597 16821 14651 15444 15656 18191 16672 11478 14453 14295 15940 15903 7951 1724 15690 6392 7862 18712 14420 11813 17591 16668 15520 7488 7303 3555 8658 15390 19604 19595 13125 9956 19074 4352 3037 20557 3088 18475 17444 8106 5156 11592 15041 13485 2367 17330 10520 19427 9001 19085 6663 15448 14699 1920 16997 7033 2716 4019 15592 5060 16926 16667 10245 18676 16699 7652 11798 1715 9248 16443 7597 6414 20456 18490 10200 2890 20983 11221 18523 6964 17529 3212 18518 19474 19877 12785 13376 13773 9275 14994 14991 15559 9264 19770 14388 10346 6117 11074 11644 19157 10384 18839 15008 20218 6160 4712 8545 19024 16971 17117 1671 2291 18945 6881 7176 5426 15089 3998 17271 11234 19141 12754 7772 12392 16469 17727 15540 17856 9682 4306 13284 15046 6728 6515 17122 19529 13606 17817 11016 8771 18539 20293 10627 16214 2131 3941 9626 17068 17071 20582 17598 9585 14934
6645 13668 5899 11378 10254 16292 10784 2715 10591 10593 12046 9355 4300 9393 17988 13977 16755 8190 11876 5182 6331 14127 5502 8713 9992 1733 13050 17051 6499 17119 2725 7720 17665 3968 13865 10114 3171 6810 17619 4876 16196 9782 11669 9093 15898 5492 12652 9462 7521 8964 4517 5912 8009 3276 18051 7210 13035 609 11343 13104 2391 2324 15735 12083 17468 13660 7475 13532 8027 5896 10059 3508 7070 6090 11988 9019 10105 16202 0 9131 14995 9302 9669 14094 12452 6947 12374 12558 13470 13056 4841 771 7809 7600 16047 4230 16480 5180 12370 15817 12874 5350 12942 8804 16800 8570 7129 4592 4521 13579 11019 10287 15677 3829 1757 2976 17313 8276 10040 11748 6211 9042 2596 14692 7292 3877 2072 14400 3090 10436 13820 5400 10846 6611 16021 8850 10347 6365 5868 7786 7050 7877 12736 13731 11530 6192 9168 10729 4274 8272 13628 6395 14423 11808 7719 8228 13018 14500 9312 3881 12812 11833 6676 12682 11686 10832 8029 15820 3920 2440 15568 10938 11734 7544 11507 1783 10236 13241 14944 8496 13354 6206 3867 6214 16173 13931 3701 5633 3129 5057 17540 13381 6609 12836 8959 5587 16946 9809 6944 1402 6013 8003 7048 9151 4796 11915 11555 7283 5795 4647 12354 10592 3761 6326 11565 2516 19604 3074 12723 1995 10582 6455 11831 11498 10374 628 4387 10178 8697 7718 15218 11146 8850 10266 17559 7826 4979 12274 14339 9482 4171 7234 15314 6518 15460 10984 4206 6158 9095 11722 3129 6405 4633 3286 10250 4724 3219 5215 4992 1481 8482 16062 7724 10091 9945 9056 10556 8082 3859 1500 3806 12768 15490 12737 11424 3430 7471 7462 5672 14442 2993 13334 13182 9805 16628 3192 4861 8450 11046 9105 8784 3572 15447 5120 13209 5077 14089 9173 10604 1229 6655 14571 5846 12765 14114 13598 2338 16396 1441 9928 6057 5576 2500 10158 5366 14734 7271 496 14167 9794 10131 2289 8665 15768 6298 10548 5833 16469 1346 13201 7066 3779 9782 5624 6493 11729 11976 4931 1598 8993 7199 5984 7575 5875 10292 12681 7616 3510 5925 5519 6432 5174 13717 12126 16016 6278 12860 3855 16614 13981 12073 16533 10327 11067 4369 14850 5125 9282 12295 4703 10427 8931 7747 9123 9302 6346 6728 15143 5695 8753 13310 16564 4489 3471 2863 1709 14820 7985 11151 4441 7368 5441 14483 15524 8135 9610 13042 4701 4156 12271 8582
14904 9578 5381 2285 2798 7791 13719 7068 7621 6794 4181 8251 9941 2195 9827 7840 8926 6073 8708 13848 3326 9328 5903 7883 9431 7409 7736 8015 9704 8654 11663 9538 8657 9360 8013 5445 11778 7016 9624 4325 10831 4724 13630 3689 8140 3917 12339 7946 3404 11051 11322 9716 9039 7806 9799 10081 5170 9243 4346 4089 8239 11377 11898 4126 8358 5648 4569 15197 1895 13344 4996 12583 10038 3147 2915 2597 1998 7578 9131 0 9408 8035 8263 6621 4111 3676 10538 9649 6568 14427 7159 9311 7838 6578 6972 10012 9476 10033 4621 6887 4174 9833 7944 772 9296 9994 11380 7523 4660 6795 3859 7091 8221 12777 10874 12087 8389 1953 2406 2620 10343 7554 11101 6579 7718 7936 7630 9004 7688 8348 8960 9911 3385 6418 7062 5874 4914 3655 10353 1347 5323 10930 6505 5974 8777 3928 3915 1638 10479 5643 4750 12344 7325 7832 11684 9579 11934 6914 1444 9853 6681 3028 12230 3552 6018 7853 10681 10169 11745 11558 6650 8719 6832 3257 8889 10469 2435 7909 6715 871 5716 13453 9256 10725 11093 7333 5682 11379 9867 12469 9670 5017 6566 14377 10564 13343 12372 6121 8799 9367 10702 5768 8866 58 12430 8983 11745 2017 10088 11083 8080 8680 8124 6199 10107 6686 11082 6387 9909 7437 11680 15077 8987 12554 13484 8509 9345 3551 5516 10895 8491 2440 4285 8857 8596 1317 13176 8869 5959 7888 7048 15728 11664 5147 10441 12095 5049 3550 4031 10544 7143 10649 10083 11707 9953 4641 6946 6735 8373 8558 3445 7998 8448 3671 5706 11475 8129 4734 10035 9323 9633 4477 10231 4694 7931 7839 12093 12083 5576 11100 12115 6453 4621 13251 7512 11873 11687 3787 2929 4946 8090 7305 7657 11693 6619 13246 6431 11830 5095 8648 7299 5739 11705 7834 6288 4472 8136 7342 9607 9859 3132 11099 9224 5714 4246 6482 4056 9464 9396 2033 13216 11383 7049 8196 14757 9380 10954 7755 10384 4374 11026 12063 12643 7690 5939 8102 4845 9596 8236 8621 3940 13834 7169 3458 1527 10682 4389 11746 4223 12996 10283 13804 8091 3052 7845 11461 11075 9553 7642 5290 12383 7793 5357 2153 9448 5724 9699 8525 12606 5198 2168 9326 9185 10603 8689 12577 4030 6034 5741 8086 8108 7739 11291 12590 6329 10606 8063 1211 11789 13496 6422 8667 6403 8462 5882 10127 11222 13772 11556 9320 7937
17866 18644 9105 9440 6612 13544 22776 12282 4746 4444 12366 6570 17783 7350 15648 16286 15536 15417 3906 17667 11976 18186 14574 7018 6880 13532 1962 11717 10654 14193 17669 18557 12274 17192 1396 14780 18165 8499 15792 11045 1424 5478 22864 13084 15066 12068 21745 17337 12657 20139 18832 18206 18174 11961 15451 18898 4964 14720 5064 10157 12854 16492 3328 12240 11157 4974 7623 24512 8574 15841 5156 17511 18824 10217 8291 7236 10978 6536 14995 9408 0 17413 17656 3746 6139 12761 19923 18955 3113 23759 10377 14681 17038 7564 8742 17807 16927 12118 12741 7696 11153 18108 2061 8881 16243 19135 11916 10741 11339 2856 12699 4866 15493 18712 16292 17654 12568 11315 7006 9079 11554 6469 17564 4958 8372 15916 14616 17650 12065 17755 1407 18188 12208 8499 11649 15275 4985 9190 18703 9974 14488 19784 2903 13585 4415 12688 6317 9429 18165 6724 7238 13845 15190 3382 20347 18700 21335 3836 10771 17538 2729 7402 20384 8936 15025 17231 10246 837 15270 17150 7574 18118 15963 12510 18260 16761 6976 16743 5226 9098 13546 15700 12452 11970 1729 2323 13116 13255 13576 15283 16024 5826 8540 23689 19712 16166 3109 5189 17722 14318 19025 7002 17808 9350 15477 18318 21122 9519 18469 18743 2822 18088 16040 15153 19512 13453 15774 12044 19216 14270 20966 18544 4224 21874 22491 14554 12119 5965 14914 19712 16397 7499 6412 18260 12501 10039 16554 18143 5661 6181 10934 18846 3392 8496 1225 21394 11379 9553 6317 19952 14729 11716 12620 15843 19323 10847 14553 15303 16751 15310 7106 4886 17583 5905 5071 20521 17530 14094 17663 15988 12834 12019 881 5438 3911 15620 20579 20569 14301 3523 17347 3179 6354 22165 9500 16256 14333 6965 6647 14352 17417 11532 4169 14111 15045 16567 13999 20848 4726 13907 16288 7055 13483 2240 4439 8845 15361 11231 16151 19206 10369 19154 16421 4872 12501 5295 7983 15042 1346 7384 22215 17094 6631 3703 18038 6193 19149 12963 16305 7102 19629 18733 21663 9919 14949 17389 13391 11903 13458 17942 8102 16595 16370 10154 8099 5145 13682 18442 9402 15657 11295 17577 1372 8276 14237 19688 20451 17297 8183 6573 21764 12906 4816 7980 12224 9647 17918 6859 21991 13334 10943 7931 18252 19776 18039 14220 8565 10085 14483 17410 1685 12587 14133 17727 13187 16700 16037 10162 21131 18191 7752 17164 4909 2639 6879 19420 20592 18478 14780 3989 17249
15848 4597 10641 8833 10808 10517 6201 9521 14853 14231 6972 14770 6355 10072 11317 6129 9871 2020 16124 14256 5826 5310 4147 14206 15864 8504 15659 12532 14155 11098 10294 2923 12913 6150 16018 3355 9816 12561 10781 7916 18836 12316 5762 4505 9122 6192 4396 243 4789 3751 7706 4715 2169 10775 11505 3935 13104 9836 12369 9528 10458 11282 19677 7104 13366 13501 11044 7193 8992 15186 12633 12211 4008 7966 10088 10263 6880 14814 9302 8035 17413 0 372 14584 11945 4814 3191 3275 14600 6411 11394 9994 1549 12694 13281 6483 8767 13511 6957 13697 8604 5325 15815 8532 9528 2737 15439 11507 7878 14829 5899 14342 8605 11056 10642 11124 12314 6101 10416 9339 14335 14136 9332 14319 13338 5494 7295 5881 10527 1172 16848 5354 6206 11991 11406 2193 12659 9273 5388 7499 3198 4370 14514 7657 16053 5184 11420 8502 6922 12351 11988 15355 7332 15433 5431 2533 4240 14837 6787 6641 14685 10672 6990 10080 4500 1889 15611 18189 13211 10787 13520 1649 3811 4934 2244 9267 10465 4993 14377 8325 7296 15481 12207 14536 19071 15368 6627 14449 12021 14327 10555 12746 12103 6381 3154 14889 20305 13420 2981 10506 5644 12305 2932 8093 14086 2685 3711 8154 5179 7287 15786 1291 5656 3212 2461 7550 13276 8943 3425 7510 3766 15480 16315 4562 6092 8860 12608 11465 2536 4451 7531 10271 11575 1039 12647 7423 14251 3147 13585 14576 10807 16303 19390 10891 18399 4144 8214 8881 11483 2781 6233 14617 13174 12569 1919 8419 6196 4130 4600 7855 10703 15668 1953 11546 13153 4224 1398 3319 6832 8230 12378 7864 18215 12603 15386 5900 6156 6150 4174 18722 11561 14487 12252 6092 13436 12400 13990 10970 10935 3235 604 10565 15477 14191 6073 14352 7750 4604 12884 9884 2648 12901 14727 15686 14170 10869 6982 12088 8522 1860 7791 6485 7321 13239 5840 14148 10465 9798 17283 10035 5866 10535 13592 16069 15433 16082 6089 11084 9747 11756 5132 9556 5304 12319 3195 2846 6093 13110 9795 874 10308 15280 1749 8230 9470 17841 3766 9329 9477 14807 14441 14274 16073 10185 9767 6322 3729 6402 14241 12708 4351 11193 13013 9848 12655 11477 5403 14923 4578 5583 7062 15279 2549 3100 740 15396 10023 11483 4047 636 16026 11427 13582 11965 7420 9615 7268 7273 3775 13066 12447 4335 14172 16445 12463 2274 3911 13237 13388 16713 754
16208 4286 10983 8980 11046 10455 6176 9891 15158 14525 7017 15099 6669 10324 11187 5958 9737 2312 16423 14612 6143 5033 4516 14539 16199 8876 15917 12525 14520 11014 10633 3131 12889 6481 16261 3411 10145 12906 10642 8263 19080 12596 5654 4683 9004 6531 4112 323 5064 3815 8000 4995 2389 11144 11382 4151 13299 10205 12605 9610 10830 11640 19955 7151 13374 13684 11360 7018 9270 15555 12912 12560 4234 8289 10242 10530 7040 14939 9669 8263 17656 372 0 14782 12131 5117 2823 2921 14820 6228 11754 10363 1895 13027 13357 6798 8577 13881 6978 13799 8663 5619 16080 8780 9367 2851 15808 11870 8230 15051 5973 14645 8470 11383 11000 11467 12282 6341 10653 9482 14703 14462 9668 14487 13684 5853 7665 5637 10897 850 17111 5645 6302 12334 11405 2392 12930 9596 5654 7770 3531 4527 14755 7614 16359 5512 11701 8670 7229 12668 12127 15727 7213 15720 5594 2698 3905 15028 6986 6965 14927 10849 7207 10202 4444 1669 15973 18427 13580 11136 13626 1299 3691 5207 1902 9616 10697 4796 14538 8581 7262 15850 12579 14905 19322 15592 6995 14821 12393 14696 10407 12918 12447 6214 3217 15256 20564 13718 3270 10876 5898 12626 3213 8321 14454 2352 3491 8446 5453 7579 16066 927 6013 3581 2106 7922 13155 9311 3064 7882 3662 15833 16619 4407 6093 9230 12979 11718 2748 4618 7356 10465 11867 682 12617 7693 14615 2838 13745 14900 11171 16657 19672 11224 18653 4016 8571 9206 11767 2445 6604 14986 13546 12933 1737 8769 6567 4501 4941 8220 10992 15826 2243 11804 13444 4283 1127 3575 7153 8587 12750 7898 18464 12796 15681 6263 6334 6328 4538 19011 11911 14708 12419 6131 13490 12762 14362 11263 11148 3399 922 10932 15652 14563 5974 14716 7686 4659 13152 10255 3014 13030 15099 15952 14355 10974 7347 12097 8877 1741 8113 6749 7671 13525 6185 14310 10779 10165 17547 10273 5877 10884 13918 16250 15790 16409 6346 11040 10103 11906 5336 9871 5325 12677 3558 2598 6103 13480 10167 1027 10623 15646 2121 8558 9680 18154 4047 9648 9810 15176 14808 14631 16321 10336 9680 6558 3364 6731 14327 12856 4124 11151 13291 10035 13026 11542 5705 15256 4345 5946 7209 15623 2776 3143 784 15768 10345 11533 4413 954 16285 11395 13954 12311 7791 9966 7109 7535 3607 13411 12782 4662 14344 16646 12783 2235 3545 13580 13758 17014 1100
18261 15254 8407 6046 4115 9799 20337 11457 5903 5053 8876 7712 16084 5019 11908 12730 11795 12667 5917 17717 9698 14715 12363 7878 8509 12439 3310 8042 11359 10453 16817 16144 8628 15486 2717 11659 17162 8634 12047 9490 4979 4506 20241 10104 11341 10025 18780 14474 10024 17670 17321 16156 15659 11527 11716 16641 1486 13964 2761 6499 12318 15971 7019 8741 7563 1264 6757 21774 6459 16331 4318 17106 16588 8410 4805 5204 7812 3256 14094 6621 3746 14584 14782 0 2691 10260 16810 15732 1030 20994 10124 13967 14459 7684 5124 16133 13219 12521 9220 4121 7535 16182 3735 6314 12509 16615 12910 10539 9835 1180 9368 5661 11786 17922 15637 16988 8878 8570 4456 5619 12249 7280 16509 1351 8848 14105 13221 14121 11552 14758 4244 16263 8896 8368 7915 12395 3960 7761 16742 7549 11939 17505 2091 9948 6343 10381 4950 6183 16553 6480 3510 14607 11551 4880 18205 16198 18264 422 7797 15913 2193 4010 18555 5318 11676 14132 11463 4235 15329 16456 3959 15070 12654 9877 15135 15754 4330 13287 1683 6601 9942 16279 12445 12691 5405 1518 11448 13832 13457 15621 12279 2140 8467 20958 17185 16544 6808 5297 15381 13752 17084 6800 15453 6566 15734 15136 18273 7412 16487 17155 4596 15093 14265 12771 16487 12088 12105 11020 15991 12923 18279 18766 6323 19134 20097 13554 12249 3938 12048 17459 12744 4318 5342 15334 8833 7587 16733 14897 1935 7223 10488 19214 7007 7801 4970 18687 10017 8026 5041 16944 13070 12483 12888 15688 16501 9467 12877 13165 14746 14047 5612 2151 15067 4008 4852 18090 14497 11326 16070 14790 12858 8432 4611 1995 5408 13899 18554 18544 12053 6899 16811 1108 2689 19848 5915 16022 14682 5659 3696 11392 14683 11022 1393 14535 11511 16769 10347 18442 3750 13191 13889 3327 14113 3793 697 5129 13890 7526 15012 16430 8523 17365 14999 4626 10435 1668 6848 14262 4553 4818 19827 16348 7149 1688 18315 7981 17282 9223 15440 3420 17522 17617 19256 10002 12525 14167 9939 12198 12726 15214 6905 17017 13790 8479 5126 7845 11008 17307 8170 16074 12044 17642 3021 4762 10497 17810 17316 15637 4740 2828 18902 9169 4208 4760 12363 5903 16021 8067 19118 11362 7711 9232 15799 17224 15263 14950 7370 6344 12228 14681 3535 8856 14392 17244 11767 15776 12399 7634 18357 17906 7765 15097 1235 1867 6750 16728 17443 18198 14929 6341 14538
17364 12590 7262 3365 2239 7784 17795 9978 6535 5561 6245 7999 13916 3060 9969 10150 9625 10060 7076 16598 7360 12082 9992 7945 9031 10734 5016 6598 10968 8538 15132 13635 7256 13324 4851 8973 15376 8080 10010 7626 7491 4015 17639 7448 9070 7814 16104 11826 7494 15129 15237 13807 13114 10315 9820 14192 1221 12422 2018 4073 10994 14518 9193 6115 6431 1558 5722 19138 4451 15554 4026 15700 14149 6445 2158 3490 5130 3750 12452 4111 6139 11945 12131 2691 0 7787 14121 13042 3028 18354 9139 12452 11899 7247 4210 13977 10870 11842 6610 3595 5026 13895 5377 3970 10272 14062 12634 9558 7984 3285 6684 6116 9442 16252 14107 15417 7320 6017 2413 2960 11795 7404 14705 2470 8515 11913 11294 11521 10284 12083 6207 13974 6209 7652 6139 9752 3684 6136 14429 5217 9415 15040 3524 7460 7372 8005 3937 3496 14425 5987 1666 14085 9063 5998 15794 13654 15577 2901 5165 13789 3713 1320 16288 2828 8998 11445 11435 6762 14286 14879 3346 12387 9971 7349 12445 13998 2217 10645 2627 4284 7409 15567 11482 12230 7863 3828 9413 13212 12364 14762 10197 946 7780 18325 14627 15683 9248 5375 12907 12344 14777 6274 12974 4059 14815 12446 15618 5312 14168 15031 5956 12417 12088 10310 13805 10220 10523 9428 13301 11037 15665 17737 7459 16503 17571 11868 11392 2680 9411 15005 10276 1692 4469 12671 7369 5235 15729 12209 1919 7518 9337 18277 9087 6735 7327 16067 8253 6300 4080 14264 10988 12068 12095 14488 13857 7728 10791 10817 12439 12178 4293 3894 12526 2856 4838 15560 11817 8725 13960 12940 11894 5881 7019 713 6376 11761 16192 16182 9669 8778 15327 2961 796 17352 4988 14758 13865 4494 1408 8734 12069 9789 3559 13776 8913 15779 7883 15920 3635 11704 11406 2315 13519 5348 2225 2956 11899 5967 13193 13798 6521 15132 13010 4679 8195 2397 5581 12693 6601 2671 17305 14740 7089 4128 17334 8674 15010 7342 13780 1285 15132 15755 16730 9270 10049 11477 7291 11461 11249 12600 5580 16172 11235 6603 2585 9169 8446 15440 6650 15254 11641 16534 5060 2137 8334 15526 14625 13499 4412 1620 16243 7314 4160 2096 11506 4114 13750 8350 16457 9147 5022 9447 13276 14656 12635 14393 5977 4577 9838 12069 5354 7067 13524 15784 9877 14071 9909 5231 15720 16559 7236 12753 2292 4552 6289 14118 14752 16848 13964 7628 11933
13436 7760 6052 5318 6249 9434 10093 5879 10041 9419 5160 10041 6543 5429 11050 7247 9808 2806 11310 12091 1096 7902 2326 9505 11166 5468 10943 10535 10000 10238 9054 5886 11094 6000 11376 3549 8966 7994 10673 3499 14176 7530 10105 2163 8951 1788 9209 4795 578 7430 8006 6087 5434 7023 11122 6405 8829 7272 7803 6727 7040 9265 14889 5214 11117 9321 6258 11761 4222 12260 7851 10424 6362 3224 6362 5535 3542 11168 6947 3676 12761 4814 5117 10260 7787 0 7768 7246 10113 11018 7171 7391 4277 8001 10228 6632 9618 9719 5453 10332 6229 6266 11072 3963 9871 6396 11484 7386 3600 10324 4085 9529 8743 10106 8666 9660 10658 1856 5870 5803 10365 9388 8310 10254 8779 4603 5010 7940 6812 5461 12105 6341 3959 7395 9436 2968 7901 4525 6751 2790 1728 7256 9892 6791 11242 772 6632 4764 7126 7563 8294 11855 7511 10629 8013 5968 9004 10568 2942 6535 10052 6663 8651 6725 4954 5296 11333 13560 10394 9174 10110 5928 5277 633 6285 7834 5961 6737 10385 3702 6410 12469 8576 10649 14379 10841 3275 10884 8766 11356 10593 8688 7520 10938 6972 12108 15572 8606 5126 7681 7102 7536 5196 3728 11210 6530 8458 3347 6482 7712 10995 5765 4811 2523 7169 4487 12713 5169 7485 4973 8210 13366 11502 9131 9842 6339 8861 6799 2633 7219 8385 6110 6766 5781 10936 2730 11702 6634 9621 9817 6719 14117 14592 6208 13691 8642 4030 4148 6688 7549 4182 10668 9537 10054 6661 4031 4008 3163 4812 5920 5900 11671 4840 6856 8345 7839 5355 1708 6733 6621 8855 5950 13533 8363 10573 4638 8441 8431 1990 13913 9855 9990 8274 9588 10629 10072 10774 6159 6568 2570 4712 6663 11330 10887 6343 11790 7143 8186 8136 6942 3630 9279 11196 10935 9956 7650 5257 9927 6938 6504 3054 7575 6220 8437 1678 10151 5672 7391 12539 5490 9571 8956 8843 11860 13158 11336 7387 9691 7967 7957 7363 9091 9002 8015 2267 5906 5029 9282 6660 5223 5516 12569 3609 3530 5203 13042 1132 8784 4806 11881 10409 12073 11401 6488 9091 7875 8326 6224 11028 8900 9102 9767 8230 5783 8935 8678 6155 10219 9337 2259 3855 10682 5548 7027 5359 11988 5262 8865 2134 4701 11304 9848 10351 10327 4182 8064 7970 2640 8409 11359 7766 5054 10079 12076 7690 6671 8496 11604 10384 11899 4528
18817 2995 13743 10807 13332 10868 6259 12711 17755 17070 8328 17807 8993 12691 11044 5833 9630 5006 18986 17188 8837 4015 7338 17263 18925 11671 18273 13276 17341 11241 13085 5088 13514 8920 18531 5159 12513 15676 10458 11044 21343 15083 5169 6849 9063 9295 2300 3106 7617 4870 10152 7170 4530 13965 11291 6022 15328 12929 14861 11032 13635 14239 22402 8472 14213 15639 14021 5817 11776 18270 15388 15087 6144 10986 12081 12968 9005 16519 12374 10538 19923 3191 2823 16810 14121 7768 0 1418 16971 5043 14569 13089 4576 15754 14652 9119 8050 16699 8146 15254 9980 7839 18470 11144 9055 4405 18630 14690 11028 17213 7527 17234 8422 13727 13606 13946 12857 8718 12941 11278 17526 17156 12105 16345 16458 8509 10415 4883 13717 2308 19492 7844 7963 15095 12226 4833 15370 12291 7705 10258 6296 6013 17024 8316 18955 8245 14199 10627 9489 15323 13846 18518 7383 18226 7009 4536 1485 17011 9152 9343 17205 12805 8871 11853 5393 2692 18789 20662 16294 13661 15115 1852 4387 7748 1675 12153 12954 4636 16347 10986 8046 18577 15391 17725 21621 17764 9818 17621 15175 17425 10159 14820 15212 5162 4404 17948 22910 16289 5599 13624 7865 15303 5511 10596 17170 1745 2580 11020 7565 9728 18536 2015 8647 6403 823 10729 13029 12134 1264 10651 3648 18378 19205 3771 6367 11967 15796 14076 5191 6159 7051 12524 14415 2157 13199 10173 17271 2185 15560 17585 13991 19209 22143 13954 20977 3714 11378 11909 14279 896 9365 17808 16355 15605 2358 11557 9342 7281 7483 10905 13529 17604 4682 14182 15977 5221 2442 6110 9511 11203 15554 9099 20758 14816 18230 8945 7787 7786 7359 21523 14435 16869 14290 6672 14639 15401 17127 13819 13302 5611 3622 13755 17537 17338 6417 17373 8227 5502 15576 13024 5755 14667 17896 18354 16316 12500 10037 12970 11476 2695 10813 8742 10235 16040 8968 16129 13433 12866 19929 12571 6250 13409 16611 18165 18374 19104 8310 11570 12697 13695 7026 12140 5844 15488 6379 2753 7265 16300 12956 3383 13277 18322 4924 11275 11834 20786 6649 11955 12542 17893 17631 17214 18623 12153 9947 8372 558 9152 15671 14609 2912 11690 15764 12063 15842 12805 7977 17979 3015 8767 9099 18389 4878 4243 3072 18549 13030 12699 7236 3651 18645 11998 16723 14809 10607 12516 6961 9986 3112 15899 15514 7120 16225 18673 15457 3259 731 16046 16499 19586 3834
19122 1669 13296 9693 12416 9457 7566 12589 17054 16321 7084 17243 9542 11834 9635 4415 8216 4662 18245 17531 8340 2657 7249 16728 18386 11674 17369 11886 17096 9823 13546 5785 12112 9384 17571 4204 13040 15238 9050 10669 20368 14294 6545 5994 7645 8903 3714 3099 7000 5899 10816 7798 5119 13831 9879 6784 14259 13081 13914 9782 13591 14557 21547 7229 12831 14536 13415 7234 11034 18429 14589 15481 6891 10460 10958 12158 7981 15278 12558 9649 18955 3275 2921 15732 13042 7246 1418 0 15952 6461 14286 13237 4816 15232 13347 9670 6666 16582 6869 13984 8713 8447 17589 10302 7653 5239 18468 14445 10697 16199 6377 16527 7004 14274 13917 14384 11453 7931 12029 10146 17353 16576 12578 15198 16023 8768 10530 3497 13591 2122 18600 8465 6838 14640 10849 4287 14542 11745 8407 9524 5983 6932 16071 6946 18247 7820 13427 9571 10083 14702 12664 18510 5969 17436 7976 5263 2824 15912 8225 9855 16255 11722 9766 10664 4140 1951 18497 19673 16456 14056 13855 1626 3128 7117 1054 12536 12024 3222 15182 10175 6691 18715 15311 17583 20668 16752 9679 17585 15201 17561 8755 13699 14765 6579 5368 18143 21982 15567 6114 13732 8612 14709 6043 9705 17329 716 3942 10350 8233 10391 17714 1997 8931 6331 1809 10693 11622 11965 261 10725 4900 18753 18486 5139 7639 12099 15685 13200 4613 7062 5640 11492 13685 2434 11795 9433 17518 849 14402 16989 13752 19578 21309 13448 20040 5027 11081 11380 13518 2155 9463 17644 16285 15833 3263 11195 9411 7355 7858 11121 12796 16422 5110 13319 15223 6299 2031 5540 10038 11505 15509 7814 19804 13747 17479 9170 8752 8749 7206 20724 14831 15856 13160 7891 13303 15671 17191 13103 12310 4852 3839 13574 16395 17378 5034 17619 6838 6616 14735 13089 5916 13453 17873 17481 15211 11267 10249 11596 11796 3558 10292 9484 10592 15268 8623 14969 12824 13054 19035 11669 7499 13804 16031 17032 18708 18516 9063 10165 13022 12538 7887 12737 7052 15176 6242 1568 6004 16167 12971 3793 12670 18541 4983 10775 10857 20109 6115 12526 12051 18048 17435 17549 17682 11021 8531 9197 1735 9631 14373 13434 4320 10285 14960 11020 15740 11501 8554 17438 4430 8573 8039 17928 5499 5226 3473 18571 12465 11376 7110 3871 17741 10598 16777 15230 10527 12886 5543 9226 4432 16330 15001 7562 15087 17586 14858 4186 1808 16497 16614 18852 4021
17401 15576 7683 6353 3865 10552 20205 10797 4885 4055 9265 6711 15687 4724 12695 13177 12497 12640 4892 16913 9458 15095 12118 6902 7487 11852 2324 8933 10427 11241 16195 15991 9536 15088 1878 11813 16577 7758 12801 9003 4469 3736 20181 10176 11997 9702 18869 14505 9932 17543 16873 15872 15545 10782 12515 16431 1858 13306 2339 7054 11601 15271 6250 9137 8504 1976 6040 21765 6113 15451 3506 16387 16370 7989 5183 4793 7975 4284 13470 6568 3113 14600 14820 1030 3028 10113 16971 15952 0 20996 9330 13299 14366 6796 6067 15728 13838 11636 9635 5092 8042 15857 2744 6152 13184 16505 11953 9740 9337 257 9642 4661 12406 17290 14965 16324 9750 8517 4244 5976 11324 6302 15935 2361 7925 13733 12720 14545 10824 14855 3354 15938 9155 7532 8728 12428 3172 7212 16430 7344 11823 17306 1068 10474 5315 10158 4307 6386 16132 5629 4203 13683 12079 3851 17959 16080 18405 1396 7852 15493 1163 4305 18207 5827 11967 14280 10479 3747 14514 15796 4916 15193 12921 9783 15299 15165 4161 13654 2700 6413 10433 15386 11626 11764 4835 806 11015 12930 12664 14761 13017 2770 7622 20945 17080 15682 6221 4359 15198 13050 16767 5948 15275 6511 14888 15332 18307 7080 16181 16729 3578 15189 13883 12592 16602 11571 12987 10404 16212 12407 18242 17935 5298 19121 19947 12952 11406 3473 12073 17250 13288 4460 4633 15398 9725 7393 15903 15129 2837 6225 9736 18361 6192 7066 4309 18659 9480 7511 4375 17051 12645 11550 12027 14913 16519 8929 12456 12898 14441 13515 5031 3112 14951 3496 3946 17949 14612 11302 15641 14245 12037 8907 3993 2326 4378 13498 18269 18259 11819 6006 16118 137 3275 19669 6869 15264 13817 5025 3678 11460 14657 10289 2303 13657 11938 15936 10891 18292 2935 12519 13722 4193 13205 2788 1634 5782 13415 8388 14453 16427 8116 17001 14516 3715 10124 2662 6199 13611 3703 4624 19674 15699 6200 2388 17474 6953 16942 10016 14815 4023 17262 17063 19109 9149 12361 14384 10300 11328 12055 15187 6275 16149 13695 8016 5151 6842 10940 16757 7573 15203 11111 16834 2139 5165 11198 17475 17489 15226 5742 3610 18943 9969 3341 4934 11519 6689 15686 7064 19164 11026 7914 8231 15660 17129 15257 14032 6749 7142 11998 14653 2583 9672 13540 16541 11263 15167 12926 7473 18358 17165 6895 14814 2220 2078 5884 16690 17624 17457 14097 5327 14501
18632 7966 16296 15201 17178 15898 2775 14359 20878 20350 13055 20525 8832 16409 16065 10876 14661 8357 22193 16941 11903 8990 9573 19915 21534 13020 21960 18258 19096 16283 12696 5649 18523 9091 22368 9554 11928 18104 15476 13582 25179 18533 1448 10908 14106 12044 2761 6529 11102 4150 9326 7149 5767 15555 16317 5881 19514 13664 18742 15724 14965 14282 25873 13196 19176 19909 17009 801 15239 18631 18857 14788 6015 13937 16467 16550 13268 21127 13056 14427 23759 6411 6228 20994 18354 11018 5043 6461 20996 0 16588 13826 6775 18426 19434 8925 13026 18076 12940 19945 14722 7711 22089 14888 14063 4871 20064 16585 13439 21222 12102 20389 13462 12946 13730 13568 17873 12480 16788 15701 19045 19945 11776 20715 18842 9473 11546 9881 15302 6404 23123 7666 12472 17598 17185 8602 18918 15205 7234 13791 9295 5180 20871 13276 22065 11202 17636 14899 9057 18299 18340 19445 12420 21592 5537 5307 3771 21248 13198 9258 21037 17076 7250 16395 10213 7227 20638 24547 16752 13468 19784 6240 9252 11250 6443 12151 16847 9675 20764 14661 12980 18996 16716 19134 25392 21757 11807 18684 16166 17909 15168 19147 17687 294 4334 18198 26590 19512 6552 14451 7162 18202 6445 14485 17588 6685 2779 14343 7273 8973 21984 6087 9504 8795 4909 12305 18043 13974 6293 11887 2831 17954 22342 1887 3164 12867 17201 17795 8946 5341 12079 16682 17729 5736 18214 13723 17370 7197 19971 20405 15910 18773 25560 16664 24708 2388 13666 14803 17683 4448 10702 19284 17598 15872 4496 14014 10774 9076 8291 11640 16885 22051 6323 17862 19303 4002 6726 9694 9337 11605 16758 13890 24543 19014 21486 9944 6081 6087 9764 24844 14176 20880 18647 3781 19492 15531 17878 17121 17339 9627 6345 15511 21880 18157 11409 17474 13223 3894 19154 14048 7713 19229 18902 21951 20579 17134 10905 17917 11779 4569 13764 7847 10569 19412 11630 20537 16459 13488 23555 16405 3292 13238 19417 22476 18101 21854 7466 16588 12848 18129 6069 11318 3412 17542 8942 7646 12047 17747 14148 5818 16306 18470 7427 14136 15878 23759 10078 11257 15288 18289 19216 16997 22406 16559 14986 7195 4822 9224 20430 19075 2214 16707 19235 16257 17214 17595 7933 20623 2054 11049 13432 20778 5819 4213 5739 19376 15956 17535 9589 6351 22322 17006 17527 14425 12330 12521 12001 13597 2638 15406 18167 7796 20573 22855 18364 4348 4830 15465 17109 22759 6510
8232 14925 1899 9340 6936 14950 14731 2365 5805 5933 11131 4520 8559 6290 16969 14200 15997 9633 7059 7593 6103 15064 7291 3875 5238 3818 8484 14951 2829 15813 7381 10942 15617 8053 9368 10701 7966 1974 16739 3673 11495 5618 15333 9081 15180 5413 15513 11464 7576 12458 9190 9686 10933 1607 16950 10801 9367 4454 7542 11155 2519 6115 10900 11109 15115 10000 3440 17192 5384 6425 5826 7149 10681 4324 9453 5738 8879 12755 4841 7159 10377 11394 11754 10124 9139 7171 14569 14286 9330 16588 0 4387 10228 2829 13221 8535 16290 2876 11547 12727 11332 9314 8318 6510 16282 11748 4364 421 3595 9386 10442 5552 15167 8379 5939 7291 15431 7424 6880 9535 3264 4207 7429 10993 2480 7207 5265 15046 1756 12315 9124 9385 10080 1880 14100 10025 6171 3504 9914 6103 8313 11627 8444 12959 6698 6503 5287 8731 8743 3746 10630 5191 14107 7080 11788 11327 15586 10545 8065 8201 8482 8965 11167 10336 11982 12347 4221 11182 5212 6800 12475 12820 12424 7505 13269 6616 7092 13846 11295 6302 12649 6462 2350 3609 11432 9644 4845 4237 3335 5623 16760 9966 1839 16417 12260 6545 12139 5228 10044 3961 10157 3437 10152 7148 5683 13574 14538 5191 9754 9230 7639 12572 7228 8211 13854 4313 18233 2617 14508 4888 13844 8662 6998 14817 14354 4548 2271 6510 9730 11497 15160 8310 4818 12433 15604 6190 6634 13746 10839 4643 715 9158 10476 2406 10729 14285 3205 3638 5166 14147 5924 3574 2996 5586 12905 3142 5831 7585 8353 5608 4847 12234 10455 6363 5483 12688 12294 8842 8257 6115 2765 11581 10794 9203 6654 6764 11738 11728 7224 9602 6970 9199 9931 13860 13931 5952 4734 4656 7851 9740 11054 1278 11517 4668 13133 6677 13397 12905 6398 3648 9087 11441 4561 8139 10309 11126 6023 14269 6186 12643 4439 9963 6848 5713 5664 11116 3573 4780 9443 6789 14087 6763 3858 11713 8231 5746 10111 14892 6060 10186 11066 8611 13636 954 8199 13042 11504 2445 3243 11446 3598 7034 9726 3955 7690 7867 8259 8349 2937 6118 3267 7519 9176 9578 14975 10623 15116 8053 13546 10758 15143 14924 6005 8432 2382 12479 9087 4467 15381 5814 9146 4283 10808 12392 11694 5440 3284 12868 7362 11030 8703 14843 4386 7353 4259 6486 14728 6437 14280 7874 2626 8849 10782 11282 3537 12537 15296 8165 4844 7436 10838
6075 14310 5645 11583 10229 16641 11548 2510 10187 10251 12422 8860 5062 9394 18390 14512 17185 8808 11446 4704 6691 14740 6109 8226 9436 1959 12752 17290 5820 17477 2999 8479 17916 4738 13592 10660 3591 6359 18037 4997 15846 9580 12439 9552 16329 5836 13406 10148 7957 9733 5208 6682 8754 2784 18442 7979 12968 164 11236 13340 1871 2080 15277 12452 17669 13599 7265 14302 8076 5193 9842 3281 7840 6205 12121 8982 10414 16199 771 9311 14681 9994 10363 13967 12452 7391 13089 13237 13299 13826 4387 0 8517 7198 16160 4990 16980 4449 12762 15881 13170 6120 12621 8928 17262 9329 6381 4095 4654 13394 11430 9911 16134 4034 1671 3025 17587 8604 10041 11930 5487 8590 3098 14629 6785 4613 2709 14985 2638 11117 13470 6170 11229 6219 16283 9448 10146 6320 6635 7979 7630 8648 12521 14141 11080 6624 9019 10932 5016 7962 13695 5625 14897 11438 8482 8984 13759 14378 9605 4641 12587 11907 7399 12852 12213 11483 7335 15499 3219 2498 15630 11623 12306 7968 12185 2302 10242 13815 14893 8629 13770 5489 3163 5473 15800 13723 4117 4864 2366 4336 17971 13368 6202 13607 9723 4914 16526 9493 7694 640 6776 7679 7799 9328 4092 12586 12313 7397 6565 5363 11992 11283 4507 6963 12285 2904 19963 3025 13408 2557 11348 5978 11379 12266 11137 1141 3685 10086 9277 8489 15727 11218 8666 10970 17823 8027 4369 12929 14315 9019 3762 6727 14850 6268 15093 11751 4288 6157 8936 12451 3778 5670 3887 2686 10988 4767 3846 5883 5744 2232 8370 15976 8455 9986 9667 9827 11225 8620 4613 2255 3070 13113 15141 12695 11030 4157 8221 8212 6254 13970 2875 13163 13199 10565 16766 2682 4099 8307 11054 9644 9487 3159 15336 4354 13704 4463 14513 9943 10398 782 7353 14620 5075 12443 14025 13755 3071 16627 2159 10669 6193 6319 3268 9886 5761 14688 7119 421 13803 9819 10895 2418 8243 15627 5771 10017 6588 16785 1681 13261 7833 4266 10550 5100 7113 12367 12411 4222 1244 9712 7063 5331 8258 5954 10392 12152 8131 4027 5836 4813 5716 4683 13429 12258 16404 7024 13581 4623 16686 14009 12835 16844 10090 11172 3658 15033 5896 8764 13058 5186 10733 8346 8499 9887 10019 5581 6603 15344 6293 9457 12997 16859 3723 3334 3221 2118 15323 8204 11914 4185 6979 6198 14418 15334 7802 10361 13764 4463 3415 11815 9283
14319 6134 9666 9014 10511 11466 5898 8226 14123 13578 7607 13867 4833 9704 12465 7422 11036 1966 15429 12719 5129 6808 2948 13277 14921 7117 15211 13279 12931 12112 8745 1882 13714 4607 15653 4112 8274 11543 11953 6924 18452 11762 5827 4696 10248 5301 5291 1753 4439 3239 6221 3284 1232 9479 12632 2763 13002 8357 12069 9973 9095 9748 19098 7724 14052 13454 10261 7501 8483 13703 12087 10665 2798 7177 10216 9807 7045 15029 7809 7838 17038 1549 1895 14459 11899 4277 4576 4816 14366 6775 10228 8517 0 11770 13708 4961 10084 12188 7675 14015 9152 3854 15329 8216 10767 2163 14142 10304 6830 14582 6455 13628 9783 9515 9109 9575 13150 5892 10126 9525 13051 13261 7784 14337 12307 3967 5838 7324 9227 2721 16361 3891 6662 11000 12142 2584 12156 8460 3992 7067 2551 3417 14168 8575 15314 4428 10866 8590 5413 11560 12156 13954 8480 14817 4403 1768 5390 14746 6769 5106 14329 10686 5728 10350 5535 3357 14420 17838 11727 9241 13819 3193 5030 4587 3792 7720 10205 6354 14432 7968 8194 14005 10862 13227 18650 15105 5391 13067 10606 12853 11753 12757 11102 6679 2728 13391 19829 12743 1576 9048 4281 11479 1560 7894 12602 4234 4368 7574 3761 5808 15209 2821 4122 2070 3781 6202 14387 7697 4956 6079 3950 13938 15588 4893 5690 7392 11284 11076 2795 3447 8820 10207 10954 2459 13474 7005 12737 4686 13648 13715 9606 14763 18785 9982 17959 4388 7117 8058 10910 3993 4792 13324 11819 11059 2677 7394 4776 2730 3051 6348 10112 15728 685 11132 12528 3684 2925 3216 5299 6696 11008 8515 17806 12518 14717 4387 5049 5042 3070 18074 10015 14245 12298 5533 13949 10878 12552 10346 10766 3600 982 9313 15458 12765 7184 12838 8735 4056 12396 8451 1186 13110 13336 15188 14108 11203 5477 12781 6984 2426 7003 5082 5776 12637 4901 14199 9702 8303 16792 9744 5430 8989 12725 16018 13898 15192 4711 11967 8210 11877 3958 8029 4852 11171 2179 4323 6873 11800 8394 1233 9548 13775 671 7393 9342 17041 3455 7796 8583 13325 13173 12738 15676 10326 10796 5010 5080 4861 14621 12836 4999 12070 12464 9825 11324 11964 3910 13991 5239 4448 7281 14255 1478 2765 1517 13978 9213 12028 2910 950 15570 12269 12148 10417 6112 8070 8520 6901 4216 11517 11516 2799 14175 16297 11639 2441 5263 11688 11924 16001 796
10610 15584 2135 8391 5278 14070 16834 4956 2993 3125 10760 2100 10989 4945 16207 14307 15432 10753 4285 10205 6920 15537 8865 1512 3172 6350 5699 13591 3742 14918 10196 12813 14264 10439 6609 11263 10756 970 16071 4852 8667 3300 17271 9478 14675 6507 17018 12714 8238 14392 11790 11866 12664 4431 16139 12848 7183 7255 5376 10102 5338 8938 8164 10702 13585 7790 2010 19088 4696 8655 3406 9947 12742 4777 8130 4346 8547 10589 7600 6578 7564 12694 13027 7684 7247 8001 15754 15232 6796 18426 2829 7198 11770 0 11455 10983 16054 4841 11199 10802 10539 11591 5509 5815 15850 13558 5389 3180 4988 6812 10345 2723 14789 11205 8767 10120 14190 7569 5373 8439 4603 1552 10196 8713 1273 9391 7668 15354 4560 13448 6296 11667 9903 991 12890 10968 3777 3488 12202 5979 9496 13715 5828 12542 3970 7518 3354 7883 11253 1264 8873 6945 13899 4251 14024 13120 16932 8103 7838 10670 5837 7438 13632 9071 12271 13287 4266 8362 7796 9628 10558 13924 12908 8126 14285 9383 5567 14193 9039 5736 12293 8595 4928 5044 8606 7003 6692 6149 6031 7972 16151 7941 996 18286 14108 8890 9346 2493 11910 6789 12479 974 12013 6546 8112 14518 16138 5036 12010 11781 4810 13742 9456 9701 15119 6570 17215 4921 15475 7292 15613 11175 4272 16585 16483 7239 4649 4585 10628 13603 15052 6878 2810 13706 14310 6077 9150 14581 8708 2020 3439 11574 7756 1803 7902 16059 4794 3854 3202 15472 8099 4858 5240 8303 14403 4412 7963 9363 10446 8181 3321 9833 12127 4399 2850 14681 13354 9698 10754 8770 5325 10999 7966 7134 3833 8995 14076 14065 8704 6904 9792 6673 8032 16039 12223 8703 7025 3000 6178 10424 12465 4043 9065 6862 13126 9176 13002 14941 3954 6442 10729 9544 6434 5331 7981 9712 8444 12919 8879 14184 4948 12403 9389 3083 6882 8889 2553 7581 6615 5436 16209 9588 1084 9178 10700 3429 12496 13867 8860 8446 13291 11378 15716 2395 9609 13830 11376 4535 6015 12921 2689 9355 11181 4479 6529 5399 9132 11105 3217 8409 4423 10120 6397 8233 14282 13026 16312 10482 11606 8830 16770 13877 3476 7142 4760 11053 11374 2229 17010 7378 8743 2775 12611 14219 13124 7280 2787 11486 8870 12446 5899 13728 6760 10166 6401 9276 14621 6325 15966 10637 262 10925 8510 8641 966 14189 16484 10925 7346 4715 12257
21397 12400 11324 4915 6299 5234 19461 13777 10554 9600 6379 12143 16753 6949 7121 9439 7352 11744 10863 20523 10200 11619 12554 12129 13123 14315 8391 2998 15168 5702 18625 15577 3532 16192 7839 9946 18750 12275 7378 11178 9778 8218 19007 9020 7133 10870 16875 13101 9763 16886 18186 16246 14931 14274 6887 16327 4583 16107 6171 3754 14873 18239 12068 6238 2440 4161 9861 20235 8113 19646 8208 19441 16317 9963 4066 7485 6763 2453 16047 6972 8742 13281 13357 5124 4210 10228 14652 13347 6067 19434 13221 16160 13708 11455 0 16835 9078 15988 6512 1060 4712 16480 8809 7243 8157 15802 16840 13635 11530 6271 7384 10185 7721 19741 17769 19018 3868 8388 6343 4448 15985 11574 18073 3805 12725 14774 14602 10843 14214 13042 9367 16554 7085 11827 3206 11206 7853 9985 16938 8312 11539 17091 7002 6533 11234 10699 8127 5506 17320 10197 2600 18255 7953 9784 17993 15453 16132 4933 7286 16710 7154 4292 18848 3508 9266 12209 15641 9055 18275 18485 1171 13197 10266 9646 13058 17436 6130 10345 3518 7551 6712 19680 15539 16417 10263 6639 12653 17364 16352 18828 7666 3639 11959 19469 16319 19742 11638 9525 15012 16138 17288 10481 15054 6943 18856 12908 16660 8769 16668 17916 9598 13352 14973 12592 14569 13643 7037 13156 13583 14406 17018 21703 11265 17714 19317 15434 15490 6876 10937 17095 8979 4975 8665 13741 3770 8288 19723 12507 3232 11654 13347 22285 12092 10839 9949 17361 11874 10062 8274 15040 14084 16261 16207 18388 15062 11397 13888 13389 15034 15530 8400 4139 14388 7058 8994 17350 12712 10545 16901 16295 15947 5559 9558 4438 10249 14729 18521 18512 12218 12021 19008 6092 3436 19224 811 18614 17954 8638 5377 10144 13581 13749 4649 17886 8426 19780 6786 17731 7771 15452 13551 1977 17675 8843 4446 2579 15096 2608 16578 15098 9991 17799 16173 8817 11169 3471 9649 16350 9669 6465 19073 18319 11283 5248 21328 12704 17596 4514 17327 3042 17414 19027 18497 13425 12299 11902 7402 15595 15014 14080 9625 20234 13103 10206 5768 12881 10486 18710 10543 19333 15838 20467 8145 3928 6131 18069 15069 16403 1037 2686 17227 4429 8303 4988 15603 1848 16378 12498 17408 12105 6485 13617 15181 16304 14019 18554 9972 2010 12358 13591 8644 4062 17598 19478 13287 17564 8740 8173 16905 20334 11439 15246 3891 6253 10498 15554 15154 20616 17993 11347 13502
9891 11079 8951 11921 12029 15721 6561 6170 13866 13642 11527 12961 128 11121 17022 12241 15640 6259 15206 8215 6687 11769 4336 12312 13767 4717 15851 17103 10628 16458 4000 4058 17633 653 16534 8569 3394 10377 16553 6775 19127 12342 7508 8315 14810 6163 8891 6702 7143 4964 1396 1981 4596 7176 17152 3273 14841 4834 13418 13355 6416 5399 19090 11611 17728 15412 10224 9354 9675 9719 12659 6065 3132 7740 12878 10947 10170 17582 4230 10012 17807 6483 6798 16133 13977 6632 9119 9670 15728 8925 8535 4990 4961 10983 16835 0 14897 9395 11727 16871 12795 1312 15834 10011 15476 4843 11356 8401 6470 15890 10359 13471 14427 4613 4821 4878 17153 8450 11714 12391 10414 12523 3021 16415 10997 2075 3316 12265 6940 7645 16806 1329 10380 10019 15985 7017 12864 8626 1692 8775 5681 3773 15205 12885 14938 6140 11550 11336 505 11319 14760 10558 13112 14917 3494 4613 9442 16499 9559 350 15323 13028 2649 13327 10150 8317 12176 18644 7827 4665 16640 8083 9839 7243 8692 3250 11868 11247 16601 9695 12490 10078 8059 10438 19193 16332 4720 9844 7356 8984 16393 14919 10061 8690 5097 9302 20142 12796 3558 5629 1790 11114 3634 10053 8666 9147 7763 8730 1692 1081 15420 7691 1891 4596 8299 4432 18857 6067 9773 3693 6652 9345 15238 7500 6148 4183 8572 12258 7039 3605 13615 12398 11399 7238 17449 8767 8504 9630 15887 12987 7820 10179 18701 9493 18473 7013 6442 8278 11527 8333 3090 10620 8861 6958 6797 6964 3275 3540 2057 2977 10772 17842 4564 12233 12786 4969 7877 6858 419 2735 8029 12393 18429 14439 14635 2233 3262 3252 4665 17869 5421 15593 14583 5575 17258 6640 8971 10866 12617 7726 5883 7294 17370 9259 11811 8609 13137 5032 13129 5351 4147 15750 10041 15666 15980 14259 2540 16517 2871 6456 7618 1429 1753 12966 5788 16373 9827 4620 17197 11379 5909 4420 12064 17811 9401 14241 1614 16092 3927 14386 2867 3073 5584 9440 4886 9283 11079 9122 5563 5878 9706 9599 5080 7723 11469 16329 6656 2855 8413 9371 10623 8255 16454 13010 15200 2098 9525 511 17598 15291 8202 16180 12992 12161 8564 15310 1146 12957 8406 4833 10479 12806 4241 5273 6198 10471 9245 15493 4549 5851 16162 16309 8632 5751 4653 3623 13279 8812 7281 6821 10727 2170 16220 17799 11268 5991 9696 6949 8189 15681 5734
23045 5067 14699 7976 11460 3932 14208 15432 16771 15843 5295 17665 14775 11349 3123 2664 1929 8660 17640 21659 10478 4041 11106 17337 18837 15080 15874 6588 19014 3834 18256 11690 6525 14422 15702 6434 17970 16456 2535 12787 18198 13825 13210 7460 1945 11322 10270 8525 9072 12276 16235 13367 10936 16495 3406 12701 11981 16854 12528 6797 16619 18762 20061 5358 7579 11964 14044 13765 11362 21864 14022 19874 12771 11967 8828 11895 7523 11470 16480 9476 16927 8767 8577 13219 10870 9618 8050 6666 13838 13026 16290 16980 10084 16054 9078 14897 0 19068 4855 10026 5901 13912 16216 10241 1131 11405 20640 16593 12996 14092 5848 16262 1434 19196 18139 18975 5863 8872 11174 8155 19553 16972 17380 12210 17178 13341 14449 3170 16307 7810 17076 13955 6225 15847 5912 7908 13813 12925 14076 10244 9530 13101 14388 3560 17827 10390 13171 8323 15383 15087 9709 21306 2184 16620 14169 11275 9262 13225 8285 14968 14578 9754 15753 8043 4828 6909 20104 17454 20011 18536 10007 7594 5067 9087 7095 17082 11053 3781 12049 10323 3769 22060 18048 19896 18619 14608 12878 20326 18349 20959 2194 11102 15994 13174 11693 21723 20020 15324 11654 17295 14359 15232 11626 9509 20823 6692 10608 11198 13844 15837 16692 7954 13548 10474 8443 14086 5047 14708 6788 14485 11523 22933 17983 11805 14252 15894 18266 12364 7948 13195 1285 9938 13627 8495 6168 10151 21316 6106 11410 17270 15999 23702 19956 14560 18140 11682 13448 12701 13310 8819 13470 19862 18978 19658 9704 13278 13335 11656 12850 15286 12856 13031 10658 12545 14837 12720 7473 8419 15175 15892 18363 5185 17805 11536 16878 13591 14910 14905 10876 19616 19267 13792 10573 14447 8679 19650 20340 13200 10880 7408 9343 16074 13327 20429 3277 21404 3099 13072 13903 16558 10750 10094 20647 16171 12550 8090 14497 6621 16214 9930 11856 15166 15227 14779 11289 11897 13522 16945 17471 10946 14092 18300 16486 13984 22751 18712 14794 4723 17357 9825 13900 17877 13607 16969 10227 6024 4786 18623 16276 9601 13400 22186 9835 12336 9827 19725 8865 17607 13437 21487 19537 21647 15925 8804 2961 15068 8206 14682 10069 10424 10959 4835 14319 9496 18353 7522 13940 17958 11048 11795 7312 18797 11314 11584 9352 21476 13434 7171 10891 9370 16219 5221 19919 19724 13794 17370 1662 9897 11092 20798 15895 12751 12187 14838 15339 10557 8197 21022 19989 18236 9418
5790 17376 4737 12215 9690 17824 15920 3995 7372 7820 13963 5608 9457 9104 19833 16893 18840 11930 8379 5592 8705 17604 9369 5105 5753 5114 10382 17807 1635 18686 6968 12546 18474 9072 11327 13266 7736 3886 19594 6303 13037 8074 16727 11745 18016 7931 17364 13616 10181 13934 9649 10947 12686 2750 19818 12195 11939 4593 10109 14029 3129 5266 11899 13947 17945 12560 6128 18599 8257 3814 8218 5932 12061 7124 12298 8533 11721 15351 5180 10033 12118 13511 13881 12521 11842 9719 16699 16582 11636 18076 2876 4449 12188 4841 15988 9395 19068 0 14373 15437 14206 10442 10128 9386 19102 13390 1988 2513 6136 11649 13227 7302 17981 7711 5406 6541 18299 10197 9670 12404 1046 5651 7390 13514 3777 8628 6547 17657 2991 14528 10755 10500 12886 4210 16969 12416 8586 6380 10993 8949 10620 12933 10658 15789 7917 8994 7917 11607 9454 6048 13388 2315 16889 8737 12866 13003 17573 12940 10899 9045 10659 11771 11848 13192 14634 14684 2972 12862 3262 6181 15187 15041 14994 10128 15539 6657 9881 16454 13832 9178 15470 3762 1360 1059 12871 11819 6905 1378 2168 3170 19607 12621 4093 17873 13844 4072 13315 7305 11690 3815 11164 5730 11799 10023 3360 15883 16318 8054 10893 9812 9296 14754 8580 10303 15937 5986 21109 4625 16787 6227 15470 6426 8187 16421 15516 5240 904 9171 12154 12782 17910 11130 7403 14542 18468 9033 4445 16118 13448 5950 3069 6762 11446 5161 12218 15893 5695 6499 7780 16179 7483 1225 630 4048 14819 5797 7457 9459 9813 6474 7588 14667 12287 9006 7690 14082 14556 11315 9034 6678 1380 14438 12367 11833 8212 8153 12648 12638 9381 10551 6020 11514 12637 14960 16717 4538 2218 7355 10612 12272 13094 3057 13904 2025 15869 4453 16221 14236 8778 4056 11005 14156 1696 9955 12794 13964 7172 17125 6606 14526 7223 10755 7646 7922 8099 13671 6365 4855 10995 9608 15266 6254 5551 14017 5924 6438 11006 17769 5944 12947 12191 8480 14888 2573 10355 15453 14286 445 3928 13421 6410 4526 11777 6759 10545 8488 10743 8293 5810 3578 1300 5496 11081 12420 17836 11458 17229 8991 16253 13458 16885 17800 8314 11276 869 15320 10213 5377 17117 8010 11995 4564 12492 13996 13699 2578 6136 15716 9488 13067 10526 17717 2027 6258 6092 6389 17480 9277 15983 6390 4757 10301 13307 13450 5772 14319 17411 6655 2718 8577 12879
18727 6105 9890 3347 6748 4011 13150 10930 12015 11113 441 12828 11620 6542 5629 3549 4487 5766 12962 17463 6075 5501 7470 12488 14004 10808 11441 5607 14220 4793 14497 9548 6042 11146 11421 3617 14371 11614 5297 8186 14101 9062 12583 3432 3649 6934 10363 6754 4875 10678 13123 10650 8836 11901 5682 10425 7815 12654 7978 2927 12134 14693 15686 527 6413 7969 9190 13741 6509 17384 9281 15864 10445 7249 4452 7069 2688 8418 12370 4621 12741 6957 6978 9220 6610 5453 8146 6869 9635 12940 11547 12762 7675 11199 6512 11727 4855 14373 0 7116 1846 11039 11744 5386 4736 9619 15868 11872 8437 9892 1383 11497 3629 15534 14104 15112 5495 4240 6430 3665 14796 12134 13726 8497 12329 9845 10462 4911 11735 6578 12675 11101 1536 11008 4472 5092 9103 8120 11380 5451 6047 11085 10000 1419 13110 6186 8364 3561 12232 10239 5909 16649 2720 11981 12077 9323 9629 9332 3484 11702 10192 5343 13254 3932 2755 5715 15270 13371 15614 14626 6987 6700 3760 4836 6545 13280 6333 4087 8439 5470 1106 17546 13435 15155 14468 10437 8670 15671 13851 16483 5267 7097 11155 12985 10090 17297 15846 10545 9154 12986 11713 10379 9170 4654 16384 6402 10174 6391 11116 12775 12112 6876 10059 7140 8060 9872 7261 10204 7112 10415 10612 18732 13285 11256 13049 11752 13608 7647 4913 11122 3917 5356 8802 7296 5811 5361 16982 6022 7682 12443 11312 19459 15530 9723 13914 10931 8885 7921 8499 8530 9615 15105 14334 15380 8636 8643 9448 8205 9712 11372 8013 9635 8356 7818 10075 11151 6236 4876 11909 12066 13774 954 13619 7319 12189 9971 12703 12695 7168 15103 15302 9563 6545 13031 6554 15440 15796 8358 6291 4124 7344 11448 9692 15854 2304 17065 1850 11534 9220 12240 7841 6627 15995 11676 8625 4425 10689 5135 12384 8705 7157 12380 11600 10035 7008 8238 8670 12797 13092 6168 12821 14409 11641 10346 18491 13903 12091 4372 13419 5855 11597 14435 12256 12180 6846 5394 893 13929 11905 7803 8550 17775 7164 7614 5079 15019 5091 14137 8649 17015 14764 17437 11599 4476 3646 12491 8576 11393 7527 6685 10728 4464 9599 4882 13701 4666 10995 13115 10905 7710 2460 13943 9141 10049 7693 16844 8598 4596 7247 7360 11802 4624 15382 15776 9543 13516 3501 5112 10449 16799 11041 9781 8412 11014 10489 9209 8669 17048 15527 13567 7306
20944 13123 10843 5043 5797 6235 19836 13449 9704 8765 6929 11354 16795 6535 8166 10224 8345 12062 9938 20139 10190 12384 12651 11380 12295 14085 7415 4057 14537 6737 18443 15864 4585 16222 6826 10403 18616 11658 8407 10943 8719 7521 19451 9322 8081 10803 17440 13530 9905 17227 18199 16404 15245 13863 7936 16568 3742 15838 5445 4229 14507 17959 11023 6784 3464 3252 9317 20745 7805 19146 7478 19153 16549 9731 3994 7028 6984 1445 15817 6887 7696 13697 13799 4121 3595 10332 15254 13984 5092 19945 12727 15881 14015 10802 1060 16871 10026 15437 7116 0 5274 16597 7837 7048 9138 16141 16190 13145 11300 5284 7844 9361 8646 19564 17514 18793 4928 8476 5902 4541 15375 10811 17939 2783 12061 14799 14477 11638 13820 13541 8357 16673 7496 11242 4215 11572 7114 9618 17079 8195 11744 17358 6064 7303 10327 10738 7526 5568 17347 9538 2189 17675 8785 8868 18225 15775 16738 3906 7407 16726 6207 3985 18983 3668 9862 12742 14929 7997 17850 18256 253 13729 10873 9779 13630 17273 5691 11068 2481 7366 7442 19162 15065 15811 9206 5628 12541 16806 15926 18349 8688 2870 11369 19965 16673 19269 10579 8755 15253 15818 17430 9834 15301 6851 18396 13510 17166 8544 16810 17948 8653 13858 14991 12767 15122 13472 8092 12859 14227 14259 17456 21295 10343 18188 19672 15214 14984 6269 11283 17352 9855 4672 8052 14221 4828 8183 19296 13138 2290 10862 12903 21849 11056 10325 8898 17814 11616 9734 7667 15594 14029 15643 15689 18017 15522 11117 13832 13490 15140 15393 7880 3091 14687 6440 8233 17685 13221 10814 16911 16160 15477 6171 8506 3682 9351 14720 18720 18711 12316 11005 18747 5127 2800 19547 1807 18267 17456 8089 4897 10505 13959 13337 3590 17370 9154 19348 7593 18062 7007 15153 13771 1286 17112 7879 3460 2828 15013 3653 16433 15537 9776 17898 16107 8043 11131 2454 9160 16095 8647 6079 19421 18102 10552 4189 20902 11847 17718 5536 17121 2620 17621 18931 18843 12864 12479 12501 7990 15056 14706 14469 9151 19759 13390 9944 5544 11930 10699 18614 10157 18844 15214 20079 7137 3861 7101 18205 15691 16423 819 1979 17749 5456 7538 4785 15098 2579 16482 11711 17938 12080 6735 12846 15474 16668 14430 17985 9529 2866 12465 13966 7654 5096 17113 19212 13119 17380 9593 8098 17381 20031 10805 15383 2886 5194 9838 15964 15785 20317 17541 10404 13866
18961 7928 9540 2166 5619 3618 14801 11098 10929 9985 1668 11960 12698 5640 5684 5212 4927 7193 11752 17815 6570 7274 8462 11697 13113 11216 9994 4311 13845 4480 15201 11033 4866 12181 9877 5254 15169 11086 5532 8312 12478 8008 14306 4566 4232 7388 12179 8416 5680 12265 14185 11928 10354 11929 5639 11850 6191 13080 6627 1091 12294 15184 14208 1526 4959 6273 8567 15524 6006 17470 8181 16380 11855 7219 2932 6223 2772 6572 12874 4174 11153 8604 8663 7535 5026 6229 9980 8713 8042 14722 11332 13170 9152 10539 4712 12795 5901 14206 1846 5274 0 12248 10328 4850 5442 11189 15530 11695 8613 8298 2714 10431 4497 16279 14630 15740 4453 4610 5367 2264 14505 11279 14505 6723 11745 10812 11110 6618 11794 8330 11208 12317 2500 10508 3207 6594 7950 7829 12646 5336 7211 12565 8517 2434 11955 6867 7429 2663 13297 9457 4127 16517 4038 10724 13517 10862 11464 7613 3565 12727 8709 3858 14548 2221 4588 7499 14746 11740 15809 15231 5141 8487 5598 5598 8364 13980 5225 5890 6644 5034 2407 17593 13407 14893 12869 8832 9209 15551 13964 16585 5622 5396 10655 14756 11688 17442 14261 9516 10548 13309 12989 9644 10577 4185 16526 8236 11948 6167 12377 13868 10791 8639 11023 8305 9866 10359 6919 10390 8958 11002 12321 19067 12101 13004 14675 12247 13511 6517 6357 12586 5250 4050 7922 9032 4718 5266 17222 7866 5904 11537 11210 19752 14085 9264 12349 12658 9039 7716 7576 10338 10380 14810 14249 15690 10358 8699 10197 9259 10853 12044 7234 7816 9836 6704 9011 12735 7999 6109 12930 12777 13776 927 12034 5717 10995 10866 14098 14090 8138 13723 15859 7982 4846 14615 4832 15809 15827 7570 4987 5552 8938 11439 7911 15845 4026 17296 2860 13117 8026 12570 9147 4796 15876 10278 6911 2592 11449 3724 13086 10403 7167 13590 12442 8936 7564 6451 8116 13263 11612 5188 14437 15030 10825 8569 18778 12930 13338 3630 14026 4124 12986 15318 13865 11847 8006 7228 2716 13769 12191 9423 8019 17930 8584 7558 4058 13843 6176 15009 8397 17115 14437 17779 10082 2916 3743 13773 10417 12416 5711 4899 12516 3682 8461 3625 13613 2881 12178 12272 12699 8395 2449 13197 10630 11662 9344 16747 8167 2885 8247 8950 10344 3691 15425 16336 10011 14178 4885 5048 12196 17310 10417 10989 6653 9285 9732 10876 10512 17574 15655 12344 8874
11199 9903 9496 11580 12068 14988 5486 6968 14385 14079 10879 13626 1194 11169 16170 11248 14764 5381 15731 9525 6535 10634 3948 12983 14499 5538 16167 16529 11584 15693 5311 2760 17029 1382 16795 7707 4686 11066 15681 7088 19461 12630 6318 7695 13951 6161 7581 5554 6717 3679 2381 673 3338 8070 16317 1964 14833 5959 13523 12893 7382 6690 19593 10975 17206 15378 10629 8183 9747 10983 12954 7377 1823 7911 12619 11065 9735 17401 5350 9833 18108 5325 5619 16182 13895 6266 7839 8447 15857 7711 9314 6120 3854 11591 16480 1312 13912 10442 11039 16597 12248 0 16185 9934 14549 3532 12422 9228 6824 16034 9701 13960 13529 5889 6100 6189 16518 8121 11729 12068 11440 13142 4333 16357 11731 2219 4057 11176 7824 6469 17180 81 9779 10656 15398 6130 13128 8934 611 8683 5039 2532 15414 12117 15498 5905 11798 11030 1649 11797 14540 11734 12216 15360 2475 3316 8132 16531 9202 1598 15543 12860 2396 12985 9246 7194 13136 18941 9069 5974 16374 6884 8845 6835 7494 4539 11866 10204 16520 9627 11724 11336 9089 11496 19561 16502 5024 10983 8472 10229 15502 14824 10714 7488 3787 10578 20573 13225 2349 6749 917 11620 2410 9880 9919 7953 6454 8783 451 1962 15841 6488 2135 3943 7022 5045 18048 6747 8538 4430 5356 10657 15794 6223 5089 5203 9590 12389 6206 2370 12638 12262 11705 6014 16824 8661 9795 8457 15780 13610 8604 11491 19220 9995 18843 5727 6881 8560 11792 7040 3495 11663 9936 8225 5504 7364 3641 3109 1461 3969 11010 17786 3376 12385 13163 3721 6723 6176 1727 3894 9097 11768 18771 14404 15120 2596 2498 2487 4282 18412 6732 15724 14451 4562 16850 7924 10168 11143 12577 6947 4721 8121 17366 10445 10912 9899 12336 3823 13390 6388 3236 15529 11195 16022 15974 13904 3326 15969 4077 5163 7769 1344 2858 13328 5747 16288 10181 5776 17585 11375 4833 5728 12658 17843 10712 14931 1122 15409 5195 14189 1764 4304 4446 10247 4242 8160 10333 10141 6539 4660 10049 10886 4086 7954 11335 16981 6074 4115 8802 10630 11633 9565 16742 12747 14407 1632 8233 1518 17293 15118 6900 15503 13304 11982 9593 14877 231 13652 7107 4831 10030 13596 2970 3963 4977 11666 9607 15025 4132 4690 16494 15657 9815 7063 5190 4913 12322 8668 5978 8131 11331 1261 16170 17909 11778 4685 8403 8256 9407 16234 4592
15899 17424 7061 8397 5182 13131 20979 10232 2785 2386 11339 4669 15815 5780 15301 15281 15001 13801 2287 15648 10216 17055 12756 5055 5167 11497 426 11646 8708 13856 15611 16773 12260 15227 1314 13387 16113 6452 15370 9100 3295 3594 21137 11627 14441 10231 20189 15758 11028 18366 16829 16314 16431 9901 15137 17061 4405 12662 3773 9432 10793 14432 3975 11224 11244 4678 5617 22828 6850 13885 3266 15455 16980 8347 7396 5553 9693 6963 12942 7944 2061 15815 16080 3735 5377 11072 18470 17589 2744 22089 8318 12621 15329 5509 8809 15834 16216 10128 11744 7837 10328 16185 0 7330 15646 17387 10054 8684 9381 2557 11505 2834 14795 16652 14232 15593 12449 9768 5564 8118 9614 4483 15516 5086 6361 13979 12613 16595 10004 16246 1034 16265 11006 6439 11379 13727 3172 7251 16786 8319 12794 17948 1873 12744 2769 10927 4477 8260 16180 4670 6806 11936 14332 1442 18468 16948 19846 4026 9365 15558 1695 6471 18431 8183 13807 15792 8434 2879 13247 15089 7660 16639 14698 10883 16829 14712 5585 15610 5418 7505 12649 13760 10412 10039 3378 2316 11172 11303 11531 13297 15565 5388 6482 22005 17963 14191 4500 3133 15919 12257 17102 4944 16008 7887 13480 16926 19508 7757 16557 16752 960 16576 14096 13387 18007 11452 15687 10010 17849 12261 19275 16551 2680 20202 20680 12508 10092 4395 13364 17868 15553 6389 4488 16707 12438 8393 14550 16801 5577 4241 8873 16877 3789 6456 2663 19710 9394 7627 4451 18433 12769 9793 10612 13800 17706 8871 12598 13455 14855 13287 5254 5572 15844 4290 3053 18733 16047 12505 15677 13956 10799 11126 2595 4766 2014 13667 18669 18659 12497 3403 15288 2718 5830 20330 9612 14209 12346 5070 5460 12862 15773 9471 4748 12135 14026 14566 13183 19048 2936 11848 14517 6911 11543 179 4377 8306 13365 11083 14112 17567 8506 17197 14413 2868 10664 5397 6014 12984 1468 5920 20404 15034 4601 4537 16052 4537 17208 12641 14249 6554 17744 16687 19860 7876 13199 16037 12301 9895 11401 16291 6141 14629 14668 8251 6808 4112 12054 16399 7421 13686 9365 15560 1003 7414 13709 17748 19011 15323 8474 6292 20152 12602 2899 6866 10198 9331 15990 4986 20384 11459 9709 6112 16485 18037 16410 12306 6593 9791 12679 15764 398 12323 12131 15669 11196 14646 15168 8545 19480 16143 5694 15282 4958 3655 4819 17742 19160 16431 12765 2630 15595
14384 10291 4692 2835 2296 8460 14056 6600 6879 6070 4946 7480 9949 1550 10526 8607 9659 6537 7991 13385 3405 10067 6060 7112 8660 7072 7146 8524 8997 9322 11401 9848 9179 9358 7487 6104 11569 6274 10341 3936 10304 4011 14037 4313 8882 3850 12879 8460 3791 11393 11284 9869 9392 7254 10488 10327 4914 8871 3858 4655 7745 11005 11261 4887 8799 5445 3807 15648 1158 12774 4295 12209 10274 2724 3193 1870 2768 7601 8804 772 8881 8532 8780 6314 3970 3963 11144 10302 6152 14888 6510 8928 8216 5815 7243 10011 10241 9386 5386 7048 4850 9934 7330 0 10046 10353 10680 6886 4287 6366 4624 6348 8977 12521 10527 11777 8950 2443 1910 3078 9656 6783 10893 6425 6966 7944 7436 9760 7153 8918 8355 10014 4153 5682 7618 6408 4240 3013 10477 1251 5671 11192 5985 6730 8044 4073 3177 2221 10464 4871 4867 11701 8095 7141 11896 9928 12517 6637 2170 9829 6154 3077 12325 3958 6755 8472 9941 9661 11229 11243 6802 9309 7545 3643 9510 10226 1998 8655 6597 321 6478 12868 8666 10047 10542 6889 5512 10744 9330 11909 10396 4909 5830 14826 10928 12795 11793 5377 9071 8937 10822 4998 9145 734 11886 9626 12241 1531 10217 11069 7412 9248 8121 6461 10680 6425 11726 5947 10561 7211 12111 14599 8260 13006 13804 8192 8727 2943 6046 11145 9263 2412 3527 9394 9140 1278 12669 9537 5875 7119 6446 15228 11012 4422 9875 12534 4640 2964 3287 11108 7050 9961 9465 11242 10442 4185 6852 6874 8482 8347 2678 7853 8799 3040 4977 11802 8717 5214 10003 9114 9051 5210 9684 4473 7216 7802 12262 12252 5745 10423 11767 6030 4579 13540 7838 11434 11104 3019 2648 5533 8543 6742 7441 11095 7389 12735 7188 12148 4437 8235 7584 5838 11068 7211 6052 4838 7996 7845 9385 10328 2748 11164 9100 4997 4226 6367 3305 9109 8792 1529 13532 11080 6277 7941 14260 8614 11047 8383 10091 4457 11218 11897 12964 6998 6220 8769 5616 8954 7808 9070 3196 13288 7545 2987 1505 9944 4810 11580 3590 12433 9587 13336 7541 3330 8556 11566 11686 9536 7831 5316 12883 8414 4663 2268 8832 6146 9785 7754 13110 5179 2938 8557 9511 10977 9160 11945 3318 6490 5919 8537 7516 8338 10715 12239 6071 10339 8835 1324 12256 13110 5663 8811 6236 8117 5111 10561 11837 13390 11013 8602 8379
23297 6097 14619 7588 11060 2937 15147 15583 16370 15425 5157 17368 15356 11035 2017 3413 836 9217 17175 21960 10652 5075 11534 17077 18530 15333 15288 5547 18951 2735 18698 12444 5441 14972 15059 6922 18457 16312 1425 12876 17479 13447 14193 7711 1213 11508 11303 9286 9307 13124 16836 14031 11687 16596 2290 13443 11336 17142 12023 6223 16781 19105 19430 5191 6528 11269 13848 14812 11191 22036 13622 20241 13505 11977 8313 11603 7417 10582 16800 9296 16243 9528 9367 12509 10272 9871 9055 7653 13184 14063 16282 17262 10767 15850 8157 15476 1131 19102 4736 9138 5442 14549 15646 10046 0 12215 20602 16604 13110 13435 5910 15872 1132 19670 18492 19388 4789 8926 10801 7701 19532 16682 17849 11441 17011 13829 14802 4182 16421 8637 16470 14597 6219 15712 4958 8459 13390 12851 14751 10186 9974 13891 13794 3332 17389 10639 12844 8006 15970 14826 9005 21369 2393 16134 14956 12056 10309 12487 8220 15525 13983 9230 16478 7470 5327 7713 19975 16735 20223 18932 9138 8465 5743 9303 7999 17507 10663 4615 11259 10160 3633 22214 18139 19890 17914 13936 13145 20390 18507 21133 1105 10422 15860 14202 12534 21924 19317 14954 12342 17541 15046 14992 12322 9323 21015 7619 11591 11123 14511 16447 16171 8808 14039 10969 9401 14358 3980 14856 7792 14811 12459 23235 17529 12786 15173 16200 18327 11958 8455 13977 2039 9484 13323 9345 5084 10097 21559 7039 10655 16956 16037 23988 19346 14433 17463 12639 13561 12657 12989 9794 13858 19841 19050 19922 10596 13348 13713 12138 13420 15667 12592 12184 11369 12145 14452 13577 8290 8824 15733 16304 18470 4856 17116 10912 16424 14048 15683 15678 11282 19048 19647 13146 9909 15340 7707 19942 20476 12933 10414 7842 10084 16154 12527 20546 3675 21645 2886 13937 13461 16797 11344 9307 20714 15611 11829 7403 14906 5635 16626 10803 11880 15831 15693 14377 11518 11119 13350 17254 16854 10604 15002 18702 16212 13177 23028 18364 15473 3708 17740 9161 14648 18406 14503 16913 10707 6876 4876 18657 16492 10381 13236 22394 10463 12344 9474 19271 9221 18128 13384 21664 19499 21943 15296 8273 2043 15774 9241 15232 9124 9690 11967 3813 13901 9066 18418 6700 14563 17673 12066 12098 7171 18560 12058 12435 10149 21558 13310 6318 11314 10110 15623 4201 20058 20112 14050 17780 2260 9847 12056 21171 15706 13357 11433 14067 15090 11422 9241 21404 20169 17761 10141
14708 6837 11427 11160 12644 13251 3735 9566 16050 15557 9597 15656 4722 11822 14036 8803 12587 4081 17374 13042 7172 7706 4723 15045 16663 8283 17285 15219 14317 13836 8843 851 15618 4765 17757 6003 8211 13235 13493 8719 20545 13803 3760 6820 11849 7226 4097 2970 6591 1086 5770 2861 961 10787 14229 1625 15161 9165 14198 12054 10261 10164 21101 9722 16030 15616 12179 5535 10563 14382 14130 10901 1754 9130 12371 11899 9188 17177 8570 9994 19135 2737 2851 16615 14062 6396 4405 5239 16505 4871 11748 9329 2163 13558 15802 4843 11405 13390 9619 16141 11189 3532 17387 10353 12215 0 15375 11763 8570 16718 8476 15569 11320 9399 9554 9720 15028 8051 12262 11671 14324 15081 7863 16500 13975 4773 6848 8394 10533 3596 18417 3524 8725 12727 14087 4600 14218 10377 3321 9182 4683 1713 16280 10382 17230 6460 12912 10747 5161 13460 14308 14934 10059 16813 2779 442 4599 16905 8931 5108 16437 12849 4527 12481 7235 4504 15847 19941 12432 9489 15949 3864 6535 6738 4436 8023 12347 7627 16594 10097 10017 14719 12034 14447 20728 17237 6942 14111 11596 13588 13258 14920 12817 4729 578 14006 21882 14712 1711 9925 3463 13353 1601 10049 13298 4891 2988 9633 3206 5348 17225 3480 4845 4002 3614 7502 16002 9142 5276 7163 2098 14186 17511 3070 3536 8282 12499 13183 4865 1830 10197 12370 12965 2941 15359 9125 13257 5458 15810 15543 11080 15020 20775 11802 20030 2537 8795 9974 12947 3560 5925 14577 12951 11644 2049 9146 5976 4206 3599 7098 12145 17890 1555 13232 14529 1548 3933 5371 5253 7226 12116 10500 19890 14678 16681 5248 3542 3538 4934 20039 10253 16382 14460 3427 16011 11378 13429 12361 12920 5659 2277 10707 17620 13680 8807 13361 10485 1930 14463 9436 2883 15256 14353 17241 16269 13321 6287 14753 7459 1717 8960 4339 6199 14650 6804 16362 11640 9038 18845 11881 3281 9241 14555 18179 14230 16986 3905 13807 8639 14034 2650 7785 2703 12702 4189 5387 8776 13037 9478 1863 11489 14339 2827 9309 11502 18903 5616 7620 10436 14018 14479 13078 17769 12480 12504 3978 4750 4967 16731 14993 3510 13915 14505 11988 12522 14034 3702 15752 3737 6184 9415 15914 948 662 2067 14907 11123 14074 4756 2261 17640 14142 13050 10592 7500 8396 9957 9032 2596 11664 13299 3132 16338 18449 13515 1164 4913 11788 12717 17933 2318
6192 19204 6000 13457 10609 19135 17894 5921 7280 7937 15446 5385 11421 10154 21204 18564 20287 13807 8027 6520 10436 19386 11293 5069 5111 7095 10369 18888 1698 19995 8700 14532 19560 11048 11332 15029 9502 4582 21003 8005 12652 8675 18713 13438 19482 9703 19338 15537 11914 15922 11549 12932 14664 4666 21168 14183 12545 6531 10756 15242 5114 6922 11157 15416 18934 13139 7095 20585 9524 4181 8750 7379 14049 8681 13380 9559 13186 15933 7129 11380 11916 15439 15808 12910 12634 11484 18630 18468 11953 20064 4364 6381 14142 5389 16840 11356 20640 1988 15868 16190 15530 12422 10054 10680 20602 15375 0 4104 7884 11923 14794 7354 19495 9326 7164 8168 19442 11784 10657 13587 1120 5669 9217 14026 4130 10616 8534 19395 4916 16436 10513 12478 14421 5091 18124 14261 9122 7756 12967 10418 12490 14918 10915 17273 7527 10785 8718 12883 11397 6652 14251 2015 18457 8614 14836 14986 19531 13319 12385 11006 10880 12755 13770 14305 16338 16554 1735 12590 4533 7873 15947 16947 16756 11849 17432 8520 10861 18193 14360 10511 16973 3942 3348 930 12413 12003 8815 1865 4033 3931 21041 13326 4948 19860 15831 4633 12654 7615 13674 5742 13131 6361 13783 11363 4251 17764 18298 9480 12872 11732 9142 16670 10569 12228 17877 7946 22369 6507 18679 8212 17456 7046 7756 18408 17488 7218 2877 9964 13985 14766 19519 12157 8177 16474 19584 10508 5311 17977 14073 5828 4765 7156 10700 6276 11816 17880 7461 7948 8570 18128 9462 824 2496 5482 16784 7480 9432 11417 11801 8452 8553 15055 14257 9782 8082 16069 16450 13122 10988 8628 3328 15848 12025 12518 8048 10141 14600 14590 11287 9824 7590 11842 13421 16927 17602 5990 3159 8270 11525 14052 15037 4894 14255 2825 17495 5281 17716 16220 9270 6033 12962 14933 1908 9893 13277 15010 9159 18209 8539 16494 8801 12700 9611 8301 9910 14223 7459 6775 10682 10660 17240 7980 5761 14276 6498 5826 12962 19014 7792 13820 14166 10258 16868 3694 12266 17296 15856 2345 5916 15374 7538 4965 13715 8312 11684 7648 12544 10096 7219 4118 1104 6413 11048 13493 19226 13404 19164 10961 16992 14220 18867 19035 8760 12367 2854 16362 12193 5071 19100 9898 13440 3990 14474 15982 15649 2397 7363 16782 11401 15010 10445 18921 3236 7747 8032 8227 19087 10759 17967 7653 5402 12289 13828 13587 6352 16296 19346 7885 3956 8085 14821
7812 15124 2311 9719 7353 15313 14673 2261 6133 6299 11459 4769 8432 6700 17320 14470 16332 9785 7365 7178 6333 15287 7381 4133 5418 3698 8860 15346 2654 16175 7075 10948 16010 7942 9751 10928 7684 2283 17082 3901 11841 6033 15311 9338 15511 5612 15577 11585 7810 12445 9002 9625 10967 1318 17305 10768 9787 4172 7963 11536 2226 5759 11183 11441 15518 10420 3861 17175 5768 6010 6237 6772 10645 4630 9853 6151 9213 13176 4592 7523 10741 11507 11870 10539 9558 7386 14690 14445 9740 16585 421 4095 10304 3180 13635 8401 16593 2513 11872 13145 11695 9228 8684 6886 16604 11763 4104 0 3790 9793 10746 5900 15486 8055 5609 6953 15818 7721 7293 9923 2989 4502 7165 11413 2700 7160 5171 15291 1507 12452 9474 9297 10394 2258 14487 10202 6584 3874 9824 6439 8464 11581 8847 13287 6989 6698 5708 9105 8588 4143 11045 4821 14411 7426 11704 11348 15678 10960 8394 8063 8882 9375 11019 10731 12237 12514 4116 11542 4794 6469 12893 12959 12654 7745 13421 6355 7506 14089 11715 6671 12971 6053 1929 3307 11767 10045 4912 3859 2924 5204 17098 10386 2204 16408 12266 6125 12446 5611 10055 3636 10055 3831 10164 7513 5262 13735 14586 5541 9672 9059 7987 12702 7168 8308 13964 4282 18602 2624 14663 4799 13861 8242 7287 14832 14290 4343 1863 6931 9915 11447 15451 8717 5237 12546 15994 6524 6214 13923 11260 4925 700 8737 10755 2826 11068 14299 3377 3986 5586 14246 5892 3297 2594 5182 12977 3376 5811 7631 8321 5448 5265 12652 10504 6784 5879 12660 12442 9039 8110 5916 2344 11926 11142 9624 6986 6707 11627 11617 7333 9875 6612 9610 10350 13785 14343 5557 4319 5076 8267 9956 11149 1109 11932 4259 13418 6256 13721 12867 6809 3379 9149 11859 4184 8505 10728 11527 5916 14664 5968 12709 4737 9827 6692 6110 5839 11536 3989 4497 9786 7197 14026 6443 4182 12124 7810 5958 9992 15266 5774 10601 10987 8344 13586 1045 8312 13229 11808 2074 2999 11527 4011 6614 9819 4262 8087 8089 8457 8090 3301 5701 3023 7103 9553 9979 15323 10496 15234 7929 13964 11177 15185 15299 6410 8832 1973 12879 9000 4690 15422 5924 9485 4408 10829 12402 11783 5059 3687 13266 7463 11124 9072 15222 3968 6986 4263 6207 15020 6769 14313 7483 2991 8818 11202 11684 3925 12582 15415 7773 4423 7722 10933
10354 11336 2857 6937 5836 12162 11889 2501 7605 7257 8057 7086 6444 4946 14029 10762 12923 6056 8949 9216 2569 11502 3895 6477 8106 2788 9385 12657 6420 13013 7157 7828 13290 5852 10065 7147 7395 4714 13729 358 12669 5872 12286 5612 12079 1822 12112 7931 4045 9411 7548 7008 7681 3498 14051 7903 8660 4590 7078 8711 3705 6726 12786 8063 13017 9270 3806 14100 3534 8947 6189 7931 7804 1570 7477 4644 5911 11726 4521 4660 11339 7878 8230 9835 7984 3600 11028 10697 9337 13439 3595 4654 6830 4988 11530 6470 12996 6136 8437 11300 8613 6824 9381 4287 13110 8570 7884 3790 0 9483 7200 7160 11979 8278 6240 7496 12986 4198 5585 7277 6765 6517 6727 10300 5480 4608 3387 11526 3313 8752 10366 6903 6910 4175 11670 6430 6398 2158 7430 3336 4741 8781 8756 9852 8750 2910 5094 6286 6840 5001 9111 8322 10832 8538 9177 8133 12105 10223 5081 6208 8867 7314 9051 8198 8498 8755 7800 12176 7210 6960 11051 9252 8875 3992 9687 6014 5772 10323 10531 3982 9506 9111 5053 7051 12751 9903 1800 7344 5415 8047 13704 8923 4273 13298 9120 8872 13749 6402 6926 4717 7737 4850 7028 4675 7957 9984 11194 2762 7212 7427 9017 9020 4717 4765 10336 2257 15491 1781 10922 3090 10630 10460 9041 11603 11551 3914 5296 5901 6135 8678 11811 6628 4929 8912 13210 3390 8612 10150 9890 6981 3119 11139 12423 3252 12031 11076 452 1827 5064 10653 3390 7069 5994 7082 9491 576 3217 4377 5557 4222 4325 11699 7152 5851 6345 9711 8716 5250 6341 4975 5368 8656 11973 8321 8313 4286 9319 9308 3763 11634 7481 9200 8693 11135 12121 7225 7366 4400 6576 6168 7585 3093 11141 7439 9764 8688 10261 9982 6663 3991 5755 10060 7662 9215 9773 9103 4080 11990 5216 9255 1542 7818 5179 6515 2075 10314 3367 4823 10767 5314 11275 6803 5997 11522 10165 8415 7829 12242 5822 8686 8444 7802 10767 4479 4709 9447 8244 5696 3590 8013 3241 9355 6272 1383 5771 10354 4668 7489 1979 8579 6812 9176 9985 7614 12025 8369 11579 5960 12095 9483 11819 12295 6524 6547 5377 10380 6623 7187 12059 2397 6218 7428 7623 9231 8238 8482 2789 10693 3920 7563 9701 12284 6949 7953 1932 6094 11385 3582 10998 8839 4728 6016 10094 11415 5011 9225 11757 9116 7095 9475 7372
17422 15830 7767 6607 4074 10796 20413 10897 4801 4001 9521 6648 15850 4921 12934 13434 12746 12865 4745 16958 9655 15350 12311 6862 7393 11972 2133 9153 10414 11481 16303 16198 9752 15251 1633 12056 16695 7778 13045 9152 4213 3818 20400 10413 12249 9884 19105 14736 10150 17753 17025 16057 15757 10854 12753 16629 2113 13404 2532 7310 11681 15355 6003 9393 8710 2210 6130 21990 6297 15463 3573 16463 16567 8153 5440 4969 8221 4428 13579 6795 2856 14829 15051 1180 3285 10324 17213 16199 257 21222 9386 13394 14582 6812 6271 15890 14092 11649 9892 5284 8298 16034 2557 6366 13435 16718 11923 9793 9483 0 9894 4603 12660 17394 15058 16419 9975 8742 4456 6232 11314 6261 16056 2529 7920 13903 12862 14802 10901 15093 3124 16115 9407 7571 8963 12660 3251 7348 16610 7549 12036 17505 1008 10731 5179 10357 4428 6636 16290 5666 4448 13673 12336 3720 18150 16292 18646 1503 8089 15651 1062 4560 18379 6084 12219 14522 10428 3493 14556 15892 5113 15433 13172 10002 15542 15282 4380 13909 2863 6622 10690 15391 11669 11754 4578 553 11173 12932 12717 14783 13262 3017 7657 21169 17293 15703 5964 4353 15400 13135 16945 5985 15479 6738 14916 15577 18537 7264 16362 16885 3419 15427 14050 12796 16841 11710 13209 10517 16460 12545 18464 17969 5150 19346 20153 13066 11438 3645 12304 17448 13544 4708 4732 15632 9945 7601 15939 15377 3047 6166 9807 18385 5951 7147 4053 18883 9616 7655 4489 17289 12804 11535 12050 14971 16748 9066 12616 13087 14623 13648 5166 3179 15163 3658 3963 18157 14851 11528 15797 14374 12078 9164 3736 2583 4259 13662 18454 18443 12015 5780 16204 345 3526 19870 7069 15328 13837 5145 3916 11696 14881 10365 2356 13672 12195 15969 11147 18499 3005 12613 13928 4415 13204 2613 1826 6032 13562 8614 14578 16654 8283 17170 14660 3730 10308 2840 6311 13711 3465 4837 19880 15799 6181 2369 17503 6843 17116 10254 14922 4274 17451 17189 19316 9178 12568 14631 10555 11348 12150 15411 6391 16168 13911 8171 5389 6666 11161 16884 7696 15221 11097 16878 1904 5422 11446 17650 17733 15387 5917 3845 19174 10206 3383 5183 11550 6927 15861 6999 19396 11204 8163 8165 15869 17343 15484 14025 6867 7379 12194 14877 2373 9907 13566 16624 11405 15279 13183 7685 18584 17234 6920 15000 2401 1947 5915 16912 17868 17526 14132 5162 14724
17426 5945 8873 3322 6356 5394 12091 9674 11460 10606 1179 12096 10254 5975 6969 3984 5762 4507 12502 16134 4763 5555 6089 11705 13276 9482 11239 6857 13174 6175 13119 8336 7334 9773 11336 2564 12988 10674 6607 6970 14095 8532 11626 2052 4908 5622 9639 5717 3507 9551 11756 9334 7648 10689 7037 9176 7904 11319 7745 3638 10874 13341 15478 1281 7602 8161 8344 12902 5665 16129 8784 14506 9188 6119 4581 6439 1875 9039 11019 3859 12699 5899 5973 9368 6684 4085 7527 6377 9642 12102 10442 11430 6455 10345 7384 10359 5848 13227 1383 7844 2714 9701 11505 4624 5910 8476 14794 10746 7200 9894 0 10933 4779 14153 12747 13741 6817 3030 5997 3769 13705 11400 12343 8826 11415 8465 9094 5162 10512 5698 12480 9765 499 10059 5721 3885 8656 7101 10060 4424 4686 9872 9861 2712 12600 4828 7757 3272 10864 9480 6320 15478 3665 11576 10839 8152 9006 9539 2508 10328 10051 5365 11947 4332 2326 4925 14297 13384 14331 13257 7682 5907 3287 3476 5865 11902 5943 4113 8821 4637 2340 16305 12236 14048 14425 10447 7325 14499 12599 15226 6547 7322 10204 12121 8973 16025 15773 9965 7886 11675 10398 9587 7909 3904 15114 5811 9323 5385 9794 11413 11768 6018 8679 5783 7315 8532 8639 8947 6634 9055 9635 17406 12799 10346 11961 10405 12436 7221 3662 9898 4743 5201 8143 6377 7124 4329 15683 5536 8036 11742 10158 18142 15285 8769 13828 9982 7651 6862 7880 7786 8235 14014 13154 14065 7685 7449 8070 6831 8355 9999 7302 10077 7140 7373 9531 10021 5383 3526 10535 10688 12562 2078 13564 7393 11724 8588 11440 11432 5786 14789 13939 9553 6783 11902 7544 14112 14566 7643 6079 2858 6223 10253 10021 14638 2781 15767 3087 10403 8806 10929 6529 7159 14821 11418 8836 5033 9309 6336 11007 7714 6009 11044 10216 9522 5669 8604 7793 11454 12909 5682 11723 13038 10886 10656 17176 13238 10766 5733 12051 6170 10330 13053 11151 11128 5487 4822 1062 12782 10607 6711 7661 16499 5906 6488 4699 14511 3713 12754 7600 15758 13690 16112 11478 4644 5007 11179 8007 10019 8356 7082 9911 5821 9128 4719 12525 5579 9650 12362 10104 6343 1800 13115 7931 8948 6638 15659 7648 5600 5866 6235 11609 5959 14148 14412 8209 12142 4310 4074 9539 15441 10167 8441 8712 11215 9709 8172 8123 15688 14264 13114 6160
13083 16624 4528 8294 4813 13696 19018 7606 531 609 11062 2051 13465 4971 15887 14893 15335 12333 1805 12815 8535 16415 10851 2287 2938 8949 3081 12713 5922 14500 12910 14883 13371 12894 4031 12375 13453 3639 15850 6936 5943 2438 19325 10557 14663 8347 18734 14323 9620 16481 14365 14167 14636 7153 15771 15042 5621 9964 4101 9745 8058 11659 5633 10973 12515 6131 3394 21091 5495 11077 2250 12657 14947 6452 7637 4496 9058 8836 10287 7091 4866 14342 14645 5661 6116 9529 17234 16527 4661 20389 5552 9911 13628 2723 10185 13471 16262 7302 11497 9361 10431 13960 2834 6348 15872 15569 7354 5900 7160 4603 10933 0 14899 13926 11489 12843 13424 8603 5088 8176 6830 1692 12880 6887 3529 11741 10179 16091 7276 14942 3574 14039 10446 3692 12208 12403 2509 5193 14570 7003 11183 15924 3600 12703 1722 9215 3177 7950 13776 2163 7770 9174 14205 1528 16336 15127 18520 6053 8518 13172 3546 6773 16107 8557 13103 14631 5827 5651 10413 12350 9141 15382 13882 9487 15663 12069 5213 15000 7231 6410 12525 10965 7586 7262 5890 4651 8952 8502 8712 10472 15988 6547 3715 20275 16137 11370 6695 971 13996 9511 14867 2357 14093 7043 10650 15830 17944 6215 14360 14326 2087 15258 11832 11594 16678 9039 16603 7478 16781 9812 17558 13722 1974 18515 18691 9896 7259 3915 12044 15827 15413 6408 2847 15306 13483 7094 11717 15799 7101 1564 6149 14059 5263 3978 5182 18002 7080 5595 3061 17070 10478 7026 7780 10977 16161 6604 10322 11461 12717 10771 3734 7772 14069 3727 1425 16809 14794 11130 13273 11398 7970 11078 5243 5755 1164 11383 16458 16448 10636 4482 12512 4562 6809 18289 10991 11392 9520 3424 5508 11680 14205 6753 6956 9316 13652 11734 13163 17098 2496 9150 12690 8209 8752 2659 6122 8973 10949 12079 11527 15980 6626 14871 11948 1500 8766 7131 3931 10289 3893 5329 18414 12308 1768 6934 13225 2564 14926 13347 11565 7400 15603 14060 17894 5054 11451 15031 11873 7062 8715 14697 4083 11814 12995 6260 6437 3598 10611 13781 5192 10869 6592 12726 3779 7703 14093 15463 17789 12962 10111 7502 18587 13333 1999 6809 7365 10214 13752 2406 18824 9437 9168 3571 14636 16230 14860 9537 4451 10675 10814 14190 3231 13117 9299 12883 8824 11976 14998 7303 17841 13327 2933 13174 6705 6236 2205 16069 17951 13614 9931 2375 14009
22167 5554 13519 6604 10089 2726 14382 14451 15403 14468 4057 16348 14308 10018 2717 2610 1267 8171 16248 20834 9519 4566 10437 16040 17515 14203 14450 5391 17849 2870 17598 11504 5424 13911 14270 5859 17370 15231 2176 11747 16765 12465 13495 6585 681 10376 10706 8365 8177 12263 15795 13028 10747 15467 2924 12490 10549 16015 11121 5370 15649 17984 18631 4099 6388 10531 12783 14229 10115 20904 12653 19123 12546 10858 7415 10575 6316 10088 15677 8221 15493 8605 8470 11786 9442 8743 8422 7004 12406 13462 15167 16134 9783 14789 7721 14427 1434 17981 3629 8646 4497 13529 14795 8977 1132 11320 19495 15486 11979 12660 4779 14899 0 18578 17373 18280 4749 7799 9814 6759 18421 15658 16757 10784 15938 12746 13685 3667 15291 7779 15649 13579 5096 14628 4607 7414 12435 11749 13752 9078 8883 12975 12962 2247 16445 9510 11835 6985 14923 13788 8277 20245 1315 15221 14035 11138 9751 11794 7111 14466 13152 8340 15508 6617 4284 6841 18891 16021 19091 17821 8617 7653 4796 8172 7231 16402 9686 3835 10628 9080 2523 21083 17011 18776 17185 13175 12017 19266 17375 20001 1973 9668 14776 13583 11668 20791 18586 13969 11357 16410 14054 13945 11342 8250 19883 6883 10902 10020 13507 15410 15283 7976 12957 9893 8689 13229 4697 13724 7170 13689 11698 22108 16595 12090 14385 15075 17202 10991 7391 13053 1450 8544 12303 8503 5075 8988 20428 6320 9982 15943 14915 22859 18529 13346 16707 11907 12430 11548 11977 9105 12748 18730 17924 18792 9791 12221 12601 11056 12369 14555 11553 11626 10402 11175 13475 12723 7425 7725 14674 15197 17340 3830 16371 10105 15490 12955 14749 14743 10179 18197 18532 12360 9139 14519 7368 18815 19345 11896 9483 6755 9144 15027 11908 19416 2618 20513 1790 13090 12517 15666 10310 8674 19589 14752 11118 6657 13800 5341 15519 9977 10758 14824 14601 13410 10387 10473 12276 16128 16043 9600 14202 17591 15180 12565 21899 17369 14475 3519 16626 8392 13697 17333 13688 15809 9627 6063 3744 17536 15360 9469 12160 21262 9448 11225 8474 18337 8109 17052 12277 20531 18391 20816 14495 7387 1718 14792 8663 14170 8728 8994 11319 3638 12943 8110 17293 6118 13535 16647 11435 10974 6079 17513 11111 11578 9254 20431 12222 5782 10216 9169 14793 4012 18927 18998 12920 16672 1461 8737 11336 20054 14640 12323 10759 13411 14047 10584 8684 20289 19036 16841 9187
5770 15649 9669 14967 14068 19534 10283 6499 14184 14279 15261 12767 4741 13198 21057 16576 19738 10557 15418 4107 9727 16294 8144 12150 13228 5521 16785 20542 9300 20327 1121 8648 21131 4908 17625 12769 1243 10337 20634 8636 19867 13587 11498 12125 18888 8952 13353 11267 10679 9346 3688 6561 9209 6774 21154 7785 16859 4004 15172 16625 5869 2445 19209 15319 21029 17482 11274 13218 11809 6284 13857 2117 7650 9840 15675 12839 13518 19999 3829 12777 18712 11056 11383 17922 16252 10106 13727 14274 17290 12946 8379 4034 9515 11205 19741 4613 19196 7711 15534 19564 16279 5889 16652 12521 19670 9399 9326 8055 8278 17394 14153 13926 18578 0 2448 1170 20730 11682 13843 15370 8723 12552 1821 18515 10694 5855 5185 16735 6653 12226 17492 5888 14062 10236 19474 11299 14153 10190 6093 11432 9696 8091 16536 16819 15032 9420 12991 14327 4242 11996 17377 7855 17279 15454 7448 9204 13982 18328 12771 4420 16607 15580 5713 16315 14376 12849 10672 19529 4873 1590 19316 12676 14203 10736 13284 2313 14036 15663 18764 12206 16429 6683 6713 8551 19811 17736 7127 7494 5605 5839 20512 17186 10211 12679 9582 5756 20498 13526 8169 4420 6016 11711 8246 12803 5468 13735 12226 11021 6192 4090 16010 12287 5649 8722 12908 6099 22790 6903 14382 5343 11039 5017 15328 11792 9862 4389 7195 14007 11247 7920 17911 14898 12662 11844 20996 11460 4836 14200 18148 12965 7784 5829 18773 10291 19107 11351 8000 9973 12916 12928 5924 8808 7081 3878 11393 8530 6098 7541 6481 4246 12311 19888 9165 13920 13699 9241 12439 10854 4237 3502 6450 16055 19164 16554 15033 5623 6865 6860 8414 17885 1742 17153 16970 9235 20287 3381 6274 12275 14844 11828 10463 7183 19276 6617 16001 4930 17130 9198 14408 4812 8574 18333 7556 16474 17942 17244 4849 19905 3196 11052 9788 5196 3977 13918 8727 18552 11092 3689 17819 13585 9686 1619 12233 19594 5210 13852 5619 19794 2484 16956 7054 1644 9540 9009 8972 13809 15015 7647 5268 10485 11024 5884 9541 9653 14022 15978 10505 1779 9754 6029 8998 4181 17462 15813 19143 5783 14122 4654 20351 17760 12600 19869 14113 14789 7127 18452 5751 12638 12785 7886 13841 12083 8851 9760 10806 7626 10554 18715 8367 10431 17029 19939 6106 1708 6454 2184 17547 11593 11701 2493 10993 6722 18306 19338 11834 10560 14291 2523 5422 15758 10303
5213 15119 7299 13127 11890 18040 11262 4181 11740 11853 13787 10322 4925 11047 19716 15602 18467 9716 12970 3621 8082 15636 7074 9703 10804 3464 14375 18807 6946 18863 1564 8723 19422 4789 15228 11737 2340 7891 19338 6591 17432 11241 12300 10798 17610 7246 13646 10821 9243 9777 4577 6739 9126 4337 19783 8056 14636 1686 12906 14859 3439 642 16762 13826 19219 15267 8928 14125 9711 4902 11501 1760 7914 7805 13717 10644 11861 17856 1757 10874 16292 10642 11000 15637 14107 8666 13606 13917 14965 13730 5939 1671 9109 8767 17769 4821 18139 5406 14104 17514 14630 6100 14232 10527 18492 9554 7164 5609 6240 15058 12747 11489 17373 2448 0 1365 19070 10030 11694 13493 6443 10105 2103 16297 8248 5149 3692 15958 4228 11801 15059 6131 12585 7803 17779 10408 11808 7982 6511 9531 8646 8595 14178 15456 12584 7920 10689 12478 4677 9588 15326 5966 16108 13018 8226 9263 14115 16048 11069 4505 14241 13534 6838 14424 13325 12275 8377 17105 3063 861 17264 12291 13316 9272 12878 1578 11894 14818 16559 10222 15076 5268 4312 6325 17370 15381 5445 5418 3249 4203 19252 15026 7774 13488 9869 4481 18050 11112 8043 1978 6568 9298 8140 10893 3868 13303 12525 9000 6508 4847 13575 11927 4987 7835 12787 4272 21347 4679 14064 3693 11455 4868 12880 12319 10841 2385 4811 11756 10282 8426 16869 12845 10331 11557 19316 9573 3703 13699 15977 10518 5359 5679 16328 7922 16668 11826 5901 7807 10604 12896 4684 6564 4785 2143 11383 6398 4808 6676 6124 2876 10041 17646 8925 11656 11304 9791 11953 9722 4404 2412 4085 14517 16730 14360 12591 4763 7824 7816 7277 15440 1242 14829 14849 10236 18360 1826 4340 9978 12706 10739 10091 4762 17006 4662 14877 3808 15807 9844 12059 2447 8008 16259 5545 14053 15695 15336 3720 18151 2130 11049 7781 5935 3379 11526 7110 16354 8789 1420 15382 11464 10622 861 9789 17296 4792 11419 6283 18223 916 14895 7661 3094 10353 6562 8031 13199 13690 5292 2911 10236 8733 4789 8963 7573 12005 13548 9281 2940 7504 4561 6706 3634 15057 13854 17749 6628 14064 4599 18316 15656 12993 18287 11742 12784 4752 16596 5898 10197 13203 6411 12183 9670 8820 10042 10554 5816 8274 16893 7280 10059 14611 18320 4071 1717 4620 1211 16478 9736 12069 2695 8558 6508 16087 16995 9416 10661 14243 2948 3501 13311 9900
5067 15681 8663 14318 13209 19084 10977 5532 13086 13213 14815 11636 4998 12356 20692 16392 19408 10415 14305 3376 9170 16266 7869 11024 12075 4708 15738 19960 8131 19895 883 8926 20564 5027 16593 12544 1655 9234 20292 7851 18787 12603 12122 11747 18553 8358 13760 11321 10238 9792 4244 6859 9418 5694 20773 8143 15971 3024 14252 16021 4801 1276 18078 14863 20404 16599 10289 13893 10999 5296 12864 1220 8004 9065 14957 11967 12969 19167 2976 12087 17654 11124 11467 16988 15417 9660 13946 14384 16324 13568 7291 3025 9575 10120 19018 4878 18975 6541 15112 18793 15740 6189 15593 11777 19388 9720 8168 6953 7496 16419 13741 12843 18280 1170 1365 0 20191 11130 13003 14700 7553 11439 1857 17631 9567 5720 4653 16649 5591 12295 16414 6203 13612 9160 18913 11137 13170 9306 6494 10740 9445 8559 15542 16436 13912 8938 12042 13672 4602 10952 16604 6745 16996 14371 8033 9479 14319 17399 12195 4618 15605 14808 6429 15638 14147 12849 9503 18465 3756 538 18543 12766 14056 10280 13367 1900 13201 15541 17889 11467 16050 5691 5554 7385 18719 16744 6532 6346 4440 4774 20189 16342 9129 13311 9966 4793 19382 12475 8348 3336 6477 10662 8435 12109 4407 13807 12631 10257 6548 4598 14930 12387 5530 8543 13123 5416 22372 6001 14511 4738 11490 4468 14206 12296 10554 3585 6032 13097 11048 8387 17696 14121 11691 11976 20446 10777 3896 14241 17296 11845 6721 5302 17640 9286 18019 11831 7180 9117 11960 13185 5533 7641 5911 2755 11652 7692 5686 7359 6526 3742 11386 18987 9300 13001 12669 9740 12480 10569 4467 3085 5285 15576 18085 15686 13939 5408 7523 7516 8109 16750 649 16188 16151 9932 19592 2273 5146 11330 14012 11570 10546 6126 18354 5488 15739 3996 16768 9740 13421 3806 8549 17546 6420 15414 17036 16558 4483 19311 2763 11312 9030 5727 3825 12891 8180 17682 10142 2732 16734 12764 10358 710 11134 18651 4550 12705 6124 19303 1715 16176 7557 2356 10158 7887 8769 13796 14647 6480 4269 10626 10083 4982 9519 8850 13266 14827 10172 2338 8841 5012 7829 3429 16421 15095 18747 6375 14372 4794 19589 16953 13049 19372 13107 14041 5963 17798 6018 11498 13246 7405 13292 10925 9081 10143 10949 6533 9620 18081 8086 10514 15973 19422 4960 874 5772 1608 17317 10927 12134 1953 9914 6839 17421 18358 10779 10865 14546 2113 4291 14634 10371
23291 10165 13565 6120 8925 2037 18435 15442 13854 12879 5639 15244 17050 9290 3352 7095 3954 11258 14355 22201 11022 9227 12841 15117 16316 15641 12044 878 17744 2070 19654 15012 676 16553 11586 9051 19615 14882 3714 12669 13639 11193 17722 8842 4071 11835 15157 12095 10098 16064 18548 16142 14287 16190 3089 15908 8065 17503 9325 4302 16623 19617 15882 5547 1767 7780 12350 18660 10050 21721 11265 20816 15932 11526 6067 9888 7222 6289 17313 8389 12568 12314 12282 8878 7320 10658 12857 11453 9750 17873 15431 17587 13150 14190 3868 17153 5863 18299 5495 4928 4453 16518 12449 8950 4789 15028 19442 15818 12986 9975 6817 13424 4749 20730 19070 20191 0 9062 8818 5896 18480 14614 18952 7611 15452 15208 15563 8349 16076 11753 13098 16582 6773 14352 1332 10572 10949 11957 16870 9660 11496 16546 10590 4672 14676 11314 10862 6756 17657 12989 5703 20613 5507 13270 17553 14757 14267 8735 8002 17105 10759 6772 18748 5137 7844 10825 18455 12912 20133 19680 5015 11760 8703 10025 11457 18432 8623 8237 7349 9193 5021 21818 17616 18890 14120 10392 13659 19667 18255 20852 4045 7076 14496 17962 15469 21730 15500 12638 14645 17700 17205 13232 14659 8386 20817 11189 15190 10403 16605 18214 13161 12013 15421 12595 12983 14801 3238 14748 11652 15454 15812 23443 14746 16342 18372 16686 17669 9707 10406 16590 6185 7312 11402 12492 342 9600 21561 10680 6944 14775 15396 24107 15883 13194 13784 16083 13398 11910 11016 13433 14825 18776 18406 20066 13837 13020 14644 13614 15166 16497 10903 7999 13827 9904 12101 16537 11395 10342 17310 17229 18000 4760 13399 7779 13679 15286 18190 18182 12524 15755 20302 9753 6691 18405 3210 20206 20054 11204 8058 9619 12753 15684 8515 20044 6469 21632 4660 16919 10931 16967 13333 5561 19990 12461 8183 4496 15896 1368 17538 13957 11495 17860 16877 11961 12017 7273 11995 17694 13426 8786 18159 19481 14240 9116 23135 15987 17579 1288 18476 6037 17086 19748 17607 15829 12298 10247 6277 17874 16575 13181 11927 22221 12655 11845 7768 16428 10498 19441 12535 21377 18377 22161 11876 5959 3037 17984 13172 16794 4667 6158 15676 1168 11445 7076 17775 3210 16466 15587 15820 12844 6899 16637 14605 15412 13035 20870 12166 2751 12621 12771 12328 887 19663 20780 14451 18630 6096 9403 15552 21744 14117 15257 7669 10117 13285 14509 13217 22010 19944 14882 12734
14508 8067 5923 3474 4708 8038 11781 6692 9132 8391 3863 9464 8366 3992 9844 6823 8726 4124 10315 13285 1960 7970 4177 9006 10634 6645 9589 8861 10181 8877 10597 7619 9450 7809 9920 3776 10592 7787 9534 3951 12739 6373 11677 1957 7882 2784 10437 6022 1480 9115 9809 7939 7100 7671 9876 8206 7110 8507 6269 4972 7895 10593 13685 3877 9383 7568 5626 13248 3108 13144 6674 11784 8172 3103 4507 4250 1839 9321 8276 1953 11315 6101 6341 8570 6017 1856 8718 7931 8517 12480 7424 8604 5892 7569 8388 8450 8872 10197 4240 8476 4610 8121 9768 2443 8926 8051 11784 7721 4198 8742 3030 8603 7799 11682 10030 11130 9062 0 4315 3952 10688 8778 9923 8471 8550 6396 6504 7797 7499 6478 10795 8197 2714 7169 7793 3965 6652 4175 8606 1620 3400 9040 8415 5654 10321 2331 5499 2909 8938 6865 6444 12449 6692 9518 9834 7640 10078 8855 1115 8333 8586 4845 10507 4881 4707 6062 11357 12088 11384 10621 8254 6877 5354 1339 7100 9377 4367 6626 8585 2268 5311 13307 9212 11026 12983 9276 4600 11469 9611 12244 9507 6895 7310 12428 8620 13061 14236 7640 6908 8788 8957 6915 6970 2010 12147 7240 9811 2534 8338 9530 9819 6808 6598 4337 8239 5759 11363 5966 8187 6392 9727 14548 10557 10605 11554 7650 9407 5386 3603 9013 7736 4327 5758 6951 9320 1525 12763 7195 7811 9165 7128 15259 13426 5889 12318 10143 4646 3895 5587 8666 5817 10998 10126 11181 8016 4422 5629 5015 6665 7440 4870 9877 6511 5480 7293 9543 6284 2788 8528 8180 9545 4511 12124 6627 9548 6382 10283 10274 3841 12812 11254 8400 6461 11338 8812 11267 11560 5182 4881 3109 6140 7228 9575 11623 5716 12843 6066 9903 6860 8043 5406 7427 11792 9647 8218 5810 6874 8230 8486 7913 2985 9426 7901 7341 2957 8351 5043 8676 11232 3934 11288 10420 8242 10128 14288 10690 9242 8193 9416 6115 9198 10780 10713 8137 4063 6427 4089 9752 7691 6670 4897 13540 5224 3471 3451 12194 2439 10467 4634 12776 10682 13255 9981 4633 7843 9731 9264 8025 9176 7063 10452 8257 7049 3969 9497 6882 8008 9695 10678 3818 2163 10339 7259 8655 6744 12632 4796 7096 3989 6136 9959 8294 11144 11732 5415 9570 7304 1301 9844 12716 7367 6910 8303 10414 7053 8175 9419 12976 11288 10921 5985
15062 11876 4982 3213 393 8768 15962 7575 5599 4684 5999 6608 11660 647 10938 9887 10291 8432 6539 14237 5247 11549 7913 6386 7752 8324 5341 8234 8963 9603 12724 11749 8907 11064 5610 7829 12980 6079 10853 5228 8429 2652 15946 6092 9595 5577 14739 10335 5699 13300 12936 11701 11301 7962 10848 12208 3128 10009 1954 4782 8610 12110 9533 5904 8292 3712 3573 17550 2069 13303 2854 13295 12151 4067 2758 1142 4150 6164 10040 2406 7006 10416 10653 4456 2413 5870 12941 12029 4244 16788 6880 10041 10126 5373 6343 11714 11174 9670 6430 5902 5367 11729 5564 1910 10801 12262 10657 7293 5585 4456 5997 5088 9814 13843 11694 13003 8818 4315 0 3145 9736 5936 12312 4733 6634 9670 8923 11144 7918 10752 6570 11809 5499 5574 7517 8270 2678 3732 12286 3109 7580 13078 4103 7615 6680 5937 2088 2871 12146 4191 3760 11957 9126 5585 13758 11837 14340 4802 3804 11507 4277 2106 14106 3702 8270 10254 9639 7774 11954 12466 5649 11124 9142 5550 11288 11596 213 10110 4952 2171 7442 13341 9197 10159 8687 4979 7076 11048 10030 12486 10969 3343 5714 16729 12837 13401 9969 4156 10963 9943 12629 4421 11039 2348 12518 11372 14127 2985 12031 12750 5773 11085 9835 8355 12512 7832 11855 7017 12290 8655 14017 15395 6856 14908 15706 9457 9149 1227 7909 13027 10339 1506 2611 11255 8943 3155 13401 11238 4306 6176 7013 15958 9317 4509 8036 14439 5844 3887 2240 12948 8678 10024 9869 12116 12330 5316 8483 8711 10291 9794 2106 6149 10707 1390 3663 13707 10534 7101 11670 10554 9605 5990 7826 2748 5763 9484 14098 14088 7606 8795 12916 4121 3161 15434 7053 12373 11611 2391 1015 7351 10443 7436 5656 11546 8635 13455 8075 14051 2812 9296 9482 4620 11363 5462 4266 4354 9552 7558 10801 12224 4156 12923 10664 3610 5983 4732 3311 10280 7006 383 15434 12327 5507 6115 15007 7564 12832 8517 11369 3316 13070 13376 14867 7125 8120 10474 6868 9268 8842 10971 3282 13893 9455 4203 1352 8589 6714 13061 4260 12989 9613 14177 5685 2860 9076 13357 13476 11225 6719 3979 14767 8522 3170 1794 9262 5705 11570 6929 14992 6916 4198 7902 11417 12887 11055 12244 3635 6128 7783 10438 5713 8362 11255 13374 7493 11664 9928 3230 14153 14159 5301 10641 4531 6227 4483 12466 13622 14446 11657 7147 10282
17462 9637 7672 511 3371 5637 15391 9659 8671 7724 3289 9753 12310 3495 7797 7213 7161 7593 9490 16445 5756 9122 8128 9522 10895 10029 7800 5446 11890 6481 14261 11354 6103 11747 7757 6184 14348 9061 7708 6939 10445 5763 15096 4865 6490 6448 13337 9193 5365 12756 13739 11864 10757 10332 7713 12036 4177 11863 4382 1663 10816 13997 12037 3161 5743 4397 6521 16495 4156 15847 5926 15203 12015 5748 814 4094 2484 5505 11748 2620 9079 9339 9482 5619 2960 5803 11278 10146 5976 15701 9535 11930 9525 8439 4448 12391 8155 12404 3665 4541 2264 12068 8118 3078 7701 11671 13587 9923 7277 6232 3769 8176 6759 15370 13493 14700 5896 3952 3145 0 12604 9080 13672 5067 9677 10327 10203 8571 10231 9338 9028 12143 3316 8508 4565 7165 5689 6068 12543 3962 7207 12836 6344 4635 9691 6252 5229 1059 12874 7305 2650 14718 6215 8466 13690 11292 12750 5774 2868 12263 6537 1678 14449 949 6061 8635 12689 9719 14306 14172 4328 9600 7047 5240 9607 13059 2988 7685 5082 3345 4532 15934 11733 13009 10806 6780 8252 13772 12409 14985 7828 3553 8654 15695 12216 15873 12181 7271 10723 11976 12894 7514 10773 2602 14964 9574 12934 4579 12274 13471 8545 9668 10525 8225 11019 9291 8792 8990 10403 10027 13102 17666 9837 13888 15207 11126 11776 4262 6852 12826 7437 1786 5741 9970 6073 3923 15744 9305 4291 9319 9511 18303 11894 7318 10249 13482 7660 6041 5379 11485 9647 12903 12512 14302 11219 7234 9453 8966 10615 11137 5119 6358 10189 4452 6760 13208 9049 6311 12454 11898 12122 3010 9955 3673 8732 10282 14179 14170 7792 11500 14734 5901 3015 15056 4926 14480 14172 5442 2725 6106 9544 9819 6259 14155 5968 15811 5082 13581 5762 11261 9235 3585 14095 8059 5070 1884 10670 4767 12188 11197 5743 13377 11739 6679 6732 4860 6128 12084 9441 3013 14951 13994 8644 6890 17333 10689 13188 5437 12994 2432 13081 14601 14372 9947 7938 8589 4331 11978 10845 10066 6051 16366 8887 6040 1914 11580 6165 14285 6647 15507 12511 16399 7937 876 5934 13671 11767 11956 5225 3375 13544 5453 6200 1368 11883 3104 11958 10074 13748 7662 2277 11035 10971 12222 10058 14975 6274 3422 7938 9548 8157 5334 13786 15210 8934 13206 7050 3778 13089 16115 8339 10847 4947 7454 7589 11579 11886 16391 14091 10083 9434
6324 18084 4965 12455 9714 18117 16924 4825 6832 7385 14377 4986 10473 9209 20169 17457 19230 12691 7730 6355 9319 18267 10188 4561 4961 6042 9899 17948 908 18978 8002 13485 18619 10076 10857 13911 8776 3717 19957 6889 12395 7900 17707 12327 18420 8584 18264 14430 10797 14897 10691 11931 13597 3572 20140 13166 11785 5629 9972 14252 4080 6282 11110 14351 18028 12392 6163 19580 8505 4292 8006 6892 13033 7588 12432 8620 12120 15191 6211 10343 11554 14335 14703 12249 11795 10365 17526 17353 11324 19045 3264 5487 13051 4603 15985 10414 19553 1046 14796 15375 14505 11440 9614 9656 19532 14324 1120 2989 6765 11314 13705 6830 18421 8723 6443 7553 18480 10688 9736 12604 0 5142 8436 13311 3401 9579 7500 18279 3824 15325 10168 11500 13339 4166 17156 13142 8378 6700 11998 9346 11373 13917 10311 16205 7249 9665 7860 11869 10484 5859 13388 2359 17370 8193 13876 13930 18441 12664 11312 10064 10293 11842 12884 13348 15226 15436 1950 12269 4133 7207 15129 15836 15638 10734 16318 7703 9943 17077 13639 9475 15900 4147 2356 442 12197 11439 7709 1709 3212 3813 19988 12525 4030 18846 14790 4649 12561 6965 12619 4855 12176 5553 12728 10327 4069 16648 17232 8417 11891 10849 8741 15561 9541 11123 16777 6865 21370 5396 17564 7167 16411 7066 7503 17368 16521 6245 1850 9116 12865 13769 18424 11226 7327 15371 18632 9435 5167 16858 13308 5380 3646 7304 10654 5287 11566 16839 6341 6875 7715 17033 8402 310 1658 4991 15700 6365 8364 10330 10765 7476 7631 14400 13180 8939 7397 15057 15336 12002 10058 7706 2422 14798 11742 11723 7646 9106 13671 13662 10178 9763 7017 11207 12588 15971 16735 5491 2904 7365 10635 12933 13939 3780 13616 2626 16396 5158 16646 15220 8547 5065 11873 14106 1929 9447 12574 14078 8149 17267 7642 15414 7704 11783 8663 7624 8790 13491 6485 5895 10377 9715 16270 7286 5138 13681 6539 5666 12027 18017 6990 12951 13195 9522 15883 2661 11157 16176 14767 1300 4906 14283 6554 5056 12615 7218 10712 7650 11423 9337 6153 4131 291 6254 10592 12548 18184 12484 18061 10002 16184 13397 17808 18041 8055 11413 1851 15433 11210 4715 18041 8785 12379 3775 13416 14938 14555 2713 6347 15845 10294 13913 10011 17937 2832 7232 6939 7434 17992 9685 16911 7290 4574 11256 13109 13051 5566 15228 18244 7544 3562 7871 13723
11416 16840 3678 9114 5745 14700 18381 6450 1724 2268 11693 696 12531 5647 16874 15383 16206 12170 2867 11204 8325 16733 10375 601 1877 7866 4757 13950 4235 15530 11577 14345 14617 11984 5714 12529 12173 2234 16786 6364 7439 3422 18804 10721 15486 7973 18485 14145 9579 15928 13304 13418 14180 5806 16781 14394 7082 8660 5405 10715 6720 10221 6693 11621 13834 7635 3165 20614 5750 9402 3378 11165 14289 6175 8649 5082 9552 10393 9042 7554 6469 14136 14462 7280 7404 9388 17156 16576 6302 19945 4207 8590 13261 1552 11574 12523 16972 5651 12134 10811 11279 13142 4483 6783 16682 15081 5669 4502 6517 6261 11400 1692 15658 12552 10105 11439 14614 8778 5936 9080 5142 0 11635 8456 1919 10943 9207 16495 5963 14848 5117 13218 10935 2505 13353 12342 3723 4868 13753 7160 10938 15262 5253 13423 2490 8952 3853 8677 12785 1923 9069 7483 14853 3087 15576 14642 18366 7681 8906 12207 5213 7856 15172 9592 13437 14641 4185 7222 8814 10964 10581 15315 14131 9459 15653 10821 6101 15357 8796 6765 13205 9283 6041 5573 7319 6335 8239 6822 7183 8818 16896 7954 2471 19810 15634 9709 7946 2057 13443 8136 14029 1869 13546 7514 9009 15865 17625 6259 13562 13306 3648 15150 11008 11194 16542 8117 17733 6457 16823 8830 17127 12077 2790 18097 18031 8715 5676 4913 11995 15152 16035 7387 3359 15138 14700 7257 10086 15897 8596 468 4873 12394 6272 3283 6638 17573 6338 5256 3705 16906 9651 5335 6153 9429 15876 5942 9515 10894 11997 9695 4121 9412 13636 4716 2581 16222 14738 11065 12287 10263 6408 11832 6754 7144 2573 10547 15626 15616 10203 5404 11066 6196 8148 17590 12369 9863 7867 3777 6566 11737 13930 5470 8604 7652 14171 10098 13886 16485 3807 7856 12239 9610 7067 4313 7695 10121 9983 13295 10358 15666 6350 13945 10912 2768 8362 8679 3755 8986 5381 6090 17757 10944 545 8608 11574 1948 14043 14421 10266 8670 14843 12817 17262 3557 11091 15138 12400 5437 7446 14396 3908 10146 12661 5906 7221 3848 10511 12552 4679 9203 4902 11112 5452 8735 15006 14572 17714 12023 11586 8893 18260 14418 3275 7727 5777 11418 12925 994 18499 8897 9712 2043 14135 15743 14590 7847 4126 11869 10372 13912 4881 14233 7664 11414 7952 10693 15609 7494 17467 11794 1813 12474 8266 7927 1725 15689 17883 12077 8315 3229 13725
6896 13910 8459 13255 12561 17729 9237 5286 13187 13177 13457 11934 3142 11673 19238 14765 17917 8751 14472 5211 7977 14529 6323 11296 12533 4084 15613 18783 8860 18518 981 7072 19365 3197 16411 10951 677 9401 18814 7084 18779 12288 10334 10311 17067 7228 11905 9535 8880 7946 2503 5002 7576 5847 19336 6288 15379 3002 13748 14883 4943 2554 18328 13518 19293 15993 9998 12131 10255 6912 12575 3053 6148 8262 14012 11355 11753 18438 2596 11101 17564 9332 9668 16509 14705 8310 12105 12578 15935 11776 7429 3098 7784 10196 18073 3021 17380 7390 13726 17939 14505 4333 15516 10893 17849 7863 9217 7165 6727 16056 12343 12880 16757 1821 2103 1857 18952 9923 12312 13672 8436 11635 0 17024 9864 4042 3471 14949 5675 10503 16405 4347 12262 9207 17706 9490 12848 8748 4647 9763 7876 6720 15242 15003 14124 7639 11629 12621 2756 10848 15760 8069 15458 14398 6242 7626 12463 16907 11022 2767 15327 13967 4755 14619 12558 11093 10341 18392 5148 1692 17695 10966 12398 8942 11570 814 12498 13866 17259 10574 14612 7292 6192 8354 18762 16429 5422 7506 5224 6269 18691 15647 9205 11524 8110 6450 19542 12384 6511 3662 4645 10585 6596 11130 5922 12016 10777 9421 4693 2812 14942 10583 3838 6907 11283 4486 20977 5552 12697 3682 9643 6325 14425 10460 8814 3012 6710 12573 9432 6548 16096 13291 11346 10159 19222 9786 5600 12465 16616 12073 6766 7158 17906 9072 18049 9989 6500 8493 11567 11336 4129 8581 6785 4191 9802 7046 4309 5724 4734 2546 10912 18418 7478 12502 12502 7907 10702 9033 2611 1779 6028 14260 18073 15048 14019 3802 5783 5776 6594 17031 2418 15798 15402 8200 18597 3796 6443 10911 13299 10007 8747 6165 17839 6765 14181 5704 15311 7921 13109 3787 6801 16727 7642 15339 16483 15552 3057 18153 1513 9462 8194 3931 2157 12711 6979 17041 9750 2682 16756 12034 8606 1467 11261 18192 6393 13108 4312 18000 1453 15347 5732 1183 8373 8185 7154 12048 13198 7225 4189 8804 9665 6700 7772 8110 12398 15243 8686 928 8362 6591 8687 5257 16273 14150 17328 4604 12525 2956 18716 16178 11200 18077 12857 13154 6667 16736 4163 11850 11399 6111 12075 11444 7234 8287 9127 7916 9189 16987 6546 8714 15880 18153 6171 2730 4833 1004 15730 9904 10283 3803 9964 5017 16818 18002 10720 9010 12698 3940 5603 14864 8577
19198 14594 9197 5546 4464 8654 20235 12125 7167 6278 8193 8929 16357 5360 10719 11932 10698 12473 7252 18567 9824 13988 12461 9047 9777 12998 4661 6761 12435 9266 17399 16090 7329 15763 4043 11242 17688 9639 10891 9945 6077 5440 20044 9814 10299 10255 18396 14189 9950 17572 17657 16276 15557 12315 10514 16658 1661 14613 3453 5645 13062 16669 8274 8052 6240 1032 7565 21505 6801 17306 5308 17830 16616 8798 4270 5677 7448 1951 14692 6579 4958 14319 14487 1351 2470 10254 16345 15198 2361 20715 10993 14629 14337 8713 3805 16415 12210 13514 8497 2783 6723 16357 5086 6425 11441 16500 14026 11413 10300 2529 8826 6887 10784 18515 16297 17631 7611 8471 4733 5067 13311 8456 17024 0 9922 14357 13654 13341 12317 14387 5574 16437 8382 9316 6715 12127 4937 8328 16895 7675 11871 17503 3392 9076 7668 10473 5716 5817 16857 7473 2596 15659 10662 6203 18263 16097 17817 1129 7576 16219 3513 3656 18749 4569 11082 13700 12636 5338 16203 17094 2635 14662 12082 9807 14674 16295 4562 12583 345 6735 9113 17276 13337 13753 6539 2846 11807 14850 14304 16564 11139 1580 9426 20697 17062 17490 7934 6427 15371 14464 17242 7788 15436 6528 16656 14637 17962 7707 16634 17462 5938 14719 14529 12776 16081 12554 10822 11631 15453 13381 18061 19654 7658 18880 20018 14127 13179 4554 11795 17471 11827 4147 6175 15002 7548 7696 17626 14353 819 8436 11295 20139 8289 8614 6175 18455 10531 8545 5831 16546 13401 13558 13844 16499 16221 9992 13205 13284 14904 14518 6277 1429 14971 4672 5945 18007 14105 11145 16386 15274 13752 7644 5794 1985 6718 14192 18661 18652 12138 8222 17497 2417 2069 19809 4586 16806 15637 6390 3798 11090 14471 11798 1198 15510 10747 17668 9448 18370 4765 13863 13869 2139 15141 5141 765 4184 14284 6275 15515 16177 8889 17587 15397 5729 10644 337 7564 14898 5866 5046 19753 16970 8278 1849 19221 9274 17472 8038 16033 2661 17602 18100 19177 10961 12514 13647 9277 13170 13401 15000 7597 17970 13676 8919 5053 9195 10889 17786 8793 17033 13120 18496 4356 4192 9408 17989 16831 15932 3389 1827 18579 7975 5267 4512 13294 4758 16210 9286 18788 11592 7296 10446 15727 17087 15021 15993 8040 5175 12307 14473 4883 7647 15328 17942 12218 16345 11505 7699 18089 18659 8767 15221 211 2628 7757 16520 16949 18950 15831 7686 14342
9565 16472 2727 9609 6548 15297 17097 4832 3637 4043 11892 2077 11017 6188 17423 15347 16616 11456 4762 9295 7684 16482 9364 1457 2772 6282 6607 14859 2514 16149 9746 13196 15532 10499 7550 12160 10375 785 17272 5422 9358 4546 17631 10410 15847 7163 17592 13379 9074 14747 11670 12070 13117 4018 17361 13135 8420 6867 6626 11340 4922 8334 8515 11841 14858 9018 3178 19474 5823 7571 4627 9257 13020 5597 9388 5587 9656 11815 7292 7718 8372 13338 13684 8848 8515 8779 16458 16023 7925 18842 2480 6785 12307 1273 12725 10997 17178 3777 12329 12061 11745 11731 6361 6966 17011 13975 4130 2700 5480 7920 11415 3529 15938 10694 8248 9567 15452 8550 6634 9677 3401 1919 9864 9922 0 9581 7704 16345 4203 14162 7032 11803 10988 1392 14149 11737 4999 4383 12336 7004 10164 13980 6920 13691 4350 8222 4627 9083 11216 2528 10145 5760 15011 4992 14197 13544 17574 9263 8916 10667 6909 8707 13635 10327 13254 14071 3013 9135 6900 9104 11819 14651 13838 8974 15047 9054 6830 15169 10252 6860 13429 7481 4125 3843 9235 8063 7035 5017 5269 6946 17344 9197 1260 18685 14508 7849 9822 3568 12292 6296 12590 2247 12398 7689 7121 15306 16666 6044 12165 11708 5556 14443 9619 10245 15789 6692 18462 4985 16259 7325 16058 10193 4642 17033 16729 7024 3757 5858 11410 13857 16146 8140 4083 14367 15576 7100 8189 15407 9947 2289 3188 10539 8081 2661 8556 16502 5197 4701 4475 16118 8286 3638 4252 7510 14971 4924 8173 9772 10696 8084 4562 10999 12606 5671 3996 15004 14095 10487 10728 8593 4489 12172 8673 8388 4491 9154 14179 14168 9243 7195 9175 7807 9299 16253 13494 7946 5993 4251 7450 11277 13062 3754 10216 5797 14189 8205 14148 15240 5157 6079 11213 10808 5284 6186 9180 10980 8472 14186 8658 14733 5757 12425 9323 4222 7499 10109 3662 7191 7301 6684 16459 9096 1775 10289 9698 3267 12561 15110 8465 9718 13470 11042 15991 1688 10187 14669 12459 3534 5697 13493 3779 8298 11752 5263 7763 5393 9909 10789 3991 7351 3200 9204 7306 9493 15484 13078 17013 10510 12863 10094 17287 15122 4658 8394 3859 12322 11506 1991 17527 7862 9869 1948 13028 14630 13717 6107 3769 12753 9398 13041 6758 14980 5770 9513 6587 8901 15713 7353 16453 9876 1338 11187 9721 9687 2227 14686 17189 10159 6408 5068 12850
10354 9989 7286 9862 9994 13855 7524 4909 12167 11861 9615 11440 2006 9087 15269 10723 13924 4712 13513 8766 4612 10549 2376 10801 12341 3546 13970 15123 9626 14619 4944 3925 15668 1424 14615 6917 4631 8897 14828 4880 17261 10437 8164 6413 13080 4102 8813 5673 5134 5323 3414 2489 4145 6085 15380 3613 12794 4450 11410 11329 5503 5790 17374 9690 15719 13358 8412 10034 7648 9767 10760 6750 3487 5753 10805 8942 8145 15508 3877 7936 15916 5494 5853 14105 11913 4603 8509 8768 13733 9473 7207 4613 3967 9391 14774 2075 13341 8628 9845 14799 10812 2219 13979 7944 13829 4773 10616 7160 4608 13903 8465 11741 12746 5855 5149 5720 15208 6396 9670 10327 9579 10943 4042 14357 9581 0 2081 10932 5832 6652 14971 2298 8443 8467 14013 5448 10944 6731 2829 6704 3868 4421 13252 11067 13284 4075 9618 9271 2549 9578 12685 10177 11440 13142 4634 4402 9146 14466 7509 1938 13377 10953 4481 11266 8523 7148 11171 16750 7795 5340 14567 7142 8360 5225 7729 3827 9820 9834 14539 7629 10673 10082 7269 9686 17353 14359 2809 9342 6831 8934 14692 12853 8530 9283 5216 9439 18356 11007 3096 5184 3130 9402 3204 7978 8669 8156 7735 6693 2623 3149 13624 6781 214 2867 7696 2897 17053 4604 8918 2414 6843 9998 13580 7793 7151 3527 7743 10260 5393 4290 12056 10325 9506 6423 15497 6695 8771 8560 13819 11411 6508 10818 17001 7778 16634 7265 4662 6363 9606 7845 1297 9825 8180 7098 6375 5145 1429 1690 1186 2400 8832 15785 3847 10246 10951 5509 6808 5044 2133 2739 7344 10459 16569 12384 12900 475 4717 4707 2686 16195 6107 13599 12512 6672 15208 6911 8701 8951 10560 5991 4949 6067 15326 8939 10156 8873 11351 5707 11207 4666 2861 13674 9588 13815 13934 12200 1543 14523 3037 6055 5620 3267 1901 11118 3718 14309 7970 4365 15373 9330 6882 5091 10453 15779 9940 12752 3233 14185 4259 12310 3902 4604 6429 8154 3122 8086 9255 8285 4707 5126 7840 9815 3822 5771 9397 14787 4756 4314 6585 9393 9746 8782 14553 10938 13393 3772 8988 1629 15528 13217 8281 14269 11105 10086 7762 13271 2015 11479 8509 2766 8458 11473 3904 5369 5439 10165 7395 13466 2599 4917 14293 14378 8312 6531 3002 4157 11693 6737 7369 7631 9130 1678 14164 15797 9561 5761 9170 7822 8027 14019 4756
8717 11606 5652 9791 9195 14431 9515 2912 10564 10374 10162 9649 3326 8294 16054 11924 14789 6119 11901 7238 4546 12055 3430 9001 10476 1488 12655 15360 7569 15243 4093 6002 15954 2794 13381 8059 4148 7068 15665 3731 15908 9194 10222 7118 13932 3769 10862 7444 5588 7398 4217 4473 6181 4033 16130 5673 12025 2556 10465 11441 3422 4313 15787 10210 15845 12628 6997 12094 6855 7899 9501 5438 5542 4857 10542 8024 8343 15009 2072 7630 14616 7295 7665 13221 11294 5010 10415 10530 12720 11546 5265 2709 5838 7668 14602 3316 14449 6547 10462 14477 11110 4057 12613 7436 14802 6848 8534 5171 3387 12862 9094 10179 13685 5185 3692 4653 15563 6504 8923 10203 7500 9207 3471 13654 7704 2081 0 12329 3783 8411 13565 4126 8959 6703 14297 6778 9735 5516 4653 6293 4983 6449 12113 11795 11626 4286 8453 9155 3598 8039 12302 8143 12417 11644 6532 6469 11147 13607 7589 3003 12216 10513 5965 11150 9640 8775 9118 15453 5927 4164 14234 8918 9666 5628 9477 2875 9101 11172 13875 7116 11412 8187 5188 7605 15952 13272 1951 7286 4790 7033 15572 12239 6746 11351 7297 7623 16865 9537 5157 3212 4892 7823 5266 7660 6799 9877 9797 5986 4502 4149 12157 8582 2043 4260 9617 1164 17721 2751 10703 379 8923 8508 11926 9874 9128 1569 5661 9289 6628 6308 13180 9841 8243 8282 15824 6315 7046 10221 13210 9671 4552 9296 15394 6211 15231 9346 3256 5209 8412 9805 1068 7744 6104 5353 8374 3803 1147 3175 3267 938 7697 15063 5829 9238 9561 7568 8516 6035 3095 1695 5269 10925 15205 11670 11343 1607 6476 6466 3605 14559 4852 12583 11972 8615 15127 5262 6714 7747 9893 7055 6800 4064 14519 6932 11185 7143 12137 7747 10000 2623 4663 13274 7541 12442 13146 12082 776 14721 1990 8065 4773 4739 1807 9750 3548 13653 6646 2563 13948 8628 8866 3947 8749 14908 8366 10936 4858 14656 2957 11893 5817 4465 8442 6192 4422 9665 10017 6205 2630 7049 6538 8034 5554 4747 8940 13017 5589 4149 5224 7518 7670 7235 13280 10679 14101 5378 10916 2817 15251 12737 10351 14726 9817 9692 5680 13275 3828 9653 10582 2753 8666 9548 5963 7449 7350 8151 6066 13533 3624 6770 12953 14783 6313 5322 1457 3070 12787 6432 9443 6370 7412 3757 13451 14797 7975 7809 11099 6607 6093 12369 6593
21043 1916 13692 8225 11493 6312 11050 13794 16619 15768 5284 17189 12139 11137 6187 1418 4804 6245 17663 19556 8962 902 8900 16766 18368 13190 16307 8906 17861 6537 15873 8766 9023 11855 16322 4402 15493 15579 5596 11390 19012 13694 10040 5974 4342 9728 7120 5643 7483 9204 13545 10585 8026 14959 6444 9787 12725 14844 12822 7697 14925 16596 20555 5410 9892 12865 13383 10631 10745 20066 13945 17641 9871 10815 9363 11595 7036 13033 14400 9004 17650 5881 5637 14121 11521 7940 4883 3497 14545 9881 15046 14985 7324 15354 10843 12265 3170 17657 4911 11638 6618 11176 16595 9760 4182 8394 19395 15291 11526 14802 5162 16091 3667 16735 15958 16649 8349 7797 11144 8571 18279 16495 14949 13341 16345 10932 12329 0 14745 4819 17546 11210 5654 14961 7979 5553 13811 11965 11267 9375 7355 10105 14885 4337 17762 8678 12914 8338 12729 14572 10745 19786 2921 16728 11172 8310 6131 14219 7600 12381 15077 10248 12842 8811 3092 3992 19111 18282 18140 16252 11556 4534 2691 7545 3992 14752 11077 1203 13255 9741 4240 20304 16509 18576 19377 15348 11013 18819 16633 19168 5287 11990 15101 10021 8635 19860 20752 15121 8850 15382 11525 14655 8807 9051 18988 3566 7439 10321 11053 13132 16904 4914 11126 8127 5282 12176 8162 13096 3619 12432 8370 20819 17961 8635 11106 13857 16800 12370 5708 10212 2230 10217 13287 5454 8684 9278 19353 2978 12522 16855 14639 21617 20383 13685 18817 8518 11963 11666 13033 5650 11289 18585 17474 17665 6596 11915 11184 9301 10270 13083 12432 14398 7827 12526 14692 9637 4511 6417 12581 13609 16777 5701 18526 12230 16884 11248 11931 11926 8733 19917 17009 14472 11438 11321 10641 17591 18651 12770 11136 5415 6480 14602 14526 18785 2610 19448 4057 9979 13955 14672 8163 11370 19129 16517 13514 9182 12243 8737 13924 6842 10673 12364 12832 14684 9585 13066 12812 14886 17968 10837 10952 16006 15971 15186 20694 18363 11970 7077 15118 10731 10965 15314 10480 15836 7927 3040 4294 17219 14455 6660 12670 20299 7201 11175 9822 19672 6961 15065 12399 19683 18308 19557 16492 9386 5324 12195 5059 12115 11879 11516 7793 7199 14287 9736 16874 9062 11234 17440 7887 9878 6950 18128 8413 8515 6384 19909 12592 8833 8705 6510 16672 7549 18228 17447 11929 15070 2253 9031 7926 18541 15158 10096 13270 15897 14785 7475 5062 18743 18196 18274 6590
7232 14403 3146 9960 8046 15384 13297 1006 7549 7627 11346 6264 6977 7287 17301 14041 16222 8942 8812 6319 5847 14658 6382 5623 6924 2295 10148 15676 3795 16242 5636 9701 16327 6508 11007 10344 6211 3730 17017 3549 13214 7088 13995 8897 15381 5033 14445 10629 7303 11152 7501 8257 9785 255 17313 9444 10664 2699 8875 11774 790 4464 12655 11346 15939 11300 4796 15866 6133 5678 7330 5563 9316 4576 10280 6799 9160 13990 3090 7688 12065 10527 10897 11552 10284 6812 13717 13591 10824 15302 1756 2638 9227 4560 14214 6940 16307 2991 11735 13820 11794 7824 10004 7153 16421 10533 4916 1507 3313 10901 10512 7276 15291 6653 4228 5591 16076 7499 7918 10231 3824 5963 5675 12317 4203 5832 3783 14745 0 11538 10839 7890 10213 3584 14747 9440 7653 4230 8410 6458 7635 10231 9995 13152 8454 6067 6617 9320 7107 5364 11665 5043 14145 8803 10295 10131 14618 11970 8327 6598 10049 9921 9541 11101 11759 11696 5339 12878 4080 5085 13567 12051 12067 7265 12548 4862 8128 13543 12601 6892 12811 5818 1765 4008 13164 11199 3914 4075 2180 4791 17001 11164 3564 15114 11013 5655 13891 6885 8823 2258 8627 5071 8933 7690 4742 12893 13419 5673 8272 7566 9358 11766 5817 7317 12961 3045 18707 1653 13796 3425 12627 7490 8754 13590 12907 2840 2095 7768 9185 10091 15116 9240 6211 11560 16278 6530 5524 13133 12081 6399 1131 8088 12232 3758 12458 13059 2862 4196 6517 13212 4610 4097 2732 4203 11876 3106 4559 6506 7012 3971 6047 13618 9359 7645 7087 11340 11565 8364 6635 4413 2056 11909 12510 10442 8392 5366 10184 10174 6391 11356 5317 10689 11061 12386 14879 4491 4062 5928 8926 9338 10121 538 12937 4126 13067 5587 13566 11527 7896 1892 8049 12538 4385 9825 11671 11954 4498 14997 4461 11591 4632 8360 5214 7312 5160 12408 4754 3026 11168 7756 12646 5035 5606 13184 7124 7465 8542 15415 4306 11222 9588 6856 12225 2549 7365 12474 11557 2583 1494 10460 4729 6146 8799 4240 8506 9595 7799 6596 3671 5320 3957 6260 10831 10412 15295 9038 14249 6479 14636 11886 14001 15460 7551 9280 2154 13284 7594 6194 14236 5021 9456 5898 9615 11157 10733 5182 4310 13640 6498 10094 10383 15421 3649 5727 3117 4730 14691 6752 13111 6355 4342 7508 12105 12826 5188 11414 14432 6647 3868 9192 9905
17003 3436 11444 8847 11145 9876 6689 10533 15462 14790 6665 15499 7517 10469 10496 5225 9045 2706 16702 15418 6529 4191 5167 14956 16617 9575 16063 12043 15105 10396 11466 3951 12375 7321 16360 3160 10986 13380 9941 8756 19178 12819 6012 4680 8338 7001 4021 980 5322 4488 8850 5844 3220 11782 10701 4972 13273 10961 12691 9321 11509 12442 20158 6805 12920 13625 11715 7205 9502 16309 13128 13379 5060 8678 10121 10718 6956 14730 10436 8348 17755 1172 850 14758 12083 5461 2308 2122 14855 6404 12315 11117 2721 13448 13042 7645 7810 14528 6578 13541 8330 6469 16246 8918 8637 3596 16436 12452 8752 15093 5698 14942 7779 12226 11801 12295 11753 6478 10752 9338 15325 14848 10503 14387 14162 6652 8411 4819 11538 0 17273 6494 6075 12795 10937 2542 13124 9983 6498 7987 4011 5298 14852 7083 16662 5943 11931 8594 8079 13018 11964 16421 6552 15959 6367 3491 3601 14984 7004 7809 15028 10781 8024 10003 3922 943 16535 18510 14336 11956 13380 513 3067 5456 1077 10435 10779 4035 14418 8744 6749 16598 13242 15541 19440 15639 7625 15503 13101 15444 9694 12834 12914 6428 3897 16022 20708 14001 4120 11616 6738 12996 4062 8405 15209 1513 3625 8727 6300 8429 16281 335 6818 4239 1761 8604 12475 9929 2292 8611 4064 16645 16915 4679 6649 9980 13628 11860 2904 5400 6611 10445 12132 740 12091 7903 15396 1988 13626 15278 11755 17467 19891 11648 18783 4360 9114 9601 12006 2198 7345 15612 14214 13711 2085 9273 7296 5237 5772 8999 11248 15696 3093 11958 13700 4945 360 3812 7998 9390 13429 7519 18578 12764 15950 7050 7119 7114 5149 19255 12730 14748 12319 6747 13128 13551 15084 11534 11177 3403 1763 11546 15567 15276 5354 15497 7115 5311 13336 10979 3796 12837 15787 16125 14300 10731 8127 11646 9684 2218 8505 7593 8490 13768 6684 14194 11128 10932 17710 10377 6451 11704 14303 16178 16593 16796 7187 10493 10909 11770 6146 10718 5921 13224 4174 1793 5687 14120 10872 1849 10972 16419 2861 8968 9704 18486 4344 10495 10236 15929 15419 15434 16437 10206 9063 7388 2866 7572 14032 12708 4216 10607 13506 9998 13680 11209 6555 15671 4414 6541 7092 16089 3609 3800 1565 16474 10723 11169 5041 1796 16434 10868 14672 13135 8452 10782 6387 7726 3871 14236 13207 5504 14254 16625 13150 2808 3037 14408 14499 17300 1926
16486 18410 7971 9330 6185 13889 22004 11119 3395 3228 12276 5181 16789 6805 16041 16219 15804 14833 2499 16320 11247 18023 13779 5650 5474 12415 1241 12274 9270 14589 16466 17800 12867 16204 1531 14399 16991 7209 16136 10092 2376 4619 22168 12646 15272 11252 21220 16789 12061 19393 17778 17319 17462 10722 15865 18079 5150 13517 4735 10279 11624 15233 3011 12158 11806 5330 6581 23861 7884 14458 4291 16227 17997 9364 8284 6586 10682 7350 13820 8960 1407 16848 17111 4244 6207 12105 19492 18600 3354 23123 9124 13470 16361 6296 9367 16806 17076 10755 12675 8357 11208 17180 1034 8355 16470 18417 10513 9474 10366 3124 12480 3574 15649 17492 15059 16414 13098 10795 6570 9028 10168 5117 16405 5574 7032 14971 13565 17546 10839 17273 0 17260 11982 7256 12081 14756 4205 8249 17783 9352 13828 18967 2691 13635 3007 11957 5506 9222 17143 5564 7539 12448 15230 2052 19476 17978 20871 4459 10375 16524 2499 7363 19412 9033 14790 16811 8840 2107 13931 15919 8201 17662 15690 11915 17848 15597 6582 16577 5885 8534 13555 14310 11137 10580 2388 2729 12161 11872 12270 13913 16344 6106 7286 23038 18993 14791 3467 4037 16943 13081 18096 5821 17034 8903 14115 17940 20541 8789 17557 17710 1488 17603 15083 14416 19034 12407 16332 10930 18860 13209 20308 17178 2822 21236 21703 13404 10788 5416 14393 18886 16450 7329 5499 17737 13065 9425 15197 17808 6162 4806 9709 17466 2880 7377 1667 20743 10364 8630 5475 19461 13750 10323 11269 14529 18739 9847 13581 14473 15861 14218 6279 5818 16875 5315 4022 19759 17071 13536 16640 14874 11512 12028 1672 5557 2545 14651 19668 19658 13523 2658 16086 3364 6585 21349 10156 14952 12966 6087 6413 13885 16807 10312 5027 12737 14965 15207 14068 20073 3970 12703 15546 7538 12094 1176 4928 9088 14322 11738 15021 18601 9525 18177 15359 3853 11685 5903 7001 13841 437 6931 21426 15873 5319 4688 16667 4789 18195 13366 15113 7326 18751 17581 20884 8615 14230 17044 13255 10553 12262 17324 7132 15215 15701 9260 7792 3878 13087 17296 8398 14279 9906 16228 1224 8292 14507 18735 20032 16295 8935 6964 21185 13320 3920 7809 10891 10040 16983 5463 21417 12472 10689 6526 17513 19067 17443 12824 7577 10495 13705 16797 873 13026 12775 16456 12159 15518 16071 9576 20513 16887 6500 16291 5477 3685 5685 18775 20180 17172 13432 2609 16629
11220 9927 9574 11654 12149 15048 5425 7037 14463 14158 10944 13701 1215 11250 16223 11291 14815 5436 15809 9544 6614 10664 4025 13058 14572 5605 16248 16596 11648 15751 5323 2760 17095 1434 16876 7761 4690 11140 15733 7169 19542 12711 6269 7762 14003 6241 7562 5584 6791 3646 2356 675 3352 8136 16371 1943 14913 6009 13604 12965 7443 6718 19671 11040 17274 15458 10709 8131 9828 11018 13035 7394 1802 7991 12696 11146 9808 17478 5400 9911 18188 5354 5645 16263 13974 6341 7844 8465 15938 7666 9385 6170 3891 11667 16554 1329 13955 10500 11101 16673 12317 81 16265 10014 14597 3524 12478 9297 6903 16115 9765 14039 13579 5888 6131 6203 16582 8197 11809 12143 11500 13218 4347 16437 11803 2298 4126 11210 7890 6494 17260 0 9845 10731 15465 6183 13209 9015 535 8763 5107 2488 15495 12175 15575 5984 11879 11106 1646 11876 14617 11782 12267 15440 2407 3316 8122 16611 9277 1626 15624 12939 2318 13059 9297 7227 13200 19022 9108 5994 16450 6906 8889 6909 7516 4567 11946 10243 16599 9707 11783 11372 9148 11553 19641 16583 5104 11034 8524 10267 15552 14903 10789 7440 3767 10610 20652 13304 2375 6801 837 11698 2433 9958 9956 7976 6434 8863 394 1934 15920 6510 2213 4011 7028 5119 18103 6820 8553 4500 5328 10671 15872 6189 5026 5261 9650 12470 6263 2324 12683 12341 11786 6033 16889 8741 9823 8482 15859 13686 8674 11505 19298 10073 18923 5696 6959 8641 11873 7040 3572 11721 9992 8259 5505 7443 3719 3186 1539 4027 11091 17865 3404 12466 13243 3680 6751 6241 1747 3939 9153 11833 18852 14484 15198 2672 2419 2409 4359 18490 6750 15805 14529 4496 16922 7954 10213 11223 12657 7007 4750 8190 17446 10491 10963 9928 12393 3775 13471 6446 3292 15606 11244 16102 16055 13978 3392 16037 4118 5164 7850 1279 2906 13408 5828 16368 10261 5824 17665 11456 4771 5749 12735 17923 10730 15005 1046 15471 5228 14266 1700 4296 4390 10317 4311 8191 10393 10200 6600 4681 10129 10916 4134 8035 11414 17057 6143 4112 8882 10666 11693 9585 16822 12824 14464 1552 8234 1560 17368 15196 6875 15565 13384 12060 9652 14949 298 13727 7080 4912 10102 13667 2980 3944 4996 11711 9687 15096 4207 4719 16574 15720 9861 7077 5266 4941 12368 8747 5953 8143 11407 1328 16250 17989 11856 4679 8403 8264 9449 16312 4624
17190 6440 8475 2855 5858 5475 12376 9399 10973 10115 1203 11631 10278 5485 7164 4456 6014 4699 12009 15929 4540 6054 6071 11249 12811 9274 10741 6750 12789 6284 13013 8542 7259 9780 10842 2918 12914 10253 6833 6665 13605 8041 11955 2083 5169 5398 10045 6035 3384 9806 11775 9441 7872 10383 7212 9350 7428 11123 7247 3332 10602 13170 14979 1256 7448 7698 7898 13270 5213 15854 8291 14345 9355 5764 4124 5955 1391 8656 10846 3385 12208 6206 6302 8896 6209 3959 7963 6838 9155 12472 10080 11229 6662 9903 7085 10380 6225 12886 1536 7496 2500 9779 11006 4153 6219 8725 14421 10394 6910 9407 499 10446 5096 14062 12585 13612 6773 2714 5499 3316 13339 10935 12262 8382 10988 8443 8959 5654 10213 6075 11982 9845 0 9641 5621 4125 8160 6701 10162 4020 4741 10072 9366 2943 12110 4675 7273 2779 10884 9018 5901 15150 4043 11080 11018 8387 9437 9074 2072 10332 9555 4889 12060 3928 2818 5333 13889 12896 14079 13121 7325 6308 3767 3333 6294 11793 5444 4612 8387 4179 2598 16020 11923 13689 13933 9960 7145 14171 12322 14953 6797 6865 9787 12483 9236 15764 15278 9479 8048 11450 10503 9131 8077 3428 14851 6258 9694 4976 9894 11444 11270 6400 8656 5840 7723 8343 8764 8673 7096 8901 9961 17198 12307 10696 12233 10227 12108 6724 3871 10090 5158 4709 7665 6737 7069 3926 15446 6001 7599 11272 9819 17923 14786 8351 13334 10318 7359 6477 7396 8191 8138 13648 12831 13844 8028 7130 7966 6841 8404 9876 6829 9651 7346 6876 9042 10273 5771 3617 10538 10580 12258 2017 13071 6916 11230 8539 11598 11590 5757 14290 13789 9066 6331 12151 7290 13907 14273 7172 5582 3069 6496 9937 9575 14336 3237 15528 3353 10655 8309 10704 6652 6762 14495 10919 8373 4672 9213 6197 10897 8041 5663 11122 10153 9030 5481 8168 7353 11270 12411 5186 11990 12906 10424 10206 16955 12764 10859 5748 11912 5734 10486 13008 11415 10745 5541 5277 1474 12441 10369 6996 7223 16241 6087 6131 4200 14021 3727 12705 7212 15485 13317 15903 10982 4192 5175 11287 8451 10022 8037 6656 10291 5829 8634 4228 12199 5309 9716 11901 10488 6207 1301 12669 8140 9219 6942 15339 7227 5367 5851 6506 11110 5936 13858 14264 8012 12021 4725 3673 9890 15280 9729 8518 8264 10748 9250 8477 8570 15531 13995 12620 6419
9895 15080 1352 8401 5548 14091 15942 3966 3981 4055 10574 2973 10027 5063 16191 13976 15341 10090 5276 9388 6301 15091 8069 2338 3936 5366 6605 13799 3393 14948 9218 11966 14471 9483 7493 10768 9770 618 16019 4084 9631 3881 16417 9020 14559 5804 16273 12025 7684 13535 10806 10950 11850 3466 16141 11961 7730 6273 5900 10168 4368 7993 9153 10528 13863 8354 2005 18247 4527 7989 4051 9027 11852 4206 8290 4469 8326 11142 6611 6418 8499 11991 12334 8368 7652 7395 15095 14640 7532 17598 1880 6219 11000 991 11827 10019 15847 4210 11008 11242 10508 10656 6439 5682 15712 12727 5091 2258 4175 7571 10059 3692 14628 10236 7803 9160 14352 7169 5574 8508 4166 2505 9207 9316 1392 8467 6703 14961 3584 12795 7256 10731 9641 0 13035 10357 4411 2996 11266 5639 8806 12821 6611 12384 4956 6852 3716 7847 10280 1905 9228 6434 13674 5219 13101 12292 16231 8790 7569 9702 6639 7678 12668 9215 11870 12689 4264 9306 6985 8663 10994 13281 12448 7583 13670 8394 5780 13782 9631 5552 12111 7966 4098 4594 9581 7804 5816 5569 5163 7256 16078 8414 148 17451 13270 8181 10336 3353 11062 5825 11537 1587 11166 6393 7366 13924 15367 4678 11080 10803 5775 13080 8525 8932 14436 5620 17299 3952 14878 6325 14798 10404 5258 15772 15585 6248 3880 4973 10028 12706 14797 7070 3195 13015 14494 5735 8372 14020 9237 2969 2457 10846 8744 1290 8874 15243 3934 3310 3576 14772 7171 4451 4529 7431 13654 3606 7042 8523 9544 7197 3469 10503 11326 4803 3631 13811 12722 9102 9782 7781 4506 10891 8928 7624 4816 8061 13133 13123 7930 7888 8849 7404 8446 15130 12572 7813 6323 3199 6469 9886 11732 3061 9760 6194 12828 8406 12838 14062 4620 5460 9929 9966 5872 6260 8607 9923 7478 13120 7889 13423 4367 11441 8410 3864 6153 9466 2393 6599 7585 5569 15312 8618 2070 9920 9947 4291 11544 13943 7876 8790 12369 10389 14828 1645 8860 13280 11109 3854 5029 12173 2490 8658 10430 3873 6600 6326 8526 10115 2600 7718 4038 9308 7297 8403 14233 12071 15651 9519 12056 9263 15993 13961 4191 7276 3994 11277 10436 3032 16233 6570 8550 3294 11779 13386 12388 6743 2414 11694 8091 11712 6824 13838 6025 9233 5468 8291 14364 5989 15172 9741 759 10027 9109 9445 1671 13399 15826 10031 6566 5701 11521
21965 9691 12236 4789 7639 2028 17581 14120 12651 11675 4547 13992 15885 7976 4004 6632 4148 10216 13209 20885 9752 8817 11657 13846 15079 14341 10984 1138 16426 2552 18391 14017 1659 15376 10591 8084 18372 13569 4201 11351 12790 9937 16943 7703 3982 10555 14512 11197 8885 15142 17377 15049 13308 14860 3802 14884 6975 16201 8120 2973 15299 18319 14933 4440 1991 6753 11034 17980 8719 20390 10023 19520 14900 10202 4760 8575 5956 5649 16021 7062 11649 11406 11405 7915 6139 9436 12226 10849 8728 17185 14100 16283 12142 12890 3206 15985 5912 16969 4472 4215 3207 15398 11379 7618 4958 14087 18124 14487 11670 8963 5721 12208 4607 19474 17779 18913 1332 7793 7517 4565 17156 13353 17706 6715 14149 14013 14297 7979 14747 10937 12081 15465 5621 13035 0 9558 9717 10625 15773 8341 10362 15555 9508 3912 13511 10071 9575 5427 16487 11699 4578 19283 5061 12128 16541 13794 13672 7818 6718 15924 9684 5498 17665 3823 7017 10030 17156 12053 18807 18399 4242 10992 7941 8804 10743 17171 7326 7683 6488 7862 4207 20486 16284 17565 13254 9412 12383 18337 16927 19521 4474 5992 13179 17256 14551 20401 14649 11399 13601 16387 16113 11937 13621 7058 19489 10515 14459 9075 15506 17053 12050 11215 14225 11460 12277 13514 4395 13428 11064 14179 14999 22124 13595 15584 17494 15394 16337 8440 9365 15589 5951 6014 10112 11670 1540 8282 20236 10042 5988 13528 14064 22785 14907 11870 12872 15294 12080 10579 9729 12737 13584 17453 17075 18748 13018 11696 13400 12446 14023 15234 9594 7296 12824 8637 10863 15615 10584 9228 16127 15971 16669 3643 12500 6648 12515 14072 17155 17147 11335 14728 19013 8718 5563 17492 2767 18893 18722 9899 6788 8566 11811 14353 7717 18712 5814 20307 4021 15998 9712 15656 12249 4594 18660 11379 7218 3239 14651 759 16279 13113 10173 16742 15649 10732 10750 6381 10672 16396 12428 7473 17271 18203 12968 8349 21813 14771 16475 1329 17198 4871 16046 18524 16710 14504 11162 9540 5315 16544 15260 12261 10602 20892 11616 10519 6444 15296 9343 18215 11204 20047 17056 20844 10866 4657 2952 16895 12582 15612 4167 5118 14975 1261 10218 5761 16444 2049 15337 14332 15132 11595 5633 15367 13611 14505 12138 19540 10837 1588 11440 11827 11284 945 18332 19490 13162 17361 5773 8089 14784 20446 12812 14137 6745 9299 11994 13640 12643 20714 18615 13751 11776
15495 4965 9011 6657 8663 8921 8265 8452 12923 12248 5027 13001 6898 7957 10041 5276 8639 758 14161 14003 4057 5298 3349 12471 14131 7702 13554 10695 12846 9594 10386 4460 11132 6520 13879 1579 10068 10953 9556 6388 16699 10281 7932 2314 7822 4624 6472 2080 2784 5681 8381 5664 3763 9671 10187 5336 10914 9304 10219 7456 9524 11045 17626 5147 11473 11308 9196 9386 6961 14570 10591 12101 5361 6191 7905 8188 4695 12657 8850 5874 15275 2193 2392 12395 9752 2968 4833 4287 12428 8602 10025 9448 2584 10968 11206 7017 7908 12416 5092 11572 6594 6130 13727 6408 8459 4600 14261 10202 6430 12660 3885 12403 7414 11299 10408 11137 10572 3965 8270 7165 13142 12342 9490 12127 11737 5448 6778 5553 9440 2542 14756 6183 4125 10357 9558 0 10593 7487 6395 5447 1834 5998 12372 6031 14123 3537 9391 6312 7511 10496 9815 14438 6100 13419 6985 4268 6137 12646 4598 7070 12546 8479 8224 7931 3133 2336 14226 16042 12627 10724 11388 2982 2919 2916 3318 9237 8309 4412 12189 6222 5644 14824 11189 13394 16947 13201 5577 13489 11198 13679 9385 10554 10481 8574 5113 14343 18201 11460 4082 9867 6714 10483 4090 5932 13483 3571 5882 6188 6141 7996 13745 2863 5652 2594 4293 6691 11922 7792 4522 6892 5941 15266 14375 6754 8111 8315 11530 9351 364 6031 6623 8081 9590 2986 10894 5365 13813 3721 11397 12766 9515 16064 17355 9176 16283 6329 6827 7114 9466 4708 5736 13439 12163 12122 4107 6916 5632 3779 4961 7532 8706 13481 3266 9442 11158 6148 2399 1278 7278 8076 11420 5935 16088 10412 13408 5729 7618 7611 3197 16715 11474 12316 10062 8026 11411 12040 13213 8992 8756 1068 2387 9376 13285 13370 4796 13909 6223 6530 10808 9172 2898 10739 13788 13603 11977 8746 6699 10200 8393 4050 6021 7444 7345 11227 4363 11960 8607 9338 15193 7891 7866 10481 11797 13876 15142 14289 7117 9399 9576 9574 6517 9970 7290 10903 2378 3037 4299 11991 8987 2903 8451 14774 2096 6498 7288 15953 1836 9699 7773 14188 13211 14004 13945 8005 8293 7477 5389 6781 12145 10529 6516 9501 10969 7656 11593 9434 6126 13184 6737 4440 4889 13647 4054 5100 2896 14530 8219 9478 3157 2394 13923 9693 12792 11918 6473 9545 6273 5192 5968 13008 10733 4911 11980 14258 10635 4413 5554 13217 12712 14759 2297
14306 14486 4516 5837 2358 11187 17825 7654 2987 2035 8674 4315 12835 2719 13379 12564 12839 10642 3861 13762 7046 14197 9607 4276 5367 8768 3074 10259 7507 11992 13067 13613 10923 12240 3672 10343 13480 4705 13344 6090 6363 567 17966 8552 12179 7091 17042 12607 7870 15203 13936 13222 13262 7610 13262 13925 3425 10159 1682 7240 8431 12104 7035 8577 10115 4019 2881 19655 3680 12388 372 13216 13848 5233 5130 2405 6792 6817 10347 4914 4985 12659 12930 3960 3684 7901 15370 14542 3172 18918 6171 10146 12156 3777 7853 12864 13813 8586 9103 7114 7950 13128 3172 4240 13390 14218 9122 6584 6398 3251 8656 2509 12435 14153 11808 13170 10949 6652 2678 5689 8378 3723 12848 4937 4999 10944 9735 13811 7653 13124 4205 13209 8160 4411 9717 10593 0 4241 13722 5161 9623 14811 2394 10261 4015 7758 1332 5543 13238 2539 5350 10723 11791 2925 15363 13780 16725 4381 6357 12606 2485 4264 15420 6048 10901 12707 7815 5815 11371 12645 6879 13528 11742 7726 13746 12066 2771 12762 5262 4384 10102 12348 8486 8819 6515 3585 8155 9916 9506 11666 13486 4246 4513 18833 14795 12591 7673 1693 12765 9884 14045 2856 12853 4860 11776 13866 16345 4586 13486 13824 3172 13450 11073 10221 14882 8574 14111 7298 14801 9403 16103 14806 4182 17031 17532 9847 8291 1456 10229 14736 13006 3911 1503 13565 11020 5238 12774 13774 4953 3836 6565 15257 6774 3897 5813 16538 6479 4588 1338 15301 9777 8628 8936 11748 14543 5935 9597 10324 11766 10484 2121 6092 12674 1288 1155 15575 12936 9357 12739 11195 8899 8629 5690 3434 3086 10660 15596 15585 9342 6187 12953 3038 4425 17194 8647 12094 10731 1999 3001 9760 12606 7118 5353 10591 11312 12809 10718 15894 265 9365 11352 5894 10205 3033 4209 6479 10460 9614 11386 14400 5385 14193 11542 1016 7524 5113 3105 10467 4637 2974 17255 12554 3438 5545 14355 5063 14177 10842 11687 4958 14644 13993 16708 6049 10030 13006 9544 8252 8902 13122 3202 13066 11496 5174 4025 5920 8895 13692 4519 12124 8192 13686 3615 5195 11592 14715 15916 12356 7902 5177 16989 10830 512 4326 8405 7741 12941 4666 17222 8349 6862 5767 13320 14867 13245 11056 3678 8199 9524 12597 3424 10620 10436 13373 8287 12051 12598 5401 16310 13994 3832 12179 4733 5187 2821 14570 16069 14286 10970 4469 12427
11444 12113 1774 5848 3909 11446 13844 3843 5675 5212 7694 5517 8598 3089 13475 10990 12532 7302 6998 10539 3457 12101 5658 4984 6644 4684 7240 11509 6100 12309 9078 9692 12169 8005 7908 7793 9402 3614 13257 1855 10530 3717 14132 6030 11726 3162 13637 9279 4750 11290 9701 9074 9447 4303 13451 9880 6670 6296 5000 7667 4893 8383 10767 7662 11730 7296 1804 15902 1920 9783 4035 9564 9791 1308 6062 2662 5434 9880 6365 3655 9190 9273 9596 7761 6136 4525 12291 11745 7212 15205 3504 6320 8460 3488 9985 8626 12925 6380 8120 9618 7829 8934 7251 3013 12851 10377 7756 3874 2158 7348 7101 5193 11749 10190 7982 9306 11957 4175 3732 6068 6700 4868 8748 8328 4383 6731 5516 11965 4230 9983 8249 9015 6701 2996 10625 7487 4241 0 9535 2682 6079 10766 6602 9520 6860 4092 2940 5231 8998 3100 7449 8693 10744 6486 11235 9935 13500 8159 4643 8365 6711 5693 11195 6906 8873 9801 7198 10026 8304 8770 9365 10453 9460 4639 10803 7996 3938 10786 8583 2798 9225 9866 5665 7076 10627 7757 3927 7733 6386 8928 13288 7048 3137 15087 10944 9825 11662 4358 8808 6211 9851 3033 8904 3644 8923 11032 12804 1729 9308 9584 6938 10283 6852 6411 11675 4361 14729 3306 11989 5197 12375 11719 7138 13336 13524 5807 5714 3826 7145 10676 11844 5010 2777 10271 12141 2775 9751 11093 7995 5304 3443 12314 10423 1729 9909 12820 2268 403 2907 12040 5541 7008 6452 8407 11038 1718 5363 6283 7615 6304 2182 9698 8882 3754 4241 11624 9879 6214 8499 7038 6057 8098 9838 6379 6315 6430 11420 11410 5445 9669 9195 7075 6893 13142 10648 8649 8105 2242 4747 6939 9085 3781 9097 8087 9856 9811 9966 11919 4505 5568 7499 8343 8058 7088 7753 7739 6228 10828 7254 10840 1483 9964 7318 4397 3576 8375 1272 6575 8657 3540 13247 8643 4323 9444 11353 6816 9962 11391 7707 7008 10508 9861 12720 4063 6281 10344 8159 5946 5112 9562 1127 10319 7840 1069 4285 8587 5652 9553 579 9448 6654 10482 7832 6192 11486 10502 12848 8116 10431 7711 13443 11425 4376 5054 5820 9078 8740 5696 13682 4261 5685 6218 9443 11038 9744 8933 754 9447 5622 9069 7562 11350 7722 9650 4060 8028 11411 3029 12676 10426 3261 8053 8119 9288 3192 10900 13019 10714 8052 7557 8883
11541 9913 10108 12050 12630 15298 4927 7565 14995 14686 11239 14235 1597 11734 16416 11414 14997 5660 16342 9857 7072 10687 4452 13592 15105 6129 16765 16907 12159 15986 5611 2631 17395 1922 17387 7974 4930 11674 15915 7692 20060 13226 5822 8081 14195 6729 7276 5624 7181 3300 2450 732 3296 8654 16571 1697 15383 6476 14095 13321 7951 7082 20203 11339 17604 15922 11236 7675 10318 11410 13551 7699 1567 8499 13112 11641 10181 17908 5868 10353 18703 5388 5654 16742 14429 6751 7705 8407 16430 7234 9914 6635 3992 12202 16938 1692 14076 10993 11380 17079 12646 611 16786 10477 14751 3321 12967 9824 7430 16610 10060 14570 13752 6093 6511 6494 16870 8606 12286 12543 11998 13753 4647 16895 12336 2829 4653 11267 8410 6498 17783 535 10162 11266 15773 6395 13722 9535 0 9226 5440 2085 15999 12416 16109 6428 12391 11512 1893 12407 15040 12231 12443 15968 1886 3174 7889 17087 9675 2024 16130 13377 1911 13452 9479 7275 13711 19536 9519 6320 16860 6885 9020 7303 7491 4936 12420 10336 17053 10172 12025 11770 9644 12043 20162 17082 5630 11499 8996 10676 15725 15355 11323 7001 3491 10990 21179 13832 2425 7269 351 12230 2461 10400 10358 7953 6147 9352 270 2028 16447 6486 2747 4357 6898 5653 18314 7353 8480 5028 4996 10958 16406 5822 4524 5754 10149 12966 6501 1915 12812 12788 12304 5989 17181 9201 10185 8477 16307 14221 9204 11790 19830 10606 19444 5344 7491 9159 12387 6875 4106 12215 10477 8650 5350 7972 4252 3618 1996 4522 11602 18323 3441 12965 13767 3281 6775 6546 2107 4390 9640 12135 19371 14949 15729 3207 1889 1878 4783 19023 7063 16298 14973 3981 17290 8326 10652 11739 13123 7265 4787 8715 17914 10936 11141 10290 12617 3340 13983 6937 3539 16028 11703 16623 16524 14365 3913 16359 4549 5010 8355 1097 3368 13930 6311 16821 10784 6279 18189 11930 4273 6080 13269 18398 11039 15540 723 15741 5620 14696 1200 4469 3914 10845 4655 8233 10649 10699 7104 4658 10651 11282 4313 8549 11863 17592 6487 4316 9409 11063 12195 9902 17336 13239 14688 1132 8068 2013 17766 15630 6555 15838 13902 12497 10148 15312 831 14261 6752 5406 10470 14197 2910 3669 4964 12151 10212 15447 4624 4757 17093 16003 10307 7367 5801 5309 12510 9199 5641 8415 11942 1697 16710 18478 12389 4485 8233 8522 9876 16845 4682
13641 9687 4455 3604 3479 8933 12865 5783 7530 6814 5030 7849 8710 2641 10893 8344 9894 5482 8734 12546 2156 9578 4816 7399 9020 6067 8173 9321 8775 9792 10317 8648 9955 8122 8588 5392 10441 6255 10645 3011 11391 4834 12894 3574 9077 2625 11882 7447 2710 10208 10060 8620 8220 6594 10888 9099 6161 7907 5022 5377 6970 10040 12186 5006 9692 6696 4016 14540 1518 12134 5146 11246 9043 1882 4249 2766 2776 8816 7786 1347 9974 7499 7770 7549 5217 2790 10258 9524 7344 13791 6103 7979 7067 5979 8312 8775 10244 8949 5451 8195 5336 8683 8319 1251 10186 9182 10418 6439 3336 7549 4424 7003 9078 11432 9531 10740 9660 1620 3109 3962 9346 7160 9763 7675 7004 6704 6293 9375 6458 7987 9352 8763 4020 5639 8341 5447 5161 2682 9226 0 4516 9969 7102 6859 8724 2832 3944 2953 9232 5246 6035 11243 8062 7972 10656 8752 11585 7879 1967 8599 7262 4268 11074 4898 6296 7632 9873 10771 10484 10211 7954 8408 6971 2565 8666 9124 3220 8218 7844 949 6555 12261 8085 9708 11602 8061 4349 10270 8629 11249 10659 6153 5783 13717 9759 12107 12813 6046 7855 8052 9571 5300 7932 1372 11192 8827 11189 961 8966 9837 8301 8310 6884 5248 9740 5338 12251 5088 9778 6094 10992 13784 8965 11905 12604 7164 8215 4010 5084 9918 9166 3625 4165 8408 9880 98 11906 8802 7117 7545 5909 14448 11910 4350 10919 11421 3740 2471 4021 10152 5845 9655 8949 10408 9387 3368 5647 5626 7232 7219 3276 9104 7627 4072 5720 10609 7817 4199 8776 7984 8447 5493 10752 5723 7974 6575 11014 11004 4504 11269 10773 7218 5808 12326 8859 10560 10496 3579 3898 4678 7459 6109 8690 10522 7189 11978 7300 10950 5385 7327 6378 7017 10595 8187 7301 5819 6817 8654 8266 9252 1837 9915 7913 5782 2987 7613 3438 8124 9787 2736 12331 10036 6626 9185 13476 9070 9797 8959 9037 5640 9975 10738 11767 6732 5019 8035 5479 8507 6924 7980 3295 12596 6398 2225 2699 10588 3736 10420 3200 11778 9314 12504 8617 4386 8892 10315 10810 8304 8961 6526 11834 9005 5524 3418 8313 7065 8535 8084 12065 3942 3046 8754 8322 9816 8092 11457 3235 7366 4679 7451 8538 8977 10092 11248 4982 9259 8733 350 11171 12161 5786 7562 7487 9336 5437 9448 10968 12435 10320 9337 7285
13689 6787 7455 6702 7964 10041 8398 6641 11688 11100 5859 11571 5573 7153 11403 6960 10056 1321 12975 12220 2648 7131 1578 11008 12667 5868 12669 11491 11116 10785 8732 4219 11997 5109 13103 3100 8486 9383 10960 4748 15904 9241 8378 2659 9211 3003 7562 3220 1922 5731 7076 4729 3724 7871 11517 4833 10493 7488 9521 7887 7697 9278 16593 5949 12169 10963 7858 10035 5944 12738 9564 10362 4809 4773 7843 7262 4778 12672 7050 5323 14488 3198 3531 11939 9415 1728 6296 5983 11823 9295 8313 7630 2551 9496 11539 5681 9530 10620 6047 11744 7211 5039 12794 5671 9974 4683 12490 8464 4741 12036 4686 11183 8883 9696 8646 9445 11496 3400 7580 7207 11373 10938 7876 11871 10164 3868 4983 7355 7635 4011 13828 5107 4741 8806 10362 1834 9623 6079 5440 4516 0 5651 11618 7218 12886 1987 8344 6215 6185 9165 9789 12615 7582 12324 6483 4261 7436 12236 4366 5666 11778 8239 7348 8085 4702 4065 12531 15287 10798 9010 11535 4511 4683 2067 4958 7552 7664 6191 11983 5419 6823 12991 9376 11611 16106 12558 3750 11671 9365 11846 10825 10295 8921 9212 5258 12516 17294 10276 3524 8039 5786 9112 3581 5378 11653 5276 6765 5052 5170 6729 12701 4283 4081 1099 5630 4857 13201 5996 6200 5077 6483 13488 13153 7408 8161 6501 9729 8526 1648 5631 8251 7726 8457 4212 11799 4454 11998 5498 11207 11380 7770 14278 16290 7693 15417 6916 5109 5684 8394 5976 3962 11666 10351 10310 4979 5263 3844 2186 3670 5775 7601 13276 3131 8584 10035 6152 3981 1182 5875 6363 9598 6739 15260 10016 12248 4075 6984 6975 1379 15597 9747 11701 9856 7938 11863 10242 11379 7849 8243 2132 3022 7596 12971 11538 6307 12093 7490 6508 9859 7340 2029 10762 11968 12656 11609 8980 4969 10930 6684 4804 4598 6382 5719 10135 2673 11749 7283 7534 14260 7199 7893 8772 10395 13517 13348 12884 6128 10416 7839 9482 5880 8469 7320 9216 801 4847 5407 10200 7153 3520 7127 12949 1882 5032 6841 14657 1053 8182 6279 12356 11453 12217 13128 7961 9540 6570 6850 5360 12399 10436 7409 10506 9943 7366 9789 9881 4976 11725 7646 2618 5054 12098 3863 5307 3678 12702 6830 10008 1367 3008 13030 10643 10959 10200 4641 7840 7872 4353 6695 11280 9250 3779 11702 13768 9270 4948 7027 11499 10879 13557 2828
13616 8544 11585 12327 13446 14820 3121 9326 16380 15977 11024 15790 3672 12584 15687 10484 14241 5373 17721 11929 7851 9419 5211 15159 16727 7936 17884 16691 14018 15433 7676 1537 17118 3911 18429 7496 6967 13278 15151 8989 21173 14355 3797 8072 13488 7720 5272 4610 7560 1258 4404 1986 2263 10482 15872 887 16084 8486 14973 13370 9842 9168 21530 11141 17469 16577 12538 5668 11239 13491 14683 9770 977 9603 13489 12584 10374 18318 7877 10930 19784 4370 4527 17505 15040 7256 6013 6932 17306 5180 11627 8648 3417 13715 17091 3773 13101 12933 11085 17358 12565 2532 17948 11192 13891 1713 14918 11581 8781 17505 9872 15924 12975 8091 8595 8559 16546 9040 13078 12836 13917 15262 6720 17503 13980 4421 6449 10105 10231 5298 18967 2488 10072 12821 15555 5998 14811 10766 2085 9969 5651 0 16986 11936 17531 7148 13483 11861 3965 13774 15436 14266 11700 17252 1069 1838 5974 17820 10014 4096 17132 13885 2858 13690 8825 6192 15567 20605 11591 8400 17155 5577 8180 7701 6149 7021 13185 9320 17624 10911 11561 13849 11575 13989 21319 18005 7024 13508 10993 12750 14924 15932 12894 4959 1611 13074 22410 15122 2133 9274 2085 13630 2071 10983 12435 6602 4151 10279 2098 4004 17699 5192 4417 4736 5253 7314 17642 9018 6957 6806 2948 13013 17821 3740 2771 7704 12069 13898 6211 172 11882 13356 13470 4653 16872 9925 12271 7171 16852 15729 10929 13843 21179 12028 20609 3272 8925 10371 13500 5135 5704 14148 12440 10731 3693 9349 5808 4494 3284 6473 12699 18915 2733 13925 14996 1196 5629 6549 4190 6426 11600 11932 20500 15619 17066 4875 1829 1825 5495 20405 9138 17178 15501 2383 17351 10411 12700 12879 13820 7015 3845 10485 18586 12977 10431 12375 12066 1303 15066 8888 3635 16405 13723 17794 17212 14563 5769 16198 6605 3380 9442 2901 5390 15139 7287 17391 12037 8308 19385 12704 2495 8161 14755 19115 13108 17112 2473 15347 7700 15133 1054 6450 2011 12574 4991 7091 10270 12617 9012 3510 11893 13367 3990 9723 12457 19110 6675 6329 10733 13142 14100 11977 18412 13606 14106 2405 6301 4047 17987 16087 4509 15453 15049 13009 12077 15365 2753 15848 4697 6507 10628 15885 1944 1778 3749 14198 11487 15438 5314 3822 18228 15662 12347 9430 7394 7394 11631 9871 3612 10464 13453 2795 17331 19304 13792 2767 6451 10559 11936 18254 3831
16437 15805 6879 6661 3710 11259 19945 10038 3817 2997 9607 5648 15171 4466 13428 13547 13141 12522 3876 15998 9147 15385 11776 5855 6420 11161 1495 9795 9410 11983 15454 15724 10417 14575 1508 11888 15873 6796 13499 8437 4327 2955 19996 10182 12593 9301 18842 14436 9770 17297 16303 15471 15319 9937 13264 16104 2534 12537 2163 7593 10780 14456 5695 9486 9425 2844 5263 21628 5748 14471 2679 15551 16035 7504 5594 4403 8104 5333 12736 6505 2903 14514 14755 2091 3524 9892 17024 16071 1068 20871 8444 12521 14168 5828 7002 15205 14388 10658 10000 6064 8517 15414 1873 5985 13794 16280 10915 8847 8756 1008 9861 3600 12962 16536 14178 15542 10590 8415 4103 6344 10311 5253 15242 3392 6920 13252 12113 14885 9995 14852 2691 15495 9366 6611 9508 12372 2394 6602 15999 7102 11618 16986 0 10945 4279 9857 3662 6590 15591 4707 4934 12670 12541 2815 17590 15848 18433 2464 7872 14955 192 4675 17733 6345 12182 14333 9423 3676 13593 15019 5872 15217 13105 9622 15364 14459 4073 13938 3736 6211 10868 14395 10707 10750 4599 1204 10486 11934 11768 13800 13697 3519 6692 20805 16858 14717 5918 3355 14903 12240 16329 5023 14986 6447 13938 15428 18224 6707 15757 16180 2596 15185 13390 12317 16610 10953 13827 9692 16332 11785 18086 16996 4281 18988 19670 12240 10464 3098 12012 16921 13760 4674 3896 15358 10586 7163 14967 15264 3778 5164 8889 17402 5570 6256 3973 18512 8857 6933 3700 17048 12115 10530 11068 14029 16426 8310 11932 12529 14025 12872 4434 4173 14726 3062 2985 17688 14628 11197 15094 13586 11114 9340 3735 2896 3326 12988 17860 17850 11492 5261 15308 984 3956 19363 7811 14394 12852 4365 3784 11449 14527 9457 3356 12682 12296 14996 11377 18021 2134 11739 13452 5074 12204 1872 2640 6437 12830 9222 13779 16313 7645 16514 13918 2752 9731 3675 5497 12848 3098 4482 19395 14933 5176 3371 16526 5892 16480 10768 14075 4683 16881 16387 18837 8204 12102 14507 10601 10363 11278 15053 5590 15180 13499 7486 5215 5880 10793 16085 6906 14233 10092 15917 1617 5601 11846 17017 17555 14699 6746 4435 18865 10729 2446 5157 10577 7459 15233 6000 19092 10599 8086 7167 15409 16917 15145 13022 6067 7921 11673 14521 1831 10451 12586 15722 10660 14441 13382 7277 18240 16308 5944 14419 3235 2838 4946 16538 17697 16600 13161 4345 14361
20126 5876 11287 4425 7905 2892 13764 12342 13213 12289 1828 14114 12773 7791 4260 2922 3072 6756 14099 18845 7464 5088 8703 13798 15284 12191 12417 4984 15619 3578 15799 10410 5292 12325 12311 4466 15639 12986 3898 9603 14904 10266 13068 4695 2230 8324 10600 7434 6214 11407 14276 11684 9673 13319 4338 11338 8621 14030 9017 3451 13545 16052 16638 1859 5902 8684 10536 14070 7868 18797 10464 17215 11372 8667 5352 8342 4087 8695 13731 5974 13585 7657 7614 9948 7460 6791 8316 6946 10474 13276 12959 14141 8575 12542 6533 12885 3560 15789 1419 7303 2434 12117 12744 6730 3332 10382 17273 13287 9852 10731 2712 12703 2247 16819 15456 16436 4672 5654 7615 4635 16205 13423 15003 9076 13691 11067 11795 4337 13152 7083 13635 12175 2943 12384 3912 6031 10261 9520 12416 6859 7218 11936 10945 0 14276 7539 9613 4763 13388 11546 6492 18067 1605 13089 12961 10127 9767 10008 4895 12882 11136 6275 14256 4649 3173 6160 16648 14165 17020 15957 7218 7106 4047 6187 6836 14586 7496 3829 8968 6835 395 18962 14853 16566 15299 11263 10037 17089 15265 17896 3853 7808 12532 13351 10810 18706 16692 11764 10109 14379 12739 11701 10113 6003 17794 6603 10560 7793 12157 13914 13180 7348 11281 8289 8369 11244 5986 11616 7166 11764 11145 20116 14436 11697 13701 13117 15026 8809 5916 11989 2817 6407 10073 7822 5009 6771 18382 6133 8258 13715 12730 20849 16510 11104 14782 11424 10301 9330 9753 8828 10916 16514 15753 16771 9168 10061 10755 9400 10845 12694 9313 10081 9241 8989 11277 11880 6726 6035 13091 13373 15192 1633 14465 8150 13333 11223 13624 13617 8416 16133 16644 10416 7262 13742 6399 16822 17213 9656 7351 5173 8114 12866 10247 17272 1921 18465 463 12260 10356 13633 8887 7056 17413 12689 9311 4893 11986 4654 13693 9285 8575 13447 12863 11221 8381 8788 10030 14166 14041 7385 13489 15736 12942 10909 19882 15153 13135 3427 14752 6529 12532 15670 12940 13583 8003 5630 1812 15346 13304 8527 9913 19183 8128 9031 6267 16177 6322 15377 10055 18428 16170 18821 12514 5344 2327 13506 8681 12577 7571 7251 11068 3537 10765 5956 15120 4731 12091 14410 11223 9049 3840 15269 10005 10749 8372 18263 9980 4525 8479 8134 12769 3786 16798 17116 10921 14833 2454 6522 10901 18150 12392 10871 9021 11670 11804 9838 8747 18395 16938 14697 8108
13571 18330 6003 9852 6372 15101 20637 8920 1201 1999 12678 2318 14940 6625 17295 16544 16820 14047 509 13508 10239 18105 12508 2894 2467 10320 3168 13922 6368 15882 14064 16529 14565 14382 4078 14091 14664 4724 17292 8549 5147 4069 20980 12273 16177 10021 20442 16037 11340 18125 15760 15736 16304 8296 17161 16652 6666 11150 5422 11204 9209 12684 4204 12584 13631 7081 5056 22759 7214 11537 3831 13599 16554 8138 9093 6180 10726 9599 11530 8777 4415 16053 16359 6343 7372 11242 18955 18247 5315 22065 6698 11080 15314 3970 11234 14938 17827 7917 13110 10327 11955 15498 2769 8044 17389 17230 7527 6989 8750 5179 12600 1722 16445 15032 12584 13912 14676 10321 6680 9691 7249 2490 14124 7668 4350 13284 11626 17762 8454 16662 3007 15575 12110 4956 13511 14123 4015 6860 16109 8724 12886 17531 4279 14276 0 10912 4867 9551 15217 3771 8974 9485 15804 1465 17903 16788 20238 6682 10211 14628 4156 8195 17585 9984 14794 16352 5839 5063 11151 13443 10127 17103 15586 11207 17384 13310 6784 16683 8011 8117 14117 11369 8459 7648 4956 5040 10524 8958 9606 11039 17449 7643 4938 21945 17794 11895 5473 2681 15636 10620 16396 3900 15736 8727 11263 17551 19643 7936 15907 15749 1812 16977 13363 13271 18397 10511 17891 8886 18502 11252 19235 14304 302 20195 20301 11195 8059 5469 13765 17429 17018 7907 4564 17022 14705 8814 12356 17517 8037 2067 7360 14551 3789 5511 4317 19680 8631 7262 4759 18787 12004 7383 8467 11824 17864 8183 11857 13093 14296 12151 5452 8302 15742 5293 3072 18443 16515 12850 14717 12735 8807 12644 4503 6902 997 12907 17992 17981 12303 2935 13525 5251 7988 19883 12045 12273 10101 5145 6977 13401 15907 7959 7474 9854 15297 12359 14733 18723 3929 10346 14357 9274 9163 2650 6919 10307 12401 13314 12838 17678 8312 16352 13358 3082 10435 7955 5613 11476 3155 6951 20025 13427 2887 7300 13782 1792 16432 14702 12756 8645 17169 15306 19513 6025 13136 16748 13522 7762 9935 16396 5767 12304 14686 7928 8032 1912 12329 15041 6809 11378 6977 13412 3753 9146 15558 16965 19510 14434 11023 8595 20284 14678 3513 8335 8155 11480 15285 2542 20522 11072 10822 3537 16292 17892 16564 9864 6109 11945 12479 15892 3116 14438 9943 13860 10322 13183 16608 9022 19530 14195 4221 14762 7514 6422 3739 17755 19672 14474 10627 745 15710
12665 8426 5501 5787 6301 10146 10090 5123 9716 9152 5878 9587 6060 5436 11797 8012 10566 3239 11012 11327 713 8611 1989 9029 10690 4697 10826 11157 9330 10959 8355 5870 11730 5495 11318 4278 8302 7439 11427 2851 14093 7346 10211 2934 9709 1091 9546 5197 1333 7452 7488 5803 5504 6282 11863 6274 8986 6507 7825 7295 6276 8513 14671 5925 11703 9510 5875 11924 4115 11490 7672 9679 6215 2787 6746 5457 4129 11500 6192 3928 12688 5184 5512 10381 8005 772 8245 7820 10158 11202 6503 6624 4428 7518 10699 6140 10390 8994 6186 10738 6867 5905 10927 4073 10639 6460 10785 6698 2910 10357 4828 9215 9510 9420 7920 8938 11314 2331 5937 6252 9665 8952 7639 10473 8222 4075 4286 8678 6067 5943 11957 5984 4675 6852 10071 3537 7758 4092 6428 2832 1987 7148 9857 7539 10912 0 6453 5196 6622 7181 8649 11109 8281 10390 7825 6022 9417 10709 3446 6012 10008 6955 8302 7191 5715 5871 10693 13501 9622 8446 10510 6429 6003 1352 6829 7134 6052 7476 10626 3780 7161 11701 7831 9938 14269 10859 2508 10141 8000 10586 11352 8928 6972 11103 7037 11336 15423 8319 5048 6910 6776 7125 5130 3975 10439 7105 8731 3174 6165 7219 10784 6231 4275 2466 7602 3720 13438 4419 8051 4229 8375 12601 11182 9320 9814 5581 8128 6761 3230 7093 9156 6360 6527 6190 11584 2796 10930 7249 9879 9393 6021 13349 14358 5715 13571 8815 3324 3698 6492 7957 3513 9966 8796 9284 6954 3380 3330 2812 4445 5207 5691 11899 4918 6797 8100 7834 5873 2341 6204 5924 8103 6643 13434 8540 10293 4051 8192 8182 1673 13649 9117 10030 8547 9515 11139 9306 10011 5920 6720 3278 4998 5937 11510 10128 7115 11018 7898 8165 8003 6170 3600 9639 10451 10782 10124 8125 4582 10536 6237 6766 2612 7177 5584 8211 912 10394 5303 6631 12386 5567 9539 8232 8409 12014 12390 10898 7026 10378 7238 8289 7145 8463 8981 7370 2273 6540 5789 8559 5888 5484 5147 11797 3783 3046 5435 12673 1759 8152 4301 11111 9718 11308 11319 6878 9830 7533 8802 5704 11459 9215 9373 10451 8048 6077 8200 9212 5772 9746 9610 1537 4449 10146 5565 7110 5657 11236 4844 9424 1847 4983 11181 10518 9588 9591 3412 7351 8742 2775 8631 10614 7274 4748 10290 12164 7283 6865 8976 10863 9614 11589 4799
13513 13465 3483 5264 1937 10856 16504 6511 3706 2899 7925 4531 11519 1823 13025 11724 12356 9400 4824 12851 5744 13241 8283 4298 5687 7546 4401 10246 7042 11691 11893 12296 10918 10923 4998 9247 12270 4148 12933 4777 7693 898 16664 7436 11644 5763 15812 11378 6637 13889 12641 11889 11957 6605 12936 12597 4081 9019 2264 6870 7376 11021 8259 7843 10231 4715 1850 18367 2432 11660 1221 12161 12519 3900 4830 1319 5883 7471 9168 3915 6317 11420 11701 4950 3937 6632 14199 13427 4307 17636 5287 9019 10866 3354 8127 11550 13171 7917 8364 7526 7429 11798 4477 3177 12844 12912 8718 5708 5094 4428 7757 3177 11835 12991 10689 12042 10862 5499 2088 5229 7860 3853 11629 5716 4627 9618 8453 12914 6617 11931 5506 11879 7273 3716 9575 9391 1332 2940 12391 3944 8344 13483 3662 9613 4867 6453 0 4851 11931 2127 5534 10149 11081 4028 14031 12473 15529 5364 5345 11296 3773 4094 14096 5775 9929 11559 7606 7147 10490 11511 7278 12351 10721 6496 12596 10858 2262 11823 6012 3260 9413 11657 7636 8294 7837 4821 6835 9282 8588 10890 13043 4706 3844 17545 13488 11815 8970 2207 11444 8804 12715 2383 11533 3866 10965 12739 15088 3293 12154 12520 4366 12254 9750 8911 13684 7295 13931 6098 13684 8129 14815 13944 5085 15750 16208 8645 7507 1257 9029 13407 12280 3567 544 12345 10973 4028 11919 12680 5557 4111 5580 14444 7971 2898 7131 15252 5199 3273 154 14094 8461 8135 8194 10786 13289 4650 8279 8994 10434 9225 789 7000 11372 1089 1802 14256 11759 8138 11433 9948 8051 8005 7017 3926 4053 9340 14264 14254 8022 7325 11861 4170 4731 15866 8885 11102 9977 718 2826 8603 11344 6093 6327 9872 10487 11963 10075 14573 1592 8242 10040 6250 9587 4330 5056 6373 9168 9577 10150 13137 4053 12871 10257 1842 6196 5830 1900 9320 5933 2241 15932 11408 3419 6608 13518 5542 12850 10600 10513 5102 13312 12761 15386 5344 8726 11911 8708 7544 7778 11855 1968 12300 10209 3846 3372 6768 7655 12456 3268 11372 7710 12780 4947 4924 11153 13388 14749 11043 8340 5547 15733 10602 1599 3881 7621 7706 11612 4847 15967 7017 6001 5816 12008 13563 11988 10459 2442 8143 8203 11333 4746 10434 9652 12295 6999 10861 11861 4214 15038 12971 3317 10847 5506 6374 2426 13289 14907 13262 10131 5433 11160
16540 9217 6907 651 3189 6252 14477 8705 8464 7555 3132 9365 11255 3033 8345 7047 7554 6685 9402 15484 4697 8802 7085 9073 10530 9016 7981 6378 11194 7112 13220 10396 7019 10691 8064 5477 13297 8424 8190 5955 10828 5512 14237 3998 6814 5395 12612 8371 4345 11828 12682 10840 9819 9434 8295 11049 4700 10860 4489 2454 9877 12992 12227 3034 6741 5031 5905 15688 3364 14968 5723 14197 11023 4785 1629 3597 1638 6458 10729 1638 9429 8502 8670 6183 3496 4764 10627 9571 6386 14899 8731 10932 8590 7883 5506 11336 8323 11607 3561 5568 2663 11030 8260 2221 8006 10747 12883 9105 6286 6636 3272 7950 6985 14327 12478 13672 6756 2909 2871 1059 11869 8677 12621 5817 9083 9271 9155 8338 9320 8594 9222 11106 2779 7847 5427 6312 5543 5231 11512 2953 6215 11861 6590 4763 9551 5196 4851 0 11819 6824 3576 13922 6257 8427 12695 10357 12082 6394 1851 11206 6780 2188 13415 2006 5597 7950 12083 10121 13382 13146 5347 8892 6538 4216 8952 12015 2773 7355 5878 2443 4576 15071 10870 12263 11154 7189 7205 12964 11500 14097 8268 4249 7995 14880 11299 14974 12500 7005 9739 10999 11863 7000 9793 1632 14061 8962 12149 3647 11243 12416 8576 8927 9468 7213 10311 8258 9506 8023 9831 8985 12250 16715 9724 13063 14280 10104 10943 4087 5983 11845 7469 1931 5320 9193 6960 2906 14814 8744 5086 8958 8655 17366 12047 6610 10556 12641 6681 5160 4992 10770 8589 12172 11681 13343 10404 6278 8395 7924 9574 10090 4592 7171 9244 4258 6525 12274 8324 5375 11396 10850 11251 3156 10293 4189 8628 9223 13168 13159 6750 11582 13719 6294 3750 14108 5981 13505 13305 4932 2811 5272 8667 8929 6983 13303 5791 14883 5225 12644 5662 10277 8244 4547 13289 8180 5707 2943 9615 5707 11142 10361 4766 12334 10681 6479 5675 5648 5454 11074 9648 2624 14020 12965 8207 7587 16394 10390 12151 6162 11963 3288 12075 13545 13442 9209 6929 8003 4045 11175 9868 9195 5359 15465 7941 5095 1519 11459 5186 13229 5807 14622 11794 15440 8207 1746 6401 12638 11135 10899 6269 4246 12769 6193 6039 1453 11047 4128 10916 9667 12980 6603 1532 10562 10018 11314 9207 14165 5523 4416 6898 8670 8349 6122 12912 14195 7901 12168 7057 2745 12272 15113 7757 9815 5674 8047 7093 10713 11265 15387 13188 10008 8545
9651 11515 9250 12407 12457 16226 6604 6384 14161 13964 12031 13204 616 11548 17522 12725 16138 6753 15497 7966 7158 12220 4836 12555 13981 4937 16206 17605 10739 16962 3718 4406 18137 1128 16904 9066 3051 10617 17052 7154 19475 12710 7624 8820 15309 6614 9164 7145 7640 5191 892 2320 4984 7335 17653 3558 15274 4866 13830 13851 6542 5226 19384 12115 18227 15850 10564 9449 10099 9577 13024 5808 3420 8150 13353 11360 10666 18044 4274 10479 18165 6922 7229 16553 14425 7126 9489 10083 16132 9057 8743 5016 5413 11253 17320 505 15383 9454 12232 17347 13297 1649 16180 10464 15970 5161 11397 8588 6840 16290 10864 13776 14923 4242 4677 4602 17657 8938 12146 12874 10484 12785 2756 16857 11216 2549 3598 12729 7107 8079 17143 1646 10884 10280 16487 7511 13238 8998 1893 9232 6185 3965 15591 13388 15217 6622 11931 11819 0 11633 15229 10515 13608 15236 3552 4962 9754 16923 10048 640 15704 13490 2434 13812 10644 8770 12281 19002 7720 4436 17115 8507 10321 7739 9117 3100 12304 11721 17047 10146 12994 9945 8135 10486 19531 16726 5117 9835 7374 8871 16890 15368 10317 8812 5373 9142 20460 13123 3971 5655 1899 11420 4040 10520 8543 9574 8035 9161 1959 605 15745 8113 2356 5100 8672 4742 19360 6332 10179 3968 6889 9066 15518 7705 6185 4301 8653 12665 7538 3793 14102 12856 11764 7649 17952 9226 8320 10066 16337 13247 8030 9898 18990 9805 18810 7233 6788 8658 11904 8686 3487 10679 8902 6820 7151 7319 3678 4043 2555 3140 11156 18282 4989 12635 13129 5154 8319 7363 504 2779 8079 12897 18775 14878 14941 2665 3211 3202 5164 18151 5173 15996 15039 5592 17748 6474 8911 11240 13059 8228 6320 7487 17801 9209 12306 8424 13639 5181 13503 5442 4633 16218 10018 16011 16412 14745 2828 17018 2860 6810 8032 1305 1896 13313 6246 16819 10182 4626 17531 11816 5958 4199 12336 18235 9147 14472 1610 16597 3811 14852 2992 2657 5676 9631 5390 9736 11583 9200 5689 6291 10065 9419 5557 8119 11929 16572 7160 2466 8764 9238 10702 8012 16818 13486 15703 2010 9880 928 18077 15753 8448 16685 13353 12626 8639 15803 1528 13188 8645 5290 10975 12996 4618 5551 6610 10409 9600 15989 5050 6288 16513 16813 8587 5475 4985 3466 13769 9276 7533 6525 10999 2639 16661 18205 11572 6320 10049 6637 8110 15961 6178
11782 14932 2408 7295 4064 12941 16874 5563 2606 2343 9798 2618 11311 3821 15097 13463 14375 10363 3948 11293 6526 14813 8737 2252 3798 6852 4790 12373 5004 13783 10946 12758 13045 10737 5643 10626 11443 2166 14984 4785 7934 2042 17209 8814 13638 6260 16727 12348 7719 14354 12239 12006 12536 5281 15018 12893 5926 7998 4114 8959 6154 9820 7795 9730 12345 6537 1308 18990 3827 9853 2171 10884 12797 4395 6947 3234 7638 9335 8272 5643 6724 12351 12668 6480 5987 7563 15323 14702 5629 18299 3746 7962 11560 1264 10197 11319 15087 6048 10239 9538 9457 11797 4670 4871 14826 13460 6652 4143 5001 5666 9480 2163 13788 11996 9588 10952 12989 6865 4191 7305 5859 1923 10848 7473 2528 9578 8039 14572 5364 13018 5564 11876 9018 1905 11699 10496 2539 3100 12407 5246 9165 13774 4707 11546 3771 7181 2127 6824 11633 0 7620 8193 12956 3605 14175 13018 16565 6901 6984 11024 4739 6222 13951 7891 11515 12775 5482 7548 8890 10442 9295 13476 12216 7594 13795 10043 4376 13435 7795 4844 11318 9810 6003 6299 7939 5903 6791 7378 7061 9141 15079 6677 1993 18178 14024 10065 8827 1536 11866 7622 12704 320 11965 5604 9261 13994 15903 4360 12197 12188 4125 13326 9670 9509 14731 6892 16046 5370 14951 7676 15471 12306 4055 16433 16542 7843 5777 3336 10144 13675 14131 5686 1587 13338 13100 5342 10275 14010 7449 2299 4238 12738 7425 1829 7220 15916 4917 3502 1974 15107 8316 6118 6408 9325 14134 4443 8159 9324 10558 8661 2235 8623 11976 3147 1737 14674 12894 9217 11130 9310 6411 9970 7228 5871 3323 9222 14295 14285 8536 6633 10675 5501 6771 16135 10967 9698 8202 1893 4950 9854 12179 4827 7869 8056 12255 10307 12008 14958 2732 7186 10589 8281 7669 4492 6748 8500 8806 11704 9457 13939 4570 12715 9820 1967 6670 7640 1891 8319 5930 4292 16266 10379 1406 8017 11846 3826 12766 12708 9581 7195 13442 12021 15751 3524 9381 13248 10485 5718 6735 12660 2047 10537 10939 4167 5410 5492 8674 11735 3042 9593 5685 11213 5469 7045 13197 13303 15880 10810 10342 7567 16542 12713 2288 5979 5891 9833 11590 2883 16781 7302 7806 3740 12522 14122 12838 8523 2347 10271 8711 12163 5040 12552 7916 11074 6669 9976 13704 5577 15776 11620 1294 11017 7268 7543 302 13999 16048 11911 8469 4483 11978
18822 12012 8735 3158 3700 6351 18033 11272 8179 7207 5618 9665 14688 4380 8504 9337 8303 10234 8652 17982 8073 11394 10593 9608 10692 11896 6416 4955 12576 7055 16257 13970 5606 14109 6081 8804 16436 9681 8599 8754 8489 5673 17745 7513 7832 8653 15946 11841 7905 15391 16072 14380 13387 11716 8334 14622 2402 13652 3680 3052 12342 15774 10451 5476 4765 2264 7261 19136 5620 17055 5691 16969 14594 7542 1947 4899 5128 2883 13628 4750 7238 11988 12127 3510 1666 8294 13846 12664 4203 18340 10630 13695 12156 8873 2600 14760 9709 13388 5909 2189 4127 14540 6806 4867 9005 14308 14251 11045 9111 4448 6320 7770 8277 17377 15326 16604 5703 6444 3760 2650 13388 9069 15760 2596 10145 12685 12302 10745 11665 11964 7539 14617 5901 9228 4578 9815 5350 7449 15040 6035 9789 15436 4934 6492 8974 8649 5534 3576 15229 7620 0 15654 8085 7568 16264 13924 15326 3527 5424 14603 5111 1797 16934 2000 8532 11234 13084 7745 15712 16068 1940 12208 9539 7772 12185 15089 3548 9994 2531 5186 6520 17085 12954 13819 8914 4936 10371 14764 13788 16243 8814 1434 9361 18338 14856 17160 10317 7040 13313 13640 15391 7899 13368 4710 16278 12124 15570 6357 14773 15832 7474 12292 12874 10774 13624 11288 8927 10675 12917 12078 15752 19149 9043 16534 17843 13025 12897 4288 9501 15420 9263 2483 6074 12606 5734 6027 17159 11817 1777 9183 10773 19718 10394 8242 8459 16131 9427 7554 5682 14092 11878 13665 13611 15854 13864 8930 11680 11432 13080 13214 5801 3759 12814 4474 6504 15840 11667 8940 14785 13981 13364 5049 8111 2077 7977 12588 16726 16716 10260 10172 16560 4179 989 17680 3351 16096 15363 6037 2780 8756 12193 11189 3785 15291 8151 17214 6874 16212 5298 12970 11817 990 15075 6802 2843 1622 12849 4340 14252 13845 7589 15825 13947 6343 8994 2329 7057 13907 7902 3910 17586 15913 8749 4442 18765 10324 15662 5836 14932 445 15638 16760 17007 10825 10494 11125 6706 12996 12525 12715 7036 17651 11512 7755 3362 10730 8762 16443 7995 16745 13243 17924 6337 1831 7003 16160 14321 14303 2991 776 16175 5796 5825 2616 13010 2529 14415 10016 16377 9947 4927 11112 13591 14865 12707 15953 7395 2992 10416 12197 6724 5519 15011 17026 10935 15193 8931 5957 15734 17850 8850 13345 2530 5178 7922 14228 14432 18135 15417 9184 12080
4178 19401 7049 14530 11962 20134 17111 5999 9152 9735 16244 7279 10641 11401 22134 19077 21124 13902 9979 4623 10879 19687 11262 6893 7101 6851 12232 20116 3260 20997 7402 14083 20784 10355 13192 15385 8237 6034 21887 8519 14626 10235 18049 13929 20296 10074 18991 15480 12342 15358 10524 12306 14316 4835 22123 13605 14118 5789 12298 16344 4923 5587 13171 16231 20242 14730 8397 19906 10572 2181 10351 5793 13465 9401 14604 10825 14010 17529 6395 12344 13845 15355 15727 14607 14085 11855 18518 18510 13683 19445 5191 5625 13954 6945 18255 10558 21306 2315 16649 17675 16517 11734 11936 11701 21369 14934 2015 4821 8322 13673 15478 9174 20245 7855 5966 6745 20613 12449 11957 14718 2359 7483 8069 15659 5760 10177 8143 19786 5043 16421 12448 11782 15150 6434 19283 14438 10723 8693 12231 11243 12615 14266 12670 18067 9485 11109 10149 13922 10515 8193 15654 0 19133 10505 14046 14576 19290 15022 13185 10215 12651 14062 12783 15502 16800 16652 3749 14538 2990 6546 17427 16934 17106 12300 17459 7472 12167 18585 15985 11491 17741 1927 3279 1920 14399 13794 8865 980 3353 2098 21894 14838 6306 19222 15342 2665 14665 9325 13273 5013 12348 7883 13380 12334 2458 17826 17909 10358 12175 10765 11046 16624 10092 12183 17733 7819 23423 6691 18704 7878 16968 5050 9724 17891 16694 6653 3043 11406 14198 14105 20131 13427 9624 16368 20780 11326 3429 18099 15638 7695 5339 5141 12714 7455 13791 17374 7873 8804 10008 17938 9166 2148 2328 3991 16517 8029 9179 11237 11337 7844 9864 16758 13972 11235 9754 15449 16479 13395 10162 7844 3019 16736 13988 14041 9949 9707 13717 13709 11316 11837 6121 13566 14880 16106 18992 4477 1626 9617 12885 14377 14896 5233 15975 1309 18085 3383 18495 15557 10897 5521 12769 16400 660 11771 14924 16267 8648 19434 7687 16208 9492 11810 8876 9981 10201 15833 8661 5958 12635 11907 16461 6699 7495 16040 4499 7816 12120 20083 6737 15214 13423 8994 16141 4833 12269 17462 16534 2748 5562 15177 8712 2963 13606 9039 12856 9663 12835 8880 8121 2166 2583 4515 12921 14725 20134 12514 19032 10225 18488 15696 18444 20115 10409 13582 2953 17623 11512 6985 18669 9999 14288 5954 14081 15503 15471 383 8448 18023 11404 14868 12331 20033 1928 6188 7989 7136 19704 11567 17525 5911 6902 11804 15455 15403 7904 15938 19215 6115 2476 10066 14685
20946 4664 12518 5974 9433 3492 13203 13282 14721 13810 3161 15548 12994 9258 3991 1590 2556 6857 15641 19591 8333 3759 9142 15203 16724 12978 14009 6011 16831 3881 16306 10217 6175 12599 13914 4545 16067 14285 3473 10617 16509 11769 12370 5347 1791 9182 9682 7094 6954 11020 14480 11718 9462 14329 4173 11198 10227 14775 10592 5052 14474 16723 18235 3238 6989 10287 11890 13199 9204 19725 11980 17854 11251 9784 6947 9789 5356 10200 14423 7325 15190 7332 7213 11551 9063 7511 7383 5969 12079 12420 14107 14897 8480 13899 7953 13112 2184 16889 2720 8785 4038 12216 14332 8095 2393 10059 18457 14411 10832 12336 3665 14205 1315 17279 16108 16996 5507 6692 9126 6215 17370 14853 15458 10662 15011 11440 12417 2921 14145 6552 15230 12267 4043 13674 5061 6100 11791 10744 12443 8062 7582 11700 12541 1605 15804 8281 11081 6257 13608 12956 8085 19133 0 14644 12755 9863 8770 11606 6107 13153 12733 7868 14207 6254 2970 5609 17928 15770 17890 16542 8718 6463 3524 6958 6080 15114 9020 2747 10544 8163 1691 19914 15881 17713 16905 12869 10783 18153 16203 18820 3286 9411 13821 12524 10424 19597 18298 13257 10053 15190 12747 13092 10039 7361 18692 5765 9794 9018 12197 14096 14749 6766 11651 8585 7575 11995 5944 12556 6158 12432 10529 20866 15972 10971 13188 13827 16092 10335 6079 11774 1222 7974 11522 7285 5847 7969 19211 5227 9845 15163 13820 21624 18103 12385 16387 10759 11284 10518 11217 8009 11468 17679 16807 17565 8594 11104 11323 9750 11055 13278 10732 11634 9105 10511 12781 11484 6194 6431 13361 13912 16200 3206 16071 9755 14872 11656 13463 13457 8889 17715 17259 12020 8866 13299 7726 17575 18187 11077 8917 5452 7860 13903 11826 18270 1304 19298 1215 11855 11897 14449 8995 8618 18475 14274 10911 6478 12514 5819 14234 8764 9674 13513 13301 12736 9171 10369 11360 14880 15638 8877 12997 16310 14359 12487 20667 16622 13166 4221 15351 8131 12404 16024 12473 14785 8320 4886 2604 16444 14155 8201 11236 20064 8136 10153 7774 17710 6831 15744 11254 19350 17353 19575 14115 6942 2568 13488 7675 12858 8986 8839 10244 4342 12291 7513 16180 6206 12221 15834 10375 9723 5158 16651 9822 10339 7996 19307 11260 5948 8922 7885 14363 4675 17767 17722 11693 15388 848 7715 10201 18783 13736 11009 10611 13263 13203 9360 7715 19015 17853 16243 7897
14493 17408 6006 8670 5242 13768 20326 9118 1366 1281 11557 3231 14907 5639 15958 15467 15538 13414 1085 14286 9691 17121 12118 3641 3750 10445 1789 12504 7289 14533 14437 16155 13141 14330 2742 13243 14976 5157 15977 8290 4416 3145 20573 11442 14922 9592 19828 15397 10659 17754 15843 15539 15868 8681 15815 16366 5230 11490 4112 9921 9586 13185 4289 11454 12190 5626 4733 22310 6458 12473 2847 14175 16277 7686 7821 5278 9716 8135 11808 7832 3382 15433 15720 4880 5998 10629 18226 17436 3851 21592 7080 11438 14817 4251 9784 14917 16620 8737 11981 8868 10724 15360 1442 7141 16134 16813 8614 7426 8538 3720 11576 1528 15221 15454 13018 14371 13270 9518 5585 8466 8193 3087 14398 6203 4992 13142 11644 16728 8803 15959 2052 15440 11080 5219 12128 13419 2925 6486 15968 7972 12324 17252 2815 13089 1465 10390 4028 8427 15236 3605 7568 10505 14644 0 17705 16371 19556 5223 9276 14626 2691 6907 17544 8685 13826 15580 6993 4145 11892 13878 8670 16378 14663 10519 16618 13588 5659 15685 6546 7261 12953 12340 9087 8615 4365 3609 10338 9888 10219 11903 16146 6214 5243 21490 17385 12790 5225 2137 15279 11039 16272 3836 15374 7779 12095 16753 19085 7282 15750 15793 565 16282 13242 12816 17711 10495 16495 8967 17694 11280 18764 15163 1482 19710 20009 11408 8744 4358 13056 17162 15864 6683 3867 16368 13290 8056 13172 16677 6578 2814 7676 15472 3968 5433 3655 19204 8494 6882 3954 18119 11895 8366 9238 12480 17290 7997 11733 12766 14083 12260 4730 6863 15291 4203 2289 18099 15786 12163 14733 12899 9465 11456 3717 5491 576 12800 17856 17846 11883 3297 14037 3786 6580 19627 10595 12901 10953 4475 5741 12626 15338 8280 6034 10734 14213 13185 13541 18399 2772 10675 13930 7830 10122 1288 5454 8950 12409 11905 13035 17126 7856 16307 13424 2195 10019 6490 5215 11814 2365 5895 19732 13836 3267 5892 14658 3150 16347 13340 13090 7256 16975 15577 19202 6564 12653 15908 12451 8521 10239 15843 5359 13222 14170 7535 6918 3171 11673 15297 6559 12282 7940 14195 2443 7863 14264 16886 18776 14407 9560 7161 19729 13313 2478 7133 8848 10088 15157 3545 19964 10746 9780 4671 15891 17471 15987 10877 5772 10552 12064 15326 1831 13061 10750 14405 10265 13499 15462 8240 19014 14836 4461 14529 6049 5064 3692 17253 18932 15121 11398 1633 15150
13098 9598 11914 13184 14117 15849 3067 9444 16774 16425 12000 16074 3420 13238 16744 11551 15299 6332 18120 11407 8511 10482 5845 15433 16963 8012 18426 17678 14045 16473 7159 2552 18117 3804 19009 8508 6397 13524 16211 9416 21721 14886 4093 8989 14542 8289 6071 5672 8362 2150 3794 2169 3299 10540 16927 1669 16806 8325 15621 14292 9835 8762 21963 12115 18441 17318 12974 5899 11859 13122 15213 9252 1677 10131 14319 13198 11249 19147 7719 11684 20347 5431 5594 18205 15794 8013 7009 7976 17959 5537 11788 8482 4403 14024 17993 3494 14169 12866 12077 18225 13517 2475 18468 11896 14956 2779 14836 11704 9177 18150 10839 16336 14035 7448 8226 8033 17553 9834 13758 13690 13876 15576 6242 18263 14197 4634 6532 11172 10295 6367 19476 2407 11018 13101 16541 6985 15363 11235 1886 10656 6483 1069 17590 12961 17903 7825 14031 12695 3552 14175 16264 14046 12755 17705 0 2901 6855 18533 10843 3841 17729 14673 1913 14562 9867 7260 15597 21175 11272 7934 18017 6643 9239 8498 7210 6650 13876 10389 18397 11604 12583 13492 11521 13914 21845 18639 7385 13338 10847 12423 15986 16700 13163 5282 2616 12678 22897 15569 2981 9120 1706 14011 2944 11736 12093 7662 4980 10892 2034 3436 18171 6259 4580 5498 6269 7506 18695 9212 7992 6905 3723 12437 18198 4373 2655 7631 12027 14520 7179 981 12950 14121 13980 5719 17877 10620 11840 8234 17633 16044 11078 13260 21599 12393 21131 3972 9273 10849 14037 6121 5930 14090 12342 10368 4722 9732 6062 5064 3623 6401 13242 19682 3726 14535 15477 1888 6698 7451 3885 6228 11507 12908 21040 16352 17489 5045 779 777 6153 20804 8640 17830 16286 2096 18278 10012 12451 13401 14539 7981 4896 10596 19324 12744 11482 11944 13101 1768 15621 8812 4455 17241 13534 18309 17941 15449 5797 17173 6362 4418 9978 2311 5225 15630 7859 18164 12499 8114 19889 13390 2416 7706 15084 19836 12571 17384 1943 16364 7363 15947 734 5808 2132 12722 5772 8160 11275 12578 8988 4576 12360 12940 4934 10217 13210 19421 7527 5731 11152 12786 14075 11462 18975 14439 15148 1667 7266 3875 18871 16897 5251 16468 15572 13793 12025 16290 2704 16108 5413 7014 11513 16069 2957 2770 4818 13951 11935 16379 5977 4872 18762 16671 12119 8891 7634 7015 12696 10586 4404 9885 13763 3186 18085 19981 14171 3795 7409 9955 11657 18635 4871
14437 6821 10989 10781 12217 13006 4141 9159 15608 15115 9285 15219 4489 11392 13849 8651 12403 3714 16932 12779 6734 7656 4281 14608 16228 7891 16848 14928 13911 13608 8606 556 15339 4486 17323 5713 8001 12802 13313 8279 20109 13363 4202 6453 11651 6784 4423 2773 6175 1475 5618 2643 540 10386 14036 1521 14747 8819 13770 11710 9874 9879 20660 9408 15727 15207 11737 5975 10128 14065 13690 10648 1630 8688 11984 11464 8810 16796 8228 9579 18700 2533 2698 16198 13654 5968 4536 5263 16080 5307 11327 8984 1768 13120 15453 4613 11275 13003 9323 15775 10862 3316 16948 9928 12056 442 14986 11348 8133 16292 8152 15127 11138 9204 9263 9479 14757 7640 11837 11292 13930 14642 7626 16097 13544 4402 6469 8310 10131 3491 17978 3316 8387 12292 13794 4268 13780 9935 3174 8752 4261 1838 15848 10127 16788 6022 12473 10357 4962 13018 13924 14576 9863 16371 2901 0 4856 16492 8535 4860 16005 12449 4542 12112 7000 4366 15437 19508 12109 9230 15581 3809 6343 6322 4401 7748 11923 7494 16195 9670 9757 14398 11648 14058 20291 16809 6513 13744 11232 13262 13086 14518 12382 5168 1016 13699 21442 14270 1312 9572 3356 12912 1203 9634 12978 4861 3334 9195 3030 5193 16784 3415 4485 3562 3725 7095 15806 8725 5322 6777 2518 13938 17069 3492 3924 7923 12109 12751 4518 1922 10050 11963 12524 2889 15086 8696 12963 5414 15412 15103 10663 14772 20333 11362 19593 2960 8361 9532 12507 3725 5528 14185 12572 11337 2190 8708 5572 3772 3241 6752 11705 17491 1131 12798 14087 1917 3811 4984 5016 6912 11738 10191 19454 14266 16239 4875 3636 3631 4492 19597 9998 15957 14062 3773 15676 11083 13083 11921 12503 5317 2017 10297 17213 13329 8597 13067 10246 2289 14025 9068 2441 14877 13990 16802 15858 12959 5928 14451 7154 1848 8518 4232 5893 14209 6362 15963 11197 8702 18406 11456 3663 8980 14115 17768 13968 16548 3806 13546 8347 13645 2659 7607 3084 12281 3753 5281 8490 12646 9098 1676 11046 14040 2422 8867 11090 18462 5209 7427 9995 13699 14081 12813 17334 12094 12279 3938 4918 4699 16375 14603 3883 13653 14065 11585 12134 13695 3467 15316 4115 5745 9043 15484 519 1104 1929 14556 10681 13745 4314 1996 17203 13872 12700 10349 7085 8119 9796 8607 2982 11428 12861 2790 15934 18029 13073 1398 5088 11561 12382 17491 2023
19292 4215 14881 12275 14732 12262 5472 13616 19037 18381 9812 19005 9321 14067 12317 7198 10928 6202 20288 17633 10044 5234 8298 18444 20103 12484 19659 14709 18313 12598 13442 5402 14929 9341 19941 6605 12805 16798 11727 12153 22757 16418 4198 8251 10407 10432 1058 4221 8906 4731 10323 7461 5011 14869 12575 6199 16781 13596 16271 12517 14469 14734 23759 9957 15655 17101 15258 4504 13098 18890 16728 15497 6335 12192 13551 14319 10454 18003 13018 11934 21335 4240 3905 18264 15577 9004 1485 2824 18405 3771 15586 13759 5390 16932 16132 9442 9262 17573 9629 16738 11464 8132 19846 12517 10309 4599 19531 15678 12105 18646 9006 18520 9751 13982 14115 14319 14267 10078 14340 12750 18441 18366 12463 17817 17574 9146 11147 6131 14618 3601 20871 8122 9437 16231 13672 6137 16725 13500 7889 11585 7436 5974 18433 9767 20238 9417 15529 12082 9754 16565 15326 19290 8770 19556 6855 4856 0 18472 10568 9704 18612 14263 8767 13334 6876 4132 19793 22082 16924 14082 16599 3217 5869 9043 3143 12604 14361 6031 17823 12345 9507 19215 16241 18615 23026 19195 10769 18421 15937 18072 11414 16287 16342 3936 4409 18536 24302 17585 6087 14325 7988 16528 5986 11992 17797 3228 1905 12308 7796 9907 19881 3275 9257 7376 1845 11587 14289 13081 2616 11416 3171 18784 20494 2911 5666 12664 16670 15457 6500 6138 8345 13969 15721 3228 14609 11502 17812 3639 17035 18804 14979 19618 23491 15129 22375 3057 12429 13110 15602 1460 10131 18714 17193 16177 2774 12652 10133 8115 8036 11538 14839 19083 5318 15556 17292 4973 3805 7397 9852 11749 16374 10581 22164 16270 19539 9605 7610 7610 8367 22852 14848 18301 15759 6081 16110 15933 17843 15121 14731 6990 4533 14700 19008 18073 7858 17916 9661 5171 16937 13770 6569 16150 18683 19725 17778 13985 10688 14419 12000 3090 12017 8846 10741 17364 10078 17604 14675 13501 21308 13966 5607 13833 17822 19633 18822 20314 8411 12979 13199 15170 7027 12356 5310 16520 7401 4237 8749 17188 13746 4158 14518 18885 5861 12463 13260 22046 7909 12204 13714 18520 18564 17667 20025 13625 11323 8379 1095 9553 17152 16087 1905 13100 17106 13511 16708 14285 8300 19161 1906 9775 10557 19516 5297 4231 3895 19295 14247 14174 8225 4556 20030 13416 17449 15191 11502 12975 8294 11326 2505 16263 16686 7617 17695 20129 16684 3459 1069 16386 17172 20883 4748
18682 15395 8825 6219 4472 9735 20632 11868 6281 5445 9001 8103 16449 5379 11820 12821 11758 12936 6244 18138 10032 14833 12695 8281 8882 12840 3600 7888 11773 10366 17222 16448 8458 15851 2928 11869 17561 9054 11979 9877 4996 4927 20514 10346 11330 10378 19005 14722 10317 17965 17696 16495 15952 11945 11620 16960 1744 14374 3160 6558 12735 16385 7147 8864 7366 1378 7175 22030 6825 16751 4739 17523 16909 8786 4960 5585 8030 2938 14500 6914 3836 14837 15028 422 2901 10568 17011 15912 1396 21248 10545 14378 14746 8103 4933 16499 13225 12940 9332 3906 7613 16531 4026 6637 12487 16905 13319 10960 10223 1503 9539 6053 11794 18328 16048 17399 8735 8855 4802 5774 12664 7681 16907 1129 9263 14466 13607 14219 11970 14984 4459 16611 9074 8790 7818 12646 4381 8159 17087 7879 12236 17820 2464 10008 6682 10709 5364 6394 16923 6901 3527 15022 11606 5223 18533 16492 18472 0 8052 16283 2551 4209 18908 5409 11834 14341 11863 4253 15750 16866 3763 15286 12821 10171 15336 16155 4667 13411 1427 6930 10018 16698 12867 13106 5445 1740 11823 14250 13877 16042 12220 2236 8888 21216 17474 16965 6845 5708 15693 14167 17430 7221 15764 6858 16156 15327 18517 7772 16831 17525 4913 15318 14627 13084 16705 12478 11949 11425 16170 13313 18546 19187 6649 19393 20397 13958 12670 4334 12302 17777 12789 4567 5761 15571 8675 7913 17155 15074 1839 7616 10907 19636 7160 8220 5057 18951 10412 8420 5456 17164 13442 12897 13309 16108 16752 9863 13249 13501 15091 14439 6018 1737 15361 4410 5268 18388 14718 11597 16441 15184 13280 8520 4682 2236 5761 14266 18891 18881 12382 7101 17225 1490 2788 20156 5711 16441 15103 6071 4001 11633 14950 11440 972 14955 11613 17191 10397 18743 4171 13603 14198 3225 14531 4096 707 5148 14272 7395 15408 16688 8896 17722 15382 5041 10785 1465 7260 14671 4742 5157 20128 16756 7559 1313 18736 8342 17634 9136 15846 3490 17853 18012 19556 10423 12835 14351 10074 12618 13138 15481 7315 17438 14079 8862 5404 8137 11293 17701 8575 16494 12458 18063 3248 4906 10463 18160 17512 16005 4479 2802 19143 9077 4627 4994 12784 5834 16372 8457 19358 11717 7915 9623 16098 17509 15523 15367 7779 6263 12556 14948 3797 8754 14814 17659 12155 16180 12453 7951 18612 18324 8185 15435 1073 1684 7170 16997 17636 18616 15351 6648 14809
15434 8134 6416 2377 4192 7081 12665 7579 9049 8233 3067 9602 9474 3638 8976 6481 7941 4898 10150 14259 3046 7897 5268 9201 10782 7651 9145 7772 10741 7933 11681 8557 8370 8920 9379 4025 11693 8181 8707 4797 12191 6166 12475 2324 7117 3837 11017 6677 2498 10008 10922 8997 7995 8479 8986 9199 6317 9515 5709 3863 8781 11620 13327 3048 8275 6723 5837 13979 3162 14000 6440 12817 9172 3785 3477 4032 833 8306 9312 1444 10771 6787 6986 7797 5165 2942 9152 8225 7852 13198 8065 9605 6769 7838 7286 9559 8285 10899 3484 7407 3565 9202 9365 2170 8220 8931 12385 8394 5081 8089 2508 8518 7111 12771 11069 12195 8002 1115 3804 2868 11312 8906 11022 7576 8916 7509 7589 7600 8327 7004 10375 9277 2072 7569 6718 4598 6357 4643 9675 1967 4366 10014 7872 4895 10211 3446 5345 1851 10048 6984 5424 13185 6107 9276 10843 8535 10568 8052 0 9446 8053 3921 11581 3783 4585 6461 11820 11514 12291 11682 7191 7352 5388 2372 7492 10463 3806 6487 7664 2143 4588 14144 9995 11672 12470 8636 5666 12208 10475 13107 8710 5997 7715 13164 9490 13946 13767 7547 7890 9753 10026 7083 7945 1497 13029 7568 10477 2914 9406 10640 9520 7338 7712 5363 8754 6800 10410 6862 8485 7462 10500 15515 10425 11341 12458 8685 10148 4981 4251 9996 7230 3485 5694 7550 8251 1877 13691 7437 6879 9258 7846 16209 13099 6280 11830 10902 5517 4437 5457 9201 6925 11621 10879 12139 8704 5220 6736 6104 7752 8526 4833 8960 7415 5107 7142 10449 6767 3568 9641 9271 10347 3583 11607 5816 9373 7497 11319 11309 4932 12541 12300 7744 5529 12273 7700 12249 12385 5170 4174 3609 6904 8010 8714 12426 5289 13768 5334 10816 6536 9012 6393 6397 12533 9259 7389 4708 7978 7134 9575 8636 3706 10516 9012 7155 4045 7432 5286 9698 10810 3445 12196 11485 8388 9293 15236 10764 10322 7183 10481 5121 10224 11890 11618 8699 5079 6672 3544 10456 8641 7435 5154 14430 6114 4146 2701 12113 3343 11577 5167 13638 11281 14225 9474 3596 6971 10803 9683 9137 8091 6077 11109 7240 6801 3072 10244 5767 9095 9863 11327 4925 1137 10608 8183 9511 7471 13389 5156 5983 5074 6904 9517 7256 11975 12778 6450 10647 6797 1628 10561 13746 7661 7979 7420 9660 7207 8953 9825 14010 12163 10761 6770
9605 11237 8649 11799 11817 15704 6908 5837 13563 13352 11490 12638 427 10908 17042 12318 15670 6313 14901 7935 6536 11905 4267 11989 13436 4385 15580 17038 10280 16451 3747 4307 17576 558 16272 8608 3186 10053 16582 6519 18852 12079 7845 8279 14836 5979 9175 6855 7058 5272 1476 2254 4814 6832 17167 3562 14635 4485 13190 13262 6069 5092 18787 11570 17647 15211 9943 9694 9459 9397 12394 5793 3420 7510 12733 10720 10077 17414 3881 9853 17538 6641 6965 15913 13789 6535 9343 9855 15493 9258 8201 4641 5106 10670 16710 350 14968 9045 11702 16726 12727 1598 15558 9829 15525 5108 11006 8063 6208 15651 10328 13172 14466 4420 4505 4618 17105 8333 11507 12263 10064 12207 2767 16219 10667 1938 3003 12381 6598 7809 16524 1626 10332 9702 15924 7070 12606 8365 2024 8599 5666 4096 14955 12882 14628 6012 11296 11206 640 11024 14603 10215 13153 14626 3841 4860 9704 16283 9446 0 15070 12861 2970 13203 10198 8454 11827 18375 7497 4382 16493 8256 9920 7153 8864 2941 11665 11345 16410 9511 12488 9754 7709 10087 18912 16089 4478 9497 7007 8655 16428 14733 9742 9025 5384 8986 19850 12508 3758 5279 2137 10815 3839 9893 8339 9316 8049 8522 2003 1243 15132 7867 1737 4597 8521 4133 18863 5750 9965 3378 6954 9080 14929 7813 6496 3834 8222 12026 7074 3928 13684 12224 11134 7426 17397 8595 8197 9788 15702 12670 7487 9914 18396 9197 18191 7322 6164 8023 11270 8570 2848 10270 8510 6637 7036 6692 3038 3498 2121 2631 10521 17644 4745 11997 12507 5292 8029 6848 209 2387 7679 12348 18152 14239 14337 2028 3611 3601 4590 17561 5145 15357 14406 5925 17146 6328 8631 10607 12421 7741 6046 6957 17161 8917 11854 8302 13145 5364 12870 5001 4232 15592 9695 15388 15772 14137 2227 16444 2529 6696 7392 1764 1404 12689 5615 16182 9555 4273 16913 11178 6256 4135 11751 17595 9123 13915 1964 16060 3605 14224 3208 2933 5926 9103 4880 9418 11073 8772 5215 6067 9437 9290 5182 7481 11297 16007 6617 2692 8138 9047 10273 7973 16188 12866 15203 2442 9759 311 17459 15123 8499 16146 12724 11998 8214 15207 1409 12631 8705 4660 10388 12469 4468 5559 6389 10130 8973 15399 4484 6013 15888 16267 8289 5489 4365 3315 13342 8648 7576 6569 10414 2307 16023 17566 10969 6248 9932 6706 7852 15372 5889
16442 15994 6943 6853 3884 11442 20097 10110 3739 2948 9799 5588 15290 4629 13609 13739 13328 12691 3742 16022 9297 15575 11921 5814 6333 11249 1309 9961 9390 12163 15528 15876 10580 14694 1333 12070 15955 6807 13683 8551 4153 3039 20156 10361 12782 9440 19016 14608 9935 17451 16412 15607 15476 9987 13443 16250 2710 12606 2344 7783 10835 14512 5503 9678 9581 3002 5337 21793 5896 14470 2753 15601 16180 7633 5786 4551 8291 5445 12812 6681 2729 14685 14927 2193 3713 10052 17205 16255 1163 21037 8482 12587 14329 5837 7154 15323 14578 10659 10192 6207 8709 15543 1695 6154 13983 16437 10880 8882 8867 1062 10051 3546 13152 16607 14241 15605 10759 8586 4277 6537 10293 5213 15327 3513 6909 13377 12216 15077 10049 15028 2499 15624 9555 6639 9684 12546 2485 6711 16130 7262 11778 17132 192 11136 4156 10008 3773 6780 15704 4739 5111 12651 12733 2691 17729 16005 18612 2551 8053 15070 0 4867 17858 6536 12371 14514 9373 3511 13616 15084 6019 15395 13293 9787 15545 14542 4251 14129 3855 6376 11060 14388 10732 10731 4417 1167 10605 11926 11800 13806 13882 3693 6716 20970 17015 14722 5731 3353 15053 12298 16459 5053 15136 6623 13949 15611 18395 6853 15889 16293 2446 15361 13513 12469 16787 11055 13997 9775 16516 11886 18249 17011 4147 19153 19821 12322 10481 3254 12185 17066 13952 4865 3986 15532 10753 7324 14984 15449 3926 5107 8939 17409 5378 6320 3787 18676 8960 7047 3805 17225 12233 10509 11076 14064 16596 8414 12050 12670 14159 12969 4551 4241 14883 3211 3008 17841 14807 11367 15207 13679 11138 9532 3554 3081 3215 13109 17994 17983 11639 5076 15365 1096 4137 19510 7962 14434 12857 4470 3973 11626 14694 9511 3418 12683 12488 15011 11569 18172 2222 11805 13605 5234 12192 1702 2768 6621 12937 9392 13868 16481 7776 16636 14022 2775 9870 3804 5589 12918 2906 4656 19546 15002 5155 3396 16537 5792 16606 10947 14149 4866 17019 16475 18989 8221 12257 14692 10793 10369 11345 15220 5686 15182 13660 7608 5400 5727 10959 16174 7003 14235 10071 15940 1429 5793 12033 17143 17736 14815 6880 4603 19036 10907 2500 5348 10593 7636 15362 5938 19263 10733 8274 7104 15563 17075 15314 13006 6162 8096 11821 14687 1641 10628 12597 15775 10766 14519 13574 7441 18408 16351 5961 14556 3362 2807 4970 16702 17878 16643 13179 4197 14527
17111 11281 7066 2052 2160 6925 16584 9497 7241 6273 4964 8499 12959 2675 9118 8891 8633 8817 7956 16232 6350 10790 8925 8348 9600 10100 6142 6154 11063 7728 14460 12454 6826 12375 6079 7661 14643 8175 9098 6958 8774 4445 16389 6168 8019 6892 14800 10547 6325 13924 14324 12734 11909 9983 8998 13051 2538 11861 2794 3015 10583 13986 10370 4838 6186 2844 5679 17863 3835 15381 4549 15184 13014 5746 926 3238 3825 4555 11833 3028 7402 10672 10849 4010 1320 6663 12805 11722 4305 17076 8965 11907 10686 7438 4292 13028 9754 11771 5343 3985 3858 12860 6471 3077 9230 12849 12755 9375 7314 4560 5365 6773 8340 15580 13534 14808 6772 4845 2106 1678 11842 7856 13967 3656 8707 10953 10513 10248 9921 10781 7363 12939 4889 7678 5498 8479 4264 5693 13377 4268 8239 13885 4675 6275 8195 6955 4094 2188 13490 6222 1797 14062 7868 6907 14673 12449 14263 4209 3921 12861 4867 0 15257 1790 7683 10133 11698 8051 13985 14272 3737 11078 8652 6184 11129 13293 1898 9349 3746 3398 6193 15428 11265 12265 9130 5110 8588 13149 12062 14553 9254 2077 7817 17053 13409 15464 10504 5924 11753 11863 13726 6472 11815 2983 14574 11127 14331 4560 13112 14095 6945 11115 11138 9176 12497 9492 9879 8890 11981 10285 14408 17411 8319 15234 16372 11229 11236 2942 8144 13858 9088 689 4636 11378 6879 4267 15433 10889 2968 8040 9064 17995 10236 6610 8571 14804 7634 5779 4248 12957 10111 12128 11959 14098 12580 7140 9913 9760 11400 11422 4210 5042 11326 3139 5393 14362 10511 7490 13039 12189 11670 4665 8279 2028 7216 10839 15102 15092 8596 9865 14769 4227 1616 16173 4972 14329 13690 4486 1290 7450 10817 9458 4806 13633 7645 15490 6713 14726 4293 11186 10251 2761 13466 6420 3519 2279 11070 5483 12458 12529 5792 14127 12172 5278 7245 3514 5408 12114 7773 2180 16108 14117 7470 5402 17037 9326 13982 6584 13136 1380 14026 14974 15531 9231 8905 10157 5995 11367 10744 11346 5370 15957 10028 5962 1575 10056 7244 14657 6250 15062 11716 16175 6262 957 7365 14487 13308 12563 4782 2264 14954 6575 4774 881 11347 3615 12727 8837 15166 8201 3706 9869 12087 13432 11370 14347 5696 4049 8758 10818 6495 6380 13327 15235 9140 13397 8708 4217 14446 16068 7380 11688 3503 5869 6520 12865 13434 16353 13708 8537 10687
11451 11355 11593 13957 14440 17144 4570 8804 16507 16265 13125 15608 2645 13538 18194 13103 16763 7506 17849 9767 8928 12197 6340 14959 16403 7353 18433 18800 13162 17815 5587 4076 19280 3214 19091 9796 4774 13022 17680 9340 21720 14908 5805 9983 15976 8531 7981 7232 9089 4048 2261 2620 4823 9769 18359 3057 17217 7255 15879 15231 8973 7308 21731 13227 19506 17766 12834 7504 12108 11658 15229 7641 2982 10233 15010 13414 12092 19796 6676 12230 20384 6990 7207 18555 16288 8651 8871 9766 18207 7250 11167 7399 5728 13632 18848 2649 15753 11848 13254 18983 14548 2396 18431 12325 16478 4527 13770 11019 9051 18379 11947 16107 15508 5713 6838 6429 18748 10507 14106 14449 12884 15172 4755 18749 13635 4481 5965 12842 9541 8024 19412 2318 12060 12668 17665 8224 15420 11195 1911 11074 7348 2858 17733 14256 17585 8302 14096 13415 2434 13951 16934 12783 14207 17544 1913 4542 8767 18908 11581 2970 17858 15257 0 15360 11261 8869 14700 21220 9898 6413 18762 8351 10735 9210 8940 5311 14247 11982 18914 12016 13868 12042 10543 12869 21798 18838 7268 12155 9738 11024 17476 17219 12710 6977 4468 11183 22768 15417 4160 8035 1563 13751 4169 12276 10677 9399 6893 11147 2181 2038 18040 7957 4346 6267 8109 7075 20113 8716 9801 6342 5635 10730 17885 6251 4149 6732 11063 14735 8355 2715 14506 14658 13972 7429 19062 11054 10310 9955 18175 15636 10452 11542 21344 12128 21078 5871 9054 10833 14081 7992 5662 13070 11282 8946 6547 9565 5834 5502 3857 5572 13311 20178 5109 14724 15390 3801 8332 8443 2910 5193 10469 14024 21024 16792 17271 4765 1196 1193 6674 20515 7063 18073 16847 3522 19201 8545 11162 13424 14965 9132 6410 9915 19750 11474 12912 10411 14440 3659 15683 7863 5418 17922 12319 18265 18359 16275 5189 18257 5242 6228 10098 1237 4327 15564 8124 18683 12418 6997 19808 13756 3975 6207 14712 20221 10905 16885 1277 17605 6048 16584 1885 4108 3866 12061 6565 9805 12506 11608 8121 6182 12292 11403 6128 10251 13731 18977 8396 4091 11014 11342 13108 9830 19024 15137 16507 779 9151 3151 19672 17514 7154 17704 15570 14378 11045 17222 2539 15601 7309 7193 12381 15427 4441 4632 6459 12649 11838 17355 6520 6382 18751 17877 10864 7259 7283 5648 14224 11063 6316 8193 13376 3603 18561 20267 13906 5623 9298 8236 10334 18327 6340
18333 10025 8455 1407 3849 5140 16187 10557 9029 8063 3625 10247 13245 4154 7331 7415 6854 8401 9740 17342 6703 9431 9051 10066 11362 10960 7833 4616 12608 5951 15205 12196 5282 12684 7674 6844 15296 9747 7308 7857 10257 6203 15842 5661 6262 7396 13968 9923 6271 13567 14679 12767 11580 11194 7216 12903 3973 12787 4575 1249 11703 14923 12021 3484 4841 4057 7213 17193 4986 16688 6324 16128 12886 6658 945 4752 3317 4737 12682 3552 8936 10080 10202 5318 2828 6725 11853 10664 5827 16395 10336 12852 10350 9071 3508 13327 8043 13192 3932 3668 2221 12985 8183 3958 7470 12481 14305 10731 8198 6084 4332 8557 6617 16315 14424 15638 5137 4881 3702 949 13348 9592 14619 4569 10327 11266 11150 8811 11101 10003 9033 13059 3928 9215 3823 7931 6048 6906 13452 4898 8085 13690 6345 4649 9984 7191 5775 2006 13812 7891 2000 15502 6254 8685 14562 12112 13334 5409 3783 13203 6536 1790 15360 0 6532 9254 13336 9519 15180 15109 3469 10233 7539 6150 10195 14004 3515 8019 4527 4240 4626 16765 12568 13760 10650 6614 9199 14565 13275 15834 7466 3181 9359 16401 13018 16729 12044 7695 11588 12885 13802 8122 11635 3531 15824 10127 13619 5478 13182 14408 8704 10328 11466 9119 11645 10232 8156 9897 10917 10972 13846 18557 10106 14606 16015 12061 12591 4690 7633 13686 7461 2209 6307 10659 5284 4862 16622 9816 3758 9795 10346 19183 11913 8065 10136 14215 8574 6905 5929 12115 10595 13642 13325 15199 11935 8136 10401 9887 11535 12084 5771 5758 11020 4887 7168 14024 9699 7146 13395 12845 12962 3114 9817 3506 9003 11226 15066 15057 8715 11585 15666 5771 2630 15883 3978 15386 15007 6077 3052 6865 10318 10677 5766 14979 6204 16687 5064 14400 6082 12175 10109 2834 14887 8144 4704 937 11619 3933 13135 11931 6660 14299 12687 7060 7680 4319 6863 13013 9429 3650 15763 14933 9186 6417 18215 11105 14103 4829 13934 1923 13964 15550 15184 10702 8829 9127 4710 12772 11755 10834 6799 17222 9723 6939 2647 11841 7036 15234 7483 16354 13242 17294 7887 858 5579 14581 12324 12895 4317 2773 14218 4828 6559 1939 12699 2188 12878 10579 14416 8609 3069 11586 11807 13017 10808 15768 7057 2541 8858 10324 8176 4660 14627 16140 9875 14150 7102 4723 13802 17037 8990 11757 4480 7088 8184 12338 12434 17315 14951 10317 10218
18287 3622 10601 5633 8639 6017 10593 10832 13633 12811 2945 14130 10030 8194 6937 2304 5519 3891 14723 16868 5929 3312 6279 13693 15306 10347 13550 8121 14788 6608 13429 7317 8459 9646 13660 1607 13154 12487 6437 8343 16421 10740 9926 2900 4717 6726 7611 4273 4458 8246 11514 8753 6568 11965 7098 8277 10219 12081 10058 5648 11991 13952 17782 3090 9003 10457 10310 11013 7694 17193 11006 15054 8323 7728 6875 8614 4121 11142 11686 6018 15025 4500 4444 11676 8998 4954 5393 4140 11967 10213 11982 12213 5535 12271 9266 10150 4828 14634 2755 9862 4588 9246 13807 6755 5327 7235 16338 12237 8498 12219 2326 13103 4284 14376 13325 14147 7844 4707 8270 6061 15226 13437 12558 11082 13254 8523 9640 3092 11759 3922 14790 9297 2818 11870 7017 3133 10901 8873 9479 6296 4702 8825 12182 3173 14794 5715 9929 5597 10644 11515 8532 16800 2970 13826 9867 7000 6876 11834 4585 10198 12371 7683 11261 6532 0 3014 16024 15710 15302 13710 9727 3985 1013 4506 3794 12253 8229 1922 11056 6710 2829 17411 13521 15533 16751 12772 8145 15826 13714 16290 6256 9607 12010 10269 7648 17021 18096 12132 7102 12560 9787 11588 7093 6068 16132 3648 7461 7236 9232 11127 14041 4198 8732 5657 5317 9341 8852 10121 4390 9693 7986 18141 15005 8572 10529 11110 13790 9486 3134 8888 3549 7526 10276 4658 8180 6198 16570 3291 10280 13806 11595 18918 17580 10594 16152 8277 8941 8575 10042 5786 8648 15534 14477 14898 6006 8862 8518 6835 8093 10465 9408 12288 6176 9629 11724 8718 3568 3606 10406 11065 13806 3709 15890 9709 13945 8765 10555 10549 6053 17065 14443 11879 9062 10574 9285 14868 15725 9741 8399 2586 4983 11587 12281 15841 1666 16661 3250 9096 11064 11832 6026 9313 16141 13716 11129 7128 9670 7732 11386 6115 7588 10546 10403 11731 6627 10846 9734 12158 15220 7940 10317 13473 12909 12923 17974 15322 10203 6597 12534 8421 9481 13085 9769 12758 5404 2640 1873 14193 11580 5373 9591 17474 5169 8090 6999 16698 4083 12809 9308 16813 15247 16859 13799 6929 5281 10534 5831 9905 10282 9304 7999 6708 11361 7045 13869 7419 9251 14374 8170 7035 4101 15044 6916 7583 5207 16939 9503 7333 6064 5005 13920 6958 15302 14899 9066 12542 3172 5954 7769 15975 12072 8039 10978 13515 11721 6666 5929 16197 15317 15335 4997
17449 2844 11344 8154 10644 8938 7626 10699 15156 14444 5831 15305 8189 10016 9558 4300 8107 2755 16365 15895 6389 3452 5412 14785 16444 9844 15589 11130 15163 9453 12041 4795 11452 7944 15839 2473 11606 13287 9006 8721 18651 12435 6913 4166 7396 6956 4714 1651 5062 5422 9571 6595 4047 11934 9762 5813 12649 11331 12170 8514 11729 12917 19732 5973 12017 12972 11484 8028 9148 16659 12736 13898 5891 8512 9431 10309 6322 13961 10832 7853 17231 1889 1669 14132 11445 5296 2692 1951 14280 7227 12347 11483 3357 13287 12209 8317 6909 14684 5715 12742 7499 7194 15792 8472 7713 4504 16554 12514 8755 14522 4925 14631 6841 12849 12275 12849 10825 6062 10254 8635 15436 14641 11093 13700 14071 7148 8775 3992 11696 943 16811 7227 5333 12689 10030 2336 12707 9801 7275 7632 4065 6192 14333 6160 16352 5871 11559 7950 8770 12775 11234 16652 5609 15580 7260 4366 4132 14341 6461 8454 14514 10133 8869 9254 3014 0 16555 17969 14695 12485 12589 989 2128 5183 1039 10968 10264 3128 13715 8325 5832 16932 13430 15676 18931 15073 7795 15716 13368 15780 8763 12162 12814 7270 4829 16397 20222 13676 4861 11950 7533 12776 4816 7910 15563 1235 4459 8434 7062 9154 15877 1188 7328 4523 2391 8848 11536 10060 2189 8942 4987 17138 16596 5558 7591 10341 13791 11397 2662 6286 5694 9838 11797 1681 11164 7543 15809 1451 12925 15058 11823 17953 19481 11500 18288 5266 9144 9433 11644 2861 7708 15730 14404 14118 3015 9248 7638 5620 6368 9430 10908 14983 3835 11506 13347 5882 585 3590 8650 9878 13641 6664 18067 12138 15603 7513 8002 7997 5337 18874 13254 14178 11638 7690 12268 13987 15370 11208 10610 2955 2488 11661 14888 15546 4412 15908 6180 6250 12908 11284 4300 12084 16009 15678 13649 9949 8565 10747 10182 3160 8344 8372 9025 13401 6683 13494 10893 11327 17248 9885 7394 12235 14096 15510 17060 16584 7978 9561 11400 11062 7003 11382 6865 13233 4398 966 4821 14265 11140 2695 10738 16809 3330 8825 9141 18203 4164 11145 10101 16277 15513 15906 15933 9508 8120 8210 3223 8201 13209 11989 5018 9676 13111 9379 13849 10369 7261 15496 5200 6675 6427 15977 4431 4736 2443 16726 10525 10311 5256 2518 15961 9942 14953 13674 8663 11304 5458 7346 4755 14775 13055 6152 13574 15997 12926 3751 3369 14959 14824 16969 2603
7921 19092 5435 12617 9538 18307 18620 6282 5691 6427 14836 3797 12226 9200 20427 18179 19600 13850 6344 8170 10247 19183 11495 3589 3396 7632 8769 17851 1552 19159 9939 15022 18524 11794 9730 14825 10704 3666 20269 7843 10941 7423 19335 13139 18821 9603 19691 15684 11700 16489 12539 13589 15069 5087 20369 14783 11225 7468 9487 14352 5764 8231 9423 14792 17823 11796 6181 21205 8788 5902 7451 8833 14655 8296 12395 8599 12585 14568 8029 10681 10246 15611 15973 11463 11435 11333 18789 18497 10479 20638 4221 7335 14420 4266 15641 12176 20104 2972 15270 14929 14746 13136 8434 9941 19975 15847 1735 4116 7800 10428 14297 5827 18891 10672 8377 9503 18455 11357 9639 12689 1950 4185 10341 12636 3013 11171 9118 19111 5339 16535 8840 13200 13889 4264 17156 14226 7815 7198 13711 9873 12531 15567 9423 16648 5839 10693 7606 12083 12281 5482 13084 3749 17928 6993 15597 15437 19793 11863 11820 11827 9373 11698 14700 13336 16024 16555 0 10900 6043 9151 14692 17039 16535 11617 17485 9592 9832 17919 12976 9815 16374 5674 4172 2179 10692 10467 9029 3456 5133 5585 20333 12060 4116 20452 16338 6336 10919 6214 14136 6716 13910 5226 14245 10656 5881 17784 18694 8914 13586 12675 7504 16793 11156 12420 18071 8345 21474 6732 18721 8764 17944 8759 6056 18911 18225 7993 3650 8813 13923 15425 19039 11144 7063 16650 18574 9968 6965 17942 12749 4268 4814 8889 8965 5546 10104 18379 7422 7462 7453 18358 9937 1902 3597 6929 17093 7313 9874 11742 12349 9207 7574 13591 14614 8622 6715 16679 16511 13023 11837 9507 4314 15151 10323 11247 6420 10705 15437 15428 11439 8089 8966 10375 12206 17692 16423 7432 4740 7261 10431 13890 15262 5141 12779 4428 17053 6943 17102 16865 7934 6839 13264 13699 3571 8280 11877 13975 9815 17181 9469 16823 8438 13569 10424 6920 9874 12853 6638 7751 8991 9695 17967 9225 4380 12757 8214 4109 13789 18123 8890 12665 14899 11444 17556 3323 12416 17229 15352 3119 6616 15643 6745 6686 13933 7936 10775 5915 12439 11251 6723 5817 1674 8065 9435 12499 18480 14264 19336 11742 15717 12981 19288 18135 7408 11405 3681 15312 12906 3460 19525 10029 12812 2324 14919 16478 15898 4131 6672 15747 11573 15238 8820 17991 4731 9178 8358 9337 18606 10223 18410 9200 4351 12846 12444 12019 5181 16689 19516 9447 5466 6372 15046
18589 19322 9935 10099 7381 13986 23590 13109 5499 5252 13006 7283 18620 8140 16057 16907 16010 16198 4562 18426 12789 18840 15395 7757 7513 14364 2798 12049 11373 14604 18490 19370 12581 18028 2185 15511 18991 9289 16227 11880 744 6313 23665 13833 15572 12893 22508 18109 13446 20950 19669 19036 18980 12771 15850 19720 5559 15540 5823 10721 13667 17297 3193 12877 11435 5494 8459 25303 9386 16560 5991 18307 19647 11047 8920 8045 11691 6750 15820 10169 837 18189 18427 4235 6762 13560 20662 19673 3747 24547 11182 15499 17838 8362 9055 18644 17454 12862 13371 7997 11740 18941 2879 9661 16735 19941 12590 11542 12176 3493 13384 5651 16021 19529 17105 18465 12912 12088 7774 9719 12269 7222 18392 5338 9135 16750 15453 18282 12878 18510 2107 19022 12896 9306 12053 16042 5815 10026 19536 10771 15287 20605 3676 14165 5063 13501 7147 10121 19002 7548 7745 14538 15770 4145 21175 19508 22082 4253 11514 18375 3511 8051 21220 9519 15710 17969 10900 0 16035 17964 7898 18866 16659 13298 18995 17589 7734 17400 5573 9886 14142 16408 13231 12679 1208 2941 13952 13974 14361 16020 16471 6364 9344 24481 20519 16896 2596 6012 18539 15129 19858 7823 18624 10111 16222 19043 21899 10334 19301 19580 3580 18843 16875 15965 20265 14290 16089 12877 19933 15106 21760 19285 4847 22664 23308 15383 12889 6762 15682 20535 16968 8191 7248 19025 12824 10834 17304 18855 6092 6913 11747 19569 3368 9326 1085 22186 12216 10388 7149 20707 15565 12420 13375 16624 20102 11683 15389 16127 17582 16145 7936 5045 18388 6710 5905 21335 18280 14872 18500 16821 13610 12622 692 6052 4651 16456 21411 21401 15119 3705 18152 3831 6906 22986 9785 17042 15073 7799 7365 15107 18203 12347 4412 14843 15673 17315 14570 21663 5555 14726 17101 7471 14194 3057 4908 9365 16198 11596 16983 19989 11198 19990 17257 5707 13325 5672 8820 15862 1909 8154 23033 17910 7409 3861 18774 6812 19984 13376 17128 7646 20458 19562 22479 10704 15757 18105 14045 12659 14279 18729 8938 17319 17169 10987 8829 5565 14469 19272 10239 16384 12005 18334 2200 8896 14714 20523 21187 18134 8418 7046 22540 13314 5652 8669 12992 10085 18752 7558 22766 14163 11645 8600 19062 20581 18822 14915 9402 10510 15301 18197 2512 12983 14882 18528 14024 17525 16618 10952 21917 18977 8556 17993 5319 2812 7697 20213 21325 19263 15537 4564 18037
3159 17517 7033 14025 12056 19371 14318 4713 10536 10890 15246 8835 7922 11333 21227 17605 20087 12005 11602 2408 9572 17925 9304 8298 9014 4958 13471 19748 4887 20223 4427 11587 20397 7715 14396 13780 5266 6829 20912 7500 16244 10823 15331 12552 19236 8715 16527 13366 10940 12742 7638 9683 11913 4002 21256 11000 14571 3375 12751 15834 3516 2619 15161 15260 20018 15205 8641 17166 10212 1976 11019 2853 10859 8609 14359 10822 13121 17946 3920 11745 15270 13211 13580 15329 14286 10394 16294 16456 14514 16752 5212 3219 11727 7796 18275 7827 20011 3262 15614 17850 15809 9069 13247 11229 20223 12432 4533 4794 7210 14556 14331 10413 19091 4873 3063 3756 20133 11384 11954 14306 4133 8814 5148 16203 6900 7795 5927 18140 4080 14336 13931 9108 14079 6985 18807 12627 11371 8304 9519 10484 10798 11591 13593 17020 11151 9622 10490 13382 7720 8890 15712 2990 17890 11892 11272 12109 16924 15750 12291 7497 13616 13985 9898 15180 15302 14695 6043 16035 0 3570 17597 14841 15453 10932 15403 4625 12166 16959 16502 10963 16663 2290 2888 3864 16096 14782 7157 2670 1924 1160 20872 15140 6901 16515 12790 1721 16571 10288 10840 2760 9598 8572 10943 11750 876 15804 15419 9737 9494 7910 12456 14501 7671 10172 15486 5969 22700 5429 16626 5755 14398 3455 11427 15288 13897 4358 3156 11698 12439 11424 18777 13307 10029 14183 20341 10550 1448 16143 16031 9148 4949 4011 14709 7595 15432 14785 6775 8275 10373 15640 6995 4141 2685 1001 14160 7117 7058 9101 8889 5395 10003 17445 11642 11558 10609 12786 14443 11740 7415 5209 2479 15866 15565 14391 11388 7350 10885 10877 9431 13813 3134 14385 15072 13295 18950 1492 1405 9840 12953 12759 12700 4527 16722 1750 16737 1508 17414 12859 11591 3472 10568 16565 2695 13070 15522 16033 6258 19070 4996 13836 8648 8991 6245 10842 8722 16321 8708 3430 14191 11811 13675 3736 8646 16901 3053 9700 9330 19438 3910 15268 10688 6021 13393 5402 10314 15571 15348 3390 3736 12913 8706 2175 11476 8288 12584 11745 11225 5922 7738 1599 4423 2325 14171 14491 19225 9687 16780 7552 18669 15899 15916 19486 11175 13357 3049 17364 8857 8621 16133 8276 13427 7825 11639 12959 13223 2790 8321 17718 9480 12669 13643 19461 1313 3233 6236 4268 18364 10762 14991 3159 7657 9320 15992 16423 8648 13499 16962 3412 580 11824 12497
5226 15323 8141 13793 12672 18590 10922 5001 12601 12712 14324 11177 4780 11819 20215 15965 18940 10010 13830 3553 8663 15887 7432 10560 11644 4173 15230 19442 7748 19404 858 8680 20049 4750 16080 12110 1698 8752 19821 7316 18292 12078 12026 11273 18084 7845 13555 10979 9752 9618 4179 6635 9142 5197 20293 7937 15435 2492 13718 15501 4297 962 17618 14370 19881 16063 9764 13821 10462 5247 12341 1427 7796 8530 14425 11430 12459 18629 2440 11558 17150 10787 11136 16456 14879 9174 13661 14056 15796 13468 6800 2498 9241 9628 18485 4665 18536 6181 14626 18256 15231 5974 15089 11243 18932 9489 7873 6469 6960 15892 13257 12350 17821 1590 861 538 19680 10621 12466 14172 7207 10964 1692 17094 9104 5340 4164 16252 5085 11956 15919 5994 13121 8663 18399 10724 12645 8770 6320 10211 9010 8400 15019 15957 13443 8446 11511 13146 4436 10442 16068 6546 16542 13878 7934 9230 14082 16866 11682 4382 15084 14272 6413 15109 13710 12485 9151 17964 3570 0 18007 12434 13642 9791 13031 1520 12664 15133 17353 10934 15573 5633 5137 7063 18231 16221 6021 6081 4046 4649 19722 15804 8635 13216 9761 4772 18910 11968 8065 2839 6331 10153 8156 11580 4291 13467 12428 9722 6353 4502 14436 12059 5157 8132 12838 4894 21883 5464 14190 4232 11311 4718 13738 12140 10499 3052 5627 12562 10624 8229 17259 13585 11163 11662 19933 10249 3911 13889 16759 11376 6216 5549 17183 8764 17529 11664 6643 8580 11430 12916 5074 7311 5554 2580 11388 7155 5220 6952 6203 3268 10852 18452 8996 12467 12155 9590 12131 10122 4248 2649 4889 15078 17590 15149 13452 5004 7466 7459 7662 16294 776 15660 15614 9883 19061 2143 4928 10798 13475 11128 10218 5619 17821 5263 15291 4014 16294 9610 12897 3280 8188 17009 6178 14911 16502 16028 4040 18792 2331 11050 8496 5623 3467 12376 7675 17145 9611 2197 16242 12226 10294 252 10650 18120 4741 12265 6003 18801 1208 15639 7421 2451 10065 7419 8350 13426 14174 6093 3743 10319 9551 5010 9156 8314 12731 14392 9712 2363 8306 4938 7477 3591 15911 14562 18264 6293 14098 4530 19054 16415 12865 18869 12586 13507 5563 17271 5791 11048 13066 6916 12782 10504 8815 9937 10641 6360 9087 17557 7646 10185 15469 18915 4705 1195 5249 1183 16876 10401 11945 2292 9419 6542 16885 17832 10273 10623 14274 2493 4072 14168 10037
20692 13018 10591 4833 5545 6251 19650 13197 9489 8547 6787 11127 16565 6282 8217 10140 8352 11869 9744 19886 9957 12292 12428 11148 12076 13836 7239 4152 14293 6780 18196 15664 4701 15991 6672 10237 18371 11412 8442 10694 8625 7281 19277 9129 8064 10565 17292 13355 9689 17035 17965 16186 15050 13610 7994 16362 3520 15587 5207 4083 14255 17707 10898 6642 3606 3047 9066 20584 7554 18895 7242 18902 16342 9482 3763 6776 6782 1482 15568 6650 7574 13520 13626 3959 3346 10110 15115 13855 4916 19784 12475 15630 13819 10558 1171 16640 10007 15187 6987 253 5141 16374 7660 6802 9138 15949 15947 12893 11051 5113 7682 9141 8617 19316 17264 18543 5015 8254 5649 4328 15129 10581 17695 2635 11819 14567 14234 11556 13567 13380 8201 16450 7325 10994 4242 11388 6879 9365 16860 7954 11535 17155 5872 7218 10127 10510 7278 5347 17115 9295 1940 17427 8718 8670 18017 15581 16599 3763 7191 16493 6019 3737 18762 3469 9727 12589 14692 7898 17597 18007 0 13575 10738 9561 13485 17027 5438 10964 2348 7120 7346 18911 14813 15565 9106 5472 12299 16557 15674 18097 8716 2633 11121 19802 16483 19017 10485 8525 15047 15566 17210 9590 15096 6613 18143 13372 17005 8296 16591 17716 8465 13699 14759 12553 14972 13226 8202 12608 14099 14014 17282 21042 10147 18020 19482 14965 14733 6021 11095 17148 9804 4422 7805 14056 4931 7943 19043 13007 2094 10636 12651 21597 10921 10074 8782 17643 11366 9482 7419 15444 13791 15398 15438 17764 15353 10866 13594 13267 14917 15149 7629 3055 14490 6192 8001 17493 13063 10615 16678 15916 15225 6047 8393 3445 9148 14485 18507 18498 12092 10853 18497 4946 2550 19352 1957 18014 17205 7838 4644 10321 13775 13084 3504 17119 9055 19096 7520 17869 6775 14901 13562 1034 16864 7699 3288 2653 14772 3714 16188 15363 9528 17673 15867 7813 10895 2301 8908 15844 8499 5826 19230 17853 10317 4119 20649 11635 17496 5569 16872 2369 17409 18689 18652 12615 12266 12364 7855 14806 14454 14287 8898 19507 13191 9694 5298 11745 10491 18372 9904 18593 14969 19826 6980 3632 7097 17985 15557 16190 1072 1732 17591 5493 7307 4542 14847 2517 16258 11485 17782 11845 6538 12618 15276 16481 14252 17737 9276 2836 12243 13782 7486 5141 16861 18961 12872 17133 9533 7861 17214 19779 10560 15163 2725 5104 9595 15785 15653 20065 17288 10216 13679
17496 3029 11930 9115 11516 9848 6740 11046 15903 15220 6819 15969 7954 10859 10362 5065 8913 3199 17135 15906 7004 3848 5680 15430 17092 10088 16448 12085 15613 10332 11932 4298 12393 7777 16724 3421 11439 13868 9798 9251 19540 13236 5963 5034 8236 7493 3738 1476 5766 4683 9263 6248 3590 12294 10578 5316 13585 11466 13054 9501 12021 12931 20562 6962 12981 13920 12175 7041 9926 16815 13542 13858 5412 9150 10392 11125 7258 14945 10938 8719 18118 1649 1299 15070 12387 5928 1852 1626 15193 6240 12820 11623 3193 13924 13197 8083 7594 15041 6700 13729 8487 6884 16639 9309 8465 3864 16947 12959 9252 15433 5907 15382 7653 12676 12291 12766 11760 6877 11124 9600 15836 15315 10966 14662 14651 7142 8918 4534 12051 513 17662 6906 6308 13281 10992 2982 13528 10453 6885 8408 4511 5577 15217 7106 17103 6429 12351 8892 8507 13476 12208 16934 6463 16378 6643 3809 3217 15286 7352 8256 15395 11078 8351 10233 3985 989 17039 18866 14841 12434 13575 0 3060 5897 610 10913 11144 3850 14682 9145 6788 17105 13755 16053 19810 15982 8137 16016 13613 15951 9538 13118 13401 6287 4106 16525 21089 14437 4538 12124 7111 13459 4474 8776 15715 1070 3477 9168 6696 8840 16692 399 7305 4752 1420 9116 12349 10440 1785 9121 4071 17129 17353 4592 6732 10486 14141 12247 3339 5689 6429 10765 12564 925 12100 8323 15895 1604 13891 15742 12262 17952 20300 12126 19160 4324 9618 10074 12429 1885 7852 16123 14727 14210 2137 9770 7806 5744 6240 9497 11677 15953 3519 12349 14127 5126 592 4260 8443 9879 13942 7650 18947 13075 16379 7545 7405 7401 5661 19675 13208 15089 12597 6876 13253 14046 15595 11968 11518 3777 2220 12057 15846 15788 5313 15996 7104 5479 13737 11489 4291 13064 16300 16520 14597 10934 8625 11714 10171 2339 8978 7974 8969 14190 7182 14460 11586 11434 18099 10751 6549 12182 14770 16465 17082 17262 7562 10489 11396 12030 6467 11154 6040 13726 4686 1592 5807 14632 11384 2228 11430 16920 3365 9445 10046 18935 4804 10936 10716 16435 15928 15923 16809 10472 9003 7738 2407 8026 14198 12960 4030 10605 13919 10311 14192 11356 6980 16145 4212 7051 7376 16575 3978 3992 1921 16986 11189 11296 5554 2252 16819 10880 15183 13610 8965 11263 6233 8139 3795 14710 13685 5956 14533 16936 13612 2963 2572 14879 15007 17735 2397
18371 2746 11148 6608 9518 6810 9754 11110 14412 13615 3958 14818 9715 9024 7507 2405 6060 3648 15535 16901 6323 2648 6244 14357 15988 10500 14451 9028 15248 7335 13302 6710 9334 9378 14591 1728 12968 13063 6972 8756 17366 11552 9022 3431 5315 7065 6621 3572 4848 7503 11170 8306 5954 12284 7696 7703 11191 12167 10966 6660 12237 13952 18671 4103 9931 11443 10979 10049 8421 17376 11828 15016 7763 8258 7861 9414 5008 12155 11734 6832 15963 3811 3691 12654 9971 5277 4387 3128 12921 9252 12424 12306 5030 12908 10266 9839 5067 14994 3760 10873 5598 8845 14698 7545 5743 6535 16756 12654 8875 13172 3287 13882 4796 14203 13316 14056 8703 5354 9142 7047 15638 14131 12398 12082 13838 8360 9666 2691 12067 3067 15690 8889 3767 12448 7941 2919 11742 9460 9020 6971 4683 8180 13105 4047 15586 6003 10721 6538 10321 12216 9539 17106 3524 14663 9239 6343 5869 12821 5388 9920 13293 8652 10735 7539 1013 2128 16535 16659 15453 13642 10738 3060 0 4923 2813 12156 9113 1508 12061 7471 3734 17613 13831 15926 17686 13725 8322 16141 13943 16477 6752 10598 12584 9317 6905 17173 19022 12911 6604 12696 9310 12269 6581 6885 16299 2642 6518 7884 8785 10770 14898 3313 8561 5513 4345 9487 9467 10416 3379 9757 7112 18168 15805 7650 9715 11182 14131 10346 3037 8258 3794 8468 11040 3807 9042 6874 16675 2280 11283 14514 11993 18960 18458 11189 17078 7381 9307 9138 10827 4810 8636 15943 14798 14989 5143 9284 8524 6697 7800 10441 10162 13296 5626 10482 12522 7969 2707 3726 10125 10993 14094 4712 16823 10680 14759 8648 9955 9949 6062 17921 14392 12830 10055 9799 10268 14925 15961 10488 9323 2729 4349 11937 13280 16096 2290 16769 4052 8342 11915 11983 5692 10325 16450 14601 12117 8140 9614 8668 11311 5284 8108 10106 10259 12541 6907 11849 10395 12217 16123 8800 9515 13399 13596 13921 18031 16038 9740 7435 12492 9421 8909 12841 8979 13238 5294 1635 2883 14558 11765 4678 10248 17614 4769 8610 7901 17480 4274 12578 9859 16993 15676 16899 14721 7918 6001 10033 4819 9639 11285 10310 7039 7550 12189 7990 14203 8419 8873 15049 7202 7188 5021 15668 6320 6825 4473 17225 10123 8321 6043 4375 14823 7822 15538 14837 9238 12463 3491 6640 6855 15926 12698 7686 11976 14499 12407 5864 4917 16135 15506 16147 4400
13995 7500 6260 4747 5938 8807 10462 6358 10007 9338 4535 10126 7152 5160 10445 6777 9218 2918 11247 12672 1423 7568 2918 9615 11271 6031 10732 9905 10327 9615 9682 6286 10463 6615 11118 3208 9599 8192 10076 3845 13931 7390 10398 1635 8361 2240 9318 4884 149 7794 8621 6625 5783 7466 10512 6867 8427 7853 7500 6112 7537 9866 14748 4587 10495 8896 6301 12007 4064 12777 7705 11031 6833 3377 5830 5330 2928 10652 7544 3257 12510 4934 5207 9877 7349 633 7748 7117 9783 11250 7505 7968 4587 8126 9646 7243 9087 10128 4836 9779 5598 6835 10883 3643 9303 6738 11849 7745 3992 10002 3476 9487 8172 10736 9272 10280 10025 1339 5550 5240 10734 9459 8942 9807 8974 5225 5628 7545 7265 5456 11915 6909 3333 7583 8804 2916 7726 4639 7303 2565 2067 7701 9622 6187 11207 1352 6496 4216 7739 7594 7772 12300 6958 10519 8498 6322 9043 10171 2372 7153 9787 6184 9210 6150 4506 5183 11617 13298 10932 9791 9561 5897 4923 0 6201 8462 5623 6343 9923 3412 5810 12976 9023 11033 14153 10529 3855 11325 9267 11872 10004 8232 7715 11184 7310 12640 15375 8545 5569 8238 7654 7593 5631 3312 11737 6406 8627 3272 7034 8322 10859 5774 5434 3003 7198 5065 12092 5639 7364 5581 8468 13946 11459 9366 10228 6932 9285 6548 2558 7674 7870 5661 6679 5849 10303 2490 12257 6455 9151 9875 7095 14690 14467 6357 13475 8892 4436 4286 6565 7601 4813 11040 9975 10620 6826 4370 4638 3747 5389 6543 5797 11215 5191 6622 8250 8218 5310 1646 7353 7249 9317 5319 13300 7949 10497 5268 8955 8946 2584 13813 10467 9664 7800 10003 10031 10651 11265 6079 6182 2304 4907 7082 10905 11367 5822 12343 6548 8575 7950 7495 4067 8753 11641 10752 9542 7069 5888 9300 7565 6698 3217 8154 6853 8325 2215 9690 5710 7981 12351 5168 9960 9576 8915 11451 13728 11401 7953 9059 8584 7449 7866 9724 9386 8315 2725 5706 4443 9688 7196 5432 5555 13106 3916 3715 4774 13039 1174 9416 4984 12400 10764 12652 11160 5953 8478 8432 8304 6842 10462 8399 9271 9135 8084 5308 9364 8072 6732 10323 9502 2875 3236 10848 5930 7352 5534 12447 5350 8250 2716 4900 11097 9215 10843 10940 4750 8688 7450 2349 8621 11966 7900 5607 9637 11711 7744 6918 8468 12214 10902 11844 4739
18079 2425 12321 9134 11679 9512 7155 11545 16187 15479 6702 16314 8564 11055 9925 4625 8480 3637 17400 16495 7373 3271 6197 15787 17447 10621 16625 11819 16074 9961 12535 4897 12100 8383 16869 3486 12046 14263 9353 9670 19679 13473 6291 5203 7832 7906 3818 2056 6077 5213 9872 6857 4196 12790 10149 5913 13653 12029 13201 9403 12541 13519 20771 6846 12734 13964 12500 7239 10183 17376 13774 14454 6011 9509 10409 11348 7331 14878 11507 8889 18260 2244 1902 15135 12445 6285 1675 1054 15299 6443 13269 12185 3792 14285 13058 8692 7095 15539 6545 13630 8364 7494 16829 9510 7999 4436 17432 13421 9687 15542 5865 15663 7231 13284 12878 13367 11457 7100 11288 9607 16318 15653 11570 14674 15047 7729 9477 3992 12548 1077 17848 7516 6294 13670 10743 3318 13746 10803 7491 8666 4958 6149 15364 6836 17384 6829 12596 8952 9117 13795 12185 17459 6080 16618 7210 4401 3143 15336 7492 8864 15545 11129 8940 10195 3794 1039 17485 18995 15403 13031 13485 610 2813 6201 0 11510 11297 3400 14680 9363 6538 17661 14264 16544 19962 16093 8635 16535 14148 16507 9083 13146 13792 6515 4647 17092 21257 14710 5148 12678 7715 13790 5084 8946 16276 462 3734 9460 7304 9449 16916 1007 7894 5278 1534 9641 11915 10927 1248 9671 4469 17721 17629 4896 7174 11046 14641 12434 3659 6265 5961 10851 12831 1513 11798 8578 16471 1024 13892 16073 12726 18544 20520 12494 19321 4681 10064 10431 12680 1997 8410 16608 15237 14784 2610 10193 8357 6302 6842 10074 11942 15940 4129 12544 14383 5645 983 4589 9051 10467 14459 7499 19098 13141 16639 8126 7978 7974 6160 19913 13805 15198 12617 7352 13077 14627 16137 12240 11633 3992 2824 12538 15865 16325 4989 16571 6798 5988 13947 12035 4872 13016 16822 16716 14641 10859 9202 11475 10761 2850 9338 8579 9565 14438 7613 14461 11910 12004 18285 10921 7004 12779 15108 16492 17670 17598 8165 10177 11986 12027 7055 11764 6513 14166 5193 1210 5656 15126 11918 2837 11754 17491 3932 9815 10166 19231 5154 11546 11090 16995 16404 16511 16965 10482 8639 8335 2192 8633 14069 12945 4232 10295 14149 10388 14695 11211 7590 16500 4391 7534 7424 16961 4583 4524 2527 17518 11532 11127 6061 2856 16997 10583 15724 14208 9478 11858 5791 8382 4121 15309 14051 6563 14553 16997 13941 3483 2334 15480 15560 18003 2996
6689 13805 7658 12655 11836 17268 9692 4480 12375 12369 12994 11123 3356 10954 18837 14494 17540 8516 13659 5038 7420 14376 5978 10484 11730 3316 14812 18235 8096 18070 1222 7203 18827 3262 15616 10649 1414 8588 18429 6372 17971 11505 10722 9892 16686 6640 12106 9458 8411 8211 3056 5187 7642 5036 18924 6501 14645 2198 12995 14315 4135 2151 17514 13048 18717 15263 9208 12548 9548 6480 11789 2945 6359 7564 13370 10620 11215 17738 1783 10469 16761 9267 9616 15754 13998 7834 12153 12536 15165 12151 6616 2302 7720 9383 17436 3250 17082 6657 13280 17273 13980 4539 14712 10226 17507 8023 8520 6355 6014 15282 11902 12069 16402 2313 1578 1900 18432 9377 11596 13059 7703 10821 814 16295 9054 3827 2875 14752 4862 10435 15597 4567 11793 8394 17171 9237 12066 7996 4936 9124 7552 7021 14459 14586 13310 7134 10858 12015 3100 10043 15089 7472 15114 13588 6650 7748 12604 16155 10463 2941 14542 13293 5311 14004 12253 10968 9592 17589 4625 1520 17027 10913 12156 8462 11510 0 11785 13642 16535 9910 14198 6846 5428 7641 17953 15649 4814 6854 4500 5773 18319 14936 8392 11909 8320 6054 18729 11579 6562 2886 4989 9777 6655 10496 5443 11946 10982 8736 4940 3295 14133 10540 3641 6643 11331 3801 20541 4768 12671 3032 9895 6228 13611 10750 9271 2220 5949 11822 9150 6851 15801 12613 10565 10144 18695 9152 5256 12369 15903 11260 5953 7058 17092 8273 17239 10261 5763 7753 10793 11417 3670 7860 6062 3721 9894 6305 3833 5460 4686 1937 10150 17682 7482 11746 11703 8217 10611 8684 2831 1214 5285 13775 17266 14323 13207 3509 6263 6255 6224 16218 2295 15028 14704 8670 17977 3390 5854 10140 12590 9679 8698 5352 17092 6164 13852 5361 14910 8266 12326 2976 6670 16050 7011 14535 15742 14933 2604 17596 897 9557 7505 4366 1946 11914 6421 16319 8973 1883 15946 11327 9050 1269 10447 17435 6226 12301 4707 17512 737 14671 6083 1996 8776 7377 6870 11911 12790 6472 3375 8804 8892 6350 7638 7395 11730 14436 8299 1735 7594 6139 7947 5068 15474 13508 16904 5063 12596 3056 18057 15488 11439 17584 12066 12493 5911 16139 4343 11041 11646 5597 11538 10647 7322 8494 9126 7345 8416 16403 6196 8665 15077 17647 5553 2705 4155 374 15424 9282 10516 3806 9151 5034 16088 17229 9911 9145 12773 3995 5034 14050 8516
15274 11841 5194 3081 417 8599 16053 7780 5719 4793 5905 6769 11813 849 10773 9809 10144 8490 6629 14448 5368 11498 8033 6559 7907 8517 5347 8034 9168 9431 12916 11845 8707 11217 5581 7829 13166 6282 10695 5415 8398 2784 16020 6109 9456 5722 14774 10379 5771 13389 13098 11828 11387 8174 10680 12318 2974 10210 1912 4613 8819 12312 9559 5806 8084 3547 3781 17613 2246 13516 2969 13499 12263 4245 2571 1355 4110 5967 10236 2435 6976 10465 10697 4330 2217 5961 12954 12024 4161 16847 7092 10242 10205 5567 6130 11868 11053 9881 6333 5691 5225 11866 5585 1998 10663 12347 10861 7506 5772 4380 5943 5213 9686 14036 11894 13201 8623 4367 213 2988 9943 6101 12498 4562 6830 9820 9101 11077 8128 10779 6582 11946 5444 5780 7326 8309 2771 3938 12420 3220 7664 13185 4073 7496 6784 6052 2262 2773 12304 4376 3548 12167 9020 5659 13876 11923 14361 4667 3806 11665 4251 1898 14247 3515 8229 10264 9832 7734 12166 12664 5438 11144 9113 5623 11297 11785 0 10055 4774 2274 7332 13553 9409 10367 8667 4911 7244 11259 10242 12699 10816 3151 5920 16791 12921 13614 9962 4291 11066 10148 12763 4611 11141 2377 12730 11372 14175 3146 12164 12908 5828 11112 9987 8457 12537 8015 11671 7218 12285 8836 14084 15607 6953 14969 15802 9651 9362 1315 7950 13136 10235 1312 2792 11292 8746 3261 13613 11227 4118 6332 7226 16171 9351 4721 8024 14504 6037 4087 2415 12976 8841 10230 10081 12326 12382 5511 8645 8836 10424 9976 2312 5983 10793 1493 3790 13800 10556 7155 11830 10737 9818 5868 7804 2578 5856 9640 14225 14215 7723 8847 13117 4041 2957 15537 6841 12581 11824 2592 812 7376 10504 7647 5506 11759 8555 13668 7955 14146 2890 9499 9581 4411 11574 5489 4115 4153 9723 7358 10986 12281 4330 13068 10836 3726 6124 4552 3523 10480 7017 491 15530 12524 5679 5978 15219 7706 12972 8338 11564 3103 13192 13557 14962 7335 8218 10466 6794 9480 9046 11033 3495 14106 9534 4390 1259 8691 6781 13242 4468 13202 9818 14387 5668 2669 8922 13496 13487 11381 6508 3773 14814 8340 3272 1626 9474 5502 11709 7093 15039 7062 4143 8077 11509 12968 11111 12455 3848 5927 7899 10499 5720 8176 11467 13576 7675 11856 9826 3322 14211 14364 5498 10769 4363 6120 4670 12532 13631 14652 11870 7235 10346
19879 2056 12505 7303 10469 6235 10555 12594 15530 14695 4411 16050 11122 10068 6525 1226 5081 5126 16600 18407 7759 1447 7748 15615 17226 12005 15336 8694 16662 6612 14778 7914 8899 10810 15396 3202 14425 14400 5955 10188 18122 12621 9662 4780 4451 8524 6936 4751 6280 8514 12555 9637 7161 13757 6750 8928 11861 13675 11843 6981 13729 15454 19580 4547 9653 12043 12231 10453 9612 18879 12881 16513 9001 9625 8491 10505 5970 12424 13241 7909 16743 4993 4796 13287 10645 6737 4636 3222 13654 9675 13846 13815 6354 14193 10345 11247 3781 16454 4087 11068 5890 10204 15610 8655 4615 7627 18193 14089 10323 13909 4113 15000 3835 15663 14818 15541 8237 6626 10110 7685 17077 15357 13866 12583 15169 9834 11172 1203 13543 4035 16577 10243 4612 13782 7683 4412 12762 10786 10336 8218 6191 9320 13938 3829 16683 7476 11823 7355 11721 13435 9994 18585 2747 15685 10389 7494 6031 13411 6487 11345 14129 9349 11982 8019 1922 3128 17919 17400 16959 15133 10964 3850 1508 6343 3400 13642 10055 0 12522 8621 3634 19114 15307 17373 18471 14459 9823 17617 15439 17980 5689 11175 13922 9783 7927 18680 19833 14029 7911 14203 10610 13509 7877 7958 17804 3048 7072 9157 10111 12148 15881 4194 10032 7002 4856 10992 8516 11894 3415 11265 7868 19672 16889 8257 10568 12690 15597 11332 4544 9414 2580 9264 12181 4733 8578 8120 18183 2492 11768 15724 13436 20466 19393 12510 17892 8072 10760 10482 11939 5279 10140 17383 16271 16498 5983 10713 10030 8183 9226 11942 11317 13706 6903 11482 13612 8965 3694 5226 11548 12486 15577 4963 17615 11358 15821 10133 11130 11125 7570 18902 15886 13574 10624 10726 10228 16433 17456 11652 10166 4218 5575 13399 13778 17588 1919 18277 3662 9323 12916 13489 7114 10685 17928 15525 12704 8482 11111 8438 12803 6188 9481 11430 11735 13612 8384 12323 11656 13725 17003 9791 10393 14889 14829 14432 19538 17238 11049 6949 13988 9940 10123 14274 9889 14640 6790 2261 3355 16016 13267 5821 11512 19121 6167 9983 8809 18590 5764 14018 11213 18497 17107 18405 15552 8527 5312 11307 4935 11071 11381 10770 7506 7069 13230 8781 15672 8520 10247 16295 7632 8691 5913 16964 7542 7824 5571 18709 11422 8343 7549 5603 15704 7388 17033 16328 10741 13953 2391 7876 7501 17420 13992 9082 12499 15094 13642 6807 4982 17626 17009 17212 5660
19507 14543 9488 5571 4699 8447 20329 12393 7512 6622 8148 9272 16541 5586 10490 11842 10506 12553 7592 18862 9986 13917 12611 9387 10123 13244 4992 6493 12765 9040 17647 16199 7049 15949 4354 11265 17924 9961 10676 10176 6307 5759 20114 9875 10129 10438 18419 14242 10065 17670 17854 16426 15655 12603 10279 16784 1937 14874 3752 5558 13342 16939 8549 8006 5945 1301 7862 21556 7019 17621 5634 18103 16745 9018 4299 5926 7499 1606 14944 6715 5226 14377 14538 1683 2627 10385 16347 15182 2700 20764 11295 14893 14432 9039 3518 16601 12049 13832 8439 2481 6644 16520 5418 6597 11259 16594 14360 11715 10531 2863 8821 7231 10628 18764 16559 17889 7349 8585 4952 5082 13639 8796 17259 345 10252 14539 13875 13255 12601 14418 5885 16599 8387 9631 6488 12189 5262 8583 17053 7844 11983 17624 3736 8968 8011 10626 6012 5878 17047 7795 2531 15985 10544 6546 18397 16195 17823 1427 7664 16410 3855 3746 18914 4527 11056 13715 12976 5573 16502 17353 2348 14682 12061 9923 14680 16535 4774 12522 0 6911 9019 17594 13641 14081 6778 3161 12015 15172 14600 16875 10931 1699 9743 20751 17153 17801 8167 6765 15491 14738 17400 8110 15555 6665 16963 14632 18004 7912 16790 17653 6277 14749 14713 12904 16101 12782 10549 11888 15437 13606 18128 19955 7998 18937 20118 14375 13489 4833 11860 17594 11698 4276 6479 15042 7276 7862 17929 14336 793 8780 11586 20445 8576 8910 6437 18518 10773 8791 6130 16567 13601 13887 14157 16788 16274 10235 13405 13438 15064 14745 6556 1296 15072 4958 6280 18108 14130 11230 16580 15504 14056 7569 6050 2211 7062 14383 18807 18797 12286 8528 17763 2759 2134 19918 4288 17091 15950 6678 3994 11144 14544 12085 1283 15825 10670 17971 9330 18472 5095 14130 13989 1955 15464 5476 1110 4077 14496 6024 15748 16237 9104 17759 15609 6066 10822 233 7847 15158 6168 5252 19855 17225 8615 1944 19525 9619 17637 7814 16283 2653 17741 18327 19278 11276 12638 13638 9235 13485 13669 15071 7876 18281 13774 9150 5194 9528 10990 18012 9057 17345 13450 18792 4671 4212 9221 18151 16828 16121 3061 1755 18618 7748 5600 4616 13603 4562 16376 9630 18825 11773 7334 10789 15833 17174 15085 16317 8314 4967 12453 14546 5208 7413 15638 18211 12444 16591 11385 7854 18143 18937 9089 15373 532 2817 8081 16590 16943 19228 16136 8023 14418
14120 10214 4512 3073 2548 8651 13792 6318 6941 6160 5033 7461 9633 1748 10695 8618 9796 6321 8084 13104 3104 10021 5765 7070 8641 6764 7336 8785 8834 9513 11087 9579 9436 9042 7706 5989 11250 6152 10495 3634 10519 4119 13793 4182 9008 3532 12687 8259 3560 11131 10964 9569 9136 6999 10665 10043 5213 8570 4102 4892 7471 10704 11417 4982 9079 5751 3727 15418 1040 12529 4414 11909 9988 2424 3495 1985 2812 7922 8496 871 9098 8325 8581 6601 4284 3702 10986 10175 6413 14661 6302 8629 7968 5736 7551 9695 10323 9178 5470 7366 5034 9627 7505 321 10160 10097 10511 6671 3982 6622 4637 6410 9080 12206 10222 11467 9193 2268 2171 3345 9475 6765 10574 6735 6860 7629 7116 9741 6892 8744 8534 9707 4179 5552 7862 6222 4384 2798 10172 949 5419 10911 6211 6835 8117 3780 3260 2443 10146 4844 5186 11491 8163 7261 11604 9670 12345 6930 2143 9511 6376 3398 12016 4240 6710 8325 9815 9886 10963 10934 7120 9145 7471 3412 9363 9910 2274 8621 6911 0 6570 12629 8428 9860 10747 7140 5191 10529 9071 11659 10541 5225 5699 14595 10673 12541 11983 5440 8794 8647 10517 4952 8869 852 11630 9492 12030 1238 9913 10751 7552 9073 7805 6185 10505 6109 11932 5658 10433 6893 11876 14322 8341 12778 13535 7883 8502 3140 5858 10862 9318 2733 3570 9203 9389 986 12401 9422 6192 7115 6212 14958 11158 4277 10074 12301 4342 2718 3360 10928 6729 9781 9240 10961 10229 3897 6532 6574 8177 8028 2698 8164 8542 3223 5062 11536 8552 5008 9684 8796 8809 5347 9892 4777 7312 7483 11963 11953 5452 10552 11463 6289 4899 13265 8139 11147 10863 3031 2951 5376 8319 6491 7742 10861 7414 12468 7290 11880 4592 7941 7312 6158 10854 7382 6353 5130 7675 8107 9067 10108 2441 10852 8779 5097 3911 6681 3200 8805 8971 1794 13263 10769 6249 8236 13989 8622 10739 8596 9779 4777 10923 11577 12697 6821 5949 8653 5650 8743 7517 8844 3080 13033 7297 2699 1824 10009 4584 11260 3370 12184 9414 13057 7751 3632 8715 11258 11531 9218 8147 5637 12673 8631 4787 2583 8606 6428 9477 7725 12902 4863 3011 8495 9247 10725 8942 11729 3160 6764 5627 8312 7704 8565 10471 11935 5755 10024 8887 1067 12033 12812 5573 8510 6546 8393 5072 10327 11685 13091 10756 8693 8151
19763 5690 10996 4283 7745 3277 13421 11993 13039 12124 1538 13898 12378 7590 4642 2824 3425 6366 13952 18474 7100 4947 8310 13569 15071 11822 12331 5298 15325 3972 15410 10034 5631 11930 12255 4082 15247 12716 4268 9262 14879 10088 12745 4307 2575 7960 10320 7075 5834 11047 13881 11293 9299 12981 4726 10957 8588 13658 8904 3468 13195 15674 16563 1591 6197 8679 10284 13777 7607 18448 10295 16835 10990 8345 5276 8130 3793 8816 13354 5716 13546 7296 7262 9942 7409 6410 8046 6691 10433 12980 12649 13770 8194 12293 6712 12490 3769 15470 1106 7442 2407 11724 12649 6478 3633 10017 16973 12971 9506 10690 2340 12525 2523 16429 15076 16050 5021 5311 7442 4532 15900 13205 14612 9113 13429 10673 11412 4240 12811 6749 13555 11783 2598 12111 4207 5644 10102 9225 12025 6555 6823 11561 10868 395 14117 7161 9413 4576 12994 11318 6520 17741 1691 12953 12583 9757 9507 10018 4588 12488 11060 6193 13868 4626 2829 5832 16374 14142 16663 15573 7346 6788 3734 5810 6538 14198 7332 3634 9019 6570 0 18617 14519 16257 15265 11227 9663 16763 14916 17547 4210 7802 12259 13050 10450 18352 16654 11580 9723 14014 12350 11464 9728 5747 17441 6322 10252 7497 11767 13520 13060 7020 10887 7895 8072 10871 6380 11266 6918 11384 10813 19746 14283 11381 13353 12741 14699 8647 5525 11612 2912 6284 9863 7486 5356 6465 18020 5868 8294 13506 12406 20481 16425 10828 14735 11099 9956 9026 9551 8534 10528 16209 15424 16404 8834 9727 10368 9005 10450 12309 9088 10159 8861 8824 11100 11520 6393 5641 12696 12985 14855 1529 14426 8107 13182 10830 13243 13236 8023 16029 16262 10370 7252 13385 6618 16452 16871 9432 7227 4779 7745 12533 10294 16934 1715 18103 755 11900 10207 13268 8495 7130 17086 12590 9317 4944 11597 4937 13306 8944 8250 13056 12471 11052 8009 8833 9769 13791 13966 7198 13138 15351 12717 10954 19516 14955 12744 3791 14368 6530 12149 15277 12586 13286 7609 5338 1418 15026 12943 8164 9650 18828 7741 8711 6090 16022 5930 14983 9754 18078 15869 18451 12449 5278 2720 13118 8425 12182 7747 7287 10769 3899 10604 5823 14792 4887 11698 14189 10928 8667 3562 15030 9628 10392 8015 17933 9703 4713 8086 7765 12687 4134 16455 16733 10549 14447 2518 6215 10582 17769 12138 10478 9049 11688 11571 9490 8497 18013 16587 14553 7736
2251 19743 8362 15700 13387 21193 16519 6633 10978 11509 17161 9130 10177 12752 23119 19712 22033 14222 11858 2936 11583 20121 11527 8706 9010 7123 14040 21374 5052 22052 6475 13875 22034 9991 14996 15920 7310 7646 22833 9363 16516 11835 17568 14609 21190 10738 18815 15631 12997 15014 9795 11958 14203 5668 23130 13276 15696 5649 13866 17520 5441 4741 15097 17163 21567 16319 9845 19391 11782 400 11980 4567 13134 10381 15898 12199 14977 19107 6206 13453 15700 15481 15850 16279 15567 12469 18577 18715 15386 18996 6462 5489 14005 8595 19680 10078 22060 3762 17546 19162 17593 11336 13760 12868 22214 14719 3942 6053 9111 15391 16305 10965 21083 6683 5268 5691 21818 13307 13341 15934 4147 9283 7292 17276 7481 10082 8187 20304 5818 16598 14310 11372 16020 7966 20486 14824 12348 9866 11770 12261 12991 13849 14395 18962 11369 11701 11657 15071 9945 9810 17085 1927 19914 12340 13492 14398 19215 16698 14144 9754 14388 15428 12042 16765 17411 16932 5674 16408 2290 5633 18911 17105 17613 12976 17661 6846 13553 19114 17594 12629 18617 0 4202 3730 16300 15544 9291 2465 3711 1154 22813 16363 7852 18755 15072 949 16586 11040 13131 4985 11835 9492 13233 13451 1421 18056 17706 11438 11756 10094 12888 16769 9961 12411 17770 8135 24510 7360 18889 7994 16676 3154 11615 17559 16097 6620 4192 12906 14622 13682 20845 14770 11151 16459 22006 12335 1872 18383 17201 9527 6424 3214 14639 8844 15683 17059 8661 9911 11524 17927 9253 3988 3475 3125 16450 8924 9306 11361 11179 7683 11288 18427 13929 12746 11440 15045 16696 13888 9663 7494 3820 17726 15871 15581 11793 9635 13071 13063 11636 13761 5042 15264 16362 15487 20393 3497 1766 11073 14306 14900 14976 6154 17661 1795 18798 1790 19372 15108 12539 5655 12841 17878 2218 13592 16557 17574 8544 20692 7273 16126 10445 11195 8527 11671 10792 17431 10031 5717 14511 13250 15882 5835 9247 17761 2601 9725 11549 21204 6151 16642 12928 8040 15620 6322 12540 17796 17342 4114 5848 15197 10060 1077 13741 10036 14127 11590 13357 7987 9287 707 4404 2829 14735 16025 21113 11883 19065 9822 19979 17186 18199 21244 12071 14879 4080 18923 11127 8850 18414 10426 15272 7851 13929 15241 15505 1547 9739 19304 11695 14946 14157 21191 2170 4976 8375 6478 20426 12563 17274 4436 8518 11610 17069 17167 9533 15789 19247 4586 2112 11966 14772
5884 16154 4222 11498 9269 17014 14571 2736 7747 8040 13038 6150 8118 8593 18969 15800 17919 10675 8883 5290 7603 16419 8076 5568 6523 3766 10621 17174 2669 17875 5869 11189 17834 7722 11537 12108 6594 3966 18701 5266 13477 7941 15369 10654 17083 6795 16017 12319 9064 12574 8369 9589 11337 1557 18970 10835 11715 3297 9889 13318 1777 4289 12575 13032 17380 12348 5790 17241 7583 4123 8133 5142 10702 6214 11708 8056 10826 15105 3867 9256 12452 12207 12579 12445 11482 8576 15391 15311 11626 16716 2350 3163 10862 4928 15539 8059 18048 1360 13435 15065 13407 9089 10412 8666 18139 12034 3348 1929 5053 11669 12236 7586 17011 6713 4312 5554 17616 9212 9197 11733 2356 6041 6192 13337 4125 7269 5188 16509 1765 13242 11137 9148 11923 4098 16284 11189 8486 5665 9644 8085 9376 11575 10707 14853 8459 7831 7636 10870 8135 6003 12954 3279 15881 9087 11521 11648 16241 12867 9995 7709 10732 11265 10543 12568 13521 13430 4172 13231 2888 5137 14813 13755 13831 9023 14264 5428 9409 15307 13641 8428 14519 4202 0 2419 13359 11899 5635 2310 1148 3289 18695 12314 4016 16514 12485 4205 13925 7414 10336 2546 9820 5685 10445 9253 3334 14618 14967 7244 9540 8513 9652 13460 7220 9007 14622 4663 20325 3415 15512 4871 14111 6322 8746 15062 14168 3890 523 8860 10940 11425 16864 10600 7162 13234 17803 8162 4291 14871 13190 6411 2222 6808 12131 4754 12679 14534 4603 5710 7514 14854 6134 2574 975 3392 13482 4793 6114 8132 8454 5122 7189 14566 10945 8713 7725 12723 13282 10125 7705 5357 415 13569 12788 11553 8604 6794 11317 11308 8106 11237 5106 11497 12273 13616 16237 3822 2440 7004 10179 11102 11778 1987 13838 2438 14817 4331 15274 12878 8704 2710 9677 13778 2621 10235 12648 13386 5812 16492 5304 13186 6290 9432 6307 7958 6924 13464 5905 3578 11418 9085 13916 5173 5823 14014 5884 7162 9672 17010 4739 12510 10842 7319 13534 2538 9072 14220 13287 1065 2568 12093 5919 4697 10467 5861 9934 9277 9562 7111 5087 3797 2566 5210 11320 11836 16964 10132 15916 7647 15884 13100 15531 17049 8287 10692 505 14732 8860 5983 15763 6758 11115 5371 11139 12638 12376 3428 5569 15108 8204 11751 10806 16991 2063 5415 4791 5188 16438 8395 14627 5753 4778 8942 13127 13539 5763 12970 16099 6037 2495 9162 11564
5925 18345 5355 12853 10141 18507 16971 5015 7255 7819 14738 5400 10501 9626 20551 17774 19599 12925 8133 6022 9614 18548 10390 4988 5329 6168 10328 18364 1342 19369 7875 13604 19034 10123 11286 14198 8665 4154 20332 7191 12795 8341 17785 12636 18784 8863 18414 14636 11093 14993 10657 12003 13739 3761 20524 13254 12225 5621 10411 14654 4186 6123 11467 14714 18451 12833 6586 19656 8899 3889 8448 6668 13119 7929 12847 9039 12483 15632 6214 10725 11970 14536 14905 12691 12230 10649 17725 17583 11764 19134 3609 5473 13227 5044 16417 10438 19896 1059 15155 15811 14893 11496 10039 10047 19890 14447 930 3307 7051 11754 14048 7262 18776 8551 6325 7385 18890 11026 10159 13009 442 5573 8354 13753 3843 9686 7605 18576 4008 15541 10580 11553 13689 4594 17565 13394 8819 7076 12043 9708 11611 13989 10750 16566 7648 9938 8294 12263 10486 6299 13819 1920 17713 8615 13914 14058 18615 13106 11672 10087 10731 12265 12869 13760 15533 15676 2179 12679 3864 7063 15565 16053 15926 11033 16544 7641 10367 17373 14081 9860 16257 3730 2419 0 12590 11876 7917 1325 3142 3456 20359 12963 4459 18931 14902 4266 12929 7406 12746 4834 12210 5992 12855 10711 3731 16881 17372 8786 11946 10831 9161 15772 9639 11325 16969 7027 21767 5618 17792 7283 16527 6690 7898 17479 16565 6292 1950 9550 13123 13838 18758 11646 7762 15568 19045 9796 4824 17104 13748 5801 3938 6904 11011 5696 11964 16951 6619 7239 8150 17215 8536 281 1586 4763 15864 6672 8508 10500 10871 7526 8055 14842 13335 9374 7839 15140 15561 12270 10073 7714 2409 15173 12146 12162 8065 9211 13686 13676 10392 10122 6829 11648 13023 16007 17165 5268 2575 7792 11063 13212 14127 4017 14057 2276 16725 4810 17005 15292 8989 5108 12045 14541 1516 9872 13016 14496 8230 17683 7632 15573 8040 11789 8691 8065 9054 13932 6898 5871 10784 10133 16316 7156 5576 14121 6157 6039 12046 18415 6918 13382 13242 9416 15942 3062 11369 16430 15110 1427 4987 14460 6963 4660 12807 7560 11122 7990 11694 9244 6522 3746 675 5919 11019 12965 18562 12493 18257 10039 16621 13833 17940 18441 8497 11828 1925 15852 11266 5121 18173 9010 12746 4151 13547 15053 14736 2276 6744 16262 10503 14100 10436 18341 2552 7020 7122 7358 18326 10044 17039 7021 5013 11360 13551 13487 6006 15371 18440 7268 3287 8259 13912
18514 20370 10347 11168 8295 15180 24340 13480 5635 5596 14094 7264 19176 8999 17258 18012 17195 17067 4494 18461 13557 19915 16120 7803 7302 14791 3443 13257 11322 15805 18799 20128 13789 18591 3097 16487 19341 9487 17423 12474 521 6964 24469 14776 16746 13599 23419 19001 14300 21717 20163 19691 19769 13036 17053 20431 6679 15853 6761 11864 13944 17520 2124 13967 12642 6655 8969 26139 10168 16479 6636 18483 20352 11721 10017 8844 12695 7953 16173 11093 1729 19071 19322 5405 7863 14379 21621 20668 4835 25392 11432 15800 18650 8606 10263 19193 18619 12871 14468 9206 12869 19561 3378 10542 17914 20728 12413 11767 12751 4578 14425 5890 17185 19811 17370 18719 14120 12983 8687 10806 12197 7319 18762 6539 9235 17353 15952 19377 13164 19440 2388 19641 13933 9581 13254 16947 6515 10627 20162 11602 16106 21319 4599 15299 4956 14269 7837 11154 19531 7939 8914 14399 16905 4365 21845 20291 23026 5445 12470 18912 4417 9130 21798 10650 16751 18931 10692 1208 16096 18231 9106 19810 17686 14153 19962 17953 8667 18471 6778 10747 15265 16300 13359 12590 0 4038 14544 13905 14502 15994 17664 7518 9601 25316 21305 16846 1403 6419 19280 15392 20477 8187 19368 11035 16219 20027 22777 11095 19934 20097 3821 19772 17467 16733 21199 14794 17297 13308 20929 15594 22589 19258 4695 23506 24045 15769 12982 7607 16585 21241 18109 9225 7865 19933 14033 11670 17311 19858 7284 6955 12038 19493 2393 9758 721 23020 12752 11005 7819 21635 16136 12322 13415 16743 20976 12234 15966 16827 18233 16598 8620 6243 19180 7531 6408 22090 19221 15753 19027 17248 13721 13740 864 7159 4781 17036 22046 22036 15857 2941 18370 4906 8054 23701 10993 17181 15057 8445 8365 16039 19058 12643 5620 14808 16772 17315 15711 22409 6267 15039 17866 8668 14104 3539 6087 10530 16709 12802 17391 20850 11879 20563 17744 6235 14032 6874 9384 16179 2009 9063 23769 18194 7587 5063 18735 6587 20580 14576 17455 8798 21121 19941 23222 10867 16538 19103 15120 12706 14604 19581 9514 17250 17985 11628 9811 5031 15327 19659 10784 16328 11923 18366 3002 10000 15898 21119 22153 18682 9622 8227 23420 14515 6273 9706 13081 11279 19365 7498 23648 14835 12665 8449 19833 21374 19686 14780 9962 11707 16039 19051 3092 14186 14898 18726 14547 17865 17753 11804 22771 19111 8822 18659 6515 4018 8047 21048 22295 19392 15577 4334 18886
17605 16382 8082 7158 4594 11270 20926 11236 4790 4067 10069 6671 16295 5426 13396 13977 13239 13400 4579 17189 10154 15900 12805 6934 7341 12347 1893 9559 10534 11941 16651 16708 10146 15697 1200 12607 17063 7972 13520 9577 3664 4149 20926 10960 12754 10362 19650 15277 10677 18268 17451 16537 16276 11141 13209 17127 2642 13738 3040 7834 11984 15661 5526 9940 9078 2677 6461 22523 6780 15629 3880 16755 17063 8606 5985 5444 8773 4665 13931 7333 2323 15368 15592 1518 3828 10841 17764 16752 806 21757 9644 13723 15105 7003 6639 16332 14608 11819 10437 5628 8832 16502 2316 6889 13936 17237 12003 10045 9903 553 10447 4651 13175 17736 15381 16744 10392 9276 4979 6780 11439 6335 16429 2846 8063 14359 13272 15348 11199 15639 2729 16583 9960 7804 9412 13201 3585 7757 17082 8061 12558 18005 1204 11263 5040 10859 4821 7189 16726 5903 4936 13794 12869 3609 18639 16809 19195 1740 8636 16089 1167 5110 18838 6614 12772 15073 10467 2941 14782 16221 5472 15982 13725 10529 16093 15649 4911 14459 3161 7140 11227 15544 11899 11876 4038 0 11613 13080 12965 14970 13743 3514 7882 21702 17813 15885 5429 4516 15905 13444 17415 6218 15985 7275 15115 16130 19077 7747 16836 17319 3239 15974 14502 13305 17389 12116 13621 10881 17013 12950 18994 18177 4980 19880 20663 13430 11647 4120 12845 17946 14075 5261 5084 16176 10350 8114 16150 15930 3449 6200 10093 18572 5497 7459 3532 19414 10020 8076 4870 17836 13244 11650 12241 15228 17286 9471 13057 13575 15098 14045 5578 3264 15682 4117 4174 18670 15399 12064 16231 14763 12304 9702 3203 3122 4171 14108 18931 18921 12512 5382 16512 897 4035 20374 7427 15595 14020 5532 4464 12241 15414 10662 2437 13844 12740 16177 11677 19009 3328 12941 14437 4836 13344 2405 2210 6534 13982 9038 14960 17189 8740 17624 15075 3941 10788 3174 6680 14048 3035 5362 20389 16134 6302 2296 17703 6758 17578 10713 15271 4783 17936 17570 19826 9388 13079 15184 11105 11533 12479 15944 6768 16344 14434 8609 5937 6413 11691 17267 8081 15397 11213 17107 1511 5965 11939 18113 18284 15827 6218 4301 19714 10661 3650 5737 11759 7387 16326 7015 19937 11675 8716 8176 16383 17864 16019 14152 7245 7833 12692 15410 2063 10355 13762 16926 11817 15635 13716 8205 19120 17511 7128 15481 2748 1641 6136 17443 18420 17802 14345 4946 15256
10167 10537 4561 7842 7370 12595 10142 2910 9389 9057 8345 8775 4685 6462 14292 10449 13073 5041 10735 8819 2642 10852 2482 8149 9743 2204 11167 13435 7545 13419 6026 6162 14035 4088 11827 6631 6099 6302 13930 2073 14455 7640 10605 5436 12216 1830 10669 6722 3841 7721 5873 5216 6099 4158 14352 6155 10198 3999 8715 9505 3948 6025 14582 8383 13905 10788 5606 12441 5012 9059 7961 7204 6050 3038 8595 6248 6438 13105 3701 5682 13116 6627 6995 11448 9413 3275 9818 9679 11015 11807 4845 4117 5391 6692 12653 4720 12878 6905 8670 12541 9209 5024 11172 5512 13145 6942 8815 4912 1800 11173 7325 8952 12017 7127 5445 6532 13659 4600 7076 8252 7709 8239 5422 11807 7035 2809 1951 11013 3914 7625 12161 5104 7145 5816 12383 5577 8155 3927 5630 4349 3750 7024 10486 10037 10524 2508 6835 7205 5117 6791 10371 8865 10783 10338 7385 6513 10769 11823 5666 4478 10605 8588 7268 9199 8145 7795 9029 13952 7157 6021 12299 8137 8322 3855 8635 4814 7244 9823 12015 5191 9663 9291 5635 7917 14544 11613 0 7923 5629 8158 13859 10359 5896 11651 7473 8876 15549 8202 5257 4420 5938 6628 5363 5712 7990 8984 9693 4103 5413 5715 10817 7855 2925 3416 9074 1213 15904 2317 9883 1796 9030 10093 10817 10004 9794 3082 6007 7548 5349 6915 11633 7923 6704 7664 13914 4368 8438 9238 11332 8706 4215 10843 14215 5013 13825 9473 1901 3567 6817 9343 1631 7993 6610 6782 8066 2348 1445 2748 3772 2885 6054 13225 5612 7518 8142 7995 7652 4597 4627 3646 5849 9072 13762 9822 10108 2506 7519 7508 2476 13420 6660 10879 10072 9363 13176 6798 7647 6158 8022 5610 6245 3939 12714 7796 9600 8528 10402 8250 8419 3688 4242 11348 8219 11007 11330 10131 2487 12791 3937 7800 2928 6039 3597 8309 1666 11790 5161 4129 12564 6763 9519 5822 7732 13133 9884 10101 6037 12785 4817 9967 6652 6390 9023 5794 3451 8597 8296 6495 3444 6616 5031 9328 4917 3003 7013 12086 4071 6073 3779 8677 7814 8800 11757 8732 12316 6576 10355 4215 13310 10825 10301 12851 8303 7757 6061 11327 4823 8847 10540 1139 6761 8972 5996 7595 6874 8953 4585 11589 2586 6220 11487 12894 7225 7137 921 4984 11224 4482 9446 8138 6431 4241 11607 13088 6788 7695 10537 8393 7186 11253 6029
4616 18454 6111 13576 11066 19168 16405 5041 8524 9044 15266 6691 9920 10482 21161 18102 20147 12964 9439 4715 9904 18728 10339 6249 6654 5951 11579 19181 2602 20030 6922 13261 19847 9601 12533 14418 7741 5211 20912 7540 14104 9413 17301 12953 19318 9102 18148 14569 11369 14573 9908 11535 13467 3862 21152 12821 13288 5024 11461 15392 3995 5122 12792 15254 19322 13906 7503 19165 9621 2586 9546 5520 12683 8424 13674 9911 13034 16701 5633 11379 13255 14449 14821 13832 13212 10884 17621 17585 12930 18684 4237 4864 13067 6149 17364 9844 20326 1378 15671 16806 15551 10983 11303 10744 20390 14111 1865 3859 7344 12932 14499 8502 19266 7494 5418 6346 19667 11469 11048 13772 1709 6822 7506 14850 5017 9342 7286 18819 4075 15503 11872 11034 14171 5569 18337 13489 9916 7733 11499 10270 11671 13508 11934 17089 8958 10141 9282 12964 9835 7378 14764 980 18153 9888 13338 13744 18421 14250 12208 9497 11926 13149 12155 14565 15826 15716 3456 13974 2670 6081 16557 16016 16141 11325 16535 6854 11259 17617 15172 10529 16763 2465 2310 1325 13905 13080 7923 0 2520 2136 20918 13983 5447 18466 14534 2943 14254 8580 12436 4234 11634 7062 12544 11371 2425 16896 17076 9389 11428 10122 10439 15712 9267 11264 16842 6901 22460 5725 17781 7005 16162 5366 9211 17095 15992 5836 2063 10538 13244 13350 19152 12508 8764 15467 19838 10351 3511 17161 14801 7077 4362 5596 12335 6539 13275 16574 6895 7836 9144 17056 8291 1603 1350 3631 15651 7050 8293 10342 10513 7049 8965 15982 13107 10371 8986 14682 15554 12434 9457 7112 2076 15763 13450 13192 9345 8869 13046 13037 10384 11447 5753 12810 14007 15413 18094 4137 1297 8729 11988 13412 14001 4254 15210 973 17106 3493 17516 14805 10100 4676 11881 15526 326 11134 14124 15341 7827 18498 6981 15347 8514 11137 8132 9217 9235 15014 7742 5224 12085 10986 15753 6206 6782 15302 4834 7363 11428 19124 6118 14322 12696 8500 15413 3942 11343 16518 15554 1793 4676 14293 7787 3347 12702 8062 11919 9312 11872 8358 7159 2424 1983 4610 12274 13796 19161 11843 18139 9486 17621 14827 17621 19157 9625 12651 1973 16696 10758 6423 17849 9053 13314 5474 13244 14693 14584 1203 7509 17092 10475 13972 11700 19079 1388 5893 7058 6538 18725 10592 16707 5791 6084 10987 14645 14702 7095 15094 18322 6026 2094 9577 13788
5059 16147 5119 12140 10133 17546 13913 2925 8884 9153 13471 7298 7427 9409 19441 16012 18336 10629 10029 4264 7872 16481 7959 6715 7656 3528 11730 17854 3702 18402 4812 10746 18506 7090 12638 12239 5571 5079 19144 5680 14615 8952 14788 10900 17490 7028 15643 12152 9290 12053 7517 9017 10965 2084 19459 10301 12666 2522 10851 13954 1730 3167 13722 13477 18110 13301 6739 16654 8299 3532 9160 3994 10163 6747 12446 8898 11308 16033 3129 9867 13576 12021 12393 13457 12364 8766 15175 15201 12664 16166 3335 2366 10606 6031 16352 7356 18349 2168 13851 15926 13964 8472 11531 9330 18507 11596 4033 2924 5415 12717 12599 8712 17375 5605 3249 4440 18255 9611 10030 12409 3212 7183 5224 14304 5269 6831 4790 16633 2180 13101 12270 8524 12322 5163 16927 11198 9506 6386 8996 8629 9365 10993 11768 15265 9606 8000 8588 11500 7374 7061 13788 3353 16203 10219 10847 11232 15937 13877 10475 7007 11800 12062 9738 13275 13714 13368 5133 14361 1924 4046 15674 13613 13943 9267 14148 4500 10242 15439 14600 9071 14916 3711 1148 3142 14502 12965 5629 2520 0 2633 19118 13222 5093 15951 12015 3479 15073 8504 9927 1728 9141 6747 10035 9869 2564 14524 14566 7852 8918 7700 10784 13296 6751 8870 14387 4520 20871 3652 15389 4528 13643 5373 9894 14575 13502 3317 1595 9786 10978 10836 17136 11385 8136 13029 18458 8698 3372 14817 14118 7557 3028 5932 13277 5690 13820 14054 4968 6370 8473 14587 5816 3361 1562 2272 13164 5266 5833 7896 7998 4529 8086 15562 10619 9649 8794 12165 13171 10217 6978 4621 845 14058 13925 12478 9742 6359 10583 10574 8036 12383 3970 12533 13149 12931 17029 2682 2018 7929 11029 11221 11554 2606 14849 2178 15088 3428 15671 12292 9732 2168 9423 14641 2757 11353 13631 14121 5310 17176 4514 12855 6797 8679 5628 9026 7089 14416 6789 2748 12556 9888 13260 4103 6952 15048 4978 8302 8952 17588 3781 13343 10195 6313 12909 3657 8972 14202 13633 2047 2230 11827 6785 3968 10272 6416 10670 10411 9675 6125 5818 3165 3468 4193 12428 12577 17436 9384 15686 6983 16745 13976 15106 17633 9334 11441 1523 15456 8246 7130 15333 6769 11609 6494 10735 12174 12123 3375 6397 15815 8111 11524 11924 17597 1596 4269 4725 4224 16716 8917 14191 4617 5868 8469 14093 14605 6834 12589 15869 4903 1692 10310 11343
2641 18592 7509 14732 12555 20173 15464 5554 10537 10987 16104 8747 9080 11882 22074 18592 20968 13073 11511 2589 10488 18977 10376 8265 8774 5981 13552 20431 4672 21030 5504 12743 21087 8875 14496 14789 6345 7005 21777 8313 16177 11136 16487 13502 20121 9639 17682 14477 11889 13902 8767 10843 13061 4663 22091 12160 14959 4496 13128 16550 4353 3720 14920 16110 20656 15588 9053 18319 10848 905 11304 3742 12018 9366 14985 11345 13939 18360 5057 12469 15283 14327 14696 15621 14762 11356 17425 17561 14761 17909 5623 4336 12853 7972 18828 8984 20959 3170 16483 18349 16585 10229 13297 11909 21133 13588 3931 5204 8047 14783 15226 10472 20001 5839 4203 4774 20852 12244 12486 14985 3813 8818 6269 16564 6946 8934 7033 19168 4791 15444 13913 10267 14953 7256 19521 13679 11666 8928 10676 11249 11846 12750 13800 17896 11039 10586 10890 14097 8871 9141 16243 2098 18820 11903 12423 13262 18072 16042 13107 8655 13806 14553 11024 15834 16290 15780 5585 16020 1160 4649 18097 15951 16477 11872 16507 5773 12699 17980 16875 11659 17547 1154 3289 3456 15994 14970 8158 2136 2633 0 21749 15584 7154 17671 13948 926 16374 10454 11990 3831 10752 8821 12093 12470 372 16902 16576 10452 10653 9048 12460 15615 8816 11258 16619 6994 23496 6281 17735 6841 15558 3267 11300 16448 15043 5466 3386 12125 13480 12583 19737 13886 10401 15306 21048 11320 1381 17230 16447 9107 5496 3602 14464 8027 15352 15945 7601 8945 10763 16779 8099 3736 2734 2079 15305 7892 8152 10207 10038 6536 10469 17758 12781 11973 10820 13945 15543 12755 8572 6368 2883 16689 15513 14815 11373 8485 12026 12018 10488 13574 4132 14636 15554 14438 19526 2512 952 10275 13467 13769 13823 5168 17010 1188 17692 1358 18301 14016 11871 4507 11688 17063 2025 13124 15861 16662 7395 19751 6156 14982 9421 10137 7404 11053 9678 16703 9191 4571 14143 12373 14823 4833 8719 17147 2756 9480 10480 20205 5063 15799 11843 7091 14546 5618 11389 16646 16257 3437 4714 14046 9207 1411 12587 9029 13209 11446 12227 7011 8352 532 4098 2483 14251 15114 20068 10831 17915 8712 19168 16381 17074 20249 11425 13971 3272 18006 10017 8497 17292 9290 14239 7589 12790 14117 14354 1813 8858 18376 10546 13793 13695 20206 1238 4145 7240 5412 19320 11542 16150 3814 7866 10473 16356 16605 8878 14651 18097 4019 973 11676 13619
23973 7202 15041 7786 11197 2485 16235 16196 16473 15514 5657 17573 16275 11261 931 4474 786 10141 17205 22675 11309 6180 12368 17318 18721 16027 15191 4869 19371 1993 19521 13462 4657 15873 14895 7824 19310 16668 359 13452 17212 13588 15292 8455 1643 12169 12408 10314 10020 14182 17764 15001 12705 17165 1222 14453 11194 17857 12039 6247 17399 19856 19264 5664 5811 11066 14167 15917 11553 22650 13741 21007 14511 12494 8360 11845 7886 10117 17540 9670 16024 10555 10407 12279 10197 10593 10159 8755 13017 15168 16760 17971 11753 16151 7666 16393 2194 19607 5267 8688 5622 15502 15565 10396 1105 13258 21041 17098 13704 13262 6547 15988 1973 20512 19252 20189 4045 9507 10969 7828 19988 16896 18691 11139 17344 14692 15572 5287 17001 9694 16344 15552 6797 16078 4474 9385 13486 13288 15725 10659 10825 14924 13697 3853 17449 11352 13043 8268 16890 15079 8814 21894 3286 16146 15986 13086 11414 12220 8710 16428 13882 9254 17476 7466 6256 8763 20333 16471 20872 19722 8716 9538 6752 10004 9083 18319 10816 5689 10931 10541 4210 22813 18695 20359 17664 13743 13859 20918 19118 21749 0 10247 16226 15307 13591 22560 19064 15095 13328 18222 16026 15264 13312 9691 21647 8709 12690 11573 15480 17381 16145 9874 14904 11848 10496 15069 2875 15469 8895 15561 13547 23949 17571 13885 16256 16932 18857 12082 9355 15005 3127 9581 13542 10408 4305 10574 22230 8132 10381 17145 16556 24687 19207 14815 17249 13733 14152 13122 13191 10893 14656 20296 19587 20612 11672 13905 14504 13004 14336 16454 12854 11770 12369 12274 14580 14639 9343 9659 16637 17110 19038 5194 16888 10801 16469 14891 16705 16700 12102 18958 20424 12991 9759 16413 7134 20653 21063 13191 10487 8704 11101 16708 12176 21118 4590 22313 3461 15001 13536 17476 12281 9002 21243 15543 11587 7261 15715 5073 17432 11873 12409 16797 16537 14489 12211 10810 13695 17983 16714 10806 16082 19495 16445 12814 23723 18514 16448 3152 18523 9020 15659 19286 15578 17347 11578 7947 5564 19164 17153 11414 13590 23036 11421 12856 9677 19306 10020 19003 13837 22281 19940 22654 15149 8303 1895 16763 10346 16131 8583 9451 13070 3237 13998 9194 18952 6386 15507 17889 13170 12842 7614 18819 13072 13494 11191 22097 13700 5965 12146 11126 15514 3610 20648 20893 14751 18581 3308 10330 13151 21940 16022 14295 11152 13747 15353 12488 10346 22179 20792 17779 11149
18198 13160 8107 4013 3139 7785 18655 10886 6921 5962 6765 8510 14857 3988 9935 10596 9729 10894 7298 17467 8290 12598 10912 8517 9484 11666 4992 6294 11680 8485 16066 14513 6928 14266 4648 9697 16316 8810 10033 8565 7106 4653 18466 8241 9241 8756 16848 12618 8375 15993 16182 14728 13978 11186 9762 15090 989 13341 2576 4359 11883 15430 9020 6628 5994 877 6531 19935 5392 16363 4609 16608 15049 7388 2742 4390 5884 2833 13381 5017 5826 12746 12918 2140 946 8688 14820 13699 2770 19147 9966 13368 12757 7941 3639 14919 11102 12621 7097 2870 5396 14824 5388 4909 10422 14920 13326 10386 8923 3017 7322 6547 9668 17186 15026 16342 7076 6895 3343 3553 12525 7954 15647 1580 9197 12853 12239 11990 11164 12834 6106 14903 6865 8414 5992 10554 4246 7048 15355 6153 10295 15932 3519 7808 7643 8928 4706 4249 15368 6677 1434 14838 9411 6214 16700 14518 16287 2236 5997 14733 3693 2077 17219 3181 9607 12162 12060 6364 15140 15804 2633 13118 10598 8232 13146 14936 3151 11175 1699 5225 7802 16363 12314 12963 7518 3514 10359 13983 13222 15584 10247 0 8537 19126 15482 16508 8919 5899 13799 13247 15703 6976 13863 4967 15648 13123 16397 6258 15092 15974 6086 13166 13029 11209 14538 11163 10311 10348 13956 11981 16484 18594 7695 17308 18439 12800 12205 3459 10219 15901 10606 2578 5219 13440 7083 6168 16579 12858 972 8020 10195 19119 8961 7561 7043 16880 9186 7225 4841 15000 11934 12790 12898 15367 14651 8658 11737 11740 13367 13121 5136 2984 13392 3617 5373 16428 12557 9565 14904 13883 12729 6295 6703 813 6650 12705 17108 17098 10587 8742 16243 2745 552 18232 4445 15646 14677 5310 2348 9520 12894 10662 2735 14577 9382 16627 8208 16791 4147 12616 12297 1663 14286 5391 1529 3020 12845 5708 14135 14604 7466 16067 13956 5189 9135 1466 6433 13615 6469 3613 18175 15668 7685 3347 18183 9071 15941 7263 14712 1282 16043 16699 17598 10048 10944 12141 7838 12250 12159 13423 6442 16995 12096 7541 3495 9358 9309 16384 7551 16070 12359 17402 4903 2679 8429 16455 15314 14442 3666 958 17017 7221 4679 2932 12319 3945 14681 8867 17227 10088 5743 9993 14149 15506 13446 15155 6854 4404 10755 12895 5296 6936 14346 16698 10820 15006 10260 6157 16518 17461 7951 13675 1426 3919 6976 14942 15435 17750 14804 7813 12763
9794 15213 1471 8548 5684 14238 16014 3982 3987 4096 10721 2912 10072 5207 16339 14119 15489 10208 5269 9306 6426 15228 8168 2270 3848 5395 6656 13941 3251 15095 9201 12052 14613 9531 7551 10902 9762 479 16168 4192 9658 3988 16500 9158 14707 5919 16378 12139 7814 13617 10833 11015 11943 3437 16289 12036 7846 6259 6017 10314 4344 7953 9140 10676 14002 8468 2147 18333 4675 7880 4150 8976 11926 4338 8433 4611 8473 11258 6609 6566 8540 12103 12447 8467 7780 7520 15212 14765 7622 17687 1839 6202 11102 996 11959 10061 15994 4093 11155 11369 10655 10714 6482 5830 15860 12817 4948 2204 4273 7657 10204 3715 14776 10211 7774 9129 14496 7310 5714 8654 4030 2471 9205 9426 1260 8530 6746 15101 3564 12914 7286 10789 9787 148 13179 10481 4513 3137 11323 5783 8921 12894 6692 12532 4938 6972 3844 7995 10317 1993 9361 6306 13821 5243 13163 12382 16342 8888 7715 9742 6716 7817 12710 9359 12010 12814 4116 9344 6901 8635 11121 13401 12584 7715 13792 8392 5920 13922 9743 5699 12259 7852 4016 4459 9601 7882 5896 5447 5093 7154 16226 8537 0 17538 13357 8079 10338 3413 11147 5796 11592 1673 11252 6541 7269 14049 15467 4822 11139 10835 5801 13197 8585 9035 14550 5673 17445 3995 15002 6368 14890 10313 5240 15864 15656 6258 3785 5101 10153 12777 14943 7211 3319 13129 14637 5879 8282 14148 9355 2931 2444 10748 8727 1436 8896 15335 4022 3446 3703 14884 7234 4313 4424 7363 13758 3708 7107 8611 9614 7224 3609 10604 11421 4930 3708 13890 12843 9228 9820 7798 4423 11039 8956 7745 4828 8121 13187 13177 8033 7867 8808 7494 8575 15197 12706 7752 6218 3336 6605 10017 11839 3048 9858 6084 12972 8314 12986 14138 4717 5447 10025 10094 5749 6303 8713 10064 7521 13262 7900 13526 4498 11485 8442 3942 6264 9579 2541 6585 7608 5712 15383 8594 2058 10010 9853 4223 11593 14089 7865 8923 12431 10387 14901 1537 8967 13409 11255 3743 5021 12278 2638 8554 10536 4003 6745 6274 8651 10116 2731 7612 3899 9225 7350 8546 14381 12119 15768 9563 12182 9390 16092 14107 4280 7420 3898 11418 10493 2955 16332 6667 8697 3177 11869 13475 12496 6618 2560 11835 8192 11819 6869 13984 5926 9187 5529 8282 14510 6133 15268 9682 788 10099 9219 9523 1746 13497 15943 9971 6476 5682 11628
18372 8110 16154 15193 17118 15996 2486 14177 20762 20244 13090 20384 8598 16341 16199 10990 14790 8304 22079 16682 11807 9135 9444 19772 21386 12828 21881 18334 18908 16394 12440 5489 18609 8869 22300 9566 11668 17952 15612 13447 25108 18441 1189 10885 14222 11928 2906 6509 11036 3964 9067 6936 5641 15367 16449 5680 19480 13445 18682 15749 14766 14036 25774 13230 19247 19881 16891 823 15156 18389 18766 14530 5813 13825 16457 16472 13252 21136 12836 14377 23689 6381 6214 20958 18325 10938 5162 6579 20945 294 16417 13607 6679 18286 19469 8690 13174 17873 12985 19965 14756 7488 22005 14826 14202 4729 19860 16408 13298 21169 12121 20275 13583 12679 13488 13311 17962 12428 16729 15695 18846 19810 11524 20697 18685 9283 11351 10021 15114 6428 23038 7440 12483 17451 17256 8574 18833 15087 7001 13717 9212 4959 20805 13351 21945 11103 17545 14880 8812 18178 18338 19222 12524 21490 5282 5168 3936 21216 13164 9025 20970 17053 6977 16401 10269 7270 20452 24481 16515 13216 19802 6287 9317 11184 6515 11909 16791 9783 20751 14595 13050 18755 16514 18931 25316 21702 11651 18466 15951 17671 15307 19126 17538 0 4181 17953 26505 19404 6394 14233 6920 18076 6288 14435 17348 6774 2811 14253 7047 8718 21887 6117 9308 8682 4983 12127 18181 13802 6419 11695 2730 17689 22225 1824 2878 12656 17001 17724 8914 5118 12209 16649 17630 5746 18304 13651 17121 7298 19958 20271 15736 18506 25457 16530 24629 2296 13517 14684 17590 4529 10521 19083 17390 15631 4478 13874 10597 8928 8103 11428 16791 22040 6206 17789 19202 3792 6757 9644 9100 11379 16550 13933 24469 18981 21377 9752 5814 5819 9642 24736 13921 20828 18630 3497 19539 15285 17650 17023 17294 9608 6288 15331 21858 17931 11494 17225 13307 3665 19070 13839 7589 19233 18682 21865 20550 17150 10701 17985 11549 4528 13653 7593 10346 19314 11511 20523 16344 13264 23470 16346 3012 12988 19283 22450 17840 21714 7217 16679 12609 18121 5828 11052 3153 17371 8837 7723 12091 17548 13946 5758 16192 18220 7337 14018 15837 23629 10015 10995 15160 18048 19021 16738 22333 16550 15092 6936 4968 8998 20461 19069 2286 16797 19143 16229 17013 17633 7711 20478 2150 10912 13423 20619 5675 4067 5695 19149 15836 17581 9467 6292 22242 17092 17301 14166 12159 12278 12122 13529 2608 15142 18027 7606 20552 22816 18238 4269 4986 15198 16877 22643 6447
14987 7004 11975 11705 13219 13665 3178 10055 16616 16128 10082 16205 4981 12399 14386 9122 12935 4623 17942 13311 7749 7911 5287 15591 17205 8749 17862 15679 14803 14230 9084 1318 16066 5085 18334 6474 8419 13772 13835 9275 21122 14379 3189 7358 12214 7797 3795 3376 7162 598 5915 3133 1539 11267 14586 1824 15730 9559 14774 12568 10718 10469 21674 10209 16502 16182 12745 4980 11141 14728 14706 11160 1965 9701 12921 12476 9732 17721 8959 10564 19712 3154 3217 17185 14627 6972 4404 5368 17080 4334 12260 9723 2728 14108 16319 5097 11693 13844 10090 16673 11688 3787 17963 10928 12534 578 15831 12266 9120 17293 8973 16137 11668 9582 9869 9966 15469 8620 12837 12216 14790 15634 8110 17062 14508 5216 7297 8635 11013 3897 18993 3767 9236 13270 14551 5113 14795 10944 3491 9759 5258 1611 16858 10810 17794 7037 13488 11299 5373 14024 14856 15342 10424 17385 2616 1016 4409 17474 9490 5384 17015 13409 4468 13018 7648 4829 16338 20519 12790 9761 16483 4106 6905 7310 4647 8320 12921 7927 17153 10673 10450 15072 12485 14902 21305 17813 7473 14534 12015 13948 13591 15482 13357 4181 0 14339 22458 15282 2218 10328 3580 13914 2111 10620 13651 5089 2667 10210 3418 5500 17799 3739 5273 4578 3653 7994 16360 9649 5377 7623 1629 14434 18076 2578 3000 8698 12957 13761 5390 1763 10506 12935 13540 3198 15801 9702 13571 5669 16368 16097 11587 15267 21346 12357 20608 2049 9336 10541 13523 3524 6403 15039 13393 11979 2107 9696 6464 4747 4032 7498 12720 18449 2132 13809 15102 1070 4247 5925 5513 7581 12556 10982 20468 15246 17251 5691 3395 3393 5504 20609 10517 16958 15019 2942 16515 11695 13819 12936 13491 6177 2752 11202 18185 14077 9190 13675 10896 1450 15040 9863 3455 15801 14770 17818 16836 13850 6707 15225 7800 1813 9531 4439 6545 15224 7373 16921 12208 9419 19421 12456 2753 9515 15110 18746 14498 17534 4004 14237 8958 14586 2644 7952 2178 13214 4767 5671 9236 13498 9923 2290 12057 14659 3396 9877 12071 19460 6183 7806 10996 14368 14950 13352 18347 13029 12897 3999 4691 5270 17255 15545 3127 14347 15081 12550 12977 14542 3977 16297 3343 6739 9954 16444 1502 178 2442 15304 11689 14573 5325 2739 18217 14582 13446 10839 8006 8694 10284 9608 2202 11897 13848 3549 16901 19021 14075 1182 4843 12010 13092 18499 2817
1720 19224 8428 15612 13474 21021 15687 6372 11424 11892 16924 9616 9405 12795 22901 19324 21776 13716 12373 2009 11272 19640 11016 9149 9595 6678 14451 21319 5529 21875 5600 13168 21974 9253 15398 15500 6429 7925 22594 9149 17039 12062 16764 14264 20927 10417 18103 15048 12651 14257 8949 11212 13528 5542 22924 12531 15885 5067 14054 17428 5168 3917 15725 16934 21555 16514 9978 18575 11744 555 12229 3644 12389 10226 15885 12261 14778 19285 5587 13343 16166 14889 15256 16544 15683 12108 17948 18143 15682 18198 6545 4914 13391 8890 19742 9302 21723 4072 17297 19269 17442 10578 14191 12795 21924 14006 4633 6125 8872 15703 16025 11370 20791 5756 4481 4793 21730 13061 13401 15873 4649 9709 6450 17490 7849 9439 7623 19860 5655 16022 14791 10610 15764 8181 20401 14343 12591 9825 10990 12107 12516 13074 14717 18706 11895 11336 11815 14974 9142 10065 17160 2665 19597 12790 12678 13699 18536 16965 13946 8986 14722 15464 11183 16729 17021 16397 6336 16896 1721 4772 19017 16525 17173 12640 17092 6054 13614 18680 17801 12541 18352 949 4205 4266 16846 15885 8876 2943 3479 926 22560 16508 8079 17953 14339 0 17194 11369 12449 4478 11038 9745 12550 13344 916 17496 16987 11327 10989 9261 13345 16179 9306 11877 17135 7689 24347 7095 18309 7463 15931 2427 12151 16799 15265 6056 4312 13050 14158 12905 20492 14795 11327 15850 21930 12177 927 17844 17372 9986 6402 2690 15268 8950 16212 16306 8430 9831 11688 17275 8691 4541 3657 2362 15782 8743 8760 10793 10504 7045 11391 18683 13280 12898 11740 14270 16136 13460 8884 6788 3796 17526 16381 15740 12255 9005 12233 12226 11147 14382 4146 15557 16475 14651 20436 2667 1865 11199 14385 14480 14369 6054 17934 2056 18451 841 19106 14319 12795 5192 12242 17983 2772 14019 16786 17563 7915 20640 6547 15454 10275 10373 7808 11973 10434 17629 10110 5091 15013 13284 15055 4985 9623 18067 1891 10305 10737 21066 5384 16715 12132 7149 14809 6542 12023 17279 17048 4355 5448 14565 10124 493 13161 9894 14109 12235 12945 7110 9251 521 4926 1901 15150 16015 20897 11053 18426 9072 20088 17302 17465 21112 12347 14873 4197 18904 10375 9356 17677 9996 15080 8417 13241 14510 14878 2310 9771 19270 11194 14338 14589 21076 2164 4052 7955 5682 20078 12395 16540 3487 8787 10920 17281 17518 9800 15094 18607 3639 1787 12520 14168
18825 21718 11220 12534 9578 16580 25458 14288 6356 6502 15467 7775 20132 10244 18653 19392 18598 18292 5081 18895 14713 21278 17233 8366 7601 15643 4647 14634 11718 17200 19518 21259 15158 19554 4438 17790 20099 10168 18822 13490 1861 8080 25634 16060 18148 14705 24670 20242 15520 22854 21058 20735 20927 13744 18445 21522 8071 16590 8068 13261 14657 18156 1555 15342 14002 8056 9944 27328 11350 16794 7752 19067 21438 12809 11397 10047 14022 9300 16946 12372 3109 20305 20564 6808 9248 15572 22910 21982 6221 26590 12139 16526 19829 9346 11638 20142 20020 13315 15846 10579 14261 20573 4500 11793 19317 21882 12654 12446 13749 5964 15773 6695 18586 20498 18050 19382 15500 14236 9969 12181 12561 7946 19542 7934 9822 18356 16865 20752 13891 20708 3467 20652 15278 10336 14649 18201 7673 11662 21179 12813 17294 22410 5918 16692 5473 15423 8970 12500 20460 8827 10317 14665 18298 5225 22897 21442 24302 6845 13767 19850 5731 10504 22768 12044 18096 20222 10919 2596 16571 18910 10485 21089 19022 15375 21257 18729 9962 19833 8167 11983 16654 16586 13925 12929 1403 5429 15549 14254 15073 16374 19064 8919 10338 26505 22458 17194 0 7353 20399 16082 21486 9046 20490 12314 16623 21333 24002 12256 20958 21014 4732 21039 18460 17880 22469 15718 18666 14174 22242 16500 23775 19619 5181 24703 25153 16577 13514 8850 17838 22326 19504 10575 8942 21185 15407 12885 17721 21178 8684 7537 12780 19798 1996 10655 1945 24210 13716 12050 8936 22900 17116 12653 13888 17276 22200 13214 16952 17916 19277 17466 9739 7581 20341 8761 7421 23216 20498 16990 19956 18089 14266 15128 2228 8547 5537 18020 23067 23056 16981 2836 18997 6287 9452 24790 12358 17732 15456 9537 9700 17313 20271 13384 6989 15187 18149 17716 17106 23527 7436 15781 19008 10066 14427 4641 7489 11932 17632 14188 18213 22064 12972 21531 18640 7272 15136 8268 10400 16916 3037 10339 24876 18889 8285 6412 19085 6894 21568 15972 18197 10198 22169 20724 24337 11495 17696 20420 16486 13192 15359 20789 10538 17574 19168 12690 11131 5036 16547 20451 11771 16673 12277 18796 4302 11384 17301 22107 23445 19632 10972 9630 24646 15909 7379 11058 13607 12679 20371 7959 24877 15907 14003 8785 20976 22533 20905 15047 10968 13105 17163 20261 4279 15579 15332 19332 15490 18618 19145 13031 23979 19647 9580 19715 7913 5385 8897 22242 23590 19923 16033 4763 20093
13089 15654 3936 7368 3900 12831 18202 7099 1502 856 10108 2624 12783 4009 15019 13928 14432 11407 2704 12696 7631 15444 10004 2633 3681 8379 3263 11952 6069 13645 12480 14042 12616 12204 4141 11409 12980 3463 14965 6153 6401 1508 18471 9592 13747 7486 17815 13396 8680 15641 13746 13402 13772 6791 14910 14236 5026 9531 3364 8863 7675 11330 6409 10021 11804 5584 2597 20222 4534 11117 1376 12377 14146 5582 6764 3527 8090 8355 9809 6121 5189 13420 13718 5297 5375 8606 16289 15567 4359 19512 5228 9493 12743 2493 9525 12796 15324 7305 10545 8755 9516 13225 3133 5377 14954 14712 7615 5611 6402 4353 9965 971 13969 13526 11112 12475 12638 7640 4156 7271 6965 2057 12384 6427 3568 11007 9537 15121 6885 14001 4037 13304 9479 3353 11399 11460 1693 4358 13832 6046 10276 15122 3355 11764 2681 8319 2207 7005 13123 1536 7040 9325 13257 2137 15569 14270 17585 5708 7547 12508 3353 5924 15417 7695 12132 13676 6214 6012 10288 11968 8525 14437 12911 8545 14710 11579 4291 14029 6765 5440 11580 11040 7414 7406 6419 4516 8202 8580 8504 10454 15095 5899 3413 19404 15282 11369 7353 0 13162 9141 14137 1815 13257 6072 10601 14872 17041 5277 13614 13685 2624 14319 11109 10723 15742 8382 15791 6894 15822 9178 16682 13666 2919 17634 17881 9378 7142 3015 11100 15030 14462 5519 1882 14376 12711 6135 11642 14835 6543 2143 5755 14057 6067 3340 5699 17125 6364 4756 2090 16138 9763 7192 7726 10775 15253 5863 9600 10641 11946 10181 2771 7445 13200 2822 538 15980 13847 10191 12619 10838 7814 10143 5696 5090 1974 10667 15720 15710 9778 5332 12186 4242 6106 17495 10323 11164 9505 2470 4643 10724 13297 6350 6654 9330 12689 11668 12225 16276 1754 8718 11829 7557 8851 2956 5671 8160 10298 11305 10988 15078 5753 14180 11327 711 7910 6640 3086 9853 4412 4381 17605 11908 1855 6722 13189 3419 14216 12508 11116 6651 14838 13557 17078 4886 10570 14067 10910 7017 8269 13794 3232 11829 12103 5414 5498 4569 9678 13270 4423 10882 6753 12612 3950 6838 13200 14754 16842 12286 9529 6841 17684 12499 1222 5903 7253 9432 13021 2977 17921 8618 8203 4094 13784 15371 13951 9674 3637 9888 9957 13283 3505 12296 9248 12577 8144 11513 14045 6342 16951 13093 2637 12394 6233 6151 1697 15182 17004 13383 9839 3299 13104
13242 7554 9775 10216 11334 13000 5060 7856 14467 14013 9055 14005 3430 10480 14036 8993 12609 3388 15800 11600 5757 8291 3166 13388 14995 6579 15840 14739 12607 13660 7489 905 15195 3321 16358 5644 6941 11558 13526 7095 19120 12325 5361 6009 11817 5695 5718 3213 5429 2489 4730 1735 1082 9078 14200 1316 13955 7530 12869 11312 8561 8669 19567 9165 15484 14446 10601 7186 9157 12804 12653 9491 1308 7597 11366 10502 8272 16196 6944 8799 17722 2981 3270 15381 12907 5126 5599 6114 15198 6552 10044 7694 1576 11910 15012 3558 11654 11690 9154 15253 10548 2349 15919 9071 12342 1711 13674 10055 6926 15400 7886 13996 11357 8169 8043 8348 14645 6908 10963 10723 12619 13443 6511 15371 12292 3096 5157 8850 8823 4120 16943 2375 8048 11062 13601 4082 12765 8808 2425 7855 3524 2133 14903 10109 15636 5048 11444 9739 3971 11866 13313 13273 10053 15279 2981 1312 6087 15693 7890 3758 15053 11753 4160 11588 7102 4861 14136 18539 10840 8065 15047 4538 6604 5569 5148 6562 11066 7911 15491 8794 9723 13131 10336 12746 19280 15905 5257 12436 9927 11990 13328 13799 11147 6394 2218 12449 20399 13162 0 8275 2706 11745 109 8852 11712 5606 4640 8204 2204 4309 15710 4143 3188 2610 4776 5791 15952 7435 6215 5465 3808 12782 15922 4777 4769 6622 10797 11809 4240 2107 10392 11224 11460 3680 14964 7809 11733 6107 14720 13907 9373 13614 19229 10172 18575 4245 7129 8407 11468 4856 4217 12874 11260 10090 3340 7501 4265 2550 1952 5464 10665 16782 1029 11842 13006 2820 4377 4470 3934 5664 10427 9961 18454 13489 15122 3568 3555 3547 3423 18475 8839 15071 13369 4471 15298 9855 11790 10862 11693 5035 2377 8997 16455 12032 8755 11837 10284 3130 13016 7761 1503 14285 12684 15768 15082 12471 4630 14221 5920 3007 7431 3520 4665 13139 5265 15258 10078 7423 17367 10588 4494 7813 12922 16986 12788 15334 3140 13480 7129 13005 2445 6623 3943 10998 2860 5823 8378 11334 7787 2321 9930 12801 1990 7748 10325 17277 4557 6413 8828 12435 12771 11629 16351 11484 12349 3435 6034 3556 15894 13959 5196 13581 13024 10877 10822 13311 2443 14091 5427 4565 8534 14226 808 2349 2641 13258 9545 13403 3241 2346 16188 13768 11404 9210 5792 6928 10095 7748 4293 10301 11650 1535 15198 17186 11907 2668 6211 10450 11100 16348 2260
5757 14765 5369 11649 10110 16820 12185 2370 9764 9877 12634 8373 5700 9299 18613 14864 17436 9249 11000 4506 6915 15166 6550 7747 8904 2216 12405 17373 5212 17663 3451 9074 18007 5367 13264 11028 4109 5917 18277 5044 15454 9318 13067 9844 16582 6055 13992 10652 8237 10349 5836 7304 9329 2359 18656 8596 12805 794 11045 13429 1467 2220 14807 12657 17718 13439 7011 14932 8028 4711 9568 3366 8457 6229 12124 8858 10573 16080 1402 9367 14318 10506 10876 13752 12344 7681 13624 13732 13050 14451 3961 640 9048 6789 16138 5629 17295 3815 12986 15818 13309 6749 12257 8937 17541 9925 5742 3636 4717 13135 11675 9511 16410 4420 1978 3336 17700 8788 9943 11976 4855 8136 3662 14464 6296 5184 3212 15382 2258 11616 13081 6801 11450 5825 16387 9867 9884 6211 7269 8052 8039 9274 12240 14379 10620 6910 8804 10999 5655 7622 13640 5013 15190 11039 9120 9572 14325 14167 9753 5279 12298 11863 8035 12885 12560 11950 6716 15129 2760 2839 15566 12124 12696 8238 12678 2886 10148 14203 14738 8647 14014 4985 2546 4834 15392 13444 4420 4234 1728 3831 18222 13247 5796 14233 10328 4478 16082 9141 8275 0 7414 7329 8382 9379 3618 13072 12905 7409 7195 5998 11597 11792 5088 7427 12824 3220 20148 2990 13908 3009 11955 5762 10917 12878 11774 1661 3068 9911 9680 9116 16053 11174 8423 11494 17927 8107 4021 13399 14184 8554 3386 6473 14375 5989 14690 12361 4318 6086 8712 13002 4273 5035 3249 2394 11552 4753 4322 6380 6332 2831 8188 15792 9012 9801 9344 10450 11712 8987 5252 2894 2435 13296 14752 12554 10614 4720 8861 8851 6672 13490 3069 12915 13104 11204 16765 2507 3518 8101 10957 10008 10012 2795 15131 3757 14018 4109 14761 10572 10131 746 7875 14548 4452 12078 13841 13775 3646 16705 2797 11236 6235 6959 3901 9568 6023 14538 6914 1040 13404 9741 11532 2808 7813 15399 5504 9500 7227 16935 2216 13202 8468 4811 11183 4607 7561 12819 12674 3599 1131 10253 6870 4919 8762 5951 10375 11634 8479 4587 5696 4328 5088 4471 13089 12260 16619 7664 14123 5257 16629 13921 13433 16990 9798 11156 3036 15072 6524 8261 13658 5527 10888 7796 9082 10490 10557 4984 6424 15397 6723 9982 12638 16990 3129 3493 3502 2664 15643 8298 12514 4216 6580 6793 14253 15066 7445 10943 14305 4504 2883 11350 9805
11538 10139 10393 12401 12971 15624 4772 7800 15288 14991 11576 14504 1714 12074 16724 11699 15302 5984 16634 9850 7419 10929 4802 13859 15361 6357 17085 17247 12359 16307 5595 2827 17732 2120 17712 8291 4882 11936 16220 8004 20378 13547 5734 8424 14503 7067 7337 5882 7531 3332 2336 1064 3522 8869 16882 1844 15727 6619 14432 13669 8146 7123 20500 11677 17947 16267 11542 7571 10656 11469 13871 7690 1727 8826 13463 11976 10531 18258 6013 10702 19025 5644 5898 17084 14777 7102 7865 8612 16767 7162 10157 6776 4281 12479 17288 1790 14359 11164 11713 17430 12989 917 17102 10822 15046 3463 13131 10055 7737 16945 10398 14867 14054 6016 6568 6477 17205 8957 12629 12894 12176 14029 4645 17242 12590 3130 4892 11525 8627 6738 18096 837 10503 11537 16113 6714 14045 9851 351 9571 5786 2085 16329 12739 16396 6776 12715 11863 1899 12704 15391 12348 12747 16272 1706 3356 7988 17430 10026 2137 16459 13726 1563 13802 9787 7533 13910 19858 9598 6331 17210 7111 9310 7654 7715 4989 12763 10610 17400 10517 12350 11835 9820 12210 20477 17415 5938 11634 9141 10752 16026 15703 11592 6920 3580 11038 21486 14137 2706 7414 0 12523 2734 10749 10428 8177 6211 9690 620 1926 16754 6713 3035 4705 7066 5919 18627 7612 8676 5270 5029 10928 16693 5819 4361 5932 10329 13300 6827 1913 13099 13136 12622 6207 17517 9547 10219 8710 16656 14497 9444 11759 20125 10899 19759 5357 7787 9477 12709 7022 4393 12388 10637 8710 5508 8275 4545 3967 2340 4706 11927 18670 3708 13298 14079 3263 7023 6887 2189 4523 9803 12473 19688 15294 16027 3489 1597 1586 5133 19314 7062 16634 15322 3796 17638 8371 10758 12060 13468 7596 5047 8946 18259 11048 11446 10323 12936 3282 14307 7111 3872 16378 11831 16938 16868 14716 4139 16701 4661 5171 8684 877 3520 14244 6651 17168 11096 6409 18500 12273 4119 6096 13550 18741 11027 15804 451 16072 5689 15046 1094 4379 3798 11082 5002 8487 10977 10879 7296 4892 10964 11318 4626 8872 12211 17864 6834 4248 9715 11127 12378 9899 17659 13589 15007 785 8211 2174 18116 15980 6591 16169 14221 12847 10325 15660 1115 14523 6781 5741 10819 14440 3134 3757 5192 12258 10522 15793 4975 5017 17411 16337 10421 7347 6079 5359 12801 9547 5687 8379 12219 2048 17056 18816 12681 4623 8373 8475 9971 17134 4950
11462 14974 2173 7487 4312 13150 16737 5298 2765 2593 9939 2550 11109 4020 15298 13565 14554 10327 4112 10975 6483 14878 8632 2119 3720 6609 5077 12626 4704 13994 10667 12640 13298 10539 5941 10661 11174 1852 15175 4651 8194 2353 17096 8855 13809 6178 16670 12308 7714 14233 12012 11843 12436 4982 15223 12752 6236 7718 4419 9173 5862 9522 7981 9874 12613 6848 1296 18886 3922 9534 2489 10580 12653 4339 7179 3426 7757 9646 8003 5768 7002 12305 12626 6800 6274 7536 15303 14709 5948 18202 3437 7679 11479 974 10481 11114 15232 5730 10379 9834 9644 11620 4944 4998 14992 13353 6361 3831 4850 5985 9587 2357 13945 11711 9298 10662 13232 6915 4421 7514 5553 1869 10585 7788 2247 9402 7823 14655 5071 12996 5821 11698 9131 1587 11937 10483 2856 3033 12230 5300 9112 13630 5023 11701 3900 7125 2383 7000 11420 320 7899 7883 13092 3836 14011 12912 16528 7221 7083 10815 5053 6472 13751 8122 11588 12776 5226 7823 8572 10153 9590 13459 12269 7593 13790 9777 4611 13509 8110 4952 11464 9492 5685 5992 8187 6218 6628 7062 6747 8821 15264 6976 1673 18076 13914 9745 9046 1815 11745 7329 12523 0 11845 5732 8941 13999 15831 4392 12024 11970 4367 13300 9488 9420 14699 6683 16273 5132 14957 7456 15376 11987 4191 16341 16400 7584 5458 3611 10134 13528 14260 5923 1839 13300 13349 5397 9955 14028 7757 2283 3943 12418 7602 1625 7470 15821 4741 3430 2230 15069 8131 5814 6088 9012 14070 4284 7979 9198 10399 8425 2410 8942 11881 3425 2047 14547 12880 9205 10916 9064 6093 10136 7488 6172 3521 9036 14116 14106 8440 6794 10378 5821 7060 15984 11248 9388 7882 2076 5208 9868 12117 4536 8189 7737 12365 9987 12162 14825 3052 6904 10489 8573 7354 4766 7065 8749 8592 11955 9204 13868 4515 12516 9594 2279 6580 7953 1886 8040 6178 4502 16124 10093 1328 8337 11526 3808 12575 12930 9305 7471 13278 11760 15614 3203 9301 13269 10601 5398 6457 12593 2040 10217 10865 4091 5610 5562 8655 11476 2918 9274 5382 10895 5760 7280 13387 13112 15860 10606 10639 7861 16469 12937 2607 6201 5571 10087 11409 2786 16708 7180 7936 3568 12412 14015 12777 8211 2282 10522 8613 12101 5319 12782 7595 10773 6470 9704 13831 5637 15693 11311 981 10863 7582 7858 162 13915 16029 11602 8149 4626 11915
13336 7494 9879 10266 11411 13004 4972 7965 14565 14108 9076 14109 3506 10559 14025 8966 12595 3406 15897 11693 5839 8239 3258 13492 15100 6689 15928 14759 12716 13660 7575 800 15211 3409 16442 5647 7021 11664 13513 7196 19207 12415 5258 6045 11807 5788 5611 3166 5490 2389 4790 1784 987 9187 14190 1275 14026 7635 12948 11349 8670 8765 19662 9188 15509 14514 10699 7081 9241 12906 12743 9581 1279 7690 11421 10585 8319 16251 7048 8866 17808 2932 3213 15453 12974 5196 5511 6043 15275 6445 10152 7799 1560 12013 15054 3634 11626 11799 9170 15301 10577 2410 16008 9145 12322 1601 13783 10164 7028 15479 7909 14093 11342 8246 8140 8435 14659 6970 11039 10773 12728 13546 6596 15436 12398 3204 5266 8807 8933 4062 17034 2433 8077 11166 13621 4090 12853 8904 2461 7932 3581 2071 14986 10113 15736 5130 11533 9793 4040 11965 13368 13380 10039 15374 2944 1203 5986 15764 7945 3839 15136 11815 4169 11635 7093 4816 14245 18624 10943 8156 15096 4474 6581 5631 5084 6655 11141 7877 15555 8869 9728 13233 10445 12855 19368 15985 5363 12544 10035 12093 13312 13863 11252 6288 2111 12550 20490 13257 109 8382 2734 11845 0 8919 11814 5543 4532 8290 2247 4368 15803 4078 3294 2685 4688 5901 15945 7544 6141 5574 3699 12873 16020 4669 4685 6729 10906 11891 4258 2053 10366 11289 11552 3609 14979 7885 11831 6049 14782 14009 9482 13705 19325 10274 18664 4136 7233 8503 11558 4763 4326 12983 11369 10191 3243 7604 4375 2652 2056 5569 10755 16846 980 11925 13100 2727 4325 4509 4013 5764 10535 9983 18541 13558 15219 3675 3534 3526 3511 18572 8929 15149 13431 4396 15334 9953 11895 10953 11764 5055 2329 9106 16523 12138 8744 11935 10283 3041 13104 7869 1568 14338 12792 15858 15151 12515 4736 14244 6018 2909 7524 3558 4761 13231 5357 15321 10174 7526 17457 10663 4410 7904 13024 17056 12881 15438 3172 13490 7225 13063 2428 6694 3855 11106 2929 5776 8389 11443 7895 2252 10025 12900 2006 7843 10392 17379 4609 6488 8928 12537 12881 11722 16437 11539 12347 3452 5942 3641 15939 14017 5087 13591 13114 10939 10931 13347 2511 14196 5318 4664 8578 14333 701 2240 2570 13365 9642 13436 3329 2298 16277 13781 11510 9298 5901 7021 10073 7822 4184 10389 11753 1632 15264 17261 12007 2562 6119 10536 11204 16447 2220
14909 9631 5364 2277 2740 7802 13774 7076 7572 6743 4214 8211 9983 2141 9843 7884 8949 6130 8657 13858 3369 9378 5951 7846 9390 7429 7679 8006 9685 8665 11689 9592 8650 9401 7955 5501 11808 6990 9644 4338 10773 4673 13687 3746 8165 3952 12397 8004 3459 11107 11362 9765 9095 7806 9813 10133 5115 9260 4288 4085 8246 11395 11842 4157 8343 5594 4537 15254 1868 13344 4944 12601 10090 3156 2883 2548 2039 7535 9151 58 9350 8093 8321 6566 4059 3728 10596 9705 6511 14485 7148 9328 7894 6546 6943 10053 9509 10023 4654 6851 4185 9880 7887 734 9323 10049 11363 7513 4675 6738 3904 7043 8250 12803 10893 12109 8386 2010 2348 2602 10327 7514 11130 6528 7689 7978 7660 9051 7690 8405 8903 9958 3428 6393 7058 5932 4860 3644 10400 1372 5378 10983 6447 6003 8727 3975 3866 1632 10520 5604 4710 12334 7361 7779 11736 9634 11992 6858 1497 9893 6623 2983 12276 3531 6068 7910 10656 10111 11750 11580 6613 8776 6885 3312 8946 10496 2377 7958 6665 852 5747 13451 9253 10711 11035 7275 5712 11371 9869 12470 9691 4967 6541 14435 10620 13344 12314 6072 8852 9379 10749 5732 8919 0 12432 9039 11802 2017 10136 11124 8025 8738 8165 6251 10164 6710 11090 6398 9965 7465 11737 15086 8937 12611 13539 8531 9338 3495 5574 10947 8529 2390 4240 8915 8591 1345 13182 8925 5910 7846 7043 15735 11608 5124 10383 12152 5061 3545 3983 10602 7179 10633 10076 11716 10011 4649 6982 6783 8419 8587 3402 7947 8503 3616 5656 11530 8187 4791 10075 9352 9630 4499 10173 4640 7879 7878 12142 12132 5624 11045 12135 6396 4573 13305 7487 11885 11685 3745 2873 5004 8147 7304 7603 11689 6661 13251 6460 11885 5040 8661 7352 5699 11696 7777 6234 4448 8169 7333 9635 9916 3144 11144 9258 5663 4284 6432 4027 9483 9339 1976 13270 11406 7009 8141 14763 9336 11000 7760 10407 4332 11077 12095 12698 7673 5992 8158 4886 9587 8248 8678 3913 13836 7224 3463 1475 10633 4446 11778 4213 12996 10266 13813 8033 3020 7864 11508 11132 9593 7607 5246 12440 7797 5304 2109 9441 5706 9745 8486 12664 5237 2204 9291 9240 10659 8746 12569 4009 6019 5790 8144 8051 7740 11289 12610 6353 10631 8101 1248 11847 13512 6391 8715 6351 8406 5845 10184 11279 13788 11558 9269 7994
2550 18382 7553 14701 12599 20104 15129 5457 10731 11155 16010 8962 8763 11907 21986 18435 20864 12867 11730 2292 10364 18782 10167 8465 9027 5799 13726 20411 4908 20959 5144 12454 21064 8571 14666 14619 5985 7143 21680 8233 16393 11240 16163 13363 20015 9511 17394 14240 11750 13595 8422 10538 12786 4632 22008 11856 15041 4250 13213 16516 4253 3369 15179 16019 20653 15672 9122 17991 10841 1101 11416 3370 11714 9310 14984 11379 13861 18436 4796 12430 15477 14086 14454 15734 14815 11210 17170 17329 14888 17588 5683 4092 12602 8112 18856 8666 20823 3360 16384 18396 16526 9919 13480 11886 21015 13298 4251 5262 7957 14916 15114 10650 19883 5468 3868 4407 20817 12147 12518 14964 4069 9009 5922 16656 7121 8669 6799 18988 4742 15209 14115 9956 14851 7366 19489 13483 11776 8923 10358 11192 11653 12435 13938 17794 11263 10439 10965 14061 8543 9261 16278 2458 18692 12095 12093 12978 17797 16156 13029 8339 13949 14574 10677 15824 16132 15563 5881 16222 876 4291 18143 15715 16299 11737 16276 5443 12730 17804 16963 11630 17441 1421 3334 3731 16219 15115 7990 2425 2564 372 21647 15648 7269 17348 13651 916 16623 10601 11712 3618 10428 8941 11814 12432 0 16675 16284 10414 10340 8709 12655 15375 8545 11040 16361 6812 23431 6181 17500 6621 15256 3072 11528 16140 14708 5230 3485 12193 13291 12268 19595 13902 10485 15058 21019 11261 1098 17011 16521 9310 5510 3483 14723 8087 15571 15640 7515 8923 10841 16514 7867 4012 2877 1732 15034 7827 7927 9974 9761 6270 10522 17866 12516 12044 10954 13631 15315 12581 8252 6073 2920 16610 15725 14885 11572 8225 11687 11679 10289 13832 3764 14761 15605 14101 19545 2151 1167 10338 13506 13598 13575 5147 17126 1455 17552 1096 18194 13697 11985 4316 11443 17109 2344 13306 15959 16662 7134 19731 5852 14709 9359 9802 7106 11188 9535 16788 9236 4305 14353 12394 14490 4479 8890 17275 2588 9729 10150 20151 4740 15833 11520 6729 14218 5739 11178 16436 16139 3591 4553 13788 9246 1405 12350 8979 13208 11716 12061 6654 8350 724 4357 2188 14426 15115 19982 10494 17656 8404 19215 16433 16778 20197 11548 13974 3372 18000 9709 8721 16993 9115 14164 7839 12509 13820 14098 2182 8884 18364 10341 13545 13878 20161 1354 3774 7069 5079 19180 11479 15853 3455 7996 10190 16447 16752 9003 14369 17837 3666 874 11910 13372
18500 1963 12580 9111 11760 9224 7528 11892 16356 15631 6586 16532 9019 11162 9563 4273 8124 3957 17554 16922 7624 2823 6566 16015 17673 10997 16712 11578 16386 9645 12979 5359 11838 8831 16931 3543 12496 14522 8987 9953 19733 13610 6614 5313 7498 8188 3999 2488 6288 5649 10332 7318 4658 13133 9793 6374 13659 12431 13268 9291 12904 13945 20879 6731 12505 13952 12706 7474 10339 17774 13906 14889 6472 9745 10382 11476 7356 14780 11915 8983 18318 2685 2352 15136 12446 6530 1745 716 15332 6685 13574 12586 4234 14518 12908 9147 6692 15883 6402 13510 8236 7953 16926 9626 7619 4891 17764 13735 9984 15577 5811 15830 6883 13735 13303 13807 11189 7240 11372 9574 16648 15865 12016 14637 15306 8156 9877 3566 12893 1513 17940 7976 6258 13924 10515 3571 13866 11032 7953 8827 5276 6602 15428 6603 17551 7105 12739 8962 9574 13994 12124 17826 5765 16753 7662 4861 3228 15327 7568 9316 15611 11127 9399 10127 3648 1235 17784 19043 15804 13467 13372 1070 2642 6406 462 11946 11372 3048 14632 9492 6322 18056 14618 16881 20027 16130 8984 16896 14524 16902 8709 13123 14049 6774 5089 17496 21333 14872 5606 13072 8177 13999 5543 9039 16675 0 4029 9646 7765 9909 17038 1468 8324 5656 1811 10010 11554 11264 958 10062 4840 18152 17791 5210 7561 11446 14987 12534 3897 6720 5583 10875 12990 1974 11531 8737 16884 588 13848 16280 13043 18973 20636 12733 19394 5027 10369 10665 12828 2247 8809 16940 15592 15196 3030 10480 8750 6704 7285 10489 12101 15883 4586 12649 14533 6075 1360 4824 9504 10894 14820 7354 19163 13147 16789 8547 8431 8427 6513 20044 14241 15233 12589 7759 12901 15045 16518 12406 11678 4151 3272 12870 15831 16702 4724 16984 6538 6414 14061 12421 5296 12934 17186 16816 14628 10762 9618 11254 11190 3283 9577 9041 10000 14581 7910 14416 12115 12412 18376 11009 7399 13215 15321 16464 18095 17807 8628 9905 12415 11982 7514 12220 6918 14462 5556 1009 5521 15467 12294 3298 11960 17899 4346 10059 10219 19409 5399 11999 11336 17393 16729 16937 17035 10450 8332 8796 2197 9083 13927 12889 4489 10024 14279 10407 15044 11061 8048 16725 4631 7873 7430 17212 5045 4962 2989 17890 11753 10958 6422 3305 17084 10321 16104 14647 9838 12292 5433 8533 4453 15748 14287 7013 14521 16995 14149 3919 2312 15921 15952 18159 3439
17653 5570 14034 12436 14519 13243 3696 12436 18447 17865 10280 18234 7648 13778 13561 8294 12132 5710 19739 15978 9411 6585 7302 17645 19289 11204 19359 15544 17181 13675 11749 3836 15832 7737 19728 6777 11076 15906 12980 11292 22545 15986 2603 8171 11524 9655 1129 3802 8481 2894 8545 5796 3635 13674 13800 4491 16789 12149 16080 12945 13191 13129 23346 10421 16449 17170 14599 3579 12668 17367 16306 13827 4632 11510 13706 13955 10514 18350 11555 11745 21122 3711 3491 18273 15618 8458 2580 3942 18307 2779 14538 12313 4368 16138 16660 7763 10608 16318 10174 17166 11948 6454 19508 12241 11591 2988 18298 14586 11194 18537 9323 17944 10902 12226 12525 12631 15190 9811 14127 12934 17232 17625 10777 17962 16666 7735 9797 7439 13419 3625 20541 6434 9694 15367 14459 5882 16345 12804 6147 11189 6765 4151 18224 10560 19643 8731 15088 12149 8035 15903 15570 17909 9794 19085 4980 3334 1905 18517 10477 8049 18395 14331 6893 13619 7461 4459 18694 21899 15419 12428 17005 3477 6518 8627 3734 10982 14175 7072 18004 12030 10252 17706 14967 17372 22777 19077 9693 17076 14566 16576 12690 16397 15467 2811 2667 16987 24002 17041 4640 12905 6211 15831 4532 11802 16284 4029 0 11804 6083 8137 19452 3309 7818 6438 2219 10375 15552 11963 3828 10098 1269 17099 19912 1196 3838 11257 15421 15170 6234 4320 9568 13956 15219 2964 15532 11116 16228 4582 17211 18076 13893 17932 23049 14348 22101 1179 11470 12404 15145 1798 8836 17492 15897 14625 1802 11760 8868 6955 6573 10081 14357 19289 4082 15248 16798 3092 3949 7028 8180 10212 15065 11122 21922 16286 19013 8208 5724 5725 7438 22362 13184 18194 15892 4209 16728 14351 16412 14611 14638 6884 3747 13558 19132 16661 8723 16333 10531 3271 16573 12401 5459 16454 17323 19375 17842 14355 9262 15184 10441 1965 11334 7049 9182 16893 9263 17778 14032 12025 20976 13745 3751 12182 17087 19734 17164 19558 6618 13911 11612 15364 5204 10589 3418 15487 6534 4943 9280 15954 12425 3247 13877 17314 4966 11741 13170 21391 7454 10454 12946 17004 17376 16019 19780 13795 12360 6543 2585 7929 17654 16308 645 14029 16685 13523 15450 14823 6641 18360 880 8804 10671 18613 3833 2491 3100 17888 13558 14770 7276 3759 19725 14316 16032 13505 10338 11356 9446 10974 601 14560 15884 6115 17822 20137 15991 2006 2677 14669 15704 20319 3937
12895 10583 3502 4289 3301 9781 13258 5081 6735 6079 5966 6941 8678 2394 11780 9302 10813 6137 7980 11867 2461 10505 5069 6474 8107 5550 7652 10012 7829 10643 9900 9039 10660 8081 8154 6270 10095 5294 11548 2409 10921 4190 13380 4464 10003 2623 12550 8123 3405 10625 9952 8793 8676 5789 11765 9397 6113 7341 4743 6101 6238 9475 11543 5936 10316 6693 3098 15075 968 11328 4514 10678 9328 1194 4724 2307 3706 9023 7283 2017 9519 8154 8446 7412 5312 3347 11020 10350 7080 14343 5191 7397 7574 5036 8769 8730 11198 8054 6391 8544 6167 8783 7757 1531 11123 9633 9480 5541 2762 7264 5385 6215 10020 11021 9000 10257 10403 2534 2985 4579 8417 6259 9421 7707 6044 6693 5986 10321 5673 8727 8789 8863 4976 4678 9075 6188 4586 1729 9352 961 5052 10279 6707 7793 7936 3174 3293 3647 9161 4360 6357 10358 9018 7282 10892 9195 12308 7772 2914 8522 6853 4560 11147 5478 7236 8434 8914 10334 9737 9722 8296 9168 7884 3272 9460 8736 3146 9157 7912 1238 7497 11438 7244 8786 11095 7747 4103 9389 7852 10452 11573 6258 4822 14253 10210 11327 12256 5277 8204 7409 9690 4392 8290 2017 10414 9646 11804 0 9102 9765 7650 9043 6855 5639 10465 4938 13085 4420 10601 5741 11523 13087 8188 12456 12974 6674 7345 3628 5829 10214 10126 3877 3422 9101 10606 1057 11171 9651 7231 6657 5042 13727 11245 3389 10397 11959 3109 1555 3343 10862 5695 8726 8082 9724 10008 2658 5499 5828 7361 6881 2553 9129 8088 3646 5000 11003 8581 4915 8685 7647 7618 6389 10260 5723 7235 6499 11190 11179 4787 10568 10239 6948 5986 12657 9369 9908 9672 2817 3919 5499 8058 5288 8640 9681 8150 11240 8238 11329 4830 6705 6773 7314 9714 7615 7251 6367 6587 9336 7909 9849 1232 9953 7699 5089 3044 7687 2512 7581 9219 2662 12698 9563 5720 9085 12757 8185 9876 9766 8578 5936 10189 10451 12145 5790 5444 8888 6438 7614 6279 8566 2364 11818 6916 1461 3009 9771 4402 10135 2265 10979 8377 11820 8148 4861 9784 10406 11575 8240 9336 6757 12449 9806 4892 3785 7446 7666 8616 7166 12684 3954 3962 7808 8739 10281 8706 10583 2276 8000 4968 8047 8007 9755 9274 10710 4588 8837 9693 1311 11746 11579 4837 7736 7509 9126 4534 9996 11738 11859 9541 8575 7872
11578 9723 9909 11781 12376 15039 5035 7412 14789 14469 10973 14051 1584 11481 16167 11182 14750 5403 16135 9899 6812 10484 4186 13409 14932 5984 16533 16640 12034 15729 5666 2478 17128 1828 17149 7720 5010 11496 15668 7469 19828 12993 5875 7813 13946 6479 7212 5413 6911 3272 2592 480 3115 8518 16321 1599 15125 6404 13845 13051 7832 7091 19991 11073 17335 15662 11018 7737 10069 11400 13318 7745 1461 8259 12844 11394 9911 17641 5795 10088 18469 5179 5453 16487 14168 6482 7565 8233 16181 7273 9754 6565 3761 12010 16668 1692 13844 10893 11116 16810 12377 451 16557 10217 14511 3206 12872 9672 7212 16362 9794 14360 13507 6192 6508 6548 16605 8338 12031 12274 11891 13562 4693 16634 12165 2623 4502 11053 8272 6300 17557 394 9894 11080 15506 6141 13486 9308 270 8966 5170 2098 15757 12157 15907 6165 12154 11243 1959 12197 14773 12175 12197 15750 2034 3030 7796 16831 9406 2003 15889 13112 2181 13182 9232 7062 13586 19301 9494 6353 16591 6696 8785 7034 7304 4940 12164 10111 16790 9913 11767 11756 9540 11946 19934 16836 5413 11428 8918 10653 15480 15092 11139 7047 3418 10989 20958 13614 2204 7195 620 12024 2247 10136 10340 7765 6083 9102 0 2166 16226 6298 2555 4087 6753 5476 18061 7180 8312 4873 4960 11016 16203 5810 4639 5654 10041 12718 6242 1933 12578 12524 12073 5808 16916 8941 10196 8283 16044 14030 9045 11849 19621 10401 19217 5321 7283 8930 12152 6747 3911 12113 10385 8640 5216 7758 4051 3353 1741 4420 11366 18061 3227 12719 13543 3292 6570 6279 2111 4332 9547 11868 19140 14689 15517 3019 2112 2102 4517 18817 7104 16049 14709 4114 17020 8329 10605 11506 12864 7003 4576 8566 17655 10884 10895 10300 12362 3382 13747 6839 3277 15760 11638 16395 16265 14095 3775 16091 4508 4875 8114 1321 3299 13705 6059 16558 10561 6217 17964 11674 4382 6109 13074 18141 11084 15359 977 15479 5608 14429 1316 4582 3996 10689 4385 8023 10388 10592 6990 4467 10426 11290 4063 8316 11599 17403 6217 4413 9191 11049 12084 9941 17101 12970 14433 1402 7941 1951 17496 15364 6512 15575 13671 12232 10044 15042 681 14082 6715 5161 10200 14035 2733 3595 4777 12103 9990 15177 4357 4545 16862 15739 10254 7421 5612 5314 12272 8937 5593 8480 11749 1428 16449 18227 12183 4369 8108 8595 9839 16642 4464
9665 11861 9798 13002 13060 16762 6427 6881 14703 14524 12583 13711 1171 12151 18026 13175 16633 7240 16036 7974 7761 12596 5412 13062 14466 5443 16782 18174 11141 17490 3723 4644 18700 1726 17487 9562 2974 11124 17549 7744 20047 13293 7529 9373 15810 7219 9263 7516 8221 5256 425 2594 5273 7788 18162 3724 15878 5220 14429 14434 6970 5353 19924 12670 18804 16455 11134 9319 10702 9717 13607 5817 3595 8749 13954 11960 11250 18649 4647 11083 18743 7287 7579 17155 15031 7712 9728 10391 16729 8973 9230 5363 5808 11781 17916 1081 15837 9812 12775 17948 13868 1962 16752 11069 16447 5348 11732 9059 7427 16885 11413 14326 15410 4090 4847 4598 18214 9530 12750 13471 10849 13306 2812 17462 11708 3149 4149 13132 7566 8429 17710 1934 11444 10803 17053 7996 13824 9584 2028 9837 6729 4004 16180 13914 15749 7219 12520 12416 605 12188 15832 10765 14096 15793 3436 5193 9907 17525 10640 1243 16293 14095 2038 14408 11127 9154 12675 19580 7910 4502 17716 8840 10770 8322 9449 3295 12908 12148 17653 10751 13520 10094 8513 10831 20097 17319 5715 10122 7700 9048 17381 15974 10835 8718 5500 9261 21014 13685 4309 5998 1926 11970 4368 11124 8709 9909 8137 9765 2166 0 16306 8443 2959 5636 8918 5303 19877 6864 10475 4514 6951 9025 16050 7721 6005 4736 9033 13263 8039 3832 14559 13461 12346 7962 18512 9831 8412 10416 16943 13766 8519 9852 19527 10360 19376 7270 7364 9248 12491 8903 4086 11033 9245 6978 7375 7899 4278 4609 3069 3624 11747 18887 5337 13232 13700 5164 8684 7901 1088 3177 8433 13454 19346 15482 15489 3270 2978 2970 5742 18684 5203 16593 15644 5394 18338 6601 9148 11827 13664 8746 6683 7964 18404 9456 12792 8516 14156 5146 14089 5845 5103 16821 10291 16581 17016 15340 3388 17590 3209 7035 8633 1129 2394 13885 6851 17424 10761 4960 18095 12421 5794 4279 12865 18837 9142 14970 1536 17144 4028 15455 2974 2452 5566 10104 5930 10120 12113 9576 6122 6613 10646 9511 6001 8714 12534 17078 7717 2326 9340 9389 11075 8027 17398 14087 16223 1792 10095 1533 18676 16358 8513 17234 13933 13230 9013 16390 1901 13687 8700 5895 11558 13463 4896 5678 6927 10640 10178 16572 5623 6651 17087 17367 8842 5461 5557 3643 14234 9880 7611 6473 11529 3090 17266 18803 12121 6513 10260 6559 8329 16494 6553
15047 17638 6532 8779 5413 13740 20763 9659 1924 1783 11694 3767 15407 5885 15924 15622 15555 13766 1341 14849 10081 17322 12545 4196 4213 10975 1356 12377 7838 14489 14990 16580 13004 14828 2273 13514 15523 5721 15964 8759 3857 3470 20984 11724 14961 10016 20177 15742 11001 18178 16362 16006 16277 9238 15772 16812 5096 12041 4164 9948 10142 13746 3894 11587 12021 5440 5212 22708 6795 13024 3155 14739 16725 8112 7868 5569 9921 7846 12354 8080 2822 15786 16066 4596 5956 10995 18536 17714 3578 21984 7639 11992 15209 4810 9598 15420 16692 9296 12112 8653 10791 15841 960 7412 16171 17225 9142 7987 9017 3419 11768 2087 15283 16010 13575 14930 13161 9819 5773 8545 8741 3648 14942 5938 5556 13624 12157 16904 9358 16281 1488 15920 11270 5775 12050 13745 3172 6938 16447 8301 12701 17699 2596 13180 1812 10784 4366 8576 15745 4125 7474 11046 14749 565 18171 16784 19881 4913 9520 15132 2446 6945 18040 8704 14041 15877 7504 3580 12456 14436 8465 16692 14898 10859 16916 14133 5828 15881 6277 7552 13060 12888 9652 9161 3821 3239 10817 10439 10784 12460 16145 6086 5801 21887 17799 13345 4732 2624 15710 11597 16754 4367 15803 8025 12655 17038 19452 7650 16226 16306 0 16607 13729 13224 18038 11004 16395 9494 17973 11796 19159 15722 1741 20099 20451 11948 9308 4555 13382 17612 15971 6776 4260 16707 13167 8381 13733 16945 6372 3362 8230 16026 3610 5950 3106 19598 8987 7330 4307 18452 12385 8909 9800 13045 17654 8483 12221 13208 14549 12786 5100 6503 15696 4416 2704 18529 16099 12499 15242 13431 10030 11550 3156 5402 1097 13289 18335 18325 12303 3024 14599 3530 6487 20077 10406 13466 11511 4865 5832 12927 15707 8833 5676 11290 14366 13746 13627 18833 2985 11227 14344 7667 10670 838 5206 8911 12920 11794 13571 17499 8279 16804 13942 2575 10445 6239 5672 12366 1814 6102 20174 14392 3832 5488 15216 3578 16837 13285 13640 7187 17442 16120 19640 7129 13054 16177 12616 9083 10789 16216 5812 13776 14557 7977 7082 3283 12021 15838 7039 12836 8486 14758 1956 7901 14271 17376 19083 14910 9319 7018 20097 13252 2776 7239 9412 10002 15639 4071 20332 11193 9968 5181 16308 17881 16353 11419 6238 10466 12484 15696 1325 12989 11311 14968 10768 14048 15575 8556 19395 15401 5017 14990 5797 4615 4227 17640 19237 15686 11961 1752 15522
17135 3428 11728 9177 11478 10120 6446 10760 15777 15110 6973 15798 7562 10799 10689 5400 9238 2991 17021 15539 6827 4241 5385 15251 16913 9774 16394 12317 15355 10625 11550 3901 12640 7391 16693 3488 11051 13662 10129 9032 19511 13143 5728 5014 8547 7281 3687 1144 5638 4322 8866 5851 3192 12011 10900 4919 13607 11126 13024 9636 11719 12567 20485 7113 13201 13958 12021 6888 9824 16476 13453 13484 5014 8977 10452 11045 7290 15053 10592 8680 18088 1291 927 15093 12417 5765 2015 1997 15189 6087 12572 11283 2821 13742 13352 7691 7954 14754 6876 13858 8639 6488 16576 9248 8808 3480 16670 12702 9020 15427 6018 15258 7976 12287 11927 12387 12013 6808 11085 9668 15561 15150 10583 14719 14443 6781 8582 4914 11766 335 17603 6510 6400 13080 11215 2863 13450 10283 6486 8310 4283 5192 15185 7348 16977 6231 12254 8927 8113 13326 12292 16624 6766 16282 6259 3415 3275 15318 7338 7867 15361 11115 7957 10328 4198 1188 16793 18843 14501 12059 13699 399 3313 5774 1007 10540 11112 4194 14749 9073 7020 16769 13460 15772 19772 15974 7855 15712 13296 15615 9874 13166 13197 6117 3739 16179 21039 14319 4143 11792 6713 13300 4078 8738 15375 1468 3309 9043 6298 8443 16607 0 6940 4453 1432 8811 12673 10165 2137 8793 3799 16759 17231 4381 6422 10149 13853 12190 3226 5301 6775 10780 12452 542 12352 8227 15541 2001 13956 15581 12004 17583 20216 11941 19115 4079 9376 9899 12329 1864 7519 15847 14430 13859 1833 9546 7478 5413 5861 9145 11568 16026 3127 12287 14021 4771 640 4128 8053 9515 13639 7821 18911 13099 16269 7189 7019 7015 5383 19578 12834 15082 12651 6544 13429 13689 15271 11852 11512 3736 1842 11784 15899 15469 5590 15643 7366 5129 13663 11165 3939 13162 15994 16454 14634 11051 8273 11929 9804 2001 8803 7576 8596 14091 6956 14525 11435 11088 18040 10709 6232 11807 14605 16511 16717 17098 7163 10748 11030 12100 6073 10762 5712 13486 4404 1934 5984 14348 11068 1831 11279 16571 3030 9263 10038 18797 4654 10545 10528 16096 15659 15558 16770 10536 9293 7341 2571 7640 14345 13037 3893 10863 13831 10332 13902 11516 6585 15967 4088 6783 7424 16374 3579 3631 1522 16671 11024 11470 5269 1874 16764 11130 14862 13233 8669 10891 6567 8051 3576 14333 13501 5570 14586 16959 13455 2614 2746 14500 14675 17617 2027
10197 10166 7361 10062 10156 14070 7505 4911 12253 11961 9828 11496 1828 9248 15482 10927 14136 4913 13599 8601 4802 10736 2590 10855 12383 3524 14091 15333 9608 14833 4747 3994 15880 1238 14745 7126 4423 8943 15041 4998 17380 10563 8180 6627 13292 4275 8904 5838 5344 5356 3214 2458 4249 6069 15594 3630 12960 4343 11563 11536 5462 5627 17465 9903 15928 13528 8517 10052 7806 9642 10884 6572 3500 5897 10998 9093 8352 15692 3761 8124 16040 5656 6013 14265 12088 4811 8647 8931 13883 9504 7228 4507 4122 9456 14973 1891 13548 8580 10059 14991 11023 2135 14096 8121 14039 4845 10569 7168 4717 14050 8679 11832 12957 5649 4987 5530 15421 6598 9835 10525 9541 11008 3838 14529 9619 214 2043 11126 5817 6818 15083 2213 8656 8525 14225 5652 11073 6852 2747 6884 4081 4417 13390 11281 13363 4275 9750 9468 2356 9670 12874 10092 11651 13242 4580 4485 9257 14627 7712 1737 13513 11138 4346 11466 8732 7328 11156 16875 7671 5157 14759 7305 8561 5434 7894 3641 9987 10032 14713 7805 10887 9961 7220 9639 17467 14502 2925 9267 6751 8816 14904 13029 8585 9308 5273 9306 18460 11109 3188 5088 3035 9488 3294 8165 8545 8324 7818 6855 2555 2959 13729 6940 0 3075 7832 2928 17267 4636 9076 2392 6901 9828 13660 7844 7126 3439 7700 10410 5600 4280 12263 10507 9629 6573 15709 6876 8626 8735 13997 11476 6524 10649 17090 7863 16748 7319 4753 6488 9735 7971 1359 9783 8121 6958 6490 5246 1511 1901 1246 2281 8965 15956 3975 10392 11062 5525 6980 5257 1930 2575 7283 10672 16687 12554 12993 466 4629 4619 2899 16279 5927 13748 12692 6635 15411 6760 8602 9078 10731 6202 5104 6070 15491 8845 10366 8728 11565 5710 11337 4592 3033 13863 9509 13931 14100 12400 1444 14733 2867 6167 5767 3123 1706 11232 3897 14484 8083 4245 15484 9497 6860 4908 10523 15940 9778 12805 3112 14399 4092 12497 3851 4391 6419 8171 3332 8269 9469 8245 4654 5265 7955 9675 3999 5905 9579 14849 4970 4101 6691 9269 9713 8618 14679 11131 13607 3652 9121 1432 15723 13401 8355 14483 11227 10272 7716 13475 1922 11528 8582 2942 8665 11502 3994 5429 5581 10072 7506 13672 2813 5072 14412 14591 8217 6347 3057 3977 11901 6922 7440 7447 9196 1724 14335 15949 9646 5856 9301 7635 7916 14100 4913
12963 7347 7596 7726 8727 11126 7628 6311 12083 11565 6957 11798 4486 7879 12448 7861 11085 1882 13398 11443 3178 7809 935 11207 12851 5343 13291 12589 10952 11862 7795 3407 13096 4039 13782 4051 7498 9479 11994 4854 16558 9801 7760 3758 10246 3249 7347 3313 2870 4986 5990 3655 3053 7564 12571 3882 11348 6812 10266 8964 7270 8475 17104 7048 13263 11843 8215 9499 6579 12136 10128 9514 3841 5144 8832 7921 5830 13655 6326 6199 15153 3212 3581 12771 10310 2523 6403 6331 12592 8795 8211 6963 2070 9701 12592 4596 10474 10303 7140 12767 8305 3943 13387 6461 10969 4002 12228 8308 4765 12796 5783 11594 9893 8722 7835 8543 12595 4337 8355 8225 11123 11194 6907 12776 10245 2867 4260 8127 7317 4239 14416 4011 5840 8932 11460 2594 10221 6411 4357 5248 1099 4736 12317 8289 13271 2466 8911 7213 5100 9509 10774 12183 8585 12816 5498 3562 7376 13084 5363 4597 12469 9176 6267 9119 5657 4523 12420 15965 10172 8132 12553 4752 5513 3003 5278 6643 8457 7002 12904 6185 7895 12411 9007 11325 16733 13305 3416 11264 8870 11258 11848 11209 9035 8682 4578 11877 17880 10723 2610 7427 4705 9420 2685 6251 11040 5656 6438 5639 4087 5636 13224 4453 3075 0 5659 4365 14267 5733 6521 4419 5965 12700 13548 6925 7358 5822 9401 9219 2525 4697 9189 8631 8964 4248 12898 5200 11304 5972 12138 11649 7609 13504 16781 7914 16034 6409 5065 6009 8945 5939 3197 11406 9977 9611 4727 5327 3117 1186 2573 4963 8142 14192 2476 9259 10530 5371 4301 2265 4805 5485 9190 7838 15899 10884 12695 3135 5955 5946 1003 16054 8885 12466 10789 7080 12934 9501 10863 8360 9084 3148 2843 7355 13852 11048 7295 11402 8549 5706 10467 6767 1135 11754 11549 13241 12476 10025 4117 12026 5801 4491 4971 5285 4757 10649 2840 12671 7664 6819 14844 7979 7085 7888 10659 14379 12593 13123 5037 11510 6992 10451 4863 7440 6523 9145 299 5405 6483 9900 6640 3250 7511 12292 1516 5343 7725 14982 2132 7159 6518 11754 11230 11447 13785 8954 10607 5489 6939 4294 13436 11400 7069 11601 10503 8296 9450 10955 3877 11921 7309 2400 6115 12192 3100 4657 3486 12240 7163 11091 851 2820 13644 11741 10448 9327 4216 6952 8826 5138 6274 10418 9446 2684 12601 14577 9581 4496 7121 10625 10303 13964 2628
17997 3478 13084 10535 12905 11028 5768 11956 17196 16536 8200 17185 8173 12230 11359 6079 9925 4373 18445 16366 8217 4462 6592 16631 18291 10890 17825 13352 16610 11456 12262 4275 13628 8097 18118 4841 11693 15010 10780 10368 20935 14574 4806 6432 9307 8632 2324 2410 7062 4150 9343 6353 3707 13210 11593 5221 15002 12123 14448 10893 12862 13419 21917 8344 14268 15340 13425 5705 11254 17461 14884 14265 5341 10367 11812 12477 8676 16350 11565 10107 19512 2461 2106 16487 13805 7169 823 1809 16602 4909 13854 12285 3781 15119 14569 8299 8443 15937 8060 15122 9866 7022 18007 10680 9401 3614 17877 13964 10336 16841 7315 16678 8689 12908 12787 13123 12983 8239 12512 11019 16777 16542 11283 16081 15789 7696 9617 5282 12961 1761 19034 7028 7723 14436 12277 4293 14882 11675 6898 9740 5630 5253 16610 8369 18397 7602 13684 10311 8672 14731 13624 17733 7575 17711 6269 3725 1845 16705 8754 8521 16787 12497 8109 11645 5317 2391 18071 20265 15486 12838 14972 1420 4345 7198 1534 11331 12537 4856 16101 10505 8072 17770 14622 16969 21199 17389 9074 16842 14387 16619 10496 14538 14550 4983 3653 17135 22469 15742 4776 12824 7066 14699 4688 10164 16361 1811 2219 10465 6753 8918 18038 1432 7832 5659 0 9959 13350 11391 1762 9860 3093 17556 18652 3401 5832 11166 15034 13621 4656 5394 7370 12180 13877 1424 13324 9658 16454 2370 15310 16977 13264 18387 21647 13317 20544 3240 10675 11287 13758 472 8573 17056 15584 14790 1566 10874 8555 6499 6663 10094 12995 17371 3863 13719 15448 4528 1991 5552 8690 10385 14778 9013 20337 14492 17695 8136 7048 7045 6632 21007 13613 16496 14017 6083 14601 14583 16331 13277 12925 5161 2844 13013 17267 16545 6514 16557 8326 4832 15095 12232 4964 14474 17114 17886 16016 12336 9228 13009 10657 1897 10193 7943 9414 15519 8290 15879 12841 12057 19471 12137 5690 12586 15998 17885 17552 18491 7512 11701 11876 13448 6251 11324 5245 14779 5655 2740 7168 15542 12172 2573 12684 17507 4162 10645 11452 20209 6068 11137 11902 17085 16887 16392 18197 11891 10141 7590 1299 8329 15576 14377 2698 11819 15262 11728 15078 12725 7158 17347 2858 8042 8796 17726 4058 3499 2267 17759 12420 12649 6501 2872 18195 12111 15929 13986 9847 11694 7236 9483 2655 15077 14875 6297 15953 18353 14855 2486 1482 15223 15697 19040 3058
8958 11630 4519 8904 8090 13779 10420 2065 9433 9223 9540 8585 4430 7196 15497 11644 14283 6110 10774 7607 3817 11986 3444 7941 9457 1013 11491 14551 6816 14608 4981 6678 15161 3871 12217 7811 5158 6021 15138 2609 14747 8031 11030 6648 13426 2975 11400 7668 5053 8163 5379 5381 6741 3299 15554 6490 10916 2788 9330 10608 2908 4836 14657 9575 14988 11525 5835 12893 5770 7890 8337 6025 6369 3776 9577 6901 7590 13952 2516 6686 13453 7550 7922 12088 10220 4487 10729 10693 11571 12305 4313 2904 6202 6570 13643 4432 14086 5986 9872 13472 10359 5045 11452 6425 14358 7502 7946 4282 2257 11710 8532 9039 13229 6099 4272 5416 14801 5759 7832 9291 6865 8117 4486 12554 6692 2897 1164 12176 3045 8604 12407 5119 8343 5620 13514 6691 8574 4361 5653 5338 4857 7314 10953 11244 10511 3720 7295 8258 4742 6892 11288 7819 11995 10495 7506 7095 11587 12478 6800 4133 11055 9492 7075 10232 9341 8848 8345 14290 5969 4894 13226 9116 9487 5065 9641 3801 8015 10992 12782 6109 10871 8135 4663 7027 14794 12116 1213 6901 4520 6994 15069 11163 5673 12127 7994 7689 15718 8382 5791 3220 5919 6683 5901 6710 6812 10010 10375 4938 5476 5303 11004 8811 2928 4365 9959 0 17094 1708 10885 836 9599 8881 10811 10566 10047 1891 5083 8152 6486 7185 12839 8813 7080 8573 15050 5371 7232 10298 12132 8583 3618 9630 14269 5064 14073 10034 2096 4065 7253 10194 1612 7132 5626 5572 8838 2645 1531 3473 4042 1964 6544 13956 6315 8096 8399 8380 8661 5771 4238 2722 4828 10254 14045 10573 10204 2462 7514 7504 3516 13440 5500 11434 10916 9563 14197 5586 6528 6588 8815 6791 7115 3208 13398 6697 10809 7323 11611 8593 8838 2497 5019 12250 7184 11281 12030 11156 1916 13899 2974 8549 3709 5842 2971 8588 2864 12563 5483 2927 12791 7549 9778 4708 7646 13776 8672 9887 5927 13952 3705 10871 6778 5546 9324 5262 4455 9684 9508 5602 2297 7435 5375 8136 5806 3634 7928 11946 5260 5233 4060 7508 7002 7588 12116 9715 13517 6457 11254 3925 14256 11694 10959 14017 8653 8692 5122 12385 4823 8608 11194 2308 7911 8577 6577 8134 7715 7880 4902 12666 3592 7088 11791 14049 6109 5978 357 3922 12431 5514 10072 6957 6311 4538 12349 13648 6836 8370 11437 7217 6025 11253 6901
25844 10077 16412 8915 12002 3330 19071 17988 17044 16069 7562 18378 18744 12274 1992 7291 3437 12667 17579 24647 13279 9055 14687 18218 19471 18004 15282 4063 20675 2486 21757 16153 3508 18305 14817 10343 21617 17853 2572 15202 16809 14323 18152 10667 4154 14129 15282 13038 12135 16956 20245 17584 15399 18844 1774 17125 11300 19863 12513 7131 19188 21928 19095 7521 4680 11017 15314 18792 12868 24384 14415 23107 17174 14132 9101 12875 9582 9387 19604 11082 15774 13276 13155 12105 10523 12713 13029 11622 12987 18043 18233 19963 14387 17215 7037 18857 5047 21109 7261 8092 6919 18048 15687 11726 3980 16002 22369 18602 15491 13209 8639 16603 4697 22790 21347 22372 3238 11363 11855 8792 21370 17733 20977 10822 18462 17053 17721 8162 18707 12475 16332 18103 8764 17299 4395 11922 14111 14729 18314 12251 13201 17642 13827 5986 17891 13438 13931 9506 19360 16046 8927 23423 5944 16495 18695 15806 14289 11949 10410 18863 13997 9879 20113 8156 8852 11536 21474 16089 22700 21883 8202 12349 9467 12092 11915 20541 11671 8516 10549 11932 6380 24510 20325 21767 17297 13621 15904 22460 20871 23496 2875 10311 17445 18181 16360 24347 18666 15791 15952 20148 18627 16273 15945 11090 23431 11554 15552 13085 18061 19877 16395 12673 17267 14267 13350 17094 0 17272 11766 17665 16384 25909 17968 16745 19079 18982 20426 12820 11846 17714 5984 10364 14463 13200 3274 12178 24101 10982 10173 17917 18126 26613 19106 16094 16984 16581 15925 14631 14084 13753 16874 21671 21164 22539 14486 15605 16708 15385 16810 18633 13900 11111 15026 13017 15256 17418 12120 12019 19071 19326 20694 6852 16595 11005 16895 17205 19397 19391 14397 18989 22553 12990 9916 19216 6309 22629 22745 14215 11168 11132 13800 18357 11678 22764 7215 24178 5721 17785 14107 19403 14812 8795 22786 15698 11412 7632 17947 4605 19645 14674 14075 19366 18842 15126 14238 10485 14913 20021 16656 11780 18898 21668 17338 12259 25641 19166 19036 3356 20676 9247 18330 21656 18385 18709 13983 10758 7798 20675 19043 14145 14831 24833 14002 14475 10705 19657 12305 21362 15301 24027 21287 24617 15109 9007 3661 19381 13221 18558 7724 9395 15940 3340 14613 10073 20528 6411 18034 18716 16042 14968 9273 19738 15755 16272 13938 23659 15023 5947 14463 13823 15565 3500 22342 23028 16758 20777 6124 11955 16004 24042 17124 16814 10888 13282 16338 15281 13221 24294 22562 18111 13831
8573 12755 2962 8672 7211 13943 12127 727 7843 7713 9829 6900 6076 6370 15805 12409 14687 7308 9173 7461 4231 13005 4799 6254 7752 1488 10086 14401 5234 14794 5798 8331 15039 5537 10867 8694 6182 4325 15500 2080 13293 6737 12717 7274 13840 3400 12959 9035 5671 9842 6888 7090 8343 1879 15830 8187 9971 2993 8270 10462 1929 5100 13061 9838 14732 10599 4449 14575 5056 7183 7024 6294 8068 3243 9135 5967 7692 13177 3074 6387 12044 8943 9311 11020 9428 5169 12134 11965 10404 13974 2617 3025 7697 4921 13156 6067 14708 4625 10204 12859 10390 6747 10010 5947 14856 9142 6507 2624 1781 10517 8947 7478 13724 6903 4679 6001 14748 5966 7017 8990 5396 6457 5552 11631 4985 4604 2751 13096 1653 9929 10930 6820 8673 3952 13428 7792 7298 3306 7353 5088 5996 9018 9692 11616 8886 4419 6098 8023 6332 5370 10675 6691 12556 8967 9212 8725 13081 11425 6862 5750 9775 8890 8716 9897 10121 10060 6732 12877 5429 5464 12608 10440 10416 5639 10927 4768 7218 11894 11888 5658 11266 7360 3415 5618 13308 10881 2317 5725 3652 6281 15469 10348 3995 13802 9649 7095 14174 6894 7435 2990 7612 5132 7544 6398 6181 11264 11963 4420 7180 6864 9494 10165 4636 5733 11391 1708 17272 0 12174 2373 11240 8696 9187 12211 11754 2549 3738 7106 7535 8890 13504 8201 5797 9981 14967 5148 6832 11493 11299 6921 1938 9364 12663 3555 12589 11679 1351 3132 6029 11659 3314 5683 4385 5321 10366 1763 3215 5009 5739 3294 5408 12993 7882 7017 6973 10072 9944 6711 5833 3946 3685 10437 12588 9685 8639 4170 9204 9194 4781 11820 5899 10267 10174 11271 13777 5490 5632 5380 8029 7687 8561 1622 12374 5728 11455 6908 12020 10291 7558 2296 6534 11596 6034 9835 11044 10785 3526 13729 4109 10093 3257 7490 4476 7177 3510 11681 4206 3270 11299 6793 11486 5341 6004 12694 8391 8194 7601 14020 4420 10240 8485 6705 11028 3570 5761 10828 9982 4204 1861 8925 4130 7576 7233 2961 7390 10267 6147 6408 2851 6812 5497 7418 10737 9271 13802 8125 12672 5568 13666 10984 12561 14071 7308 8171 3802 12084 6523 6912 12798 3392 7999 6869 8206 9783 9187 6819 3657 12412 4899 8536 10365 14056 5211 6359 1644 4763 13082 5350 11689 7179 4667 6234 11421 12464 5278 9958 12854 7463 5323 9630 8345
19272 1744 13532 9951 12676 9649 7481 12793 17308 16578 7332 17490 9645 12093 9782 4594 8371 4879 18501 17675 8578 2757 7443 16972 18630 11862 17630 12095 17316 10000 13668 5852 12313 9502 17832 4463 13151 15475 9195 10898 20628 14552 6425 6252 7816 9133 3537 3261 7245 5895 10900 7884 5202 14037 10030 6842 14518 13251 14175 10029 13786 14703 21807 7477 13044 14794 13663 7059 11289 18600 14847 15616 6952 10701 11215 12416 8242 15525 12723 9909 19216 3425 3064 15991 13301 7485 1264 261 16212 6293 14508 13408 4956 15475 13583 9773 6788 16787 7112 14227 8958 8538 17849 10561 7792 5276 18679 14663 10922 16460 6634 16781 7170 14382 14064 14511 11652 8187 12290 10403 17564 16823 12697 15453 16259 8918 10703 3619 13796 2292 18860 8553 7096 14878 11064 4522 14801 11989 8480 9778 6200 6957 16332 7166 18502 8051 13684 9831 10179 14951 12917 18704 6158 17694 7992 5322 2616 16170 8485 9965 16516 11981 9801 10917 4390 2189 18721 19933 16626 14190 14099 1785 3379 7364 1248 12671 12285 3415 15437 10433 6918 18889 15512 17792 20929 17013 9883 17781 15389 17735 8895 13956 15002 6419 5377 18309 22242 15822 6215 13908 8676 14957 6141 9965 17500 958 3828 10601 8312 10475 17973 2137 9076 6521 1762 10885 11766 12174 0 10903 4831 18893 18741 5023 7568 12271 15889 13460 4852 7090 5790 11753 13940 2539 11993 9688 17676 1101 14657 17238 13969 19718 21568 13690 20301 4937 11302 11622 13774 2063 9636 17855 16484 15993 3270 11423 9588 7528 7988 11279 13051 16675 5221 13578 15480 6284 2231 5780 10146 11651 15705 8056 20065 14006 17735 9325 8770 8767 7407 20983 14965 16116 13417 7838 13533 15825 17374 13357 12571 5104 3975 13785 16650 17565 5251 17777 7049 6592 14994 13270 6073 13703 18067 17741 15469 11515 10407 11813 11940 3577 10533 9551 10729 15525 8847 15224 13072 13219 19296 11930 7436 13938 16279 17288 18854 18764 9127 10364 13166 12793 7926 12835 7002 15401 6440 1828 6251 16374 13159 3898 12918 18703 5150 11014 11118 20362 6353 12628 12291 18220 17650 17694 17942 11278 8716 9246 1521 9747 14610 13687 4176 10484 15218 11280 15943 11739 8651 17683 4276 8782 8299 18167 5579 5231 3576 18760 12710 11609 7308 4007 18002 10801 16962 15360 10725 13023 5709 9482 4338 16459 15244 7680 15343 17844 15106 4197 1581 16623 16791 19108 4163
8615 11762 5284 9626 8918 14365 9881 2539 10193 10013 10103 9270 3704 8021 16023 11986 14776 6254 11529 7176 4433 12184 3554 8622 10097 1133 12307 15231 7217 15183 4236 6321 15832 3174 13042 8125 4357 6689 15645 3440 15555 8858 10572 7108 13919 3626 11155 7651 5550 7737 4569 4835 6473 3677 16092 6020 11746 2412 10165 11300 3098 4296 15416 10146 15696 12353 6647 12443 6590 7717 9164 5451 5892 4592 10342 7734 8231 14762 1995 7437 14270 7510 7882 12923 11037 4973 10651 10725 12407 11887 4888 2557 6079 7292 14406 3693 14485 6227 10415 14259 11002 4430 12261 7211 14811 7163 8212 4799 3090 12545 9055 9812 13689 5343 3693 4738 15454 6392 8655 10027 7167 8830 3682 13381 7325 2414 379 12432 3425 8611 13209 4500 8901 6325 14179 6892 9403 5197 5028 6094 5077 6806 11785 11764 11252 4229 8129 8985 3968 7676 12078 7878 12432 11280 6905 6777 11416 13313 7462 3378 11886 10285 6342 10972 9693 8942 8764 15106 5755 4232 14014 9121 9757 5581 9671 3032 8836 11265 13606 6893 11384 7994 4871 7283 15594 12950 1796 7005 4528 6841 15561 11981 6368 11695 7623 7463 16500 9178 5465 3009 5270 7456 5574 7465 6621 10062 10098 5741 4873 4514 11796 8793 2392 4419 9860 836 17665 2373 10903 0 9246 8449 11552 10201 9495 1425 5336 8988 6724 6667 13223 9610 7908 8509 15710 6121 6922 10391 12951 9294 4176 9225 15022 5847 14874 9672 2930 4901 8085 10060 1288 7416 5799 5233 8646 3480 1315 3381 3599 1141 7379 14785 6102 8932 9209 7917 8703 6090 3466 1906 4970 10848 14852 11399 10976 1944 6854 6844 3699 14185 4888 12270 11725 8986 14945 5177 6481 7420 9633 7113 7031 3694 14231 6687 11214 7017 12115 8102 9667 2374 4897 13046 7267 12089 12862 11901 1153 14587 2175 8342 4518 5118 2152 9401 3443 13387 6308 2466 13589 8367 9232 4028 8374 14611 8285 10557 5237 14569 3025 11665 6188 4720 8803 5817 4560 9817 9998 5876 2332 7299 6203 7886 5763 4463 8716 12638 5621 4406 4887 7335 7332 7167 12937 10480 14059 5758 11159 3196 15038 12498 10660 14637 9476 9475 5358 13111 4202 9273 10892 2719 8555 9171 6268 7772 7595 7899 5729 13379 3736 7001 12603 14684 6074 5363 1162 3189 12825 6250 9756 6386 7036 4093 13176 14484 7607 8104 11342 6633 5890 11995 6821
16535 6565 13487 12596 14406 13915 2688 11663 18048 17520 10669 17713 6541 13620 14393 9094 12949 5613 19362 14853 9078 7555 6752 17107 18733 10370 19152 16106 16414 14402 10607 2927 16437 6685 19578 7073 9910 15313 13821 10764 22384 15711 1996 8254 12294 9214 2348 3927 8320 1698 7351 4720 2949 12882 14618 3401 16806 11184 15968 13272 12342 12046 23046 10805 16980 17223 14179 3553 12427 16328 16036 12696 3543 11107 13846 13745 10636 18581 10582 11680 20966 3766 3662 18279 15665 8210 3648 4900 18242 2831 13844 11348 3950 15613 17018 6652 11523 15470 10612 17456 12321 5356 19275 12111 12459 2098 17456 13861 10630 18464 9635 17558 11698 11039 11455 11490 15812 9727 14017 13102 16411 17127 9643 18061 16058 6843 8923 8370 12627 4064 20308 5328 9961 14798 14999 5941 16103 12375 4996 10992 6483 2948 18086 11145 19235 8375 14815 12250 6889 15471 15752 16968 10529 18764 3723 2518 3171 18546 10500 6954 18249 14408 5635 13846 7986 4987 17944 21760 14398 11311 17282 4071 7112 8468 4469 9895 14084 7868 18128 11876 10813 16676 14111 16527 22589 18994 9030 16162 13643 15558 13547 16484 14890 2730 1629 15931 23775 16682 3808 11955 5029 15376 3699 11737 15256 4840 1269 11523 4960 6951 19159 3799 6901 5965 3093 9599 16384 11240 4831 9246 0 15951 19512 975 2739 10327 14581 15001 6267 3119 10422 13982 14902 3329 16151 10927 15151 5422 17336 17586 13178 16783 22732 13844 21901 446 10869 11973 14860 2775 8017 16662 15021 13575 1981 11204 8072 6286 5659 9124 14061 19421 3495 15064 16475 1837 4420 6953 7071 9192 14184 11543 21743 16311 18656 7318 4460 4461 6936 22014 12058 18124 15998 3024 17144 13279 15441 14295 14604 6996 3597 12805 19211 15701 9382 15255 11164 2003 16341 11491 4889 16667 16397 19135 17888 14630 8336 15705 9403 1921 10933 5847 8154 16586 8801 17898 13628 11039 20740 13635 2605 11069 16597 19793 16035 19042 5420 14547 10547 15515 3991 9397 2203 14798 6112 5644 9728 15122 11550 3066 13475 16242 4607 11307 13153 20935 7303 9276 12464 15971 16570 14897 19609 13945 13074 5313 3759 6859 17989 16469 1562 14662 16414 13571 14602 15201 5557 17817 1756 8236 10825 18000 3037 1474 3045 16928 13126 15186 6763 3598 19513 14929 15070 12363 9598 10269 10260 10809 681 13405 15355 5178 17910 20133 15537 1553 3872 13503 14709 19929 3743
1042 19981 10488 17363 15505 22582 15299 8010 13798 14226 18387 12013 9465 14770 24361 20430 23162 14581 14777 1275 12658 20503 11924 11529 12019 7925 16798 23092 7936 23424 5350 13386 23733 9466 17738 16565 6050 10205 24013 10774 19443 14263 16506 15524 22306 11800 18228 15666 13934 14253 8647 11326 13859 7434 24408 12612 18025 6094 16203 19158 6854 4226 18152 18412 23398 18659 12095 18234 13614 2869 14450 3292 12472 11930 17756 14267 16336 21401 6455 15077 18544 15480 15833 18766 17737 13366 18378 18753 17935 17954 8662 5978 13938 11175 21703 9345 22933 6426 18732 21295 19067 10657 16551 14599 23235 14186 7046 8242 10460 17969 17406 13722 22108 5017 4868 4468 23443 14548 15395 17666 7066 12077 6325 19654 10193 9998 8508 20819 7490 16645 17178 10671 17198 10404 22124 15266 14806 11719 10958 13784 13488 13013 16996 20116 14304 12601 13944 16715 9066 12306 19149 5050 20866 15163 12437 13938 18784 19187 15515 9080 17011 17411 10730 18557 18141 17138 8759 19285 3455 4718 21042 17129 18168 13946 17721 6228 15607 19672 19955 14322 19746 3154 6322 6690 19258 18177 10093 5366 5373 3267 23949 18594 10313 17689 14434 2427 19619 13666 12782 5762 10928 11987 12873 15086 3072 18152 17099 13087 11016 9025 15722 16759 9828 12700 17556 8881 25909 8696 18893 8449 15951 0 14563 16744 14879 7041 6532 15153 15131 12841 21672 16729 13479 16370 23663 13843 2032 18557 19486 12371 8400 834 17695 11049 18618 16285 10045 11667 13825 17632 9532 6966 5948 3378 16103 10437 9645 11543 10913 7738 13457 20889 13710 15012 14011 14186 16807 14536 8933 7261 5908 19058 18780 17846 14637 9625 11876 11870 12112 16809 3944 17807 18521 14252 22367 3295 4212 13295 16398 15558 14918 7960 20159 4450 19660 2000 20490 14169 15021 6506 12859 20011 5199 16378 18969 19425 8587 22419 6962 15764 11952 10150 8164 14244 11738 19775 12161 5988 17410 15243 14702 4969 11963 20323 553 12729 10560 22694 5739 18706 11997 6636 14544 8792 12892 18065 18389 6663 6876 15032 12157 2089 13819 11628 15985 14662 14070 6707 11161 2948 7346 1295 17498 17889 22371 10770 18815 9242 22113 19348 17512 22749 14594 16762 6419 20744 10484 11762 17706 11144 16650 10839 13530 14611 15354 4679 11767 21087 12125 14885 16949 22744 4425 3595 9198 5871 21273 14042 16599 2553 11052 11259 19444 19816 12055 15328 18991 2494 3838 14936 14733
13823 18550 6301 10011 6539 15211 20926 9222 1466 2194 12855 2599 15240 6824 17403 16733 16950 14307 406 13778 10505 18314 12789 3185 2666 10622 3092 13984 6628 15984 14362 16813 14622 14681 3973 14322 14963 5024 17410 8837 4902 4268 21263 12506 16317 10298 20706 16297 11593 18409 16062 16030 16584 8595 17265 16942 6712 11450 5534 11332 9508 12976 3903 12758 13672 7105 5334 23039 7452 11787 4018 13887 16844 8411 9223 6393 10926 9577 11831 8987 4224 16315 16619 6323 7459 11502 19205 18486 5298 22342 6998 11379 15588 4272 11265 15238 17983 8187 13285 10343 12101 15794 2680 8260 17529 17511 7756 7287 9041 5150 12799 1974 16595 15328 12880 14206 14746 10557 6856 9837 7503 2790 14425 7658 4642 13580 11926 17961 8754 16915 2822 15872 12307 5258 13595 14375 4182 7138 16406 8965 13153 17821 4281 14436 302 11182 5085 9724 15518 4055 9043 9724 15972 1482 18198 17069 20494 6649 10425 14929 4147 8319 17885 10106 15005 16596 6056 4847 11427 13738 10147 17353 15805 11459 17629 13611 6953 16889 7998 8341 14283 11615 8746 7898 4695 4980 10817 9211 9894 11300 17571 7695 5240 22225 18076 12151 5181 2919 15922 10917 16693 4191 16020 8937 11528 17791 19912 8188 16203 16050 1741 17231 13660 13548 18652 10811 17968 9187 18741 11552 19512 14563 0 20472 20591 11497 8342 5638 14015 17720 17188 8051 4800 17280 14769 9054 12622 17751 8054 2363 7661 14802 3487 5805 4068 19957 8925 7540 4982 19044 12301 7631 8742 12106 18131 8475 12153 13379 14589 12453 5689 8243 16020 5467 3283 18729 16764 13103 15018 13037 9091 12803 4269 6967 1106 13204 18289 18278 12582 2633 13817 5242 8056 20175 12075 12558 10365 5388 7116 13643 16174 8260 7417 10114 15484 12624 14892 19011 4080 10646 14636 9313 9413 2576 6916 10404 12701 13382 13140 17948 8586 16652 13659 3277 10713 7951 5886 11776 2938 7136 20315 13723 3189 7217 14040 1970 16730 14798 13056 8724 17464 15607 19802 6320 13410 16982 13711 8038 10236 16665 6040 12557 14958 8206 8206 1742 12585 15342 7096 11634 7230 13682 3643 9272 15684 17264 19759 14734 11027 8643 20554 14772 3687 8487 8437 11558 15582 2809 20792 11357 11016 3770 16575 18173 16831 10104 6389 12023 12759 16160 3006 14526 10213 14150 10621 13483 16780 9259 19804 14478 4522 15054 7509 6314 4030 18030 19921 14756 10900 443 15978
17356 6764 14459 13385 15298 14408 2563 12629 19007 18470 11341 18684 7395 14525 14754 9480 13323 6481 20318 15669 10020 7780 7722 18080 19707 11327 20073 16678 17379 14852 11414 3890 16980 7574 20484 7785 10694 16288 14173 11735 23294 16647 1408 9067 12708 10174 1906 4696 9218 2545 8108 5606 3922 13844 14991 4292 17656 12103 16861 13981 13295 12900 23989 11480 17572 18060 15140 2643 13352 17206 16971 13509 4433 12063 14645 14664 11438 19342 11498 12554 21874 4562 4407 19134 16503 9131 3771 5139 19121 1887 14817 12266 4893 16585 17714 7500 11805 16421 11256 18188 13004 6223 20202 13006 12786 3070 18408 14832 11603 19346 10346 18515 12090 11792 12319 12296 16342 10605 14908 13888 17368 18097 10460 18880 17033 7793 9874 8635 13590 4679 21236 6189 10696 15772 15584 6754 17031 13336 5822 11905 7408 3740 18988 11697 20195 9320 15750 13063 7705 16433 16534 17891 10971 19710 4373 3492 2911 19393 11341 7813 19153 15234 6251 14606 8572 5558 18911 22664 15288 12140 18020 4592 7650 9366 4896 10750 14969 8257 18937 12778 11381 17559 15062 17479 23506 19880 10004 17095 14575 16448 13885 17308 15864 1824 2578 16799 24703 17634 4777 12878 5819 16341 4669 12611 16140 5210 1196 12456 5810 7721 20099 4381 7844 6925 3401 10566 16745 12211 5023 10201 975 16744 20472 0 2760 11260 15535 15910 7093 3912 10762 14827 15845 3973 16683 11837 16004 5769 18144 18555 14150 17572 23678 14814 22821 533 11844 12934 15797 2992 8980 17616 15966 14448 2671 12177 9038 7261 6607 10049 15000 20227 4462 15976 17420 2558 5020 7820 7919 10090 15127 12198 22657 17158 19608 8268 5056 5059 7902 22966 12878 19005 16814 3213 17807 14139 16353 15238 15470 7793 4465 13773 20039 16618 9879 16109 11683 2605 17267 12429 5858 17436 17326 20064 18728 15367 9273 16303 10292 2705 11889 6600 9050 17528 9764 18709 14586 11950 21668 14525 2721 11901 17566 20629 16846 20013 6184 15066 11417 16311 4746 10148 2503 15771 7065 6102 10365 16076 12497 3936 14433 17099 5542 12268 14013 21901 8196 10045 13431 16852 17529 15716 20520 14740 13534 6019 3736 7737 18698 17261 1017 15183 17349 14407 15554 15884 6431 18790 1100 9208 11614 18974 4011 2433 3871 17844 14088 15848 7729 4470 20435 15465 15987 13166 10569 11123 10635 11713 808 14192 16327 6121 18734 20992 16502 2461 3809 14279 15611 20887 4627
15595 9304 14354 14696 16082 16521 423 12030 19148 18736 13058 18556 6075 15237 17090 11790 15643 7616 20489 13908 10524 10294 7925 17922 19483 10615 20606 18616 16673 17044 9696 3957 18982 6446 21127 9442 8901 16035 16523 11757 23889 17086 1776 10354 14966 10450 4665 6298 10082 2452 6321 4668 4463 13154 17309 3649 18654 10980 17624 15565 12470 11357 24290 13187 19458 19122 15302 3356 13926 15721 17414 11771 3747 12344 15905 15270 12724 20713 10374 13484 22491 6092 6093 20097 17571 9842 6367 7639 19947 3164 14354 11137 5690 16483 19317 6148 14252 15516 13049 19672 14675 5089 20680 13804 15173 3536 17488 14290 11551 20153 11961 18691 14385 9862 10841 10554 18372 11554 15706 15207 16521 18031 8814 20018 16729 7151 9128 11106 12907 6649 21703 5026 12233 15585 17494 8111 17532 13524 4524 12604 8161 2771 19670 13701 20301 9814 16208 14280 6185 16542 17843 16694 13188 20009 2655 3924 5666 20397 12458 6496 19821 16372 4149 16015 10529 7591 18225 23308 13897 10499 19482 6732 9715 10228 7174 9271 15802 10568 20118 13535 13353 16097 14168 16565 24045 20663 9794 15992 13502 15043 16256 18439 15656 2878 3000 15265 25153 17881 4769 11774 4361 16400 4685 13539 14708 7561 3838 12974 4639 6005 20451 6422 7126 7358 5832 10047 19079 11754 7568 9495 2739 14879 20591 2760 0 10278 14672 16574 8390 2880 13135 15880 16211 5910 18708 12554 14409 8147 19336 18499 13650 15690 23943 14799 23339 2664 11695 13127 16230 5507 8444 16739 14995 12978 4595 12120 8557 7243 6041 9046 15427 21414 5047 16610 17747 2011 7009 8905 6536 8883 14160 13953 23221 18177 19830 7590 3033 3040 8191 23172 11178 19822 17985 629 19505 12605 15095 15617 16402 9176 5739 13188 21129 15391 12003 14512 13755 1655 17784 11460 6226 18793 16186 20528 19770 16850 8412 18179 9013 4431 12180 4906 7879 17885 10018 19885 14796 10768 22124 15328 277 10280 17525 21679 15052 19876 4576 17124 9992 17567 3328 8254 841 15297 7586 8322 12184 15223 11626 5254 14651 15507 6345 12475 15001 21879 9130 8220 13501 15392 16718 13969 21120 16015 15711 4214 6422 6527 20255 18526 3777 17236 17783 15507 14672 17535 5320 18609 3836 9263 12950 18624 4299 3014 5357 16594 14249 17559 8009 5728 20954 17486 14767 11395 10143 9631 12958 12480 3264 12342 16221 5558 19853 21918 16562 3863 6514 12385 14294 21023 5815
7190 13169 5448 10753 9680 15669 10681 2291 10221 10177 11426 9065 4236 8812 17374 13406 16146 7670 11524 5766 5707 13603 4972 8419 9760 1134 12601 16424 6446 16497 3272 7432 17038 3833 13399 9547 3633 6493 17008 4271 15776 9285 11502 8490 15289 4866 12340 9011 6911 8743 4661 5721 7671 3055 17434 6993 12472 991 10799 12477 2241 2946 15398 11462 16844 13095 6989 13372 7433 6330 9569 4135 6856 5483 11373 8450 9478 15617 628 8509 14554 8860 9230 13554 11868 6339 11967 12099 12952 12867 4548 1141 7392 7239 15434 4183 15894 5240 11752 15214 12247 5203 12508 8192 16200 8282 7218 4343 3914 13066 10405 9896 15075 4389 2385 3585 16686 7650 9457 11126 6245 8715 3012 14127 7024 3527 1569 13857 2840 9980 13404 5261 10227 6248 15394 8315 9847 5807 5754 7164 6501 7704 12240 13117 11195 5581 8645 10104 4301 7843 13025 6653 13827 11408 7631 7923 12664 13958 8685 3834 12322 11229 6732 12061 11110 10341 7993 15383 4358 3052 14965 10486 11182 6932 11046 2220 9651 12690 14375 7883 12741 6620 3890 6292 15769 13430 3082 5836 3317 5466 16932 12800 6258 12656 8698 6056 16577 9378 6622 1661 5932 7584 6729 8531 5230 11446 11257 6674 5654 4736 11948 10149 3439 5822 11166 1891 18982 2549 12271 1425 10327 7041 11497 11260 10278 0 4397 9629 8149 7551 14635 10543 8346 9842 16931 7203 5498 11788 13761 9164 3852 7809 14984 6060 15053 10738 3615 5584 8578 11341 2637 6461 4736 3809 9891 4142 2704 4744 4685 1234 7945 15504 7351 9548 9490 8866 10085 7510 3847 1574 3896 12144 15070 12165 11044 3061 7445 7435 5124 14119 3620 12814 12592 9726 16010 3758 5178 7927 10461 8534 8359 3271 14900 5412 12619 5594 13478 9007 10106 1185 6223 13972 6072 12331 13559 12978 1995 15769 1643 9576 5446 5579 2431 9699 4746 14163 6756 1053 13761 9205 10027 2889 8315 15232 6865 10290 5797 15843 1913 12599 6952 4180 9650 5387 5974 11226 11368 4947 1389 8594 6677 6471 7121 5278 9683 12415 7033 3892 5387 5949 6446 5753 13260 11511 15398 6271 12464 3759 16009 13388 11792 15907 9847 10457 4395 14227 4974 9013 12019 4104 9800 8735 7430 8858 8898 6637 6203 14519 5158 8329 12871 15937 4786 4098 2236 2222 14234 7361 10875 5067 7000 5154 13919 15013 7722 9289 12646 5327 4532 11939 8154
6020 16493 4170 11562 9200 17126 15074 3096 7393 7734 13204 5743 8629 8561 19108 16058 18086 11037 8495 5562 7862 16733 8467 5179 6063 4218 10315 17205 2150 17988 6371 11657 17868 8227 11242 12404 7104 3679 18854 5482 13113 7756 15860 10909 17255 7073 16464 12714 9333 13056 8891 10082 11789 1859 19101 11321 11573 3819 9742 13381 2239 4761 12147 13193 17381 12202 5675 17732 7620 4162 7931 5567 11188 6363 11716 8008 10975 14975 4387 9345 12119 12608 12979 12249 11392 8861 15796 15685 11406 17201 2271 3685 11284 4649 15490 8572 18266 904 13608 14984 13511 9590 10092 8727 18327 12499 2877 1863 5296 11438 12436 7259 17202 7195 4811 6032 17669 9407 9149 11776 1850 5676 6710 13179 3757 7743 5661 16800 2095 13628 10788 9650 12108 3880 16337 11530 8291 5714 10149 8215 9729 12069 10464 15026 8059 8128 7507 10943 8653 5777 12897 3043 16092 8744 12027 12109 16670 12670 10148 8222 10481 11236 11063 12591 13790 13791 3650 12889 3156 5627 14733 14141 14131 9285 14641 5949 9362 15597 13489 8502 14699 4192 523 1950 12982 11647 6007 2063 1595 3386 18857 12205 3785 17001 12957 4312 13514 7142 10797 3068 10329 5458 10906 9338 3485 14987 15421 7345 10041 9033 9308 13853 7700 9401 15034 5083 20426 3738 15889 5336 14581 6532 8342 15535 14672 4397 0 8746 11272 11920 17096 10580 7015 13639 17848 8295 4503 15227 13062 6027 2306 6966 11700 4660 12309 15006 4850 5796 7378 15275 6586 2083 738 3765 13917 4988 6558 8556 8928 5627 7105 14382 11386 8591 7479 13211 13658 10441 8221 5875 758 13708 12429 11432 8247 7268 11831 11822 8483 10805 5565 11279 12186 14123 16202 4217 2473 6900 10117 11405 12191 2204 13640 2397 15052 4532 15453 13371 8500 3221 10101 13699 2387 9915 12478 13390 6302 16522 5825 13625 6451 9949 6819 7713 7228 13317 5841 4101 11057 9059 14420 5671 5491 13794 6068 6714 10185 17098 5257 12453 11345 7833 14033 2260 9455 14566 13492 551 3057 12517 5868 4794 10874 6002 9948 8818 9872 7627 5137 3865 2051 5476 11015 11841 17106 10648 16325 8155 15803 13012 15991 17133 8065 10695 114 14742 9360 5559 16223 7116 11257 4899 11597 13107 12796 3242 5550 15127 8587 12164 10488 17064 2149 5856 5189 5706 16668 8534 15090 6136 4520 9418 12970 13287 5523 13421 16508 6415 2698 8752 11976
14742 13085 4668 4388 904 9821 16848 7579 4413 3480 7218 5560 12215 1394 12006 11113 11423 9461 5316 14042 6052 12771 8692 5410 6672 8509 4204 9062 8293 10640 12897 12626 9733 11616 4578 8996 13227 5401 11951 5560 7384 1513 16903 7231 10748 6243 15821 11397 6696 14199 13415 12418 12222 7773 11901 13018 2897 10075 1178 5849 8509 12119 8348 7121 9010 3532 3072 18547 2662 12904 1664 13277 12952 4517 3754 1325 5367 6248 10178 3551 5965 11465 11718 3938 2680 6799 14076 13200 3473 17795 6510 10086 11076 4585 6876 12258 12364 9171 7647 6269 6517 12389 4395 2943 11958 13183 9964 6931 5901 3645 7221 3915 10991 14007 11756 13097 9707 5386 1227 4262 9116 4913 12573 4554 5858 10260 9289 12370 7768 11860 5416 12470 6724 4973 8440 9351 1456 3826 12966 4010 8526 13898 3098 8809 5469 6761 1257 4087 12665 3336 4288 11406 10335 4358 14520 12751 15457 4334 4981 12026 3254 2942 14735 4690 9486 11397 8813 6762 11698 12562 6021 12247 10346 6548 12434 11822 1315 11332 4833 3140 8647 12906 8860 9550 7607 4120 7548 10538 9786 12125 12082 3459 5101 17724 13761 13050 8850 3015 11809 9911 13300 3611 11891 3495 12193 12534 15170 3628 12718 13263 4555 12190 10410 9219 13621 8152 12820 7106 13460 8988 15001 15153 5638 15910 16574 9629 8746 0 8988 13836 11551 2505 1790 12336 9803 4074 13133 12417 4333 5105 6764 15667 8118 4107 6935 15429 6079 4089 1400 14050 9178 9389 9439 11959 13369 5530 8988 9456 10980 10110 1724 5891 11629 197 2499 14591 11655 8147 12176 10852 9275 7179 6752 2694 4542 10027 14812 14802 8403 7579 12949 3339 3474 16272 7639 12258 11218 1858 1653 8470 11455 7253 5272 11119 9861 13179 9267 14924 1585 9317 10354 4993 10843 4283 3940 5212 9968 8400 11075 13246 4643 13528 11074 2419 6668 4640 3014 10365 5853 1547 16300 12445 4534 5625 14735 6433 13471 9515 11523 3861 13817 13679 15741 6597 9004 11651 8095 8795 8854 11979 3044 13536 10408 4557 2569 7375 7722 13369 4257 12611 8963 13974 4612 3832 10187 14005 14616 11757 7084 4290 15813 9510 1957 2894 8860 6524 12216 5896 16042 7559 5423 6930 12311 13821 12081 11716 3488 6970 8584 11448 4574 9321 10887 13392 7834 11851 11142 4200 15169 14105 4563 11362 4343 5542 3637 13456 14765 14396 11352 5923 11285
15337 5222 8683 6343 8302 8797 8554 8204 12565 11887 4821 12655 6922 7594 9987 5344 8600 853 13800 13864 3727 5503 3208 12129 13789 7499 13191 10503 12554 9489 10313 4677 10954 6520 13519 1534 10023 10626 9514 6080 16338 9918 8254 1989 7772 4320 6834 2432 2428 5950 8416 5770 4001 9414 10124 5519 10568 9136 9859 7192 9293 10917 17263 4936 11263 10968 8846 9728 6599 14374 10228 11989 5535 5852 7584 7824 4375 12350 8697 5516 14914 2536 2748 12048 9411 2633 5191 4613 12073 8946 9730 9277 2795 10628 10937 7039 7948 12154 4913 11283 6357 6206 13364 6046 8455 4865 13985 9915 6135 12304 3662 12044 7391 11247 10282 11048 10406 3603 7909 6852 12865 11995 9432 11795 11410 5393 6628 5708 9185 2904 14393 6263 3871 10028 9365 364 10229 7145 6501 5084 1648 6211 12012 5916 13765 3230 9029 5983 7538 10144 9501 14198 6079 13056 7179 4518 6500 12302 4251 7074 12185 8144 8355 7633 3134 2662 13923 15682 12439 10624 11095 3339 3037 2558 3659 9150 7950 4544 11860 5858 5525 14622 10940 13123 16585 12845 5349 13244 10978 13480 9355 10219 10153 8914 5390 14158 17838 11100 4240 9680 6827 10134 4258 5574 13291 3897 6234 5829 6242 8039 13382 3226 5600 2525 4656 6486 11846 7535 4852 6724 6267 15131 14015 7093 8390 8149 11272 8988 0 6236 6664 7736 9229 3348 10724 5002 13645 4019 11069 12417 9231 15923 16991 8839 15921 6661 6538 6774 9103 5072 5600 13164 11913 11957 4454 6610 5487 3708 4983 7408 8345 13154 3480 9079 10796 6414 2753 930 7283 7975 11179 5729 15726 10067 13047 5649 7792 7784 3026 16352 11368 11961 9731 8287 11160 11889 12995 8632 8404 805 2692 9107 12949 13145 4782 13740 6131 6793 10445 8976 2972 10432 13546 13240 11636 8460 6588 9994 8294 4387 5683 7533 7279 10865 4077 11631 8256 9181 14829 7530 8141 10383 11450 13537 14994 13940 7220 9251 9464 9253 6684 9952 7564 10600 2281 3314 4151 11727 8777 3215 8100 14594 2252 6163 6937 15597 1502 9675 7439 13992 12929 13862 13584 7685 8202 7599 5746 6779 11866 10209 6870 9350 10606 7315 11337 9178 6189 12841 7092 4210 4579 13315 4273 5385 3227 14297 7873 9235 3006 2696 13560 9530 12574 11817 6255 9449 6300 4828 6310 12903 10395 4969 11646 13910 10286 4732 5910 13116 12511 14398 2585
13444 8667 11475 12318 13393 14875 3240 9191 16280 15885 11053 15676 3505 12527 15763 10573 14318 5394 17623 11757 7793 9534 5145 15043 16607 7796 17809 16726 13875 15495 7504 1579 17158 3751 18360 7541 6795 13159 15229 8892 21099 14277 3953 8079 13561 7645 5441 4692 7534 1428 4233 1838 2320 10341 15946 819 16042 8327 14916 13380 9695 8998 21437 11170 17498 16540 12444 5821 11176 13323 14605 9598 889 9522 13473 12520 10369 18302 7718 10895 19712 4451 4618 17459 15005 7219 6159 7062 17250 5341 11497 8489 3447 13603 17095 3605 13195 12782 11122 17352 12586 2370 17868 11145 13977 1830 14766 11447 8678 17448 9898 15827 13053 7920 8426 8387 16590 9013 13027 12826 13769 15152 6548 17471 13857 4290 6308 10212 10091 5400 18886 2324 10090 12706 15589 6031 14736 10676 1915 9918 5631 172 16921 11989 17429 7093 13407 11845 3793 13675 15420 14105 11774 17162 981 1922 6138 17777 9996 3928 17066 13858 2715 13686 8888 6286 15425 20535 11424 8229 17148 5689 8258 7674 6265 6851 13136 9414 17594 10862 11612 13682 11425 13838 21241 17946 6915 13350 10836 12583 15005 15901 12777 5118 1763 12905 22326 15030 2107 9116 1913 13528 2053 10947 12268 6720 4320 10214 1933 3832 17612 5301 4280 4697 5394 7185 17714 8890 7090 6667 3119 12841 17720 3912 2880 7551 11920 13836 6236 0 11972 13324 13388 4765 16915 9876 12100 7287 16824 15619 10797 13671 21085 11923 20530 3444 8816 10282 13422 5284 5577 13998 12287 10563 3832 9246 5684 4414 3163 6319 12622 18884 2765 13860 14910 1365 5726 6551 4021 6263 11447 11962 20425 15580 16971 4740 1719 1715 5434 20307 8966 17122 15474 2465 17364 10241 12537 12799 13777 7040 3915 10349 18549 12815 10501 12205 12125 1456 14991 8735 3608 16391 13564 17713 17172 14563 5621 16228 6441 3514 9362 2731 5228 15054 7212 17361 11946 8147 19304 12654 2606 7990 14647 19074 12936 16997 2302 15396 7531 15112 889 6278 2140 12443 4957 7192 10313 12469 8863 3597 11804 13197 4004 9636 12421 19000 6662 6157 10636 12974 13953 11805 18340 13591 14169 2243 6453 3884 17986 16066 4681 15501 14970 12981 11927 15377 2593 15731 4869 6419 10626 15759 1985 1933 3844 14035 11394 15455 5254 3891 18151 15707 12185 9258 7270 7224 11717 9826 3783 10292 13341 2679 17297 19254 13690 2908 6605 10387 11772 18153 3892
21796 4135 13615 7195 10649 4153 13110 14226 15931 15023 4355 16731 13493 10459 3995 1402 2583 7376 16859 20398 9274 3132 9827 16375 17908 13836 15229 6798 17910 4317 16973 10453 6861 13137 15127 5152 16685 15410 3412 11614 17709 12977 12169 6237 2130 10109 9318 7288 7848 11094 14957 12099 9697 15308 4240 11459 11433 15599 11814 6247 15406 17493 19454 4441 7793 11480 13044 12837 10357 20642 13192 18600 11526 10838 8166 10982 6506 11285 15218 8491 16397 7531 7356 12744 10276 8385 7051 5640 13288 12079 15160 15727 8820 15052 8979 13615 1285 17910 3917 9855 5250 12638 15553 9263 2039 10197 19519 15451 11811 13544 4743 15413 1450 17911 16869 17696 6185 7736 10339 7437 18424 16035 16096 11827 16146 12056 13180 2230 15116 6611 16450 12683 5158 14797 5951 6623 13006 11844 12812 9166 8251 11882 13760 2817 17018 9156 12280 7469 14102 14131 9263 20131 1222 15864 12950 10050 8345 12789 7230 13684 13952 9088 14506 7461 3549 5694 19039 16968 18777 17259 9804 6429 3794 7870 5961 15801 10235 2580 11698 9318 2912 20845 16864 18758 18109 14075 11633 19152 17136 19737 3127 10606 14943 12209 10506 20492 19504 14462 10392 16053 13099 14260 10366 8529 19595 5583 9568 10126 12578 14559 15971 6775 12263 9189 7370 12839 5984 13504 5790 13223 10422 21672 17188 10762 13135 14635 17096 11551 6664 11972 0 9196 12714 7313 6515 9071 20071 5005 11012 16352 14844 22444 19324 13507 17597 10606 12262 11602 12415 7770 12195 18733 17803 18408 8557 12114 12063 10371 11567 14012 11914 12760 9403 11725 13990 11546 6267 7147 13891 14614 17171 4428 17278 10965 16089 12309 13684 13678 9600 18937 17991 13230 10062 13302 8686 18392 19134 12259 10139 6133 8098 14898 12981 19230 2049 20160 2398 11904 13115 15318 9469 9760 19472 15496 12097 7648 13219 6700 14934 8767 10720 13899 13943 13947 10061 11528 12506 15685 16857 10084 12964 17022 15536 13642 21496 17818 13531 4938 16082 9324 12661 16592 12465 15864 8943 4842 3688 17465 15044 8375 12378 20952 8558 11207 8987 18926 7602 16322 12341 20264 18417 20388 15331 8160 3148 13814 7265 13398 10002 10009 9959 5058 13506 8735 17181 7287 12664 17012 10065 10541 6325 17812 10073 10404 8135 20293 12384 6995 9613 8125 15583 5423 18712 18448 12551 16091 433 8817 10025 19523 14883 11472 11783 14438 14374 9387 7276 19745 18766 17462 8166
16437 11145 6412 2010 1643 7320 16103 8809 6897 5944 4950 8047 12331 2026 9503 8893 8929 8374 7704 15548 5735 10711 8340 7858 9171 9413 6091 6731 10462 8144 13777 11945 7404 11745 6137 7366 13966 7582 9446 6272 8897 4017 15953 5786 8272 6248 14466 10158 5805 13438 13684 12155 11423 9305 9401 12512 2834 11172 2624 3344 9898 13297 10339 4835 6815 3248 5066 17464 3146 14718 4160 14495 12471 5060 1264 2607 3520 5193 11146 2440 7499 10271 10465 4318 1692 6110 12524 11492 4460 16682 8310 11218 10207 6878 4975 12398 9938 11130 5356 4672 4050 12262 6389 2412 9484 12370 12157 8717 6628 4708 5201 6408 8544 14898 12845 14121 7312 4327 1506 1786 11226 7387 13291 4147 8140 10325 9841 10217 9240 10445 7329 12341 4709 7070 6014 8081 3911 5010 12788 3625 7726 13356 4674 6407 7907 6360 3567 1931 12856 5686 2483 13427 7974 6683 14121 11963 13969 4567 3485 12224 4865 689 14658 2209 7526 9838 11144 8191 13307 13585 4422 10765 8468 5661 10851 12613 1312 9264 4276 2733 6284 14770 10600 11646 9225 5261 7923 12508 11385 13886 9581 2578 7211 16649 12935 14795 10575 5519 11224 11174 13136 5923 11289 2390 13902 10875 13956 3877 12524 13461 6776 10780 10507 8631 12180 8813 10364 8201 11753 9610 13982 16729 8051 14827 15880 10543 10580 2505 7736 13324 9196 0 4101 11017 7437 3630 14755 10669 3520 7600 8394 17317 10176 5972 8632 14386 6946 5091 3721 12634 9459 11516 11306 13413 12187 6451 9261 9171 10803 10748 3604 5561 10835 2699 5000 13869 10189 7037 12400 11515 11004 4776 8364 2331 6946 10199 14532 14523 8014 9751 14080 4365 2190 15664 5644 13642 13028 3896 944 7074 10385 8780 5251 12977 7638 14813 6858 14229 3978 10497 9722 3437 12826 6320 3907 2853 10408 6054 11781 12121 5109 13517 11512 4909 6610 4043 4766 11426 7751 1522 15614 13430 6978 5815 16359 8937 13382 7036 12450 2058 13465 14305 15039 8601 8367 9924 5929 10722 10055 10916 4721 15288 9543 5273 929 9794 6754 13988 5570 14397 11108 15492 6288 1358 7685 13892 13039 11928 5470 2905 14584 7037 4423 483 10690 4207 12124 8377 14800 7566 3455 9377 11586 12965 10956 13708 5033 4625 8180 10385 6456 6867 12662 14547 8462 12714 8801 3598 14046 15379 6807 11104 3976 6183 5981 12433 13171 15664 13036 8298 10247
13030 13780 3065 5757 2477 11374 16517 6166 3377 2659 8362 4045 11373 2288 13537 12121 12848 9558 4571 12401 5826 13588 8294 3782 5212 7265 4463 10789 6503 12211 11573 12325 11461 10780 5141 9528 11978 3612 13437 4632 7756 950 16724 7710 12127 5764 15971 11544 6816 13922 12450 11826 12017 6185 13453 12582 4558 8674 2728 7388 6980 10643 8145 8285 10776 5188 1415 18450 2651 11161 1261 11769 12500 3868 5362 1733 6274 7962 8850 4285 6412 11575 11867 5342 4469 6766 14415 13685 4633 17729 4818 8666 10954 2810 8665 11399 13627 7403 8802 8052 7922 11705 4488 3527 13323 12965 8177 5237 4929 4732 8143 2847 12303 12662 10331 11691 11402 5758 2611 5741 7327 3359 11346 6175 4083 9506 8243 13287 6211 12132 5499 11786 7665 3195 10112 9590 1503 2777 12304 4165 8457 13470 3896 10073 4564 6527 544 5320 11764 1587 6074 9624 11522 3867 13980 12524 15721 5761 5694 11134 3986 4636 13972 6307 10276 11797 7063 7248 10029 11163 7805 12564 11040 6679 12831 10565 2792 12181 6479 3570 9863 11151 7162 7762 7865 5084 6704 8764 8136 10401 13542 5219 3319 17630 13540 11327 8942 1882 11460 8423 12622 1839 11552 4240 10485 12990 15219 3422 12073 12346 4260 12452 9629 8964 13877 7080 14463 5797 13940 7908 14902 13479 4800 15845 16211 8346 7015 1790 9229 13388 12714 4101 0 12521 11515 4254 11451 12953 6051 3643 5148 13966 7835 2459 7150 15342 4990 3145 393 14278 8317 7599 7694 10353 13425 4449 8140 8976 10368 8984 889 7428 11436 1613 1579 14278 11974 8325 11263 9692 7577 8475 7067 4430 3818 9208 14185 14175 8047 7147 11488 4497 5261 15851 9425 10681 9482 608 3370 8843 11472 5680 6730 9370 10892 11493 10535 14587 1765 7885 10085 6780 9067 4329 5494 6915 8974 10119 9883 13260 4031 12742 10051 1685 6196 6304 1603 8980 5916 2736 15934 11068 2905 6977 13046 5106 12739 11128 10192 5643 13256 12490 15396 4831 8794 12185 9114 7037 7421 11976 1705 11810 10304 3763 3864 6443 7822 12189 3021 10877 7174 12328 5056 5459 11654 13278 14968 10889 8864 6073 15863 11132 1599 4403 7130 8249 11513 4351 16099 6973 6410 5295 12050 13621 12122 9937 2179 8686 8228 11460 4789 10967 9163 11915 6799 10552 12292 4459 15147 12564 2775 10794 5965 6675 1884 13387 15128 12856 9657 5173 11283
16769 3936 11664 9473 11648 10616 5948 10554 15821 15179 7371 15777 7109 10941 11218 5935 9767 2976 17081 15160 6816 4771 5182 15218 16878 9518 16538 12778 15194 11134 11131 3386 13114 6963 16865 3820 10612 13588 10660 8945 19684 13239 5287 5231 9068 7213 3486 993 5709 3782 8386 5368 2694 11808 11427 4400 13850 10811 13202 10010 11480 12194 20594 7509 13652 14219 12031 6534 9914 16159 13553 13088 4499 8963 10743 11162 7556 15392 10266 8857 18260 1039 682 15334 12671 5781 2157 2434 15398 5736 12433 10970 2459 13706 13741 7238 8495 14542 7296 14221 9032 6014 16707 9394 9345 2941 16474 12546 8912 15632 6377 15306 8503 11844 11557 11976 12492 6951 11255 9970 15371 15138 10159 15002 14367 6423 8282 5454 11560 740 17737 6033 6737 13015 11670 2986 13565 10271 5989 8408 4212 4653 15358 7822 17022 6190 12345 9193 7649 13338 12606 16368 7285 16368 5719 2889 3228 15571 7550 7426 15532 11378 7429 10659 4658 1681 16650 19025 14183 11662 14056 925 3807 5849 1513 10144 11292 4733 15042 9203 7486 16459 13234 15568 19933 16176 7664 15467 13029 15306 10408 13440 13129 5746 3198 15850 21185 14376 3680 11494 6207 13300 3609 8915 15058 1974 2964 9101 5808 7962 16707 542 6573 4248 1424 8573 13200 9981 2539 8509 3329 16370 17280 3973 5910 9842 13639 12336 3348 4765 7313 11017 12521 0 12830 8328 15194 2526 14249 15575 11846 17198 20316 11904 19269 3635 9251 9882 12414 1769 7226 15652 14199 13518 1348 9451 7197 5133 5458 8806 11643 16325 2682 12425 14095 4233 1100 4209 7608 9145 13399 8233 19074 13344 16337 6846 6481 6477 5213 19661 12437 15288 12933 6017 13840 13333 14989 11917 11722 3944 1483 11602 16175 15195 6093 15296 7855 4593 13784 10883 3619 13492 15744 16582 14893 11405 7935 12377 9429 1480 8789 7074 8206 14174 6867 14816 11449 10760 18174 10876 5714 11409 14594 16780 16342 17085 6658 11233 10654 12401 5545 10303 5189 13357 4234 2473 6408 14143 10807 1360 11293 16233 2767 9235 10250 18823 4699 10093 10489 15781 15478 15181 16932 10832 9801 6822 2691 7208 14726 13344 3577 11347 13932 10578 13684 11913 6120 15935 3788 6622 7708 16305 3079 3092 1039 16404 11019 11881 5085 1514 16906 11608 14583 12828 8450 10499 7100 8165 3164 13926 13461 5142 14864 17200 13456 2081 2873 14087 14374 17673 1689
23500 10504 13731 6318 9037 2372 18772 15658 13904 12931 5945 15324 17347 9431 3574 7435 4251 11577 14375 22425 11280 9564 13132 15211 16386 15880 12030 792 17887 2353 19916 15337 357 16846 11547 9377 19886 15017 3966 12890 13548 11279 18062 9143 4396 12088 15499 12429 10379 16397 18843 16454 14614 16388 3300 16230 8071 17741 9382 4508 16835 19858 15821 5851 1536 7762 12490 19002 10229 21914 11341 21059 16253 11739 6204 10026 7481 6158 17559 8596 12501 12647 12617 8833 7369 10936 13199 11795 9725 18214 15604 17823 13474 14310 3770 17449 6168 18468 5811 4828 4718 16824 12438 9140 5084 15359 19584 15994 13210 9945 7124 13483 5075 20996 19316 20446 342 9320 8943 6073 18632 14700 19222 7548 15576 15497 15824 8684 16278 12091 13065 16889 7069 14494 1540 10894 11020 12141 17181 9880 11799 16872 10586 5009 14705 11584 10973 6960 17952 13100 5734 20780 5847 13290 17877 15086 14609 8675 8251 17397 10753 6879 19062 5284 8180 11164 18574 12824 20341 19933 4931 12100 9042 10303 11798 18695 8746 8578 7276 9389 5356 22006 17803 19045 14033 10350 13914 19838 18458 21048 4305 7083 14637 18304 15801 21930 15407 12711 14964 17927 17517 13349 14979 8591 21019 11531 15532 10606 16916 18512 13167 12352 15709 12898 13324 15050 3274 14967 11993 15710 16151 23663 14769 16683 18708 16931 17848 9803 10724 16915 6515 7437 11515 12830 0 9822 21772 11022 6903 14852 15582 24322 15832 13349 13712 16423 13620 12103 11127 13775 15097 18926 18585 20288 14175 13233 14914 13909 15468 16759 11037 7877 14151 9999 12174 16870 11733 10648 17602 17494 18191 5060 13324 7804 13709 15568 18511 18503 12813 15723 20549 9733 6717 18738 3070 20434 20243 11333 8158 9935 13083 15880 8418 20228 6810 21842 5001 17251 10994 17196 13646 5532 20161 12454 8141 4600 16166 1406 17803 14294 11712 18168 17154 12029 12277 7211 12147 17935 13385 8925 18494 19735 14336 9009 23350 16043 17889 1630 18731 6084 17406 20027 17941 15986 12600 10588 6602 18045 16800 13513 12083 22422 12974 12054 7926 16440 10795 19719 12719 21572 18525 22384 11841 6092 3368 18297 13513 17086 4516 6151 16018 1509 11511 7220 17955 3282 16771 15670 16162 13112 7158 16729 14930 15746 13369 21042 12332 2833 12913 13101 12306 1223 19855 21027 14698 18890 6431 9629 15893 21985 14244 15564 7614 10022 13398 14845 13558 22252 20145 14895 13063
13705 9591 4549 3557 3528 8858 12813 5846 7621 6901 4942 7945 8701 2699 10813 8247 9809 5408 8822 12603 2128 9481 4783 7497 9117 6111 8244 9268 8866 9717 10347 8597 9900 8114 8651 5298 10463 6351 10562 3069 11457 4916 12833 3480 8990 2627 11804 7370 2635 10154 10058 8591 8163 6667 10810 9057 6192 7954 5075 5321 7035 10086 12266 4919 9647 6722 4113 14474 1605 12206 5227 11291 9002 1954 4227 2840 2689 8819 7826 1317 10039 7423 7693 7587 5235 2730 10173 9433 7393 13723 6190 8027 7005 6077 8288 8767 10151 9033 5361 8183 5266 8661 8393 1278 10097 9125 10508 6524 3390 7601 4329 7094 8988 11460 9573 10777 9600 1525 3155 3923 9435 7257 9786 7696 7100 6695 6315 9278 6530 7903 9425 8741 3926 5735 8282 5365 5238 2775 9201 98 4454 9925 7163 6771 8814 2796 4028 2906 9226 5342 6027 11326 7969 8056 10620 8696 11502 7913 1877 8595 7324 4267 11054 4862 6198 7543 9968 10834 10550 10249 7943 8323 6874 2490 8578 9152 3261 8120 7862 986 6465 12335 8162 9796 11670 8114 4368 10351 8698 11320 10574 6168 5879 13651 9702 12177 12885 6135 7809 8107 9547 5397 7885 1345 11261 8737 11116 1057 8941 9831 8381 8227 6876 5200 9658 5371 12178 5148 9688 6121 10927 13843 9054 11837 12554 7203 8295 4074 5002 9876 9071 3630 4254 8328 9822 0 11970 8709 7130 7641 5990 14510 11991 4446 10989 11356 3799 2560 4106 10070 5851 9744 9029 10466 9315 3435 5653 5596 7208 7242 3365 9124 7570 4139 5806 10557 7732 4120 8773 8007 8523 5412 10820 5750 8061 6572 10984 10974 4468 11353 10815 7269 5817 12280 8827 10615 10571 3670 3926 4589 7389 6184 8718 10599 7093 12042 7211 10899 5461 7380 6329 7012 10677 8262 7331 5786 6830 8602 8290 9182 1903 9899 7924 5867 2980 7630 3536 8168 9861 2779 12281 10071 6723 9218 13537 9166 9776 8890 9072 5636 9940 10754 11716 6824 4968 7942 5384 8591 6979 7911 3393 12665 6336 2301 2703 10679 3662 10437 3291 11850 9404 12562 8683 4364 8810 10293 10724 8298 8946 6528 11761 8937 5605 3412 8393 7024 8515 8181 11992 3936 2963 8851 8269 9757 8021 11538 3331 7321 4643 7381 8609 8912 10166 11290 5014 9290 8638 254 11101 12208 5883 7533 7510 9379 5534 9382 10882 12482 10390 9426 7216
1745 18647 8471 15458 13501 20771 14832 6124 11809 12214 16622 10051 8612 12780 22604 18872 21444 13163 12821 1209 10921 19099 10468 9547 10125 6236 14789 21184 6004 21621 4722 12425 21831 8493 15725 15025 5542 8179 22278 8910 17482 12231 15932 13865 20591 10061 17349 14419 12258 13468 8089 10439 12814 5450 22638 11755 16000 4509 14176 17264 4938 3105 16277 16639 21461 16633 10070 17731 11657 1473 12418 2728 11613 10035 15804 12268 14518 19381 4979 13176 16554 14251 14615 16733 15729 11702 17271 17518 15903 17370 6634 4369 12737 9150 19723 8504 21316 4445 16982 19296 17222 9795 14550 12669 21559 13257 5311 6214 8612 15939 15683 11717 20428 4836 3703 3896 21561 12763 13401 15744 5167 10086 5600 17626 8189 8771 7046 19353 5524 15396 15197 9823 15446 8372 20236 13813 12774 9751 10185 11906 11998 12271 14967 18382 12356 10930 11919 14814 8320 10275 17159 3429 19211 13172 11840 12963 17812 17155 13691 8197 14984 15433 10310 16622 16570 15809 6965 17304 1448 3911 19043 15895 16675 12257 16471 5256 13613 18183 17929 12401 18020 1872 4291 4824 17311 16150 8438 3511 3372 1381 22230 16579 8282 17121 13571 927 17721 11642 11733 4021 10219 9955 11831 13182 1098 16884 16228 11171 10196 8412 13733 15541 8626 11304 16454 7232 24101 6832 17676 6922 15151 2032 12622 16004 14409 5498 4503 13133 13645 12100 20071 14755 11451 15194 21772 11970 0 17250 17465 10394 6393 2563 15821 9027 16661 15517 8182 9719 11799 16577 8107 5105 3937 1693 15072 8541 8192 10191 9800 6397 11443 18857 12592 12990 11982 13465 15526 12984 8086 6073 3877 17258 16812 15827 12653 8352 11376 11369 10621 14930 3253 15776 16515 13792 20397 1880 2265 11275 14399 14007 13717 5975 18126 2548 18038 105 18770 13501 12989 4762 11604 18010 3406 14375 16939 17478 7270 20507 5813 14740 10069 9531 7072 12215 10042 17749 10149 4485 15440 13259 14204 4134 9954 18292 1606 10827 9905 20851 4618 16715 11312 6252 13972 6763 11466 16708 16689 4655 5078 13891 10149 1100 12539 9719 14030 12812 12487 6226 9185 1299 5454 1102 15490 15937 20605 10204 17739 8301 20114 17343 16693 20901 12562 14803 4391 18807 9597 9814 16901 9536 14828 8937 12516 13744 14207 3105 9767 19159 10656 13686 14947 20882 2422 3134 7522 4882 19662 12177 15769 2570 9023 10199 17416 17789 10024 14361 17918 2736 1806 13005 13521
18883 1450 12682 8855 11622 8701 8109 12138 16327 15578 6235 16570 9501 11060 8990 3712 7555 4197 17503 17320 7729 2248 6863 16068 17721 11294 16574 11091 16568 9101 13422 5901 11335 9292 16761 3434 12960 14623 8413 10100 19553 13540 7176 5245 6943 8339 4479 2933 6345 6233 10838 7830 5188 13369 9224 6920 13426 12777 13110 8934 13176 14341 20765 6380 12028 13697 12732 7981 10304 18108 13831 15306 7015 9822 10117 11400 7165 14430 12274 8869 18143 3147 2838 14897 12209 6634 2185 849 15129 7197 13746 12929 4686 14581 12507 9630 6106 16118 6022 13138 7866 8457 16801 9537 7039 5458 17977 13923 10150 15377 5536 15799 6320 14200 13699 14241 10680 7195 11238 9305 16858 15897 12465 14353 15407 8560 10221 2978 13133 1988 17808 8482 6001 14020 10042 3721 13774 11093 8477 8802 5498 7171 15264 6133 17517 7249 12680 8744 10066 14010 11817 18099 5227 16677 8234 5414 3639 15074 7437 9788 15449 10889 9955 9816 3291 1451 17942 18855 16143 13889 13007 1604 2280 6455 1024 12369 11227 2492 14336 9422 5868 18383 14871 17104 19858 15930 9238 17161 14817 17230 8132 12858 14148 7298 5669 17844 21178 14835 6107 13399 8710 14028 6049 8925 17011 588 4582 9651 8283 10416 16945 2001 8735 5972 2370 10298 10982 11493 1101 10391 5422 18557 17751 5769 8147 11788 15227 12417 4019 7287 5005 10669 12953 2526 11022 8709 17250 0 13556 16304 13236 19375 20533 12808 19236 5601 10548 10737 12774 2788 9153 17154 15846 15559 3618 10630 9085 7059 7731 10865 12065 15575 5081 12541 14480 6661 1763 4929 9979 11296 15086 6968 18995 12914 16733 8937 9000 8996 6785 19960 14661 15034 12318 8347 12472 15423 16821 12377 11496 4161 3747 13087 15550 16995 4232 17350 6044 7001 13962 12735 5702 12604 17455 16696 14372 10418 9997 10786 11597 3868 9657 9570 10424 14519 8085 14123 12142 12770 18243 10882 7986 13638 15354 16189 18488 17832 9160 9394 12818 11693 8071 12703 7507 14620 5849 769 5155 15696 12591 3819 11988 18254 4738 10147 10049 19388 5511 12476 11423 17726 16930 17332 16877 10179 7795 9341 2564 9546 13531 12587 5018 9513 14200 10195 15286 10660 8543 16774 5149 8113 7214 17297 5576 5545 3518 18174 11802 10540 6706 3779 16947 9818 16404 15074 10110 12710 4866 8496 5022 16175 14354 7481 14244 16749 14175 4502 2649 16354 16274 18111 3899
19069 13782 9000 4779 4088 7896 19544 11827 7429 6500 7382 9114 15824 4950 9987 11113 9921 11765 7650 18372 9248 13171 11861 9176 10028 12628 5159 6112 12449 8532 17029 15421 6706 15234 4644 10474 17285 9604 10140 9533 6834 5409 19323 9083 9505 9724 17627 13450 9292 16886 17152 15675 14873 12095 9790 16015 1528 14291 3341 4826 12809 16373 8952 7241 5667 970 7399 20763 6362 17212 5323 17547 15977 8359 3506 5334 6706 1916 14339 5959 5661 13585 13745 1935 1919 9621 15560 14402 2837 19971 10839 14315 13648 8708 3232 15887 11410 13448 7682 2290 5904 15780 5577 5875 10655 15810 14073 11260 9890 3047 8036 7101 9982 18148 15977 17296 6944 7811 4306 4291 13308 8596 16616 819 9947 13819 13210 12522 12081 13626 6162 15859 7599 9237 5988 11397 4953 7995 16307 7117 11207 16852 3778 8258 8037 9879 5557 5086 16337 7449 1777 15638 9845 6578 17633 15412 17035 1839 6879 15702 3926 2968 18175 3758 10280 12925 12749 6092 16031 16759 2094 13891 11283 9151 13892 15903 4118 11768 793 6192 8294 17201 13190 13748 7284 3449 11332 14801 14118 16447 10381 972 9355 19958 16368 17372 8684 6543 14720 14184 16656 7757 14782 5910 16521 13848 17211 7231 16044 16943 6372 13956 13997 12138 15310 12132 10173 11299 14657 12951 17336 19486 8054 18144 19336 13761 13062 4333 11069 16824 11012 3520 6051 14249 6903 7130 17465 13556 0 8621 11094 19997 8942 8439 6885 17726 10149 8181 5684 15776 12906 13566 13745 16280 15481 9618 12708 12691 14322 14091 6038 2085 14290 4477 6034 17326 13339 10444 15874 14853 13604 6826 6515 1641 7061 13674 18051 18041 11534 8820 17190 2859 1351 19140 4037 16568 15532 6191 3318 10352 13753 11573 2010 15421 9929 17511 8631 17691 4817 13560 13217 1394 15099 5611 1239 3367 13817 5591 15103 15444 8437 17028 14929 5833 10101 569 7335 14568 6483 4584 19073 16625 8370 2665 19067 9567 16898 7302 15672 1866 16981 17670 18495 10879 11869 12855 8468 13087 13101 14281 7353 17856 12991 8508 4445 9653 10209 17355 8489 16927 13131 18305 4938 3420 8628 17410 16043 15410 3012 1008 17825 7245 5341 3843 13177 3995 15639 9473 18032 11054 6541 10619 15053 16388 14293 15962 7775 4426 11700 13755 5418 6927 15208 17642 11790 15970 10689 7112 17350 18394 8737 14624 778 3431 7743 15799 16159 18684 15683 8122 13629
11686 17231 4145 9374 5962 14920 18847 6904 1456 2171 12002 493 12996 5926 17101 15726 16464 12605 2473 11526 8760 17108 10834 849 1576 8325 4543 14094 4476 15743 12000 14808 14758 12450 5505 12925 12606 2674 17027 6824 7096 3595 19267 11113 15755 8423 18931 14583 9997 16392 13761 13886 14639 6236 17001 14861 7121 9092 5504 10939 7148 10619 6259 11927 13946 7654 3574 21076 6112 9662 3510 11546 14756 6612 8857 5376 9885 10383 9482 7888 6181 14576 14900 7223 7518 9817 17585 16989 6225 20405 4643 9019 13715 2020 11654 12987 17270 5950 12443 10862 11537 13610 4241 7119 16956 15543 5828 4925 6981 6166 11742 1564 15943 12965 10518 11845 14775 9165 6176 9319 5380 468 12073 8436 2289 11411 9671 16855 6399 15278 4806 13686 11272 2969 13528 12766 3836 5304 14221 7545 11380 15729 5164 13715 2067 9393 4111 8958 13247 2299 9183 7695 15163 2814 16044 15103 18804 7616 9258 12670 5107 8040 15636 9795 13806 15058 4268 6913 9148 11376 10636 15742 14514 9875 16073 11260 6332 15724 8780 7115 13506 9527 6411 5801 6955 6200 8706 7077 7557 9107 17145 8020 2931 20271 16097 9986 7537 2143 13907 8554 14497 2283 14009 7846 9310 16280 18076 6657 14030 13766 3362 15581 11476 11649 16977 8583 17917 6921 17238 9294 17586 12371 2363 18555 18499 9164 6027 5105 12417 15619 16352 7600 3643 15575 14852 7641 10394 16304 8621 0 5317 12665 5833 3742 6285 18032 6805 5696 3967 17344 10119 5553 6474 9789 16325 6406 9983 11357 12464 10153 4444 9336 14094 4909 2681 16687 15163 11488 12750 10716 6768 12114 6420 7217 2269 11014 16093 16083 10659 4959 11462 6126 8244 18058 12455 10231 8159 4101 6752 12146 14376 5912 8520 7932 14507 10403 14178 16951 3889 8290 12697 9682 7309 4076 7673 10290 10447 13446 10807 16116 6787 14410 11372 2842 8814 8674 4166 9418 5047 6353 18224 11361 990 8489 11861 1528 14509 14620 10697 8794 15311 13254 17728 3958 11542 15543 12732 5760 7885 14845 4320 10415 13111 6349 7483 3381 10937 12992 5132 9476 5127 11433 5228 8937 15252 15038 18143 12488 11625 8969 18712 14614 3359 7958 6126 11571 13392 852 18951 9359 10036 2011 14597 16204 15036 8066 4557 12026 10829 14359 4636 14419 7973 11802 8420 11126 15928 7875 17922 12158 2281 12942 8252 7764 2132 16144 18312 12439 8638 2797 14172
8050 14445 2098 9280 7108 14823 14029 1650 6431 6496 10906 5214 7845 6399 16802 13841 15786 9091 7706 7279 5677 14621 6682 4567 5951 3103 9019 14952 3351 15685 6761 10269 15611 7339 9881 10266 7319 2644 16550 3253 12085 6002 14646 8699 14958 4938 14881 10886 7156 11775 8484 8983 10278 1048 16796 10108 9651 3816 7844 11100 1920 5583 11564 10893 15161 10286 3737 16507 5361 6343 6234 6662 9986 4063 9490 5877 8672 13008 4171 7048 10934 10807 11171 10488 9337 6719 13991 13752 9736 15910 715 3762 9606 3439 13347 7820 15999 3069 11312 12903 11210 8604 8873 6446 16037 11080 4765 700 3119 9807 10158 6149 14915 7784 5359 6721 15396 7128 7013 9511 3646 4873 6766 11295 3188 6508 4552 14639 1131 11755 9709 8674 9819 2457 14064 9515 6565 3443 9204 5909 7770 10929 8889 12730 7360 6021 5580 8655 8030 4238 10773 5339 13820 7676 11078 10663 14979 10907 7846 7487 8939 9064 10452 10346 11595 11823 4814 11747 4949 6216 12651 12262 11993 7095 12726 5953 7226 13436 11586 6212 12406 6424 2222 3938 12038 10093 4215 4362 3028 5496 16556 10195 2444 15736 11587 6402 12780 5755 9373 3386 9444 3943 9482 7043 5510 13043 13893 5042 9045 8519 8230 12004 6524 7609 13264 3618 18126 1938 13969 4176 13178 8400 7661 14150 13650 3852 2306 6764 9231 10797 14844 8394 5148 11846 15582 5990 6393 13236 11094 5317 0 8947 11145 2689 11331 13617 2697 3498 5471 13547 5230 3949 3041 5207 12280 2737 5142 6938 7660 4896 5059 12573 9811 6630 5966 11997 11747 8361 7543 5414 2617 11402 11381 9453 7271 6061 11025 11015 6634 10275 6438 9603 10123 13153 14036 5534 4662 4909 8008 9287 10450 605 11878 4649 12805 6445 13159 12210 6803 3004 8453 11618 4687 8694 10633 11167 5310 14270 5494 12012 4157 9248 6136 6192 5154 11399 3762 4142 10041 6885 13384 6165 4496 12106 7999 6453 9397 14803 5421 10328 10358 7949 12937 1647 7613 12545 11217 2624 2579 10829 3757 6895 9120 3700 7715 8569 7781 7681 2864 6011 3698 7211 9703 9619 14801 9909 14535 7339 13722 10950 14494 14840 6444 8475 2405 12512 8377 5171 14732 5225 8952 4996 10144 11722 11084 5548 3378 12887 6764 10425 9253 14777 4281 6840 3582 5838 14414 6229 13625 7429 3217 8156 11083 11724 4059 11890 14716 7721 4646 8101 10234
980 20797 11015 18012 16053 23284 16110 8665 14107 14582 19107 12286 10299 15340 25086 21211 23901 15383 15034 2061 13385 21311 12718 11831 12214 8660 17140 23739 8196 24130 6183 14220 24385 10299 18088 17348 6879 10607 24746 11445 19698 14722 17324 16278 23046 12526 19061 16488 14682 15084 9472 12159 14692 8013 25129 13445 18522 6849 16694 19814 7489 5037 18311 19130 24023 19153 12598 19046 14221 3015 14897 4125 13305 12583 18367 14824 17033 21913 7234 15728 18846 16303 16657 19214 18277 14117 19209 19578 18361 18773 9158 6727 14763 11574 22285 10179 23702 6762 19459 21849 19752 11491 16877 15228 23988 15020 7156 8737 11139 18385 18142 14059 22859 5829 5679 5302 24107 15259 15958 18303 7304 12394 7158 20139 10539 10818 9296 21617 8088 17467 17466 11505 17923 10846 22785 16064 15257 12314 11790 14448 14278 13843 17402 20849 14551 13349 14444 17366 9898 12738 19718 5141 21624 15472 13260 14772 19618 19636 16209 9914 17409 17995 11542 19183 18918 17953 8889 19569 4011 5549 21597 17952 18960 14690 18544 7058 16171 20466 20445 14958 20481 3214 6808 6904 19493 18572 10843 5596 5932 3602 24687 19119 10748 18506 15267 2690 19798 14057 13614 6473 11759 12418 13705 15735 3483 18973 17932 13727 11849 9852 16026 17583 10649 13504 18387 9630 26613 9364 19718 9225 16783 834 14802 17572 15690 7809 6966 15667 15923 13671 22444 17317 13966 17198 24322 14510 2563 19375 19997 12665 8947 0 17853 11560 18868 17115 10715 12281 14321 18465 10328 7172 6335 4079 16936 11089 10437 12352 11742 8542 13987 21348 14540 15521 14422 15015 17626 15315 9767 8080 6393 19764 19046 18361 14934 10440 12693 12687 12901 16974 4776 18235 19065 15062 22960 4052 4552 13810 16954 16338 15743 8538 20605 4744 20426 2504 21227 14995 15465 7219 13679 20563 5390 16706 19442 20041 9396 23064 7783 16598 12613 10977 8991 14655 12478 20270 12696 6760 17681 15820 15515 5801 12313 20747 973 12928 11388 23381 6559 19273 12826 7456 15364 9214 13692 18877 19132 7040 7570 15861 12700 2251 14638 12272 16593 14804 14842 7533 11748 3191 7574 2061 17838 18500 23093 11593 19647 10075 22668 19892 18343 23433 15023 17366 6852 21368 11318 12019 18537 11907 17345 11048 14363 15444 16182 4760 12324 21719 12918 15711 17275 23420 4822 4428 9940 6699 22043 14714 17431 3380 11466 12090 19929 20207 12477 16161 19823 3308 4315 15161 15557
16883 21192 9751 12183 8943 16744 24266 12709 4838 5218 15126 6006 18699 9475 18885 19069 18676 17371 3495 17005 13659 20838 16072 6627 5699 14105 4095 15044 9832 17431 17824 20109 15618 18135 4318 17106 18438 8505 18993 12195 2878 7077 24535 15324 18150 13550 23783 19349 14608 21708 19544 19430 19833 12068 18702 20295 8017 14924 7561 13159 12980 16397 458 15011 14520 8159 8641 26277 10403 14856 6764 17267 20203 11645 11159 9176 13461 9926 15314 11664 3392 19390 19672 7007 9087 14592 22143 21309 6192 25560 10476 14850 18785 7756 12092 18701 19956 11446 15530 11056 14085 19220 3789 11012 19346 20775 10700 10755 12423 5951 15285 5263 18529 18773 16328 17640 15883 13426 9317 11894 10654 6272 17906 8289 8081 17001 15394 20383 12232 19891 2880 19298 14786 8744 14907 17355 6774 10423 19830 11910 16290 21179 5570 16510 3789 14358 7971 12047 18990 7425 10394 12714 18103 3968 21599 20333 23491 7160 13099 18396 5378 10236 21344 11913 17580 19481 8965 3368 14709 17183 10921 20300 18458 14467 20520 17092 9351 19393 8576 11158 16425 14639 12131 11011 2393 5497 14215 12335 13277 14464 19207 8961 8727 25457 21346 15268 1996 6067 19229 14375 20125 7602 19325 11608 14723 20636 23049 11245 19621 19527 3610 20216 17090 16781 21647 14269 19106 12663 21568 15022 22732 17695 3487 23678 23943 14984 11700 8118 16991 21085 19324 10176 7835 20316 15832 11991 15821 20533 8942 5833 11145 17853 0 9227 2293 23172 12340 10822 7908 22061 15733 10732 12033 15446 21253 11867 15580 16705 17980 15936 8692 8277 19257 7993 6258 22047 19708 16108 18489 16524 12456 14899 2705 8434 4114 16638 21717 21707 15843 896 17229 6216 9451 23548 12862 15912 13557 8442 9248 16534 19303 11743 7559 13279 17814 15813 16945 22342 6575 14123 17892 10332 12497 3868 7703 11957 16168 14533 16627 21093 11816 20109 17138 6156 13976 8625 9152 15250 2494 9661 23666 17176 6674 7090 17157 5008 20176 16204 16529 10195 20866 19088 23142 9768 16620 19766 16089 11350 13718 19809 9299 15639 18138 11481 10587 3057 15626 18824 10452 14747 10368 16904 4058 11169 17378 20711 22690 18194 11567 9792 23694 16154 6386 10654 11788 12877 19011 6149 23929 14681 13487 6890 19850 21433 19951 13096 9694 13326 16022 19291 3741 15851 13451 17546 14067 16959 18942 12165 22982 17813 8004 18436 8218 6024 7444 21221 22843 18085 14161 3045 19116
10637 13840 623 7181 4543 12862 15140 3804 4390 4167 9290 3887 9486 3946 14945 12689 14073 8951 5736 9953 5123 13829 7092 3315 4974 5042 6542 12672 4584 13721 9220 11072 13342 8916 7347 9521 9681 1905 14762 3083 9738 3331 15531 7758 13285 4707 15220 10911 6464 12660 10412 10225 10897 3726 14902 11153 6977 6288 5161 8969 4535 8208 9606 9247 12787 7612 1050 17336 3264 8822 3580 9321 11052 2989 7156 3372 7039 10355 6518 5147 8496 10891 11224 7801 6735 6208 13954 13448 7066 16664 2406 6268 9982 1803 10839 9493 14560 5161 9723 10325 9264 9995 6456 4422 14433 11802 6276 2826 3252 7147 8769 3978 13346 10291 7922 9286 13194 5889 4509 7318 5287 3283 9072 8614 2661 7778 6211 13685 3758 11648 7377 10073 8351 1290 11870 9176 3897 1729 10606 4350 7693 12028 6256 11104 5511 5715 2898 6610 9805 1829 8242 7455 12385 5433 12393 11362 15129 8220 6280 9197 6320 6610 12128 8065 10594 11500 5546 9326 7595 8764 10074 12126 11189 6357 12494 8273 4721 12510 8910 4277 10828 8844 4754 5696 9758 7459 5013 6539 5690 8027 14815 7561 1436 16530 12357 8950 10655 3340 10172 5989 10899 1625 10274 5124 8087 12733 14348 3389 10401 10360 5950 11941 7863 7914 13317 5064 16094 3555 13690 5847 13844 11049 5805 14814 14799 6060 4660 4107 8839 11923 13507 5972 2459 11904 13349 4446 9027 12808 8439 3742 2689 11560 9227 0 9038 14290 3120 2071 2784 13669 6506 5585 5370 7895 12606 2680 6354 7623 8785 6841 2445 9884 10353 3963 3430 12963 11558 7910 9301 7500 5168 9623 9033 6801 5142 7411 12492 12482 6920 8417 9057 6931 7528 14375 11560 8222 7131 2251 5462 8659 10665 3225 9189 7050 11538 9072 11557 13234 4142 5486 8956 9040 6856 6281 7946 8814 6977 11991 7657 12391 3157 10892 7992 3641 5087 8727 1206 6603 7750 4452 14523 8683 2753 9427 10628 5211 10950 12739 7845 7799 11659 10238 14018 2637 7815 12062 9819 4759 5026 11125 1267 9438 9387 2681 5426 7105 7340 9947 1415 8520 5194 9883 7202 7275 12978 11486 14511 8984 11144 8354 14981 12761 3822 6135 4773 10170 9785 4032 15221 5618 7267 4492 10857 12463 11325 7737 1125 10574 7089 10647 6814 12652 6790 9477 4846 8226 13074 4699 14185 10108 1560 9253 8403 9078 1783 12407 14684 10400 7245 6243 10459
17888 19773 9628 10596 7645 14769 23635 12765 4942 4878 13532 6610 18455 8329 16872 17461 16759 16391 3841 17805 12858 19337 15414 7134 6708 14073 2748 12929 10684 15417 18092 19426 13481 17871 2496 15852 18629 8791 17017 11755 838 6254 23775 14128 16285 12891 22755 18332 13622 21016 19443 18976 19073 12333 16675 19722 6166 15145 6126 11363 13239 16824 2156 13408 12355 6195 8248 25452 9476 15853 5926 17796 19642 11009 9470 8157 12077 7706 15460 10441 1225 18399 18653 4970 7327 13691 20977 20040 4309 24708 10729 15093 17959 7902 9949 18473 18140 12218 13914 8898 12349 18843 2663 9875 17463 20030 11816 11068 12031 4053 13828 5182 16707 19107 16668 18019 13784 12318 8036 10249 11566 6638 18049 6175 8556 16634 15231 18817 12458 18783 1667 18923 13334 8874 12872 16283 5813 9909 19444 10919 15417 20609 3973 14782 4317 13571 7131 10556 18810 7220 8459 13791 16387 3655 21131 19593 22375 5057 11830 18191 3787 8571 21078 10136 16152 18288 10104 1085 15432 17529 8782 19160 17078 13475 19321 17239 8024 17892 6437 10074 14735 15683 12679 11964 721 3532 13825 13275 13820 15352 17249 7043 8896 24629 20608 16212 1945 5699 18575 14690 19759 7470 18664 10383 15571 19394 22101 10397 19217 19376 3106 19115 16748 16034 20544 14073 16984 12589 20301 14874 21901 18618 4068 22821 23339 15053 12309 6935 15921 20530 17597 8632 7150 19269 13712 10989 16661 19236 6885 6285 11331 18868 2293 9038 0 22333 12031 10288 7110 20977 15416 11699 12754 16066 20300 11514 15247 16116 17517 15879 7912 6027 18484 6853 5688 21387 18570 15081 18306 16530 13045 13207 413 6632 4085 16316 21329 21318 15153 2632 17675 4367 7568 22992 10699 16500 14412 7733 7755 15385 18378 11935 5345 14168 16216 16667 15200 21705 5567 14331 17166 8278 13480 2822 5664 10064 15989 12450 16674 20171 11168 19843 17024 5516 13324 6512 8665 15470 1293 8408 23062 17489 6891 4838 18098 5995 19860 14187 16745 8316 20407 19226 22517 10178 15841 18478 14546 12043 13894 18899 8795 16621 17295 10913 9187 4576 14649 18944 10064 15695 11294 17710 2359 9460 15460 20400 21511 17962 9364 7798 22745 14130 5561 9115 12409 10872 18646 6856 22974 14122 12058 7837 19133 20678 19008 14171 9242 11309 15335 18370 2390 13810 14244 18035 13826 17154 17233 11128 22090 18432 8115 17945 6130 3773 7331 20362 21655 18715 14918 3732 18204
16884 6680 13933 12977 14828 14170 2545 12097 18492 17962 11000 18159 6906 14047 14590 9298 13151 6023 19805 15199 9517 7684 7198 17553 19179 10798 19585 16396 16847 14638 10948 3358 16714 7070 20005 7419 10238 15758 14013 11210 22812 16149 1652 8643 12513 9658 2140 4293 8743 2050 7663 5102 3395 13313 14820 3785 17212 11587 16391 13620 12767 12412 23486 11138 17279 17624 14624 3119 12861 16708 16473 13040 3926 11550 14231 14177 11022 18951 10984 12095 21394 4144 4016 18687 16067 8642 3714 5027 18659 2388 14285 11751 4388 16059 17361 7013 11682 15893 10931 17814 12658 5727 19710 12534 12639 2537 17880 14299 11076 18883 9982 18002 11907 11351 11826 11831 16083 10143 14439 13482 16839 17573 9989 18455 16502 7265 9346 8518 13059 4360 20743 5696 10318 15243 15294 6329 16538 12820 5344 11421 6916 3272 18512 11424 19680 8815 15252 12641 7233 15916 16131 17374 10759 19204 3972 2960 3057 18951 10902 7322 18676 14804 5871 14215 8277 5266 18379 22186 14785 11664 17643 4324 7381 8892 4681 10261 14504 8072 18518 12301 11099 17059 14534 16951 23020 19414 9473 16574 14054 15945 13733 16880 15335 2296 2049 16306 24210 17125 4245 12361 5357 15821 4136 12152 15640 5027 1179 11959 5321 7270 19598 4079 7319 6409 3240 10034 16581 11679 4937 9672 446 16285 19957 533 2664 10738 15006 15429 6661 3444 10606 14386 15342 3635 16423 11356 15517 5601 17726 18032 13617 17115 23172 14290 22333 0 11314 12417 15298 2876 8449 17088 15440 13952 2299 11650 8506 6730 6080 9531 14500 19810 3941 15493 16915 2112 4711 7364 7432 9583 14602 11867 22173 16716 19098 7740 4683 4685 7382 22456 12406 18542 16391 3032 17473 13649 15840 14735 15016 7378 4006 13241 19609 16104 9636 15622 11429 2212 16775 11906 5335 17040 16807 19571 18291 14990 8750 16006 9789 2285 11377 6155 8543 17025 9246 18288 14072 11437 21175 14056 2572 11423 17043 20194 16379 19488 5734 14813 10922 15899 4297 9707 2254 15238 6554 5874 10043 15548 11971 3475 13919 16611 5043 11751 13563 21380 7724 9596 12910 16353 16999 15245 20038 14329 13314 5595 3759 7238 18338 16852 1284 14929 16851 13971 15026 15539 5933 18263 1442 8682 11206 18444 3478 1902 3434 17330 13571 15514 7208 4009 19946 15203 15472 12702 10037 10635 10460 11235 603 13736 15801 5596 18306 20543 15983 1974 3855 13828 15103 20373 4158
9923 11748 2660 7332 6074 12597 12042 2062 7506 7214 8503 6882 6425 5199 14473 11209 13372 6428 8853 8806 3012 11929 4171 6260 7869 2481 9419 13058 6020 13450 6880 8033 13694 5842 10130 7579 7160 4445 14176 730 12688 5939 12486 6059 12528 2244 12407 8276 4486 9605 7461 7105 7924 3047 14494 8056 8882 4234 7256 9116 3264 6367 12713 8509 13402 9500 3783 14313 3820 8500 6249 7570 7951 1918 7832 4857 6348 12002 4206 5049 11379 8214 8571 10017 8253 4030 11378 11081 9480 13666 3205 4288 7117 4794 11874 6442 13448 5695 8885 11616 9039 6881 9394 4640 13561 8795 7461 3377 452 9616 7651 7080 12430 8000 5901 7180 13398 4646 5844 7660 6341 6338 6500 10531 5197 4662 3256 11963 2862 9114 10364 6959 7359 3934 12080 6827 6479 2268 7491 3740 5109 8925 8857 10301 8631 3324 5199 6681 6788 4917 9427 7873 11284 8494 9273 8361 12429 10412 5517 6164 8960 7634 9054 8574 8941 9144 7422 12216 6775 6643 11366 9618 9307 4436 10064 5763 6037 10760 10773 4342 9956 8661 4603 6619 12752 10020 1901 6895 4968 7601 14152 9186 4022 13517 9336 8430 13716 6364 7129 4318 7787 4741 7233 5061 7515 10369 11470 3109 7283 7364 8987 9376 4753 5065 10675 2096 15925 1351 11302 2930 10869 10045 8925 11844 11695 3615 4850 6079 6538 8816 12262 6946 4990 9251 13620 3799 8182 10548 10149 6805 2697 10715 12340 3120 12031 11314 0 1993 5157 10981 3401 6643 5545 6668 9789 551 3242 4590 5669 4036 4450 11920 7409 6015 6345 9889 9089 5664 6285 4774 4916 9096 11989 8561 8240 4307 9378 9368 4066 11535 7138 9343 8977 11262 12478 6824 6916 4491 6846 6594 7900 2646 11341 6987 10214 8257 10711 10148 6744 3602 6016 10366 7213 9225 9983 9471 3985 12388 4997 9543 1917 7817 5063 6526 2463 10558 3398 4481 10757 5590 11420 6495 5830 11703 9742 8209 7854 12669 5528 8998 8539 7600 10923 4110 5029 9852 8696 5256 3187 8315 3285 8914 6579 1672 6107 10185 5084 7291 1977 8133 6395 8764 10035 7969 12468 8392 11928 5931 12416 9775 12090 12720 6570 6886 4930 10759 6672 6962 12330 2670 6653 7144 7847 9453 8549 8031 2815 11080 4215 7878 9725 12705 6499 7606 1810 5821 11836 3999 11256 8470 4532 6141 10324 11556 4900 9489 12107 8750 6651 9363 7686
11427 11774 2029 5790 4096 11332 13446 3718 6077 5609 7501 5899 8247 3240 13334 10717 12361 6915 7400 10470 3072 11783 5256 5357 7019 4453 7608 11488 6313 12195 8856 9290 12143 7652 8260 7459 9152 3925 13101 1504 10901 4075 13730 5713 11546 2760 13240 8889 4392 10889 9375 8690 9044 4291 13320 9485 6893 6123 5266 7610 4818 8231 11164 7476 11743 7513 2207 15499 1950 9812 4397 9421 9396 923 6089 2868 5245 10050 6158 3550 9553 8881 9206 8026 6300 4148 11909 11380 7511 14803 3638 6157 8058 3854 10062 8278 12701 6499 7921 9734 7716 8560 7627 2964 12657 9974 7948 3986 1827 7655 6862 5595 11548 9973 7807 9117 11910 3895 3887 6041 6875 5256 8493 8545 4701 6363 5209 11666 4196 9601 8630 8641 6477 3310 10579 7114 4588 403 9159 2471 5684 10371 6933 9330 7262 3698 3273 5160 8658 3502 7554 8804 10518 6882 10849 9532 13110 8420 4437 8023 7047 5779 10833 6905 8575 9433 7462 10388 8275 8580 9482 10074 9138 4286 10431 7753 4087 10482 8791 2718 9026 9911 5710 7239 11005 8076 3567 7836 6370 8945 13122 7225 3446 14684 10541 9831 12050 4756 8407 6086 9477 3430 8503 3545 8923 10665 12404 1555 8930 9248 7330 9899 6488 6009 11287 4065 14631 3132 11622 4901 11973 11667 7540 12934 13127 5584 5796 4089 6774 10282 11602 5091 3145 9882 12103 2560 9719 10737 8181 5696 3498 12281 10822 2071 10288 12417 1993 0 3251 11650 5189 7184 6533 8331 10640 1448 5008 5885 7231 6021 2499 9929 8480 4030 4630 11225 9502 5844 8161 6764 6091 7943 10211 6581 6715 6072 11042 11032 5042 10070 9031 7374 7042 12748 10707 8552 8145 2591 4899 6589 8688 3778 9348 8144 9599 9783 9771 11520 4853 5420 7097 8467 8161 7466 7991 7760 5907 10808 6990 10440 1096 9605 7005 4781 3173 8579 1670 6393 9040 3662 12850 8444 4712 9713 11315 7204 9596 11305 7493 7116 10122 9592 12322 4268 5879 9991 7923 6059 4972 9163 1524 10324 7439 666 4319 8987 5278 9281 740 9469 6844 10417 8191 6222 11338 10135 12467 7770 10543 7852 13043 11342 4744 5097 5898 9088 8368 6072 13282 3865 5508 6563 9041 10635 9347 9031 1155 9444 5219 8671 7934 11281 7753 9491 3752 7801 11168 2811 12274 10297 3621 7665 8337 9589 3589 10498 12638 10583 8050 7960 8485
13388 13571 3377 5411 2091 11008 16529 6429 3591 2804 8060 4384 11497 1962 13175 11849 12503 9463 4728 12737 5784 13354 8305 4146 5542 7484 4389 10399 6895 11843 11820 12325 11072 10903 5010 9343 12206 4002 13082 4753 7684 857 16702 7530 11789 5781 15876 11444 6705 13919 12607 11892 11994 6500 13087 12613 4201 8938 2378 7021 7279 10931 8201 7979 10383 4834 1735 18412 2504 11529 1185 12066 12534 3906 4983 1442 6006 7597 9095 4031 6317 11483 11767 5041 4080 6688 14279 13518 4375 17683 5166 8936 10910 3202 8274 11527 13310 7780 8499 7667 7576 11792 4451 3287 12989 12947 8570 5586 5064 4489 7880 3061 11977 12916 10604 11960 11016 5587 2240 5379 7715 3705 11567 5831 4475 9606 8412 13033 6517 12006 5475 11873 7396 3576 9729 9466 1338 2907 12387 4021 8394 13500 3700 9753 4759 6492 154 4992 11904 1974 5682 10008 11217 3954 14037 12507 15602 5456 5457 11270 3805 4248 14081 5929 10042 11644 7453 7149 10373 11430 7419 12429 10827 6565 12680 10793 2415 11939 6130 3360 9551 11524 7514 8150 7819 4870 6817 9144 8473 10763 13191 4841 3703 17590 13523 11688 8936 2090 11468 8712 12709 2230 11558 3983 10841 12828 15145 3343 12152 12491 4307 12329 9735 8945 13758 7253 14084 6029 13774 8085 14860 13825 4982 15797 16230 8578 7378 1400 9103 13422 12415 3721 393 12414 11127 4106 11799 12774 5684 3967 5471 14321 7908 2784 7110 15298 5157 3251 0 14165 8440 7989 8063 10678 13347 4609 8259 9008 10435 9175 804 7104 11410 1227 1706 14283 11838 8209 11405 9894 7929 8147 7004 4057 3961 9322 14263 14252 8048 7250 11772 4238 4874 15883 9033 10997 9848 665 2978 8688 11400 5990 6422 9740 10614 11842 10215 14598 1602 8157 10073 6393 9449 4300 5162 6527 9132 9730 10093 13191 4062 12855 10218 1762 6214 5950 1824 9240 5901 2388 15953 11329 3267 6692 13397 5405 12839 10753 10440 5251 13317 12703 15409 5207 8765 12005 8835 7410 7693 11909 1902 12172 10255 3838 3518 6657 7720 12399 3212 11242 7564 12666 4949 5078 11301 13378 14830 11019 8480 5688 15790 10755 1558 4033 7492 7859 11604 4698 16024 7023 6128 5663 12040 13600 12046 10320 2379 8297 8229 11388 4729 10587 9525 12204 6961 10792 11994 4298 15089 12871 3168 10852 5620 6436 2272 13337 14988 13163 10009 5336 11214
18098 3805 13422 11000 13342 11471 5419 12208 17586 16937 8672 17544 8208 12658 11763 6498 10334 4745 18842 16455 8586 4809 6866 16984 18643 11108 18254 13810 16887 11887 12317 4280 14080 8166 18557 5304 11724 15342 11182 10696 21375 14985 4400 6877 9730 8973 1854 2761 7463 3979 9326 6367 3775 13462 12001 5183 15458 12289 14888 11365 13088 13523 22334 8815 14728 15801 13800 5243 11662 17612 15297 14340 5310 10732 12276 12896 9134 16821 11722 10544 19952 2781 2445 16944 14264 7549 896 2155 17051 4448 14147 12451 3993 15472 15040 8333 8819 16179 8530 15594 10338 7040 18433 11108 9794 3560 18128 14246 10653 17289 7786 17070 9105 12928 12896 13185 13433 8666 12948 11485 17033 16906 11336 16546 16118 7845 9805 5650 13212 2198 19461 7040 8191 14772 12737 4708 15301 12040 6875 10152 5976 5135 17048 8828 18787 7957 14094 10770 8686 15107 14092 17938 8009 18119 6121 3725 1460 17164 9201 8570 17225 12957 7992 12115 5786 2861 18358 20707 15640 12916 15444 1885 4810 7601 1997 11417 12976 5279 16567 10928 8534 17927 14854 17215 21635 17836 9343 17056 14587 16779 10893 15000 14884 4529 3524 17275 22900 16138 4856 13002 7022 15069 4763 10602 16514 2247 1798 10862 6747 8903 18452 1864 7971 5939 472 10194 13753 11659 2063 10060 2775 17632 19044 2992 5507 11341 15275 14050 5072 5284 7770 12634 14278 1769 13775 10070 16577 2788 15776 17344 13547 18465 22061 13669 20977 2876 10981 11650 14165 0 8772 17309 15812 14923 1536 11197 8763 6723 6778 10245 13398 17838 3998 14145 15851 4326 2447 5956 8731 10504 15000 9484 20774 14949 18095 8294 6899 6897 6924 21414 13689 16944 14481 5793 15070 14702 16516 13676 13373 5600 3098 13280 17730 16737 6965 16680 8778 4607 15516 12425 5179 14945 17324 18310 16477 12807 9384 13471 10768 1877 10557 7897 9517 15926 8620 16345 13218 12210 19897 12573 5380 12665 16362 18347 17643 18853 7463 12150 11982 13915 6157 11328 4961 15078 5953 3198 7639 15788 12382 2763 13061 17638 4427 11003 11900 20591 6460 11152 12254 17238 17149 16485 18633 12357 10577 7508 1194 8392 16048 14845 2244 12268 15676 12184 15316 13196 7188 17701 2395 8333 9258 18059 4104 3360 2479 17955 12788 13118 6786 3123 18624 12563 16117 14051 10095 11784 7648 9900 2279 15137 15226 6389 16417 18810 15226 2400 1363 15275 15866 19436 3314
9769 10541 6002 9209 8981 13610 8814 3657 10896 10615 9337 10144 3058 8072 15167 10920 13875 5064 12242 8268 3898 11000 2392 9504 11044 2369 12775 14667 8400 14407 4884 5091 15243 2464 13448 7056 4790 7599 14762 3688 16059 9258 9419 6222 13021 3226 9883 6379 4755 6557 4258 3786 5204 4864 15254 4878 11805 3624 10343 10788 4357 5317 16110 9394 15199 12388 7175 11284 6622 8966 9576 6405 4757 4663 10052 7874 7637 14651 3129 7143 14729 6233 6604 13070 10988 4182 9365 9463 12645 10702 5924 3778 4792 8099 14084 3090 13470 7483 9615 14029 10380 3495 12769 7050 13858 5925 9462 5892 3390 12804 8235 10478 12748 5924 4684 5533 14825 5817 8678 9647 8402 9651 4129 13401 8286 1297 1068 11289 4610 7345 13750 3572 8138 7171 13584 5736 9777 5541 4106 5845 3962 5704 12115 10916 12004 3513 8461 8589 3487 8316 11878 9166 11468 11895 5930 5528 10131 13442 6925 2848 12233 10111 5662 10595 8648 7708 9937 15565 6995 5074 13791 7852 8636 4813 8410 3670 8841 10140 13601 6729 10528 9253 6134 8536 16136 13244 1631 8291 5816 8099 14656 11934 7234 10521 6403 8691 17116 9763 4217 4273 4393 8131 4326 7179 7867 8809 8836 5695 3911 4086 12385 7519 1359 3197 8573 1612 16874 3314 9636 1288 8017 9532 12301 8980 8444 2637 6586 9178 5600 5577 12195 9459 8317 7226 15097 5851 8107 9153 12906 10119 5230 10328 15733 6506 15416 8449 3401 5189 8440 8772 0 8659 7073 6414 7362 3904 198 2108 2430 1816 7682 14824 4819 9149 9729 6768 7448 5051 3000 2457 6248 10132 15363 11418 11639 906 5988 5978 2596 14920 5797 12509 11627 7969 14569 6309 7763 7779 9608 6063 5746 4810 14326 7973 10219 8205 11241 6981 10041 3659 3611 12862 8554 12603 12940 11531 1075 14043 2778 7060 4547 4428 2093 9902 2915 13375 6756 3622 14148 8356 8175 4843 9164 14753 9407 11455 4453 13872 3888 11485 5198 4966 7715 6874 3368 8601 9121 7120 3615 6011 6631 9101 4489 4634 8538 13493 4639 4652 5353 8585 8555 8268 13373 10188 13235 4991 9872 2584 14783 12364 9406 13948 9913 9262 6614 12674 3281 10181 9640 2000 7958 10182 5014 6547 6307 9187 6176 12906 2596 5717 13091 14024 7358 6257 1705 3925 11809 5932 8509 7328 7838 2926 13203 14718 8289 6836 10055 7553 7156 12741 5538
6193 18383 5270 12757 9996 18421 17142 5101 7009 7589 14686 5146 10682 9501 20476 17765 19539 12983 7871 6303 9624 18570 10471 4746 5054 6294 10086 18240 1124 19282 8118 13737 18911 10294 11045 14215 8903 3988 20265 7195 12530 8157 17941 12634 18728 8886 18529 14714 11103 15139 10865 12162 13858 3847 20445 13404 12041 5816 10232 14552 4322 6376 11189 14659 18314 12645 6451 19813 8809 4157 8256 6937 13270 7897 12725 8911 12428 15444 6405 10649 11716 14617 14986 12483 12068 10668 17808 17644 11550 19284 3574 5670 13324 4858 16261 10620 19862 1225 15105 15643 14810 11663 9793 9961 19841 14577 824 3297 7069 11535 14014 7026 18730 8808 6564 7641 18776 10998 10024 12903 310 5335 8581 13558 3638 9825 7744 18585 4097 15612 10323 11721 13648 4451 17453 13439 8628 7008 12215 9655 11666 14148 10530 16514 7383 9966 8135 12172 10679 6118 13665 2148 17679 8366 14090 14185 18714 12897 11621 10270 10509 12128 13070 13642 15534 15730 1902 12420 4141 7311 15398 16123 15943 11040 16608 7860 10230 17383 13887 9781 16209 3988 2574 281 12322 11650 7993 1603 3361 3736 20296 12790 4313 19083 15039 4541 12653 7192 12874 5035 12388 5814 12983 10633 4012 16940 17492 8726 12113 11033 8909 15847 9783 11406 17056 7132 21671 5683 17855 7416 16662 6966 7631 17616 16739 6461 2083 9389 13164 13998 18733 11516 7599 15652 18926 9744 5105 17154 13566 5553 3949 7172 10732 5585 11699 17088 6643 7184 7989 17309 8659 0 1798 5032 15970 6672 8625 10602 11011 7695 7919 14633 13446 9211 7633 15293 15626 12303 10259 7903 2601 15106 11883 11986 7813 9351 13873 13864 10464 9845 7090 11434 12859 16184 17014 5537 2856 7649 10917 13236 14217 4070 13846 2557 16705 5090 16955 15451 8793 5278 12146 14376 1782 9627 12817 14368 8383 17560 7829 15682 8013 11980 8871 7858 9089 13741 6781 6074 10523 10007 16488 7400 5355 13901 6432 5765 12231 18318 7141 13230 13413 9652 16108 2964 11442 16473 15077 1540 5137 14557 6852 4930 12894 7528 11009 7711 11724 9476 6461 4020 439 6200 10776 12841 18491 12682 18342 10215 16451 13667 18065 18342 8296 11707 2071 15723 11433 4862 18299 9074 12687 3879 13673 15188 14831 2513 6650 16136 10578 14191 10189 18237 2829 7287 7214 7583 18301 9994 17167 7298 4839 11501 13356 13256 5823 15490 18525 7547 3564 7990 14001
5375 17128 4894 12300 9912 17863 15403 3711 7877 8279 13932 6152 8926 9284 19841 16752 18814 11650 8921 5053 8553 17390 9047 5625 6348 4710 10853 17939 2253 18725 6345 12104 18603 8560 11791 13074 7119 4272 19585 6191 13569 8410 16238 11603 17982 7753 16954 13288 10019 13465 9071 10456 12272 2514 19836 11719 12249 4037 10417 14119 2724 4637 12485 13923 18111 12875 6373 18108 8357 3467 8573 5309 11584 7093 12447 8728 11707 15656 4633 10083 12620 13174 13546 12888 12095 9537 16355 16285 12027 17598 2996 3887 11819 5240 16207 8861 18978 630 14334 15689 14249 9936 10612 9465 19050 12951 2496 2594 5994 12050 13154 7780 17924 7081 4785 5911 18406 10126 9869 12512 1658 6153 6785 13844 4252 8180 6104 17474 2732 14214 11269 9992 12831 4529 17075 12163 8936 6452 10477 8949 10351 12440 11068 15753 8467 8796 8194 11681 8902 6408 13611 2328 16807 9238 12342 12572 17193 13309 10879 8510 11076 11959 11282 13325 14477 14404 3597 13375 2685 5554 15438 14727 14798 9975 15237 6062 10081 16271 14157 9240 15424 3475 975 1586 13415 12241 6610 1350 1562 2734 19587 12898 4424 17390 13393 3657 13888 7726 11260 3249 10637 6088 11369 10076 2877 15592 15897 8082 10385 9245 9800 14430 8121 9977 15584 5626 21164 4385 16484 5799 15021 5948 8742 15966 14995 4736 738 9439 11913 12287 17803 11306 7694 14199 18585 9029 3937 15846 13745 6474 3041 6335 12033 5370 12754 15440 5545 6533 8063 15812 7073 1798 0 3434 14430 5705 7060 9090 9362 5969 7814 15028 11890 9281 8087 13599 14255 11096 8492 6132 840 14441 12893 12120 8724 7705 12104 12095 9079 11138 5391 11901 12890 14433 16922 3919 1795 7601 10831 12070 12741 2905 14277 1681 15757 3955 16178 13743 9139 3552 10633 14405 1669 10438 13136 14121 6698 17257 6046 14131 7179 10206 7117 8320 7891 13989 6558 4285 11520 9784 14749 5630 6017 14413 5464 7026 10466 17836 5343 13168 11676 7865 14382 2887 10045 15195 14209 717 3474 13050 6590 4130 11432 6734 10681 9091 10531 7683 5875 3189 1923 4960 11553 12572 17839 10910 16879 8469 16507 13714 16455 17871 8690 11426 636 15473 9707 5936 16685 7733 11990 5162 12065 13548 13335 2511 6279 15860 9176 12713 11010 17802 1523 5632 5762 5786 17375 9267 15547 5786 5132 9845 13636 13877 6144 13903 17062 6054 2164 9139 12527
3389 16954 7303 13992 12249 19210 13400 4643 11139 11424 15028 9507 7059 11482 21007 17198 19826 11471 12259 2143 9307 17407 8777 8942 9774 4589 14001 19721 5683 20054 3437 10806 20360 6894 14910 13346 4277 7349 20668 7397 16867 11190 14444 12217 18971 8447 15741 12734 10615 11904 6691 8855 11170 4186 21049 10174 14852 2823 13050 15783 3515 1641 15895 15050 20040 15487 8944 16268 10281 2761 11407 1905 10032 8560 14412 11001 12961 18191 3286 11707 15843 12569 12933 15688 14488 10054 15605 15833 14913 15872 5586 2686 11059 8303 18388 6958 19658 4048 15380 18017 15690 8225 13800 11242 19922 11644 5482 5182 7082 14971 14065 10977 18792 3878 2143 2755 20066 11181 12116 14302 4991 9429 4191 16499 7510 7098 5353 17665 4203 13711 14529 8259 13844 7431 18748 12122 11748 8407 8650 10408 10310 10731 14029 16771 11824 9284 10786 13343 6820 9325 15854 3991 17565 12480 10368 11337 16177 16108 12139 6637 14064 14098 8946 15199 14898 14118 6929 16624 1001 2580 17764 14210 14989 10620 14784 3721 12326 16498 16788 10961 16404 3125 3392 4763 16743 15228 6782 3631 2272 2079 20612 15367 7363 15631 11979 2362 17276 10775 10090 2394 8710 9012 10191 11716 1732 15196 14625 9724 8640 6978 13045 13859 6958 9611 14790 5572 22539 5321 15993 5233 13575 3378 12106 14448 12978 3809 3765 11959 11957 10563 18408 13413 10353 13518 20288 10466 1693 15559 16280 9789 5207 4079 15446 7895 16066 13952 6668 8331 10678 14923 6414 5032 3434 0 13426 7069 6499 8500 8148 4714 10243 17779 10931 11831 11060 11927 13837 11306 6542 4427 3022 15688 16179 14640 11995 6672 9956 9948 8932 14550 2136 14782 15263 12371 19037 507 2397 10110 13126 12330 12039 4707 17079 2740 16380 1791 17151 11985 11979 3140 9921 16736 3679 13622 15840 16076 5586 19049 4185 13096 8578 8074 5446 11291 8406 16599 8947 2792 14808 11944 12762 2756 9215 17293 3112 10445 8425 19317 3032 15412 9804 5029 12496 5924 9774 15015 15060 4098 3499 12223 8927 2717 10852 8263 12647 12522 10815 4939 7860 2418 5278 2097 14699 14546 19013 8764 16078 6716 18832 16088 15106 19371 11590 13427 3670 17388 8020 9318 15318 7867 13275 8592 10880 12150 12537 3786 8513 17724 8965 12008 14193 19366 2247 2265 5873 3354 18002 10664 14181 2371 8140 8560 16288 16867 9102 12733 16259 2650 1546 12515 11841
16578 4909 12313 10717 12722 11952 4614 10879 16666 16074 8701 16494 6672 11977 12499 7201 11050 3909 17953 14931 7626 5839 5622 15913 17563 9720 17557 14126 15599 12456 10783 2745 14460 6638 17929 5122 10188 14204 11934 9571 20745 14187 3949 6412 10371 7903 2620 2033 6680 2638 7799 4832 2258 12129 12715 3664 15020 10825 14284 11323 11707 12008 21548 8838 14999 15412 12828 5284 10868 16129 14507 12811 3787 9739 11979 12154 8775 16672 10250 9953 19323 1919 1737 16501 13857 6661 2358 3263 16519 4496 12905 10988 2677 14403 15062 6797 9704 14819 8636 15522 10358 5504 17706 10442 10596 2049 16784 12977 9491 16748 7685 16161 9791 11393 11383 11652 13837 8016 12330 11219 15700 15876 9802 16221 14971 6375 8374 6596 11876 2085 18739 5505 8028 13654 13018 4107 14543 11038 5350 9387 4979 3693 16426 9168 17864 6954 13289 10404 7151 14134 13864 16517 8594 17290 4722 2190 2774 16752 8704 7036 16596 12580 6547 11935 6006 3015 17093 20102 14160 11388 15353 2137 5143 6826 2610 9894 12382 5983 16274 10229 8834 16450 13482 15864 20976 17286 8066 15651 13164 15305 11672 14651 13758 4478 2107 15782 22200 15253 3340 11552 5508 14070 3243 10011 15034 3030 1802 10008 5216 7375 17654 1833 6490 4727 1566 8838 14486 10366 3270 8646 1981 16103 18131 2671 4595 9891 13917 13369 4454 3832 8557 12187 13425 1348 14175 9315 15072 3618 15481 16325 12280 16936 21253 12606 20300 2299 9789 10640 13347 1536 7362 15970 14430 13426 0 10051 7369 5370 5278 8769 12561 17562 2545 13446 15004 3050 2442 5230 7196 9001 13609 9570 20121 14519 17224 6833 5500 5497 5729 20570 12160 16405 14153 4745 15175 13194 15069 12818 12855 5132 1957 11978 17385 15299 7423 15175 9195 3384 14772 10997 3832 14765 15912 17574 16083 12700 7917 13724 9259 341 9563 6384 8004 15097 7520 16046 12257 10734 19174 11949 4412 11138 15336 17980 16120 17815 5952 12575 10468 13643 4685 9796 3908 13847 4795 3729 7750 14439 10977 1482 12101 16138 3224 9980 11389 19625 5653 9617 11199 15757 15829 14962 17979 12073 11125 6024 2729 6861 16041 14593 2446 12690 14886 11761 13952 13239 5652 16629 2678 7119 8946 16919 2573 1963 1303 16521 11792 13216 5575 1972 17923 12953 14675 12520 8767 10261 8369 9172 1870 13604 14151 4875 16077 18364 14229 927 2899 13741 14402 18536 2155
10274 11789 2282 6926 5538 12281 12460 2427 7043 6716 8248 6511 6944 4670 14196 11104 13129 6571 8388 9212 2962 11922 4465 5903 7534 3010 8888 12655 5970 13138 7412 8403 13298 6357 9590 7560 7704 4153 13916 532 12163 5397 12862 5964 12291 2292 12672 8466 4437 9987 8002 7563 8255 3261 14206 8473 8340 4721 6706 8726 3603 6846 12234 8246 12974 8959 3272 14676 3312 8783 5709 8045 8373 1494 7372 4315 6053 11478 4724 4641 10847 8419 8769 9467 7728 4031 11557 11195 8929 14014 3142 4767 7394 4412 11397 6964 13278 5797 8643 11117 8699 7364 8871 4185 13348 9146 7480 3376 576 9066 7449 6604 12221 8530 6398 7692 13020 4422 5316 7234 6365 5942 7046 9992 4924 5145 3803 11915 3106 9273 9847 7443 7130 3606 11696 6916 5935 1718 7972 3368 5263 9349 8310 10061 8183 3380 4650 6278 7319 4443 8930 8029 11104 7997 9732 8708 12652 9863 5220 6692 8414 7140 9565 8136 8862 9248 7313 11683 7117 7155 10866 9770 9284 4370 10193 6305 5511 10713 10235 3897 9727 8924 4793 6672 12234 9471 2348 7050 5266 7892 13905 8658 3708 13874 9696 8743 13214 5863 7501 4753 8275 4284 7604 4649 7827 10480 11760 2658 7758 7899 8483 9546 5246 5327 10874 2645 15605 1763 11423 3480 11204 10437 8475 12177 12120 4142 4988 5530 6610 9246 12114 6451 4449 9451 13233 3435 8541 10630 9618 6406 2737 11089 11867 2680 11514 11650 551 1448 4609 11197 3904 6672 5705 7069 10051 0 3738 4952 6116 4587 3899 11377 7724 5465 5826 10285 9227 5711 6817 5324 5133 8802 11465 8025 7760 4807 9861 9850 4325 11073 7630 8792 8459 11700 12015 7250 7165 3944 6322 6599 8138 2806 10794 7213 10073 8612 10481 10554 6199 4055 6326 9861 7372 8703 9438 9023 4526 11982 5545 9818 1532 8330 5609 6002 2590 10022 2863 4979 10244 5071 11844 7013 5422 11153 10117 7840 8355 12325 6054 8498 8999 8150 11338 3991 5263 9917 8504 5353 3624 8572 2747 9231 6830 1198 5630 9779 5127 7840 1450 8423 6394 9166 9499 7508 12190 8894 12110 6454 11920 9261 12387 12372 6034 6411 5076 10324 7159 6613 12627 2969 6350 6870 8199 9806 8793 8210 2281 10656 4485 8117 9198 12344 6754 8096 2352 6355 11685 3652 11569 8937 4153 6579 9784 11005 4445 9795 12288 9219 6957 8910 7926
9864 10465 5858 9015 8786 13440 8923 3592 10744 10452 9166 10015 3240 7877 15008 10795 13722 4972 12090 8377 3705 10908 2284 9377 10926 2351 12600 14482 8342 14239 5050 5148 15059 2644 13268 6930 4972 7479 14606 3509 15885 9079 9504 6063 12867 3029 9906 6336 4582 6634 4453 3908 5233 4813 15093 4972 11610 3695 10152 10598 4339 5437 15955 9222 15010 12192 7010 11365 6428 9025 9399 6539 4853 4472 9856 7682 7451 14453 3219 6946 14553 6196 6567 12877 10791 4008 9342 9411 12456 10774 5831 3846 4776 7963 13888 3275 13335 7457 9448 13832 10197 3641 12598 6852 13713 5976 9432 5811 3217 12616 8070 10322 12601 6098 4808 5686 14644 5629 8483 9453 8364 9515 4309 13205 8173 1429 1147 11184 4559 7296 13581 3719 7966 7042 13400 5632 9597 5363 4252 5647 3844 5808 11932 10755 11857 3330 8279 8395 3678 8159 11680 9179 11323 11733 6062 5572 10133 13249 6736 3038 12050 9913 5834 10401 8518 7638 9874 15389 7058 5220 13594 7806 8524 4638 8357 3833 8645 10030 13405 6532 10368 9306 6114 8508 15966 13057 1445 8293 5833 8152 14504 11737 7107 10597 6464 8760 16952 9600 4265 4322 4545 7979 4375 6982 7927 8750 8868 5499 4051 4278 12221 7478 1511 3117 8555 1531 16708 3215 9588 1315 8072 9645 12153 9038 8557 2704 6558 8988 5487 5684 12063 9261 8140 7197 14914 5653 8192 9085 12708 9983 5142 10437 15580 6354 15247 8506 3242 5008 8259 8763 198 8625 7060 6499 7369 3738 0 2066 2526 1954 7499 14628 4831 8960 9559 6857 7391 4916 3193 2619 6241 9957 15190 11222 11483 1070 6138 6127 2470 14771 5936 12321 11430 8090 14375 6408 7795 7599 9411 5932 5721 4738 14132 7998 10079 8289 11084 7077 9861 3688 3591 12664 8561 12432 12745 11337 1252 13856 2938 7072 4355 4602 2287 9732 2720 13178 6584 3710 13980 8160 8286 4992 9024 14560 9510 11330 4617 13696 4028 11287 5329 5157 7819 6783 3275 8522 8963 7088 3619 6001 6458 9175 4448 4448 8341 13359 4492 4843 5185 8643 8511 8376 13195 9992 13071 5156 9854 2770 14587 12166 9445 13771 9737 9065 6589 12482 3431 10058 9679 1811 7773 10077 5056 6605 6293 9207 6005 12715 2481 5691 12917 13845 7386 6399 1586 4080 11674 5735 8553 7464 7702 3020 13007 14529 8137 6865 10037 7693 7203 12593 5510
11831 8460 7228 8481 9064 12209 7561 5509 11927 11494 7993 11459 3440 8179 13588 9046 12237 3057 13263 10291 3470 8960 839 10844 12458 4391 13395 13565 10236 12962 6609 3451 14094 2943 13956 5228 6320 9030 13143 4547 16687 9863 7910 4782 11394 3234 7952 4272 3636 5037 4934 2995 3352 6759 13703 3607 11787 5728 10559 9844 6365 7317 17050 8075 14200 12317 8068 9727 6795 11074 10191 8341 3525 5109 9510 8134 6667 14295 5215 6735 15303 4130 4501 13165 10817 3163 7281 7355 12898 9076 7585 5883 2730 9363 13389 3540 11656 9459 8205 13490 9259 3109 13455 6874 12138 4206 11417 7631 4377 13087 6831 11461 11056 7541 6676 7359 13614 5015 8711 8966 10330 10894 5724 13284 9772 1690 3175 9301 6506 5237 14473 3186 6841 8523 12446 3779 10324 6283 3618 5626 2186 4494 12529 9400 13093 2812 8994 7924 4043 9324 11432 11237 9750 12766 5064 3772 8115 13501 6104 3498 12670 9760 5502 9887 6835 5620 11742 16127 9101 6952 13267 5744 6697 3747 6302 5460 8836 8183 13438 6574 9005 11361 8132 10500 16827 13575 2748 10342 7896 10207 13004 11740 8611 8928 4747 10793 17916 10641 2550 6380 3967 9198 2652 6783 9974 6704 6955 5828 3353 4609 13208 5413 1901 1186 6499 3473 15385 5009 7528 3381 6286 11543 13379 7261 7243 4744 8556 9456 3708 4414 10371 9171 8976 5133 13909 5596 10191 7059 12691 11357 6938 12352 16705 7623 16116 6730 4590 5885 9008 6723 2108 10602 9090 8500 5370 4952 2066 0 1650 3815 8208 14711 2873 9472 10505 5350 5343 3366 3705 4309 8280 8855 16011 11346 12594 1951 5390 5380 1174 15942 7708 12768 11356 6876 13777 8369 9861 8385 9522 4301 3659 6613 14315 10063 8465 10290 9675 5637 10580 5754 1546 12420 10615 13300 12926 10810 2956 12982 4623 5089 4948 4412 3572 10645 2802 13206 7555 5711 14891 8348 6966 6708 10372 14810 11449 12788 4231 12562 5821 11082 4364 6285 6437 8536 1432 6530 7588 9074 5675 3962 7409 11197 2383 5232 8246 14727 3120 5999 6284 10693 10459 10299 13931 9639 11724 4729 7797 3189 14190 12015 7558 12649 10556 8880 8595 11815 2993 11550 7797 2024 6970 11714 3258 4863 4245 11271 7013 11982 1031 3631 13737 12772 9453 8147 3397 5771 10006 5586 6699 9241 9103 1937 13100 14927 9360 4953 7980 9445 9263 13807 3448
11334 9177 8323 10129 10635 13693 6402 6078 13159 12802 9529 12515 1939 9740 14967 10199 13583 4203 14505 9710 5080 9813 2489 11881 13444 4730 14822 15149 10806 14421 5694 2748 15663 1585 15425 6512 5239 9995 14497 5793 18117 11281 6992 6325 12755 4739 7662 4802 5275 4141 3435 1459 3025 7265 15100 2448 13387 5580 12104 11470 6689 6756 18342 9619 15805 13927 9351 8859 8328 10854 11607 7630 2328 6535 11160 9655 8301 15940 4992 8373 16751 4600 4941 14746 12439 4812 7483 7858 14441 8291 8353 5744 3051 10446 15034 2057 12850 9813 9712 15140 10853 1461 14855 8482 13420 3599 11801 8321 5557 14623 8355 12717 12369 6481 6124 6526 15166 6665 10291 10615 10765 11997 4734 14904 10696 1186 3267 10270 7012 5772 15861 1539 8404 9544 14023 4961 11766 7615 1996 7232 3670 3284 14025 10845 14296 4445 10434 9574 2555 10558 13080 11337 11055 14083 3623 3241 8036 15091 7752 2121 14159 11400 3857 11535 8093 6368 12349 17582 8889 6203 14917 6240 7800 5389 6842 4686 10424 9226 15064 8177 10450 11179 8454 10871 18233 15098 3772 10513 7998 10038 14336 13367 9614 8103 4032 10504 19277 11946 1952 6332 2340 10399 2056 8419 9761 7285 6573 7361 1741 3069 14549 5861 1246 2573 6663 4042 16810 5739 7988 3599 5659 10913 14589 6607 6041 4685 8928 10980 4983 3163 11567 10803 10368 5458 15468 7208 9800 7731 14322 12464 7660 11742 17980 8785 17517 6080 5669 7231 10435 6778 2430 11011 9362 8148 5278 6116 2526 1650 0 3514 9645 16331 2802 10983 11856 4340 5969 4836 2326 3727 8524 10408 17433 12954 13869 1660 3835 3825 2825 17189 6979 14309 12991 5594 15415 7925 9843 9794 11128 5678 4020 7234 15919 10088 9754 9903 11090 4552 12026 5838 2112 14068 10755 14695 14528 12457 2689 14577 3994 4950 6386 2765 2753 12012 4318 14832 8877 5470 16271 9934 5769 5951 11496 16402 10894 13835 2583 14083 5214 12728 2893 5048 5295 9303 2869 7328 9044 9471 5891 4120 8739 10862 3068 6605 9877 15845 4680 4796 7530 10484 10931 9734 15381 11289 13155 3089 7941 1846 15840 13657 7109 14174 11963 10521 8947 13448 1344 12568 7336 3426 8600 12603 2755 4186 4441 11315 8312 13605 2678 3988 15154 14314 9459 7373 4111 5043 11228 7210 6194 8472 10185 497 14717 16485 10560 4618 8121 8639 9148 15025 3846
8019 12273 6255 10727 10054 15350 9448 3258 11129 11004 11078 10090 3021 9159 16951 12734 15672 6843 12453 6480 5483 12769 4200 9441 10845 1831 13349 16298 7657 16158 3157 6248 16890 2600 14104 8871 3223 7503 16554 4574 16576 9934 10270 8007 14817 4706 11175 8022 6498 7524 3609 4492 6529 4203 17031 5772 12881 2068 11287 12379 3443 3513 16339 11129 16783 13489 7690 12140 7730 7368 10233 4589 5634 5733 11467 8865 9278 15903 1481 8558 15310 7855 8220 14047 12178 5920 10905 11121 13515 11640 5608 2232 6348 8181 15530 2977 15286 6474 11372 15393 12044 3969 13287 8347 15667 7098 8452 5448 4222 13648 9999 10771 14555 4246 2876 3742 16497 7440 9794 11137 7476 9695 2546 14518 8084 2400 938 13083 3971 8999 14218 4027 9876 7197 15234 7532 10484 6304 4522 7219 5775 6473 12872 12694 12151 5207 9225 10090 3140 8661 13214 7844 13278 12260 6401 6752 11538 14439 8526 2631 12969 11422 5572 12084 10465 9430 9207 16145 5395 3268 15149 9497 10441 6543 10074 1937 9976 11942 14745 8028 12309 7683 5122 7526 16598 14045 2885 7049 4529 6536 16454 13121 7224 11428 7498 7045 17466 10181 5464 2831 4706 8425 5569 8587 6270 10489 10081 6881 4420 3624 12786 9145 2281 4963 10094 1964 18633 3294 11279 1141 9124 7738 12453 10049 9046 1234 5627 10110 7408 6319 14012 10748 8984 8806 16759 7242 6397 10865 14091 10153 4896 8542 15936 6841 15879 9531 4036 6021 9175 10245 1816 7695 5969 4714 8769 4587 1954 3815 3514 0 8484 15920 6247 10050 10241 7638 9132 6867 2664 767 5129 11849 15871 12537 11931 1961 6234 6224 4412 15085 3982 13378 12866 8497 16060 4558 6331 8512 10773 7879 7326 4347 15361 6582 12033 6498 13028 7775 10747 2419 5207 14183 7277 13113 13994 13015 872 15659 1052 8447 5659 4391 1244 10439 4484 14526 7381 1966 14590 9508 8794 3042 9264 15734 7634 11346 4587 15583 2073 12802 5719 3582 8415 6491 5156 10344 10908 6177 2591 7522 7283 7428 6143 5599 9852 13455 6447 3268 5966 6994 7674 6486 13988 11605 15005 5073 11387 2535 16170 13638 10605 15655 10537 10608 5627 14211 3740 10063 10829 3671 9602 9856 6268 7660 7834 7810 6806 14471 4408 7295 13637 15714 5952 4444 2301 2145 13625 7364 9685 5512 7932 3967 14313 15590 8572 8131 11568 5739 5636 12896 7128
13072 12900 2972 5078 2101 10749 15725 5861 4263 3542 7572 4816 10739 1625 12891 11285 12145 8685 5459 12335 4984 12719 7502 4486 5994 6834 5187 10335 6858 11597 11205 11521 11008 10142 5785 8641 11560 3980 12765 4003 8480 1660 15900 6823 11404 4979 15098 10669 5935 13115 11873 11100 11192 6058 12820 11812 4620 8362 2866 6781 6786 10397 8992 7501 10396 5255 1470 17612 1762 11267 1988 11554 11733 3111 4836 1025 5441 7951 8482 3445 7106 10703 10992 5612 4293 5900 13529 12796 5031 16885 4847 8370 10112 3321 8400 10772 12856 7588 8013 7880 7234 11010 5254 2678 12592 12145 8553 5265 4325 5166 7302 3734 11553 12311 10041 11386 10903 4870 2106 5119 7631 4121 10912 6277 4562 8832 7697 12432 6047 11248 6279 11091 6829 3469 9594 8706 2121 2182 11602 3276 7601 12699 4434 9313 5452 5691 789 4592 11156 2235 5801 9864 10732 4730 13242 11705 14839 6018 4833 10521 4551 4210 13311 5771 9408 10908 7574 7936 10003 10852 7629 11677 10162 5797 11942 10150 2312 11317 6556 2698 9088 11288 7189 8055 8620 5578 6054 8965 8086 10469 12854 5136 3609 16791 12720 11391 9739 2771 10665 8188 11927 2410 10755 3402 10522 12101 14357 2553 11366 11747 5100 11568 8965 8142 12995 6544 13900 5408 13051 7379 14061 13457 5689 15000 15427 7945 7105 1724 8345 12622 11914 3604 889 11643 11037 3365 11443 12065 6038 4444 5059 13987 8692 2445 7912 14500 4450 2499 804 13398 7682 7919 7814 10243 12561 3899 7499 8208 9645 8484 0 7607 10608 1616 2453 13480 11087 7443 10660 9214 7602 7736 7803 4398 4702 8558 13475 13465 7244 8019 11230 4894 5085 15082 9130 10538 9576 345 3024 7954 10611 5536 6969 9495 10064 11492 9775 13795 2381 7599 9269 6595 9278 5104 5656 6457 8404 9658 9425 12401 3265 12087 9498 2537 5412 6361 1298 8656 6704 2122 15151 10740 3630 7288 13048 5936 12064 10549 9828 5359 12523 12034 14606 5031 7963 11297 8288 7195 7136 11118 1320 11880 9458 3060 3208 7328 6945 11727 2559 10964 7507 12268 5736 4946 10977 12602 14081 10265 8699 5912 15002 10560 2361 3834 7218 7809 10824 5102 15237 6228 5594 5970 11236 12797 11258 10157 1768 8229 7426 10599 5529 10419 9233 11671 6241 10166 11489 3570 14295 12382 3224 10058 6066 7106 2501 12540 14241 12673 9673 6061 10424
20398 15739 10481 6852 5868 9306 21625 13468 7980 7167 9363 9821 17784 6770 11256 12981 11404 13848 7843 19826 11252 15085 13886 10012 10567 14378 5154 7123 13509 9827 18776 17493 7610 17190 4343 12540 19080 10781 11494 11346 5739 6627 21408 11167 11093 11682 19691 15532 11357 18965 19080 17702 16951 13604 11026 18073 3040 15965 4747 6725 14374 18004 8183 9220 6434 2437 8836 22843 8216 18475 6455 19154 18032 10209 5584 7063 8789 1724 16062 7998 4886 15668 15826 2151 3894 11671 17604 16422 3112 22051 12234 15976 15728 9833 4139 17842 13031 14667 9635 3091 7816 17786 5572 7853 12184 17890 15055 12652 11699 3179 10077 7772 11626 19888 17646 18987 7999 9877 6149 6358 14400 9412 18418 1429 10999 15785 15063 14398 13618 15696 5818 17865 9651 10503 7296 13481 6092 9698 18323 9104 13276 18915 4173 10081 8302 11899 7000 7171 18282 8623 3759 16758 11634 6863 19682 17491 19083 1737 8960 17644 4241 5042 20178 5758 12288 14983 13591 5045 17445 18452 3055 15953 13296 11215 15940 17682 5983 13706 1296 8164 10159 18427 14566 14842 6243 3264 13225 15982 15562 17758 11770 2984 10604 22040 18449 18683 7581 7445 16782 15792 18670 8942 16846 7947 17866 15883 19289 9129 18061 18887 6503 16026 15956 14192 17371 13956 11111 12993 16675 14785 19421 20889 8243 20227 21414 15504 14382 5891 13154 18884 12760 5561 7428 16325 7877 9124 18857 15575 2085 9336 12573 21348 8277 9884 6027 19810 11920 9929 7104 17838 14824 14633 15028 17779 17562 11377 14628 14711 16331 15920 7607 0 16367 5992 7003 19403 15405 12526 17811 16674 14980 8744 5619 3406 7416 15618 20086 20076 13563 8364 18837 3217 3430 21212 4808 18101 16822 7694 5225 12434 15838 13093 829 16679 11833 18895 10422 19768 5890 15206 15280 3029 16264 5668 1952 5226 15700 6744 16911 17528 10304 19016 16812 6777 12072 1528 8878 16255 6023 6468 21150 18333 9296 1189 20443 10005 18900 8622 17405 3926 19023 19501 20573 12141 13927 14885 10451 14340 14743 16365 8922 19157 15069 10322 6474 9636 12285 19188 10146 18215 14194 19752 4680 5493 10142 19417 18080 17358 3394 2995 19900 8544 6357 5910 14496 5509 17639 10173 20106 13020 8619 11340 17127 18470 16377 17101 9375 5869 13731 15840 5288 8186 16528 19278 13623 17725 12466 9125 19432 19970 9910 16647 1621 2255 8895 17884 18191 20262 17055 8198 15714
14136 6528 10006 9678 11089 12131 5271 8368 14556 14041 8291 14227 4436 10267 13095 8002 11660 2649 15873 12511 5629 7262 3262 13625 15258 7181 15738 13961 13106 12768 8452 1197 14394 4282 16204 4782 7931 11852 12576 7275 18994 12264 5293 5372 10880 5722 5085 2186 5044 2604 5758 2762 594 9613 13266 2102 13617 8293 12643 10655 9170 9558 19578 8409 14736 14078 10686 7023 9013 13614 12591 10423 2147 7620 10872 10347 7711 15690 7724 8448 17583 1953 2243 15067 12526 4840 4682 5110 14951 6323 10455 8455 685 12127 14388 4564 10658 12287 8356 14687 9836 3376 15844 8799 11369 1555 14257 10504 7152 15163 7140 14069 10402 9165 8925 9300 13827 6511 10707 10189 13180 13636 7478 14971 12606 3847 5829 7827 9359 3093 16875 3404 7346 11326 12824 3266 12674 8882 3441 7627 3131 2733 14726 9241 15742 4918 11372 9244 4989 11976 12814 13972 9105 15291 3726 1131 5318 15361 7415 4745 14883 11326 5109 11020 6176 3835 14614 18388 11642 8996 14490 3519 5626 5191 4129 7482 10793 6903 15072 8542 8861 13929 10945 13335 19180 15682 5612 13107 10619 12781 12369 13392 11421 6206 2132 13280 20341 13200 1029 9012 3708 11881 980 8503 12516 4586 4082 8088 3227 5337 15696 3127 3975 2476 3863 6315 15026 7882 5221 6102 3495 13710 16020 4462 5047 7351 11386 11629 3480 2765 9403 10835 11436 2682 14151 7570 12592 5081 14290 14094 9811 14540 19257 10353 18484 3941 7409 8480 11410 3998 4819 13446 11890 10931 2545 7724 4831 2873 2802 6247 10608 16367 0 11679 13004 3036 3348 3878 4928 6522 11067 9199 18341 13136 15172 4298 4385 4378 3441 18531 9771 14828 12939 4867 14632 10721 12529 10831 11372 4285 1350 9482 16085 12757 7815 12695 9392 3402 12917 8452 1398 13771 13367 15700 14728 11878 5387 13465 6795 2241 7447 4538 5555 13121 5307 14839 10138 8212 17304 10327 4783 8744 13104 16638 13696 15555 4148 12639 8016 12530 3305 7635 4206 11405 2645 4796 7550 11912 8433 1326 9986 13648 1303 7813 9960 17440 4083 7419 8970 13240 13316 12536 16218 10984 11448 4411 5147 4526 15298 13488 4690 12743 12967 10460 11419 12647 3463 14337 4929 4756 7952 14552 794 2194 1649 13978 9633 12713 3268 1318 16094 12945 12134 10156 6263 7842 9116 7478 3848 11252 11870 2462 14807 16898 12042 2084 5328 11409 11870 16438 1243
14593 13223 4532 4571 1086 10016 16887 7477 4228 3301 7388 5363 12192 1491 12201 11276 11613 9538 5149 13908 6086 12919 8715 5213 6476 8431 4114 9258 8113 10836 12813 12666 9928 11594 4525 9115 13154 5224 12144 5513 7321 1318 16958 7342 10936 6250 15909 11482 6769 14242 13378 12424 12271 7645 12096 13043 3021 9977 1252 6043 8391 12012 8230 7292 9202 3657 2923 18612 2686 12747 1478 13165 12975 4495 3950 1341 5514 6392 10091 3671 5905 11546 11804 4008 2856 6856 14182 13319 3496 17862 6363 9986 11132 4399 7058 12233 12545 9006 7818 6440 6704 12385 4290 3040 12145 13232 9782 6784 5851 3658 7373 3727 11175 13920 11656 13001 9904 5480 1390 4452 8939 4716 12502 4672 5671 10246 9238 12526 7645 11958 5315 12466 6876 4803 8637 9442 1288 3754 12965 4072 8584 13925 3062 8989 5293 6797 1089 4258 12635 3147 4474 11235 10511 4203 14535 12798 15556 4410 5107 11997 3211 3139 14724 4887 9629 11506 8622 6710 11558 12467 6192 12349 10482 6622 12544 11746 1493 11482 4958 3223 8824 12746 8713 9374 7531 4117 7518 10371 9649 11973 12274 3617 4930 17789 13809 12898 8761 2822 11842 9801 13298 3425 11925 3616 12044 12649 15248 3646 12719 13232 4416 12287 10392 9259 13719 8096 13017 7017 13578 8932 15064 15012 5467 15976 16610 9548 8591 197 9079 13860 11725 2699 1613 12425 9999 4139 12990 12541 4477 4909 6630 15521 7993 3963 6853 15493 6015 4030 1227 14145 9149 9211 9281 11831 13446 5465 8960 9472 10983 10050 1616 5992 11679 0 2308 14630 11757 8230 12144 10788 9128 7360 6681 2842 4373 10004 14817 14807 8430 7440 12845 3361 3648 16301 7823 12135 11063 1721 1850 8573 11527 7127 5356 10960 10024 13035 9448 14961 1435 9214 10394 5167 10675 4172 4041 5408 9924 8596 11007 13319 4626 13513 11028 2234 6677 4769 2892 10270 5752 1692 16335 12353 4338 5691 14591 6240 13462 9712 11437 4048 13828 13614 15778 6432 9049 11774 8256 8633 8751 12049 2930 13384 10465 4520 2740 7201 7796 13305 4167 12457 8785 13839 4545 4029 10379 13997 14724 11730 7253 4461 15891 9707 1781 3084 8705 6719 12210 5699 16121 7559 5577 6733 12354 13872 12156 11547 3383 7166 8611 11519 4482 9518 10735 13285 7781 11770 11315 4274 15240 13989 4381 11370 4461 5571 3449 13520 14874 14280 11206 5757 11355
13460 15267 4046 6871 3392 12306 18059 7230 1941 1098 9640 3161 12768 3559 14495 13482 13921 11136 3023 13015 7402 15033 9842 3147 4216 8461 3113 11414 6509 13117 12638 13878 12078 12183 3926 11048 13110 3815 14447 6075 6347 1013 18288 9235 13243 7314 17549 13121 8388 15476 13777 13315 13583 7011 14384 14109 4512 9696 2829 8343 7877 11548 6574 9550 11268 5081 2565 20022 4202 11504 844 12619 14023 5409 6240 3110 7656 7862 9945 5706 5071 13153 13444 4852 4838 8345 15977 15223 3946 19303 5483 9667 12528 2850 8994 12786 14837 7690 10075 8233 9011 13163 3053 4977 14452 14529 8082 5879 6345 3963 9531 1425 13475 13699 11304 12669 12101 7293 3663 6760 7397 2581 12502 5945 3996 10951 9561 14692 7087 13700 4022 13243 9042 3631 10863 11158 1155 4241 13767 5720 10035 14996 2985 11277 3072 8100 1802 6525 13129 1737 6504 9754 12781 2289 15477 14087 17292 5268 7142 12507 3008 5393 15390 7168 11724 13347 6715 5905 10609 12155 8001 14127 12522 8250 14383 11703 3790 13612 6280 5062 11100 11440 7725 7839 6408 4174 8142 8986 8794 10820 14580 5373 3708 19202 15102 11740 7421 538 13006 9344 14079 2047 13100 5656 10954 14533 16798 5000 13543 13700 2704 14021 11062 10530 15448 8399 15256 6973 15480 9209 16475 14011 3283 17420 17747 9490 7479 2499 10796 14910 13990 5000 1579 14095 12174 5806 11982 14480 6034 2681 5966 14422 6258 3430 5688 16915 6345 4630 1706 15851 9729 7633 8087 11060 15004 5826 9559 10505 11856 10241 2453 7003 13004 2308 0 15826 13536 9896 12626 10917 8131 9653 5646 4563 2256 10629 15654 15644 9603 5568 12403 3825 5572 17375 9791 11435 9874 2187 4115 10392 13051 6550 6225 9712 12239 12011 11738 16130 1226 8887 11647 7028 9265 2882 5195 7625 10313 10768 11081 14839 5577 14155 11361 234 7743 6148 2983 10014 4422 3906 17470 12085 2338 6328 13542 3938 14174 11977 11267 6113 14749 13667 16936 5219 10365 13711 10461 7385 8432 13555 3118 12205 11881 5274 5011 4980 9397 13375 4376 11259 7194 12933 3772 6311 12685 14714 16529 12275 9012 6312 17442 11967 695 5392 7591 8894 12965 3513 17678 8490 7758 4623 13609 15186 13702 10099 3557 9351 9783 13039 3396 11762 9604 12805 8145 11653 13575 6002 16725 13356 2959 12294 5748 5815 1962 14963 16688 13647 10176 3631 12862
14801 7955 12546 12697 14084 14734 2257 10416 17277 16831 11137 16770 4868 13246 15440 10167 13989 5624 18613 13113 8546 8889 5985 16145 17734 9049 18648 16744 15133 15297 8858 1965 17134 5095 19152 7535 8136 14287 14887 9895 21924 15140 2655 8364 13274 8514 4185 4446 8072 473 5554 3147 2454 11592 15644 1896 16645 9664 15630 13602 10978 10363 22386 11263 17564 17111 13415 4526 11949 14688 15468 10953 2026 10417 13900 13291 10726 18712 9056 11475 20521 4224 4283 18090 15560 7839 5221 6299 17949 4002 12688 9827 3684 14681 17350 4969 12720 14082 11151 17685 12735 3721 18733 11802 13577 1548 16069 12660 9711 18157 10021 16809 12723 9241 9791 9740 16537 9543 13707 13208 15057 16222 7907 18007 15004 5509 7568 9637 11340 4945 19759 3680 10273 13811 15615 6148 15575 11624 3281 10609 6152 1196 17688 11880 18443 7834 14256 12274 5154 14674 15840 15449 11484 18099 1888 1917 4973 18388 10449 5292 17841 14362 3801 14024 8718 5882 16679 21335 12786 9590 17493 5126 7969 8218 5645 8217 13800 8965 18108 11536 11520 15045 12723 15140 22090 18670 7995 14682 12165 13945 14639 16428 13890 3792 1070 14270 23216 15980 2820 10450 3263 14547 2727 11530 13631 6075 3092 11003 3292 5164 18529 4771 5525 5371 4528 8380 17418 10072 6284 7917 1837 14186 18729 2558 2011 8866 13211 14591 6414 1365 11546 13869 14278 4233 16870 10557 13465 6661 17326 16687 11997 15015 22047 12963 21387 2112 9889 11225 14283 4326 6768 15293 13599 11927 3050 10285 6857 5350 4340 7638 13480 19403 3036 14630 15826 0 5299 6901 5386 7614 12759 12039 21261 16167 17939 5974 2637 2637 6235 21290 10324 17825 15975 1881 17558 11606 13888 13679 14394 7207 3808 11573 19118 14163 10256 13570 11965 383 15824 10048 4236 16793 14901 18583 17759 14867 6910 16286 7798 2795 10250 4045 6576 15958 8084 17875 12895 9492 20183 13328 1747 9352 15706 19669 14290 18096 3628 15307 8896 15561 2190 7596 1170 13639 5590 6705 10301 13758 10156 3357 12748 14562 4335 10566 12991 20064 7119 7489 11634 14338 15234 13161 19152 14011 13963 3485 5434 5238 18279 16519 3379 15417 15839 13496 13222 15582 3939 16842 3552 7373 10956 16923 2291 1146 3511 15385 12359 15620 6054 3793 18999 15650 13532 10609 8435 8589 11331 10478 2517 11635 14420 3843 17842 19914 14708 2164 5569 11723 13128 19157 3861
17146 3210 11372 8561 10927 9516 7048 10562 15316 14629 6333 15394 7749 10267 10142 4877 8690 2661 16545 15573 6435 3914 5217 14859 16521 9644 15856 11688 15096 10036 11659 4256 12018 7531 16136 2865 11198 13312 9589 8706 18953 12643 6361 4447 7981 6944 4291 1175 5180 4840 9103 6108 3516 11807 10346 5277 13012 11071 12466 8998 11560 12595 19970 6473 12568 13354 11594 7527 9334 16414 12950 13550 5360 8579 9836 10532 6688 14420 10556 8129 17530 1398 1127 14497 11817 5355 2442 2031 14612 6726 12294 11225 2925 13354 12712 7877 7473 14556 6236 13221 7999 6723 16047 8717 8290 3933 16450 12442 8716 14851 5383 14794 7425 12439 11953 12480 11395 6284 10534 9049 15336 14738 10702 14105 14095 6808 8516 4511 11565 360 17071 6751 5771 12722 10584 2399 12936 9879 6775 7817 3981 5629 14628 6726 16515 5873 11759 8324 8319 12894 11667 16479 6194 15786 6698 3811 3805 14718 6767 8029 14807 10511 8332 9699 3568 585 16511 18280 14443 12131 13063 592 2707 5310 983 10611 10556 3694 14130 8552 6393 16696 13282 15561 19221 15399 7652 15554 13171 15543 9343 12557 12843 6757 4247 16136 20498 13847 4377 11712 7023 12880 4325 8187 15315 1360 3949 8581 6570 8684 16099 640 6980 4301 1991 8661 12120 9944 2231 8703 4420 16807 16764 5020 7009 10085 13658 11655 2753 5726 6267 10189 11974 1100 11733 7732 15526 1763 13339 15163 11747 17626 19708 11558 18570 4711 9089 9502 11838 2447 7448 15626 14255 13837 2442 9227 7391 5343 5969 9132 11087 15405 3348 11757 13536 5299 0 3677 8221 9546 13478 7181 18359 12503 15789 7193 7444 7440 5177 19083 12903 14506 12038 7105 12789 13689 15163 11378 10935 3186 2001 11556 15288 15349 4994 15626 6755 5666 13145 11063 3948 12532 15841 15928 14031 10416 8262 11296 9845 2578 8407 7871 8665 13599 6643 13907 11005 11052 17508 10161 6811 11880 14193 15903 16744 16685 7470 10134 11068 11480 6458 10949 6280 13194 4211 1473 5345 14143 10941 2150 10850 16539 2991 8878 9463 18349 4227 10719 10150 16033 15423 15587 16220 9919 8703 7685 2995 7785 13705 12415 4528 10248 13326 9738 13712 10876 6801 15574 4721 6552 6813 16015 3903 4153 1882 16540 10613 10830 5079 2033 16227 10511 14749 13314 8496 10953 6037 7547 4214 14415 13117 5723 13974 16364 13033 3166 3158 14593 14593 17145 2142
14694 6085 7760 5800 7493 8863 9103 7396 11650 10984 4703 11725 6749 6753 10226 5896 8886 1341 12893 13263 2803 6294 2712 11198 12858 6783 12343 10361 11669 9603 9875 5049 10854 6290 12700 2041 9651 9702 9787 5180 15517 9031 8917 1545 8039 3429 7686 3253 1510 6453 8253 5824 4448 8587 10338 5783 9855 8486 9055 6844 8513 10347 16385 4799 11064 10283 7918 10463 5706 13654 9344 11454 5777 4922 7000 6955 3834 11813 8082 4734 14094 3319 3575 11326 8725 1708 6110 5540 11302 9694 8842 8620 3216 9698 10545 6858 8419 11315 4876 10814 6109 6176 12505 5214 8824 5371 13122 9039 5250 11528 3526 11130 7725 10854 9722 10569 10342 2788 7101 6311 12002 11065 9033 11145 10487 5044 6035 6417 8364 3812 13536 6241 3617 9102 9228 1278 9357 6214 6546 4199 1182 6549 11197 6035 12850 2341 8138 5375 7363 9217 8940 13395 6431 12163 7451 4984 7397 11597 3568 6848 11367 7490 8443 7146 3606 3590 13023 14872 11740 10122 10615 4260 3726 1646 4589 8684 7155 5226 11230 5008 5641 13888 10125 12270 15753 12064 4597 12434 10217 12755 9659 9565 9228 9644 5925 13460 16990 10191 4470 8987 6887 9205 4509 4791 12581 4824 7028 4915 6279 7901 12499 4128 5257 2265 5552 5771 12019 6711 5780 6090 6953 14536 13103 7820 8905 7510 10441 8147 930 6551 7147 7037 8325 4209 10648 4120 12984 4929 10444 11488 8361 15315 16108 7910 15081 7364 5664 5844 8209 5956 5051 12303 11096 11306 5230 5711 4916 3366 4836 6867 7443 12526 3878 8230 9896 6901 3677 0 7056 7484 10379 5593 14896 9362 12143 5232 8003 7994 2461 15458 10848 11186 9096 8745 10829 11267 12235 7725 7652 1024 3358 8261 12279 12372 5170 13077 6309 7272 9578 8268 3040 9894 12740 12377 10944 8014 6087 9814 7806 5126 4753 7519 6879 9970 3217 10999 7329 8556 13972 6719 8646 9888 10520 12852 14374 13011 7247 9247 8939 8663 6891 9647 8067 9702 1973 4207 4225 10884 8041 3890 7173 13906 2577 5235 6200 14676 584 9358 6512 13272 12058 13256 12754 7110 8359 7671 6666 6542 11437 9621 7669 9339 9723 6638 10510 8842 6124 11911 7897 3466 4080 12388 4662 5944 3956 13507 6943 8943 2491 3356 12711 9484 11812 11307 5515 8962 6758 3960 7057 12378 9465 4915 10987 13180 9357 5402 6832 12604 11783 13489 3212
9473 11428 8747 11991 11977 15912 6951 5896 13659 13461 11696 12710 532 11068 17251 12524 15879 6521 14995 7799 6721 12101 4471 12061 13495 4446 15704 17241 10292 16659 3592 4461 17780 766 16404 8816 3008 10123 16791 6657 18972 12210 7917 8486 15045 6154 9307 7047 7259 5383 1287 2393 4984 6866 17376 3690 14798 4459 13342 13460 6087 4981 18882 11777 17847 15377 10061 9759 9619 9303 12524 5650 3548 7663 12919 10874 10275 17591 3859 10035 17663 6832 7153 16070 13960 6733 9511 10038 15641 9337 8257 4613 5299 10754 16901 419 15175 9034 11909 16911 12930 1727 15677 10003 15733 5253 10988 8110 6341 15797 10535 13273 14674 4237 4404 4467 17310 8528 11670 12454 10058 12287 2611 16386 10728 2133 3095 12581 6635 7998 16640 1747 10538 9782 16127 7278 12739 8499 2107 8776 5875 4190 15094 13091 14717 6204 11433 11396 504 11130 14785 10162 13361 14733 3885 5016 9852 16441 9641 209 15207 13039 2910 13395 10406 8650 11837 18500 7415 4248 16678 8443 10125 7353 9051 2831 11830 11548 16580 9684 12696 9663 7705 10073 19027 16231 4627 9457 6978 8572 16637 14904 9820 9100 5513 8884 19956 12619 3934 5252 2189 10916 4013 10075 8252 9504 8180 8685 2111 1088 15242 8053 1930 4805 8690 4238 19071 5833 10146 3466 7071 8933 15018 7919 6536 3847 8221 12176 7283 4021 13891 12400 11263 7608 17602 8773 8086 9979 15874 12750 7543 9767 18489 9301 18306 7432 6285 8161 11405 8731 3000 10259 8492 6542 7196 6817 3193 3705 2326 2664 10660 17811 4928 12144 12626 5386 8221 7056 0 2360 7664 12554 18272 14405 14437 2201 3613 3604 4793 17651 5005 15505 14581 5956 17340 6221 8569 10741 12589 7950 6235 7006 17322 8860 12063 8190 13354 5445 13004 5002 4436 15774 9650 15507 15935 14329 2324 16646 2477 6856 7547 1733 1422 12810 5794 16352 9681 4235 17027 11343 6301 4002 11837 17752 8985 13981 1975 16266 3513 14404 3274 2734 5987 9151 5088 9614 11282 8769 5233 6248 9564 9180 5384 7626 11474 16079 6824 2498 8262 8956 10271 7839 16316 13053 15412 2427 9922 516 17647 15301 8620 16353 12852 12178 8210 15403 1551 12697 8825 4839 10587 12517 4633 5689 6570 10069 9098 15597 4689 6202 16010 16473 8234 5339 4481 3205 13549 8829 7699 6414 10500 2500 16189 17715 11069 6398 10094 6545 7783 15461 6080
7624 12721 6903 11486 10811 16055 9295 3815 11740 11652 11781 10628 2809 9918 17624 13316 16330 7365 13053 6028 6226 13259 4786 9980 11334 2459 14029 17040 7969 16856 2433 6384 17629 2519 14798 9463 2456 8049 17218 5330 17238 10641 10206 8679 15476 5461 11323 8411 7197 7546 3088 4485 6744 4627 17711 5798 13635 2100 12029 13128 3794 3052 16934 11835 17535 14245 8379 12063 8492 7156 10936 4033 5657 6495 12233 9616 10015 16668 1500 9323 15988 8230 8587 14790 12940 6621 11203 11505 14245 11605 6115 2255 6696 8770 16295 2735 15892 6678 12066 16160 12777 3894 13956 9114 16304 7226 8628 5916 4975 14374 10688 11398 15197 3502 2412 3085 17229 8180 10554 11898 7706 10263 1779 15274 8593 2739 1695 13609 4413 9390 14874 3939 10580 7781 15971 8076 11195 7038 4390 7984 6363 6426 13586 13373 12735 5924 9948 10850 2779 9310 13981 7844 13912 12899 6228 6912 11749 15184 9271 2387 13679 12189 5193 12845 11065 9878 9507 16821 5209 2649 15916 9879 10993 7249 10467 1214 10737 12486 15504 8796 12985 7494 5357 7714 17248 14763 3646 7112 4621 6368 17110 13883 7798 11379 7581 6788 18089 10838 5664 2894 4523 9064 5764 9352 6073 10894 10212 7647 4332 3177 13431 9515 2575 5485 10385 2722 19326 3946 11651 1906 9192 7261 13037 10090 8883 1574 5875 10852 7975 6263 14614 11515 9692 9145 17494 8007 6073 11296 14853 10716 5414 8080 16524 7500 16530 9583 4774 6764 9894 10504 2457 7903 6132 4427 9001 5324 2619 4309 3727 767 9214 16674 6522 10788 10917 7614 9546 7484 2360 0 5305 12564 16533 13294 12552 2369 5972 5963 5024 15664 3400 14108 13631 8310 16822 4199 6275 9233 11535 8486 7678 4839 16109 6552 12654 6176 13698 7714 11457 2670 5599 14950 7314 13781 14745 13777 1398 16405 322 8671 6423 4078 1040 11119 5226 15285 8090 1889 15239 10270 8642 2409 9850 16476 7203 11860 4334 16301 1522 13569 5585 2828 8303 6961 5700 10809 11578 6422 2949 7828 7996 7137 6558 6355 10619 13982 7091 2517 6682 6792 7923 6044 14675 12371 15690 4780 11667 2382 16937 14404 10707 16375 11233 11375 5860 14969 3674 10582 10924 4388 10339 10308 6453 7749 8146 7772 7519 15225 5002 7646 14310 16440 5922 3843 3063 1478 14233 8127 9782 4933 8526 4132 15069 16318 9207 8307 11847 5142 5521 13480 7488
5470 16384 4634 11882 9681 17380 14566 2984 8120 8431 13381 6493 8093 8999 19322 16092 18261 10889 9238 4885 7901 16669 8263 5922 6820 3892 11012 17565 2862 18240 5648 11268 18224 7722 11932 12375 6397 4360 19048 5594 13846 8354 15397 10950 17423 7082 16125 12496 9353 12625 8270 9616 11443 1874 19328 10879 12130 3215 10304 13701 1921 4011 12903 13378 17778 12763 6205 17268 7976 3726 8545 4810 10743 6571 12107 8465 11179 15520 3806 9633 12834 12378 12750 12858 11894 8855 15554 15509 12037 16758 2765 3070 11008 5325 15947 8029 18363 1380 13774 15477 13776 9097 10799 9051 18470 12116 3328 2344 5368 12078 12562 7970 17340 6450 4085 5285 18000 9545 9605 12122 2422 6408 6028 13752 4489 7344 5269 16777 2056 13429 11512 9153 12258 4506 16669 11420 8899 6057 9640 8447 9598 11600 11114 15192 8807 8103 8051 11251 8079 6411 13364 3019 16200 9465 11507 11738 16374 13280 10347 7679 11138 11670 10469 12962 13806 13641 4314 13610 2479 4889 15225 13942 14094 9317 14459 5285 9818 15577 14056 8809 14855 3820 415 2409 13721 12304 5849 2076 845 2883 19038 12729 4423 16550 12556 3796 14266 7814 10427 2435 9803 6093 10535 9630 2920 14820 15065 7618 9547 8433 10030 13639 7283 9190 14778 4828 20694 3685 15705 4970 14184 5908 9091 15127 14160 3896 758 9275 11179 11447 17171 11004 7577 13399 18191 8523 3877 15086 13604 6768 2617 6393 12456 5168 13045 14602 4916 6091 7929 15000 6248 2601 840 3022 13609 5133 6241 8280 8524 5129 7602 14980 11067 9128 8131 12759 13478 10379 7664 5305 0 13924 13159 11968 8976 6868 11277 11267 8308 11561 4809 11908 12685 13599 16643 3466 2054 7419 10590 11365 11936 2339 14251 2080 15123 3916 15610 12903 9116 2712 9822 14190 2369 10622 13063 13784 5858 16884 5228 13308 6642 9381 6283 8364 7193 13879 6317 3475 11788 9490 13912 4942 6204 14424 5469 7472 9637 17384 4578 12919 10839 7133 13543 2931 9267 14446 13610 1208 2640 12237 6329 4288 10633 6222 10332 9576 9821 6937 5479 3395 2663 4803 11712 12235 17317 10084 16075 7633 16296 13513 15621 17424 8697 11091 679 15129 8868 6314 15851 6981 11470 5655 11232 12710 12524 3134 5976 15503 8399 11908 11194 17370 1665 5098 4982 5024 16747 8754 14712 5390 5180 9007 13542 13945 6169 13074 16258 5671 2080 9503 11722
19002 7002 9848 2793 6275 3528 14063 11157 11586 10659 908 12520 12290 6188 5400 4301 4450 6578 12465 17795 6437 6348 8087 12221 13686 11154 10804 4780 14177 4367 14997 10395 5261 11795 10726 4511 14915 11485 5160 8378 13357 8642 13518 4083 3676 7283 11317 7666 5380 11567 13789 11409 9695 12059 5404 11248 7064 13014 7390 2018 12360 15089 15035 797 5538 7172 9001 14691 6364 17583 8837 16275 11262 7355 3747 6750 2750 7488 12768 4477 12019 7864 7898 8432 5881 5950 9099 7814 8907 13890 11581 13113 8515 10999 5559 12393 5185 14438 954 6171 927 11768 11126 5210 4856 10500 15848 11926 8656 9164 2078 11078 3830 16055 14517 15576 4760 4511 5990 3010 14798 11832 14260 7644 12172 10459 10925 5701 11909 7519 12028 11833 2017 10891 3643 5935 8629 8098 12135 5493 6739 11932 9340 1633 12644 6643 8005 3156 12897 9970 5049 16736 3206 11456 12908 10191 10581 8520 3583 12348 9532 4665 14024 3114 3709 6664 15151 12622 15866 15078 6047 7650 4712 5319 7499 13775 5868 4963 7569 5347 1529 17726 13569 15173 13740 9702 9072 15763 14058 16689 5194 6295 11039 13933 10982 17526 15128 10143 9961 13296 12473 10136 9983 4499 16610 7354 11122 6389 11868 13454 11550 7821 10672 7838 9013 10254 6852 10437 8056 10848 11543 19058 12803 12198 13953 12144 13708 7179 5729 11962 4428 4776 8475 8233 5060 5412 17258 6968 6826 12114 11402 19764 14899 9623 13207 11867 9096 7943 8147 9484 10132 15106 14441 15688 9570 8802 9957 8855 10408 11849 7736 8744 9199 7360 9653 12039 7181 5593 12554 12564 13924 0 12899 6581 11700 10552 13516 13508 7773 14510 15732 8842 5744 13920 5609 15778 15965 8078 5720 4928 8231 11586 8834 16003 3102 17337 2089 12422 8724 12552 8607 5723 16088 11069 7816 3519 11207 4266 12879 9632 7283 13112 12160 9594 7409 7375 8515 13177 12437 5770 13721 14868 11358 9492 18793 13540 12838 3741 13870 5031 12406 15019 13154 12154 7540 6346 1845 13997 12194 8701 8406 18010 7978 7710 4646 14545 5738 14715 8651 17221 14748 17765 10920 3749 3398 13255 9526 12037 6573 5822 11679 3819 9135 4322 13805 3712 11712 12822 11857 8179 2455 13704 9989 10946 8602 16950 8507 3650 7867 8245 11160 3919 15556 16208 9914 13993 4043 5175 11391 17209 10859 10507 7571 10197 10234 10125 9617 17465 15745 13064 8183
18065 19509 9631 10313 7433 14406 23512 12787 5041 4897 13243 6767 18409 8144 16501 17164 16406 16213 4013 17946 12722 19059 15297 7269 6928 14074 2616 12542 10853 15047 18138 19298 13090 17821 2233 15623 18661 8873 16653 11690 706 6153 23628 13914 15941 12780 22560 18144 13447 20885 19421 18890 18931 12393 16302 19614 5844 15189 5897 11037 13295 16901 2567 13116 11960 5847 8211 25292 9328 16033 5826 17889 19536 10910 9170 7999 11831 7303 15490 10231 881 18215 18464 4611 7019 13533 20758 19804 3993 24543 10794 15141 17806 7966 9558 18429 17805 12367 13619 8506 12034 18771 2595 9684 17116 19890 12025 11142 11973 3736 13564 5243 16371 19164 16730 18085 13399 12124 7826 9955 11742 6754 18073 5794 8673 16569 15205 18526 12510 18578 1672 18852 13071 8928 12500 16088 5690 9838 19371 10752 15260 20500 3735 14465 4503 13434 7017 10293 18775 7228 8111 13988 16071 3717 21040 19454 22164 4682 11607 18152 3554 8279 21024 9817 15890 18067 10323 692 15565 17590 8393 18947 16823 13300 19098 17266 7804 17615 6050 9892 14426 15871 12788 12146 864 3203 13762 13450 13925 15513 16888 6703 8956 24469 20468 16381 2228 5696 18454 14752 19688 7488 18541 10173 15725 19163 21922 10260 19140 19346 3156 18911 16687 15899 20337 14045 16595 12588 20065 14852 21743 18780 4269 22657 23221 15070 12429 6752 15726 20425 17278 8364 7067 19074 13324 10820 16812 18995 6515 6420 11381 19046 2705 9033 413 22173 11989 10211 7004 20774 15363 11883 12893 16179 20121 11465 15190 16011 17433 15871 7803 5619 18341 6681 5646 21261 18359 14896 18272 16533 13159 12899 0 6319 4184 16260 21252 21242 15031 3014 17754 4058 7233 22883 10305 16607 14570 7639 7502 15177 18207 11984 4944 14333 15922 16820 14880 21582 5438 14374 17033 7906 13662 2764 5301 9721 15959 12069 16684 19998 11066 19791 17004 5463 13213 6131 8607 15513 1373 8201 22945 17545 6978 4430 18264 6220 19799 13817 16785 7980 20318 19248 22396 10274 15701 18239 14265 12179 13933 18730 8733 16797 17141 10827 8947 4895 14474 18962 10016 15866 11474 17853 2143 9155 15107 20338 21289 17918 8963 7439 22564 13758 5470 8846 12531 10507 18578 7027 22793 14026 11803 8038 18999 20535 18833 14367 9187 10941 15213 18199 2278 13436 14392 18121 13790 17189 16918 10951 21920 18540 8172 17854 5755 3366 7355 20200 21431 18825 15058 3960 18035
17435 13303 7359 4077 2487 8365 18408 10201 6141 5176 6957 7705 14382 3377 10538 10857 10249 10701 6575 16731 7878 12795 10529 7706 8690 11034 4390 7021 10875 9097 15436 14232 7665 13787 4169 9664 15713 8010 10604 7965 6782 3843 18279 8115 9716 8282 16786 12489 8095 15741 15675 14340 13727 10455 10379 14764 512 12674 1764 4741 11172 14748 8526 6826 6766 975 5764 19795 4816 15586 3797 15918 14717 6814 2869 3719 5817 3555 12737 4694 5438 12603 12796 1995 713 8363 14816 13747 2326 19014 9203 12695 12518 7134 4438 14439 11536 11833 7319 3682 5717 14404 4766 4473 10912 14678 12518 9624 8321 2583 7393 5755 10105 16554 14360 15686 7779 6627 2748 3673 11723 7144 15048 1985 8388 12384 11670 12230 10442 12764 5557 14484 6916 7624 6648 10412 3434 6379 14949 5723 10016 15619 2896 8150 6902 8540 3926 4189 14878 5871 2077 14041 9755 5491 16352 14266 16270 2236 5816 14239 3081 2028 16792 3506 9709 12138 11247 6052 14391 15149 3445 13075 10680 7949 13141 14323 2578 11358 2211 4777 8107 15581 11553 12162 7159 3122 9822 13192 12478 14815 10801 813 7745 18981 15246 15740 8547 5090 13489 12554 15294 6172 13558 4640 14885 13147 16286 5723 14689 15482 5402 13099 12554 10884 14492 10573 11005 9685 14006 11399 16311 17846 6967 17158 18177 12165 11432 2694 10067 15580 10965 2331 4430 13344 7804 5750 15827 12914 1641 7217 9453 18361 8434 6801 6632 16716 8561 6581 4057 14949 11418 11986 12120 14640 14519 8025 11222 11346 12954 12537 4398 3406 13136 2842 4563 16167 12503 9362 14405 13294 11968 6581 6319 0 5906 12213 16731 16721 10210 8156 15568 2266 1089 17945 5240 14930 13903 4552 1827 9403 12714 9934 2971 13797 9622 15873 8569 16523 3337 11936 11991 2467 13493 4751 1594 3541 12299 6415 13537 14453 6904 15623 13412 4381 8676 1998 5695 12955 5943 3063 17909 15019 6872 3502 17429 8291 15515 7887 14074 1790 15681 16118 17335 9261 10629 12181 8004 11467 11476 13245 5713 16225 11851 6940 3176 8653 9063 15804 6863 15297 11554 16664 4390 2844 8953 16036 15324 13953 4476 1752 16913 7852 3870 2767 11546 4602 14253 8061 17129 9621 5719 9184 13879 15279 13287 14360 6139 5066 10382 12713 4716 7586 13576 16019 10236 14380 10601 5768 16378 16761 7149 13283 1785 3861 6169 14761 15452 17051 14045 7107 12573
13955 17505 5691 8908 5441 14114 20154 8754 858 1160 11760 2670 14629 5754 16306 15646 15846 13371 779 13776 9604 17250 11969 3108 3177 10106 2364 12926 6744 14891 14029 16005 13569 14058 3318 13300 14586 4707 16309 8081 4873 3207 20439 11489 15211 9455 19782 15359 10634 17604 15526 15320 15743 8260 16171 16182 5675 11087 4434 10228 9169 12740 4474 11662 12640 6101 4528 22195 6456 11931 2941 13712 16089 7553 8119 5346 9853 8658 11424 7931 3911 15386 15681 5408 6376 10573 18230 17479 4378 21486 6654 11030 14717 3833 10249 14635 16878 8212 12189 9351 10995 15120 2014 7216 16424 16681 8048 6986 8313 4259 11724 1164 15490 15033 12591 13939 13679 9548 5763 8732 7646 2573 14019 6718 4491 12900 11343 16884 8392 15950 2545 15198 11230 4816 12515 13408 3086 6315 15729 7974 12248 17066 3326 13333 997 10293 4053 8628 14941 3323 7977 9949 14872 576 17489 16239 19539 5761 9373 14337 3215 7216 17271 9003 13945 15603 6420 4651 11388 13452 9148 16379 14759 10497 16639 13207 5856 15821 7062 7312 13182 11793 8604 8065 4781 4171 10108 9345 9742 11373 16469 6650 4828 21377 17251 12255 5537 1974 15122 10614 16027 3521 15219 7879 11572 16789 19013 7235 15517 15489 1097 16269 12993 12695 17695 10204 16895 8639 17735 10976 18656 14637 1106 19608 19830 11044 8247 4542 13047 16971 16089 6946 3818 16337 13709 8061 12653 16733 7061 2269 7271 14934 4114 5142 4085 19098 8240 6715 3961 18095 11639 7813 8724 11995 17224 7760 11483 12594 13869 11931 4702 7416 15172 4373 2256 17939 15789 12143 14437 12552 8976 11700 4184 5906 0 12545 17617 17607 11747 3359 13590 4307 6992 19434 11060 12424 10425 4419 6011 12647 15269 7876 6587 10200 14396 12664 13788 18231 2976 10275 13799 8285 9575 1863 5963 9314 12113 12317 12678 17051 7725 16034 13110 2219 9878 6997 5045 11413 2814 6051 19553 13417 2806 6459 14129 2589 16089 13709 12692 7648 16757 15200 19030 6095 12544 15964 12625 8008 9845 15767 5194 12684 14077 7377 7111 2848 11638 14924 6339 11745 7390 13684 3017 8168 14580 16626 18782 14126 10056 7604 19657 13685 2598 7382 8350 10483 14912 2977 19894 10570 9936 4098 15752 17341 15922 10322 5581 10948 11926 15255 2400 13443 10231 13950 9988 13107 15682 8257 18925 14357 4057 14323 6558 5639 3369 17157 18942 14641 10887 1390 15076
9954 10357 6904 9827 9797 13982 7968 4452 11801 11519 9723 11032 2188 8888 15446 10991 14118 5008 13147 8383 4534 10891 2525 10391 11918 3076 13668 15173 9159 14758 4665 4400 15730 1590 14332 7158 4421 8478 15017 4576 16955 10145 8630 6543 13269 3952 9283 6071 5189 5794 3485 2923 4610 5618 15550 4078 12611 3995 11186 11342 5029 5405 17015 9792 15745 13186 8078 10500 7442 9325 10465 6400 3950 5510 10730 8715 8164 15390 3430 7839 15620 5900 6263 13899 11761 4638 8945 9170 13498 9944 6764 4157 4387 8995 14729 2233 13591 8153 9971 14720 10866 2596 13667 7802 14048 5248 10141 6707 4286 13662 8588 11383 12955 5623 4763 5408 15286 6382 9484 10282 9106 10547 3802 14192 9154 475 1607 11248 5366 7050 14651 2672 8539 8061 14072 5729 10660 6430 3207 6575 4075 4875 12988 11223 12907 4051 9340 9223 2665 9222 12588 9707 11656 12800 5045 4875 9605 14266 7497 2028 13109 10839 4765 11226 8765 7513 10705 16456 7350 5004 14485 7545 8648 5268 8126 3509 9640 10133 14383 7483 10830 9635 6794 9211 17036 14108 2506 8869 6359 8485 14891 12705 8121 9752 5691 9005 18020 10667 3568 4720 3489 9036 3675 7878 8225 8547 8208 6499 3019 3270 13289 7189 466 3135 8136 2462 17205 4170 9325 1944 7318 9625 13204 8268 7590 3061 7268 10027 5649 4740 12309 10199 9208 6846 15568 6572 8352 8937 13674 11014 6061 10440 16638 7411 16316 7740 4307 6072 9322 8294 906 9351 7705 6672 6833 4807 1070 1951 1660 1961 8558 15618 4298 10004 10629 5974 7193 5232 2201 2369 6868 10552 16260 12213 12545 0 5085 5075 2808 15825 5764 13363 12380 7101 15185 6501 8238 8664 10394 6207 5367 5610 15139 8473 10381 8453 11522 6166 10924 4193 3254 13576 9116 13501 13750 12162 1092 14563 2679 6516 5385 3534 1646 10801 3595 14155 7653 3921 15049 9152 7323 4758 10063 15578 9551 12340 3548 14288 3889 12205 4316 4469 6879 7707 3367 8441 9413 7811 4232 5563 7527 9387 4202 5502 9273 14386 4900 4167 6254 8949 9273 8396 14261 10865 13549 4087 9431 1741 15461 13100 8755 14368 10805 9979 7287 13263 2379 11064 8984 2641 8481 11036 4375 5844 5874 9698 7074 13473 2748 5335 13986 14466 7847 6199 2594 3822 11938 6631 7844 7295 8735 2151 13996 15568 9194 6231 9612 7495 7572 13644 5169
12572 10371 11989 13677 14449 16515 3457 9378 16882 16575 12609 16099 3213 13559 17454 12283 16012 6940 18228 10883 8860 11248 6203 15454 16950 7930 18645 18293 13889 17152 6663 3246 18745 3686 19257 9161 5872 13529 16925 9579 21940 15105 4634 9547 15246 8570 6802 6398 8824 2924 3288 2398 4001 10423 17632 2286 17175 8069 15932 14844 9676 8330 22090 12720 19038 17701 13125 6372 12157 12694 15430 8741 2258 10367 14785 13488 11762 19604 7471 12093 20579 6156 6334 18554 16192 8441 7787 8752 18269 6081 11738 8221 5049 14076 18521 3262 14910 12648 12703 18720 14098 2498 18669 12262 15683 3542 14600 11627 9319 18454 11440 16458 14749 6865 7824 7523 18190 10283 14098 14179 13671 15626 5783 18661 14179 4717 6476 11931 10184 7119 19668 2419 11598 13133 17155 7618 15596 11420 1889 11014 6984 1829 17860 13624 17992 8192 14264 13168 3211 14295 16726 13717 13463 17856 779 3636 7610 18891 11319 3611 17994 15102 1196 15066 10555 8002 15437 21411 10885 7466 18507 7405 9955 8955 7978 6263 14225 11130 18807 11963 13243 13071 11317 13686 22046 18931 7519 13046 10583 12026 16705 17108 13187 5814 3395 12233 23067 15720 3555 8861 1597 14116 3534 12142 11687 8431 5724 11190 2112 2978 18335 7019 4629 5955 7048 7514 19397 9204 8770 6854 4460 11876 18289 5056 3033 7445 11831 14812 7792 1719 13684 14532 14185 6481 18511 10984 11376 9000 18051 16093 11025 12693 21717 12492 21329 4683 9378 11042 14263 6899 5988 13873 12104 9956 5500 9861 6138 5390 3835 6234 13475 20086 4385 14817 15654 2637 7444 8003 3613 5972 11277 13516 21252 16731 17617 5085 0 10 6523 20908 8146 18138 16709 2417 18828 9577 12107 13617 14910 8589 5605 10518 19702 12410 12182 11479 13777 2471 15856 8611 4972 17708 13227 18507 18314 15964 5715 17775 6070 5195 10220 1909 5014 15816 8146 18574 12671 7836 20075 13736 2835 7248 15146 20199 12034 17397 1648 17014 6991 16396 1112 5240 2681 12659 6241 8911 11917 12380 8823 5310 12537 12474 5540 10427 13613 19460 8036 5194 11298 12367 13882 10943 19211 14908 15831 1203 8039 3706 19381 17341 5966 17117 15783 14221 11822 16842 2707 16116 6118 7261 12035 16020 3642 3549 5562 13603 12100 16945 6354 5580 18974 17311 11791 8369 7675 6617 13423 10966 5141 9331 13816 3458 18480 20308 14275 4573 8181 9385 11296 18729 5566
12566 10367 11979 13668 14439 16508 3464 9367 16871 16565 12601 16088 3203 13549 17447 12278 16006 6932 18217 10877 8850 11244 6193 15444 16940 7920 18634 18285 13879 17146 6656 3240 18737 3676 19247 9154 5866 13519 16919 9568 21929 15094 4639 9539 15240 8560 6803 6392 8814 2923 3280 2388 3995 10413 17626 2279 17165 8059 15921 14835 9667 8323 22080 12712 19030 17691 13114 6378 12147 12686 15420 8735 2250 10357 14776 13477 11753 19595 7462 12083 20569 6150 6328 18544 16182 8431 7786 8749 18259 6087 11728 8212 5042 14065 18512 3252 14905 12638 12695 18711 14090 2487 18659 12252 15678 3538 14590 11617 9308 18443 11432 16448 14743 6860 7816 7516 18182 10274 14088 14170 13662 15616 5776 18652 14168 4707 6466 11926 10174 7114 19658 2409 11590 13123 17147 7611 15585 11410 1878 11004 6975 1825 17850 13617 17981 8182 14254 13159 3202 14285 16716 13709 13457 17846 777 3631 7610 18881 11309 3601 17983 15092 1193 15057 10549 7997 15428 21401 10877 7459 18498 7401 9949 8946 7974 6255 14215 11125 18797 11953 13236 13063 11308 13676 22036 18921 7508 13037 10574 12018 16700 17098 13177 5819 3393 12226 23056 15710 3547 8851 1586 14106 3526 12132 11679 8427 5725 11179 2102 2970 18325 7015 4619 5946 7045 7504 19391 9194 8767 6844 4461 11870 18278 5059 3040 7435 11822 14802 7784 1715 13678 14523 14175 6477 18503 10974 11369 8996 18041 16083 11015 12687 21707 12482 21318 4685 9368 11032 14252 6897 5978 13864 12095 9948 5497 9850 6127 5380 3825 6224 13465 20076 4378 14807 15644 2637 7440 7994 3604 5963 11267 13508 21242 16721 17607 5075 10 0 6513 20897 8139 18128 16699 2425 18820 9569 12099 13607 14900 8581 5599 10508 19692 12401 12176 11472 13771 2473 15846 8601 4963 17698 13218 18497 18304 15955 5705 17767 6061 5192 10210 1900 5005 15806 8136 18564 12661 7827 20064 13726 2842 7241 15136 20189 12028 17387 1638 17007 6983 16387 1104 5234 2686 12648 6232 8907 11909 12371 8813 5305 12527 12467 5532 10417 13604 19449 8027 5187 11287 12360 13872 10936 19200 14899 15825 1195 8038 3696 19372 17331 5968 17109 15772 14211 11812 16833 2697 16106 6120 7251 12027 16010 3635 3547 5557 13595 12089 16937 6344 5574 18964 17303 11782 8362 7665 6609 13418 10956 5142 9325 13806 3448 18470 20298 14264 4570 8180 9379 11287 18718 5560
12311 8114 6596 7308 7968 11180 8483 5386 11120 10624 6931 10802 4572 7096 12644 8325 11326 2593 12441 10843 2362 8494 336 10208 11851 4520 12417 12448 9982 11952 7420 4278 12988 4044 12940 4461 7224 8476 12221 3854 15697 8905 8693 3737 10475 2293 8349 4256 2480 5875 6050 4141 4001 6634 12744 4615 10659 6111 9483 8693 6394 7907 16172 7004 13063 11179 7249 10457 5745 11377 9233 9001 4552 4198 8337 7090 5511 13125 5672 5576 14301 4174 4538 12053 9669 1990 7359 7206 11819 9764 7224 6254 3070 8704 12218 4665 10876 9381 7168 12316 8138 4282 12497 5745 11282 4934 11287 7333 3763 12015 5786 10636 10179 8414 7277 8109 12524 3841 7606 7792 10178 10203 6594 12138 9243 2686 3605 8733 6391 5149 13523 4359 5757 7930 11335 3197 9342 5445 4783 4504 1379 5495 11492 8416 12303 1673 8022 6750 5164 8536 10260 11316 8889 11883 6153 4492 8367 12382 4932 4590 11639 8596 6674 8715 6053 5337 11439 15119 9431 7662 12092 5661 6062 2584 6160 6224 7723 7570 12286 5452 8023 11636 8106 10392 15857 12512 2476 10384 8036 10488 12102 10587 8033 9642 5504 11147 16981 9778 3423 6672 5133 8440 3511 5624 10289 6513 7438 4787 4517 5742 12303 5383 2899 1003 6632 3516 14397 4781 7407 3699 6936 12112 12582 7902 8191 5124 8483 8403 3026 5434 9600 8014 8047 5213 12813 4468 10621 6785 11534 10659 6634 12901 15843 6920 15153 7382 4066 5042 8048 6924 2596 10464 9079 8932 5729 4325 2470 1174 2825 4412 7244 13563 3441 8430 9603 6235 5177 2461 4793 5024 8308 7773 15031 10210 11747 2808 6523 6513 0 15105 8391 11691 10196 7870 12614 8863 10044 7447 8392 3468 3835 6401 13181 10213 7631 10716 8718 6552 9593 5981 2054 11248 10675 12348 11796 9640 3626 11856 5345 5493 4028 5585 4448 9729 1870 12053 6706 6155 13948 7238 7915 7427 9669 13686 11970 12129 5405 11500 6482 9913 5472 7267 7366 8155 980 6168 6607 8971 5813 4252 6555 11577 2513 4377 7092 14000 2094 6969 5531 10995 10276 10840 12930 8465 10742 5900 7902 4278 13016 10848 8067 11584 9604 7716 8536 10656 4167 10922 8307 1410 5817 11190 4007 5594 4483 11389 6194 10831 182 3813 12766 11692 9625 8849 3327 6501 9215 4443 7264 9923 8449 3092 11957 13832 8601 5486 8083 10146 9523 13002 3621
16003 20662 8926 11760 8433 16515 23500 11849 4030 4498 14690 5118 17870 8905 18676 18626 18401 16704 2685 16112 12957 20343 15326 5744 4806 13254 3766 14931 8938 17227 16940 19360 15525 17310 4182 16527 17559 7633 18757 11415 3363 6440 23797 14731 17844 12813 23117 18688 13953 20959 18694 18635 19102 11190 18505 19522 7773 14046 7127 12835 12101 15505 1348 14580 14459 7982 7875 25553 9754 13974 6138 16372 19427 10911 10792 8567 12945 9956 14442 11100 3523 18722 19011 6899 8778 13913 21523 20724 6006 24844 9602 13970 18074 6904 12021 17869 19616 10551 15103 11005 13723 18412 3403 10423 19048 20039 9824 9875 11634 5780 14789 4482 18197 17885 15440 16750 15755 12812 8795 11500 9763 5404 17031 8222 7195 16195 14559 19917 11356 19255 2658 18490 14290 7888 14728 16715 6187 9669 19023 11269 15597 20405 5261 16133 2935 13649 7325 11582 18151 6633 10172 11837 17715 3297 20804 19597 22852 7101 12541 17561 5076 9865 20515 11585 17065 18874 8089 3705 13813 16294 10853 19675 17921 13813 19913 16218 8847 18902 8528 10552 16029 13761 11237 10122 2941 5382 13420 11447 12383 13574 18958 8742 7867 24736 20609 14382 2836 5332 18475 13490 19314 6794 18572 11045 13832 20044 22362 10568 18817 18684 3024 19578 16279 16054 21007 13440 18989 11820 20983 14185 22014 16809 2633 22966 23172 14119 10805 7579 16352 20307 18937 9751 7147 19661 15723 11353 14930 19960 8820 4959 10275 16974 896 8417 2632 22456 11535 10070 7250 21414 14920 9845 11138 14550 20570 11073 14771 15942 17189 15085 8019 8364 18531 7440 5568 21290 19083 15458 17651 15664 11561 14510 3014 8156 3359 15825 20908 20897 15105 0 16336 6011 9206 22767 12807 15017 12665 7753 8812 15921 18616 10871 7604 12388 17369 14922 16575 21579 6007 13247 17158 10195 11612 3446 7585 11697 15334 14394 15762 20401 11084 19282 16292 5488 13235 8553 8401 14371 2362 9126 22895 16290 5821 7196 16272 4113 19356 16006 15649 9940 20071 18213 22376 8883 15902 19191 15626 10454 12845 19117 8551 14756 17432 10733 10097 2203 14964 17951 9671 13861 9477 16012 3882 10812 17107 19890 22072 17364 11565 9614 23006 15962 5765 10221 10893 12684 18201 5256 23242 13918 12989 5996 19109 20699 19267 12219 8931 13140 15284 18603 3448 15673 12557 16652 13246 16081 18548 11537 22280 16917 7155 17650 8130 6144 6635 20513 22228 17189 13266 2190 18425
4478 16093 8437 14368 13104 19251 11601 5371 12735 12903 14991 11233 5538 12269 20904 16706 19641 10765 13930 2795 9302 16652 8169 10631 11625 4706 15448 20044 7629 20071 1483 9448 20658 5522 16318 12846 2291 8885 20517 7831 18453 12386 12732 11971 18785 8471 14312 11753 10432 10363 4861 7396 9915 5396 20977 8693 15836 2909 14092 16097 4530 856 17671 15034 20460 16468 10078 14513 10942 4648 12637 652 8553 9045 14958 11856 13088 19074 2993 12115 17347 11561 11911 16811 15327 9855 14435 14831 16118 14176 6970 2875 10015 9792 19008 5421 19267 6020 15302 18747 15859 6732 15288 11767 19647 10253 7590 6612 7481 16204 13939 12512 18532 1742 1242 649 20302 11254 12916 14734 7017 11066 2418 17497 9175 6107 4852 17009 5317 12730 16086 6750 13789 8849 19013 11474 12953 9195 7063 10773 9747 9138 15308 16644 13525 9117 11861 13719 5173 10675 16560 6121 17259 14037 8640 9998 14848 17225 12300 5145 15365 14769 7063 15666 14443 13254 8966 18152 3134 776 18497 13208 14392 10467 13805 2295 13117 15886 17763 11463 16262 5042 5106 6829 18370 16512 6660 5753 3970 4132 20424 16243 8808 13921 10517 4146 18997 12186 8839 3069 7062 10378 8929 12135 3764 14241 13184 10239 7104 5203 14599 12834 5927 8885 13613 5500 22553 5899 14965 4888 12058 3944 13817 12878 11178 3620 5565 12949 11368 8966 17991 14080 11488 12437 20549 10815 3253 14661 17190 11462 6438 4776 17229 9057 17675 12406 7138 9031 11772 13689 5797 7090 5391 2136 12160 7630 5936 7708 6979 3982 11230 18837 9771 12845 12403 10324 12903 10848 5005 3400 4809 15732 17754 15568 13590 5764 8146 8139 8391 16336 0 15983 16073 10558 19601 1644 4533 11154 13929 11859 10993 5856 18186 4876 16015 3353 16989 10334 13200 3633 8959 17490 5814 15109 16885 16578 4780 19389 3086 11821 9022 6330 4240 12629 8323 17560 9966 2658 16396 12691 10979 1028 10784 18462 3980 12268 6721 19444 1909 16128 8147 3003 10768 7509 9098 14193 14869 5988 4095 11095 9916 4342 9926 8809 13243 14381 10427 2974 8707 4364 7296 2839 16136 15095 18945 6988 14871 5300 19550 16882 13614 19510 12866 14022 5488 17838 6552 11081 13814 7596 13410 10464 9587 10694 11417 5901 9462 18134 8381 10960 15672 19547 4366 478 5851 1950 17606 10977 12696 1534 9596 7317 17286 18135 10489 11390 15047 1757 3680 14240 10811
17276 15491 7548 6271 3741 10530 20081 10661 4796 3955 9190 6613 15552 4595 12677 13107 12465 12524 4836 16783 9330 15016 11988 6796 7402 11715 2302 8940 10311 11225 16058 15866 9548 14953 1913 11712 16440 7634 12778 8866 4548 3602 20061 10069 11957 9570 18761 14393 9812 17419 16737 15741 15422 10648 12501 16303 1812 13170 2208 7003 11466 15136 6284 9062 8526 1973 5905 21649 5981 15328 3374 16252 16242 7854 5112 4660 7877 4352 13334 6453 3179 14487 14708 1108 2961 9990 16869 15856 137 20880 9199 13163 14245 6673 6092 15593 13792 11514 9563 5127 7982 15724 2718 6030 13146 16382 11842 9610 9200 345 9553 4562 12360 17153 14829 16188 9753 8400 4121 5901 11207 6196 15798 2417 7807 13599 12583 14472 10689 14748 3364 15805 9066 7404 8718 12316 3038 7075 16298 7218 11701 17178 984 10416 5251 10030 4170 6294 15996 5501 4179 13566 12020 3786 17830 15957 18301 1490 7744 15357 1096 4227 18073 5771 11879 14178 10375 3831 14385 15660 4946 15089 12830 9664 15198 15028 4041 13574 2759 6289 10370 15264 11497 11648 4906 897 10879 12810 12533 14636 12991 2745 7494 20828 16958 15557 6287 4242 15071 12915 16634 5821 15149 6396 14761 15233 18194 6948 16049 16593 3530 15082 13748 12466 16496 11434 12990 10267 16116 12270 18124 17807 5242 19005 19822 12814 11279 3339 11961 17122 13230 4365 4497 15288 9733 7269 15776 15034 2859 6126 9603 18235 6216 6931 4367 18542 9343 7374 4238 16944 12509 11434 11901 14782 16405 8792 12321 12768 14309 13378 4894 3217 14828 3361 3825 17825 14506 11186 15505 14108 11908 8842 4058 2266 4307 13363 18138 18128 11691 6011 15983 0 3239 19542 6896 15131 13692 4888 3571 11351 14540 10155 2413 13534 11866 15808 10835 18168 2803 12383 13597 4201 13086 2753 1676 5747 13278 8389 14315 16312 7981 16866 14379 3594 9992 2710 6063 13474 3724 4501 19549 15563 6087 2516 17347 6875 16808 10001 14678 3985 17132 16926 18984 9022 12236 14288 10220 11204 11919 15070 6137 16025 13574 7880 5044 6803 10822 16620 7436 15079 10995 16705 2159 5097 11166 17342 17389 15091 5789 3604 18830 9956 3214 4841 11392 6676 15552 6967 19053 10893 7820 8133 15536 17007 15142 13914 6612 7131 11870 14536 2575 9663 13414 16406 11126 15030 12867 7350 18243 17032 6770 14683 2268 2214 5759 16572 17524 17324 13970 5281 14384
18154 12610 8052 3484 3017 7308 18195 10736 7208 6239 6214 8729 14518 3806 9472 10044 9226 10419 7664 17377 7925 12046 10524 8698 9738 11458 5444 5936 11758 8027 15849 14069 6583 13930 5150 9176 16074 8872 9553 8335 7647 4783 17983 7748 8723 8427 16329 12121 7941 15536 15862 14336 13522 11095 9307 14666 1435 13165 2744 3815 11764 15269 9522 6077 5707 1428 6517 19436 5160 16348 4776 16455 14629 7141 2208 4262 5379 3037 13182 4621 6354 12252 12419 2689 796 8274 14290 13160 3275 18647 9931 13199 12298 8032 3436 14583 10573 12637 6545 2800 4846 14451 5830 4579 9909 14460 13421 10350 8693 3526 6783 6809 9139 16970 14849 16151 6691 6461 3161 3015 12588 8148 15402 2069 9299 12512 11972 11438 11061 12319 6585 14529 6331 8446 5563 10062 4425 6893 14973 5808 9856 15501 3956 7262 7988 8547 4731 3750 15039 6771 989 14880 8866 6580 16286 14062 15759 2788 5529 14406 4137 1616 16847 2630 9062 11638 12206 6906 15072 15614 2550 12597 10055 7800 12617 14704 2957 10624 2134 4899 7252 16362 12273 13023 8054 4035 10072 14007 13149 15554 9759 552 8575 18630 15019 16475 9452 6106 13369 13104 15322 7060 13431 4573 15605 12589 15892 5986 14709 15644 6487 12651 12692 10789 14017 10916 9916 10174 13417 11725 15998 18521 8056 16814 17985 12592 12186 3474 9731 15474 10062 2190 5261 12933 6717 5817 16515 12318 1351 8244 10123 19065 9451 7528 7568 16391 8977 7042 4874 14481 11627 12859 12890 15263 14153 8459 11430 11356 12991 12866 5085 3430 12939 3648 5572 15975 12038 9096 14581 13631 12685 5744 7233 1089 6992 12380 16709 16699 10196 9206 16073 3239 0 17789 4223 15528 14659 5289 2147 9022 12412 10569 3250 14571 8829 16566 7664 16340 4355 12456 11867 1520 14315 5822 2080 2508 12559 5327 13889 14111 7208 15707 13668 5402 8795 1902 6370 13433 6957 3388 17722 15470 7849 3875 18121 9356 15570 6812 14504 749 15636 16437 17145 10066 10520 11604 7288 12256 12003 12940 6366 16965 11640 7316 3118 9741 8858 16121 7416 16048 12432 17314 5394 2139 7928 16080 14781 14112 3617 828 16510 6775 4886 2493 12300 3516 14313 9083 16718 9751 5228 10192 13702 15040 12957 15188 6757 3980 10360 12414 5760 6504 14317 16532 10569 14787 9714 5788 16022 17320 8025 13287 1937 4471 7072 14459 14901 17607 14753 8196 12286
14970 9560 13917 14545 15806 16585 1048 11524 18739 18350 13018 18103 5507 14950 17232 11940 15782 7487 20083 13283 10221 10532 7591 17466 19013 10099 20267 18620 16140 17133 9076 3719 19005 5900 20809 9415 8278 15568 16672 11354 23556 16738 2371 10226 15085 10103 5114 6310 9859 2353 5703 4184 4302 12631 17443 3270 18416 10409 17339 15478 11931 10747 23901 13144 19443 18897 14907 3984 13615 15110 17066 11148 3352 11985 15736 14960 12577 20557 9805 13251 22165 6092 6131 19848 17352 9588 6672 7891 19669 3781 13860 10565 5533 16039 19224 5575 14447 14960 13031 19547 14615 4562 20330 13540 15340 3427 16927 13785 11135 19870 11902 18289 14519 9235 10236 9932 18405 11338 15434 15056 15971 17590 8200 19809 16253 6672 8615 11321 12386 6747 21349 4496 12151 15130 17492 8026 17194 13142 3981 12326 7938 2383 19363 13742 19883 9515 15866 14108 5592 16135 17680 16106 13299 19627 2096 3773 6081 20156 12273 5925 19510 16173 3522 15883 10574 7690 17692 22986 13295 9883 19352 6876 9799 10003 7352 8670 15537 10726 19918 13265 13385 15487 13616 16007 23701 20374 9363 15413 12931 14438 16413 18232 15197 3497 2942 14651 24790 17495 4471 11204 3796 15984 4396 13305 14101 7759 4209 12657 4114 5394 20077 6544 6635 7080 6083 9563 19216 11271 7838 8986 3024 14252 20175 3213 629 9726 14123 16272 8287 2465 13302 15664 15851 6017 18738 12280 13792 8347 19140 18058 13153 15062 23548 14375 22992 3032 11262 12748 15883 5793 7969 16184 14433 12371 4745 11700 8090 6876 5594 8497 15082 21212 4867 16301 17375 1881 7105 8745 5956 8310 13599 13920 22883 17945 19434 7101 2417 2425 7870 22767 10558 19542 17789 0 19438 11994 14502 15261 16156 9083 5689 12679 20906 14801 12089 13895 13816 1498 17448 10906 5958 18638 15604 20176 19538 16732 7888 18166 8432 4543 11824 4304 7316 17519 9670 19685 14412 10191 21767 15059 511 9666 17089 21445 14426 19419 3987 17169 9393 17392 2799 7628 841 14798 7322 8467 12178 14674 11084 5231 14269 14890 6169 12101 14774 21438 8933 7597 13097 14783 16171 13345 20793 15849 15799 3607 6772 5969 20148 18350 4224 17279 17431 15302 14120 17460 4792 18148 4308 8885 12814 18137 4090 2993 5370 16000 13858 17501 7689 5674 20611 17518 14178 10771 9673 9027 13108 12217 3616 11715 15778 5122 19640 21657 16145 3939 6876 11757 13697 20610 5742
22081 12272 12032 5361 7031 4770 19633 14411 11363 10407 6475 12943 17171 7645 6530 9258 6885 11983 11673 21176 10673 11448 12949 12921 13928 14899 9193 2332 15926 5147 19175 15827 2803 16620 8627 10083 19273 13031 6830 11773 10502 9002 19124 9289 6749 11374 16889 13247 10141 17090 18621 16588 15161 14947 6281 16609 5393 16709 6964 3986 15524 18843 12828 6339 1658 4971 10596 20293 8757 20351 8999 20047 16606 10562 4646 8194 7114 3088 16628 7512 9500 13436 13490 5915 4988 10629 14639 13303 6869 19492 13931 16766 13949 12223 811 17258 8679 16717 6554 1807 4832 16850 9612 7838 7707 16011 17602 14343 12121 7069 7544 10991 7368 20287 18360 19592 3210 8812 7053 4926 16735 12369 18597 4586 13494 15208 15127 10641 14879 13128 10156 16922 7290 12572 2767 11411 8647 10648 17290 8859 11863 17351 7811 6399 12045 11139 8885 5981 17748 10967 3351 18992 7726 10595 18278 15676 16110 5711 7700 17146 7962 4972 19201 3978 9285 12268 16423 9785 18950 19061 1957 13253 10268 10031 13077 17977 6841 10228 4288 8139 6618 20393 16237 17165 10993 7427 13176 18094 17029 19526 7134 4445 12706 19539 16515 20436 12358 10323 15298 16765 17638 11248 15334 7487 19545 12901 16728 9369 17020 18338 10406 13429 15411 12934 14601 14197 6309 13777 13533 14945 17144 22367 12075 17807 19505 16010 16202 7639 11160 17364 8686 5644 9425 13840 3070 8827 20397 12472 4037 12455 14036 22960 12862 11560 10699 17473 12478 10707 9033 15070 14569 17014 16922 19037 15175 12015 14375 13777 15415 16060 9130 4808 14632 7823 9791 17558 12789 10829 17340 16822 16643 5609 10305 5240 11060 15185 18828 18820 12614 12807 19601 6896 4223 19438 0 19251 18660 9377 6107 10359 13767 14423 5373 18599 8316 20456 6603 17940 8569 16070 13857 2785 18407 9648 5244 3045 15596 2074 17111 15228 10580 18178 16661 9616 11655 4254 10364 16944 10451 7153 19266 18890 12071 5950 22001 13513 17960 4009 17893 3784 17718 19527 18693 14160 12637 11900 7447 16319 15638 14254 10334 20929 13361 10819 6392 13689 10811 19211 11212 20033 16592 21122 8935 4509 5718 18422 15035 16837 1460 3490 17279 3912 9101 5612 16313 1987 16756 13298 17453 12578 6821 14412 15426 16491 14175 19287 10668 1959 12747 13778 9441 3531 18298 20074 13840 18117 8481 8696 16999 20947 12200 15605 4681 6975 11269 15706 15111 21228 18679 12155 13699
3462 16829 7621 14156 12519 19304 13028 4840 11566 11828 15098 9959 6745 11734 21069 17163 19867 11373 12703 2023 9367 17308 8691 9386 10250 4633 14402 19881 6171 20143 2994 10546 20515 6615 15303 13302 3834 7757 20719 7551 17297 11533 14097 12231 19011 8510 15471 12572 10639 11600 6299 8564 10937 4497 21118 9881 15154 2800 13363 15936 3764 1250 16360 15125 20222 15790 9268 15910 10501 3117 11758 1401 9739 8732 14615 11268 13065 18475 3192 11873 16256 12400 12762 16022 14758 10072 15401 15671 15264 15531 5952 2682 10878 8703 18614 6640 19650 4538 15440 18267 15809 7924 14209 11434 19942 11378 5990 5557 7225 15328 14112 11392 18815 3381 1826 2273 20206 11267 12373 14480 5491 9863 3796 16806 7946 6911 5262 17591 4491 13551 14952 7954 13907 7813 18893 12040 12094 8649 8326 10560 10242 10411 14394 16822 12273 9306 11102 13505 6474 9698 16096 4477 17575 12901 10012 11083 15933 16441 12249 6328 14434 14329 8545 15386 14868 13987 7432 17042 1492 2143 18014 14046 14925 10651 14627 3390 12581 16433 17091 11147 16452 3497 3822 5268 17181 15595 6798 4137 2682 2512 20653 15646 7752 15285 11695 2667 17732 11164 9855 2507 8371 9388 9953 11885 2151 15045 14351 9908 8329 6601 13466 13689 6760 9501 14583 5586 22629 5490 15825 5177 13279 3295 12558 14139 12605 3758 4217 12258 11889 10241 18392 13642 10681 13333 20434 10615 1880 15423 16568 10231 5534 4052 15912 8222 16500 13649 6824 8552 10997 14702 6309 5537 3919 507 13194 7250 6408 8369 7925 4558 10538 18101 10721 12135 11435 11606 13689 11267 6221 4199 3466 15778 16607 14930 12424 6501 9577 9569 8863 15017 1644 15131 15528 11994 19251 0 2895 10417 13386 12290 11860 5009 17411 3239 16375 1984 17195 11652 12329 3239 9755 16990 4181 14031 16157 16272 5427 19212 3935 12862 8741 7708 5193 11665 8443 16898 9245 2711 15238 12189 12394 2339 9634 17638 3108 10916 8071 19431 2739 15656 9465 4579 12143 6338 9677 14897 15093 4572 3637 12023 9218 2964 10698 8448 12859 13000 10791 4505 8113 2798 5778 2001 15098 14751 19081 8392 15866 6425 19080 16350 14819 19488 11952 13640 4126 17574 7723 9776 15028 7856 13381 9070 10637 11868 12340 4260 8793 17902 8886 11828 14600 19492 2754 1758 5903 3017 17991 10805 13895 1935 8533 8321 16595 17233 9482 12481 16045 2222 2049 12969 11665
3585 18157 6630 13935 11669 19428 15513 4908 9587 10035 15408 7804 9057 11015 21361 18022 20284 12637 10571 3452 9862 18498 9958 7317 7860 5527 12599 19614 3742 20288 5782 12578 20274 8793 13544 14256 6615 6060 21079 7611 15235 10204 16473 12900 19442 9025 17505 14128 11292 13814 8902 10754 12846 3906 21369 12061 14038 4264 12207 15755 3734 3967 14012 15408 19816 14666 8148 18324 10023 1692 10367 4255 11921 8617 14146 10469 13217 17444 4861 11687 14333 13990 14362 14682 13865 10774 17127 17191 13817 17878 4734 4099 12552 7025 17954 8971 20340 2218 15796 17456 15827 10168 12346 11104 20476 13429 3159 4319 7366 13837 14566 9520 19345 6274 4340 5146 20054 11560 11611 14172 2904 7867 6443 15637 5993 8701 6714 18651 4062 15084 12966 10213 14273 6323 18722 13213 10731 8105 10652 10496 11379 12700 12852 17213 10101 10011 9977 13305 8911 8202 15363 1626 18187 10953 12451 13083 17843 15103 12385 8631 12857 13690 11162 15007 15725 15370 4740 15073 1405 4928 17205 15595 15961 11265 16137 5854 11824 17456 15950 10863 16871 1766 2440 2575 15057 14020 7647 1297 2018 952 21063 14677 6218 17650 13819 1865 15456 9505 11790 3518 10758 7882 11895 11685 1167 16518 16412 9672 10605 9148 11511 15271 8602 10863 16331 6528 22745 5632 17374 6481 15441 4212 10365 16353 15095 5178 2473 11218 12995 12537 19134 13028 9482 14989 20243 10571 2265 16821 15532 8159 4662 4552 13557 7131 14412 15840 6916 8145 9848 16516 7763 2856 1795 2397 15069 7165 7795 9861 9843 6331 9576 16822 12529 11063 9874 13888 15163 12235 8569 6275 2054 15965 14570 13903 10425 8238 12107 12099 10044 12665 4533 13692 14659 14502 18660 2895 0 9373 12585 13238 13509 4388 16071 344 17085 2261 17626 13985 10933 4107 11373 16171 1291 12173 14930 15823 7161 18932 6103 14754 8683 10202 7313 10107 9099 15781 8307 4403 13199 11510 14865 5076 7767 16202 3707 8562 10519 19437 5120 14919 11838 7373 14555 4682 10972 16211 15607 2490 4231 13763 8329 2335 12242 8271 12373 10552 11692 7255 7527 1396 3192 3350 13299 14273 19355 10905 17630 8654 18275 15485 16933 19478 10482 13128 2359 17170 9949 7559 17156 8786 13511 6672 12596 13983 14064 1500 7996 17547 10115 13479 12743 19425 423 4638 6741 5514 18712 10799 16012 4495 6923 10298 15429 15655 7936 14458 17813 4729 857 10745 13300
12888 13224 2812 5411 2349 11076 15921 5798 3951 3262 7917 4472 10837 1947 13222 11626 12484 8953 5168 12187 5218 13051 7696 4144 5650 6828 5028 10625 6578 11922 11175 11725 11298 10242 5669 8957 11552 3690 13100 4091 8324 1488 16119 7138 11745 5167 15366 10940 6215 13321 11942 11251 11412 5925 13149 11992 4742 8306 2948 7103 6680 10316 8752 7846 10667 5378 1228 17844 2075 11061 1813 11461 11910 3277 5139 1351 5784 8106 8450 3787 6965 10970 11263 5659 4494 6159 13819 13103 5025 17121 4656 8307 10346 3000 8638 10866 13200 7355 8358 8089 7570 11143 5070 3019 12933 12361 8270 5076 4400 5145 7643 3424 11896 12275 9978 11330 11204 5182 2391 5442 7365 3777 10911 6390 4251 8951 7747 12770 5928 11534 6087 11223 7172 3199 9899 8992 1999 2242 11739 3579 7849 12879 4365 9656 5145 5920 718 4932 11240 1893 6037 9617 11077 4475 13401 11921 15121 6071 5170 10607 4470 4486 13424 6077 9741 11208 7261 7799 9840 10798 7838 11968 10488 6079 12240 10140 2592 11652 6678 3031 9432 11073 7004 7792 8445 5532 6158 8729 7929 10275 13191 5310 3336 17023 12936 11199 9537 2470 10862 8101 12060 2076 10953 3745 10338 12406 14611 2817 11506 11827 4865 11852 9078 8360 13277 6588 14215 5380 13357 7420 14295 13295 5388 15238 15617 7927 6900 1858 8632 12799 12259 3896 608 11917 11333 3670 11275 12377 6191 4101 4909 13810 8442 2251 7733 14735 4491 2591 665 13676 7779 7649 7601 10110 12818 3944 7599 8385 9794 8512 345 7694 10831 1721 2187 13679 11378 7725 10741 9233 7419 8078 7639 4552 4419 8664 13617 13607 7447 7753 11154 4888 5289 15261 9377 10417 9373 0 3271 8256 10865 5409 7032 9282 10406 11321 10119 13990 2263 7531 9482 6805 9039 4914 5745 6745 8467 9949 9434 12652 3438 12197 9553 2291 5599 6490 1188 8605 6507 2436 15340 10693 3286 7322 12877 5596 12185 10867 9796 5597 12679 12044 14800 4788 8188 11609 8631 6969 7067 11369 1251 11686 9697 3190 3535 7012 7218 11740 2551 10764 7233 12119 5601 5245 11312 12724 14373 10357 8906 6113 15256 10877 2172 4144 7014 8094 10953 4758 15491 6390 5938 5631 11447 13016 11515 9916 1724 8518 7628 10852 5361 10730 9037 11590 6295 10143 11833 3881 14540 12277 2914 10215 6179 7091 2162 12780 14534 12569 9495 5767 10676
16053 12021 5958 2949 923 8191 16642 8589 5987 5027 5881 7211 12559 1660 10381 9822 9847 8993 6766 15245 6053 11612 8708 7060 8315 9327 5173 7424 9839 9002 13724 12450 8096 11965 5269 8148 13969 6944 10344 6218 8057 3157 16558 6498 9201 6458 15191 10835 6329 13975 13862 12517 11964 8966 10269 12960 2267 11022 1688 4240 9622 13124 9420 5769 7411 2802 4488 18113 3044 14276 3271 14309 12910 5041 2129 2131 4331 5156 11046 2929 6647 10935 11148 3696 1408 6568 13302 12310 3678 17339 7851 11054 10766 6178 5377 12617 10880 10612 6291 4897 4987 12577 5460 2648 10414 12920 11525 8267 6576 3916 6079 5508 9483 14844 12706 14012 8058 4881 1015 2725 10635 6566 13299 3798 7450 10560 9893 11136 8926 11177 6413 12657 5582 6469 6788 8756 3001 4747 13123 3898 8243 13820 3784 7351 6977 6720 2826 2811 13059 4950 2780 12885 8917 5741 14539 12503 14731 4001 4174 12421 3973 1290 14965 3052 8399 10610 10431 7365 12953 13475 4644 11518 9323 6182 11633 12590 812 10166 3994 2951 7227 14306 10179 11063 8365 4464 8022 11988 11029 13467 10487 2348 6605 17294 13491 14385 9700 4643 11693 10957 13468 5208 11764 2873 13506 11678 14638 3919 12864 13664 5832 11512 10731 9084 12925 8815 11168 8029 12571 9633 14604 16398 7116 15470 16402 10461 10117 1653 8404 13777 10139 944 3370 11722 8158 3926 14399 11496 3318 6752 8008 16954 9248 5462 7755 15016 6846 4899 2978 13373 9608 10917 10831 13126 12855 6322 9411 9522 11128 10773 3024 5225 11372 1850 4115 14394 10935 7652 12589 11535 10590 5720 7502 1827 6011 10394 14910 14900 8392 8812 13929 3571 2147 16156 6107 13386 12585 3271 0 7783 11010 8440 4792 12511 8566 14453 7802 14747 3051 10310 10198 3613 12301 5387 3404 3562 10505 6758 11787 12771 5120 13796 11617 4009 6850 3768 4278 11291 6838 1265 16132 13335 6183 5298 16006 8053 13688 7868 12373 2336 13864 14352 15561 8053 8835 10744 6843 10218 9856 11541 4261 14876 10097 5195 1473 8858 7318 14037 5272 13967 10499 15183 5401 2197 8593 14209 13825 12134 5715 2965 15272 7861 3513 1409 10230 4884 12426 7548 15493 7796 4303 8581 12103 13531 11601 13180 4632 5326 8564 11008 5540 7669 12233 14387 8472 12663 9743 3954 14700 15173 6132 11459 3604 5533 5249 13051 13962 15461 12649 7358 10861
15718 5205 8559 5600 7744 8041 9332 8381 12206 11488 4021 12410 7612 7082 9302 4873 7938 1650 13410 14286 3644 5335 3701 11908 13561 7802 12671 9704 12569 8750 10863 5482 10161 7184 12957 1021 10616 10494 8846 6068 15775 9481 8989 1288 7099 4350 7409 3099 2203 6742 9113 6534 4803 9557 9427 6319 9908 9509 9288 6395 9511 11366 16791 4134 10460 10286 8573 10415 6193 14669 9783 12468 6334 5680 6854 7359 3646 11592 9105 4946 14352 3235 3399 11392 8734 2570 5611 4852 11460 9627 9740 9644 3600 10424 10144 7726 7408 12272 4124 10505 5552 6947 12862 5533 7842 5659 14052 9956 6168 11696 2858 11680 6755 11828 10739 11570 9619 3109 7351 6106 12933 11737 10007 11090 11277 5991 7055 5415 9338 3403 13885 7007 3069 9886 8566 1068 9760 6939 7265 4678 2132 7015 11449 5173 13401 3278 8603 5272 8228 9854 8756 14377 5452 12626 7981 5317 6990 11633 3609 7741 11626 7450 9132 6865 2586 2955 13890 15107 12759 11128 10321 3777 2729 2304 3992 9679 7376 4218 11144 5376 4779 14900 11102 13212 16039 12241 5610 13412 11221 13769 8704 9520 10017 9608 6177 14480 17313 10724 5035 10008 7596 9868 5055 5004 13598 4151 6884 5499 7003 8746 12927 3736 6202 3148 5161 6791 11132 7687 5104 7113 6996 15558 13643 7793 9176 8534 11405 8470 805 7040 6133 7074 8843 3944 9935 4589 14007 4161 10352 12146 9287 16338 16534 8659 15385 7378 6594 6589 8688 5600 6063 13236 12070 12330 5132 6599 5932 4301 5678 7879 7954 12434 4285 8573 10392 7207 3186 1024 7950 8486 11365 4928 15177 9403 12647 6207 8589 8581 3468 15921 11859 11351 9022 9083 10359 12290 13238 8256 7783 0 3455 9215 12254 13370 4175 14100 5412 7588 9965 9287 3727 9676 13721 12744 10958 7679 7089 9192 8807 5094 5519 8282 7851 10446 4179 10916 7982 9579 14322 6977 8930 10892 11194 12851 15398 13673 7980 8476 9950 8521 7480 10583 8353 10577 2875 3406 3386 11837 9054 3969 7828 14926 3050 6015 6310 15258 1546 10299 7286 14288 12979 14279 13037 6951 7478 8371 6156 7440 11079 9474 7510 8574 10158 6639 11477 8378 6919 12614 7726 4484 3829 13151 5078 6166 3952 14496 7643 8432 3484 3462 13041 8746 12815 12316 6530 9963 5748 4390 7000 13390 10200 5699 10946 13257 10016 5476 6310 13613 12796 14014 3363
15301 5196 10386 9035 10833 10990 5881 9116 14709 14119 7331 14552 5755 10067 11850 6696 10407 2018 15997 13700 5670 5914 3768 13976 15630 8050 15632 12941 13789 11592 9712 2361 13341 5560 16025 3728 9224 12290 11320 7648 18838 12242 5572 4681 9646 5959 4555 837 4760 3335 7102 4111 1604 10371 12032 3361 13209 9328 12397 9828 10018 10730 19601 7458 13756 13628 10873 7109 8928 14676 12563 11643 3429 7784 10274 10224 7066 15041 8784 8090 17417 604 922 14683 12069 4712 3622 3839 14657 6345 11054 9487 982 12465 13581 5883 9343 13094 7344 13959 8938 4721 15773 8543 10084 2277 15037 11149 7585 14881 6223 14205 9144 10463 10091 10546 12753 6140 10443 9544 13939 13930 8747 14471 13062 4949 6800 6480 10121 1763 16807 4750 6496 11732 11811 2387 12606 9085 4787 7459 3022 3845 14527 8114 15907 4998 11344 8667 6320 12179 12193 14896 7860 15338 4896 2017 4533 14950 6904 6046 14694 10817 6410 10318 4983 2488 15262 18203 12700 10218 13775 2220 4349 4907 2824 8698 10504 5575 14544 8319 7745 14976 11778 14127 19058 15414 6245 14001 11554 13823 11101 12894 11839 6288 2752 14369 20271 13297 2377 10012 5047 12117 2329 8147 13575 3272 3747 8058 4576 6683 15707 1842 5104 2843 2844 7115 13800 8561 3975 7031 3597 14918 16174 4465 5739 8359 12191 11455 2692 3915 8098 10385 11472 1483 13083 7389 13717 3747 13753 14376 10450 15743 19303 10665 18378 4006 7900 8688 11400 3098 5746 14217 12741 12039 1957 8138 5721 3659 4020 7326 10611 15838 1350 11527 13051 3808 2001 3358 6235 7678 11936 8231 18207 12714 15269 5367 5605 5599 3835 18616 10993 14540 12412 5689 13767 11860 13509 10865 11010 3455 0 10182 15618 13717 6587 13819 8229 4191 12837 9405 2137 13122 14274 15639 14292 11133 6455 12479 7966 1794 7608 5884 6754 13147 5585 14313 10301 9279 17241 10061 5500 9966 13389 16198 14879 15871 5491 11536 9191 11943 4564 8956 4928 11988 2876 3447 6498 12700 9334 531 10145 14754 1329 8029 9557 17670 3735 8732 9255 14298 14053 13719 16067 10376 10263 5733 4139 5810 14527 12899 4391 11644 12942 9976 12234 11796 4800 14693 4627 5242 7270 15007 1975 2725 660 14928 9838 11823 3693 33 15997 11867 13104 11391 7005 9049 7825 7256 3714 12491 12214 3741 14319 16538 12277 2049 4322 12659 12891 16579 216
7664 14330 2615 9564 7553 15041 13571 1159 7035 7096 11051 5797 7324 6810 16985 13855 15932 8913 8309 6808 5659 14547 6421 5152 6502 2589 9612 15266 3624 15901 6157 9885 15921 6832 10469 10209 6715 3238 16714 3287 12688 6553 14226 8705 15096 4874 14565 10656 7130 11366 7918 8524 9930 527 16989 9679 10148 3212 8354 11382 1328 5002 12163 11045 15508 10784 4265 16093 5695 6040 6793 6098 9554 4232 9842 6310 8841 13485 3572 7305 11532 10565 10932 11022 9789 6663 13755 13574 10289 15511 1278 3159 9313 4043 13749 7294 16074 3057 11448 13337 11439 8121 9471 6742 16154 10707 4894 1109 3093 10365 10253 6753 15027 7183 4762 6126 15684 7228 7436 9819 3780 5470 6165 11798 3754 6067 4064 14602 538 11546 10312 8190 9937 3061 14353 9376 7118 3781 8715 6109 7596 10485 9457 12866 7959 5937 6093 8929 7487 4827 11189 5233 13903 8280 10596 10297 14700 11440 8010 6957 9511 9458 9915 10677 11587 11661 5141 12347 4527 5619 13084 12057 11937 7082 12538 5352 7647 13399 12085 6491 12533 6154 1987 4017 12643 10662 3939 4254 2606 5168 16708 10662 3048 15331 11202 6054 13384 6350 8997 2795 8946 4536 9106 7304 5147 12870 13558 5288 8566 7964 8833 11784 6070 7355 13013 3208 18357 1622 13785 3694 12805 7960 8260 13773 13188 3271 2204 7253 9107 10349 14898 8780 5680 11602 15880 6184 5975 13087 11573 5912 605 8538 11743 3225 11935 13241 2646 3778 5990 13280 4810 4070 2905 4707 11978 2806 4738 6613 7234 4347 5536 13093 9482 7127 6550 11573 11556 8261 7006 4839 2339 11586 11984 9934 7876 5610 10518 10508 6401 10871 5856 10155 10569 12679 14423 5009 4388 5409 8440 9215 10182 0 12409 4417 12852 6034 13287 11774 7360 2399 8145 12053 4574 9293 11148 11518 4807 14586 4909 11701 4305 8720 5591 6774 5044 11894 4240 3538 10645 7285 12924 5564 5099 12651 7580 7021 8883 15051 4816 10746 9881 7348 12488 2146 7381 12412 11306 2623 1977 10542 4221 6547 8855 3883 8065 9144 7688 7082 3212 5693 3876 6745 10295 9973 14980 9388 14294 6821 14154 11395 14150 15092 7013 8835 2285 12854 7892 5743 14386 5006 9132 5512 9778 11341 10807 5406 3813 13217 6520 10157 9850 15043 3988 6264 3220 5235 14471 6414 13270 6884 3821 7731 11587 12289 4654 11552 14476 7176 4274 8699 9966
19651 15791 9793 6733 5346 9696 21354 12826 7156 6353 9390 9003 17317 6255 11710 13115 11768 13613 7016 19110 10845 15180 13499 9205 9740 13780 4329 7647 12722 10266 18168 17190 8170 16720 3535 12426 18496 10019 11915 10791 5130 5899 21189 10973 11404 11228 19579 15352 11049 18688 18584 17309 16673 12915 11492 17733 2533 15330 4104 6829 13701 17348 7490 9249 7023 2009 8144 22668 7704 17716 5710 18488 17687 9683 5457 6497 8619 2367 15447 7657 4169 15477 15652 1393 3559 11330 17537 16395 2303 21880 11517 15336 15458 9065 4649 17370 13327 13904 9692 3590 7911 17366 4748 7441 12527 17620 14255 11932 11141 2356 10021 6956 11908 19276 17006 18354 8515 9575 5656 6259 13616 8604 17839 1198 10216 15326 14519 14526 12937 15567 5027 17446 9575 9760 7717 13285 5353 9097 17914 8690 12971 18586 3356 10247 7474 11510 6327 6983 17801 7869 3785 15975 11826 6034 19324 17213 19008 972 8714 17161 3418 4806 19750 5766 12281 14888 12779 4412 16722 17821 3504 15846 13280 10905 15865 17092 5506 13778 1283 7742 10294 17661 13838 14057 5620 2437 12714 15210 14849 17010 12176 2735 9858 21858 18185 17934 6989 6654 16455 15131 18259 8189 16523 7603 17126 15831 19132 8640 17655 18404 5676 15899 15491 13852 17267 13398 11678 12374 16650 14231 19211 20159 7417 20039 21129 14900 13640 5272 12949 18549 12981 5251 6730 16175 8418 8718 18126 15550 2010 8520 11878 20605 7559 9189 5345 19609 11341 9348 6422 17730 14326 13846 14277 17079 17385 10794 14132 14315 15919 15361 6969 829 16085 5356 6225 19118 15288 12279 17322 16109 14251 8834 4944 2971 6587 15139 19702 19692 13181 7604 18186 2413 3250 20906 5373 17411 16071 7032 4792 12254 15618 12409 0 15921 11936 18162 10611 19478 5140 14561 14955 3234 15489 4842 1392 5355 15174 7217 16338 17335 9786 18574 16286 5996 11628 1461 8220 15625 5251 5997 20863 17709 8500 661 19707 9176 18474 9046 16793 3860 18653 18937 20288 11392 13595 14843 10475 13585 14097 16147 8273 18406 14794 9773 6132 8824 12005 18626 9523 17461 13407 19035 3871 5383 10487 18996 18025 16880 4019 3012 19752 8975 5591 5642 13754 5827 17212 9355 19962 12568 8475 10521 16833 18214 16175 16322 8734 6222 13353 15618 4471 8631 15783 18622 13071 17123 12667 8739 19251 19292 9151 16251 1313 1604 8136 17666 18143 19584 16322 7377 15484
3768 18322 6567 13929 11593 19452 15808 5010 9368 9840 15461 7566 9343 10958 21401 18133 20341 12806 10328 3747 9957 18647 10137 7093 7587 5705 12396 19591 3486 20313 6116 12829 20253 9068 13344 14386 6947 5902 21128 7671 14994 10071 16756 13001 19502 9127 17749 14325 11398 14081 9216 11025 13083 3953 21405 12328 13921 4518 12090 15749 3860 4302 13735 15458 19776 14546 8054 18610 10001 1797 10226 4599 12188 8649 14109 10404 13258 17330 5120 11693 14111 14191 14563 14535 13776 10887 17338 17378 13657 18157 4668 4354 12765 6862 17886 9259 20429 2025 15854 17370 15845 10445 12135 11095 20546 13680 2825 4259 7439 13672 14638 9316 19416 6617 4662 5488 20044 11623 11546 14155 2626 7652 6765 15510 5797 8939 6932 18785 4126 15276 12737 10491 14336 6194 18712 13370 10591 8087 10936 10522 11538 12977 12682 17272 9854 10128 9872 13303 9209 8056 15291 1309 18270 10734 12744 13329 18073 14955 12426 8917 12683 13633 11474 14979 15841 15546 4428 14843 1750 5263 17119 15788 16096 11367 16325 6164 11759 17588 15825 10861 16934 1795 2438 2276 14808 13844 7796 973 2178 1188 21118 14577 6084 17931 14077 2056 15187 9330 12032 3757 11048 7737 12138 11689 1455 16702 16661 9681 10884 9456 11290 15469 8845 11048 16545 6697 22764 5728 17565 6687 15701 4450 10114 16618 15391 5412 2397 11119 13145 12815 19230 12977 9370 15195 20228 10599 2548 16995 15421 7932 4649 4744 13279 7050 14168 16104 6987 8144 9740 16737 7973 2557 1681 2740 15299 7213 7998 10063 10088 6582 9495 16679 12757 10960 9712 14163 15349 12372 8860 6552 2080 16003 14333 13797 10200 8473 12410 12401 10213 12388 4876 13534 14571 14801 18599 3239 344 9282 12511 13370 13717 4417 15921 0 17182 2535 17689 14266 10788 4314 11583 16086 947 11963 14796 15784 7402 18909 6388 14986 8721 10503 7588 9944 9216 15659 8236 4672 12963 11456 15159 5408 7571 16039 3931 8292 10815 19447 5428 14847 12125 7706 14843 4549 11150 16378 15683 2340 4408 13980 8265 2502 12442 8297 12339 10265 11824 7584 7509 1554 2911 3643 13094 14235 19397 11207 17845 8933 18188 15395 17187 19485 10330 13089 2286 17134 10225 7312 17411 8935 13548 6401 12839 14241 14279 1227 7946 17517 10289 13688 12533 19425 631 4982 6897 5828 18807 10830 16267 4830 6770 10548 15302 15475 7785 14699 18028 5060 1197 10488 13508
19767 3975 11621 5636 8972 4534 12036 12177 14176 13298 2690 14868 11692 8682 5281 1256 3856 5554 15173 18385 7225 3252 7874 14484 16048 11802 13729 6859 15897 5045 15038 8938 7115 11301 13723 3248 14785 13443 4774 9571 16403 11231 11266 4190 3065 8061 8710 5838 5802 9788 13177 10415 8185 13261 5451 9912 10116 13577 10254 5113 13358 15497 17977 2810 7798 10256 11125 12199 8445 18597 11467 16617 9963 8817 6755 9173 4622 10520 13209 6619 15045 6073 5974 11511 8913 6343 6417 5034 11938 11409 13133 13704 7184 13126 8426 11811 3277 15869 2304 9154 4026 10912 14026 7389 3675 8807 17495 13418 9764 12195 2781 13652 2618 16001 14877 15739 6469 5716 8635 5968 16396 14171 14181 10747 14189 10156 11185 2610 13067 5354 14965 10963 3237 12828 5814 4796 11312 9856 11141 7189 6307 10431 12296 1921 15297 7115 10487 5791 12306 12255 8151 18085 1304 14213 11482 8597 7858 11613 5289 11854 12488 7645 12912 6204 1666 4412 17053 15673 16737 15291 9055 5313 2290 5822 4989 13852 8555 1919 10670 7414 1715 18798 14817 16725 16772 12740 9600 17106 15088 17692 4590 9382 12972 11494 9190 18451 18149 12689 8755 14018 11446 12365 8744 6661 17552 4724 8723 8150 10895 12792 14366 5590 10366 7295 6514 10809 7215 11455 5251 11214 9382 19660 15484 9879 12003 12619 15052 9861 4782 10501 2049 7638 10892 6093 6810 7093 18038 4232 9929 14507 12805 20426 17814 11538 16216 9636 10214 9599 10614 6965 10219 16705 15757 16380 7423 10073 10079 8465 9754 12033 10064 11833 7815 10024 12239 10256 4994 5170 12063 12654 15123 3102 15922 9622 14396 10381 12182 12176 7631 17369 16015 11866 8829 12089 8316 16375 17085 10406 8566 4175 6587 12852 11936 17182 0 18127 1814 10630 11443 13281 7691 8806 17426 13953 10907 6608 11257 6563 12976 7572 8695 12210 12024 12215 8017 10477 10574 13672 15385 8348 11804 15058 13661 12594 19474 15996 11864 5189 14106 8126 11118 14731 11269 13852 7034 3779 1780 15425 13003 6945 10441 18912 6833 9185 7296 17209 5596 14453 10339 18219 16395 18373 13898 6777 3711 12190 6768 11560 9462 8924 9209 5306 11799 7160 15136 6602 10917 15137 9355 8519 4486 15896 8541 9112 6752 18245 10421 6424 7656 6610 14092 5598 16664 16476 10516 14132 1628 6839 9094 17543 12947 9705 10672 13292 12486 8154 6831 17771 16721 15782 6616
1666 18745 8520 15527 13553 20848 14935 6198 11821 12234 16703 10057 8716 12836 22685 18963 21528 13260 12826 1243 11004 19196 10565 9557 10118 6325 14808 21252 6002 21698 4824 12530 21900 8597 15745 15118 5643 8206 22360 8984 17488 12268 16035 13953 20675 10145 17453 14520 12345 13572 8192 10543 12918 5509 22719 11860 16043 4605 14219 17334 5009 3210 16269 16719 21526 16676 10115 17835 11719 1392 12453 2824 11717 10106 15867 12322 14596 19427 5077 13246 16567 14352 14716 16769 15779 11790 17373 17619 15936 17474 6677 4463 12838 9176 19780 8609 21404 4453 17065 19348 17296 9899 14566 12735 21645 13361 5281 6256 8688 15969 15767 11734 20513 4930 3808 3996 21632 12843 13455 15811 5158 10098 5704 17668 8205 8873 7143 19448 5587 15497 15207 9928 15528 8406 20307 13909 12809 9811 10290 11978 12093 12375 14996 18465 12359 11018 11963 14883 8424 10307 17214 3383 19298 13185 11944 13067 17916 17191 13768 8302 15011 15490 10411 16687 16661 15908 6943 17315 1508 4014 19096 15996 16769 12343 16571 5361 13668 18277 17971 12468 18103 1790 4331 4810 17315 16177 8528 3493 3428 1358 22313 16627 8314 17225 13675 841 17716 11668 11837 4109 10323 9987 11935 13251 1096 16984 16333 11240 10300 8516 13746 15643 8728 11402 16557 7323 24178 6908 17777 7017 15255 2000 12624 16109 14512 5594 4532 13179 13740 12205 20160 14813 11493 15296 21842 12042 105 17350 17511 10403 6445 2504 15813 9072 16667 15622 8257 9783 11842 16680 8205 5090 3955 1791 15175 8612 8289 10290 9903 6498 11492 18895 12695 13035 12011 13570 15626 13077 8190 6176 3916 17337 16820 15873 12664 8453 11479 11472 10716 14922 3353 15808 16566 13895 20456 1984 2261 11321 14453 14100 13819 6034 18162 2535 18127 0 18853 13605 13024 4849 11705 18063 3379 14392 16979 17541 7370 20575 5917 14844 10141 9635 7176 12244 10129 17792 10199 4583 15448 13316 14308 4238 9972 18324 1556 10822 10009 20926 4722 16770 11416 6352 14076 6792 11564 16806 16775 4672 5160 13993 10200 996 12639 9788 14092 12800 12578 6327 9245 1238 5445 1135 15508 15999 20685 10307 17842 8405 20167 17394 16797 20976 12594 14864 4419 18871 9701 9816 17006 9627 14905 8931 12619 13849 14309 3053 9821 19224 10752 13787 14963 20954 2435 3230 7611 4987 19752 12251 15874 2647 9052 10302 17458 17816 10055 14465 18021 2807 1840 13005 13622
20512 5682 11735 4882 8364 2769 13803 12747 13673 12747 2272 14577 13024 8254 3927 2658 2675 6960 14553 19217 7849 4846 8998 14260 15747 12567 12853 5049 16066 3377 16119 10549 5302 12588 12734 4645 15942 13441 3530 10018 15310 10726 13065 5022 1822 8709 10522 7522 6568 11494 14524 11886 9805 13736 4029 11493 9036 14399 9464 3849 13949 16408 17068 2310 5996 9083 10995 14013 8325 19203 10924 17565 11533 9097 5788 8805 4532 9001 14089 6431 13999 7750 7686 10347 7883 7143 8227 6838 10891 13223 13397 14513 8735 13002 6786 13137 3099 16221 1850 7593 2860 12336 13183 7188 2886 10485 17716 13721 10261 11147 3087 13163 1790 17130 15807 16768 4660 6066 8075 5082 16646 13886 15311 9448 14148 11351 12137 4057 13566 7115 14068 12393 3353 12838 4021 6223 10718 9966 12617 7300 7490 12066 11377 463 14733 7898 10075 5225 13639 12008 6874 18495 1215 13541 13101 10246 9661 10397 5334 13145 11569 6713 14440 5064 3250 6180 17102 14570 17414 16294 7520 7104 4052 6548 6798 14910 7955 3662 9330 7290 755 19372 15274 17005 15711 11677 10402 17516 15671 18301 3461 8208 12986 13307 10896 19106 17106 12225 10284 14761 12936 12162 10283 6460 18194 6538 10531 8238 12362 14156 13627 7366 11565 8549 8326 11611 5721 12020 7049 12115 11164 20490 14892 11683 13755 13478 15453 9267 6131 12125 2398 6858 10535 7855 5001 7211 18770 6044 8631 14178 13159 21227 16945 11557 15200 11429 10711 9771 10215 8778 11241 16955 16178 17151 9195 10481 11084 9675 11090 13028 9775 10422 9392 9448 11738 11965 6755 6309 13354 13698 15610 2089 14880 8569 13788 11522 13777 13771 8718 16575 16989 10835 7664 13816 6603 17195 17626 10119 7802 5412 8229 13287 10611 17689 1814 18853 0 12343 10812 14016 9101 7404 17840 13131 9703 5264 12307 4776 14019 9328 9003 13660 13165 11681 8752 9154 10487 14529 14472 7847 13549 16071 13404 11273 20262 15615 13338 3385 15091 6927 12693 15956 13006 14028 8267 5588 2121 15777 13693 8624 10370 19581 8314 9463 6728 16633 6625 15665 10498 18832 16613 19195 12941 5776 2072 13698 8569 12842 7822 7626 11022 3501 11223 6409 15546 5014 12318 14873 11169 9397 4291 15730 10146 10828 8454 18687 10433 4776 8774 8250 13204 3785 17210 17459 11292 15163 2058 6961 10894 18499 12851 11098 9398 12051 12266 9895 8626 18741 17341 15151 8235
14806 8278 12808 13070 14427 15112 1931 10616 17562 17129 11520 17025 4938 13584 15807 10528 14355 6001 18900 13116 8876 9221 6294 16398 17978 9233 18969 17127 15316 15672 8860 2302 17515 5205 19481 7918 8120 14530 15252 10174 22247 15454 2496 8740 13644 8823 4333 4826 8429 856 5523 3289 2825 11778 16011 2106 17000 9782 15971 13983 11144 10405 22684 11646 17947 17470 13705 4365 12278 14745 15783 10957 2224 10722 14271 13622 11100 19085 9173 11830 20848 4604 4659 18442 15920 8186 5502 6616 18292 3894 12905 9943 4056 14941 17731 5032 13072 14236 11534 18062 13117 3823 19048 12148 13937 1930 16220 12867 9982 18499 10403 17098 13090 9198 9844 9740 16919 9903 14051 13581 15220 16485 7921 18370 15240 5707 7747 9979 11527 5311 20073 3775 10655 14062 15998 6530 15894 11919 3340 10950 6508 1303 18021 12260 18723 8165 14573 12644 5181 14958 16212 15557 11855 18399 1768 2289 5171 18743 10816 5364 18172 14726 3659 14400 9096 6250 16865 21663 12859 9610 17869 5479 8342 8575 5988 8266 14146 9323 18472 11880 11900 15108 12878 15292 22409 19009 8250 14805 12292 14016 15001 16791 14138 3665 1450 14319 23527 16276 3130 10572 3282 14825 3041 11885 13697 6414 3271 11329 3382 5146 18833 5129 5710 5706 4832 8593 17785 10291 6592 8102 2003 14169 19011 2605 1655 9007 13371 14924 6793 1456 11904 14229 14587 4593 17251 10899 13501 7001 17691 16951 12210 14995 22342 13234 21705 2212 10148 11520 14598 4607 6981 15451 13743 11985 3384 10554 7077 5637 4552 7775 13795 19768 3402 14961 16130 383 5666 7272 5445 7714 12903 12422 21582 16523 18231 6166 2471 2473 6552 21579 10334 18168 16340 1498 17940 11652 13985 13990 14747 7588 4191 11774 19478 14266 10630 13605 12343 0 16145 10191 4572 17166 15018 18898 18116 15245 7071 16669 7885 3143 10557 4019 6681 16264 8391 18240 13190 9599 20496 13673 1386 9376 15973 20025 14287 18350 3615 15687 8957 15930 2190 7555 817 13854 5931 7062 10683 13920 10315 3739 13043 14600 4703 10864 13349 20330 7483 7463 11915 14400 15402 13167 19477 14382 14338 3418 5689 5332 18658 16889 3495 15797 16153 13859 13380 15963 4048 17092 3650 7661 11332 17153 2645 1517 3890 15484 12650 16003 6370 4177 19318 16031 13636 10605 8660 8637 11693 10824 2680 11617 14680 4057 18204 20263 14986 2517 5817 11695 13215 19441 4244
14512 14656 4763 5931 2473 11217 18075 7909 2950 1981 8794 4374 13099 2902 13410 12697 12898 10868 3745 13985 7291 14353 9860 4373 5396 9029 2824 10228 7670 12014 13323 13862 10888 12505 3408 10533 13739 4893 13387 6354 6108 821 18209 8749 12249 7346 17263 12829 8095 15451 14201 13481 13506 7850 13288 14179 3292 10412 1618 7288 8676 12350 6826 8693 10058 3871 3134 19893 3915 12585 572 13458 14103 5492 5175 2622 6949 6663 10604 5095 4726 12884 13152 3750 3635 8136 15576 14735 2935 19154 6398 10398 12396 3954 7771 13129 13903 8778 9220 7007 8026 13390 2936 4437 13461 14463 9270 6809 6663 3005 8806 2496 12517 14408 12059 13421 10931 6860 2812 5762 8547 3807 13109 4765 5157 11207 10000 13955 7896 13336 3970 13471 8309 4620 9712 10808 265 4505 13983 5385 9859 15066 2134 10356 3929 8003 1592 5662 13503 2732 5298 10897 11897 2772 15621 14025 16937 4171 6536 12870 2222 4293 15683 6082 11064 12908 7934 5555 11591 12897 6775 13737 11915 7950 13947 12326 2890 12916 5095 4592 10207 12539 8704 8989 6267 3328 8419 10100 9732 11871 13536 4147 4717 19070 15040 12795 7436 1754 13016 10131 14307 3052 13104 5040 11985 14061 16573 4830 13747 14089 2985 13663 11337 10467 15095 8838 14107 7558 14994 9667 16341 15021 4080 17267 17784 10106 8500 1585 10445 14991 13115 3978 1765 13784 10994 5461 12989 13962 4817 3889 6803 15465 6575 4142 5567 16775 6744 4853 1602 15516 10041 8793 9139 11979 14772 6199 9861 10580 12026 10747 2381 5890 12917 1435 1226 15824 13145 9578 13004 11457 9116 8724 5438 3337 2976 10924 15856 15846 9593 6007 13200 2803 4355 17448 8569 12329 10933 2263 3051 9965 12837 7360 5140 10788 11443 13024 10812 16145 0 9617 11600 5804 10387 2802 4028 6477 10725 9588 11647 14631 5644 14457 11807 1047 7779 4953 3367 10721 4404 3126 17507 12808 3554 5315 14567 5060 14440 10855 11943 4917 14903 14255 16959 6253 10274 13195 9679 8450 9154 13355 3465 13268 11734 5437 4148 5822 9121 13953 4782 12325 8356 13908 3355 5234 11643 14978 16120 12620 7787 5088 17218 10840 532 4407 8614 7721 13203 4729 17450 8608 7008 5847 13567 15111 13475 11234 3941 8180 9775 12828 3177 10622 10643 13619 8551 12308 12709 5619 16544 14232 4021 12438 4563 4937 3007 14806 16273 14524 11184 4348 12659
6500 14089 4863 10928 9477 16076 11864 1738 9434 9481 11888 8148 5408 8650 17867 14136 16690 8568 10703 5247 6168 14470 5874 7509 8766 1486 11975 16648 5299 16918 3764 8586 17280 5016 12813 10308 4319 5622 17530 4323 15079 8798 12686 9104 15836 5308 13475 10022 7496 9919 5733 6904 8797 2061 17909 8171 12203 814 10464 12701 1164 2814 14547 11911 17004 12835 6484 14556 7352 5399 9061 4001 8034 5518 11426 8227 9831 15448 1229 8648 13907 9884 10255 13191 11704 6942 13024 13089 12519 14048 3648 782 8451 6442 15452 5351 16558 4056 12240 15153 12570 6388 11848 8235 16797 9436 6033 3379 3991 12613 10929 9150 15666 4812 2447 3806 16967 8043 9296 11261 5065 7856 3787 13863 6079 4666 2623 14672 1892 10979 12703 6446 10704 5460 15656 9172 9365 5568 6937 7327 7340 8888 11739 13633 10346 6170 8242 10277 5442 7186 12970 5521 14449 10675 8812 9068 13770 13603 9012 5001 11805 11186 7863 12175 11832 11284 6839 14726 3472 3280 14901 11489 11983 7495 12035 2976 9499 13489 14130 7941 13268 5655 2710 5108 15039 12941 3688 4676 2168 4507 17476 12616 5447 13839 9863 5192 15781 8718 7761 746 7111 6904 7869 8661 4316 12421 12401 6705 6839 5845 11227 11165 4592 6767 12232 2497 19403 2296 13270 2374 11491 6506 10646 12429 11460 1185 3221 9317 8976 8735 15318 10497 7885 10883 17196 7380 4762 12735 13560 8290 3004 7219 14123 5486 14331 11906 3602 5420 8157 12425 3659 5278 3552 3140 10997 4055 3688 5754 5838 2419 7599 15206 8452 9214 8887 10048 11063 8268 5002 2670 2712 12552 14374 11936 10275 4193 8611 8601 5981 13247 3633 12383 12456 10906 16070 3239 4107 7531 10310 9287 9405 2399 14561 4314 13281 4849 14016 10191 9617 0 7270 13888 4924 11670 13254 13071 3156 15981 2657 10687 5518 6732 3598 9107 5280 13927 6343 1139 13040 9082 11210 3198 7495 14849 6251 9329 6965 16194 2417 12534 8136 4967 10835 4404 6888 12142 11930 3771 464 9667 6289 5641 8135 5251 9685 11463 7754 4711 5074 5016 5271 5214 12651 11562 15873 7430 13531 4937 15960 13269 12945 16251 9308 10466 3215 14361 6159 8066 13173 4804 10146 7701 8569 10020 9965 5530 5831 14681 6041 9375 12223 16253 3699 4083 2767 2838 14907 7567 12031 4883 6219 6314 13653 14552 7030 10422 13714 5166 3543 11084 9195
13207 7135 8608 8730 9857 11764 6493 7050 13174 12674 7707 12829 4025 9012 12939 8094 11537 2146 14495 11627 4313 7728 1864 12227 13860 5931 14423 13384 11767 12461 7743 2272 13863 3697 14917 4473 7332 10458 12454 5878 17693 10929 6642 4585 10720 4345 6428 2817 3926 3852 5493 2809 1948 8302 13083 2806 12459 7194 11399 9874 7909 8649 18219 7810 14100 12946 9303 8403 7715 12543 11256 9605 2780 6248 9870 9056 6798 14699 6655 7299 16288 2648 3014 13889 11406 3630 5755 5916 13722 7713 9087 7353 1186 10729 13551 4147 10750 11005 7841 13771 9147 3236 14517 7584 11344 2883 12962 9149 5755 13928 6529 12690 10310 8574 8008 8549 13333 5406 9482 9235 11873 12239 6801 13869 11213 2861 4663 8163 8049 3796 15546 3292 6652 9929 12249 2898 11352 7499 3539 6378 2029 3635 13452 8887 14357 3600 10040 8244 4633 10589 11817 12769 8995 13930 4455 2441 6569 14198 6393 4232 13605 10251 5418 10109 6026 4300 13264 17101 10568 8188 13562 4291 5692 4067 4872 6670 9581 7114 13989 7312 8495 12841 9677 12045 17866 14437 4242 11881 9423 11688 12281 12297 10025 7589 3455 12242 19008 11829 1503 7875 3872 10489 1568 7352 11443 5296 5459 6773 3277 5103 14344 3939 3033 1135 4964 5019 14812 6534 6073 4897 4889 12859 14636 5858 6226 6223 10101 10354 2972 3608 9469 9722 10085 3619 13646 6329 11604 5702 13217 12697 8453 13679 17892 8956 17166 5335 6016 7097 10073 5179 3611 12146 10633 9921 3832 6326 3591 1546 2112 5207 9269 15280 1398 10394 11647 4236 3948 3040 4436 5599 9822 8607 17033 11991 13799 3254 4972 4963 2054 17158 8959 13597 11867 5958 13857 9755 11373 9482 10198 3727 2137 8145 14955 11583 7691 11705 9101 4572 11600 7270 0 12790 12151 14370 13584 10999 4335 12847 5897 3560 6077 4561 4726 11769 3924 13756 8760 7150 15972 9105 5953 7938 11708 15489 12799 14157 4254 12202 7120 11506 3863 7160 5389 10033 1364 5250 7112 10619 7209 2417 8608 12632 971 6431 8824 16046 3073 6906 7576 12164 11999 11642 14920 9989 11173 4651 6263 3957 14421 12459 6075 12298 11630 9375 10141 11871 3228 12939 6315 3358 7067 13160 1968 3542 2703 12796 8248 11981 1878 2107 14776 12465 10969 9375 4936 7009 9136 6260 5244 10476 10472 2014 13697 15701 10650 3473 6446 10659 10754 15056 1931
19657 12724 9556 4096 4511 6516 18976 12179 8579 7623 6373 10171 15677 5256 8595 9953 8560 11178 8912 18857 9062 12059 11581 10169 11146 12841 6500 4740 13274 7140 17212 14933 5349 15098 6027 9678 17403 10389 8756 9702 8211 6279 18662 8447 8174 9638 16798 12748 8885 16341 17060 15366 14341 12579 8397 15595 2612 14581 4214 3705 13229 16696 10346 6229 4359 2234 8033 20026 6549 17861 6253 17889 15569 8494 2923 5744 6069 1920 14571 5739 7055 12901 13030 3327 2315 9279 14667 13453 4193 19229 11441 14620 13110 9544 1977 15750 10094 14156 6627 1286 4796 15529 6911 5838 9307 15256 14933 11859 10060 4415 7159 8209 8674 18333 16259 17546 5561 7427 4620 3585 14106 9610 16727 2139 10808 13674 13274 11370 12538 12837 7538 15606 6762 9966 4594 10739 5894 8343 16028 7017 10762 16405 5074 7056 9274 9639 6250 4547 16218 8281 990 16400 8618 7830 17241 14877 16150 3225 6397 15592 5234 2761 17922 2834 9313 12084 13699 7471 16565 17009 1034 13064 10325 8753 13016 16050 4411 10685 1955 6158 7130 17878 13778 14541 8668 4836 11348 15526 14641 17063 9002 1663 10094 19233 15801 17983 10066 7557 14285 14548 16378 8573 14338 5699 17109 12934 16454 7314 15760 16821 7667 13162 13863 11754 14474 12250 8795 11596 13703 13046 16667 20011 9313 17436 18793 13972 13699 4993 10432 16391 9760 3437 6780 13492 5532 7012 18010 12604 1394 9682 11618 20563 10332 9040 8278 17040 10366 8467 6393 14945 12862 14376 14405 16736 14765 9861 12664 12420 14068 14183 6595 3029 13771 5167 7028 16793 12532 9894 15774 14950 14190 5723 7906 2467 8285 13576 17708 17698 11248 10195 17490 4201 1520 18638 2785 16990 16171 6805 3613 9676 13122 12053 3234 16086 8806 18063 7404 17166 5804 13888 12790 0 15834 6933 2630 2204 13828 4203 15218 14756 8546 16814 14928 6848 9981 1813 7874 14840 7867 4807 18536 16858 9330 3892 19617 10729 16651 5911 15882 1381 16618 17735 17957 11585 11473 11930 7459 13774 13439 13642 7864 18473 12469 8696 4335 10949 9730 17418 8878 17558 13948 18796 6315 2802 7271 17147 15129 15292 2106 718 17052 5852 6336 3600 13813 2619 15405 10528 17251 10935 5853 11651 14551 15807 13626 16708 8244 3039 11404 13127 6774 5533 15826 17953 11899 16149 9455 6945 16633 18762 9541 14332 2153 4760 8582 15152 15235 19049 16254 9409 13015
4411 18753 6432 13900 11378 19493 16601 5345 8760 9300 15591 6913 10120 10800 21487 18418 20472 13258 9649 4615 10220 19033 10625 6488 6831 6225 11824 19502 2834 20356 7026 13503 20169 9813 12781 14728 7852 5503 21237 7860 14311 9706 17513 13270 19642 9415 18399 14850 11683 14800 10066 11755 13720 4176 21477 13047 13584 5237 11759 15716 4282 5217 12954 15579 19640 14201 7814 19375 9945 2375 9835 5546 12908 8749 13994 10228 13359 16997 5846 11705 13483 14727 15099 14113 13519 11196 17896 17873 13205 18902 4561 5075 13336 6434 17675 10041 20647 1696 15995 17112 15876 11195 11543 11068 20714 14353 1908 4184 7662 13204 14821 8752 19589 7556 5545 6420 19990 11792 11363 14095 1929 7067 7642 15141 5284 9588 7541 19129 4385 15787 12094 11244 14495 5872 18660 13788 10205 8058 11703 10595 11968 13723 12204 17413 9163 10451 9587 13289 10018 7669 15075 660 18475 10122 13534 13990 18683 14531 12533 9695 12192 13466 12319 14887 16141 16009 3571 14194 2695 6178 16864 16300 16450 11641 16822 7011 11574 17928 15464 10854 17086 2218 2621 1516 14104 13344 8219 326 2757 2025 21243 14286 5749 18682 14770 2772 14427 8851 12684 4452 11831 7354 12792 11696 2344 17186 17323 9714 11638 10291 10670 15994 9509 11549 17114 7184 22786 6034 18067 7267 16397 5199 9413 17326 16186 6072 2387 10843 13546 13564 19472 12826 9067 15744 20161 10677 3406 17455 15099 7309 4687 5390 12497 6856 13480 16807 7213 8161 9449 17324 8554 1782 1669 3679 15912 7372 8561 10615 10755 7277 9278 16264 13367 10675 9265 14901 15841 12740 9650 7314 2369 16088 13662 13493 9575 9116 13227 13218 10675 11612 5814 13086 14315 15604 18407 4181 1291 9039 12301 13721 14274 4574 15489 947 17426 3379 17840 15018 10387 4924 12151 15834 0 11374 14413 15660 8067 18820 7173 15605 8838 11318 8340 9494 9544 15307 8060 5425 12300 11304 15949 6314 7043 15573 4660 7544 11617 19449 6273 14634 12899 8612 15617 4251 11631 16815 15876 2116 4942 14562 8106 3150 12979 8387 12240 9463 12179 8480 7484 2251 2189 4508 12518 14116 19486 12024 18412 9693 17927 15133 17864 19482 9908 12971 2296 17016 10971 6637 18090 9350 13639 5660 13492 14930 14854 882 7830 17412 10764 14246 11940 19403 1476 5928 7348 6686 19044 10917 16947 5765 6375 11226 14936 14962 7384 15345 18595 5991 2134 9772 14062
15728 17330 6885 8330 5083 13115 20828 10055 2619 2207 11268 4508 15647 5663 15289 15209 14973 13670 2178 15473 10072 16970 12604 4886 5027 11322 518 11663 8540 13847 15433 16624 12281 15060 1455 13278 15936 6274 15351 8936 3466 3443 20993 11513 14405 10078 20063 15630 10897 18218 16658 16154 16286 9722 15128 16906 4405 12484 3699 9393 10614 14254 4071 11155 11274 4700 5447 22688 6713 13715 3115 15277 16825 8191 7346 5423 9598 7033 12765 7834 2240 15686 15952 3793 5348 10935 18354 17481 2788 21951 8139 12443 15188 5331 8843 15666 16171 9955 11676 7879 10278 16022 179 7211 15611 17241 9893 8505 9215 2613 11418 2659 14752 16474 14053 15414 12461 9647 5462 8059 9447 4313 15339 5141 6186 13815 12442 16517 9825 16125 1176 16102 10919 6260 11379 13603 3033 7088 16623 8187 12656 17794 1872 12689 2650 10782 4330 8180 16011 4492 6802 11771 14274 1288 18309 16802 19725 4096 9259 15388 1702 6420 18265 8144 13716 15678 8280 3057 13070 14911 7699 16520 14601 10752 16716 14535 5489 15525 5476 7382 12590 13592 10235 9872 3539 2405 11007 11134 11353 13124 15543 5391 6303 21865 17818 14019 4641 2956 15768 12078 16938 4766 15858 7777 13306 16816 19375 7615 16395 16581 838 16454 13931 13241 17886 11281 15698 9835 17741 12089 19135 16378 2576 20064 20528 12331 9915 4283 13240 17713 15496 6320 4329 16582 12454 8262 14375 16696 5611 4076 8694 16706 3868 6281 2822 19571 9225 7466 4300 18310 12603 9627 10438 13622 17574 8703 12432 13300 14695 13113 5104 5668 15700 4172 2882 18583 15928 12377 15507 13781 10622 11069 2764 4751 1863 13501 18507 18497 12348 3446 15109 2753 5822 20176 9648 14031 12173 4914 5387 12744 15639 9293 4842 11963 13953 14392 13131 18898 2802 11670 14370 6933 11374 0 4422 8287 13194 11093 13937 17433 8352 17030 14241 2701 10511 5448 5848 12806 1605 5815 20252 14855 4425 4650 15879 4405 17043 12634 14071 6541 17585 16511 19709 7699 13055 15931 12223 9720 11223 16155 5976 14458 14528 8092 6719 4054 11923 16222 7253 13515 9198 15384 1156 7367 13682 17583 18896 15155 8528 6304 20020 12596 2745 6795 10022 9330 15826 4827 20252 11302 9620 5959 16338 17892 16277 12140 6427 9791 12529 15629 572 12321 11957 15490 11026 14468 15108 8418 19344 15965 5515 15123 5007 3787 4641 17604 19046 16252 12590 2552 15460
18498 14687 8538 5518 3961 9106 19999 11516 6403 5513 8294 8165 15926 4869 11212 12117 11109 12281 6510 17895 9456 14126 12112 8288 9013 12435 3954 7350 11694 9756 16830 15825 7940 15330 3406 11179 17143 8914 11353 9421 5652 4726 19860 9673 10664 9837 18319 14051 9687 17332 17197 15921 15318 11661 11019 16356 1142 14014 2797 5860 12425 16052 7717 8157 6886 677 6896 21363 6319 16593 4578 17204 16308 8302 4256 5130 7344 2716 14114 6288 4439 14170 14355 697 2225 9956 16316 15211 1634 20579 10309 14025 14108 7981 4446 15980 12550 12794 8625 3460 6911 15974 4377 6052 11829 16269 13277 10728 9773 1826 8836 6122 11118 17942 15695 17036 8183 8218 4266 5070 12574 7695 16483 765 9180 13934 13146 13514 11671 14300 4928 16055 8373 8607 7218 11977 4209 7753 16524 7301 11609 17212 2640 9311 6919 10124 5056 5707 16412 6748 2843 14924 10911 5454 17941 15858 17778 707 7389 15772 2768 3519 18359 4704 11129 13649 11877 4908 15522 16502 3288 14597 12117 9542 14641 15742 4115 12704 1110 6353 9317 16557 12648 13016 6087 2210 11330 14124 13631 15861 11587 1529 8713 20550 16836 16786 7489 5671 15082 13841 16868 7065 15151 6234 15959 14628 17842 7251 16265 17016 5206 14634 14100 12476 16016 12030 11412 11044 15469 12862 17888 18969 6916 18728 19770 13559 12478 3940 11636 17172 12097 3907 5494 14893 8141 7331 16939 14372 1239 7673 10633 19442 7703 7946 5664 18291 9983 7991 5162 16477 12940 12817 13136 15840 16083 9438 12745 12926 14528 13994 5656 1952 14728 4041 5195 17759 14031 10944 15935 14745 13063 7816 5301 1594 5963 13750 18314 18304 11796 7585 16885 1676 2080 19538 5244 16157 14930 5745 3404 10958 14292 11148 1392 14796 10907 16979 9703 18116 4028 13254 13584 2630 14413 4422 0 4464 13795 6830 14978 16023 8403 17182 14907 4977 10237 1036 6928 14305 5244 4605 19502 16384 7524 1910 18530 8513 17083 8527 15458 2787 17268 17574 18928 10250 12222 13650 9366 12456 12791 14823 6971 17264 13441 8400 4768 8475 10653 17261 8196 16325 12379 17823 3704 4200 9812 17605 16815 15490 4113 2140 18467 8472 4522 4322 12592 5209 15820 8522 18680 11176 7223 9682 15472 16868 14859 15261 7423 5647 11968 14291 4198 8159 14627 17326 11700 15781 11759 7356 17945 18022 8041 14862 595 2391 7029 16340 16938 18314 15141 6957 14154
19181 10520 9233 2338 4437 4831 17011 11436 9421 8446 4183 10756 14176 4871 7013 7767 6719 9245 10025 18218 7639 9859 9976 10621 11841 11872 7931 3881 13315 5583 16132 13060 4554 13617 7658 7584 16229 10434 7064 8758 10108 6702 16626 6508 6221 8331 14658 10703 7187 14407 15613 13677 12431 12038 6865 13786 3940 13693 4896 1501 12571 15829 12031 4038 3994 3876 7919 17934 5823 17508 6784 17034 13772 7553 1677 5458 4202 4019 13598 4472 8845 10869 10974 5129 2956 7650 12500 11267 5782 17134 11126 13755 11203 9712 2579 14259 8090 13964 4425 2828 2592 13904 8306 4838 7403 13321 15010 11527 9103 6032 5033 8973 6657 17244 15336 16558 4496 5810 4354 1884 14078 10121 15552 4184 10980 12200 12082 9182 11954 10731 9088 13978 4672 9923 3239 8746 6479 7739 14365 5819 8980 14563 6437 4893 10307 8125 6373 2943 14745 8500 1622 16267 6478 8950 15449 12959 13985 5148 4708 14137 6621 2279 16275 937 7128 9949 13975 9365 16033 16028 2653 10934 8140 7069 10859 14933 4153 8482 4077 5130 4944 17574 13386 14496 10530 6534 10131 15341 14121 16662 7261 3020 10064 17150 13850 17563 11932 8160 12471 13775 14716 8749 12515 4448 16662 10762 14355 6367 14095 15340 8911 11051 12400 10025 12336 11156 7632 10785 11515 11901 14630 19425 10404 15367 16850 12978 13390 5212 8460 14563 7648 2853 6915 11405 4600 5786 17478 10418 3367 10290 11167 20041 11957 8814 10064 14990 9471 7760 6527 12807 11531 14368 14121 16076 12700 9023 11337 10810 12457 13015 6457 5226 11878 5408 7625 14867 10416 8014 14329 13777 13784 3519 9721 3541 9314 12162 15964 15955 9640 11697 16578 5747 2508 16732 3045 16272 15823 6745 3562 7679 11133 11518 5355 15784 6608 17541 5264 15245 6477 13071 10999 2204 15660 8287 4464 0 12554 3206 14066 12711 7562 15222 13623 7494 8617 3895 7608 13922 9464 4364 16600 15854 9745 6016 19075 11536 15021 4394 14856 1763 14859 16485 16022 11448 9733 9756 5266 13551 12645 11642 7555 18056 10585 7825 3454 12121 7929 16169 8312 17179 13961 18168 7902 1549 5420 15496 12954 13829 3424 2362 14944 4372 6981 2695 13499 1356 13800 11097 15136 9545 3937 12141 12668 13844 11603 16542 7841 1774 9780 11140 8254 4144 15448 17051 10799 15076 7322 5652 14561 17940 9650 12672 4135 6790 8798 13137 13056 18218 15790 10581 11041
8886 11408 6424 10241 9836 14685 8805 3663 11336 11138 10412 10423 2551 8930 16234 11926 14936 5999 12674 7336 4940 11916 3392 9775 11244 2218 13400 15731 8263 15481 3813 5436 16310 2029 14115 8069 3721 7841 15825 4412 16660 9923 9558 7291 14082 4226 10347 7150 5830 6767 3476 3783 5685 4744 16324 5024 12668 2908 11143 11841 4074 4361 16560 10470 16253 13263 7748 11431 7484 8233 10234 5403 4890 5493 11050 8687 8700 15592 2338 8136 15361 6982 7347 13890 11899 5257 10037 10249 13415 10905 6023 3071 5477 8444 15096 2540 14497 7172 10689 15013 11449 3326 13365 7996 14906 6287 9159 5916 4080 13562 9309 10949 13800 4849 3720 4483 15896 6874 9552 10670 8149 9983 3057 14284 8472 1543 776 12243 4498 8127 14322 3392 9213 7478 14651 6699 10460 6228 3913 6817 4969 5769 12830 11986 12401 4582 9168 9615 2828 8806 12849 8648 12514 12409 5797 5928 10688 14272 7978 2227 12937 11070 5189 11619 9670 8565 9815 16198 6258 4040 14772 8625 9614 5888 9202 2604 9723 11111 14496 7675 11597 8544 5812 8230 16709 13982 2487 7827 5310 7395 15715 12845 7521 10701 6707 7915 17632 10298 4630 3646 4139 8592 4736 8169 7134 9618 9262 6587 3775 3388 12920 8273 1444 4117 9228 1916 17947 3526 10407 1153 8336 8587 12701 9273 8412 1995 6302 9968 6588 5621 13219 10408 8974 7935 16166 6830 7270 9997 13817 10447 5310 9396 16168 6977 15989 8750 3985 5907 9132 9384 1075 8383 6698 5586 7917 4526 1252 2956 2689 872 8404 15700 5387 9924 10313 6910 8262 6087 2324 1398 5858 11207 15959 12299 12113 1092 5715 5705 3626 15334 4780 13278 12559 7888 15596 5427 7161 8467 10505 7089 6455 4807 15174 7402 11257 7370 12307 7071 10725 3156 4335 13828 8067 13194 13795 12554 0 15104 1720 7598 5396 3964 1113 10500 3946 14273 7383 2829 14707 9244 8153 3803 9525 15578 8495 11708 4090 14947 2878 12448 5090 3931 7745 6944 4321 9483 10188 6850 3245 6655 7271 8300 5272 5413 9495 13791 5695 3615 5960 7857 8332 7344 14020 11187 14306 4607 10522 2043 15776 13311 9797 15023 10555 10233 6312 13714 3096 10424 10024 3058 9022 10305 5437 6865 6966 8629 6801 13953 3606 6423 13702 15097 6774 5231 2175 2875 12837 6928 8881 6315 8188 3160 14083 15492 8745 7297 10704 6530 6485 13144 6256
22228 10449 12387 5057 7643 2699 18273 14409 12503 11528 5174 13918 16420 8059 4513 7390 4812 10842 12990 21190 10179 9576 12182 13807 14980 14698 10678 683 16513 3097 18813 14661 1352 15900 10229 8751 18822 13636 4777 11661 12327 9874 17656 8278 4704 10961 15252 11882 9389 15813 17905 15638 13959 15099 4283 15511 6698 16551 7978 3292 15575 18678 14538 5059 1278 6416 11116 18713 8909 20610 9935 19882 15524 10489 4835 8652 6407 5060 16396 7342 11231 12088 12097 7526 5967 9927 12970 11596 8388 17917 14269 16627 12781 12919 2608 16517 6621 17125 5135 3653 3724 15969 11083 7845 5635 14753 18209 14664 11990 8614 6336 12079 5341 19905 18151 19311 1368 8230 7558 4767 17267 13295 18153 6275 14186 14523 14721 8737 14997 11646 11738 16037 6197 13120 759 10200 9614 10828 16359 8654 10930 16198 9222 4654 13314 10536 9577 5707 17018 11704 4340 19434 5819 11905 17173 14451 14419 7395 7134 16444 9392 5483 18257 3933 7732 10747 17181 11596 19070 18792 3714 11714 8668 9300 11475 17596 7358 8438 6024 8107 4937 20692 16492 17683 12802 9038 12791 18498 17176 19751 5073 5708 13262 17985 15225 20640 14188 11305 14221 16705 16701 11955 14244 7333 19731 11254 15184 9336 16091 17590 11794 11929 14733 12026 13009 13899 4605 13729 11813 14587 15705 22419 13382 16303 18179 15769 16522 8400 9994 16228 6700 6054 10119 12377 1406 8602 20507 10786 5591 13446 14270 23064 14533 11991 12450 16006 12388 10808 9730 13471 14043 17560 17257 19049 13724 11982 13856 12982 14577 15659 9658 6744 13465 8596 10768 16286 11296 9814 16646 16405 16884 4266 12069 6415 12317 14563 17775 17767 11856 14394 19389 8389 5327 18166 2074 19212 18932 9949 6758 9192 12479 14586 7217 18909 6563 20575 4776 16669 9588 15981 12847 4203 18820 11093 6830 3206 15104 0 16708 13812 10473 17312 16120 10623 11179 5938 10786 16757 12069 7553 17953 18602 12933 7833 22093 14640 17054 1936 17597 4683 16665 18999 17390 14627 11727 10274 5996 16706 15575 12937 10727 21132 12242 10793 6580 15061 9899 18688 11406 20272 17155 21146 10516 4719 3663 17484 13330 16133 3511 4791 15706 1841 10106 5856 16630 1877 15900 14264 15865 12046 6087 15325 14254 15183 12823 19701 10990 1433 11968 12494 10964 1463 18549 19866 13545 17775 6528 8423 15502 20803 12856 14709 6325 8814 12002 14332 13393 21074 18858 13516 12438
7343 13024 7053 11779 11052 16372 9428 3926 11859 11796 12098 10705 2955 10162 17945 13636 16652 7680 13165 5735 6530 13569 5107 10059 11384 2623 14194 17346 7940 17174 2118 6621 17936 2719 14974 9784 2185 8136 17539 5573 17389 10829 10371 8999 15798 5758 11556 8705 7514 7746 3078 4687 7002 4665 18031 6004 13872 2013 12251 13430 3806 2766 17040 12152 17835 14485 8554 12222 8742 6928 11121 3721 5862 6749 12514 9849 10323 16926 1441 9607 16151 8522 8877 15012 13193 6938 11476 11796 14453 11779 6186 2159 6984 8879 16578 2871 16214 6606 12384 16433 13086 4077 14112 9385 16626 7459 8539 5968 5216 14578 11007 11527 15519 3196 2130 2763 17538 8486 10801 12188 7642 10358 1513 15515 8658 3037 1990 13924 4461 9684 15021 4118 10897 7889 16279 8393 11386 7254 4549 8266 6684 6605 13779 13693 12838 6237 10150 11142 2860 9457 14252 7687 14234 13035 6362 7154 12000 15408 9575 2529 13868 12458 5242 13135 11386 10182 9469 16983 4996 2331 16188 10171 11311 7565 10761 897 10986 12803 15748 9067 13306 7273 5304 7632 17391 14960 3937 6981 4514 6156 17432 14135 7900 11549 7800 6547 18213 10988 5920 2797 4661 9204 6018 9635 5852 11190 10441 7909 4508 3209 13571 9804 2867 5801 10657 2974 19645 4109 11940 2175 9403 6962 13140 10292 9013 1643 5825 11075 8294 6441 14934 11781 9883 9429 17803 8290 5813 11597 15103 10807 5494 7783 16627 7657 16674 9789 4997 6990 10093 10768 2778 7829 6046 4185 9259 5545 2938 4623 3994 1052 9425 16911 6795 11007 11081 7798 9845 7806 2477 322 5228 12879 16684 13537 12678 2679 6070 6061 5345 15762 3086 14315 13889 8432 17111 3935 6103 9434 11787 8807 7966 4909 16338 6388 12976 5917 14019 7885 11647 2657 5897 15218 7173 13937 14978 14066 1720 16708 0 8927 6682 4165 1261 11286 5531 15530 8282 1766 15382 10522 8777 2090 9957 16697 6914 11923 4446 16615 1226 13838 5737 2610 8455 7010 6018 11115 11899 6368 2977 8105 8193 6886 6859 6599 10890 14050 7413 2306 6882 6568 7867 5754 14845 12652 16010 4870 11935 2559 17212 14666 10927 16688 11412 11649 5805 15263 3863 10649 11142 4701 10646 10341 6703 7970 8424 7602 7715 15522 5323 7933 14471 16752 5761 3526 3321 1156 14555 8414 10002 4618 8639 4386 15309 16524 9345 8551 12114 4824 5331 13581 7777
16243 5190 12086 10692 12615 12092 4478 10597 16482 15904 8754 16278 6331 11856 12690 7399 11239 3792 17775 14594 7447 6103 5373 15692 17340 9422 17425 14227 15324 12613 10443 2404 14574 6300 17813 5153 9847 13968 12129 9343 20627 14034 3915 6364 10546 7694 2870 2009 6550 2366 7459 4491 1926 11845 12901 3327 14952 10505 14178 11351 11411 11673 21392 8889 15089 15355 12635 5344 10721 15803 14356 12472 3449 9545 11948 12018 8739 16667 9928 9859 19206 1860 1741 16430 13798 6504 2695 3558 16427 4569 12643 10669 2426 14184 15098 6456 9930 14526 8705 15537 10403 5163 17567 10328 10803 1717 16494 12709 9255 16654 7714 15980 9977 11052 11049 11312 13957 7913 12224 11197 15414 15666 9462 16177 14733 6055 8065 6842 11591 2218 18601 5164 8041 13423 13113 4050 14400 10840 5010 9252 4804 3380 16313 9285 17678 6766 13137 10361 6810 13939 13845 16208 8764 17126 4418 1848 3090 16688 8636 6696 16481 12529 6228 11931 6115 3160 16823 19989 13836 11050 15363 2339 5284 6698 2850 9557 12281 6188 16237 10108 8944 16126 13186 15573 20850 17189 7800 15347 12855 14982 11873 14604 13526 4528 1813 15454 22064 15078 3007 11236 5171 13868 2909 9916 14709 3283 1965 9849 4875 7035 17499 2001 6167 4491 1897 8549 14674 10093 3577 8342 1921 15764 17948 2705 4431 9576 13625 13246 4387 3514 8767 12121 13260 1480 14294 9182 14740 3868 15444 16116 12012 16598 21093 12391 20171 2285 9543 10440 13191 1877 7060 15682 14131 13096 341 9818 7072 5089 4950 8447 12401 17528 2241 13319 14839 2795 2578 5126 6856 8671 13308 9632 19998 14453 17051 6516 5195 5192 5493 20401 11821 16312 14111 4543 15228 12862 14754 12652 12771 5094 1794 11701 17335 14986 7572 14844 9328 3143 14631 10687 3560 14756 15605 17433 16023 12711 7598 13812 8927 0 9370 6048 7671 14936 7305 16008 12067 10412 19035 11842 4235 10799 15127 17924 15783 17602 5616 12702 10134 13615 4360 9454 3711 13588 4576 3927 7825 14149 10674 1284 11912 15808 3005 9778 11310 19427 5524 9276 10987 15432 15546 14625 17858 12045 11280 5695 3070 6522 16068 14568 2607 12815 14735 11702 13659 13283 5311 16408 2844 6874 8921 16680 2235 1680 1170 16209 11594 13271 5335 1804 17790 13071 14361 12180 8486 9925 8566 9046 1931 13264 13931 4542 16030 18289 14028 635 3240 13400 14082 18355 1977
11804 10717 3045 5416 4443 10752 12487 3947 7120 6598 6754 6995 7574 3535 12681 9775 11636 5820 8429 10719 1977 10755 4265 6453 8114 4324 8451 11143 7212 11610 8668 8301 11782 6975 9038 6412 8867 4975 12411 1196 11745 4915 12719 4700 10804 1737 12158 7796 3317 9900 8801 7839 8019 4777 12686 8554 7273 6131 5800 7206 5133 8266 12145 6745 11486 7867 3265 14470 2088 10310 5243 9471 8473 176 5936 3330 4537 10245 6057 3132 10369 7791 8113 8523 6521 3054 10813 10292 8116 13764 4439 6193 7003 4948 9991 7618 11856 7223 7157 9776 7167 7769 8506 2748 11880 8960 8801 4737 1542 8283 6009 6626 10758 9788 7781 9030 11495 2985 4156 5743 7704 6350 8194 8889 5757 5620 4773 10673 4632 8505 9525 7850 5663 4367 10173 6021 5385 1483 8355 1837 4598 9442 7645 8575 8312 2612 4053 4766 8032 4570 7589 9492 9674 7856 9978 8518 12017 8896 3706 7392 7776 5792 10098 6660 7588 8344 8438 11198 8648 8496 9528 8978 8108 3217 9338 7505 4330 9481 9104 2441 8250 10445 6290 8040 11879 8740 2928 8514 6797 9421 12409 7466 4498 13653 9531 10275 12972 5753 7431 6235 8684 4515 7524 3144 9359 9577 11334 1232 8114 8633 8279 8803 5767 4971 10193 3709 14075 3257 10533 4518 10933 11952 8586 11889 12180 5446 6451 4643 5683 9362 10720 5109 4031 8789 11712 1903 10069 9657 8437 6787 4157 12613 11816 3157 11168 11377 1917 1096 4062 10557 4547 8013 7179 8578 9563 1532 4355 4948 6386 5659 3265 10304 7447 4626 5577 10250 8407 4753 7547 6423 6642 7283 11066 6904 7725 5385 10220 10210 4028 11084 9022 7981 7208 11824 10580 8741 8683 3438 5120 5519 7608 4305 9786 8721 8695 10141 9003 10557 5644 5518 6077 8546 8838 8352 8403 7562 5396 10473 6682 9370 0 8887 6509 5708 2166 8882 2700 6364 9945 3855 11904 8334 5805 10206 11640 8298 8839 10793 7347 7168 9259 9234 11365 5174 4825 8915 7070 6778 5104 8090 2545 10763 6374 503 4238 10062 4185 8918 1767 9952 7700 10675 8999 6073 10676 9374 11371 7119 10567 7985 11975 10840 5608 5012 6545 8844 7589 7167 12213 2964 4828 7640 8035 9618 8267 9689 2233 9163 4208 7593 8791 10814 8276 9494 3361 7605 10288 2121 11218 10378 4712 6795 8687 10183 4672 9444 11542 10656 8488 8998 7408
10794 11003 10358 12893 13252 16323 5327 7598 15272 15029 12222 14387 1414 12347 17478 12503 16065 6701 16614 9103 7782 11782 5249 13739 15196 6146 17202 17872 12024 17022 4851 3700 18373 1977 17865 9023 4101 11804 16983 8109 20486 13679 6404 9039 15258 7346 8172 6721 8040 4158 1509 1800 4384 8593 17630 2722 16041 6169 14677 14228 7819 6459 20495 12318 18547 16597 11598 8203 10911 10822 13999 6946 2604 9019 13913 12209 11064 18676 5576 11099 19154 6485 6749 17365 15132 7575 8742 9484 17001 7847 9963 6319 5082 12403 17799 1429 15166 10755 12380 17898 13590 1344 17197 11164 15831 4339 12700 9827 7818 17170 11044 14871 14824 5196 5935 5727 17860 9426 12923 13377 11783 13945 3931 17587 12425 3267 4739 12364 8360 7593 18177 1279 11122 11441 16742 7444 14193 9964 1097 9915 6382 2901 16514 13447 16352 7177 12871 12334 1305 12715 15825 11810 13513 16307 2311 4232 8846 17722 10516 1764 16636 14127 1237 14299 10546 8372 13569 19990 8991 5623 17673 7974 10106 8154 8579 4366 13068 11430 17759 10852 13056 11195 9432 11789 20563 17624 6039 11137 8679 10137 16797 16067 11485 7593 4439 10373 21531 14180 3520 6959 877 12516 3558 11144 9802 9041 7049 9953 1321 1129 16804 7576 3123 5285 7943 5842 19366 7490 9551 5118 5847 10150 16652 6600 4906 5579 9949 13528 7533 2731 13899 13517 12742 7074 18168 9899 9531 9570 17028 14410 9248 10977 20109 10892 19843 6155 7817 9605 12855 7897 4428 11980 10206 8074 6384 8330 4602 4412 2765 4391 12087 19016 4538 13513 14155 4045 7871 7519 1733 4078 9381 13112 19791 15623 16034 3534 1909 1900 5585 19282 6330 16866 15707 4304 18178 7708 10202 12197 13796 8282 5884 8720 18574 10503 12210 9635 13660 4019 14457 6732 4561 16814 11318 17030 17182 15222 3964 17312 4165 6048 8887 0 3153 14330 6947 17529 11184 5931 18573 12577 4688 5397 13483 19035 10271 15669 436 16749 5089 15466 1858 3552 4442 10866 5584 9330 11668 10497 6965 5750 11059 10630 5377 9028 12589 17756 7415 3446 9779 10489 11998 9156 17795 14043 15732 706 9085 1922 18602 16389 7407 16843 14339 13251 9936 16209 1422 14385 7589 6006 11361 14233 3997 4616 6054 11699 10604 16361 5442 5854 17519 16999 9883 6590 6047 4725 13593 9919 6513 7598 12146 2605 17397 19064 12671 5498 9246 7680 9394 17094 5778
8583 11860 7421 11301 10948 15608 8287 4493 12319 12160 11343 11319 1811 10043 17090 12617 15764 6612 13649 6956 5990 12440 4170 10670 12086 3050 14459 16739 8877 16390 3043 5360 17308 1480 15188 8796 2777 8732 16662 5516 17707 11001 9174 8176 14915 5308 10296 7512 6783 6507 2420 3445 5747 5444 17192 4759 13780 3108 12250 12873 4668 4007 17537 11408 17284 14375 8799 11035 8597 8185 11308 4889 4617 6605 12136 9797 9713 16699 2500 9224 16421 7321 7671 14999 13010 6220 10235 10592 14516 10569 6848 3268 5776 9389 16173 1753 15227 7646 11600 16107 12442 2858 14413 9100 15693 6199 9611 6692 5179 14660 10216 11948 14601 3977 3379 3825 16877 7901 10664 11739 8663 10912 2157 15397 9323 1901 1807 12832 5214 8490 15359 2906 10153 8410 15649 7345 11542 7318 3368 7913 5719 5390 13918 12863 13358 5584 10257 10681 1896 9820 13947 8876 13301 13424 5225 5893 10741 15382 9012 1404 14022 12172 4327 12687 10403 9025 10424 17257 6245 3467 15867 8969 10259 6853 9565 1946 10836 11735 15609 8779 12471 8527 6307 8691 17744 15075 3597 8132 5628 7404 16537 13956 8442 10346 6545 7808 18640 11327 4665 3901 3520 9594 4761 9258 7106 10000 9182 7699 3299 2394 13942 8596 1706 4757 9414 2971 18842 4476 10729 2152 8154 8164 13659 9050 7879 2431 6819 11074 7279 5228 13943 11512 10051 8206 17154 7924 7072 10424 14929 11372 6136 8991 17138 7992 17024 8543 5063 7005 10218 9517 2093 8871 7117 5446 8004 5609 2287 3572 2753 1244 9498 16812 5555 11028 11361 6576 8665 6879 1422 1040 6283 12160 17004 13412 13110 1646 5014 5005 4448 16292 4240 14379 13668 7316 16661 5193 7313 9553 11617 7851 6754 5591 16286 7588 12024 7176 13165 6681 11807 3598 4726 14928 8340 14241 14907 13623 1113 16120 1261 7671 6509 3153 0 11553 5007 15385 8453 2918 15739 10356 7634 3215 10472 16687 8141 12582 3367 15899 2465 13549 4567 2879 7282 7735 5000 9971 11054 7369 3814 6873 8346 8146 5695 6521 10597 14687 6541 2568 7031 7824 8870 6980 15086 12273 15188 3841 10688 1355 16865 14416 9672 15978 11624 11331 6812 14765 2637 11298 9888 4089 10033 11100 5444 6714 7193 8809 7873 14994 4393 6722 14755 16066 6957 4650 3258 2294 13575 8014 8747 5751 9137 3130 15196 16593 9744 7291 10866 5934 6561 14102 6572
13692 15287 4259 6806 3321 12199 18194 7444 1994 1084 9602 3327 12946 3547 14390 13462 13836 11220 2995 13248 7508 15038 9973 3343 4357 8665 2911 11266 6733 13006 12855 14006 11928 12359 3708 11085 13322 4048 14351 6239 6162 991 18408 9276 13167 7443 17634 13202 8465 15604 13967 13471 13701 7238 14275 14251 4315 9915 2663 8246 8101 11774 6461 9509 11105 4876 2754 20134 4266 11736 757 12847 14166 5542 6138 3127 7649 7652 10158 5714 4872 13239 13525 4626 4679 8437 16040 15268 3715 19412 5713 9886 12637 3083 8817 12966 14779 7922 10035 8043 8936 13328 2868 4997 14377 14650 8301 6110 6515 3730 9522 1500 13410 13918 11526 12891 11961 7341 3610 6679 7624 2768 12711 5729 4222 11118 9750 14684 7312 13768 3853 13408 9030 3864 10732 11227 1016 4397 13930 5782 10135 15139 2752 11221 3082 8211 1842 6479 13313 1967 6343 9981 12736 2195 15630 14209 17364 5041 7155 12689 2775 5278 15564 7060 11731 13401 6920 5707 10842 12376 7813 14190 12541 8325 14438 11914 3726 13612 6066 5097 11052 11671 7958 8065 6235 3941 8309 9217 9026 11053 14489 5189 3942 19314 15224 11973 7272 711 13139 9568 14244 2279 13231 5663 11188 14581 16893 5089 13705 13885 2575 14091 11232 10649 15519 8588 15126 7177 15525 9401 16586 14244 3277 17528 17885 9699 7713 2419 10865 15054 13947 4909 1685 14174 12029 5867 12215 14519 5833 2842 6192 14655 6156 3641 5516 17025 6526 4781 1762 15926 9902 7858 8320 11291 15097 6002 9732 10645 12012 10439 2537 6777 13121 2234 234 15958 13599 9970 12810 11119 8364 9594 5463 4381 2219 10801 15816 15806 9729 5488 12629 3594 5402 17519 9616 11665 10107 2291 4009 10446 13147 6774 5996 9944 12215 12244 11681 16264 1047 9107 11769 6848 9494 2701 4977 7494 10500 10623 11286 14936 5708 14330 11553 0 7874 5937 3149 10232 4260 3870 17608 12305 2549 6095 13776 4048 14344 11858 11482 5958 14904 13875 17072 5453 10479 13749 10440 7618 8650 13653 3279 12438 11987 5419 4962 4994 9478 13582 4553 11491 7419 13167 3561 6206 12594 14884 16590 12455 8818 6133 17538 11846 519 5312 7825 8752 13131 3682 17773 8635 7741 4805 13733 15305 13795 10327 3727 9211 9910 13135 3203 11636 9837 13031 8329 11867 13535 6056 16827 13586 3193 12446 5534 5582 2195 15070 16748 13877 10409 3606 12959
11780 9294 4805 6297 6321 10930 10322 4211 9250 8757 6680 8974 5724 5423 12633 8923 11425 3983 10571 10465 1000 9505 2099 8393 10045 3818 10597 11815 8483 11754 7641 6136 12406 5135 11154 5184 7651 6721 12276 2078 13887 7070 10562 3830 10569 433 10136 5880 2218 7735 7080 5750 5871 5378 12690 6400 9095 5650 7787 7905 5364 7690 14308 6717 12314 9651 5379 12326 4011 10583 7398 8869 6324 2334 7146 5344 4796 11798 5366 4246 12501 5840 6185 10435 8195 1678 8968 8623 10124 11630 5664 5761 4901 6882 11169 5788 11289 8099 7008 11131 7564 5747 10664 4226 11518 6804 9910 5839 2075 10308 5669 8766 10387 8727 7110 8180 12017 2957 5983 6732 8790 8362 6979 10644 7499 3718 3548 9585 5160 6684 11685 5828 5481 6153 10750 4363 7524 3576 6311 2987 2673 7287 9731 8381 10435 912 6196 5675 6246 6670 8994 10201 9171 10019 7859 6362 10078 10785 4045 5615 9870 7245 8124 7680 6627 6683 9874 13325 8722 7675 10895 7182 6907 2215 7613 6421 6124 8384 10822 3911 8009 10792 6924 9054 14032 10788 1666 9235 7089 9678 12211 9135 6264 11511 7373 10434 15136 7910 5265 6023 6651 6580 5357 4284 9535 7910 9263 3044 6059 6851 10445 6956 3897 2840 8290 2864 14238 3510 8847 3443 8801 11738 10713 9764 10018 4746 7228 6668 4077 7212 10061 6610 6196 6867 12277 2980 10042 8085 10101 8814 5154 12478 13976 5087 13324 9246 2463 3173 6214 8620 2915 9089 7891 8406 7520 2590 2720 2802 4318 4484 5412 12072 5307 6677 7743 8084 6643 3217 5794 5226 7193 7409 13213 8676 9878 3595 8146 8136 1870 13235 8323 9992 8795 9670 11655 8443 9099 5599 6850 4179 5585 5044 11628 9216 8017 10129 8752 8391 7779 5280 3924 9981 9544 10511 10237 8617 3946 11179 5531 7305 2166 6947 5007 7874 0 10592 4836 5790 12106 5633 9741 7470 7825 12098 11515 10297 6849 11126 6468 8610 7151 7873 9200 6554 2729 7390 6655 7667 4987 6039 4685 10897 4300 2507 5683 12142 2644 7558 3683 10204 8852 10443 11129 7281 10653 7375 9521 5318 11878 9507 9898 11194 7766 6384 7299 9768 5587 9109 10137 956 5119 9439 5875 7464 6243 10326 4325 10010 2048 5565 10941 11242 8676 8800 2540 6614 9645 3037 9114 9804 6631 4693 10452 12167 6741 7335 9698 10058 8707 11132 5376
19334 14340 9301 5347 4484 8325 20096 12190 7425 6524 7943 9166 16312 5368 10385 11654 10373 12322 7545 18676 9754 13722 12378 9267 10035 13031 4973 6424 12620 8932 17434 15966 6993 15720 4372 11042 17708 9805 10560 9958 6410 5601 19884 9645 9982 10209 18196 14014 9832 17437 17627 16193 15423 12413 10179 16551 1750 14668 3576 5368 13146 16737 8611 7801 5907 1116 7680 21328 6798 17454 5485 17903 16511 8797 4073 5716 7271 1715 14734 6482 5295 14148 14310 1668 2397 10151 16129 14969 2662 20537 11116 14688 14199 8889 3471 16373 11897 13671 8238 2454 6451 16288 5397 6367 11119 16362 14223 11536 10314 2840 8604 7131 10473 18552 16354 17682 7273 8351 4732 4860 13491 8679 17041 337 10109 14309 13653 13066 12408 14194 5903 16368 8168 9466 6381 11960 5113 8375 16821 7613 11749 17391 3675 8788 7955 10394 5830 5648 16819 7640 2329 15833 10369 6490 18164 15963 17604 1465 7432 16182 3804 3514 18683 4319 10846 13494 12853 5672 16321 17145 2301 14460 11849 9690 14461 16319 4552 12323 233 6681 8833 17431 13464 13932 6874 3174 11790 15014 14416 16703 10810 1466 9579 20523 16921 17629 8268 6640 15258 14538 17168 7953 15321 6432 16788 14416 17778 7687 16558 17424 6239 14525 14484 12671 15879 12563 10485 11681 15224 13387 17898 19775 7951 18709 19885 14163 13317 4640 11631 17361 11528 4043 6304 14816 7211 7630 17749 14123 569 8674 11399 20270 8625 8727 6512 18288 10558 8579 5950 16345 13375 13741 13989 16599 16046 10022 13178 13206 14832 14526 6361 1528 14839 4769 6148 17875 13907 10999 16352 15285 13879 7375 6131 1998 6997 14155 18574 18564 12053 8553 17560 2710 1902 19685 4254 16898 15781 6490 3768 10916 14313 11894 1461 15659 10477 17792 9154 18240 4953 13927 13756 1813 15307 5448 1036 3895 14273 5938 15530 16008 8882 17529 15385 5937 10592 0 7654 14950 6198 5029 19622 17016 8486 2121 19347 9542 17405 7705 16072 2434 17508 18107 19045 11111 12405 13423 9029 13320 13466 14841 7681 18111 13541 8932 4961 9503 10757 17792 8853 17176 13304 18607 4683 3989 9084 17919 16612 15893 3080 1553 18393 7641 5464 4383 13432 4431 16145 9524 18599 11544 7108 10681 15600 16942 14855 16163 8116 4845 12220 14315 5203 7312 15466 18008 12225 16378 11211 7622 17915 18740 8934 15141 442 2948 7929 16360 16727 19030 15958 7989 14188
11785 13093 1683 6009 3365 11698 15115 4610 4421 3940 8233 4433 9804 2741 13799 11755 12962 8473 5736 11037 4639 13013 6925 3963 5595 5667 6024 11468 5763 12555 9996 10960 12138 9215 6735 8778 10386 2973 13632 3093 9303 2553 15397 6975 12188 4416 14844 10459 5833 12559 10857 10335 10706 4761 13749 11151 5910 7119 4131 7784 5499 9129 9495 8180 11581 6546 591 17160 2162 9998 2855 10276 11061 2525 5951 2171 6005 9248 7271 4056 7983 10465 10779 6848 5581 5672 13433 12824 6199 16459 3573 7119 9702 2553 9649 9827 13522 6365 8670 9160 8116 10181 6014 3305 13350 11640 7459 3989 3367 6311 7793 3931 12276 11092 8789 10142 11995 5043 3311 6128 6485 3755 9750 7564 3662 7970 6646 12812 4754 11128 7001 10261 7353 2393 10672 8607 3105 1272 10784 3438 7283 12037 5497 10030 5613 5303 1900 5454 10182 1891 7057 8661 11360 5215 12499 11197 14675 7260 5286 9555 5589 5408 12418 6863 9734 10893 6638 8820 8708 9611 8908 11586 10395 5710 11910 8973 3523 11656 7847 3200 9769 10031 5905 6898 9384 6680 5161 7742 6789 9191 13695 6433 2541 16344 12208 10110 10400 3086 10078 6914 11096 1886 10174 4027 9236 12115 14032 2512 10561 10761 5672 11435 8083 7664 12841 5483 14913 4206 13072 6308 13628 12161 5886 14586 14796 6756 5841 3014 8256 11946 12506 4766 1603 11449 12147 3536 10149 12142 7335 4166 3762 12696 9152 1206 8665 14072 3398 1670 1824 13218 6756 6781 6558 8947 12257 2863 6584 7555 8877 7381 1298 8878 10138 2892 2983 12895 11005 7329 9681 8090 6317 8515 8607 5695 5045 7653 12671 12661 6706 8401 9966 6063 6370 14412 10364 9245 8307 1188 4278 7982 10301 4240 8220 8236 10574 10199 10487 13190 3367 6343 8760 7874 8060 5848 6928 7608 7383 10786 8282 12067 2700 11184 8453 3149 4836 7654 0 7419 7404 3246 14519 9507 3213 8509 11754 5693 11196 11557 8616 6613 11770 10891 13991 3841 7524 11382 8827 5959 5879 10786 156 10600 9074 2332 4228 7376 6784 10588 1423 9690 6385 10971 6637 6070 11845 11735 13990 9316 9979 7197 14673 11577 3173 4930 5953 8964 9983 4654 14911 5532 6210 5326 10708 12300 10959 8941 582 9368 6884 10285 6336 11462 7956 10403 5207 8968 12075 3781 13918 11097 2377 9318 7352 8257 2034 12143 14158 11388 8383 6301 10102
6157 14163 5980 11724 10480 16704 11181 2814 10572 10619 12468 9265 4696 9633 18421 14452 17197 8681 11838 4713 6742 14618 5991 8630 9852 2059 13107 17416 6238 17535 2628 8189 18035 4397 13940 10591 3188 6754 18058 5173 16217 9901 12092 9543 16340 5895 13125 9958 7963 9411 4796 6353 8491 3182 18480 7658 13238 326 11522 13466 2271 1923 15676 12502 17815 13867 7587 13951 8292 5404 10169 3126 7518 6387 12300 9237 10498 16443 496 9464 15042 9798 10165 14262 12693 7391 12866 13054 13611 13488 4780 421 8303 7581 16350 4620 16945 4855 12797 16095 13263 5776 12984 9109 17254 9038 6775 4497 4823 13711 11454 10289 16128 3689 1420 2732 17694 8676 10280 12084 5895 8986 2682 14898 7191 4365 2563 14886 3026 10932 13841 5824 11270 6599 16396 9338 10467 6575 6279 8124 7534 8308 12848 14166 11476 6631 9320 11074 4626 8319 13907 5958 14880 11814 8114 8702 13501 14671 9698 4273 12918 12114 6997 13013 12158 11327 7751 15862 3430 2197 15844 11434 12217 7981 12004 1883 10480 13725 15158 8805 13791 5717 3578 5871 16179 14048 4129 5224 2748 4571 17983 13615 6585 13264 9419 5091 16916 9853 7423 1040 6409 8040 7526 9483 4305 12412 12025 7581 6217 4960 12366 11088 4245 6819 12057 2927 20021 3270 13219 2466 11039 5988 11776 11950 10768 1053 4101 10365 9181 8147 15685 11426 8980 10760 17935 8168 4485 12770 14568 9418 4142 6760 15250 6603 15470 11437 4481 6393 9240 12210 3622 6074 4285 2792 10734 4979 3710 5711 5470 1966 8656 16255 8212 10270 10014 9492 11052 8556 4235 1889 3475 13177 15513 12955 11413 3921 7836 7827 6155 14371 2658 13474 13433 10191 16944 2711 4403 8605 11291 9579 9279 3538 15625 4672 13672 4583 14529 9599 10721 1139 7150 14840 5425 12806 14305 13922 2829 16757 1766 10412 6364 5931 2918 10232 5790 14950 7419 0 14179 10047 10529 2088 8632 15928 5819 10429 6208 16867 1280 13475 7474 3854 10193 5509 6984 12224 12419 4636 1584 9484 7357 5487 8072 6153 10586 12564 8083 3610 6109 5028 6127 4702 13781 12437 16443 6636 13351 4269 16896 14239 12538 16929 10424 11364 4072 15188 5554 9174 12758 5157 10819 8764 8225 9584 9795 5896 6892 15490 6182 9248 13357 16953 4041 3130 3263 1710 15286 8336 11615 4050 7358 5913 14689 15653 8166 10087 13533 4318 3680 12213 9077
16701 18841 8337 9749 6620 14253 22427 11472 3671 3587 12695 5398 17182 7242 16398 16638 16182 15269 2656 16573 11676 18450 14202 5895 5604 12782 1671 12595 9486 14945 16802 18225 13181 16598 1840 14835 17337 7512 16501 10497 2060 5044 22597 13082 15659 11674 21656 17225 12496 19819 18158 17730 17890 11046 16218 18498 5523 13854 5164 10674 11951 15544 2597 12577 12105 5675 6974 24292 8317 14669 4716 16524 18415 9783 8692 7021 11115 7597 14167 9396 1346 17283 17547 4553 6601 12539 19929 19035 3703 23555 9443 13803 16792 6615 9669 17197 17471 10995 13092 8647 11612 17585 1468 8792 16854 18845 10682 9786 10767 3465 12909 3893 16043 17819 15382 16734 13426 11232 7006 9441 10377 5381 16756 5866 7301 15373 13948 17968 11168 17710 437 17665 12411 7585 12428 15193 4637 8657 18189 9787 14260 19385 3098 14041 3155 12386 5933 9648 17531 5930 7902 12635 15638 2365 19889 18406 21308 4742 10810 16913 2906 7773 19808 9429 15220 17248 8991 1909 14191 16242 8499 18099 16123 12351 18285 15946 7017 17003 6168 8971 13966 14511 11418 10784 2009 3035 12564 12085 12556 14143 16714 6469 7608 23470 19421 15013 3037 4412 17367 13404 18500 6178 17457 9339 14353 18376 20976 9219 17964 18095 1814 18040 15484 14844 19471 12791 16656 11299 19296 13589 20740 17410 2938 21668 22124 13761 11057 5853 14829 19304 16857 7751 5916 18174 13385 9861 15440 18243 6483 5047 10041 17681 2494 7750 1293 21175 10757 9040 5901 19897 14148 10523 11520 14808 19174 10244 13980 14891 16271 14590 6704 6023 17304 5752 4422 20183 17508 13972 17027 15239 11788 12437 1373 5943 2814 15049 20075 20064 13948 2362 16396 3724 6957 21767 10451 15238 13199 6507 6838 14322 17241 10645 5251 12963 15385 15448 14472 20496 4404 13040 15972 7867 12300 1605 5244 9464 14707 12069 15382 19035 9945 18573 15739 4260 12106 6198 7404 14179 0 7368 21847 16201 5614 4869 16895 4905 18596 13719 15453 7701 19163 17934 21306 8907 14659 17480 13678 10806 12602 17758 7537 15431 16132 9674 8223 3804 13522 17651 8795 14499 10111 16480 1565 8697 14884 19135 20468 16686 9203 7310 21620 13671 4344 8232 11158 10392 17387 5663 21852 12888 11120 6692 17940 19496 17878 13013 7979 10844 14129 17232 1300 13372 13019 16759 12548 15861 16480 10012 20947 17171 6826 16704 5779 3836 6039 19208 20617 17454 13684 2668 17062
14933 11538 4890 3023 774 8649 15583 7372 5847 4952 5734 6772 11324 507 10806 9597 10116 8050 6828 14073 4881 11227 7546 6517 7928 8071 5705 8233 8963 9492 12465 11371 8904 10728 5989 7467 12704 6096 10701 4955 8808 2894 15564 5722 9403 5231 14361 9955 5316 12920 12612 11339 10921 7811 10726 11835 3464 9782 2336 4670 8432 11893 9884 5644 8336 4034 3565 17168 1780 13201 3120 13083 11780 3775 2721 1102 3822 6414 9794 2033 7384 10035 10273 4818 2671 5490 12571 11669 4624 16405 6789 9819 9744 5436 6465 11379 10946 9608 6168 6079 5188 11375 5920 1529 10604 11881 10660 7197 5314 4837 5682 5329 9600 13585 11464 12764 8786 3934 383 3013 9715 6090 12034 5046 6684 9330 8628 10837 7756 10377 6931 11456 5186 5569 7473 7891 2974 3540 11930 2736 7199 12704 4482 7385 6951 5567 2241 2624 11816 4292 3910 11907 8877 5895 13390 11456 13966 5157 3445 11178 4656 2180 13756 3650 7940 9885 9695 8154 11811 12226 5826 10751 8800 5168 10921 11327 491 9791 5252 1794 7198 13250 9085 10133 9063 5362 6763 10986 9888 12373 10806 3613 5712 16346 12456 13284 10339 4381 10588 9741 12273 4502 10663 1976 12394 11009 13745 2662 11674 12421 6102 10709 9497 7979 12137 7549 11780 6793 11930 8367 13635 15243 7136 14525 15328 9205 9059 1547 7530 12654 10084 1522 2736 10876 8925 2779 13259 10882 4584 6353 6885 15820 9661 4452 8408 14056 5590 3662 2388 12573 8356 10007 9784 11944 11949 5071 8160 8348 9934 9508 2122 6468 10327 1692 3906 13328 10161 6719 11343 10270 9490 5770 8201 3063 6051 9152 13736 13726 7238 9126 12691 4501 3388 15059 7153 12189 11510 2436 1265 6977 10061 7285 5997 11456 8348 13316 7847 13673 3126 9082 9105 4807 11304 5815 4605 4364 9244 7553 10522 11842 3855 12577 10356 3870 5633 5029 3246 10047 7368 0 15056 12083 5641 6468 14864 7770 12481 8431 11118 3468 12705 13087 14489 7084 7743 10117 6575 9199 8632 10589 3199 13777 9074 3933 1131 8862 6332 12771 4086 12881 9602 14014 6060 2834 8918 13005 13107 10893 6892 4191 14386 8441 3453 1712 9170 5720 11218 7084 14612 6571 3888 8025 11038 12506 10673 12186 3516 6129 7414 10055 6077 8297 11147 13152 7207 11403 9669 2850 13771 13955 5346 10280 4847 6600 4576 12084 13254 14242 11530 7439 9899
15407 9167 14080 14440 15809 16316 654 11766 18872 18459 12824 18283 5833 14964 16911 11612 15462 7362 20212 13718 10249 10150 7649 17650 19211 10353 20330 18395 16415 16847 9497 3685 18766 6194 20852 9211 8707 15763 16346 11481 23612 16809 1868 10102 14778 10174 4626 6075 9815 2196 6119 4401 4201 12894 17127 3373 18385 10738 17351 15321 12214 11145 24013 12953 19231 18855 15025 3537 13650 15508 17138 11576 3472 12067 15646 14995 12468 20456 10131 13216 22215 5866 5877 19827 17305 9571 6250 7499 19674 3292 14087 10895 5430 16209 19073 5909 14092 15266 12821 19421 14437 4833 20404 13532 15002 3281 17240 14026 11275 19880 11723 18414 14202 9686 10622 10358 18159 11288 15434 14951 16270 17757 8606 19753 16459 6882 8866 10952 12646 6451 21426 4771 11990 15312 17271 7866 17255 13247 4273 12331 7893 2495 19395 13489 20025 9539 15932 14020 5958 16266 17586 16461 12997 19732 2416 3663 5607 20128 12196 6256 19546 16108 3975 15763 10317 7394 17967 23033 13675 10294 19230 6549 9515 9960 7004 9050 15530 10393 19855 13263 13138 15882 13916 16316 23769 20389 9519 15753 13260 14823 16082 18175 15383 3012 2753 15055 24876 17605 4494 11532 4119 16124 4410 13270 14490 7399 3751 12698 4382 5794 20174 6232 6860 7085 5690 9778 18898 11486 7436 9232 2605 14702 20315 2721 277 10027 14420 16300 8141 2606 12964 15614 15934 5714 18494 12281 14204 7986 19073 18224 13384 15515 23666 14523 23062 2572 11420 12850 15953 5380 8175 16488 14749 12762 4412 11844 8286 6966 5769 8794 15151 21150 4783 16335 17470 1747 6811 8646 6301 8642 13912 13721 22945 17909 19553 7323 2835 2842 7915 22895 10979 19549 17722 511 19266 12394 14865 15340 16132 8930 5500 12924 20863 15159 11804 14308 13549 1386 17507 11210 5953 18536 15949 20252 19502 16600 8153 17953 8777 4235 11904 4688 7634 17608 9741 19622 14519 10529 21847 15056 0 10073 17251 21411 14867 19603 4348 16914 9768 17308 3075 8070 579 15030 7314 8141 11959 14970 11371 5021 14374 15303 6082 12198 14734 21605 8865 8029 13224 15177 16464 13778 20844 15756 15514 4002 6327 6280 20008 18266 3736 17025 17506 15242 14421 17294 5063 18337 3812 8986 12696 18355 4030 2776 5133 16364 13972 17322 7733 5488 20677 17272 14534 11204 9872 9411 12781 12208 3165 12160 15947 5285 19588 21647 16286 3654 6426 12209 14067 20747 5571
5471 15073 8060 13611 12539 18378 10703 4902 12569 12660 14109 11172 4535 11681 19993 15725 18714 9765 13808 3801 8460 15639 7194 10550 11663 4018 15168 19250 7804 19190 719 8431 19854 4499 16011 11872 1539 8724 19596 7159 18248 11988 11798 11049 17858 7648 13309 10727 9534 9376 3965 6389 8891 5158 20072 7692 15311 2396 13605 15312 4250 1118 17610 14157 19696 15938 9674 13597 10315 5452 12254 1680 7551 8372 14257 11301 12259 18490 2289 11383 17094 10535 10884 16348 14740 8956 13409 13804 15699 13238 6763 2418 8989 9588 18319 4420 18300 6254 14409 18102 15030 5728 15034 11080 18702 9241 7980 6443 6803 15799 13038 12308 17591 1619 861 710 19481 10420 12327 13994 7286 10944 1467 16970 9096 5091 3947 16006 5035 11704 15873 5749 12906 8618 18203 10481 12554 8643 6080 10036 8772 8161 14933 15736 13427 8232 11408 12965 4199 10379 15913 6699 16310 13836 7706 8980 13833 16756 11485 4135 15002 14117 6207 14933 13473 12235 9225 17910 3736 252 17853 12182 13399 9576 12779 1269 12524 14889 17225 10769 15351 5835 5173 7156 18194 16134 5822 6206 4103 4833 19495 15668 8594 12988 9515 4985 18889 11908 7813 2808 6096 10093 7904 11406 4479 13215 12182 9563 6109 4279 14392 11807 4908 7888 12586 4708 21668 5341 13938 4028 11069 4969 13723 11901 10280 2889 5671 12445 10383 7990 17022 13430 11068 11409 19735 10071 4134 13638 16625 11361 6165 5801 17176 8683 17489 11423 6495 8444 11329 12665 4843 7400 5630 2756 11138 7013 4992 6708 5951 3042 10740 18333 8744 12353 12085 9352 11880 9888 4002 2409 4942 14868 17545 15019 13417 4758 7248 7241 7427 16290 1028 15563 15470 9666 18890 2339 5076 10693 13335 10892 9966 5564 17709 5408 15058 4238 16071 9376 12808 3198 7938 16858 6314 14855 16384 15854 3803 18602 2090 10799 8334 5397 3215 12305 7470 17016 9507 2088 16201 12083 10073 0 10619 18015 4989 12276 5773 18594 1005 15487 7187 2298 9838 7409 8108 13176 13950 6149 3657 10067 9444 5234 8906 8163 12571 14406 9482 2185 8188 5136 7553 3838 15846 14395 18045 6071 13847 4281 18897 16270 12621 18663 12505 13345 5611 17092 5544 11050 12824 6700 12582 10530 8564 9691 10389 6523 8977 17374 7409 9933 15411 18712 4838 1441 5064 937 16640 10220 11701 2540 9375 6290 16761 17741 10215 10374 14023 2737 4223 14155 9785
11339 16302 3173 8659 5337 14275 17872 6035 1952 2268 11200 1222 12069 5185 16441 14868 15749 11625 3212 11047 7781 16202 9845 880 2397 7433 4836 13593 4235 15109 11238 13823 14263 11516 5777 11989 11813 1900 16342 5836 7673 3077 18282 10183 15020 7434 17944 13601 9034 15408 12873 12922 13650 5464 16354 13885 6845 8305 5116 10288 6376 9934 7084 11131 13508 7419 2623 20089 5229 9344 3077 10911 13781 5631 8241 4610 9044 10200 8665 7049 6631 13592 13918 7149 7089 8843 16611 16031 6200 19417 3858 8243 12725 1084 11283 12064 16486 5551 11641 10552 10825 12658 4601 6277 16212 14555 5761 4182 5997 6181 10886 1768 15180 12233 9789 11134 14240 8242 5507 8644 5138 545 11261 8278 1775 10453 8749 15971 5606 14303 5319 12735 10424 2070 12968 11797 3438 4323 13269 6626 10395 14755 5176 12942 2887 8409 3419 8207 12336 1406 8749 7495 14359 3267 15084 14115 17822 7559 8388 11751 5155 7470 14712 9186 12909 14096 4380 7409 8646 10650 10317 14770 13596 8915 15108 10447 5679 14829 8615 6249 12717 9247 5823 5576 7587 6302 7732 6782 6952 8719 16445 7685 2058 19283 15110 9623 8285 1855 12922 7813 13550 1328 13024 7009 8890 15321 17087 5720 13074 12865 3832 14605 10523 10659 15998 7646 17338 6004 16279 8374 16597 11963 3189 17566 17525 8315 5491 4534 11450 14647 15536 6978 2905 14594 14336 6723 9954 15354 8370 990 4496 12313 6674 2753 6891 17043 5830 4712 3267 16362 9164 5355 6017 9215 15336 5422 9024 10372 11496 9264 3630 9296 13104 4338 2338 15706 14193 10520 11837 9850 6204 11358 6978 6872 2806 10063 15146 15136 9669 5821 10784 6087 7849 17089 12071 9634 7767 3286 6183 11194 13389 5099 8500 7571 13661 9972 13404 15973 3554 7495 11708 9330 7043 4425 7524 9745 9525 12933 9957 15127 5805 13483 10472 2549 7825 8486 3213 8632 5614 5641 17251 10619 0 8546 11470 2493 13572 14014 9912 8340 14350 12443 16752 3297 10553 14595 11891 5300 7075 13856 3366 10072 12122 5363 6768 4357 9966 12173 4142 9126 4916 10959 5536 8331 14559 14103 17168 11562 11337 8612 17722 14014 3029 7300 5597 11056 12442 1477 17962 8371 9211 2400 13610 15216 14049 7851 3581 11503 9839 13371 4998 13838 7538 11145 7471 10333 15109 6961 16933 11569 1337 11971 8082 7920 1189 15154 17338 11855 8166 3632 13184
19787 16442 10039 7358 5785 10336 21909 13119 7086 6342 10041 8964 17761 6692 12335 13775 12414 14188 6824 19299 11339 15836 14001 9209 9634 14120 4132 8245 12781 10895 18492 17733 8753 17164 3260 13044 18844 10142 12549 11178 4562 6105 21767 11568 12058 11691 20194 15947 11597 19242 19006 17803 17228 13150 12113 18257 3031 15628 4447 7488 13956 17619 6994 9900 7590 2570 8390 23262 8137 17831 5888 18745 18208 10095 6084 6890 9225 2890 15768 8196 3703 16069 16250 1688 4128 11860 18165 17032 2388 22476 11713 15627 16018 9178 5248 17811 13984 14017 10346 4189 8569 17843 4537 7941 13177 18179 14276 12124 11522 2369 10656 6934 12565 19594 17296 18651 9116 10128 6115 6890 13681 8608 18192 1849 10289 15779 14908 15186 13184 16178 4688 17923 10206 9920 8349 13876 5545 9444 18398 9185 13517 19115 3371 10909 7300 12014 6608 7587 18235 8017 4442 16040 12487 5892 19836 17768 19633 1313 9293 17595 3396 5402 20221 6417 12923 15510 12757 3861 16901 18120 4119 16465 13921 11451 16492 17435 5978 14432 1944 8236 10954 17761 14014 14121 5063 2296 13133 15302 15048 17147 12814 3347 10010 22450 18746 18067 6412 6722 16986 15399 18741 8337 17056 8141 17275 16464 19734 9085 18141 18837 5488 16511 15940 14379 17885 13776 12259 12694 17288 14611 19793 20323 7217 20629 21679 15232 13794 5625 13537 19074 13642 5815 6977 16780 9009 9218 18292 16189 2665 8489 12106 20747 7090 9427 4838 20194 11703 9713 6692 18347 14753 13901 14413 17293 17980 11153 14560 14810 16402 15734 7288 1189 16638 5691 6328 19669 15903 12852 17752 16476 14424 9492 4430 3502 6459 15578 20199 20189 13686 7196 18462 2516 3875 21445 5950 17638 16202 7322 5298 12851 16198 12651 661 16039 12594 18324 11273 20025 5315 14849 15489 3892 15573 4650 1910 6016 15578 7833 16697 17924 10206 19035 16687 6095 12098 2121 8509 15928 4869 6468 21411 18015 8546 0 19861 9041 18946 9678 17113 4505 19159 19303 20837 11536 14127 15478 11124 13712 14385 16728 8572 18533 15351 10166 6678 8541 12563 18993 9846 17587 13462 19221 3597 6014 11136 19472 18656 17317 4561 3670 20356 9605 5729 6223 13907 6478 17684 9309 20568 13030 9090 10471 17380 18778 16762 16393 9040 6867 13860 16197 4223 9257 15927 18891 13455 17454 13329 9251 19844 19533 9281 16744 1945 1067 8272 18246 18776 19825 16485 7140 16061
587 19903 10076 17041 15107 22312 15473 7693 13293 13736 18138 11497 9518 14386 24118 20270 22937 14468 14258 1189 12418 20401 11794 11021 11486 7697 16304 22768 7414 23158 5432 13420 23413 9484 17247 16410 6174 9731 23780 10472 18924 13816 16653 15320 22082 11558 18292 15613 13722 14339 8777 11375 13868 7054 24159 12674 17598 5897 15773 18842 6519 4151 17614 18160 23056 18231 11670 18403 13257 2319 13997 3340 12533 11611 17403 13875 16061 20983 6298 14757 18038 15433 15790 18315 17334 13158 18374 18708 17474 18101 8231 5771 13898 10700 21328 9401 22751 5924 18491 20902 18778 10712 16052 14260 23028 14230 6498 7810 10165 17503 17176 13225 21899 5210 4792 4550 23135 14288 15007 17333 6539 11574 6393 19221 9698 9940 8366 20694 7124 16593 16667 10730 16955 9947 21813 15142 14355 11353 11039 13476 13348 13108 16526 19882 13782 12390 13518 16394 9147 11846 18765 4499 20667 14658 12571 13968 18822 18736 15236 9123 16537 17037 10905 18215 17974 17060 8214 18774 3053 4741 20649 17082 18031 13728 17670 6226 15219 19538 19525 13989 19516 2601 5884 6157 18735 17703 9884 4834 4978 2756 23723 18183 9853 17840 14498 1891 19085 13189 12788 5504 11027 11526 12881 14763 2588 18095 17164 12757 11084 9142 15216 16717 9778 12593 17552 8672 25641 8391 18854 8285 16035 553 14040 16846 15052 6865 6068 14735 14994 12936 21496 16359 13046 16342 23350 13537 1606 18488 19067 11861 7999 973 17157 10628 18098 16379 9742 11315 13397 17643 9407 6432 5464 3112 16120 10117 9510 11449 10894 7634 13048 20443 13696 14591 13542 14290 16744 14374 8985 7203 5469 18793 18264 17429 14129 9551 12034 12028 11970 16272 3980 17347 18121 14426 22001 3108 3707 12877 16006 15398 14879 7580 19707 3931 19474 1556 20262 14287 14567 6251 12799 19617 4660 15879 18530 19075 8495 22093 6914 15783 11640 10271 8141 13776 11515 19347 11754 5819 16895 14864 14867 4989 11470 19861 0 12196 10673 22408 5688 18321 12106 6798 14689 8325 12774 17978 18170 6176 6599 15013 11755 1537 13753 11301 15629 14120 13896 6844 10789 2412 6817 1161 17004 17535 22123 10907 18821 9269 21721 18949 17593 22460 14133 16403 5955 20401 10531 11242 17791 10956 16372 10308 13548 14674 15333 4127 11374 20750 11991 14847 16450 22447 3941 3682 8979 5860 21093 13741 16676 2717 10583 11257 19011 19340 11590 15362 18998 2716 3389 14410 14690
11952 18757 5560 10776 7318 16244 20233 8089 2151 3117 13464 1329 14258 7366 18433 17220 17849 14118 2300 12005 10273 18627 12293 1954 716 9536 4920 15272 4828 17053 12945 16237 15928 13729 5850 14452 13602 3869 18384 8280 6833 4926 20694 12640 17159 9913 20426 16093 11522 17813 14936 15238 16093 7272 18321 16252 8123 10107 6662 12281 8167 11448 5461 13384 15056 8598 5101 22515 7628 9917 4782 12280 16143 8123 10178 6836 11375 11221 10548 9380 6193 16082 16409 7981 8674 11336 19104 18516 6953 21854 5746 10017 15192 3429 12704 14241 18712 6438 13903 11847 12930 14931 4537 8614 18364 16986 5826 5958 8415 6843 13238 2564 17369 13852 11419 12705 15987 10690 7564 10689 5666 1948 13108 9274 3267 12752 10936 18363 7465 16796 4789 15005 12764 4291 14771 14289 5063 6816 15540 9070 12884 17112 5892 15153 1792 10898 5542 10390 14472 3826 10324 7816 16622 3150 17384 16548 20314 8342 10764 13915 5792 9326 16885 11105 15322 16584 4109 6812 9700 12265 11635 17262 16038 11401 17598 12301 7706 17238 9619 8622 14955 9725 7162 6039 6587 6758 10101 7363 8302 9480 18514 9071 4223 21714 17534 10305 6894 3419 15334 9500 15804 3808 15438 9336 9729 17807 19558 8185 15359 14970 3578 17098 12805 13123 18491 9887 19166 8194 18764 10557 19042 12729 1970 20013 19876 10290 6714 6433 13940 16997 17818 8937 5106 17085 16043 9166 10827 17832 9567 1528 6453 12928 5008 5211 5995 19488 8209 7204 5405 18853 11455 5765 7026 10445 17815 7840 11330 12788 13835 11346 5936 10005 15555 6240 3938 18096 16685 13011 13981 11860 7472 13540 6220 8291 2589 12340 17397 17387 12129 4113 12268 6875 9356 19419 13513 10916 8562 5596 8053 13673 15871 7021 9176 8292 15996 10822 15615 18350 5060 9329 14157 10729 7544 4405 8513 11536 11708 14640 11923 17602 8298 15669 12582 4048 10297 9542 5693 10429 4905 7770 19603 12276 2493 9041 12196 0 15792 15906 11694 9959 16653 14282 19118 4925 13026 17071 14218 6347 8957 16334 5847 10694 14597 7852 8895 2135 12458 14035 6617 9785 5384 11905 5531 10249 16619 16314 19662 13750 12576 10029 20192 15893 4557 9321 6799 12777 14709 1284 20431 10806 11516 1891 16038 17646 16531 8198 6074 13238 12296 15853 4896 15680 8446 12569 9751 12134 17396 9398 19392 12809 3687 14318 9106 8192 3658 17615 19831 13080 9154 2264 15665
11191 10590 10430 12699 13167 16016 4994 7748 15338 15067 11944 14501 1566 12266 17139 12133 15720 6380 16682 9501 7651 11378 5070 13854 15333 6297 17202 17607 12241 16706 5245 3278 18099 2064 17848 8696 4510 11924 16638 8109 20492 13671 6028 8777 14918 7258 7741 6327 7834 3729 1931 1453 3972 8779 17294 2291 15941 6434 14612 13998 8029 6821 20556 12043 18296 16489 11626 7843 10838 11179 13993 7342 2176 8976 13741 12149 10847 18523 5833 10954 19149 6089 6346 17282 15010 7387 8310 9063 16942 7466 10111 6588 4711 12496 17596 1614 14794 11006 12091 17718 13338 1122 17208 11047 15473 3905 12962 9992 7829 17116 10766 14926 14475 5619 6283 6124 17579 9242 12832 13188 12027 14043 4312 17472 12561 3233 4858 11970 8542 7187 18195 1046 10859 11544 16475 7117 14177 9962 723 9797 6128 2473 16480 13135 16432 7026 12850 12151 1610 12766 15662 12120 13166 16347 1943 3806 8411 17634 10322 1964 16606 13982 1277 14103 10203 7978 13789 19984 9330 6003 17496 7562 9740 7953 8165 4707 12972 11049 17637 10739 12744 11549 9672 12046 20580 17578 6037 11428 8952 10480 16448 15941 11593 7217 4004 10737 21568 14216 3140 7227 451 12575 3172 11000 10150 8628 6618 9876 977 1536 16837 7163 3112 5037 7512 5927 19036 7601 9127 5237 5420 10560 16730 6184 4576 5797 10185 13471 7220 2302 13531 13382 12739 6658 17889 9776 9905 9160 16898 14509 9397 11388 20176 10950 19860 5734 7854 9596 12839 7463 4453 12231 10466 8425 5952 8355 4617 4231 2583 4587 12064 18900 4148 13462 14174 3628 7470 7247 1975 4334 9637 12838 19799 15515 16089 3548 1648 1638 5405 19356 6721 16808 15570 3987 17960 8071 10519 12185 13688 7980 5491 8883 18474 10815 11864 10009 13338 3615 14440 6965 4254 16651 11617 17043 17083 15021 4090 17054 4446 5616 8839 436 3367 14344 6849 17405 11196 6208 18596 12481 4348 5773 13572 18946 10673 15792 0 16455 5421 15311 1438 3977 4072 11026 5336 8933 11365 10735 7175 5341 11067 11004 5036 9004 12454 17867 7170 3862 9801 10842 12236 9552 17786 13870 15410 540 8651 2063 18413 16240 6981 16551 14338 13103 10177 15985 1263 14510 7166 5922 11139 14390 3584 4181 5642 12018 10618 16127 5253 5461 17524 16713 10192 6991 6110 5071 13230 9786 6084 8008 12238 2356 17284 18999 12732 5063 8811 8095 9720 17172 5391
22590 8882 13063 5562 8678 797 17180 14728 13804 12831 4571 15075 15986 8923 2685 5810 2880 10102 14417 21441 10143 7951 11810 14894 16183 14828 12252 1874 17319 1230 18733 13817 1954 15505 11885 7857 18656 14498 2873 11941 14115 11025 16449 7781 2853 10977 13870 10861 9121 14834 17488 15011 13085 15545 2499 14729 8237 16692 9287 3775 15922 18786 16238 4496 2871 8045 11958 17374 9520 21087 11133 19977 14758 10841 5773 9524 6371 6964 16469 7755 12963 11084 11040 9223 7342 9691 11570 10165 10016 16588 14892 16785 11967 13867 4514 16092 4723 17769 4372 5536 3630 15409 12641 8383 3708 13807 19014 15266 12242 10254 5733 13347 3519 19794 18223 19303 1288 8193 8517 5437 18017 14421 18000 8038 15110 14185 14656 7077 15415 10493 13366 15471 5748 13943 1329 9399 10842 11391 15741 8959 10416 15347 10768 3427 14702 10378 10600 6162 16597 12708 5836 20083 4221 13340 16364 13546 12979 9136 7183 16060 10947 6584 17605 4829 6597 9561 18123 13376 19438 18801 5569 10489 7435 9059 10177 17512 8338 6949 7814 8596 3791 21204 17010 18415 14576 10713 12785 19124 17588 20205 3152 7263 14089 16679 14237 21066 15972 12508 13480 16935 16072 12930 13490 7760 20151 9905 13911 9766 15479 17144 13285 10748 14399 11510 11701 13952 3356 14020 10364 14569 14547 22694 14798 15066 17124 15843 17098 9515 9251 15396 4938 7036 11128 11233 1630 8890 20851 9394 7302 14620 14803 23381 16204 12739 14187 14813 12669 11305 10753 12150 13872 18318 17836 19317 12575 12325 13696 12562 14083 15583 10549 8622 12639 9712 11977 15307 10134 9247 16266 16301 17384 3741 13817 7887 13709 14288 17014 17007 11500 16006 19444 10001 6812 17169 4009 19431 19437 10867 7868 8476 11536 15051 9046 19447 5189 20926 3385 15687 10855 16194 12202 5911 19449 12634 8527 4394 14947 1936 16615 12702 10793 16749 15899 11858 11126 7705 11557 16867 13719 8431 16914 18594 14014 9678 22408 15906 16455 0 17593 6099 15915 18756 16365 15356 11216 8968 5102 17336 15819 11953 11475 21555 11491 11176 7350 16511 9443 18453 11966 20734 17933 21405 12155 5686 1803 16847 11884 15750 5445 6412 14393 121 11350 6729 17201 3327 15367 15408 14536 11915 6052 16413 13411 14176 11799 20324 11671 2880 11588 11555 12559 498 19038 19922 13608 17725 4828 8676 14279 20909 13772 14152 8064 10627 12998 13261 11929 21170 19279 14970 11525
6121 14243 7224 12608 11590 17382 10412 4042 11851 11889 13115 10540 4027 10724 19010 14799 17740 8873 13118 4509 7457 14778 6262 9907 11109 3047 14366 18245 7407 18196 1380 7808 18849 3876 15190 10938 1910 8034 18619 6180 17490 11122 11424 10071 16884 6644 12732 9930 8545 8874 3793 5829 8211 4461 19087 7148 14376 1607 12689 14307 3549 1543 16955 13162 18692 15000 8812 13257 9345 5792 11397 2525 7005 7390 13263 10357 11255 17529 1346 10384 16305 9747 10103 15440 13780 7967 12697 13022 14815 12848 6060 1681 8210 8860 17327 3927 17357 5944 13419 17121 14026 5195 14249 10091 17740 8639 7792 5774 5822 14922 12051 11565 16626 2484 916 1715 18476 9416 11369 12994 6990 10266 1453 16033 8465 4259 2957 15118 4306 10909 15113 5228 11912 7876 17198 9576 11687 7707 5620 9037 7839 7700 14075 14752 12756 7238 10513 11963 3811 9581 14932 6737 15351 13090 7363 8347 13199 15846 10481 3605 14149 13136 6048 13934 12534 11400 8890 17128 3910 1208 16872 11396 12492 8584 11986 737 11564 13988 16283 9779 14368 6151 4739 6918 17455 15271 4817 6118 3781 5063 18523 14712 7865 12609 8958 5384 18197 11116 7129 2216 5689 9305 7225 10407 4740 12415 11612 8578 5608 4028 13640 11030 4092 6992 11876 3705 20676 4420 13166 3025 10547 5739 13056 11417 9992 1913 5257 11523 9464 7531 16082 12450 10192 10654 18731 9072 4618 12818 15672 10697 5421 6559 16529 7845 16745 10922 5528 7493 10440 11982 3888 7141 5343 3032 10468 6054 4028 5821 5214 2073 9828 17405 8016 11437 11267 8896 11068 8939 3513 1522 4578 13870 16785 14074 12692 3889 6991 6983 6482 15649 1909 14678 14504 9393 17893 2739 5120 9796 12373 9950 9191 4816 16793 5428 14106 4722 15091 8957 11943 2417 7120 15882 6273 14071 15458 14856 2878 17597 1226 10134 7347 5089 2465 11482 6468 16072 8616 1280 15453 11118 9768 1005 9912 17113 5688 11694 5421 17593 0 14508 6781 2597 9483 6780 7199 12330 12971 5773 2852 9329 8545 5701 8080 7190 11585 13829 8520 2373 7271 5443 7238 4528 15037 13401 17058 5790 13152 3689 17914 15300 12083 17662 11660 12358 5215 16090 4991 10444 12294 5709 11578 10008 7905 9131 9648 6613 8074 16370 6473 9159 14621 17709 4816 2372 4061 449 15696 9218 11159 3441 8636 5594 15824 16867 9434 9745 13331 3665 4305 13493 9003
18377 11941 8291 2928 3257 6577 17764 10833 7820 6846 5539 9273 14315 3936 8748 9332 8481 9970 8338 17540 7700 11354 10245 9203 10313 11469 6175 5313 12142 7307 15835 13677 5972 13734 5897 8615 16022 9247 8818 8328 8388 5264 17505 7263 7974 8263 15767 11615 7585 15115 15690 14042 13107 11272 8589 14311 2178 13219 3301 3079 11900 15339 10269 5400 5168 2156 6820 18922 5186 16611 5293 16534 14280 7118 1669 4454 4879 3212 13201 4374 7102 11756 11906 3420 1285 7957 13695 12538 4023 18129 10186 13261 11877 8446 3042 14386 9825 12947 5855 2620 4124 14189 6554 4457 9161 14034 13820 10601 8686 4274 6170 7400 8392 16956 14895 16176 6037 6115 3316 2432 12951 8670 15347 2661 9718 12310 11893 10731 11222 11770 7326 14266 5734 8790 4871 9574 4958 7008 14696 5640 9482 15133 4683 6529 8645 8289 5102 3288 14852 7195 445 15214 8131 7256 15947 13645 15170 3490 5121 14224 4866 1380 16584 1923 8421 11062 12665 7646 15268 15639 2369 12030 9421 7449 12027 14671 3103 9940 2653 4777 6530 16642 12510 13382 8798 4783 9967 14322 13343 15799 9020 1282 8923 18121 14586 16715 10198 6651 13005 13202 15046 7471 13063 4332 15833 11982 15364 5936 14429 15455 7187 12100 12497 10451 13448 10871 9247 10240 12793 11665 15515 18706 8724 16311 17567 12599 12453 3861 9253 15112 9324 2058 5643 12401 6084 5636 16715 11693 1866 8794 10328 19273 10195 7799 8316 15899 8998 7116 5251 13915 11485 13230 13168 15412 13643 8498 11287 11082 12728 12802 5359 3926 12530 4048 6113 15561 11480 8663 14404 13569 12919 5031 7980 1790 7648 12205 16396 16387 9913 9940 16128 3985 749 17392 3784 15656 14919 5597 2336 8521 11943 10746 3860 14847 8126 16770 6927 15930 4917 12534 11506 1381 14634 6541 2787 1763 12448 4683 13838 13615 7168 15466 13549 5958 8610 2434 6613 13475 7701 3468 17308 15487 8340 4505 18321 9959 15311 6099 14508 0 15313 16354 16729 10384 10175 10990 6621 12553 12088 12468 6592 17206 11228 7326 2954 10425 8463 16037 7553 16300 12808 17481 6139 1571 7183 15811 14177 13925 3427 959 15975 6066 5440 2226 12566 2835 14060 9623 16180 9565 4697 10711 13302 14600 12470 15512 6951 3300 10072 11946 6495 5806 14566 16593 10519 14772 8980 5575 15514 17413 8419 13002 2562 5166 7497 13984 14293 17699 14973 8880 11825
12621 9471 11180 12578 13426 15423 3729 8726 16041 15694 11500 15342 2782 12543 16395 11259 14957 5832 17387 10932 7824 10314 5159 14702 16234 7300 17705 17184 13347 16069 6676 2210 17638 3119 18294 8067 5947 12794 15872 8685 21001 14165 4643 8436 14183 7580 6323 5375 7733 2310 3366 1437 2964 9834 16569 1207 16131 7674 14923 13733 9142 8217 21231 11610 17927 16649 12243 6487 11156 12563 14492 8772 1160 9412 13695 12493 10657 18518 7066 11026 19629 5132 5336 17522 15132 7363 7026 7887 17262 6069 11066 7833 3958 13291 17414 2867 13900 12191 11597 17621 12986 1764 17744 11218 14648 2650 14166 10987 8444 17451 10330 15603 13697 7054 7661 7557 17086 9198 13070 13081 13195 14843 5732 17602 13470 3902 5817 10965 9588 6146 18751 1700 10486 12369 16046 6517 14644 10508 1200 9975 5880 1054 16881 12532 17169 7145 13312 12075 2992 13442 15638 13423 12404 16975 734 2659 7027 17853 10224 3208 17019 14026 1885 13964 9481 7003 14899 20458 10688 7421 17409 6467 8909 7866 7055 6083 13192 10123 17741 10923 12149 12928 10842 13242 21121 17936 6652 12696 10195 11843 15659 16043 12431 5828 2644 12132 22169 14838 2445 8468 1094 13278 2428 11077 11520 7514 5204 10189 1316 2974 17442 6073 3851 4863 6251 6778 18330 8485 7926 6188 3991 11997 17464 4746 3328 6952 11345 13817 6684 889 12661 13465 13256 5545 17406 9940 11312 8071 16981 15311 10358 12826 20866 11659 20407 4297 8539 10122 13317 6157 5198 13413 11676 9804 4685 8999 5329 4364 2893 5719 12523 19023 3305 13828 14749 2190 6458 6891 3274 5585 10839 12406 20318 15681 16757 4316 1112 1104 5472 20071 8147 17132 15636 2799 17718 9465 11838 12679 13864 7480 4564 9881 18653 12125 11118 11416 12693 2190 14903 8136 3863 16618 12899 17585 17268 14859 5090 16665 5737 4360 9259 1858 4567 14904 7151 17508 11770 7474 19163 12705 3075 7187 14350 19159 12106 16653 1438 15915 6781 15313 0 5410 2719 12002 5146 7931 10815 11896 8298 4310 11632 12411 4433 9493 12550 18688 6931 5300 10420 12220 13390 10982 18258 13817 14751 1355 7332 3211 18279 16260 5550 16017 14850 13146 11346 15732 1994 15378 5732 6295 10929 15345 2590 2816 4581 13338 11205 15834 5300 4538 18040 16208 11497 8424 6902 6452 12390 9913 4660 9446 13030 2465 17422 19290 13438 3768 7486 9533 11056 17901 4510
7343 14152 9628 14170 13636 18447 8676 6462 14369 14353 14191 13114 3201 12741 19872 15234 18521 9216 15655 5659 8862 14834 6970 12476 13702 5226 16780 19617 9982 19217 1593 7053 20184 3464 17571 11484 759 10584 19427 8156 19954 13435 9869 11004 17679 8157 11715 9774 9650 7705 2046 4971 7641 7027 19985 6165 16462 4176 14856 15752 6121 3407 19510 14261 20162 17071 11153 11606 11310 7648 13726 3548 6032 9312 14978 12444 12592 19474 3779 12063 18733 9556 9871 17617 15755 9091 12140 12737 17063 11318 8611 4266 8029 11378 19027 3073 17877 8480 14435 18931 15318 4304 16687 11897 18406 7785 10258 8344 7802 17189 13053 14060 17333 1644 3094 2356 19748 10780 13376 14601 9522 12817 1183 18100 11042 4604 4465 15314 6856 10718 17581 4296 13008 10389 18524 9970 13993 9861 4469 10738 8469 6450 16387 15670 15306 8463 12761 13545 2657 12021 16760 8994 16024 15577 5808 7607 12356 18012 11890 2933 16475 14974 4108 15550 13085 11382 11444 19562 6021 2451 18689 11154 12841 9724 11764 1996 13557 14274 18327 11577 15277 8040 7319 9416 19941 17570 6390 8500 6313 7091 19286 16699 10387 11052 7952 7149 20724 13557 6623 4811 4379 11760 6694 12095 6729 12220 10589 10451 4582 2452 16120 10762 4391 7440 11324 5546 21656 6705 12835 4720 9397 6636 15607 10148 8254 4180 7833 13679 9952 6278 16592 14305 12490 10303 20027 10754 6252 12703 17670 13254 7949 7456 19088 10238 19226 9707 7600 9592 12703 11328 4966 9652 7865 5029 9796 8150 5157 6285 5048 3582 12034 19501 7635 13614 13667 7596 10949 9647 2734 2828 7133 15019 19248 16118 15200 4469 5240 5234 7267 18213 3003 16926 16437 7628 19527 4579 7373 12044 14352 10583 8956 7348 18937 7706 14731 6352 15956 7555 14255 4967 7160 17735 8612 16511 17574 16485 3931 18999 2610 9454 9234 3552 2879 13875 7873 18107 10891 3854 17934 13087 8070 2298 12443 19303 6798 14282 3977 18756 2597 16354 5410 0 7908 9361 7708 12347 13858 8337 5371 8944 10802 7335 8114 9180 13401 16417 9353 317 9493 7355 9780 5724 17436 15115 17997 4142 12522 3203 19699 17202 10958 18837 14012 14147 7785 17639 4184 13027 11142 6965 12912 12605 7274 8130 9264 8810 10325 17871 7194 8924 17050 18932 7136 3158 5883 2151 16242 10856 10060 4091 11146 5231 17895 19134 11896 8949 12689 4149 6519 16046 8806
15220 8721 13584 13861 15244 15774 1124 11330 18356 17931 12255 17795 5500 14401 16400 11105 14950 6784 19695 13529 9692 9692 7105 17165 18736 9930 19782 17836 16006 16314 9287 3118 18211 5823 20297 8644 8516 15288 15838 10966 23062 16266 1965 9523 14257 9632 4375 5516 9241 1617 5914 3969 3623 12475 16612 2868 17813 10390 16787 14746 11816 10893 23486 12384 18668 18281 14503 3774 13094 15251 16594 11377 2975 11530 15067 14438 11889 19877 9782 12643 21663 5304 5325 19256 16730 9002 5844 7052 19109 3412 13636 10550 4852 15716 18497 5584 13607 14888 12256 18843 13865 4446 19860 12964 14503 2703 16868 13586 10767 19316 11151 17894 13688 9540 10353 10158 17607 10713 14867 14372 15883 17262 8373 19177 15991 6429 8442 10480 12225 5921 20884 4390 11415 14828 16710 7290 16708 12720 3914 11767 7320 2011 18837 12940 19513 8981 15386 13442 5676 15751 17007 16141 12473 19202 2132 3084 5310 19556 11618 5926 18989 15531 3866 15184 9769 6865 17556 22479 13393 10065 18652 6040 8979 9386 6513 8776 14962 9889 19278 12697 12586 15620 13534 15942 23222 19826 9023 15413 12909 14546 15578 17598 14901 3153 2178 14809 24337 17078 3943 11183 3798 15614 3855 12698 14218 6918 3418 12145 3996 5566 19640 5712 6419 6523 5245 9324 18385 11028 7002 8803 2203 14544 19802 2503 841 9650 14033 15741 7564 2140 12465 15039 15396 5189 17941 11716 13972 7507 18495 17728 12937 15364 23142 14018 22517 2254 10923 12322 15409 4961 7715 16108 14382 12496 3908 11338 7819 6437 5295 8415 14606 20573 4206 15778 16936 1170 6280 8067 5987 8303 13543 13154 22396 17335 19030 6879 2681 2686 7366 22376 10768 18984 17145 841 18693 12143 14555 14800 15561 8353 4928 12488 20288 14843 11269 14076 13006 817 16959 10835 5389 17957 15617 19709 18928 16022 7745 17390 8455 3711 11365 4442 7282 17072 9200 19045 13991 10193 21306 14489 579 9838 16752 20837 14689 19118 4072 16365 9483 16729 2719 7908 0 14583 6748 7632 11396 14583 10979 4454 13846 15072 5505 11667 14160 21108 8289 7845 12708 14913 16072 13586 20292 15177 14980 3783 5960 5927 19430 17687 3493 16477 16964 14666 14037 16720 4675 17856 3601 8460 12117 17896 3458 2207 4574 16055 13449 16750 7184 4916 20131 16720 14216 11013 9405 9142 12273 11641 2819 11995 15454 4805 19012 21078 15775 3116 6070 12056 13769 20233 4996
8259 15775 2309 9794 7130 15457 15675 3282 5237 5503 11756 3766 9468 6578 17516 14948 16594 10533 6422 7810 6933 15884 8230 3141 4374 4729 8083 15309 2046 16319 8058 11897 15979 8972 9000 11522 8690 1429 17311 4522 10967 5524 16286 9862 15789 6281 16458 12384 8394 13412 10047 10629 11885 2349 17483 11751 9374 5185 7544 11592 3243 6664 10201 11725 15414 9998 3565 18145 5845 6345 5686 7618 11631 5042 9793 5996 9496 12785 5624 7690 9919 12319 12677 10002 9270 8015 15488 15176 9149 17542 954 5100 11171 2395 13425 9440 16969 2573 12180 12864 11847 10247 7876 6998 16913 12702 3694 1045 4479 9178 11128 5054 15809 9009 6562 7887 15829 8137 7125 9947 2661 3557 8185 10961 1688 8154 6192 15836 2549 13224 8615 10317 10745 1645 14504 10903 6049 4063 10845 6732 9216 12574 8204 13583 6025 7370 5344 9209 9631 3524 10825 4833 14785 6564 12722 12281 16520 10423 8699 9103 8221 9231 12061 10702 12758 13233 3323 10704 5402 7419 12615 13726 13238 8315 14166 7377 7335 14640 11276 6821 13286 6322 2538 3062 10867 9388 5794 3942 3657 5618 17347 10048 1537 17371 13214 6542 11495 4886 10998 4607 11082 3203 11106 7673 5739 14462 15487 5790 10689 10104 7129 13486 8171 9145 14779 5262 18709 3570 15401 5817 14798 8792 6320 15771 15297 5387 2260 6597 10600 12443 15864 8601 4831 13357 15986 6824 6763 14620 10879 3958 1647 9214 9768 2637 10178 15238 4110 4268 5207 15078 6874 2964 2887 5924 13847 3991 6783 8536 9303 6491 5031 12141 11405 6432 5219 13639 13194 9702 9151 6961 2931 12154 10274 9261 6095 7707 12659 12648 8155 8883 7509 9022 10066 14798 14160 6338 4682 4788 8053 10577 11988 2146 11392 4549 13852 6792 14028 13854 6253 4404 10033 11585 4251 7699 10250 11448 6944 14627 7010 13588 5174 10866 7735 5453 6554 11111 3841 5509 8907 7084 15030 7409 3297 11536 8325 4925 11026 15356 6780 10384 12002 9361 14583 0 9127 13908 12189 2209 4036 12385 3903 7017 10661 4676 8061 7059 9118 9112 3533 6075 2594 7726 8782 9911 15535 11533 16036 8965 13680 10886 16093 15381 5809 8772 2372 12804 10019 3665 16332 6746 9748 3366 11762 13346 12630 5128 3686 13210 8295 11964 8270 15279 4392 7859 5213 7217 15431 7076 15232 8273 2260 9799 10754 11027 3265 13488 16216 8559 4958 6749 11773
13136 7204 7518 7437 8496 10836 7847 6360 11945 11408 6660 11702 4776 7655 12171 7625 10813 1697 13253 11631 2984 7634 1014 11118 12768 5446 13096 12290 10962 11574 8032 3630 12798 4322 13573 3797 7752 9416 11720 4776 16357 9619 7938 3459 9972 3123 7414 3276 2590 5194 6280 3951 3232 7609 12291 4146 11096 6965 10040 8667 7349 8669 16938 6751 12964 11586 8082 9657 6375 12272 9946 9723 4109 4999 8550 7713 5536 13376 6493 5939 14949 3195 3558 12525 10049 2267 6379 6242 12361 8942 8199 7113 2179 9609 12299 4886 10227 10355 6846 12479 8006 4242 13199 6220 10707 4189 12266 8312 4709 12568 5487 11451 9627 8972 8031 8769 12298 4063 8120 7938 11157 11091 7154 12514 10187 3122 4422 7927 7365 4174 14230 4311 5541 8860 11162 2378 10030 6281 4655 5019 801 4991 12102 8003 13136 2273 8726 6929 5390 9381 10494 12269 8320 12653 5772 3753 7401 12835 5079 4880 12257 8905 6565 8829 5404 4398 12416 15757 10314 8350 12266 4686 5294 2725 5193 6870 8218 6790 12638 5949 7609 12540 9072 11369 16538 13079 3451 11343 8972 11389 11578 10944 8967 8837 4767 12023 17696 10570 2860 7561 5002 9301 2929 5992 11178 5556 6534 5444 4385 5930 13054 4404 3332 299 5655 4455 13983 5761 6440 4560 6112 12892 13410 7065 7586 5974 9455 9004 2281 4957 8943 8367 8794 4234 12600 4968 11466 5849 11869 11542 7613 13692 16620 7815 15841 6554 5029 5879 8765 5953 3368 11442 10045 9774 4795 5263 3275 1432 2869 5156 7963 13927 2645 9049 10365 5590 4211 1973 5088 5700 9267 7540 15701 10629 12544 3367 6241 6232 980 15902 9098 12236 10520 7322 12637 9677 10972 8188 8835 2875 2876 7381 13595 11150 7034 11564 8267 5931 10274 6888 1364 11473 11631 13055 12222 9733 4321 11727 6018 4576 4825 5584 5000 10479 2729 12405 7524 6984 14659 7743 7314 8108 10553 14127 12774 13026 5336 11216 7199 10175 5146 7708 6748 9127 0 5258 6195 9947 6744 3314 7370 12444 1572 5214 7466 14863 1834 7425 6412 11889 11256 11633 13582 8672 10323 5786 6922 4575 13146 11125 7170 11306 10321 8027 9507 10658 4175 11834 7409 2388 5820 12133 3307 4837 3530 12335 7034 10793 868 2855 13451 11445 10556 9544 4285 7172 8576 4897 6395 10632 9357 2984 12340 14337 9462 4620 7103 10843 10430 13824 2663
18359 1947 11946 8132 10859 8305 8322 11484 15559 14809 5578 15813 9155 10293 8770 3473 7321 3575 16734 16818 6999 2487 6270 15314 16965 10687 15812 10612 15868 8764 12992 5728 10890 8906 16006 2665 12566 13885 8206 9386 18801 12771 7494 4476 6651 7630 4991 2610 5599 6255 10536 7557 4987 12707 8987 6749 12693 12217 12352 8283 12543 13841 19999 5723 11530 12974 11973 8441 9536 17530 13061 14835 6832 9078 9399 10631 6414 13773 11729 8102 17389 2846 2598 14167 11477 5906 2753 1568 14384 7646 13042 12367 4323 13830 11902 9283 6024 15453 5394 12501 7228 8160 16037 8769 6876 5387 17296 13229 9447 14631 4822 15031 6063 13809 13199 13796 10247 6427 10474 8589 16176 15138 12048 13647 14669 8086 9665 3040 12474 1793 17044 8191 5277 13280 9540 3037 13006 10344 8233 8035 4847 7091 14507 5630 16748 6540 11911 8003 9736 13248 11125 17462 4886 15908 8160 5281 4237 14351 6672 9418 14692 10157 9805 9127 2640 966 17229 18105 15571 13426 12364 1592 1635 5706 1210 11911 10466 2261 13638 8653 5338 17796 14220 16430 19103 15184 8597 16518 14202 16646 7947 12141 13409 7723 5671 17279 20420 14067 5823 12819 8487 13269 5776 8158 16436 1009 4943 8888 8023 10120 16177 1934 8269 5405 2740 9684 10758 10828 1828 9817 5644 18065 16982 6102 8322 11226 14566 11651 3314 7192 4842 9924 12185 2473 10588 7942 16708 769 12855 15543 12545 18877 19766 12062 18478 5874 9852 9991 12005 3198 8601 16473 15195 15015 3729 9917 8522 6530 7328 10344 11297 14885 4796 11774 13711 6705 1473 4207 9614 10809 14446 6346 18239 12181 15964 8441 8911 8907 6168 19191 14193 14288 11604 8467 11900 14897 16211 11609 10744 3406 3447 12412 14843 16378 3779 16806 5588 7062 13195 12142 5250 11930 16815 15931 13650 9756 9483 10274 11115 3927 8915 9330 9971 13749 7390 13423 11382 12224 17480 10117 8141 13176 14595 15478 17978 17071 8933 8968 12330 10990 7931 12347 7632 13908 5258 0 4512 15028 11981 3623 11229 17697 4279 9407 9293 18621 4791 12109 10681 17147 16242 16827 16119 9465 7440 9155 3199 9163 12919 11892 5438 9085 13431 9452 14628 10054 8228 16019 5593 7465 6472 16553 5373 5564 3352 17547 11049 9955 6101 3478 16184 9374 15792 14616 9482 12243 4641 7728 5322 15716 13605 7117 13534 16023 13415 4546 3307 15904 15684 17342 3567
18430 5322 9931 3952 7211 4655 12278 10709 12398 11523 1088 13096 10968 6903 6046 3022 4778 5000 13403 17115 5776 4795 6892 12720 14276 10472 12016 6444 14235 5379 14000 8735 6849 10516 12050 2777 13831 11722 5649 8021 14768 9455 11695 2901 3921 6633 9473 5886 4457 9827 12472 9917 8014 11738 6139 9633 8507 12296 8528 3779 11906 14293 16263 1232 7274 8701 9371 12848 6686 17161 9693 15447 9659 7181 5139 7394 2848 9275 11976 4845 13391 6093 6103 9939 7291 5029 7265 6004 10300 12047 11504 12411 6873 11376 7402 11079 4786 14286 893 7990 2716 10333 12301 5616 4876 8776 15856 11808 8244 10555 1062 11873 3744 15015 13690 14647 6277 4089 6868 4331 14767 12400 13198 9277 12459 9255 10017 4294 11557 5687 13255 10393 1474 11109 5315 4299 9544 8159 10649 5479 5407 10270 10601 1812 13522 5789 8708 4045 11583 10485 6706 16534 2604 12451 11275 8490 8749 10074 3544 11073 10793 5995 12506 4710 1873 4821 15352 14045 15348 14174 7855 5807 2883 4443 5656 12790 6794 3355 9235 5650 1418 17342 13287 15110 15120 11105 8296 15554 13633 16257 5564 7838 11255 12091 9236 17048 16486 10910 8378 12674 10977 10601 8389 4886 16139 5521 9280 6438 10388 12113 12616 5984 9469 6483 7168 9508 7798 9982 6251 9998 9728 18389 13711 10365 12184 11368 13492 8095 4151 10313 3688 5929 9114 6408 6602 5384 16689 5155 8468 12732 11217 19132 16089 9819 14546 10043 8696 7923 8835 7639 9121 15077 14209 15060 7750 8504 8963 7588 9044 10908 8288 10451 7550 8256 10461 10301 5345 4225 11282 11578 13610 1845 14265 8004 12625 9413 11917 11909 6607 15626 14869 10220 7288 12178 7447 15093 15607 8631 6843 3386 6498 11306 10475 15683 1780 16775 2121 10683 9679 11930 7112 7459 15876 12223 9366 5266 10188 5996 11899 7825 7070 11668 11054 10440 6655 9029 8827 12419 13678 6575 11959 13950 11891 11124 18170 14218 11365 5102 12971 6621 10815 13858 11396 12189 6195 4512 0 13841 11618 6947 8697 17519 6389 7550 5536 15434 4513 13565 8661 16788 14753 17095 12212 5178 4138 11750 7702 10767 8414 7480 9835 5203 10027 5447 13581 5557 10302 13368 10012 7280 2707 14142 8328 9191 6827 16712 8696 5489 6668 6515 12382 5396 15188 15339 9193 13043 3255 5130 9558 16381 11203 9082 9183 11757 10720 8337 7799 16622 15293 14012 6469
6075 16949 4319 11785 9296 17387 15624 3589 7160 7563 13520 5444 9179 8696 19393 16450 18397 11512 8212 5768 8265 17170 8965 4911 5678 4754 10136 17388 1655 18250 6856 12196 18055 8777 11075 12830 7603 3570 19152 5860 12856 7731 16408 11303 17572 7493 16993 13212 9741 13601 9430 10631 12320 2338 19379 11868 11584 4359 9753 13600 2783 5205 11800 13504 17535 12208 5741 18281 7829 4137 7886 5948 11735 6680 11882 8130 11278 14994 4931 9596 11903 13110 13480 12198 11461 9282 16300 16167 11328 17747 2445 4222 11800 4535 15595 9122 18623 445 13929 15056 13769 10141 9895 8954 18657 13037 2345 2074 5696 11348 12782 7062 17536 7647 5292 6480 17874 9752 9268 11978 1300 5437 7225 13170 3534 8285 6205 17219 2583 14120 10553 10200 12441 3854 16544 11991 8252 5946 10699 8507 10200 12617 10363 15346 7762 8559 7544 11175 9200 5718 12996 2748 16444 8521 12578 12646 17188 12618 10456 8772 10369 11367 11608 12772 14193 14265 3119 12659 3390 6093 14806 14632 14558 9688 15126 6472 9480 16016 13485 8743 15026 4114 1065 1427 12706 11533 6495 1793 2047 3437 19164 12250 3743 17548 13498 4355 13192 7017 11334 3599 10879 5398 11443 9587 3591 15467 15954 7614 10592 9576 9083 14348 8245 9900 15542 5602 20675 4204 16374 5876 15122 6663 8038 16076 15223 4947 551 8795 11727 12469 17465 10722 7037 14143 18045 8591 4655 15696 13087 5760 2624 7040 11350 4759 12043 15548 5256 6059 7410 15788 7120 1540 717 4098 14439 5353 7088 9074 9471 6177 7195 14340 11912 8633 7385 13758 14143 10884 8769 6422 1208 13997 12179 11467 8008 7811 12380 12371 8971 10454 5988 11204 12256 14674 16319 4572 2490 6969 10218 11837 12700 2623 13585 2340 15425 4672 15777 13920 8450 3771 10619 13774 2116 9720 12456 13551 6850 16706 6368 14149 6778 10497 7369 7618 7667 13320 5959 4636 10806 9199 14970 6149 5300 13712 6176 6347 10735 17336 5773 12553 11896 8337 14583 2209 9947 15028 13841 0 3606 13033 6000 4822 11380 6315 10126 8429 10311 8138 5374 3877 1502 5676 10837 12005 17395 11196 16831 8706 15873 13079 16526 17368 7995 10860 564 14906 9911 5236 16759 7594 11553 4499 12133 13648 13309 2997 5716 15300 9080 12674 10292 17288 2238 6255 5695 6221 17036 8834 15627 6463 4435 9962 12962 13168 5449 13952 17014 6735 2879 8439 12485
6822 13927 4403 10519 9019 15714 12025 1276 9008 9038 11546 7758 5611 8197 17528 13883 16368 8406 10286 5627 5845 14279 5730 7116 8409 1298 11524 16244 5066 16560 4211 8631 16879 5184 12358 10075 4741 5213 17200 3914 14638 8335 12804 8817 15515 4986 13486 9924 7205 10006 6035 7026 8803 1688 17565 8267 11741 1264 10000 12300 854 3272 14139 11565 16587 12373 6021 14676 6909 5616 8599 4453 8134 5098 10996 7769 9463 14991 1598 8236 13458 9795 10167 12726 11249 6660 12956 12971 12055 14148 3243 1244 8394 6015 15014 5563 16276 3928 11905 14706 12191 6539 11401 7808 16492 9478 5916 2999 3590 12150 10607 8715 15360 5268 2911 4269 16575 7691 8842 10845 4906 7446 4189 13401 5697 4707 2630 14455 1494 10872 12262 6600 10369 5029 15260 8987 8902 5112 7104 6924 7153 9012 11278 13304 9935 5888 7778 9868 5689 6735 12525 5562 14155 10239 8988 9098 13746 13138 8641 5215 11345 10744 8121 11755 11580 11140 6616 14279 3736 3743 14454 11384 11765 7196 11918 3375 9046 13267 13669 7517 12943 5848 2568 4987 14604 12479 3444 4676 2230 4714 17153 12159 5021 13946 9923 5448 15359 8269 7787 1131 7296 6457 7895 8248 4553 12294 12425 6279 6990 6122 10789 11068 4654 6640 12172 2297 19043 1861 13159 2332 11550 6876 10236 12497 11626 1389 3057 8854 8777 8863 15044 10055 7421 10807 16800 6979 5078 12591 13101 7885 2579 7570 13718 5026 13894 11971 3187 4972 7693 12382 3615 5137 3474 3499 10977 3624 3619 5675 5891 2591 7136 14743 8433 8751 8432 10156 10941 8041 5233 2949 2640 12194 13933 11476 9845 4232 8823 8813 5813 12845 4095 11919 12003 11084 15638 3637 4231 7067 9856 9054 9334 1977 14097 4408 13003 5160 13693 10315 9154 464 7209 13439 4942 11223 12791 12645 3245 15575 2977 10674 5104 6965 3814 8650 4987 13466 5879 1584 12602 8632 11371 3657 7075 14385 6599 8957 7175 15819 2852 12088 8298 5371 10979 4036 6744 11981 11618 3606 0 9619 5825 5910 8046 4821 9249 11088 7513 5107 4613 5235 5094 5589 12198 11132 15530 7655 13471 5126 15514 12817 12981 15873 8848 10031 3067 13941 6309 7687 13212 4577 9776 7365 8592 10076 9911 5603 5368 14266 5885 9306 11774 15869 3813 4542 2526 3262 14630 7172 12073 5325 5788 6376 13191 14090 6584 10434 13654 5611 3742 10675 9123
15448 5256 10831 9557 11361 11390 5382 9458 15200 14620 7804 15012 5749 10592 12183 6976 10735 2549 16492 13829 6164 6039 4156 14431 16081 8345 16153 13389 14158 11972 9778 2106 13776 5608 16551 4190 9253 12725 11644 8089 19363 12753 5043 5205 9991 6422 4101 1108 5284 2884 7036 4020 1371 10712 12373 3127 13740 9550 12925 10326 10325 10871 20110 7933 14215 14158 11355 6579 9443 14888 13075 11747 3212 8265 10799 10743 7590 15559 8993 8621 17942 874 1027 15214 12600 5223 3383 3793 15187 5818 11446 9712 1233 12921 14080 5878 9601 13421 7803 14469 9423 4660 16291 9070 10381 1863 15374 11527 8013 15411 6711 14697 9469 10485 10236 10626 13181 6670 10971 10066 14283 14396 8804 15000 13493 5126 7049 6660 10460 1849 17324 4681 6996 12173 12261 2903 13122 9562 4658 7980 3520 3510 15053 8527 16396 5484 11855 9195 6291 12660 12715 15177 8201 15843 4576 1676 4158 15481 7435 6067 15220 11346 6182 10834 5373 2695 15643 18729 12913 10319 14287 2228 4678 5432 2837 8804 11033 5821 15071 8844 8164 15197 12093 14460 19581 15944 6616 14293 11827 14046 11414 13423 12278 5758 2290 14565 20789 13794 2321 10253 4892 12593 2252 8678 13788 3298 3247 8566 4467 6613 16216 1831 5265 3250 2573 7435 14145 8925 3898 7299 3066 15032 16665 3936 5254 8594 12517 11979 3215 3597 8375 10916 11976 1360 13513 7911 13891 3819 14281 14845 10829 15861 19809 11125 18899 3475 8315 9163 11909 2763 6011 14557 13050 12223 1482 8572 6001 3962 4120 7522 11118 16365 1326 12049 13555 3357 2150 3890 6248 7828 12237 8701 18730 13245 15767 5563 5310 5305 4252 19117 11095 15070 12940 5231 14254 12023 13763 11369 11541 3969 531 10542 16147 13980 6945 13993 8624 3739 13355 9667 2417 13642 14562 16155 14823 11642 6655 12937 8105 1284 8090 5750 6873 13653 6039 14841 10786 9484 17758 10589 5021 10067 13856 16728 15013 16334 5341 11953 9329 12468 4310 8944 4454 12385 3314 3623 6947 13033 9619 0 10631 14940 1742 8502 10089 18150 4261 8733 9718 14512 14405 13852 16591 10900 10640 5539 3870 5851 15030 13424 3890 12062 13454 10507 12557 12288 4762 15147 4127 5648 7791 15440 1760 2246 323 15197 10316 12306 4100 534 16516 12294 13362 11481 7344 9162 8121 7780 3191 12578 12669 3788 14848 17069 12752 1519 4052 12736 13124 17072 696
11793 12944 1700 5922 3354 11607 14969 4553 4575 4085 8113 4585 9682 2697 13702 11618 12855 8317 5888 11025 4483 12867 6775 4110 5745 5582 6145 11408 5844 12466 9925 10811 12078 9092 6844 8627 10305 3079 13530 2960 9428 2655 15246 6826 12077 4264 14688 10303 5678 12410 10746 10197 10554 4744 13654 11007 5941 7059 4176 7704 5466 9082 9641 8062 11535 6576 746 17008 2045 10021 2963 10235 10918 2371 5893 2140 5880 9264 7199 3940 8102 10308 10623 6905 5580 5516 13277 12670 6275 16306 3598 7063 9548 2689 9625 9706 13400 6410 8550 9151 8019 10049 6141 3196 13236 11489 7538 4011 3241 6391 7661 4083 12160 11024 8733 10083 11927 4897 3282 6051 6554 3908 9665 7597 3779 7840 6538 12670 4729 10972 7132 10129 7223 2490 10602 8451 3202 1127 10651 3295 7127 11893 5590 9913 5767 5147 1968 5359 10065 2047 7036 8712 11236 5359 12360 11046 14518 7315 5154 9437 5686 5370 12292 6799 9591 10738 6745 8938 8706 9551 8898 11430 10248 5555 11754 8892 3495 11512 7876 3080 9650 10060 5919 6963 9514 6768 5031 7787 6785 9207 13590 6442 2638 16192 12057 10124 10538 3232 9930 6870 10964 2040 10025 3913 9246 11960 13877 2364 10426 10646 5812 11279 7955 7511 12684 5375 14831 4130 12918 6203 13475 12157 6040 14433 14651 6677 5868 3044 8100 11804 12378 4721 1705 11293 12083 3393 10149 11988 7353 4320 3757 12700 9299 1267 8795 13919 3285 1524 1902 13061 6631 6852 6590 8927 12101 2747 6458 7409 8739 7283 1320 8922 9986 2930 3118 12748 10850 7173 9564 7996 6329 8406 8733 5713 5194 7527 12537 12527 6555 8551 9916 6137 6366 14269 10334 9218 8329 1251 4261 7828 10145 4221 8273 8265 10441 10200 10370 13043 3465 6289 8608 7864 8106 5976 6971 7555 7271 10727 8193 11912 2545 11059 8346 3279 4685 7681 156 7357 7537 3199 14374 9444 3366 8572 11755 5847 11067 11475 8545 6592 11632 10802 13846 3903 7370 11229 8697 6000 5825 10631 0 10615 8919 2182 4159 7532 6628 10499 1317 9709 6460 10960 6752 6014 11743 11607 13834 9195 9970 7194 14518 11497 3288 4871 5980 8911 9852 4803 14756 5388 6089 5464 10558 12149 10803 8988 477 9312 6733 10130 6460 11386 7974 10356 5095 8893 11946 3639 13763 11061 2506 9179 7386 8337 2188 11989 14002 11352 8390 6454 9947
1271 19640 8918 16104 13965 21506 15930 6854 11857 12341 17404 10036 9706 13287 23382 19777 22252 14139 12786 1932 11743 20069 11439 9581 9981 7127 14895 21812 5946 22361 5817 13504 22466 9577 15844 15946 6633 8392 23072 9634 17451 12539 17031 14727 21402 10887 18433 15443 13115 14561 9186 11528 13882 6034 23406 12845 16367 5480 14536 17919 5650 4200 16096 17414 22049 16996 10464 18830 12238 784 12703 3795 12703 10715 16379 12752 15262 19770 5984 13834 16595 15280 15646 17017 16172 12569 18322 18541 16149 18470 7034 5331 13775 9355 20234 9599 22186 4526 17775 19759 17930 10886 14629 13288 22394 14339 4965 6614 9355 16168 16499 11814 21262 5884 4789 4982 22221 13540 13893 16366 5056 10146 6700 17970 8298 9815 8034 20299 6146 16419 15215 10916 16241 8658 20892 14774 13066 10319 11282 12596 12949 13367 15180 19183 12304 11797 12300 15465 9419 10537 17651 2963 20064 13222 12940 14040 18885 17438 14430 9290 15182 15957 11403 17222 17474 16809 6686 17319 2175 5010 19507 16920 17614 13106 17491 6350 14106 19121 18281 13033 18828 1077 4697 4660 17250 16344 9328 3347 3968 1411 23036 16995 8554 18220 14659 493 17574 11829 12801 4919 11318 10217 12900 13836 1405 17899 17314 11818 11290 9511 13776 16571 9675 12292 17507 8136 24833 7576 18703 7886 16242 2089 12557 17099 15507 6471 4794 13536 14594 13197 20952 15288 11810 16233 22422 12665 1100 18254 17856 10415 6895 2251 15639 9438 16621 16611 8914 10324 12172 17638 9101 4930 4130 2717 16138 9231 9175 11197 10862 7428 11880 19157 13648 13384 12205 14562 16539 13906 9180 7137 4288 18010 16797 16225 12684 9387 12474 12467 11577 14756 4342 16025 16965 14890 20929 2964 2335 11686 14876 14926 14754 6547 18406 2502 18912 996 19581 14600 13268 5641 12632 18473 3150 14458 17264 18056 8300 21132 6886 15808 10763 10630 8146 12438 10897 18111 10600 5487 15431 13777 15303 5234 10072 18533 1537 10694 11004 21555 5701 17206 12411 7335 15072 7017 12444 17697 17519 4822 5910 14940 10615 0 13558 10384 14602 12597 13395 7316 9744 948 5327 1830 15592 16509 21378 11303 18795 9389 20578 17792 17782 21601 12817 15367 4680 19397 10687 9770 17992 10444 15565 8809 13588 14832 15254 2590 10263 19763 11621 14723 15027 21566 2649 4197 8408 5976 20539 12882 16858 3516 9257 11269 17762 17976 10270 15437 18975 3632 2278 12919 14555
14155 6167 9089 8377 9840 11017 6560 7794 13493 12935 7071 13274 4955 9034 12104 7174 10688 1400 14794 12583 4479 6757 2438 12691 14340 6755 14547 12754 12460 11687 8714 2475 13206 4654 14985 3669 8299 10983 11606 6347 17786 11106 6497 4083 9883 4689 5843 1890 3768 3896 6401 3584 1882 9048 12258 3270 12334 8101 11399 9379 8713 9605 18448 7184 13508 12789 9637 8160 7820 13450 11430 10571 3284 6549 9569 9142 6411 14388 7575 7169 16370 1749 2121 13790 11235 3609 4924 4983 13695 7427 9726 8258 671 11181 13103 5080 9835 11777 7164 13390 8584 4086 14668 7545 10463 2827 13715 9819 6272 13911 5906 12995 9448 9541 8963 9519 12655 5224 9455 8887 12615 12661 7772 13676 11752 3822 5554 7201 8799 2861 15701 4134 6087 10430 11616 2096 11496 7840 4313 6398 1882 3990 13499 8128 14686 3783 10209 7941 5557 10939 11512 13606 8136 14170 4934 2422 5861 14079 6114 5182 13660 10028 6128 9723 5169 3330 13933 17169 11476 9156 13191 3365 4769 3916 3932 7638 9534 6167 13774 7297 7741 13741 10467 12807 17985 14434 4917 12702 10272 12587 11421 12096 10536 7337 3396 13161 19168 12103 1990 8762 4626 10865 2006 7224 12350 4346 4966 6916 4063 6001 14557 3030 3999 1516 4162 5806 14002 7233 5150 5763 4607 13819 14958 5542 6345 7121 10874 10408 2252 4004 8558 9543 10304 2767 12974 6336 12539 4738 12991 13111 9120 14638 18138 9387 17295 5043 6579 7439 10255 4427 4489 12894 11432 10852 3224 6830 4448 2383 3068 6143 9458 15069 1303 10465 11881 4335 2991 2577 5384 6558 10633 7978 17141 11851 14077 4202 5540 5532 2513 17432 9926 13574 11640 6169 13361 10698 12242 9697 10097 3050 1329 8855 14794 12442 6833 12639 8314 4703 11734 8135 971 12469 12979 14528 13441 10585 5272 12242 6859 3005 6374 5377 5695 11987 4300 13541 9074 8072 16132 9074 6082 8906 12122 15351 13753 14597 5036 11491 8080 11228 4433 8114 5505 10661 1572 4279 6389 11380 8046 1742 8919 13558 0 6776 8675 16426 2789 7864 7982 13070 12727 12597 15010 9681 10383 5384 5451 4913 14006 12186 5604 11592 11808 9164 10919 11375 4106 13406 5843 3916 6654 13699 2085 3435 1970 13647 8594 11452 2367 1305 14907 11778 11833 10344 5686 7976 8237 6231 4848 11445 10929 2919 13513 15627 11026 3083 5634 11629 11645 15369 1113
11447 11215 2545 5740 4456 11158 12791 3620 6743 6265 7206 6541 7687 3564 13110 10272 12085 6275 8065 10406 2443 11258 4593 5988 7650 4146 8218 11468 6716 12018 8533 8629 12113 7089 8844 6913 8777 4479 12851 1026 11513 4678 13065 5203 11258 2094 12583 8243 3812 10228 8859 8064 8378 4370 13110 8836 7283 5903 5730 7546 4783 8033 11820 7192 11777 7890 2873 14833 2156 9911 5003 9235 8749 369 6175 3277 4973 10346 5875 3458 10154 8230 8558 8479 6603 3530 11275 10775 8016 14136 3955 5954 7393 4479 10206 7723 12336 6759 7614 9944 7558 7954 8251 2987 12344 9309 8312 4262 1383 8171 6488 6260 11225 9653 7573 8850 11845 3471 4203 6040 7218 5906 8110 8919 5263 5771 4747 11175 4240 8968 9260 8035 6131 3873 10519 6498 5174 1069 8549 2225 5032 9723 7486 9031 7928 3046 3846 5095 8119 4167 7755 9039 10153 7535 10217 8867 12463 8862 4146 7481 7608 5962 10251 6939 8090 8825 7936 10987 8288 8314 9694 9445 8610 3715 9815 7395 4390 9983 9150 2699 8711 10036 5861 7560 11628 8609 3003 8062 6416 9029 12856 7541 4003 14018 9877 9894 12690 5414 7748 5951 8872 4091 7843 3463 8979 10059 11741 1461 8316 8714 7977 9263 5905 5343 10645 3634 14475 2961 11014 4463 11307 11628 8206 12268 12475 5278 6002 4557 6163 9636 11207 5273 3763 9235 12054 2301 9719 10147 8508 6349 3700 12272 11481 2681 10913 11751 1672 666 3838 11003 4634 7528 6734 8263 9980 1198 4448 5232 6605 5599 3060 10322 7813 4520 5274 10566 8878 5235 7626 6355 6222 7710 10827 6940 7377 5502 10427 10417 4377 10733 8809 7880 7316 12101 10819 8448 8271 3190 5195 6015 8029 3883 9773 8297 9185 9788 9463 10864 5437 5251 6431 8696 8387 8092 8400 7825 5413 10793 6599 9778 503 9028 6521 5419 2507 8932 2332 6153 9674 3933 12198 8163 5363 10166 11301 7852 9004 11176 7190 7326 9493 9180 11667 4676 5214 9407 7550 6315 4821 8502 2182 10384 6776 0 4438 9650 4663 8867 1277 9558 7210 10359 8787 6312 11107 9542 11833 7218 10744 8110 12380 11220 5358 5219 6098 9127 7766 6704 12619 3217 5257 7153 8377 9970 8688 9244 1821 9461 4554 8012 8549 11182 7867 9277 3301 7471 10775 2535 11609 10130 4240 7032 8715 10091 4250 9832 12005 10411 8106 8625 7826
15729 10618 5808 1893 1676 7541 15232 8019 6949 6036 4649 7902 11403 1590 9688 8550 8985 7541 7885 14788 4807 10253 7418 7642 9059 8558 6552 7262 9987 8389 12902 11059 7929 10817 6714 6683 13074 7148 9576 5416 9515 3999 15115 5025 8272 5323 13718 9367 4919 12565 12758 11233 10551 8586 9614 11608 3660 10340 3066 3577 9136 12471 10783 4553 7447 4123 4609 16654 2373 14057 4206 13673 11564 4202 1777 2185 2894 6117 10292 1527 8099 9470 9680 5126 2585 5203 11834 10857 5151 15878 7690 10392 9342 6529 5768 11469 9827 10545 5079 5544 4058 11335 6808 1505 9474 11502 11684 8087 5771 5389 4699 6437 8474 14022 12005 13266 7768 3451 1352 1914 10712 7221 12398 5053 7763 9397 8940 9822 8506 9704 7792 11414 4200 6600 6444 7288 4025 4285 11863 2699 6841 12457 5215 6267 8032 5435 3372 1519 11929 5410 3362 12856 7774 6918 13210 11090 13260 5404 2701 11297 5400 1575 13731 2647 6999 9141 10775 8829 12584 12731 5298 10046 7901 4774 10166 11730 1259 8809 5194 1824 6090 14127 9934 11122 9811 5937 7013 11919 10670 13209 9677 3495 6745 15837 12071 14109 11131 5498 10325 10375 12211 5610 10392 1475 13208 10219 13170 3009 11599 12534 7082 10038 9579 7725 11452 7928 10705 7390 11118 8716 13153 15985 8206 14013 15001 9683 9948 2569 6937 12421 8987 929 3864 10250 7926 2703 14030 10049 4445 7483 7715 16593 10587 5426 9187 13563 6107 4319 3518 11900 8538 11009 10681 12647 11389 5630 8341 8246 9877 9852 3208 6474 9960 2740 5011 12991 9463 6200 11474 10619 10332 4646 8947 3176 7111 9273 13613 13604 7092 10097 13243 5044 3118 14774 6392 12859 12373 3535 1473 6310 9557 8065 6132 12339 7296 14092 6728 13349 4148 9685 8824 4335 12240 6719 4768 3454 9495 6580 10890 11310 4238 12589 10597 4962 5683 4961 4228 10586 8223 1131 14734 12571 6768 6678 15629 8895 12454 7350 11585 2954 12550 13401 14160 8061 7466 9293 5536 10126 9249 10089 4159 14602 8675 4438 0 9941 5888 13084 4858 13726 10613 14735 6828 1907 7791 12965 12358 11001 6330 3827 13803 7365 4520 781 10057 4798 11196 8214 14023 6639 2901 9148 10704 12105 10142 13122 4410 5178 7260 9555 6923 7238 11996 13713 7575 11839 8576 2669 13239 14566 6426 10181 4876 6980 5690 11602 12497 14848 12337 8492 9412
13837 20222 7525 11752 8278 16936 22228 10197 3068 3911 14588 3369 16342 8536 19127 18456 18689 15846 2101 14004 12015 20009 14186 4018 2755 11637 4538 15652 6858 17704 15078 18177 16282 15804 5293 15968 15737 5956 19141 10185 5386 5980 22636 14149 18058 11740 22218 17834 13169 19764 17053 17264 17992 9405 18985 18241 8370 12242 7267 13070 10301 13566 3514 14493 15304 8724 6799 24437 9086 11814 5743 14375 18136 9886 10963 8085 12636 11074 12681 10682 5145 17841 18154 7845 9169 13042 20786 20109 6842 23759 7867 12152 17041 5399 12881 16329 19725 8488 15019 11930 13843 16981 4112 9944 19271 18903 7648 8089 10354 6666 14511 3598 18337 15978 13548 14827 16428 12194 8589 11580 7650 3848 15243 9195 5393 14787 13017 19672 9595 18486 3878 17057 14021 6326 15296 15953 5920 8587 17592 10588 14657 19110 5880 16177 1912 12673 6768 11459 16572 5492 10730 9663 17710 3171 19421 18462 22046 8137 12113 16007 5727 10056 18977 11841 16698 18203 5915 5565 11745 14392 11745 18935 17480 13039 19231 14436 8691 18590 9528 10009 16022 11590 9277 7990 5031 6413 12086 9312 10411 11446 19306 9358 6274 23629 19460 12235 5036 4569 17277 11634 17864 5562 17379 10633 11716 19409 21391 9771 17403 17078 3283 18797 14849 14982 20209 11946 19657 10267 20362 12638 20935 14662 1742 21901 21879 12415 8818 7375 15597 19000 18926 9794 6443 18823 16440 10679 12812 19388 9653 3381 8569 14804 3057 7105 4576 21380 10185 8987 6657 20591 13493 7711 9091 12522 19625 9779 13359 14727 15845 13455 7328 9636 17440 7201 4980 20064 18349 14676 16079 13982 9576 14545 4895 8653 2848 14386 19460 19449 14000 2203 14381 6803 9741 21438 13689 13000 10552 7012 8858 15258 17670 9144 8824 10265 17209 12800 16633 20330 5822 11463 16046 10949 9463 4054 8475 12121 13791 15061 14050 19427 10062 17756 14687 4994 12142 9503 7376 12564 3804 8862 21605 14406 4357 8541 14120 2135 17867 16511 13829 10425 18688 16417 21108 7059 14863 18621 15434 8429 11088 18150 7532 12597 16426 9650 9941 0 14144 16170 8471 11714 7360 13902 4956 11010 17420 18392 21342 15834 12582 10296 22030 16483 5420 10229 8899 13253 16762 3402 22269 12721 12734 3930 17959 19565 18329 10045 7833 13718 14172 17654 4355 16230 10467 14673 11792 14270 18516 10893 21255 14876 5660 16322 9062 7559 5402 19477 21506 15142 11187 1546 17470
14204 6667 7182 5659 7103 9100 9349 6838 11128 10480 4873 11167 6552 6333 10552 6385 9242 1747 12382 12796 2225 6861 2383 10635 12296 6268 11905 10469 11086 9864 9502 5215 10986 6062 12291 2564 9318 9124 10133 4596 15104 8551 9243 1662 8389 2847 8157 3724 1027 6684 8051 5779 4669 8020 10651 5871 9548 8000 8667 6836 7965 9900 15912 4955 11133 10000 7371 10837 5226 13129 8868 11024 5851 4355 6815 6501 3726 11644 7616 4389 13682 3766 4047 11008 8446 1132 6649 6115 10940 10078 8259 8131 3455 9132 10486 6656 8865 10743 5091 10699 6176 6074 12054 4810 9221 5616 12544 8457 4668 11161 3713 10611 8109 10505 9281 10172 10498 2439 6714 6165 11423 10511 8686 10889 9909 4756 5589 6961 7799 4344 13087 6143 3727 8526 9343 1836 8895 5652 6487 3736 1053 6675 10793 6322 12329 1759 7655 5186 7160 8674 8762 12835 6831 11673 7527 5209 7909 11293 3343 6617 10959 7244 8396 7036 4083 4164 12439 14469 11225 9712 10491 4804 4274 1174 5154 8299 6781 5764 10990 4584 5930 13357 9562 11694 15327 11691 4071 11872 9675 12227 10020 9309 8651 10015 6183 12945 16547 9678 4557 8479 6834 8655 4609 4446 12061 5399 7454 4402 6217 7717 12021 4654 4970 2132 6068 5260 12305 6147 6353 5621 7303 14070 12585 8196 9130 7033 9872 7722 1502 6662 7602 6754 7822 4699 10795 3662 12487 5511 10209 10937 7781 14842 15626 7340 14649 7724 5084 5278 7720 6460 4639 11724 10531 10815 5653 5127 4492 3120 4680 6447 6945 12285 4083 7796 9397 7119 4227 584 6824 7091 9821 5738 14474 9063 11638 4900 8036 8027 2094 14964 10427 10822 8858 8933 10811 10791 11692 7218 7318 1546 3735 7688 12005 11824 5596 12578 6625 7483 9121 7754 3073 9730 12179 11923 10653 7929 5695 9899 7413 5524 4185 7415 6541 9478 2644 10757 6784 8083 13522 6332 8865 9482 9966 12563 13896 12458 7170 9443 8520 8463 6931 9353 8289 9118 1834 4791 4513 10311 7513 4261 6628 13395 2789 4663 5888 14144 0 9057 5939 12747 11478 12785 12334 6931 8649 7618 7207 6307 11349 9420 8099 9529 9247 6377 9941 8829 6001 11348 8330 2952 4001 11814 4844 6217 4360 12951 6386 8960 2159 3728 12270 9653 11269 10891 4991 8564 7204 3522 7449 11953 8897 4817 10724 12851 8808 5752 7375 12184 11255 12976 3569
7379 13926 9338 13854 13322 18148 8643 6179 14095 14069 13890 12858 2984 12427 19583 14968 18236 8947 15385 5690 8548 14596 6675 12219 13462 4926 16488 19307 9778 18920 1513 6872 19875 3210 17275 11207 684 10320 19141 7842 19668 13135 9809 10706 17393 7840 11582 9545 9343 7580 1940 4786 7443 6772 19694 6006 16149 3930 14546 15439 5869 3303 19245 13958 19850 16757 10856 11565 10995 7598 13426 3551 5871 8997 14661 12132 12280 19157 3510 11746 18442 9329 9648 17307 15440 8784 11955 12526 16757 11257 8349 4027 7796 11105 18710 2855 17607 8293 14137 18614 15009 4115 16399 11580 18128 7620 10096 8090 7489 16884 12754 13781 17052 1779 2940 2338 19441 10467 13061 14285 9337 12552 928 17786 10789 4314 4149 15065 6596 10495 17296 4112 12705 10115 18215 9699 13692 9553 4316 10420 8182 6329 16085 15377 15041 8152 12456 13229 2466 11735 16443 8880 15744 15297 5731 7427 12204 17701 11577 2692 16174 14657 4091 15234 12809 11145 11251 19272 5922 2363 18372 10936 12578 9416 11546 1735 13242 14018 18012 11260 14983 7987 7111 9244 19659 17267 6073 8358 6125 7011 19003 16384 10116 10995 7806 7110 20451 13270 6413 4587 4248 11476 6488 11778 6654 11999 10454 10135 4413 2326 15838 10545 4101 7159 11137 5233 21362 6408 12628 4406 9276 6707 15342 10045 8220 3892 7627 13369 9675 6157 16322 13988 12189 10093 19719 10437 6226 12476 17355 12992 7681 7533 18824 9947 18944 9596 7291 9281 12399 11152 4652 9476 7683 4939 9617 7840 4843 5999 4796 3268 11727 19188 7419 13305 13375 7489 10719 9358 2498 2517 6937 14715 18962 15804 14924 4167 5194 5187 6969 17951 2974 16620 16121 7597 19211 4505 7255 11740 14037 10299 8732 7082 18626 7584 14453 6327 15665 7463 13953 4711 6906 17418 8480 16222 17261 16169 3615 18688 2306 9276 8918 3446 2568 13582 7558 17792 10588 3610 17651 12771 8029 2185 12173 18993 6844 14035 3862 18453 2373 16037 5300 317 7845 9112 7425 12109 13565 8138 5107 8733 10499 7316 7864 8867 13084 16170 9057 0 9188 7296 9592 5749 17143 14798 17703 4065 12345 2951 19382 16886 10838 18533 13715 13830 7583 17324 3983 12776 11025 6652 12601 12372 7081 7984 9054 8708 10022 17558 6898 8699 16760 18627 7004 3175 5568 1924 15970 10539 9934 4155 10871 4997 17581 18829 11613 8781 12514 4234 6405 15781 8578
10875 12481 1293 6425 4414 12014 13832 3338 5648 5278 8227 5297 8393 3622 14035 11456 13078 7538 6988 9987 3716 12506 5716 4729 6389 4280 7442 12087 5577 12877 8647 9723 12747 7807 8157 8172 9006 3210 13810 1744 10714 3972 14178 6439 12267 3296 13810 9496 5084 11317 9435 8983 9521 3736 14014 9852 7132 5821 5419 8244 4351 7885 10812 8199 12305 7763 1827 15970 2497 9205 4277 9058 9756 1607 6635 3162 5968 10384 5925 4223 9402 9477 9810 8170 6650 4806 12542 12051 7573 15288 2937 5836 8583 3217 10543 8413 13437 5810 8649 10157 8397 8802 7421 3590 13384 10436 7219 3301 1979 7696 7600 5192 12277 9754 7504 8841 12535 4634 4260 6647 6153 4679 8362 8793 3991 6585 5224 12399 3671 10236 8398 8882 7212 2600 11204 7773 4519 579 9409 3200 6279 10733 6906 10055 6809 4301 3268 5807 8764 3042 7995 8121 11254 6559 11152 9995 13714 8575 5167 8138 7003 6250 11014 7483 9308 10101 6723 10239 7738 8306 9904 10716 9859 4984 11090 7594 4468 11213 9057 3370 9754 9287 5087 6522 10784 8081 3779 7159 5818 8352 13837 7551 2731 15160 10996 9251 11771 4423 8828 5696 9715 2918 8928 4213 8350 11336 12946 2265 9191 9340 7039 10528 6691 6518 11902 4060 15301 2851 12291 4887 12464 11161 7096 13431 13501 5387 5137 4257 7439 10636 12341 5570 3021 10489 12719 3291 9185 11423 8489 5132 2864 11748 10452 1415 10064 12910 1977 740 3212 12254 5353 6461 5875 7860 11199 1450 5185 6284 7530 5966 2559 10146 8970 4167 4376 11634 10150 6512 8262 6682 5479 8651 10016 6863 6339 6254 11298 11287 5531 9671 8707 7436 7416 13097 11212 8113 7527 2551 5272 7286 9255 3212 9523 7509 10339 9245 10498 11915 4782 5074 7576 8878 7484 7253 8196 8312 5960 11406 6882 10987 1767 9779 7031 4553 3683 8853 1423 6109 8795 4086 13224 8188 4142 9846 10789 6617 9801 11966 7271 7553 10420 9493 12708 3533 6412 10681 8661 5374 4613 9718 1317 9744 7982 1277 4858 8471 5939 9188 0 8871 6115 9929 8059 6765 12043 10341 13099 7902 10972 8237 13581 11999 4595 5625 5242 9653 8600 5446 13820 4264 6226 5877 9494 11098 9915 8359 842 10024 5702 9237 7750 11927 7144 9156 3785 7607 11908 3543 12792 9910 2973 7984 8582 9642 3080 11014 13272 10199 7479 7525 9049
2214 19093 8010 15257 13054 20704 15814 6086 10916 11394 16636 9102 9470 12389 22606 19115 21499 13576 11857 2466 11018 19486 10878 8641 9074 6494 13949 20953 5014 21561 5783 13175 21610 9286 14898 15308 6620 7446 22309 8845 16523 11599 16861 14029 20653 10168 18114 14960 12417 14307 9094 11252 13509 5191 22623 12571 15434 4971 13603 17076 4884 4038 15204 16642 21173 16062 9540 18685 11367 383 11760 3913 12429 9896 15501 11848 14471 18839 5519 12996 15657 14807 15176 16074 15254 11881 17893 18048 15203 18289 6118 4813 13325 8409 19333 9371 21487 3578 17015 18844 17115 10630 13686 12433 21664 14018 4118 5701 8579 15221 15758 10869 20531 6029 4561 5012 21377 12776 12989 15507 4131 9203 6591 17033 7351 9393 7518 19683 5320 15929 14279 10666 15485 7718 20047 14188 12124 9448 11063 11778 12356 13142 14233 18428 11378 11111 11372 14622 9238 9593 16745 2166 19350 12282 12786 13699 18520 16494 13638 9047 14235 15062 11342 16354 16813 16277 5817 16384 1599 4938 18593 16435 16993 12400 16995 6139 13202 18497 17345 12184 18078 707 3797 3746 16328 15397 8677 2424 3165 532 22281 16070 7612 18048 14368 521 16673 10882 12435 4328 11127 9274 12537 12996 724 17393 17004 10979 11049 9389 12836 16096 9269 11754 17085 7508 24027 6812 18220 7335 15971 2948 11634 16852 15392 5949 3865 12611 13992 12974 20264 14397 10877 15781 21572 11850 1299 17726 16927 9476 6011 3191 14747 8520 15695 16353 8133 9469 11242 17238 8585 4020 3189 2418 15757 8423 8643 10693 10484 6994 10964 18215 13240 12457 11259 14338 16033 13272 8956 6792 3395 17221 15866 15297 11745 8949 12367 12360 10995 13861 4364 15079 16048 14783 20033 2798 1396 10764 13967 14288 14298 5693 17461 1554 18219 1238 18832 14400 12325 5016 12164 17558 2251 13515 16325 17179 7857 20272 6568 15432 9952 10489 7824 11491 10204 17176 9690 5028 14499 12881 15177 5136 9126 17587 2412 9785 10842 20734 5443 16300 12220 7355 14913 6075 11889 17147 16788 3877 5235 14512 9709 948 13070 9558 13726 11714 12747 7296 8871 0 4407 2357 14648 15630 20600 11178 18379 9116 19663 16874 17495 20778 11872 14486 3751 18523 10421 8841 17710 9807 14771 7896 13232 14538 14822 1823 9366 18895 11050 14267 14084 20734 1735 4322 7758 5772 19847 12072 16570 3858 8311 10912 16825 17028 9325 15091 18561 4033 1498 12001 14095
6594 18143 4902 12373 9579 18045 17118 4950 6581 7153 14342 4725 10679 9096 20109 17467 19186 12773 7461 6644 9354 18310 10296 4315 4676 6202 9655 17835 686 18906 8268 13643 18507 10273 10614 13950 9037 3562 19904 6921 12125 7723 17886 12347 18380 8633 18401 14531 10831 15067 10923 12115 13741 3703 20075 13341 11606 5856 9799 14163 4258 6557 10824 14313 17900 12210 6042 19759 8433 4559 7820 7178 13209 7579 12322 8504 12083 15008 6432 10283 11295 14441 14808 12044 11641 10409 17631 17435 11111 19216 3267 5716 13173 4423 15838 10623 19537 1300 14764 15214 14437 11633 9365 9587 19499 14479 1104 3023 6812 11097 13690 6592 18391 8998 6706 7829 18377 10682 9613 12511 291 4902 8687 13120 3200 9746 7670 18308 3957 15419 9906 11693 13317 4038 17056 13211 8192 6654 12195 9314 11453 14100 10092 16170 6977 9718 7710 11794 10702 5685 13243 2583 17353 7940 14075 14081 18564 12458 11281 10273 10071 11716 13108 13242 15247 15513 1674 12005 4423 7477 14969 15928 15676 10764 16404 7947 9818 17107 13450 9414 15869 4404 2566 675 11923 11213 7814 1983 3468 4098 19940 12359 3899 19021 14950 4926 12277 6753 12771 5088 12378 5382 12881 10266 4357 16729 17376 8377 12084 11075 8486 15659 9713 11230 16887 7002 21287 5497 17650 7332 16570 7346 7230 17529 16718 6446 2051 8963 12929 13953 18417 11108 7174 15478 18525 9404 5454 16930 13131 5127 3698 7574 10368 5194 11294 16999 6395 6844 7564 17149 8555 439 1923 5278 15829 6394 8511 10459 10931 7674 7507 14194 13316 8785 7194 15234 15423 12058 10271 7923 2663 14748 11474 11554 7390 9273 13882 13872 10276 9477 7296 10995 12432 16171 16592 5778 3192 7233 10499 12979 14053 3876 13407 2911 16395 5445 16613 15402 8356 5271 11999 13948 2189 9198 12379 13961 8332 17155 7867 15546 7700 11998 8870 7419 8852 13304 6385 6127 10111 9602 16464 7553 4916 13462 6817 5384 12236 17933 7238 12808 13390 9780 16072 2594 11256 16242 14753 1502 5094 14405 6460 5327 12727 7210 10613 7360 11478 9592 6115 4407 0 6542 10346 12437 18128 12698 18169 10204 16021 13238 17956 17955 7858 11305 2063 15315 11402 4448 18190 8878 12338 3493 13566 15097 14674 2945 6271 15730 10396 14027 9762 17846 3123 7516 7063 7684 17985 9655 17063 7580 4409 11424 12919 12820 5389 15371 18351 7835 3853 7594 13837
1639 18750 9307 16089 14298 21289 14391 6740 12836 13209 17092 11102 8371 13546 23066 19151 21868 13325 13873 109 11363 19255 10658 10584 11206 6630 15789 21818 7078 22131 4307 12265 22457 8328 16717 15288 5071 9152 22718 9494 18527 13136 15550 14232 21012 10505 17146 14455 12641 13202 7671 10226 12709 6219 23114 11528 16858 4801 15044 17880 5599 2992 17360 17118 22135 17493 10931 17315 12366 2451 13336 2210 11387 10657 16502 13054 15044 20218 5174 13804 17577 14274 14631 17642 16534 12073 17214 17549 16834 16997 7519 4683 12738 10120 20467 8255 21647 5496 17437 20079 17779 9565 15560 13336 21943 13078 6413 7103 9176 16878 16112 12726 20816 4181 3634 3429 22161 13255 14177 16399 6254 11112 5257 18496 9204 8782 7235 19557 6260 15434 16228 9585 15903 9308 20844 14004 13686 10482 9902 12504 12217 11977 15917 18821 13412 11308 12780 15440 8012 11213 17924 4515 19575 14195 11462 12813 17667 18063 14225 7973 15940 16175 9830 17294 16859 15906 8065 18334 2325 3591 19826 15923 16899 12652 16511 5068 14387 18405 18792 13057 18451 2829 5210 5919 18366 17107 8800 4610 4193 2483 22654 17402 9225 16738 13352 1901 18796 12612 11629 4471 9899 10895 11722 13813 2188 16937 16019 11820 9941 8027 14758 15558 8618 11447 16392 7588 24617 7418 17694 7167 14897 1295 13682 15716 13969 5753 5476 13974 13862 11805 20388 15492 12328 15181 22384 12562 1102 17332 18305 11433 7211 2061 16904 9883 17710 15245 8764 10417 12666 16485 8268 6200 4960 2097 14962 9166 8376 10299 9734 6486 12268 19752 12536 13839 12933 13161 15587 13256 7839 6044 4803 17765 17853 16664 13684 8396 10943 10936 10840 16012 2839 16705 17314 13345 21122 2001 3350 12119 15183 14279 13719 6745 19035 3643 18373 1135 19195 13167 13908 5214 11642 18796 4508 15384 17823 18168 7344 21146 5754 14625 10675 9156 6980 13167 10443 18607 10971 4702 16480 14014 13778 3838 10959 19221 1161 11905 9552 21405 4528 17481 10982 5724 13586 7726 11633 16827 17095 5676 5589 13852 10960 1830 12597 10359 14735 13902 12785 5749 9929 2357 6542 0 16489 16636 21077 9802 17661 8115 20896 18140 16453 21461 13496 15514 5367 19482 9382 10873 16653 9855 15359 10017 12390 13528 14172 4180 10558 19820 10857 13687 15956 21458 3469 2574 7903 4701 19988 12759 15534 1724 9981 10098 18285 18748 10972 14208 17839 1810 2797 14070 13531
16862 17421 7818 8266 5293 12688 21406 11002 3772 3281 11210 5663 16429 6002 14833 15148 14620 14071 3260 16576 10607 16998 13202 6031 6168 12223 700 11050 9685 13380 16407 17187 11643 15836 338 13494 16882 7353 14936 9686 2776 4116 21501 11776 14103 10696 20417 16001 11308 18771 17494 16836 16809 10741 14654 17526 3961 13462 3768 9128 11621 15280 4137 11088 10584 4113 6298 23157 7207 14853 3797 16324 17452 8847 7174 5871 9719 6160 13717 8091 1372 16073 16321 3021 5060 11401 18623 17682 2139 22406 9176 13429 15676 6397 8145 16454 15925 11081 11599 7137 10082 16742 1003 7541 15296 17769 11048 9553 9985 1904 11478 3779 14495 17462 15057 16421 11876 9981 5685 7937 10592 5452 16273 4356 7306 14553 13280 16492 10831 16437 1224 16822 10982 7297 10866 13945 3615 7832 17336 8617 13128 18412 1617 12514 3753 11319 4947 8207 16818 5469 6337 12921 14115 2443 18975 17334 20025 3248 9474 16188 1429 6262 19024 7887 13799 15933 9435 2200 14171 15911 6980 16809 14721 11160 16965 15474 5668 15552 4671 7751 12449 14735 11320 11019 3002 1511 11757 12274 12428 14251 15149 4903 7350 22333 18347 15150 4302 3950 16351 13089 17659 5760 16437 8033 14426 17035 19780 8148 17101 17398 1956 16770 14679 13785 18197 12116 15109 10737 17942 12937 19609 17498 3643 20520 21120 13260 11015 4612 13584 18340 15331 6288 5056 16932 11841 8683 15490 16877 4938 5228 9703 17838 4058 7202 2359 20038 10035 8191 4949 18633 13373 10776 11553 14699 17979 9499 13195 13931 15381 13988 5736 4680 16218 4545 3772 19152 16220 12754 16316 14675 11712 10920 2143 4390 3017 14261 19211 19200 12930 3882 16136 2159 5394 20793 8935 15098 13299 5601 5401 13037 16067 10295 3871 13094 13898 15508 12941 19477 3355 12651 14920 6315 12518 1156 3704 7902 14020 10516 14845 17858 8999 17795 15086 3561 11129 4683 6637 13781 1565 6060 20844 15846 5536 3597 17004 5531 17786 12155 15037 6139 18258 17436 20292 8782 13582 16119 12212 10837 12198 16591 6752 15592 15010 8787 6828 4956 12334 17143 8059 14648 10346 16489 0 7173 13322 18325 19155 15944 7727 5748 20422 12108 3465 6771 11123 8828 16553 5984 20651 11963 9703 7114 16884 18411 16693 13289 7220 9281 13111 16060 637 11810 13075 16527 11844 15424 14958 8811 19781 17030 6566 15793 4255 2672 5647 18065 19299 17319 13699 3543 15897
17636 10494 7687 1359 2995 5995 16206 9912 8179 7214 4119 9390 12934 3341 8185 8013 7678 8409 8911 16688 6332 9960 8800 9211 10504 10395 7078 5399 11796 6808 14696 12139 6070 12362 6977 7054 14827 8925 8153 7265 9627 5345 15936 5696 7062 6965 14208 10044 6085 13562 14340 12572 11557 10494 8073 12794 3340 12200 3751 2060 11038 14335 11294 3986 5543 3529 6398 17352 4279 15959 5468 15539 12768 6053 138 3934 3310 4712 12126 3052 8276 10185 10336 4762 2137 6488 12153 11021 5165 16559 9578 12258 10326 8233 3928 13010 8804 12420 4476 3861 2916 12747 7414 3330 8273 12480 13493 9979 7614 5422 4644 7703 7387 15813 13854 15095 5959 4633 2860 876 12548 8735 14150 4192 9493 10938 10679 9386 10412 10206 8292 12824 4192 8403 4657 8005 5195 6192 13239 4386 7961 13606 5601 5344 9146 6878 4924 1746 13486 7045 1831 14725 6942 7863 14439 12094 13625 4906 3596 12866 5793 957 15137 858 6929 9508 12499 8896 14491 14562 3632 10472 7918 5953 10482 13508 2669 8527 4212 3632 5278 16025 11836 12965 10000 5965 8732 13796 12577 15114 8303 2679 8546 16550 13029 16015 11384 6838 11484 12260 13589 7280 11539 3020 15115 10450 13795 4861 12970 14087 7901 10536 11131 8954 11891 9715 9007 9271 11278 10480 13945 17889 9272 14740 16015 11511 11841 3832 7685 13591 8160 1358 5459 10832 6092 4364 15937 10179 3420 8937 9619 18500 11169 7275 9460 14329 7969 6222 5078 12357 10188 12841 12572 14546 12073 7508 9992 9639 11289 11605 4946 5493 10984 4029 6311 14011 9919 7110 13053 12371 12235 3749 9155 2844 8168 10865 14908 14899 8465 10812 15095 5097 2139 15849 4509 14751 14273 5245 2197 6951 10376 9973 5383 14235 6777 15999 5776 14382 5234 11562 9989 2802 14116 7367 4200 1549 11187 4719 12652 12045 6073 14043 12273 6206 7281 3989 6070 12437 8697 2834 15756 14395 8331 6014 17535 10249 13870 5686 13401 1571 13817 15115 15177 9911 8672 9465 5178 12005 11132 10900 6014 16509 9681 6312 1907 11010 6931 14798 6765 15630 12437 16636 7173 0 6413 14362 12643 12563 4597 2524 14407 5684 5707 1146 11951 2901 12628 9722 14613 8227 3127 10732 11760 13040 10900 14998 6294 3298 8618 10380 7428 5509 13899 15567 9359 13636 7786 4260 13943 16439 8158 11542 4071 6588 7338 12416 12762 16719 14244 9493 10260
22350 7170 13226 5902 9302 1009 15738 14525 14579 13620 3985 15682 15087 9378 2006 4125 1300 9031 15319 21103 9714 6211 11029 15433 16828 14449 13341 3676 17548 1334 18118 12597 3713 14645 13075 6715 17965 14817 1789 11756 15458 11693 14931 7017 1052 10572 12246 9534 8513 13495 16589 13957 11849 15450 2037 13550 9361 16298 10154 4355 15729 18339 17448 3966 4673 9266 12306 15764 9715 20965 11846 19509 13592 10751 6467 9964 6139 8545 16016 7845 14237 9767 9680 10497 8334 9091 9947 8531 11198 14986 14975 16404 10796 14282 6131 15200 2961 17836 3646 7101 3743 14407 13709 8556 2043 12504 19226 15323 12025 11446 5007 14093 1718 19143 17749 18747 3037 7843 9076 5934 18184 15006 17328 9408 15484 13393 14101 5324 15295 9063 14507 14464 5175 14233 2952 8293 11592 11486 14688 8892 9540 14106 11846 2327 15558 9830 11153 6401 15703 13197 7003 20134 2568 14264 15148 12279 11323 10463 6971 15203 12033 7365 16507 5579 5281 8120 18480 14714 19225 18264 7097 9003 6001 8478 8639 16904 8922 5312 9221 8715 2720 21113 16964 18562 15898 11939 12316 19161 17436 20068 1895 8429 14381 15092 12897 20897 17301 13200 12349 16619 15007 13387 12347 7864 19982 8332 12360 9784 14433 16223 14271 9293 13607 10607 10141 13517 3661 13802 8716 14059 13074 22371 15684 13534 15711 15398 17106 10187 8202 14169 3148 7685 11654 9801 3368 8810 20605 7795 8628 15252 14801 23093 17378 12978 15460 13314 12468 11338 11301 10577 13235 18491 17839 19013 11125 12190 13071 11724 13155 15005 10977 10142 11448 10379 12685 13963 8703 8359 15412 15690 17317 3398 15107 8953 14580 13549 15831 15825 10742 17107 18945 11166 7928 15799 5718 19081 19355 11312 8593 7478 10263 14980 10487 19397 3711 20685 2072 14338 11643 15873 11173 7271 19486 13682 9812 5420 14306 3663 16010 11280 10676 15732 15188 12594 10653 9084 11845 16443 14884 8918 15514 18045 14559 11136 22123 16619 15410 1803 17058 7183 14751 17997 14980 15535 10323 7440 4138 17395 15530 10640 11743 21378 10383 11107 7791 17420 8649 17703 12043 20600 18128 21077 13322 6413 0 15767 10229 14898 7113 7671 12812 1921 12104 7299 17203 4660 14389 16000 12942 11350 5850 16937 12195 12821 10456 20348 11871 4275 10806 10285 13670 2297 18944 19418 13187 17147 3073 8573 12760 20444 14157 13168 9404 12032 13473 11864 10262 20692 19119 15896 10278
11437 10758 10964 13179 13695 16393 4637 8259 15873 15606 12357 15025 2065 12795 17470 12413 16044 6752 17217 9746 8166 11575 5567 14378 15850 6806 17741 18030 12718 17071 5505 3440 18513 2588 18386 9052 4734 12446 16961 8649 21032 14210 5748 9208 15250 7786 7655 6563 8310 3653 2131 1846 4169 9273 17631 2422 16464 6873 15144 14453 8509 7143 21093 12459 18732 17009 12165 7528 11369 11507 14532 7594 2328 9513 14234 12682 11313 19024 6278 11461 19688 6322 6558 17810 15526 7875 8372 9197 17475 7195 10623 7024 5010 13026 18069 2098 15068 11458 12491 18205 13773 1632 17748 11566 15774 3978 13404 10496 8369 17650 11179 15463 14792 5783 6628 6375 17984 9731 13357 13671 12484 14572 4604 17989 13078 3772 5378 12195 9038 7388 18735 1552 11287 12071 16895 7477 14715 10502 1132 10315 6570 2405 17017 13506 16965 7533 13388 12638 2010 13303 16160 12514 13488 16886 1667 3938 8379 18160 10803 2442 17143 14487 779 14581 10534 8210 14264 20523 9687 6293 17985 7738 10033 8432 8335 5063 13496 11307 18151 11258 13118 11883 10132 12493 21119 18113 6576 11843 9384 10831 16763 16455 12119 6936 3999 11053 22107 14754 3435 7664 785 13112 3452 11508 10494 8796 6543 10406 1402 1792 17376 7341 3652 5489 7590 6457 19381 8125 9246 5758 5313 10770 17264 6019 4214 6271 10648 14005 7599 2243 13814 13892 13278 6822 18297 10293 10204 9341 17410 15038 9909 11593 20711 11486 20400 5595 8392 10135 13378 7508 4991 12682 10910 8764 6024 8894 5156 4729 3089 5073 12602 19417 4411 13997 14714 3485 7685 7671 2427 4780 10084 13255 20338 16036 16626 4087 1203 1195 5900 19890 6988 17342 16080 3607 18422 8392 10905 12724 14209 8371 5733 9388 18996 11207 12190 10307 13698 3418 14978 7430 4651 17147 12024 17583 17605 15496 4607 17484 4870 5695 9374 706 3841 14884 7375 17919 11735 6636 19135 13005 4002 6071 14103 19472 10907 16314 540 16847 5790 15811 1355 4142 3783 11533 5786 9155 11750 11196 7655 5539 11607 11303 5384 9542 12965 18392 7618 4065 10341 11178 12698 9802 18325 14362 15767 0 8685 2570 18894 16744 6864 16945 14877 13608 10636 16444 1790 15031 7036 6452 11602 14899 3782 4172 5828 12401 11158 16578 5744 5704 18063 17115 10587 7230 6645 5420 13524 10298 5988 8219 12768 2824 17802 19530 13268 5114 8840 8288 10094 17705 5650
19271 3144 14299 11301 13867 11167 6278 13243 18310 17623 8774 18365 9399 13233 11245 6104 9848 5563 19539 17633 9394 4168 7874 17821 19482 12188 18811 13616 17884 11506 13505 5474 13834 9350 19061 5677 12916 16232 10655 11598 21870 15632 5102 7386 9317 9850 2063 3653 8173 5116 10518 7561 4956 14498 11499 6375 15835 13420 15392 11478 14157 14694 22946 8919 14564 16138 14578 5573 12327 18755 15936 15523 6502 11544 12573 13514 9519 16971 12860 11075 20451 3729 3364 17316 14625 8326 558 1735 17489 4822 15116 13581 5080 16312 15069 9525 8206 17229 8576 15691 10417 8233 19011 11686 9241 4750 19164 15234 11579 17733 8007 17789 8663 14122 14064 14372 13172 9264 13476 11767 18061 17714 12525 16831 17013 8988 10916 5059 14249 2866 20032 8234 8451 15651 12582 5389 15916 12848 8068 10810 6850 6301 17555 8681 19510 8802 14749 11135 9880 15880 14321 19032 7675 18776 7266 4918 1095 17512 9683 9759 17736 13308 9151 12324 5831 3223 19336 21187 16780 14098 15557 2407 4819 8304 2192 12596 13487 4935 16828 11531 8425 19065 15916 18257 22153 18284 10355 18139 15686 17915 10346 15314 15768 4968 4691 18426 23445 16842 6034 14123 8211 15860 5942 11132 17656 2197 2585 11575 7941 10095 19083 2571 9121 6939 1299 11254 13221 12672 1521 11159 3759 18815 19759 3736 6422 12464 16325 14616 5746 6453 7265 13039 14968 2691 13513 10724 17739 2564 16043 18143 14535 19647 22690 14511 21511 3759 11928 12467 14830 1194 9872 18342 16879 16078 2729 12110 9854 7797 7941 11387 14081 18080 5147 14724 16529 5434 2995 6666 9922 11667 16075 9526 21289 15324 18782 9431 8039 8038 7902 22072 14871 17389 14781 6772 15035 15866 17630 14373 13825 6156 4139 14294 18025 17845 6768 17842 8569 5689 16120 13531 6263 15129 18412 18896 16815 12954 10522 13330 11935 3070 11371 9085 10688 16590 9521 16612 13990 13351 20468 13107 6327 13847 17168 18656 18821 19662 8651 11884 13152 14177 7332 12522 5960 16036 6922 3199 7702 16831 13471 3870 13834 18795 5451 11833 12358 21342 7207 12345 13099 18379 18169 17661 19155 12643 10229 8685 0 9578 16093 15086 2798 12004 16312 12575 16370 13222 8380 18536 2859 9310 9605 18945 5291 4522 3566 19059 13588 13104 7776 4167 19183 12322 17228 15237 11137 12961 7205 10535 3162 16324 16071 7564 16714 19177 16014 3588 183 16465 16994 20140 4353
9741 10995 8444 11491 11537 15396 6934 5689 13359 13131 11180 12466 508 10628 16741 12035 15372 6025 14699 8080 6233 11650 3955 11818 13281 4237 15340 16726 10191 16145 3934 4151 17265 261 16025 8313 3414 9883 16283 6266 18617 11832 7824 7969 14536 5686 9051 6613 6747 5192 1785 2140 4624 6717 16865 3459 14352 4463 12919 12951 5978 5201 18582 11260 17335 14926 9713 9682 9181 9471 12149 5951 3317 7240 12429 10449 9766 17117 3855 9553 17297 6402 6731 15637 13499 6224 9152 9631 15226 9224 8053 4623 4861 10482 16403 511 14682 8991 11393 16423 12416 1518 15323 9536 15232 4967 10961 7929 5960 15387 10019 12962 14170 4654 4599 4794 16794 8025 11225 11956 10002 12023 2956 15932 10510 1629 2817 12115 6479 7572 16295 1560 10022 9519 15612 6781 12356 8116 2013 8304 5360 4047 14699 12577 14434 5704 11043 10899 928 10810 14303 10225 12858 14407 3875 4699 9553 16005 9137 311 14815 12563 3151 12895 9905 8201 11742 18134 7552 4530 16190 8026 9639 6842 8633 3056 11381 11071 16121 9218 12182 9822 7647 10039 18682 15827 4215 9486 6983 8712 16131 14442 9563 8998 5270 9072 19632 12286 3556 5257 2174 10606 3641 9593 8404 9083 7929 8240 1951 1533 14910 7640 1432 4294 8329 3925 18558 5568 9747 3196 6859 9242 14734 7737 6527 3759 8155 11757 6779 3884 13398 11928 10889 7208 17086 8298 8301 9546 15410 12488 7339 10075 18194 8984 17962 7238 5931 7770 11019 8392 2584 10215 8469 6716 6861 6454 2770 3189 1846 2535 10265 17358 4526 11730 12275 5238 7785 6542 516 2382 7633 12037 17918 13953 14126 1741 3706 3696 4278 17364 5300 15091 14112 5969 16837 6425 8654 10357 12134 7440 5810 6821 16880 8933 11560 8405 12842 5332 12620 4937 3957 15292 9693 15155 15490 13829 2043 16133 2559 6522 7119 1922 1355 12455 5318 15893 9316 4269 16686 10893 6280 4281 11562 17317 9269 13750 2063 15750 3689 13925 3211 3203 5927 8965 4575 9163 10767 8706 5126 5851 9195 9389 4913 7218 11001 15834 6307 2951 7902 9116 10204 8115 15944 12563 14898 2570 9578 0 17154 14826 8394 15836 12482 11699 8152 14897 1305 12466 8605 4362 10077 12330 4289 5444 6173 10152 8734 15088 4173 5778 15651 15956 8304 5660 4142 3429 13053 8349 7470 6748 10225 2070 15736 17298 10760 6094 9752 6894 7890 15176 5648
21763 13436 11662 5715 6616 6190 20408 14260 10440 9511 7379 12117 17519 7351 7989 10476 8310 12661 10621 20956 10927 12656 13352 12159 13040 14881 8050 3790 15343 6600 19231 16482 4234 16951 7406 10919 19393 12467 8282 11738 9123 8319 19981 9926 8129 11558 17886 14067 10585 17816 18934 17083 15848 14681 7741 17209 4505 16642 6240 4718 15322 18764 11508 7236 3044 3982 10134 21232 8610 19965 8268 19960 17195 10525 4732 7847 7623 1671 16614 7642 8183 14241 14327 4740 4412 11028 15671 14373 5742 20430 13546 16686 14621 11606 1037 17598 10069 16253 7527 819 5711 17293 8474 7831 9124 16731 16992 13964 12095 5917 8356 10111 8728 20351 18316 19589 4667 9176 6719 5225 16184 11586 18716 3389 12863 15528 15251 11879 14636 14032 8935 17368 8037 12056 4167 12145 7902 10431 17766 8961 12399 17987 6746 7571 11023 11459 8340 6269 18077 10342 2991 18488 8986 9560 18871 16375 17152 4479 8091 17459 6880 4782 19672 4317 10282 13209 15717 8418 18669 19054 1072 14198 11285 10462 14069 18057 6508 11381 3061 8147 7747 19979 15884 16621 9622 6218 13310 17621 16745 19168 8583 3666 12182 20461 17255 20088 10972 9529 15894 16629 18116 10639 15939 7607 19215 13927 17654 9336 17496 18676 9319 14345 15723 13436 15576 14256 7724 13666 14610 15038 17989 22113 11027 18698 20255 16009 15803 7084 11866 17986 10002 5470 8864 14726 4516 8946 20114 13531 3012 11625 13722 22668 11567 11144 9364 18338 12416 10543 8480 16048 14783 16451 16507 18832 16041 11920 14587 14190 15840 16170 8699 3394 15298 7253 9012 18279 13705 11437 17647 16937 16296 6573 8963 4476 10056 15461 19381 19372 13016 11565 19550 5789 3617 20148 1460 19080 18275 8906 5715 11079 14527 14154 4019 18188 9462 20167 7822 18658 7787 15960 14421 2106 17927 8528 4113 3424 15776 3511 17212 16068 10567 18602 16865 8818 11878 3080 9979 16896 9203 6892 20008 18897 11337 4561 21721 12576 18413 5445 17914 3427 18279 19699 19430 13680 13146 12919 8414 15873 15514 15030 9970 20578 14006 10744 6330 12582 11349 19382 10972 19663 16021 20896 7727 4597 7113 18894 16093 17154 0 2794 18226 5352 8317 5564 15917 2872 17183 12475 18410 12824 7360 13616 16089 17245 14978 18799 10348 3048 13162 14535 8269 4974 17932 20016 13902 18169 9770 8852 17890 20840 11612 16070 3522 5607 10641 16514 16180 21125 18360 11069 14441
18982 12788 8880 3876 3843 6973 18723 11552 7878 6919 6393 9458 15223 4622 9095 10106 8969 10928 8244 18203 8613 12169 11179 9452 10439 12255 5888 5361 12563 7640 16639 14634 5987 14639 5474 9550 16851 9681 9222 9124 7789 5562 18460 8219 8529 9150 16698 12566 8536 16074 16585 14981 14065 11921 8910 15264 1931 13974 3497 3819 12587 16082 9827 6251 5038 1635 7341 19870 5955 17174 5535 17270 15232 7924 2626 5087 5834 2291 13981 5290 6573 12708 12856 2828 1620 8900 14609 13434 3610 19075 10758 14009 12836 8830 2686 15291 10424 13458 6685 1979 4899 15118 6292 5316 9690 14993 14220 11177 9483 3845 7082 7502 8994 17760 15656 16953 6158 7063 3979 3375 13397 8893 16178 1827 10094 13217 12737 11516 11886 12708 6964 15196 6656 9263 5118 10529 5177 7711 15630 6526 10436 16087 4435 7251 8595 9215 5547 4246 15753 7567 776 15696 8839 7161 16897 14603 16087 2802 6077 15123 4603 2264 17514 2773 9304 11989 12981 7046 15899 16415 1732 12960 10310 8399 12945 15488 3773 10770 1755 5637 7287 17186 13100 13833 8227 4301 10825 14827 13976 16381 9451 958 9390 19069 15545 17302 9630 6841 13959 13921 15980 7861 14017 5246 16433 12889 16308 6757 15364 16358 7018 13037 13401 11400 14377 11694 9395 10984 13687 12498 16469 19348 8643 17261 18526 13388 13012 4290 10209 16066 10009 2905 6073 13344 6151 6528 17343 12587 1008 8969 10950 19892 9792 8354 7798 16852 9775 7852 5688 14845 12364 13667 13714 16088 14593 9261 12166 12015 13657 13638 5912 2995 13488 4461 6312 16519 12415 9621 15301 14404 13513 5822 7439 1752 7604 13100 17341 17331 10848 9614 16882 3604 828 18350 3490 16350 15485 6113 2965 9474 12899 11395 3012 15395 8924 17394 7626 16889 5088 13269 12459 718 15133 6304 2140 2362 13311 4791 14666 14568 7985 16389 14416 6133 9507 1553 7197 14239 7310 4191 18266 16270 8612 3670 18949 10029 16240 6412 15300 959 16260 17202 17687 10886 11125 11892 7480 13079 12817 13424 7194 17792 12186 8110 3827 10296 9420 16886 8237 16874 13238 18140 5748 2524 7671 16744 15086 14826 2794 0 16917 6363 5620 3138 13126 3086 14987 9813 17120 10463 5647 10935 14259 15558 13424 16006 7583 3535 11008 12903 6177 6063 15144 17343 11345 15577 9684 6480 16463 18137 8830 13939 1774 4429 7868 14940 15199 18424 15581 8752 12782
18090 5896 14662 13048 15159 13712 3569 13022 19089 18509 10848 18866 8090 14420 13954 8719 12535 6354 20382 16409 10054 6920 7925 18275 19918 11773 20003 16051 17771 14118 12166 4361 16324 8212 20369 7375 11472 16529 13368 11922 23187 16631 2310 8798 11952 10292 890 4438 9125 3260 8912 6255 4220 14256 14198 4938 17418 12671 16720 13524 13756 13589 23991 10990 16966 17794 15239 3014 13313 17855 16951 14253 5080 12150 14319 14600 11133 18945 12073 12383 21764 4351 4124 18902 16243 9102 2912 4320 18943 2214 15143 12835 4999 16770 17227 8202 10959 16885 10728 17749 12516 6900 20152 12883 11967 3510 18867 15185 11819 19174 9911 18587 11319 12600 12993 13049 15676 10452 14767 13544 17808 18260 11200 18579 17287 8281 10351 7793 14001 4216 21185 6875 10291 15993 14975 6516 16989 13443 6555 11834 7409 4509 18865 11068 20284 9373 15733 12769 8448 16542 16175 18444 10244 19729 5251 3883 1905 19143 11109 8499 19036 14954 7154 14218 7999 5018 19288 22540 15916 12865 17591 4030 7039 9271 4232 11439 14814 7506 18618 12673 10769 18199 15531 17940 23420 19714 10301 17621 15106 17074 13070 17017 16092 2286 3127 17465 24646 17684 5196 13433 6591 16469 5087 12440 16778 4489 645 12449 6512 8513 20097 3893 8355 7069 2698 10959 15940 12561 4176 10660 1562 17512 20554 1017 3777 11792 15991 15813 6870 4681 9959 14584 15863 3577 16018 11761 16693 5018 17825 18712 14494 18343 23694 14981 22745 1284 12090 13043 15790 2244 9406 18065 16455 15106 2446 12387 9445 7558 7109 10605 15002 19900 4690 15891 17442 3379 4528 7669 8620 10707 15621 11679 22564 16913 19657 8755 5966 5968 8067 23006 13614 18830 16510 4224 17279 14819 16933 15256 15272 7510 4391 14150 19752 17187 9209 16797 11022 3495 17218 12945 6075 17052 17864 20020 18467 14944 9797 15706 10927 2607 11975 7407 9672 17538 9898 18393 14673 12538 21620 14386 3736 12621 17722 20356 17593 20192 6981 14393 12083 15975 5550 10958 3493 16093 7170 5438 9835 16526 12981 3890 14518 17782 5604 12380 13803 22030 8099 10838 13581 17495 17956 16453 20422 14407 12812 6864 2798 8394 18226 16917 0 14512 17330 14149 16017 15386 7096 18990 240 9426 11285 19234 4393 2957 3745 18415 14197 15323 7903 4403 20369 14807 16557 13922 10930 11813 9859 11617 925 14966 16515 6640 18441 20766 16630 2606 2851 15065 16214 20962 4581
22640 9003 13090 5589 8678 913 17293 14778 13788 12814 4656 15070 16075 8935 2744 5931 2983 10201 14390 21496 10209 8072 11894 14894 16175 14888 12211 1758 17340 1292 18806 13922 1833 15592 11836 7961 18733 14514 2951 11992 14051 11018 16566 7868 2970 11041 13990 10971 9198 14944 17577 15107 13191 15588 2548 14832 8197 16752 9267 3794 15971 18849 16185 4579 2754 7996 11974 17493 9548 21130 11123 20041 14860 10886 5773 9535 6431 6881 16533 7793 12906 11193 11151 9169 7314 9767 11690 10285 9969 16707 14924 16844 12070 13877 4429 16180 4835 17800 4464 5456 3682 15503 12602 8414 3813 13915 19035 15299 12295 10206 5821 13333 3638 19869 18287 19372 1168 8257 8522 5453 18041 14418 18077 7975 15122 14269 14726 7199 15460 10607 13320 15565 5829 13961 1261 9501 10830 11425 15838 9005 10506 15453 10729 3537 14678 10451 10602 6193 16685 12713 5796 20115 4342 13313 16468 13653 13100 9077 7240 16146 10907 6575 17704 4828 6708 9676 18135 13314 19486 18869 5493 10605 7550 9135 10295 17584 8340 7069 7748 8631 3899 21244 17049 18441 14515 10661 12851 19157 17633 20249 3237 7221 14107 16797 14347 21112 15909 12499 13581 16990 16169 12937 13591 7797 20197 10024 14029 9806 15575 17234 13252 10863 14483 11601 11819 14017 3340 14071 10484 14637 14662 22749 14772 15183 17236 15907 17133 9510 9350 15501 5058 7037 11132 11347 1509 8937 20901 9513 7245 14614 14840 23433 16154 12761 14130 14929 12720 11342 10755 12268 13948 18342 17871 19371 12690 12372 13771 12649 14174 15655 10560 8544 12743 9707 11967 15417 10248 9339 16353 16375 17424 3819 13758 7852 13685 14368 17117 17109 11584 15962 19510 9956 6775 17279 3912 19488 19478 10877 7861 8574 11644 15092 8975 19485 5306 20976 3501 15797 10840 16251 12298 5852 19482 12596 8472 4372 15023 1841 16688 12815 10840 16843 15978 11846 11194 7641 11577 16929 13671 8441 17025 18663 14014 9605 22460 15893 16551 121 17662 6066 16017 18837 16477 15381 11306 9085 5203 17368 15873 12062 11497 21601 11592 11220 7365 16483 9529 18533 11999 20778 17955 21461 12108 5684 1921 16945 12004 15836 5352 6363 14512 0 11336 6736 17237 3279 15460 15404 14654 11987 6112 16414 13515 14287 11909 20358 11697 2828 11673 11662 12516 387 19079 19988 13671 17796 4949 8725 14395 20973 13784 14245 8004 10560 13004 13373 12049 21234 19325 14941 11632
14065 14934 4445 6343 2860 11698 18084 7619 2475 1525 9169 3844 12967 3167 13890 13049 13352 10993 3376 13575 7340 14661 9859 3842 4875 8789 2864 10747 7172 12501 13038 13881 11409 12376 3567 10766 13479 4428 13856 6230 6158 702 18259 8967 12690 7333 17402 12968 8226 15476 14030 13421 13551 7492 13772 14162 3818 10110 2145 7753 8336 12013 6665 9073 10587 4390 2859 19966 4021 12125 379 13105 14081 5448 5642 2802 7260 7176 10327 5357 4816 13013 13291 4208 4160 8230 15764 14960 3341 19235 6005 10090 12464 3476 8303 12992 14319 8314 9599 7538 8461 13304 2899 4663 13901 14505 8760 6410 6524 3383 9128 1999 12943 14113 11742 13107 11445 7049 3170 6200 8055 3275 12857 5267 4658 11105 9817 14287 7551 13506 3920 13384 8634 4191 10218 10969 512 4376 13902 5524 9943 15049 2446 10765 3513 8048 1599 6039 13353 2288 5825 10409 12291 2478 15572 14065 17106 4627 6801 12724 2500 4774 15570 6559 11361 13111 7408 5652 11175 12586 7307 13919 12189 8084 14149 12066 3272 13230 5600 4787 10604 12071 8287 8497 6273 3650 8303 9625 9334 11425 13998 4679 4280 19143 15081 12347 7379 1222 13024 9798 14221 2607 13114 5304 11548 14279 16685 4892 13671 13933 2776 13831 11227 10503 15262 8653 14613 7308 15218 9476 16414 14594 3687 17349 17783 9847 8065 1957 10606 14970 13506 4423 1599 13932 11511 5605 12562 14200 5341 3359 6444 15023 6386 3822 5561 16851 6570 4744 1558 15676 9913 8296 8690 11590 14886 6034 9737 10556 11963 10537 2361 6357 12967 1781 695 15839 13326 9723 12852 11233 8697 9135 5470 3870 2598 10805 15783 15772 9604 5765 12866 3214 4886 17431 9101 11952 10482 2172 3513 10158 12942 7013 5591 10330 11799 12594 11223 16153 532 9308 11630 6336 9908 2745 4522 6981 10555 10106 11412 14735 5608 14339 11624 519 7766 5464 3173 10424 4344 3453 17506 12505 3029 5729 14133 4557 14338 11350 11660 5440 14850 14012 16964 5809 10321 13431 10027 7995 8848 13454 3288 12817 11808 5358 4520 5420 9247 13715 4595 11872 7858 13496 3465 5707 12104 14877 16312 12482 8317 5620 17330 11336 0 4836 8178 8235 13112 4198 17564 8561 7338 5315 13597 15157 13585 10749 3755 8694 9786 12931 3191 11123 10201 13277 8380 12035 13096 5781 16637 13864 3560 12386 5068 5282 2547 14888 16467 14155 10756 3986 12759
16499 10663 6541 1541 2003 6975 15723 8800 7305 6361 4473 8396 12091 2215 9147 8416 8529 7970 8145 15566 5478 10228 8045 8180 9533 9334 6571 6537 10669 7809 13669 11583 7207 11508 6620 6906 13831 7808 9071 6194 9377 4395 15547 5353 7855 6039 14019 9730 5449 13060 13464 11853 11045 9357 9055 12173 3275 11120 3096 2988 9915 13252 10819 4360 6688 3653 5274 17041 3148 14814 4558 14453 12136 4979 1023 2814 3058 5426 11067 2153 7980 9848 10035 4760 2096 5783 12063 11020 4934 16257 8432 11172 9825 7142 4988 12161 9496 11276 4882 4785 3625 11982 6866 2268 9066 11988 12367 8832 6547 5183 4719 6809 8110 14789 12784 14041 7076 3969 1794 1368 11413 7727 13154 4512 8394 10086 9692 9736 9280 9998 7809 12060 4228 7276 5761 7656 4326 5054 12497 3418 7366 13009 5157 5956 8335 6077 3881 1453 12626 5979 2616 13582 7513 7133 13793 11585 13511 4994 3072 11998 5348 881 14378 1939 7045 9379 11405 8669 13357 13507 4542 10311 7990 5308 10388 12493 1626 8781 4616 2583 5823 14879 10692 11828 9706 5737 7757 12651 11441 13971 9194 2932 7420 16229 12550 14873 11058 5903 10877 11156 12847 6201 10939 2109 13974 10407 13523 3785 12232 13230 7239 10332 10272 8296 11728 8692 10073 8171 11280 9475 13571 16762 8487 14407 15507 10457 10695 2894 7315 12981 8735 483 4403 10578 7220 3412 14803 10195 3843 7958 8475 17366 10654 6135 9115 13971 6886 5097 4033 12184 9262 11707 11426 13427 11761 6411 9065 8880 10521 10608 3834 5910 10460 3084 5392 13496 9738 6638 12178 11375 11091 4322 8846 2767 7382 9979 14221 14211 7716 10221 14022 4841 2493 15302 5612 13640 13128 4144 1409 6639 9976 8835 5642 13089 7160 14864 6409 13859 4407 10466 9375 3600 12971 6795 4322 2695 10233 5856 11649 11702 5012 13251 11331 5312 6384 4383 4930 11364 8232 1712 15242 13345 7300 6223 16403 9321 13103 6729 12358 2226 13146 14147 14666 8772 8027 9452 5447 10860 10031 10507 4871 15367 9164 5219 781 10229 6377 13830 5625 14486 11305 15514 6771 1146 7299 13608 12575 11699 5564 3138 14149 6736 4836 0 10804 4047 11850 8719 14364 7339 2981 9696 11218 12576 10539 13853 5147 4441 7878 9977 6936 6586 12754 14492 8338 12607 8337 3349 13623 15347 7056 10807 4351 6627 6268 12025 12706 15629 13104 8742 9842
5905 16556 4281 11667 9313 17227 15075 3151 7496 7842 13299 5838 8623 8672 19205 16139 18180 11094 8592 5454 7941 16803 8517 5277 6144 4245 10422 17313 2198 18089 6314 11679 17976 8227 11350 12477 7054 3790 18950 5567 13214 7870 15870 10989 17349 7149 16495 12763 9411 13071 8866 10090 11818 1923 19200 11334 11687 3795 9857 13486 2261 4690 12235 13288 17491 12316 5789 17742 7727 4048 8045 5482 11200 6458 11825 8120 11071 15089 4369 9448 12224 12655 13026 12363 11506 8935 15842 15740 11519 17214 2382 3658 11324 4760 15603 8564 18353 869 13701 15098 13613 9593 10198 8832 18418 12522 2854 1973 5377 11550 12525 7365 17293 7127 4752 5963 17775 9497 9262 11883 1851 5777 6667 13294 3859 7762 5680 16874 2154 13680 10891 9652 12199 3994 16444 11593 8405 5820 10148 8313 9789 12077 10577 15120 8155 8200 7621 11047 8639 5891 13010 2953 16180 8848 12025 12134 16708 12784 10244 8214 10593 11347 11045 12699 13869 13849 3681 12992 3049 5563 14847 14192 14203 9364 14695 5911 9474 15672 13603 8606 14792 4080 505 1925 13081 11759 6061 1973 1523 3272 18952 12319 3898 17013 12977 4197 13607 7253 10822 3036 10325 5571 10931 9441 3372 15044 15450 7446 10044 9013 9412 13902 7716 9450 15078 5122 20528 3802 15943 5358 14602 6419 8437 15554 14672 4395 114 8860 11337 11927 17181 10690 7130 13684 17955 8393 4391 15286 13177 6126 2405 6852 11788 4773 12409 15026 4930 5898 7492 15316 6614 2071 636 3670 13952 5076 6589 8595 8947 5627 7218 14496 11419 8705 7591 13222 13712 10510 8210 5860 679 13805 12531 11546 8350 7287 11822 11812 8536 10893 5488 11392 12300 14120 16313 4126 2359 7014 10230 11477 12234 2285 13754 2286 15136 4419 15546 13380 8614 3215 10141 13813 2296 10022 12592 13499 6312 16630 5805 13659 6545 9936 6812 7825 7299 13432 5953 4072 11158 9170 14421 5611 5597 13907 5955 6799 10177 17201 5215 12566 11346 7785 14037 2372 9507 14628 13581 564 3067 12557 5980 4680 10919 6098 10057 8899 9941 7583 5242 3751 2063 5367 11123 11951 17203 10636 16370 8152 15917 13126 16017 17237 8178 10804 0 14851 9363 5650 16249 7174 11354 4976 11624 13128 12837 3145 5660 15235 8639 12207 10594 17169 2035 5774 5235 5663 16753 8631 15114 6041 4632 9436 13085 13398 5636 13450 16553 6319 2586 8846 12019
20514 10577 10588 3485 5775 3901 17669 12745 10644 9669 4544 12042 15221 6227 6009 7650 5944 9999 11170 19531 8777 9818 10990 11930 13108 13132 8937 2540 14668 4554 17346 13841 3212 14676 8558 8131 17411 11784 6146 10040 10827 7996 17187 7302 5587 9508 15029 11293 8179 15114 16681 14608 13179 13373 5826 14622 4926 14966 6115 1999 13890 17101 12913 4404 2655 4718 9273 18396 7160 18854 8060 18307 14619 8844 3026 6813 5147 3998 14850 5724 9647 11477 11542 5903 4114 8678 12805 11501 6689 17595 12479 15033 11964 11053 1848 15310 7522 15320 4666 2579 2881 14877 9331 6146 6700 14034 16362 12879 10380 6927 5579 10214 6118 18452 16596 17798 3210 6882 5705 3104 15433 11418 16736 4758 12322 13271 13275 9062 13284 11209 10040 14949 5309 11277 2049 9434 7741 9078 15312 7065 9881 15365 7459 4731 11480 9212 7706 4128 15803 9833 2529 17623 6206 10088 16290 13695 14285 5834 5767 15207 7636 3615 17222 2188 7419 10369 15312 10085 17364 17271 2517 11356 8419 8072 11211 16139 5502 8520 4562 6428 4887 18923 14732 15852 11279 7387 11327 16696 15456 18006 6386 3945 11418 17633 14542 18904 12679 9432 13311 15072 15660 10087 13347 5706 18000 11061 14823 7666 15042 16390 10002 11516 13475 10955 12725 12385 6411 12084 11739 13111 15201 20744 11558 15884 17535 14227 14742 6524 9178 15377 7287 4207 8249 11913 3282 7024 18807 10660 3995 11571 12512 21368 12877 10170 10872 15539 10759 9088 7859 13196 12674 15723 15473 17388 13239 10324 12482 11815 13448 14211 7809 5509 12647 6719 8894 15582 10876 8842 15403 14969 15129 3712 10507 4602 10483 13263 16842 16833 10656 12684 17838 6676 3516 17460 1987 17574 17170 8094 4884 8378 11796 12854 5827 17134 6602 18871 5014 15963 7721 14361 11871 2619 17016 9330 5209 1356 13714 1877 15263 13283 8844 16209 14765 8752 9768 4431 8964 15188 10392 5720 17294 17092 11056 6478 20401 12777 15985 3327 16090 2835 15732 17639 16720 12804 10658 10054 5557 14906 13941 12288 8911 19397 11375 9127 4798 13253 8829 17324 9653 18523 15315 19482 8828 2901 4660 16444 13222 14897 2872 3086 15386 3279 8235 4047 14851 0 14788 12387 15566 10676 4848 13448 13441 14521 12217 17898 9195 465 10786 11807 9239 2992 16794 18313 12029 16295 7018 6871 15076 19218 10995 13630 4766 7376 10132 13750 13309 19495 17128 11708 11725
11014 9991 9282 11472 11906 14957 5717 6740 14175 13875 10827 13405 1022 11005 16166 11278 14765 5373 15521 9343 6391 10707 3831 12762 14275 5308 15976 16466 11354 15669 5143 2912 16972 1158 16610 7699 4537 10843 15682 6891 19269 12440 6543 7634 13947 5996 7767 5629 6618 3886 2311 845 3461 7840 16309 2158 14678 5734 13354 12807 7151 6493 19385 10920 17133 15227 10427 8409 9579 10776 12763 7199 2016 7729 12499 10893 9642 17271 5125 9699 17918 5403 5705 16021 13750 6155 7977 8554 15686 7933 9087 5896 3910 11374 16378 1146 13940 10213 10995 16482 12178 231 15990 9785 14563 3702 12193 9000 6623 15861 9650 13752 13535 5751 5898 6018 16466 8008 11570 11958 11210 12925 4163 16210 11506 2015 3828 11234 7594 6555 16983 298 9716 10436 15337 6126 12941 8740 831 8535 4976 2753 15233 12091 15285 5772 11612 10916 1528 11590 14415 11512 12221 15157 2704 3467 8300 16372 9095 1409 15362 12727 2539 12878 9251 7261 12906 18752 8857 5791 16258 6980 8873 6732 7590 4343 11709 10247 16376 9477 11698 11127 8860 11266 19365 16326 4823 10758 8246 10017 15507 14681 10493 7711 3977 10375 20371 13021 2443 6524 1115 11409 2511 9745 9709 8048 6641 8616 681 1901 15639 6585 1922 3877 7158 4823 18034 6523 8651 4202 5557 10484 15582 6431 5320 4974 9360 12216 6189 2593 12664 12124 11513 6120 16771 8515 9597 8543 15639 13392 8377 11318 19011 9785 18646 5933 6672 8368 11604 7188 3281 11433 9707 8020 5652 7159 3431 2993 1344 3740 10824 17639 3463 12210 12965 3939 6801 6124 1551 3674 8868 11712 18578 14253 14912 2379 2707 2697 4167 18201 6552 15552 14313 4792 16756 7723 9949 10953 12426 6919 4800 7892 17212 10225 10917 9701 12318 4048 13203 6159 3228 15405 10971 15826 15820 13800 3096 15900 3863 5311 7589 1422 2637 13131 5587 16145 9983 5554 17387 11218 5063 5544 12442 17684 10531 14709 1263 15367 4991 14060 1994 4184 4675 10019 4175 8228 10302 9911 6309 4762 9852 10687 4106 7766 11196 16762 6001 3983 8600 10421 11402 9382 16553 12628 14389 1790 8380 1305 17183 14987 7096 15460 13112 11850 9363 14788 0 13430 7305 4662 9939 13369 3100 4152 5081 11446 9408 14941 4021 4768 16301 15608 9594 6890 4972 4717 12343 8527 6172 7965 11113 1221 16022 17740 11568 4847 8551 8094 9191 16021 4663
11039 17746 4331 10107 6734 15692 18969 6806 2232 3014 12674 358 12974 6639 17866 16343 17199 12979 3017 10969 9142 17662 11076 717 948 8252 5312 14915 3828 16520 11711 14996 15581 12446 6273 13428 12354 2587 17780 7068 7683 4396 19448 11628 16478 8736 19245 14942 10439 16566 13655 13966 14868 6007 17772 14991 7971 8851 6341 11706 6907 10251 6592 12604 14781 8506 4069 21276 6702 9006 4332 11122 14881 6995 9638 6072 10521 11234 9282 8525 6859 14923 15256 8067 8350 10219 17979 17438 7064 20623 4467 8764 13991 2229 12498 12957 17958 5377 13115 11711 12272 13652 4986 7754 17673 15752 5071 4690 7187 6999 12362 2406 16647 12638 10197 11498 15587 9695 6929 10074 4715 994 11850 9286 1991 11479 9653 17440 6194 15671 5463 13727 11901 3032 14332 13184 4666 5696 14261 8084 11725 15848 6000 14410 2542 9746 4847 9667 13188 2883 10016 6985 15834 3545 16108 15316 19161 8457 9863 12631 5938 8837 15601 10579 14374 15496 3460 7558 8621 11048 11485 16145 15049 10323 16500 11041 7093 16295 9630 7725 14189 8850 5983 5121 7498 7015 8847 6423 7130 8497 17889 8867 2955 20478 16297 9356 7959 2977 14091 8261 14523 2786 14196 8486 8721 16725 18360 7166 14082 13687 4071 15967 11528 11921 17347 8608 18716 6912 17683 9273 17817 11762 2809 18790 18609 9013 5559 5896 12841 15731 17012 8377 4351 15935 15670 8181 9814 16774 9473 852 5171 12019 6149 4032 6856 18263 6962 6072 4698 17701 10181 4862 5936 9318 16629 6613 10058 11550 12568 10063 5102 10173 14337 5699 3513 16842 15574 11911 12697 10582 6314 12822 7027 8061 2977 11064 16116 16106 10922 5256 11081 6967 9083 18148 13298 9776 7559 4758 7548 12614 14693 5743 9355 7312 15137 9816 14873 17092 4729 8066 12939 10528 6637 4827 8522 11097 10424 14264 10649 16408 7167 14385 11298 3682 9109 9524 4654 9174 5663 7084 18337 11050 1477 9309 11242 1284 14510 15408 10444 9623 15378 13027 17856 3665 11834 16019 13368 5236 7687 15147 4803 9770 13406 6704 8214 3402 11348 12776 5446 8841 4448 10873 5984 9722 16000 15031 18536 12466 12475 9813 18990 15404 4198 8719 5650 12387 13430 0 19230 9582 10687 1166 14804 16412 15352 7361 4973 12841 11087 14674 5376 15216 7403 11398 8477 10882 16585 8422 18180 11688 2478 13054 9102 8560 2656 16404 18708 11964 8091 3203 14485
18291 5982 14902 13254 15385 13849 3605 13258 19326 18745 11031 19106 8295 14649 14058 8840 12645 6584 20619 16609 10291 7007 8165 18515 20158 12005 20233 16204 18007 14244 12363 4587 16470 8425 20596 7574 11663 16769 13471 12162 23414 16865 2293 9014 12072 10531 854 4660 9356 3453 9097 6465 4456 14491 14305 5147 17634 12894 16945 13712 13988 13797 24225 11173 17123 18007 15478 2848 13546 18069 17185 14451 5289 12389 14526 14831 11344 19141 12295 12606 21991 4578 4345 19118 16457 9337 3015 4430 19164 2054 15381 13058 5239 17010 17408 8406 11048 17117 10905 17938 12699 7107 20384 13110 12066 3737 19100 15422 12059 19396 10104 18824 11435 12785 13203 13246 15820 10678 14992 13748 18041 18499 11399 18788 17527 8509 10582 7887 14236 4414 21417 7080 10488 16233 15132 6737 17222 13682 6752 12065 7646 4697 19092 11223 20522 9610 15967 12980 8645 16781 16377 18669 10375 19964 5413 4115 1906 19358 11327 8705 19263 15166 7309 14416 8170 5200 19525 22766 16133 13066 17782 4212 7202 9502 4391 11646 15039 7632 18825 12902 10928 18414 15763 18173 23648 19937 10540 17849 15333 17292 13170 17227 16332 2150 3343 17677 24877 17921 5427 13658 6781 16708 5318 12664 16993 4631 880 12684 6715 8700 20332 4088 8582 7309 2858 11194 16042 12798 4276 10892 1756 17706 20792 1100 3836 12019 16223 16042 7092 4869 10065 14800 16099 3788 16162 11992 16901 5149 18032 18951 14732 18537 23929 15221 22974 1442 12330 13282 16024 2395 9640 18299 16685 15318 2678 12627 9679 7797 7336 10829 15237 20106 4929 16121 17678 3552 4721 7897 8825 10924 15851 11857 22793 17129 19894 8984 6118 6120 8307 23242 13814 19053 16718 4308 17453 15028 17156 15491 15493 7726 4627 14386 19962 17411 9355 17006 11169 3650 17450 13173 6315 17251 18090 20252 18680 15136 10024 15865 11142 2844 12213 7589 9888 17773 10137 18599 14911 12758 21852 14612 3812 12824 17962 20568 17791 20431 7166 14536 12294 16180 5732 11142 3601 16332 7409 5593 10012 16759 13212 4127 14756 17992 5843 12619 14023 22269 8330 11025 13820 17710 18190 16653 20651 14613 12942 7036 2859 8605 18410 17120 240 14654 17564 14364 16249 15566 7305 19230 0 9666 11492 19474 4626 3175 3979 18638 14436 15498 8143 4639 20599 14953 16780 14118 11167 12020 9974 11847 1144 15159 16755 6866 18651 20983 16869 2845 2898 15255 16434 21199 4817
11256 9403 5252 7217 7247 11680 9584 4024 9904 9473 7409 9477 4770 6345 13308 9337 12057 3921 11239 9869 1906 9713 1502 8872 10502 3318 11412 12673 8574 12490 6819 5460 13253 4180 12001 5504 6778 7102 12927 2536 14707 7873 9917 4390 11200 1340 9738 5662 2837 7053 6125 4876 5287 5260 13381 5620 10035 5059 8693 8788 5085 7014 15027 7459 13200 10596 6043 11718 4917 10189 8200 8168 5533 3117 8092 6235 5642 12754 4703 5198 13334 5583 5946 11362 9147 2259 8767 8573 11026 11049 5814 5186 4448 7378 12105 4833 11795 8010 7710 12080 8395 4831 11459 5179 12098 6184 9898 5924 2397 11204 6343 9437 10974 7886 6411 7405 12844 3818 6916 7662 8785 8897 6111 11592 7862 2766 2753 9878 5021 6541 12472 4912 6207 6570 11595 4440 8349 4261 5406 3942 2618 6507 10599 9049 11072 1537 7017 6603 5290 7302 9947 9999 9723 10746 7014 5745 9775 11717 4925 4660 10733 8201 7193 8609 7035 6675 10029 14163 8276 6916 11845 7051 7188 2875 7534 5597 7062 8691 11773 4863 8667 10426 6758 9010 14835 11675 1139 9053 6769 9290 12842 10088 6667 10912 6739 9996 15907 8618 4565 5527 5741 7180 4664 5237 9115 7873 8804 3954 5161 5895 11193 6783 2942 2400 8042 2308 14968 3392 8782 2719 8236 11144 11357 9208 9263 4104 7116 7559 4210 6419 10541 7566 6973 6622 13112 3936 9536 8113 11054 9359 5225 11907 14681 5618 14122 8682 2670 3865 7023 8333 2000 9074 7733 7867 7119 2969 1811 2024 3426 3671 6228 13020 4756 7559 8490 7373 6552 3466 4839 4388 6981 8179 14026 9621 10570 2641 7261 7251 1410 13918 7596 10893 9751 8885 12578 7856 8786 6390 7796 4484 5242 5006 12568 8935 8519 9627 9397 7661 8608 4804 3358 10935 9350 11302 11176 9545 3058 12046 4701 6874 2964 6006 4089 8635 956 11544 5532 5157 12888 6571 8986 6700 8371 13030 10956 10806 5922 11915 5709 9565 6295 6965 8460 6746 2388 7465 7280 7594 4577 5648 5388 10444 3916 3217 6639 12721 2952 6652 4264 9807 8878 9855 11963 8227 11350 6452 9310 4362 12824 10463 9426 11987 8561 7339 7174 10676 4662 9582 9666 0 5965 9810 5239 6846 5887 10090 4989 10906 1550 5219 11749 12053 8364 8068 2051 5815 10137 3990 8602 9102 7119 3830 11399 13078 7342 6829 9491 9346 8318 11784 5027
16571 7722 7449 1771 4556 5944 13127 8715 9694 8825 2024 10408 10387 4199 7854 5725 6852 5334 10714 15393 4123 7355 6149 10050 11587 8776 9449 6709 11782 6796 12759 9129 7291 9851 9571 3956 12743 9155 7599 5932 12348 6754 12819 2597 6042 4939 11104 6918 3337 10501 11858 9771 8512 9605 7858 9850 6231 10641 5957 2876 9917 12739 13684 1981 7264 6546 6733 14225 4050 15132 6998 13934 9837 4901 3035 4687 323 7772 10427 2168 10943 7062 7209 7711 5022 3855 9099 8039 7914 13432 9146 10733 7281 8743 6485 10479 7312 11995 2460 6735 2449 10030 9709 2938 7171 9415 13440 9485 6218 8163 1800 9168 6079 13841 12183 13292 6899 2163 4198 2277 12379 9712 12075 7296 9869 8458 8666 6950 9456 7092 10689 10102 1301 8550 5633 4889 6862 5685 10470 3046 5054 10628 8086 3840 10822 4449 6001 1532 10975 7806 4927 14288 5158 9780 11513 9043 10557 7915 1137 10388 8274 3706 12381 3069 4101 6427 12812 11645 13427 12782 6538 7376 5021 3236 7424 11538 4143 5913 7334 3011 3562 15272 11115 12746 12665 8716 6761 13314 11609 14239 7614 5743 8697 13423 9954 15080 14003 8203 8534 10888 10819 7936 8578 2204 14164 7430 10671 3962 10200 11558 9968 7424 8665 6115 8796 7911 9273 7999 8299 8555 10825 16650 11016 11614 12950 9800 11257 5423 4579 10626 6325 3455 6410 7708 7158 2963 14828 7214 6541 10036 8952 17345 13487 7267 12058 11206 6653 5508 6128 9258 7958 12687 11990 13275 8946 6350 7773 6970 8600 9602 5594 8619 7952 5577 7758 10956 6813 4080 10587 10339 11470 2455 11803 5719 9936 8481 12035 12027 5817 12989 13410 7820 5228 12814 6821 13381 13511 5938 4303 3829 7270 9132 8475 13548 4486 14905 4291 11332 7008 10146 7067 5853 13639 9620 7223 3937 9022 6087 10646 8921 4828 11361 10033 7741 5119 7108 6210 10819 11120 3888 12696 12582 9211 9090 16372 11516 11139 6052 11578 4697 10929 12912 12117 9748 5820 6472 2707 11553 9776 7791 6089 15565 6654 5257 2901 12734 4001 12601 6226 14771 12338 15359 9703 3127 5850 11602 9605 10077 7360 5647 11285 6112 7338 2981 11354 4848 9939 10687 11492 5965 0 11494 8739 9957 7781 14499 6142 5014 5942 7275 9819 6137 13103 13888 7564 11732 5898 2723 10817 14865 8583 8784 7162 9574 8049 9302 9733 15127 13297 11325 7163
10070 18330 4646 11035 7737 16669 18996 6643 3387 4179 13502 1520 12834 7559 18831 17081 18115 13384 4037 10116 9589 18302 11312 1521 1190 8093 6451 15982 2942 17505 11215 15130 16651 12334 7411 14011 11904 2718 18723 7363 8672 5454 19557 12237 17374 9096 19539 15316 10954 16675 13396 13958 15061 5681 18747 15047 9111 8449 7448 12683 6540 9658 7344 13440 15876 9654 4772 21404 7457 8034 5420 10446 14930 7475 10641 6974 11306 12392 8931 9326 7931 15279 15623 9232 9447 10682 18389 17928 8231 20778 4283 8346 14255 2775 13617 12806 18797 4564 13943 12846 13197 13596 6112 8557 18560 15914 3990 4408 7428 8165 13115 3571 17513 12083 9670 10925 16637 10339 7902 11035 3775 2043 11444 10446 1948 11473 9548 18128 5898 16089 6526 13667 12669 3294 15367 13647 5767 6218 14197 8754 12098 15885 7167 15269 3537 10146 5816 10562 12996 3740 11112 5954 16651 4671 16069 15484 19516 9623 10608 12469 7104 9869 15427 11586 15044 15977 2324 8600 7825 10504 12618 16575 15668 10848 16961 10647 8077 16964 10789 8495 15030 7851 5371 4151 8449 8176 8972 5474 6494 7589 18819 9993 3177 20619 16444 8417 8785 4094 14226 7796 14440 3568 14333 9291 7839 17212 18613 7808 14035 13463 5181 16374 11502 12192 17726 8577 19738 6869 18167 9171 18000 10839 3770 18974 18624 8735 4899 6930 13315 15759 17812 9377 5295 16305 16729 8851 8937 17297 10619 2011 4996 11048 6890 4492 7837 18444 7144 6563 5663 18059 10182 3879 5162 8592 16919 6870 10077 11714 12603 9856 5970 11340 14552 6733 4623 16923 16015 12388 12517 10308 5655 13704 8038 9184 4098 11036 16020 16010 11190 5996 10464 8133 10192 18137 14412 9070 6672 5631 8581 13151 15007 5512 10521 6401 15896 8931 15730 17153 5847 7701 13160 11651 5660 5959 9682 12141 10305 15325 10341 16680 7640 14233 11100 4805 9439 10681 5326 8764 6692 8025 18355 10530 2400 10471 10308 1891 14390 16413 10008 10711 15345 12605 17896 3366 12133 16553 14142 4499 7365 15440 5464 8809 13699 7153 9148 3930 11814 12372 5877 7896 3493 10017 7114 10732 16937 14899 18945 12330 13616 10935 19234 16414 5315 9696 4976 13448 13369 1166 19474 9810 11494 0 14968 16568 15662 6334 5546 13897 11346 14987 6497 16239 6561 10748 8493 10454 17382 9100 18398 10948 2972 13096 10261 9711 3470 16633 19120 11216 7273 4115 14796
14009 7007 10479 10460 11795 12893 4545 8642 15115 14631 9081 14709 4115 10961 13813 8670 12373 3443 16441 12359 6278 7799 3785 14097 15715 7379 16390 14747 13393 13518 8214 407 15175 4065 16878 5556 7635 12287 13287 7774 19658 12896 4689 6163 11604 6299 4910 2791 5784 1888 5321 2307 388 9870 13991 1387 14355 8335 13343 11449 9363 9442 20180 9199 15526 14825 11244 6479 9678 13600 13224 10238 1460 8205 11647 11018 8495 16469 7747 9185 18252 2549 2776 15799 13276 5548 4878 5499 15660 5819 10808 8499 1478 12611 15181 4241 11314 12492 9141 15474 10630 2970 16485 9511 12058 948 14474 10829 7623 15869 7931 14636 11111 8851 8820 9081 14605 7259 11417 10971 13416 14135 7234 15727 13028 3904 5963 8413 9615 3609 17513 2980 8140 11779 13611 4054 13320 9443 2910 8322 3863 1944 15409 10005 16292 5565 12008 10018 4618 12522 13591 14081 9822 15891 2957 519 5297 16098 8183 4468 15563 12087 4441 11807 6916 4431 14919 19062 11639 8815 15276 3978 6320 5930 4583 7322 11509 7542 15833 9247 9628 13929 11139 13547 19833 16383 5996 13244 10735 12790 13072 14149 11869 5675 1502 13241 20976 13784 808 9082 3134 12412 701 9240 12509 5045 3833 8739 2733 4896 16308 3579 3994 3100 4058 6577 15755 8206 5579 6268 3037 13530 16575 4011 4299 7430 11597 12311 4273 1985 10073 11586 12050 3079 14930 8269 12516 5576 15053 14597 10144 14363 19850 10857 19133 3478 7847 9041 12040 4104 5014 13673 12065 10880 2573 8199 5056 3258 2755 6268 11236 17127 794 12354 13609 2291 3903 4662 4633 6453 11232 9989 18999 13879 15752 4375 3642 3635 4007 19109 9587 15536 13702 4090 15426 10637 12596 11447 12103 5078 1975 9778 16833 12839 8541 12619 10146 2645 13567 8569 1968 14551 13492 16338 15472 12668 5437 14254 6703 2235 8035 3997 5444 13733 5875 15600 10708 8225 17940 11038 4030 8564 13610 17380 13548 16038 3584 13411 7905 13302 2590 7274 3458 11762 3307 5373 8328 12133 8592 1760 10558 13588 2085 8377 10704 17959 4844 7081 9494 13232 13566 12390 16884 11760 12195 3782 5291 4289 16089 14259 4393 13515 13597 11218 11624 13441 3100 14804 4626 5239 8739 14968 0 1608 2058 14065 10187 13507 3827 1948 16744 13722 12211 9948 6566 7691 9800 8188 3496 11034 12352 2321 15561 17622 12574 1863 5465 11174 11903 16997 1925
15162 6868 12087 11712 13270 13597 3170 10196 16712 16216 10049 16317 5157 12455 14295 9023 12843 4631 18035 13488 7821 7782 5384 15705 17322 8897 17932 15632 14945 14155 9261 1456 16013 5257 18396 6436 8597 13892 13742 9381 21187 14455 3103 7360 12128 7886 3618 3317 7204 691 6093 3307 1606 11411 14498 2000 15765 9723 14827 12551 10868 10643 21759 10177 16461 16212 12840 4873 11207 14898 14782 11337 2141 9789 12934 12541 9739 17727 9123 10603 19776 3100 3143 17224 14656 7027 4243 5226 17129 4213 12392 9887 2765 14219 16304 5273 11584 13996 10049 16668 11662 3963 18037 10977 12435 662 15982 12402 9231 17343 8948 16230 11578 9760 10042 10143 15412 8655 12887 12222 14938 15743 8287 17087 14630 5369 7449 8515 11157 3800 19067 3944 9219 13386 14505 5100 14867 11038 3669 9816 5307 1778 16917 10749 17892 7110 13563 11314 5551 14122 14865 15503 10339 17471 2770 1104 4231 17509 9511 5559 17075 13432 4632 13017 7583 4736 16478 20581 12959 9937 16481 3992 6825 7352 4524 8494 12968 7824 17174 10725 10392 15241 12638 15053 21374 17864 7595 14693 12174 14117 13494 15506 13475 4067 178 14510 22533 15371 2349 10490 3757 14015 2240 10659 13820 4962 2491 10281 3595 5678 17881 3631 5429 4657 3499 8134 16272 9783 5231 7772 1474 14611 18173 2433 3014 8858 13107 13821 5385 1933 10404 12965 13621 3092 15746 9757 13744 5545 16388 16204 11722 15444 21433 12463 20678 1902 9453 10635 13600 3360 6547 15188 13548 12150 1963 9806 6605 4863 4186 7660 12797 18470 2194 13872 15186 1146 4153 5944 5689 7749 12710 10946 20535 15279 17341 5844 3549 3547 5594 20699 10694 17007 15040 2993 16491 11868 13983 13016 13531 6166 2725 11341 18214 14241 9112 13849 10828 1517 15111 10020 3542 15807 14930 17892 16868 13844 6865 15183 7970 1680 9618 4616 6714 15305 7464 16942 12300 9584 19496 12506 2776 9691 15216 18778 14674 17646 4181 14176 9131 14600 2816 8130 2207 13346 4837 5564 9191 13648 10076 2246 12149 14832 3435 9970 12105 19565 6217 7984 11098 14538 15097 13528 18411 13040 12821 4172 4522 5444 17245 15558 2957 14287 15157 12576 13128 14521 4152 16412 3175 6846 9957 16568 1608 0 2377 15468 11784 14546 5416 2714 18288 14525 13610 11016 8140 8868 10186 9659 2033 12075 13959 3706 16927 19062 14177 1045 4673 12187 13259 18594 2804
15767 4950 11044 9551 11446 11223 5461 9730 15366 14771 7712 15212 6070 10690 11970 6739 10520 2623 16651 14149 6326 5747 4403 14635 16288 8634 16264 13262 14419 11790 10101 2388 13638 5930 16646 4094 9575 12946 11426 8304 19461 12886 5038 5210 9787 6619 3895 942 5387 3041 7351 4333 1670 10984 12165 3410 13785 9858 13009 10266 10610 11190 20246 7843 14101 14192 11531 6512 9568 15198 13206 12068 3500 8443 10802 10858 7592 15540 9302 8689 18039 740 784 15263 12635 5359 3072 3473 15257 5739 11694 10019 1517 13124 14019 6198 9352 13699 7693 14430 9344 4977 16410 9160 10149 2067 15649 11783 8238 15484 6638 14860 9254 10806 10554 10949 13035 6744 11055 10058 14555 14590 9127 15021 13717 5439 7350 6384 10733 1565 17443 4996 6942 12388 12138 2896 13245 9744 4964 8092 3678 3749 15145 8372 16564 5657 11988 9207 6610 12838 12707 15471 7996 15987 4818 1929 3895 15523 7471 6389 15314 11370 6459 10808 5207 2443 15898 18822 13223 10641 14252 1921 4473 5534 2527 9126 11111 5571 15085 8942 8015 15505 12376 14736 19686 16019 6874 14584 12123 14354 11191 13446 12496 5695 2442 14878 20905 13951 2641 10557 5192 12777 2570 8746 14098 2989 3100 8706 4777 6927 16353 1522 5581 3486 2267 7715 13938 9187 3576 7595 3045 15354 16831 3871 5357 8898 12796 12081 3227 3844 8135 10956 12122 1039 13369 8021 14207 3518 14293 15036 11084 16182 19951 11325 19008 3434 8549 9347 12046 2479 6307 14831 13335 12537 1303 8793 6293 4245 4441 7834 11258 16377 1649 12156 13702 3511 1882 3956 6570 8146 12524 8602 18833 13287 15922 5874 5562 5557 4483 19267 11417 15142 12957 5370 14175 12340 14064 11515 11601 3952 660 10807 16175 14279 6752 14309 8454 3890 13475 9965 2703 13626 14854 16277 14859 11603 6966 12823 8424 1170 8267 6054 7193 13795 6243 14855 10959 9795 17878 10673 5133 10389 14049 16762 15333 16531 5642 11799 9648 12470 4581 9264 4574 12630 3530 3352 6827 13309 9911 323 10803 15254 1970 8688 10142 18329 4360 9054 9915 14822 14674 14172 16693 10900 10456 5828 3566 6173 14978 13424 3745 11909 13585 10539 12837 12217 5081 15352 3979 5887 7781 15662 2058 2377 0 15494 10498 12223 4337 678 16629 12148 13662 11803 7617 9483 7891 7882 3101 12900 12873 4111 14872 17121 12936 1535 3749 13058 13430 17234 867
3798 19489 7314 14778 12257 20363 17012 6115 9521 10096 16443 7652 10557 11682 22350 19223 21325 13980 10358 4289 11029 19793 11324 7260 7482 6898 12599 20384 3618 21225 7217 14056 21050 10289 13559 15507 8055 6360 22095 8691 15006 10563 17973 14079 20493 10214 18976 15527 12485 15306 10388 12248 14308 4985 22343 13553 14444 5745 12621 16594 5006 5406 13554 16433 20522 15059 8693 19824 10823 1812 10685 5544 13413 9604 14876 11109 14217 17856 6346 12577 14220 15396 15768 14950 14393 11988 18549 18571 14032 19376 5440 5581 13978 7280 18554 10471 21476 2578 16844 17985 16747 11666 12306 11945 21558 14907 2397 5059 8482 14025 15659 9537 20431 7626 5816 6533 20870 12632 12244 14975 2713 7847 7916 15993 6107 10165 8151 19909 5182 16474 12824 11711 15339 6743 19540 14530 11056 8933 12151 11457 12702 14198 13022 18263 9864 11236 10459 14165 10409 8523 15953 383 19307 10877 13951 14556 19295 15367 13389 10130 13006 14347 12649 15768 16939 16726 4131 14915 2790 6360 17737 16986 17225 12447 17518 7345 12455 18709 16317 11729 17933 1547 3428 2276 14780 14152 8953 1203 3375 1813 22097 15155 6618 19149 15304 2310 15047 9674 13258 4984 12258 8211 13365 12569 2182 17890 17888 10583 12103 10640 11419 16671 10072 12240 17759 7880 23659 6819 18760 7899 16928 4679 10104 17844 16594 6637 3242 11716 14297 14035 20293 13708 9937 16404 21042 11538 3105 18174 15962 8066 5548 4760 13096 7737 14171 17330 8031 9031 10320 17955 9187 2513 2511 3786 16521 8210 9207 11271 11315 7810 10157 17101 13978 11547 10099 15385 16540 13507 10069 7772 3134 16950 14367 14360 10322 9698 13603 13595 11389 12219 5901 13914 15188 16000 19287 4260 1500 9916 13180 14496 14928 5406 16322 1227 18245 3053 18687 15484 11234 5530 12796 16708 882 12140 15261 16542 8629 19701 7602 16209 9689 11699 8809 10327 10326 16163 8941 5896 13013 12186 16364 6523 7851 16393 4127 8198 12018 20324 6613 15512 13338 8810 16055 5128 12335 17547 16712 2997 5603 15197 8988 2590 13647 9244 13122 10045 12951 8708 8359 1823 2945 4180 13289 14998 20348 12401 19059 10152 18799 16006 18415 20358 10749 13853 3145 17898 11446 7361 18638 10090 14499 6334 14065 15468 15494 0 8712 18294 11471 14899 12702 20281 1858 5944 8066 7001 19867 11776 17494 5619 7230 11776 15789 15763 8236 15925 19242 5814 2315 10447 14717
11427 12796 1399 6109 3740 11773 14573 4094 4928 4493 8165 4782 9223 3024 13844 11578 12956 8047 6256 10621 4203 12756 6402 4265 5921 5105 6607 11672 5679 12634 9453 10432 12339 8635 7316 8475 9829 3026 13652 2522 9884 3130 14876 6692 12165 3914 14390 10027 5466 12030 10276 9769 10195 4338 13805 10602 6381 6596 4633 7911 5033 8631 10043 8123 11831 7015 1057 16650 2162 9686 3435 9790 10511 2057 6169 2501 5914 9682 6728 4030 8565 10023 10345 7370 5977 5262 13030 12465 6749 15956 3284 6603 9213 2787 9972 9245 13434 6136 8598 9529 8167 9607 6593 3318 13310 11123 7363 3687 2789 6867 7648 4451 12222 10554 8274 9620 12166 4796 3635 6274 6347 4126 9189 8040 3769 7395 6066 12592 4310 10723 7577 9687 7227 2414 10837 8219 3678 754 10212 3235 6830 11487 6067 9980 6109 4844 2442 5523 9600 2347 7395 8448 11260 5772 11935 10681 14247 7779 5156 8973 6162 5696 11838 7057 9503 10525 6672 9402 8321 9087 9276 11189 10123 5350 11532 8416 3848 11422 8314 3160 9703 9739 5569 6744 9962 7245 4585 7509 6397 8858 13700 6854 2560 15836 11689 9771 10968 3637 9545 6424 10522 2282 9642 4009 8884 11753 13558 2276 9990 10178 6238 11024 7506 7163 12420 4902 15023 3657 12710 5729 13126 11767 6389 14088 14249 6203 5550 3488 7873 11394 12384 5033 2179 11019 12332 3331 9767 11802 7775 4557 3378 12324 9694 1125 9242 13571 2815 1155 2379 12788 6176 6650 6279 8513 11792 2281 6005 7013 8312 6806 1768 9375 9633 3383 3557 12359 10613 6943 9098 7519 5976 8507 9187 6139 5581 7074 12100 12089 6194 8931 9462 6612 6757 13858 10668 8793 7996 1724 4632 7643 9838 3813 8734 7946 10421 9821 10433 12650 3941 5831 8248 8244 7830 6427 7423 7841 6801 10990 7715 11594 2233 10604 7873 3727 4325 8116 582 6892 7979 3516 13972 8977 3581 9040 11374 6074 10618 11671 8074 6951 11205 10325 13449 3686 7034 11049 8696 5716 5368 10316 477 10263 8594 1821 4410 7833 6386 10022 842 9366 6271 10558 7220 6294 11871 11158 13588 8734 10348 7583 14197 11697 3755 5147 5660 9195 9408 4973 14436 4989 6142 5546 10187 11784 10498 8712 0 9585 6370 9822 6917 11600 7631 9904 4625 8420 11951 3584 13430 10624 2575 8757 7829 8814 2440 11653 13758 10914 8022 6810 9637
20872 10396 10981 3766 6209 3480 17683 13081 11107 10131 4517 12496 15402 6636 5565 7429 5547 10066 11635 19867 9014 9609 11163 12378 13566 13432 9396 2107 15086 4109 17614 13909 2780 14864 9008 8130 17660 12207 5717 10358 11250 8448 17165 7398 5229 9764 14941 11293 8351 15151 16870 14737 13235 13734 5376 14710 5387 15274 6576 2138 14234 17406 13358 4382 2326 5169 9689 18336 7528 19229 8516 18612 14712 9170 3419 7226 5323 4306 15143 6034 10085 11483 11533 6344 4577 8865 12699 11376 7142 17535 12868 15344 12028 11486 2010 15493 7171 15716 4596 2866 2885 15025 9791 6490 6318 14074 16782 13266 10693 7379 5600 10675 5782 18715 16893 18081 2751 7096 6128 3422 15845 11869 16987 5175 12753 13466 13533 8833 13640 11169 10495 15096 5367 11694 1588 9478 8199 9447 15447 7366 10008 15438 7921 4525 11945 9424 8143 4416 15989 10271 2992 18023 5948 10552 16379 13745 14174 6263 5983 15399 8096 4049 17355 2541 7333 10311 15747 10510 17718 17557 2836 11296 8321 8250 11127 16403 5927 8343 4967 6764 4713 19304 15108 16262 11707 7833 11589 17092 15815 18376 5965 4404 11835 17581 14573 19270 13105 9888 13403 15397 15793 10522 13436 6019 18364 10958 14770 8000 15177 16572 10466 11470 13672 11091 12649 12666 5947 12412 11609 13379 15186 21087 12023 15848 17559 14519 15127 6970 9235 15455 6995 4625 8686 11881 2833 7321 19159 10540 4426 12026 12887 21719 13326 10574 11309 15514 11080 9444 8297 13118 12906 16136 15860 17724 13216 10656 12715 11982 13605 14471 8229 5869 12713 7166 9351 15620 10830 8943 15597 15225 15503 3650 10941 5066 10948 13473 16945 16937 10831 13140 18134 7131 3980 17501 1959 17902 17547 8518 5326 8432 11823 13217 6222 17517 6424 19224 4776 16003 8180 14681 11981 3039 17412 9791 5647 1774 13953 1433 15522 13271 9163 16361 14994 9211 10010 4845 9368 15490 10844 6129 17322 17374 11503 6867 20750 13238 16127 2880 16370 3300 15834 17871 16750 13210 10793 9955 5489 15300 14266 12306 9312 19763 11452 9461 5178 13718 8960 17558 10024 18895 15730 19820 9281 3298 4275 16578 13104 15088 3048 3535 15323 2828 8694 4441 15235 465 14941 12841 15498 10906 5014 13897 13507 14546 12223 18294 9585 0 10955 11835 9696 2533 17168 18610 12310 16566 6744 7158 15040 19527 11424 13772 5192 7784 10569 13753 13184 19802 17492 12173 11760
12339 8048 6759 7451 8145 11257 8301 5492 11297 10804 7017 10969 4453 7274 12698 8326 11371 2527 12619 10858 2540 8448 224 10374 12014 4589 12598 12556 10110 12024 7384 4097 13092 3935 13121 4465 7169 8634 12269 4019 15879 9086 8514 3815 10522 2472 8194 4136 2607 5694 5938 3976 3825 6743 12802 4435 10832 6148 9662 8818 6482 7913 16353 7094 13180 11350 7425 10280 5926 11432 9414 8996 4372 4378 8490 7271 5639 13284 5695 5741 14483 4047 4413 12228 9838 2134 7236 7110 11998 9589 7362 6293 2910 8870 12358 4549 10891 9488 7247 12465 8247 4132 12679 5919 11314 4756 11401 7463 3920 12194 5866 10814 10216 8367 7280 8086 12621 3989 7783 7938 10294 10372 6546 12307 9398 2599 3624 8705 6498 5041 13705 4207 5851 8091 11440 3157 9524 5622 4624 4679 1367 5314 11673 8479 12479 1847 8203 6898 5050 8711 10416 11404 8922 12064 5977 4314 8225 12556 5074 4484 11821 8758 6520 8858 6064 5256 11573 15301 9480 7646 12243 5554 6043 2716 6061 6196 7899 7549 12453 5627 8086 11695 8204 10503 16039 12692 2586 10475 8111 10546 12146 10755 8192 9467 5325 11194 17163 9957 3241 6723 4975 8613 3329 5790 10341 6422 7276 4968 4357 5623 12484 5269 2813 851 6501 3592 14463 4899 7308 3736 6763 12125 12759 7729 8009 5158 8587 8584 3006 5254 9613 8180 8228 5085 12913 4643 10656 6706 11700 10829 6764 12918 16022 7089 15335 7208 4215 5219 8229 6786 2596 10578 9176 8965 5575 4485 2481 1031 2678 4408 7426 13731 3268 8611 9783 6054 5079 2491 4689 5002 8399 7867 15213 10382 11926 2748 6354 6344 182 15284 8381 11870 10360 7689 12747 8886 10115 7628 8564 3484 3693 6520 13353 10289 7656 10752 8774 6370 9775 6041 1878 11404 10764 12529 11968 9780 3606 11968 5323 5335 4208 5442 4393 9910 2048 12220 6884 6182 14129 7414 7733 7409 9839 13860 11991 12296 5253 11588 6473 10072 5300 7194 7184 8295 868 6101 6668 9080 5885 4100 6733 11621 2367 4554 7260 14172 2159 6898 5702 11050 10396 10857 13111 8618 10806 5744 7776 4173 13162 11008 7903 11673 9786 7878 8639 10786 4021 11087 8143 1550 5942 11346 3827 5416 4337 11471 6370 10955 0 3669 12947 11786 9698 8835 3417 6479 9232 4614 7096 9914 8615 2931 12126 14009 8775 5319 7957 10134 9584 13179 3478
15269 5228 10367 9039 10828 11010 5873 9089 14695 14106 7344 14534 5723 10060 11875 6723 10432 2015 15983 13668 5655 5945 3743 13957 15611 8021 15624 12958 13764 11613 9679 2335 13358 5527 16018 3743 9192 12270 11345 7627 18831 12231 5571 4685 9670 5941 4573 868 4753 3321 7070 4080 1579 10344 12056 3334 13208 9297 12391 9838 9990 10698 19589 7471 13771 13627 10857 7113 8918 14645 12552 11610 3401 7768 10277 10215 7070 15046 8753 8086 17410 636 954 14681 12069 4701 3651 3871 14653 6351 11030 9457 950 12446 13591 5851 9370 13067 7360 13966 8950 4690 15764 8537 10110 2261 15010 11124 7563 14877 6235 14190 9169 10431 10059 10514 12771 6136 10438 9548 13913 13912 8714 14473 13041 4917 6770 6510 10094 1796 16797 4719 6506 11712 11827 2394 12597 9069 4757 7451 3008 3822 14521 8134 15892 4983 11333 8670 6288 12163 12197 14868 7885 15326 4872 1996 4556 14948 6904 6013 14687 10818 6382 10324 5005 2518 15238 18197 12669 10185 13782 2252 4375 4900 2856 8665 10499 5603 14546 8312 7765 14946 11751 14100 19051 15410 6220 13972 11524 13793 11126 12895 11819 6292 2739 14338 20261 13283 2346 9982 5017 12101 2298 8144 13545 3305 3759 8047 4545 6651 15696 1874 5072 2820 2872 7088 13823 8536 4007 7001 3598 14885 16160 4470 5728 8329 12164 11448 2696 3891 8125 10385 11460 1514 13101 7381 13686 3779 13755 14359 10425 15711 19291 10647 18370 4009 7878 8671 11388 3123 5717 14191 12713 12008 1972 8117 5691 3631 3988 7295 10599 15840 1318 11519 13039 3793 2033 3356 6202 7646 11908 8245 18199 12713 15255 5335 5580 5574 3813 18603 10960 14536 12414 5674 13778 11828 13479 10852 11008 3462 33 10157 15618 13688 6610 13787 8250 4177 12828 9375 2107 13127 14246 15629 14291 11140 6423 12494 7933 1804 7593 5854 6722 13135 5565 14315 10285 9248 17232 10055 5488 9933 13371 16197 14847 15853 5461 11555 9159 11946 4538 8924 4916 11964 2855 3478 6515 12674 9306 534 10130 14723 1305 8012 9555 17654 3728 8699 9237 14267 14027 13687 16060 10380 10285 5704 4167 5778 14535 12903 4403 11662 12931 9977 12207 11807 4768 14674 4639 5219 7275 14987 1948 2714 678 14899 9822 11835 3669 0 15988 11885 13074 11359 6979 9017 7852 7249 3721 12459 12196 3709 14320 16535 12260 2049 4350 12627 12861 16565 192
16297 17540 7422 8457 5325 13068 21248 10598 3181 2774 11403 5061 16140 5966 15228 15346 14965 14015 2623 16045 10468 17151 13028 5452 5537 11853 372 11514 9105 13779 15985 17037 12119 15551 967 13542 16481 6844 15312 9414 2968 3876 21385 11796 14423 10508 20391 15963 11243 18627 17170 16612 16683 10283 15057 17341 4326 13036 3864 9424 11173 14817 3884 11286 11082 4548 5956 23065 7087 14283 3549 15844 17263 8634 7418 5773 9815 6728 13310 8108 1685 16026 16285 3535 5354 11304 18645 17741 2583 22322 8703 12997 15570 5899 8644 16162 16219 10526 11802 7654 10344 16494 398 7516 15623 17640 10445 9072 9701 2373 11609 3231 14793 17029 14611 15973 12328 9959 5713 8157 10011 4881 15880 4883 6758 14293 12953 16672 10383 16434 873 16574 11110 6824 11284 13923 3424 7562 17093 8538 13030 18228 1831 12769 3116 11181 4746 8349 16513 5040 6724 12331 14363 1831 18762 17203 20030 3797 9517 15888 1641 6495 18751 8176 13920 15961 8820 2512 13643 15469 7486 16819 14823 11097 16997 15077 5720 15704 5208 7704 12687 14157 10806 10436 3092 2063 11487 11700 11924 13695 15514 5296 6869 22242 18217 14589 4279 3505 16188 12638 17411 5319 16277 8051 13878 17084 19725 8007 16862 17087 1325 16764 14412 13644 18195 11791 15565 10365 18002 12603 19513 16949 3006 20435 20954 12871 10488 4574 13560 18151 15583 6456 4789 16906 12306 8609 14947 16947 5418 4636 9253 17275 3741 6814 2390 19946 9725 7934 4729 18624 13091 10189 11010 14193 17923 9198 12917 13737 15154 13637 5529 5288 16094 4482 3396 18999 16227 12711 16010 14310 11194 11160 2278 4716 2400 13986 18974 18964 12766 3448 15672 2575 5760 20611 9441 14600 12743 5361 5540 13041 15997 9850 4471 12533 14092 14963 13204 19318 3177 12223 14776 6774 11940 572 4198 8254 13702 10964 14471 17790 8791 17519 14755 3203 10941 5203 6336 13357 1300 6077 20677 15411 4998 4223 16450 4896 17524 12559 14621 6495 18040 17050 20131 8270 13451 16184 12382 10292 11774 16516 6460 15027 14907 8549 6923 4355 12270 16760 7750 14084 9762 15956 637 7428 13670 18063 19183 15651 8269 6177 20369 12516 3191 6936 10594 9239 16301 5376 20599 11749 9819 6497 16744 18288 16629 12702 6917 9696 12947 15988 0 12229 12528 16056 11530 15016 15203 8753 19707 16534 6081 15576 4768 3309 5196 17976 19330 16822 13162 2917 15821
22617 9339 12996 5503 8503 1293 17550 14758 13565 12590 4784 14879 16205 8795 3079 6265 3370 10382 14141 21496 10252 8418 12007 14718 15976 14906 11929 1379 17224 1641 18869 14129 1517 15714 11535 8167 18813 14384 3316 11975 13719 10824 16843 7994 3348 11076 14297 11208 9284 15177 17705 15274 13403 15543 2867 15028 7918 16770 9038 3689 15946 18875 15875 4698 2376 7698 11845 17795 9461 21083 10920 20071 15053 10854 5605 9395 6459 6515 16564 7739 12587 11427 11395 8856 7067 9848 11998 10598 9672 17006 14843 16859 12269 13728 4062 16309 5221 17717 4624 5096 3691 15657 12323 8338 4201 14142 18921 15222 12284 9907 5959 13117 4012 19939 18320 19422 887 8294 8362 5334 17937 14233 18153 7647 14980 14378 14783 7549 15421 10868 13026 15720 5936 13838 945 9693 10620 11350 16003 8977 10643 15662 10451 3786 14438 10518 10434 6122 16813 12552 5519 20033 4675 13061 16671 13872 13416 8754 7256 16267 10628 6380 17877 4660 6958 9942 17991 12983 19461 18915 5141 10880 7822 9215 10583 17647 8176 7388 7413 8565 4134 21191 16991 18341 14186 10355 12894 19079 17597 20206 3610 6936 13984 17092 14582 21076 15579 12296 13768 16990 16337 12782 13781 7740 20161 10321 14316 9755 15739 17367 12989 11130 14591 11741 12111 14049 3500 14056 10801 14684 14929 22744 14526 15465 17486 15937 17064 9321 9530 15707 5423 6867 10967 11608 1223 8912 20882 9818 6927 14419 14777 23420 15851 12652 13810 15203 12705 11281 10587 12563 14024 18237 17802 19366 12953 12344 13845 12772 14314 15714 10419 8186 12945 9518 11762 15650 10511 9484 16473 16440 17370 3919 13436 7586 13443 14466 17311 17303 11692 15673 19547 9663 6504 17518 3531 19492 19425 10730 7669 8746 11867 15043 8631 19425 5598 20954 3785 16031 10622 16253 12465 5533 19403 12321 8159 4144 15097 1463 16752 13071 10814 16999 16066 11636 11242 7312 11462 16953 13372 8297 17272 18712 13838 9257 22447 15680 16713 498 17709 5806 16208 18932 16720 15279 11445 9374 5396 17288 15869 12294 11386 21566 11778 11182 7238 16230 9653 18627 11927 20734 17846 21458 11810 5509 2297 17115 12322 15956 4974 6063 14807 387 11123 6586 17169 2992 15608 15216 14953 12053 6137 16239 13722 14525 12148 20281 11600 2533 11786 11885 12229 0 19029 20025 13701 17853 5303 8706 14673 21001 13642 14397 7681 10220 12844 13622 12370 21264 19288 14686 11849
3871 17738 6275 13544 11320 19024 15183 4487 9387 9802 14994 7635 8716 10654 20950 17599 19869 12219 10405 3566 9441 18077 9542 7126 7751 5110 12374 19230 3619 19883 5552 12199 19889 8437 13313 13833 6377 5791 20666 7196 15063 9904 16127 12478 19026 8603 17121 13718 10870 13450 8608 10394 12457 3499 20960 11697 13721 3887 11891 15363 3311 3744 13905 14995 19442 14351 7815 17982 9641 2061 10075 4144 11557 8212 13771 10113 12807 17122 4489 11291 14133 13582 13954 14392 13524 10351 16723 16777 13540 17527 4386 3723 12148 6760 17598 8632 19919 2027 15382 17113 15425 9815 12131 10715 20058 13050 3236 3968 6949 13566 14148 9299 18927 6106 4071 4960 19663 11144 11255 13786 2832 7664 6171 15328 5770 8312 6313 18228 3649 14672 12775 9861 13858 6025 18332 12792 10436 7722 10307 10092 10959 12347 12586 16798 9943 9588 9652 12912 8587 7916 15011 1928 17767 10750 12119 12700 17449 14814 11975 8289 12597 13327 10864 14627 15302 14953 4731 14882 1313 4705 16861 15183 15538 10843 15724 5553 11467 17033 15638 10471 16455 2170 2063 2552 14898 13762 7225 1388 1596 1238 20648 14346 5926 17301 13446 2164 15332 9248 11404 3129 10421 7595 11510 11289 1354 16104 16032 9274 10254 8842 11311 14862 8217 10448 15929 6109 22342 5211 16962 6074 15070 4425 10213 15987 14767 4786 2149 10887 12574 12185 18712 12662 9163 14583 19855 10166 2422 16404 15208 7973 4281 4822 13451 6790 14244 15472 6499 7753 9525 16117 7358 2829 1523 2247 14675 6754 7386 9453 9459 5952 9233 16528 12134 10735 9604 13532 14749 11812 8234 5922 1665 15556 14392 13576 10231 7847 11791 11782 9625 12557 4366 13414 14317 14178 18298 2754 423 9037 12233 12815 13104 3988 15783 631 16664 2435 17210 13636 10643 3699 10969 15826 1476 11957 14627 15448 6774 18549 5761 14361 8276 9883 6957 9837 8676 15466 7956 4041 13019 11147 14534 4838 7538 15927 3941 8446 10192 19038 4816 14566 11497 7136 14216 4392 10556 15792 15188 2238 3813 13362 7974 2649 11833 7867 11996 10467 11269 7004 7144 1735 3123 3469 13075 13899 18944 10587 17228 8304 17932 15144 16557 19079 10201 12754 2035 16794 9594 7403 16780 8364 13103 6561 12211 13610 13662 1858 7631 17168 9698 13074 12528 19029 0 4511 6320 5222 18291 10393 15636 4469 6646 9918 15120 15399 7655 14072 17411 4718 735 10601 12895
4207 16510 8858 14845 13559 19727 11818 5818 13093 13284 15466 11560 5871 12727 21375 17157 20110 11205 14273 2516 9779 17079 8622 10966 11917 5181 15837 20521 7881 20546 1756 9796 21135 5889 16713 13300 2497 9248 20987 8302 18818 12807 12978 12440 19253 8949 14634 12159 10905 10665 5099 7731 10283 5794 21449 9017 16282 3374 14532 16574 4943 1274 17990 15509 20936 16915 10503 14740 11407 4577 13054 409 8877 9516 15429 12309 13566 19529 3471 12590 17727 11965 12311 17244 15784 10327 14809 15230 16541 14425 7353 3334 10417 10166 19478 5751 19724 6258 15776 19212 16336 7063 15669 12239 20112 10592 7747 6986 7953 16624 14412 12883 18998 1708 1717 874 20780 11732 13374 15210 7232 11414 2730 17942 9513 6531 5322 17447 5727 13135 16456 7077 14264 9233 19490 11918 13373 9650 7367 11248 10200 9430 15722 17116 13860 9591 12295 14195 5475 11074 17026 6188 17722 14405 8891 10349 15191 17659 12778 5489 15775 15235 7259 16140 14899 13674 9178 18528 3233 1195 18961 13610 14837 10940 14208 2705 13576 16328 18211 11935 16733 4976 5415 7020 18726 16926 7137 5893 4269 4145 20893 16698 9187 14166 10839 4052 19332 12577 9210 3493 7347 10773 9298 12610 3774 14647 13505 10710 7421 5461 14968 13233 6347 9327 13986 5978 23028 6359 15360 5363 12363 3595 14150 13166 11395 4098 5856 13392 11817 9258 18448 14547 11915 12828 21027 11290 3134 15074 17642 11802 6840 4428 17546 9477 18035 12702 7606 9491 12204 14051 6257 7287 5632 2265 12520 8096 6399 8147 7373 4444 11671 19278 10156 13285 12805 10609 13314 11307 5339 3843 5098 16208 18121 16019 13950 6199 8369 8362 8849 16652 478 16406 16532 10771 20074 1758 4638 11590 14387 12316 11391 6264 18622 4982 16476 3230 17459 10605 13619 4083 9375 17953 5928 15490 17326 17051 5231 19866 3526 12180 9494 6590 4650 13031 8800 18008 10403 3130 16759 13152 11204 1441 11145 18891 3682 12569 6991 19922 2372 16593 8424 3158 11013 7859 9544 14616 15339 6255 4542 11481 10356 4197 10344 9277 13713 14673 10891 3175 9156 4322 7516 2574 16527 15567 19418 7230 15237 5660 20016 17343 13922 19988 13277 14492 5774 18313 6890 11398 14118 8068 13888 10748 9948 11016 11803 5944 9904 18610 8835 11359 16056 20025 4511 0 6329 2377 18064 11453 13008 1101 9975 7696 17732 18552 10881 11736 15412 1299 3800 14570 11213
9254 11426 4320 8547 7755 13441 10510 2114 9229 8989 9208 8440 4642 6859 15170 11370 13965 5915 10573 7925 3479 11758 3285 7800 9341 1286 11226 14197 6843 14272 5338 6688 14808 4070 11940 7551 5507 5895 14816 2280 14491 7749 11076 6345 13109 2632 11347 7529 4743 8200 5651 5489 6711 3368 15224 6554 10584 3111 9011 10253 3067 5178 14450 9241 14632 11190 5580 12933 5429 8140 8058 6370 6437 3432 9221 6574 7243 13606 2863 6329 13187 7420 7791 11767 9877 4182 10607 10527 11263 12330 4259 3221 6112 6401 13287 4653 13794 6092 9543 13119 10011 5190 11196 6071 14050 7500 8032 4263 1932 11405 8209 8824 12920 6454 4620 5772 14451 5415 7493 8934 6939 7952 4833 12218 6587 3002 1457 11929 3117 8452 12159 5266 8012 5468 13162 6473 8287 4060 5801 4982 4641 7394 10660 10921 10322 3412 6999 7901 4985 6669 10935 7989 11693 10265 7634 7085 11502 12155 6450 4365 10766 9140 7283 9875 9066 8663 8358 14024 6236 5249 12872 8965 9238 4750 9478 4155 7675 10741 12444 5755 10549 8375 4791 7122 14547 11817 921 7058 4725 7240 14751 10820 5529 12159 8006 7955 15490 8144 5792 3502 6079 6470 5901 6353 7069 9838 10338 4588 5612 5557 10768 8669 3057 4216 9847 357 16758 1644 10725 1162 9598 9198 10621 10569 10143 2236 5189 7834 6255 7270 12551 8462 6799 8450 14698 5014 7522 10110 11790 8420 3582 9940 14067 4846 13826 10037 1810 3752 6961 10095 1705 7214 5762 5873 8767 2352 1586 3397 4111 2301 6241 13623 6263 7781 8145 8435 8496 5515 4481 3063 4982 9914 13790 10236 9988 2594 7675 7665 3327 13246 5851 11126 10569 9673 13840 5903 6741 6295 8472 6530 7005 3220 13071 6897 10516 7611 11292 8660 8551 2767 4936 11899 7348 11026 11700 10799 2175 13545 3321 8486 3361 6047 3258 8329 2540 12225 5207 3263 12548 7207 9872 5064 7471 13455 8979 9751 6110 13608 4061 10519 6902 5883 9405 5213 4285 9482 9193 5695 2526 7344 5095 8408 5686 3301 7575 11792 4991 5568 3785 7758 7063 7903 11844 9359 13187 6645 11137 4142 13902 11345 10930 13671 8380 8338 5235 12029 4972 8477 11167 2051 7564 8493 6566 8140 7617 8066 4625 12310 3417 6979 11530 13701 6320 6329 0 4278 12141 5157 10053 7302 6141 4603 12014 13340 6625 8332 11320 7563 6268 11062 6790
6319 14143 7607 12811 11893 17495 10052 4423 12269 12292 13223 10975 3730 11020 19088 14792 17801 8828 13541 4673 7609 14704 6264 10340 11552 3348 14757 18418 7856 18302 1063 7574 19016 3633 15573 10940 1481 8460 18686 6453 17894 11487 11090 10142 16946 6814 12479 9804 8642 8585 3388 5561 8008 4891 19171 6875 14692 2035 13021 14489 3981 1777 17384 13274 18885 15313 9182 12914 9627 6111 11766 2597 6733 7656 13498 10668 11409 17817 1709 10606 16700 9615 9966 15776 14071 8064 12516 12886 15167 12521 6486 2118 8070 9276 17564 3623 17370 6389 13516 17380 14178 4913 14646 10339 17780 8396 8227 6207 6094 15279 12142 11976 16672 2184 1211 1608 18630 9570 11664 13206 7434 10693 1004 16345 8901 4157 3070 15070 4730 10782 15518 4941 12021 8291 17361 9545 12051 8028 5309 9259 7840 7394 14441 14833 13183 7351 10861 12168 3466 9976 15193 7136 15388 13499 7015 8119 12975 16180 10647 3315 14519 13397 5648 14150 12542 11304 9337 17525 4268 1183 17133 11263 12463 8688 11858 374 11856 13953 16591 10024 14447 6478 5188 7358 17865 15635 4984 6538 4224 5412 18581 15006 8282 12278 8694 5682 18618 11513 6928 2664 5359 9704 7021 10631 5079 12292 11356 8837 5314 3643 14048 10891 3977 6952 11694 3922 20777 4763 13023 3189 10269 5871 13483 11123 9631 2222 5706 11851 9449 7224 16091 12714 10552 10499 18890 9290 4882 12710 15970 11126 5838 6699 16959 8226 17154 10635 5821 7801 10792 11784 3925 7583 5786 3354 10261 6355 4080 5771 5043 2145 10166 17725 7842 11770 11653 8589 10953 8962 3205 1478 5024 13993 17189 14380 13107 3822 6617 6609 6501 16081 1950 15030 14787 9027 18117 3017 5514 10143 12663 9963 9049 5235 17123 5828 14132 4987 15163 8637 12308 2838 7009 16149 6686 14468 15781 15076 2875 17775 1156 9925 7605 4725 2294 11867 6614 16378 8968 1710 15861 11403 9411 937 10333 17454 5860 12134 5071 17725 449 14772 6452 2151 9142 7217 7172 12243 13043 6221 3262 9162 8893 5976 7976 7471 11839 14270 8564 1924 7607 5772 7684 4701 15424 13636 17147 5420 12961 3429 18169 15577 11813 17796 12035 12607 5663 16295 4717 10882 12020 5815 11732 10454 7691 8868 9483 7001 8420 16566 6479 9017 15016 17853 5222 2377 4278 0 15711 9428 10890 3475 9050 5397 16137 17225 9835 9516 13138 3674 4687 13921 8866
21390 4108 13182 6797 10241 4059 12946 13804 15516 14612 3937 16305 13158 10040 4134 1168 2691 7029 16453 19999 8851 3139 9447 15947 17483 13427 14847 6667 17477 4309 16601 10185 6771 12793 14759 4779 16323 14978 3565 11186 17357 12563 12042 5818 2113 9689 9246 7026 7431 10875 14628 11793 9428 14883 4360 11185 11075 15196 11422 5901 14986 17101 19077 4026 7657 11135 12613 12768 9926 20225 12780 18212 11248 10406 7788 10561 6076 11016 14820 8063 16037 7268 7109 12399 9909 7970 6961 5543 12926 12001 14728 15323 8520 14621 8740 13279 1662 17480 3501 9593 4885 12322 15168 8835 2260 9957 19087 15020 11385 13183 4310 14998 1461 17547 16478 17317 6096 7304 9928 7050 17992 15609 15730 11505 15713 11693 12787 2253 14691 6387 16071 12368 4725 14364 5773 6273 12598 11411 12510 8733 7872 11631 13382 2454 16608 8742 11861 7057 13769 13704 8931 19704 848 15462 12696 9796 8294 12453 6797 13342 13574 8708 14224 7102 3172 5458 18606 16618 18364 16876 9533 6233 3491 7450 5791 15424 9826 2391 11385 8887 2518 20426 16438 18326 17753 13716 11224 18725 16716 19320 3308 10260 14510 12122 10284 20078 19145 14045 10095 15643 12801 13831 10073 8101 19180 5433 9446 9693 12272 14234 15575 6567 11901 8826 7236 12431 6124 13082 5709 12825 10260 21273 16780 10635 12958 14234 16668 11142 6300 11717 433 8801 12292 7100 6431 8638 19662 4866 10689 15928 14414 22043 18942 13074 17233 10460 11836 11168 11994 7648 11809 18301 17375 18002 8369 11685 11674 10006 11228 13625 11489 12466 9116 11315 13575 11331 6037 6758 13549 14233 16747 4043 16918 10601 15682 11938 13423 13418 9215 18548 17606 12867 9714 13108 8481 17991 18712 11833 9743 5748 7825 14471 12667 18807 1628 19752 2058 11693 12709 14907 9136 9455 19044 15108 11759 7322 12837 6528 14555 8566 10288 13593 13575 13535 9645 11211 12075 15286 16480 9669 12781 16640 15109 13329 21093 17396 13230 4828 15696 8980 12390 16242 12273 15431 8576 4641 3255 17036 14630 8121 11946 20539 8237 10775 8576 18516 7204 15970 11908 19847 17985 19988 14958 7786 3073 13524 7205 13053 9770 9684 9859 4949 13096 8337 16753 7018 12343 16585 9974 10137 5898 17382 9800 10186 7891 19867 11951 6744 9232 7852 15203 5303 18291 18064 12141 15711 0 8384 9886 19137 14451 11144 11456 14109 13946 9180 7228 19361 18350 17057 7885
13915 9362 4802 3392 3611 8632 12733 6053 7832 7098 4694 8183 8743 2812 10576 7995 9564 5263 9021 12798 2137 9241 4763 7740 9357 6278 8386 9086 9119 9490 10482 8523 9714 8159 8771 5077 10581 6605 10321 3270 11582 5097 12726 3258 8743 2706 11645 7213 2496 10070 10116 8578 8072 6894 10575 9009 6221 8128 5168 5136 7246 10256 12434 4673 9483 6736 4356 14352 1808 12430 5403 11461 8957 2182 4123 2997 2445 8771 7985 1211 10162 7273 7535 7634 5231 2640 9986 9226 7473 13597 6437 8204 6901 6325 8173 8812 9897 9277 5112 8098 5048 8668 8545 1324 9847 9032 10759 6769 3582 7685 4074 7303 8737 11593 9736 10927 9403 1301 3230 3778 9685 7494 9904 7699 7353 6737 6432 9031 6752 7726 9576 8747 3673 5989 8089 5192 5401 3029 9199 350 4353 9871 7277 6522 9022 2775 4214 2745 9276 5577 5957 11567 7715 8240 10586 8607 11326 7951 1628 8648 7441 4217 11063 4723 5954 7346 10223 10952 10762 10401 7861 8139 6640 2349 8382 9282 3322 7876 7854 1067 6215 12563 8395 10044 11804 8205 4482 10592 8917 11542 10330 6157 6133 13529 9608 12395 13031 6342 7748 8298 9547 5637 7822 1248 11479 8533 10974 1311 8937 9880 8556 8051 6922 5138 9483 5514 11955 5350 9482 6250 10809 14042 9259 11713 12480 7361 8534 4200 4828 9826 8817 3598 4459 8165 9629 254 12177 8496 7112 7875 6229 14714 12165 4699 11128 11235 3999 2811 4298 9900 5932 9994 9267 10664 9172 3652 5735 5586 7210 7364 3570 9125 7478 4274 6002 10478 7547 3960 8829 8127 8754 5175 10951 5768 8257 6631 10966 10956 4443 11537 10977 7350 5788 12217 8696 10805 10799 3881 3954 4390 7256 6414 8739 10830 6839 12251 6961 10824 5619 7567 6260 6945 10917 8418 7356 5652 6928 8423 8414 9046 2121 9919 8014 6056 3037 7622 3781 8336 10012 2850 12208 10220 6961 9251 13741 9398 9786 8676 9218 5575 9913 10856 11641 7076 4897 7728 5130 8834 7172 7780 3639 12882 6231 2535 2669 10893 3522 10539 3543 12072 9655 12759 8811 4260 8573 10298 10535 8349 8852 6480 11617 8725 5781 3349 8631 6871 8527 8422 11847 3990 2723 9100 8188 9659 7882 11776 3584 7158 4614 7249 8753 8706 10393 11453 5157 9428 8384 0 10970 12381 6133 7522 7515 9440 5772 9261 10692 12653 10609 9626 7087
17171 6081 13849 12587 14544 13626 3147 12137 18338 17782 10533 18065 7168 13781 14013 8726 12576 5721 19641 15491 9324 7087 7104 17467 19103 10873 19343 15880 16887 14082 11251 3445 16187 7287 19739 6978 10564 15700 13435 11114 22552 15936 2172 8278 11948 9517 1669 3901 8474 2355 8015 5331 3348 13366 14245 4014 16878 11750 16108 13173 12854 12666 23287 10672 16772 17276 14477 3418 12630 16930 16258 13336 4156 11393 13849 13934 10645 18539 11151 11789 21131 3775 3607 18357 15720 8409 3112 4432 18358 2638 14280 11914 4216 15966 16905 7281 11092 15983 10449 17381 12196 5978 19480 12256 12056 2596 17967 14313 10998 18584 9539 17841 11336 11701 12069 12134 15552 9844 14153 13089 16911 17467 10283 18089 16453 7369 9443 7926 13111 3871 20513 5953 9890 15172 14784 5968 16310 12676 5641 11171 6695 3612 18240 10901 19530 8631 15038 12272 7533 15776 15734 17525 10201 19014 4404 2982 2505 18612 10561 7576 18408 14446 6316 13802 7769 4755 18410 21917 14991 11945 17214 3795 6855 8621 4121 10516 14211 7501 18143 12033 10582 17274 14627 17039 22771 19120 9446 16707 14191 16150 13151 16518 15268 2608 2202 16540 23979 16951 4293 12514 5687 15693 4184 11847 15853 4453 601 11746 5593 7611 19395 3576 7440 6274 2655 10072 16004 11689 4338 9756 681 16599 19804 808 3264 10875 15090 15169 6310 3783 10025 14046 15147 3164 15893 11101 15769 5022 17350 17922 13625 17431 22982 14185 22090 603 11256 12274 15089 2279 8509 17167 15547 14181 1870 11569 8553 6699 6194 9685 14295 19432 3848 15240 16725 2517 4214 7057 7699 9782 14712 11391 21920 16378 18925 7844 5141 5142 7264 22280 12696 18243 16022 3616 16999 13895 16012 14540 14700 7000 3714 13270 19251 16267 9094 15874 10894 2680 16544 12031 5244 16633 16947 19344 17945 14561 8881 15502 10002 1931 11218 6513 8747 16827 9114 17915 13918 11615 20947 13771 3165 11701 16933 19844 16676 19392 6084 14279 11159 15514 4660 10060 2819 15232 6395 5322 9558 15627 12073 3191 13763 16858 4848 11609 13239 21255 7449 9934 12792 16570 17063 15534 19781 13943 12760 5988 3162 7470 17890 16463 925 14395 16637 13623 15114 15076 6172 18180 1144 8602 10817 18398 3496 2033 3101 17494 13430 15040 7096 3721 19707 14673 15636 13008 10053 10890 9886 10970 0 14055 15710 5722 17945 20217 15854 1779 3262 14158 15291 20215 3886
3278 17611 9499 15764 14324 20732 12763 6585 13500 13762 16481 11879 6943 13515 22409 18239 21156 12298 14628 1639 10772 18179 9703 11312 12134 6106 16334 21464 8024 21557 2822 10874 22085 6980 17233 14379 3499 9692 22029 9182 19230 13431 13958 13485 20299 9932 15689 13260 11936 11706 6095 8803 11372 6384 22478 10078 17002 4254 15225 17514 5597 2127 18262 16521 21852 17637 11149 15695 12233 4039 13662 935 9939 10388 16302 13072 14544 20293 4441 13496 18191 13066 13411 17906 16559 11359 15899 16330 17165 15406 7874 4185 11517 10637 20334 6821 20798 6390 16799 20031 17310 8131 16143 13110 21171 11664 7653 7483 8839 17234 15441 13327 20054 2493 2695 1953 21744 12716 14159 16115 7290 11794 3803 18659 9876 7631 6370 18541 6355 14236 16887 8143 15280 9741 20446 13008 13994 10426 8415 12161 11280 10464 16308 18150 14195 10614 12971 15113 6525 11620 17850 5911 18783 14836 9885 11428 16263 18324 13746 6569 16351 16068 8193 17037 15975 14775 9200 18977 3159 2292 19779 14710 15926 11966 15309 3806 14364 17420 18937 12812 17769 4436 5753 7021 19111 17511 8138 5791 4617 3814 21940 17461 9682 15142 11897 3487 19647 13093 10301 4216 8379 11311 10389 13512 3455 15748 14560 11579 8480 6473 15401 14333 7447 10418 15077 6957 24042 7179 16459 6386 13405 2553 14478 14192 12342 5067 6136 14105 12903 10292 19523 15379 12564 13926 21985 12208 2570 16175 18394 12158 7429 3380 17813 10108 18432 13736 8470 10297 12871 15137 7328 7298 5786 2371 13604 8937 7464 9241 8472 5512 12382 19970 11252 13989 13356 11635 14415 12378 6414 4933 5390 17209 18540 16761 14357 7295 9331 9325 9923 16917 1534 17032 17320 11715 20947 1935 4495 12277 15173 13390 12491 6884 19292 4830 17543 2647 18499 11617 14232 4883 10476 18762 5765 15965 18022 17940 6315 20803 4618 13264 10378 7598 5751 13586 9804 18740 11097 4050 17171 13955 12160 2540 11569 19533 2717 12809 8008 20909 3441 17413 9446 4091 11995 8273 10632 15716 16381 6463 5325 12578 11061 3516 11445 10130 14566 14876 11953 4155 9910 3858 7580 1724 17030 16439 20444 8219 16324 6748 20840 18137 14966 20973 13864 15347 6041 19218 7965 11688 15159 9102 14865 10948 11034 12075 12900 5619 10624 19527 9914 12459 16534 21001 4469 1101 7302 3475 19137 12381 14055 0 10464 8791 18448 19146 11408 12812 16498 292 3734 14886 12314
10506 15367 1875 8276 5224 13962 16572 4713 3224 3308 10603 2358 10732 4849 16091 14122 15298 10511 4527 10064 6682 15330 8608 1762 3418 6101 5871 13530 3733 14813 9977 12553 14203 10181 6771 11046 10529 872 15946 4596 8874 3334 17010 9267 14535 6258 16767 12469 8010 14132 11540 11605 12406 4221 16028 12586 7216 7033 5399 10002 5125 8741 8410 10548 13543 7829 1858 18828 4533 8566 3463 9763 12480 4543 8052 4249 8381 10627 7368 6422 7752 12447 12782 7765 7236 7766 15514 15001 6895 18167 2626 6979 11516 262 11439 10727 15895 4757 11041 10805 10417 11331 5694 5663 15706 13299 5402 2991 4728 6920 10167 2933 14640 10993 8558 9914 14117 7367 5301 8339 4574 1813 9964 8767 1338 9130 7412 15158 4342 13207 6500 11407 9729 759 12812 10733 3832 3261 11942 5786 9250 13453 5944 12392 4221 7274 3317 7757 10999 1294 8850 6902 13736 4461 13763 12861 16686 8185 7661 10414 5961 7380 13376 8990 12072 13055 4351 8556 7657 9419 10560 13685 12698 7900 14051 9151 5498 13992 9089 5573 12138 8518 4778 5013 8822 7128 6431 6084 5868 7866 16022 7951 788 18027 13848 8787 9580 2637 11650 6580 12219 981 11753 6391 7996 14287 15884 4837 11749 11529 5017 13501 9196 9446 14875 6311 17124 4667 15244 7036 15355 11052 4522 16327 16221 7000 4520 4563 10395 13341 14883 6807 2775 13461 14244 5883 9023 14354 8737 2281 3217 11466 8004 1560 8115 15801 4532 3621 3168 15226 7838 4839 5132 8140 14151 4153 7702 9103 10185 7932 3224 9910 11870 4381 2959 14420 13117 9465 10500 8526 5180 10859 8172 7149 4057 8735 13816 13806 8449 7155 9596 6770 8025 15778 12200 8533 6923 2914 6132 10200 12214 3821 9151 6770 12947 9052 12851 14680 4021 6219 10472 9541 6375 5515 8041 9650 8188 12856 8639 13931 4712 12146 9137 3193 6631 8934 2377 7358 6826 5346 15947 9375 1337 9281 10583 3687 12238 13772 8636 8419 13030 11146 15454 2260 9357 13605 11203 4435 5788 12669 2506 9257 10929 4240 6426 5660 8897 10871 2973 8311 4409 9981 6566 8158 14157 12768 16071 10225 11612 8830 16515 13784 3560 7056 4632 10995 11113 2478 16755 7119 8583 2972 12352 13959 12873 7230 2575 11424 8615 12196 6081 13642 6646 9975 6141 9050 14451 6133 15710 10464 0 10663 8562 8768 1015 13933 16244 10753 7218 4966 12007
11708 8930 8798 10355 10991 13737 5915 6575 13621 13250 9619 12997 2043 10102 14949 10091 13550 4156 14965 10070 5406 9603 2763 12365 13932 5224 15241 15268 11302 14448 5990 2281 15768 1822 15830 6482 5483 10483 14467 6243 18536 11701 6495 6435 12731 5120 7212 4548 5486 3645 3485 1060 2617 7761 15090 1953 13723 6034 12476 11643 7179 7135 18794 9714 15947 14254 9801 8362 8704 11280 12028 7969 1834 6947 11416 10037 8493 16214 5441 8667 17164 4335 4662 15097 12753 5054 7120 7562 14814 7796 8849 6198 2799 10925 15246 2170 12751 10301 9781 15383 10989 1261 15282 8811 13357 3132 12289 8818 6016 15000 8441 13174 12323 6722 6508 6839 15257 6910 10641 10847 11256 12474 5017 15221 11187 1678 3757 10096 7508 5504 16291 1328 8518 10027 14137 4911 12179 8053 1697 7562 3779 2795 14419 10871 14762 4748 10847 9815 2639 11017 13345 11804 11009 14529 3186 2790 7617 15435 7979 2307 14556 11688 3603 11757 8039 6152 12846 17993 9320 6542 15163 5956 7686 5607 6563 5034 10769 9082 15373 8510 10478 11610 8942 11360 18659 15481 4241 10987 8469 10473 14295 13675 10099 7606 3549 10920 19715 12394 1535 6793 2048 10863 1632 8715 10190 7013 6115 7736 1428 3090 14990 5570 1724 2684 6297 4538 16814 6234 7680 4093 5178 11259 15054 6121 5558 5154 9418 11362 4969 2679 11472 11104 10794 5142 15564 7533 10199 7481 14624 12942 8156 12090 18436 9253 17945 5596 6141 7665 10852 6389 2926 11501 9845 8560 4875 6579 3020 1937 497 3967 10058 16647 2462 11370 12294 3843 5723 4915 2500 4132 9007 10507 17854 13283 14323 2151 3458 3448 3092 17650 7317 14683 13287 5122 15605 8321 10298 10215 11459 5699 3741 7731 16251 10548 9705 10302 11098 4057 12438 6314 2014 14332 11226 15123 14862 12672 3160 14709 4386 4542 6795 2605 3130 12446 4693 15141 9318 5913 16704 10280 5285 6290 11971 16744 11257 14318 2356 14152 5594 13002 2465 5231 4805 9799 2984 7117 9082 9962 6376 3788 9179 11269 2919 7032 10181 16322 4817 4997 7984 10912 11424 10098 15793 11542 13168 2824 7564 2070 16070 13939 6640 14245 12386 10807 9436 13630 1221 13054 6866 3830 8784 13096 2321 3706 4111 11776 8757 13772 2931 3709 15576 14397 9918 7696 4603 5397 11144 7522 5722 8791 10663 0 15037 16850 11024 4179 7741 8947 9593 15489 3582
18989 14503 8985 5420 4259 8667 20072 11915 6993 6097 8101 8745 16163 5157 10747 11864 10697 12318 7103 18356 9638 13908 12278 8856 9603 12790 4534 6826 12234 9293 17191 15922 7403 15569 3948 11113 17482 9434 10909 9740 6061 5234 19891 9667 10284 10061 18266 14045 9781 17409 17460 16093 15394 12104 10547 16484 1450 14403 3242 5581 12851 16459 8214 7961 6330 825 7354 21361 6599 17098 5104 17619 16441 8595 4144 5469 7308 2131 14483 6403 4909 14172 14344 1235 2292 10079 16225 15087 2220 20573 10782 14418 14175 8510 3891 16220 12187 13307 8412 2886 6653 16170 4958 6236 11433 16338 13828 11202 10094 2401 8712 6705 10759 18306 16087 17421 7669 8303 4531 4947 13109 8266 16818 211 9721 14164 13451 13270 12105 14254 5477 16250 8264 9109 6745 11980 4733 8119 16710 7487 11702 17331 3235 9021 7514 10290 5506 5674 16661 7268 2530 15455 10611 6049 18085 15934 17695 1073 7420 16023 3362 3503 18561 4480 10978 13574 12444 5319 15992 16885 2725 14533 11976 9637 14553 16088 4363 12499 532 6546 9049 17069 13127 13551 6515 2748 11607 14645 14093 16356 11152 1426 9219 20552 16901 17281 7913 6233 15198 14253 17056 7582 15264 6351 16447 14521 17822 7509 16449 17266 5797 14586 14335 12601 15953 12349 10888 11421 15343 13176 17910 19444 7509 18734 19853 13919 12970 4343 11646 17297 11783 3976 5965 14864 7614 7510 17416 14244 778 8252 11083 19929 8218 8403 6130 18306 10324 8337 5620 16417 13203 13356 13636 16288 16077 9784 13007 13100 14717 14313 6066 1621 14807 4461 5748 17842 13974 10987 16189 15069 13542 7571 5755 1785 6558 13996 18480 18470 11957 8130 17286 2268 1937 19640 4681 16595 15429 6179 3604 10946 14319 11587 1313 15302 10672 17458 9398 18204 4563 13653 13697 2153 14936 5007 595 4135 14083 6325 15309 16030 8687 17397 15196 5534 10452 442 7352 14689 5779 4847 19588 16761 8082 1945 19011 9106 17284 8064 15824 2562 17422 17895 19012 10754 12340 13534 9183 12962 13191 14848 7386 17762 13513 8715 4876 9062 10724 17581 8582 16825 12919 18285 4255 4071 9404 17802 16714 15736 3522 1774 18441 8004 5068 4351 13085 4766 16022 9102 18651 11399 7162 10261 15561 16927 14872 15789 7829 5192 12126 14320 4768 7681 15120 17732 12014 16137 11456 7515 17945 18448 8562 15037 0 2656 7553 16367 16833 18739 15622 7547 14188
19238 17078 9699 7894 5865 11263 22165 12840 6328 5667 10685 8224 17756 6748 13298 14496 13319 14520 5932 18829 11471 16515 14136 8524 8813 13919 3276 9250 12145 11851 18248 17963 9774 17158 2344 13524 18642 9611 13492 11080 3527 5754 22090 11969 12927 11749 20646 16337 11859 19499 18950 17909 17491 12772 13084 18435 3352 15346 4387 8223 13609 17285 5928 10548 8624 3058 8068 23633 8161 17257 5498 18385 18378 10059 6640 6856 9678 3941 15524 8462 2639 16445 16646 1867 4552 12076 18673 17586 2078 22855 11282 15334 16297 8641 6253 17799 14838 13450 11014 5194 9285 17909 3655 8117 14067 18449 13587 11684 11415 1947 11215 6236 13411 19338 16995 18358 10117 10414 6227 7454 13051 7927 18002 2628 9687 15797 14797 15897 12826 16625 3685 17989 10748 9445 9299 14258 5187 9288 18478 9336 13768 19304 2838 11670 6422 12164 6374 8047 18205 7543 5178 15403 13263 5064 19981 18029 20129 1684 9660 17566 2807 5869 20267 7088 13515 15997 12019 2812 16423 17832 5104 16936 14499 11711 16997 17229 6120 15094 2817 8393 11688 17167 13539 13487 4018 1641 13088 14702 14605 16605 13747 3919 9523 22816 19021 17518 5385 6151 17186 15066 18816 7858 17261 8406 16752 16995 20137 9126 18227 18803 4615 16959 15949 14577 18353 13648 13282 12464 17844 14484 20133 19816 6314 20992 21918 15013 13287 5542 13910 19254 14438 6183 6675 17200 10022 9379 17789 16749 3431 7764 11724 20207 6024 9078 3773 20543 11556 9589 6436 18810 14718 13256 13877 16867 18364 11005 14529 14927 16485 15590 7106 2255 16898 5571 5815 19914 16364 13180 17715 16318 13945 10197 3366 3861 5639 15568 20308 20298 13832 6144 18135 2214 4471 21657 6975 17233 15655 7091 5533 13257 16538 12289 1604 15475 13292 17816 12051 20263 4937 14552 15701 4760 14962 3787 2391 6790 15492 8814 16524 18289 10183 19064 16593 5582 12167 2948 8257 15653 3836 6600 21647 17741 7920 1067 19340 8192 18999 10627 16867 5166 19290 19134 21078 11027 14337 16023 11757 13168 14090 17069 8337 17976 15627 10091 6980 7559 12851 18829 9642 17028 12820 18748 2672 6588 12032 19530 19177 17298 5607 4429 20766 10560 5282 6627 13398 7376 17740 8560 20983 13078 9574 9711 17622 19062 17121 15763 8814 7784 14009 16535 3309 10220 15399 18552 13340 17225 14109 9440 20217 19146 8768 16850 2656 0 7777 18581 19303 19438 15985 6202 16391
11518 15115 2323 7571 4361 13226 16898 5434 2607 2458 10048 2411 11263 4100 15378 13689 14646 10483 3953 11053 6640 15013 8793 2001 3585 6753 4960 12672 4707 14068 10793 12802 13344 10695 5833 10804 11307 1886 15260 4813 8060 2335 17258 8996 13904 6339 16829 12465 7865 14395 12161 12003 12597 5094 15301 12913 6219 7843 4410 9246 5978 9633 7825 9982 12646 6827 1443 19048 4046 9581 2451 10684 12815 4497 7240 3509 7874 9626 8135 5882 6879 12463 12783 6750 6289 7690 15457 14858 5884 18364 3537 7802 11639 966 10498 11268 15339 5772 10489 9838 9732 11778 4819 5111 15090 13515 6352 3925 5011 5915 9709 2205 14047 11834 9416 10779 13285 7053 4483 7589 5566 1725 10720 7757 2227 9561 7975 14785 5188 13150 5685 11856 9250 1671 11994 10635 2821 3192 12389 5437 9270 13792 4946 11804 3739 7283 2426 7093 11572 302 7922 7904 13203 3692 14171 13073 16684 7170 7207 10969 4970 6520 13906 8184 11721 12926 5181 7697 8648 10273 9595 13612 12407 7744 13941 9911 4670 13642 8081 5072 11571 9533 5763 6006 8047 6136 6788 7095 6834 8878 15353 6976 1746 18238 14075 9800 8897 1697 11907 7445 12681 162 12007 5845 9003 14149 15991 4534 12183 12121 4227 13455 9646 9581 14855 6836 16338 5278 15106 7607 15537 12055 4030 16502 16562 7722 5523 3637 10286 13690 14374 5981 1884 13456 13398 5534 10024 14175 7743 2132 4059 12477 7444 1783 7331 15983 4900 3589 2272 15226 8289 5823 6144 9102 14229 4445 8137 9360 10560 8572 2501 8895 12042 3449 1962 14708 13033 9357 11069 9207 6169 10234 7355 6169 3369 9194 14275 14264 8601 6635 10489 5759 7072 16145 11269 9482 7936 2162 5249 10016 12277 4654 8136 7785 12486 10055 12266 14986 3007 7030 10650 8582 7384 4641 7029 8798 8745 12002 9345 14028 4672 12671 9744 2195 6741 7929 2034 8166 6039 4576 16286 10215 1189 8272 11590 3658 12732 12998 9434 7497 13438 11896 15775 3265 9462 13415 10720 5449 6584 12752 2188 10270 11026 4250 5690 5402 8808 11613 3080 9325 5389 10972 5647 7338 13473 13268 16014 10760 10641 7868 16630 13004 2547 6268 5636 10132 11568 2656 16869 7342 8049 3470 12574 14177 12936 8236 2440 10569 8775 12260 5196 12844 7655 10881 6625 9835 13946 5772 15854 11408 1015 11024 7553 7777 0 14076 16183 11698 8218 4465 12074
15833 5823 12074 11071 12855 12662 3942 10430 16564 16016 9238 16287 5869 12073 13299 8014 11848 4061 17870 14174 7562 6738 5330 15691 17329 9205 17614 14759 15175 13198 9990 1943 15120 5883 18031 5623 9368 13931 12741 9337 20839 14186 3524 6721 11146 7739 3054 2460 6770 1730 6935 4012 1633 11669 13507 2789 15256 10197 14418 11802 11193 11277 21531 9371 15609 15676 12702 5092 10892 15458 14510 12039 2919 9619 12315 12205 9106 17068 9610 10127 19420 2274 2235 16728 14118 6671 3259 4186 16690 4348 12537 10361 2441 14189 15554 5991 10557 14319 9209 15964 10876 4685 17742 10561 11422 1164 16296 12582 9225 16912 8172 16069 10584 10560 10661 10865 14509 8175 12466 11579 15228 15689 9010 16520 14686 5761 7809 7475 11414 2808 18775 4679 8477 13399 13640 4413 14570 10900 4485 9448 4948 2767 16538 9838 17755 6865 13289 10713 6320 13999 14228 15938 9360 17253 3795 1398 3459 16997 8953 6248 16702 12865 5623 12338 6666 3751 16689 20213 13499 10623 15785 2963 5864 6918 3483 9145 12532 6807 16590 10327 9490 15789 12970 15371 21048 17443 7695 15094 12589 14651 12488 14942 13497 4269 1182 15094 22242 15182 2668 10943 4623 13915 2562 10184 14369 3919 2006 9996 4369 6513 17640 2614 5856 4496 2486 8370 15281 9958 4197 8104 1553 15328 18030 2461 3863 9289 13421 13456 4732 2908 9387 12433 13387 2081 14845 9382 14361 4502 15799 16144 11890 16161 21221 12407 20362 1974 9489 10498 13337 2400 6836 15490 13903 12733 927 9795 6865 4953 4618 8131 12540 17884 2084 13520 14963 2164 3166 5402 6398 8307 13074 10125 20200 14761 17157 6231 4573 4570 5486 20513 11390 16572 14459 3939 15706 12481 14458 12780 13051 5476 2049 11552 17666 14699 8154 14465 9895 2517 14806 10422 3473 15152 15345 17604 16340 13137 7297 14332 8551 635 9444 5498 7291 15070 7335 16360 12143 10087 19208 12084 3654 10374 15154 18246 15362 17615 5063 13261 9745 13984 3768 8949 3116 13488 4620 4546 8337 13952 10434 1519 11989 15437 3083 9832 11602 19477 5752 8781 11014 15091 15371 14208 18065 12416 11864 5114 3588 6094 16514 14940 2606 13373 14888 12025 13450 13750 4847 16404 2845 6829 9302 16633 1863 1045 1535 15925 11653 13753 5319 2049 17976 13622 14072 11736 8332 9516 9180 9261 1779 12812 13933 4179 16367 18581 14076 0 3750 12940 13765 18443 2190
19449 3146 14474 11423 14012 11207 6361 13426 18473 17782 8874 18535 9571 13383 11249 6138 9859 5737 19700 17810 9566 4166 8056 17993 19654 12371 18958 13671 18065 11533 13679 5643 13880 9525 19202 5814 13087 16407 10658 11775 22011 15788 5160 7534 9341 10026 2082 3832 8337 5259 10683 7730 5132 14680 11506 6538 15964 13602 15534 11577 14340 14873 23098 9019 14622 16262 14746 5571 12486 18936 16092 15699 6666 11715 12694 13668 9651 17071 13042 11222 20592 3911 3545 17443 14752 8496 731 1808 17624 4830 15296 13764 5263 16484 15154 9696 8197 17411 8669 15785 10512 8403 19160 11837 9241 4913 19346 15415 11757 17868 8123 17951 8684 14291 14243 14546 13217 9419 13622 11886 18244 17883 12698 16949 17189 9170 11099 5062 14432 3037 20180 8403 8570 15826 12643 5554 16069 13019 8233 10968 7027 6451 17697 8747 19672 8976 14907 11265 10049 16048 14432 19215 7715 18932 7409 5088 1069 17636 9825 9932 17878 13434 9298 12434 5929 3369 19516 21325 16962 14274 15653 2572 4917 8468 2334 12773 13631 4982 16943 11685 8497 19247 16099 18440 22295 18420 10537 18322 15869 18097 10346 15435 15943 4986 4843 18607 23590 17004 6211 14305 8373 16029 6119 11279 17837 2312 2677 11738 8108 10260 19237 2746 9301 7121 1482 11437 13221 12854 1581 11342 3872 18991 19921 3809 6514 12646 16508 14765 5910 6605 7276 13171 15128 2873 13558 10882 17918 2649 16159 18312 14716 19823 22843 14684 21655 3855 12107 12638 14988 1363 10055 18525 17062 16259 2899 12288 10037 7980 8121 11568 14241 18191 5328 14874 16688 5569 3158 6832 10094 11847 16258 9617 21431 15452 18942 9612 8181 8180 8083 22228 15047 17524 14901 6876 15111 16045 17813 14534 13962 6310 4322 14476 18143 18028 6831 18021 8626 5817 16273 13714 6446 15235 18595 19046 16938 13056 10704 13393 12114 3240 11542 9246 10866 16748 9698 16727 14158 13533 20617 13254 6426 14023 17338 18776 18998 19831 8811 11929 13331 14293 7486 12689 6070 16216 7103 3307 7799 17014 13654 4052 14002 18975 5634 12005 12497 21506 7375 12514 13272 18561 18351 17839 19299 12762 10262 8840 183 9752 16180 15199 2851 12049 16467 12706 16553 13309 8551 18708 2898 9491 9733 19120 5465 4673 3749 19242 13758 13184 7957 4350 19330 12370 17411 15412 11320 13138 7228 10692 3262 16498 16244 7741 16833 19303 16183 3750 0 16638 17176 20301 4536
3291 17792 9791 16038 14613 20988 12805 6872 13784 14050 16733 12157 7072 13803 22654 18456 21396 12502 14909 1715 11030 18371 9921 11592 12402 6376 16623 21734 8288 21811 2961 11006 22354 7131 17522 14599 3594 9979 22271 9460 19514 13723 14017 13725 20539 10192 15798 13434 12182 11806 6173 8928 11516 6676 22725 10194 17293 4528 15517 17784 5889 2396 18535 16774 22127 17928 11441 15740 12518 4194 13954 1194 10056 10667 16582 13361 14806 20582 4701 13772 18478 13237 13580 18198 16848 11604 16046 16497 17457 15465 8165 4463 11688 10925 20616 6949 21022 6655 17048 20317 17574 8256 16431 13390 21404 11788 7885 7773 9116 17526 15688 13614 20289 2523 2948 2113 22010 12976 14446 16391 7544 12077 3940 18950 10159 7822 6607 18743 6647 14408 17172 8264 15531 10031 20714 13217 14286 10714 8522 12435 11499 10559 16600 18395 14474 10863 13262 15387 6637 11911 18135 6115 19015 15121 9955 11561 16386 18616 14010 6706 16643 16353 8236 17315 16197 14959 9447 19263 3412 2493 20065 14879 16135 12214 15480 3995 14652 17626 19228 13091 18013 4586 6037 7268 19392 17802 8393 6026 4903 4019 22179 17750 9971 15198 12010 3639 19923 13383 10450 4504 8475 11602 10536 13788 3666 15921 14669 11859 8595 6559 15686 14500 7635 10625 15223 7217 24294 7463 16623 6633 13503 2494 14756 14279 12385 5327 6415 14396 13116 10387 19745 15664 12856 14087 22252 12482 2736 16354 18684 12439 7721 3308 18085 10400 18715 13828 8750 10583 13163 15275 7553 7547 6054 2650 13741 9219 7693 9445 8639 5739 12673 20262 11409 14280 13647 11723 14593 12604 6545 5142 5671 17465 18825 17051 14641 7495 9385 9379 10146 17189 1757 17324 17607 11757 21228 2222 4729 12569 15461 13613 12659 7176 19584 5060 17771 2807 18741 11695 14524 5166 10659 19049 5991 16252 18314 18218 6530 21074 4824 13400 10656 7680 5934 13877 10058 19030 11388 4318 17454 14242 12209 2737 11855 19825 2716 13080 8095 21170 3665 17699 9533 4149 12056 8559 10843 15904 16622 6735 5611 12736 11352 3632 11629 10411 14848 15142 12184 4234 10199 4033 7835 1810 17319 16719 20692 8288 16465 6894 21125 18424 15065 21234 14155 15629 6319 19495 8094 11964 15255 9346 15127 11216 11174 12187 13058 5814 10914 19802 10134 12627 16822 21264 4718 1299 7563 3674 19361 12653 14158 292 10753 8947 18739 19438 11698 12940 16638 0 3984 15163 12484
3405 17631 6701 13827 11744 19236 14713 4597 10038 10420 15150 8313 8279 11044 21124 17619 20009 12111 11083 2889 9521 18009 9416 7789 8464 5012 12998 19537 4332 20091 4927 11869 20191 8039 13930 13817 5761 6376 20822 7367 15733 10428 15697 12531 19162 8671 16805 13535 10919 13068 8073 10006 12165 3759 21144 11319 14210 3578 12384 15642 3393 3112 14614 15158 19782 14842 8284 17541 9969 1876 10613 3426 11178 8439 14114 10520 12996 17598 4156 11556 14780 13388 13758 14929 13964 10384 16499 16614 14097 17109 4844 3415 11924 7346 17993 8189 19989 2718 15527 17541 15655 9407 12765 11013 20169 12717 3956 4423 7095 14132 14264 9931 19036 5422 3501 4291 19944 11288 11657 14091 3562 8315 5603 15831 6408 8027 6093 18196 3868 14499 13432 9449 13995 6566 18615 12712 10970 8052 9876 10320 10879 11936 13161 16938 10627 9614 10131 13188 8110 8469 15417 2476 17853 11398 11657 12382 17172 15351 12163 7852 13179 13708 10334 14951 15317 14824 5466 15537 580 4072 17288 15007 15506 10902 15560 5034 11870 17009 16136 10756 16587 2112 2495 3287 15577 14345 7186 2094 1692 973 20792 14804 6476 16877 13092 1787 16033 9839 11100 2883 9971 8149 11204 11558 874 15952 15704 9541 9839 8329 11961 14675 7916 10303 15697 6025 22562 5323 16791 5890 14709 3838 10900 15611 14294 4532 2698 11352 12511 11772 18766 13036 9657 14374 20145 10390 1806 16274 15683 8638 4646 4315 14161 7245 14918 15103 6651 8050 10009 15866 7156 3564 2164 1546 14402 6957 7203 9263 9148 5636 9673 17055 11870 11206 10176 13128 14593 11783 7783 5521 2080 15745 15058 14045 10887 7572 11296 11287 9523 13266 3680 13970 14753 13697 18679 2049 857 9495 12649 12796 12891 4274 16322 1197 16721 1840 17341 13215 11184 3543 10754 16254 2134 12590 15141 15790 6485 18858 5331 14082 8488 9394 6561 10409 8707 15958 8383 3680 13684 11530 14067 4223 8166 16485 3389 9154 9720 19279 4305 14973 11056 6519 13769 4958 10430 15684 15293 2879 3742 13124 8390 2278 11645 8106 12337 11187 11255 6405 7479 1498 3853 2797 13699 14244 19119 10094 16994 7890 18360 15581 16214 19325 10756 13104 2586 17128 9191 8091 16434 8318 13297 7273 11903 13259 13430 2315 8022 17492 9584 12861 13162 19288 735 3800 6268 4687 18350 10609 15291 3734 7218 9593 15622 15985 8218 13765 17176 3984 0 11293 12685
14183 18893 6742 10274 6819 15401 21357 9664 1882 2534 13140 3012 15682 7145 17590 17033 17169 14702 612 14167 10909 18640 13212 3610 2976 11065 3054 14107 7004 16164 14796 17238 14739 15123 3880 14679 15401 5462 17610 9267 4569 4596 21686 12866 16549 10716 21106 16691 11979 18835 16505 16467 17003 9032 17446 17374 6825 11887 5743 11551 9944 13401 3464 13041 13766 7187 5754 23458 7821 12147 4331 14304 17277 8824 9449 6732 11244 9585 12271 9320 3989 16713 17014 6341 7628 11899 19586 18852 5327 22759 7436 11815 16001 4715 11347 15681 18236 8577 13567 10404 12344 16234 2630 8602 17761 17933 8085 7722 9475 5162 13114 2375 16841 15758 13311 14634 14882 10921 7147 10083 7871 3229 14864 7686 5068 14019 12369 18274 9192 17300 2609 16312 12620 5701 13751 14759 4469 7557 16845 9337 13557 18254 4345 14697 745 11589 5433 10008 15961 4483 9184 10066 16243 1633 18635 17491 20883 6648 10761 15372 4197 8537 18327 10317 15335 16969 6372 4564 11824 14168 10216 17735 16147 11844 18003 14050 7235 17212 8023 8693 14553 11966 9162 8259 4334 4946 11253 9577 10310 11676 17779 7813 5682 22643 18499 12520 4763 3299 16348 11350 17134 4626 16447 9269 11910 18159 20319 8575 16642 16494 1752 17617 14100 13964 19040 11253 18111 9630 19108 11995 19929 14936 443 20887 21023 11939 8752 5923 14398 18153 17462 8298 5173 17673 14895 9426 13005 18111 8122 2797 8101 15161 3045 6243 3732 20373 9363 7960 5336 19436 12741 7990 9139 12515 18536 8910 12593 13807 15025 12896 6061 8198 16438 5757 3631 19157 17145 13489 15461 13480 9503 13064 3960 7107 1390 13644 18729 18718 13002 2190 14240 5281 8196 20610 12155 12969 10745 5767 7358 14014 16579 8699 7377 10488 15782 13005 15151 19441 4348 11084 15056 9409 9772 2552 6957 10581 13144 13516 13581 18355 8998 17094 14102 3606 11132 7989 6301 12213 2668 7439 20747 14155 3632 7140 14410 2264 17172 14970 13493 8880 17901 16046 20233 6749 13824 17342 14012 8439 10675 17072 6454 12919 15369 8625 8492 1546 12976 15781 7525 12001 7594 14070 3543 9493 15896 17705 20140 15176 11069 8752 20962 14941 3986 8742 8846 11708 16021 3203 21199 11784 11325 4115 16997 18594 17234 10447 6810 12173 13179 16565 2917 14686 10601 14570 11062 13921 17057 9626 20215 14886 4966 15489 7547 6202 4465 18443 20301 15163 11293 0 16384
15109 5348 10176 8924 10671 10990 5971 8900 14513 13928 7279 14346 5606 9899 11888 6764 10448 1873 15803 13512 5475 6044 3552 13768 15421 7837 15457 12909 13573 11604 9540 2322 13317 5396 15858 3693 9063 12079 11363 7437 18669 12058 5706 4568 9679 5753 4761 968 4591 3391 6970 3994 1571 10155 12066 3304 13067 9124 12235 9751 9805 10540 19415 7404 13714 13491 10673 7269 8747 14473 12380 11461 3364 7584 10157 10048 6953 14934 8582 7937 17249 754 1100 14538 11933 4528 3834 4021 14501 6510 10838 9283 796 12257 13502 5734 9418 12879 7306 13866 8874 4592 15595 8379 10141 2318 14821 10933 7372 14724 6160 14009 9187 10303 9900 10371 12734 5985 10282 9434 13723 13725 8577 14342 12850 4756 6593 6590 9905 1926 16629 4624 6419 11521 11776 2297 12427 8883 4682 7285 2828 3831 14361 8108 15710 4799 11160 8545 6178 11978 12080 14685 7897 15150 4871 2023 4748 14809 6770 5889 14527 10687 6340 10218 4997 2603 15046 18037 12497 10037 13679 2397 4400 4739 2996 8516 10346 5660 14418 8151 7736 14772 11564 13912 18886 15256 6029 13788 11343 13619 11149 12763 11628 6447 2817 14168 20093 13104 2260 9805 4950 11915 2220 7994 13372 3439 3937 7872 4464 6553 15522 2027 4913 2628 3058 6901 13831 8345 4163 6821 3743 14733 15978 4627 5815 8154 11976 11285 2585 3892 8166 10247 11283 1689 13063 7216 13521 3899 13629 14172 10234 15557 19116 10459 18204 4158 7686 8485 11214 3314 5538 14001 12527 11841 2155 7926 5510 3448 3846 7128 10424 15714 1243 11355 12862 3861 2142 3212 6080 7488 11722 8183 18035 12573 15076 5169 5566 5560 3621 18425 10811 14384 12286 5742 13699 11665 13300 10676 10861 3363 216 9966 15484 13508 6616 13622 8235 4244 12659 9195 1931 13015 14062 15460 14154 11041 6256 12438 7777 1977 7408 5778 6572 12959 5376 14188 10102 9077 17062 9899 5571 9785 13184 16061 14690 15665 5391 11525 9003 11825 4510 8806 4996 11773 2663 3567 6469 12485 9123 696 9947 14555 1113 7826 9412 17470 3569 8578 9049 14095 13837 13531 15897 10260 10278 5650 4353 5648 14441 12782 4581 11632 12759 9842 12019 11725 4663 14485 4817 5027 7163 14796 1925 2804 867 14717 9637 11760 3478 192 15821 11849 12895 11213 6790 8866 7885 7087 3886 12314 12007 3582 14188 16391 12074 2190 4536 12484 12685 16384 0
1 9 6 3
2 5 5 6
3 11 8 3
4 7 13 6
5 12 6 4
6 6 8 6
7 7 6 4
8 11 8 8
9 7 9 3
10 2 6 5
11 7 6 4
12 9 5 6
13 7 8 7
14 11 4 3
15 13 9 6
16 12 11 4
17 9 5 3
18 8 6 5
19 8 6 3
20 9 7 2
21 7 10 4
22 6 5 2
23 11 10 5
24 8 6 5
25 12 8 3
26 10 7 3
27 5 8 5
28 7 12 4
29 11 10 9
30 4 6 6
31 8 12 5
32 10 10 6
33 7 7 7
34 9 8 6
35 9 4 5
36 8 5 1
37 6 4 6
38 7 12 2
39 10 7 5
40 6 6 4
41 5 10 4
42 6 6 7
43 9 8 4
44 8 11 7
45 9 6 6
46 12 13 3
47 7 10 6
48 9 7 1
49 11 7 4
50 6 7 3
51 7 10 6
52 5 10 3
53 14 9 2
54 3 4 5
55 9 8 0
56 11 6 3
57 12 6 6
58 11 7 5
59 11 8 3
60 8 7 5
61 8 7 1
62 11 7 5
63 8 6 3
64 4 8 6
65 9 7 2
66 10 7 3
67 8 4 4
68 12 3 6
69 5 7 3
70 10 7 7
71 11 7 7
72 10 11 1
73 9 9 5
74 8 5 3
75 7 7 6
76 5 9 7
77 4 4 6
78 3 7 5
79 6 5 7
80 12 10 7
81 9 4 6
82 8 9 10
83 4 8 1
84 5 8 5
85 11 8 4
86 9 8 7
87 8 4 4
88 6 8 6
89 8 13 4
90 11 5 7
91 12 6 3
92 10 10 2
93 6 6 4
94 14 6 8
95 9 5 6
96 3 6 2
97 7 5 8
98 5 7 6
99 9 7 3
100 3 5 5
101 9 5 8
102 7 8 7
103 10 8 4
104 6 10 5
105 11 8 2
106 10 5 6
107 11 10 3
108 7 5 6
109 9 7 3
110 9 7 3
111 10 12 6
112 12 9 3
113 4 11 7
114 10 8 3
115 7 3 3
116 9 8 3
117 10 8 8
118 9 8 6
119 7 6 6
120 7 8 2
121 9 7 9
122 5 9 4
123 7 5 9
124 9 4 4
125 6 4 5
126 8 5 4
127 7 11 1
128 7 9 9
129 11 8 5
130 12 8 4
131 12 6 5
132 6 6 5
133 8 3 4
134 9 8 6
135 6 7 2
136 8 8 3
137 5 9 2
138 7 10 3
139 9 5 4
140 5 6 4
141 5 9 3
142 7 5 7
143 9 14 3
144 10 7 4
145 17 8 5
146 3 9 7
147 7 6 3
148 13 9 3
149 3 5 3
150 7 11 7
151 11 7 7
152 10 12 5
153 15 10 2
154 7 6 6
155 4 9 8
156 10 6 6
157 8 6 3
158 9 9 5
159 6 7 6
160 5 3 6
161 5 5 3
162 6 7 2
163 11 7 5
164 8 5 4
165 11 1 6
166 9 10 6
167 4 11 2
168 5 10 6
169 7 12 5
170 10 5 2
171 9 12 3
172 7 10 10
173 8 8 3
174 7 5 3
175 6 7 3
176 11 8 6
177 6 10 7
178 10 6 5
179 10 11 5
180 3 7 3
181 6 7 6
182 9 7 2
183 7 9 2
184 10 9 7
185 10 7 5
186 9 9 4
187 7 7 1
188 7 10 2
189 7 10 7
190 6 12 4
191 7 9 5
192 3 5 6
193 7 3 3
194 6 6 5
195 8 9 3
196 9 9 4
197 6 6 4
198 6 9 3
199 10 7 6
200 8 8 5
201 8 7 3
202 9 4 5
203 10 5 9
204 6 8 9
205 4 2 4
206 5 8 5
207 8 5 3
208 14 5 3
209 5 6 6
210 8 9 5
211 8 5 6
212 9 9 2
213 9 2 6
214 10 5 5
215 7 13 5
216 7 5 3
217 9 8 4
218 6 4 6
219 9 5 6
220 9 4 4
221 8 8 5
222 8 7 3
223 6 7 5
224 9 8 5
225 7 3 2
226 7 6 5
227 3 10 4
228 10 6 4
229 6 10 4
230 5 6 4
231 8 3 9
232 12 5 4
233 8 10 3
234 12 6 4
235 11 7 4
236 8 7 3
237 7 6 1
238 11 9 9
239 8 6 6
240 6 6 1
241 7 5 5
242 9 4 6
243 11 3 4
244 9 5 4
245 9 8 4
246 9 4 3
247 2 7 4
248 10 5 8
249 9 7 4
250 7 6 2
251 6 5 5
252 7 7 5
253 9 8 3
254 5 11 6
255 4 6 6
256 5 7 4
257 6 6 2
258 15 8 5
259 7 10 3
260 6 7 4
261 10 8 9
262 10 5 3
263 7 3 4
264 3 6 5
265 6 5 7
266 11 5 8
267 9 10 1
268 12 7 3
269 6 9 8
270 7 4 4
271 7 10 8
272 8 7 4
273 5 12 7
274 5 9 4
275 10 3 3
276 13 6 3
277 5 6 3
278 9 8 5
279 6 8 7
280 13 7 6
281 10 4 7
282 6 5 6
283 9 9 5
284 9 6 6
285 11 7 7
286 6 7 4
287 7 5 5
288 13 6 8
289 7 8 5
290 7 7 4
291 9 7 4
292 7 5 3
293 5 3 4
294 7 6 2
295 5 7 4
296 10 7 3
297 14 7 5
298 12 5 4
299 8 9 2
300 9 8 3
301 7 9 3
302 9 6 4
303 8 8 5
304 6 5 4
305 11 7 5
306 11 8 8
307 7 7 7
308 8 10 6
309 5 2 4
310 13 8 9
311 7 4 4
312 7 9 9
313 8 5 9
314 7 8 2
315 10 6 4
316 8 11 7
317 9 9 4
318 8 9 7
319 10 8 2
320 10 5 6
321 7 7 3
322 11 3 6
323 5 4 3
324 8 8 4
325 11 3 5
326 12 8 7
327 8 11 6
328 9 9 3
329 6 7 3
330 5 7 8
331 9 6 2
332 9 5 5
333 12 5 7
334 14 10 7
335 8 3 2
336 8 11 6
337 6 7 4
338 9 7 2
339 9 10 8
340 7 7 7
341 11 9 3
342 8 8 3
343 5 7 4
344 4 7 3
345 7 11 3
346 8 6 3
347 10 8 4
348 8 8 4
349 6 7 4
350 5 10 4
351 8 9 5
352 8 9 5
353 6 5 5
354 7 5 6
355 5 6 5
356 9 8 5
357 12 11 2
358 5 8 7
359 7 7 7
360 7 7 5
361 3 9 7
362 12 5 6
363 9 9 6
364 11 4 7
365 8 8 4
366 7 8 4
367 9 6 7
368 9 9 5
369 5 12 2
370 10 7 6
371 8 4 8
372 11 6 2
373 8 7 1
374 7 8 7
375 10 5 4
376 10 9 3
377 5 8 5
378 8 5 3
379 11 10 6
380 9 4 2
381 11 7 7
382 6 9 2
383 6 4 3
384 6 9 5
385 4 8 5
386 6 6 6
387 9 9 7
388 9 11 4
389 8 5 2
390 8 10 3
391 8 8 3
392 8 8 3
393 9 8 4
394 11 10 1
395 5 9 1
396 5 7 4
397 3 8 1
398 4 4 2
399 8 7 1
400 5 5 5
