3600 400 3
30 60 700 9.00
0 11 224 2
0 21 61 1
0 13 115 2
0 8 307 3
0 9 6 3
0 8 176 3
0 7 383 2
0 1 33 1
0 9 174 3
0 3 122 2
0 3 108 3
0 2 331 2
0 2 295 3
0 4 1 2
0 9 233 1
0 19 14 1
0 17 116 1
0 15 291 1
0 13 205 3
0 10 46 2
0 9 151 1
0 6 17 3
0 11 49 1
0 1 199 1
0 2 216 2
0 1 349 3
0 11 127 3
0 4 173 2
0 1 269 2
0 9 163 3
0 13 49 2
0 4 200 3
0 25 78 1
0 9 307 1
0 4 181 1
0 2 229 1
0 15 119 2
0 5 281 2
0 12 243 1
0 5 301 3
0 10 373 3
0 1 7 3
0 7 123 2
0 11 219 2
0 1 152 3
0 9 208 2
0 6 106 2
0 5 29 3
0 5 326 1
0 3 218 3
0 12 280 2
0 10 235 3
0 10 362 1
0 5 118 1
0 13 366 3
0 15 94 2
0 1 198 1
0 13 272 2
0 5 160 3
0 3 133 3
0 3 213 1
0 17 236 1
0 24 168 3
0 13 289 2
0 10 170 2
0 7 212 3
0 2 271 3
0 3 130 3
0 17 74 2
0 25 219 3
0 1 157 1
0 1 296 3
0 1 198 2
0 7 138 2
0 12 119 2
0 16 90 2
0 2 31 3
0 3 69 3
0 11 370 2
0 3 234 2
0 3 162 2
0 7 32 1
0 1 203 2
0 5 148 3
0 4 232 3
0 20 58 3
0 17 166 2
0 10 386 2
0 2 4 2
0 17 135 1
0 3 114 3
0 3 81 3
0 7 380 3
0 3 235 1
0 1 380 3
0 10 84 3
0 10 179 2
0 19 337 2
0 6 320 1
0 1 17 1
0 1 274 3
0 2 320 1
0 17 244 1
0 4 168 2
0 4 302 3
0 7 350 2
0 2 263 2
0 22 155 1
0 9 297 2
0 23 40 1
0 5 266 3
0 24 105 1
0 7 206 3
0 2 58 1
0 21 88 2
0 7 81 1
0 14 190 3
0 16 116 3
0 5 150 2
0 6 226 3
0 13 47 2
0 16 274 2
0 2 43 3
0 14 225 1
0 6 373 2
0 3 233 1
0 7 35 1
0 9 247 3
0 5 43 2
0 12 319 3
0 1 302 1
0 22 138 1
0 2 131 2
0 20 56 3
0 13 304 3
0 4 333 1
0 16 218 3
0 13 14 2
0 2 33 1
0 20 96 1
0 2 91 2
0 3 351 3
0 1 393 3
0 6 207 2
0 4 343 2
0 3 144 1
0 3 47 1
0 3 32 3
0 1 353 2
0 7 368 1
0 6 264 1
0 6 108 1
0 4 304 3
0 17 221 1
0 3 333 2
0 2 1 2
0 4 389 3
0 5 145 2
0 9 314 2
0 4 170 1
0 2 130 2
0 4 184 2
0 14 87 2
0 3 387 2
0 10 147 1
0 17 202 1
0 7 191 3
0 25 215 3
0 1 95 3
0 3 342 2
0 3 6 2
0 4 273 3
0 3 249 3
0 8 255 3
0 1 303 3
0 1 172 1
0 12 145 3
0 6 275 2
0 22 190 2
0 18 399 3
0 10 1 2
0 2 261 1
0 5 233 1
0 10 206 2
0 13 15 3
0 25 224 3
0 23 21 3
0 22 227 1
0 20 142 1
0 1 200 3
0 7 320 1
0 5 88 2
0 4 245 3
0 8 265 1
0 10 184 2
0 6 320 3
0 19 359 1
0 3 31 3
0 12 272 2
0 6 24 3
0 2 272 3
0 5 130 1
0 2 241 1
0 14 32 3
0 4 32 2
0 3 63 1
0 8 356 1
0 14 13 1
0 5 6 1
0 22 173 1
0 22 34 2
0 1 175 2
0 21 226 3
0 12 330 3
0 4 254 3
0 4 216 1
0 8 279 3
0 11 205 1
0 7 179 1
0 2 38 3
0 11 74 1
0 1 36 1
0 20 185 3
0 13 256 1
0 4 320 1
0 9 290 1
0 1 271 3
0 5 100 1
0 4 2 3
0 20 369 1
0 7 327 1
0 7 361 3
0 4 347 3
0 23 172 2
0 1 288 2
0 3 319 3
0 12 274 2
0 3 44 3
0 12 381 2
0 6 215 3
0 8 260 3
0 10 334 1
0 5 45 1
0 18 141 2
0 7 46 2
0 1 120 3
0 8 261 2
0 19 219 3
0 7 368 2
0 2 176 2
0 2 127 3
0 2 84 2
0 15 140 1
0 2 106 2
0 4 21 1
0 2 386 3
0 14 60 2
0 2 69 3
0 2 125 3
0 3 93 2
0 7 95 1
0 10 11 2
0 24 97 1
0 2 139 1
0 13 63 2
0 13 365 3
0 18 220 1
0 12 240 1
0 21 198 2
0 1 284 2
0 16 120 1
0 3 315 1
0 6 88 1
0 20 168 1
0 5 90 2
0 4 24 1
0 25 126 1
0 8 191 1
0 2 201 2
0 25 11 3
0 10 141 2
0 25 393 2
0 17 182 1
0 6 4 1
0 6 289 2
0 23 218 3
0 23 321 2
0 12 183 1
0 16 56 2
0 21 317 2
0 14 392 1
0 14 146 2
0 15 107 3
0 8 303 1
0 9 231 3
0 20 179 3
0 22 314 1
0 6 79 3
0 2 227 1
0 13 279 3
0 6 32 3
0 15 356 3
0 9 135 1
0 4 121 1
0 7 49 1
0 1 318 2
0 17 394 1
0 14 398 2
0 9 344 1
0 5 75 3
0 7 318 2
0 23 139 1
0 6 211 1
0 5 259 2
0 1 264 1
0 8 93 3
0 1 277 3
0 8 90 2
0 1 382 2
0 2 350 2
0 1 353 3
0 1 141 2
0 10 373 1
0 5 332 2
0 5 329 2
0 6 372 2
0 24 95 2
0 10 388 1
0 6 392 2
0 3 242 1
0 17 322 2
0 1 19 1
0 8 269 3
0 19 67 3
0 3 16 1
0 5 21 2
0 18 208 3
0 6 104 2
0 1 384 1
0 1 198 3
0 15 239 1
0 2 311 1
0 12 19 1
0 1 8 3
0 3 245 3
0 2 134 2
0 4 65 1
0 21 269 2
0 10 149 3
0 4 178 3
0 4 64 2
0 8 275 1
0 8 188 3
0 1 189 1
0 8 385 2
0 13 355 3
0 2 360 3
0 7 10 1
0 7 272 3
0 8 335 2
0 13 70 2
0 19 24 3
0 22 116 2
0 10 275 2
0 5 219 3
0 13 56 3
0 2 257 2
0 10 398 1
0 8 27 2
0 12 30 1
0 4 223 2
0 1 369 2
0 16 26 1
0 4 122 1
0 8 9 3
0 17 103 2
0 8 180 2
0 16 124 2
0 4 125 1
0 9 55 2
0 17 241 1
0 15 252 3
0 7 42 1
0 9 375 1
0 17 394 3
0 7 261 2
0 1 361 1
0 18 208 3
0 5 74 1
0 6 253 2
0 16 341 2
0 22 394 3
0 1 237 2
0 1 21 2
0 19 25 2
0 14 26 2
0 5 189 3
0 9 274 1
0 10 216 3
0 11 152 3
0 13 115 2
0 12 351 3
0 3 125 2
0 3 144 3
0 3 269 1
0 1 390 1
0 5 172 2
0 18 366 3
0 24 10 1
0 9 387 1
0 14 282 1
0 14 230 1
0 5 113 3
0 3 341 1
0 12 311 1
0 1 176 3
0 12 206 1
0 10 314 1
0 8 174 2
0 7 386 2
0 4 276 1
0 11 144 2
0 5 280 3
0 1 314 2
0 19 59 2
0 15 133 1
0 8 274 2
0 12 56 1
0 6 159 3
0 10 33 2
0 10 290 1
0 8 88 1
0 5 396 2
0 10 280 3
0 6 47 3
0 12 236 3
0 4 191 2
0 1 219 1
0 4 231 3
0 21 156 3
0 10 287 3
0 5 124 3
0 8 25 3
0 13 276 1
0 11 218 2
0 2 186 2
0 1 49 1
0 4 322 1
0 8 74 3
0 7 264 3
0 23 95 1
0 16 363 2
0 9 285 1
0 4 127 3
0 2 219 1
0 18 184 1
0 25 126 1
0 8 69 3
0 25 398 2
0 8 224 1
0 6 310 3
0 14 304 3
0 1 38 1
0 20 108 3
0 1 347 2
0 10 145 2
0 4 77 3
0 5 360 3
0 4 46 2
0 5 185 1
0 7 84 1
0 3 297 2
0 2 357 3
0 1 186 1
0 5 147 2
0 11 67 1
0 6 375 3
0 3 341 3
0 3 374 3
0 6 348 2
0 3 398 2
0 5 128 3
0 7 237 2
0 17 54 3
0 23 279 3
0 4 306 3
0 19 25 1
0 5 230 1
0 1 151 1
0 4 392 1
0 3 375 3
0 3 155 1
0 11 15 2
0 17 157 2
0 10 42 1
0 10 84 3
0 8 211 1
0 10 232 1
0 2 228 1
0 12 237 1
0 2 52 3
0 2 299 1
0 15 210 1
0 23 99 3
0 4 273 1
0 13 274 2
0 2 190 3
0 6 342 2
0 2 115 1
0 17 389 1
0 5 315 1
0 1 360 3
0 12 251 1
0 2 67 1
0 8 134 3
0 3 215 3
0 3 358 3
0 15 22 1
0 12 48 1
0 4 223 3
0 5 122 1
0 3 351 2
0 12 40 2
0 2 16 3
0 3 138 3
0 18 152 1
0 5 160 1
0 3 121 3
0 3 239 3
0 1 130 2
0 3 307 1
0 9 288 1
0 2 130 3
0 23 244 3
0 16 345 2
0 4 56 1
0 15 356 1
0 7 299 2
0 6 364 1
0 5 203 3
0 1 332 3
0 4 25 3
0 18 61 1
0 1 383 3
0 4 358 3
0 3 307 2
0 1 349 2
0 16 79 1
0 17 114 1
0 4 334 2
0 4 172 1
0 8 6 3
0 4 111 3
0 7 55 2
0 12 300 2
0 20 373 3
0 3 270 2
0 8 129 1
0 7 85 2
0 5 359 1
0 3 151 1
0 1 160 2
0 6 332 3
0 1 296 2
0 5 105 3
0 4 46 2
0 2 6 1
0 9 232 2
0 1 20 2
0 11 244 1
0 13 338 3
0 5 245 2
0 22 392 3
0 10 289 2
0 10 202 3
0 8 38 1
0 11 98 2
0 4 270 1
0 7 359 3
0 16 382 3
0 8 173 2
0 12 118 1
0 23 156 3
0 1 142 1
0 2 101 1
0 6 160 2
0 9 221 1
0 7 273 3
0 2 328 2
0 9 329 2
0 11 308 1
0 8 219 2
0 13 322 3
0 22 78 3
0 4 63 1
0 9 290 1
0 4 203 1
0 6 63 2
0 4 267 3
0 17 59 2
0 15 55 1
0 7 318 1
0 4 24 2
0 11 261 3
0 9 66 2
0 7 330 2
0 13 17 3
0 4 41 3
0 6 28 2
0 9 113 2
0 12 230 1
0 1 138 2
0 5 290 1
0 11 6 1
0 2 154 3
0 16 134 3
0 7 386 3
0 4 175 1
0 5 87 2
0 5 304 1
0 5 41 1
0 4 324 1
0 11 119 2
0 21 220 2
0 4 367 2
0 6 97 3
0 9 280 3
0 1 178 3
0 11 278 3
0 5 131 1
0 4 248 3
0 1 261 2
0 19 180 2
0 7 330 1
0 14 353 1
0 2 327 2
0 1 99 3
0 12 321 2
0 17 305 3
0 15 245 1
0 1 381 3
0 4 370 1
0 1 154 2
0 6 283 1
0 17 93 2
0 16 335 3
0 1 120 1
0 13 214 3
0 2 281 3
0 6 112 1
0 5 141 3
0 3 199 1
0 19 135 3
0 16 99 2
0 7 207 2
0 2 66 3
0 7 11 3
0 5 198 1
0 10 295 1
0 7 323 2
0 25 367 2
0 13 50 1
0 7 345 3
0 4 29 3
0 4 262 1
0 9 343 1
0 18 110 2
0 25 212 2
0 11 372 2
0 6 157 1
0 9 168 1
0 3 86 3
0 24 229 1
0 18 287 1
0 8 155 1
0 3 109 3
0 11 138 1
0 3 244 3
0 4 399 2
0 13 213 1
0 1 394 3
0 1 35 2
0 24 331 2
0 6 262 3
0 7 112 2
0 11 169 1
0 6 60 1
0 5 361 1
0 3 158 3
0 11 308 3
0 4 264 1
0 4 280 2
0 10 289 1
0 4 313 2
0 9 78 3
0 5 74 2
0 10 232 2
0 7 277 2
0 5 387 2
0 1 140 2
0 9 54 3
0 10 234 2
0 2 325 1
0 9 223 1
0 4 252 2
0 7 21 3
0 25 351 3
0 4 286 3
0 16 115 2
0 8 207 3
0 2 215 2
0 11 226 2
0 1 308 3
0 2 121 2
0 17 370 2
0 14 7 3
0 2 255 3
0 3 10 1
0 18 183 3
0 1 377 3
0 12 393 1
0 16 326 1
0 11 320 2
0 4 10 3
0 1 396 1
0 1 161 3
0 7 269 1
0 2 375 1
0 2 330 2
0 3 37 3
0 2 305 2
0 17 333 2
0 5 250 2
0 5 175 3
0 11 263 1
0 1 121 3
0 2 269 1
0 19 46 1
0 7 106 2
0 19 219 2
0 13 219 2
0 5 90 1
0 1 151 1
0 1 249 1
0 2 67 1
0 14 163 3
0 15 251 2
0 4 361 3
0 18 84 3
0 19 386 3
0 1 385 3
0 24 235 2
0 2 237 3
0 22 134 1
0 4 66 2
0 2 381 2
0 20 114 3
0 5 149 1
0 10 52 2
0 6 106 2
0 7 22 1
0 8 380 2
0 9 346 1
0 1 305 1
0 9 281 1
0 6 396 1
0 13 30 1
0 3 391 1
0 7 335 3
0 13 299 2
0 10 295 1
0 1 13 2
0 5 319 1
0 5 365 3
0 15 236 3
0 3 349 1
0 15 344 3
0 5 162 2
0 4 240 2
0 17 349 1
0 2 381 3
0 2 94 2
0 13 268 2
0 12 336 2
0 16 3 2
0 5 106 3
0 9 68 3
0 25 179 1
0 6 139 3
0 8 22 3
0 18 39 3
0 11 9 1
0 3 274 1
0 1 113 3
0 6 244 3
0 2 274 3
0 10 272 2
0 2 164 1
0 7 236 1
0 7 208 2
0 6 287 1
0 14 42 3
0 4 361 3
0 10 373 2
0 2 218 3
0 2 327 3
0 4 85 2
0 13 101 1
0 8 307 1
0 7 398 3
0 6 73 1
0 13 92 1
0 2 283 1
0 14 89 1
0 3 99 1
0 1 375 2
0 6 273 3
0 4 96 3
0 17 254 3
0 3 31 2
0 13 131 3
0 14 144 3
0 5 126 1
0 3 366 3
0 7 288 2
0 19 27 1
0 2 330 3
0 2 360 3
0 3 87 2
0 25 333 3
0 4 196 3
0 1 303 3
0 8 302 2
0 4 225 1
0 4 302 3
0 4 92 3
0 3 221 3
0 6 324 1
0 2 261 1
0 18 215 1
0 4 180 2
0 8 45 3
0 5 16 2
0 7 116 2
0 19 259 3
0 10 118 1
0 8 218 1
0 2 115 1
0 6 315 3
0 8 66 1
0 21 167 3
0 8 58 1
0 6 81 1
0 8 209 1
0 5 103 3
0 15 33 3
0 12 98 3
0 7 182 2
0 7 231 3
0 20 301 3
0 15 279 1
0 14 80 3
0 2 10 3
0 20 280 1
0 14 248 2
0 13 357 3
0 12 218 1
0 10 293 3
0 12 284 2
0 2 8 2
0 15 182 3
0 9 226 3
0 17 373 3
0 25 125 2
0 5 343 1
0 13 134 1
0 5 237 3
0 14 179 3
0 2 258 2
0 8 220 3
0 9 252 3
0 16 132 3
0 1 312 1
0 17 144 3
0 12 293 1
0 7 12 3
0 19 233 1
0 13 379 3
0 2 184 1
0 2 367 1
0 3 49 3
0 23 61 3
0 11 317 1
0 4 275 1
0 8 299 2
0 4 38 3
0 11 121 1
0 14 162 1
0 2 320 2
0 7 51 1
0 2 52 2
0 15 393 3
0 1 90 3
0 3 264 3
0 14 354 1
0 8 178 3
0 10 363 1
0 20 254 2
0 3 387 2
0 5 322 3
0 3 277 2
0 12 267 3
0 1 207 3
0 1 97 1
0 3 351 3
0 10 39 3
0 4 107 1
0 2 262 1
0 10 103 3
0 5 127 3
0 3 265 3
0 10 102 3
0 4 376 3
0 17 97 1
0 2 109 1
0 25 32 1
0 11 111 1
0 11 202 1
0 14 339 2
0 2 10 2
0 16 398 3
0 10 386 2
0 8 21 2
0 11 200 3
0 6 96 1
0 10 358 1
0 18 108 2
0 10 239 1
0 7 242 3
0 16 269 3
0 10 119 1
0 15 99 3
0 4 73 1
0 13 366 1
0 18 342 1
0 14 162 1
0 1 153 1
0 5 354 2
0 7 24 2
0 5 168 1
0 6 160 1
0 2 154 1
0 8 55 3
0 7 338 3
0 18 219 2
0 5 271 2
0 15 17 3
0 7 83 2
0 2 5 3
0 12 392 2
0 3 132 2
0 3 275 2
0 2 125 1
0 2 111 2
0 8 105 2
0 16 234 2
0 9 206 2
0 12 36 2
0 2 337 2
0 6 316 1
0 3 207 3
0 12 89 1
0 5 14 3
0 7 40 2
0 10 355 1
0 6 24 1
0 8 139 3
0 11 359 3
0 1 357 2
0 11 360 2
0 6 327 1
0 6 143 2
0 9 391 3
0 10 188 3
0 3 191 1
0 5 142 3
0 16 6 2
0 7 54 1
0 12 239 2
0 22 367 2
0 4 55 2
0 2 97 1
0 5 177 1
0 12 346 2
0 6 164 3
0 9 368 3
0 7 240 3
0 14 12 1
0 1 342 1
0 4 375 1
0 3 286 1
0 15 323 1
0 8 272 3
0 1 90 3
0 6 138 3
0 4 270 2
0 23 285 2
0 6 15 1
0 1 154 3
0 11 48 2
0 3 123 1
0 4 223 3
0 6 308 1
0 21 81 2
0 9 140 1
0 2 307 3
0 5 239 2
0 2 225 2
0 12 47 1
0 8 120 1
0 5 290 3
0 10 79 1
0 13 24 2
0 4 310 3
0 8 85 1
0 4 388 1
0 6 89 2
0 13 188 1
0 13 67 2
0 10 77 2
0 16 224 1
0 10 242 2
0 24 32 1
0 9 7 2
0 4 79 3
0 14 169 1
0 2 369 1
0 22 63 1
0 12 30 2
0 10 271 1
0 1 151 1
0 13 360 1
0 3 154 3
0 5 352 1
0 3 380 1
0 10 187 3
0 6 100 2
0 3 77 3
0 12 275 1
0 13 154 2
0 18 62 2
0 23 382 1
0 6 98 2
0 3 35 3
0 4 38 1
0 5 249 3
0 2 106 2
0 10 348 2
0 4 227 2
0 10 63 2
0 6 341 2
0 3 334 2
0 9 228 3
0 22 276 1
0 21 372 2
0 20 311 2
0 16 113 3
0 1 315 2
0 15 62 1
0 6 273 3
0 19 6 3
0 2 172 1
0 5 6 2
0 2 21 3
0 11 226 3
0 2 268 1
0 6 282 2
0 2 59 2
0 17 290 3
0 12 396 3
0 6 70 2
0 1 167 2
0 9 31 1
0 7 10 1
0 1 230 3
0 10 259 2
0 2 215 3
0 13 15 1
0 5 346 1
0 3 122 1
0 9 344 1
0 11 344 2
0 4 153 1
0 8 388 2
0 1 334 1
0 15 165 1
0 2 395 2
0 9 134 2
0 8 187 3
0 7 53 1
0 4 35 3
0 6 369 2
0 12 102 1
0 9 379 3
0 6 221 2
0 19 282 2
0 1 263 1
0 12 245 1
0 8 326 1
0 14 362 1
0 1 203 3
0 1 246 2
0 5 384 1
0 1 251 1
0 20 77 1
0 2 99 3
0 7 375 2
0 20 207 2
0 8 281 3
0 13 393 3
0 3 197 2
0 7 94 3
0 4 85 1
0 6 148 1
0 4 299 2
0 3 306 2
0 7 207 3
0 2 113 1
0 1 321 1
0 14 256 1
0 1 117 3
0 1 142 2
0 13 62 3
0 13 372 3
0 6 394 2
0 3 152 3
0 23 341 1
0 8 353 2
0 4 298 2
0 3 108 1
0 18 303 2
0 22 244 1
0 1 374 1
0 15 297 1
0 19 270 3
0 11 73 1
0 5 158 2
0 2 67 3
0 11 49 3
0 10 221 1
0 4 260 3
0 9 259 2
0 10 324 1
0 9 1 3
0 16 307 3
0 9 120 1
0 21 398 2
0 9 130 2
0 24 154 1
0 10 226 1
0 22 135 1
0 1 247 2
0 6 245 2
0 17 252 2
0 10 271 2
0 25 165 3
0 24 334 2
0 5 236 2
0 4 212 1
0 12 188 2
0 7 191 2
0 12 1 2
0 1 5 1
0 15 291 2
0 24 22 2
0 9 181 1
0 3 189 2
0 18 153 2
0 8 176 2
0 19 275 3
0 6 24 3
0 9 373 2
0 4 165 1
0 2 7 3
0 5 337 2
0 17 375 3
0 7 397 1
0 2 248 1
0 18 244 2
0 1 173 2
0 15 336 2
0 7 214 3
0 13 232 1
0 6 350 1
0 7 187 1
0 1 46 2
0 16 391 1
0 4 135 2
0 1 7 2
0 10 388 1
0 1 47 1
0 1 380 3
0 1 105 3
0 3 306 1
0 1 179 2
0 6 354 1
0 1 244 2
0 8 260 1
0 3 52 3
0 2 247 3
0 23 374 2
0 20 206 3
0 7 263 2
0 2 283 1
0 12 235 2
0 6 181 3
0 10 237 3
0 10 266 1
0 15 345 2
0 2 7 1
0 6 216 3
0 25 269 2
0 4 355 3
0 4 355 3
0 23 310 1
0 2 245 3
0 5 153 1
0 10 357 1
0 22 92 1
0 4 330 2
0 7 204 3
0 1 143 1
0 14 285 1
0 3 343 3
0 5 79 2
0 11 182 2
0 16 385 3
0 13 162 2
0 3 285 2
0 6 163 3
0 3 42 3
0 4 125 3
0 8 207 1
0 1 312 3
0 15 371 2
0 2 333 1
0 1 191 1
0 3 345 2
0 9 151 1
0 10 151 3
0 5 32 2
0 20 357 3
0 3 7 3
0 12 335 3
0 6 352 2
0 13 149 2
0 2 8 1
0 8 313 2
0 16 71 1
0 2 381 3
0 4 285 3
0 17 166 3
0 7 323 1
0 7 191 2
0 1 7 1
0 3 85 2
0 1 286 3
0 1 299 3
0 7 42 3
0 9 185 2
0 4 235 2
0 8 87 1
0 4 388 3
0 4 278 3
0 20 39 1
0 8 182 2
0 16 381 1
0 25 134 2
0 3 179 2
0 2 226 2
0 2 251 2
0 1 365 1
0 1 83 2
0 21 322 1
0 2 313 2
0 11 367 2
0 19 345 3
0 24 30 3
0 10 31 2
0 14 58 1
0 1 290 2
0 3 269 1
0 4 162 2
0 17 88 2
0 8 158 3
0 2 208 2
0 25 198 3
0 1 306 1
0 17 122 1
0 8 194 3
0 5 222 2
0 12 251 2
0 25 246 2
0 7 56 2
0 10 115 2
0 7 127 3
0 20 340 3
0 21 346 3
0 3 93 2
0 8 53 3
0 20 189 1
0 6 195 3
0 12 83 2
0 22 168 3
0 3 64 1
0 10 146 2
0 20 139 1
0 17 26 3
0 9 318 2
0 1 16 3
0 11 24 1
0 5 228 2
0 5 144 3
0 15 394 3
0 3 247 1
0 11 383 2
0 3 181 3
0 2 181 1
0 9 296 1
0 16 68 2
0 9 98 2
0 24 170 2
0 3 240 2
0 3 129 2
0 13 76 1
0 15 115 2
0 3 124 3
0 14 252 2
0 13 300 3
0 8 356 3
0 9 105 2
0 3 307 1
0 3 396 2
0 5 212 2
0 7 132 3
0 6 177 3
0 2 285 1
0 1 181 1
0 6 37 3
0 10 291 3
0 7 303 2
0 1 354 3
0 14 390 1
0 17 205 3
0 21 353 3
0 2 304 3
0 11 302 2
0 5 39 3
0 8 247 3
0 2 355 3
0 7 30 1
0 11 359 3
0 16 286 1
0 14 157 3
0 22 81 3
0 8 242 1
0 6 113 2
0 5 240 3
0 20 95 3
0 5 20 1
0 11 359 1
0 11 96 1
0 13 375 2
0 12 283 2
0 2 63 3
0 1 126 2
0 2 166 3
0 1 147 1
0 11 196 3
0 21 344 2
0 6 391 1
0 12 170 3
0 3 89 3
0 1 10 3
0 7 36 2
0 1 136 1
0 5 186 3
0 10 178 2
0 5 311 2
0 19 21 1
0 9 352 1
0 17 49 1
0 7 224 1
0 2 145 3
0 4 341 3
0 14 72 3
0 1 332 3
0 5 86 2
0 17 89 3
0 4 50 1
0 7 173 1
0 1 42 3
0 7 169 3
0 10 42 3
0 10 27 2
0 5 166 3
0 4 321 3
0 8 248 2
0 3 357 3
0 14 14 2
0 12 247 2
0 12 161 1
0 4 333 2
0 8 271 3
0 2 297 1
0 20 291 1
0 1 35 3
0 1 50 2
0 5 28 3
0 5 348 1
0 2 303 3
0 20 255 2
0 10 207 2
0 18 241 2
0 9 399 3
0 4 167 3
0 25 372 2
0 13 397 3
0 6 149 2
0 6 293 1
0 4 295 1
0 3 143 1
0 5 293 2
0 3 154 3
0 4 112 2
0 13 342 2
0 9 326 1
0 11 33 3
0 1 239 2
0 7 284 1
0 3 385 1
0 12 390 1
0 12 304 1
0 15 185 3
0 4 356 2
0 3 394 1
0 8 171 3
0 12 363 3
0 9 378 2
0 8 191 2
0 1 378 2
0 3 301 2
0 4 317 3
0 4 230 1
0 2 37 2
0 16 3 2
0 8 192 3
0 3 87 1
0 4 179 1
0 2 38 2
0 8 256 2
0 13 20 3
0 9 152 1
0 4 377 3
0 4 379 1
0 7 209 1
0 7 375 3
0 6 215 1
0 9 55 1
0 1 117 2
0 7 244 3
0 2 7 3
0 3 154 3
0 15 321 3
0 8 92 3
0 11 209 3
0 8 278 1
0 2 55 2
0 10 155 1
0 4 11 1
0 9 286 1
0 7 92 3
0 16 86 1
0 7 272 3
0 18 251 2
0 2 1 1
0 16 228 3
0 2 361 2
0 2 262 3
0 3 296 1
0 1 41 2
0 9 191 1
0 11 377 1
0 2 167 2
0 6 230 1
0 9 82 1
0 17 112 3
0 2 276 2
0 12 258 1
0 13 88 1
0 10 276 1
0 22 116 2
0 5 337 1
0 14 52 2
0 1 10 2
0 6 254 2
0 11 20 1
0 3 378 3
0 6 193 2
0 3 233 1
0 3 302 1
0 7 204 2
0 3 285 1
0 2 16 1
0 2 313 2
0 11 181 3
0 1 45 1
0 2 241 2
0 4 90 3
0 6 64 2
0 3 382 2
0 8 363 3
0 14 89 3
0 1 25 2
0 6 217 2
0 10 342 1
0 6 68 3
0 6 368 2
0 2 272 3
0 6 379 1
0 2 360 2
0 18 161 1
0 8 197 2
0 5 175 3
0 13 389 2
0 5 310 3
0 8 335 2
0 4 168 3
0 5 75 3
0 11 253 3
0 9 312 1
0 2 209 1
0 1 11 3
0 10 116 3
0 17 208 2
0 3 227 3
0 1 19 3
0 5 94 3
0 2 145 2
0 3 211 2
0 5 93 1
0 5 182 1
0 9 117 2
0 18 153 2
0 12 216 2
0 11 77 2
0 7 104 1
0 1 11 3
0 21 8 3
0 1 196 2
0 19 6 2
0 7 109 2
0 8 136 2
0 13 318 3
0 5 298 1
0 16 193 2
0 9 244 3
0 9 391 3
0 1 92 1
0 8 213 2
0 3 353 2
0 13 398 1
0 10 158 1
0 1 144 3
0 1 16 3
0 22 5 1
0 2 219 3
0 25 263 2
0 2 248 1
0 3 37 1
0 9 168 3
0 12 57 2
0 1 307 2
0 1 365 1
0 7 395 1
0 5 352 2
0 12 72 3
0 9 140 3
0 3 256 1
0 22 400 1
0 8 74 1
0 7 195 1
0 7 195 1
0 2 338 3
0 6 101 1
0 8 281 2
0 2 356 1
0 2 277 1
0 2 266 1
0 13 381 2
0 19 313 3
0 1 384 2
0 1 287 1
0 7 240 3
0 10 266 2
0 7 6 2
0 12 263 2
0 5 183 1
0 3 153 1
0 22 50 2
0 2 306 2
0 16 161 2
0 16 103 2
0 18 190 3
0 14 10 3
0 2 382 3
0 22 351 3
0 4 106 2
0 11 225 1
0 9 399 1
0 9 96 3
0 12 359 2
0 3 266 1
0 5 135 1
0 14 103 1
0 11 282 3
0 16 220 2
0 4 382 3
0 22 316 2
0 5 197 1
0 10 294 1
0 8 55 1
0 12 201 1
0 6 361 1
0 13 195 1
0 23 372 3
0 10 280 2
0 10 124 3
0 21 182 2
0 15 251 2
0 9 236 1
0 6 382 1
0 2 267 3
0 6 120 3
0 25 261 2
0 2 310 1
0 1 177 2
0 10 47 2
0 4 124 1
0 6 65 3
0 3 274 3
0 15 17 1
0 18 367 3
0 4 202 1
0 4 289 2
0 4 17 1
0 25 249 1
0 1 245 2
0 16 78 1
0 3 349 1
0 5 360 1
0 8 26 3
0 18 329 2
0 7 376 2
0 14 52 2
0 10 332 2
0 17 96 1
0 1 259 3
0 17 162 3
0 17 51 3
0 4 339 1
0 8 217 1
0 5 375 2
0 4 253 3
0 6 209 2
0 14 263 2
0 7 226 2
0 6 9 3
0 16 333 2
0 4 40 2
0 6 387 2
0 13 364 3
0 21 174 1
0 5 33 3
0 18 309 1
0 5 345 2
0 19 98 3
0 5 83 1
0 2 328 2
0 4 359 1
0 23 353 2
0 2 60 1
0 1 274 2
0 4 61 1
0 6 219 2
0 12 14 3
0 2 111 1
0 1 59 3
0 10 94 1
0 3 288 2
0 3 73 1
0 19 137 2
0 3 314 1
0 12 116 1
0 2 225 1
0 11 358 2
0 2 310 1
0 5 209 1
0 4 42 3
0 4 44 1
0 3 147 1
0 10 241 1
0 18 111 2
0 18 96 2
0 9 24 3
0 8 231 2
0 9 333 2
0 6 186 1
0 1 173 3
0 15 212 1
0 7 194 2
0 1 152 3
0 2 42 2
0 17 357 3
0 7 58 2
0 4 165 1
0 4 204 2
0 16 147 1
0 4 145 3
0 8 28 2
0 10 338 2
0 4 355 2
0 13 30 1
0 7 134 2
0 3 50 2
0 3 151 1
0 11 209 1
0 6 161 2
0 1 199 2
0 4 74 1
0 14 98 2
0 1 102 3
0 1 365 3
0 17 353 3
0 19 115 3
0 5 182 1
0 16 3 1
0 17 16 1
0 11 100 1
0 1 135 3
0 2 198 1
0 7 137 1
0 16 35 2
0 1 46 2
0 5 130 1
0 12 246 1
0 11 103 1
0 10 18 3
0 5 176 1
0 1 110 1
0 19 49 1
0 10 257 1
0 15 89 2
0 15 185 1
0 24 160 2
0 1 25 1
0 20 108 2
0 1 168 2
0 3 217 1
0 1 166 3
0 10 209 3
0 7 298 3
0 2 223 2
0 9 229 1
0 18 171 1
0 6 204 2
0 14 49 2
0 1 155 3
0 1 329 3
0 2 16 3
0 5 150 2
0 6 218 1
0 8 96 1
0 22 300 2
0 6 249 3
0 7 369 1
0 1 205 3
0 17 112 1
0 1 304 2
0 2 341 2
0 8 298 3
0 6 88 1
0 6 104 3
0 11 338 1
0 15 346 1
0 9 186 2
0 13 116 3
0 13 362 1
0 14 12 3
0 5 183 3
0 6 207 3
0 7 27 1
0 6 2 1
0 9 374 3
0 4 281 1
0 2 74 1
0 5 109 1
0 6 314 2
0 5 262 1
0 3 236 2
0 3 117 1
0 21 249 2
0 16 391 1
0 2 315 1
0 2 147 2
0 7 179 2
0 10 258 2
0 15 244 1
0 7 282 3
0 2 395 2
0 14 9 3
0 6 258 1
0 13 346 2
0 5 215 3
0 7 339 2
0 12 99 1
0 12 197 2
0 10 95 3
0 2 20 2
0 13 267 3
0 7 27 1
0 25 239 2
0 3 220 2
0 6 380 3
0 13 151 2
0 8 141 1
0 2 125 3
0 6 22 1
0 13 272 1
0 3 228 1
0 2 274 3
0 4 51 2
0 12 397 3
0 12 23 3
0 3 62 3
0 10 280 1
0 6 2 1
0 7 99 1
0 3 335 2
0 5 323 3
0 18 36 1
0 19 373 3
0 8 11 1
0 1 1 2
0 11 7 2
0 10 163 1
0 17 298 3
0 8 268 2
0 1 380 3
0 3 6 1
0 2 60 2
0 5 23 1
0 9 327 1
0 10 25 2
0 3 159 1
0 24 226 3
0 2 26 2
0 15 344 3
0 4 220 2
0 7 347 1
0 15 352 3
0 16 316 3
0 20 399 1
0 10 210 1
0 3 220 1
0 5 296 3
0 3 188 1
0 12 372 2
0 2 158 2
0 17 287 1
0 13 78 3
0 5 172 2
0 2 136 3
0 25 250 3
0 11 359 1
0 1 204 2
0 1 175 2
0 13 344 3
0 17 124 1
0 1 70 3
0 10 331 2
0 1 220 3
0 5 189 3
0 1 51 2
0 22 212 2
0 1 194 1
0 8 277 1
0 12 291 2
0 18 135 2
0 19 226 3
0 18 53 2
0 2 120 2
0 7 348 3
0 2 187 1
0 6 180 3
0 18 190 1
0 12 57 3
0 7 108 2
0 21 151 1
0 2 32 3
0 10 126 1
0 24 177 2
0 17 56 1
0 10 95 1
0 1 308 2
0 20 173 3
0 13 399 2
0 2 268 2
0 1 132 2
0 2 356 3
0 17 46 2
0 4 78 1
0 9 238 3
0 7 348 2
0 5 199 1
0 9 371 3
0 4 150 3
0 10 65 1
0 18 353 1
0 4 215 1
0 23 383 2
0 21 58 3
0 10 44 3
0 13 295 1
0 10 315 2
0 15 133 3
0 1 294 2
0 7 162 2
0 1 312 1
0 1 16 1
0 3 44 2
0 4 369 3
0 23 218 3
0 11 57 2
0 4 256 1
0 2 187 2
0 18 392 1
0 7 194 2
0 6 261 1
0 7 278 3
0 1 306 3
0 18 66 1
0 1 264 1
0 4 354 2
0 2 244 1
0 7 230 2
0 7 25 1
0 10 322 1
0 2 349 1
0 4 295 1
0 1 136 1
0 16 188 1
0 6 297 2
0 15 379 2
0 2 301 3
0 5 288 1
0 7 143 1
0 1 202 3
0 3 195 3
0 6 171 2
0 1 42 3
0 9 224 2
0 20 300 3
0 25 118 3
0 7 195 1
0 12 168 1
0 13 337 3
0 1 177 2
0 12 299 2
0 6 382 2
0 5 87 3
0 1 174 1
0 7 344 3
0 10 98 2
0 3 398 1
0 22 362 2
0 7 96 3
0 9 69 1
0 7 330 1
0 1 119 1
0 11 238 1
0 1 62 1
0 7 313 1
0 2 153 3
0 13 110 3
0 1 347 1
0 1 355 2
0 22 269 2
0 13 180 2
0 11 336 3
0 8 91 1
0 3 35 3
0 3 162 1
0 2 348 1
0 2 85 2
0 8 357 1
0 17 143 2
0 3 60 2
0 9 331 3
0 2 13 2
0 4 327 3
0 18 196 2
0 6 57 1
0 17 227 1
0 2 20 2
0 8 393 1
0 2 153 1
0 5 80 2
0 24 110 1
0 4 37 3
0 5 302 2
0 19 285 1
0 15 305 2
0 4 348 2
0 4 142 3
0 21 28 3
0 3 78 1
0 25 89 3
0 3 42 1
0 23 235 3
0 4 310 2
0 1 90 2
0 17 211 2
0 3 65 3
0 4 6 2
0 16 206 1
0 13 36 1
0 21 143 3
0 15 248 3
0 18 120 3
0 9 320 3
0 25 190 2
0 5 70 1
0 8 58 1
0 7 325 2
0 22 108 1
0 12 319 3
0 7 277 1
0 1 40 3
0 8 269 1
0 3 347 2
0 6 204 1
0 2 1 3
0 10 329 1
0 12 265 3
0 1 179 2
0 1 61 2
0 2 150 1
0 3 69 2
0 3 273 2
0 10 59 1
0 2 295 2
0 25 89 3
0 3 320 1
0 17 101 1
0 20 241 1
0 25 305 3
0 13 299 1
0 2 298 2
0 12 276 3
0 3 70 2
0 1 52 2
0 8 373 1
0 22 174 2
0 12 375 2
0 8 185 3
0 9 315 3
0 2 117 1
0 13 365 1
0 2 323 1
0 22 363 2
0 10 126 1
0 7 141 2
0 1 135 3
0 3 186 2
0 15 90 3
0 7 201 3
0 7 236 3
0 7 323 1
0 10 169 2
0 16 257 3
0 2 124 3
0 7 176 3
0 8 268 2
0 4 109 3
0 17 2 1
0 5 29 2
0 3 149 3
0 12 339 2
0 1 23 3
0 2 68 2
0 1 182 2
0 2 340 1
0 8 385 1
0 4 317 1
0 5 206 1
0 7 311 1
0 17 132 2
0 11 396 2
0 4 252 1
0 8 301 2
0 2 35 3
0 15 34 3
0 4 377 3
0 17 96 3
0 1 66 1
0 2 240 3
0 5 135 1
0 3 1 2
0 3 175 2
0 18 225 2
0 13 97 3
0 7 113 2
0 6 185 1
0 7 235 2
0 12 400 2
0 8 227 2
0 2 140 3
0 2 46 1
0 9 379 1
0 4 299 2
0 2 87 1
0 5 306 1
0 7 358 2
0 7 63 2
0 12 68 3
0 3 30 1
0 3 259 1
0 8 316 3
0 14 55 3
0 6 195 3
0 8 108 1
0 2 333 1
0 16 326 2
0 24 392 3
0 11 258 3
0 18 335 1
0 3 332 3
0 1 234 3
0 6 373 1
0 18 154 3
0 4 119 2
0 9 118 2
0 4 220 2
0 5 194 3
0 8 341 2
0 1 69 1
0 9 152 1
0 5 328 3
0 11 203 2
1 12 71 3
1 20 176 3
1 9 180 1
1 16 363 1
1 5 64 1
1 8 382 1
1 11 257 1
1 7 205 3
1 3 321 1
1 19 336 3
1 20 191 3
1 7 162 1
1 19 342 2
1 12 61 2
1 25 185 2
1 3 314 1
1 15 159 2
1 8 64 1
1 4 241 1
1 6 258 1
1 9 20 2
1 15 11 3
1 20 133 2
1 5 266 2
1 18 204 3
1 6 387 3
1 12 19 1
1 1 165 2
1 12 208 1
1 2 376 3
1 9 297 1
1 18 203 2
1 3 44 2
1 4 244 2
1 7 47 3
1 3 215 2
1 3 190 2
1 14 91 2
1 6 166 2
1 14 71 1
1 11 197 3
1 8 369 2
1 9 134 3
1 3 353 1
1 6 227 1
1 7 95 3
1 10 369 3
1 4 151 3
1 22 271 2
1 11 78 2
1 5 386 2
1 16 362 3
1 22 125 2
1 4 109 3
1 1 81 2
1 1 279 3
1 4 345 3
1 16 165 3
1 8 203 1
1 17 247 2
1 18 265 1
1 6 5 2
1 16 358 1
1 22 202 3
1 10 61 3
1 2 326 2
1 9 109 3
1 8 124 3
1 3 322 2
1 7 38 1
1 6 188 3
1 6 132 2
1 1 63 1
1 10 111 3
1 19 286 2
1 14 68 1
1 3 94 2
1 1 26 3
1 19 314 2
1 4 45 2
1 15 280 3
1 6 38 1
1 3 142 3
1 12 323 3
1 23 187 3
1 12 87 2
1 10 161 1
1 5 265 2
1 9 179 2
1 13 14 1
1 4 170 2
1 14 100 1
1 6 249 3
1 14 12 2
1 13 265 1
1 14 32 2
1 10 234 3
1 4 132 1
1 13 148 2
1 6 132 1
1 3 297 1
1 10 81 3
1 1 185 3
1 19 250 2
1 14 258 3
1 1 147 3
1 1 224 1
1 21 145 3
1 6 356 2
1 1 224 3
1 1 1 3
1 13 138 3
1 2 355 3
1 5 194 1
1 13 4 1
1 5 344 2
1 8 269 3
1 11 304 1
1 5 201 3
1 2 18 2
1 5 239 2
1 5 358 3
1 4 194 2
1 5 193 3
1 16 38 1
1 2 195 1
1 20 120 3
1 1 359 3
1 6 207 3
1 12 205 3
1 6 14 3
1 8 268 2
1 12 59 3
1 7 237 1
1 6 304 3
1 5 371 3
1 6 56 2
1 2 99 3
1 12 320 2
1 20 113 1
1 13 195 3
1 7 20 1
1 5 41 1
1 9 213 2
1 9 262 1
1 7 15 2
1 6 246 2
1 7 242 1
1 10 194 2
1 4 268 1
1 21 283 3
1 3 70 1
1 12 233 1
1 10 107 1
1 17 332 1
1 7 3 3
1 13 198 2
1 3 47 3
1 12 221 3
1 7 18 1
1 11 154 1
1 7 389 3
1 4 300 1
1 12 273 1
1 1 271 1
1 8 255 2
1 5 130 1
1 3 112 1
1 22 300 3
1 2 217 3
1 17 367 3
1 1 272 1
1 3 23 1
1 1 179 1
1 14 80 1
1 8 110 2
1 5 110 3
1 5 238 2
1 7 213 2
1 5 169 2
1 7 399 2
1 1 235 1
1 12 364 2
1 4 294 2
1 13 1 1
1 7 375 1
1 18 36 1
1 7 384 2
1 10 249 1
1 5 281 2
1 24 366 2
1 4 126 2
1 4 192 1
1 12 59 3
1 5 187 1
1 3 346 2
1 7 180 2
1 20 373 1
1 2 75 3
1 8 194 2
1 11 49 3
1 8 243 1
1 8 27 1
1 21 283 2
1 2 248 2
1 2 272 2
1 7 237 3
1 3 69 2
1 10 91 3
1 17 122 1
1 7 319 3
1 10 383 3
1 7 295 3
1 4 388 1
1 3 96 1
1 8 89 1
1 3 19 1
1 7 357 2
1 2 22 3
1 9 43 2
1 4 223 1
1 20 76 2
1 1 49 1
1 5 8 2
1 1 292 1
1 16 273 3
1 6 6 3
1 7 371 1
1 10 390 1
1 4 207 1
1 13 87 3
1 2 29 3
1 7 40 1
1 3 399 2
1 3 389 2
1 13 350 3
1 12 359 2
1 2 34 1
1 1 296 1
1 10 311 2
1 1 340 3
1 4 275 2
1 3 378 3
1 4 350 3
1 25 350 1
1 4 110 1
1 16 194 2
1 1 135 3
1 6 389 3
1 3 291 1
1 2 291 1
1 19 398 1
1 10 187 2
1 9 157 1
1 5 101 1
1 10 25 2
1 3 14 3
1 8 28 1
1 2 220 1
1 1 14 3
1 11 21 1
1 6 111 1
1 20 79 1
1 4 180 1
1 1 73 2
1 1 196 2
1 7 160 2
1 15 123 1
1 3 57 3
1 1 346 1
1 7 74 2
1 3 270 2
1 5 4 2
1 23 3 2
1 1 347 1
1 2 153 2
1 1 394 3
1 4 229 2
1 5 245 3
1 10 72 1
1 3 182 2
1 5 215 2
1 1 228 2
1 17 141 2
1 1 157 3
1 5 336 2
1 5 83 3
1 4 348 1
1 6 306 1
1 1 375 3
1 3 46 1
1 1 67 2
1 2 337 2
1 4 19 2
1 15 28 3
1 23 346 1
1 14 365 2
1 7 59 1
1 16 50 3
1 18 352 3
1 3 200 2
1 6 54 2
1 8 234 2
1 5 23 2
1 18 283 1
1 3 195 1
1 13 121 2
1 5 345 2
1 7 147 2
1 2 84 1
1 4 63 2
1 23 209 1
1 14 324 3
1 13 318 2
1 17 114 2
1 6 119 3
1 3 175 1
1 3 283 2
1 4 168 3
1 6 321 1
1 1 67 2
1 5 191 2
1 13 66 3
1 25 233 1
1 20 261 1
1 8 31 1
1 2 262 3
1 3 343 3
1 7 353 1
1 5 26 2
1 3 375 2
1 6 86 3
1 11 132 2
1 14 122 3
1 1 371 2
1 2 98 3
1 3 284 3
1 2 340 1
1 2 38 2
1 3 239 1
1 10 171 2
1 12 316 1
1 4 5 1
1 7 304 2
1 1 131 2
1 1 397 2
1 10 340 2
1 2 118 1
1 12 359 2
1 1 304 3
1 1 374 3
1 6 197 3
1 4 102 2
1 18 366 1
1 3 200 1
1 2 54 3
1 5 26 3
1 2 334 2
1 7 376 1
1 13 99 2
1 6 9 2
1 3 135 3
1 3 53 1
1 7 343 2
1 8 87 3
1 2 340 1
1 1 12 2
1 6 122 1
1 4 168 1
1 9 250 2
1 19 149 2
1 1 89 3
1 6 103 1
1 9 204 2
1 9 205 3
1 1 312 2
1 13 267 3
1 3 197 2
1 19 5 3
1 12 202 1
1 7 202 3
1 1 250 1
1 19 397 2
1 11 344 3
1 8 231 1
1 4 199 1
1 16 81 1
1 1 219 2
1 1 399 2
1 25 382 3
1 5 270 3
1 12 341 2
1 11 58 3
1 7 54 1
1 11 8 3
1 4 299 3
1 8 85 2
1 2 49 1
1 5 363 3
1 4 123 3
1 3 179 1
1 18 394 2
1 7 361 2
1 1 93 2
1 5 311 1
1 1 305 1
1 11 35 3
1 8 159 2
1 5 187 1
1 8 7 2
1 9 192 2
1 7 274 1
1 13 13 1
1 3 100 1
1 4 178 3
1 11 235 2
1 2 164 3
1 5 326 2
1 3 29 2
1 6 321 3
1 6 62 3
1 5 312 1
1 14 236 3
1 5 197 1
1 6 48 3
1 7 126 3
1 7 305 3
1 18 186 1
1 13 270 3
1 7 16 2
1 18 295 3
1 1 64 3
1 21 73 1
1 6 307 3
1 22 279 3
1 3 156 3
1 9 158 2
1 13 115 2
1 20 285 1
1 1 174 2
1 4 71 3
1 18 65 2
1 7 184 3
1 25 15 3
1 15 16 3
1 1 398 3
1 21 26 1
1 7 24 3
1 3 73 1
1 20 198 1
1 15 196 1
1 2 22 2
1 2 128 2
1 9 124 2
1 9 29 3
1 2 246 2
1 9 143 1
1 13 323 3
1 8 325 1
1 18 343 2
1 5 218 1
1 18 390 3
1 21 1 2
1 8 343 1
1 10 285 1
1 5 238 3
1 12 96 2
1 2 220 3
1 4 26 3
1 10 96 2
1 3 314 3
1 2 295 3
1 19 300 3
1 10 89 2
1 6 132 3
1 19 251 1
1 5 358 2
1 6 247 1
1 7 45 1
1 10 318 3
1 9 94 3
1 18 256 3
1 1 302 3
1 7 84 1
1 18 124 1
1 16 50 2
1 8 276 3
1 1 99 3
1 6 61 1
1 3 113 1
1 2 234 1
1 9 393 1
1 4 147 1
1 1 300 3
1 17 79 1
1 6 293 2
1 4 181 2
1 3 284 3
1 22 26 3
1 3 42 1
1 6 100 1
1 2 367 2
1 20 82 3
1 7 192 1
1 4 182 2
1 21 149 3
1 1 153 2
1 12 61 3
1 21 133 2
1 2 327 2
1 21 195 2
1 2 21 2
1 6 310 2
1 6 360 1
1 7 237 3
1 1 118 1
1 11 66 2
1 17 359 2
1 5 121 2
1 14 3 2
1 15 173 2
1 3 278 3
1 9 242 3
1 10 3 3
1 11 142 1
1 7 47 1
1 2 323 3
1 16 318 2
1 3 301 3
1 8 332 2
1 2 334 1
1 6 372 2
1 11 372 3
1 12 103 3
1 17 104 1
1 8 212 3
1 16 114 2
1 3 236 3
1 22 319 3
1 1 29 2
1 15 193 1
1 1 400 1
1 16 177 2
1 4 248 3
1 5 302 3
1 21 344 2
1 4 179 2
1 5 310 1
1 5 81 1
1 6 392 3
1 9 371 1
1 16 329 1
1 12 153 1
1 8 166 2
1 10 258 2
1 21 381 2
1 2 283 1
1 4 263 1
1 5 337 2
1 12 119 2
1 16 73 1
1 4 330 3
1 1 285 3
1 17 281 2
1 2 147 3
1 21 43 3
1 9 19 2
1 3 9 2
1 12 357 2
1 10 211 1
1 1 43 1
1 8 380 2
1 16 42 1
1 4 66 1
1 19 398 1
1 9 50 3
1 22 250 1
1 5 369 3
1 11 374 2
1 1 281 1
1 7 272 2
1 9 107 1
1 4 389 2
1 2 213 1
1 11 230 2
1 4 97 3
1 9 271 1
1 24 264 2
1 5 264 3
1 12 332 1
1 6 305 2
1 10 267 1
1 5 397 3
1 13 244 1
1 6 327 1
1 8 99 1
1 3 68 1
1 10 258 1
1 5 161 3
1 13 25 3
1 1 139 3
1 13 216 3
1 10 112 2
1 7 76 3
1 8 73 2
1 2 385 2
1 11 126 2
1 16 256 1
1 5 334 2
1 17 368 3
1 2 204 3
1 4 294 3
1 3 107 2
1 14 339 2
1 2 268 1
1 1 252 3
1 4 187 1
1 24 318 2
1 4 355 3
1 12 293 1
1 10 128 2
1 8 299 2
1 20 310 3
1 14 339 1
1 14 168 2
1 8 117 2
1 7 292 2
1 7 231 1
1 16 104 1
1 13 123 1
1 4 83 1
1 16 303 3
1 24 34 1
1 2 357 3
1 22 49 1
1 1 142 1
1 3 86 2
1 1 197 3
1 2 146 3
1 5 225 2
1 8 266 3
1 9 275 1
1 8 347 3
1 8 215 3
1 12 124 2
1 20 200 1
1 7 247 2
1 1 255 3
1 12 132 1
1 5 276 2
1 8 76 1
1 16 320 1
1 16 147 2
1 9 125 2
1 1 382 3
1 18 94 3
1 3 73 1
1 12 51 3
1 4 160 1
1 1 283 1
1 18 98 3
1 17 67 1
1 1 164 1
1 5 242 1
1 16 302 1
1 16 248 2
1 3 315 2
1 23 290 2
1 6 259 3
1 23 330 2
1 18 237 3
1 12 350 1
1 14 26 1
1 3 306 3
1 13 59 2
1 6 142 2
1 4 347 2
1 25 125 3
1 11 7 3
1 11 291 2
1 2 102 1
1 21 94 2
1 17 68 3
1 6 219 2
1 1 91 2
1 2 143 2
1 16 75 2
1 1 248 1
1 22 278 1
1 1 256 1
1 5 322 1
1 11 342 1
1 8 231 3
1 10 309 1
1 12 4 1
1 6 56 2
1 19 1 3
1 12 43 2
1 2 149 3
1 11 17 2
1 3 210 1
1 10 179 2
1 5 27 1
1 22 196 3
1 7 68 2
1 5 85 3
1 7 74 1
1 9 6 3
1 6 184 1
1 1 124 2
1 5 101 2
1 15 381 3
1 4 98 2
1 13 194 3
1 2 161 1
1 14 313 1
1 4 79 2
1 4 190 3
1 16 285 1
1 1 77 2
1 4 224 3
1 18 4 3
1 3 36 2
1 21 136 3
1 5 357 1
1 9 144 3
1 1 147 3
1 20 154 1
1 17 142 3
1 12 89 3
1 1 376 3
1 3 76 1
1 4 80 3
1 18 237 3
1 15 214 1
1 11 63 1
1 13 205 1
1 23 29 3
1 2 286 2
1 7 141 2
1 2 165 2
1 18 212 1
1 1 29 2
1 5 39 1
1 22 249 3
1 2 111 2
1 8 90 3
1 14 191 1
1 1 293 3
1 3 358 3
1 5 94 2
1 7 20 3
1 11 275 2
1 6 232 3
1 9 43 1
1 17 188 2
1 6 181 2
1 5 119 3
1 10 116 2
1 25 387 1
1 3 57 3
1 1 314 3
1 3 143 3
1 9 351 1
1 10 371 1
1 6 181 1
1 1 101 2
1 14 286 1
1 7 43 3
1 7 203 2
1 6 204 1
1 1 355 1
1 18 104 2
1 24 24 1
1 18 321 1
1 23 131 2
1 2 213 1
1 1 180 3
1 11 203 1
1 5 238 2
1 1 238 3
1 9 377 2
1 2 180 1
1 11 111 2
1 10 284 3
1 23 245 1
1 9 127 3
1 15 33 1
1 10 16 3
1 1 36 1
1 8 289 3
1 2 338 3
1 13 6 2
1 2 8 2
1 5 190 1
1 21 272 2
1 1 202 1
1 3 270 1
1 1 241 1
1 4 378 1
1 4 115 2
1 7 339 2
1 9 214 2
1 20 40 2
1 3 213 3
1 2 7 3
1 6 176 2
1 24 357 1
1 2 80 2
1 5 2 3
1 4 384 3
1 9 205 3
1 1 353 2
1 21 251 3
1 3 127 3
1 1 325 1
1 14 65 3
1 1 6 1
1 3 286 3
1 1 76 3
1 7 15 2
1 9 48 1
1 6 398 1
1 11 84 2
1 13 33 1
1 3 349 1
1 2 391 3
1 8 181 1
1 5 169 3
1 4 58 3
1 4 306 1
1 6 313 1
1 10 259 1
1 11 1 1
1 5 134 2
1 6 223 3
1 2 229 2
1 2 165 1
1 2 372 1
1 4 295 2
1 14 270 2
1 6 191 2
1 1 328 3
1 23 327 1
1 10 107 3
1 10 256 1
1 1 330 2
1 24 257 3
1 3 266 2
1 15 391 2
1 5 185 1
1 14 309 2
1 13 78 2
1 10 210 3
1 9 108 2
1 21 6 1
1 6 17 1
1 6 311 3
1 3 205 3
1 2 361 3
1 4 303 3
1 1 400 1
1 16 230 3
1 3 112 3
1 9 193 3
1 22 51 3
1 4 53 3
1 15 173 3
1 3 129 3
1 4 108 1
1 1 380 1
1 1 323 2
1 2 234 1
1 11 141 3
1 7 117 1
1 15 310 1
1 3 104 3
1 17 109 2
1 11 157 2
1 11 256 3
1 3 112 3
1 1 270 1
1 6 96 3
1 5 310 3
1 3 148 2
1 10 78 3
1 3 60 3
1 6 258 3
1 20 123 1
1 5 26 2
1 2 367 1
1 20 11 1
1 5 71 2
1 8 26 1
1 7 94 1
1 3 390 1
1 3 87 2
1 13 141 3
1 16 312 2
1 2 5 3
1 3 350 3
1 13 366 3
1 9 370 3
1 7 393 1
1 2 386 1
1 3 165 1
1 1 44 3
1 12 23 2
1 16 124 3
1 6 359 3
1 3 311 1
1 19 148 1
1 4 228 1
1 8 45 3
1 7 14 2
1 13 114 3
1 11 191 3
1 1 352 1
1 25 69 1
1 1 200 1
1 1 362 2
1 1 84 1
1 1 326 1
1 2 192 2
1 21 225 3
1 8 205 1
1 8 88 1
1 13 33 2
1 19 379 1
1 9 49 1
1 7 227 1
1 8 236 1
1 16 37 2
1 7 383 3
1 2 82 2
1 4 40 2
1 13 326 1
1 19 218 3
1 2 381 2
1 1 268 3
1 6 374 1
1 12 327 1
1 6 85 3
1 1 341 1
1 3 280 3
1 2 391 3
1 6 129 1
1 1 203 3
1 3 257 2
1 3 200 3
1 2 165 3
1 1 91 2
1 2 135 2
1 4 241 1
1 13 77 3
1 5 17 3
1 6 98 3
1 2 189 3
1 22 314 2
1 1 10 1
1 9 107 3
1 5 217 3
1 2 130 1
1 14 189 1
1 8 319 3
1 4 79 2
1 18 315 3
1 12 393 3
1 1 309 1
1 5 125 3
1 11 338 2
1 13 69 3
1 2 398 3
1 3 96 3
1 14 174 1
1 9 40 3
1 6 341 2
1 12 174 2
1 6 64 3
1 3 158 1
1 19 321 3
1 7 388 2
1 2 343 1
1 4 242 2
1 2 56 2
1 1 259 1
1 3 179 3
1 7 162 1
1 23 270 2
1 12 147 1
1 4 124 1
1 18 50 1
1 8 75 3
1 8 176 3
1 4 138 3
1 7 335 1
1 7 248 1
1 13 154 1
1 3 243 3
1 10 188 2
1 14 94 2
1 5 289 1
1 16 27 1
1 12 156 3
1 16 277 1
1 10 180 1
1 6 54 2
1 8 29 2
1 7 342 2
1 20 257 2
1 8 58 2
1 3 307 1
1 13 85 1
1 12 311 1
1 20 296 1
1 4 282 2
1 7 339 3
1 6 253 1
1 3 177 3
1 19 16 1
1 15 154 1
1 1 264 1
1 2 285 2
1 6 351 2
1 24 189 1
1 10 398 1
1 11 356 1
1 8 341 1
1 12 318 2
1 7 56 2
1 1 287 3
1 8 288 1
1 11 335 3
1 10 185 2
1 23 326 2
1 4 215 2
1 5 162 3
1 16 301 2
1 23 251 3
1 8 159 3
1 4 400 1
1 1 212 3
1 7 29 2
1 14 288 2
1 10 344 3
1 5 332 1
1 17 377 1
1 1 386 2
1 3 11 1
1 1 115 2
1 17 78 2
1 13 288 2
1 9 374 3
1 17 214 2
1 19 53 3
1 4 59 1
1 13 27 1
1 22 206 2
1 9 123 3
1 4 159 3
1 10 315 1
1 12 273 3
1 11 397 3
1 1 303 2
1 22 358 2
1 10 229 2
1 11 18 3
1 10 183 1
1 3 179 1
1 4 153 1
1 17 171 3
1 12 15 3
1 6 217 3
1 7 48 3
1 25 252 2
1 4 289 3
1 5 267 2
1 6 285 2
1 1 75 2
1 3 230 1
1 4 259 1
1 22 332 1
1 3 182 2
1 15 296 1
1 4 314 1
1 2 63 2
1 3 344 2
1 1 385 1
1 16 290 3
1 4 301 3
1 14 128 1
1 21 230 3
1 2 284 1
1 2 164 2
1 2 391 2
1 10 238 1
1 7 388 1
1 11 69 3
1 12 369 2
1 1 390 2
1 2 332 1
1 11 264 1
1 4 161 2
1 22 133 2
1 8 323 1
1 21 207 3
1 7 331 3
1 1 344 1
1 5 137 1
1 1 13 1
1 9 192 1
1 3 153 3
1 6 74 2
1 3 59 1
1 1 239 1
1 4 94 1
1 13 93 3
1 15 75 2
1 5 190 2
1 22 290 2
1 3 389 3
1 1 260 2
1 5 14 2
1 2 268 1
1 20 174 3
1 3 372 1
1 2 275 2
1 7 258 1
1 1 342 3
1 20 70 1
1 14 322 3
1 9 20 3
1 6 141 1
1 3 194 2
1 13 314 3
1 3 109 2
1 4 265 3
1 13 336 2
1 7 284 3
1 7 63 2
1 11 260 2
1 5 212 2
1 5 293 3
1 6 27 2
1 5 209 2
1 2 72 3
1 7 168 2
1 22 345 2
1 13 106 1
1 10 395 1
1 18 90 2
1 9 7 2
1 5 234 2
1 16 273 3
1 3 334 3
1 2 279 1
1 23 239 2
1 7 271 1
1 5 314 3
1 16 191 2
1 8 109 1
1 9 317 3
1 2 280 2
1 5 18 3
1 7 228 2
1 9 202 1
1 13 230 1
1 15 223 1
1 25 109 2
1 12 312 3
1 7 106 2
1 12 34 2
1 8 28 2
1 1 83 2
1 9 280 2
1 14 106 2
1 1 172 1
1 2 75 2
1 5 106 3
1 12 166 2
1 9 369 2
1 10 353 1
1 5 371 2
1 5 98 3
1 2 48 3
1 4 26 2
1 5 287 3
1 5 293 1
1 4 116 1
1 16 60 1
1 3 268 3
1 1 200 3
1 3 166 3
1 4 60 2
1 5 396 3
1 4 1 2
1 3 258 3
1 7 320 2
1 12 4 3
1 5 104 1
1 8 199 2
1 23 92 1
1 4 307 2
1 7 311 3
1 23 234 3
1 4 242 1
1 6 398 3
1 20 140 1
1 2 117 1
1 1 256 2
1 11 75 2
1 10 179 2
1 12 57 3
1 10 79 2
1 17 294 2
1 1 203 2
1 9 222 1
1 3 397 2
1 21 167 2
1 24 325 1
1 14 231 1
1 2 246 1
1 3 189 3
1 3 256 3
1 10 281 1
1 1 190 2
1 6 320 3
1 13 129 2
1 24 307 2
1 1 17 1
1 5 238 1
1 2 20 2
1 20 337 3
1 21 177 1
1 16 99 1
1 11 368 2
1 8 274 1
1 9 257 1
1 1 193 3
1 6 81 1
1 12 138 1
1 18 177 1
1 1 314 3
1 15 310 3
1 24 224 1
1 1 118 2
1 21 223 3
1 15 97 3
1 20 93 2
1 2 120 3
1 17 305 1
1 8 254 3
1 7 33 2
1 5 334 1
1 24 285 3
1 8 38 2
1 3 245 3
1 3 117 3
1 1 357 3
1 9 173 1
1 2 149 1
1 9 191 3
1 6 360 3
1 3 97 2
1 1 38 3
1 6 53 1
1 6 88 2
1 12 135 1
1 8 187 2
1 1 322 1
1 9 220 3
1 1 67 1
1 14 222 1
1 9 234 1
1 1 7 3
1 8 254 3
1 1 124 1
1 12 180 3
1 3 399 1
1 1 165 3
1 1 193 2
1 1 222 2
1 19 235 1
1 18 9 2
1 1 204 2
1 10 226 1
1 25 118 2
1 11 286 1
1 5 324 2
1 4 315 3
1 17 164 2
1 1 117 1
1 9 338 3
1 6 152 2
1 7 390 1
1 16 194 2
1 5 293 3
1 17 68 2
1 11 249 3
1 15 376 2
1 4 127 1
1 1 56 1
1 14 52 3
1 3 54 3
1 4 139 3
1 19 136 2
1 10 35 1
1 3 45 2
1 15 165 3
1 5 375 3
1 9 202 2
1 5 65 1
1 7 166 1
1 5 311 3
1 15 156 1
1 1 63 1
1 5 113 3
1 2 302 1
1 16 359 2
1 1 88 3
1 4 181 1
1 19 155 2
1 8 217 1
1 24 242 3
1 1 153 1
1 18 258 2
1 8 147 2
1 1 385 2
1 20 253 1
1 9 26 1
1 6 156 2
1 10 36 2
1 23 214 3
1 2 28 2
1 1 253 3
1 4 336 3
1 1 389 1
1 16 309 3
1 9 84 3
1 1 96 3
1 10 280 2
1 7 276 2
1 5 273 1
1 5 385 1
1 1 90 2
1 23 155 1
1 14 297 1
1 10 263 2
1 4 186 3
1 8 264 2
1 15 49 2
1 19 16 2
1 1 342 3
1 5 152 3
1 11 226 1
1 9 124 2
1 1 109 2
1 2 92 2
1 1 342 1
1 7 83 2
1 1 97 2
1 5 43 1
1 5 269 2
1 2 149 1
1 2 134 2
1 21 285 2
1 6 249 3
1 3 257 2
1 3 312 3
1 18 111 2
1 16 13 1
1 9 142 2
1 24 246 3
1 14 331 3
1 17 277 2
1 6 314 2
1 7 247 3
1 4 380 2
1 16 192 1
1 19 160 2
1 15 379 2
1 6 307 3
1 8 164 1
1 13 159 3
1 3 69 2
1 5 10 3
1 19 279 1
1 6 220 2
1 14 5 1
1 8 77 1
1 24 299 2
1 1 345 2
1 6 94 1
1 7 92 2
1 12 200 3
1 12 228 1
1 4 280 2
1 13 22 2
1 2 184 3
1 11 27 3
1 18 259 3
1 3 199 1
1 2 374 1
1 7 182 1
1 2 40 3
1 23 186 2
1 5 110 2
1 3 126 1
1 4 238 3
1 11 21 2
1 9 208 1
1 12 192 1
1 13 244 3
1 9 64 3
1 4 248 2
1 8 73 2
1 10 288 1
1 8 232 1
1 18 266 2
1 8 394 3
1 5 22 1
1 7 361 1
1 7 276 3
1 3 195 2
1 24 368 2
1 8 31 1
1 5 47 1
1 23 91 1
1 13 171 2
1 5 40 1
1 16 211 1
1 10 251 2
1 7 260 3
1 14 338 2
1 23 84 1
1 23 217 3
1 10 270 1
1 13 207 1
1 10 120 3
1 6 252 3
0 13271 1277 6549 5390 10475 13430 1468 10094 12013 10119 14878 8131 9237 4245 10552 5477 7342 9680 6852 5669 15253 4735 10026 12583 11782 9704 6837 1984 11982 8915 10002 10672 15346 4435 2033 9005 9089 9064 4112 5174 8380 5103 13411 3920 10824 5195 11352 7842 11174 15139 12900 10354 9752 11021 7933 3474 7353 9127 6419 9808 10896 8956 2765 4420 3820 8807 11412 4404 7710 5962 9131 2240 15229 15180 11770 5689 9931 9904 2787 4580 8682 13704 2342 7320 2901 4310 10583 6726 12665 14107 5098 11043 5803 10107 10867 6704 4183 7898 13377 16138 9426 10815 16971 3972 9932 8291 8286 10503 3310 2213 2564 5068 10669 12772 9679 7378 8990 11529 8640 9826 12616 1233 5519 14127 3834 7427 12768 8504 9639 1312 10867 1118 9451 6963 3210 10840 3434 2972 8780 1069 5190 4053 10443 13698 5831 12284 7618 6543 3156 5276 2349 12775 9389 9981 9109 9283 6076 12088 11323 9121 8427 10914 10138 2330 6906 7473 7802 8854 7729 10565 12397 7309 8329 12830 10373 10045 3317 6144 10706 4209 14205 7542 10741 9045 2842 6849 6604 15155 3452 14054 1370 8752 12018 11836 7861 4542 7375 13789 8141 10333 8357 8984 10779 11870 2100 9387 10122 13633 5846 12670 14563 3531 5843 9289 2652 13298 9246 11678 8751 12633 12675 6300 5004 8722 5106 14269 14095 5142 8573 4174 10182 9096 14413 4124 8837 8755 6138 11777 9873 7344 14550 12014 8294 4241 8870 9210 2462 6798 6811 2144 5019 5689 8884 8492 12246 11799 13759 7071 8358 8941 4784 9748 9377 12512 13912 7484 11888 2423 12268 13436 8651 12077 10846 11315 8447 207 6403 5559 11950 7500 7318 10237 6122 10864 16182 7865 4263 9640 10410 12906 7064 4391 5322 8892 9379 5906 5870 1594 10713 1916 3167 3406 12304 9580 10908 7107 9758 2717 12070 2613 6665 7261 14613 11307 9671 10643 5937 7220 8760 12008 9282 13154 8508 6816 8708 13349 8464 3361 9545 9519 8400 9287 6139 3213 5342 7139 6436 11734 3498 8941 11919 8987 7814 4519 11244 7046 5367 11791 7480 10037 5792 14531 5083 8613 4557 5560 2166 11410 9508 15265 9498 15085 2475 5038 4056 5377 7148 11031 9789 8484 1495 5318 9807 8659 6382 8386 6234 8070 8059 2929 16801 2672 5802 11023 11298 6217 11344 11436 13404 6469 4090 5951 8858 2498 5788 10250 5943 12205 7906 14944
13271 0 12179 6730 14011 5343 12860 14164 17311 16874 19214 1623 13134 11347 9147 22048 18206 17305 5830 8502 15667 2735 17985 13492 8300 5848 4787 8306 12094 16178 4902 3271 15809 2327 8884 12512 8287 11057 4214 10892 8579 13047 10041 6868 17175 9747 11352 2978 18585 11039 12698 3094 7628 19955 3202 18044 16655 8519 8552 19611 12544 21563 13399 11146 15707 16217 9139 4692 17630 18378 12036 18798 15247 14736 12895 4670 10560 22598 17613 15797 17771 6228 8963 13674 16797 16128 17013 2919 6995 15351 16239 15596 22681 13306 17322 2739 19612 10453 10175 2363 14986 6885 2637 15818 14872 3385 10495 12311 16099 14703 15460 15252 10114 17153 7725 15675 20164 5745 14028 15337 6678 5016 14002 17218 10208 16462 13626 15074 13738 10758 12082 22054 14364 9156 12488 10491 2834 16153 15231 16382 13294 15375 16040 4172 1620 18707 16232 7529 15922 10777 13686 14087 4049 6445 6231 4171 11469 19233 9019 1988 9462 10782 22815 4976 10951 6554 14984 20553 17350 9867 18119 5577 17575 5575 7900 22391 14351 13779 7148 21039 16440 11475 6000 8441 9824 14963 6651 18320 2284 15354 2211 14442 20581 2472 14925 13054 9401 9994 9571 15980 4715 10422 19886 12378 5907 11825 10868 6885 3653 8908 15753 2076 13061 14276 15300 13944 3278 21435 4324 18825 15287 9875 19340 15239 20072 17622 3759 11305 10343 11298 14693 3644 17631 1784 13141 8484 17508 15325 17795 4230 19293 10723 5112 13089 9524 9513 14012 11431 10759 17476 14964 11264 18960 15913 15814 16453 15418 1193 9621 17779 8117 11799 8927 17148 10714 1467 12204 1403 15667 4449 310 7891 12020 2559 10009 8683 13473 7108 16505 3267 13279 17431 14536 15604 3528 14377 10057 14629 5939 17619 10257 20247 17300 13773 19108 15855 9789 7560 12125 10870 11360 15850 13070 10532 3692 12470 9809 3816 14130 16184 13195 16845 14413 15928 5716 16761 19274 10860 8949 6290 14495 14587 8234 6938 13195 14222 11630 8675 10020 22117 19580 10144 19221 8489 13645 16092 10178 19667 23462 14850 9741 9871 15877 8319 17711 8644 11497 18418 7156 10379 16231 18212 16447 17298 6571 11835 16327 11372 8765 9310 2093 16235 2681 11679 14091 17054 15816 8042 2279 22080 20127 13715 16417 17673 19925 7858 21116 19436 6623 16241 15961 15499 11047 16652 6570 2353 18139 14082 16464 15469 7703 10455 15242 19585 11669 18682 17311 7633 6420 5569 1940
1277 12179 0 5452 4809 9741 12315 2031 10867 11306 9977 13773 8466 9258 3061 10960 6753 8368 8973 6391 5469 14259 5928 9076 11319 10508 8864 6333 2161 11199 7710 8910 9939 14305 3297 2470 7743 9075 7966 4017 3923 8688 3862 12134 5115 9608 4107 10413 7976 10012 13971 11680 9083 9826 10086 8998 4719 6085 7872 7434 8779 11108 8042 1501 5520 5065 8523 10155 5620 7819 6200 9065 3082 14163 14019 10512 4513 10693 9502 3641 5811 7967 12444 3243 7117 3956 5005 9434 5888 11760 13201 4990 11498 5038 9635 9863 7542 2939 6713 12425 15053 8844 9787 15901 4969 8814 8211 8486 9819 4356 3306 3188 4829 10114 11500 10272 8165 8227 10563 9269 8550 11351 1843 5837 12890 5101 6620 11833 7653 8482 1165 11202 2368 8217 7251 2713 9675 4113 4173 9544 2021 4996 5250 9214 12693 6644 11486 6341 6261 1883 4629 3379 11950 8748 9334 8009 8180 7061 10840 10258 7899 8389 11440 8886 1468 5726 8143 8579 9743 7551 11397 11126 8374 7107 11559 10925 9183 4131 5123 10838 4673 13008 6614 9484 8857 3156 5930 6974 14128 4612 12871 2646 9218 11061 10935 8199 3269 6177 12541 7661 9524 8265 9201 9709 10596 2112 8240 9555 12399 5371 11801 13557 4122 5276 8594 2507 12073 9834 10428 8759 11723 11446 7208 5952 9050 6375 13394 12894 3929 7468 3967 8995 9998 13393 3435 8459 8483 6984 11206 8661 7815 13323 11280 8613 3620 8640 8354 2303 6774 6875 3406 5087 6818 9574 9202 11475 10949 12726 5846 9348 7675 4987 8506 8959 11314 12892 7701 10785 3647 11013 12357 7380 10950 9713 10105 7193 1477 5505 6657 11057 7894 8364 9385 7017 9953 15062 6673 5174 8944 11194 11686 8072 5202 4692 8939 8755 4670 4956 432 9549 951 3815 4008 11102 8490 9841 5894 8776 2647 11282 3318 7696 6591 13655 10034 9157 10434 4798 6869 7493 11060 8492 11887 7890 5976 7908 12175 7211 2566 10268 9555 7214 9285 5596 2804 6400 5951 7635 12223 3520 8742 10698 9663 7380 5532 9991 7155 6627 10516 7388 10675 6395 13619 6329 7341 3543 6631 894 10160 9245 14202 8920 14097 2485 5758 4918 6386 5871 9919 10418 8889 2553 6429 9427 8961 5114 9159 7257 7365 8867 3802 15719 1396 5858 10430 10289 7451 10391 10725 12471 5776 2841 6802 9026 1319 7062 11009 5094 10929 6947 13900
6549 6730 5452 0 8075 5239 11138 7452 12643 12821 13632 8331 8830 8133 2461 15778 11658 11577 4686 4140 9537 8860 11276 9626 8180 6402 4030 3914 5551 12358 2712 3459 11506 8863 2164 6010 5345 7840 2517 4941 2263 8888 4179 8218 10462 7671 5598 5160 12434 8690 12102 6616 6038 14032 4852 12315 9966 4162 5635 12886 8863 15545 9029 4523 9452 9710 6258 5583 10930 12239 6917 12996 8528 13221 12227 5933 5052 15997 12427 9082 11083 3849 9331 7213 10920 9398 10350 4068 1960 12176 13456 9329 16379 7611 12303 4482 12936 4194 6005 7106 13880 5145 4371 14795 8646 3386 6931 8297 11627 8340 8731 8563 4580 12416 8061 11352 13517 3823 10759 10659 4987 6857 7283 10759 10213 9907 8508 12060 9065 7538 5396 15881 7650 6308 7767 4018 4355 9475 8715 11457 6650 9168 9625 4325 7288 12031 12537 3435 9997 4194 7760 7594 6966 4799 5254 2561 7819 12512 8168 4808 6285 7234 16435 4344 4243 942 9915 13917 12165 6066 13381 6855 11762 2372 8185 15970 10223 7529 718 15115 9846 10887 1786 6830 6929 8335 1467 11895 8695 8923 7591 7757 14183 5755 11487 8639 3032 5519 9674 10583 4744 6917 13739 9293 6507 5276 7458 5794 7430 3721 12427 8147 6927 8443 10544 7371 7038 14952 5722 12890 12120 9036 12638 9239 13798 11123 8234 10730 4537 7285 8339 3792 12455 7969 6931 5791 11930 9675 13318 3648 12835 10749 6639 8876 3256 6581 9590 4919 6239 11292 8330 5759 12234 11171 10937 12660 11783 7291 4984 12279 5167 6174 6374 11897 9373 7468 7799 5341 8956 6346 6905 4745 9839 4307 8167 5196 6752 1505 10403 5907 8639 11660 10441 9886 4795 13591 5887 8521 4714 12983 9395 13524 10608 7850 13143 10976 4383 1456 5418 8291 4634 9172 6900 9134 3039 9426 5180 3467 7555 12404 6818 11009 9058 13542 5901 11737 13864 5474 4892 3593 11305 10032 8588 4262 7910 9513 10415 5204 3403 15538 13687 6304 13352 3461 7188 10017 5529 12967 17145 8339 6797 8506 11189 4806 10984 7334 7002 11777 6998 6329 11891 11621 13799 10873 3650 5819 10265 4665 7526 6892 8751 11295 8708 5213 8307 10348 9812 3493 4482 15577 13770 7110 10263 12433 13671 2449 14489 12710 3469 11069 9244 14531 4387 10371 6424 4896 11825 10696 12290 12632 2753 4156 9546 13481 5056 12091 12710 1810 7020 1872 8457
5390 14011 4809 8075 0 13228 9090 4340 15484 6635 5590 15422 13274 13950 5943 8086 9595 12590 12575 10650 1739 16531 7759 5135 9930 10244 12086 10531 6965 6663 9109 11023 5317 16325 6332 7228 6770 13743 10158 8744 5815 13494 4014 11373 7174 7546 2659 13154 4591 7320 11076 12438 8167 5994 12865 13115 7271 5700 6699 7830 5261 7567 4016 4220 9628 8620 12934 10478 7696 4382 11003 4922 4816 10570 11059 10775 3472 9270 4743 4967 7976 11618 10833 7731 2849 5777 4902 11095 9417 7545 8964 1955 8734 945 4834 12356 7049 3894 4796 14986 11544 12747 12169 12288 9308 10765 12842 13270 5120 8622 5624 4260 9429 5311 10363 15027 7289 11731 6614 14002 8281 11366 4481 3858 10813 8436 2307 7719 3410 5921 5970 8049 5801 6607 12056 7262 11190 4534 8046 14170 6457 1627 9052 10116 14988 6299 6979 6583 1935 4309 325 7703 15034 12526 13067 10177 5222 7396 9122 12394 6165 13049 8946 9464 5916 7754 12847 7565 14213 12109 15943 10921 12500 8437 10348 8590 4898 8706 8165 7082 3957 10435 9765 8092 13372 3482 9206 4720 16232 8596 13945 6300 6794 13685 6723 13007 5055 4588 10687 2868 12799 12885 5882 6355 10296 6919 5628 13459 12917 9678 7472 15803 8852 468 3917 2865 12737 7789 10862 4852 7522 9371 7126 10355 6138 9532 16233 10372 3687 4648 1746 10385 14445 15574 1398 12744 3926 11522 6410 9841 5702 11095 14687 13420 7903 13113 4084 7078 11471 3523 7054 9856 8010 14266 13878 6913 6582 14869 4715 13638 6830 9789 6978 4193 8860 15095 12494 12651 6386 11297 14263 6789 7889 11468 7911 6149 5454 8912 10734 13942 12701 12540 5063 11491 12843 11762 4853 9638 12579 15798 9463 8295 5434 238 5122 3989 4234 8403 4407 6922 5487 4376 8731 8712 10661 6458 4586 11467 2890 6756 7972 11919 1894 9587 9901 4349 5902 3241 11256 7931 7016 4015 10545 11773 1907 3483 9426 6165 6787 8731 5635 5188 5291 9784 2190 10586 4318 9170 9520 2606 13249 8584 14365 11627 6477 8461 11915 8973 9657 12025 15405 5268 9394 9759 7668 2260 10781 4700 8565 13663 16100 4124 16408 7287 10419 5491 10677 6032 11801 8458 6288 6865 10476 4688 5977 6187 8020 7743 11087 13446 5072 12172 4487 2882 14236 12724 10903 6394 6062 8338 9671 3947 11335 5576 3853 9606 15640 8704 10373 9935 15925
10475 5343 9741 5239 13228 0 15507 11736 12149 17964 18814 6678 7989 6039 7326 20621 14465 12646 818 4015 14581 5765 14808 14680 11603 9201 1319 3912 8769 17448 5881 4062 16679 6286 6943 9058 9849 5758 4197 6958 7475 7864 9413 10814 14050 12009 10826 2375 17412 13207 16002 7536 9980 19106 2213 13359 13414 9114 10161 16818 13849 20559 14181 9312 11618 12484 3881 7967 14406 17229 7319 18124 12697 17571 16167 8177 10289 20393 17663 13253 14477 1794 12589 10031 16048 13333 14720 5053 3897 17098 18282 14294 21186 12825 17542 2996 17179 9338 11021 3827 18073 1646 3288 18974 10797 4455 5294 7122 16825 10823 12640 12907 5971 17645 11223 10455 17844 1526 15677 10227 8803 8950 11523 15505 13723 12817 13744 16930 14266 12325 9164 20796 11410 10868 7533 7276 5388 13826 11575 11329 10099 14176 12155 6678 4581 16300 17602 8191 15122 9076 12921 10467 2474 1325 915 4230 12761 16506 11968 3953 10977 5558 21163 7301 8283 5848 10043 18266 12377 4800 12961 9299 12967 6210 11389 20657 15347 9819 5064 20177 14410 14732 3477 10878 4526 12883 4027 16652 5988 11537 7397 11315 18926 2903 16469 7948 8184 10597 13098 15810 766 5211 18700 14109 9299 8544 12306 1543 8359 4833 17396 5281 9030 13619 15766 12074 7901 19575 7812 17973 17038 12896 16769 10901 18666 13806 4087 14560 9771 12311 13263 5666 12647 5297 11998 3247 17124 10699 18527 6128 17533 14278 1540 7919 6235 4238 14760 8132 5878 16270 11610 6892 15912 10808 10761 17749 16822 4934 10079 12957 9654 7445 10814 17130 13493 4909 7143 4727 12601 8288 5262 9266 14343 4837 12437 9917 10644 4359 12200 2239 8242 12797 15563 11012 1887 17631 10898 10439 888 12441 13290 17461 14855 13011 18208 16209 9605 4900 9876 12878 8793 13535 9078 13266 4040 14233 10282 2694 12244 17486 9462 12285 14293 18236 8819 16976 19074 10708 4157 7637 16212 15228 11792 2146 13149 14723 14532 9919 7184 19987 18777 11234 18455 4454 12056 11779 10651 16367 21928 13095 4455 12582 10755 3421 14948 11286 6526 14914 10307 5345 11005 16135 18588 13365 7844 10996 11989 9189 11462 3977 6454 16531 5567 8264 9642 14530 11450 8446 4549 20159 18565 10371 12170 17665 18557 7583 18849 16625 2407 11298 13400 18679 9102 15300 1475 3185 14007 15647 17449 17459 4006 9282 10654 18471 9821 15024 12130 4680 9899 3384 5977
13430 12860 12315 11138 9090 15507 0 12937 22850 5887 10770 13489 19573 19230 10933 15194 18474 20676 15271 15243 10399 15524 16802 4133 4648 7012 14199 15026 14158 5036 9626 11598 5742 14871 11165 14596 5803 18944 11310 15004 9873 19693 8641 6437 16163 3514 8235 14004 12175 2472 2110 9896 5549 12317 13885 21313 16151 7114 5506 16869 3830 13842 5171 10911 17828 17173 17393 8194 16700 11991 17384 11127 13696 2087 2036 8190 7826 17506 8692 13953 16973 14698 4441 15545 10128 14736 13985 10848 13097 3480 3682 10888 15835 8229 8120 13029 15941 9509 5701 14940 2800 16021 12715 3700 17279 11191 18018 19199 6237 16671 14449 13211 15144 7393 5293 21896 16030 14493 3034 21024 6717 7961 12992 12680 3421 17091 6852 3068 5860 3890 13295 14797 14242 4831 18389 13472 10637 13606 16396 21548 14334 10546 17473 9109 14422 15281 4859 7703 9826 10631 8966 15694 16021 15593 15896 11279 4148 16441 3842 12403 4902 18311 16314 8349 12519 10223 20037 16220 21927 17153 23474 7355 20689 9350 5132 16187 4816 16371 11754 13124 13035 2156 12675 4648 18066 12457 12581 13211 14965 16882 11389 14686 14671 14141 3680 19344 9854 6273 3854 8332 14784 18012 13059 2742 6957 13972 4101 16562 9711 14649 3968 14923 16175 8867 6486 11583 9884 15784 8541 11563 3428 3029 16113 18236 13713 18297 16433 2234 8469 4857 10826 10059 22197 14625 9717 16903 9647 19169 7284 9494 14054 3250 16426 19658 13425 17719 5362 13885 17120 11597 15493 16109 17100 21441 21120 5166 4278 14046 6728 21635 5988 16324 4780 8575 2145 14322 18583 12064 15154 8442 13169 6408 1379 11202 3070 5966 13580 12633 18967 14824 19219 20676 4799 19248 14077 2752 5772 17448 15338 23190 2683 17288 14521 8982 11860 7004 7869 12439 11906 2911 12397 13426 16083 2334 11515 2634 6610 12851 11682 4972 15530 20006 7616 3136 7169 7807 10358 7518 15997 7894 3050 5789 4914 15264 7186 6035 1350 5956 12693 16957 11951 5230 11621 14483 10848 18715 6447 18257 16538 11647 17934 3013 21500 15943 15565 4302 17820 17962 5704 17351 22386 14149 3763 18408 7715 8893 18946 11632 4151 18011 14466 7331 15506 14206 17843 14579 18693 7726 11603 16410 14127 14858 18734 8863 13521 8876 16566 16797 14472 20960 14077 3469 11122 11507 16945 13153 19564 3270 5850 3109 13866 9620 18995 12685 10996 18566 22964 12834 6480 12502 14583
1468 14164 2031 7452 4340 11736 12937 0 11264 10955 8712 15747 9550 10703 5018 9111 5557 8256 10957 8239 4327 16282 4231 9281 12609 12095 10886 8207 3449 11002 9587 10901 9653 16313 5288 3491 9049 10557 9956 5569 5738 9805 5145 13622 3457 10633 4829 12444 6378 10814 14761 13507 10457 8292 12116 8775 3270 7469 9123 5460 9191 9429 8176 3112 5294 4314 10248 11872 4001 6249 7412 7703 1095 14625 14782 12222 5493 8670 8623 1635 4239 9952 13685 3593 5955 2106 2985 11377 7907 11828 13261 3722 9616 4926 8871 11886 5511 4297 7652 14454 15566 10770 11804 16365 5026 10786 9757 9735 9437 4333 1590 1171 6507 9489 12870 10979 6136 10229 10789 9926 10085 13020 236 4053 13982 4177 6545 11970 7651 9285 2676 9411 1467 9344 8399 4552 11602 2091 3707 9967 2430 3855 4718 11031 14714 4613 11318 7916 5230 3517 4295 3471 13972 10703 11293 9996 8814 5072 12015 12259 8971 9895 9513 10632 3458 7656 8742 6551 9924 9186 11677 12739 8160 8957 12908 8982 9180 4578 7149 9240 2765 13917 8645 10727 10502 1379 7960 5148 16142 4259 14763 1970 7325 13091 10999 9280 4987 7185 13704 6933 11540 9822 7516 10223 12175 3549 9013 11474 14189 7223 11785 15577 4909 4761 8249 1475 13887 7871 12174 7305 11801 12512 5188 6076 7263 5360 15424 13821 5082 8123 2886 10893 10147 15409 3274 10256 7410 7289 10603 10519 5916 14366 13276 9716 5543 10321 8349 3888 8265 5360 2715 6486 4971 10127 9725 11252 10899 14738 6976 9308 9016 6243 9672 8111 12239 14908 8933 12765 2226 12737 14349 8781 11622 11672 11097 8449 1405 7533 6395 13087 8903 8202 9358 7226 11984 15680 7642 5402 10924 11567 12704 6090 3172 4322 7439 8270 5891 6985 2039 10364 2957 1799 4783 12047 10483 10344 6970 10803 1464 11096 3972 7586 6233 13835 11643 8470 9260 5642 8642 9167 11235 8341 13202 9832 5991 7790 13000 8467 4553 8253 8067 8148 7842 7490 2184 6255 6923 5910 10319 2111 10397 11734 10238 9213 3579 11205 8509 5172 11944 8945 11308 4414 13689 5504 8983 4105 6445 2792 11357 10955 16201 8348 16121 3931 6312 2897 6363 7395 11894 8436 7040 2694 6137 8514 7196 6823 7133 5292 9345 9216 1799 16217 3151 4359 12364 12311 6661 10586 10387 12600 7747 4231 7103 7391 2648 5717 11430 7113 12449 8977 15908
10094 17311 10867 12643 15484 12149 22850 11264 0 22105 19759 18773 4178 6251 11979 18727 8268 3673 11525 9002 15565 17851 10306 19920 20739 19037 12525 9229 8792 22047 15247 14829 20757 18427 11805 8410 17491 6487 14229 7927 13102 4285 14223 20856 10129 19720 14884 14379 17081 20420 24250 18689 18504 18978 14122 3738 9525 15903 17721 12548 19551 19685 18904 12072 6182 7624 8271 18132 9974 17014 5727 18679 11248 24813 24337 18463 15099 16590 19879 11465 9785 11097 21904 7753 17149 10811 12777 15858 11077 22619 24058 14936 18987 15865 20135 14621 13784 13391 17151 15963 25643 10511 14800 26526 6251 15047 6856 5027 20597 6944 10503 11851 8068 20739 20678 1776 14512 11577 21390 2011 17561 19387 11081 14647 22676 8011 17472 22678 18518 18961 9745 19268 9822 18264 4952 9395 16229 12272 7735 1323 9031 15103 7015 16784 16729 13328 22341 15630 16480 12292 15368 7801 14373 10909 11235 14289 18826 12557 20579 15533 18065 6592 18581 16951 10356 13537 2816 14876 1668 7444 812 19457 4028 15008 20793 17998 20049 6783 11926 19730 13293 23136 11999 19184 7675 12497 11616 15430 18124 7181 19099 9325 16950 15000 21797 4263 13008 16579 22188 18191 12650 6938 17922 20400 19143 8941 18761 10714 19561 9001 22668 17417 6763 15935 19380 12685 19113 16892 18200 18181 22581 21367 13150 5209 17377 7719 15906 22995 14425 18125 14150 15997 1642 17445 14202 8902 18618 3975 21851 16080 15755 23186 13088 4233 9620 7927 19221 8981 6655 16279 8703 6922 11269 1473 1738 22318 21815 17068 16126 2807 17354 6599 18456 19372 21491 17055 5125 16341 9793 18812 17292 16957 21471 15874 20238 17110 10032 11301 5338 14388 4096 3846 20251 4055 13804 25541 17079 5863 11418 343 21684 12968 12444 15415 18237 19471 14982 11191 11299 19963 10545 12177 6871 21258 14516 20537 16241 13684 12711 22133 7557 4143 17353 24478 18539 19727 20373 15463 8426 16184 21899 19340 21189 10375 16837 18760 22465 17125 10185 16491 18849 17621 18705 9348 13301 5272 16413 10744 19456 13349 7726 20721 1467 9003 11606 19710 5878 9296 19612 6939 1322 14102 24473 7132 16191 14391 5174 11363 19900 8315 18602 19580 17651 8670 5109 12069 5038 15400 15788 17158 16931 8624 5588 19764 17393 14275 15328 12382 10775 2048 11478 26314 11830 15374 11384 14970 6575 21228 21527 23315 10183 13278 4162 17929 12126 8823 204 10868 19663 12411 18125
12013 16874 11306 12821 6635 17964 5887 10955 22105 0 5337 17884 19674 20040 11455 9910 15914 19210 17488 16353 7005 19607 13847 3393 9673 11435 16672 16185 13459 854 12513 14679 1383 19123 11813 13771 8612 19800 14063 15017 10788 19870 8902 11559 13417 7374 7698 17124 7520 6196 7851 14324 9324 7028 16912 19715 13656 8882 8333 13162 4332 8359 3792 10360 16249 15172 18676 12322 13887 7391 17381 6017 11292 6033 7711 12462 7921 12689 3438 11318 14172 16669 9924 14354 5910 12127 10715 14275 14617 2461 3238 7649 10501 6268 2857 16175 11946 9398 6981 18552 6962 17950 15903 7354 15943 14310 18865 19562 1518 15257 12111 10694 15534 1970 10327 21578 11805 16629 3129 20571 10197 12587 11107 8935 9150 14949 4726 2875 3844 6119 12466 9400 12421 7719 18444 13448 14196 10695 14658 20787 13074 7375 15639 12721 18254 11522 1055 9859 6127 10282 6737 14337 19178 17619 18070 14055 5421 12780 8684 15836 7421 19110 11065 11907 12169 12120 19434 11875 20848 18059 22575 11983 19105 11980 10208 11059 2620 15321 13205 7635 9821 8020 14599 8633 19225 9935 14234 9021 19139 15213 15931 12923 9831 17467 2267 19412 10318 7370 9436 4228 17360 18891 8033 4639 11423 13373 6008 18613 14411 15495 2009 18923 15417 6197 2724 9486 14447 10919 12730 6583 2501 8246 12301 16989 8806 15956 19995 8074 8569 5715 8147 13442 21080 18642 7906 18351 4801 18150 1423 12818 9627 9084 19214 19806 13849 18921 3243 13464 17626 7388 13660 16165 13769 20860 20478 753 1659 17977 7885 20263 8791 16183 7961 3611 7303 18244 18819 15761 12886 12871 17176 9074 5664 14672 7307 8304 12085 14091 17344 17975 19149 19153 2409 18124 17005 7561 7106 16270 17523 22422 8047 13417 11251 6691 6829 2713 8478 13696 10881 6198 11826 10633 15300 7341 14444 4583 7682 15618 9492 915 14564 18541 4752 4163 11368 2882 4771 7480 17050 10779 2886 2892 10143 17031 5392 3473 7058 8308 12820 12167 6719 6857 6457 15488 8825 17210 7314 14953 11129 9025 19094 7757 20954 17255 12384 8617 18169 15148 10263 18079 21978 10299 3603 16251 10511 7954 17399 10991 8573 19384 18778 2737 19541 13715 17019 11452 17309 9535 15074 11469 9325 13496 17083 3631 8622 10397 12078 13149 16256 20072 11386 7391 10631 7765 19233 16430 17369 2980 581 3130 15138 9498 17963 7684 10153 15814 22257 14069 11141 14602 18774
10119 19214 9977 13632 5590 18814 10770 8712 19759 5337 0 20512 18250 19231 11531 4573 12369 16405 18166 16160 4508 21834 10126 6983 13555 14649 17657 16056 12001 6037 14373 16407 5035 21541 11921 12142 11251 19051 15589 13992 11369 18499 9488 15319 9950 11017 8069 18640 2890 10183 12857 17240 12427 1712 18363 16759 10409 10698 11068 8789 7781 3077 6396 9725 13587 12225 18406 15195 10299 2878 16066 1113 8524 11301 12748 15434 8755 7474 2079 8296 10564 17208 14131 12286 2866 8986 7112 16342 15007 7656 8574 5028 5169 6040 2653 17801 7410 9476 9187 20403 12257 18328 17592 12686 13541 16114 18185 18386 4538 12859 9256 7933 14787 3449 14137 19644 7065 17320 7738 18582 12918 15835 8932 5168 13645 11892 5626 8040 5818 9367 11062 4079 10041 10690 17080 12628 16383 7498 12025 18507 11138 4983 12800 15132 20327 7265 6334 11686 3763 9863 5893 12112 20566 18114 18656 15601 8505 8484 12587 17744 10268 18365 5729 14392 11286 13239 17390 7026 18281 17504 20069 15294 16201 13723 14064 5741 6096 13262 13750 2356 6477 12752 15345 12022 18796 7363 14794 4669 21481 12578 18826 10515 4697 19137 7160 17980 10632 9261 13770 3245 18370 18237 2858 8657 14672 12026 9126 19042 17563 15167 7269 21111 13621 5195 4493 7528 17473 5722 15604 1708 7681 12446 7906 14565 3679 12610 21704 12765 9139 8332 6016 15573 18465 20864 6891 18259 1718 15831 4033 14985 4901 13717 20262 18413 13376 18558 5885 12270 16749 3485 11067 15034 9696 18736 18326 6061 6620 20162 9599 17472 11375 14869 11035 2296 11625 20402 17587 17909 9974 15925 19487 11485 10117 16731 11168 10719 10099 14503 14540 19447 17611 16301 6051 15711 18361 12806 9291 13982 18170 20038 12365 8875 7551 5804 1808 3898 9519 13992 9641 9976 10806 7582 13495 11580 16071 8676 9416 16970 7428 6133 12684 15785 4802 9498 14421 2995 734 8404 16730 12947 7765 5298 14124 17352 6020 5385 11709 10731 12252 6979 1459 9363 1315 15305 7182 14526 9056 10807 5818 6622 18677 11774 18856 17146 8610 12210 17098 11435 13735 17362 19940 6116 8931 13051 12667 7821 14661 10100 12240 19135 21275 3520 21726 12414 14984 7873 14728 11185 17092 6217 4253 11391 14277 1915 3517 11584 7101 8832 16675 17725 8291 12714 9980 4398 19825 18148 14041 7507 5106 8413 15239 9533 15648 2566 9295 12100 19938 14288 14574 15500 21153
14878 1623 13773 8331 15422 6678 13489 15747 18773 17884 20512 0 14597 12717 10730 23489 19829 18880 7251 10057 17102 2273 19597 14534 8847 6553 6289 9868 13717 17152 6353 4877 16886 1442 10476 14135 9402 12436 5815 12504 10116 14494 11495 7197 18786 10603 12766 4395 20009 11877 13080 3616 8561 21322 4663 19616 18271 9829 9643 21200 13579 22945 14538 12707 17322 17840 10542 5563 19244 19801 13589 20146 16833 15256 13286 5443 11954 24130 18841 17381 19387 7741 9332 15297 18173 17725 18572 4409 8611 16210 16997 17061 24128 14682 18520 4317 21174 11957 11379 3115 15406 8282 4244 16195 16486 4961 11928 13754 17205 16323 17061 16824 11711 18297 8220 17109 21714 7257 14940 16816 7741 5528 15589 18719 10576 18086 14895 15907 14925 11776 13697 23470 15974 10194 14001 12114 4253 17719 16854 17880 14913 16828 17661 5380 2227 20269 17179 8870 17314 12331 15098 15710 4947 7867 7588 5770 12535 20818 9671 3610 10538 12206 24283 6135 12561 8110 16507 22100 18870 11341 19584 6138 19156 7028 8389 23871 15423 15396 8765 22401 17979 11911 7620 9301 11202 16515 8273 19810 1637 16976 2119 16058 22058 3782 15848 14529 10933 11253 9958 17268 6125 11851 21304 13305 6590 13447 11915 8197 3825 10501 16635 1988 14674 15665 16474 15484 3606 22933 5156 20200 16146 10462 20914 16840 21519 19245 4119 11747 11784 12434 16181 5046 19149 1754 14610 9894 18817 16900 18878 5581 20789 11054 6167 14542 11146 10907 15147 13054 12279 18913 16584 12850 20565 17394 17312 17417 16370 1782 10918 19331 9247 13389 9928 18395 11361 1898 13690 2991 17278 5091 1530 9071 12780 4085 10802 9857 15080 8730 18110 4472 14775 19009 15597 17183 4975 14741 11266 16237 7358 19075 10824 21835 18871 15184 20489 17044 11188 9183 13707 11761 12965 17417 14684 11201 5299 13386 11098 5419 15670 17150 14817 18430 15713 16607 6538 17966 20535 12228 10470 7569 15379 15735 8672 8429 14501 15406 12202 9847 11638 23643 20943 11296 20580 10081 15159 17696 11456 21282 24911 16371 11128 10574 17353 9816 19303 9427 13003 20039 7838 11865 17662 19746 17171 18919 7848 13283 17929 12956 9522 10650 1000 17430 2346 13302 15681 18632 17416 9405 3854 23583 21594 15336 18026 18912 21368 9325 22658 21027 8170 17767 17545 15872 12618 18114 7764 3909 19754 15015 17505 16256 9305 11965 16821 20995 13226 20305 18765 9255 7017 7190 1289
8131 13134 8466 8830 13274 7989 19573 9550 4178 19674 18250 14597 0 2373 8666 18200 8844 5309 7350 4926 13789 13722 10261 17092 17009 15141 8350 5160 6320 19481 11311 10717 18294 14275 8412 6119 13966 2523 10170 4690 9700 300 11144 16956 9778 16266 12073 10202 15880 17105 20786 14591 14836 17808 9944 5905 9069 12478 14224 12620 16583 18819 16172 9319 5875 7333 4131 14163 9853 15767 2293 17252 9935 21606 20893 14482 12099 16723 17953 10326 9768 6927 18161 6063 15445 9903 11858 11763 7101 19811 21221 13228 18590 13438 18100 10450 13569 10429 13956 11813 22370 6346 10636 23273 5380 10956 2701 906 18218 5896 9376 10458 4430 18573 16884 2593 14323 7405 18490 2241 13815 15398 9325 13469 19023 7769 14948 19810 15901 15730 7308 18627 8328 14826 1231 6277 12136 11136 6894 3371 7120 13309 6748 12794 12565 12895 19744 12050 14644 9431 13087 6336 10269 6736 7079 10229 15732 12485 16953 11370 14688 2461 18315 13033 7509 9760 2358 14737 4487 3269 4987 15514 5708 11146 17011 17735 17376 5160 8121 18710 12092 19614 7963 15583 3596 10920 7655 14454 13975 6489 14943 7913 16364 10826 19016 270 9793 13386 18497 16125 8475 2788 16934 17312 15247 6355 15566 6591 15464 5109 19931 13267 4657 13741 16994 10754 15011 16583 14199 16850 19766 17791 12982 4736 16551 8150 11833 19463 11407 15061 12283 11958 4737 13287 11892 4744 16867 3779 19658 12092 15017 19552 9002 190 6152 3807 16578 6219 2610 14902 7601 3538 11398 2821 2812 19769 19128 12897 12888 5274 13810 3495 14972 17413 18024 12889 1032 12180 8857 14801 13114 13397 18210 11756 16780 13664 8153 7395 5768 10226 718 5501 17590 4110 9626 22182 13867 4855 7244 4485 18133 13175 11687 13152 16972 17196 11826 7382 8869 16663 7852 10949 4782 17786 10423 17451 13032 9534 10837 19556 5595 5219 15024 21526 14651 17623 18772 12508 4295 12422 19023 16804 17416 6201 14284 16217 19037 13677 6990 16492 17601 14388 17386 5400 11218 5426 13264 11299 19184 11628 3627 17201 2765 4836 11167 16100 1831 9692 15824 2776 3151 13343 21617 7548 12465 11728 5523 8684 16293 4274 14439 17376 13523 5990 3660 11293 5044 11906 11651 16991 16211 6926 5887 17871 16520 10752 15273 12428 6629 3497 10398 23037 9050 13907 7317 10795 7637 18358 19094 20436 6202 10320 3853 16854 9528 9473 4178 7021 15792 8356 13965
9237 11347 9258 8133 13950 6039 19230 10703 6251 20040 19231 12717 2373 0 8642 19673 10928 7669 5524 3995 14723 11639 12114 17198 16191 14107 6657 4219 7272 19749 10296 9308 18660 12255 8316 7221 13466 307 8925 5241 9510 2134 11215 15889 11544 15794 12342 8370 17077 16764 20233 13153 14140 18980 8151 8276 10829 12139 13750 14441 16580 20125 16378 9780 7891 9247 2232 13020 11695 16942 3427 18298 11280 21304 20360 13311 12202 18484 18691 11737 11649 5357 17308 7522 16375 11439 13308 10380 6209 19885 21250 14221 20113 13955 18766 8775 15262 10644 13810 9795 21994 4463 9003 22908 7269 9605 1214 1510 18648 7663 10841 11737 4533 19143 15979 4498 16009 5793 18508 4494 13038 14197 10469 14742 18275 9672 15347 19834 16203 15503 8175 20042 9680 14404 2741 6689 10753 12512 8649 5658 8345 14248 8709 11636 10597 14520 19986 11542 15516 9793 13720 7875 8146 4915 5130 8981 15635 14259 16270 9733 14336 936 19897 12005 8034 9071 4728 16432 6812 2077 7058 14396 8063 10267 16122 19328 17602 6771 7484 19943 13399 19012 6871 14955 1523 12079 6758 15797 11945 8332 13300 9337 17843 8940 19124 2477 9799 13260 17707 16814 6632 1218 18215 17188 14213 7218 15378 4537 14019 4631 20060 11241 6097 14412 17443 11716 13558 18175 12993 17956 19834 17154 14708 6818 17917 10225 9661 18852 11522 15010 13216 10714 7047 11291 12552 2888 17735 6031 20191 10955 16458 18820 6853 2227 6191 1849 16846 6961 2485 16030 9192 4221 13271 5055 5120 20047 19310 10968 12734 7643 13293 4486 14494 18142 17506 10929 2102 10545 10437 13566 11287 12871 17903 10304 16295 13264 9307 6628 7965 8263 2944 7858 17821 6370 7822 21722 13707 6760 5415 6517 17518 15029 13216 13795 18112 17720 11791 6791 9610 16346 8474 12288 6210 17267 9078 17325 12902 8001 11829 19815 6968 7540 15562 21453 13641 18253 19691 12635 3242 11657 19053 17148 16533 4612 14681 16569 18547 13274 7238 18207 18736 14193 18489 4753 12060 7592 13185 13305 20752 12674 1613 16639 4970 3450 12845 15451 2224 11700 14944 1961 5029 14817 21624 9647 11751 12131 7721 9250 15643 2088 12460 17944 11441 6829 5598 12827 7209 11508 10134 18634 17633 8289 8051 18631 17865 10366 16990 14245 5235 5860 11833 22650 9506 15014 5145 9070 9864 18404 19468 20441 5381 10542 6076 18094 10099 11555 6204 6396 14788 7194 11973
4245 9147 3061 2461 5943 7326 10933 5018 11979 11455 11531 10730 8666 8642 0 13389 9589 10254 6646 4906 7256 11321 8972 8558 8963 7754 6254 4748 3728 11124 4670 5887 10085 11314 390 4215 5544 8387 4942 4076 1152 8804 2574 9481 8157 7741 3797 7584 10106 8476 12271 8659 6686 11780 7267 10962 7716 3926 5758 10472 7967 13244 7746 2073 7759 7730 7231 7246 8649 9918 6452 10807 6103 12949 12359 7606 3563 13537 10537 6652 8825 5679 10126 5393 8734 7015 7892 6374 3476 11253 12634 6986 13979 5654 10497 6940 10481 2127 5290 9554 13733 6812 6832 14630 7025 5769 7446 8364 10117 6581 6366 6112 4264 10742 9022 10964 11057 5812 9891 10108 5923 8483 4860 8330 10778 7862 6843 11217 7611 7069 3260 13522 5363 6285 7467 2597 6615 7020 6752 10699 4558 6856 7756 6212 9749 9576 11352 3782 7809 1774 5647 5708 9297 6583 7126 4982 7075 10088 8676 7254 6092 7706 14013 5961 2107 2667 9164 11457 11202 6620 12641 8327 10366 4093 9110 13538 8971 5951 2309 12852 7388 11164 3916 7275 7770 5875 3303 9472 11152 7059 9815 5543 11761 8197 10485 8429 1157 4720 10335 8649 6956 7465 11402 8652 7850 3472 6901 7521 9404 4044 11419 10608 5534 6356 8946 4922 9060 12508 7486 10647 11204 9421 10195 7805 11415 9121 10638 11025 2891 6418 5969 5940 11484 10428 4675 6945 9865 8512 11733 5630 10400 11268 8818 8762 2523 7468 8232 3232 6321 8962 6204 5177 9878 10545 10242 11423 10669 9747 4223 11095 5421 5403 6485 9991 9512 9927 7699 7747 6667 8089 9335 5045 9561 6659 8260 5134 4452 2978 8818 8297 8288 10302 9191 8655 7181 13586 5201 7027 6645 12321 9725 11105 8159 5735 10883 9293 3177 2461 2978 8026 2360 6717 5468 9279 5471 8790 4366 5901 5104 11186 5138 9626 7216 12887 7260 9948 11835 3999 5595 4695 10433 8572 9477 5840 6190 8005 10488 5149 1802 13079 11452 5725 11131 4037 4785 8475 4606 10676 14738 5905 7639 8752 10596 5834 8577 7802 6963 9588 7981 6686 11458 9162 13017 8957 4599 3775 8723 2226 7988 7946 11190 9566 11168 3567 7133 7908 8343 3461 6877 13128 11362 5072 8637 10516 11296 2413 12029 10299 5145 10172 6816 14402 1926 8010 8294 7355 10000 9777 10891 11833 3774 2047 8355 11162 2605 9966 12081 2767 8255 4163 10907
10552 22048 10960 15778 8086 20621 15194 9111 18727 9910 4573 23489 18200 19673 13389 0 10579 15104 19880 17330 6387 24501 8427 11217 17491 18201 19628 17285 12529 10599 17151 18970 9523 24347 13751 12490 14711 19556 18068 14661 13606 18483 12007 19135 8630 14961 10728 20938 3501 14309 17299 20513 16037 2901 20630 15267 9287 13777 14592 6325 11894 1746 10429 11337 12700 11182 19357 18531 8752 3713 16277 4068 8401 15850 17204 18816 11555 3316 6572 7936 8945 18877 18204 12186 5523 8297 6368 19130 16725 12204 13147 6472 666 8896 7167 20218 4974 11660 12647 22858 16814 19802 20063 17258 12938 18744 18803 18553 9030 12342 8849 7990 15616 8003 18019 19025 4289 19095 12166 17972 16298 19355 9344 5127 17862 10767 9206 12578 9764 13263 11785 711 9994 14356 17167 13634 19245 7167 11364 17613 11345 6676 11807 18201 22940 5412 10901 14668 6267 11615 8405 11876 22685 19692 20273 18093 12418 6225 16570 20356 13913 18916 1157 17547 12425 15632 16806 3995 17107 18275 18858 18872 14807 16476 17970 1300 10407 13043 15696 2387 6347 17087 17298 15794 19590 7815 16657 3987 24237 11841 22029 10345 1836 21521 11663 17941 12787 12558 17911 7030 20320 18874 2266 12878 18242 12651 12991 20515 20964 16310 11829 23774 13621 7892 8737 8548 20802 1966 18922 3680 12225 16565 5608 13829 1984 11042 24011 17083 11708 12082 7440 18445 17230 23558 8923 19364 5565 15089 8592 17914 3217 17993 22145 18382 14579 19421 10023 12999 17299 4576 10599 15505 7555 17984 17571 10632 11148 22856 12758 16112 14798 15190 14724 6624 15821 23070 17759 20671 9345 19333 22290 14808 14412 19494 15194 14113 10444 16281 13398 21677 17499 14956 10403 14882 20561 17343 12729 13449 19859 18953 16537 6088 6513 8322 3371 8194 12312 15732 10771 14034 11907 7406 13500 15744 18587 12919 12611 19244 8380 10697 12716 14585 8283 14071 17896 7402 5180 11321 17752 16016 12250 9495 18089 18844 9352 9417 16031 14129 13515 2969 3250 12942 3573 16553 8604 13516 12305 8379 1444 7525 19488 15840 18123 18311 7157 16069 17450 9542 17463 18004 19204 4864 13503 11607 15751 10214 13579 11435 16131 20060 24141 7863 24367 13026 14605 6908 13810 14116 19808 2075 2074 11386 13157 6387 2124 14192 3712 6459 18287 16813 7843 17282 11530 5418 21384 20610 12342 11927 9665 12974 16717 11676 14927 2625 10815 10122 18923 15941 18247 17551 23944
5477 18206 6753 11658 9595 14465 18474 5557 8268 15914 12369 19829 8844 10928 9589 10579 0 4596 13649 10457 8909 19855 2257 14703 18032 17248 14042 10553 6125 16111 14214 14998 14723 20093 9704 5694 14452 10935 14097 7528 10604 9144 10530 18888 2502 16161 10377 15893 9506 16371 20316 18208 15819 11272 15564 4692 2331 12814 14558 4300 14695 11709 13585 8234 3047 2001 11601 16829 2078 9495 7702 11256 4799 20108 20335 17189 11002 8325 13028 4639 1807 12748 19139 4541 10200 3824 5317 15720 11266 17127 18531 8265 10786 10334 13428 15605 5606 9623 13188 17894 21064 13055 15619 21840 3767 15000 10502 9496 14422 3642 4026 5336 8495 14194 18239 8876 6305 13163 16198 7896 15302 18052 5533 7257 19499 1751 11895 17312 13003 14841 6335 11167 4426 14836 8188 7719 16012 5218 2976 7285 5040 8545 2329 15789 18367 5304 16442 13093 9802 8630 9634 4121 16926 13192 13752 14149 14365 4355 17497 16219 14480 10472 10346 15546 7502 12176 6859 6647 6610 10362 8318 17855 4264 13671 18293 9767 14488 4651 11118 11865 6129 19470 12229 16173 11493 6113 11561 7737 19864 2930 19248 4108 8871 16586 16310 8634 10011 12702 19194 11695 14549 10596 10098 15746 17338 6398 14570 13641 18977 9662 17024 19215 5445 9942 13325 6895 18619 8687 17075 10680 17107 18034 4972 4121 9445 703 18520 19372 10527 13677 7884 15423 6704 19112 8762 11918 11610 5139 15277 15180 7825 19898 15918 9033 8688 11484 13678 6781 9148 8971 3388 7653 3033 7763 7371 16329 16132 18511 12453 5558 14397 7123 15150 12605 17789 18623 8826 16875 3331 17676 18327 14118 17170 15934 16634 13878 5279 11102 3159 16336 8139 4430 14645 4843 15342 21208 13172 4227 13578 8462 18239 4701 4834 9640 10660 13208 11317 10647 7048 15920 7240 5291 5390 17594 14582 15864 12466 14474 6806 16211 5058 4170 11414 19180 16769 13158 13061 11181 10461 14212 16610 13572 18611 12325 11408 13065 18557 13896 8256 8226 11224 13687 11161 10066 7632 3440 12447 2525 11217 7000 11439 17262 7912 11197 3761 16667 8893 1040 17265 9891 8938 6300 18961 1296 14075 9660 3392 7638 16827 12140 20080 13187 19671 6527 5337 4548 3814 12624 16059 8912 8938 4552 2988 12873 9496 11838 7075 4144 12164 6511 4550 21707 8149 8282 14555 16037 1763 15983 15380 17928 10703 9536 5028 10181 7913 629 8469 10580 17680 12649 19705
7342 17305 8368 11577 12590 12646 20676 8256 3673 19210 16405 18880 5309 7669 10254 15104 4596 0 11892 8833 12412 18385 6678 17368 19217 17868 12640 9014 6605 19249 14289 14401 17907 18813 10191 6136 15751 7784 13636 6648 11405 5577 12098 19651 6574 17822 12473 14573 13645 18338 22275 18089 16940 15509 14271 744 6023 14090 15936 8885 17132 16125 16295 9771 2963 4182 9065 17151 6367 13596 5336 15306 8020 22531 22335 17504 12853 12917 16718 8144 6161 11198 20380 5131 13923 7421 9324 15328 10452 19999 21440 11765 15345 13109 17029 14569 10143 11196 15026 16412 23421 11036 14677 24269 3399 14528 7698 6163 17692 4035 7225 8633 7241 17698 19268 4487 10863 11674 18871 3655 16150 18425 8110 11244 20992 4518 14738 20108 15828 16820 7394 15662 6790 16385 5219 7730 15675 8918 4553 2793 6363 11973 3628 15898 17059 9729 19561 14036 13337 10073 12526 5007 15077 11323 11788 13695 16547 8907 18896 15374 16117 7548 14925 15890 8297 12354 2960 11220 2015 7920 3756 18380 418 13905 19360 14344 17368 4345 10894 16209 9934 21256 11458 17500 8699 9345 10913 11943 18538 3997 18794 6290 13348 15251 19169 5193 11099 14471 20572 15137 12960 7797 14408 18076 17970 6831 16587 11453 18936 8419 19989 17842 4731 13016 16503 9727 18517 13247 17299 14778 19967 19595 9508 2464 13825 4066 16687 21131 12229 15835 11091 15273 2127 17808 11425 9570 15389 1981 18810 15213 12196 21463 13887 5473 8324 8821 16533 7025 6773 12923 5553 6056 7608 3362 3025 19503 19112 17314 14085 1070 15643 5539 16632 16236 19569 17360 5751 16138 6468 17923 17351 15283 19306 15435 18333 15279 7227 10508 1883 14794 4739 202 17556 1712 13987 23418 14974 3255 11797 3868 19872 9296 8945 12560 14808 16519 12902 10227 8786 17874 8324 8866 4789 19347 14028 18208 14163 13500 9718 19341 5188 677 14484 21955 17365 16667 17051 13160 8510 14851 19349 16570 19730 10581 14143 16007 20475 15295 8501 12821 15407 15521 15291 8832 10410 2008 14265 7074 15799 10238 8694 18885 3513 9230 8037 18025 6189 5627 18218 7373 4445 10571 21865 3498 14796 11877 1811 9052 18207 9394 18903 16582 18188 6690 3281 8586 1983 13697 15444 13498 13357 5860 2147 16588 13853 12665 11664 8722 10722 2105 8131 24087 9572 12075 12286 14971 2911 18686 18643 20744 9647 11088 2070 14441 9687 5150 3875 9998 18426 11898 18463
9680 5830 8973 4686 12575 818 15271 10957 11525 17488 18166 7251 7350 5524 6646 19880 13649 11892 0 3204 13890 6495 13993 14243 11526 9188 1218 3096 7958 16999 5675 4079 16184 6966 6259 8243 9543 5231 4025 6140 6876 7244 8826 10865 13236 11759 10228 2863 16700 12925 15870 7764 9787 18415 2629 12610 12598 8691 9853 16010 13436 19850 13697 8597 10810 11666 3310 7986 13590 16519 6558 17453 11907 17348 16027 8225 9728 19605 17066 12462 13660 1006 12552 9212 15380 12530 13938 5127 3181 16715 17933 13585 20439 12207 16965 3275 16385 8696 10589 4530 17887 1065 3528 18794 9988 4444 4678 6503 16312 10008 11838 12128 5154 17098 11186 9860 17054 863 15292 9577 8612 9043 10742 14759 13651 11998 13185 16564 13750 11969 8369 20068 10606 10560 6823 6477 5484 13045 10756 10660 9288 13477 11341 6648 5232 15509 17164 7808 14454 8377 12273 9649 3282 617 626 4067 12360 15701 11826 4243 10638 4958 20406 7206 7509 5377 9338 17477 11686 4112 12335 9345 12206 5924 11347 19895 14879 9004 4431 19482 13645 14604 2900 10677 4001 12121 3377 15905 6678 10720 7786 10505 18173 3476 16063 7291 7553 10141 13037 15202 1126 4601 17983 13752 9290 7735 11933 1327 8612 4014 16997 5974 8216 12976 15229 11331 8150 18807 7872 17286 16656 12752 15969 10108 17931 12991 4889 14434 9184 11880 12550 5648 11959 5967 11320 2655 16486 9936 18003 6047 16776 14207 2338 7292 5439 3685 14266 7324 5140 15559 10793 6089 15098 10157 10091 17300 16394 5549 9614 12231 9349 6643 10532 16530 13301 5551 6466 5049 11790 8386 5785 8949 14070 4969 12205 9562 9847 3668 11407 2915 7560 12040 15096 10245 2302 17477 10467 9634 109 11825 13142 16653 14065 12362 17517 15656 9069 4195 9120 12577 8023 12756 8263 13070 3972 13879 9815 2685 11500 17040 8644 11516 13702 17926 8778 16401 18444 10155 3385 7377 15832 14716 11755 1339 12576 14199 14347 9565 6409 19203 18091 10831 17774 3637 11337 10986 10177 15550 21177 12356 3914 12392 10111 2663 14143 11108 5816 14095 10231 4649 10414 15362 18250 12553 7564 10360 11197 8445 11289 3529 7104 15969 6298 7451 8855 13736 10660 8018 4733 19387 17819 9556 11372 17063 17826 7091 18061 15817 1612 10597 12608 18506 8380 14582 1746 3549 13205 15251 16963 17108 3214 8635 9885 17760 9099 14207 11515 3946 9888 2894 6639
6852 8502 6391 4140 10650 4015 15243 8239 9002 16353 16160 10057 4926 3995 4906 17330 10457 8833 3204 0 11708 9610 10903 13370 12250 10264 3809 237 4976 15999 6429 5829 14987 9994 4542 5191 9472 3704 5246 2994 5631 4926 7453 12071 10171 11800 8700 5743 14352 12781 16241 9688 10162 16171 5438 9566 9510 8170 9757 13006 12703 17493 12618 6442 7606 8483 2325 9251 10493 14189 3534 15330 9089 17320 16367 9566 8439 16749 15350 9626 10545 2384 13382 6071 13303 9591 11162 6857 2243 16023 17363 11303 17850 10491 15349 5764 13497 7013 9891 7629 18003 2647 5898 18916 6784 6047 2791 4266 15023 6814 8909 9394 1977 15631 12072 7515 14196 2850 14628 6993 9076 10478 8010 12218 14316 8826 11745 15950 12512 11548 5567 17590 7664 10415 4063 3696 7228 10284 7592 7962 6298 11257 8142 7877 8237 12648 16216 7549 12397 6346 10382 6506 6486 2737 3306 5305 11723 12723 12293 6617 10357 3095 17751 8152 4952 5080 6511 14623 8874 1927 9789 10611 9123 6330 12208 17216 13842 5807 3491 17202 10996 15025 3041 10967 2892 9515 2801 13346 9725 7531 10142 7499 15560 6426 15284 4781 6035 9354 13760 13455 4185 2778 15589 13257 10371 4790 11435 3306 10560 1021 16225 9036 5016 11093 13849 8881 10111 16096 9277 15078 15970 13170 13039 6929 15436 9793 8093 14866 7784 11121 10260 7032 9159 8988 9287 2099 14556 6856 16634 7177 14151 14857 5465 4934 2799 2573 13121 4400 2348 13236 7703 2896 12030 7552 7403 16299 15509 8482 8822 9278 9298 3450 10500 14800 13512 8533 3909 7409 8772 9877 8532 8876 13923 6875 12300 9280 6994 2636 8226 6019 4907 8969 14063 7150 5158 17727 9784 6434 3128 9329 13531 13643 11223 10465 15277 14185 7951 2812 6636 12368 5464 10010 5067 13273 5515 13393 8998 4741 9030 16057 5490 8411 12080 17525 9782 14810 16535 8879 754 7687 15175 13475 12618 1870 11089 12910 14552 9289 3918 16381 15881 10254 15592 873 9043 7805 9302 12417 18558 9904 2759 12646 7538 992 11179 11467 3130 10933 11024 2235 8072 12638 17726 9350 7771 8614 8023 6080 11659 3043 10072 14448 9417 4458 5699 10871 7490 7530 6804 16641 15256 6500 8183 15314 15351 6397 15205 12810 1889 7760 9760 18657 6182 12226 4224 6154 10006 14537 15792 16546 1387 6923 6787 15407 6866 11022 9032 2415 10929 3431 9637
5669 15667 5469 9537 1739 14581 10399 4327 15565 7005 4508 17102 13789 14723 7256 6387 8909 12412 13890 11708 0 18146 6860 6301 11605 11982 13495 11616 7507 7238 10767 12621 5848 17971 7638 7670 8504 14543 11734 9484 7308 14032 5628 13089 6412 9175 4344 14673 2924 8836 12448 14165 9893 4525 14375 12861 6670 7430 8426 6499 6618 6008 5228 5320 9487 8278 13928 12213 6885 2721 11580 3622 4394 11693 12412 12512 5180 7561 4318 4344 7169 12909 12473 7917 1658 5143 3764 12748 10710 8395 9745 653 7028 2641 4617 13911 5548 5353 6509 16550 12685 13967 13740 13366 9314 12381 13678 13895 5522 8621 5200 3781 10285 5321 12059 15304 5697 13065 7686 14252 10021 13105 4529 2287 12382 8018 3569 8636 4546 7513 6558 6396 5744 8307 12605 8132 12859 3691 7888 14278 6714 480 8791 11824 16592 4889 7574 8294 924 5514 2044 7793 16499 13786 14346 11756 6758 6078 10770 14002 7863 13858 7218 11186 6796 9306 13069 5939 14177 13004 15948 12658 12266 10092 12037 6853 5846 8903 9545 5596 2837 11905 11158 9789 14301 3077 10559 3014 17867 8450 15661 6240 5055 15229 7612 13519 6508 6322 12294 2788 14202 13731 4231 7715 12032 7523 7221 14684 14652 10704 8229 17418 9197 1681 4476 3036 14468 6053 12595 3398 8384 10962 5719 10360 4422 8970 17755 11856 5324 6245 1512 12058 14386 17196 2606 13805 3088 11595 6424 11527 3983 12630 16072 13949 8913 14069 5118 7763 12241 1811 6892 10531 6890 14451 14048 7442 7346 16493 6454 13479 8567 10377 8679 3825 10390 16712 13099 14295 5971 13034 15912 8529 9287 13115 9511 7884 5669 10227 10530 15441 13166 12335 5965 11514 14331 12984 6572 9714 13884 15862 11027 6893 4310 1967 3627 4306 5930 9695 5138 8465 6308 3643 9071 10258 12247 7802 6325 12979 2953 7340 8268 11759 2792 10473 11640 4282 4987 4972 12255 9648 8011 4860 12219 12991 3401 4448 10872 7901 7791 7018 4204 6881 3897 10864 2681 10448 6054 8076 7813 2220 14183 10184 14564 12699 5431 10140 12596 8151 11376 12855 15634 3753 10172 9295 9388 3835 10614 5629 10235 14656 17759 4278 18017 7910 10638 4473 10599 7739 13435 6722 4552 7019 10266 4199 4267 7814 6363 6442 12350 13517 4400 13283 5560 1175 15500 14292 10394 7450 6477 9218 10859 5384 11409 3953 4854 8813 15735 9959 12102 11366 17569
15253 2735 14259 8860 16531 5765 15524 16282 17851 19607 21834 2273 13722 11639 11321 24501 19855 18385 6495 9610 18146 0 19882 16222 10918 8518 5839 9459 13854 18912 7463 5531 18533 902 11013 14227 11012 11382 6443 12356 10915 13579 12525 9359 19085 12470 13881 3963 21070 13760 15240 5645 10359 22509 4293 19104 18514 11163 11280 21664 15276 24098 16110 13378 17155 17854 9592 7403 19505 20867 13049 21375 17340 17356 15443 7354 13119 24857 20280 17899 19618 7227 11488 15324 19348 18149 19206 5495 8627 18079 18948 18030 25122 15871 20005 4396 21784 12845 12869 1982 17554 7407 4489 18363 16321 5767 11021 12838 18816 16253 17465 17410 11454 19858 10315 16124 22375 6770 16761 15963 9411 7595 16101 19572 12737 18143 16278 17797 16432 13492 13997 24542 16306 11889 13298 12256 5485 18327 16895 17078 15128 17828 17600 6894 1573 20881 18966 10160 18458 13035 16205 15754 3499 7076 6660 6415 14198 21306 11684 4145 12191 11269 25221 7703 12926 8878 15808 22777 18138 10564 18662 8185 18696 8120 10488 24775 17077 15277 9136 23596 18703 14046 7727 11162 10177 17195 8419 20694 638 16942 4315 16320 22974 3272 17659 13694 11740 12664 12109 18613 5432 10934 22377 15111 8569 13597 13600 7137 6003 10246 18484 728 14513 16821 17996 16220 5723 23782 7023 21372 18014 12516 21467 16536 22518 19230 2175 13879 12845 14013 17088 6285 18406 975 15578 8983 20121 16424 20517 6893 21652 13230 4799 13641 11228 9926 16724 13187 11633 19947 16757 12500 20915 16543 16511 19188 18153 1673 12268 18719 10840 13053 11662 19806 13381 1436 12902 3931 17584 7082 2431 10602 14725 5103 12720 11392 15446 8874 17831 3595 14001 18532 17263 16730 4516 16912 12750 16010 6591 18132 12890 22307 19450 16294 21649 18544 12347 9392 14261 13599 13379 18025 14542 13207 5919 15202 12461 5495 16404 18918 14797 17999 17041 18613 8421 19441 21920 13443 9875 8969 17225 17293 10796 7806 15823 16916 14268 11385 11909 24396 22140 12856 21785 9830 15988 17410 12835 21526 25898 17168 10125 12556 16483 9157 19759 11350 12291 20179 9825 11110 16664 20478 19147 18843 9250 14314 17631 13511 11463 9553 1339 18920 199 13394 15308 19176 17099 10650 4745 24415 22538 15496 17778 20335 22379 10344 23349 21482 7763 17063 18060 18040 13247 19085 6505 3971 19579 16816 19193 18184 9154 12834 16369 22089 13910 20375 17820 9367 9051 7348 995
4735 17985 5928 11276 7759 14808 16802 4231 10306 13847 10126 19597 10261 12114 8972 8427 2257 6678 13993 10903 6860 19882 0 12892 16818 16315 14196 10953 6064 14097 13635 14720 12707 20020 9170 5750 13270 12070 13786 7912 9841 10559 9376 17852 815 14766 8960 15942 7256 14833 18725 17607 14684 9016 15609 6869 1395 11699 13335 2362 12981 9484 11774 7270 4442 2934 12413 16049 421 7249 8721 9013 3226 18329 18726 16402 9679 6480 10858 2868 523 13029 17879 4856 8044 2148 3146 15318 11270 15203 16580 6233 8682 8578 11282 15523 3480 8524 11786 17968 19302 13550 15490 20044 4886 14661 11495 10787 12378 4452 2667 3618 8937 12073 17093 10708 4217 13396 14362 9678 14311 17219 4297 5051 18120 2497 10062 15415 11154 13330 5907 8987 3626 13524 9411 7638 15574 3234 3479 9223 4759 6538 3540 15140 18344 3071 14433 12131 7721 7680 7848 4431 17208 13609 14192 13833 12771 2277 16194 16025 13136 11523 8292 14791 7036 11636 8554 4597 8680 11197 10433 16954 6387 13035 17128 7707 12592 5387 10840 9620 4027 17963 12156 14931 12431 4351 11465 5483 19818 3791 18786 3562 6675 16621 14399 10023 9140 11350 17872 9619 14775 11583 7845 14060 16397 6308 13047 14195 18322 9989 15066 19206 6139 8057 11327 5307 18000 6590 16335 8432 15187 16648 2850 5604 7206 2625 18757 17879 9304 12111 6013 14912 8804 19070 7133 12624 9425 6806 13140 14588 5581 18481 16320 10450 8680 12361 11805 6722 10037 6759 3202 8348 1160 9633 9224 14301 14177 18430 11177 7694 13242 7883 13861 10457 16310 18572 10045 16608 2319 16911 18141 13011 15545 15578 15212 12665 4529 11008 4997 16481 9543 6532 12734 6563 15425 19504 11788 5410 13936 10528 16818 2920 2631 7839 8406 11162 10114 10499 6106 14397 6649 3384 6046 16129 14299 14171 11158 14400 5179 14199 5449 6163 9492 17273 15858 11044 10823 9786 11061 13357 14743 11642 17416 12720 9637 11166 17005 12683 7988 6291 8968 12273 8908 10356 6014 5157 11081 1707 9170 5162 12358 15863 9776 11760 1520 15400 9947 1321 16174 10790 10842 4044 17009 3181 13184 8217 5193 6809 15547 13027 19957 11111 19708 6555 6606 2396 5482 11618 15757 6888 6711 4439 4767 10698 7251 10992 5088 2173 12422 8427 2733 19930 7257 6128 15117 15957 3990 14137 13330 16016 10861 8455 6660 7925 6848 1993 10504 10516 16678 12544 19621
10026 13492 9076 9626 5135 14680 4133 9281 19920 3393 6983 14534 17092 17198 8558 11217 14703 17368 14243 13370 6301 16222 12892 0 6672 8164 13376 13185 11131 2778 9135 11301 2376 15752 8883 11512 5219 16939 10709 12403 7740 17259 5991 8509 12305 4198 5052 13753 8077 3218 6225 11005 5997 8395 13548 17952 12373 5567 4943 12795 956 9989 1120 7866 14435 13592 15670 8981 12830 7888 14813 7165 9906 5439 6166 9141 5011 13396 4941 10094 13109 13466 7163 12295 6007 10899 9964 10882 11492 2721 4146 6822 11871 4374 4441 12799 11826 6662 3659 15160 6418 14770 12523 7153 13989 10928 15998 16876 2759 13335 10696 9374 12782 3946 7291 19192 11900 13392 1508 18236 6818 9338 9375 8570 6673 13454 2830 2759 1760 2761 10177 10878 10682 4344 15866 10816 10802 9663 12912 18598 11025 6483 13964 9332 14861 11190 2922 6516 5696 7691 5070 12368 15811 14414 14838 10698 2028 12371 5683 12444 4032 16262 12311 8520 9644 8867 17156 12087 18817 15163 20469 8748 17328 8619 7197 12146 940 13206 10073 9293 9012 5878 11381 5376 16262 8600 11071 9078 15762 13435 12618 11160 10578 14083 1929 16840 7400 4109 6788 4240 14053 16014 9025 1676 8162 10995 2625 15411 11149 12582 2862 15535 13157 4849 2502 7844 11154 11688 9393 7546 2677 5469 12020 15003 9641 14601 16605 5868 5701 2369 6879 10049 19071 15256 6008 15295 5655 16060 4359 9425 9924 6778 15888 17206 11051 15942 1232 11005 14863 7466 11953 13554 13099 18586 18229 3075 2157 14588 4642 18380 5398 13654 4607 4696 4644 14854 16173 12368 11439 9572 13792 5682 3197 11279 4256 4916 10144 10974 15569 14604 16631 17343 1078 16088 13651 6685 3782 14236 14285 20251 5383 13193 10507 5068 7851 3086 5421 10625 8645 3067 9393 9511 13050 4598 11076 1705 4446 12273 7913 2810 12392 16691 3509 4587 8055 4000 6707 4590 14094 7390 1985 1723 7211 13879 3299 1902 4820 4920 10111 12845 8014 3484 7666 12524 7110 15367 4104 14272 12602 7739 16129 4824 18665 14225 11583 5443 15471 14105 7064 15243 19635 10039 4555 14782 7124 5534 15582 8564 5434 16359 15415 3463 16154 11294 14816 10597 15401 6234 11681 12323 10033 11513 15321 5083 9450 7178 12434 12732 13090 17938 10203 7040 8120 7388 15988 13046 15936 1318 2974 3396 12089 6772 15878 8652 7795 14735 20055 11012 7939 11349 15398
12583 8300 11319 8180 9930 11603 4648 12609 20739 9673 13555 8847 17009 16191 8963 17491 18032 19217 11526 12250 11605 10918 16818 6672 0 2506 10356 12015 12649 8855 5938 7548 8988 10240 9046 13133 3580 15888 7509 12848 7812 17068 7504 1891 16063 2543 7908 9795 14096 3498 4470 5274 2278 14816 9732 19922 15847 5234 3486 17521 5794 16457 7163 9819 16646 16380 14133 3764 16608 13888 15033 13565 13594 6441 4654 3678 7145 19162 11569 14001 16848 11149 1168 14264 11995 14670 14542 6637 10007 7636 8235 11884 18157 8988 11098 8851 16919 8410 5171 10479 6705 12416 8530 7560 15950 7150 15018 16469 9412 15456 14198 13266 12689 10611 666 19516 17208 10848 6554 18783 3194 3327 12578 13786 2125 16417 8297 7284 7777 4231 12003 17251 13606 3353 15928 11522 6362 13921 15461 19507 13243 11556 16521 4933 9894 16112 8801 5182 11374 9437 9678 14527 11726 11951 12144 7464 5085 17085 994 8101 3781 15328 18510 4320 10965 7250 17959 17493 20106 14165 21449 2733 19322 5925 535 18251 7610 14899 8888 15792 13668 3211 9332 1891 14853 12627 9450 14619 10345 15850 6742 13950 16531 9824 7451 16815 8179 5515 1522 10506 10845 14992 15231 5090 2428 12407 4501 12852 5063 11901 8100 10340 14495 9925 9081 11573 5241 17592 4050 13838 7574 1619 16917 16764 15714 17689 11964 3039 7530 5425 11411 5943 20392 10041 9904 13562 12063 17457 10895 5483 15581 2681 12301 17057 11132 14495 7675 12192 14418 13223 14724 13817 17407 19273 19012 9077 8037 9492 5642 20052 3644 14161 2992 11262 2552 9767 15979 7645 14768 3850 8607 3960 4111 6943 2417 4162 12773 9643 17737 10569 16797 19262 7722 17612 9969 6143 5137 15982 11610 21081 1978 18053 15018 9735 14149 9684 6726 9628 10994 3606 11038 13669 14431 2429 7572 5122 5670 8910 11725 8827 14073 18585 9220 7779 2804 10626 13345 7084 12985 4587 6892 8271 615 11812 8248 8181 3356 4143 10735 18616 14424 4745 14059 11633 10928 17410 5794 18456 18922 12031 14727 1917 19302 12755 15881 1469 15182 17768 1296 14475 20048 15168 8373 17642 4553 8652 17657 10465 1372 14660 9829 10076 10909 12528 16074 14952 17295 5534 7320 18257 15995 13785 17542 11697 15531 6556 17949 17401 11066 19044 14154 7246 9936 12779 13076 8898 18751 6693 9423 7543 10879 8498 17305 14868 10119 18278 20818 9990 1881 9048 9963
11782 5848 10508 6402 10244 9201 7012 12095 19037 11435 14649 6553 15141 14107 7754 18201 17248 17868 9188 10264 11982 8518 16315 8164 2506 0 7993 10027 11472 10671 3835 5141 10540 7895 7737 11959 3491 13801 5234 11299 6667 15169 6996 1819 15522 4078 7822 7311 14716 5335 6974 2938 2224 15713 7262 18596 15203 4717 3616 17339 7214 17368 8357 9068 15503 15454 11977 1265 16053 14504 13312 14478 13153 8902 7159 1183 6973 19479 12796 13623 16267 8906 3392 13145 12689 14201 14416 4177 8044 9664 10451 12131 18863 9356 12399 6380 16931 7800 5558 7983 9205 10128 6059 10065 14749 4755 12970 14528 10904 14331 13649 12927 10980 12055 2034 17701 17319 8566 8422 17046 2029 1188 12018 13988 4567 15554 9089 9355 8855 5426 10982 18053 12871 3964 14131 10150 3882 13691 14488 17858 12273 11833 15506 2540 7422 16071 10677 4185 11942 8661 9950 13461 9224 9652 9796 5183 6253 16913 3171 5603 4381 13283 19138 2112 9855 5543 16317 17647 18557 12139 19781 677 18019 4031 2204 18813 9087 13653 7118 16750 13622 5717 7250 2802 12707 12387 7487 14945 7971 14811 4518 13144 17030 7321 9334 14967 7240 5664 3929 11448 8438 12934 15940 6809 107 11210 5617 10514 2986 10059 10096 7911 13149 10354 10332 11299 3018 18033 1549 14654 9600 4035 16835 15463 16316 16825 9471 5544 7140 6322 11472 3544 18847 7613 9872 11376 13034 16014 12519 3174 15934 5115 9826 15169 9580 12349 8941 10933 12531 13727 13868 12160 17044 17564 17337 10926 9875 7036 5550 18625 3416 12563 3631 12411 4867 7312 14109 5140 14120 1462 6158 3478 6229 4462 4250 4100 11984 7755 16540 8073 15004 17936 9241 16204 7511 8648 5473 14706 9278 19376 4421 17917 14840 10022 14960 10927 6349 7848 10254 5251 10037 13413 13102 4689 5216 6880 5663 6527 11471 10662 12865 17270 9989 10095 503 11875 14553 7069 10972 3059 8844 9546 2598 9604 8858 9315 5788 4084 9401 18948 15321 5304 14952 9744 10750 16182 5928 18004 19645 11942 12586 4039 17579 10657 15572 2876 13311 17124 1309 12498 18246 15264 10637 16695 3175 8516 16431 9617 2969 12455 7505 11324 8496 11261 14633 14710 16020 4700 4830 18702 16515 12801 16370 12896 16144 5413 18150 17198 8897 17466 13786 9752 9119 13120 10676 6406 17751 8513 11097 9703 8940 7864 15876 15595 9468 17570 19099 8171 700 6913 7591
9704 4787 8864 4030 12086 1319 14199 10886 12525 16672 17657 6289 8350 6657 6254 19628 14042 12640 1218 3809 13495 5839 14196 13376 10356 7993 0 3641 8133 16147 4574 2868 15396 6186 5883 8473 8531 6357 2895 6524 6289 8268 8206 9655 13416 10697 9627 1934 16359 11891 14730 6558 8681 18011 1634 13370 12811 7809 8842 16108 12538 19494 12895 8291 11316 12043 4426 6781 13805 16171 7320 17000 11889 16267 14891 7014 9056 19556 16450 12450 13899 1453 11367 9530 14922 12596 13869 3911 2983 15781 16964 13241 20208 11641 16312 2122 16379 8194 9718 3862 16780 2251 2348 17684 10482 3241 5732 7535 15552 10425 11904 12051 5615 16391 10001 10900 17021 970 14361 10549 7504 7827 10684 14536 12480 12346 12505 15612 12996 11007 8406 19774 10698 9550 7712 6569 4267 12975 11097 11599 9442 13105 11771 5455 4430 15488 16297 6879 13997 8025 11774 9963 3086 1770 1806 2931 11448 15777 10690 3076 9658 6026 20214 6040 7435 4572 10218 17437 12581 5081 13332 8136 12932 4892 10163 19722 14054 9443 3951 19089 13497 13461 2339 9578 5140 11966 2972 15683 5922 11120 6648 10654 17967 2617 15157 8266 7032 9302 11861 14611 714 5663 17656 12791 8093 7889 10990 2528 7411 4408 16083 5240 8675 12464 14507 11103 6948 18660 6659 16873 15721 11618 16001 10711 17660 13407 4569 13290 8564 11006 12222 4449 12861 5182 10896 3769 15957 10664 17258 4873 16587 13036 2610 8308 5521 4808 13478 7475 5990 15215 11025 6677 15268 11126 11031 16447 15514 4675 8788 13054 8335 7228 9497 15922 12197 4724 7417 3889 11936 7169 4781 7947 13028 3752 11129 8599 9885 3367 12002 2297 8495 12777 14268 10959 1349 16350 9594 10173 1318 12835 12010 16754 14042 11864 17117 14961 8356 3920 8955 11560 7930 12679 8707 11968 2786 12914 8992 1473 11279 16183 8988 12220 13080 16918 7592 15744 17893 9469 4182 6322 14896 13954 10570 2151 11920 13457 13238 8601 6354 19132 17674 9923 17345 3993 11031 11582 9363 15804 20960 12113 5044 11286 11090 3533 14217 9993 6716 14409 9060 5592 11458 15246 17268 13010 6527 9838 11806 8240 10171 4712 6264 15290 5650 7650 9500 13733 11278 7144 3524 19260 17587 9768 11944 16458 17544 6312 18020 15919 1932 11478 12603 17391 8100 14263 2749 2447 13740 14333 16161 16140 3351 8145 10597 17415 8813 14574 12527 3775 8693 2158 5828
6837 8306 6333 3914 10531 3912 15026 8207 9229 16185 16056 9868 5160 4219 4748 17285 10553 9014 3096 237 11616 9459 10953 13185 12015 10027 3641 0 4988 15823 6192 5604 14822 9828 4379 5223 9250 3926 5013 3057 5445 5162 7283 11834 10213 11578 8545 5573 14280 12566 16014 9460 9931 16090 5264 9749 9559 7960 9536 13034 12510 17425 12443 6332 7729 8572 2491 9015 10545 14115 3732 15236 9076 17104 16141 9330 8267 16749 15220 9617 10603 2235 13147 6136 13202 9602 11145 6629 2008 15832 17167 11220 17810 10354 15212 5567 13501 6863 9693 7477 17783 2612 5696 18696 6902 5818 3019 4503 14863 6911 8917 9367 2059 15484 11836 7749 14195 2691 14434 7219 8843 10242 7980 12167 14083 8908 11591 15755 12346 11341 5542 17536 7673 10196 4286 3656 7000 10263 7669 8182 6316 11168 8245 7640 8071 12647 16037 7329 12293 6223 10259 6573 6376 2661 3240 5072 11525 12745 12062 6411 10143 3324 17720 7915 4883 4852 6724 14622 9085 2157 10015 10374 9299 6094 11973 17188 13666 5908 3272 17125 10959 14796 2805 10739 3084 9469 2566 13299 9563 7624 9927 7522 15522 6259 15096 5013 5868 9158 13526 13326 4044 3003 15523 13055 10134 4792 11231 3291 10332 992 16037 8877 5121 10971 13694 8813 9884 16072 9041 14992 15779 12940 13051 7077 15383 9895 7977 14637 7618 10927 10176 6798 9371 8823 9175 2215 14443 7035 16480 6940 14114 14625 5385 5170 2722 2758 12950 4396 2577 13161 7751 3040 12074 7777 7624 16123 15326 8308 8625 9474 9076 3594 10279 14671 13287 8364 4142 7200 8801 9642 8342 8653 13709 6651 12077 9064 6983 2409 8372 5873 5133 9147 13886 7325 4989 17504 9584 6564 3025 9556 13303 13673 11217 10343 15194 14037 7768 2603 6566 12154 5399 9986 5167 13048 5287 13191 8803 4534 8965 15881 5561 8582 11939 17322 9545 14670 16422 8708 978 7455 14981 13310 12382 1777 10937 12748 14328 9073 3832 16375 15796 10051 15504 752 8957 7951 9110 12482 18523 9839 2951 12420 7764 1096 11197 11237 3360 11010 10788 2472 8305 12614 17529 9461 7540 8475 8171 5992 11430 3200 9899 14303 9267 4471 5859 10869 7641 7317 6585 16623 15211 6536 8322 15187 15295 6189 15205 12839 1712 7970 9753 18436 6076 12152 4203 5962 10137 14345 15626 16350 1162 6775 6962 15337 6767 11113 9261 2206 10692 3197 9468
1984 12094 2161 5551 6965 8769 14158 3449 8792 13459 12001 13717 6320 7272 3728 12529 6125 6605 7958 4976 7507 13854 6064 11131 12649 11472 8133 4988 0 13333 8171 8874 12088 14036 3741 488 9152 7117 7972 2133 4858 6550 5527 13208 5289 11221 6092 9900 9807 11777 15694 12147 10373 11708 9568 7292 4678 7488 9333 8057 10765 12876 10127 3284 4033 4161 6841 10902 5672 9670 4077 11043 4162 16074 15760 11262 6345 11777 11633 4681 5771 6981 13806 1684 9165 4615 6241 9602 5228 13836 15272 6975 13013 7192 11782 9534 8522 4649 8470 11923 16933 7599 9529 17801 3303 8876 6309 6388 11976 2860 3933 4539 3114 12273 12736 8123 9225 7336 12598 7132 9649 12158 3213 7502 14391 4376 8758 13888 9772 10277 996 12850 2688 9781 5115 1607 9901 5385 3166 7471 1332 7028 4090 9772 12333 7679 13616 7486 8341 3531 6790 2045 11149 7610 8199 8024 10075 7760 12298 10110 9519 6450 12867 9616 1693 6138 6028 9653 7771 5747 9362 12032 6684 7674 12819 12318 11290 2261 4994 12675 6191 14657 6151 10905 7063 4814 5470 8587 13820 3386 13135 2547 10722 10585 13017 6052 4496 7906 13980 9808 8713 6374 10963 11638 11569 275 10058 8277 12940 4001 13898 13191 2033 7431 10751 4474 12563 11183 11110 10687 13796 12990 8064 4141 10706 5574 12693 14530 5690 9367 5995 9336 8039 13069 5596 6900 10567 5011 13366 9135 9317 14859 10294 6471 2627 6894 10468 668 4819 8758 2903 3052 7148 7460 7099 13613 13057 12448 7498 7510 9050 2871 10027 11093 12973 12574 5594 10754 3833 11725 12224 8699 12781 9810 11733 8674 2085 5010 5094 10421 5736 6635 11496 5096 9374 16884 8410 3351 7906 9124 13267 8699 6264 6852 10840 10917 6321 4534 2580 11315 1765 5130 1933 12750 8458 11773 7587 8404 4575 13415 1425 5957 8751 15687 10975 11311 12493 6691 5283 8416 13108 10630 13178 6720 8107 10044 13894 8690 2154 11417 11465 8958 11221 4337 4900 4761 7715 7678 13695 5407 6960 12280 7543 5910 6210 11428 5103 6339 11701 5496 8538 7740 15685 5327 8326 5612 5008 2571 11609 7536 14001 11080 13677 519 3703 5904 4654 7117 9935 11708 10464 1642 4910 11552 10643 6131 10234 7863 6371 6832 4807 17602 3051 7742 9191 9969 6317 12437 12878 14525 4799 4538 4837 10831 3346 6589 8925 4499 11981 6559 13642
11982 16178 11199 12358 6663 17448 5036 11002 22047 854 6037 17152 19481 19749 11124 10599 16111 19249 16999 15999 7238 18912 14097 2778 8855 10671 16147 15823 13333 0 11906 14070 1390 18409 11470 13669 7951 19502 13486 14802 10392 19667 8553 10744 13626 6598 7429 16526 8045 5395 7016 13576 8592 7703 16323 19778 13824 8338 7664 13544 3674 9091 3381 10164 16287 15270 18314 11590 14113 7901 17189 6635 11418 5271 6880 11718 7564 13288 4052 11485 14397 16205 9082 14314 6300 12299 10991 13626 14193 1645 2628 7866 11204 6184 3455 15569 12375 9115 6430 17906 6221 17500 15291 6669 15940 13695 18563 19331 1762 15260 12236 10831 15271 2596 9512 21455 12278 16145 2301 20464 9502 11814 11140 9280 8298 15069 4579 2051 3580 5423 12348 10115 12462 7028 18250 13222 13532 10904 14709 20726 13031 7572 15713 12041 17582 11901 340 9293 6402 10055 6725 14323 18585 17155 17590 13475 4778 13150 7869 15196 6754 18816 11751 11225 11974 11622 19342 12373 20835 17744 22543 11206 19162 11395 9390 11718 2157 15269 12775 8365 10074 7167 14125 7873 18882 10061 13790 9461 18433 15257 15179 12960 10419 16847 1421 19222 9975 6858 8589 4527 16827 18585 8650 3863 10656 13231 5337 18151 13639 15168 1232 18235 15321 6251 2787 9528 13688 11519 11996 7175 1679 7409 12697 16980 9402 16116 19359 7221 8233 5144 8266 12791 21074 17952 7857 17965 5326 18114 2253 12168 10124 8231 18665 19606 13564 18571 2909 13297 17363 7809 13717 15954 14086 20772 20398 302 819 17293 7385 20292 8136 16001 7251 4135 6463 17562 18601 15092 13008 12116 16481 8438 4822 14021 6507 7682 12067 13671 17397 17377 18977 19201 1936 18104 16428 6787 6554 16245 17039 22369 7204 13832 11534 6689 7437 2956 8068 13297 10769 5422 11659 10819 15206 6506 13851 3796 7185 15051 9550 105 14491 18576 4770 3502 10623 3360 5513 7126 16708 10151 2034 2708 9315 16596 5226 3291 6205 7685 12564 12758 7376 6260 7095 15140 8839 17243 6829 15274 11851 9153 18751 6938 20862 16880 12662 7833 17931 15383 9480 17788 21870 10684 3030 16383 9888 7758 17440 10822 7782 19014 18057 3089 18851 13561 16945 11710 17324 9003 14426 12088 9901 13474 17139 4243 9215 9916 12606 13520 15813 20026 11564 6684 10432 8090 18744 15811 17514 2171 936 2376 14752 9220 17928 8293 9999 16043 22195 13677 10357 14106 18065
8915 4902 7710 2712 9109 5881 9626 9587 15247 12513 14373 6353 11311 10296 4670 17151 14214 14289 5675 6429 10767 7463 13635 9135 5938 3835 4574 6192 8171 11906 0 2166 11327 7217 4514 8644 4042 9991 1686 7648 3854 11336 5147 5646 12821 6130 6450 4621 13683 7344 10205 3996 4112 15064 4429 15026 12386 3746 4350 15039 8237 16666 8840 6485 12131 12304 8203 2892 13317 13476 9534 13918 10681 11692 10359 3235 5667 17803 12856 11212 13494 5220 7028 9851 11903 11641 12308 1986 4211 11371 12486 10710 17786 8417 12610 3663 14908 5617 5566 6108 12214 6507 3391 13120 11334 1804 9147 10693 11557 11000 11010 10606 7226 12531 5687 13878 15420 4944 9965 13247 2937 4162 9454 12371 8053 12471 8841 11169 9083 6582 7885 17152 10033 5051 10320 6692 2100 11477 11312 14093 9175 10481 12260 1615 5959 14008 12019 2732 11023 6090 8784 10214 6682 6052 6301 1656 7132 14640 6162 3398 5217 9459 17932 1724 6715 2039 12561 15796 14840 8309 16002 4211 14473 676 5833 17518 9908 10219 3400 16149 11670 8942 3426 5006 8927 10237 3656 13458 7131 11557 5177 10207 15706 4958 10804 11142 4644 5279 7460 11158 5163 9114 14984 8349 3942 7898 6608 6989 4770 6249 11707 6738 9633 9379 10646 9183 4405 16583 3011 13930 11309 7084 14687 11948 15177 13712 7508 8774 5443 6802 9829 1325 15131 6494 8258 7626 12659 12381 13276 967 14438 8607 6874 11337 5968 8569 9449 7564 8701 12577 10843 8424 14517 13775 13562 12199 11215 5791 4844 14983 3847 8860 4961 12370 7628 6030 10281 3548 11336 3635 5154 3494 8473 2366 6556 4226 9122 3946 13101 5472 11192 14373 10111 12596 4562 11803 5441 11224 5750 15584 7472 15661 12639 8872 14212 11169 4894 4100 7571 7036 7024 11178 9603 7398 1958 8465 5043 3248 9369 11931 9486 13721 9585 12389 3355 12042 14471 5982 7139 1792 10485 9988 6245 5874 8367 9565 8673 4223 6021 17310 14691 5656 14334 5921 8823 12719 5423 15341 18568 10041 8803 6718 13784 6848 13166 5433 9484 14252 4666 8663 14427 13428 12772 13496 2033 6938 12968 6840 5614 8722 6993 11535 7353 7871 11017 12428 12520 3194 2719 17234 15243 9665 12956 12902 15028 2972 16348 14874 5130 13737 11378 12831 6436 11764 7323 3923 14480 9963 12045 11668 5109 5631 12254 14684 6984 14613 15303 4391 4502 3116 6819
10002 3271 8910 3459 11023 4062 11598 10901 14829 14679 16407 4877 10717 9308 5887 18970 14998 14401 4079 5829 12621 5531 14720 11301 7548 5141 2868 5604 8874 14070 2166 0 13490 5440 5616 9306 6174 9002 945 7834 5392 10686 7010 6788 13909 8153 8387 2467 15545 9404 11971 3876 6049 17013 2302 15145 13397 5882 6479 16343 10399 18588 10999 7908 12597 13020 7096 3916 14368 15342 9280 15899 11981 13634 12140 4147 7655 19383 14954 12533 14513 3957 8526 10485 13855 12857 13770 1073 3951 13507 14590 12499 19591 10397 14729 1499 16364 7315 7726 3999 14086 5068 1226 14979 11768 407 8265 9983 13714 11551 12189 11998 7161 14674 7161 13309 16929 3549 12108 12821 4891 4969 10736 14053 9664 13249 10937 13294 11225 8726 8822 19016 11097 7170 9891 7281 1446 12904 12029 13783 10047 12298 12875 2617 3972 15459 14179 4871 12955 7550 10698 10890 4529 4585 4673 906 9294 15966 7956 1389 7362 8575 19693 3277 7684 3352 12308 17323 14659 7505 15618 5268 14640 2736 7327 19251 12074 10660 3895 18101 13223 10700 2944 6950 7829 11731 3521 15171 5296 12181 4394 11184 17447 2797 12955 10591 6218 7422 9038 13219 3300 8212 16852 10481 5239 8602 8762 5396 4749 6003 13852 4805 9975 11329 12785 10730 4294 18268 3793 15872 13444 8883 16082 12218 16987 14431 5360 10528 7337 8968 11559 1605 14947 4596 10048 6458 14690 12433 15434 2110 16133 10219 4829 10707 6353 7479 11607 8217 8175 14419 11722 8355 15690 13380 13227 14362 13375 3899 6968 14968 5981 8862 7050 14458 9531 4103 9719 1889 12401 4316 3449 5645 10510 1048 8543 6388 10204 3960 13455 3316 10735 14512 12277 12689 2479 13614 7602 11565 4174 15154 9278 16980 14045 10787 16145 13299 6889 4363 8862 9122 8090 12601 9972 9310 422 10594 7170 1395 10916 14094 10031 13897 11647 14452 4757 14159 16538 8005 6422 3931 12622 12140 7730 4697 10435 11706 10555 6385 6772 18911 16648 7822 16297 5602 10470 13050 7552 16406 20367 11660 7719 8622 13366 5937 14442 7319 8953 15177 6254 7952 13868 14998 14863 14133 4186 8792 13290 8109 7487 7483 5304 13660 5398 8479 11136 13794 12798 5294 1066 18906 17009 10480 13348 14993 16848 4842 17890 16167 4113 13543 12697 14679 7798 13554 5537 1767 15017 12112 14211 13778 4768 7306 12332 16568 8436 15459 14856 4488 5839 2504 5033
10672 15809 9939 11506 5317 16679 5742 9653 20757 1383 5035 16886 18294 18660 10085 9523 14723 17907 16184 14987 5848 18533 12707 2376 8988 10540 15396 14822 12088 1390 11327 13490 0 18086 10446 12407 7522 18421 12839 13634 9441 18488 7541 10847 12237 6556 6320 15918 6775 5495 7823 13373 8368 6626 15695 18426 12441 7642 7261 12177 3327 8111 2505 8978 14944 13904 17311 11342 12723 6620 16001 5484 10042 6360 7713 11510 6564 12071 2964 10101 13008 15349 9385 13011 4951 10914 9603 13139 13278 2747 3957 6476 10150 4902 2382 14980 11027 8020 5764 17405 7342 16623 14716 7874 14616 13130 17487 18180 496 13933 10861 9452 14152 1675 9621 20210 10955 15323 2723 19207 9154 11714 9797 7906 8756 13696 3345 3088 2476 5128 11096 9089 11116 6693 17063 12065 13082 9515 13360 19437 11729 6182 14355 11639 17144 10534 1727 8636 5016 8900 5399 13005 17962 16299 16760 12834 4352 11779 7994 14683 6355 17731 10662 10833 10788 10831 18074 11066 19519 16683 21237 11123 17812 10770 9519 10585 1464 13974 11870 7390 8685 7769 13289 7752 17854 8684 12906 8125 18086 13911 14987 11617 9201 16285 2140 18032 8953 6112 8956 3152 16090 17514 7477 3902 10538 11999 4972 17291 13525 14122 2465 17838 14055 4893 1409 8180 13527 10310 11755 5983 2757 7684 11335 15661 8197 14735 18830 7795 7204 4537 6890 12312 19754 17562 6555 16994 4085 16810 1992 11689 8823 8773 17955 18425 12470 17553 1919 12086 16244 6467 12365 14783 12702 19501 19122 1609 1658 16887 6613 18954 7693 14803 6970 2925 6791 17150 17437 14651 11634 11945 16106 7943 5202 13538 6575 7159 10750 12752 16048 16766 17771 17855 1299 16791 15776 7830 5889 14934 16217 21076 7543 12477 10145 5358 6261 1581 7143 12347 9512 5404 10448 9432 13938 6786 13238 3883 6408 14380 8195 1492 13209 17235 3423 4774 10426 2135 4619 6123 15681 9627 2733 1514 9504 15696 4010 2091 6743 7165 11438 11534 6274 5696 5965 14120 7503 15902 6034 13889 10832 7775 17724 7102 19594 15895 11273 7805 16786 13993 9434 16700 20614 9320 4374 15008 9353 6572 16096 9612 7788 18021 17756 1765 18458 12339 15664 10320 15992 8282 13936 10900 8672 12160 15789 3143 8007 9098 11322 12149 14925 18728 10178 7856 9250 6712 17927 15250 16136 2503 808 3564 13783 8120 16623 7111 8775 14653 20908 12717 10310 13307 17726
15346 2327 14305 8863 16325 6286 14871 16313 18427 19123 21541 1442 14275 12255 11314 24347 20093 18813 6966 9994 17971 902 20020 15752 10240 7895 6186 9828 14036 18409 7217 5440 18086 0 11026 14428 10569 11989 6379 12641 10821 14145 12343 8623 19216 11906 13666 4258 20892 13190 14508 4976 9825 22277 4575 19540 18666 10845 10825 21734 14801 23882 15696 13347 17461 18093 10156 6837 19652 20686 13481 21124 17386 16664 14713 6754 12881 24823 19933 17941 19777 7617 10757 15552 19118 18229 19204 5230 8828 17520 18345 17886 24976 15629 19636 4502 21795 12723 12487 2465 16831 7931 4532 17626 16624 5620 11576 13403 18386 16520 17552 17424 11776 19453 9623 16719 22366 7144 16226 16512 8935 6914 16142 19480 12003 18366 15951 17226 16048 13004 14116 24362 16419 11409 13789 12430 5161 18334 17122 17612 15283 17671 17867 6471 1757 20890 18450 9857 18240 12990 16000 15977 4180 7566 7196 6344 13738 21366 11041 4060 11731 11835 25099 7263 13016 8784 16304 22761 18650 11072 19240 7517 19112 7887 9793 24667 16624 15560 9203 23362 18663 13331 7884 10599 10770 17170 8568 20590 324 17197 3547 16460 22859 3569 17129 14233 11647 12317 11382 18307 5865 11492 22195 14582 7938 13773 13128 7725 5252 10562 17936 1014 14810 16595 17608 16170 5008 23697 6442 21146 17455 11850 21500 16892 22368 19482 3010 13166 12650 13592 16969 5971 18922 1006 15430 9531 19835 16842 20075 6557 21558 12486 5472 14202 11421 10503 16308 13368 12098 19779 16933 12861 21029 17093 17044 18680 17638 1590 11947 19190 10404 13411 11163 19471 12735 1474 13422 3676 17710 6441 2063 10194 14123 4857 12130 10985 15543 9028 18180 4055 14520 18954 16805 17140 4839 16173 12370 16336 7067 18716 12218 22374 19470 16087 21428 18166 12109 9525 14280 13051 13451 18031 14833 12569 5849 14667 12134 5632 16356 18411 15042 18404 16740 17979 7839 19077 21599 13184 10314 8612 16677 16887 10086 8242 15522 16532 13596 10976 12032 24351 21904 12442 21545 10142 15899 17761 12502 21683 25756 17095 10710 11931 17040 9616 19829 10755 12782 20374 9193 11612 17264 20438 18530 19118 8893 14136 17986 13527 10859 10168 453 18548 1034 13592 15686 19210 17461 10368 4540 24338 22412 15674 18115 19995 22223 10157 23329 21555 8117 17563 18104 17303 13232 18942 7157 4068 19892 16291 18727 17593 9423 12720 16778 21897 13875 20597 18404 9537 8392 7482 407
4435 8884 3297 2164 6332 6943 11165 5288 11805 11813 11921 10476 8412 8316 390 13751 9704 10191 6259 4542 7638 11013 9170 8883 9046 7737 5883 4379 3741 11470 4514 5616 10446 11026 0 4227 5688 8056 4671 3881 1302 8540 2917 9488 8355 7923 4171 7245 10480 8700 12457 8510 6775 12163 6926 10906 7891 4106 5916 10728 8273 13621 8090 2419 7768 7815 6866 7170 8837 10294 6225 11194 6366 13194 12550 7530 3906 13853 10925 6919 9004 5290 10213 5422 9122 7250 8193 6150 3087 11570 12942 7361 14337 6041 10882 6624 10775 2512 5557 9227 13964 6422 6527 14864 7013 5517 7115 8081 10484 6601 6591 6401 3991 11120 9078 10748 11362 5427 10199 9912 5960 8420 5121 8680 10903 7966 7216 11525 7970 7319 3372 13891 5548 6469 7224 2476 6405 7315 6828 10537 4665 7235 7809 6085 9442 9870 11695 3868 8196 2142 6037 5758 8935 6194 6737 4713 7359 10351 8800 6971 6298 7380 14363 5883 2202 2482 8995 11765 11075 6282 12481 8292 10317 3969 9172 13884 9315 5922 1948 13234 7714 11331 3548 7400 7415 6194 2924 9823 10858 7108 9623 5699 12112 7867 10808 8180 1496 4992 10443 9037 6583 7131 11775 8931 7835 3476 7161 7131 9273 3702 11745 10303 5461 6746 9318 5261 8917 12847 7391 11031 11520 9567 10474 7755 11779 9216 10290 11190 3244 6712 6340 5756 11359 10129 5061 6570 10255 8411 12106 5479 10746 11401 8439 8502 2260 7109 8584 3199 6025 9337 6330 4954 10101 10361 10068 11770 11003 9453 4484 11007 5556 5212 6652 10379 9693 9628 7433 7488 6856 8001 9064 5167 9799 6421 8442 5311 4641 2591 8805 7948 8057 10245 9535 8568 6832 13798 5464 6986 6258 12148 9880 11365 8445 6125 11266 9671 3479 2072 3254 8255 2524 7013 5403 9459 5197 9069 4636 5570 5442 11531 5128 9573 7600 13178 7238 10332 12225 4344 5240 4686 10742 8933 9546 5450 6566 8369 10682 5324 1691 13400 11836 5979 11516 3676 5149 8451 4893 10870 15094 6254 7283 8915 10407 5461 8828 7927 6685 9743 8027 6365 11249 9485 13321 9027 4613 4163 8701 2502 8115 7578 10913 9947 10857 3529 7028 8184 8303 3597 6623 13463 11718 5164 8633 10905 11662 2495 12339 10553 4755 10030 7082 14631 2252 8380 7904 7043 10048 10090 11251 12138 3390 2433 8259 11538 2948 10099 11902 2378 8261 3808 10620
2033 12512 2470 6010 7228 9058 14596 3491 8410 13771 12142 14135 6119 7221 4215 12490 5694 6136 8243 5191 7670 14227 5750 11512 13133 11959 8473 5223 488 13669 8644 9306 12407 14428 4227 0 9630 7084 8412 2246 5345 6362 5977 13696 4996 11686 6490 10267 9868 12226 16150 12614 10857 11782 9935 6817 4357 7964 9808 7815 11169 12904 10494 3699 3545 3715 6942 11384 5350 9739 3929 11162 4091 16500 16214 11744 6775 11612 11853 4583 5431 7280 14289 1206 9327 4435 6157 10051 5604 14209 15648 7116 12957 7505 12023 9930 8351 5089 8916 12286 17365 7832 9934 18230 2818 9318 6313 6253 12280 2374 3771 4520 3266 12538 13222 7810 9068 7651 12988 6801 10137 12641 3258 7520 14867 3950 9090 14271 10119 10720 1335 12836 2539 10249 4938 2025 10354 5325 2723 7087 1155 7190 3618 10248 12716 7529 13956 7973 8526 3966 7070 1587 11462 7869 8455 8465 10500 7535 12776 10526 9982 6433 12786 10099 2171 6614 5674 9496 7345 5807 8961 12519 6207 8153 13304 12230 11645 1791 5439 12729 6182 15121 6547 11384 7115 4870 5873 8581 14207 2915 13586 2314 10672 10955 13387 5849 4973 8355 14460 10049 9034 6384 10994 12057 12056 752 10497 8496 13411 4248 14260 13571 1653 7692 11055 4635 13032 11088 11590 10784 14171 13463 7870 3673 10702 5128 13020 14995 6128 9791 6164 9800 7610 13455 5880 7045 10748 4581 13638 9607 9273 15333 10572 6278 3007 6968 10819 1094 4809 8844 2557 3018 6858 7105 6735 13945 13412 12842 7955 7053 9530 2753 10499 11317 13436 12962 5452 11181 3581 12206 12637 9181 13220 10253 12198 9147 2088 5413 4608 10766 5506 6162 11849 4652 9733 17327 8859 2881 8187 8740 13736 8452 6138 7127 10925 11201 6775 4953 2900 11763 2201 5086 1541 13213 8892 12191 8039 8799 4720 13751 948 5484 9044 16079 11462 11564 12655 7111 5437 8903 13493 10962 13663 6978 8445 10377 14350 9164 2623 11269 11552 9406 11320 4607 5117 4277 8159 7333 13624 5524 7018 12749 7193 6094 6000 11906 5020 5953 12188 5515 8207 7666 16063 4862 8814 5981 4524 2979 12087 7620 14402 11351 14048 836 3304 5767 4177 7600 10369 11594 10436 1315 4423 11765 10647 6618 10075 7619 6673 6429 4698 18034 3476 7835 9415 10363 5838 12822 13191 14907 5125 4978 4404 10878 3717 6175 8549 4895 12469 6962 14036
9005 8287 7743 5345 6770 9849 5803 9049 17491 8612 11251 9402 13966 13466 5544 14711 14452 15751 9543 9472 8504 11012 13270 5219 3580 3491 8531 9250 9152 7951 4042 6174 7522 10569 5688 9630 0 13176 5701 9564 4400 14061 3925 4672 12506 2328 4458 8641 11225 3390 6821 5999 1437 12251 8464 16443 12274 1671 311 14081 4283 13904 5136 6242 13114 12807 11593 3948 13049 11013 11861 11024 10052 7890 6931 4184 3644 16028 9479 10478 13285 8920 4702 10736 9204 11125 11119 5675 7301 7333 8449 8679 15374 5871 9132 7670 13576 4829 2081 9955 8535 10246 7380 9450 12440 5785 12258 13524 7818 11924 10636 9752 9551 8895 3823 16386 13926 8740 5934 15582 1677 4646 9010 10555 5243 12838 5644 7128 5538 2555 8461 14571 10026 1019 12820 8140 5585 10449 11895 16225 9683 8373 12961 4118 9642 12737 8038 1929 8451 5864 6482 10983 10703 9830 10164 5679 3192 13648 3146 7249 1198 12556 15647 3310 7460 4423 14683 14239 16746 11392 18169 4164 15836 3639 3859 15325 6065 11412 5982 13299 10282 5658 6878 1755 12272 9146 6780 11484 10565 12295 7599 10370 13546 8920 6788 13750 4657 2182 4831 8022 9159 12248 12452 4309 3535 8920 2614 10810 6319 8937 7678 10320 11057 6866 7077 8074 6222 14557 4360 11180 7271 3880 13523 13289 12826 14110 11412 5512 3967 3031 8075 4841 17028 10043 6503 11100 9603 14050 9509 4218 12470 5725 10911 14036 7890 11922 5746 8736 11443 10239 11146 10606 13898 16042 15754 8237 7227 9371 2147 16620 196 10893 1029 9058 4062 9636 12953 7149 11193 4679 8584 604 4541 6070 2831 632 9194 6847 14218 9490 13674 15786 6252 14183 8603 8260 1989 12501 9604 17834 4194 14636 11573 6552 11484 7653 3158 6687 7414 3034 7498 10186 10985 3823 5999 4424 2225 7277 8234 7967 10577 15107 6528 8389 3195 8585 11206 3661 10226 2250 6448 6332 4161 9468 5377 6016 5090 614 7344 15493 11861 1904 11491 8740 7463 13903 2453 14923 16155 8614 12140 3240 16085 10146 12386 2276 12172 14198 2952 11620 16900 11871 8744 14070 2015 5187 14148 6896 2457 12208 10248 8043 10939 9071 12674 11480 13806 2091 6475 15226 13029 10226 14016 9562 12653 3225 14728 13952 8674 15712 10635 9187 6365 9651 11251 7886 15184 5943 8185 7630 8088 4918 13890 12109 6539 14702 17585 7078 3609 6723 10206
9089 11057 9075 7840 13743 5758 18944 10557 6487 19800 19051 12436 2523 307 8387 19556 10935 7784 5231 3704 14543 11382 12070 16939 15888 13801 6357 3926 7117 19502 9991 9002 18421 11989 8056 7084 13176 0 8618 5060 9241 2305 10961 15583 11484 15504 12101 8082 16924 16479 19937 12849 13841 18822 7859 8406 10771 11857 13460 14387 16315 19984 16128 9562 7892 9222 1932 12714 11650 16786 3356 18126 11157 21019 20065 13004 11949 18415 18485 11621 11611 5052 17005 7430 16191 11343 13195 10074 5911 19622 20985 14048 20003 13733 18553 8476 15184 10402 13538 9527 21706 4172 8703 22619 7247 9298 942 1629 18413 7618 10736 11604 4316 18921 15675 4744 15929 5490 18243 4692 12737 13890 10322 14602 17974 9644 15113 19568 15961 15225 8005 19916 9563 14117 2755 6481 10447 12391 8597 5851 8217 14069 8695 11329 10323 14432 19735 11252 15327 9566 13510 7793 7893 4620 4847 8674 15364 14196 15971 9433 14052 694 19796 11699 7828 8777 4862 16353 6994 1795 7296 14089 8172 9965 15818 19229 17352 6706 7194 19792 13266 18715 6567 14658 1234 11929 6459 15665 11680 8296 13002 9231 17728 8656 18865 2599 9543 12990 17405 16605 6342 934 18072 16914 13907 7053 15102 4266 13715 4364 19801 10975 6013 14205 17212 11544 13254 18077 12686 17791 19572 16856 14636 6838 17786 10232 9419 18555 11271 14742 13038 10407 7235 11021 12346 2589 17543 6100 19964 10648 16339 18519 6604 2391 5952 1550 16600 6784 2304 15870 9111 4071 13228 5260 5306 19799 19055 10691 12463 7796 13002 4367 14204 17936 17213 10655 2125 10247 10350 13259 11001 12579 17619 9999 16003 12979 9166 6335 8009 7987 3046 7970 17572 6439 7531 21430 13434 6745 5122 6759 17221 14980 13114 13585 17951 17494 11529 6506 9420 16063 8276 12162 6124 16974 8771 17051 12632 7697 11660 19566 6868 7630 15341 21181 13335 18037 19503 12383 2950 11357 18788 16908 16229 4307 14448 16330 18254 12988 7011 18130 18574 13918 18323 4473 11875 7629 12918 13289 20648 12510 1317 16344 5180 3145 12768 15154 2135 11688 14640 1726 5281 14706 21357 9660 11453 11902 7766 9043 15346 1831 12189 17723 11183 6664 5599 12727 7248 11224 9831 18544 17510 8179 8086 18427 17731 10084 16914 14190 4928 6020 11721 22360 9288 14853 4898 8775 9913 18140 19229 20174 5089 10301 6136 17946 9890 11560 6446 6110 14482 6888 11703
9064 4214 7966 2517 10158 4197 11310 9956 14229 14063 15589 5815 10170 8925 4942 18068 14097 13636 4025 5246 11734 6443 13786 10709 7509 5234 2895 5013 7972 13486 1686 945 12839 6379 4671 8412 5701 8618 0 7024 4472 10160 6145 6981 12974 7816 7540 3095 14656 9027 11846 4486 5786 16152 2857 14379 12467 5198 6011 15399 9832 17716 10337 6968 11746 12126 6760 4100 13436 14455 8604 15053 11036 13374 12005 4386 6835 18446 14187 11588 13584 3672 8556 9599 12999 11914 12827 1692 3205 13012 14150 11596 18685 9561 13983 2212 15421 6408 7084 4828 13885 4911 2011 14789 10921 910 7827 9479 13041 10681 11248 11054 6411 13966 7195 12761 15987 3343 11599 12218 4609 5275 9792 13130 9634 12347 10176 12821 10523 8222 7893 18125 10161 6716 9278 6388 2041 11960 11133 13143 9127 11402 11997 2719 4876 14516 13612 4205 12093 6612 9834 9998 5124 4442 4648 60 8729 15022 7803 2320 6859 8139 18778 3193 6750 2437 11645 16382 13979 7026 15007 5477 13861 2093 7351 18332 11446 9808 2980 17240 12285 10579 2234 6683 7493 10791 2723 14251 6229 11301 5207 10255 16531 3549 12423 10026 5297 6735 9025 12423 3477 7782 15964 9998 5338 7699 8231 5349 5351 5295 13336 5719 9141 10477 12073 9795 4913 17342 4071 15010 12951 8730 15137 11408 16084 13539 6120 10409 6481 8351 10646 1797 14268 5520 9150 6149 13871 11679 14760 2060 15210 10190 5213 10174 5489 7137 10939 7319 7587 13526 10804 7616 14750 12768 12593 13782 12816 4828 6257 14239 5505 8107 6639 13682 9301 5024 9154 2824 11466 4654 4394 5135 10157 1845 8240 5834 9266 3137 12629 3936 10135 13740 11654 11925 2943 13460 6958 10737 4106 14559 9121 16036 13101 9924 15278 12571 6077 3494 7917 8712 7150 11657 9133 9073 530 10117 6461 1578 9980 13515 9158 13114 10856 14068 4796 13412 15742 7202 5895 3462 12125 11455 7762 4374 9651 10999 10343 5834 5855 17976 15791 7226 15443 4912 9546 12228 6843 15474 19459 10731 7376 8390 12762 5492 13498 7099 8372 14258 6218 7436 13317 14061 14442 13253 3686 7915 12471 7164 7277 7222 6248 12924 6304 7590 10360 12849 11988 4574 1973 17978 16097 9568 12513 14218 15948 4005 16950 15223 3691 12864 11752 14497 6855 12650 5645 2566 14157 11587 13578 13330 4071 6394 11571 15685 7496 14550 14266 3658 5929 1818 5972
4112 10892 4017 4941 8744 6958 15004 5569 7927 15017 13992 12504 4690 5241 4076 14661 7528 6648 6140 2994 9484 12356 7912 12403 12848 11299 6524 3057 2133 14802 7648 7834 13634 12641 3881 2246 9564 5060 7024 0 5181 4866 6474 13103 7187 11803 7386 8403 11896 12551 16337 11449 10596 13782 8078 7389 6520 7985 9796 10040 11907 14986 11484 4659 4825 5535 4711 10524 7500 11753 2413 13068 6291 17008 16429 10874 7418 13858 13477 6802 7551 5221 14015 3080 11134 6681 8368 8715 3905 15123 16536 8989 15146 8820 13574 8204 10597 5741 9334 10384 17803 5640 8260 18698 3988 7927 4213 4552 13578 3901 6014 6671 1028 13993 12824 6893 11312 5635 13808 6034 9694 11798 5334 9621 14757 5860 10291 15126 11223 11130 2953 14978 4776 10348 3463 1587 9055 7516 4617 6669 3391 9010 5247 9254 10897 9772 15062 7709 10276 4748 8529 3516 9406 5717 6294 7082 11082 9771 12657 8916 10166 4377 14997 9277 2857 5757 5123 11741 7273 3617 8613 11781 6852 7293 12931 14446 12690 2922 4249 14766 8321 15212 4912 11260 4934 6922 4314 10714 12397 4601 12219 4558 12855 9098 14326 4437 5159 8761 14278 11611 7020 4272 13072 12664 11402 2022 10950 6285 12292 2135 15241 11733 2173 9209 12358 6486 11877 13308 10659 12740 15078 13440 10114 4385 12832 6885 10994 15070 6726 10401 7978 8628 7562 11647 7347 4799 12496 4733 15062 8566 11450 15262 8442 4808 1724 4760 11897 1725 2757 10827 4714 1153 9042 6480 6190 15092 14440 11076 8281 7339 9427 1330 10533 12930 13574 11167 3802 9639 5813 11283 10978 9031 13630 8849 12322 9191 4218 3888 5625 8813 4245 6740 12905 4949 7841 17662 9252 3739 6074 8270 13757 10674 8373 8600 12905 12591 7181 3580 4373 12099 3257 7263 2192 13340 7444 12802 8412 7087 6606 14876 2505 6101 10421 16855 10795 13075 14450 7822 3192 8342 14339 12137 13318 4834 9625 11551 14559 9205 2322 13512 13527 9784 13270 2538 6820 5217 8623 9426 15826 7462 4829 12795 6526 3861 8242 11786 3175 7956 11760 3392 7383 9870 16933 6487 8323 7062 5457 4063 11976 5403 12662 12793 12169 1638 3370 8005 4965 7473 8893 13825 12596 3532 5527 13411 12765 6349 12320 9844 4636 6199 6923 18473 4386 9808 7207 8629 7259 13672 14438 15754 3218 5631 4606 12929 4917 8075 8022 3368 11887 5352 12262
5174 8579 3923 2263 5815 7475 9873 5738 13102 10788 11369 10116 9700 9510 1152 13606 10604 11405 6876 5631 7308 10915 9841 7740 7812 6667 6289 5445 4858 10392 3854 5392 9441 10821 1302 5345 4400 9241 4472 5181 0 9822 1952 8368 9031 6622 3353 7365 10220 7406 11156 7776 5535 11784 7068 12111 8640 2804 4621 11185 7078 13313 7018 2631 8883 8788 7931 6238 9541 10022 7525 10736 6833 11910 11249 6596 2888 14019 10192 7360 9734 5974 8975 6508 8662 7809 8467 5710 3844 10395 11745 7137 14219 5354 10090 6614 11070 1955 4306 9255 12670 7209 6458 13573 8160 5204 8300 9346 9521 7699 7192 6753 5272 10246 7880 12049 11599 6016 9006 11213 4795 7450 5612 8662 9629 8895 6325 10330 6971 6043 4316 13680 6284 5167 8519 3741 5904 7628 7822 11829 5607 6956 8845 5304 9347 10167 10600 2634 7741 2236 5498 6807 9220 6916 7414 4500 6126 10786 7526 6781 4998 8576 14307 4965 3200 2039 10290 11984 12348 7452 13773 7259 11513 3219 7965 13861 8237 7094 2459 12869 7864 10034 3998 6125 8523 6402 3514 9780 10687 8153 9030 6516 12059 7925 9653 9471 826 3751 9183 8336 7003 8309 11527 7686 6760 4608 5895 7894 8481 4879 10593 10191 6686 6180 8397 5368 8163 12877 6506 10642 10342 8279 10837 8953 11622 10164 10447 9894 2309 5502 6176 5170 12631 9987 4706 7573 9668 9663 11186 4781 10742 10121 8897 9787 3554 8202 7545 4381 7278 9083 7217 6255 10687 11661 11365 10694 9882 9291 3229 12247 4274 6512 5354 9658 8393 9493 8713 7177 7570 7094 8793 3894 8510 6034 7141 4010 5380 3317 9952 8138 9355 11450 8457 9807 7033 12498 4207 8173 6894 13445 8587 11807 8789 5589 10898 8799 2326 2908 3742 6963 3373 7328 6620 8158 4996 7823 3393 5671 5554 10448 6276 10774 6826 11946 6179 9527 11606 3326 6360 3614 9552 7941 8330 6266 5705 7398 9381 4024 2946 13539 11436 4710 11098 4792 5079 9614 3678 11547 14991 6275 8391 7619 11708 6491 9316 6652 7957 10541 6843 7575 12550 9634 12116 10029 3495 3557 9862 3034 6839 8625 10658 9103 10775 4716 8284 8574 9488 2313 6302 13516 11626 6134 9767 10192 11489 1274 12543 11022 5510 11312 7526 13338 2595 8188 8592 7004 11090 8910 10238 10934 4360 1931 9506 11260 3132 10951 13200 3285 7144 4132 10415
8380 13047 8688 8888 13494 7864 19693 9805 4285 19870 18499 14494 300 2134 8804 18483 9144 5577 7244 4926 14032 13579 10559 17259 17068 15169 8268 5162 6550 19667 11336 10686 18488 14145 8540 6362 14061 2305 10160 4866 9822 0 11299 16982 10073 16367 12251 10103 16145 17223 20881 14561 14909 18071 9851 6161 9363 12589 14322 12917 16738 19092 16349 9511 6175 7631 3990 14175 10150 16029 2494 17506 10205 21732 20991 14491 12259 17019 18182 10601 10067 6859 18217 6335 15688 10186 12137 11737 7126 19977 21384 13475 18876 13642 18322 10377 13862 10598 14092 11682 22488 6226 10570 23392 5677 10934 2571 743 18419 6188 9654 10725 4551 18787 16931 2635 14616 7333 18649 2401 13876 15404 9580 13738 19093 8067 15143 19971 16087 15859 7533 18907 8597 14931 1437 6451 12111 11410 7186 3551 7376 13552 7048 12802 12444 13184 19928 12141 14882 9613 13302 6614 10114 6628 6951 10219 15876 12780 17030 11304 14802 2311 18604 13059 7701 9822 2619 15030 4689 3200 5097 15532 5979 11189 17061 18025 17556 5441 8184 18978 12362 19703 7967 15665 3423 11178 7683 14727 13843 6785 14881 8186 16647 10718 19185 543 9937 13523 18561 16349 8370 2654 17205 17455 15276 6576 15700 6442 15434 5169 20103 13136 4922 13961 17196 10996 14979 16872 14202 17108 19931 17874 13276 5036 16827 8450 11668 19551 11568 15209 12524 11953 4931 13161 12109 4617 17106 4074 19869 12101 15298 19624 8840 111 6284 3654 16762 6427 2650 15161 7885 3713 11696 2976 3002 19956 19305 12784 13022 5510 13903 3705 15071 17641 18121 12770 1110 12117 9142 14801 13019 13488 18332 11720 16881 13771 8406 7438 6065 10103 1016 5770 17771 4404 9530 22289 14001 5152 7137 4581 18219 13474 11971 13368 17233 17405 11971 7446 9087 16783 8055 11220 5047 17883 10400 17593 13169 9480 11082 19740 5859 5502 15233 21677 14682 17842 19016 12672 4269 12481 19184 16996 17467 6125 14478 16409 19139 13783 7150 16786 17861 14519 17645 5441 11450 5725 13407 11600 19473 11878 3462 17293 2908 4775 11458 16180 1892 9993 15874 2734 3195 13625 21777 7848 12531 11919 5820 8885 16373 4089 14318 17589 13380 6207 3956 11577 5343 12010 11605 17282 16491 7193 6186 18101 16795 10854 15567 12725 6584 3726 10675 23153 9240 14163 7147 10715 7931 18519 19290 20595 6230 10489 4151 17122 9731 9773 4271 7079 15825 8352 13841
5103 10041 3862 4179 4014 9413 8641 5145 14223 8902 9488 11495 11144 11215 2574 12007 10530 12098 8826 7453 5628 12525 9376 5991 7504 6996 8206 7283 5527 8553 5147 7010 7541 12343 2917 5977 3925 10961 6145 6474 1952 11299 0 8479 8600 5755 1423 9160 8551 6250 10177 8734 5317 10007 8879 12761 8352 2324 4030 10348 5439 11578 5173 2368 9338 8920 9774 6916 9141 8346 8886 8912 6178 10590 10239 7250 989 12748 8250 6634 9372 7926 8610 6990 6854 7240 7451 7123 5784 8696 10090 5566 12640 3450 8139 8347 10007 923 2944 10974 11426 9154 8157 12304 8722 6758 10020 10894 7599 8155 6726 5932 6795 8298 7734 13343 10450 7965 7351 12433 4971 7985 5095 7269 9029 8932 4377 8675 5065 4753 4707 12022 6104 4355 9926 4899 7244 6701 8035 12915 5853 5335 9110 6308 10978 9128 8779 2880 5948 2029 3689 7191 11078 8867 9366 6163 4618 9925 6986 8384 4045 10279 12788 5757 3878 3755 11415 10805 13288 9194 14836 7654 12142 4471 7779 12379 6398 7764 4411 11095 6704 9173 5940 5644 10331 5401 5465 8333 12239 8464 10154 6461 10566 9678 7920 10898 1422 2379 8686 6405 8920 10039 9855 6199 7071 5334 4542 9843 9321 6616 8851 11797 7536 4335 6457 4312 9076 11463 7259 8865 8648 7585 9871 9641 10031 10200 12234 9054 358 3930 4712 6451 13560 11572 3119 9454 7777 10535 9249 5944 9320 9462 10816 11251 5061 10023 5669 5246 8872 7436 7246 7615 10058 12829 12497 8853 8095 10868 1994 13029 3880 7764 4646 7718 7481 11090 10204 8666 7269 7775 10284 3635 7262 7487 6258 3349 5286 5258 10464 9961 10718 12113 6619 10624 8873 11359 2883 8849 8845 14561 7829 10934 7856 3779 9135 6850 811 4823 3509 5788 3777 6420 7445 7264 6647 6337 2064 7483 4488 8615 6919 11437 4880 10383 6565 7576 9695 1427 8157 4220 7889 6032 8086 8206 3754 5477 8377 3367 4156 12241 9646 3430 9298 6590 3811 10179 2194 11047 13422 5030 10200 6840 12894 8354 8577 6143 9490 10276 6799 9257 13813 8415 10480 10183 3994 1794 10418 3066 6308 10481 12134 7152 12400 5565 9202 7716 10123 2325 7807 12120 10099 6394 10247 8254 9884 2186 11337 10205 7456 12320 6795 12096 2536 6619 10543 8711 11311 7228 8344 9297 6245 1024 10362 9564 2618 10777 14341 5185 7316 6050 11941
13411 6868 12134 8218 11373 10814 6437 13622 20856 11559 15319 7197 16956 15889 9481 19135 18888 19651 10865 12071 13089 9359 17852 8509 1891 1819 9655 11834 13208 10744 5646 6788 10847 8623 9488 13696 4672 15583 6981 13103 8368 16982 8479 0 17072 4323 9130 8781 15695 5373 5885 3774 3237 16520 8775 20375 16790 6156 4691 18745 7607 18170 8926 10665 17241 17134 13741 2889 17609 15484 15131 15272 14655 8083 6090 2642 8309 20643 13365 15102 17834 10644 2134 14872 13615 15719 15788 5763 9857 9521 10075 13308 19800 10449 12911 7900 18246 9334 6580 9160 8208 11834 7584 9005 16499 6422 14763 16337 11262 16062 15196 14387 12797 12455 1233 19518 18586 10284 8443 18865 3589 1913 13562 15198 3380 17215 9931 9164 9509 5952 12676 18928 14482 4795 15949 11924 5428 15107 16179 19675 13957 12993 17211 4263 8488 17409 10692 5797 12940 10263 11100 15175 10579 11354 11461 6928 6815 18314 2875 7041 5240 15076 20123 3923 11568 7351 18133 18893 20367 13937 21598 1520 19794 5849 1357 19837 9449 15411 8935 17519 14953 4718 9048 3340 14473 13802 9301 16092 8760 16521 5079 14780 18087 8693 9342 16784 8885 6816 2761 12210 10049 14725 16869 6960 1713 12950 6200 12183 3373 11877 9987 8836 14926 11421 10873 12723 3639 19126 3003 15511 9458 3447 18195 17235 17311 18489 10613 4557 8575 7062 12740 5232 20656 8538 11175 13131 13784 17810 12770 4935 17070 3871 11306 16983 11381 14116 9463 12687 14346 14771 15522 13975 18527 19383 19155 10968 9926 8051 6819 20420 4661 14374 4423 13035 4407 8320 15925 6456 15705 2565 7165 4849 5995 5991 4275 5303 13610 9573 18291 9486 16822 19715 9571 17995 9048 7553 6520 16472 10959 21195 3760 19305 16237 11164 15821 11477 7767 9666 11855 5446 11721 14839 14875 4303 6913 6997 6894 8183 12887 10717 14612 19046 10853 9571 2317 12424 15141 8331 12774 4804 8782 10065 1523 11355 9809 9933 5103 5284 11166 20103 16127 6222 15760 11561 12127 17940 7094 19526 20573 13286 14354 3807 19398 12442 17029 3108 15127 18716 1724 14304 20064 16533 10192 18383 4882 9856 18189 11250 3087 14198 8194 11872 9372 13017 16427 16135 17787 6267 6319 19794 17558 14490 18116 13485 17132 7099 19373 18614 10665 19277 15261 8682 10739 14252 12282 7862 19456 8580 11301 9404 10754 9408 17669 16511 11032 19185 20918 9990 1228 8700 8380
3920 17175 5115 10462 7174 14050 16163 3457 10129 13417 9950 18786 9778 11544 8157 8630 2502 6574 13236 10171 6412 19085 815 12305 16063 15522 13416 10213 5289 13626 12821 13909 12237 19216 8355 4996 12506 11484 12974 7187 9031 10073 8600 17072 0 14044 8233 15149 7123 14149 18060 16794 13914 8954 14817 6850 715 10923 12578 2908 12353 9560 11186 6468 4077 2554 11744 15243 548 7093 8129 8838 2499 17732 18067 15598 8934 6955 10534 2214 811 12266 17133 4165 7705 1431 2847 14503 10480 14676 16069 5769 8940 7959 10928 14721 3802 7739 11062 17176 18699 12818 14685 19456 4405 13848 10875 10258 11929 3899 1876 2951 8214 11693 16327 10401 4557 12626 13788 9353 13522 16418 3509 4798 17398 2136 9481 14873 10583 12636 5100 9149 2812 12783 8871 6851 14759 2723 2901 8988 3974 6055 3179 14328 17544 3219 13959 11338 7301 6878 7240 3753 16438 12864 13449 13020 12101 2718 15455 15216 12401 10918 8601 13984 6224 10821 8200 4964 8542 10540 10318 16158 6323 12222 16365 8016 12047 4779 10031 9635 3629 17273 11358 14179 11793 3712 10667 5387 19015 3293 17971 2766 6831 15827 13864 9532 8335 10614 17138 9195 14002 10961 7836 13423 15605 5528 12356 13471 17511 9243 14559 18407 5502 7499 10843 4609 17188 6875 15528 8281 14657 15927 3205 5222 7256 2661 17980 17185 8539 11431 5441 14097 8689 18269 6460 11933 9124 6468 12777 13775 5629 17768 15567 9966 7896 11708 11247 5942 9400 6511 2475 7680 1862 9354 8941 13840 13668 17626 10426 7621 12473 7235 13116 10107 15611 17770 9498 15797 1508 16105 17332 12235 14888 14764 14497 11905 3715 10211 4791 15697 9063 6446 12198 6254 14636 18878 11060 4929 13181 10371 16104 3519 2403 7238 8285 10714 9348 9698 5299 13708 5835 2817 5402 15426 13487 13537 10413 13600 4493 13727 4760 6008 8958 16737 15063 10657 10627 9056 10355 12556 14185 11115 16658 11974 9027 10621 16327 11923 7185 6713 8871 11553 8778 9602 5332 4888 10347 2520 9478 4568 11715 15143 9493 11045 1478 14653 9353 1802 15399 10150 10573 3998 16500 3119 12385 7493 4961 5998 14803 12373 19150 10687 18912 5788 6121 2079 5179 10828 14944 7237 6802 3681 4543 10382 7280 10187 5495 2710 11658 8188 2102 19334 6450 5789 14392 15154 4095 13568 12886 15482 10088 7667 6310 7877 6054 2433 10323 9722 15893 11744 18816
10824 9747 9608 7671 7546 12009 3514 10633 19720 7374 11017 10603 16266 15794 7741 14961 16161 17822 11759 11800 9175 12470 14766 4198 2543 4078 10697 11578 11221 6598 6130 8153 6556 11906 7923 11686 2328 15504 7816 11803 6622 16367 5755 4323 14044 0 5812 10592 11586 1293 4534 7002 2148 12273 10453 18496 13902 3818 2049 15276 3285 13914 4623 8122 15092 14643 13912 5071 14592 11379 14134 11023 11548 5598 4631 5161 5160 16708 9046 11908 14846 11185 3299 12736 9478 12625 12297 7475 9623 5614 6517 9499 15626 6601 8588 9613 14586 6676 2983 11677 6212 12508 9306 7127 14464 7749 14586 15840 6956 13907 12215 11161 11842 8142 3122 18661 14833 10979 4345 17835 3266 5216 10635 11399 3355 14628 5784 5328 5234 1699 10450 14712 11770 1456 15108 10333 7302 11740 13779 18440 11608 9164 14857 5764 11240 13809 6599 4255 8888 7781 7319 12945 12633 12079 12384 7786 2545 14839 1613 9054 1711 14884 15988 4968 9535 6744 16905 15100 18913 13720 20381 4609 17881 5836 3046 15741 5137 13478 8310 13249 11393 3437 9170 1308 14594 10475 9098 12182 11955 14217 8594 12161 14038 10781 5256 16046 6755 3460 3149 7964 11293 14576 12703 2737 4059 11006 1979 13048 7041 11258 6033 11822 13183 7497 6554 9463 7096 15110 5463 11301 5550 1883 14627 15359 13203 15883 13165 3309 5683 2937 9117 6661 19191 11530 7693 13410 9520 16188 8510 6072 13131 3737 12970 16339 10157 14244 5145 10860 13759 10742 12959 12870 15263 18282 17982 6850 5798 10904 3763 18727 2503 13133 1301 8727 1771 11179 15258 8801 12843 5531 10056 2926 2358 7848 519 2613 10999 9174 16216 11426 15956 17844 5268 16301 10628 5934 2991 14567 11826 20062 2082 15782 12796 7367 11612 7158 4945 9013 9237 1177 9504 11507 13102 1539 8044 2803 3717 9369 9600 6587 12634 17167 6704 6306 4068 8104 10822 4992 12554 4382 4776 5746 3130 11757 5785 5639 2772 2599 9539 16159 11881 2492 11517 11066 8775 15924 3714 16354 16388 9803 14463 1101 18330 12468 13721 1250 14480 15799 2891 13945 19167 12813 6755 15904 4201 6551 16165 8820 1238 14519 11534 7552 12427 11191 14825 12766 15856 4360 8255 15772 13498 12148 16001 9169 13018 5514 15537 15169 10966 17900 12053 6861 8289 10350 13440 9769 17042 4435 7062 5731 10416 6779 16022 12338 8326 16349 19820 9405 3770 8990 11580
5195 11352 4107 5598 2659 10826 8235 4829 14884 7698 8069 12766 12073 12342 3797 10728 10377 12473 10228 8700 4344 13881 8960 5052 7908 7822 9627 8545 6092 7429 6450 8387 6320 13666 4171 6490 4458 12101 7540 7386 3353 12251 1423 9130 8233 5812 0 10573 7243 6010 9972 9842 5895 8629 10294 13095 8099 3141 4465 9630 4681 10219 4099 2816 9598 8959 11024 7927 8780 7035 9786 7514 5738 10057 10004 8240 856 11685 6839 6113 9034 9314 8937 7350 5469 6815 6662 8436 7150 7769 9198 4374 11372 2029 6748 9747 9125 1700 2829 12366 10953 10522 9550 11797 9074 8119 11167 11903 6328 8451 6406 5370 7844 6951 8242 14140 9498 9368 6508 13184 5809 8895 4845 6184 9166 8902 3046 7804 3863 4474 5158 10706 6039 4577 10844 5800 8531 6014 8162 13563 6113 4106 9241 7482 12344 8280 7682 3956 4577 2646 2335 7473 12499 10250 10758 7555 4088 9197 7241 9750 4179 11412 11556 6857 4594 5170 12109 9825 13826 10365 15449 8496 12471 5779 8258 11174 5305 8221 5801 9717 5825 9093 7351 6018 11549 4719 6857 7187 13575 8647 11322 6466 9364 11082 6960 11818 2712 2399 8913 4986 10341 11194 8539 5603 7884 5947 4211 11218 10363 7811 7865 13154 8124 2942 5150 3672 10158 10310 8297 7491 7727 7694 9065 10058 8766 10137 13643 8995 1070 3378 3650 7727 14087 12921 2053 10741 6356 11063 7936 7187 8180 9541 12237 12194 6151 11254 4520 5953 9937 6153 7274 8539 9503 13539 13185 7723 7055 12217 2311 13455 4474 8614 4924 6304 7412 12445 11178 9994 7050 8766 11604 4347 6884 8811 6270 3829 5346 6627 10738 11378 11594 12465 5521 11111 10293 10987 2828 9277 10243 15217 7878 10180 7123 2422 7768 5502 1586 6167 3687 5554 4344 5761 8020 7218 8034 5734 2248 8901 3820 7500 7392 11800 3475 9595 7437 6190 8272 828 9378 5314 7022 4806 8516 9564 2395 4230 8195 3847 5136 11162 8263 3322 7910 7828 3020 10496 2125 10568 12156 4156 11419 6912 13616 9631 7974 6465 10503 9989 7410 10381 14583 7443 9606 10206 5059 746 10723 3521 6605 11742 13441 5785 13760 6242 9790 7046 10492 3397 9146 10974 8877 6630 10503 6839 8611 3545 10332 9505 8828 12918 6262 11618 3067 5406 11936 10105 11358 6350 7127 8439 7554 1800 10883 8235 2793 10545 15016 6513 8039 7469 13267
11352 2978 10413 5160 13154 2375 14004 12444 14379 17124 18640 4395 10202 8370 7584 20938 15893 14573 2863 5743 14673 3963 15942 13753 9795 7311 1934 5573 9900 16526 4621 2467 15918 4258 7245 10267 8641 8082 3095 8403 7365 10103 9160 8781 15149 10592 10573 0 17581 11853 14259 5290 8468 19141 332 15304 14568 8283 8946 17771 12858 20678 13419 9656 13215 13892 6169 6047 15560 17385 9251 18069 13483 16019 14437 6197 9900 21081 17273 14044 15669 3379 10689 11361 16003 14253 15402 3173 4674 15973 17050 14485 21539 12602 17076 979 17955 9320 10155 2028 16430 3911 1289 17312 12379 2859 7540 9363 16128 12296 13565 13591 7522 17060 9342 12722 18570 2900 14574 12421 7326 6876 12254 15911 11878 14180 13266 15759 13616 11193 10079 21035 12387 9636 9618 8306 3433 14514 12932 13488 11183 14315 13643 4913 2503 17056 16640 7282 15087 9344 12832 11791 2063 3480 3253 3094 11753 17424 10294 1741 9828 7822 21591 5655 9037 5405 12130 18979 14489 6947 15189 7297 14866 5148 9514 21121 14513 11325 5313 20227 14957 12991 3811 9364 6848 13433 4504 17049 4001 12982 5029 12383 19338 694 15420 10134 8169 9823 11240 15496 1741 7464 18888 12947 7399 9645 11227 3918 6078 6309 16318 3330 10567 13493 15167 12505 5628 20091 5820 17998 15911 11214 17611 12634 18957 15270 3082 12819 9505 11410 13499 3945 14767 3255 12070 5516 16924 12598 17847 4521 17983 12425 2526 10149 7273 6540 14023 9234 7904 16442 12803 8603 16988 13000 12920 16819 15836 2743 9350 14981 8448 9153 9511 16765 11911 2792 9297 2429 13653 6217 2922 8109 12949 2853 10966 8847 11542 4951 13923 851 10384 14711 14718 12893 587 15921 10030 12083 2971 14682 11610 18416 15615 12923 18258 15666 9150 5483 10451 11581 9508 14213 10593 11696 2680 13060 9554 1696 12686 16551 10835 14153 13932 16897 6995 16505 18812 10277 6101 6397 15089 14544 9901 4044 12733 14093 12920 8844 7995 20636 18788 10271 18445 5890 12347 13503 9936 17577 22305 13487 6767 11008 12958 5430 15870 9707 8617 16219 8520 7472 13277 16726 17319 14889 6649 10896 13728 9711 9867 6332 4330 16018 3781 9435 11430 15326 13203 7667 2482 20709 18930 11541 13860 17302 18830 7068 19557 17586 3861 13390 14201 17006 9497 15529 3692 919 15644 14578 16648 16240 5194 9291 12530 18624 10188 16412 14373 5428 7991 3467 3895
7842 18585 7976 12434 4591 17412 12175 6378 17081 7520 2890 20009 15880 17077 10106 3501 9506 13645 16700 14352 2924 21070 7256 8077 14096 14716 16359 14280 9807 8045 13683 15545 6775 20892 10480 9868 11225 16924 14656 11896 10220 16145 8551 15695 7123 11586 7243 17581 0 11030 14282 17012 12566 1930 17280 13965 7624 10276 11113 5925 8648 3153 7174 8103 10900 9483 16496 15031 7446 212 13784 1788 5969 13103 14210 15317 8063 5337 4115 5653 7705 15708 14863 9830 2113 6270 4321 15666 13522 9522 10672 3120 4157 5395 4671 16828 4576 8265 9169 19469 14093 16714 16661 14648 10933 15305 16106 16105 6316 10269 6628 5424 12782 5556 14602 17083 4322 15889 9211 16018 12802 15865 6611 2446 14607 9128 5802 9852 6484 9887 8947 3472 7559 10904 14755 10689 15772 4833 9378 15859 8784 3266 10077 14706 19516 4378 8376 11173 2774 8340 4913 9604 19385 16562 17132 14678 9061 5607 13198 16926 10459 16255 4430 14047 9400 12226 14826 4362 15561 15495 17349 15388 13422 13009 14561 4155 7364 10777 12409 2870 3825 13938 14021 12358 16808 5000 13404 1781 20790 9918 18530 7999 2502 18144 8863 15612 9412 9064 14608 3843 17062 16167 1308 9688 14759 9880 9607 17431 17465 13335 9224 20343 11224 4391 5712 5473 17301 3612 15421 1182 9530 13259 5040 11929 1618 9776 20662 13917 8242 8672 4150 14969 15732 20120 5514 16431 2723 13206 6451 14430 2125 14782 18918 16052 11558 16604 6848 10180 14625 1144 8462 12856 6807 16130 15716 8154 8431 19417 9257 14707 11307 12621 11274 3917 12570 19636 15302 17216 7298 15835 18832 11310 11257 16035 11853 10622 7781 13054 11801 18341 15213 13532 7405 13061 17229 14530 9248 11401 16689 17349 13263 6056 4720 4828 1163 5260 8824 12513 7716 10721 8889 4971 11098 12473 15170 9745 9111 15886 5329 8149 10286 13043 4882 11533 14404 4684 3608 7822 14845 12518 9392 6386 14700 15742 5888 6198 12882 10638 10454 4790 1768 9482 1656 13533 5365 11817 8809 7923 4942 4457 16697 12512 16256 15344 5746 12655 14887 8558 14009 15288 17345 3229 11070 10239 12253 6758 11936 8308 12728 17217 20676 5012 20941 10268 12465 5064 12044 10623 16358 4249 1956 8955 11540 3925 1437 10736 4563 5959 15135 15067 5621 14625 8322 2129 18271 17212 11199 8966 7132 10338 13605 8291 13027 1061 7604 9221 17266 12755 14779 14246 20490
11174 11039 10012 8690 7320 13207 2472 10814 20420 6196 10183 11877 17105 16764 8476 14309 16371 18338 12925 12781 8836 13760 14833 3218 3498 5335 11891 12566 11777 5395 7344 9404 5495 13190 8700 12226 3390 16479 9027 12551 7406 17223 6250 5373 14149 1293 6010 11853 11030 0 3965 8269 3438 11540 11706 18990 14072 4642 3084 15143 2420 13158 3880 8569 15532 14964 14948 6359 14694 10830 14923 10297 11655 4539 4007 6439 5499 16263 8155 11965 14958 12310 3948 13215 8919 12719 12189 8753 10650 4333 5227 9234 14970 6394 7659 10875 14349 7142 3311 12966 5265 13637 10569 6170 14950 9002 15551 16726 5927 14361 12369 11216 12675 7131 4141 19440 14532 12128 3108 18578 4532 6447 10844 11108 3579 14912 5303 4038 4554 1537 10944 14011 12048 2389 15924 11030 8587 11711 14146 19123 12032 8891 15227 7049 12533 13617 5370 5255 8429 8266 7136 13387 13901 13219 13547 9000 2098 14708 2504 10334 2430 15844 15373 6249 10118 7785 17604 14770 19532 14687 21055 5834 18369 7005 4031 15166 4144 14011 9295 12472 11258 3134 10265 2598 15615 10491 10142 11796 13243 14613 9852 12471 13518 12056 4019 16876 7413 3871 3605 7279 12502 15547 12076 1593 5309 11581 1801 14198 8271 12178 4761 13115 13780 7192 5691 9540 8347 14612 6748 10630 4269 2266 14445 15885 12633 16145 14453 3060 6109 2724 8990 7934 19805 12823 7701 14470 8782 16782 7398 7337 12712 3795 14208 17189 10959 15269 4315 11475 14648 10276 13277 13650 15239 19002 18686 5633 4583 12198 4297 19277 3582 13874 2394 7890 1555 12472 16113 10091 13040 6795 11348 3992 1152 9129 1112 3502 11335 10180 16667 12691 16757 18347 4242 16874 11872 5121 3367 15094 12988 20761 2234 15614 12708 7170 10939 6287 5460 9974 9616 463 10025 11501 13692 1443 9278 1625 4194 10592 9659 5375 13167 17672 6188 5049 5351 7213 9924 5238 13534 5570 3510 4888 4010 12854 5450 4893 2186 3493 10247 15712 11153 2820 10797 12015 8821 16398 4073 16365 15717 9747 15483 1611 19058 13495 13693 2463 15348 15933 4101 14881 19933 12557 5473 16214 5366 6714 16633 9286 2394 15576 12814 6671 13719 11800 15442 12718 16358 5257 9536 15265 12973 12564 16441 8294 12445 6405 15174 15051 12059 18550 12101 5932 8765 9998 14624 11041 17365 3223 5929 4438 11407 7252 16611 11706 8700 16511 20530 10369 4973 10113 12867
15139 12698 13971 12102 11076 16002 2110 14761 24250 7851 12857 13080 20786 20233 12271 17299 20316 22275 15870 16241 12448 15240 18725 6225 4470 6974 14730 16014 15694 7016 10205 11971 7823 14508 12457 16150 6821 19937 11846 16337 11156 20881 10177 5885 18060 4534 9972 14259 14282 3965 0 9620 6130 14418 14187 22935 18008 8352 6564 18890 5836 15932 7234 12517 19489 18929 18278 8234 18603 14098 18666 13233 15574 2443 215 8138 9459 19612 10782 15861 18871 15410 3753 17161 12229 16629 15978 11093 14029 5395 5201 12917 17939 10187 10204 13308 17996 11082 7259 14925 2335 16710 12988 3123 18895 11568 19032 20341 8319 18314 16304 15115 16368 9455 4985 23193 18104 15149 5134 22369 7285 7682 14797 14734 2505 18873 8885 4978 7929 5501 14883 16896 16011 5989 19636 14859 10827 15559 18110 22967 15989 12573 19191 9371 14308 17318 6802 8743 11905 12203 10931 17342 16196 16257 16494 11806 5960 18459 4044 12570 6193 19335 18422 8703 14019 11162 21435 18302 23421 18168 24907 7130 22316 10060 4809 18298 6927 17939 12768 15212 15033 1271 13480 5283 18978 14374 13488 15294 14644 18576 10962 16435 16779 14294 5721 20569 11264 7807 3133 10439 15252 19018 15169 4737 6894 15488 5760 17189 9256 15749 5865 14702 17678 10882 8597 13456 9518 17893 8513 13673 5352 3121 18150 19818 15823 20102 16403 1443 10055 6640 12796 10373 23698 14404 11600 17743 11756 20684 9268 9876 16148 2041 16756 20856 14690 18623 7457 15361 18261 13690 17242 17403 19073 22814 22513 7109 6299 13889 8195 23202 6980 17667 5817 10678 2765 14162 19774 12109 16986 8264 13001 7397 3189 11407 4016 7147 15300 13606 20622 15037 20486 22289 6908 20787 14416 1680 7306 19026 15948 24592 2737 19325 16509 10953 13969 9113 9376 13486 13577 4425 13953 15365 17594 3002 11962 4646 8113 13309 13567 6941 17095 21613 9679 4397 7264 9906 12425 9203 16993 8617 5100 7896 4464 16034 9171 8126 1800 7133 14067 19063 14054 6760 13727 15538 12729 20348 8022 20218 18638 13593 18849 3597 22863 16854 17531 4802 18992 19852 5739 18418 23701 16201 5131 20177 8496 10668 20584 13231 4613 18852 14077 9436 15249 15690 19331 16548 20299 8887 11787 18520 16236 16523 20398 10955 15631 10037 18657 18811 15261 22419 15992 2802 12706 13571 17470 13365 21329 5372 7874 4848 14854 11190 20516 14796 12661 20441 24352 13873 6326 13247 14263
12900 3094 11680 6616 12438 7536 9896 13507 18689 14324 17240 3616 14591 13153 8659 20513 18208 18089 7764 9688 14165 5645 17607 11005 5274 2938 6558 9460 12147 13576 3996 3876 13373 4976 8510 12614 5999 12849 4486 11449 7776 14561 8734 3774 16794 7002 9842 5290 17012 8269 9620 0 5008 18177 5358 18831 16373 6738 6206 18930 10050 19822 11092 10394 16066 16292 10929 2052 17297 16800 13088 16967 14599 11711 9820 1864 8993 21479 15476 15117 17479 7798 5876 13820 15071 15585 16124 2831 7689 12601 13382 14215 21166 11620 15117 4540 18709 9370 8053 5404 11922 8809 4255 12743 15257 3642 12133 13859 13714 14955 14967 14481 10887 14836 4671 17183 19177 7363 11345 16679 4324 1950 13387 15987 7124 16465 11618 12294 11531 8246 11881 20429 14017 6696 13743 10633 2461 15324 15298 17621 13170 13948 16232 2475 4714 17819 13593 5893 14259 9990 12124 14192 6913 8327 8303 4426 9037 18522 6065 3587 7071 12441 21382 2987 10711 6033 16128 19536 18465 11380 19474 2543 18301 4573 4845 21012 11912 14139 7246 19240 15423 8410 6716 5707 11658 14052 7193 17022 5072 15529 1614 14200 19205 5075 12255 14461 8522 8018 6489 14002 6791 12078 18280 9719 2974 11872 8407 9020 873 9781 13030 5084 13516 12622 13054 12975 429 20149 1639 17080 12537 6877 18530 15813 18576 17701 6844 8242 8968 9004 13429 2830 18754 4785 11819 10281 15576 16143 15363 3031 18014 7633 7768 14582 9834 11313 11693 11527 12036 15960 14840 12093 18463 17234 17069 13836 12787 4278 7764 18715 5866 12575 6405 15056 7759 4548 13589 2865 15317 1476 3391 5765 9164 2852 7189 6521 13107 7584 17003 5897 14593 18186 12077 16380 5667 11298 7949 15114 7868 19016 7248 19542 16489 12204 17379 13638 8265 7873 11518 8167 11016 15029 13496 7594 4173 9795 7921 5154 13158 13570 13434 17550 12480 13004 2956 14576 17205 9196 10296 4533 11775 12291 5161 8543 11293 12005 8627 6509 9993 20967 17790 7902 17422 9397 12535 16611 8250 19314 21952 13758 11553 6961 17224 9810 17079 5814 12817 18246 4223 11828 17741 17148 13560 17474 4783 10452 16857 10800 5907 11266 4576 14031 5641 11826 14808 16302 16390 6456 3034 20812 18713 13658 16870 15561 18413 6715 20070 18772 7987 17350 15283 12423 10371 15248 8950 4389 18439 11427 13964 12640 8555 9405 16030 17951 10872 18609 18720 8090 3416 6291 4690
10354 7628 9083 6038 8167 9980 5549 10457 18504 9324 12427 8561 14836 14140 6686 16037 15819 16940 9787 10162 9893 10359 14684 5997 2278 2224 8681 9931 10373 8592 4112 6049 8368 9825 6775 10857 1437 13841 5786 10596 5535 14909 5317 3237 13914 2148 5895 8468 12566 3438 6130 5008 0 13511 8340 17644 13666 3006 1467 15517 5042 15166 6138 7589 14374 14135 12153 2998 14456 12354 12815 12272 11471 7597 6274 3144 5080 17434 10573 11904 14688 9288 3441 11992 10516 12541 12555 5334 7931 7724 8664 10090 16701 7253 10181 7491 15009 6203 3399 9529 8102 10595 7180 9008 13675 5643 12949 14331 8716 13185 12041 11181 10476 9853 2421 17317 15353 9041 6404 16561 1177 3412 10411 11973 4188 14184 6885 7455 6631 3240 9737 15870 11395 1740 13732 9251 5155 11884 13207 17263 10986 9779 14263 3616 9102 14173 8626 2908 9796 7200 7886 12261 10500 10149 10412 5751 4047 15085 2131 6909 2160 13255 16995 2825 8690 5097 15715 15663 17843 12088 19206 2868 17045 3930 2476 16688 6907 12622 6730 14542 11717 4885 7351 902 12858 10580 7383 12886 9860 13587 6621 11723 14919 8639 7306 14634 5911 3588 3684 9234 9248 12929 13773 4757 2245 10130 3412 11096 5184 9742 8126 9701 12219 8239 8112 9506 5162 15943 3406 12463 7660 3020 14960 14486 14175 15458 11016 4722 5382 4099 9505 4527 18128 9411 7939 11614 10819 15186 10356 3949 13869 4716 10877 14892 8887 12502 6727 9915 12265 11606 12489 11585 15326 17042 16773 8859 7815 8775 3584 17777 1443 11915 1413 10187 3516 9049 13811 6654 12583 3580 7936 1703 4493 5703 2498 2066 10547 7530 15462 9296 14597 16984 7070 15337 8528 7702 3327 13705 9860 18847 3395 16073 13009 7953 12770 8707 4571 7464 8772 3242 8773 11620 12154 3287 5969 4845 3657 7309 9668 8591 11797 16308 7793 8445 2059 9654 12329 5095 10908 2490 6867 7331 2813 9905 6686 7091 4560 2048 8462 16897 13119 3103 12750 9498 8899 15134 3865 16343 17480 10051 12730 2606 17076 10738 13818 1329 13018 15592 1515 12366 17844 13299 8903 15395 2391 6624 15381 8219 1517 12722 9467 9103 10309 10250 13802 12914 15018 3260 6110 16612 14397 11527 15269 10672 13999 4282 16148 15388 9131 16787 12061 8719 7693 11049 11430 7633 16497 6466 8957 7875 8778 6286 15032 13423 7914 16085 18588 7839 2214 7118 9488
9752 19955 9826 14032 5994 19106 12317 8292 18978 7028 1712 21322 17808 18980 11780 2901 11272 15509 18415 16171 4525 22509 9016 8395 14816 15713 18011 16090 11708 7703 15064 17013 6626 22277 12163 11782 12251 18822 16152 13782 11784 18071 10007 16520 8954 12273 8629 19141 1930 11540 14418 18177 13511 0 18849 15804 9488 11502 12100 7430 9121 1655 7678 9835 12801 11365 18347 16155 9239 2044 15703 1250 7898 12950 14319 16417 9397 5775 3671 7575 9488 17432 15469 11760 3161 8173 6202 17049 15234 9304 10266 4870 3524 6649 4266 18349 6014 9838 10170 20980 13915 18479 18163 14367 12852 16748 17994 18025 6131 12191 8550 7353 14649 5107 15370 19006 5578 17590 9285 17940 13888 16888 8524 4369 15064 11000 6626 9678 7040 10588 10829 2486 9489 11794 16679 12534 17124 6754 11293 17765 10705 4944 11966 15963 20973 6016 8008 12452 4059 10038 6318 11533 20998 18306 18868 16170 9731 7170 13871 18379 11358 18150 4049 15260 11226 13745 16749 5484 17443 17368 19230 16374 15273 14397 15310 4034 7555 12707 14064 1088 5751 14242 15675 13189 18678 6913 15082 3567 22195 11828 19736 9928 3054 19677 8765 17540 11000 10160 15145 4312 18720 18054 1265 10067 15746 11771 10328 19197 18563 15158 8932 21782 13151 5688 5897 7320 18438 4035 16557 1143 9325 13805 6563 13842 2076 11586 22221 14244 9675 9464 5915 16315 17608 21548 7115 18260 2760 15120 5744 15750 3519 15171 20593 17979 13373 18466 7228 12060 16521 2956 10385 14759 8446 18046 17631 7743 8248 20844 10432 16566 12357 14535 12153 3743 13027 21073 17222 18612 9210 16923 20215 12417 11577 17429 12471 11682 9697 14751 13679 19922 17142 15390 7539 14969 18818 14442 10264 13324 18409 19241 13755 7438 6564 6228 899 5335 10169 14220 9543 11293 10721 6899 13025 12964 16654 10100 10265 17451 7187 7801 12213 14917 5725 11184 15446 4513 2389 9098 16686 13765 9356 6676 15401 17504 6887 6656 13189 11696 12258 5289 393 10411 762 15340 7135 13709 9928 9500 4222 6322 18565 13102 18173 17163 7533 13424 16797 10292 14886 17174 19262 4977 10629 12072 13491 8245 13821 10099 13472 19071 22037 4990 22389 12160 14393 6925 13945 11922 17770 4511 2665 10884 13420 3487 1943 12172 5497 7498 16871 16972 7538 14387 10068 3974 20020 18718 12994 9047 6768 10076 15369 9877 14943 1095 9356 10942 19165 14482 15699 15874 21881
11021 3202 10086 4852 12865 2213 13885 12116 14122 16912 18363 4663 9944 8151 7267 20630 15564 14271 2629 5438 14375 4293 15609 13548 9732 7262 1634 5264 9568 16323 4429 2302 15695 4575 6926 9935 8464 7859 2857 8078 7068 9851 8879 8775 14817 10453 10294 332 17280 11706 14187 5358 8340 18849 0 15003 14235 8054 8770 17441 12659 20381 13193 9339 12892 13562 5938 6001 15228 17084 8954 17783 13154 15911 14362 6169 9631 20757 17014 13715 15336 3086 10649 11031 15714 13922 15077 3094 4341 15796 16890 14180 21230 12324 16823 882 17628 9022 9936 2360 16339 3688 1203 17226 12055 2704 7294 9113 15898 11968 13234 13265 7202 16819 9295 12476 18244 2604 14393 12157 7188 6879 11926 15596 11826 13850 13011 15588 13378 11010 9747 20731 12055 9465 9339 7974 3381 14188 12601 13217 10851 14014 13316 4821 2822 16729 16442 7059 14798 9030 12544 11460 2268 3243 3060 2861 11555 17093 10202 1773 9645 7580 21277 5542 8708 5124 11848 18654 14209 6682 14931 7279 14561 4931 9466 20805 14297 10999 4991 19935 14636 12917 3481 9239 6628 13111 4173 16736 4322 12654 5192 12050 19025 1022 15232 9871 7868 9592 11190 15229 1525 7220 18586 12772 7353 9313 11037 3745 6166 5988 16135 3656 10243 13209 14926 12187 5710 19773 5794 17706 15734 11125 17282 12318 18650 14941 3383 12745 9226 11197 13191 3835 14488 3574 11770 5283 16648 12294 17617 4391 17668 12376 2569 9895 6941 6313 13795 8902 7620 16140 12471 8290 16656 12735 12649 16617 15640 3044 9113 14688 8270 8839 9350 16503 11803 3105 9029 2520 13321 6217 3169 7922 12810 2802 10837 8650 11210 4619 13605 1087 10112 14407 14504 12587 330 15844 9811 11762 2738 14427 11522 18086 15288 12635 17965 15420 8885 5153 10127 11424 9179 13888 10268 11586 2474 12887 9317 1398 12368 16350 10506 13846 13667 16753 6928 16252 18542 10013 5814 6215 14911 14312 9858 3766 12471 13854 12820 8648 7663 20314 18497 10064 18156 5568 12035 13187 9699 17244 21994 13172 6542 10897 12695 5153 15539 9595 8340 15887 8449 7203 13032 16404 17164 14562 6462 10607 13412 9388 9759 6131 4635 15769 4113 9103 11118 14997 12888 7430 2457 20390 18618 11209 13541 17040 18523 6802 19232 17255 3553 13107 13873 16922 9178 15223 3593 976 15321 14392 16430 16077 4866 8991 12225 18324 9871 16081 14119 5096 7948 3140 4208
7933 18044 8998 12315 13115 13359 21313 8775 3738 19715 16759 19616 5905 8276 10962 15267 4692 744 12610 9566 12861 19104 6869 17952 19922 18596 13370 9749 7292 19778 15026 15145 18426 19540 10906 6817 16443 8406 14379 7389 12111 6161 12761 20375 6850 18496 13095 15304 13965 18990 22935 18831 17644 15804 15003 0 6351 14779 16625 8987 17739 16351 16870 10421 3517 4585 9744 17886 6591 13925 6059 15654 8469 23150 22992 18239 13498 12952 17149 8552 6364 11927 21083 5776 14339 7801 9653 16071 11196 20564 22003 12210 15478 13663 17477 15307 10294 11853 15680 17134 24048 11744 15416 24891 4041 15272 8363 6778 18197 4645 7660 9080 7984 18166 19980 4811 10997 12404 19457 4089 16866 19160 8641 11591 21682 4878 15292 20683 16388 17468 8053 15845 7318 17063 5897 8451 16419 9304 5070 3093 6982 12431 4080 16637 17786 9939 20093 14743 13784 10733 13063 5622 15783 12037 12496 14438 17177 9045 19589 16114 16789 8201 15033 16623 8985 13087 3548 11337 2090 8615 3658 19110 625 14639 20071 14455 17926 5031 11633 16466 10311 21927 12201 18195 9357 9810 11657 12237 19263 4528 19538 6824 13540 15980 19734 5807 11788 15128 21269 15608 13684 8461 14675 18696 18697 7523 17231 12148 19678 9161 20543 18566 5450 13533 17019 10250 19260 13379 18036 15112 20534 20279 9659 3158 14064 4246 17391 21804 12882 16465 11577 16015 2101 18535 11983 10262 15799 2720 19276 15952 12436 22150 14584 6061 9061 9491 17091 7730 7482 13286 6061 6798 7724 3716 3430 20027 19661 18045 14751 931 16339 6282 17316 16678 20238 18089 6409 16879 6892 18660 18088 15982 19946 16179 19006 15964 7808 11251 2386 15516 5371 661 18110 2456 14717 24059 15631 3943 12515 3874 20551 9358 9247 13094 15128 17015 13567 10969 9410 18527 8993 9273 5504 20018 14771 18827 14825 14240 10230 19871 5869 1337 15008 22536 18093 17131 17418 13795 9232 15573 19929 17110 20439 11304 14707 16553 21136 15981 9218 12888 15718 16177 15617 9574 10946 2599 14918 7087 15901 10712 9356 19564 3861 9948 8287 18718 6880 5732 18932 8067 4687 10840 22430 3732 15515 12484 2374 9705 18900 10051 19634 17065 18908 7395 4023 8901 2641 14397 16187 13596 13579 6467 2640 17014 14101 13374 11755 8834 11455 2528 8526 24713 10229 12469 12972 15708 2937 19268 19152 21317 10390 11746 2813 14725 10317 5195 3941 10741 19149 12641 19192
3474 16655 4719 9966 7271 13414 16151 3270 9525 13656 10409 18271 9069 10829 7716 9287 2331 6023 12598 9510 6670 18514 1395 12373 15847 15203 12811 9559 4678 13824 12386 13397 12441 18666 7891 4357 12274 10771 12467 6520 8640 9363 8352 16790 715 13902 8099 14568 7624 14072 18008 16373 13666 9488 14235 6351 0 10663 12363 3618 12366 10163 11255 6136 3414 1907 11048 14874 995 7579 7416 9303 2468 17777 18023 15231 8757 7669 10880 2340 1117 11636 16936 3475 8051 1529 3305 14024 9894 14811 16220 6019 9613 8003 11247 14166 4503 7466 10922 16593 18734 12157 14140 19510 3702 13351 10166 9544 12155 3185 1705 3013 7546 11985 16085 9739 5258 12005 13869 8686 13221 16067 3275 5241 17250 1516 9568 14990 10677 12547 4575 9789 2358 12605 8156 6261 14290 3002 2187 8358 3386 6282 2528 13917 16981 3884 14153 11022 7579 6543 7306 3057 15817 12215 12798 12516 12052 3432 15274 14687 12236 10206 9288 13604 5724 10370 7524 5669 7961 9839 9746 15830 5799 11803 16130 8704 12168 4066 9507 10208 3983 17181 10792 13973 11087 3791 10103 5923 18460 2590 17513 2213 7475 15249 13992 8822 7978 10452 16966 9456 13385 10252 8402 13420 15289 4926 12272 12804 17107 8595 14717 17842 4794 7627 11037 4568 16772 7559 15146 8764 14790 15781 3913 4545 7854 2301 17368 17087 8318 11368 5573 13646 8121 17711 6436 11246 9495 5803 13081 13346 6236 17637 14925 9257 7300 11006 11355 5339 8694 6940 1808 6983 2527 8705 8290 14049 13825 17076 10230 7083 12232 6531 12929 10432 15507 17213 8784 15286 1085 15732 16805 11975 14853 14273 14367 11685 3267 9645 4198 15099 8354 5908 12328 5600 14047 18882 10911 4225 12541 9776 15974 4223 2926 7313 8787 10945 9121 9142 4949 13624 5368 3027 4696 15315 12975 13538 10231 13040 4477 13923 4070 5431 9104 16859 14736 10946 11070 8912 9676 12206 14285 11261 16435 11325 9078 10747 16256 11704 6641 7423 9384 11418 9272 8961 5305 4260 10191 3017 10164 4686 11010 15004 8842 10371 2134 14457 8640 1926 15136 9445 9926 4577 16650 2657 12047 7371 4352 5612 14612 11672 18611 10943 18339 5165 5414 2563 4534 10528 14440 7934 7420 3047 3942 10735 7868 9829 6204 3421 11030 7558 2271 19376 6091 6153 13726 14600 3726 13655 13114 15608 9472 7387 5640 8423 5760 2447 9716 9147 15598 11186 18268
7353 8519 6085 4162 5700 9114 7114 7469 15903 8882 10698 9829 12478 12139 3926 13777 12814 14090 8691 8170 7430 11163 11699 5567 5234 4717 7809 7960 7488 8338 3746 5882 7642 10845 4106 7964 1671 11857 5198 7985 2804 12589 2324 6156 10923 3818 3141 8283 10276 4642 8352 6738 3006 11502 8054 14779 10663 0 1847 12629 4745 13134 5139 4588 11443 11146 10385 4791 11463 10065 10323 10317 8499 9174 8445 5100 2285 14826 9121 8949 11692 7950 6368 9065 8366 9563 9700 5671 6102 8036 9297 7506 14429 4890 8866 7357 12217 3198 1909 9853 9902 9269 7105 10810 10771 5542 10925 12086 7845 10252 9048 8239 8048 8792 5427 14849 12618 7848 6614 14018 2689 5761 7416 9324 6903 11185 5114 7906 5343 3385 6789 13706 8389 2363 11308 6521 5690 8983 10229 14625 8014 7228 11292 4461 9688 11355 8488 1014 7533 4203 5387 9312 10322 8892 9294 5193 3675 12202 4812 7142 2214 11214 14646 3772 5795 3332 13089 12953 15117 10063 16567 5385 14171 3147 5479 14282 6262 9749 4709 12577 8908 7238 5863 3426 11031 7677 5628 10323 10791 10625 8257 8721 12478 8677 7372 12253 2992 1541 6502 7461 8488 10924 11550 5131 4786 7259 3296 9888 7229 7539 8307 10445 9409 5890 6904 6591 7038 13440 5167 10388 7978 5513 12119 11627 11838 12459 11241 7100 2430 3197 6784 4883 15397 10189 5175 9942 8995 12407 9564 4289 11316 7375 10333 12558 6348 10692 5741 7085 10007 9223 9491 9056 12375 14464 14165 8638 7709 9492 1105 14968 1591 9315 2561 8643 5589 9740 11479 7232 9579 5626 8794 1313 5770 6066 4337 1208 7544 5609 12548 9129 12150 14123 6473 12534 8133 9705 1785 10838 8738 16245 5806 13204 10127 5467 10681 7424 1633 5358 5768 4213 5826 8708 9333 5355 5608 5264 1300 6740 6761 8374 8911 13444 5895 9386 4312 8298 10760 2459 8921 2263 7158 6263 5802 8415 4678 5824 6577 1223 5726 14303 11120 2149 10756 7386 6033 12235 1678 13370 15215 7227 10899 4829 14511 8927 10884 3945 10711 12589 4477 10244 15353 10566 9637 12408 1989 3810 12479 5231 4124 11037 10577 7790 11064 7419 11036 10006 12141 675 6442 14106 11981 8557 12345 9172 11675 1773 13466 12492 7618 14094 9109 10566 4702 8527 10434 7649 13518 6564 8387 8472 6811 3280 12245 11227 4908 13079 16002 5755 5001 5800 10458
9127 8552 7872 5635 6699 10161 5506 9123 17721 8333 11068 9643 14224 13750 5758 14592 14558 15936 9853 9757 8426 11280 13335 4943 3486 3616 8842 9536 9333 7664 4350 6479 7261 10825 5916 9808 311 13460 6011 9796 4621 14322 4030 4691 12578 2049 4465 8946 11113 3084 6564 6206 1467 12100 8770 16625 12363 1847 0 14095 4002 13754 4899 6371 13276 12937 11888 4154 13122 10901 12106 10867 10112 7592 6669 4373 3674 15967 9271 10527 13362 9227 4581 10901 9075 11188 11126 5966 7593 7028 8139 8624 15255 5787 8912 7974 13560 4944 1945 10245 8247 10554 7682 9161 12612 6089 12540 13791 7565 12086 10713 9795 9804 8655 3779 16633 13895 9049 5631 15821 1903 4788 9092 10509 5059 12959 5479 6820 5324 2256 8620 14437 10134 708 13072 8355 5868 10474 12035 16450 9830 8312 13104 4388 9922 12730 7746 2208 8341 6000 6419 11140 11007 10138 10474 5989 2918 13662 2976 7542 912 12838 15540 3577 7640 4717 14910 14202 16957 11675 18394 4283 16015 3950 3801 15228 5800 11594 6266 13140 10276 5417 7182 1615 12564 9174 7075 11418 10826 12443 7813 10488 13456 9219 6489 14006 4837 2125 4673 7849 9471 12532 12329 4002 3653 9105 2328 11120 6495 9209 7376 10592 11255 6775 6851 8109 6415 14477 4568 11038 6965 3667 13522 13473 12719 14229 11705 5275 4045 2800 8051 5131 17238 10313 6497 11398 9433 14252 9250 4510 12401 5528 11221 14296 8132 12215 5506 8931 11710 10144 11270 10847 13941 16276 15984 7948 6935 9644 2167 16815 507 11126 749 8859 3800 9911 13214 7430 11284 4858 8851 909 4235 6360 2560 680 9313 7135 14385 9794 13924 15968 5984 14380 8911 7984 1866 12683 9914 18064 3967 14643 11588 6485 11344 7433 3243 6965 7533 2724 7660 10215 11180 3562 6307 4117 2218 7588 8266 7678 10756 15290 6375 8077 3355 8370 11007 3653 10511 2558 6143 6097 4081 9772 5244 5798 4819 662 7559 15430 11708 1705 11339 9018 7482 14076 2403 14978 16035 8617 12432 3000 16320 10439 12422 2119 12434 14283 2968 11896 17144 11842 8432 14201 2325 5203 14320 7037 2291 12506 10498 7825 11210 9266 12880 11505 13985 2326 6766 15146 12935 10372 14180 9358 12545 3474 14684 13970 8977 15929 10682 8900 6505 9581 11562 8186 15320 5643 7914 7320 8374 5037 14090 11982 6648 14796 17817 7358 3677 7030 10466
6419 19611 7434 12886 7830 16818 16869 5460 12548 13162 8789 21200 12620 14441 10472 6325 4300 8885 16010 13006 6499 21664 2362 12795 17521 17339 16108 13034 8057 13544 15039 16343 12177 21734 10728 7815 14081 14387 15399 10040 11185 12917 10348 18745 2908 15276 9630 17771 5925 15143 18890 18930 15517 7430 17441 8987 3618 12629 14095 0 13056 7589 11710 8554 6801 5296 14641 17229 2768 5981 11032 7708 4369 18191 18865 17571 10437 4121 9909 3828 2868 15025 18511 7061 7255 3519 2981 16837 13137 14831 16130 5982 6496 8749 10410 17273 1426 9597 12364 19796 19183 15645 17209 19855 7242 16239 13783 13134 11784 6782 4208 4451 11068 11264 17872 13036 2037 15361 14183 12015 15310 18330 5611 4280 18596 4859 10017 15096 11037 13712 7704 6944 5413 14170 11753 9553 17062 3648 5793 11513 6726 6324 5901 16456 20105 1643 13884 13213 7204 8952 8008 6655 19165 15667 16256 15441 13046 437 16798 17690 13752 13824 6046 16016 8739 13116 10903 2352 10899 13441 12617 18000 8561 14402 17884 5468 12335 7684 12536 7845 3889 18264 13961 15635 14699 4952 13268 4203 21552 6140 20215 5513 4707 18436 14071 12381 10413 12008 18424 9025 16722 13868 6181 14156 17411 8275 13420 16311 19587 12052 14623 20970 8410 8008 10879 6040 19302 4401 17549 7089 14825 17137 885 7963 5434 4831 20677 18200 10200 12446 6166 16349 11000 20813 7617 14814 8455 9154 12256 15963 3916 18902 18347 12810 10602 14610 11617 8686 12307 5781 5359 10580 1281 11948 11543 13709 13758 20151 11936 9858 14084 10140 14529 9597 16676 20312 12384 18215 4234 18092 19791 13913 15707 17129 15677 13454 6231 12822 7299 18365 11903 8724 12444 8902 17282 19480 12389 7766 15961 12752 17256 646 2508 7974 6988 10596 10999 12289 7496 14737 8287 3928 8309 16519 15924 14251 11878 16170 5869 13649 7654 8418 9289 16906 16913 10283 9517 10446 13225 14516 14496 11340 18132 14776 9727 10946 17255 13472 9779 3957 7468 12819 7492 12394 6618 7487 11729 2094 6917 5490 14620 16346 12093 13901 1905 16063 12257 3261 17031 13057 13148 2864 16550 5431 14311 8895 7505 8246 16191 15276 21635 10463 21498 8570 8963 2636 7823 12667 17347 4614 4875 6510 7080 9729 5525 12220 2780 198 14413 10724 3663 19778 8609 5482 17230 17702 6051 13946 12697 15659 12824 9551 9012 6347 8062 3807 12749 12358 17623 14322 21330
9808 12544 8779 8863 5261 13849 3830 9191 19551 4332 7781 13579 16583 16580 7967 11894 14695 17132 13436 12703 6618 15276 12981 956 5794 7214 12538 12510 10765 3674 8237 10399 3327 14801 8273 11169 4283 16315 9832 11907 7078 16738 5439 7607 12353 3285 4681 12858 8648 2420 5836 10050 5042 9121 12659 17739 12366 4745 4002 13056 0 10740 1475 7481 14228 13474 14983 8025 12888 8451 14320 7877 9903 5437 5809 8186 4491 13921 5777 10140 13163 12685 6356 12021 6545 10930 10158 9955 10761 3324 4670 7081 12554 4403 5307 11898 12166 6188 2858 14235 6375 13998 11618 7179 13737 10022 15373 16325 3695 13100 10670 9403 12223 4866 6398 18751 12295 12592 1928 17818 5868 8390 9263 8905 5971 13365 3050 3254 2166 1805 9839 11591 10544 3392 15364 10326 9868 9779 12743 18232 10770 6737 13810 8389 13924 11481 3782 5662 6119 7265 5139 12125 14919 13630 14038 9819 1105 12625 4815 11523 3090 15645 12965 7576 9214 8070 16764 12508 18508 14528 20126 7803 17114 7739 6313 12769 1874 12902 9344 10057 9209 5319 10598 4433 15593 8642 10320 9510 14812 13250 11663 11006 11145 13174 2628 16336 6816 3359 6025 4866 13208 15385 9669 1100 7213 10610 1676 14627 10199 11951 3566 14591 12798 5048 3293 7801 10200 12246 8437 8215 3270 4684 12314 14731 10242 14547 15685 5285 5181 1585 6997 9121 18768 14311 5935 14585 6363 15744 5314 8498 10397 6134 15027 16690 10484 15267 1900 10587 14288 7945 11809 13051 13270 18190 17843 3964 2984 13645 3896 18125 4466 13185 3651 5486 3930 13912 15642 11432 11391 8618 12845 4764 2670 10351 3390 4012 9942 10249 15367 13709 16150 17117 2029 15791 12772 6525 2977 13953 13482 19885 4643 13488 10693 5153 8524 3894 4794 9927 8354 2196 9006 9601 12696 3850 10186 1197 3711 11403 7890 3695 12073 16457 3874 4949 7100 4833 7552 4100 13436 6477 2474 2484 6350 13124 3356 2477 4271 4014 9594 13370 8734 2616 8377 11869 7063 15143 3401 14427 13299 7822 15460 3994 18263 13531 11735 4521 14922 14155 6129 14635 19209 10370 5050 14689 6215 5255 15365 8195 4522 15662 14461 4284 15209 10888 14466 10750 15154 5419 10755 12893 10599 11275 15126 5907 10052 6416 12886 12979 12331 17595 10261 7026 7721 7753 15179 12137 15847 1838 3927 3866 11394 6301 15564 9297 7472 14767 19680 10318 7002 10544 14448
10896 21563 11108 15545 7567 20559 13842 9429 19685 8359 3077 22945 18819 20125 13244 1746 11709 16125 19850 17493 6008 24098 9484 9989 16457 17368 19494 17425 12876 9091 16666 18588 8111 23882 13621 12904 13904 19984 17716 14986 13313 19092 11578 18170 9560 13914 10219 20678 3153 13158 15932 19822 15166 1655 20381 16351 10163 13134 13754 7589 10740 0 9308 11253 13555 12069 19619 17803 9765 3331 16787 2899 8890 14361 15824 18067 11003 5032 5150 8496 9987 18859 17094 12757 4772 8991 6999 18652 16671 10720 11584 6266 2210 8263 5729 19904 6174 11359 11823 22540 15309 19866 19725 15711 13699 18332 19185 19097 7614 13064 9456 8396 15892 6517 17016 19847 5583 19037 10808 18784 15538 18541 9664 5383 16663 11675 8281 11109 8680 12233 12047 1091 10501 13448 17729 13820 18735 7683 12121 18518 11789 6389 12686 17594 22555 6414 9378 14075 5642 11483 7892 12491 22507 19715 20284 17735 11374 7413 15508 19960 13013 19323 2851 16897 12543 15297 17600 5369 18102 18597 19876 18029 15856 15996 16954 3043 9128 13670 15543 726 6740 15806 17155 14841 19912 8065 16546 4365 23794 12632 21376 10906 2883 21227 10236 18553 12516 11807 16760 5960 20199 19249 1914 11665 17400 12965 11975 20584 20214 16475 10322 23370 14177 7287 7487 8613 20086 3500 18204 2746 10747 15424 6787 14646 2309 12105 23760 15814 11253 11116 7301 17927 18246 23139 8615 19567 4394 15922 6998 17367 3931 16755 22060 18995 14703 19716 8843 13280 17694 4291 11273 15913 8742 18844 18429 9097 9693 22435 12070 17160 14009 15648 13807 5301 14631 22662 18295 20212 10047 18574 21819 14064 13155 19029 14103 13332 10819 16200 14349 21448 18135 15990 9097 15743 20339 15872 11916 14191 19839 19930 15364 7455 7264 7803 2456 6910 11774 15661 10859 12921 12030 7874 14053 14574 18223 11692 11905 18984 8464 9185 13248 15568 7379 12519 17099 6044 3589 10716 17975 15396 10842 8278 17040 18895 8536 8286 14758 13346 13602 4642 2047 12066 2416 16680 8518 14423 11572 9681 2773 7590 19803 14728 18978 18484 8089 15072 17919 10689 16539 18371 20066 5590 11924 12637 15123 9800 14512 11460 15117 20336 23648 6549 23975 13351 15308 7650 14690 13541 19365 3762 2773 11909 14098 4979 2310 13754 5205 7696 18287 17719 8431 15751 11474 5281 21424 20279 13466 10576 8165 11465 16757 11392 15751 2092 10756 11307 19877 15906 17354 17371 23484
8956 13399 8042 9029 4016 14181 5171 8176 18904 3792 6396 14538 16172 16378 7746 10429 13585 16295 13697 12618 5228 16110 11774 1120 7163 8357 12895 12443 10127 3381 8840 10999 2505 15696 8090 10494 5136 16128 10337 11484 7018 16349 5173 8926 11186 4623 4099 13419 7174 3880 7234 11092 6138 7678 13193 16870 11255 5139 4899 11710 1475 9308 0 6889 13354 12489 14934 9043 11711 6978 13885 6430 8788 6555 7190 9242 4185 12455 4454 8974 11990 12876 7792 11243 5073 9779 8859 10680 10833 3719 5161 5730 11091 3259 4043 12485 10770 5762 3274 14932 7532 14160 12224 8272 12925 10644 15188 15992 2719 12265 9580 8254 11915 3760 7741 18220 10871 12838 2617 17251 6801 9545 8275 7509 7444 12345 1715 3813 699 2980 9161 10139 9586 4407 14943 9898 10639 8547 11821 17581 9967 5389 12869 9228 14696 10114 3607 6137 4676 6744 3951 11302 15461 13827 14278 10332 2122 11284 6203 12210 4022 15444 11495 8432 8687 8334 16155 11073 17773 14366 19439 8980 16247 8273 7669 11295 1225 12166 9419 8635 7907 6779 10807 5652 15502 7481 10444 8068 15682 12349 12703 10067 9672 13795 2893 15917 6595 3607 7482 3399 13587 15209 8198 2530 8369 10003 2754 14821 11322 11789 3774 15408 12145 3738 1975 6733 11280 10774 9457 6750 3683 6137 10945 13945 8767 13487 16347 6751 4857 2105 5761 9858 18023 15137 4906 14590 4918 15021 4436 9237 8942 7608 15451 16293 10200 15191 614 10034 14005 6486 10857 12637 11991 17587 17224 3681 2956 14454 4109 17313 5294 12711 4727 4109 5403 14714 15273 12207 10325 9705 13692 5509 4110 11079 4795 4718 9068 10309 14486 14266 15691 16266 1445 15040 13272 7778 3399 13185 13732 19233 6110 12120 9401 3949 7060 2573 4698 9925 7610 3615 8408 8393 12035 5318 10741 2602 3904 11876 6798 3441 11359 15618 2446 5667 8182 3523 6225 3747 13328 7165 3062 1199 7738 13244 2186 1022 5727 4726 9219 11903 7288 3255 6928 11759 6000 14291 3531 13162 11840 6620 15370 5424 17670 13502 10472 5818 14589 12986 7368 14418 18653 8978 5581 13673 6888 4516 14503 7573 5845 15635 15380 2970 16029 10314 13796 9486 14333 5777 11473 11420 9126 10446 14236 4566 8578 6606 11439 11642 12467 16910 9084 8156 7150 6339 15441 12762 14827 2411 3268 4449 11376 5869 14838 7827 6782 13615 19043 10303 8222 10814 15328
2765 11146 1501 4523 4220 9312 10911 3112 12072 10360 9725 12707 9319 9780 2073 11337 8234 9771 8597 6442 5320 13378 7270 7866 9819 9068 8291 6332 3284 10164 6485 7908 8978 13347 2419 3699 6242 9562 6968 4659 2631 9511 2368 10665 6468 8122 2816 9656 8103 8569 12517 10394 7589 9835 9339 10421 6136 4588 6371 8554 7481 11253 6889 0 6977 6566 8716 8780 6993 7922 7026 8926 4205 12802 12572 9133 3085 11481 8950 4729 7202 7606 10943 4645 6877 5199 5867 8313 5419 10580 12012 4989 11920 4178 8995 9006 8467 1446 5260 11625 13672 8647 8890 14533 6380 7761 8649 9209 8919 5798 4606 4126 5247 9365 10008 11332 9021 7787 9323 10370 7088 9950 2998 6261 11393 6598 5633 10620 6585 7049 2384 11490 3818 6722 8088 3105 8522 5013 5669 10752 3486 4892 6744 7919 11805 7563 10433 4886 5964 410 3966 4829 11352 8472 9036 7004 6803 8155 9340 9288 6412 8867 11944 7529 1811 4597 9294 9415 11044 7899 12646 9697 9800 5849 10064 11467 8076 5462 4367 10894 5325 11534 5962 7983 9155 3823 5322 7404 13194 6096 11661 4134 9693 10269 9767 9060 1877 4711 11040 7060 8985 8688 9389 8358 9153 3132 6817 9364 11080 5461 10663 12662 5318 4671 7701 2850 10775 10435 9073 8716 10539 9952 8215 7325 9369 7871 12708 11417 2462 6093 3953 7798 11309 12476 2846 8539 8114 8280 10421 7411 8329 11830 10825 9448 3683 8894 7268 3145 7319 6963 4905 5805 8076 10723 10370 10452 9838 11790 4359 10723 6176 5836 7008 8399 9840 11976 8460 9743 5052 9643 11347 5887 9538 8623 8623 5692 2958 4956 8107 10366 8814 9778 8287 8345 9249 13649 5212 6537 8586 12406 10197 9176 6168 4045 8936 7948 3179 4412 1190 8106 1528 4711 5216 9625 7498 8493 4417 7973 3033 10241 4622 9104 5785 12408 8602 8476 10093 3412 7037 6088 9837 7485 10389 7671 4968 6898 10719 5709 2570 11018 9523 5757 9217 5581 2745 7831 4497 8971 12676 3835 9031 9208 10800 7424 6687 8490 7823 8058 9031 7837 11770 7100 12421 7830 5918 2408 8067 721 8659 9445 13208 8166 13228 3428 6987 5946 7790 4398 8867 11057 9300 4026 7886 8903 9255 3723 9982 8391 7038 10116 4895 14341 275 5988 10185 9418 8951 9166 9780 11255 5539 1345 8103 9163 533 8520 12202 4653 9467 6227 12940
4420 15707 5520 9452 9628 11618 17828 5294 6182 16249 13587 17322 5875 7891 7759 12700 3047 2963 10810 7606 9487 17155 4442 14435 16646 15503 11316 7729 4033 16287 12131 12597 14944 17461 7768 3545 13114 7892 11746 4825 8883 6175 9338 17241 4077 15092 9598 13215 10900 15532 19489 16066 14374 12801 12892 3517 3414 11443 13276 6801 14228 13555 13354 6977 0 1526 8585 14909 4050 10832 4663 12503 5111 19646 19539 15268 10033 10921 13802 5291 3932 9958 17796 2382 11028 4630 6603 13421 8712 17051 18490 8844 13017 10153 14096 13029 7863 8421 12230 15177 20550 10143 13079 21388 837 12656 7458 6479 14731 1191 4339 5722 5702 14752 16753 6326 8614 10397 15940 5276 13678 16171 5147 8465 18330 1956 11782 17167 12876 14003 4656 13202 3828 13677 5150 5439 13743 6093 1601 4969 3500 9040 904 13743 15713 7292 16599 11504 10410 7311 9564 2148 14090 10318 10860 11802 13685 6708 16252 13726 13382 7425 12674 13626 5689 10117 4126 9011 4703 7346 6487 16059 2894 11667 16832 12089 14415 1938 8828 13570 7115 18510 9712 14869 8453 6411 9084 9262 17214 1039 16952 3327 10888 13909 16220 5650 8467 11687 17945 12191 11769 7553 11762 15194 15601 4293 13760 10698 16881 6909 17034 16544 2652 10054 13541 6765 16489 10950 15103 12000 17020 16905 7249 1162 11247 2344 15699 18392 9436 12973 8140 13239 4903 16465 8471 8931 12497 2391 15865 13087 9636 18781 13028 6064 6259 8454 13580 4584 6126 10104 2600 4732 5551 5293 4879 16540 16155 15899 11332 4015 13023 4183 13946 13311 16817 15987 5789 14433 3614 15722 15799 12687 16467 13588 15596 12606 4292 8638 1140 13587 5160 2917 14601 2189 12646 20577 12186 1202 10732 6454 17162 7330 6293 9598 12055 13560 10148 8252 5923 15069 5617 6008 2638 16601 12195 15323 11394 11909 6757 16379 2649 2292 11522 19019 15006 13724 14212 10314 7529 12448 16412 13610 17185 9473 11193 13048 17691 12623 6131 10728 12667 12729 12524 7326 7448 963 11467 5433 13551 7296 8402 16172 5430 8274 5544 15388 5848 3824 15724 6862 6515 7965 18916 1799 12359 8975 1154 6273 15564 9106 17486 13628 16966 4266 2293 5911 1144 11114 13662 11296 10826 2971 909 13676 11252 10157 9520 6613 9399 4173 5299 21214 6804 9216 11603 13454 2434 15751 15681 17801 8042 8316 2233 11757 6836 3669 6366 8110 16014 10148 17084
3820 16217 5065 9710 8620 12484 17173 4314 7624 15172 12225 17840 7333 9247 7730 11182 2001 4182 11666 8483 8278 17854 2934 13592 16380 15454 12043 8572 4161 15270 12304 13020 13904 18093 7815 3715 12807 9222 12126 5535 8788 7631 8920 17134 2554 14643 8959 13892 9483 14964 18929 16292 14135 11365 13562 4585 1907 11146 12937 5296 13474 12069 12489 6566 1526 0 9732 14974 2534 9427 5906 11128 3892 18911 18963 15335 9498 9412 12565 3970 2436 10757 17508 2544 9757 3240 5165 13762 9267 16138 17568 7627 11494 9240 12894 13607 6337 7999 11706 15893 19841 11097 13624 20653 1980 13032 8708 7884 13657 1686 3079 4501 6513 13590 16546 7847 7089 11168 15100 6800 13546 16213 4218 7069 17946 437 10855 16284 11963 13428 4475 11692 2932 13270 6521 5740 14061 4736 995 6451 3181 7853 625 13894 16366 5772 15591 11340 9202 6943 8597 2131 14939 11220 11785 12179 13029 5189 15904 14230 12940 8709 11148 13688 5625 10266 5652 7487 6078 8496 7866 16044 3999 11782 16610 10563 13489 2696 9152 12105 5753 18015 10233 14549 9677 5242 9569 7809 17863 964 17296 2494 9376 14584 15310 7098 8253 11190 17604 11035 12554 8800 10298 14484 15547 4435 13169 11697 17074 7670 16087 17214 3491 9020 12495 5774 16706 9425 15205 10606 16112 16495 5724 2681 9760 1414 16530 17907 8962 12325 7025 13490 6250 17111 7584 10013 11219 3916 14698 13270 8142 18370 13947 7523 6695 9640 12660 4807 7299 8742 1688 5723 4065 6803 6389 15511 15198 16512 10891 5250 12736 5209 13566 12093 16323 16622 7159 14893 2308 15813 16335 12432 15835 13967 15132 12258 3644 9110 2319 14337 6615 4085 13664 3701 13341 19924 11677 2496 11597 7880 16725 5843 4820 8620 10644 12464 9725 8663 5413 14506 5417 4692 3426 16117 12606 14609 10926 12476 5732 15366 3057 3562 10503 18149 14967 12554 12869 9728 8519 12401 15549 12634 16944 10347 10305 12091 17145 12275 6308 9210 11249 12209 11122 8071 6496 2355 10950 4079 12025 6149 9614 15739 6942 9249 4025 15056 7124 2500 15547 8050 8023 6480 17998 1264 12280 8281 2456 5916 15224 10303 18083 12501 17670 4542 3686 4446 2629 10899 14084 9771 9326 2658 2057 12430 9772 10044 7999 5106 10170 5651 3951 20497 6444 7897 12616 14039 2402 14899 14615 16913 8702 7903 3759 10309 6318 2541 7814 8587 15916 10655 17705
8807 9139 8523 6258 12934 3881 17393 10248 8271 18676 18406 10542 4131 2232 7231 19357 11601 9065 3310 2325 13928 9592 12413 15670 14133 11977 4426 2491 6841 18314 8203 7096 17311 10156 6866 6942 11593 1932 6760 4711 7931 3990 9774 13741 11744 13912 11024 6169 16496 14948 18278 10929 12153 18347 5938 9744 11048 10385 11888 14641 14983 19619 14934 8716 8585 9732 0 10860 11992 16341 3945 17549 11002 19478 18414 11141 10758 18539 17650 11513 11999 3139 15231 7580 15543 11367 13079 8169 4298 18307 19632 13494 19850 12802 17660 6545 15278 9336 12154 7692 20124 2260 6772 21038 7835 7404 1432 3248 17348 8053 10711 11371 3741 17952 13888 6574 16002 3566 16905 6371 11022 12015 10014 14285 16237 10124 14069 18222 14835 13770 7584 19656 9480 12565 3847 5813 8541 12225 8961 7494 8095 13468 9283 9479 8462 14467 18527 9693 14646 8643 12673 7992 6142 2695 2966 6814 13985 14400 14273 7502 12540 1679 19707 9890 7134 7171 6295 16431 8579 1240 9084 12237 9420 8237 14035 19157 16157 7060 5676 19360 13011 17038 4809 12996 735 11576 4814 15394 9853 8771 11071 9232 17558 6760 17577 4112 8358 11627 15655 15756 4428 1342 17706 15502 12082 6707 13671 2462 11793 3257 18519 9146 6283 13382 16174 11030 11332 18020 10815 17271 18253 15174 14776 7671 17504 10906 7718 16875 10107 13399 12456 8536 8840 9175 11559 658 16824 7204 18958 8809 16151 16787 4887 4050 5036 384 15442 6360 2459 15398 9282 4065 13567 6951 6929 18615 17814 8812 11092 9248 11412 4538 12621 17099 15585 8790 3363 8315 10454 11377 9091 10990 16097 8083 14400 11453 8922 4777 8937 6121 4453 9234 16378 7537 5611 19808 12043 7386 3201 8561 15547 15262 13079 12754 17458 16507 10256 5057 8808 14548 7630 11968 6370 15347 6882 15637 11273 5775 11168 18371 6987 8794 14396 19766 11521 17124 18801 11199 1679 9663 17452 15799 14448 2402 13413 15235 16633 11461 6158 18206 18070 12498 17792 3196 11250 8528 11586 13793 20535 12040 624 14700 6892 1458 12897 13477 2885 12232 12868 1739 7125 14581 19989 10384 9783 10930 8705 8306 13668 730 10334 16767 9393 6335 6379 12708 8164 9729 7906 18534 17287 8185 8961 17610 17430 8622 17007 14443 3081 7530 11633 20770 8451 14381 3232 6846 10826 16820 18116 18812 3590 9245 7195 17543 9117 12207 8250 4665 12665 5088 9855
11412 4692 10155 5583 10478 7967 8194 11872 18132 12322 15195 5563 14163 13020 7246 18531 16829 17151 7986 9251 12213 7403 16049 8981 3764 1265 6781 9015 10902 11590 2892 3916 11342 6837 7170 11384 3948 12714 4100 10524 6238 14175 6916 2889 15243 5071 7927 6047 15031 6359 8234 2052 2998 16155 6001 17886 14874 4791 4154 17229 8025 17803 9043 8780 14909 14974 10860 0 15762 14819 12424 14938 12953 10122 8418 360 7072 19606 13424 13450 15962 7757 4648 12585 13064 13973 14362 2925 7069 10685 11548 12297 19188 9637 13066 5119 16923 7631 6010 6755 10452 8948 4798 11318 14130 3542 11907 13515 11675 13756 13386 12783 10119 12790 3295 16740 17358 7396 9390 16128 2277 1274 11773 14105 5831 15107 9577 10397 9478 6220 10506 18430 12521 4655 13196 9491 2621 13593 13993 16984 11804 12018 14979 1384 6231 16044 11621 4036 12268 8371 10169 12927 7963 8468 8586 4045 6998 16811 4369 4339 5022 12220 19422 1287 9350 4807 15453 17705 17732 11091 18889 1377 17325 3251 3467 19067 9879 13020 6284 17213 13619 6973 6213 3764 11593 12302 6521 15113 6884 14277 3660 12753 17266 6060 10295 14001 6909 5997 5193 11960 7202 11866 16288 7749 1353 10633 6371 9308 2439 9131 11099 6768 12467 10641 11003 11215 2283 18231 414 15066 10620 5259 16781 14785 16608 16367 8247 6801 7116 6952 11555 2344 18022 6473 9942 10246 13537 15257 13333 2076 16106 6379 8564 14181 8827 11236 9645 10325 11556 13997 13441 11316 16843 16660 16451 11856 10811 5867 5774 17862 3819 11749 4374 13006 6052 6143 13136 3894 13799 865 5002 3739 7328 3199 5318 4481 11618 6832 15910 6808 14066 17229 10049 15465 6254 9906 5908 14047 8078 18468 5650 17826 14755 10247 15366 11586 6373 6991 9944 6214 9589 13305 12430 5860 4025 7832 5922 5310 11394 11589 12260 16572 10447 11241 1027 12524 15155 7242 9938 2713 9840 10242 3857 8470 9268 9953 7005 4468 8778 19086 15766 5850 15398 8792 10726 15537 6238 17751 19973 11942 11475 5190 16667 9578 15412 3952 12341 16778 2522 11475 17291 15314 11755 16195 2923 8572 15786 9262 4075 11310 6473 11979 7366 10644 13887 14593 15352 4595 3565 18897 16765 12317 15754 13509 16442 5057 18227 17078 7789 16629 13615 11006 8794 13317 9440 5142 17216 9459 11948 10781 7968 7679 15127 15955 9224 17187 18184 7283 1947 5847 6509
4404 17630 5620 10930 7696 14406 16700 4001 9974 13887 10299 19244 9853 11695 8649 8752 2078 6367 13590 10493 6885 19505 421 12830 16608 16053 13805 10545 5672 14113 13317 14368 12723 19652 8837 5350 13049 11650 13436 7500 9541 10150 9141 17609 548 14592 8780 15560 7446 14694 18603 17297 14456 9239 15228 6591 995 11463 13122 2768 12888 9765 11711 6993 4050 2534 11992 15762 0 7428 8301 9186 3046 18260 18609 16117 9480 6879 10957 2748 285 12629 17679 4440 8132 1975 3241 14980 10887 15183 16571 6248 9026 8491 11365 15152 3833 8276 11610 17586 19229 13140 15124 19982 4475 14316 11074 10373 12407 4033 2415 3490 8525 12142 16870 10338 4578 12999 14309 9303 14056 16941 4047 5179 17946 2098 10003 15385 11102 13182 5548 9299 3289 13330 8994 7254 15241 3211 3058 8872 4377 6542 3147 14834 17970 3362 14447 11868 7764 7402 7768 4014 16811 13202 13785 13483 12644 2658 16002 15665 12949 11102 8651 14499 6687 11310 8170 4967 8360 10776 10123 16687 6091 12724 16908 8065 12559 4966 10482 9877 4075 17819 11781 14725 12010 4246 11091 5686 19447 3376 18458 3192 6982 16241 14374 9613 8855 11162 17685 9661 14380 11162 8090 13960 16136 5919 12902 13783 18019 9584 15059 18831 5718 8013 11334 5155 17692 6939 16043 8615 15165 16474 3210 5211 7474 2350 18363 17731 9083 11975 5958 14587 8492 18698 7003 12206 9535 6425 13219 14273 5845 18316 15915 10042 8293 11940 11763 6333 9616 6893 2797 7929 1581 9270 8860 14323 14168 18062 10972 7396 13016 7462 13663 10541 16158 18200 9628 16257 1982 16623 17782 12775 15429 15235 15045 12449 4198 10633 4649 16093 9135 6228 12707 6189 15041 19413 11607 4999 13532 10203 16652 3336 2756 7765 8603 11191 9891 10128 5818 14254 6314 3327 5625 15973 13947 14073 10960 14028 5037 14214 5033 5834 9465 17247 15592 11108 10987 9604 10645 13079 14701 11621 17202 12313 9557 11133 16871 12468 7622 6678 9176 12100 9102 9952 5875 4791 10895 2038 9529 5091 11937 15691 9412 11346 1707 15199 9526 1278 15940 10369 10482 4263 17001 2873 12911 8041 4837 6508 15349 12606 19593 11154 19330 6159 6195 2474 5108 11361 15408 7257 6994 4041 4413 10801 7511 10708 5470 2576 12023 8074 2629 19862 6968 6213 14705 15586 3756 14088 13362 15992 10466 8203 6276 8153 6586 1930 10171 10138 16428 12173 19253
7710 18378 7819 12239 4382 17229 11991 6249 17014 7391 2878 19801 15767 16942 9918 3713 9495 13596 16519 14189 2721 20867 7249 7888 13888 14504 16171 14115 9670 7901 13476 15342 6620 20686 10294 9739 11013 16786 14455 11753 10022 16029 8346 15484 7093 11379 7035 17385 212 10830 14098 16800 12354 2044 17084 13925 7579 10065 10901 5981 8451 3331 6978 7922 10832 9427 16341 14819 7428 0 13659 1767 5870 12938 14027 15105 7853 5516 4002 5570 7691 15528 14657 9723 1910 6204 4274 15460 13340 9365 10528 2935 4369 5183 4549 16629 4652 8067 8957 19269 13929 16540 16460 14491 10850 15101 15964 15981 6166 10182 6544 5316 12631 5431 14393 16996 4428 15706 9035 15930 12589 15652 6481 2368 14407 9078 5595 9692 6286 9681 8801 3677 7452 10693 14636 10531 15564 4752 9301 15785 8662 3072 10017 14496 19314 4413 8234 10963 2561 8154 4704 9503 19193 16385 16954 14477 8856 5653 12992 16723 10248 16116 4642 13836 9237 12026 14738 4485 15502 15347 17291 15176 13378 12803 14353 4363 7184 10675 12220 3019 3737 13745 13832 12148 16659 4870 13218 1801 20585 9844 18319 7898 2694 17946 8699 15498 9216 8851 14405 3660 16874 16024 1510 9494 14547 9738 9400 17258 17253 13172 9074 20139 11110 4179 5537 5313 17089 3801 15209 1189 9373 13056 5097 11852 1827 9750 20466 13723 8036 8463 3971 14761 15677 19916 5316 16270 2590 13127 6346 14221 2238 14585 18733 15938 11393 16452 6658 10033 14486 960 8376 12721 6832 16049 15636 8016 8274 19213 9045 14659 11095 12492 11063 3782 12371 19433 15179 17010 7225 15622 18626 11098 11065 15829 11649 10410 7654 12870 11746 18146 15102 13485 7228 12987 17035 14359 9036 11314 16508 17284 13063 6134 4690 4619 1225 5095 8615 12330 7552 10519 8727 4880 10984 12273 14968 9553 8899 15689 5173 8005 10172 12989 4676 11384 14191 4542 3585 7611 14687 12307 9223 6203 14493 15568 5677 6006 12689 10426 10286 4968 1847 9271 1695 13367 5188 11754 8596 7960 5154 4303 16547 12308 16175 15180 5734 12447 14756 8557 13798 15145 17263 3243 10929 10205 12042 6554 11878 8137 12520 17062 20469 4855 20738 10127 12369 5025 11976 10413 16153 4443 2149 8844 11484 3814 1647 10531 4706 6009 14957 14996 5543 14464 8143 1963 18095 17012 11177 8790 6993 10183 13430 8094 12948 1244 7426 9222 17198 12575 14567 14055 20285
5962 12036 6200 6917 11003 7319 17384 7412 5727 17381 16066 13589 2293 3427 6452 16277 7702 5336 6558 3534 11580 13049 8721 14813 15033 13312 7320 3732 4077 17189 9534 9280 16001 13481 6225 3929 11861 3356 8604 2413 7525 2494 8886 15131 8129 14134 9786 9251 13784 14923 18666 13088 12815 15703 8954 6059 7416 10323 12106 11032 14320 16787 13885 7026 4663 5906 3945 12424 8301 13659 0 15091 7907 19400 18765 12760 9831 15061 15700 8345 8269 5872 16196 4102 13238 8020 9909 10270 5409 17533 18948 11038 16706 11149 15834 9298 11836 8151 11732 11076 20183 5730 9428 21081 3952 9458 2806 2324 15927 4273 7433 8391 2345 16293 14957 4527 12582 6351 16220 3751 11847 13686 7181 11408 16998 6320 12655 17539 13608 13520 5052 16664 6298 12684 1062 3998 10633 9133 5245 4561 5003 11101 5409 11089 11728 11095 17453 9969 12418 7142 10809 4449 9767 5995 6477 8664 13489 10841 14909 10142 12522 2806 16479 11231 5216 7813 3043 13006 5380 2717 6470 13740 5649 9282 15075 15908 15087 3351 6199 16637 10047 17519 6372 13522 3791 8791 5931 12437 13204 4965 13640 5932 14444 9925 16734 2034 7557 11159 16495 13861 7625 2899 14885 15072 13418 4090 13346 6197 13954 3315 17647 12507 2672 11470 14703 8544 13516 14755 12507 14712 17488 15720 11283 3727 14553 7001 11381 17372 9139 12811 10070 10339 5668 12476 9616 4352 14644 3380 17375 10386 13067 17516 8607 2426 3976 3794 14287 3933 1500 12770 5766 1276 9881 4254 4028 17477 16840 11994 10672 5744 11714 1214 12850 15158 15901 12033 1523 10927 7012 13124 12065 11308 16013 10327 14651 11523 6007 5594 4998 9458 1837 5482 15300 3694 8664 20023 11646 3475 6464 6067 16050 11628 9800 10876 14850 14911 9585 5465 6596 14475 5562 8921 2787 15665 8936 15210 10808 8263 8638 17264 3561 4967 12738 19267 12814 15351 16567 10235 3175 10465 16751 14511 15473 5245 11991 13924 16900 11536 4730 14781 15478 12175 15248 3692 8975 4586 11027 9984 17337 9452 3739 15101 4275 3899 9418 14045 1226 8394 13892 2209 5039 11416 19345 6461 10480 9435 4770 6393 14237 4443 13580 15096 12853 3717 2434 9410 4228 9780 10288 15209 14250 4895 5017 15623 14509 8636 13564 10835 5419 4264 8435 20852 6757 11764 7070 9688 6882 16084 16801 18166 4533 8041 3337 14782 7238 8317 5795 5146 13937 6800 13135
9131 18798 9065 12996 4922 18124 11127 7703 18679 6017 1113 20146 17252 18298 10807 4068 11256 15306 17453 15330 3622 21375 9013 7165 13565 14478 17000 15236 11043 6635 13918 15899 5484 21124 11194 11162 11024 18126 15053 13068 10736 17506 8912 15272 8838 11023 7514 18069 1788 10297 13233 16967 12272 1250 17783 15654 9303 10317 10867 7708 7877 2899 6430 8926 12503 11128 17549 14938 9186 1767 15091 0 7461 11839 13140 15196 8256 6672 2587 7214 9450 16482 14222 11257 2078 7891 6003 15900 14279 8201 9237 4079 4714 5505 3181 17258 6344 8807 8943 19880 12814 17566 17063 13302 12475 15624 17274 17414 4996 11797 8179 6879 13892 4056 14120 18594 6038 16617 8101 17531 12668 15655 7927 4064 13828 10791 5389 8563 5790 9338 10123 3716 9000 10551 16094 11747 15965 6410 10948 17434 10133 4080 11707 14777 19848 6166 6953 11280 3003 9096 5240 11069 19956 17372 17925 15069 8481 7394 12621 17256 10117 17445 5190 14064 10415 12664 16338 6029 17191 16614 18980 15137 15099 13256 14059 5101 6341 12226 13066 2275 5388 13025 14672 11942 17914 6339 14098 3562 21048 11499 18532 9467 3822 18590 7623 16983 9970 8950 13902 3063 17712 17329 2017 8834 14509 11081 9078 18282 17340 14327 7853 20649 12610 4577 4674 6583 17222 4902 15342 624 8218 12561 6823 13493 2794 11499 21145 13024 8573 8217 5100 15155 17373 20410 6134 17427 1515 14762 4827 14582 3851 13944 19595 17418 12535 17687 5988 11343 15822 2402 9999 14088 8593 17674 17262 6703 7128 19706 9238 16372 11133 13902 10910 2565 11790 19940 16613 17466 8889 15700 19062 11203 10354 16284 11222 10460 9100 13785 13445 18861 16605 15200 6335 14636 17763 13314 9039 12923 17452 18956 12515 7818 6439 5150 817 4126 9028 13263 8749 10046 9924 6505 12483 11723 15548 8870 9066 16385 6471 6737 11671 14689 4496 10136 14217 3351 1821 7939 15877 12580 8199 5443 14151 16590 5674 5409 11971 10474 11413 6152 859 9174 500 14484 6299 13437 8723 9711 5437 5639 17798 11854 17796 16320 7496 12175 16145 10322 13640 16451 18881 5008 9616 11942 12304 7181 13569 9252 12222 18276 20875 3797 21259 11470 13941 6763 13645 10757 16632 5456 3332 10365 13182 2394 2614 11057 6151 7745 15934 16649 7204 13306 9172 3354 19086 17618 12929 7861 5702 8992 14463 8854 14581 1667 8471 10988 18860 13542 14457 14852 20729
2240 15247 3082 8528 4816 12697 13696 1095 11248 11292 8524 16833 9935 11280 6103 8401 4799 8020 11907 9089 4394 17340 3226 9906 13594 13153 11889 9076 4162 11418 10681 11981 10042 17386 6366 4091 10052 11157 11036 6291 6833 10205 6178 14655 2499 11548 5738 13483 5969 11655 15574 14599 11471 7898 13154 8469 2468 8499 10112 4369 9903 8890 8788 4205 5111 3892 11002 12953 3046 5870 7907 7461 0 15309 15584 13302 6453 7698 8698 561 3305 10906 14653 3873 5917 1078 2079 12469 8906 12361 13777 3745 8866 5535 9011 12945 4490 5353 8566 15499 16267 11666 12869 17041 5017 11872 10403 10210 9780 4336 819 613 7274 9699 13875 11136 5147 11202 11403 10072 11137 14092 1245 3538 14902 3657 7105 12533 8215 10139 3546 8762 1612 10298 8839 5447 12695 1234 3521 9986 2943 3963 4397 12124 15776 3604 11743 8980 5318 4609 4840 3635 14970 11626 12217 11078 9614 3986 12969 13335 9911 10515 8706 11717 4457 8748 8879 5569 9813 9891 11593 13801 7872 10051 13908 8156 9714 4809 8205 8777 2158 14776 9676 11706 11202 1359 8987 4531 17210 4082 15858 2031 6580 14136 11539 9669 6078 8125 14648 7143 12531 10474 7000 10962 13232 4314 9860 12362 15278 8085 12279 16639 5287 5186 8634 2118 14978 7022 13258 6999 12338 13430 4129 6045 6645 4716 16441 14687 6089 8939 3152 11988 10014 16476 3980 11057 7387 7308 10808 11613 5184 15270 14237 10110 6470 11046 8897 4691 8897 5063 2546 7104 3894 10213 9802 11651 11388 15807 7952 9088 10028 6795 10635 8216 13113 15974 9409 13849 1594 13817 15430 9808 12409 12761 11999 9444 2096 8552 6138 14111 9258 7942 9878 7195 13013 16423 8566 5461 11869 11535 13606 5002 2158 4849 7090 8581 6900 8008 3127 11212 3975 1016 5163 12928 11562 11078 7932 11854 2014 11515 4359 7370 6669 14402 12706 8663 9127 6563 9439 10245 11822 8821 14192 10746 6609 8297 13835 9462 5537 7305 7716 9056 7532 8379 2849 6068 7856 4872 9537 2268 11103 12646 10335 10046 2484 12174 9061 4279 12968 9606 11420 3580 14207 4965 10056 4997 6227 3877 12321 11693 17279 8610 17178 4673 6499 1845 6238 8453 12980 7554 6354 3019 5873 8570 6603 7909 6153 4199 10296 9208 719 16909 4246 4129 13263 13372 6098 11190 10739 13153 8694 5292 7125 6923 3733 4871 11425 8115 13492 10019 16981
15229 14736 14163 13221 10570 17571 2087 14625 24813 6033 11301 15256 21606 21304 12949 15850 20108 22531 17348 17320 11693 17356 18329 5439 6441 8902 16267 17104 16074 5271 11692 13634 6360 16664 13194 16500 7890 21019 13374 17008 11910 21732 10590 8083 17732 5598 10057 16019 13103 4539 2443 11711 7597 12950 15911 23150 17777 9174 7592 18191 5437 14361 6555 12802 19646 18911 19478 10122 18260 12938 19400 11839 15309 0 2234 10085 9729 18422 9280 15519 18538 16783 5970 17405 11166 16319 15394 12852 15181 3647 2994 12239 16463 9778 8684 15048 17162 11431 7676 16877 996 18105 14732 1743 19131 13227 20091 21249 6844 18506 16087 14791 17181 7853 7043 23900 17173 16574 4007 23012 8771 9761 14699 13931 4770 18800 8269 3276 7190 5880 15183 15380 15981 6913 20414 15461 12625 15101 18174 23504 16170 11904 19244 11110 16322 16569 4991 9786 11015 12544 10492 17529 18019 17675 17973 13341 6000 17771 5757 14391 6968 20383 16998 10369 14461 12308 22004 17321 23844 19227 25420 9173 22525 11430 6872 16939 5864 18260 13833 13636 14443 3385 14762 6696 20149 14022 14667 14329 16778 18677 13139 16441 15554 16130 4241 21373 11850 8249 5342 9329 16843 20087 13837 4455 8836 15899 6060 18642 11439 16713 4041 16781 18102 10286 7425 13221 11657 16665 10448 12343 3625 4868 17395 20110 14555 19976 18368 3537 10393 6709 12316 12077 24110 16482 11361 18990 10441 21081 7446 11526 15100 4394 18462 21695 15454 19802 6577 15833 19173 12678 17245 18124 18532 23417 23087 5283 4710 15928 8728 23509 8075 18322 6867 9284 4109 16203 20623 14013 16817 10289 15044 8494 3405 13197 5142 8041 15367 14715 20786 16830 21237 22522 5772 21146 16111 1536 7757 19326 17416 25151 4481 18563 15939 10495 12621 7844 9840 14513 13744 4961 14309 14946 18005 4325 13565 4323 8596 14906 13303 5178 17422 21857 8913 2085 9107 8495 10783 9390 18074 9972 3727 6866 6586 17351 8706 7246 3118 8032 14690 17882 12611 7225 12313 16554 12483 20552 8402 19707 17119 13171 20017 5014 23480 18027 17020 6316 19865 19534 7604 19417 24383 15393 2825 20125 9798 10672 20777 13523 6153 20098 16246 8102 17349 16149 19772 16035 20549 9796 13594 17260 15021 16683 20547 9467 14365 10942 17615 18135 16559 22898 15632 1602 13025 12734 19015 15155 21283 4245 6197 2903 15945 11544 20904 13471 12846 20158 24931 14909 8317 14587 16396
15180 12895 14019 12227 11059 16167 2036 14782 24337 7711 12748 13286 20893 20360 12359 17204 20335 22335 16027 16367 12412 15443 18726 6166 4654 7159 14891 16141 15760 6880 10359 12140 7713 14713 12550 16214 6931 20065 12005 16429 11249 20991 10239 6090 18067 4631 10004 14437 14210 4007 215 9820 6274 14319 14362 22992 18023 8445 6669 18865 5809 15824 7190 12572 19539 18963 18414 8418 18609 14027 18765 13140 15584 2234 0 8326 9506 19542 10675 15865 18878 15559 3957 17217 12165 16637 15961 11270 14159 5252 5020 12888 17841 10177 10095 13485 17958 11140 7312 15117 2125 16861 13164 2923 18952 11737 19158 20454 8210 18366 16319 15120 16471 9338 5178 23291 18058 15302 5039 22462 7434 7880 14821 14696 2710 18903 8853 4836 7883 5541 14942 16794 16042 6082 19739 14943 11006 15552 18152 23051 16039 12544 19232 9544 14504 17287 6659 8857 11855 12262 10919 17394 16380 16410 16651 11965 5972 18434 4202 12752 6274 19460 18330 8869 14089 11289 21521 18251 23496 18293 24989 7325 22372 10204 5003 18212 6848 18002 12889 15104 15014 1446 13620 5419 19113 14376 13620 15242 14848 18620 11168 16470 16705 14478 5602 20675 11343 7865 3335 10367 15418 19144 15083 4709 7080 15557 5795 17345 9462 15865 5718 14903 17750 10857 8515 13467 9721 17819 8701 13586 5210 3276 18119 19880 15744 20128 16597 1619 10110 6659 12784 10545 23772 14604 11607 17883 11668 20755 9130 10043 16089 2253 16931 20965 14788 18758 7396 15435 18374 13632 17277 17500 19061 22904 22600 6966 6174 14087 8262 23267 7093 17758 5921 10581 2869 14360 19883 12297 17006 8459 13199 7511 3182 11586 4114 7242 15339 13732 20673 15218 20587 22347 6824 20855 14589 1489 7362 19088 16105 24679 2887 19294 16493 10940 13881 9024 9440 13605 13623 4470 14016 15362 17665 3108 12127 4614 8175 13474 13575 6803 17158 21672 9636 4205 7443 9806 12308 9242 17119 8758 4985 7824 4662 16179 9153 8068 1872 7229 14152 18994 13957 6815 13632 15658 12737 20402 8075 20210 18537 13587 18983 3721 22954 16988 17522 4945 19102 19861 5918 18538 23797 16164 4941 20210 8631 10695 20638 13287 4757 18992 14283 9342 15451 15763 19405 16538 20358 8989 11968 18443 16162 16572 20448 10851 15552 10141 18600 18788 15404 22498 15994 2604 12764 13528 17633 13545 21362 5279 7746 4687 14980 11248 20586 14710 12707 20453 24440 13993 6516 13392 14467
11770 4670 10512 5933 10775 8177 8190 12222 18463 12462 15434 5443 14482 13311 7606 18816 17189 17504 8225 9566 12512 7354 16402 9141 3678 1183 7014 9330 11262 11718 3235 4147 11510 6754 7530 11744 4184 13004 4386 10874 6596 14491 7250 2642 15598 5161 8240 6197 15317 6439 8138 1864 3144 16417 6169 18239 15231 5100 4373 17571 8186 18067 9242 9133 15268 15335 11141 360 16117 15105 12760 15196 13302 10085 8326 0 7384 19923 13642 13797 16317 8027 4496 12945 13338 14324 14699 3125 7394 10772 11598 12605 19474 9924 13274 5289 17255 7974 6257 6803 10382 9200 4970 11237 14488 3784 12206 13827 11853 14116 13739 13127 10460 12979 3165 17063 17685 7656 9498 16459 2529 927 12124 14421 5703 15467 9825 10474 9694 6382 10866 18706 12878 4839 13524 9848 2799 13933 14353 17321 12164 12324 15339 1689 6239 16378 11740 4370 12550 8723 10467 13287 8074 8719 8819 4330 7176 17153 4350 4471 5221 12519 19715 1647 9710 5164 15792 18030 18075 11395 19223 1123 17679 3608 3339 19364 10049 13378 6631 17471 13950 6886 6525 3858 11875 12640 6849 15422 6817 14638 3477 13111 17566 6172 10406 14323 7263 6268 5061 12205 7411 12164 16569 7865 1251 10993 6545 9542 2149 9462 11193 6737 12823 10928 11208 11553 2042 18537 379 15333 10707 5218 17118 15141 16899 16727 8290 6714 7444 7162 11874 2607 18365 6440 10262 10522 13785 15607 13499 2391 16415 6244 8721 14498 9179 11519 9840 10684 11878 14290 13801 11659 17193 16992 16786 11980 10932 5856 6063 18212 4065 12094 4543 13232 6044 6132 13456 3971 14155 527 4980 4011 7374 3370 5376 4736 11975 7167 16268 6938 14393 17583 10213 15817 6432 9815 6159 14404 8319 18799 5605 18167 15094 10545 15635 11795 6694 7334 10299 6319 9949 13646 12786 5862 4282 7944 6206 5542 11731 11714 12619 16927 10702 11262 1096 12736 15381 7543 10247 3058 9937 10440 3715 8746 9531 10165 6972 4722 9137 19401 16028 6076 15659 9119 11058 15895 6514 18104 20259 12271 11758 5204 16998 9874 15759 4002 12663 17136 2488 11785 17615 15639 11793 16555 3261 8892 16144 9618 4111 11579 6375 12189 7327 11003 14238 14936 15708 4926 3717 19204 17062 12678 16112 13731 16732 5411 18550 17422 8077 16971 13962 10923 9149 13621 9647 5284 17576 9575 12100 10841 8293 8024 15478 16233 9574 17546 18514 7623 1813 6153 6439
5689 10560 4513 5052 3472 10289 7826 5493 15099 7921 8755 11954 12099 12202 3563 11555 11002 12853 9728 8439 5180 13119 9679 5011 7145 6973 9056 8267 6345 7564 5667 7655 6564 12881 3906 6775 3644 11949 6835 7418 2888 12259 989 8309 8934 5160 856 9900 8063 5499 9459 8993 5080 9397 9631 13498 8757 2285 3674 10437 4491 11003 4185 3085 10033 9498 10758 7072 9480 7853 9831 8256 6453 9729 9506 7384 0 12541 7403 6857 9727 8848 8200 7724 6237 7531 7480 7652 6732 7722 9124 5227 12202 2751 7256 9048 9964 1708 2209 11648 10590 10095 8837 11456 9459 7371 11008 11866 6634 8863 7082 6123 7770 7371 7451 14263 10346 8866 6391 13338 4956 8040 5483 7039 8497 9472 3457 7712 4089 3971 5469 11518 6611 3851 10877 5835 7732 6805 8657 13785 6533 4955 9738 6646 11594 9113 7790 3115 5364 2815 3150 7889 11859 9794 10281 6847 3731 10006 6522 9003 3480 11266 12396 6010 4744 4526 12299 10676 14116 10183 15694 7647 12876 5002 7475 12020 5409 8546 5340 10483 6658 8517 6831 5255 11319 5503 6389 8041 12798 9117 10482 7009 10212 10384 6941 11851 2410 1700 8210 5598 9767 11028 9353 5302 7037 6170 3734 10777 9508 7605 7869 12393 8372 3716 5511 4435 9306 11163 7443 8265 7675 7032 9890 10410 9600 10724 12954 8409 692 3027 4503 6925 14383 12155 2899 10431 7037 11354 8299 6373 9034 8897 11661 12209 6040 11010 4683 6119 9852 6984 7811 8564 10268 13720 13381 7864 7108 11451 1506 13808 3648 8694 4183 6882 6825 11684 11169 9215 7691 7910 10818 3502 6454 8032 5640 3020 5856 6205 11168 10717 11659 12858 5630 11426 9647 10565 2179 9622 9752 15435 7241 10996 7929 3235 8548 5927 772 5786 4119 5037 4580 6544 8276 6619 7316 5438 1479 8246 4593 7626 7705 12185 4041 9440 6585 6688 8912 441 9144 4469 6924 5058 7747 9154 2865 4511 7665 3038 5110 12018 9025 2712 8668 7577 3819 10903 1452 11311 12987 4983 11187 6261 13790 9335 8749 5721 10461 10665 6593 10244 14725 8292 9518 10756 4211 1549 11137 3806 5869 11464 12645 6243 13003 6428 10043 7836 10872 2561 8376 11827 9721 7065 10942 7420 9442 2833 11185 10308 8395 13170 7010 11259 3299 6255 11457 9393 11899 6260 7365 8337 7220 1821 11178 9042 3203 11202 15222 6154 7204 6910 12484
9931 22598 10693 15997 9270 20393 17506 8670 16590 12689 7474 24130 16723 18484 13537 3316 8325 12917 19605 16749 7561 24857 6480 13396 19162 19479 19556 16749 11777 13288 17803 19383 12071 24823 13853 11612 16028 18415 18446 13858 14019 17019 12748 20643 6955 16708 11685 21081 5337 16263 19612 21479 17434 5775 20757 12952 7669 14826 15967 4121 13921 5032 12455 11481 10921 9412 18539 19606 6879 5516 15061 6672 7698 18422 19542 19923 12541 0 9254 7145 6989 18602 20006 11010 7390 7177 5688 19720 16577 14815 15901 7350 3107 10196 9843 20475 3261 12187 14065 23077 19409 19351 20368 19937 11343 19219 17768 17212 11598 10853 7847 7505 14873 10724 19619 17144 2555 18893 14547 16129 17484 20574 8876 5502 19839 8976 10967 15158 11757 15026 11242 4025 9091 15867 15825 13142 19893 6581 9856 15597 10470 7656 10020 19055 23285 4103 13611 15593 7839 11834 9549 10629 22642 19321 19912 18480 14234 4240 18311 20766 15423 17830 2461 18495 12126 16047 15022 2129 14929 17369 16608 20156 12573 17135 19597 2038 12700 11714 15769 5596 6161 19234 17300 17350 18652 7662 16620 4551 24674 10235 22897 9307 2871 21715 14181 16480 13199 13849 19796 9176 20210 17850 4660 14982 19535 11960 14737 20040 22036 15758 14493 24142 12406 9239 11048 8655 21812 1770 19969 6114 14827 18453 3780 12083 3886 8908 24085 19205 12512 13771 8053 19127 15010 23957 9666 18657 7986 13273 11475 18660 3580 20044 21933 16912 14168 18538 12164 12354 16274 5987 9311 14511 5386 16048 15647 13368 13729 23271 13929 13850 16078 14106 16240 9161 17815 23458 16451 21196 8095 20449 22809 16004 16559 20052 17018 15402 9774 16198 11399 21745 16006 12747 12741 13018 20637 19861 14123 11868 19567 16778 18487 3631 5541 9482 5859 10586 13234 15648 10630 15926 11627 6878 12298 17703 18976 15046 13819 19419 8469 13390 11591 12487 10075 16790 19112 9948 8164 12412 17046 16950 14721 11718 19774 18439 10924 11504 18180 15419 13219 552 6023 14442 6246 16065 8981 11601 13576 5866 3195 7762 18566 17687 16195 17686 5656 17698 16280 7307 18927 17016 17241 4386 16284 9518 16709 11036 11611 11370 17790 19199 24673 10320 24705 12296 13064 5881 11941 15030 20320 1283 3401 10354 11188 9060 4073 14849 1545 4308 17993 14813 7003 19926 11611 6392 20947 20892 10030 14303 12359 15621 16391 12172 13132 5005 10951 7771 16793 15783 19636 17617 24416
9904 17613 9502 12427 4743 17663 8692 8623 19879 3438 2079 18841 17953 18691 10537 6572 13028 16718 17066 15350 4318 20280 10858 4941 11569 12796 16450 15220 11633 4052 12856 14954 2964 19933 10925 11853 9479 18485 14187 13477 10192 18182 8250 13365 10534 9046 6839 17273 4115 8155 10782 15476 10573 3671 17014 17149 10880 9121 9271 9909 5777 5150 4454 8950 13802 12565 17650 13424 10957 4002 15700 2587 8698 9280 10675 13642 7403 9254 0 8601 11237 16147 12103 12198 2831 9372 7719 14791 13968 5635 6650 4958 7192 4884 597 16393 8629 8417 7462 18949 10249 17335 16163 10720 13629 14636 17584 17987 2468 12936 9495 8086 14172 1470 12167 19578 8430 16208 5660 18533 11155 13985 8817 5818 11584 12284 4017 6007 3949 7433 10650 6125 10057 8835 16746 12005 14799 7878 12204 18588 10967 4776 13092 13475 18808 8290 4367 10130 3399 9007 4984 12095 19254 17077 17593 14193 6576 9550 10592 16252 8430 17792 7717 12707 10658 11927 17355 8476 18494 16848 20266 13427 16561 12230 12086 7668 4036 13186 12638 4432 6910 10675 14189 10106 18104 7395 13694 5713 19893 12766 17078 10555 6394 17728 5099 17684 9527 7619 11725 1894 17162 17627 4604 6608 12812 11611 7208 18037 15746 14394 5274 19564 13431 4282 2492 7253 15685 7484 13837 3145 5655 10410 9032 14677 5369 13163 20301 10690 7892 6484 5745 13996 18703 19306 6139 17435 1456 15907 2350 13391 6237 11646 19058 18104 12630 17839 3902 11795 16211 4152 11210 14579 10633 18748 18348 4116 4577 18610 8017 17787 9619 14487 9166 551 9572 18859 17203 16350 10259 14119 17895 9772 8047 15187 9166 8988 9926 13449 14836 18101 17357 16636 3981 15830 17042 10771 7576 14023 17081 20178 10316 10110 8227 4906 3395 1888 8132 12971 9117 7972 10222 7882 13307 9535 14645 6621 7822 15638 7201 4152 12517 16069 3370 7550 12601 944 1776 7006 15974 11323 5697 3300 12127 16369 4544 3482 9634 8999 11520 8730 3332 7575 3043 14479 6737 14762 7446 11800 7868 6531 17979 9757 18858 16316 9351 10261 16643 12178 11822 16768 19922 7072 7031 13532 11042 6763 14925 9443 10278 18378 19643 1494 20184 11987 14920 8484 14916 9668 15562 8042 5887 11303 14571 194 5185 10215 8656 9915 15649 17831 8636 10730 9220 4746 18771 16715 14599 5428 3117 6416 14308 8492 15721 4250 8596 12850 20048 13299 12676 14296 19553
2787 15797 3641 9082 4967 13253 13953 1635 11465 11318 8296 17381 10326 11737 6652 7936 4639 8144 12462 9626 4344 17899 2868 10094 14001 13623 12450 9617 4681 11485 11212 12533 10101 17941 6919 4583 10478 11621 11588 6802 7360 10601 6634 15102 2214 11908 6113 14044 5653 11965 15861 15117 11904 7575 13715 8552 2340 8949 10527 3828 10140 8496 8974 4729 5291 3970 11513 13450 2748 5570 8345 7214 561 15519 15865 13797 6857 7145 8601 0 3023 11461 15046 4270 5787 816 1576 13011 9467 12489 13892 3692 8383 5744 8945 13504 3930 5832 8933 16060 16485 12211 13427 17244 5281 12421 10883 10633 9815 4616 975 750 7794 9665 14299 11431 4592 11760 11580 10365 11602 14578 1799 3207 15262 3684 7273 12678 8377 10462 4097 8321 2059 10687 9254 5997 13234 822 3736 10223 3429 3945 4520 12642 16334 3047 11815 9461 5261 5129 5026 3995 15530 12176 12767 11629 9906 3438 13354 13889 10292 10987 8203 12222 5018 9289 9174 5016 9989 10390 11776 14276 7970 10578 14327 7648 9853 5174 8764 8417 1833 15095 10237 12111 11698 1498 9548 4130 17767 4285 16389 2419 6107 14697 11674 10062 6595 8510 15024 7126 13091 10956 6624 11212 13701 4842 10179 12905 15787 8626 12386 17198 5700 5305 8698 2445 15493 6507 13761 6724 12469 13790 3568 6285 6226 4638 17002 15010 6527 9243 3246 12522 10178 17033 4266 11580 7248 7559 10766 12140 4723 15618 14793 10504 7023 11549 9046 5226 9376 4814 2810 7583 3425 10480 10066 11709 11494 16364 8361 9214 10461 7254 11030 8137 13442 16531 9835 14399 1681 14315 15982 10253 12685 13306 12350 9864 2634 9113 6267 14672 9639 8053 10008 7424 13574 16665 8938 5749 12423 11742 13954 4456 1604 5026 6794 8606 7337 8569 3674 11529 4536 722 5578 13263 12115 11325 8332 12414 2312 11584 4785 7509 6775 14545 13182 8626 8923 6940 9963 10739 11982 8934 14604 11295 6813 8428 14138 9882 6097 6759 7414 9416 7252 8924 3146 6233 8238 4456 9042 2364 11601 13003 10605 10578 1964 12571 9514 4016 13406 10092 11694 3086 14323 4951 10545 5367 6376 4426 12714 12199 17832 8609 17738 5195 6828 1284 6432 8927 13528 7027 5906 3451 6002 8463 6195 8416 5600 3662 10851 9436 166 17120 4781 3933 13808 13930 6054 11361 10775 13291 9249 5776 7379 6571 4245 4641 11646 8676 13949 10580 17536
4580 17771 5811 11083 7976 14477 16973 4239 9785 14172 10564 19387 9768 11649 8825 8945 1807 6161 13660 10545 7169 19618 523 13109 16848 16267 13899 10603 5771 14397 13494 14513 13008 19777 9004 5431 13285 11611 13584 7551 9734 10067 9372 17834 811 14846 9034 15669 7705 14958 18871 17479 14688 9488 15336 6364 1117 11692 13362 2868 13163 9987 11990 7202 3932 2436 11999 15962 285 7691 8269 9450 3305 18538 18878 16317 9727 6989 11237 3023 0 12706 17923 4478 8413 2241 3519 15139 10995 15466 16855 6533 9204 8767 11646 15276 4003 8501 11863 17693 19506 13190 15253 20261 4402 14468 11054 10308 12691 3996 2649 3762 8572 12424 17104 10188 4740 13082 14590 9159 14275 17147 4277 5453 18199 1999 10284 15667 11383 13444 5692 9502 3462 13577 8936 7363 15405 3496 3042 8700 4494 6826 3034 15019 18089 3576 14731 12083 8048 7611 8046 4046 16892 13263 13843 13632 12912 2798 16249 15802 13198 11074 8815 14696 6841 11481 8038 5119 8161 10777 9917 16899 5875 12907 17144 8230 12841 4952 10623 10111 4358 18081 11900 14966 11999 4521 11212 5941 19569 3318 18627 3329 7188 16352 14657 9532 9058 11411 17934 9945 14465 11143 8330 14234 16352 6023 13165 13826 18207 9649 15343 18949 5717 8295 11618 5419 17876 7112 16239 8877 15448 16728 3372 5095 7702 2118 18451 17993 9320 12241 6239 14758 8287 18820 7271 12228 9813 6290 13501 14453 6075 18572 15981 9958 8397 11938 12044 6435 9607 7166 2875 7940 1630 9111 8703 14608 14452 18187 11215 7181 13249 7463 13908 10823 16418 18322 9573 16402 2164 16821 17920 13005 15699 15390 15301 12688 4372 10753 4475 16190 9051 6017 12990 6044 15145 19688 11859 4923 13600 10008 16908 3407 3028 8044 8861 11475 10127 10253 6022 14517 6480 3609 5629 16232 14092 14347 11205 14150 5304 14499 5067 5642 9748 17530 15804 11391 11255 9856 10677 13284 14983 11905 17441 12375 9834 11415 17137 12706 7755 6808 9430 12355 9360 10023 6142 4636 11146 1908 9692 5370 11929 15946 9254 11384 1960 15443 9494 996 16169 10360 10319 4511 17285 2663 13120 8296 4670 6702 15594 12603 19724 11438 19443 6250 6118 2753 4963 11580 15557 7410 7215 4132 4245 11080 7743 10910 5607 2682 12102 7904 2907 20140 7170 6494 14749 15710 3506 14369 13646 16275 10555 8426 6145 8400 6805 1646 9983 10253 16649 12296 19380
8682 6228 7967 3849 11618 1794 14698 9952 11097 16669 17208 7741 6927 5357 5679 18877 12748 11198 1006 2384 12909 7227 13029 13466 11149 8906 1453 2235 6981 16205 5220 3957 15349 7617 5290 7280 8920 5052 3672 5221 5974 6859 7926 10644 12266 11185 9314 3379 15708 12310 15410 7798 9288 17432 3086 11927 11636 7950 9227 15025 12685 18859 12876 7606 9958 10757 3139 7757 12629 15528 5872 16482 10906 16783 15559 8027 8848 18602 16147 11461 12706 0 12216 8277 14411 11538 12934 5030 2203 15986 17235 12595 19435 11276 16060 3523 15386 7752 9828 5245 17363 1327 3711 18274 9128 4270 4356 6133 15460 9113 10846 11123 4265 16218 10859 9494 16052 484 14565 9113 8125 8890 9737 13755 13269 11078 12298 15852 12900 11280 7370 19068 9617 9927 6262 5482 5402 12041 9832 10153 8309 12492 10453 6383 5861 14508 16381 7115 13486 7395 11319 8713 4190 950 1449 3723 11625 14712 11373 4446 9972 4659 19400 6851 6503 4619 8766 16475 11130 3660 11902 9133 11495 5367 11013 18889 14071 8116 3516 18497 12639 14153 2088 10163 3872 11116 2461 14901 7345 9819 8024 9526 17168 4054 15313 6835 6621 9358 12669 14274 1811 4295 16988 13056 9010 6754 11226 1946 8665 3087 16251 6654 7336 12025 14359 10329 8204 17801 7693 16306 15928 12290 14974 9310 16931 12099 5773 13986 8283 11115 11558 5420 11410 6611 10348 2503 15535 9225 17142 5732 15771 13823 3332 6893 4441 3523 13435 6341 4538 14568 9835 5274 14127 9688 9586 16507 15622 6122 8825 11602 8729 5827 9928 15607 12783 6162 5980 5259 10812 8247 6230 8318 13461 4948 11649 8886 8850 2707 10606 3638 7051 11338 14290 9524 2792 16989 9708 8798 983 11410 12674 15669 13064 11407 16534 14772 8213 3219 8115 11944 7016 11751 7376 12548 3752 13186 9023 2650 10497 16250 7717 10788 12788 17268 8466 15499 17499 9280 2729 6826 15108 13869 11424 747 11679 13341 13833 8891 5403 18200 17112 10099 16797 2691 10343 10185 9376 14601 20172 11355 3763 11881 9655 2094 13154 10617 5269 13165 9865 4158 10053 14356 17564 11679 6987 9417 10404 7442 10803 3553 7708 15077 7034 6479 8083 12737 9872 7275 4786 18381 16816 8591 10557 16138 16826 6290 17059 14833 612 10025 11608 17993 7386 13587 2625 3878 12371 14512 16135 16409 2213 7687 9162 16768 8105 13296 11104 2953 9601 2197 7265
13704 8963 12444 9331 10833 12589 4441 13685 21904 9924 14131 9332 18161 17308 10126 18204 19139 20380 12552 13382 12473 11488 17879 7163 1168 3392 11367 13147 13806 9082 7028 8526 9385 10757 10213 14289 4702 17005 8556 14015 8975 18217 8610 2134 17133 3299 8937 10689 14863 3948 3753 5876 3441 15469 10649 21083 16936 6368 4581 18511 6356 17094 7792 10943 17796 17508 15231 4648 17679 14657 16196 14222 14653 5970 3957 4496 8200 20006 12103 15046 17923 12216 0 15415 12751 15731 15529 7569 11139 7722 8121 12788 18868 9888 11601 9767 17861 9523 6148 11220 6074 13467 9446 6875 17106 8136 16142 17612 9837 16606 15275 14306 13851 11044 1366 20674 18122 11899 6802 19946 4351 3952 13662 14690 1249 17537 9067 7339 8443 4984 13149 17929 14715 4360 17086 12689 7269 14935 16596 20674 14382 12455 17660 5914 10578 17071 8986 6348 12181 10566 10597 15673 12565 12996 13164 8509 5802 18074 1715 8967 4765 16453 19249 5365 12120 8404 19126 18393 21274 15293 22616 3430 20483 7052 1205 19015 8081 16059 10041 16413 14640 2591 10441 2966 15954 13650 10581 15481 10892 16991 7213 15067 17325 10665 7662 17969 9329 6538 629 11181 11826 16114 15956 5508 3298 13566 5271 13879 5507 13052 8203 10954 15660 10794 9639 12609 5765 18402 4875 14531 7662 1701 17884 17925 16477 18808 12688 2434 8619 6235 12370 6924 21560 10655 10899 14651 12709 18624 11218 6507 16430 1763 13210 18207 12299 15596 8256 13355 15567 14037 15846 14982 18439 20438 20178 9277 8267 10152 6709 21217 4779 15328 4018 11837 2621 10423 17131 8447 15860 4559 9263 5110 4260 7847 3012 5261 13891 10786 18891 11434 17956 20424 8167 18778 10902 5425 6127 17143 12639 22246 1880 19030 16016 10649 14842 10235 7822 10782 12111 4176 12185 14690 15595 2601 8582 5511 6721 9907 12756 9042 15231 19747 9982 7548 3775 11161 13870 8109 14114 5741 7063 8834 797 12892 9084 8812 3092 5243 11901 19457 15079 5693 14720 12779 11947 18567 6812 19503 19623 13023 15830 2367 20467 13866 16905 2480 16333 18853 2364 15611 21208 16095 8201 18771 5715 9683 18813 11598 2333 15744 10328 10619 11498 13690 17241 15965 18455 6690 8207 19063 16785 14924 18694 12242 16291 7722 18834 18397 12157 20212 15197 6553 11067 13648 14064 9779 19885 6973 9737 7503 12017 9614 18471 15589 11229 19373 21983 11140 2701 10143 10511
2342 13674 3243 7213 7731 10031 15545 3593 7753 14354 12286 15297 6063 7522 5393 12186 4541 5131 9212 6071 7917 15324 4856 12295 14264 13145 9530 6136 1684 14314 9851 10485 13011 15552 5422 1206 10736 7430 9599 3080 6508 6335 6990 14872 4165 12736 7350 11361 9830 13215 17161 13820 11992 11760 11031 5776 3475 9065 10901 7061 12021 12757 11243 4645 2382 2544 7580 12585 4440 9723 4102 11257 3873 17405 17217 12945 7724 11010 12198 4270 4478 8277 15415 0 9547 3918 5821 11246 6725 14960 16403 7315 12606 8131 12422 11064 7764 6079 9905 13369 18292 8714 11080 19143 1735 10507 6759 6367 12845 1193 3338 4407 4096 13000 14372 7387 8505 8674 13790 6337 11303 13841 3388 7410 15957 2819 9750 15048 10816 11693 2286 12588 2271 11313 4985 3211 11552 5076 1571 6439 1283 7443 2412 11454 13829 7002 14613 9124 8814 4961 7616 437 12467 8797 9374 9652 11417 6828 13876 11687 11027 6827 12377 11299 3310 7820 5157 8930 6533 6382 8229 13710 5155 9358 14450 11807 12355 988 6632 12649 6031 16162 7689 12491 7649 4923 7025 8393 15324 1710 14782 1852 10351 12053 14132 5797 6086 9354 15567 10464 10061 6840 10872 12951 13241 1955 11458 9348 14618 5198 14980 14679 1435 8183 11630 4955 14238 10654 12794 10827 14925 14538 7231 2711 10496 3949 14045 16041 7107 10705 6453 11004 6781 14572 6458 7771 11002 3800 14111 10813 8983 16413 11521 6239 4151 7551 11521 2294 5265 8880 1705 3519 6002 6556 6161 14581 14114 13970 8983 6105 10643 3097 11577 11678 14471 14083 5573 12354 2922 13409 13791 10305 14176 11442 13243 10233 2285 6567 3484 11826 5385 5133 12551 3799 10815 18288 9856 1942 9148 8068 14800 7682 5698 7663 10936 11719 7798 6124 3666 12751 3242 4887 1316 14252 10073 13084 9052 9933 4998 14401 594 4461 9602 16881 12650 11997 12847 8029 6205 10087 14280 11611 14803 7913 9128 11034 15361 10250 3830 10709 11564 10402 11363 5586 5551 3189 9143 6346 13235 5704 7567 13811 6663 6907 5354 13010 5300 4888 13345 6010 7724 7322 16823 3660 9991 6774 3428 3930 13188 8216 15539 11834 15142 2009 2722 5308 3148 8732 11550 11114 10172 899 3280 12094 10462 7781 9496 6863 7681 5718 4350 18959 4456 7903 10271 11496 4633 13612 13777 15685 6180 5972 3614 10795 4560 5051 7909 6043 13646 8111 15164
7320 16797 7117 10920 2849 16048 10128 5955 17149 5910 2866 18173 15445 16375 8734 5523 10200 13923 15380 13303 1658 19348 8044 6007 11995 12689 14922 13202 9165 6300 11903 13855 4951 19118 9122 9327 9204 16191 12999 11134 8662 15688 6854 13615 7705 9478 5469 16003 2113 8919 12229 15071 10516 3161 15714 14339 8051 8366 9075 7255 6545 4772 5073 6877 11028 9757 15543 13064 8132 1910 13238 2078 5917 11166 12165 13338 6237 7390 2831 5787 8413 14411 12751 9547 0 6549 4899 13889 12208 7661 8906 2232 6188 3492 3238 15200 6077 6730 7131 17827 12161 15505 15010 12763 10900 13588 15322 15553 4539 10209 6700 5307 11922 4048 12509 16932 6019 14542 7212 15877 10812 13850 6164 3038 12497 9467 3698 7961 4379 7779 8215 5369 7345 8833 14262 9763 13967 5051 9437 15872 8359 2138 10295 12824 17813 5614 6640 9304 926 7034 3170 9407 17882 15305 15855 13016 6950 6870 11091 15219 8390 15505 6516 12133 8420 10601 14690 6155 15730 14639 17508 13358 13756 11237 12465 6264 5346 10532 10989 4248 4079 11848 12594 10275 15931 4656 12021 3178 19034 9998 16615 7834 4600 16531 6948 15175 7893 7070 12495 1837 15634 15374 3257 7595 12728 9180 7501 16221 15487 12307 7414 18621 10844 2527 3742 4694 15344 5701 13461 2028 7662 11146 6400 11940 3726 10333 19081 11822 6519 6573 3169 13158 15931 18387 4064 15402 1470 13188 5098 12596 3940 12678 17518 15605 10515 15693 4775 9415 13891 1519 8451 12186 7879 16062 15657 6456 6573 17683 7310 14992 9297 12035 9201 2413 10461 17912 14757 15451 7456 13850 17055 9328 9170 14268 9741 8615 7315 11712 12042 16791 14819 13836 5409 13094 15692 12555 7216 11314 15379 17441 11152 7532 5416 3080 2316 3376 7009 11191 6777 8608 7940 5066 10718 10363 13499 7657 7150 14317 4607 6406 9913 13280 2776 9718 12395 3039 3329 5945 13867 10626 7439 4350 12597 14529 3832 4113 10793 8629 9391 6840 2794 7419 2444 12451 4318 11984 6827 9058 6965 3844 15811 10399 16177 14291 6546 10560 14253 9362 11940 14499 17252 4392 9321 10705 10354 5109 12140 7237 10629 16272 18880 3213 19229 9566 12264 5661 12153 8769 14609 6348 4055 8649 11777 2683 3540 9013 6458 7240 13866 15103 5816 12718 7128 1919 17019 15565 11768 6967 5442 8488 12407 6777 13003 2907 6437 10033 17322 11475 12724 12775 18721
2901 16128 3956 9398 5777 13333 14736 2106 10811 12127 8986 17725 9903 11439 7015 8297 3824 7421 12530 9591 5143 18149 2148 10899 14670 14201 12596 9602 4615 12299 11641 12857 10914 18229 7250 4435 11125 11343 11914 6681 7809 10186 7240 15719 1431 12625 6815 14253 6270 12719 16629 15585 12541 8173 13922 7801 1529 9563 11188 3519 10930 8991 9779 5199 4630 3240 11367 13973 1975 6204 8020 7891 1078 16319 16637 14324 7531 7177 9372 816 2241 11538 15731 3918 6549 0 1994 13389 9622 13304 14708 4491 8698 6541 9729 13760 3916 6401 9644 16277 17283 12212 13701 18046 4709 12768 10647 10268 10626 4075 693 1528 7697 10460 14948 10863 4635 11863 12387 9799 12189 15126 2201 3838 15979 2923 8081 13491 9187 11207 4190 8732 1930 11376 8879 6057 13627 1502 3134 9593 3297 4752 3816 13111 16592 3104 12629 10022 6054 5607 5829 3585 15660 12209 12799 11958 10670 3180 14047 14194 10990 10730 8460 12727 5223 9677 8613 5064 9302 10208 11091 14845 7229 11023 14982 7889 10666 4747 9027 8965 2514 15844 10442 12783 11503 2299 9749 4652 18043 3659 16813 2136 6461 14918 12488 9643 7076 9203 15726 7928 13216 10725 7159 11997 14281 4812 10926 12892 16278 8613 13202 17456 5349 6119 9512 3179 15970 6736 14271 7377 13284 14507 3449 5676 6693 3830 17163 15756 7160 10000 4061 12937 9482 17303 5029 11480 8002 6954 11558 12583 5124 16345 14867 10085 7103 11376 9858 5217 9143 5502 2303 7363 2878 9881 9466 12522 12310 16645 9029 8489 11099 6988 11713 8917 14183 16802 9479 14736 1057 14837 16300 10873 13458 13669 13074 10518 2714 9303 5554 14849 9203 7321 10822 6797 13764 17454 9643 5201 12484 11080 14681 4164 1787 5831 7425 9416 7971 8770 4070 12278 4778 1500 5232 13999 12436 12111 9010 12654 3063 12398 4475 6799 7590 15358 13750 9421 9630 7641 9870 11270 12793 9749 15268 11320 7612 9242 14896 10537 6261 6839 8037 10132 7897 8937 3901 5551 8935 3807 9318 3177 11412 13723 10011 10517 1621 13252 9216 3227 14035 9876 11100 3444 15138 4161 11089 6074 5678 4804 13399 12035 18139 9414 17982 5133 6329 1393 5775 9501 13872 7204 6320 3190 5291 9231 6681 8920 5641 3334 10926 8799 743 17920 5214 4668 13805 14190 5251 12170 11585 14105 9330 6336 6779 7138 4750 3839 10996 8841 14550 10804 17826
4310 17013 5005 10350 4902 14720 13985 2985 12777 10715 7112 18572 11858 13308 7892 6368 5317 9324 13938 11162 3764 19206 3146 9964 14542 14416 13869 11145 6241 10991 12308 13770 9603 19204 8193 6157 11119 13195 12827 8368 8467 12137 7451 15788 2847 12297 6662 15402 4321 12189 15978 16124 12555 6202 15077 9653 3305 9700 11126 2981 10158 6999 8859 5867 6603 5165 13079 14362 3241 4274 9909 6003 2079 15394 15961 14699 7480 5688 7719 1576 3519 12934 15529 5821 4899 1994 0 14173 10890 12155 13509 3168 6808 5802 8136 14815 2602 6754 9383 17404 16379 13727 14719 17087 6703 13628 12458 12189 9258 6065 2485 1817 9354 8928 14899 12857 3170 13214 11396 11792 12387 15432 3196 1951 15623 4807 7148 12389 8206 10743 5605 6770 3634 11191 10805 7503 14371 894 5127 11572 5003 3495 5764 13660 17635 1700 11329 10329 4594 6241 5058 5523 16954 13674 14264 12864 10094 2545 13817 15144 10771 12562 6630 13176 6443 10463 10606 3577 11243 11962 13031 15082 9104 11653 14910 6078 9582 6698 10094 6973 952 15317 11614 12658 13272 2074 10933 2661 19043 5649 17465 3977 4536 16041 11366 11596 7664 9031 15445 6489 14524 12532 5166 11254 14486 6393 10452 14426 16750 10155 11993 18496 7255 5124 8240 3151 16484 4943 14696 5459 12143 14161 2421 7666 4705 5507 18398 15249 7279 9482 3200 13630 11412 18319 4638 13136 6294 8944 9994 13206 3163 15935 16260 12038 8513 13120 8824 6768 10952 3664 4278 9159 3139 11870 11455 11186 11110 17639 8972 10386 11128 8828 11550 7311 13715 17818 11393 15610 3049 15223 17212 10970 12790 14488 12702 10490 4173 10511 7481 16059 11165 9212 9711 8780 14952 16635 9409 7193 13903 13039 14285 3518 547 5029 5484 8044 8067 9961 4952 11777 5940 1190 7134 13554 13357 11355 8908 13748 2970 11094 6348 8722 6489 14233 14001 7899 7783 7474 11518 11655 11746 8608 15154 12798 6808 8166 14318 10508 7538 5268 6085 9838 5967 10440 3667 7507 8752 4320 7467 2512 13174 13370 12001 12122 1671 13083 11084 4462 14070 11668 13091 1511 13936 5939 11439 5932 7620 5698 13211 13768 19072 7978 19050 6752 8312 770 7746 9776 14735 5479 4354 5019 7221 7561 4689 9414 4156 2872 12326 10776 1475 16991 5972 2982 15323 15236 6942 11164 10205 12976 10726 6720 8770 5154 5346 5134 12964 10096 14679 11936 18797
10583 2919 9434 4068 11095 5053 10848 11377 15858 14275 16342 4409 11763 10380 6374 19130 15720 15328 5127 6857 12748 5495 15318 10882 6637 4177 3911 6629 9602 13626 1986 1073 13139 5230 6150 10051 5675 10074 1692 8715 5710 11737 7123 5763 14503 7475 8436 3173 15666 8753 11093 2831 5334 17049 3094 16071 14024 5671 5966 16837 9955 18652 10680 8313 13421 13762 8169 2925 14980 15460 10270 15900 12469 12852 11270 3125 7652 19720 14791 13011 15139 5030 7569 11246 13889 13389 14173 0 4888 12955 13974 12680 19763 10401 14526 2215 16775 7551 7415 4280 13257 6131 1895 14140 12599 813 9332 11039 13397 12344 12737 12437 8099 14408 6210 14355 17309 4621 11579 13848 4224 3917 11228 14316 8735 13969 10784 12718 10968 8221 9460 19136 11693 6629 10913 8035 375 13326 12767 14794 10718 12457 13652 1742 4024 15872 13712 4665 13010 7932 10770 11638 5174 5647 5710 1634 8856 16448 7121 1584 6872 9642 19901 2509 8300 3722 13307 17693 15649 8565 16643 4247 15553 2658 6379 19480 11698 11484 4614 18134 13570 9824 3900 6222 8902 12111 4414 15413 5148 12952 3537 11817 17669 3305 12450 11631 6524 7181 8102 13118 4287 9280 16968 9934 4271 9327 8289 6435 3703 6970 13323 4775 10826 11365 12534 11076 3254 18532 2760 15916 12892 8041 16527 13098 17154 15176 5740 9652 7425 8602 11784 835 15938 4523 10225 7531 14630 13369 15109 1457 16389 9287 5664 11757 7162 8552 11293 8957 9205 14557 12398 9302 16249 14404 14241 13912 12901 3823 6775 15925 5490 9796 6462 14313 8744 4069 10759 1567 13001 3259 3168 5203 9827 399 7828 5981 10788 4828 14315 3978 11763 15432 11894 13616 3335 12752 7293 12423 5225 16186 8437 17468 14481 10857 16198 13072 6880 5171 9342 8508 8668 13024 10815 8532 1342 10039 6969 2444 11262 13642 10820 14806 11547 13779 3834 13960 16425 7962 7470 3515 12077 11850 6775 5770 10328 11452 9749 5976 7464 19234 16676 7444 16318 6580 10751 13915 7345 17016 20544 11963 8792 7844 14393 7001 14947 6547 9986 15844 5354 9004 14914 15337 14226 14905 3792 8916 14159 8595 6703 8554 5011 13444 5394 9237 12052 14251 13677 5157 800 19180 17212 11176 14196 14843 17007 4940 18250 16667 5176 14533 13176 13834 8235 13736 6523 2305 15825 11603 13831 13172 5740 7558 13262 16669 8828 16158 15890 5348 4869 3470 4833
6726 6995 5888 1960 9417 3897 13097 7907 11077 14617 15007 8611 7101 6209 3476 16725 11266 10452 3181 2243 10710 8627 11270 11492 10007 8044 2983 2008 5228 14193 4211 3951 13278 8828 3087 5604 7301 5911 3205 3905 3844 7126 5784 9857 10480 9623 7150 4674 13522 10650 14029 7689 7931 15234 4341 11196 9894 6102 7593 13137 10761 16671 10833 5419 8712 9267 4298 7069 10887 13340 5409 14279 8906 15181 14159 7394 6732 16577 13968 9467 10995 2203 11139 6725 12208 9622 10890 4888 0 14083 15382 10406 17293 9090 13897 4341 13396 5560 7911 6699 15835 3373 4372 16750 7877 4082 5019 6490 13364 7717 8930 9073 3214 14082 9831 9672 14039 2371 12671 9069 6836 8316 7702 11613 12076 9538 10160 13980 10812 9486 5433 16900 7734 8268 6131 3633 5244 9997 8294 9961 6511 10296 9060 5710 7111 12506 14387 5395 11283 5196 9119 7149 6066 3113 3650 3265 9737 12801 10061 5014 8243 5327 17278 5934 4452 2880 8452 14457 10778 4161 11845 8415 10689 4087 9967 16778 12044 6784 1420 16301 10538 12804 1010 8748 4971 9009 559 12760 8604 8381 8344 7713 15037 5357 13376 6934 4443 7404 11518 12090 3635 4998 14807 11231 8150 4972 9397 4069 8552 2095 14318 7966 6068 9826 12239 8180 8117 15705 7124 14106 14028 10945 13019 8279 14769 10662 7543 12644 6138 9178 9372 4931 11067 7852 8145 3840 13336 8486 15029 5006 13648 12619 5421 7126 2601 4622 11374 4561 4491 12381 8131 4414 12323 9609 9418 14495 13648 7246 6866 11037 7121 4914 8329 13426 11314 7360 6071 5735 8988 7735 7092 6699 11799 4983 10116 7155 6909 527 9529 5229 6999 10561 12264 8740 4157 15536 7797 7644 3175 11411 11310 13783 11059 9207 14336 12633 6139 1016 5997 10251 4950 9701 6075 11075 3576 11365 7056 3212 8352 14244 6222 9946 10619 15488 7557 13339 15303 7169 2981 5450 13218 11782 10376 2423 9531 11241 12359 7163 3371 16156 14912 8232 14596 1729 8162 9119 7389 12903 18037 9200 4840 10439 9610 2846 11242 9243 5275 11556 8782 4473 10223 12279 15731 10315 5542 7224 9358 5298 9435 4937 8817 12929 8449 4769 7186 10750 8858 5440 5001 16298 14671 6869 9432 13956 14661 4355 15039 12950 1680 9664 9620 16484 5207 11406 4820 4773 11144 12599 14072 14560 899 5492 8383 14582 5925 11769 11124 794 8701 1451 8439
12665 15351 11760 12176 7545 17098 3480 11828 22619 2461 7656 16210 19811 19885 11253 12204 17127 19999 16715 16023 8395 18079 15203 2721 7636 9664 15781 15832 13836 1645 11371 13507 2747 17520 11570 14209 7333 19622 13012 15123 10395 19977 8696 9521 14676 5614 7769 15973 9522 4333 5395 12601 7724 9304 15796 20564 14811 8036 7028 14831 3324 10720 3719 10580 17051 16138 18307 10685 15183 9365 17533 8201 12361 3647 5252 10772 7722 14815 5635 12489 15466 15986 7722 14960 7661 13304 12155 12955 14083 0 1442 8990 12817 6906 5039 15001 13723 9382 6174 17213 4614 17303 14707 5126 16637 13116 18680 19588 3217 15974 13169 11798 15491 4208 8302 21909 13679 15877 1422 20950 8746 10760 11941 10550 6839 15972 5284 417 4179 4790 12874 11734 13260 6340 18586 13536 12821 11976 15504 21296 13683 8673 16540 11295 16820 13192 1408 8911 7628 10411 7543 15014 18035 16927 17322 12994 4361 14424 6680 14539 6155 18949 13352 10483 12363 11367 19863 13800 21491 17839 23157 10144 19943 10925 8165 13299 2650 15884 12667 9995 11217 5634 13898 6921 18914 11020 13637 10840 17569 16038 14179 13748 11945 16235 831 19560 10097 6683 7189 5834 16436 18694 10207 3027 9636 13705 4792 17923 12578 15260 489 17425 15858 7186 3953 10365 12671 13052 11077 8717 64 6102 14004 17661 10937 17077 18690 5704 8413 4909 9243 12124 21741 17134 8583 17909 6830 18740 3883 11509 11561 6720 18225 19925 13757 18589 3479 13722 17568 9181 14530 16274 15285 21295 20935 1715 1092 16499 7220 21023 7527 16375 6493 5658 5137 16772 18890 14355 13929 11126 15659 7880 3526 13342 5417 7187 12773 13572 18179 16821 19352 19966 2483 18758 15932 5152 6290 16902 16764 22948 5850 15158 12702 7525 8990 4290 8094 13251 11328 4482 12105 11859 15749 5221 13329 2917 7035 14590 10413 1561 15078 19323 5718 2079 9682 4869 7150 7306 16755 9581 887 3562 8041 16438 5858 4064 4727 7186 12828 14279 8967 5888 8672 15186 9644 17993 6722 16471 13474 10128 18782 5740 21375 16855 13815 6789 18184 16460 8411 17934 22350 11989 1866 17298 9338 8228 18202 11274 6706 18986 17146 4510 18032 14008 17512 12844 18042 8711 13750 13637 11417 14158 17927 5823 10748 9734 14065 14792 15644 20628 12584 5112 10836 9348 18452 15205 18445 1486 2556 829 14718 9493 18556 9843 10494 17108 22757 13642 9273 13829 17194
14107 16239 13201 13456 8964 18282 3682 13261 24058 3238 8574 16997 21221 21250 12634 13147 18531 21440 17933 17363 9745 18948 16580 4146 8235 10451 16964 17167 15272 2628 12486 14590 3957 18345 12942 15648 8449 20985 14150 16536 11745 21384 10090 10075 16069 6517 9198 17050 10672 5227 5201 13382 8664 10266 16890 22003 16220 9297 8139 16130 4670 11584 5161 12012 18490 17568 19632 11548 16571 10528 18948 9237 13777 2994 5020 11598 9124 15901 6650 13892 16855 17235 8121 16403 8906 14708 13509 13974 15382 1442 0 10353 13736 8342 6059 16073 14983 10797 7478 18193 3829 18558 15772 4131 18079 14192 20043 20984 4376 17415 14587 13209 16884 5182 8895 23337 14900 17106 2743 22382 9750 11485 13376 11854 7087 17397 6717 1417 5616 5964 14313 12632 14696 7435 19998 14950 13813 13360 16941 22735 15126 10043 17975 12276 17752 14487 2296 10128 8947 11836 8971 16456 19105 18170 18546 14128 5647 15730 7340 15557 7306 20315 14303 11474 13789 12621 21299 14999 22933 19197 24598 10870 21382 12080 8743 14295 4081 17326 13972 10861 12577 5757 15152 7811 20251 12431 14922 12076 18415 17477 14925 15185 13036 17274 2272 20972 11480 8008 7536 7106 17603 20054 11254 4181 10410 15139 6009 19163 13277 16621 1516 18315 17296 8594 5272 11795 13413 14132 11925 9788 1478 6631 15290 19103 12015 18493 19680 5864 9816 6244 10648 13151 23183 18021 10021 19218 7952 20182 4590 12547 12751 6859 19359 21333 15146 19921 4914 15151 18954 10421 15965 17685 16627 22730 22371 2534 2403 17407 8542 22464 8645 17795 7540 6760 5683 17683 20292 15318 15350 11909 16549 9021 4224 14352 6230 8372 14215 14877 19618 17893 20770 21406 3904 20200 17042 4518 7590 18344 17987 24388 6319 16434 14055 8950 10044 5537 9463 14575 12769 5471 13538 13253 17187 5818 14439 4054 8364 15727 11840 2523 16519 20764 7117 950 10527 5988 7996 8714 18099 10694 2202 4959 8559 17712 7298 5482 5030 8369 14234 15374 9954 7153 9686 16534 11077 19434 8067 17815 14356 11534 20118 6425 22810 18176 15175 7599 19580 17848 9159 19305 23781 13275 430 18722 10464 9667 19642 12708 7488 20303 17955 5703 18914 15440 18951 14209 19484 9970 14760 14693 12521 15600 19365 6843 11830 11027 15234 16099 16915 22068 13983 4192 12266 10656 19661 16253 19867 2864 3546 826 16042 10907 19998 10900 11932 18499 24195 14969 9990 15061 18036
5098 15596 4990 9329 1955 14294 10888 3722 14936 7649 5028 17061 13228 14221 6986 6472 8265 11765 13585 11303 653 18030 6233 6822 11884 12131 13241 11220 6975 7866 10710 12499 6476 17886 7361 7116 8679 14048 11596 8989 7137 13475 5566 13308 5769 9499 4374 14485 3120 9234 12917 14215 10090 4870 14180 12210 6019 7506 8624 5982 7081 6266 5730 4989 8844 7627 13494 12297 6248 2935 11038 4079 3745 12239 12888 12605 5227 7350 4958 3692 6533 12595 12788 7315 2232 4491 3168 12680 10406 8990 10353 0 7092 2900 5267 13750 5115 5188 6740 16391 13227 13618 13592 13925 8685 12277 13196 13358 6160 7993 4550 3133 9819 5974 12312 14700 5334 12771 8236 13645 10143 13234 3932 1903 12751 7366 4037 9220 5062 7863 6046 6551 5121 8555 12053 7683 12809 3047 7246 13653 6131 344 8142 11836 16468 4401 8202 8324 1574 5220 2210 7178 16271 13456 14023 11621 7141 5554 11077 13886 8115 13367 7222 11228 6363 9160 12459 5610 13538 12541 15311 12808 11616 10034 12299 6817 6414 8300 9291 5915 2226 12330 10902 10041 13845 2440 10285 2818 17772 7809 15683 5614 5004 15058 8199 12959 6321 6502 12636 3438 13943 13251 4416 8180 12187 7007 7570 14336 14734 10292 8838 17303 8616 2044 5094 2506 14531 5936 12670 3777 8977 11315 5234 9729 4488 8319 17563 12274 5286 6590 1045 12016 13745 17089 2456 13394 3691 10970 7077 11504 3810 13021 15798 13390 8504 13622 5663 7264 11744 1976 6253 10015 6306 13835 13431 8075 7952 16388 6583 12833 8728 9841 8926 4471 10782 16600 12559 14213 5320 13131 15834 8659 9741 13039 9857 8052 5087 9935 9883 15236 12597 11687 6542 10883 14122 13505 6792 9091 13575 15231 11399 6408 3715 2150 3974 4945 5950 9395 4686 8847 5863 2991 8490 10640 12115 8274 6470 12789 2401 7968 7683 11113 3327 11067 11771 4935 5546 5071 11827 9683 8579 5440 12499 12644 3784 5001 11307 8069 7389 6817 4579 7140 4299 10470 2266 9805 6228 7489 7870 1612 13729 10531 13949 12295 4825 10415 12076 7517 11588 12373 15023 3325 10782 8642 9431 3784 9969 5229 10519 14219 17689 4926 17895 7395 10032 3856 9960 7762 13347 6601 4533 6416 9618 4834 4352 7741 6070 5912 12025 12889 3748 13834 5213 1056 15167 14140 9742 8003 7117 9810 10507 5206 10784 4178 4496 8178 15107 9642 12288 11131 17483
11043 22681 11498 16379 8734 21186 15835 9616 18987 10501 5169 24128 18590 20113 13979 666 10786 15345 20439 17850 7028 25122 8682 11871 18157 18863 20208 17810 13013 11204 17786 19591 10150 24976 14337 12957 15374 20003 18685 15146 14219 18876 12640 19800 8940 15626 11372 21539 4157 14970 17939 21166 16701 3524 21230 15478 9613 14429 15255 6496 12554 2210 11091 11920 13017 11494 19850 19188 9026 4369 16706 4714 8866 16463 17841 19474 12202 3107 7192 8383 9204 19435 18868 12606 6188 8698 6808 19763 17293 12817 13736 7092 0 9552 7785 20828 5204 12277 13310 23467 17423 20342 20677 17854 13291 19369 19265 18966 9655 12712 9274 8480 16111 8611 18684 19341 4483 19661 12805 18293 16958 20016 9848 5681 18521 11072 9872 13195 10427 13928 12293 1121 10443 15022 17577 14155 19882 7633 11725 17897 11806 7306 12119 18848 23559 5729 11502 15316 6926 12206 9053 12283 23271 20240 20824 18711 13083 6439 17235 20978 14578 19370 680 18198 12966 16248 17137 4145 17355 18754 19092 19535 15036 17110 18636 1101 11055 13443 16284 2905 6854 17738 17881 16460 20067 8345 17236 4534 24864 12187 22679 10777 2292 22127 12289 18333 13398 13218 18573 7692 20897 19337 2932 13534 18905 13144 13656 21053 21622 16832 12436 24395 14041 8548 9387 9113 21458 2099 19578 4340 12839 17227 5838 14157 2609 11279 24609 17735 12345 12747 8046 19083 17468 24181 9547 19872 6217 15409 9165 18555 3701 18648 22714 18774 15113 19906 10680 13499 17758 5218 10993 15965 7753 18287 17875 11229 11767 23480 13414 16338 15459 15635 15389 7261 16480 23692 18176 21301 9735 19992 22921 15466 15065 20125 15858 14775 10929 16855 13674 22272 17885 15191 11048 15192 21156 17961 13391 13806 20417 19205 17197 6198 6912 8970 4031 8839 12956 16305 11322 14697 12447 7883 13922 16405 19206 13574 13268 19846 8942 11301 13147 14844 8949 14664 18557 8036 5748 11972 18257 16665 12880 10149 18754 19387 10016 10077 16683 14790 14059 2858 3884 13607 4216 17082 9196 13810 12964 8507 786 8096 19967 16503 18428 18827 7479 16735 17888 9746 18129 18471 19503 5297 14086 11857 16402 10848 13863 11997 16797 20548 24773 8504 24986 13515 14974 7305 14114 14763 20437 1989 2622 11825 13438 7009 2761 14823 3780 6644 18842 17100 8281 17883 12107 6037 21928 21222 12544 12566 10271 13580 17266 12291 15250 3290 11396 10303 19185 16507 18911 18141 24573
5803 13306 5038 7611 945 12825 8229 4926 15865 6268 6040 14682 13438 13955 5654 8896 10334 13109 12207 10491 2641 15871 8578 4374 8988 9356 11641 10354 7192 6184 8417 10397 4902 15629 6041 7505 5871 13733 9561 8820 5354 13642 3450 10449 7959 6601 2029 12602 5395 6394 10187 11620 7253 6649 12324 13663 8003 4890 5787 8749 4403 8263 3259 4178 10153 9240 12802 9637 8491 5183 11149 5505 5535 9778 10177 9924 2751 10196 4884 5744 8767 11276 9888 8131 3492 6541 5802 10401 9090 6906 8342 2900 9552 0 4859 11771 7990 3534 3869 14384 10741 12453 11569 11508 9770 10119 12815 13371 4787 9097 6323 5014 9422 5188 9428 15310 8234 11352 5876 14305 7415 10490 5035 4802 9874 9088 1629 7044 2727 4981 6198 8815 6354 5672 12210 7281 10475 5379 8599 14544 6848 2569 9635 9340 14343 7233 6482 5814 2642 4176 744 8149 14527 12202 12724 9575 4297 8314 8177 11751 5230 13039 9794 8663 5963 7200 13172 8508 14657 12050 16359 10031 13043 7753 9411 9459 4263 9085 7777 7733 4865 9517 9349 7157 13282 4246 8830 5645 15548 9136 13147 6842 7675 13106 6076 13174 4656 3692 9743 3000 12355 12851 6661 5487 9404 7111 4688 13157 12071 9552 6881 15144 9153 1004 3561 3475 11907 8690 10026 5520 6878 8428 8058 10806 6975 10228 15669 9451 3099 3709 2609 9666 14899 14906 1684 12567 4327 11930 6244 9104 6622 10161 14250 13575 7813 13005 3429 7219 11497 4373 7623 9957 8885 14600 14222 6453 6003 14202 3863 14141 5940 9943 6045 4339 7930 14435 12611 11965 7066 10443 13566 5922 6999 10783 6969 5256 5896 8573 11277 13407 12897 13070 4448 11924 12322 10926 3931 10065 12219 16186 8525 9224 6327 776 5807 3772 3524 8089 4613 5990 5587 5198 9036 7778 10051 5595 3719 10930 3539 6271 8311 12433 1608 8909 9026 4322 6252 2453 11133 7144 6312 3480 9603 11486 1075 2905 8516 5272 6725 9655 6275 4250 5917 9618 2745 11101 3429 10034 10337 3418 13155 7642 14693 11449 7345 7520 11992 9761 8735 12008 15712 6212 8770 10416 6875 1881 11306 4761 7622 13528 15389 3990 15754 7459 10766 6361 11164 5277 11128 9359 7160 7297 11024 4866 6807 5559 8961 8658 10770 13842 5862 11379 4452 3804 13900 12125 11569 5668 5687 7674 9426 3608 11745 6336 3911 10380 16014 8416 9464 9483 15233
10107 17322 9635 12303 4834 17542 8120 8871 20135 2857 2653 18520 18100 18766 10497 7167 13428 17029 16965 15349 4617 20005 11282 4441 11098 12399 16312 15212 11782 3455 12610 14729 2382 19636 10882 12023 9132 18553 13983 13574 10090 18322 8139 12911 10928 8588 6748 17076 4671 7659 10204 15117 10181 4266 16823 17477 11247 8866 8912 10410 5307 5729 4043 8995 14096 12894 17660 13066 11365 4549 15834 3181 9011 8684 10095 13274 7256 9843 597 8945 11646 16060 11601 12422 3238 9729 8136 14526 13897 5039 6059 5267 7785 4859 0 16181 9151 8370 7150 18715 9652 17269 15944 10123 13893 14401 17643 18104 1886 13199 9817 8399 14236 887 11705 19785 8975 16104 5091 18747 10807 13587 9056 6265 11053 12627 3815 5412 3596 7004 10792 6714 10320 8447 16885 12076 14520 8246 12496 18836 11174 5057 13408 13168 18548 8782 3772 9879 3693 9025 5047 12337 19073 16997 17503 13987 6155 10043 10115 16008 8053 17858 8313 12390 10736 11766 17575 9032 18776 16891 20540 13021 16883 11996 11619 8265 3520 13408 12546 5009 7299 10120 14076 9681 18133 7686 13602 6227 19605 13058 16725 10821 6980 17513 4511 17832 9456 7345 11210 1975 17022 17682 5197 6096 12412 11746 6790 17966 15362 14408 4677 19292 13622 4367 2068 7467 15315 8073 13479 3731 5059 9903 9537 14943 5957 13540 20084 10138 7781 6113 5985 13722 18990 19030 6229 17424 1968 16160 1862 13112 6787 11102 18916 18248 12660 17860 3465 11912 16292 4634 11498 14689 11099 18978 18581 3525 3983 18338 7767 18095 9278 14620 8769 826 9051 18590 17327 16079 10587 13742 17608 9452 7508 14923 8687 8663 10141 13375 15147 17909 17517 16952 3448 16094 16862 10177 7266 14272 16984 20438 9798 10629 8654 4975 3986 1479 7965 12909 9238 7494 10317 8232 13499 9022 14430 6102 7568 15456 7428 3556 12718 16373 3282 6955 12221 571 2275 6845 15989 11037 5113 2859 11647 16308 4393 3116 9083 8673 11560 9318 3928 7229 3640 14476 6910 15059 7188 12272 8457 6804 18007 9265 19085 16307 9784 9814 16747 12599 11395 16830 20142 7560 6442 13891 10756 6737 15228 9520 9825 18386 19337 1090 19913 12117 15139 8896 15201 9435 15305 8636 6470 11532 14882 787 5772 10040 9224 10410 15576 18087 8989 10133 9268 5155 18681 16494 14972 4863 2521 5818 14271 8451 15973 4842 8668 13270 20300 13247 12255 14165 19260
10867 2739 9863 4482 12356 2996 13029 11886 14621 16175 17801 4317 10450 8775 6940 20218 15605 14569 3275 5764 13911 4396 15523 12799 8851 6380 2122 5567 9534 15569 3663 1499 14980 4502 6624 9930 7670 8476 2212 8204 6614 10377 8347 7900 14721 9613 9747 979 16828 10875 13308 4540 7491 18349 882 15307 14166 7357 7974 17273 11898 19904 12485 9006 13029 13607 6545 5119 15152 16629 9298 17258 12945 15048 13485 5289 9048 20475 16393 13504 15276 3523 9767 11064 15200 13760 14815 2215 4341 15001 16073 13750 20828 11771 16181 0 17390 8566 9216 2641 15467 4338 321 16352 12192 1885 7850 9647 15198 12055 13078 13017 7395 16146 8413 13012 17985 3045 13604 12635 6348 6008 11705 15232 10944 13873 12379 14784 12698 10223 9624 20292 11930 8662 9765 7928 2499 13935 12631 13665 10782 13567 13399 3948 2833 16487 15679 6350 14291 8674 12032 11486 3035 3868 3779 2202 10793 16912 9330 970 8859 8146 20901 4681 8538 4607 12254 18388 14620 7182 15425 6400 14841 4213 8584 20442 13568 11111 4740 19437 14328 12039 3383 8388 7255 12814 4066 16363 4295 12722 4526 11962 18650 1337 14453 10358 7431 8898 10308 14635 2253 7783 18137 11974 6471 9271 10261 4489 5369 6184 15348 3697 10377 12681 14255 11854 4909 19432 4914 17206 14938 10252 17071 12525 18234 15003 3909 11867 8685 10462 12782 2971 14903 3548 11316 5888 16083 12588 16918 3543 17311 11494 3449 10414 6923 6927 13091 8867 8034 15694 12431 8533 16541 13208 13099 15861 14874 2913 8435 15041 7478 9071 8534 15890 10940 3049 9501 1774 13216 5346 2787 7143 11971 1921 9989 7887 11062 4526 13799 1821 10567 14696 13772 12870 1151 14967 9091 11931 3382 14933 10648 17915 15054 12122 17472 14761 8289 5025 9867 10603 8986 13632 10392 10724 1752 12087 8638 1131 12037 15593 10563 14114 13066 15918 6048 15611 17953 9414 6226 5429 14117 13620 8976 4252 11860 13177 11952 7884 7537 20019 17991 9318 17644 5763 11654 13383 9020 17182 21598 12817 7161 10035 13177 5617 15367 8735 8780 15873 7570 7682 13570 16102 16341 14653 5685 10106 13616 9118 8896 6804 4476 15118 4236 9094 11363 14780 13101 6754 1582 20059 18228 11172 13718 16426 18102 6216 18962 17091 3888 13510 13664 16047 8865 14800 4424 434 15462 13610 15704 15263 4995 8544 12507 17863 9538 16102 14628 5036 7066 2980 4107
6704 19612 7542 12936 7049 17179 15941 5511 13784 11946 7410 21174 13569 15262 10481 4974 5606 10143 16385 13497 5548 21784 3480 11826 16919 16931 16379 13501 8522 12375 14908 16364 11027 21795 10775 8351 13576 15184 15421 10597 11070 13862 10007 18246 3802 14586 9125 17955 4576 14349 17996 18709 15009 6014 17628 10294 4503 12217 13560 1426 12166 6174 10770 8467 7863 6337 15278 16923 3833 4652 11836 6344 4490 17162 17958 17255 9964 3261 8629 3930 4003 15386 17861 7764 6077 3916 2602 16775 13396 13723 14983 5115 5204 7990 9151 17390 0 9340 11749 19965 18157 16106 17301 18797 8205 16227 14522 14020 10614 7675 4589 4374 11613 10019 17311 14169 755 15689 13163 13130 14906 17970 5703 3262 17861 5907 9115 14008 10081 12970 8016 5567 5834 13569 12629 9911 16973 3461 6676 12701 7211 5458 6959 16250 20215 905 12714 12887 6149 8843 7268 7391 19460 16087 16678 15459 12257 1253 16147 17735 13137 14590 4817 15751 8945 13064 11988 1171 12152 14111 13894 17602 9839 14252 17311 4232 11299 8498 12658 6420 3310 17441 14155 15050 15398 4671 13468 2926 21631 7093 20061 6047 3297 18602 12987 13320 10265 11443 17732 7890 17021 14603 4761 13263 16997 8709 12677 16792 19322 12510 13488 21077 9171 7158 9777 5736 19064 3110 17264 5721 13721 16419 635 9016 4008 6077 20928 17387 9816 11696 5513 16231 12268 20903 7074 15397 7184 10249 10979 15803 2514 18135 18718 13756 10945 15281 10621 9107 13024 4567 6073 11256 2587 13103 12693 12523 12640 20226 11432 11143 13598 10859 13935 8350 15897 20402 13248 18209 4843 17781 19809 13466 14834 17089 14959 12944 6539 13037 8476 18595 12855 9991 11391 10019 17493 18495 11787 8728 16344 14002 16510 1483 2340 7221 5603 9450 10589 12491 7523 13962 8457 3764 9061 15754 15950 13350 11352 16313 5553 12480 8342 9641 8325 15788 16528 9065 8141 9915 13786 14223 13443 10296 17534 15202 8899 9944 16413 12962 10027 2946 6064 12179 6104 12824 6198 8624 11163 3518 5695 4991 15310 15632 13245 14430 2418 15451 13050 4569 16523 13764 14315 1796 15398 6653 14001 8416 8668 8274 15567 15941 21668 9286 21626 9041 9916 2649 8938 12329 17334 3435 3449 7094 8243 8445 4101 12006 1732 1522 14775 11905 3780 18735 8566 4439 17702 17813 7369 12922 11504 14552 13173 9309 10095 4936 7947 5159 13982 12604 17165 14489 21388
4183 10453 2939 4194 3894 9338 9509 4297 13391 9398 9476 11957 10429 10644 2127 11660 9623 11196 8696 7013 5353 12845 8524 6662 8410 7800 8194 6863 4649 9115 5617 7315 8020 12723 2512 5089 4829 10402 6408 5741 1955 10598 923 9334 7739 6676 1700 9320 8265 7142 11082 9370 6203 9838 9022 11853 7466 3198 4944 9597 6188 11359 5762 1446 8421 7999 9336 7631 8276 8067 8151 8807 5353 11431 11140 7974 1708 12187 8417 5832 8501 7752 9523 6079 6730 6401 6754 7551 5560 9382 10797 5188 12277 3534 8370 8566 9340 0 3831 11207 12284 8920 8404 13154 7813 7104 9467 10230 8026 7239 5863 5153 6156 8621 8624 12563 9823 7847 8074 11633 5788 8746 4230 6765 9952 8015 4736 9389 5559 5631 3802 11727 5197 5278 9203 4154 7711 5966 7112 12078 4932 5002 8187 6910 11282 8449 9361 3629 5806 1124 3584 6273 11161 8673 9201 6434 5437 9181 7906 8704 4966 9713 12380 6426 3036 3972 10591 10193 12420 8665 13989 8448 11234 4948 8673 11944 6979 6870 4274 10921 6067 10089 5871 6559 9852 4683 5321 7868 12599 7542 10732 5544 10137 9880 8587 10178 1163 3275 9606 6533 8906 9494 9573 7009 7880 4468 5409 9625 10000 6113 9505 12120 6672 4282 6841 3605 9730 10982 7954 8696 9337 8508 9164 8743 9676 9285 12402 9971 1040 4734 4246 6940 12689 11909 2751 9067 7790 9661 9622 6480 8840 10385 10793 10545 4453 9560 6207 4411 8247 7128 6327 6892 9246 12013 11673 9411 8715 11210 2913 12136 4775 7001 5568 7872 8396 11418 9516 9059 6381 8495 10680 4509 8132 7896 7177 4264 4369 5046 9549 10090 9974 11208 7197 9740 8982 12238 3778 7952 8703 13728 8751 10197 7129 3674 8949 7174 1733 4556 2590 6679 2888 5675 6577 8180 6928 7146 2974 7625 3788 9184 6026 10532 5089 11137 7353 7821 9749 2089 7684 4918 8602 6506 8988 7952 4078 5930 9282 4282 3457 11693 9493 4325 9159 6140 3206 9267 3071 10207 13052 4425 9723 7762 12082 7953 7790 7061 8827 9392 7671 8683 13022 7816 11196 9262 4717 1665 9505 2150 7227 10056 12542 7442 12709 4721 8341 6962 9218 3100 8187 11629 9694 5473 9330 8400 9540 2670 10739 9447 7239 11466 5996 12954 1624 6242 10376 8953 10389 7934 8827 10019 5901 113 9486 9304 1711 9881 13514 4883 8154 6045 12318
7898 10175 6713 6005 4796 11021 5701 7652 17151 6981 9187 11379 13956 13810 5290 12647 13188 15026 10589 9891 6509 12869 11786 3659 5171 5558 9718 9693 8470 6430 5566 7726 5764 12487 5557 8916 2081 13538 7084 9334 4306 14092 2944 6580 11062 2983 2829 10155 9169 3311 7259 8053 3399 10170 9936 15680 10922 1909 1945 12364 2858 11823 3274 5260 12230 11706 12154 6010 11610 8957 11732 8943 8566 7676 7312 6257 2209 14065 7462 8933 11863 9828 6148 9905 7131 9644 9383 7415 7911 6174 7478 6740 13310 3869 7150 9216 11749 3831 0 11659 8492 11140 8952 9377 11640 7370 12598 13638 5993 11055 9233 8187 9546 6994 5574 16226 12048 9741 4760 15338 3733 6723 7657 8637 6336 11676 3568 6071 3564 1811 7632 12495 8812 1821 12754 7785 7387 8791 10866 15847 8731 6420 11946 6018 11437 10942 6581 2878 6398 4954 4529 10083 12203 10774 11188 7076 1832 11928 4439 8938 1390 12877 13598 5245 6820 5217 14339 12341 16232 11745 17773 6226 15060 5008 5567 13289 4363 10700 6497 11218 8500 6309 7741 3305 12777 7513 7464 9513 12459 11322 9642 9216 11523 10523 5485 13718 4176 574 6093 5950 10397 12605 10384 3380 5597 8278 1616 11771 8398 9180 6424 12161 10480 4845 5127 6488 8291 12552 6418 9100 6118 4865 11749 12574 10777 12924 13073 6202 2798 1291 6240 6598 16504 11895 4751 11742 7528 13478 7711 5981 10491 6715 12239 14051 7809 12445 3885 8184 11577 8208 10019 10456 12304 15747 15422 6729 5805 11207 1077 15966 2193 10646 2189 7021 4617 11464 12986 8953 9866 6758 10463 2310 4322 7814 3447 1533 8065 7402 13363 11004 13569 15036 4572 13566 10025 8415 125 11783 10633 17491 5053 12889 9869 4591 9405 5680 2169 7097 6325 2848 6715 8550 10389 4413 7475 3518 924 8637 6629 6466 9856 14361 4447 7643 5276 6592 9167 2010 10632 3904 5307 4435 5785 10266 3300 4048 5462 1545 7015 13524 9779 503 9410 9073 5810 13090 763 13384 14090 6875 12644 4083 15807 10698 10766 3705 12242 12817 4868 11880 16707 10003 7836 12963 3625 3570 13326 5975 3828 12825 12188 6061 12783 8506 12145 9820 13047 2575 8205 13220 10999 9266 13139 7535 10602 3560 12810 12250 9473 15260 9080 9163 5454 7673 12334 9489 14108 4692 6495 6659 8564 3940 13306 10038 5409 13368 17266 7492 5613 7696 12112
13377 2363 12425 7106 14986 3827 14940 14454 15963 18552 20403 3115 11813 9795 9554 22858 17894 16412 4530 7629 16550 1982 17968 15160 10479 7983 3862 7477 11923 17906 6108 3999 17405 2465 9227 12286 9955 9527 4828 10384 9255 11682 10974 9160 17176 11677 12366 2028 19469 12966 14925 5404 9529 20980 2360 17134 16593 9853 10245 19796 14235 22540 14932 11625 15177 15893 7692 6755 17586 19269 11076 19880 15499 16877 15117 6803 11648 23077 18949 16060 17693 5245 11220 13369 17827 16277 17404 4280 6699 17213 18193 16391 23467 14384 18715 2641 19965 11207 11659 0 17184 5473 2817 18034 14343 4314 9114 10939 17651 14284 15590 15597 9475 18638 9940 14255 20573 4788 15847 14052 8468 7271 14267 17864 12456 16188 14932 16965 15190 12498 12106 22933 14414 10902 11348 10332 4392 16519 14939 15155 13210 16208 15630 5922 891 19065 17991 8840 16921 11301 14662 13800 1832 5121 4735 4811 13135 19446 11124 2722 11152 9371 23537 6731 11059 7245 13861 20981 16201 8622 16776 7798 16720 6720 10115 23075 15970 13304 7311 22068 16940 13683 5835 10392 8306 15421 6528 18998 2162 14976 4541 14410 21285 1364 16723 11774 10071 11387 11815 17218 3453 9029 20777 14198 8054 11670 12569 5262 6011 8270 17590 1455 12537 15305 16754 14475 5623 22058 6434 19838 17150 12011 19628 14554 20875 17264 1493 13511 11308 12868 15422 5114 16472 1501 13956 7068 18685 14449 19367 5737 19941 12983 3072 11739 9296 8038 15544 11258 9670 18334 14825 10518 19015 14632 14588 18192 17179 1368 10949 16761 9770 11071 10723 18455 12803 1218 10969 2881 15681 6665 2113 9479 14006 3885 11992 10253 13567 6977 15849 1618 12067 16557 16167 14753 2554 16605 11536 14030 4628 16252 12401 20441 17626 14752 20105 17277 10884 7507 12452 12747 11526 16217 12568 12606 4333 14301 11149 3658 14658 17922 12836 16021 15646 17950 7775 18146 20537 12003 7902 7779 16340 16091 10469 5831 14433 15673 13760 10248 10021 22627 20619 11711 20271 7855 14289 15428 11530 19601 24237 15446 8246 11929 14578 7190 17893 10659 10341 18235 9274 9165 14800 18712 18429 16871 8052 12740 15649 11708 10798 7708 2674 17642 1790 11455 13327 17341 15117 9283 3480 22682 20866 13564 15797 18989 20743 8825 21557 19611 5782 15119 16218 17718 11477 17441 4722 2262 17599 15876 18105 17402 7191 11185 14392 20502 12158 18419 15940 7456 8604 5480 2182
16138 14986 15053 13880 11544 18073 2800 15566 25643 6962 12257 15406 22370 21994 13733 16814 21064 23421 17887 18003 12685 17554 19302 6418 6705 9205 16780 17783 16933 6221 12214 14086 7342 16831 13964 17365 8535 21706 13885 17803 12670 22488 11426 8208 18699 6212 10953 16430 14093 5265 2335 11922 8102 13915 16339 24048 18734 9902 8247 19183 6375 15309 7532 13672 20550 19841 20124 10452 19229 13929 20183 12814 16267 996 2125 10382 10590 19409 10249 16485 19506 17363 6074 18292 12161 17283 16379 13257 15835 4614 3829 13227 17423 10741 9652 15467 18157 12284 8492 17184 0 18679 15148 915 20022 13680 20784 21988 7822 19403 17041 15755 17940 8812 7261 24696 18168 17133 5000 23822 9278 9976 15636 14925 4831 19738 9246 4254 8174 6683 16056 16335 16910 7591 21188 16269 13010 16077 19092 24339 17066 12892 20164 11519 16590 17562 5931 10454 12009 13402 11460 18426 18400 18239 18513 13849 6874 18763 6137 14768 7688 21079 17964 10809 15303 12956 22831 18316 24703 19918 26262 9410 23424 11996 7086 17913 6858 19133 14512 14584 15428 3512 15371 7211 20806 14987 15311 15324 16962 19590 13287 17365 16540 16501 5231 22141 12652 9065 5449 10324 17334 20776 14816 5361 9131 16751 6884 19194 11581 17429 4989 17006 18955 11267 8419 14172 11833 17650 10753 13323 4596 5216 18388 20991 15539 20922 18668 3681 11244 7587 13290 12506 24972 16706 12309 19619 11426 21943 8363 11978 16094 4376 18903 22454 16223 20456 7567 16672 19909 13673 18171 18909 19516 24237 23914 6216 5688 16179 9526 24391 8714 19123 7507 10264 4586 16453 21378 14344 17765 10541 15291 9136 4175 13587 5726 8740 16281 15382 21690 17225 22018 23416 6768 22016 16554 824 8566 20205 17960 25983 4820 19557 16923 11465 13600 8834 10661 15205 14638 5709 15169 15919 18861 4818 14044 5234 9405 15390 14257 6126 18293 22749 9902 2883 9457 9474 11725 10265 18756 10537 4723 7861 6761 17953 9672 8237 3542 8729 15492 18869 13580 8026 13286 17254 13434 21449 9233 20690 18072 14142 20675 5496 24296 18680 18001 6787 20612 20501 7933 20127 25185 16388 3592 21062 10380 11584 21677 14393 6611 20729 16402 9089 17559 16991 20623 17016 21438 10504 13976 18242 16008 17584 21454 10436 15349 11658 18609 19126 17166 23745 16600 671 13889 13728 19529 15549 22219 5238 7152 3845 16621 12396 21768 14451 13734 21122 25758 15599 8582 15174 16581
9426 6885 8844 5145 12747 1646 16021 10770 10511 17950 18328 8282 6346 4463 6812 19802 13055 11036 1065 2647 13967 7407 13550 14770 12416 10128 2251 2612 7599 17500 6507 5068 16623 7931 6422 7832 10246 4172 4911 5640 7209 6226 9154 11834 12818 12508 10522 3911 16714 13637 16710 8809 10595 18479 3688 11744 12157 9269 10554 15645 13998 19866 14160 8647 10143 11097 2260 8948 13140 16540 5730 17566 11666 18105 16861 9200 10095 19351 17335 12211 13190 1327 13467 8714 15505 12212 13727 6131 3373 17303 18558 13618 20342 12453 17269 4338 16106 8920 11140 5473 18679 0 4585 19590 9337 5416 3655 5484 16722 9419 11526 11937 4618 17453 12105 8829 16796 1568 15883 8582 9428 10037 10547 14676 14540 11450 13531 17173 14164 12605 8123 20026 10282 11255 5895 6224 6494 12841 10224 9682 8928 13536 10730 7591 6219 15248 17681 8441 14584 8472 12456 9148 4041 484 753 4958 12942 15357 12668 5305 11299 3926 20273 8103 7377 5938 8402 17222 10732 3158 11323 10316 11366 6683 12262 19749 15361 8407 4756 19532 13504 15449 3406 11474 2940 11998 3717 15816 7634 10139 8851 10134 18060 4501 16625 6302 7813 10662 13934 15452 2170 3574 17978 14380 10230 7400 12549 718 9661 3599 17564 6927 7612 13166 15605 11279 9199 18641 8854 17363 17246 13589 15661 9370 17878 12381 5653 15281 9509 12425 12575 6604 11001 6941 11443 1613 16673 9104 18393 6963 16655 15095 2892 6279 5232 2630 14712 7000 4264 15581 10350 5415 14677 9163 9115 17802 16927 6559 10128 11323 10055 5960 11254 16791 14096 6544 5497 6112 11412 9384 6832 9645 14787 5994 12969 10213 9579 3897 10666 3880 6596 11192 15580 9422 3359 18297 11021 8951 957 10807 13974 16284 13814 12543 17580 16004 9480 4364 9038 13271 7896 12559 7672 13862 4922 14510 10325 3688 11439 17547 8130 10695 13989 18595 9702 16711 18645 10530 2616 8142 16427 15134 12672 976 12903 14600 15146 10218 6288 18970 18169 11417 17863 3288 11354 10246 10673 15058 21065 12308 2856 13192 9112 1870 13809 11923 4890 13562 11127 3705 9381 15184 18889 11915 8308 10581 10448 8408 12107 2467 8093 16302 7208 7082 8095 13469 9907 8594 5775 19201 17732 9144 10650 17319 17782 7592 17806 15450 1700 9656 12350 19307 8411 14586 1597 4614 12502 15827 17412 17733 3111 8848 9066 17774 9124 13631 10496 4045 10826 3524 7619
10815 2637 9787 4371 12169 3288 12715 11804 14800 15903 17592 4244 10636 9003 6832 20063 15619 14677 3528 5898 13740 4489 15490 12523 8530 6059 2348 5696 9529 15291 3391 1226 14716 4532 6527 9934 7380 8703 2011 8260 6458 10570 8157 7584 14685 9306 9550 1289 16661 10569 12988 4255 7180 18163 1203 15416 14140 7105 7682 17209 11618 19725 12224 8890 13079 13624 6772 4798 15124 16460 9428 17063 12869 14732 13164 4970 8837 20368 16163 13427 15253 3711 9446 11080 15010 13701 14719 1895 4372 14707 15772 13592 20677 11569 15944 321 17301 8404 8952 2817 15148 4585 0 16033 12243 1597 8057 9844 14940 12089 13022 12927 7476 15897 8092 13205 17887 3241 13313 12808 6040 5695 11627 15098 10623 13882 12147 14488 12448 9934 9585 20128 11887 8368 9924 7922 2178 13842 12644 13827 10761 13404 13430 3629 2917 16396 15397 6095 14104 8550 11845 11498 3333 4111 4050 1994 10513 16844 9011 735 8571 8356 20759 4366 8484 4435 12403 18288 14768 7371 15602 6083 14942 3958 8263 20306 13299 11155 4674 19251 14215 11719 3391 8075 7488 12706 4061 16225 4343 12748 4314 11932 18509 1572 14166 10537 7279 8645 9987 14416 2537 7992 17969 11681 6150 9263 9976 4765 5092 6272 15058 3777 10431 12488 14007 11733 4631 19303 4596 17021 14645 9933 16991 12602 18079 15024 4141 11546 8491 10193 12633 2657 15052 3606 11151 6115 15874 12696 16659 3234 17177 11173 3771 10604 6931 7155 12832 8863 8192 15529 12418 8630 16497 13380 13262 15582 14591 2945 8188 15168 7188 9163 8234 15664 10623 3105 9676 1549 13178 5033 2720 6859 11663 1601 9678 7608 11012 4521 13869 2121 10735 14800 13502 12973 1465 14647 8828 11994 3634 15115 10329 17850 14968 11935 17289 14518 8075 5002 9778 10302 8923 13539 10442 10408 1521 11792 8391 1179 11918 15313 10589 14211 12845 15611 5727 15374 17735 9196 6388 5144 13824 13365 8655 4449 11636 12928 11634 7605 7502 19907 17802 9046 17454 5853 11516 13455 8773 17157 21449 12688 7391 9720 13352 5800 15304 8419 8946 15866 7249 7862 13764 15990 16038 14686 5403 9925 13690 9027 8580 7052 4473 14877 4338 9098 11455 14700 13179 6511 1270 19934 18082 11162 13783 16199 17945 6010 18860 17029 4040 13656 13588 15727 8758 14644 4728 556 15512 13322 15436 14963 5066 8387 12611 17692 9422 16108 14811 5039 6745 2972 4131
16971 15818 15901 14795 12288 18974 3700 16365 26526 7354 12686 16195 23273 22908 14630 17258 21840 24269 18794 18916 13366 18363 20044 7153 7560 10065 17684 18696 17801 6669 13120 14979 7874 17626 14864 18230 9450 22619 14789 18698 13573 23392 12304 9005 19456 7127 11797 17312 14648 6170 3123 12743 9008 14367 17226 24891 19510 10810 9161 19855 7179 15711 8272 14533 21388 20653 21038 11318 19982 14491 21081 13302 17041 1743 2923 11237 11456 19937 10720 17244 20261 18274 6875 19143 12763 18046 17087 14140 16750 5126 4131 13925 17854 11508 10123 16352 18797 13154 9377 18034 915 19590 16033 0 20870 14574 21697 22896 8340 20247 17822 16519 18844 9263 8099 25591 18781 18043 5692 24713 10184 10803 16441 15585 5626 20541 9982 4804 8894 7571 16916 16754 17723 8504 22088 17159 13887 16814 19917 25219 17910 13593 20987 12405 17427 18227 6359 11368 12661 14270 12218 19270 19274 19149 19420 14752 7731 19440 7025 15642 8596 21992 18412 11702 16179 13870 23715 18914 25572 20831 27139 10247 24266 12907 7923 18386 7521 19993 15425 14987 16137 4352 16285 8119 21720 15748 16225 15938 17765 20420 14079 18184 17066 17373 5815 23043 13543 9950 6256 10928 18234 21690 15314 6195 9988 17622 7765 20102 12374 18340 5449 17825 19826 11993 9027 14957 12640 18172 11610 13831 5118 6100 19049 21846 16055 21714 19516 4523 12115 8442 14031 13396 25839 17527 13099 20533 11953 22810 8721 12872 16679 5142 19791 23358 17124 21370 8264 17550 20817 14281 18988 19807 20226 25123 24798 6626 6217 17010 10418 25245 9629 20016 8421 10776 5495 17283 22283 15205 18554 11380 16122 10051 5068 14466 6641 9651 17110 16296 22528 18103 22917 24262 7413 22878 17443 1455 9453 21061 18868 26865 5704 20212 17633 12218 14099 9406 11545 16118 15484 6610 16036 16664 19731 5728 14943 6064 10293 16289 15037 6569 19155 23596 10599 3191 10329 9989 12122 11123 19670 11448 5360 8516 7585 18866 10435 8924 4448 9640 16384 19402 14044 8916 13763 18166 14219 22292 10112 21405 18481 14892 21589 6403 25184 19595 18721 7690 21518 21257 8804 21039 26078 17040 3818 21866 11293 12414 22518 15254 7513 21643 17194 9636 18372 17867 21496 17738 22287 11414 14853 18750 16541 18424 22289 10911 15867 12567 19188 19805 18080 24620 17355 324 14754 14384 20432 16427 23024 5923 7604 4316 17535 13267 22634 14954 14583 21884 26642 16512 9431 16087 17385
3972 14872 4969 8646 9308 10797 17279 5026 6251 15943 13541 16486 5380 7269 7025 12938 3767 3399 9988 6784 9314 16321 4886 13989 15950 14749 10482 6902 3303 15940 11334 11768 14616 16624 7013 2818 12440 7247 10921 3988 8160 5677 8722 16499 4405 14464 9074 12379 10933 14950 18895 15257 13675 12852 12055 4041 3702 10771 12612 7242 13737 13699 12925 6380 837 1980 7835 14130 4475 10850 3952 12475 5017 19131 18952 14488 9459 11343 13629 5281 4402 9128 17106 1735 10900 4709 6703 12599 7877 16637 18079 8685 13291 9770 13893 12192 8205 7813 11640 14343 20022 9337 12243 20870 0 11831 6758 5907 14427 694 4307 5613 4869 14514 16039 6157 8960 9566 15488 5092 12948 15395 4852 8487 17671 2409 11397 16736 12476 13428 4015 13408 3573 13036 4541 4644 12923 6100 1579 4973 2968 8853 1457 12948 14877 7567 16245 10790 10230 6693 9218 1623 13269 9502 10049 10978 13148 7105 15584 12891 12755 6746 12983 12849 4986 9330 3904 9369 4906 6595 6652 15296 3421 10882 16122 12401 14017 1118 8014 13669 7113 17892 8878 14194 7739 6246 8252 9358 16377 1113 16128 3074 11110 13073 15807 5139 7784 11088 17271 11959 10939 6851 11865 14677 14847 3553 13193 9903 16076 6074 16642 15708 1815 9748 13223 6469 15681 11252 14316 11999 16604 16258 7610 1051 11397 3073 14876 17770 8842 12436 7909 12428 5138 15628 8088 8157 12368 2291 15628 12287 9812 18131 12218 5569 5438 7721 13182 3816 5383 10074 2477 3922 6031 5201 4788 16200 15770 15062 10714 4392 12343 3380 13295 13125 16202 15151 5180 13600 3655 14937 14963 11997 15910 12762 14972 11947 3874 7808 1793 12756 4663 3398 14209 2201 11811 20023 11590 525 9911 6548 16524 7805 6452 9259 12075 13277 9529 7428 5387 14486 4961 5976 1802 15982 11367 14809 10785 11072 6484 16029 1887 2727 11195 18576 14250 13496 14142 9761 6728 11698 15972 13245 16481 8652 10788 12675 17096 11964 5356 11116 12695 12136 12529 6491 7117 1463 10878 6043 13858 7099 7682 15535 5325 7470 5823 14716 5161 4446 15003 6127 6413 8130 18502 2578 11618 8484 1708 5665 14895 8379 16649 13368 16132 3491 1721 6060 1417 10417 12833 11636 11008 2479 1624 13513 11389 9432 9899 7049 8566 4204 5314 20688 6189 9146 10812 12617 3271 15307 15370 17372 7205 7706 2108 11834 6288 4373 6423 7280 15271 9314 16247
9932 3385 8814 3386 10765 4455 11191 10786 15047 14310 16114 4961 10956 9605 5769 18744 15000 14528 4444 6047 12381 5767 14661 10928 7150 4755 3241 5818 8876 13695 1804 407 13130 5620 5517 9318 5785 9298 910 7927 5204 10934 6758 6422 13848 7749 8119 2859 15305 9002 11568 3642 5643 16748 2704 15272 13351 5542 6089 16239 10022 18332 10644 7761 12656 13032 7404 3542 14316 15101 9458 15624 11872 13227 11737 3784 7371 19219 14636 12421 14468 4270 8136 10507 13588 12768 13628 813 4082 13116 14192 12277 19369 10119 14401 1885 16227 7104 7370 4314 13680 5416 1597 14574 11831 0 8543 10239 13362 11591 12106 11869 7295 14332 6770 13549 16779 3880 11719 13037 4486 4626 10628 13860 9268 13250 10619 12900 10883 8339 8778 18777 11035 6777 10100 7296 1182 12769 12039 13982 10021 12068 12907 2223 4225 15322 13800 4529 12694 7393 10440 10904 4919 4935 5045 855 8917 15857 7550 1632 6976 8854 19483 2872 7628 3172 12494 17170 14837 7768 15831 4903 14757 2406 6935 19048 11709 10718 3882 17836 13059 10296 3090 6543 8138 11579 3618 14971 5496 12209 4298 11140 17241 3157 12570 10823 6029 7079 8643 12915 3695 8493 16611 10089 4854 8603 8380 5766 4514 6160 13464 5039 10049 11061 12445 10564 4067 18077 3438 15609 13053 8478 15958 12312 16762 14445 5704 10124 7079 8603 11351 1212 15126 4815 9822 6773 14397 12566 15080 1703 15938 9823 5236 10952 6399 7786 11253 8225 8394 14184 11699 8496 15614 13592 13428 13986 12994 4113 6635 15118 5593 8994 6652 14144 9124 4332 9950 1982 12342 3979 3590 5263 10106 935 8137 6013 10136 4040 13536 3706 10951 14634 11911 12816 2886 13210 7246 11644 4537 15375 8873 16874 13916 10529 15885 12965 6601 4404 8747 8723 8017 12466 10041 8903 534 10202 6836 1772 10750 13717 10068 14011 11342 14049 4364 13831 16233 7711 6665 3548 12232 11792 7339 5003 10127 11365 10149 6009 6752 18741 16381 7453 16028 5769 10280 13135 7217 16353 20147 11479 8026 8215 13582 6209 14342 6912 9176 15151 5855 8201 14107 14832 14463 14162 3807 8548 13377 7995 7080 7812 5454 13328 5643 8498 11255 13673 12892 4969 1108 18718 16796 10467 13422 14678 16621 4578 17733 16066 4386 13721 12585 14273 7663 13332 5930 2120 15067 11726 13846 13381 4929 7100 12461 16322 8285 15450 15079 4563 5454 2658 5214
8291 10495 8211 6931 12842 5294 18018 9757 6856 18865 18185 11928 2701 1214 7446 18803 10502 7698 4678 2791 13678 11021 11495 15998 15018 12970 5732 3019 6309 18563 9147 8265 17487 11576 7115 6313 12258 942 7827 4213 8300 2571 10020 14763 10875 14586 11167 7540 16106 15551 19032 12133 12949 17994 7294 8363 10166 10925 12540 13783 15373 19185 15188 8649 7458 8708 1432 11907 11074 15964 2806 17274 10403 20091 19158 12206 11008 17768 17584 10883 11054 4356 16142 6759 15322 10647 12458 9332 5019 18680 20043 13196 19265 12815 17643 7850 14522 9467 12598 9114 20784 3655 8057 21697 6758 8543 0 1829 17483 7062 10021 10828 3414 18001 14820 5182 15261 4818 17301 4942 11855 13102 9521 13809 17094 9119 14184 18626 15025 14289 7166 19146 8825 13193 2490 5583 9707 11637 8017 6062 7460 13207 8215 10523 9873 13748 18796 10332 14451 8643 12604 7143 7573 4061 4381 7884 14424 13572 15079 8792 13123 313 19078 10862 6933 7870 4881 15687 7150 866 7668 13279 8065 9093 14960 18516 16413 6108 6276 18976 12488 17815 5722 13757 1015 11121 5573 14887 11275 7762 12371 8519 16983 8149 17923 2681 8601 12049 16532 15701 5804 99 17271 15975 13077 6226 14165 3894 13004 3422 18859 10568 5374 13302 16284 10696 12545 17368 11897 16951 18629 15959 13989 6471 17008 9800 9147 17656 10331 13801 12178 9622 7410 10591 11447 2046 16661 5887 19041 9835 15586 17638 6316 2626 5021 1133 15662 5937 1507 15039 8458 3300 12655 5522 5498 18861 18114 10213 11522 7839 12085 3663 13285 17034 16302 10199 1956 9606 9679 12479 10460 11663 16689 9282 15088 12052 8378 5427 7701 7532 3033 7873 16632 6225 6971 20516 12495 6277 4570 7152 16322 14388 12403 12681 17118 16572 10587 5579 8546 15133 7391 11399 5477 16063 8012 16112 11691 7003 10817 18627 6181 7464 14422 20241 12498 17125 18626 11443 2041 10470 17846 15973 15371 3611 13518 15397 17341 12061 6091 17466 17739 12980 17481 3539 11004 7303 11977 12787 19923 11674 996 15437 5465 2337 12113 14256 1615 11199 13779 823 5738 13969 20415 9251 10558 10977 7463 8145 14449 1704 11747 16804 10822 5838 5191 12021 6930 10295 9138 17851 16749 7463 7749 17529 16948 9152 16254 13585 4157 6108 10990 21440 8376 14021 4647 8175 9604 17198 18295 19233 4178 9367 5895 17135 8989 11119 6841 5185 13646 6063 11271
8286 12311 8486 8297 13270 7122 19199 9735 5027 19562 18386 13754 906 1510 8364 18553 9496 6163 6503 4266 13895 12838 10787 16876 16469 14528 7535 4503 6388 19331 10693 9983 18180 13403 8081 6253 13524 1629 9479 4552 9346 743 10894 16337 10258 15840 11903 9363 16105 16726 20341 13859 14331 18025 9113 6778 9544 12086 13791 13134 16325 19097 15992 9209 6479 7884 3248 13515 10373 15981 2324 17414 10210 21249 20454 13827 11866 17212 17987 10633 10308 6133 17612 6367 15553 10268 12189 11039 6490 19588 20984 13358 18966 13371 18104 9647 14020 10230 13638 10939 21988 5484 9844 22896 5907 10239 1829 0 18128 6359 9705 10705 4102 18540 16316 3365 14772 6604 18244 3132 13281 14736 9505 13723 18510 8316 14839 19569 15757 15389 7350 18954 8598 14414 1392 6115 11414 11430 7357 4272 7322 13416 7324 12138 11701 13312 19585 11598 14726 9282 13065 6683 9377 5887 6208 9537 15437 12975 16457 10579 14300 1570 18719 12417 7408 9236 3232 15191 5393 2482 5839 14877 6554 10569 16448 18144 17206 5533 7601 18955 12357 19150 7302 15102 2693 11114 7049 14741 13101 6997 14157 8215 16717 9977 18804 971 9510 13073 17969 16135 7629 1911 17198 17012 14635 6384 15238 5703 14731 4594 19729 12394 4934 13738 16910 10861 14275 16990 13532 17036 19541 17312 13448 5375 16853 8796 10935 18996 11175 14781 12384 11274 5642 12418 11877 3874 16952 4533 19612 11440 15351 19045 8106 803 5842 2915 16422 6193 2081 15094 7983 3417 11937 3709 3716 19623 18945 12042 12564 6169 13362 3518 14540 17442 17586 12028 803 11392 9240 14127 12281 12944 17846 11014 16351 13256 8330 6826 6486 9361 1435 6350 17423 4871 8792 21770 13544 5388 6396 5323 17662 13707 12055 13135 17174 17142 11540 6869 8871 16292 7795 11225 5056 17347 9705 17150 12717 8763 10957 19402 5852 6031 14970 21251 14045 17612 18882 12286 3584 11886 18782 16678 16856 5396 14172 16093 18610 13267 6773 16958 17801 14054 17573 4837 11276 6123 12969 11910 19583 11775 2728 16746 3646 4058 11606 15614 1405 10302 15261 2043 3923 13689 21372 8207 11947 11609 6241 8611 15807 3368 13575 17340 12639 6004 4202 11662 5739 11491 10891 17423 16538 7191 6584 17913 16812 10336 15738 12940 5874 4397 10717 22652 8936 14088 6416 9982 8378 18122 18984 20189 5601 10123 4585 17100 9464 10125 5013 6493 15190 7678 13098
10503 16099 9819 11627 5120 16825 6237 9437 20597 1518 4538 17205 18218 18648 10117 9030 14422 17692 16312 15023 5522 18816 12378 2759 9412 10904 15552 14863 11976 1762 11557 13714 496 18386 10484 12280 7818 18413 13041 13578 9521 18419 7599 11262 11929 6956 6328 16128 6316 5927 8319 13714 8716 6131 15898 18197 12155 7845 7565 11784 3695 7614 2719 8919 14731 13657 17348 11675 12407 6166 15927 4996 9780 6844 8210 11853 6634 11598 2468 9815 12691 15460 9837 12845 4539 10626 9258 13397 13364 3217 4376 6160 9655 4787 1886 15198 10614 8026 5993 17651 7822 16722 14940 8340 14427 13362 17483 18128 0 13740 10599 9183 14127 1208 10039 20089 10524 15449 3214 19078 9465 12083 9589 7525 9228 13437 3300 3568 2562 5480 10982 8593 10903 7021 16989 12019 13351 9206 13140 19280 11566 5878 14121 11927 17411 10141 2101 8848 4664 8864 5230 12823 18165 16409 16880 13038 4678 11392 8420 14929 6667 17721 10170 11125 10724 10980 17935 10626 19333 16689 21062 11497 17587 10986 9941 10097 1822 13814 11966 6894 8351 8256 13412 8128 17877 8422 13008 7702 18380 13695 15328 11405 8728 16511 2634 17955 8999 6306 9417 2776 16250 17513 6994 4338 10906 11898 5308 17397 13888 14139 2908 18117 13923 4680 1226 7969 13878 9835 12089 5502 3230 8135 10936 15474 7720 14453 19065 8279 7254 4803 6633 12573 19564 17844 6406 17047 3614 16639 1719 11952 8379 9254 18125 18353 12462 17581 2108 12001 16215 6048 12142 14722 12340 19360 18976 1931 2135 17164 6792 18745 7983 14724 7310 2442 7252 17425 17377 14921 11374 12296 16394 8216 5674 13796 6996 7427 10573 12838 15826 16974 17682 17635 1691 16611 15970 8319 6117 14757 16342 20913 8004 12071 9798 5181 5778 1216 7248 12419 9396 5816 10366 9136 13804 7241 13452 4327 6587 14570 7974 1867 13063 17023 3244 5218 10775 1653 4128 6195 15706 9882 3229 1598 9937 15786 3967 2123 7227 7434 11413 11063 5782 5961 5475 14153 7310 15691 6208 13527 10336 7512 17747 7537 19456 15943 10929 8202 16740 13673 9822 16689 20484 8923 4786 14742 9606 6526 15881 9534 8191 18062 18063 1328 18738 12245 15517 9986 15792 8471 14191 10421 8201 11983 15565 2647 7531 9243 10871 11761 15023 18562 9887 8329 9193 6338 18051 15479 15863 2990 960 4025 13843 8123 16452 6629 8690 14335 20751 12783 10695 13446 18023
3310 14703 4356 8340 8622 10823 16671 4333 6944 15257 12859 16323 5896 7663 6581 12342 3642 4035 10008 6814 8621 16253 4452 13335 15456 14331 10425 6911 2860 15260 11000 11551 13933 16520 6601 2374 11924 7618 10681 3901 7699 6188 8155 16062 3899 13907 8451 12296 10269 14361 18314 14955 13185 12191 11968 4645 3185 10252 12086 6782 13100 13064 12265 5798 1191 1686 8053 13756 4033 10182 4273 11797 4336 18506 18366 14116 8863 10853 12936 4616 3996 9113 16606 1193 10209 4075 6065 12344 7717 15974 17415 7993 12712 9097 13199 12055 7675 7239 11055 14284 19403 9419 12089 20247 694 11591 7062 6359 13740 0 3641 4928 4854 13822 15565 6815 8429 9533 14837 5749 12495 15015 4161 7823 17140 2070 10724 16078 11808 12834 3466 12798 2880 12489 4973 4322 12659 5437 1000 5663 2338 8160 1348 12608 14783 7002 15567 10317 9537 6126 8537 977 13286 9550 10112 10736 12533 6615 15061 12716 12197 7078 12423 12471 4502 8977 4557 8844 5595 6820 7344 14892 4020 10521 15643 11842 13349 1012 7736 13021 6445 17328 8704 13678 8017 5554 8057 8714 16282 723 15880 2381 10510 12990 15144 5646 7277 10509 16754 11266 10917 7152 11219 14052 14428 3126 12594 10014 15761 6030 15973 15624 1808 9061 12538 5779 15375 10690 13958 11326 15941 15717 7094 1744 10768 2986 14882 17209 8259 11820 7216 12132 5824 15531 7413 8328 11677 2979 14935 11960 9194 17593 12277 6083 5198 7970 12513 3437 5631 9397 1807 4037 5610 5877 5467 15520 15099 14947 10149 5049 11832 3525 12757 12431 15636 15047 5603 13405 3018 14575 14807 11496 15306 12526 14412 11416 3202 7604 2309 12714 5185 4017 13539 2895 11737 19418 11009 1132 9936 7242 15975 7366 5838 8576 11406 12588 8965 7190 4766 13898 4426 5304 1748 15419 11143 14183 10213 10928 5792 15350 1525 3358 10511 17922 13835 12802 13456 9153 6835 11274 15317 12569 15996 8682 10121 12000 16516 11433 4984 10605 12028 11554 11857 6438 6432 2046 10292 5742 13294 6405 7951 14986 5999 7567 5271 14197 5498 4181 14538 6384 7085 7512 17839 2599 11180 7845 2275 5090 14374 8634 16527 12677 16067 3130 2263 5444 2069 9924 12617 11095 10391 1826 2095 12820 10754 8973 9385 6586 8533 4897 4657 20068 5620 8463 10932 12484 3485 14653 14684 16714 7102 7134 2795 11181 5675 4212 7115 7076 14836 9134 16138
2213 15460 3306 8731 5624 12640 14449 1590 10503 12111 9256 17061 9376 10841 6366 8849 4026 7225 11838 8909 5200 17465 2667 10696 14198 13649 11904 8917 3933 12236 11010 12189 10861 17552 6591 3771 10636 10736 11248 6014 7192 9654 6726 15196 1876 12215 6406 13565 6628 12369 16304 14967 12041 8550 13234 7660 1705 9048 10713 4208 10670 9456 9580 4606 4339 3079 10711 13386 2415 6544 7433 8179 819 16087 16319 13739 7082 7847 9495 975 2649 10846 15275 3338 6700 693 2485 12737 8930 13169 14587 4550 9274 6323 9817 13078 4589 5863 9233 15590 17041 11526 13022 17822 4307 12106 10021 9705 10599 3641 0 1423 7026 10512 14456 10456 5299 11170 12196 9390 11647 14552 1633 4182 15566 2838 7905 13337 9016 10845 3498 9255 1245 10933 8321 5365 12980 1796 2769 9255 2624 4775 3597 12496 15910 3758 12561 9465 6124 5015 5638 3040 14967 11519 12110 11292 10347 3873 13604 13521 10558 10113 9061 12132 4540 9032 8199 5727 9042 9563 10826 14287 7067 10399 14495 8496 10521 4217 8349 9388 2806 15481 9755 12317 10862 2178 9062 5093 17364 3322 16175 1505 7014 14231 12346 9113 6479 8771 15292 7958 12524 10098 7593 11720 13731 4126 10570 12208 15671 7927 13092 16774 4772 6000 9453 2869 15355 7347 13676 7695 13146 14095 4136 5315 7177 3910 16471 15388 6670 9664 3971 12299 9237 16623 4736 10812 8167 6587 11620 11957 5647 15946 14175 9555 6410 10729 9701 4528 8515 5778 1835 6728 3512 9506 9093 12470 12200 15966 8567 8294 10601 6372 11262 9018 13809 16122 8910 14071 775 14248 15630 10361 13149 13011 12676 10038 2023 8614 5343 14158 8685 7141 10687 6457 13074 17182 9225 4773 11793 10783 14283 4853 2382 5650 7768 9400 7478 8083 3451 11922 4103 1675 4652 13618 11768 11838 8560 11970 2786 12333 3874 6580 7484 15205 13191 9475 9874 7223 9200 10692 12621 9633 14791 10632 7397 9107 14553 10057 5571 7498 8389 9727 8224 8249 3607 5289 8508 4366 9912 3087 10770 13316 9632 9840 2313 12795 8616 3585 13525 9242 10719 3985 15018 4147 10517 5674 5440 4170 12948 11384 17465 9428 17298 4452 5858 2002 5475 8953 13210 7835 6838 2559 5078 9363 7151 8329 6307 4022 10234 8470 1025 17685 4601 4877 13120 13509 5283 11985 11558 13959 8638 5792 6407 7544 4181 4143 10682 8151 14017 10119 17149
2564 15252 3188 8563 4260 12907 13211 1171 11851 10694 7933 16824 10458 11737 6112 7990 5336 8633 12128 9394 3781 17410 3618 9374 13266 12927 12051 9367 4539 10831 10606 11998 9452 17424 6401 4520 9752 11604 11054 6671 6753 10725 5932 14387 2951 11161 5370 13591 5424 11216 15115 14481 11181 7353 13265 9080 3013 8239 9795 4451 9403 8396 8254 4126 5722 4501 11371 12783 3490 5316 8391 6879 613 14791 15120 13127 6123 7505 8086 750 3762 11123 14306 4407 5307 1528 1817 12437 9073 11798 13209 3133 8480 5014 8399 13017 4374 5153 8187 15597 15755 11937 12927 16519 5613 11869 10828 10705 9183 4928 1423 0 7632 9090 13570 11715 4979 11400 10864 10652 10902 13897 1390 3018 14514 4258 6560 11978 7667 9712 3827 8318 2136 9946 9344 5715 12648 924 4129 10584 3394 3353 5010 12008 15841 3470 11158 8777 4706 4517 4303 4194 15137 11873 12463 11093 9158 4041 12611 13366 9549 10952 8358 11566 4627 8717 9460 5391 10422 10286 12201 13583 8484 9963 13596 7822 9155 5361 8287 8255 1662 14345 9800 11375 11601 778 9118 4061 17258 4691 15779 2590 6188 14234 10979 10191 5970 7768 14279 6535 12707 10897 6494 10472 13003 4664 9429 12639 15137 8381 11707 16703 5803 4615 8045 1699 14852 6706 13101 6429 11777 13042 4091 6645 6182 5289 16582 14261 5812 8494 2567 11923 10625 16530 3517 11396 6777 7904 10198 11523 4780 14869 14447 10631 6712 11431 8343 5021 9327 4486 3148 7537 4146 10803 10393 11061 10815 15854 7629 9701 9739 7255 10290 7604 12693 16029 9903 13851 2198 13647 15445 9539 11940 12742 11601 9135 2455 8694 6751 14244 9789 8554 9315 7796 13138 15928 8193 6049 12095 12139 13206 5061 2048 4307 6531 7982 6620 8144 3149 10779 4123 628 5677 12513 11583 10586 7595 11942 1562 10929 4867 7983 6094 13846 12491 8053 8529 6198 9780 10070 11275 8250 13869 11001 6085 7734 13389 9153 5724 7084 7158 8669 6964 8654 2397 6679 7495 5198 9173 1679 11498 12255 10923 10364 2646 11832 9526 4752 12686 10023 12006 3247 13639 5558 9870 4624 6840 3900 11973 12071 17301 8005 17253 5037 7066 1823 6846 8238 12977 7267 5926 3533 6486 7958 6128 7769 5971 4296 10517 9809 893 16392 4206 3536 13532 13439 6684 10648 10143 12595 8918 5104 7720 6399 3622 5367 12027 8279 13240 10125 17018
5068 10114 4829 4580 9429 5971 15144 6507 8068 15534 14787 11711 4430 4533 4264 15616 8495 7241 5154 1977 10285 11454 8937 12782 12689 10980 5615 2059 3114 15271 7226 7161 14152 11776 3991 3266 9551 4316 6411 1028 5272 4551 6795 12797 8214 11842 7844 7522 12782 12675 16368 10887 10476 14649 7202 7984 7546 8048 9804 11068 12223 15892 11915 5247 5702 6513 3741 10119 8525 12631 2345 13892 7274 17181 16471 10460 7770 14873 14172 7794 8572 4265 13851 4096 11922 7697 9354 8099 3214 15491 16884 9819 16111 9422 14236 7395 11613 6156 9546 9475 17940 4618 7476 18844 4869 7295 3414 4102 14127 4854 7026 7632 0 14610 12612 6844 12325 4697 14143 6096 9502 11387 6273 10547 14662 6852 10827 15468 11707 11309 3847 15916 5784 10399 3269 2169 8452 8493 5616 6878 4402 9816 6191 8802 10024 10781 15517 7646 11044 5265 9194 4530 8431 4711 5283 6471 11338 10797 12577 8158 10258 3622 15976 8909 3519 5469 5339 12753 7618 2722 8802 11420 7486 6949 12730 15430 13134 3853 3863 15650 9270 15207 4217 11194 4029 7839 3694 11654 11523 5566 11553 5580 13820 8215 14711 4205 5408 8979 14155 12290 6074 3459 13979 12915 11086 2968 11151 5259 11744 1215 15638 10849 3071 9890 12918 7331 11315 14297 10219 13588 15443 13397 11135 5131 13765 7839 10029 15058 7081 10680 8792 8097 7908 10776 8034 3788 13251 5273 15659 8102 12412 15183 7439 4514 1741 3824 12362 2620 2092 11695 5741 1208 10069 6597 6358 15565 14863 10227 8474 7828 9400 1702 10551 13622 13603 10305 3442 8909 6839 10839 10181 8990 13782 8196 12358 9237 5187 3316 6410 7887 4126 7354 13352 5529 6949 17753 9454 4560 5084 8409 13732 11702 9375 9270 13765 13188 7439 3135 5147 12234 3983 8232 3113 13366 6790 13053 8623 6298 7462 15339 3513 6747 11029 17150 10480 13722 15218 8194 2174 8120 14682 12643 13127 3834 10160 12061 14613 9249 2715 14521 14382 9970 14114 1636 7605 5992 8869 10441 16800 8329 3916 12790 6620 2833 9265 11716 2700 8957 11547 2596 7368 10850 17270 7414 8136 7604 6222 4731 11908 4449 11818 13411 11265 2602 3986 9011 5706 7482 8203 14821 13546 4559 6339 14116 13693 6330 13333 10871 3698 6512 7920 18607 4973 10676 6181 7811 8125 14022 14959 16087 2415 6051 5172 13823 5576 9054 8139 2838 11599 4657 11405
10669 17153 10114 12416 5311 17645 7393 9489 20739 1970 3449 18297 18573 19143 10742 8003 14194 17698 17098 15631 5321 19858 12073 3946 10611 12055 16391 15484 12273 2596 12531 14674 1675 19453 11120 12538 8895 18921 13966 13993 10246 18787 8298 12455 11693 8142 6951 17060 5556 7131 9455 14836 9853 5107 16819 18166 11985 8792 8655 11264 4866 6517 3760 9365 14752 13590 17952 12790 12142 5431 16293 4056 9699 7853 9338 12979 7371 10724 1470 9665 12424 16218 11044 13000 4048 10460 8928 14408 14082 4208 5182 5974 8611 5188 887 16146 10019 8621 6994 18638 8812 17453 15897 9263 14514 14332 18001 18540 1208 13822 10512 9090 14610 0 11235 20332 9854 16235 4391 19302 10558 13238 9663 7086 10430 13338 3922 4592 3449 6630 11277 7527 10950 8140 17351 12466 14380 8991 13152 19433 11738 5737 14089 12984 18430 9631 2905 9804 4406 9359 5486 12938 19080 17162 17652 13966 5807 10892 9620 15920 7770 18227 9155 12190 11140 11823 18140 9915 19412 17230 21166 12658 17566 11938 11139 9124 3006 13983 12705 5792 8068 9439 14199 9293 18451 8357 13757 7093 19437 13713 16449 11453 7863 17469 3736 18306 9661 7254 10624 2561 17097 18036 6072 5544 12060 12220 6442 18141 15035 14714 3826 19153 14158 4846 1893 8054 15012 8954 13205 4614 4232 9343 10395 15565 6839 14283 20033 9467 7944 5865 6614 13592 19632 18884 6681 17687 2845 16766 1114 12974 7670 10448 18983 18716 12992 18167 3150 12361 16683 5483 12152 15123 11926 19552 19160 2648 3179 18199 7711 18761 9054 15082 8443 1669 8459 18456 17772 15946 11286 13432 17445 9262 6876 14807 8194 8470 10716 13557 15819 17901 18008 17629 2890 16713 16875 9358 7115 14877 17122 21047 9211 11495 9453 5422 4865 1450 8039 13111 9705 7010 10745 8960 14036 8448 14394 5534 7508 15470 8032 2695 13268 17038 3581 6086 11909 1039 2971 6943 16292 10898 4355 2567 11141 16503 4557 2969 8417 8479 11911 10200 4781 7012 4505 14758 7456 15716 7126 13103 9267 7460 18323 8742 19655 16574 10585 9384 17168 13386 10995 17195 20703 8408 5561 14616 10619 7032 15892 9930 9379 18674 19140 1200 19774 12582 15707 9680 15844 9394 15196 9511 7355 12118 15556 1663 6655 10086 10111 11259 15755 18694 9718 9280 9639 5949 18828 16441 15711 4175 1661 4970 14505 8709 16579 5720 9077 14056 20901 13462 11865 14261 19084
12772 7725 11500 8061 10363 11223 5293 12870 20678 10327 14137 8220 16884 15979 9022 18019 18239 19268 11186 12072 12059 10315 17093 7291 666 2034 10001 11836 12736 9512 5687 7161 9621 9623 9078 13222 3823 15675 7195 12824 7880 16931 7734 1233 16327 3122 8242 9342 14602 4141 4985 4671 2421 15370 9295 19980 16085 5427 3779 17872 6398 17016 7741 10008 16753 16546 13888 3295 16870 14393 14957 14120 13875 7043 5178 3165 7451 19619 12167 14299 17104 10859 1366 14372 12509 14948 14899 6210 9831 8302 8895 12312 18684 9428 11705 8413 17311 8624 5574 9940 7261 12105 8092 8099 16039 6770 14820 16316 10039 15565 14456 13570 12612 11235 0 19413 17621 10538 7211 18707 3131 2721 12827 14211 2539 16600 8814 7950 8341 4783 12131 17794 13815 3757 15827 11548 5915 14253 15612 19463 13389 11989 16664 4548 9329 16491 9461 5250 11863 9617 10102 14651 11238 11633 11799 7147 5644 17438 1643 7628 4198 15131 19024 4008 11064 7146 17915 17916 20095 13975 21400 2149 19387 5746 176 18753 8231 14973 8775 16357 14040 3750 9108 2271 14613 12953 9272 15071 9736 15984 6109 14142 17019 9336 8111 16697 8307 5872 1899 11058 10461 14790 15755 5730 1943 12487 5042 12513 4420 11776 8765 9751 14538 10382 9676 11887 4617 18072 3543 14377 8239 2269 17289 16825 16220 17874 11418 3580 7789 5937 11798 5558 20382 9452 10264 13302 12624 17477 11539 5143 16040 3084 11859 16924 11101 14254 8267 12254 14282 13706 14905 13760 17717 19207 18958 9736 8694 8918 5946 20079 3855 14124 3386 11848 3213 9192 15852 7133 15002 3281 8030 4121 4776 6494 3046 4436 12966 9494 17830 10097 16699 19320 8348 17642 9544 6665 5529 16049 11274 21019 2613 18415 15365 10162 14688 10279 6979 9516 11192 4225 11168 13994 14479 3094 7216 5766 5994 8541 12044 9485 14156 18645 9737 8427 2409 11225 13943 7426 12798 4494 7554 8867 569 11539 8731 8755 3985 4417 10769 19076 14977 5178 14612 11490 11260 17494 6152 18746 19453 12388 14489 2576 19232 12533 16200 1950 15054 18010 1065 14305 19951 15574 9029 17805 4501 8981 17742 10632 1899 14392 9207 10673 10312 12588 16091 15284 17365 5652 6860 18738 16486 13929 17642 12291 16039 6610 18382 17747 10810 19022 14455 7781 10108 13229 12698 8435 18901 7347 10070 8207 10716 8707 17328 15394 10335 18505 20751 9866 1353 8801 9353
9679 15675 10272 11352 15027 10455 21896 10979 1776 21578 19644 17109 2593 4498 10964 19025 8876 4487 9860 7515 15304 16124 10708 19192 19516 17701 10900 7749 8123 21455 13878 13309 20210 16719 10748 7810 16386 4744 12761 6893 12049 2635 13343 19518 10401 18661 14140 12722 17083 19440 23193 17183 17317 19006 12476 4811 9739 14849 16633 13036 18751 19847 18220 11332 6326 7847 6574 16740 10338 16996 4527 18594 11136 23900 23291 17063 14263 17144 19578 11431 10188 9494 20674 7387 16932 10863 12857 14355 9672 21909 23337 14700 19341 15310 19785 13012 14169 12563 16226 14255 24696 8829 13205 25591 6157 13549 5182 3365 20089 6815 10456 11715 6844 20332 19413 0 14916 9967 20630 1066 16324 17981 10775 14638 21504 8269 16881 21938 17888 18022 9113 19522 9604 17210 3589 8446 14729 12252 7730 1719 8613 14830 7222 15375 15035 13618 21735 14489 16199 11503 14877 7533 12637 9243 9540 12820 17959 12986 19421 13940 17045 4903 18986 15597 9549 12271 2258 15304 2826 5836 2569 18086 4897 13691 19537 18401 19398 6401 10638 19826 13260 22044 10550 18039 5951 12291 10224 15515 16413 7215 17517 9129 17212 13329 21098 2740 12051 15652 20992 17818 10985 5259 18021 19541 17807 8225 17841 8996 18056 7646 21994 15707 6175 15489 18864 12326 17602 17268 16783 18134 21867 20240 13548 5204 17541 8250 14158 21897 13576 17271 13836 14547 2965 15743 13688 7216 18389 3936 21436 14672 15943 22026 11348 2605 8503 6219 18581 8188 5185 16199 8621 5794 11760 1127 1505 21735 21163 15386 15174 3939 16238 5581 17377 19054 20428 15364 3608 14752 9811 17387 15642 15831 20523 14347 19178 16049 9652 9946 5746 12694 2720 4686 19607 4151 12153 24545 16144 5683 9752 2022 20572 13516 12587 14933 18219 19007 14067 9897 10697 18990 9812 12116 6296 20192 13016 19679 15304 12114 12378 21535 7068 4739 16853 23699 17208 19344 20220 14652 6887 14934 21153 18753 19939 8760 16229 18166 21426 16063 9211 16990 18842 16677 18667 7958 12881 5552 15509 11400 19864 13090 6009 19626 977 7410 11869 18560 4399 9857 18350 5361 559 14265 23743 7634 14964 13714 5532 10648 18752 6575 16906 19150 15925 7906 4668 12199 5231 14307 14237 17594 17136 8285 5956 19477 17538 13161 15795 12857 9214 2397 11469 25365 11074 15247 9640 13347 7326 20483 20997 22571 8773 12451 4101 17991 11458 9477 1710 9549 18345 10946 16425
7378 20164 8165 13517 7289 17844 16030 6136 14512 11805 7065 21714 14323 16009 11057 4289 6305 10863 17054 14196 5697 22375 4217 11900 17208 17319 17021 14195 9225 12278 15420 16929 10955 22366 11362 9068 13926 15929 15987 11312 11599 14616 10450 18586 4557 14833 9498 18570 4322 14532 18104 19177 15353 5578 18244 10997 5258 12618 13895 2037 12295 5583 10871 9021 8614 7089 16002 17358 4578 4428 12582 6038 5147 17173 18058 17685 10346 2555 8430 4592 4740 16052 18122 8505 6019 4635 3170 17309 14039 13679 14900 5334 4483 8234 8975 17985 755 9823 12048 20573 18168 16796 17887 18781 8960 16779 15261 14772 10524 8429 5299 4979 12325 9854 17621 14916 0 16347 13193 13879 15301 18378 6337 3434 18072 6658 9255 13980 10175 13191 8688 4908 6541 13868 13381 10588 17497 4056 7430 13440 7923 5670 7710 16728 20803 1548 12615 13324 6204 9387 7530 8136 20105 16767 17358 16024 12451 1957 16410 18306 13431 15332 4075 16206 9587 13610 12740 429 12875 14841 14609 17993 10553 14758 17614 3490 11323 9248 13263 5884 3756 17597 14778 15353 16131 5201 14095 2844 22208 7848 20554 6771 2702 19210 12966 14074 10786 11771 17968 7853 17670 15341 4313 13386 17382 9406 12898 17485 19770 13203 13420 21664 9916 7352 9756 6237 19524 2384 17707 5415 13680 16644 1369 9768 3520 6798 21559 17551 10242 11919 5852 16744 12986 21485 7447 16111 7009 10998 10772 16301 2198 18327 19384 14511 11616 16010 10681 9799 13761 4500 6818 11989 3273 13847 13437 12410 12589 20804 11791 11855 13957 11597 14237 8194 16086 20984 13999 18760 5583 18212 20367 13844 14964 17630 15188 13294 7219 13669 9214 19222 13610 10709 11403 10766 18117 18537 12093 9483 17015 14726 16718 1883 2989 7476 5262 9389 10998 13120 8121 14159 9091 4356 9805 15952 16517 13467 11700 16917 6051 12383 9080 10370 8427 15729 16928 8935 7799 10269 14498 14670 13446 10320 17823 15884 9090 10004 16560 13312 10676 2206 5670 12463 5750 13510 6642 9369 11493 4110 4953 5420 16042 15861 13990 15135 3167 15739 13795 5265 16863 14499 15058 2056 15308 7380 14440 8808 9409 8867 15847 16669 22228 9197 22219 9743 10671 3326 9686 12763 17885 2682 2938 7822 8984 8242 3637 12493 1010 2171 15442 12644 4449 18733 9134 4543 18392 18405 8065 12950 11387 14505 13840 9799 10846 4531 8495 5835 14711 13246 17527 15104 21959
8990 5745 8227 3823 11731 1526 14493 10229 11577 16629 17320 7257 7405 5793 5812 19095 13163 11674 863 2850 13065 6770 13396 13392 10848 8566 970 2691 7336 16145 4944 3549 15323 7144 5427 7651 8740 5490 3343 5635 6016 7333 7965 10284 12626 10979 9368 2900 15889 12128 15149 7363 9041 17590 2604 12404 12005 7848 9049 15361 12592 19037 12838 7787 10397 11168 3566 7396 12999 15706 6351 16617 11202 16574 15302 7656 8866 18893 16208 11760 13082 484 11899 8674 14542 11863 13214 4621 2371 15877 17106 12771 19661 11352 16104 3045 15689 7847 9741 4788 17133 1568 3241 18043 9566 3880 4818 6604 15449 9533 11170 11400 4697 16235 10538 9967 16347 0 14455 9595 7871 8506 10019 13981 12972 11482 12322 15732 12888 11143 7681 19271 9948 9754 6747 5808 4990 12320 10234 10637 8659 12657 10877 6032 5388 14806 16313 6978 13616 7556 11427 9109 3813 1108 1447 3391 11520 15041 11106 3975 9819 5118 19641 6535 6773 4526 9250 16768 11614 4136 12382 8768 11969 5144 10694 19137 14022 8542 3576 18659 12891 13886 2038 9924 4295 11364 2526 15128 6875 10236 7555 9875 17402 3578 15219 7315 6700 9288 12366 14345 1388 4754 17176 12924 8669 7102 11101 2071 8227 3503 16155 6187 7767 12128 14366 10548 7766 18057 7315 16458 15819 12028 15290 9767 17140 12519 5373 13718 8323 11032 11740 5052 11894 6139 10487 2919 15637 9700 17141 5398 16010 13527 3056 7369 4760 3951 13406 6688 5022 14747 10208 5731 14484 10170 10070 16446 15545 5642 8760 12084 8547 6284 9738 15672 12549 5686 6461 4789 11161 7858 5746 8142 13276 4519 11434 8739 9163 2838 11062 3190 7534 11813 14240 9997 2313 16742 9620 9244 894 11889 12415 16006 13360 11516 16692 14793 8206 3376 8354 11772 7280 12028 7804 12315 3374 13052 8960 2209 10720 16187 8120 11260 12842 17113 8136 15540 17593 9292 3213 6603 14996 13854 11105 1209 11714 13336 13597 8743 5676 18482 17263 9991 16943 3097 10532 10641 9320 14982 20404 11570 4190 11642 10137 2576 13481 10368 5753 13560 9559 4639 10526 14622 17427 12108 6778 9509 10862 7664 10551 3934 7230 15107 6578 6841 8547 13040 10332 7173 4341 18645 17040 8958 11009 16205 17032 6233 17351 15170 1001 10510 11909 17758 7577 13776 2604 3395 12815 14410 16103 16280 2539 7787 9635 16949 8295 13705 11583 3155 9263 2048 6790
11529 14028 10563 10759 6614 15677 3034 10789 21390 3129 7738 14940 18490 18508 9891 12166 16198 18871 15292 14628 7686 16761 14362 1508 6554 8422 14361 14434 12598 2301 9965 12108 2723 16226 10199 12988 5934 18243 11599 13808 9006 18649 7351 8443 13788 4345 6508 14574 9211 3108 5134 11345 6404 9285 14393 19457 13869 6614 5631 14183 1928 10808 2617 9323 15940 15100 16905 9390 14309 9035 16220 8101 11403 4007 5039 9498 6391 14547 5660 11580 14590 14565 6802 13790 7212 12387 11396 11579 12671 1422 2743 8236 12805 5876 5091 13604 13163 8074 4760 15847 5000 15883 13313 5692 15488 11719 17301 18244 3214 14837 12196 10864 14143 4391 7211 20630 13193 14455 0 19686 7387 9549 10884 9926 6079 14960 4307 1326 3208 3383 11653 11764 12190 4952 17268 12223 11456 11129 14419 20069 12523 7903 15472 9938 15475 12563 2262 7489 7015 9129 6563 13868 16637 15505 15900 11582 2941 13764 5569 13161 4748 17573 13291 9124 11083 9946 18616 13355 20305 16456 21948 8938 18833 9511 7088 13176 1870 14694 11256 10092 10446 5048 12478 5640 17518 10089 12221 10353 16264 14942 12939 12668 11695 14848 912 18241 8738 5278 6328 5385 15018 17313 10049 1652 8401 12455 3373 16502 11374 13879 1745 16097 14628 6306 3499 9349 11439 12810 9789 8550 1364 5118 13389 16499 10721 16103 17318 5078 7083 3507 8352 10746 20561 15810 7516 16501 6632 17546 4425 10128 11152 6066 16811 18599 12405 17191 2573 12451 16212 8711 13462 14955 14535 20045 19692 2528 1483 15165 5814 19880 6126 15075 5126 5544 4181 15437 17556 13000 12942 9876 14335 6472 2548 11968 4219 5770 11649 12162 17075 15423 18046 18846 1807 17579 14524 5345 4875 15730 15342 21722 4929 14558 11941 6558 8844 3988 6720 11848 10133 3179 10851 10985 14523 4213 11923 1559 5632 13177 9415 2274 13875 18194 4909 3092 8403 4773 7342 5986 15363 8179 547 2873 7016 15020 4803 3238 4031 5769 11500 14001 8920 4466 8594 13797 8615 16871 5328 15713 13505 9220 17385 4636 20121 15451 13030 5563 16840 15586 7206 16563 21081 11390 3128 16288 7932 7020 17086 10028 5502 17581 15862 4304 16709 12746 16291 12047 16901 7290 12376 13426 11154 13013 16828 5830 10530 8319 13670 14128 14225 19416 11686 5599 9571 8730 17030 13816 17442 245 2947 1946 13316 8185 17364 9677 9273 16219 21523 12240 8080 12407 15891
8640 15337 9269 10659 14002 10227 21024 9926 2011 20571 18582 16816 2241 4494 10108 17972 7896 3655 9577 6993 14252 15963 9678 18236 18783 17046 10549 7219 7132 20464 13247 12821 19207 16512 9912 6801 15582 4692 12218 6034 11213 2401 12433 18865 9353 17835 13184 12421 16018 18578 22369 16679 16561 17940 12157 4089 8686 14018 15821 12015 17818 18784 17251 10370 5276 6800 6371 16128 9303 15930 3751 17531 10072 23012 22462 16459 13338 16129 18533 10365 9159 9113 19946 6337 15877 9799 11792 13848 9069 20950 22382 13645 18293 14305 18747 12635 13130 11633 15338 14052 23822 8582 12808 24713 5092 13037 4942 3132 19078 5749 9390 10652 6096 19302 18707 1066 13879 9595 19686 0 15598 17382 9724 13573 20741 7225 15886 20988 16904 17141 8116 18465 8544 16381 2941 7553 14219 11186 6665 1166 7572 13779 6175 14778 14799 12568 20747 13703 15150 10557 13859 6474 12507 8965 9317 12278 17050 11955 18649 13540 16199 4698 17945 14955 8605 11562 1193 14270 2338 5475 2798 17458 4072 13019 18826 17360 18421 5349 9942 18761 12194 21237 9989 17258 5823 11232 9610 14450 16213 6153 17101 8067 16156 13052 20135 2287 11170 14764 20243 16782 10701 5029 16957 18630 17152 7248 16952 8831 17551 6998 21024 15506 5156 14463 17854 11283 17103 16224 16193 17070 20909 19451 12511 4146 16479 7255 14067 21093 12655 16356 12789 13987 2559 15523 12673 6984 17336 2885 20408 14073 14883 21256 11237 2329 7694 6045 17600 7234 4646 15135 7556 4980 10743 581 669 20742 20187 15126 14296 3302 15440 4706 16561 18011 19605 15122 3134 14346 8746 16805 15324 15038 19648 13866 18354 15223 8608 9301 4746 12462 2086 3857 18627 3115 11842 23693 15260 4617 9472 2342 19775 12506 11526 13913 17154 17987 13172 9205 9697 18125 8845 11051 5274 19371 12506 18767 14420 11686 11332 20545 6034 3814 15839 22763 16549 18310 19161 13719 6426 14216 20204 17759 19223 8399 15238 17173 20593 15236 8331 15966 17777 15797 17602 7341 11848 4528 14611 10421 18823 12037 5859 18819 545 7019 10818 17783 3872 8861 17642 4957 1407 13204 22790 6637 14231 12738 4525 9678 17974 6490 16673 18124 15763 6942 3615 11137 4196 13495 13783 16559 16077 7234 4946 18430 16475 12359 14766 11834 8777 1564 10404 24493 10117 14185 9546 12990 6402 19533 19991 21622 8174 11520 3046 16926 10476 8506 2056 8875 17676 10400 16201
9826 6678 8550 4987 8281 8803 6717 10085 17561 10197 12918 7741 13815 13038 5923 16298 15302 16150 8612 9076 10021 9411 14311 6818 3194 2029 7504 8843 9649 9502 2937 4891 9154 8935 5960 10137 1677 12737 4609 9694 4795 13876 4971 3589 13522 3266 5809 7326 12802 4532 7285 4324 1177 13888 7188 16866 13221 2689 1903 15310 5868 15538 6801 7088 13678 13546 11022 2277 14056 12589 11847 12668 11137 8771 7434 2529 4956 17484 11155 11602 14275 8125 4351 11303 10812 12189 12387 4224 6836 8746 9750 10143 16958 7415 10807 6348 14906 5788 3733 8468 9278 9428 6040 10184 12948 4486 11855 13281 9465 12495 11647 10902 9502 10558 3131 16324 15301 7871 7387 15598 0 3091 10015 11986 5240 13626 7301 8499 7214 4080 9092 16180 10903 2478 12735 8424 4076 11663 12593 16339 10370 9852 13629 2552 8091 14045 9564 2209 10032 6684 7980 11598 9369 8979 9237 4574 4803 14884 3254 5808 2799 12163 17209 1738 7994 4056 14790 15633 16964 10998 18278 2696 16276 2786 3237 16868 7691 11871 5694 14943 11597 6030 6214 2075 11733 10358 6282 12961 8944 12941 5923 11194 15075 7525 8272 13621 5296 3743 4688 9683 8073 11832 14047 5735 2101 9395 4194 9923 4677 8708 9126 8733 11419 8418 8749 9271 4557 16063 2687 12805 8682 4166 14807 13714 14390 14900 9946 5865 5111 4700 9459 3402 17252 8450 7855 10473 11261 14348 11145 2806 13952 5783 9714 13864 7971 11376 7409 9148 11226 11787 11934 10640 15025 16092 15837 9780 8750 7792 3567 16953 1543 10997 2261 10732 4693 8062 12786 5613 12136 3038 6981 1493 5623 4605 3654 2208 10026 6458 14741 8161 13605 16205 7871 14517 7368 8871 3633 12942 8686 17903 4549 15889 12811 8055 13107 9328 4321 6434 8277 4285 8135 11385 11362 4464 4798 5836 3698 6136 9442 9510 11062 15532 8174 9571 1629 10261 12881 5073 9817 1395 7874 7999 3629 8752 7002 7691 5736 2194 7649 16956 13499 3581 13130 8444 8722 14397 3993 15995 17742 9916 11605 3782 16120 9619 13548 2497 11989 15145 2071 11295 16857 13247 10005 14796 1371 6495 14646 7664 2680 11579 8602 9718 9349 9481 12963 12682 14259 2695 5013 16730 14567 10904 14559 11238 14221 3522 16140 15170 7984 15893 11764 9894 7155 11145 10254 6508 15873 7426 9792 8948 7699 5856 14201 13710 7470 15605 17637 6797 2379 5966 8580
12616 5016 11351 6857 11366 8950 7961 13020 19387 12587 15835 5528 15398 14197 8483 19355 18052 18425 9043 10478 13105 7595 17219 9338 3327 1188 7827 10242 12158 11814 4162 4969 11714 6914 8420 12641 4646 13890 5275 11798 7450 15404 7985 1913 16418 5216 8895 6876 15865 6447 7682 1950 3412 16888 6879 19160 16067 5761 4788 18330 8390 18541 9545 9950 16171 16213 12015 1274 16941 15652 13686 15655 14092 9761 7880 927 8040 20574 13985 14578 17147 8890 3952 13841 13850 15126 15432 3917 8316 10760 11485 13234 20016 10490 13587 6008 17970 8746 6723 7271 9976 10037 5695 10803 15395 4626 13102 14736 12083 15015 14552 13897 11387 13238 2721 17981 18378 8506 9549 17382 3091 0 12930 15075 5194 16337 10266 10438 10043 6608 11740 19217 13719 5152 14446 10759 3567 14685 15235 18247 13038 12942 16229 2606 6628 17101 11809 5119 13091 9540 11067 14177 8667 9554 9627 5219 7439 17908 4148 5135 5567 13414 20281 2546 10590 6078 16718 18714 19002 12297 20148 616 18598 4523 2895 19948 10264 14287 7557 17928 14660 6464 7437 3965 12750 13385 7772 16051 7019 15528 3440 13965 18159 6780 10461 15241 8090 6802 4556 12630 8186 13058 17097 7953 1178 11890 6803 10351 1826 10386 11201 7031 13738 11491 11519 12297 1928 19151 1205 15823 10696 4936 17853 16057 17460 17601 8737 6296 8156 7510 12543 3483 19292 6732 10936 11391 14215 16531 13690 3310 17042 5714 9399 15412 10101 12395 10128 11587 12795 14863 14665 12586 17986 17916 17712 12064 11012 6207 6655 19136 4557 13021 4819 13598 5833 6479 14373 4543 14988 663 5319 4578 7283 4114 5345 5242 12821 8093 17177 7574 15315 18503 10415 16739 7159 9362 6635 15317 9140 19723 5303 18918 15841 11141 16128 12115 7383 8261 11125 6392 10815 14401 13701 5677 5138 8018 6781 6358 12472 11802 13523 17846 11163 11079 1465 13064 15741 8164 11153 3863 9955 10733 3218 9616 10022 10503 6682 5227 10041 20047 16496 6483 16127 10042 11775 16806 7062 18917 20799 12980 12635 5062 17922 10767 16536 3986 13581 17978 2349 12693 18533 16327 11650 17439 4037 9571 17055 10457 4056 12437 6505 12512 7591 11907 15161 15695 16623 5662 4426 19819 17648 13555 17019 14084 17289 6238 19225 18184 8962 17898 14742 10484 9978 14234 10411 5957 18468 9649 12260 10758 9214 8802 16401 16755 10376 18400 19437 8550 1496 7058 6637
1233 14002 1843 7283 4481 11523 12992 236 11081 11107 8932 15589 9325 10469 4860 9344 5533 8110 10742 8010 4529 16101 4297 9375 12578 12018 10684 7980 3213 11140 9454 10736 9797 16142 5121 3258 9010 10322 9792 5334 5612 9580 5095 13562 3509 10635 4845 12254 6611 10844 14797 13387 10411 8524 11926 8641 3275 7416 9092 5611 9263 9664 8275 2998 5147 4218 10014 11773 4047 6481 7181 7927 1245 14699 14821 12124 5483 8876 8817 1799 4277 9737 13662 3388 6164 2201 3196 11228 7702 11941 13376 3932 9848 5035 9056 11705 5703 4230 7657 14267 15636 10547 11627 16441 4852 10628 9521 9505 9589 4161 1633 1390 6273 9663 12827 10775 6337 10019 10884 9724 10015 12930 0 4289 13979 4103 6659 12076 7762 9312 2446 9646 1323 9330 8171 4326 11458 2303 3571 9781 2207 4056 4599 10912 14535 4808 11453 7835 5427 3406 4422 3282 13768 10484 11073 9833 8860 5230 11999 12091 8963 9659 9741 10526 3250 7509 8542 6754 9756 8951 11503 12658 8024 8830 12869 9208 9296 4375 6966 9474 2998 13938 8451 10700 10267 1612 7765 5383 15967 4117 14629 1820 7556 12904 11111 9056 4875 7180 13691 7111 11334 9587 7752 10285 12100 3314 9043 11250 14077 6995 11907 15399 4690 4910 8395 1621 13770 8095 12070 7533 11913 12511 5365 5903 7498 5308 15226 13840 5048 8164 3073 10756 9982 15234 3368 10024 7616 7106 10777 10391 6147 14371 13064 9491 5322 10087 8463 3655 8030 5589 2589 6251 5078 9932 9531 11393 11023 14564 6955 9158 8973 6011 9654 8301 12256 14732 8703 12605 2209 12637 14185 8728 11669 11518 11104 8416 1175 7335 6258 12891 8681 8061 9476 7050 11790 15738 7644 5217 10708 11386 12710 6246 3363 4453 7669 8430 5853 6788 1887 10392 2755 2015 4564 12061 10318 10408 6956 10619 1632 11233 3754 7438 6375 13939 11563 8647 9474 5649 8409 9073 11336 8469 13168 9611 6094 7913 13031 8434 4343 8464 8297 8156 8070 7265 2305 6105 6921 5988 10549 2321 10161 11736 10042 8983 3719 11183 8276 5191 11893 8709 11108 4637 13804 5426 8894 4131 6300 2635 11338 10720 16034 8516 15940 3695 6109 3075 6203 7321 11736 8657 7273 2490 6001 8710 7432 6718 7337 5440 9130 9034 1962 16289 3019 4586 12142 12132 6584 10684 10537 12707 7530 4159 6919 7625 2554 5718 11245 6909 12383 8788 15737
5519 17218 5837 10759 3858 15505 12680 4053 14647 8935 5168 18719 13469 14742 8330 5127 7257 11244 14759 12218 2287 19572 5051 8570 13786 13988 14536 12167 7502 9280 12371 14053 7906 19480 8680 7520 10555 14602 13130 9621 8662 13738 7269 15198 4798 11399 6184 15911 2446 11108 14734 15987 11973 4369 15596 11591 5241 9324 10509 4280 8905 5383 7509 6261 8465 7069 14285 14105 5179 2368 11408 4064 3538 13931 14696 14421 7039 5502 5818 3207 5453 13755 14690 7410 3038 3838 1951 14316 11613 10550 11854 1903 5681 4802 6265 15232 3262 6765 8637 17864 14925 14676 15098 15585 8487 13860 13809 13723 7525 7823 4182 3018 10547 7086 14211 14638 3434 13981 9926 13573 11986 15075 4289 0 14641 6728 5855 10817 6821 9758 6701 5375 5142 10454 12361 8523 14470 2387 6934 13418 6408 2236 7653 13576 18001 2644 9620 10097 2926 6567 4109 7170 17607 14565 15147 13160 9023 3876 12979 15443 10015 13944 5683 13001 7300 10701 12381 3707 13140 13237 14929 14664 11035 11698 14199 5211 8069 8346 10628 5240 1383 14188 12217 11940 14553 2709 11565 1147 19348 7476 17423 5568 3432 16514 9792 13203 7836 8385 14534 4754 15223 13875 3477 10002 14046 7600 9465 15389 16536 11197 10345 18849 8816 3920 6598 3435 16316 4218 14469 3538 10544 13210 3464 9485 3221 7458 18968 14137 7021 8485 2559 13690 13317 18648 4168 14266 4377 10762 8127 13204 2080 14901 17034 13644 9456 14368 7372 7928 12315 1715 6017 10531 4841 13685 13271 9454 9479 17952 8440 12310 10597 10265 10825 5440 12661 18153 12920 15822 4857 14947 17442 10511 11573 14661 11754 9925 5436 11178 9387 16627 12795 11137 8172 10619 15510 15246 8687 8955 14737 14917 13287 4632 2425 4051 3592 6327 7733 10627 5644 10730 6781 2532 8691 12523 13656 10088 8336 14223 3261 9385 7882 10631 5065 12626 13615 6075 5834 6919 12660 11455 10225 7070 14401 13717 5661 6696 13157 9943 8388 4982 4209 9042 4059 11432 3584 9389 8108 6021 6425 2427 14447 12427 13811 13203 3537 12317 12536 6372 13476 12998 14900 1469 12275 7886 11212 5537 9515 6316 12422 14996 19305 6212 19429 7983 10025 2719 9609 9534 14949 4864 3061 6545 9125 5654 3146 9403 4176 4245 13163 12628 3176 15513 6439 1202 16257 15636 8893 9687 8450 11378 11591 6763 10583 3385 5733 7044 14830 10826 14163 12488 19074
14127 10208 12890 10213 10813 13723 3421 13982 22676 9150 13645 10576 19023 18275 10778 17862 19499 20992 13651 14316 12382 12737 18120 6673 2125 4567 12480 14083 14391 8298 8053 9664 8756 12003 10903 14867 5243 17974 9634 14757 9629 19093 9029 3380 17398 3355 9166 11878 14607 3579 2505 7124 4188 15064 11826 21682 17250 6903 5059 18596 5971 16663 7444 11393 18330 17946 16237 5831 17946 14407 16998 13828 14902 4770 2710 5703 8497 19839 11584 15262 18199 13269 1249 15957 12497 15979 15623 8735 12076 6839 7087 12751 18521 9874 11053 10944 17861 9952 6336 12456 4831 14540 10623 5626 17671 9268 17094 18510 9228 17140 15566 14514 14662 10430 2539 21504 18072 12972 6079 20741 5240 5194 13979 14641 0 17946 8874 6438 8126 4892 13675 17544 15095 4676 17919 13369 8448 15084 17063 21425 14870 12411 18137 7048 11822 17105 8166 7048 12002 11035 10605 16190 13777 14075 14269 9590 5624 18159 2103 10166 5019 17403 18936 6445 12698 9274 19879 18320 21976 16237 23370 4659 21073 8010 2365 18738 7550 16652 10911 15966 14708 1390 11431 3504 16954 13824 11522 15360 12139 17484 8458 15475 17096 11875 6885 18822 9895 6799 642 10837 12963 17071 15640 4998 4479 14161 5186 14978 6752 13926 7327 12203 16300 10721 9176 12817 7014 18190 6081 14182 6782 1472 17928 18529 16208 19207 13928 1250 8989 6165 12430 8059 22259 11904 11038 15672 12314 19289 10496 7608 16283 556 14392 19078 13057 16596 7842 13979 16447 13852 16268 15763 18610 21218 20943 8466 7496 11398 7058 21863 5358 16081 4387 11367 2042 11669 17997 9668 16188 5792 10509 5736 3554 9028 2922 5725 14306 11695 19442 12635 18784 21026 7606 19425 12070 4176 6341 17741 13735 23019 1355 19090 16127 10647 14491 9756 8222 11647 12533 3919 12716 14855 16228 2136 9695 4972 7034 11032 12953 8247 15814 20347 9765 6449 4909 10653 13328 8344 15057 6630 6264 8388 1991 13928 8982 8447 2112 5708 12574 19288 14680 5847 14329 13674 12126 19134 7059 19706 19260 13139 16827 2260 21253 14848 17067 2977 17203 19151 3420 16532 22030 16076 7129 19209 6563 9906 19378 12075 2790 16773 11573 10126 12747 14314 17912 16107 19044 7317 9396 18843 16552 15412 19235 11736 16019 8412 18734 18494 13177 20932 15407 5304 11542 13550 15197 10972 20340 6275 9023 6529 12938 10050 19130 15268 11631 19696 22763 12018 3892 11156 11759
3834 16462 5101 9907 8436 12817 17091 4177 8011 14949 11892 18086 7769 9672 7862 10767 1751 4518 11998 8826 8018 18143 2497 13454 16417 15554 12346 8908 4376 15069 12471 13249 13696 18366 7966 3950 12838 9644 12347 5860 8895 8067 8932 17215 2136 14628 8902 14180 9128 14912 18873 16465 14184 11000 13850 4878 1516 11185 12959 4859 13365 11675 12345 6598 1956 437 10124 15107 2098 9078 6320 10791 3657 18800 18903 15467 9472 8976 12284 3684 1999 11078 17537 2819 9467 2923 4807 13969 9538 15972 17397 7366 11072 9088 12627 13873 5907 8015 11676 16188 19738 11450 13882 20541 2409 13250 9119 8316 13437 2070 2838 4258 6852 13338 16600 8269 6658 11482 14960 7225 13626 16337 4103 6728 17946 0 10694 16127 11804 13376 4603 11283 2865 13271 6950 5973 14262 4425 1250 6854 3304 7604 1052 14051 16645 5355 15392 11418 8939 6984 8429 2390 15265 11562 12131 12399 12953 4754 15917 14477 12932 9124 10720 13822 5766 10433 6081 7055 6446 8891 8231 16153 4310 11935 16660 10135 13322 3071 9368 11724 5433 17981 10493 14573 10082 5015 9822 7437 18140 1358 17498 2472 8966 14872 15146 7534 8330 11169 17618 10789 12870 9210 9918 14388 15645 4648 13113 12059 17238 7993 15908 17497 3861 8825 12288 5614 16876 8999 15347 10261 15947 16489 5293 3114 9367 1275 16850 17876 8957 12252 6807 13675 6608 17388 7449 10393 10923 4342 14442 13438 7745 18361 14290 7959 6951 10039 12496 5034 7699 8414 1695 6098 3629 7218 6805 15305 15018 16782 10888 5582 12774 5593 13574 11821 16292 16898 7588 15128 2063 15951 16587 12481 15762 14184 15112 12279 3646 9362 2682 14642 7052 4409 13493 4120 13634 19838 11651 2928 11931 8260 16710 5406 4442 8448 10291 12238 9732 8903 5426 14456 5523 4402 3789 16089 12833 14511 10915 12742 5559 15165 3362 3918 10310 17994 15070 12300 12545 9685 8885 12508 15400 12451 16987 10685 10158 11916 17097 12297 6506 8775 10892 12178 10773 8388 6345 2754 10924 3673 11598 5925 10017 15726 7358 9610 3613 15075 7540 2116 15611 8451 8437 6092 17827 1328 12379 8209 2837 5971 15241 10703 18347 12262 17961 4785 4120 4075 3043 10963 14311 9340 8926 2806 2426 12146 9383 10141 7565 4670 10487 6054 3651 20391 6492 7591 12979 14306 2484 14755 14396 16753 8999 7923 4188 9937 6318 2232 8202 8843 16001 10910 17976
7427 13626 6620 8508 2307 13744 6852 6545 17472 4726 5626 14895 14948 15347 6843 9206 11895 14738 13185 11745 3569 16278 10062 2830 8297 9089 12505 11591 8758 4579 8841 10937 3345 15951 7216 9090 5644 15113 10176 10291 6325 15143 4377 9931 9481 5784 3046 13266 5802 5303 8885 11618 6885 6626 13011 15292 9568 5114 5479 10017 3050 8281 1715 5633 11782 10855 14069 9577 10003 5595 12655 5389 7105 8269 8853 9825 3457 10967 4017 7273 10284 12298 9067 9750 3698 8081 7148 10784 10160 5284 6717 4037 9872 1629 3815 12379 9115 4736 3568 14932 9246 13531 12147 9982 11397 10619 14184 14839 3300 10724 7905 6560 10827 3922 8814 16881 9255 12322 4307 15886 7301 10266 6659 5855 8874 10694 0 5434 1111 4086 7770 9001 7980 5172 13718 8726 10803 6833 10226 16150 8467 3694 11258 9516 14797 8434 4869 6120 3129 5565 2267 9775 15259 13241 13734 10181 3271 9589 7397 12236 4734 14421 10213 8768 7443 7951 14763 9479 16279 13392 17976 9748 14671 8213 8768 9957 2636 10697 8784 7661 6197 8343 10288 6591 14588 5784 9837 6495 15902 10764 13201 8470 8258 13713 4455 14687 5746 3641 8833 2384 13214 14214 6941 4149 9120 8662 3805 14219 11963 10849 5252 15559 10742 2025 2105 5083 11858 9339 9985 5586 5256 7488 9266 12431 7420 11815 16286 8298 4023 2876 4049 9997 16522 15304 3312 13786 3960 13547 4890 9398 7410 9095 15105 15079 9163 14296 1804 8742 12916 4982 9248 11439 10278 16193 15819 4855 4375 14606 4010 15770 5761 11458 5535 3529 6858 14853 14093 12347 8659 10323 13904 5859 5718 11179 6063 5097 7523 9635 12906 14097 14427 14699 2819 13545 13047 9487 3669 11686 13207 17795 7520 10441 7689 2256 5895 2474 4151 9192 6190 4959 7104 6682 10627 6739 10630 4239 3818 11642 5135 4663 9915 14062 924 7302 8832 3245 5648 3037 12420 7341 4717 1872 8900 12581 667 1288 7305 5110 8113 10417 6234 3785 5865 10873 4361 12730 3448 11448 10642 4914 14459 6727 16283 12676 8757 6864 13448 11280 8273 13389 17293 7320 7145 12021 7060 3231 12935 6267 6931 14787 15672 2787 16178 8998 12368 7771 12793 5651 11551 9998 7718 8922 12652 4061 7236 6224 9873 9945 11833 15455 7379 9870 5906 4712 14910 12699 13171 4089 4147 6060 10594 4830 13362 6582 5434 11913 17618 9546 9077 10363 15566
12768 15074 11833 12060 7719 16930 3068 11970 22678 2875 8040 15907 19810 19834 11217 12578 17312 20108 16564 15950 8636 17797 15415 2759 7284 9355 15612 15755 13888 2051 11169 13294 3088 17226 11525 14271 7128 19568 12821 15126 10330 19971 8675 9164 14873 5328 7804 15759 9852 4038 4978 12294 7455 9678 15588 20683 14990 7906 6820 15096 3254 11109 3813 10620 17167 16284 18222 10397 15385 9692 17539 8563 12533 3276 4836 10474 7712 15158 6007 12678 15667 15852 7339 15048 7961 13491 12389 12718 13980 417 1417 9220 13195 7044 5412 14784 14008 9389 6071 16965 4254 17173 14488 4804 16736 12900 18626 19569 3568 16078 13337 11978 15468 4592 7950 21938 13980 15732 1326 20988 8499 10438 12076 10817 6438 16127 5434 0 4324 4606 12936 12117 13391 6124 18587 13541 12575 12184 15630 21356 13775 8898 16674 11044 16556 13460 1823 8756 7891 10436 7701 15113 17819 16790 17175 12802 4243 14685 6337 14302 5963 18898 13724 10234 12390 11235 19912 14110 21573 17781 23227 9822 20060 10741 7810 13663 2826 15963 12567 10384 11446 5223 13767 6635 18839 11200 13524 11137 17281 16160 13865 13875 12288 16006 1025 19561 10064 6596 6799 6127 16260 18638 10563 2824 9324 13750 4631 17785 12252 15204 900 17149 15915 7375 4231 10514 12354 13398 10786 9069 374 5734 14276 17754 11285 17247 18445 5295 8404 4829 9434 11889 21826 16857 8710 17813 7173 18817 4295 11278 11875 6311 18035 19921 13730 18510 3636 13755 17537 9480 14662 16274 15523 21342 20986 2131 1434 16228 7131 21125 7323 16389 6258 6010 4768 16502 18879 14099 14092 10818 15382 7687 3175 13102 5105 7013 12881 13473 18298 16605 19363 20079 2681 18843 15731 4767 6184 16990 16616 23009 5472 15435 12935 7687 9346 4602 8046 13165 11402 4218 12148 12059 15808 4861 13127 2705 6952 14399 10569 1970 15150 19431 5923 1869 9388 5220 7545 7304 16685 9377 787 3780 7676 16319 5983 4252 4327 7011 12822 14620 9337 5758 9037 15120 9788 18104 6652 16708 13858 10314 18706 5400 21420 16768 14043 6480 18165 16663 8091 17889 22386 12263 1807 17455 9140 8293 18316 11321 6390 18895 16849 4841 17754 14046 17575 13067 18145 8580 13510 13988 11758 14258 18048 6193 11095 9625 14385 15053 15523 20696 12776 4773 10871 9614 18297 14980 18605 1456 2950 637 14633 9500 18634 10197 10554 17306 22813 13558 8947 13685 16904
8504 13738 7653 9065 3410 14266 5860 7651 18518 3844 5818 14925 15901 16203 7611 9764 13003 15828 13750 12512 4546 16432 11154 1760 7777 8855 12996 12346 9772 3580 9083 11225 2476 16048 7970 10119 5538 15961 10523 11223 6971 16087 5065 9509 10583 5234 3863 13616 6484 4554 7929 11531 6631 7040 13378 16388 10677 5343 5324 11037 2166 8680 699 6585 12876 11963 14835 9478 11102 6286 13608 5790 8215 7190 7883 9694 4089 11757 3949 8377 11383 12900 8443 10816 4379 9187 8206 10968 10812 4179 5616 5062 10427 2727 3596 12698 10081 5559 3564 15190 8174 14164 12448 8894 12476 10883 15025 15757 2562 11808 9016 7667 11707 3449 8341 17888 10175 12888 3208 16904 7214 10043 7762 6821 8126 11804 1111 4324 0 3559 8792 9489 9081 4891 14670 9645 10949 7922 11325 17195 9535 4723 12362 9578 14992 9434 3849 6355 3977 6477 3378 10854 15642 13849 14318 10522 2697 10612 6830 12473 4482 15272 10821 8796 8394 8424 15792 10375 17349 14216 19034 9492 15767 8490 8275 10612 1541 11755 9409 8017 7254 7478 10851 6204 15381 6891 10449 7369 16022 11861 13135 9569 8979 14020 3349 15642 6478 3805 8150 2739 13697 15050 7524 3229 8874 9662 3310 14838 11798 11651 4166 15723 11772 3099 1566 6191 11736 10080 9892 6089 4151 6802 10265 13506 8082 12926 16585 7448 4728 2536 5145 10156 17594 15457 4405 14518 4286 14608 4262 9541 8243 8299 15575 16027 10013 15078 706 9720 13800 5786 10351 12375 11342 17223 16854 3869 3299 14768 4266 16856 5683 12421 5229 3557 6087 15024 15024 12512 9769 10170 14026 5858 4810 11367 5436 5069 8606 10285 14002 14459 15398 15792 1735 14614 13441 8444 3683 12756 13780 18843 6787 11439 8750 3366 6399 2119 4687 9875 7221 4270 8084 7778 11660 5996 10948 3301 4062 12038 6245 3656 10962 15152 1756 6192 8653 3047 5698 3649 13207 7464 3608 970 8361 13232 1688 484 6426 5078 8996 11206 6649 3634 6286 11646 5467 13821 3680 12517 11180 6015 15250 6077 17310 13419 9830 6403 14358 12380 7917 14242 18309 8291 6043 13131 7184 4180 14028 7246 6441 15545 15746 2506 16344 9987 13410 8845 13877 5949 11754 10727 8434 9999 13749 4042 7893 6685 10740 10972 12466 16509 8482 8789 6852 5647 15489 12993 14281 2985 3280 4950 11308 5661 14423 7154 6429 13015 18662 10243 8759 10886 15674
9639 10758 8482 7538 5921 12325 3890 9285 18961 6119 9367 11776 15730 15503 7069 13263 14841 16820 11969 11548 7513 13492 13330 2761 4231 5426 11007 11341 10277 5423 6582 8726 5128 13004 7319 10720 2555 15225 8222 11130 6043 15859 4753 5952 12636 1699 4474 11193 9887 1537 5501 8246 3240 10588 11010 17468 12547 3385 2256 13712 1805 12233 2980 7049 14003 13428 13770 6220 13182 9681 13520 9338 10139 5880 5541 6382 3971 15026 7433 10462 13444 11280 4984 11693 7779 11207 10743 8221 9486 4790 5964 7863 13928 4981 7004 10223 12970 5631 1811 12498 6683 12605 9934 7571 13428 8339 14289 15389 5480 12834 10845 9712 11309 6630 4783 18022 13191 11143 3383 17141 4080 6608 9312 9758 4892 13376 4086 4606 3559 0 9428 13020 10512 1604 14535 9588 8115 10233 12611 17658 10503 7525 13691 6618 12159 12213 5495 4167 7197 6755 5713 11860 13255 12211 12583 8203 863 13275 3312 9798 1365 14574 14289 5802 8630 6677 16148 13448 18041 13430 19584 6029 16846 6137 4721 14042 3668 12501 8094 11575 9822 4637 9202 2677 14415 8997 9004 10511 13020 13080 9859 10934 12343 11474 4233 15496 5973 2382 4781 6277 11654 14291 11005 1784 5430 10086 293 13203 8408 10885 5126 12812 12289 5842 4945 8028 8400 13418 6632 9606 4729 3452 13037 14372 11504 14611 13960 4549 4594 1274 7546 7386 18313 12530 6203 13325 7841 15287 7117 6766 11452 5191 13435 15821 9578 14076 3539 9995 13318 9053 11740 12244 13764 17554 17231 5704 4682 11870 2848 17767 2746 12445 1847 7087 2983 12139 14751 9672 11511 6818 11061 3090 2511 8614 1998 2409 9799 8994 15139 12042 15357 16826 3831 15371 11142 6608 1883 13581 12023 19300 3545 14199 11254 5755 9918 5547 3979 8737 8084 1080 8519 10016 12198 2813 8541 1910 2722 9800 8151 5434 11657 16153 5005 6004 5298 6498 9205 3702 12296 4796 3904 4145 4826 11775 4113 3982 3720 2407 8814 14477 10196 1345 9831 10752 7315 14874 2562 14879 14692 8276 14282 2671 17614 12312 12218 2844 13999 14415 4391 13592 18507 11187 6285 14677 4549 5182 15108 7768 2884 14422 12662 5944 13429 10317 13955 11249 14839 4046 9020 14079 11803 11034 14911 7546 11319 5153 13875 13612 10977 17071 10600 7354 7251 8686 13698 10441 15828 3388 5729 5139 10194 5742 15114 10640 7168 14988 19075 9134 5252 9100 12655
1312 12082 1165 5396 5970 9164 13295 2676 9745 12466 11062 13697 7308 8175 3260 11785 6335 7394 8369 5567 6558 13997 5907 10177 12003 10982 8406 5542 996 12348 7885 8822 11096 14116 3372 1335 8461 8005 7893 2953 4316 7533 4707 12676 5100 10450 5158 10079 8947 10944 14883 11881 9737 10829 9747 8053 4575 6789 8620 7704 9839 12047 9161 2384 4656 4475 7584 10506 5548 8801 5052 10123 3546 15183 14942 10866 5469 11242 10650 4097 5692 7370 13149 2286 8215 4190 5605 9460 5433 12874 14313 6046 12293 6198 10792 9624 8016 3802 7632 12106 16056 8123 9585 16916 4015 8778 7166 7350 10982 3466 3498 3827 3847 11277 12131 9113 8688 7681 11653 8116 9092 11740 2446 6701 13675 4603 7770 12936 8792 9428 0 12073 2309 9027 6097 1901 9735 4721 3506 8422 1298 6081 4537 9455 12450 7142 12632 6895 7377 2680 5794 2524 11472 8080 8671 7941 9185 7371 11596 10118 8741 7327 12185 9220 1170 5850 7001 9113 8670 6550 10295 11570 7435 7336 12204 11649 10315 3078 4934 11816 5440 13877 6274 10215 7865 3992 5581 7813 13918 3853 12966 2362 10001 10750 12053 7040 3826 7077 13290 8818 9028 7225 10133 10736 11076 966 9199 8821 12644 4554 12928 13314 2984 6437 9756 3540 12289 10531 10744 9788 12836 12253 7608 4943 9920 5862 12973 13755 4836 8474 5048 9114 8932 13172 4599 7580 9603 5906 12370 8851 8592 14128 10702 7457 2929 7670 9490 1233 5701 7874 2958 3972 6918 8432 8065 12626 12082 12527 6699 8340 8372 3839 9292 10108 12187 12672 6560 10711 3593 11348 12235 8043 11921 9703 10957 7950 1482 5129 5769 10662 6731 7406 10519 5963 9582 16032 7580 4153 8328 10075 12514 8350 5701 5856 9952 9920 5514 4606 1585 10480 965 4445 2874 11967 8401 10870 6771 8506 3655 12430 2239 6730 7755 14744 10494 10318 11540 5793 5967 7927 12158 9643 12550 7200 7122 9057 13083 7967 2089 10852 10574 8127 10319 4836 3926 5474 6872 7585 12995 4508 7756 11525 8519 6538 5811 10733 6038 6386 11115 6345 9522 7072 14728 5713 7810 4646 5714 1663 10909 8295 14050 10084 13827 1352 4639 5368 5416 6480 9866 11082 9712 1818 5560 10571 9846 5579 9697 7516 6759 7763 4240 16724 2178 6855 9719 10057 6781 11487 11885 13572 5158 3694 5727 9983 2382 6728 9883 4656 11454 6650 13716
10867 22054 11202 15881 8049 20796 14797 9411 19268 9400 4079 23470 18627 20042 13522 711 11167 15662 20068 17590 6396 24542 8987 10878 17251 18053 19774 17536 12850 10115 17152 19016 9089 24362 13891 12836 14571 19916 18125 14978 13680 18907 12022 18928 9149 14712 10706 21035 3472 14011 16896 20429 15870 2486 20731 15845 9789 13706 14437 6944 11591 1091 10139 11490 13202 11692 19656 18430 9299 3677 16664 3716 8762 15380 16794 18706 11518 4025 6125 8321 9502 19068 17929 12588 5369 8732 6770 19136 16900 11734 12632 6551 1121 8815 6714 20292 5567 11727 12495 22933 16335 20026 20128 16754 13408 18777 19146 18954 8593 12798 9255 8318 15916 7527 17794 19522 4908 19271 11764 18465 16180 19217 9646 5375 17544 11283 9001 12117 9489 13020 12073 0 10367 14170 17573 13897 19238 7532 11830 18136 11699 6725 12315 18151 22987 5941 10409 14620 6173 11750 8373 12293 22816 19900 20477 18148 12167 6820 16316 20397 13730 19268 1762 17478 12659 15693 17293 4637 17659 18595 19418 18720 15374 16478 17739 1999 10041 13467 15831 1786 6659 16728 17438 15590 19911 8083 16809 4264 24262 12320 21963 10739 2319 21605 11224 18365 12868 12438 17616 6751 20472 19215 2168 12548 18090 12960 12754 20742 20855 16569 11346 23814 14020 7818 8381 8749 20708 2642 18825 3417 11758 16274 6197 14319 2154 11610 24114 16729 11712 11866 7554 18433 17789 23592 8977 19641 5230 15587 8055 17890 3610 17655 22314 18808 14820 19733 9704 13296 17645 4599 11034 15854 8154 18494 18079 10132 10693 22889 12666 16680 14665 15556 14535 6226 15505 23108 18156 20686 9786 19219 22302 14695 14062 19505 14925 13983 10770 16445 13932 21787 17932 15519 10024 15389 20673 16883 12582 13913 20051 19501 16230 6737 6960 8286 3107 7821 12283 15899 10989 13753 12142 7754 13898 15438 18639 12583 12510 19339 8587 10210 13105 15131 8083 13564 17764 6990 4639 11261 18034 15958 11821 9157 17842 19062 9195 9120 15675 13998 13740 3679 2864 12768 3215 16797 8745 14036 12193 9014 1743 7720 19807 15562 18631 18576 7671 15845 17823 10133 17274 18341 19714 5288 12978 12165 15690 10230 14108 11631 15899 20364 24144 7474 24412 13340 15058 7354 14321 14074 19829 2785 2417 11769 13688 5946 2244 14208 4387 7070 18485 17336 8238 16788 11694 5514 21600 20678 12930 11527 9184 12491 16929 11750 15421 2479 10976 10725 19464 16123 18072 17677 23961
1118 14364 2368 7650 5801 11410 14242 1467 9822 12421 10041 15974 8328 9680 5363 9994 4426 6790 10606 7664 5744 16306 3626 10682 13606 12871 10698 7673 2688 12462 10033 11097 11116 16419 5548 2539 10026 9563 10161 4776 6284 8597 6104 14482 2812 11770 6039 12387 7559 12048 16011 14017 11395 9489 12055 7318 2358 8389 10134 5413 10544 10501 9586 3818 3828 2932 9480 12521 3289 7452 6298 9000 1612 15981 16042 12878 6611 9091 10057 2059 3462 9617 14715 2271 7345 1930 3634 11693 7734 13260 14696 5121 10443 6354 10320 11930 5834 5197 8812 14414 16910 10282 11887 17723 3573 11035 8825 8598 10903 2880 1245 2136 5784 10950 13815 9604 6541 9948 12190 8544 10903 13719 1323 5142 15095 2865 7980 13391 9081 10512 2309 10367 0 10424 7227 4140 11953 2836 2249 8534 1385 5281 3283 11560 14758 4997 12776 8697 6658 4219 5744 2071 13752 10280 10870 10208 10099 5096 13079 12409 10078 8928 10256 11249 3414 8022 7353 6969 8462 8342 10221 13491 6701 9446 13868 9697 10616 3228 7225 10382 3766 15116 8583 11749 9647 2691 7890 6143 16223 2795 15170 503 8166 13059 12430 8061 5635 8310 14778 8392 11308 8898 8609 11552 12958 2883 10250 10963 14749 6683 13228 15622 3676 6226 9713 2937 14415 8552 12790 8561 13231 13635 5379 4623 8256 4114 15267 15012 6110 9396 4339 11298 8683 15478 4681 9572 8810 5851 12064 10991 6778 15505 12943 8502 5189 9505 9783 3288 7318 6616 1271 5526 4610 8718 8312 12714 12345 14831 8040 7841 9971 5196 10733 9551 13428 14978 7798 12985 1308 13378 14524 9695 12907 11952 12251 9454 911 7438 4935 12963 7655 6739 10797 5775 11887 16992 8789 3971 10559 10121 13851 6059 3600 5776 8667 9737 6895 6915 2628 11591 3025 2628 3552 13225 10676 11677 8061 10814 2931 12555 2747 6120 7695 15252 12399 9927 10618 6820 7958 9860 12648 9792 14185 9391 7409 9236 14232 9472 4398 8737 9294 9314 9097 7008 3628 4788 8062 5323 11099 3526 9552 12869 8834 8596 3538 12245 7458 4259 12847 8036 9911 5146 15124 4168 9707 5352 4980 3262 12407 10159 16346 9813 16136 3207 4943 3230 4897 8216 12132 9056 7955 1407 4678 9942 8215 7482 7550 5223 9005 7774 2165 17566 3752 5648 11876 12363 5323 11993 11853 14023 7412 5110 5665 8527 3487 4703 9991 6962 13282 8959 16018
9451 9156 8217 6308 6607 10868 4831 9344 18264 7719 10690 10194 14826 14404 6285 14356 14836 16385 10560 10415 8307 11889 13524 4344 3353 3964 9550 10196 9781 7028 5051 7170 6693 11409 6469 10249 1019 14117 6716 10348 5167 14931 4355 4795 12783 1456 4577 9636 10904 2389 5989 6696 1740 11794 9465 17063 12605 2363 708 14170 3392 13448 4407 6722 13677 13270 12565 4655 13330 10693 12684 10551 10298 6913 6082 4839 3851 15867 8835 10687 13577 9927 4360 11313 8833 11376 11191 6629 8268 6340 7435 8555 15022 5672 8447 8662 13569 5278 1821 10902 7591 11255 8368 8504 13036 6777 13193 14414 7021 12489 10933 9946 10399 8140 3757 17210 13868 9754 4952 16381 2478 5152 9330 10454 4676 13271 5172 6124 4891 1604 9027 14170 10424 0 13663 8876 6515 10580 12390 16983 10204 8232 13465 5014 10556 12759 7096 2873 8145 6370 6345 11532 11697 10841 11180 6693 2343 13735 2672 8210 446 13488 15334 4198 8092 5398 15449 14160 17460 12328 18925 4605 16450 4658 3746 15043 5229 12040 6925 12817 10315 4888 7877 1486 13236 9292 7756 11317 11421 12817 8310 10800 13293 9897 5821 14604 5304 2178 4361 7505 10178 13187 12090 3313 3984 9562 1721 11824 6916 9842 6697 11209 11734 6633 6379 8249 6875 14334 5068 10757 6277 3231 13564 13921 12519 14534 12369 4755 4315 2359 8059 5795 17739 10926 6554 12083 9090 14738 8685 5177 12290 5108 11924 14902 8708 12889 5002 9410 12332 9976 11592 11418 14079 16826 16526 7307 6283 10266 2384 17283 1214 11678 373 8447 3227 10535 13822 8070 11535 5298 9458 1612 3541 7020 1975 1162 9630 7802 14796 10483 14508 16410 5403 14855 9610 7358 1784 13130 10620 18606 3488 14701 11670 6405 11066 6971 3547 7614 7858 2018 8075 10332 11654 2995 7006 3424 2374 8292 8396 7037 11197 15732 6087 7370 3775 7917 10589 3749 11168 3259 5457 5603 3967 10466 5016 5352 4216 1149 8083 15325 11401 1428 11032 9663 7590 14498 2452 15143 15797 8680 13104 2500 16874 11114 12547 1893 13048 14516 3107 12537 17716 11824 7726 14533 3031 5323 14740 7410 2028 13189 11070 7367 11825 9742 13373 11611 14423 2923 7427 15002 12764 10745 14584 8932 12340 4078 14625 14053 9671 16445 10837 8249 6877 9475 12270 8866 15664 4974 7318 6617 9036 5378 14573 11736 6955 15048 18364 8008 3906 7731 11056
6963 12488 7251 7767 12056 7533 18389 8399 4952 18444 17080 14001 1231 2741 7467 17167 8188 5219 6823 4063 12605 13298 9411 15866 15928 14131 7712 4286 5115 18250 10320 9891 17063 13789 7224 4938 12820 2755 9278 3463 8519 1437 9926 15949 8871 15108 10844 9618 14755 15924 19636 13743 13732 16679 9339 5897 8156 11308 13072 11753 15364 17729 14943 8088 5150 6521 3847 13196 8994 14636 1062 16094 8839 20414 19739 13524 10877 15825 16746 9254 8936 6262 17086 4985 14262 8879 10805 10913 6131 18586 19998 12053 17577 12210 16885 9765 12629 9203 12754 11348 21188 5895 9924 22088 4541 10100 2490 1392 16989 4973 8321 9344 3269 17351 15827 3589 13381 6747 17268 2941 12735 14446 8171 12361 17919 6950 13718 18587 14670 14535 6097 17573 7227 13663 0 5050 11282 10055 5969 3905 5975 12125 5973 11841 12051 11919 18514 10914 13451 8201 11866 5294 9918 6227 6646 9337 14522 11588 15839 10651 13514 2373 17327 12033 6278 8683 2515 13800 4871 2739 5731 14531 5579 10113 15950 16752 16146 4141 7052 17598 10991 18475 7048 14459 3502 9775 6675 13369 13500 5620 14197 6835 15331 10271 17789 975 8585 12183 17404 14912 7930 2589 15834 16104 14237 5139 14367 6260 14614 4072 18703 12796 3555 12524 15765 9568 14167 15598 13255 15704 18541 16664 12058 4084 15477 7485 11517 18327 10185 13848 11096 11046 5149 12789 10672 4372 15676 3401 18434 11137 13968 18443 8699 1365 4965 3605 15348 4993 1732 13758 6592 2313 10563 3492 3342 18538 17898 12350 11690 5431 12669 2269 13819 16205 16871 12366 640 11451 7849 13866 12492 12259 17022 10938 15625 12501 6996 6377 5263 9737 873 5390 16360 3740 9033 21013 12667 4027 6722 5283 17000 12330 10665 11931 15834 15971 10616 6311 7650 15479 6624 9855 3678 16634 9571 16242 11830 8784 9657 18325 4481 4974 13798 20309 13636 16405 17591 11284 3540 11346 17800 15573 16351 5575 13054 14986 17878 12514 5770 15568 16463 13192 16240 4405 10015 4878 12057 10568 18191 10460 3486 16059 3485 4188 10214 14980 1007 8962 14763 2191 4124 12303 20394 6908 11376 10497 5021 7455 15172 4194 13920 16153 13099 4770 2858 10272 4498 10749 10865 16030 15157 5820 5334 16666 15440 9599 14348 11558 5883 3775 9335 21855 7819 12757 7075 10135 7169 17134 17863 19214 5235 9093 3417 15743 8300 8814 4994 5967 14769 7460 13459
3210 10491 2713 4018 7262 7276 13472 4552 9395 13448 12628 12114 6277 6689 2597 13634 7719 7730 6477 3696 8132 12256 7638 10816 11522 10150 6569 3656 1607 13222 6692 7281 12065 12430 2476 2025 8140 6481 6388 1587 3741 6451 4899 11924 6851 10333 5800 8306 10689 11030 14859 10633 9251 12534 7974 8451 6261 6521 8355 9553 10326 13820 9898 3105 5439 5740 5813 9491 7254 10531 3998 11747 5447 15461 14943 9848 5835 13142 12005 5997 7363 5482 12689 3211 9763 6057 7503 8035 3633 13536 14950 7683 14155 7281 12076 7928 9911 4154 7785 10332 16269 6224 7922 17159 4644 7296 5583 6115 12019 4322 5365 5715 2169 12466 11548 8446 10588 5808 12223 7553 8424 10759 4326 8523 13369 5973 8726 13541 9645 9588 1901 13897 4140 8876 5050 0 8343 6617 4748 8108 2879 7667 5617 8305 10730 9041 13480 6344 8880 3168 7031 3610 9613 6179 6770 6442 9514 9234 11266 8506 8670 5787 14064 8213 1350 4687 6579 11013 8607 4877 10048 10678 7870 6241 11644 13534 11106 3531 3421 13550 7303 13759 4545 9865 6169 5820 3863 9651 12215 4917 11572 4086 11867 8989 12739 6025 3618 7211 12916 10125 7170 5629 11911 11096 10250 1344 9400 6925 11443 2676 13654 11589 3001 7724 10803 5218 11055 12421 9673 11459 13491 12018 9493 5313 11743 7151 11137 13622 5144 8829 6649 7809 8890 11464 5866 5749 11083 5935 13525 7647 10458 13862 8813 6395 1049 5940 10315 941 4218 9586 4505 2740 8700 7972 7659 13513 12854 10841 6743 8532 8014 2866 9081 11455 12103 10969 5380 9156 5367 10293 10618 7633 12095 8231 10851 7729 3372 3403 6419 8847 5824 7791 11321 6094 7787 16149 7706 4561 6434 9737 12322 10198 7601 7106 11645 11053 5622 2930 2998 10575 1824 6337 2953 11871 6867 11234 6867 6798 5360 13294 2800 7122 8887 15274 9648 11566 13052 6237 4156 7122 12754 10564 12021 5299 8059 9978 13071 7744 796 12753 12257 8244 11982 2939 5451 6047 7063 9271 14866 6233 6051 11349 8028 4679 7674 10392 4722 7946 10494 4764 8923 8963 15347 6870 7067 5495 6297 2563 10579 6537 12394 11266 12079 1202 4551 7265 5872 6053 8344 12978 11560 3244 6267 11948 11660 4970 11597 9363 4870 7574 6139 16940 2830 8570 7820 8362 7808 12086 12870 14169 3273 4043 5783 11739 3410 8192 9502 2894 10698 4952 12035
10840 2834 9675 4355 11190 5388 10637 11602 16229 14196 16383 4253 12136 10753 6615 19245 16012 15675 5484 7228 12859 5485 15574 10802 6362 3882 4267 7000 9901 13532 2100 1446 13082 5161 6405 10354 5585 10447 2041 9055 5904 12111 7244 5428 14759 7302 8531 3433 15772 8587 10827 2461 5155 17124 3381 16419 14290 5690 5868 17062 9868 18735 10639 8522 13743 14061 8541 2621 15241 15564 10633 15965 12695 12625 11006 2799 7732 19893 14799 13234 15405 5402 7269 11552 13967 13627 14371 375 5244 12821 13813 12809 19882 10475 14520 2499 16973 7711 7387 4392 13010 6494 2178 13887 12923 1182 9707 11414 13351 12659 12980 12648 8452 14380 5915 14729 17497 4990 11456 14219 4076 3567 11458 14470 8448 14262 10803 12575 10949 8115 9735 19238 11953 6515 11282 8343 0 13531 13066 15161 11000 12578 13961 1539 4062 16071 13610 4697 13096 8136 10866 11941 5395 6010 6062 1982 8775 16669 6880 1767 6779 10016 20031 2341 8571 3951 13671 17877 16012 8939 17013 3918 15898 2776 6086 19618 11634 11807 4923 18207 13752 9560 4262 6032 9274 12305 4763 15558 5101 13260 3236 12088 17806 3506 12334 12003 6711 7180 7811 13151 4623 9654 17070 9807 3972 9626 8196 6787 3332 7330 13198 4774 11156 11448 12513 11261 2886 18682 2428 15995 12758 7795 16737 13435 17272 15475 5871 9387 7537 8550 11929 810 16301 4510 10357 7902 14675 13719 15059 1409 16538 8997 5945 12130 7486 8925 11252 9261 9576 14670 12679 9657 16493 14774 14609 13816 12797 3819 6794 16280 5404 10148 6331 14328 8521 4077 11131 1569 13261 2906 3104 5139 9645 581 7638 5925 11046 5170 14646 4216 12133 15778 11826 13964 3636 12491 7267 12754 5583 16556 8191 17689 14689 10953 16279 13059 6962 5499 9570 8358 8927 13230 11143 8312 1714 9909 6984 2806 11446 13546 11134 15150 11582 13596 3563 13957 16450 8027 7843 3485 11948 11817 6477 6143 10364 11433 9515 5919 7756 19403 16749 7391 16389 6943 10916 14248 7356 17275 20664 12132 9165 7627 14763 7375 15177 6335 10358 16121 5088 9378 15287 15514 14057 15213 3765 9034 14492 8827 6486 8922 4913 13436 5395 9545 12398 14466 14014 5208 968 19333 17343 11464 14524 14855 17123 5072 18432 16893 5551 14896 13399 13580 8453 13863 6854 2540 16141 11487 13762 13017 6101 7722 13611 16766 9032 16444 16261 5687 4568 3834 4770
3434 16153 4113 9475 4534 13826 13606 2091 12272 10695 7498 17719 11136 12512 7020 7167 5218 8918 13045 10284 3691 18327 3234 9663 13921 13691 12975 10263 5385 10904 11477 12904 9515 18334 7315 5325 10449 12391 11960 7516 7628 11410 6701 15107 2723 11740 6014 14514 4833 11711 15559 15324 11884 6754 14188 9304 3002 8983 10474 3648 9779 7683 8547 5013 6093 4736 12225 13593 3211 4752 9133 6410 1234 15101 15552 13933 6805 6581 7878 822 3496 12041 14935 5076 5051 1502 894 13326 9997 11976 13360 3047 7633 5379 8246 13935 3461 5966 8791 16519 16077 12841 13842 16814 6100 12769 11637 11430 9206 5437 1796 924 8493 8991 14253 12252 4056 12320 11129 11186 11663 14685 2303 2387 15084 4425 6833 12184 7922 10233 4721 7532 2836 10580 10055 6617 13531 0 4549 11035 4177 3333 5303 12855 16757 2556 11238 9570 4589 5395 4640 4810 16061 12784 13374 11998 9628 3223 13229 14274 10170 11749 7484 12391 5549 9610 9995 4467 10783 11121 12571 14353 8730 10828 14271 6939 9359 5989 9208 7597 1022 14844 10724 12031 12434 1306 10042 3318 18170 5095 16644 3224 5347 15155 11170 10871 6834 8406 14878 6478 13631 11708 5806 10865 13764 5527 9945 13541 15965 9274 11848 17619 6500 4823 8123 2392 15689 5812 13919 5911 11959 13616 3211 7100 5423 5294 17506 14768 6553 8989 2788 12797 10968 17444 4047 12269 6501 8375 10083 12385 3950 15417 15367 11313 7622 12274 8571 5896 10132 4013 3631 8338 3530 11298 10884 11118 10958 16766 8309 9987 10447 8027 10932 7430 13216 16943 10631 14751 2479 14456 16349 10269 12372 13635 12163 9825 3306 9618 7046 15168 10452 8820 9504 8236 14062 16293 8808 6570 13011 12546 13759 4234 1165 4626 5977 7991 7353 9069 4068 11286 5047 303 6377 13045 12489 10973 8259 12863 2222 11005 5578 8290 6261 14044 13265 7953 8135 6837 10651 10881 11509 8414 14529 11910 6426 7933 13865 9843 6645 6162 6596 9260 6437 9555 2993 7027 8129 4659 8310 1967 12334 12825 11424 11248 1984 12472 10292 4487 13396 10840 12512 2358 13790 5654 10673 5272 7163 4816 12606 12919 18207 7969 18170 5892 7649 1032 7235 9023 13876 6361 5121 4240 6782 7734 5386 8609 5047 3509 11433 10247 794 16703 5106 3165 14437 14357 6726 10904 10163 12787 9834 5924 8196 5750 4499 5141 12454 9202 13979 11048 17927
2972 15231 4173 8715 8046 11575 16396 3707 7735 14658 12025 16854 6894 8649 6752 11364 2976 4553 10756 7592 7888 16895 3479 12912 15461 14488 11097 7669 3166 14709 11312 12029 13360 17122 6828 2723 11895 8597 11133 4617 7822 7186 8035 16179 2901 13779 8162 12932 9378 14146 18110 15298 13207 11293 12601 5070 2187 10229 12035 5793 12743 12121 11821 5669 1601 995 8961 13993 3058 9301 5245 10948 3521 18174 18152 14353 8657 9856 12204 3736 3042 9832 16596 1571 9437 3134 5127 12767 8294 15504 16941 7246 11725 8599 12496 12631 6676 7112 10866 14939 19092 10224 12644 19917 1579 12039 8017 7357 13140 1000 2769 4129 5616 13152 15612 7730 7430 10234 14419 6665 12593 15235 3571 6934 17063 1250 10226 15630 11325 12611 3506 11830 2249 12390 5969 4748 13066 4549 0 6487 2224 7439 1081 12904 15399 6009 15023 10391 8810 6035 7993 1146 14020 10326 10898 11186 12248 5619 15007 13244 12071 8045 11429 12706 4645 9274 5480 7844 6294 7736 8072 15073 4453 10793 15680 10848 12862 1911 8158 12098 5568 17170 9254 13643 8958 4811 8586 7785 16894 562 16301 1756 9535 13623 14674 6644 7309 10338 16707 10591 11622 8105 10292 13731 14581 3440 12358 10841 16082 6747 15476 16249 2678 8468 11955 5182 15713 9697 14219 10459 15474 15619 6095 2551 9818 2409 15603 17059 8096 11539 6541 12496 6499 16142 6922 9203 10906 3828 14265 12278 8232 17496 13054 7081 5712 8896 12028 3814 6565 8546 1001 4909 4639 6753 6339 14959 14593 15539 10018 5611 11819 4423 12677 11712 15477 15653 6597 13904 2084 14828 15352 11506 15046 12974 14274 11357 2816 8127 2688 13393 6182 4495 13044 3689 12385 19147 10830 2085 10690 8017 15858 6383 4873 8024 10526 11966 8843 7674 4544 13685 4458 4443 2593 15267 11615 13858 10063 11500 5167 14802 2115 3887 9940 17488 13999 12123 12640 8909 7674 11432 14883 12041 16019 9447 9649 11484 16320 11375 5313 9605 11143 11368 10986 7141 5876 2564 10105 4849 12302 5695 8886 14870 6881 8393 4274 14154 6470 3341 14606 7318 7971 6550 17368 2207 11316 7509 2743 4999 14325 9561 17106 12030 16712 3553 3252 4481 2717 9961 13092 10097 9428 1689 2430 12080 9811 9084 8386 5596 9239 5702 3758 19752 5531 7640 11762 13064 3290 14226 14092 16263 7749 7013 3650 10267 5458 3480 7914 7605 14959 9673 16733
8780 16382 9544 11457 14170 11329 21548 9967 1323 20787 18507 17880 3371 5658 10699 17613 7285 2793 10660 7962 14278 17078 9223 18598 19507 17858 11599 8182 7471 20726 14093 13783 19437 17612 10537 7087 16225 5851 13143 6669 11829 3551 12915 19675 8988 18440 13563 13488 15859 19123 22967 17621 17263 17765 13217 3093 8358 14625 16450 11513 18232 18518 17581 10752 4969 6451 7494 16984 8872 15785 4561 17434 9986 23504 23051 17321 13785 15597 18588 10223 8700 10153 20674 6439 15872 9593 11572 14794 9961 21296 22735 13653 17897 14544 18836 13665 12701 12078 15847 15155 24339 9682 13827 25219 4973 13982 6062 4272 19280 5663 9255 10584 6878 19433 19463 1719 13440 10637 20069 1166 16339 18247 9781 13418 21425 6854 16150 21356 17195 17658 8422 18136 8534 16983 3905 8108 15161 11035 6487 0 7715 13814 5832 15650 15890 12202 21019 14378 15191 10976 14050 6499 13635 10052 10423 13203 17514 11492 19325 14555 16778 5830 17514 15785 9044 12336 1549 13816 1183 6548 1945 18295 3197 13827 19575 16930 18726 5466 10741 18540 12055 21862 10909 17928 6966 11217 10489 14231 17316 5941 18101 8039 15819 14129 20474 3384 11714 15275 20945 16888 11779 6152 16731 19086 17964 7623 17456 9956 18490 7870 21345 16609 5441 14622 18063 11379 18047 15810 17068 16946 21258 20104 12072 3942 16209 6690 15203 21723 13113 16812 12853 14892 1393 16619 12883 8095 17340 2684 20544 14946 14593 21931 12372 3474 8377 7177 17898 7670 5636 15032 7441 5705 10233 651 569 20997 20492 16206 14828 2232 16091 5348 17182 18078 20210 16210 4194 15356 8561 17684 16379 15698 20169 14831 18958 15833 8721 10154 4225 13558 3105 2989 18928 2799 12906 24244 15776 4566 10556 1653 20416 11966 11260 14099 17009 18158 13679 10012 9976 18665 9226 10929 5548 19978 13455 19223 14939 12689 11409 20811 6235 3116 16036 23158 17358 18424 19113 14147 7440 14970 20577 18019 19967 9451 15514 17438 21179 15848 8901 15469 17625 16319 17473 8236 11989 4100 15107 9799 18392 12059 6997 19448 784 8066 10466 18454 4885 8291 18397 6017 1660 12928 23150 6083 14968 13068 4035 10042 18644 7639 17763 18271 16878 7357 3786 10879 3829 14133 14766 16105 15777 7315 4459 18476 16217 13016 14287 11340 9787 800 10243 25009 10512 14115 10687 14030 5674 19906 20209 21993 9076 11965 2869 16726 10803 7870 1471 9703 18474 11330 17295
1069 13294 2021 6650 6457 10099 14334 2430 9031 13074 11138 14913 7120 8345 4558 11345 5040 6363 9288 6298 6714 15128 4759 11025 13243 12273 9442 6316 1332 13031 9175 10047 11729 15283 4665 1155 9683 8217 9127 3391 5607 7376 5853 13957 3974 11608 6113 11183 8784 12032 15989 13170 10986 10705 10851 6982 3386 8014 9830 6726 10770 11789 9967 3486 3500 3181 8095 11804 4377 8662 5003 10133 2943 16170 16039 12164 6533 10470 10967 3429 4494 8309 14382 1283 8359 3297 5003 10718 6511 13683 15126 6131 11806 6848 11174 10782 7211 4932 8731 13210 17066 8928 10761 17910 2968 10021 7460 7322 11566 2338 2624 3394 4402 11738 13389 8613 7923 8659 12523 7572 10370 13038 2207 6408 14870 3304 8467 13775 9535 10503 1298 11699 1385 10204 5975 2879 11000 4177 2224 7715 0 6237 3278 10749 13595 6381 13330 8167 7597 3835 6337 1360 12471 8941 9531 9177 10195 6430 12805 11319 9898 7572 11632 10519 2463 7137 6403 8351 7814 6962 9512 12864 6358 8632 13458 11075 11074 2250 6152 11634 5055 15018 7406 11434 8269 3802 6718 7452 15075 2614 14235 1217 9523 11864 12855 6850 5085 8190 14503 9210 10031 7532 9885 11715 12366 1557 10261 9602 13938 5330 13699 14456 2485 6911 10350 3713 13580 9932 12042 9732 13649 13434 6742 3978 9572 4564 14007 14902 5940 9483 5229 10393 8060 14326 5176 8189 9802 5083 12847 10141 8127 15312 11624 7287 3922 8123 10240 1971 5954 7785 1680 4161 5828 7814 7423 13298 12833 13694 7845 7359 9603 3861 10483 10441 13325 13828 6519 11935 2503 12647 13436 9286 12970 10950 12109 9154 1045 6259 4636 11724 6474 6352 11269 5080 10666 17082 8688 3221 9237 9348 13683 7367 4984 6385 9860 10446 6664 5760 2428 11569 2236 3945 2359 13110 9627 11847 7902 9656 3770 13118 1554 5688 8322 15612 11786 10740 11676 6817 6576 9220 13009 10327 13798 8051 7847 9751 14193 9171 3275 10121 10488 9231 10269 5669 4283 4383 7968 6401 12470 4522 8173 12693 7917 7220 4882 11947 6132 5131 12381 6665 8968 6513 15547 4427 9099 5516 4612 2795 12120 8775 15234 10567 14953 1846 3969 4615 4384 7737 11099 10440 9294 543 4409 10868 9521 6864 8931 6532 7698 6999 3543 17731 3328 6787 10518 11216 5512 12343 12496 14412 6120 4830 4897 9780 3338 5446 9185 5761 12737 7802 14886
5190 15375 4996 9168 1627 14176 10546 3855 15103 7375 4983 16828 13309 14248 6856 6676 8545 11973 13477 11257 480 17828 6538 6483 11556 11833 13105 11168 7028 7572 10481 12298 6182 17671 7235 7190 8373 14069 11402 9010 6956 13552 5335 12993 6055 9164 4106 14315 3266 8891 12573 13948 9779 4944 14014 12431 6282 7228 8312 6324 6737 6389 5389 4892 9040 7853 13468 12018 6542 3072 11101 4080 3963 11904 12544 12324 4955 7656 4776 3945 6826 12492 12455 7443 2138 4752 3495 12457 10296 8673 10043 344 7306 2569 5057 13567 5458 5002 6420 16208 12892 13536 13404 13593 8853 12068 13207 13416 5878 8160 4775 3353 9816 5737 11989 14830 5670 12657 7903 13779 9852 12942 4056 2236 12411 7604 3694 8898 4723 7525 6081 6725 5281 8232 12125 7667 12578 3333 7439 13814 6237 0 8356 11582 16270 4746 7905 8061 1377 5101 1894 7324 16122 13363 13926 11426 6799 5896 10744 13683 7791 13385 7460 10963 6335 8969 12597 5940 13724 12537 15492 12510 11833 9806 11975 7069 6087 8430 9154 6005 2549 11986 10766 9718 13836 2629 10158 3112 17561 8002 15426 5779 5258 14881 7877 13039 6147 6194 12299 3185 13810 13260 4573 7837 11888 7046 7231 14254 14457 10251 8528 17101 8718 1701 4792 2557 14260 6214 12394 3828 8659 10977 5578 9901 4697 8582 17396 11931 5045 6251 1033 11782 13936 16883 2252 13352 3566 11132 6845 11263 4101 12679 15673 13469 8460 13606 5330 7288 11767 2127 6442 10053 6634 13982 13579 7785 7640 16181 6288 13039 8426 9898 8604 4275 10440 16396 12620 13996 5549 12848 15615 8365 9397 12819 9519 7748 5192 9818 10092 15075 12686 11899 6218 11054 13963 13165 6474 9248 13469 15402 11058 6752 4042 1829 4045 4665 5689 9283 4671 8506 5844 3258 8593 10299 11919 7930 6170 12620 2473 7673 7791 11317 2994 10748 11478 4701 5467 4782 11797 9420 8250 5118 12171 12561 3441 4671 10963 7765 7339 7120 4634 6815 4337 10416 2219 10002 5920 7816 8088 1755 13719 10193 14094 12248 5145 10088 12119 7815 11274 12384 15163 3667 10471 8891 9165 3544 10172 5177 10191 14196 17467 4664 17696 7433 10165 4171 10147 7502 13132 6881 4775 6546 9827 4662 4553 7517 6394 6254 11929 13055 4011 13500 5126 1300 15076 13953 9999 7670 6837 9491 10426 5026 10945 4314 4415 8472 15272 9540 11980 10984 17268
4053 16040 5250 9625 9052 12155 17473 4718 7015 15639 12800 17661 6748 8709 7756 11807 2329 3628 11341 8142 8791 17600 3540 13964 16521 15506 11771 8245 4090 15713 12260 12875 14355 17867 7809 3618 12961 8695 11997 5247 8845 7048 9110 17211 3179 14857 9241 13643 10077 15227 19191 16232 14263 11966 13316 4080 2528 11292 13104 5901 13810 12686 12869 6744 904 625 9283 14979 3147 10017 5409 11707 4397 19244 19232 15339 9738 10020 13092 4520 3034 10453 17660 2412 10295 3816 5764 13652 9060 16540 17975 8142 12119 9635 13408 13399 6959 8187 11946 15630 20164 10730 13430 20987 1457 12907 8215 7324 14121 1348 3597 5010 6191 14089 16664 7222 7710 10877 15472 6175 13629 16229 4599 7653 18137 1052 11258 16674 12362 13691 4537 12315 3283 13465 5973 5617 13961 5303 1081 5832 3278 8356 0 13862 16130 6397 16031 11433 9715 7105 9013 2052 14621 10875 11431 12052 13325 5804 16078 14053 13149 8201 11771 13692 5651 10228 5029 8107 5486 8044 7275 16083 3477 11761 16734 11186 13894 2338 9039 12716 6323 18251 10042 14711 9195 5732 9391 8415 17630 704 17189 2806 10000 14337 15711 6518 8357 11418 17777 11530 12259 8308 10908 14804 15601 4363 13439 11312 17029 7373 16503 16972 3126 9463 12948 6191 16650 10049 15195 11192 16512 16695 6345 2064 10377 1652 16220 18139 9176 12617 7497 13416 5666 16878 7964 9591 11761 3291 15200 13224 8761 18572 13599 6938 6525 9175 13062 4707 6835 9315 2012 5325 4657 6179 5765 15959 15617 16293 11096 4697 12882 4794 13751 12613 16557 16394 6613 14736 2841 15808 16148 12564 16124 13842 15353 12427 3895 8936 1747 14059 6032 3545 14074 3076 13084 20225 11911 1951 11268 7275 16936 6437 5432 9040 11236 12937 9920 8513 5624 14766 5498 5242 3078 16347 12466 14931 11142 12271 6163 15807 2846 2989 10943 18535 15014 13055 13437 9990 8133 12448 15931 13058 17076 10011 10691 12508 17401 12445 6241 9825 11844 12449 11711 7782 6900 1744 11186 4595 12649 6633 9138 15948 6317 8870 4650 15223 6617 2993 15651 7581 7399 7097 18403 1258 12339 8584 1862 6067 15394 9834 17872 12985 17414 4416 3122 5055 2006 11011 13941 10392 9947 2737 1482 12961 10387 10113 8616 5713 9876 5032 4512 20824 6599 8453 12226 13829 2245 15276 15077 17306 8450 8088 3136 10914 6539 2925 7204 8409 15988 10471 17484
10443 4172 9214 4325 10116 6678 9109 11031 16784 12721 15132 5380 12794 11636 6212 18201 15789 15898 6648 7877 11824 6894 15140 9332 4933 2540 5455 7640 9772 12041 1615 2617 11639 6471 6085 10248 4118 11329 2719 9254 5304 12802 6308 4263 14328 5764 7482 4913 14706 7049 9371 2475 3616 15963 4821 16637 13917 4461 4388 16456 8389 17594 9228 7919 13743 13894 9479 1384 14834 14496 11089 14777 12124 11110 9544 1689 6646 19055 13475 12642 15019 6383 5914 11454 12824 13111 13660 1742 5710 11295 12276 11836 18848 9340 13168 3948 16250 6910 6018 5922 11519 7591 3629 12405 12948 2223 10523 12138 11927 12608 12496 12008 8802 12984 4548 15375 16728 6032 9938 14778 2552 2606 10912 13576 7048 14051 9516 11044 9578 6618 9455 18151 11560 5014 11841 8305 1539 12855 12904 15650 10749 11582 13862 0 5543 15357 12109 3533 11981 7515 9796 11813 6913 7114 7257 2665 7306 16049 5382 3299 5300 10836 19037 816 8286 3634 14125 17092 16420 9709 17547 2760 16086 2119 4712 18650 10183 11833 5005 17039 12973 8100 4836 4494 10212 11587 5168 14629 6454 13158 3848 11755 16838 5035 10823 12635 6047 5874 6421 11888 5917 10482 15990 8287 2642 9500 6713 7974 3192 7785 11678 6203 11248 10333 11136 10514 2860 17760 1418 14848 11232 6305 16063 13563 16246 15298 7405 7928 6560 7126 11018 1012 16710 5925 9415 8867 13439 13984 13624 704 15619 7602 7388 12809 7580 9855 9841 9171 10190 13631 12410 10005 15989 15314 15113 12321 11296 5256 5542 16583 3946 10452 4813 13021 7002 5523 11768 3061 12856 2037 4468 3722 8106 2094 6101 4514 10650 5497 14716 5720 12709 15984 10369 14203 5045 11024 5902 12839 6738 17119 6701 17069 14020 9879 15140 11696 5896 5691 9045 6826 8572 12559 11218 6790 2676 8387 5720 3993 10697 12051 11097 15333 10334 12058 2141 12610 15159 6890 8558 2198 10425 10417 5117 7091 9123 10061 8007 4505 7626 18548 15581 5973 15217 7437 10091 14335 6076 16847 19633 11315 10093 6103 15318 8194 14603 4807 10976 15799 3641 10096 15927 14707 12519 15093 2473 8057 14583 8331 4962 9936 6170 12079 6822 9481 12624 13829 14135 4086 2498 18420 16356 11247 14570 13542 16088 4246 17632 16297 6406 15313 12807 12100 7898 12880 8153 4046 16086 9976 12301 11481 6608 6941 13860 15672 8397 16176 16833 5964 3240 4465 6101
13698 1620 12693 7288 14988 4581 14422 14714 16729 18254 20327 2227 12565 10597 9749 22940 18367 17059 5232 8237 16592 1573 18344 14861 9894 7422 4430 8071 12333 17582 5959 3972 17144 1757 9442 12716 9642 10323 4876 10897 9347 12444 10978 8488 17544 11240 12344 2503 19516 12533 14308 4714 9102 20973 2822 17786 16981 9688 9922 20105 13924 22555 14696 11805 15713 16366 8462 6231 17970 19314 11728 19848 15776 16322 14504 6239 11594 23285 18808 16334 18089 5861 10578 13829 17813 16592 17635 4024 7111 16820 17752 16468 23559 14343 18548 2833 20215 11282 11437 891 16590 6219 2917 17427 14877 4225 9873 11701 17411 14783 15910 15841 10024 18430 9329 15035 20803 5388 15475 14799 8091 6628 14535 18001 11822 16645 14797 16556 14992 12159 12450 22987 14758 10556 12051 10730 4062 16757 15399 15890 13595 16270 16130 5543 0 19311 17652 8678 16918 11463 14663 14255 2722 5838 5496 4849 12834 19745 10587 2594 10833 10138 23654 6358 11370 7312 14566 21205 16917 9344 17541 7181 17356 6604 9505 23206 15696 13818 7572 22061 17130 13080 6189 9941 9096 15623 6879 19125 1501 15464 3718 14782 21406 1813 16363 12515 10172 11204 11183 17116 4121 9791 20824 13823 7486 12073 12250 6061 5256 8810 17211 864 13064 15286 16557 14647 4893 22211 5882 19834 16756 11456 19900 15136 20957 17750 2147 12910 11302 12611 15522 4839 17191 753 14019 7827 18612 15086 19120 5459 20082 12339 3945 12498 9711 8817 15310 11665 10353 18390 15234 11104 19368 15379 15321 17863 16838 490 10791 17443 9464 11655 10352 18326 12278 336 11696 2494 16041 6049 1332 9201 13542 3626 11527 9986 13893 7337 16425 2341 12792 17199 15888 15384 3082 15988 11315 14584 5335 17022 11841 20748 17881 14752 20109 17095 10823 7846 12692 12340 11819 16454 13088 12090 4353 13921 10987 3944 14832 17593 13311 16647 15543 17469 7258 17982 20430 11927 8564 7533 15955 15870 9844 6493 14325 15476 13210 9980 10362 22823 20606 11452 20253 8390 14418 16006 11364 19996 24334 15596 9030 11421 15330 7871 18200 10174 11045 18667 8726 9880 15583 18906 17972 17378 7812 12763 16231 11941 10303 8515 1874 17467 1428 11880 13929 17609 15705 9153 3246 22843 20973 13973 16362 18857 20818 8802 21777 19924 6361 15826 16495 17108 11674 17523 5568 2404 18143 15516 17824 16971 7681 11269 15022 20539 12337 18877 16711 7837 8013 5801 1409
5831 18707 6644 12031 6299 16300 15281 4613 13328 11522 7265 20269 12895 14520 9576 5412 5304 9729 15509 12648 4889 20881 3071 11190 16112 16071 15488 12647 7679 11901 14008 15459 10534 20890 9870 7529 12737 14432 14516 9772 10167 13184 9128 17409 3219 13809 8280 17056 4378 13617 17318 17819 14173 6016 16729 9939 3884 11355 12730 1643 11481 6414 10114 7563 7292 5772 14467 16044 3362 4413 11095 6166 3604 16569 17287 16378 9113 4103 8290 3047 3576 14508 17071 7002 5614 3104 1700 15872 12506 13192 14487 4401 5729 7233 8782 16487 905 8449 10942 19065 17562 15248 16396 18227 7567 15322 13748 13312 10141 7002 3758 3470 10781 9631 16491 13618 1548 14806 12563 12568 14045 17101 4808 2644 17105 5355 8434 13460 9434 12213 7142 5941 4997 12759 11919 9041 16071 2556 6009 12202 6381 4746 6397 15357 19311 0 12241 12009 5569 7940 6500 6646 18571 15219 15811 14554 11520 1261 15356 16830 12331 13826 5421 14865 8053 12160 11408 1975 11721 13313 13485 16740 9450 13354 16495 4841 10709 7779 11756 6563 2456 16725 13257 14236 14607 3773 12572 2614 20726 6460 19164 5240 3622 17701 12436 12641 9365 10619 16958 7382 16134 13826 4810 12581 16139 7858 11920 15937 18438 11655 12981 20173 8424 6443 9239 4844 18176 3689 16382 5557 13187 15654 832 8429 4142 5693 20033 16666 8945 10941 4702 15330 11854 19999 6234 14569 6835 9683 10633 14905 2525 17393 17840 13080 10070 14480 10002 8251 12245 4149 5333 10467 2438 12573 12160 12066 12118 19322 10591 10756 12754 10086 13123 7966 15159 19498 12531 17304 4083 16903 18904 12613 14142 16185 14194 12106 5671 12142 7993 17699 12185 9589 10814 9472 16596 17872 10975 8085 15470 13561 15757 2007 1447 6458 5485 8953 9724 11595 6620 13220 7562 2859 8310 15010 15045 12673 10517 15411 4661 12006 7570 9191 7681 15266 15663 8645 7985 9079 12955 13340 12867 9712 16726 14337 8177 9328 15706 12124 9139 3740 6007 11381 5992 11962 5326 8104 10339 3547 6293 4131 14516 14866 12712 13588 1750 14646 12301 4297 15687 12979 13792 1224 14907 6234 13121 7564 8170 7370 14766 15138 20762 8821 20723 8197 9260 1778 8398 11453 16429 4114 3641 6295 7749 8113 4195 11112 2558 1628 13898 11403 2902 18154 7661 3846 16844 16910 7055 12324 11055 14020 12296 8416 9523 4921 7044 4936 13523 11713 16317 13589 20484
12284 16232 11486 12537 6979 17602 4859 11318 22341 1055 6334 17179 19744 19986 11352 10901 16442 19561 17164 16216 7574 18966 14433 2922 8801 10677 16297 16037 13616 340 12019 14179 1727 18450 11695 13956 8038 19735 13612 15062 10600 19928 8779 10692 13959 6599 7682 16640 8376 5370 6802 13593 8626 8008 16442 20093 14153 8488 7746 13884 3782 9378 3607 10433 16599 15591 18527 11621 14447 8234 17453 6953 11743 4991 6659 11740 7790 13611 4367 11815 14731 16381 8986 14613 6640 12629 11329 13712 14387 1408 2296 8202 11502 6482 3772 15679 12714 9361 6581 17991 5931 17681 15397 6359 16245 13800 18796 19585 2101 15567 12561 11158 15517 2905 9461 21735 12615 16313 2262 20747 9564 11809 11453 9620 8166 15392 4869 1823 3849 5495 12632 10409 12776 7096 18514 13480 13610 11238 15023 21019 13330 7905 16031 12109 17652 12241 0 9431 6740 10315 7035 14627 18700 17330 17758 13600 4887 13490 7822 15287 6840 19051 12055 11293 12241 11787 19629 12708 21138 17973 22842 11199 19477 11520 9335 12028 2384 15565 12968 8653 10411 7003 14298 7886 19102 10386 13976 9799 18480 15571 15191 13273 10744 16949 1353 19487 10200 7026 8478 4866 16972 18816 8969 3875 10658 13510 5426 18327 13634 15395 956 18294 15608 6571 3117 9843 13694 11842 12024 7497 1450 7327 13037 17285 9724 16444 19450 7064 8464 5291 8592 12878 21378 18009 8159 18170 5656 18413 2478 12256 10459 8078 18802 19868 13805 18789 3166 13569 17608 8147 14032 16215 14425 21060 20687 308 814 17356 7556 20602 8225 16269 7306 4464 6372 17626 18859 15166 13332 12127 16537 8538 4733 14106 6481 7793 12372 13866 17711 17491 19246 19514 2165 18406 16553 6515 6704 16546 17206 22664 7106 14172 11872 7001 7757 3295 8274 13500 11056 5427 11933 11151 15494 6427 13968 3798 7358 15182 9868 235 14784 18887 5089 3183 10644 3693 5794 7354 16929 10253 1924 3003 9246 16783 5510 3582 6063 7795 12815 13082 7686 6389 7409 15360 9150 17554 7008 15613 12143 9479 18970 6885 21149 17090 12999 7823 18183 15718 9468 18025 22153 11023 2695 16708 9994 8029 17752 11095 7764 19224 18093 3428 18909 13837 17237 12047 17632 9156 14512 12408 10227 13777 17453 4559 9538 10092 12939 13860 15998 20323 11895 6381 10699 8430 18909 15913 17840 2165 1252 2089 14959 9467 18227 8613 10277 16377 22488 13883 10342 14271 18110
7618 7529 6341 3435 6583 8191 7703 7916 15630 9859 11686 8870 12050 11542 3782 14668 13093 14036 7808 7549 8294 10160 12131 6516 5182 4185 6879 7329 7486 9293 2732 4871 8636 9857 3868 7973 1929 11252 4205 7709 2634 12141 2880 5797 11338 4255 3956 7282 11173 5255 8743 5893 2908 12452 7059 14743 11022 1014 2208 13213 5662 14075 6137 4886 11504 11340 9693 4036 11868 10963 9969 11280 8980 9786 8857 4370 3115 15593 10130 9461 12083 7115 6348 9124 9304 10022 10329 4665 5395 8911 10128 8324 15316 5814 9879 6350 12887 3629 2878 8840 10454 8441 6095 11368 10790 4529 10332 11598 8848 10317 9465 8777 7646 9804 5250 14489 13324 6978 7489 13703 2209 5119 7835 10097 7048 11418 6120 8756 6355 4167 6895 14620 8697 2873 10914 6344 4697 9570 10391 14378 8167 8061 11433 3533 8678 12009 9431 0 8452 4481 6263 9409 9327 8045 8419 4198 4570 12792 4949 6129 2865 10630 15510 2906 5815 2533 12831 13673 14941 9467 16322 4823 14146 2138 5333 15129 7241 9727 4058 13532 9583 7564 5042 3555 10363 8274 4887 11129 9796 10748 7368 8985 13320 7667 8278 11837 3088 2551 6576 8456 7546 10324 12458 5947 4268 7239 4125 9037 6449 7009 9205 9440 9313 6804 7917 7186 6220 14257 4383 11330 8851 5752 12749 11586 12715 12692 10229 7414 3085 4151 7540 3887 15225 9187 5929 9216 9978 12278 10568 3304 12120 7556 9372 12117 6012 10016 6742 7013 9518 10099 9725 8723 12874 14174 13896 9591 8642 8488 2114 14870 1764 9033 2954 9649 5989 8734 11034 6230 9938 4895 7801 1347 6405 5059 4760 1775 7818 4931 12580 8130 11772 14083 7450 12430 7147 10188 2753 10807 7860 15973 6085 13804 10729 6346 11620 8438 2373 4758 6075 4862 5935 9285 9249 5750 4604 6075 2312 5760 7363 9326 8907 13407 6886 10156 3728 9311 11761 3361 8303 1360 8027 7270 5696 7623 5667 6836 7018 1781 5554 15078 12073 3046 11711 6812 6690 12246 2691 13823 16101 7906 10231 5152 14212 8241 11417 4080 10250 12945 4222 9691 15007 11283 10451 12593 1117 4560 12493 5455 4271 10321 9598 8803 10058 7349 10895 10578 12121 563 5432 14919 12833 8704 12392 10180 12556 1374 14200 13066 6826 13890 9624 11108 4947 9361 9542 6638 13675 7455 9372 9302 6167 3688 12124 12141 5283 13399 15719 5150 4587 4933 9467
6543 15922 6261 9997 1935 15122 9826 5230 16480 6127 3763 17314 14644 15516 7809 6267 9802 13337 14454 12397 924 18458 7721 5696 11374 11942 13997 12293 8341 6402 11023 12955 5016 18240 8196 8526 8451 15327 12093 10276 7741 14882 5948 12940 7301 8888 4577 15087 2774 8429 11905 14259 9796 4059 14798 13784 7579 7533 8341 7204 6119 5642 4676 5964 10410 9202 14646 12268 7764 2561 12418 3003 5318 11015 11855 12550 5364 7839 3399 5261 8048 13486 12181 8814 926 6054 4594 13010 11283 7628 8947 1574 6926 2642 3693 14291 6149 5806 6398 16921 12009 14584 14104 12661 10230 12694 14451 14726 4664 9537 6124 4706 11044 4406 11863 16199 6204 13616 7015 15150 10032 13091 5427 2926 12002 8939 3129 7891 3977 7197 7377 6173 6658 8145 13451 8880 13096 4589 8810 15191 7597 1377 9715 11981 16918 5569 6740 8452 0 6113 2259 8700 16961 14381 14931 12111 6396 6796 10497 14324 7700 14639 7200 11305 7533 9688 13969 6398 15098 13757 16868 12615 13190 10354 11828 6898 5151 9801 10063 5147 3694 11437 11669 9609 15044 3999 11095 3393 18152 9373 15790 7156 5157 15620 6867 14374 6969 6291 11960 1899 14709 14500 4021 7201 11985 8343 6911 15299 14699 11404 7434 17730 10074 1649 3680 3895 14542 6223 12660 2917 7621 10615 6388 11278 4379 9878 18167 11400 5618 5955 2368 12288 15308 17498 3141 14496 2226 12509 5505 11734 4285 12217 16592 14801 9614 14801 4479 8564 13031 1856 7814 11343 7686 15357 14955 6593 6562 16794 6497 14404 8534 11210 8517 2902 9982 17021 13933 14569 6894 13067 16177 8541 8782 13386 9185 7849 6553 10786 11454 15874 14030 13260 5249 12431 14773 12349 6475 10625 14454 16779 10649 7552 5134 2169 3191 3450 6133 10267 5907 8088 7061 4554 9949 9867 12595 7277 6346 13400 3827 6505 9151 12683 2247 9706 11631 3367 4176 5091 12968 9786 7302 4149 11982 13608 3133 3802 10390 7865 8490 7288 3700 6720 3358 11542 3457 11371 6038 8874 7710 3132 14923 9852 15468 13383 6265 9922 13411 9022 11247 13628 16535 4380 9371 10211 9517 4191 11538 6341 10002 15375 18008 3391 18336 8727 11536 5325 11520 7911 13723 6886 4623 7917 11190 3285 4204 8116 6767 7164 12942 14432 5312 12593 6217 1723 16095 14659 11305 6773 5611 8456 11488 5852 12322 3694 5532 9688 16649 10551 12010 11851 17842
3156 10777 1883 4194 4309 9076 10631 3517 12292 10282 9863 12331 9431 9793 1774 11615 8630 10073 8377 6346 5514 13035 7680 7691 9437 8661 8025 6223 3531 10055 6090 7550 8900 12990 2142 3966 5864 9566 6612 4748 2236 9613 2029 10263 6878 7781 2646 9344 8340 8266 12203 9990 7200 10038 9030 10733 6543 4203 6000 8952 7265 11483 6744 410 7311 6943 8643 8371 7402 8154 7142 9096 4609 12544 12262 8723 2815 11834 9007 5129 7611 7395 10566 4961 7034 5607 6241 7932 5196 10411 11836 5220 12206 4176 9025 8674 8843 1124 4954 11301 13402 8472 8550 14270 6693 7393 8643 9282 8864 6126 5015 4517 5265 9359 9617 11503 9387 7556 9129 10557 6684 9540 3406 6567 11035 6984 5565 10436 6477 6755 2680 11750 4219 6370 8201 3168 8136 5395 6035 10976 3835 5101 7105 7515 11463 7940 10315 4481 6113 0 4037 5164 11071 8277 8834 6646 6546 8550 8974 8932 6071 8872 12247 7121 1954 4224 9500 9777 11302 7873 12882 9288 10114 5450 9676 11778 7945 5746 4082 11105 5673 11202 5688 7609 9108 4186 5065 7705 12841 6449 11265 4526 9995 9948 9604 9175 1470 4398 10673 7113 8725 8678 9634 8113 8746 3356 6531 9187 10673 5387 10510 12317 5558 4748 7653 3185 10370 10758 8664 8911 10368 9600 8602 7620 9641 8258 12405 11083 2162 5840 4198 7406 11570 12127 2973 8437 8228 8541 10399 7012 8642 11477 10578 9554 3637 8836 7149 3323 7352 7197 5289 5900 8483 10925 10580 10345 9699 11438 4023 11012 5794 5968 6648 8457 9511 11628 8547 9374 5459 9234 10981 5497 9254 8246 8286 5323 3351 4718 8435 10067 8948 10086 8159 8618 8950 13361 4901 6828 8371 12628 9852 9571 6554 4120 9140 7929 2838 4182 1594 7803 1767 5094 5461 9293 7142 8248 4092 7656 3370 10128 4902 9410 5781 12206 8194 8496 10207 3171 6968 5678 9651 7396 10004 7495 4898 6811 10403 5340 2554 11365 9717 5448 9403 5478 3012 8149 4195 9381 12967 4145 8982 8863 10998 7319 7089 8119 7887 8464 8635 7840 11952 7449 12240 8206 5509 2339 8388 1040 8290 9371 12844 8163 12887 3624 7228 6338 8096 3997 8498 11385 9591 4377 8219 8969 9522 3314 10342 8789 6839 10356 5295 14072 508 6238 9991 9083 9321 8980 9705 11069 5376 1014 8366 9398 897 8922 12418 4447 9063 5936 12583
5276 13686 4629 7760 325 12921 8966 4295 15368 6737 5893 15098 13087 13720 5647 8405 9634 12526 12273 10382 2044 16205 7848 5070 9678 9950 11774 10259 6790 6725 8784 10698 5399 16000 6037 7070 6482 13510 9834 8529 5498 13302 3689 11100 7240 7319 2335 12832 4913 7136 10931 12124 7886 6318 12544 13063 7306 5387 6419 8008 5139 7892 3951 3966 9564 8597 12673 10169 7768 4704 10809 5240 4840 10492 10919 10467 3150 9549 4984 5026 8046 11319 10597 7616 3170 5829 5058 10770 9119 7543 8971 2210 9053 744 5047 12032 7268 3584 4529 14662 11460 12456 11845 12218 9218 10440 12604 13065 5230 8537 5638 4303 9194 5486 10102 14877 7530 11427 6563 13859 7980 11067 4422 4109 10605 8429 2267 7701 3378 5713 5794 8373 5744 6345 11866 7031 10866 4640 7993 14050 6337 1894 9013 9796 14663 6500 7035 6263 2259 4037 0 7606 14717 12230 12768 9852 5039 7572 8884 12069 5906 12816 9259 9148 5689 7431 12710 7816 14120 11864 15840 10626 12445 8112 10090 8898 4893 8585 7858 7406 4122 10260 9455 7831 13120 3530 8901 5002 15906 8538 13627 6240 7099 13362 6717 12820 4743 4301 10464 3097 12487 12646 6206 6226 10002 6734 5420 13167 12608 9416 7491 15478 8704 712 4013 2824 12425 8085 10551 5176 7518 9156 7324 10262 6454 9548 15911 10194 3361 4443 1865 10061 14355 15248 1195 12474 4218 11414 6576 9518 5988 10898 14376 13230 7647 12857 4067 6879 11245 3838 7007 9649 8142 14133 13748 6983 6605 14544 4413 13567 6538 9597 6716 4434 8669 14770 12293 12326 6392 10990 13938 6489 7742 11143 7695 5858 5351 8612 10679 13622 12523 12480 5067 11392 12524 11657 4582 9535 12278 15684 9259 8487 5583 90 5446 4131 3911 8107 4219 6730 5272 4465 8584 8515 10337 6333 4288 11147 2870 6816 7836 11852 1986 9569 9602 4547 6189 2929 10996 7613 6983 4048 10294 11482 1790 3495 9260 5875 6536 9012 5958 4933 5613 9514 2117 10519 4029 9292 9838 2685 12996 8367 14230 11356 6603 8209 11703 9041 9381 11789 15263 5498 9401 9756 7351 1941 10718 4473 8317 13402 15775 4291 16082 7096 10288 5618 10599 5711 11475 8753 6596 6761 10423 4938 6294 5862 8280 7915 10791 13334 5140 12094 4236 3171 13939 12400 10904 6350 6160 8325 9387 3640 11227 5900 3621 9666 15521 8411 10088 9621 15600
2349 14087 3379 7594 7703 10467 15694 3471 7801 14337 12112 15710 6336 7875 5708 11876 4121 5007 9649 6506 7793 15754 4431 12368 14527 13461 9963 6573 2045 14323 10214 10890 13005 15977 5758 1587 10983 7793 9998 3516 6807 6614 7191 15175 3753 12945 7473 11791 9604 13387 17342 14192 12261 11533 11460 5622 3057 9312 11140 6655 12125 12491 11302 4829 2148 2131 7992 12927 4014 9503 4449 11069 3635 17529 17394 13287 7889 10629 12095 3995 4046 8713 15673 437 9407 3585 5523 11638 7149 15014 16456 7178 12283 8149 12337 11486 7391 6273 10083 13800 18426 9148 11498 19270 1623 10904 7143 6683 12823 977 3040 4194 4530 12938 14651 7533 8136 9109 13868 6474 11598 14177 3282 7170 16190 2390 9775 15113 10854 11860 2524 12293 2071 11532 5294 3610 11941 4810 1146 6499 1360 7324 2052 11813 14255 6646 14627 9409 8700 5164 7606 0 12903 9233 9809 10051 11555 6432 14116 12100 11235 7201 12039 11640 3608 8179 5284 8560 6514 6787 8241 14035 4998 9710 14725 11466 12394 1179 7026 12403 5787 16362 8108 12737 8045 4758 7440 8125 15750 1351 15173 1606 10040 12482 14184 6073 6349 9539 15811 10390 10496 7226 10616 13075 13557 2320 11619 9780 14984 5635 15019 15106 1780 8148 11615 4884 14609 10312 13143 10623 14980 14762 6849 2657 10217 3542 14481 16244 7289 10843 6354 11381 6751 14998 6468 8193 10869 3827 14051 11179 8684 16638 11957 6515 4567 7955 11559 2681 5656 8680 1319 3927 5580 6658 6255 14585 14148 14394 9185 6013 10896 3487 11804 11581 14669 14508 5895 12762 2564 13756 14207 10567 14330 11839 13448 10467 2256 6982 3280 12259 5645 4993 12586 3788 11246 18441 10038 1939 9585 8109 15016 7272 5372 7648 10722 11682 8001 6532 3789 12924 3489 4639 1670 14453 10476 13206 9246 10354 4911 14412 1020 4331 9586 16955 12968 11926 12687 8177 6633 10403 14350 11626 15074 8349 9165 11055 15545 10484 4199 10337 11348 10583 11158 6022 5514 3023 9320 5911 12901 5574 7965 14027 6771 7338 4976 13254 5659 4452 13631 6404 7845 7014 16879 3282 10299 6870 3252 4125 13429 8621 15961 11783 15572 2411 2873 4979 3033 9002 11953 10760 9877 856 3057 11985 10188 8078 9121 6457 8117 5755 4063 19091 4657 7718 10703 11918 4292 13685 13762 15750 6613 6168 3640 10551 4698 4622 7964 6460 13951 8528 15588
12775 4049 11950 6966 15034 2474 16021 13972 14373 19178 20566 4947 10269 8146 9297 22685 16926 15077 3282 6486 16499 3499 17208 15811 11726 9224 3086 6376 11149 18585 6682 4529 17962 4180 8935 11462 10703 7893 5124 9406 9220 10114 11078 10579 16438 12633 12499 2063 19385 13901 16196 6913 10500 20998 2268 15783 15817 10322 11007 19165 14919 22507 15461 11352 14090 14939 6142 7963 16811 19193 9767 19956 14970 18019 16380 8074 11859 22642 19254 15530 16892 4190 12565 12467 17882 15660 16954 5174 6066 18035 19105 16271 23271 14527 19073 3035 19460 11161 12203 1832 18400 4041 3333 19274 13269 4919 7573 9377 18165 13286 14967 15137 8431 19080 11238 12637 20105 3813 16637 12507 9369 8667 13768 17607 13777 15265 15259 17819 15642 13255 11472 22816 13752 11697 9918 9613 5395 16061 14020 13635 12471 16122 14621 6913 2722 18571 18700 9327 16961 11071 14717 12903 0 3788 3291 5129 13813 18840 12275 3633 11891 7809 23288 7678 10518 7336 12411 20522 14717 7180 15184 9141 15407 7198 11413 22800 16564 12283 6989 22081 16580 14935 5391 11392 6698 15050 6047 18752 3860 13996 6260 13687 21039 1903 17483 10254 9998 11859 13135 17455 2444 7483 20687 15008 9307 10914 13289 3680 7607 7273 18381 3177 11496 15392 17188 14176 7188 21742 7696 19857 17972 13188 19075 13372 20712 16270 1616 14762 11429 13463 15263 5974 14980 3290 13893 5557 18854 13144 19884 6563 19663 14318 1300 10180 8564 6462 16063 10500 8305 18241 14018 9366 18297 13086 13071 18879 17898 3189 11378 15348 10510 9919 11567 18739 13913 3050 9486 4125 14972 8026 3845 10172 14989 4823 12998 10907 12953 6452 14671 1213 10584 15234 16771 13461 2213 17868 12078 12912 3359 14650 13583 19810 17124 14807 20109 17677 11122 7004 12040 13635 11015 15764 11543 13703 4735 15121 11582 3617 14354 18611 11905 14733 15900 18940 8944 18503 20763 12249 6620 8459 17151 16577 11789 4618 14710 16117 14910 10905 9433 22218 20653 12327 20317 6881 14082 14250 11963 18789 24027 15182 6653 13016 13022 5879 17280 11720 8918 17354 10470 7728 13174 18331 19370 15835 8712 12775 14458 11322 11875 6063 4452 18024 3302 10653 12109 16812 13919 9695 4427 22344 20652 12770 14643 19277 20593 9039 21104 18975 4791 13658 15682 18964 11168 17303 3006 2869 16481 16640 18698 18296 6351 11121 13104 20436 11877 17480 14337 6859 9886 5140 3955
9389 6445 8748 4799 12526 1325 15593 10703 10909 17619 18114 7867 6736 4915 6583 19692 13192 11323 617 2737 13786 7076 13609 14414 11951 9652 1770 2661 7610 17155 6052 4585 16299 7566 6194 7869 9830 4620 4442 5717 6916 6628 8867 11354 12864 12079 10250 3480 16562 13219 16257 8327 10149 18306 3243 12037 12215 8892 10138 15667 13630 19715 13827 8472 10318 11220 2695 8468 13202 16385 5995 17372 11626 17675 16410 8719 9794 19321 17077 12176 13263 950 12996 8797 15305 12209 13674 5647 3113 16927 18170 13456 20240 12202 16997 3868 16087 8673 10774 5121 18239 484 4111 19149 9502 4935 4061 5887 16409 9550 11519 11873 4711 17162 11633 9243 16767 1108 15505 8965 8979 9554 10484 14565 14075 11562 13241 16790 13849 12211 8080 19900 10280 10841 6227 6179 6010 12784 10326 10052 8941 13363 10875 7114 5838 15219 17330 8045 14381 8277 12230 9233 3788 0 591 4488 12566 15368 12214 4833 10896 4342 20187 7635 7280 5561 8741 17192 11084 3507 11720 9836 11643 6247 11791 19669 15022 8542 4457 19366 13419 14994 3033 11031 3392 11903 3405 15709 7275 10267 8388 10154 17965 4091 16258 6679 7550 10306 13467 15201 1742 3985 17835 13990 9754 7399 12162 997 9181 3621 17195 6570 7749 12938 15305 11152 8719 18570 8372 17184 16869 13136 15655 9585 17756 12527 5404 14826 9223 12061 12415 6124 11356 6569 11241 2039 16448 9375 18089 6490 16562 14630 2728 6677 5162 3072 14385 6992 4558 15425 10407 5588 14726 9545 9483 17457 16570 6161 9774 11644 9638 6139 10832 16536 13655 6159 5859 5642 11437 8901 6402 9230 14369 5511 12536 9812 9549 3628 10883 3511 6954 11474 15240 9688 2917 17849 10654 9134 509 11209 13523 16308 13780 12318 17407 15715 9162 4123 8921 12859 7797 12499 7803 13421 4443 14119 9972 3205 11316 17200 8220 10960 13723 18193 9229 16437 18415 10227 2834 7706 16048 14818 12201 891 12620 14290 14704 9817 6182 18931 17990 11039 17679 3273 11197 10462 10326 15143 20970 12180 3303 12749 9498 2097 13815 11475 5220 13668 10660 4046 9797 15117 18496 12075 7878 10338 10670 8270 11659 2942 7712 16019 6878 7097 8322 13443 10131 8216 5293 19140 17625 9184 10857 17067 17656 7239 17776 15473 1440 9999 12318 18864 8243 14437 1714 4155 12698 15455 17086 17344 2974 8605 9329 17623 8960 13759 10899 3831 10351 3114 7244
9981 6231 9334 5254 13067 915 15896 11293 11235 18070 18656 7588 7079 5130 7126 20273 13752 11788 626 3306 14346 6660 14192 14838 12144 9796 1806 3240 8199 17590 6301 4673 16760 7196 6737 8455 10164 4847 4648 6294 7414 6951 9366 11461 13449 12384 10758 3253 17132 13547 16494 8303 10412 18868 3060 12496 12798 9294 10474 16256 14038 20284 14278 9036 10860 11785 2966 8586 13785 16954 6477 17925 12217 17973 16651 8819 10281 19912 17593 12767 13843 1449 13164 9374 15855 12799 14264 5710 3650 17322 18546 14023 20824 12724 17503 3779 16678 9201 11188 4735 18513 753 4050 19420 10049 5045 4381 6208 16880 10112 12110 12463 5283 17652 11799 9540 17358 1447 15900 9317 9237 9627 11073 15147 14269 12131 13734 17175 14318 12583 8671 20477 10870 11180 6646 6770 6062 13374 10898 10423 9531 13926 11431 7257 5496 15811 17758 8419 14931 8834 12768 9809 3291 591 0 4689 12966 15958 12450 4748 11254 4643 20773 7824 7866 5972 9152 17783 11479 3908 12047 9941 12117 6548 11960 20256 15465 9101 4958 19930 14005 15227 3471 11302 3614 12489 3902 16291 6896 10830 8250 10743 18549 3809 16666 7040 8069 10733 13653 15722 1539 4297 18407 14365 9896 7989 12544 724 9142 4208 17601 6189 8308 13474 15788 11731 8681 19158 8463 17743 17264 13376 16246 10104 18335 13083 4904 15057 9723 12478 12983 6253 11747 6210 11792 2335 16984 9853 18567 6663 17148 14824 2169 7007 5752 3324 14843 7583 5015 15994 10990 6129 15311 9898 9856 17891 16991 5849 10205 12075 9970 6677 11155 17054 13926 5824 6243 5542 12026 8968 6161 9569 14693 5535 12831 10177 10140 4156 11401 3154 7342 11943 15683 10171 2729 18102 11067 9672 560 11527 13766 16897 14371 12856 17969 16207 9633 4665 9503 13198 8382 13089 8364 13695 4583 14493 10405 3278 11896 17632 8795 11443 14233 18545 9390 16941 18949 10711 3346 8002 16441 15286 12368 1480 13119 14764 14972 10181 6767 19521 18550 11437 18237 3863 11766 10981 10764 15720 21554 12758 3541 13017 9844 2600 14405 11733 5642 14239 10849 4456 10090 15706 18865 12625 8187 10866 11185 8846 11914 3079 7368 16516 6461 7686 8833 14034 10645 8620 5282 19729 18207 9770 11382 17586 18233 7676 18367 16061 1997 10405 12910 19131 8811 15008 1178 4015 13229 15856 17542 17721 3558 9136 9814 18192 9528 14322 11215 4387 10496 3494 6890
9109 4171 8009 2561 10177 4230 11279 9996 14289 14055 15601 5770 10229 8981 4982 18093 14149 13695 4067 5305 11756 6415 13833 10698 7464 5183 2931 5072 8024 13475 1656 906 12834 6344 4713 8465 5679 8674 60 7082 4500 10219 6163 6928 13020 7786 7555 3094 14678 9000 11806 4426 5751 16170 2861 14438 12516 5193 5989 15441 9819 17735 10332 7004 11802 12179 6814 4045 13483 14477 8664 15069 11078 13341 11965 4330 6847 18480 14193 11629 13632 3723 8509 9652 13016 11958 12864 1634 3265 12994 14128 11621 18711 9575 13987 2202 15459 6434 7076 4811 13849 4958 1994 14752 10978 855 7884 9537 13038 10736 11292 11093 6471 13966 7147 12820 16024 3391 11582 12278 4574 5219 9833 13160 9590 12399 10181 12802 10522 8203 7941 18148 10208 6693 9337 6442 1982 11998 11186 13203 9177 11426 12052 2665 4849 14554 13600 4198 12111 6646 9852 10051 5129 4488 4689 0 8716 15063 7764 2287 6841 8196 18806 3147 6797 2463 11704 16418 14039 7084 15067 5423 13920 2080 7304 18361 11438 9865 3032 17258 12320 10538 2294 6649 7548 10827 2782 14280 6196 11355 5151 10303 16559 3539 12408 10085 5325 6732 8979 12432 3507 7839 15987 9978 5287 7751 8214 5391 5291 5355 13319 5690 9198 10493 12073 9828 4853 17373 4014 15028 12932 8690 15177 11466 16110 13592 6111 10369 6497 8342 10673 1739 14328 5489 9174 6203 13883 11738 14757 2010 15240 10145 5233 10233 5544 7191 10934 7372 7646 13549 10854 7675 14795 12828 12653 13770 12802 4795 6256 14298 5483 8166 6614 13689 9266 4993 9214 2779 11513 4596 4353 5115 10129 1790 8209 5819 9312 3195 12686 3937 10195 13799 11646 11984 2954 13421 6951 10794 4148 14619 9082 16077 13140 9942 15297 12573 6087 3550 7958 8687 7195 11695 9189 9038 497 10097 6460 1598 10014 13503 9213 13172 10864 14042 4747 13416 15751 7211 5953 3438 12107 11452 7714 4427 9658 10998 10307 5818 5905 18010 15809 7214 15460 4972 9576 12286 6842 15522 19486 10762 7430 8355 12822 5548 13540 7062 8431 14308 6172 7495 13376 14095 14419 13307 3664 7935 12529 7205 7240 7274 6209 12927 6276 7643 10419 12889 12045 4573 1925 18009 16124 9619 12570 14225 15972 4017 16985 15266 3746 12924 11793 14460 6893 12675 5680 2550 14212 11571 13571 13309 4130 6421 11630 15706 7532 14601 14326 3716 5879 1878 5937
9283 11469 8180 7819 5222 12761 4148 8814 18826 5421 8505 12535 15732 15635 7075 12418 14365 16547 12360 11723 6758 14198 12771 2028 5085 6253 11448 11525 10075 4778 7132 9294 4352 13738 7359 10500 3192 15364 8729 11082 6126 15876 4618 6815 12101 2545 4088 11753 9061 2098 5960 9037 4047 9731 11555 17177 12052 3675 2918 13046 1105 11374 2122 6803 13685 13029 13985 6998 12644 8856 13489 8481 9614 6000 5972 7176 3731 14234 6576 9906 12912 11625 5802 11417 6950 10670 10094 8856 9737 4361 5647 7141 13083 4297 6155 10793 12257 5437 1832 13135 6874 12942 10513 7731 13148 8917 14424 15437 4678 12533 10347 9158 11338 5807 5644 17959 12451 11520 2941 17050 4803 7439 8860 9023 5624 12953 3271 4243 2697 863 9185 12167 10099 2343 14522 9514 8775 9628 12248 17514 10195 6799 13325 7306 12834 11520 4887 4570 6396 6546 5039 11555 13813 12566 12966 8716 0 12611 4152 10422 2008 14701 13452 6495 8471 7006 16023 12697 17844 13572 19426 6868 16553 6636 5580 13213 2888 12262 8325 10714 9161 5223 9537 3531 14609 8423 9282 9738 13742 12735 10650 10540 11527 12069 3708 15490 5939 2375 5563 5420 12114 14432 10163 1583 6262 9902 637 13563 9229 11004 4637 13509 12103 5103 4092 7497 9206 12610 7411 8756 4304 4219 12348 14117 10675 14168 14584 5155 4402 712 6895 8023 18110 13231 5642 13571 6981 15081 6343 7399 10668 5879 13928 15832 9598 14277 2691 9845 13384 8251 11347 12215 13153 17441 17106 5069 4087 12562 2903 17517 3371 12380 2636 6225 3641 12827 14773 10341 11037 7625 11769 3661 2809 9253 2793 2906 9432 9230 14825 12604 15325 16543 3068 15147 11668 6900 1942 13331 12408 19164 4269 13517 10615 5073 9067 4692 3906 8929 7766 1708 8309 9424 12006 3501 9081 1721 2733 10301 7608 4800 11424 15875 4182 5821 6102 5643 8347 3392 12463 5373 3486 3297 5675 12080 3362 3120 4237 2909 8760 13684 9339 1529 8974 10902 6770 14578 2469 14285 13844 7662 14476 3457 17508 12529 11608 3707 14038 13892 5247 13701 18430 10466 6004 14267 5110 4748 14807 7524 3744 14655 13405 5089 14128 10157 13774 10631 14564 4350 9656 13268 10986 10716 14590 6687 10489 5382 13111 12954 11285 16901 10038 7542 7025 7926 14100 11033 15422 2890 4995 4827 10396 5549 14904 9797 6860 14482 18948 9324 6102 9472 13381
6076 19233 7061 12512 7396 16506 16441 5072 12557 12780 8484 20818 12485 14259 10088 6225 4355 8907 15701 12723 6078 21306 2277 12371 17085 16913 15777 12745 7760 13150 14640 15966 11779 21366 10351 7535 13648 14196 15022 9771 10786 12780 9925 18314 2718 14839 9197 17424 5607 14708 18459 18522 15085 7170 17093 9045 3432 12202 13662 437 12625 7413 11284 8155 6708 5189 14400 16811 2658 5653 10841 7394 3986 17771 18434 17153 10006 4240 9550 3438 2798 14712 18074 6828 6870 3180 2545 16448 12801 14424 15730 5554 6439 8314 10043 16912 1253 9181 11928 19446 18763 15357 16844 19440 7105 15857 13572 12975 11392 6615 3873 4041 10797 10892 17438 12986 1957 15041 13764 11955 14884 17908 5230 3876 18159 4754 9589 14685 10612 13275 7371 6820 5096 13735 11588 9234 16669 3223 5619 11492 6430 5896 5804 16049 19745 1261 13490 12792 6796 8550 7572 6432 18840 15368 15958 15063 12611 0 16362 17318 13316 13622 6025 15602 8387 12726 10827 2323 10918 13209 12653 17575 8597 14000 17450 5442 11919 7490 12173 7635 3453 17829 13613 15200 14476 4526 12920 3860 21187 5996 19815 5224 4544 18085 13661 12241 10009 11573 17988 8627 16396 13656 5935 13725 16985 7970 12983 16028 19175 11760 14221 20609 8199 7578 10473 5614 18892 4340 17134 6779 14417 16700 627 7868 5212 4841 20343 17765 9774 12010 5729 15953 11030 20450 7181 14557 8094 9081 11894 15561 3651 18465 18039 12673 10281 14379 11196 8379 12088 5410 5123 10346 1334 11909 11501 13318 13354 19785 11503 9900 13653 9919 14093 9226 16240 19948 12216 17835 3958 17675 19415 13484 15275 16744 15240 13021 5892 12477 7268 18027 11768 8752 12030 8840 16939 19056 11954 7630 15654 12770 16819 1021 2077 7538 6691 10199 10571 11940 7111 14301 7927 3507 8095 16083 15548 13821 11444 15814 5442 13255 7418 8416 8866 16500 16488 9904 9210 10012 12961 14099 14081 10925 17697 14479 9294 10526 16821 13040 9437 4021 7190 12383 7198 12095 6187 7434 11293 2331 6902 5055 14394 15909 12052 13629 1560 15627 12063 3317 16599 12835 13116 2484 16151 5425 13893 8462 7467 7862 15755 15043 21262 10073 21142 8275 8825 2220 7759 12245 16965 4613 4668 6239 7041 9372 5290 11809 2813 369 14100 10698 3273 19360 8216 5076 16945 17341 6118 13527 12309 15251 12507 9135 8933 6081 7659 3906 12756 12019 17194 13969 20961
12088 9019 10840 8168 9122 11968 3842 12015 20579 8684 12587 9671 16953 16270 8676 16570 17497 18896 11826 12293 10770 11684 16194 5683 994 3171 10690 12062 12298 7869 6162 7956 7994 11041 8800 12776 3146 15971 7803 12657 7526 17030 6986 2875 15455 1613 7241 10294 13198 2504 4044 6065 2131 13871 10202 19589 15274 4812 2976 16798 4815 15508 6203 9340 16252 15904 14273 4369 16002 12992 14909 12621 12969 5757 4202 4350 6522 18311 10592 13354 16249 11373 1715 13876 11091 14047 13817 7121 10061 6680 7340 11077 17235 8177 10115 9330 16147 7906 4439 11124 6137 12668 9011 7025 15584 7550 15079 16457 8420 15061 13604 12611 12577 9620 1643 19421 16410 11106 5569 18649 3254 4148 11999 12979 2103 15917 7397 6337 6830 3312 11596 16316 13079 2672 15839 11266 6880 13229 15007 19325 12805 10744 16078 5382 10587 15356 7822 4949 10497 8974 8884 14116 12275 12214 12450 7764 4152 16362 0 8643 3062 15386 17600 4679 10605 7226 17779 16684 19872 14219 21270 3535 18982 6039 1528 17354 6620 14558 8856 14837 12926 2781 9466 1401 14981 11948 9512 13780 11128 15419 7587 13445 15649 10380 6470 16748 7802 4845 1701 9566 11222 15060 14314 4096 3115 12066 3592 13145 5937 11866 7138 11081 14199 9090 8106 10912 6076 16720 4705 12907 6617 928 16169 16434 14816 17184 12616 2613 6970 4543 10656 6370 20156 10783 9189 13727 11114 17187 9902 5851 14733 2608 12766 17012 10960 14625 6703 11880 14388 12351 14232 13669 16738 19122 18844 8095 7052 10206 5046 19762 3256 13982 2347 10293 1698 10482 15930 8257 14202 4604 9328 3633 3163 7455 1428 3651 12272 9661 17359 11093 16702 18932 6730 17324 10418 5663 4422 15646 11904 20922 1323 17317 14306 8936 13218 8708 6186 9589 10494 2621 10635 12987 14128 1530 7930 4128 5044 9277 11058 7843 13722 18253 8317 6938 3351 9648 12367 6413 13039 4616 5919 7296 1536 12005 7387 7223 2640 3634 10471 17764 13479 3979 13116 11627 10245 17047 5116 17809 17996 11312 14853 940 19159 12864 15202 874 15138 17186 1863 14496 19944 14381 7502 17167 4522 7987 17291 10012 689 14833 10640 9099 11664 12215 15809 14259 16952 5214 7848 17383 15110 13348 17155 10721 14631 6310 17128 16686 11238 18830 13503 6724 9479 11945 13433 9417 18291 5704 8430 6625 10909 8001 17028 13949 9600 17716 20667 9966 2654 9220 10747
11323 1988 10258 4808 12394 3953 12403 12259 15533 15836 17744 3610 11370 9733 7254 20356 16219 15374 4243 6617 14002 4145 16025 12444 8101 5603 3076 6411 10110 15196 3398 1389 14683 4060 6971 10526 7249 9433 2320 8916 6781 11304 8384 7041 15216 9054 9750 1741 16926 10334 12570 3587 6909 18379 1773 16114 14687 7142 7542 17690 11523 19960 12210 9288 13726 14230 7502 4339 15665 16723 10142 17256 13335 14391 12752 4471 9003 20766 16252 13889 15802 4446 8967 11687 15219 14194 15144 1584 5014 14539 15557 13886 20978 11751 16008 970 17735 8704 8938 2722 14768 5305 735 15642 12891 1632 8792 10579 14929 12716 13521 13366 8158 15920 7628 13940 18306 3975 13161 13540 5808 5135 12091 15443 10166 14477 12236 14302 12473 9798 10118 20397 12409 8210 10651 8506 1767 14274 13244 14555 11319 13683 14053 3299 2594 16830 15287 6129 14324 8932 12069 12100 3633 4833 4748 2287 10422 17318 8643 0 8446 9090 21082 4086 8997 4742 13125 18702 15490 8105 16334 5563 15634 4027 7801 20641 13249 11795 5185 19466 14606 11307 4015 7792 8216 13111 4663 16560 3909 13367 3579 12475 18837 1739 14029 11270 7607 8672 9526 14541 3219 8726 18233 11517 5689 9842 9862 5456 4406 6960 14906 3418 11082 12692 14038 12115 3948 19657 4093 17240 14476 9555 17445 13274 18374 15635 4163 11134 8707 10147 12948 2415 15774 3206 11433 6845 16028 13394 16645 3033 17523 10711 4265 11338 7536 7884 12822 9447 8919 15802 12985 9321 17012 14111 13990 15483 14476 2510 8242 15878 7062 9850 8046 15764 10287 2715 10408 814 13708 4477 2118 6762 11402 1206 9399 7533 11523 5120 14535 2469 11465 15495 13447 13667 2079 14239 8814 12654 4350 15848 9951 18329 15412 12158 17514 14565 8233 5576 10224 10093 9418 13971 11089 10079 1791 11623 8440 1878 12300 15213 11208 14900 12968 15354 5313 15440 17858 9341 7117 5059 13661 13370 8184 5184 11752 12956 11280 7529 8047 20296 18012 8990 17659 6543 11859 14123 8820 17701 21755 13048 8120 9393 14083 6534 15787 8102 9675 16439 6839 8596 14499 16381 15807 15311 5331 10171 14359 9471 8253 7771 3945 14932 4016 9693 12141 15155 13852 6586 801 20294 18398 11734 14442 16297 18234 6207 19270 17513 4768 14377 14052 15333 9172 14941 5363 822 16156 13183 15385 14756 5743 8695 13306 17946 9817 16698 15544 5645 6275 3583 3654
9121 9462 7899 6285 6165 10977 4902 8971 18065 7421 10268 10538 14688 14336 6092 13913 14480 16117 10638 10357 7863 12191 13136 4032 3781 4381 9658 10143 9519 6754 5217 7362 6355 11731 6298 9982 1198 14052 6859 10166 4998 14802 4045 5240 12401 1711 4179 9828 10459 2430 6193 7071 2160 11358 9645 16789 12236 2214 912 13752 3090 13013 4022 6412 13382 12940 12540 5022 12949 10248 12522 10117 9911 6968 6274 5221 3480 15423 8430 10292 13198 9972 4765 11027 8390 10990 10771 6872 8243 6155 7306 8115 14578 5230 8053 8859 13137 4966 1390 11152 7688 11299 8571 8596 12755 6976 13123 14300 6667 12197 10558 9549 10258 7770 4198 17045 13431 9819 4748 16199 2799 5567 8963 10015 5019 12932 4734 5963 4482 1365 8741 13730 10078 446 13514 8670 6779 10170 12071 16778 9898 7791 13149 5300 10833 12331 6840 2865 7700 6071 5906 11235 11891 10896 11254 6841 2008 13316 3062 8446 0 13415 14889 4488 7836 5396 15249 13721 17229 12259 18716 5029 16173 4779 4184 14598 4893 11774 6875 12384 9890 5139 7905 1927 13200 8886 7745 10874 11735 12507 8682 10462 12847 10115 5594 14462 5071 1787 4736 7074 10300 13120 11647 3139 4405 9307 1418 11885 7316 9748 6491 11503 11491 6189 5987 7850 7262 13889 5436 10318 6093 3557 13138 13655 12074 14190 12609 5015 3979 1946 7630 6038 17506 11224 6136 12074 8660 14497 8346 5416 11846 5430 12073 14770 8550 12856 4623 9170 12220 9531 11258 11252 13676 16635 16328 7040 6030 10556 2053 17028 1385 11494 818 8034 3455 10823 13692 8342 11171 5691 9761 1725 3567 7267 2217 1091 9297 7765 14506 10678 14352 16138 5075 14605 9777 7501 1363 12863 10694 18407 3787 14278 11254 5965 10626 6575 3234 7547 7531 2011 7796 9926 11408 3231 7176 3259 2017 8438 7995 6770 10930 15460 5647 7296 4171 7518 10179 3352 11109 3431 5268 5220 4396 10488 4571 4949 4401 1084 7880 14881 10965 983 10596 9586 7183 14215 2055 14747 15354 8262 13068 2799 16687 11084 12141 2315 12924 14142 3551 12451 17544 11389 7614 14202 3184 4925 14455 7110 2440 13177 11401 6969 12122 9501 13139 11201 14149 2828 7672 14557 12318 10438 14290 8524 11895 3975 14184 13636 9691 16226 10441 8353 6578 9032 12360 9080 15338 4751 7003 6482 8986 5068 14330 11293 6623 14681 18170 7943 4343 7783 11373
8427 10782 8389 7234 13049 5558 18311 9895 6592 19110 18365 12206 2461 936 7706 18916 10472 7548 4958 3095 13858 11269 11523 16262 15328 13283 6026 3324 6450 18816 9459 8575 17731 11835 7380 6433 12556 694 8139 4377 8576 2311 10279 15076 10918 14884 11412 7822 16255 15844 19335 12441 13255 18150 7580 8201 10206 11214 12838 13824 15645 19323 15444 8867 7425 8709 1679 12220 11102 16116 2806 17445 10515 20383 19460 12519 11266 17830 17792 10987 11074 4659 16453 6827 15505 10730 12562 9642 5327 18949 20315 13367 19370 13039 17858 8146 14590 9713 12877 9371 21079 3926 8356 21992 6746 8854 313 1570 17721 7078 10113 10952 3622 18227 15131 4903 15332 5118 17573 4698 12163 13414 9659 13944 17403 9124 14421 18898 15272 14574 7327 19268 8928 13488 2373 5787 10016 11749 8045 5830 7572 13385 8201 10836 10138 13826 19051 10630 14639 8872 12816 7201 7809 4342 4643 8196 14701 13622 15386 9090 13415 0 19174 11175 7135 8174 4694 15757 6933 1168 7405 13592 7922 9403 15271 18609 16668 6142 6575 19124 12614 18119 6034 14062 1158 11264 5881 15013 11532 7770 12669 8608 17092 8425 18188 2463 8863 12326 16841 15912 6083 364 17411 16255 13389 6379 14448 4133 13311 3697 19124 10825 5425 13511 16519 10863 12852 17459 12209 17114 18898 16264 14050 6412 17134 9769 9372 17961 10588 14074 12354 9935 7189 10853 11653 2314 16853 5773 19271 10148 15699 17946 6542 2373 5261 1347 15913 6103 1630 15196 8519 3415 12683 5277 5269 19113 18374 10484 11801 7653 12385 3742 13583 17242 16602 10466 1797 9904 9749 12791 10743 11963 16980 9590 15387 12345 8508 5730 7623 7797 2844 7726 16887 6112 7256 20815 12774 6256 4851 6884 16626 14425 12494 12891 17277 16800 10855 5874 8732 15424 7585 11516 5532 16363 8323 16392 11968 7307 10981 18881 6256 7338 14646 20520 12811 17343 18814 11700 2347 10777 18117 16218 15682 3914 13755 15640 17641 12355 6317 17535 17899 13262 17646 3829 11187 7231 12250 12786 20022 11834 1172 15739 5215 2649 12177 14561 1585 11192 14090 1032 5457 14073 20689 9211 10864 11209 7383 8350 14754 1851 12012 17029 11069 5990 5144 12109 6854 10587 9443 17934 16866 7554 7681 17734 17077 9442 16321 13627 4468 5906 11090 21736 8593 14179 4860 8467 9528 17468 18539 19506 4482 9612 5790 17280 9197 11093 6572 5480 13959 6376 11533
10914 22815 11440 16435 8946 21163 16314 9513 18581 11065 5729 24283 18315 19897 14013 1157 10346 14925 20406 17751 7218 25221 8292 12311 18510 19138 20214 17720 12867 11751 17932 19693 10662 25099 14363 12786 15647 19796 18778 14997 14307 18604 12788 20123 8601 15988 11556 21591 4430 15373 18422 21382 16995 4049 21277 15033 9288 14646 15540 6046 12965 2851 11495 11944 12674 11148 19707 19422 8651 4642 16479 5190 8706 16998 18330 19715 12396 2461 7717 8203 8815 19400 19249 12377 6516 8460 6630 19901 17278 13352 14303 7222 680 9794 8313 20901 4817 12380 13598 23537 17964 20273 20759 18412 12983 19483 19078 18719 10170 12423 9061 8358 15976 9155 19024 18986 4075 19641 13291 17945 17209 20281 9741 5683 18936 10720 10213 13724 10821 14289 12185 1762 10256 15334 17327 14064 20031 7484 11429 17514 11632 7460 11771 19037 23654 5421 12055 15510 7200 12247 9259 12039 23288 20187 20773 18806 13452 6025 17600 21082 14889 19174 0 18404 12908 16343 16799 3705 16938 18592 18663 19812 14606 17256 18981 585 11516 13187 16311 3525 6770 18187 17898 16785 19901 8285 17244 4542 24979 11874 22877 10566 2253 22189 12803 18061 13482 13479 18970 8099 20897 19153 3297 13965 19183 13010 14012 20980 21860 16736 12981 24496 13809 8791 9843 9112 21683 1732 19807 4766 13372 17622 5443 13822 2822 10862 24651 18179 12503 13089 8134 19238 17044 24288 9676 19751 6672 15062 9749 18722 3631 19080 22697 18500 15041 19750 11107 13376 17572 5426 10736 15781 7318 17920 17510 11786 12293 23589 13652 15904 15726 15433 15704 7754 16895 23796 17934 21429 9479 20236 23050 15716 15508 20257 16237 15041 10789 16852 13289 22310 17606 14767 11518 14835 21193 18486 13674 13503 20380 18791 17605 5703 6682 9179 4462 9310 13141 16300 11287 15087 12391 7747 13692 16812 19302 14009 13513 19901 8935 11849 12930 14441 9290 15226 18818 8536 6336 12187 18134 16865 13385 10590 19111 19326 10319 10489 17130 15057 14006 2263 4389 13912 4701 17000 9248 13441 13220 8013 878 8110 19804 16888 18062 18722 7160 17076 17673 9307 18439 18292 19132 5127 14659 11450 16606 11002 13484 11981 17144 20398 24907 8987 25082 13375 14681 7070 13755 14953 20560 1445 2689 11620 13059 7531 2996 14962 3284 6204 18802 16719 8091 18434 12120 6169 21864 21301 12096 13051 10816 14125 17216 12387 14907 3668 11416 9844 18780 16488 19208 18171 24694
10138 4976 8886 4344 9464 7301 8349 10632 16951 11907 14392 6135 13033 12005 5961 17547 15546 15890 7206 8152 11186 7703 14791 8520 4320 2112 6040 7915 9616 11225 1724 3277 10833 7263 5883 10099 3310 11699 3193 9277 4965 13059 5757 3923 13984 4968 6857 5655 14047 6249 8703 2987 2825 15260 5542 16623 13604 3772 3577 16016 7576 16897 8432 7529 13626 13688 9890 1287 14499 13836 11231 14064 11717 10369 8869 1647 6010 18495 12707 12222 14696 6851 5365 11299 12133 12727 13176 2509 5934 10483 11474 11228 18198 8663 12390 4681 15751 6426 5245 6731 10809 8103 4366 11702 12849 2872 10862 12417 11125 12471 12132 11566 8909 12190 4008 15597 16206 6535 9124 14955 1738 2546 10526 13001 6445 13822 8768 10234 8796 5802 9220 17478 11249 4198 12033 8213 2341 12391 12706 15785 10519 10963 13692 816 6358 14865 11293 2906 11305 7121 9148 11640 7678 7635 7824 3147 6495 15602 4679 4086 4488 11175 18404 0 8063 3537 14248 16562 16509 10029 17700 2512 16058 1985 4162 18030 9375 11741 5054 16331 12456 7431 5141 3714 10618 11108 5378 14035 7255 12991 4485 11474 16221 5814 10007 12862 5653 5131 5833 11147 6549 10828 15322 7473 2218 9347 5900 8532 3574 7961 10863 7015 11196 9662 10351 10025 3319 17162 1544 14152 10419 5607 15589 13514 15602 15082 8212 7260 5983 6328 10444 1709 16799 6736 8833 9299 12706 14007 12819 1174 15027 7001 8097 13060 7571 10259 9045 9042 10423 12986 12159 10099 15602 15478 15258 11506 10480 6070 4828 16615 3142 10518 3998 12261 6262 6338 12002 3876 12532 2131 5274 2938 7318 2880 5320 3728 10344 5656 14631 6476 12905 15966 9560 14210 5746 10340 5131 12773 7290 17289 6002 16620 13555 9230 14447 10915 5279 5774 8685 6018 8307 12100 11157 6045 3261 7573 4997 4607 10206 11236 10977 15306 9601 11270 1636 11834 14402 6225 8860 1546 9611 9624 4573 7533 8397 9278 7281 3718 7496 17982 14876 5179 14510 7639 9565 14261 5344 16495 18983 10786 10496 5356 15490 8554 14185 4054 11205 15505 3026 10386 16144 14172 11722 14908 1799 7465 14510 7994 4217 10386 6951 11300 7634 9361 12633 13382 14080 3469 3287 17825 15731 11031 14473 12778 15441 3809 17093 15862 6810 15411 12387 11402 7534 12263 8771 4810 15929 9160 11490 10677 6831 6467 13874 14999 7984 15908 17010 6085 2784 4812 6898
2330 10951 1468 4243 5916 8283 12519 3458 10356 12169 11286 12561 7509 8034 2107 12425 7502 8297 7509 4952 6796 12926 7036 9644 10965 9855 7435 4883 1693 11974 6715 7684 10788 13016 2202 2171 7460 7828 6750 2857 3200 7701 3878 11568 6224 9535 4594 9037 9400 10118 14019 10711 8690 11226 8708 8985 5724 5795 7640 8739 9214 12543 8687 1811 5689 5625 7134 9350 6687 9237 5216 10415 4457 14461 14089 9710 4744 12126 10658 5018 6841 6503 12120 3310 8420 5223 6443 8300 4452 12363 13789 6363 12966 5963 10736 8538 8945 3036 6820 11059 15303 7377 8484 16179 4986 7628 6933 7408 10724 4502 4540 4627 3519 11140 11064 9549 9587 6773 11083 8605 7994 10590 3250 7300 12698 5766 7443 12390 8394 8630 1170 12659 3414 8092 6278 1350 8571 5549 4645 9044 2463 6335 5651 8286 11370 8053 12241 5815 7533 1954 5689 3608 10518 7280 7866 6797 8471 8387 10605 8997 7836 7135 12908 8063 0 4680 7556 10005 9414 6224 10960 10433 8376 6169 11143 12392 9880 3954 3815 12252 6140 12972 5227 9213 7511 4624 4536 8439 12825 4956 11800 3517 10687 9698 11555 7249 2803 6251 12289 8781 8084 6979 10640 10045 9950 1471 8420 8089 11475 3935 12457 12234 3663 6379 9503 3930 11119 11298 9583 10140 12320 11298 8579 5833 10508 7020 11984 12844 4069 7770 5323 7945 9687 12083 4519 7035 9734 6667 12206 7681 9283 13166 9822 7638 2162 7274 9076 1375 5557 8286 4128 3998 8016 8978 8637 12262 11639 11429 5828 9193 7359 4028 8335 10109 11291 11582 6654 9572 4717 10189 11111 7011 11140 8549 10048 6982 2528 4097 6772 9655 7007 8328 10092 6769 8560 15233 6755 5043 7479 10693 11576 9383 6607 5763 10333 9735 4658 3556 1685 9657 519 5255 3576 11066 7263 10181 5924 7431 4082 12050 3117 7650 7565 14158 9363 10230 11705 5116 5465 6796 11605 9296 11499 6422 6778 8709 12220 6998 1100 11711 10941 7301 10660 4140 4116 6447 6072 8725 13692 4955 7392 10590 9049 5944 6835 9736 6029 7553 10035 6113 9998 7853 14194 6850 6691 4219 6693 1216 9916 7861 12937 9940 12759 1688 5325 6302 6346 5431 8721 11878 10355 2968 6579 10599 10417 4473 10587 8556 5900 8442 5173 15973 1542 7274 8962 8969 7896 10934 11589 13023 4309 2923 6497 10455 2068 7899 10478 3660 10343 5583 12614
6906 6554 5726 942 7754 5848 10223 7656 13537 12120 13239 8110 9760 9071 2667 15632 12176 12354 5377 5080 9306 8878 11636 8867 7250 5543 4572 4852 6138 11622 2039 3352 10831 8784 2482 6614 4423 8777 2437 5757 2039 9822 3755 7351 10821 6744 5170 5405 12226 7785 11162 6033 5097 13745 5124 13087 10370 3332 4717 13116 8070 15297 8334 4597 10117 10266 7171 4807 11310 12026 7813 12664 8748 12308 11289 5164 4526 16047 11927 9289 11481 4619 8404 7820 10601 9677 10463 3722 2880 11367 12621 9160 16248 7200 11766 4607 13064 3972 5217 7245 12956 5938 4435 13870 9330 3172 7870 9236 10980 8977 9032 8717 5469 11823 7146 12271 13610 4526 9946 11562 4056 6078 7509 10701 9274 10433 7951 11235 8424 6677 5850 15693 8022 5398 8683 4687 3951 9610 9274 12336 7137 8969 10228 3634 7312 12160 11787 2533 9688 4224 7431 8179 7336 5561 5972 2463 7006 12726 7226 4742 5396 8174 16343 3537 4680 0 10791 13999 13016 7006 14267 6029 12521 1556 7267 15899 9507 8217 1638 14833 9887 9946 2532 5889 7850 8410 2358 11819 8648 9524 7150 8181 14096 5932 10698 9565 2865 4764 8739 10119 5275 7855 13534 8446 5647 5866 6613 6557 6808 4654 11635 8153 7660 8088 9937 7392 6443 14916 4987 12602 11309 8094 12808 9979 13648 11673 8481 9788 4101 6506 8210 3277 13305 7948 6716 6685 11525 10479 12686 3005 12781 9809 7160 9809 4041 7500 8912 5540 7174 11093 8808 6632 12544 12066 11823 11923 11019 7251 4239 13089 4242 7023 5451 11408 8438 7454 8730 5151 9328 5607 6762 3820 8936 4025 7237 4306 7112 2444 11106 6208 9555 12429 9724 10677 5126 12658 5096 9240 5419 13878 8453 13746 10763 7521 12867 10398 3801 2378 5621 7395 5002 9308 7623 8199 2959 8577 4441 3731 7578 11663 7469 11769 8566 12678 5040 11196 13427 4924 5831 2663 10489 9383 7668 5098 7385 8885 9481 4312 3993 15570 13389 5480 13044 4401 7118 10731 4806 13340 17023 8311 7719 7568 12088 5724 11228 6392 7934 12225 6082 7271 12807 11660 12955 11461 2711 5500 10980 4876 6585 7791 8626 10732 8740 5852 9102 10530 10545 2656 4275 15555 13661 7627 10953 11945 13512 1739 14562 12946 4300 11927 9454 13605 4513 10213 7123 4986 12452 9894 11602 11796 3692 3958 10344 13258 5118 12579 13608 2744 6141 2485 8378
7473 14984 8143 9915 12847 10043 20037 8742 2816 19434 17390 16507 2358 4728 9164 16806 6859 2960 9338 6511 13069 15808 8554 17156 17959 16317 10218 6724 6028 19342 12561 12308 18074 16304 8995 5674 14683 4862 11645 5123 10290 2619 11415 18133 8200 16905 12109 12130 14826 17604 21435 16128 15715 16749 11848 3548 7524 13089 14910 10903 16764 17600 16155 9294 4126 5652 6295 15453 8170 14738 3043 16338 8879 22004 21521 15792 12299 15022 17355 9174 8038 8766 19126 5157 14690 8613 10606 13307 8452 19863 21299 12459 17137 13172 17575 12254 11988 10591 14339 13861 22831 8402 12403 23715 3904 12494 4881 3232 17935 4557 8199 9460 5339 18140 17915 2258 12740 9250 18616 1193 14790 16718 8542 12381 19879 6081 14763 19912 15792 16148 7001 17293 7353 15449 2515 6579 13671 9995 5480 1549 6403 12597 5029 14125 14566 11408 19629 12831 13969 9500 12710 5284 12411 8741 9152 11704 16023 10827 17779 13125 15249 4694 16799 14248 7556 10791 0 13135 2366 5244 3491 16759 3365 12286 18027 16214 17315 4169 9200 17573 11002 20324 9412 16383 5852 10043 8973 13262 16015 4974 16651 6875 14987 12785 19045 2264 10192 13766 19398 15613 10445 4977 15769 17600 16422 6162 15950 8740 16995 6357 19926 15310 4021 13306 16713 10109 16555 15074 15543 15877 19824 18561 11373 2979 15297 6196 14003 20184 11622 15325 11610 13382 2649 15304 11529 6855 16150 1749 19248 13423 13705 20385 11176 2517 6828 6014 16491 6181 4228 13942 6364 4159 9638 1432 1083 19618 19082 14863 13311 2959 14548 3800 15644 16835 18676 14881 2932 13920 7559 16161 14995 14153 18658 13356 17424 14297 7435 8628 3701 12251 1850 3154 17520 2019 11544 22725 14265 3425 9237 3158 18875 11409 10346 12763 15961 16835 12170 8474 8574 17148 7765 9858 4137 18444 11971 17737 13427 11252 10155 19425 4876 2937 14693 21700 15816 17144 17971 12670 6038 13422 19130 16635 18419 8086 14119 16051 19649 14311 7369 14844 16584 14807 16410 6732 10684 3438 13603 9374 17676 10852 5862 17909 1521 6701 9658 16909 3522 7794 16849 4698 2567 12025 21711 5578 13419 11640 3467 8591 17099 6544 16435 16965 15609 5876 2436 9956 3085 12592 13305 15421 14900 6053 3876 17251 15291 11471 13639 10719 8366 1260 9213 23501 9046 12993 9525 12631 5467 18459 18854 20547 7574 10479 1894 15736 9374 7479 2927 8170 16930 9838 15975
7802 20553 8579 13917 7565 18266 16220 6551 14876 11875 7026 22100 14737 16432 11457 3995 6647 11220 17477 14623 5939 22777 4597 12087 17493 17647 17437 14622 9653 12373 15796 17323 11066 22761 11765 9496 14239 16353 16382 11741 11984 15030 10805 18893 4964 15100 9825 18979 4362 14770 18302 19536 15663 5484 18654 11337 5669 12953 14202 2352 12508 5369 11073 9415 9011 7487 16431 17705 4967 4485 13006 6029 5569 17321 18251 18030 10676 2129 8476 5016 5119 16475 18393 8930 6155 5064 3577 17693 14457 13800 14999 5610 4145 8508 9032 18388 1171 10193 12341 20981 18316 17222 18288 18914 9369 17170 15687 15191 10626 8844 5727 5391 12753 9915 17916 15304 429 16768 13355 14270 15633 18714 6754 3707 18320 7055 9479 14110 10375 13448 9113 4637 6969 14160 13800 11013 17877 4467 7844 13816 8351 5940 8107 17092 21205 1975 12708 13673 6398 9777 7816 8560 20522 17192 17783 16418 12697 2323 16684 18702 13721 15757 3705 16562 10005 13999 13135 0 13234 15269 14960 18322 10904 15133 17906 3123 11486 9669 13670 5715 4127 17820 15190 15646 16558 5592 14508 3009 22606 8257 20923 7199 2516 19618 13101 14488 11169 12078 18229 7992 18088 15767 4223 13595 17709 9833 13156 17912 20122 13630 13529 22065 10340 7607 9897 6617 19881 2051 18057 5410 13804 16899 1763 10167 3410 7157 21973 17776 10589 12178 6175 17121 13340 21884 7779 16540 7074 11392 10806 16672 2250 18565 19806 14924 12039 16438 10862 10226 14188 4645 7242 12417 3616 14230 13822 12496 12709 21202 12111 12203 14275 12024 14530 8266 16325 21384 14419 19150 6009 18557 20759 14170 15175 18016 15446 13608 7645 14084 9591 19635 14022 11063 11558 11156 18529 18701 12389 9893 17439 15086 16965 2100 3412 7758 5236 9511 11338 13535 8529 14404 9508 4767 10229 16195 16912 13673 12015 17324 6431 12478 9506 10737 8635 15840 17261 9019 7758 10588 14927 15023 13593 10483 18108 16310 9340 10187 16778 13626 11095 1779 5605 12749 5712 13936 7002 9754 11800 4385 4580 5778 16470 16119 14373 15563 3588 16024 14219 5606 17170 14926 15439 2391 15403 7746 14791 9144 9789 9273 16129 17097 22621 9303 22622 10171 11083 3753 10075 13112 18274 2291 2821 8250 9364 8286 3544 12863 584 2503 15865 13022 4874 18872 9533 4772 18819 18808 8402 13111 11473 14624 14263 10171 11241 4469 8887 6159 15075 13663 17845 15514 22355
8854 17350 9743 12165 14213 12377 21927 9924 1668 20848 18281 18870 4487 6812 11202 17107 6610 2015 11686 8874 14177 18138 8680 18817 20106 18557 12581 9085 7771 20835 14840 14659 19519 18650 11075 7345 16746 6994 13979 7273 12348 4689 13288 20367 8542 18913 13826 14489 15561 19532 23421 18465 17843 17443 14209 2090 7961 15117 16957 10899 18508 18102 17773 11044 4703 6078 8579 17732 8360 15502 5380 17191 9813 23844 23496 18075 14116 14929 18494 9989 8161 11130 21274 6533 15730 9302 11243 15649 10778 21491 22933 13538 17355 14657 18776 14620 12152 12420 16232 16201 24703 10732 14768 25572 4906 14837 7150 5393 19333 5595 9042 10422 7618 19412 20095 2826 12875 11614 20305 2338 16964 19002 9756 13140 21976 6446 16279 21573 17349 18041 8670 17659 8462 17460 4871 8607 16012 10783 6294 1183 7814 13724 5486 16420 16917 11721 21138 14941 15098 11302 14120 6514 14717 11084 11479 14039 17844 10918 19872 15490 17229 6933 16938 16509 9414 13016 2366 13234 0 7579 1789 19020 2360 14535 20200 16357 18888 5612 11455 18167 11805 22348 11750 18472 8080 11100 11289 13883 18358 5732 19011 7959 15342 15141 20663 4471 12159 15665 21517 16854 12798 7242 16363 19402 18661 7955 17826 11038 19329 8684 21513 17652 5752 14654 18127 11375 18892 15257 17837 16678 21455 20623 11517 3859 15798 6077 16296 22214 13460 17135 12801 15701 290 17652 12979 9163 17199 2764 20526 15720 14171 22469 13466 4605 8998 8275 18054 8061 6592 14796 7285 6416 9622 1831 1692 21099 20647 17220 15240 1165 16622 5994 17678 17999 20679 17234 5236 16284 8308 18457 17360 16239 20549 15707 19430 16323 8769 10929 3764 14595 4137 2182 19083 2734 13904 24647 16168 4593 11583 1853 20922 11310 10887 14162 16721 18183 14072 10742 10173 19071 9536 10708 5844 20450 14316 19537 15338 13615 11385 20924 6435 2534 16099 23398 18055 18390 18912 14456 8402 15615 20802 18136 20586 10446 15661 17562 21625 16338 9402 14836 17327 16715 17197 9069 12023 3756 15480 9079 17813 11973 8105 19945 1956 9059 10014 18999 5874 7642 19032 7038 2627 12531 23353 5500 15594 13285 3625 10324 19187 8761 18787 18271 17939 7734 4091 10520 3578 14660 15663 15512 15339 7362 4023 18372 15819 13569 13679 10736 10732 1116 9990 25373 10819 13917 11792 14996 4908 20133 20274 22210 9910 12308 2944 16383 11038 7159 1872 10456 19155 12180 18325
7729 9867 7551 6066 12109 4800 17153 9186 7444 18059 17504 11341 3269 2077 6620 18275 10362 7920 4112 1927 13004 10564 11197 15163 14165 12139 5081 2157 5747 17744 8309 7505 16683 11072 6282 5807 11392 1795 7026 3617 7452 3200 9194 13937 10540 13720 10365 6947 15495 14687 18168 11380 12088 17368 6682 8615 9839 10063 11675 13441 14528 18597 14366 7899 7346 8496 1240 11091 10776 15347 2717 16614 9891 19227 18293 11395 10183 17369 16848 10390 10777 3660 15293 6382 14639 10208 11962 8565 4161 17839 19197 12541 18754 12050 16891 7182 14111 8665 11745 8622 19918 3158 7371 20831 6595 7768 866 2482 16689 6820 9563 10286 2722 17230 13975 5836 14841 4136 16456 5475 10998 12297 8951 13237 16237 8891 13392 17781 14216 13430 6550 18595 8342 12328 2739 4877 8939 11121 7736 6548 6962 12537 8044 9709 9344 13313 17973 9467 13757 7873 11864 6787 7180 3507 3908 7084 13572 13209 14219 8105 12259 1168 18592 10029 6224 7006 5244 15269 7579 0 8251 12460 8263 8241 14114 18037 15591 5831 5410 18364 11938 16952 4889 12894 1316 10535 4717 14332 10779 7536 11681 8072 16466 7582 17086 3189 7773 11198 15678 14959 5232 861 16682 15121 12245 5637 13307 3534 12253 2581 18024 10074 5060 12566 15495 10052 11796 16894 11092 16310 17788 15097 13598 6443 16449 9666 8781 16793 9510 12954 11513 8823 7850 10076 10719 1653 15957 6023 18261 9016 15062 16780 5969 3233 4238 1170 14847 5317 1222 14413 8086 2863 12353 6053 5979 18042 17285 9659 10670 8170 11220 3314 12420 16297 15436 9663 2353 8917 9275 11680 9851 10798 15826 8534 14222 11187 7831 4563 7715 7017 3448 8082 15811 6352 6367 19650 11641 6147 4009 7754 15458 14058 11940 11942 16485 15795 9747 4714 7867 14269 6699 10873 5151 15197 7235 15257 10840 6282 10182 17806 5791 7617 13654 19387 11663 16367 17928 10619 1181 9611 17002 15169 14524 2932 12728 14595 16475 11197 5331 17046 17103 12123 16836 2678 10324 7304 11130 12562 19428 11046 1213 14572 6013 1576 11718 13394 1738 10996 12931 549 6395 13469 19567 9145 9697 10199 7485 7426 13586 1835 11217 16036 10366 5255 5150 11564 6944 9431 8409 17396 16211 7019 7734 16797 16382 8290 15842 13243 3394 6499 10505 20574 7628 13394 4377 7526 9598 16356 17490 18385 3314 8567 6004 16533 8261 10967 7447 4319 12811 5244 10750
10565 18119 11397 13381 15943 12961 23474 11677 812 22575 20069 19584 4987 7058 12641 18858 8318 3756 12335 9789 15948 18662 10433 20469 21449 19781 13332 10015 9362 22543 16002 15618 21237 19240 12481 8961 18169 7296 15007 8613 13773 5097 14836 21598 10318 20381 15449 15189 17349 21055 24907 19474 19206 19230 14931 3658 9746 16567 18394 12617 20126 19876 19439 12646 6487 7866 9084 18889 10123 17291 6470 18980 11593 25420 24989 19223 15694 16608 20266 11776 9917 11902 22616 8229 17508 11091 13031 16643 11845 23157 24598 15311 19092 16359 20540 15425 13894 13989 17773 16776 26262 11323 15602 27139 6652 15831 7668 5839 21062 7344 10826 12201 8802 21166 21400 2569 14609 12382 21948 2798 18278 20148 11503 14929 23370 8231 17976 23227 19034 19584 10295 19418 10221 18925 5731 10048 17013 12571 8072 1945 9512 15492 7275 17547 17541 13485 22842 16322 16868 12882 15840 8241 15184 11720 12047 15067 19426 12653 21270 16334 18716 7405 18663 17700 10960 14267 3491 14960 1789 8251 0 20209 4057 15750 21513 18083 20570 7280 12664 19949 13593 23805 12776 19872 8487 12872 12380 15668 18936 7511 19898 9719 17104 15811 22332 5067 13649 17202 22889 18610 13461 7750 18145 20994 19886 9525 19378 11526 20345 9762 23193 18229 7329 16389 19852 13118 19898 16993 18964 18467 23120 22048 13258 5601 17574 7817 16715 23666 15027 18721 14559 16770 1630 18257 14687 9714 18978 4429 22279 16843 15946 23875 13898 5044 10319 8739 19738 9590 7444 16584 9059 7640 11345 2239 2444 22809 22333 17879 16758 2760 18035 7291 19125 19767 22151 17867 5926 17141 10095 19578 18100 17642 22094 16664 20899 17776 10490 12057 5550 15200 4884 3902 20769 4455 14613 26176 17703 6305 12229 557 22360 13005 12672 15884 18509 19922 15605 11933 11829 20596 11124 12494 7430 21920 15301 21130 16867 14483 13135 22630 8080 4315 17823 25039 19281 20147 20698 16050 9223 16906 22451 19839 21906 11181 17349 19261 23117 17790 10842 16535 19115 18248 18986 10116 13754 5544 17029 10743 19534 13739 8538 21392 2253 9807 11787 20399 6670 9356 20334 7743 2078 14312 25015 7253 16907 14935 5414 11931 20589 9125 19415 20018 18463 9272 5660 12306 5355 16078 16582 17230 17110 9079 5810 20145 17598 14961 15392 12459 11574 2532 11778 26932 12411 15703 12193 15776 6581 21781 21999 23864 10953 13877 4615 18168 12675 8842 861 11616 20401 13190 18938
12397 5577 11126 6855 10921 9299 7355 12739 19457 11983 15294 6138 15514 14396 8327 18872 17855 18380 9345 10611 12658 8185 16954 8748 2733 677 8136 10374 12032 11206 4211 5268 11123 7517 8292 12519 4164 14089 5477 11781 7259 15532 7654 1520 16158 4609 8496 7297 15388 5834 7130 2543 2868 16374 7279 19110 15830 5385 4283 18000 7803 18029 8980 9697 16059 16044 12237 1377 16687 15176 13740 15137 13801 9173 7325 1123 7647 20156 13427 14276 16899 9133 3430 13710 13358 14845 15082 4247 8415 10144 10870 12808 19535 10031 13021 6400 17602 8448 6226 7798 9410 10316 6083 10247 15296 4903 13279 14877 11497 14892 14287 13583 11420 12658 2149 18086 17993 8768 8938 17458 2696 616 12658 14664 4659 16153 9748 9822 9492 6029 11570 18720 13491 4605 14531 10678 3918 14353 15073 18295 12864 12510 16083 2760 7181 16740 11199 4823 12615 9288 10626 14035 9141 9836 9941 5423 6868 17575 3535 5563 5029 13592 19812 2512 10433 6029 16759 18322 19020 12460 20209 0 18540 4488 2324 19488 9677 14194 7565 17407 14292 5899 7577 3371 12970 13049 7863 15622 7616 15385 4054 13755 17706 7243 9850 15348 7857 6339 4017 12101 8534 13239 16610 7346 630 11768 6231 10664 2437 10460 10586 7609 13672 11029 10955 11961 2542 18710 1489 15318 10080 4334 17502 15989 16990 17422 9273 5729 7804 6964 12146 3716 19310 7310 10546 11623 13687 16508 13095 3444 16611 5190 9823 15535 10069 12614 9558 11480 12905 14402 14471 12610 17693 17984 17767 11455 10403 6770 6226 19117 4092 13028 4263 13048 5223 7044 14485 5020 14747 1134 5883 4154 6667 4485 4731 4776 12600 8157 17084 8023 15403 18452 9825 16706 7547 8811 6143 15239 9439 19794 4705 18581 15503 10699 15625 11553 7017 8286 10880 5786 10632 14073 13629 5064 5395 7410 6340 6663 12134 11193 13415 17789 10652 10469 1095 12502 15188 7745 11303 3645 9341 10164 2670 9846 9526 9947 6084 4759 9941 19625 15982 5963 15612 10131 11418 16721 6605 18646 20316 12612 12852 4446 17995 10952 16227 3375 13689 17748 1734 12838 18636 15938 11037 17280 3785 9188 16970 10233 3442 12686 7111 11949 8177 11805 15131 15370 16550 5349 4823 19378 17191 13388 16919 13529 16817 6017 18825 17858 9166 17922 14438 9929 9741 13797 10769 6381 18327 9039 11661 10142 9314 8509 16373 16264 10105 18186 19513 8593 881 7217 7233
7309 17575 8374 11762 12500 12967 20689 8160 4028 19105 16201 19156 5708 8063 10366 14807 4264 418 12206 9123 12266 18696 6387 17328 19322 18019 12932 9299 6684 19162 14473 14640 17812 19112 10317 6207 15836 8172 13861 6852 11513 5979 12142 19794 6323 17881 12471 14866 13422 18369 22316 18301 17045 15273 14561 625 5799 14171 16015 8561 17114 15856 16247 9800 2894 3999 9420 17325 6091 13378 5649 15099 7872 22525 22372 17679 12876 12573 16561 7970 5875 11495 20483 5155 13756 7229 9104 15553 10689 19943 21382 11616 15036 13043 16883 14841 9839 11234 15060 16720 23424 11366 14942 24266 3421 14757 8065 6554 17587 4020 7067 8484 7486 17566 19387 4897 10553 11969 18833 4072 16276 18598 8024 11035 21073 4310 14671 20060 15767 16846 7435 15374 6701 16450 5579 7870 15898 8730 4453 3197 6358 11833 3477 16086 17356 9450 19477 14146 13190 10114 12445 4998 15407 11643 12117 13920 16553 8597 18982 15634 16173 7922 14606 16058 8376 12521 3365 10904 2360 8263 4057 18540 0 14075 19476 14026 17305 4425 11086 15954 9742 21311 11697 17588 9070 9209 11140 11706 18839 3908 19034 6205 13063 15547 19112 5585 11180 14509 20663 15007 13267 8164 14158 18071 18120 6918 16609 11795 19143 8675 19923 18145 4870 12919 16406 9635 18728 12937 17481 14563 19912 19668 9204 2562 13562 3765 17019 21188 12262 15841 10971 15479 2440 18106 11362 9916 15218 2272 18677 15404 11932 21539 14225 5874 8506 9184 16470 7133 7103 12724 5447 6313 7288 3775 3441 19412 19042 17605 14133 1306 15733 5786 16704 16086 19621 17655 6124 16392 6302 18105 17626 15379 19323 15670 18390 15354 7184 10728 1766 15103 5126 216 17490 1974 14280 23436 15010 3340 12113 4206 19938 8959 8710 12477 14585 16407 12949 10431 8786 17906 8377 8691 4919 19401 14262 18202 14206 13764 9617 19255 5260 753 14393 21912 17517 16532 16855 13172 8822 14990 19306 16492 19842 10889 14085 15934 20516 15370 8631 12487 15180 15557 15071 9091 10328 1975 14297 6719 15478 10109 9061 18950 3925 9548 7775 18112 6539 5301 18341 7719 4844 10320 21808 3219 14928 11860 1749 9085 18292 9764 19195 16460 18500 6799 3504 8358 2030 13794 15687 13175 13085 5842 2023 16428 13593 12779 11338 8402 11009 2521 7948 24089 9610 11894 12636 15247 2548 18645 18541 20695 9898 11126 2336 14199 9694 4802 4231 10214 18568 12138 18759
8329 5575 7107 2372 8437 6210 9350 8957 15008 11980 13723 7028 11146 10267 4093 16476 13671 13905 5924 6330 10092 8120 13035 8619 5925 4031 4892 6094 7674 11395 676 2736 10770 7887 3969 8153 3639 9965 2093 7293 3219 11189 4471 5849 12222 5836 5779 5148 13009 7005 10060 4573 3930 14397 4931 14639 11803 3147 3950 14402 7739 15996 8273 5849 11667 11782 8237 3251 12724 12803 9282 13256 10051 11430 10204 3608 5002 17135 12230 10578 12907 5367 7052 9358 11237 11023 11653 2658 4087 10925 12080 10034 17110 7753 11996 4213 14252 4948 5008 6720 11996 6683 3958 12907 10882 2406 9093 10569 10986 10521 10399 9963 6949 11938 5746 13691 14758 5144 9511 13019 2786 4523 8830 11698 8010 11935 8213 10741 8490 6137 7336 16478 9446 4658 10113 6241 2776 10828 10793 13827 8632 9806 11761 2119 6604 13354 11520 2138 10354 5450 8112 9710 7198 6247 6548 2080 6636 14000 6039 4027 4779 9403 17256 1985 6169 1556 12286 15133 14535 8241 15750 4488 14075 0 5880 16842 9367 9771 3087 15483 11006 8811 3428 4797 8948 9581 3529 12783 7798 11058 5816 9636 15030 5531 10331 10965 3995 4687 7440 10515 5523 9067 14310 7917 4136 7403 6140 7212 5311 6046 11245 7394 9215 8711 10049 8523 4970 15909 3437 13263 10864 6946 14039 11534 14501 13184 8096 8646 4768 6266 9154 1993 14825 7154 7582 7688 12007 12022 12705 1562 13764 8557 7300 11183 5585 8591 8879 7085 8541 11902 10291 8131 13901 13535 13306 11691 10723 6450 4233 14631 3444 8542 4611 11739 7416 6685 10114 4215 10745 4055 5825 3059 8148 3032 6289 3743 8536 3751 12660 5997 10986 13982 9573 12224 5033 11625 4882 10796 5990 15348 7324 15021 11991 8200 13543 10564 4229 3817 6953 6669 6453 10530 9178 7181 2468 8038 4434 3668 8708 11424 9018 13323 8942 12026 3531 11426 13831 5324 7062 1460 10039 9408 6289 5975 7725 8970 8466 3743 5538 16640 14026 5135 13670 5748 8154 12287 4816 14742 17893 9373 8821 6514 13551 6838 12535 5259 9316 13681 4694 8560 14234 12762 12380 12987 1640 6263 12535 6230 5447 8795 7667 10925 8007 7401 10648 11786 12101 2563 3375 16561 14568 9132 12506 12272 14353 2297 15683 14239 5201 13440 10744 12626 5811 11089 7619 4503 13991 9496 11501 11258 4969 4965 11889 14011 6342 14057 15072 4146 4657 3188 7488
12830 7900 11559 8185 10348 11389 5132 12908 20793 10208 14064 8389 17011 16122 9110 17970 18293 19360 11347 12208 12037 10488 17128 7197 535 2204 10163 11973 12819 9390 5833 7327 9519 9793 9172 13304 3859 15818 7351 12931 7965 17061 7779 1357 16365 3046 8258 9514 14561 4031 4809 4845 2476 15310 9466 20071 16130 5479 3801 17884 6313 16954 7669 10064 16832 16610 14035 3467 16908 14353 15075 14059 13908 6872 5003 3339 7475 19597 12086 14327 17144 11013 1205 14450 12465 14982 14910 6379 9967 8165 8743 12299 18636 9411 11619 8584 17311 8673 5567 10115 7086 12262 8263 7923 16122 6935 14960 16448 9941 15643 14495 13596 12730 11139 176 19537 17614 10694 7088 18826 3237 2895 12869 14199 2365 16660 8768 7810 8275 4721 12204 17739 13868 3746 15950 11644 6086 14271 15680 19575 13458 11975 16734 4712 9505 16495 9335 5333 11828 9676 10090 14725 11413 11791 11960 7304 5580 17450 1528 7801 4184 15271 18981 4162 11143 7267 18027 17906 20200 14114 21513 2324 19476 5880 0 18714 8136 15059 8899 16292 14046 3575 9251 2262 14760 12973 9408 15050 9907 16056 6277 14199 16986 9510 7986 16823 8378 5879 1726 10998 10627 14931 15707 5623 2114 12572 4985 12674 4586 11903 8630 9925 14631 10359 9595 11910 4786 18042 3717 14323 8102 2113 17295 16915 16180 17934 11594 3405 7826 5892 11799 5723 20487 9626 10273 13452 12561 17575 11429 5302 16018 2912 12031 17053 11209 14401 8188 12342 14412 13674 14965 13874 17742 19324 19072 9612 8572 9093 5968 20177 3899 14234 3377 11773 3064 9367 15980 7309 15048 3457 8205 4179 4639 6666 2945 4465 13022 9625 17912 10270 16822 19410 8250 17739 9714 6490 5524 16137 11434 21135 2451 18425 15379 10149 14634 10199 7017 9640 11246 4131 11240 14014 14571 2950 7378 5655 6011 8705 12066 9362 14239 18735 9692 8268 2572 11143 13862 7438 12936 4610 7424 8786 412 11691 8698 8685 3819 4446 10863 19053 14917 5160 14552 11620 11278 17578 6159 18777 19403 12398 14636 2452 19350 12676 16222 1906 15182 18055 1188 14440 20074 15569 8873 17870 4609 8999 17826 10695 1840 14544 9376 10592 10486 12677 16190 15303 17452 5724 7032 18708 16451 13998 17722 12212 15998 6697 18368 17762 10959 19130 14482 7606 10169 13209 12864 8607 18970 7228 9958 8060 10849 8758 17426 15345 10385 18553 20868 9992 1527 8948 9525
10373 22391 10925 15970 8590 20657 16187 8982 17998 11059 5741 23871 17735 19328 13538 1300 9767 14344 19895 17216 6853 24775 7707 12146 18251 18813 19722 17188 12318 11718 17518 19251 10585 24667 13884 12230 15325 19229 18332 14446 13861 18025 12379 19837 8016 15741 11174 21121 4155 15166 18298 21012 16688 4034 20805 14455 8704 14282 15228 5468 12769 3043 11295 11467 12089 10563 19157 19067 8065 4363 15908 5101 8156 16939 18212 19364 12020 2038 7668 7648 8230 18889 19015 11807 6264 7889 6078 19480 16778 13299 14295 6817 1101 9459 8265 20442 4232 11944 13289 23075 17913 19749 20306 18386 12401 19048 18516 18144 10097 11842 8496 7822 15430 9124 18753 18401 3490 19137 13176 17360 16868 19948 9208 5211 18738 10135 9957 13663 10612 14042 11649 1999 9697 15043 16752 13534 19618 6939 10848 16930 11075 7069 11186 18650 23206 4841 12028 15129 6898 11778 8898 11466 22800 19669 20256 18361 13213 5442 17354 20641 14598 18609 585 18030 12392 15899 16214 3123 16357 18037 18083 19488 14026 16842 18714 0 11376 12611 15830 3662 6251 18024 17412 16504 19344 7774 16753 4081 24542 11291 22495 10001 1813 21725 12722 17482 13035 13150 18753 7914 20402 18592 3129 13786 18860 12465 13762 20454 21506 16203 12942 24051 13237 8460 9703 8626 21319 1154 19448 4626 13317 17404 4858 13238 2538 10280 24174 18010 12102 12826 7699 18828 16463 23847 9261 19208 6544 14477 9775 18320 3138 18896 22193 17921 14517 19196 10931 12834 17010 5086 10161 15220 6738 17335 16925 11768 12229 23149 13304 15325 15398 14867 15415 7663 16697 23353 17360 21001 8905 19887 22622 15375 15342 19833 16005 14713 10244 16357 12705 21832 17026 14186 11389 14250 20716 18415 13362 12920 19868 18209 17399 5136 6115 8820 4333 9188 12757 15805 10782 14866 11876 7207 13121 16608 18857 13836 13170 19433 8447 11817 12362 13858 9037 15208 18484 8451 6385 11825 17590 16487 13294 10431 18856 18805 10029 10300 16966 14729 13491 1758 4343 13618 4627 16472 8790 12856 12887 7447 1463 7634 19248 16661 17477 18184 6578 16808 17104 8727 18144 17733 18547 4581 14661 10867 16231 10601 12899 11484 16882 19846 24482 8880 24634 12828 14099 6502 13170 14570 20130 892 2302 11056 12474 7479 2724 14546 2714 5624 18289 16134 7533 18398 11637 5770 21341 20846 11519 12934 10782 14084 16700 11948 14322 3502 10937 9268 18197 15986 18901 17692 24262
10045 14351 9183 10223 4898 15347 4816 9180 20049 2620 6096 15423 17376 17602 8971 10407 14488 17368 14879 13842 5846 17077 12592 940 7610 9087 14054 13666 11290 2157 9908 12074 1464 16624 9315 11645 6065 17352 11446 12690 8237 17556 6398 9449 12047 5137 5305 14513 7364 4144 6927 11912 6907 7555 14297 17926 12168 6262 5800 12335 1874 9128 1225 8076 14415 13489 16157 9879 12559 7184 15087 6341 9714 5864 6848 10049 5409 12700 4036 9853 12841 14071 8081 12355 5346 10666 9582 11698 12044 2650 4081 6414 11055 4263 3520 13568 11299 6979 4363 15970 6858 15361 13299 7521 14017 11709 16413 17206 1822 13349 10521 9155 13134 3006 8231 19398 11323 14022 1870 18421 7691 10264 9296 8069 7550 13322 2636 2826 1541 3668 10315 10041 10616 5229 16146 11106 11634 9359 12862 18726 11074 6087 13894 10183 15696 10709 2384 7241 5151 7945 4893 12394 16564 15022 15465 11438 2888 11919 6620 13249 4893 16668 11516 9375 9880 9507 17315 11486 18888 15591 20570 9677 17305 9367 8136 11376 0 13291 10628 8424 8636 6686 11996 6306 16726 8377 11647 8483 16626 13399 13525 11105 9857 14866 1825 17120 7820 4752 7691 3527 14740 16434 8248 2576 9087 11174 3509 16017 12072 13014 2625 16384 13298 4549 1674 7715 12068 10971 10292 6756 2625 6384 11533 15047 8896 14430 17403 6689 6081 3107 6608 10869 19134 16107 5944 15810 4845 16145 3455 10245 9286 7627 16594 17498 11421 16415 835 11219 15225 6842 11884 13843 12720 18747 18380 2458 1767 15434 5269 18397 6238 13908 5507 3826 5536 15698 16484 13203 11280 10486 14649 6497 4027 12097 5193 5717 10147 11521 15540 15363 16887 17331 221 16153 14388 7215 4488 14295 14917 20376 6281 12700 10129 4875 7055 2221 5914 11142 8751 4006 9587 9233 13186 5503 11833 2585 5067 12999 7763 2216 12495 16692 3101 4692 8966 3102 5792 4972 14552 8190 2165 1004 8146 14451 3229 1426 5634 5723 10434 12152 7180 4259 6840 12984 6996 15361 4702 13902 11774 7489 16594 5754 18832 14724 11230 6381 15804 13837 7999 15642 19825 9530 4509 14648 7919 5684 15567 8750 6374 16857 16293 2580 17004 11493 14940 10251 15418 6915 12496 11595 9314 11540 15287 4186 8705 7789 11804 12284 13670 18044 9950 7445 8340 6870 16625 13830 15795 1626 2137 3440 12596 7085 15961 7874 7945 14480 20192 11522 8873 11991 16266
3317 13779 4131 7529 8706 9819 16371 4578 6783 15321 13262 15396 5160 6771 5951 13043 4651 4345 9004 5807 8903 15277 5387 13206 14899 13653 9443 5908 2261 15269 10219 10660 13974 15560 5922 1791 11412 6706 9808 2922 7094 5441 7764 15411 4779 13478 8221 11325 10777 14011 17939 14139 12622 12707 10999 5031 4066 9749 11594 7684 12902 13670 12166 5462 1938 2696 7060 13020 4966 10675 3351 12226 4809 18260 18002 13378 8546 11714 13186 5174 4952 8116 16059 988 10532 4747 6698 11484 6784 15884 17326 8300 13443 9085 13408 11111 8498 6870 10700 13304 19133 8407 11155 19993 1118 10718 6108 5533 13814 1012 4217 5361 3853 13983 14973 6401 9248 8542 14694 5349 11871 14287 4375 8346 16652 3071 10697 15963 11755 12501 3078 13467 3228 12040 4141 3531 11807 5989 1911 5466 2250 8430 2338 11833 13818 7779 15565 9727 9801 5746 8585 1179 12283 8542 9101 9865 12262 7490 14558 11795 11774 6142 13187 11741 3954 8217 4169 9669 5612 5831 7280 14194 4425 9771 15059 12611 13291 0 6897 13581 6964 16912 7781 13164 7047 5900 7148 9304 15318 1734 15015 2779 11207 12019 15058 4899 6757 10140 16239 11449 9924 6196 11795 13810 13752 2494 12274 9002 14958 5040 15914 14655 796 9161 12597 5942 14563 11457 13203 11789 15848 15251 7938 1882 11394 3987 13882 16787 7907 11551 7441 11310 5868 14568 7419 7322 11988 2856 15093 11170 9857 17120 11268 5341 4322 6988 12459 2725 4654 9843 2451 3028 6547 5571 5177 15538 15054 13992 9745 5266 11308 2523 12288 12666 15227 14087 4753 12499 3709 13824 13875 10954 14997 11650 13989 10935 3269 6701 2891 11727 4468 4374 13489 2889 10762 19106 10644 1090 8931 7102 15526 8283 6533 8634 11892 12695 8564 6315 4561 13548 3987 5816 741 15004 10258 13944 9827 9988 5985 15355 845 3696 10571 17786 13153 12982 13827 8870 5823 10608 15190 12563 15423 7676 10069 11984 16139 10952 4253 11441 12519 11192 12324 5451 6530 2529 9941 6735 14052 6689 6976 14539 5676 6555 6081 13688 4574 5186 13931 5408 6736 8184 17745 3567 10533 7674 2778 4740 13869 7653 15576 12814 15090 2394 1735 6139 2396 9370 11725 11891 11051 1885 2737 13082 11367 8363 10223 7487 7542 4758 5241 19802 5250 8873 9920 11538 4361 14521 14743 16600 6137 6760 2672 11729 5430 5224 6936 6173 14183 8215 15181
6144 7148 5123 718 8165 5064 11754 7149 11926 13205 13750 8765 8121 7484 2309 15696 11118 10894 4431 3491 9545 9136 10840 10073 8888 7118 3951 3272 4994 12775 3400 3895 11870 9203 1948 5439 5982 7194 2980 4249 2459 8184 4411 8935 10031 8310 5801 5313 12409 9295 12768 7246 6730 14064 4991 11633 9507 4709 6266 12536 9344 15543 9419 4367 8828 9152 5676 6284 10482 12220 6199 13066 8205 13833 12889 6631 5340 15769 12638 8764 10623 3516 10041 6632 10989 9027 10094 4614 1420 12667 13972 9291 16284 7777 12546 4740 12658 4274 6497 7311 14512 4756 4674 15425 8014 3882 6276 7601 11966 7736 8349 8287 3863 12705 8775 10638 13263 3576 11256 9942 5694 7557 6966 10628 10911 9368 8784 12567 9409 8094 4934 15831 7225 6925 7052 3421 4923 9208 8158 10741 6152 9154 9039 5005 7572 11756 12968 4058 10063 4082 7858 7026 6989 4457 4958 3032 8325 12173 8856 5185 6875 6575 16311 5054 3815 1638 9200 13670 11455 5410 12664 7565 11086 3087 8899 15830 10628 6897 0 15140 9646 11562 1612 7508 6326 8121 1056 11771 9016 8339 8150 7294 14060 5948 11958 7928 3124 5986 10377 10771 4657 6266 13708 9829 7223 4720 7997 5437 8074 3015 12900 8436 6272 8556 10851 7206 7671 14789 6411 12927 12612 9716 12331 8576 13723 10565 8346 11406 4767 7760 8277 4416 11745 8277 6949 5246 12063 8981 13638 4319 12692 11444 6531 8171 2590 5984 9963 4345 5537 11265 7827 5046 11831 10453 10220 13078 12228 7618 5449 11582 5810 5466 7010 12100 10029 7776 7092 5783 8523 7035 7301 5388 10440 4816 8812 5794 6342 905 9756 6002 7924 10981 10848 9197 4887 14240 6383 7869 4444 12266 10071 13178 10320 7947 13169 11258 4728 741 5142 8887 4250 8907 6250 9790 3475 9963 5637 3655 7386 12826 6211 10334 9276 14091 6618 11984 14017 5775 4245 4300 11803 10379 9301 3826 8164 9843 11066 5803 2877 15323 13730 6827 13403 2773 7093 9366 5969 12520 17042 8201 6193 9171 10472 4218 10631 8016 6296 11282 7712 5651 11175 11413 14323 10292 4348 5935 9613 4399 8209 6334 9122 11562 8974 4623 7619 10041 9151 4055 4949 15402 13666 6588 9625 12632 13604 2948 14247 12356 3057 10357 8924 15166 4194 10317 6136 5168 11219 11182 12663 13150 2112 4218 8855 13464 4895 11570 11992 1109 7738 1861 8800
10706 21039 10838 15115 7082 20177 13124 9240 19730 7635 2356 22401 18710 19943 12852 2387 11865 16209 19482 17202 5596 23596 9620 9293 15792 16750 19089 17125 12675 8365 16149 18101 7390 23362 13234 12729 13299 19792 17240 14766 12869 18978 11095 17519 9635 13249 9717 20227 2870 12472 15212 19240 14542 1088 19935 16466 10208 12577 13140 7845 10057 726 8635 10894 13570 12105 19360 17213 9877 3019 16637 2275 8777 13636 15104 17471 10483 5596 4432 8417 10111 18497 16413 12649 4248 8965 6973 18134 16301 9995 10861 5915 2905 7733 5009 19437 6420 10921 11218 22068 14584 19532 19251 14987 13669 17836 18976 18955 6894 13021 9388 8255 15650 5792 16357 19826 5884 18659 10092 18761 14943 17928 9474 5240 15966 11724 7661 10384 8017 11575 11816 1786 10382 12817 17598 13550 18207 7597 12098 18540 11634 6005 12716 17039 22061 6563 8653 13532 5147 11105 7406 12403 22081 19366 19930 17258 10714 7635 14837 19466 12384 19124 3525 16331 12252 14833 17573 5715 18167 18364 19949 17407 15954 15483 16292 3662 8424 13581 15140 0 6619 15097 16752 14196 19677 7864 16155 4313 23280 12622 20803 10805 3200 20765 9514 18443 12083 11222 16071 5315 19797 19037 1808 10969 16780 12749 11320 20250 19615 16187 9597 22869 14056 6775 6792 8332 19496 3973 17616 2230 10021 14738 7012 14639 2426 12226 23308 15106 10763 10476 6959 17398 18321 22634 8193 19286 3736 15917 6277 16831 4040 16051 21668 18884 14405 19471 8158 13049 17494 3966 11219 15723 8949 18844 18429 8372 8969 21930 11503 17255 13408 15481 13173 4599 13937 22160 18152 19698 10015 17975 21299 13477 12451 18514 13428 12735 10641 15821 14405 21007 18035 16081 8389 15752 19902 15147 11314 14152 19474 19983 14672 7767 7286 7316 1973 6210 11255 15287 10568 12243 11744 7766 13931 13884 17742 10994 11334 18537 8192 8459 13121 15635 6770 11796 16491 5334 2865 10180 17705 14840 10121 7588 16372 18558 7946 7614 14050 12749 13295 5171 1459 11446 1821 16377 8180 14459 10994 9938 3495 7322 19565 14049 18975 18194 8180 14417 17749 10859 15900 18158 20064 5638 11202 12739 14565 9333 14559 11140 14458 20082 23120 5844 23477 13137 15246 7662 14711 13004 18857 4314 2971 11785 14150 4263 2369 13260 5615 7937 17933 17742 8366 15026 11124 4980 21078 19806 13610 9860 7440 10739 16421 10960 15743 1856 10409 11493 19919 15545 16721 16955 22966
4209 16440 4673 9846 3957 14410 13035 2765 13293 9821 6477 17979 12092 13399 7388 6347 6129 9934 13645 10996 2837 18703 4027 9012 13668 13622 13497 10959 6191 10074 11670 13223 8685 18663 7714 6182 10282 13266 12285 8321 7864 12362 6704 14953 3629 11393 5825 14957 3825 11258 15033 15423 11717 5751 14636 10311 3983 8908 10276 3889 9209 6740 7907 5325 7115 5753 13011 13619 4075 3737 10047 5388 2158 14443 15014 13950 6658 6161 6910 1833 4358 12639 14640 6031 4079 2514 952 13570 10538 11217 12577 2226 6854 4865 7299 14328 3310 6067 8500 16940 15428 13504 14215 16137 7113 13059 12488 12357 8351 6445 2806 1662 9270 8068 14040 13260 3756 12891 10446 12194 11597 14660 2998 1383 14708 5433 6197 11446 7254 9822 5440 6659 3766 10315 10991 7303 13752 1022 5568 12055 5055 2549 6323 12973 17130 2456 10411 9583 3694 5673 4122 5787 16580 13419 14005 12320 9161 3453 12926 14606 9890 12614 6770 12456 6140 9887 11002 4127 11805 11938 13593 14292 9742 11006 14046 6251 8636 6964 9646 6619 0 14382 11205 11788 13254 1530 10536 2400 18514 6115 16799 4187 4564 15581 10424 11826 7046 8168 14542 5593 14169 12556 4844 10307 13689 6307 9530 14212 16024 9978 11062 17986 7442 4173 7312 2496 15773 5166 13963 4891 11204 13250 3250 8118 4521 6255 17986 14316 6508 8557 2278 12994 11989 17799 3779 13020 5513 9392 9148 12546 3155 15012 15947 12267 8272 13079 7874 6652 10988 2992 4639 9199 4089 12313 11899 10275 10177 17111 8135 11003 10299 8916 10677 6478 12788 17300 11555 15037 3501 14476 16649 10160 11845 13897 11790 9651 4111 10130 8065 15643 11416 9835 8766 9256 14529 15684 8531 7577 13617 13569 13367 4391 1496 4091 4962 7135 7279 9577 4542 10849 5624 1148 7317 12630 12815 10407 8062 13284 2309 10177 6510 9310 5540 13293 13218 7033 7116 6624 11406 10923 10798 7665 14281 12557 5862 7218 13379 9669 7240 5693 5583 8947 5418 10234 2893 8049 7888 5268 7564 1681 13150 12459 12438 11973 2598 12205 11186 5328 13232 11681 13526 1776 13005 6640 10698 5110 8184 5260 12328 13715 18513 7085 18552 6684 8642 1636 8258 9024 14161 5764 4276 5172 7801 6760 4467 8738 4680 3793 12038 11268 1816 16041 5464 2170 15094 14742 7692 10215 9302 12036 10449 6044 9212 4766 4793 5995 13475 9745 13862 11503 18256
14205 11475 13008 10887 10435 14732 2156 13917 23136 8020 12752 11911 19614 19012 11164 17087 19470 21256 14604 15025 11905 14046 17963 5878 3211 5717 13461 14796 14657 7167 8942 10700 7769 13331 11331 15121 5658 18715 10579 15212 10034 19703 9173 4718 17273 3437 9093 12991 13938 3134 1271 8410 4885 14242 12917 21927 17181 7238 5417 18264 5319 15806 6779 11534 18510 18015 17038 6973 17819 13745 17519 13025 14776 3385 1446 6886 8517 19234 10675 15095 18081 14153 2591 16162 11848 15844 15317 9824 12804 5634 5757 12330 17738 9517 10120 12039 17441 10089 6309 13683 3512 15449 11719 4352 17892 10296 17815 19150 8256 17328 15481 14345 15207 9439 3750 22044 17597 13886 5048 21237 6030 6464 13938 14188 1390 17981 8343 5223 7478 4637 13877 16728 15116 4888 18475 13759 9560 14844 17170 21862 15018 11986 18251 8100 13080 16725 7003 7564 11437 11202 10260 16362 14935 14994 15227 10538 5223 17829 2781 11307 5139 18119 18187 7431 12972 9946 20324 17820 22348 16952 23805 5899 21311 8811 3575 18024 6686 16912 11562 15097 14382 0 12236 4058 17742 13623 12259 14826 13457 17620 9792 15525 16439 13033 5782 19401 10191 6833 1962 10113 13981 17798 14903 4253 5639 14443 4917 15924 8087 14556 6122 13494 16620 10286 8352 12664 8327 17546 7260 13422 5581 1866 17555 18794 15514 19225 15164 173 9080 5857 12118 9102 22626 13195 10831 16498 11522 19624 9402 8605 15716 1103 15486 19680 13547 17387 7095 14297 17073 13262 16328 16262 18373 21692 21399 7309 6389 12667 7180 22164 5807 16542 4680 10508 1694 12941 18597 10856 16141 7031 11780 6218 2683 10140 2924 6030 14374 12389 19637 13772 19331 21277 6709 19739 13145 2933 6340 18001 14682 23479 1494 18726 15838 10292 13725 8907 8364 12286 12627 3566 12934 14635 16539 1910 10691 4193 7117 12038 12786 7106 16068 20599 9191 5082 5997 9763 12383 8298 15774 7375 5151 7597 3250 14782 8548 7740 1058 6015 12964 18682 13866 5806 13525 14335 11949 19351 7066 19499 18460 12880 17613 2418 21737 15621 16827 3563 17811 19052 4472 17212 22557 15645 5775 19271 7264 9812 19590 12238 3371 17606 12906 9259 14049 14628 18261 15851 19287 7742 10522 18187 15894 15556 19419 10838 15324 8883 18203 18174 14012 21331 15231 4037 11709 13055 16200 12099 20416 5266 7949 5247 13638 10194 19459 14529 11712 19624 23233 12669 5079 11996 13075
7542 6000 6614 1786 9765 3477 12675 8645 11999 14599 15345 7620 7963 6871 3916 17298 12229 11458 2900 3041 11158 7727 12156 11381 9332 7250 2339 2805 6151 14125 3426 2944 13289 7884 3548 6547 6878 6567 2234 4912 3998 7967 5940 9048 11358 9170 7351 3811 14021 10265 13480 6716 7351 15675 3481 12201 10792 5863 7182 13961 10598 17155 10807 5962 9712 10233 4809 6213 11781 13832 6372 14672 9676 14762 13620 6525 6831 17300 14189 10237 11900 2088 10441 7689 12594 10442 11614 3900 1010 13898 15152 10902 17881 9349 14076 3383 14155 5871 7741 5835 15371 3406 3391 16285 8878 3090 5722 7302 13412 8704 9755 9800 4217 14199 9108 10550 14778 2038 12478 9989 6214 7437 8451 12217 11431 10493 10288 13767 10851 9202 6274 17438 8583 7877 7048 4545 4262 10724 9254 10909 7406 10766 10042 4836 6189 13257 14298 5042 11669 5688 9455 8108 5391 3033 3471 2294 9537 13613 9466 4015 7905 6034 17898 5141 5227 2532 9412 15190 11750 4889 12776 7577 11697 3428 9251 17412 11996 7781 1612 16752 11205 12236 0 8203 5523 9675 693 13362 7670 9359 7337 8595 15649 4477 13225 7812 4713 7273 10852 12334 3045 5688 15318 10975 7356 5889 9143 4031 7583 3071 14163 7050 7071 10150 12329 8787 7143 16360 6236 14538 13841 10370 13803 9288 15327 11634 6786 12072 6299 9028 9885 4001 12039 6921 8560 4263 13651 9489 15103 4137 14274 11980 4923 7975 3542 5165 11372 5484 5368 12877 9049 5413 13189 10537 10360 14427 13537 6296 6742 12031 6690 5918 7897 13655 10808 6424 6942 4727 9857 6838 6105 6274 11417 3981 9646 6816 7732 1148 10537 4445 7908 11568 12214 9746 3339 15028 7621 8651 2929 12330 10746 14606 11814 9545 14781 12758 6168 1672 6674 9889 5701 10424 7076 10571 2576 11105 6941 2253 8965 14169 7199 10955 10821 15197 6777 13511 15598 7256 3727 4863 13021 11817 9663 2590 9684 11299 11858 6821 4187 16865 15340 8012 15012 2681 8697 10128 7297 13807 18636 9791 5397 9915 10532 3425 12059 8678 6154 12490 8076 5262 11104 12964 15484 11299 4996 7524 10367 5945 8867 5372 7855 13074 7555 5711 8194 11520 9868 5188 3991 16967 15262 7790 10438 14190 15210 4209 15770 13776 1797 10634 10394 16010 5778 11926 4639 3817 12141 12424 14071 14327 1840 5819 9388 15076 6486 12721 12039 1653 7925 441 7491
10741 8441 9484 6830 8092 10878 4648 10727 19184 8633 12022 9301 15583 14955 7275 15794 16173 17500 10677 10967 9789 11162 14931 5376 1891 2802 9578 10739 10905 7873 5006 6950 7752 10599 7400 11384 1755 14658 6683 11260 6125 15665 5644 3340 14179 1308 6018 9364 12358 2598 5283 5707 902 13189 9239 18195 13973 3426 1615 15635 4433 14841 5652 7983 14869 14549 12996 3764 14725 12148 13522 11942 11706 6696 5419 3858 5255 17350 10106 12111 14966 10163 2966 12491 10275 12783 12658 6222 8748 6921 7811 10041 16460 7157 9681 8388 15050 6559 3305 10392 7211 11474 8075 8119 14194 6543 13757 15102 8128 13678 12317 11375 11194 9293 2271 18039 15353 9924 5640 17258 2075 3965 10700 11940 3504 14573 6591 6635 6204 2677 10215 15590 11749 1486 14459 9865 6032 12031 13643 17928 11434 9718 14711 4494 9941 14236 7886 3555 9609 7609 7831 12737 11392 11031 11302 6649 3531 15200 1401 7792 1927 14062 16785 3714 9213 5889 16383 15646 18472 12894 19872 3371 17588 4797 2262 16504 6306 13164 7508 14196 11788 4058 8203 0 13695 10737 8205 12800 10648 14047 7306 12103 14762 9525 6549 15375 6411 3627 3077 8882 10148 13741 13528 4013 2793 10671 2900 11983 5783 10509 7338 10517 12800 8113 7621 9682 5816 15809 4157 12173 6857 2210 15038 15039 13975 15843 11882 3900 5655 3726 9538 5421 18755 10224 8019 12466 10461 15786 9725 4848 13771 4003 11778 15644 9567 13340 6216 10481 13028 11446 12884 12278 15517 17729 17449 8131 7081 9601 3754 18363 1857 12586 1116 9751 2624 9876 14562 7512 12896 4242 8750 2233 3615 6587 1607 2295 10927 8331 15972 10190 15321 17537 6454 15925 9429 6828 3263 14252 10749 19527 2565 16171 13131 7891 12483 8223 4856 8235 9148 2461 9252 11778 12729 2393 6870 4088 3780 8210 9835 7866 12329 16858 7513 7564 2764 9173 11877 5194 11717 3343 6080 6822 2499 10769 6476 6643 3673 2277 9070 16807 12796 2908 12428 10281 9038 15657 3906 16566 17232 10146 13566 1718 17767 11571 13990 527 13773 15892 1716 13156 18559 13308 8038 15813 3213 6762 15902 8645 716 13575 10228 8619 11121 10816 14408 13063 15558 3814 6992 16476 14230 11977 15770 10217 13795 4912 16111 15514 9991 17430 12264 7833 8113 10958 12327 8524 16930 5721 8297 7031 9580 6651 15628 13171 8263 16408 19273 8616 2575 7984 10272
9045 9824 8857 6929 13372 4526 18066 10502 7675 19225 18796 11202 3596 1523 7770 19590 11493 8699 4001 2892 14301 10177 12431 16262 14853 12707 5140 3084 7063 18882 8927 7829 17854 10770 7415 7115 12272 1234 7493 4934 8523 3423 10331 14473 11793 14594 11549 6848 16808 15615 18978 11658 12858 18678 6628 9357 11087 11031 12564 14699 15593 19912 15502 9155 8453 9677 735 11593 12010 16659 3791 17914 11202 20149 19113 11875 11319 18652 18104 11698 11999 3872 15954 7649 15931 11503 13272 8902 4971 18914 20251 13845 20067 13282 18133 7255 15398 9852 12777 8306 20806 2940 7488 21720 7739 8138 1015 2693 17877 8017 10862 11601 4029 18451 14613 5951 16131 4295 17518 5823 11733 12750 10267 14553 16954 10082 14588 18839 15381 14415 7865 19911 9647 13236 3502 6169 9274 12434 8958 6966 8269 13836 9195 10212 9096 14607 19102 10363 15044 9108 13120 8045 6698 3392 3614 7548 14609 14476 14981 8216 13200 1158 19901 10618 7511 7850 5852 16558 8080 1316 8487 12970 9070 8948 14760 19344 16726 7047 6326 19677 13254 17742 5523 13695 0 11851 5498 15648 10463 8724 11779 9367 17779 7422 18176 3615 8911 12243 16374 16212 5109 917 17998 16136 12813 6953 14310 3045 12521 3739 19117 9757 6294 13826 16693 11360 12059 18200 11549 17616 18862 15878 14877 7479 17765 10792 8246 17580 10658 14011 12814 9270 8333 9798 11987 1377 17237 6901 19469 9541 16376 17503 5419 3494 5475 359 15999 6632 2394 15723 9354 4142 13591 6398 6408 19183 18399 9459 11709 8810 12092 4559 13300 17553 16277 9427 2949 9028 10557 12112 9767 11670 16762 8813 15086 12116 9146 5436 8715 6757 4002 8876 16947 7239 6299 20500 12668 7266 3892 7956 16250 15311 13242 13200 17794 17010 10842 5682 9165 15210 7993 12186 6392 16039 7616 16272 11887 6503 11491 18942 7063 8476 14882 20403 12250 17603 19211 11758 2175 10368 18065 16341 15172 3136 13928 15772 17324 12124 6585 18337 18411 13132 18142 3742 11620 8315 12193 13754 20738 12358 133 15396 6329 2127 12998 14180 2624 12173 13591 1642 6494 14780 20613 10249 10482 11419 8477 8705 14371 695 10963 17260 9977 6572 6196 12864 7942 10381 8632 18697 17527 8312 8760 18058 17698 9263 17129 14501 3810 7061 11811 21454 8886 14705 3724 7548 10617 17428 18661 19434 4221 9758 6910 17848 9533 12107 7643 5287 13395 5812 10480
2842 14963 3156 8335 3482 12883 12457 1379 12497 9935 7363 16515 10920 12079 5875 7815 6113 9345 12121 9515 3077 17195 4351 8600 12627 12387 11966 9469 4814 10061 10237 11731 8684 17170 6194 4870 9146 11929 10791 6922 6402 11178 5401 13802 3712 10475 4719 13433 5000 10491 14374 14052 10580 6913 13111 9810 3791 7677 9174 4952 8642 8065 7481 3823 6411 5242 11576 12302 4246 4870 8791 6339 1359 14022 14376 12640 5503 7662 7395 1498 4521 11116 13650 4923 4656 2299 2074 12111 9009 11020 12431 2440 8345 4246 7686 12814 4671 4683 7513 15421 14987 11998 12706 15748 6246 11579 11121 11114 8422 5554 2178 778 7839 8357 12953 12291 5201 11364 10089 11232 10358 13385 1612 2709 13824 5015 5784 11200 6891 8997 3992 8083 2691 9292 9775 5820 12305 1306 4811 11217 3802 2629 5732 11587 15623 3773 10386 8274 3999 4186 3530 4758 15050 11903 12489 10827 8423 4526 11948 13111 8886 11264 8285 11108 4624 8410 10043 5592 11100 10535 12872 13049 9209 9581 12973 7774 8377 5900 8121 7864 1530 13623 9675 10737 11851 0 9006 3831 17016 5374 15391 3179 6063 14060 10201 10651 5595 7116 13605 5798 12639 11185 6151 9716 12459 4900 8712 12708 14682 8495 10931 16481 6272 3838 7276 1089 14413 6696 12632 5930 10999 12354 4482 7289 5930 6064 16458 13542 5248 7767 1795 11559 11309 16297 2794 11558 6123 8533 9468 11132 4659 14169 14419 11088 6768 11661 7565 5221 9634 3983 3815 7859 4791 11409 11002 10293 10039 15613 7008 10410 9143 7622 9642 6901 11980 15797 10311 13560 2952 13164 15167 8964 11194 12430 10906 8523 2784 8599 7464 14115 10268 9272 8537 8443 13002 15168 7526 6658 12095 12791 12507 5533 2456 3532 6060 7224 6047 8047 3012 10059 4107 1042 6145 11804 11321 9828 6962 11763 916 10158 5332 8688 5318 13068 11963 7324 7930 5545 9951 9591 10498 7473 13235 11045 5315 6957 12658 8541 5721 7206 6688 7988 6467 8739 1703 7373 6840 5884 9068 910 11743 11565 11524 10498 3255 11183 9887 5514 12092 10306 12602 3292 12862 6323 9379 3975 7543 3731 11320 12288 17029 7258 17043 5286 7625 2334 7522 7724 12684 7294 5742 4028 7200 7273 5854 7341 6159 4815 10517 10450 1620 15623 3949 2988 13585 13230 7454 9872 9381 11817 8931 4647 8347 6017 3295 6136 12669 8216 12673 9977 16763
6849 6651 5930 1467 9206 4027 12581 7960 11616 14234 14794 8273 7655 6758 3303 16657 11561 10913 3377 2801 10559 8419 11465 11071 9450 7487 2972 2566 5470 13790 3656 3521 12906 8568 2924 5873 6780 6459 2723 4314 3514 7683 5465 9301 10667 9098 6857 4504 13404 10142 13488 7193 7383 15082 4173 11657 10103 5628 7075 13268 10320 16546 10444 5322 9084 9569 4814 6521 11091 13218 5931 14098 8987 14667 13620 6849 6389 16620 13694 9548 11212 2461 10581 7025 12021 9749 10933 4414 559 13637 14922 10285 17236 8830 13602 4066 13468 5321 7464 6528 15311 3717 4061 16225 8252 3618 5573 7049 13008 8057 9062 9118 3694 13757 9272 10224 14095 2526 12221 9610 6282 7772 7765 11565 11522 9822 9837 13524 10449 9004 5581 16809 7890 7756 6675 3863 4763 10042 8586 10489 6718 10158 9391 5168 6879 12572 13976 4887 11095 5065 8901 7440 6047 3405 3902 2782 9282 12920 9512 4663 7745 5881 17244 5378 4536 2358 8973 14508 11289 4717 12380 7863 11140 3529 9408 16753 11647 7148 1056 16155 10536 12259 693 8205 5498 9006 0 12711 8357 8704 7905 7903 14996 5170 12941 7486 4176 6969 10961 11826 3663 5550 14698 10759 7593 5206 8924 4389 8051 2619 13883 7741 6455 9602 11900 8132 7621 15696 6584 13947 13581 10399 13113 8700 14691 10972 7465 12099 5822 8739 9261 4412 11579 7608 7971 4330 13110 8957 14685 4464 13617 12065 5515 7682 2874 5146 10995 4803 5046 12261 8365 4901 12496 10146 9949 14092 13228 6979 6433 11522 6598 5385 7807 13155 10780 7111 6625 5351 9165 7198 6767 6177 11292 4535 9588 6655 7039 460 9934 5127 7545 11018 11867 9202 4026 15002 7347 8044 3389 11951 10766 13913 11128 8990 14185 12311 5764 980 5999 9748 5013 9743 6454 10541 3129 10892 6626 2938 8309 13838 6545 10393 10332 15008 7000 13040 15067 6822 3536 4899 12767 11419 9817 2808 9219 10887 11826 6662 3493 16188 14751 7769 14428 2270 8064 9529 6968 13118 17988 9142 5368 9901 10150 3372 11366 8697 5828 11809 8223 5032 10773 12291 15265 10649 4996 6983 9770 5276 8889 5434 8531 12617 8247 5038 7638 10832 9280 4960 4583 16299 14615 7106 9827 13688 14576 3904 15089 13083 2023 10177 9705 15958 5129 11301 5079 4500 11509 12155 13695 14098 1454 5261 8848 14462 5842 12048 11665 982 8143 1089 8173
6604 18320 6974 11895 4720 16652 13211 5148 15430 9021 4669 19810 14454 15797 9472 3987 7737 11943 15905 13346 3014 20694 5483 9078 14619 14945 15683 13299 8587 9461 13458 15171 8125 20590 9823 8581 11484 15665 14251 10714 9780 14727 8333 16092 5387 12182 7187 17049 1781 11796 15294 17022 12886 3567 16736 12237 5923 10323 11418 4203 9510 4365 8068 7404 9262 7809 15394 15113 5686 1801 12437 3562 4531 14329 15242 15422 8041 4551 5713 4130 5941 14901 15481 8393 3178 4652 2661 15413 12760 10840 12076 2818 4534 5645 6227 16363 2926 7868 9513 18998 15324 15816 16225 15938 9358 14971 14887 14741 7702 8714 5093 4061 11654 7093 15071 15515 2844 15128 10353 14450 12961 16051 5383 1147 15360 7437 6495 11137 7369 10511 7813 4264 6143 11317 13369 9651 15558 3318 7785 14231 7452 3112 8415 14629 19125 2614 9799 11129 3393 7705 5002 8125 18752 15709 16291 14280 9738 3860 13780 16560 10874 15013 4542 14035 8439 11819 13262 3009 13883 14332 15668 15622 11706 12783 15050 4081 8483 9304 11771 4313 2400 14826 13362 12800 15648 3831 12711 0 20463 8309 18478 6541 2289 17649 10122 14189 8955 9303 15291 5010 16369 14955 2507 10593 14999 8697 10220 16529 17549 12326 10589 19970 9816 4694 6912 4582 17343 3131 15484 2963 10840 13953 3322 10326 2121 8027 20109 14786 8070 9248 3629 14773 14045 19766 5216 15388 4263 11605 8063 14276 993 15590 18182 14631 10593 15469 7853 9034 13387 1659 6916 11598 5031 14531 14116 9603 9751 19070 9398 12999 11538 11313 11689 5424 13352 19273 13940 16927 5704 15948 18548 11475 12174 15762 12508 10859 6509 12326 10118 17769 13769 11823 8560 11441 16652 15698 9572 9844 15883 15688 14005 4402 2998 4933 2924 6553 8757 11775 6789 11441 7921 3516 9692 13229 14777 10669 9282 15360 4409 9566 8890 11354 5635 12895 14587 6140 5383 7888 13778 12489 10602 7480 15233 14859 6399 7178 13781 10876 9530 4012 3490 9893 3427 12566 4710 10158 9031 6160 5278 3571 15543 13180 14662 14329 3981 13153 13583 6781 14376 14080 15751 1448 12488 8506 12240 6574 10265 7464 13249 16102 20409 6374 20553 9076 10949 3363 10404 10566 16055 3791 1916 7550 9861 5532 2072 10486 3379 4220 14308 13435 4068 15888 7584 1842 17399 16766 9442 10109 8582 11667 12735 7870 11430 2500 6877 7442 15618 11973 15090 13631 20185
15155 2284 14128 8695 16232 5988 14965 16142 18124 19139 21481 1637 13975 11945 11152 24237 19864 18538 6678 9725 17867 638 19818 15762 10345 7971 5922 9563 13820 18433 7131 5296 18086 324 10858 14207 10565 11680 6229 12397 10687 13843 12239 8760 19015 11955 13575 4001 20790 13243 14644 5072 9860 22195 4322 19263 18460 10791 10826 21552 14812 23794 15682 13194 17214 17863 9853 6884 19447 20585 13204 21048 17210 16778 14848 6817 12798 24674 19893 17767 19569 7345 10892 15324 19034 18043 19043 5148 8604 17569 18415 17772 24864 15548 19605 4295 21631 12599 12459 2162 16962 7634 4343 17765 16377 5496 11275 13101 18380 16282 17364 17258 11523 19437 9736 16413 22208 6875 16264 16213 8944 7019 15967 19348 12139 18140 15902 17281 16022 13020 13918 24262 16223 11421 13500 12215 5101 18170 16894 17316 15075 17561 17630 6454 1501 20726 18480 9796 18152 12841 15906 15750 3860 7275 6896 6196 13742 21187 11128 3909 11735 11532 24979 7255 12825 8648 16015 22606 18358 10779 18936 7616 18839 7798 9907 24542 16626 15318 9016 23280 18514 13457 7670 10648 10463 17016 8357 20463 0 16963 3700 16257 22736 3309 17165 13935 11513 12274 11514 18251 5582 11191 22094 14617 8018 13558 13137 7417 5396 10310 17980 707 14564 16509 17584 16024 5130 23564 6496 21061 17504 11950 21329 16632 22257 19249 2692 13291 12552 13580 16846 5909 18630 752 15316 9230 19772 16569 20074 6505 21428 12628 5153 13901 11200 10198 16295 13152 11814 19673 16719 12599 20834 16794 16748 18706 17668 1404 11894 18906 10397 13150 11183 19426 12825 1246 13128 3583 17510 6525 1999 10175 14191 4766 12192 10966 15352 8817 17922 3764 14226 18680 16810 16869 4577 16313 12341 16084 6778 18412 12321 22193 19302 15994 21341 18138 12026 9319 14111 13094 13266 17868 14589 12655 5700 14705 12084 5419 16209 18437 14809 18134 16682 18064 7895 19044 21550 13109 10034 8571 16721 16870 10208 7961 15463 16506 13699 10958 11831 24205 21823 12427 21465 9890 15765 17503 12455 21476 25642 16957 10404 12010 16740 9331 19647 10818 12493 20156 9274 11320 16957 20290 18607 18878 8852 14032 17727 13359 10927 9857 713 18518 739 13371 15421 19038 17200 10300 4432 24202 22292 15459 17861 19952 22114 10054 23175 21372 7854 17273 17929 17442 13074 18828 6841 3861 19644 16324 18735 17657 9182 12594 16507 21800 13723 20372 18099 9321 8486 7274 382
3452 15354 4612 8923 8596 11537 16882 4259 7181 15213 12578 16976 6489 8332 7059 11841 2930 3997 10720 7531 8450 16942 3791 13435 15850 14811 11120 7624 3386 15257 11557 12181 13911 17197 7108 2915 12295 8296 11301 4601 8153 6785 8464 16521 3293 14217 8647 12982 9918 14613 18576 15529 13587 11828 12654 4528 2590 10625 12443 6140 13250 12632 12349 6096 1039 964 8771 14277 3376 9844 4965 11499 4082 18677 18620 14638 9117 10235 12766 4285 3318 9819 16991 1710 9998 3659 5649 12952 8381 16038 17477 7809 12187 9136 13058 12722 7093 7542 11322 14976 19590 10139 12748 20420 1113 12209 7762 6997 13695 723 3322 4691 5566 13713 15984 7215 7848 10236 14942 6153 12941 15528 4117 7476 17484 1358 10764 16160 11861 13080 3853 12320 2795 12817 5620 4917 13260 5095 562 5941 2614 8002 704 13158 15464 6460 15571 10748 9373 6449 8538 1351 13996 10267 10830 11355 12735 5996 15419 13367 12507 7770 11874 12991 4956 9524 4974 8257 5732 7536 7511 15385 3908 11058 16056 11291 13399 1734 8339 12622 6115 17620 9359 14047 8724 5374 8704 8309 16963 0 16489 2298 10017 13675 15208 6246 7678 10788 17117 11152 11621 7853 10815 14229 14906 3659 12831 10736 16325 6734 16015 16308 2530 9020 12507 5732 15947 10143 14492 11006 16008 16047 6498 2017 10327 2288 15590 17506 8541 12025 7101 12713 5937 16211 7456 9049 11468 3295 14826 12520 8731 17924 12994 6678 5834 8683 12564 4004 6342 9098 1561 4759 4943 6222 5807 15509 15134 15620 10454 5053 12213 4246 13097 12274 15926 15725 6256 14045 2620 15105 15465 11890 15527 13145 14715 11768 3310 8248 2142 13412 5773 3944 13583 3143 12426 19633 11284 1636 10650 7461 16293 6710 5373 8570 11068 12523 9274 7819 4998 14151 4816 4996 2467 15714 11771 14358 10506 11593 5721 15350 2160 3329 10490 18016 14318 12684 13196 9382 7557 11752 15409 12585 16401 9397 10181 12026 16782 11785 5537 10005 11685 11824 11532 7138 6421 2003 10561 5030 12749 6257 8660 15304 6353 8289 4714 14561 6187 3461 14968 7094 7442 7051 17903 1953 11646 8006 2186 5409 14734 9346 17196 12589 16757 3715 2830 4984 2156 10332 13247 10524 9926 2072 1888 12642 10324 9422 8787 5946 9236 5152 4302 20251 5942 8197 11654 13153 2941 14751 14646 16794 7788 7440 3121 10797 5915 3492 7361 7722 15297 9786 16812
14054 2211 12871 7591 13945 7397 11389 14763 19099 15931 18826 2119 14943 13300 9815 22029 19248 18794 7786 10142 15661 4315 18786 12618 6742 4518 6648 9927 13135 15179 5177 4394 14987 3547 9623 13586 7599 13002 5207 12219 9030 14881 10154 5079 17971 8594 11322 5029 18530 9852 10962 1614 6621 19736 5192 19538 17513 8257 7813 20215 11663 21376 12703 11661 16952 17296 11071 3660 18458 18319 13640 18532 15858 13139 11168 3477 10482 22897 17078 16389 18627 8024 7213 14782 16615 16813 17465 3537 8344 14179 14925 15683 22679 13147 16725 4526 20061 10732 9642 4541 13287 8851 4314 14079 16128 4298 12371 14157 15328 15880 16175 15779 11553 16449 6109 17517 20554 7555 12939 17101 5923 3440 14629 17423 8458 17498 13201 13865 13135 9859 12966 21963 15170 8310 14197 11572 3236 16644 16301 18101 14235 15426 17189 3848 3718 19164 15191 7368 15790 11265 13627 15173 6260 8388 8250 5151 10650 19815 7587 3579 8682 12669 22877 4485 11800 7150 16651 20923 19011 11681 19898 4054 19034 5816 6277 22495 13525 15015 8150 20803 16799 9792 7337 7306 11779 15391 7905 18478 3700 16489 0 15315 20684 4619 13850 14839 9811 9584 7839 15585 6712 12305 19807 11319 4544 12860 10020 8935 1706 10388 14613 3864 14347 14146 14663 14327 1512 21608 3246 18632 14115 8360 19854 16605 20080 18709 5848 9629 10408 10612 14865 3876 19297 3576 13263 10414 17155 16824 16976 4259 19467 8938 7304 14914 10694 11452 13305 12493 12467 17464 15914 12745 19686 17670 17539 15437 14387 3234 9307 19350 7462 13255 8019 16654 9269 3472 13974 2765 16477 3064 2430 7342 10718 3371 8762 8109 14261 8335 17833 5438 15021 18905 13691 17083 5521 12626 9535 15941 7895 19417 8718 20836 17807 13709 18928 15245 9738 8700 12745 9764 12147 16345 14339 9116 4776 11393 9471 5416 14511 15172 14356 18290 14054 14513 4566 16182 18802 10708 10675 6014 13362 13902 6554 8763 12860 13611 10093 8097 10992 22393 19350 9504 18983 9982 13926 17431 9809 20489 23465 15149 11687 8501 17646 10108 18342 7391 13231 19352 5775 12167 18076 18542 15089 18442 6277 11905 17673 12009 7475 11311 3115 15637 4349 12774 15530 17601 17185 7925 3355 22268 20199 14700 17720 17161 19921 8061 21467 20051 8325 17895 16555 13756 11612 16725 8701 4239 19360 13026 15576 14195 9154 10757 16725 19483 12157 19680 19114 8860 4935 6896 3324
1370 14442 2646 7757 6300 11315 14686 1970 9325 12923 10515 16058 7913 9337 5543 10345 4108 6290 10505 7499 6240 16320 3562 11160 13950 13144 10654 7522 2547 12960 10207 11184 11617 16460 5699 2314 10370 9231 10255 4558 6516 8186 6461 14780 2766 12161 6466 12383 7999 12471 16435 14200 11723 9928 12050 6824 2213 8721 10488 5513 11006 10906 10067 4134 3327 2494 9232 12753 3192 7898 5932 9467 2031 16441 16470 13111 7009 9307 10555 2419 3329 9526 15067 1852 7834 2136 3977 11817 7713 13748 15185 5614 10777 6842 10821 11962 6047 5544 9216 14410 17365 10134 11932 18184 3074 11140 8519 8215 11405 2381 1505 2590 5580 11453 14142 9129 6771 9875 12668 8067 11194 13965 1820 5568 15475 2472 8470 13875 9569 10934 2362 10739 503 10800 6835 4086 12088 3224 1756 8039 1217 5779 2806 11755 14782 5240 13273 8985 7156 4526 6240 1606 13687 10154 10743 10303 10540 5224 13445 12475 10462 8608 10566 11474 3517 8181 6875 7199 7959 8072 9719 13755 6205 9636 14199 10001 11105 2779 7294 10805 4187 15525 8595 12103 9367 3179 7903 6541 16257 2298 15315 0 8512 13061 12917 7648 5905 8704 15146 8894 11247 8596 9023 12005 13233 2774 10675 10804 14947 6539 13720 15644 3281 6727 10214 3438 14603 8851 13011 9018 13718 14019 5557 4122 8644 3740 15221 15418 6486 9834 4841 11454 8180 15509 5166 9355 9301 5356 12567 11169 7137 15892 12841 8090 5133 9240 10271 3187 7013 7076 808 5229 4614 8232 7825 13213 12838 14871 8417 7339 10309 4867 11102 10051 13833 15010 7417 13073 1286 13605 14592 10021 13344 12063 12647 9808 1177 7447 4439 12933 7231 6241 11288 5275 11870 17437 9189 3480 10454 9623 14243 6154 3886 6272 9116 10240 7260 6937 2956 12012 3184 3040 3159 13628 10763 12131 8446 10839 3434 13053 2371 5619 8194 15734 12667 10430 11098 7235 7750 10115 13129 10287 14522 9264 7893 9729 14652 9826 4431 8975 9743 9719 9553 6882 4123 4287 8462 5227 11417 4024 9276 13258 8349 8408 3685 12604 7112 4046 13161 7743 9429 5484 15612 3747 9972 5793 4480 3531 12769 9899 16401 10317 16147 3058 4476 3502 4393 8518 12228 9333 8323 1056 4184 10440 8610 7738 7774 5318 8915 7277 2503 18023 4042 6118 11721 12396 4895 12473 12355 14508 7336 5453 5170 8952 3846 4435 9495 6956 13573 8983 16062
8752 20581 9218 14183 6794 18926 14671 7325 16950 9831 4697 22058 16364 17843 11761 1836 8871 13348 18173 15560 5055 22974 6675 10578 16531 17030 17967 15522 10722 10419 15706 17447 9201 22859 12112 10672 13546 17728 16531 12855 12059 16647 10566 18087 6831 14038 9364 19338 2502 13518 16779 19205 14919 3054 19025 13540 7475 12478 13456 4707 11145 2883 9672 9693 10888 9376 17558 17266 6982 2694 14444 3822 6580 15554 16705 17566 10212 2871 6394 6107 7188 17168 17325 10351 4600 6461 4536 17669 15037 11945 13036 5004 2292 7675 6980 18650 3297 10137 11523 21285 16540 18060 18509 17066 11110 17241 16983 16717 8728 10510 7014 6188 13820 7863 17019 17212 2702 17402 11695 16156 15075 18159 7556 3432 17096 8966 8258 12288 8979 12343 10001 2319 8166 13293 15331 11867 17806 5347 9535 15819 9523 5258 10000 16838 21406 3622 10744 13320 5157 9995 7099 10040 21039 17965 18549 16559 11527 4544 15649 18837 12847 17092 2253 16221 10687 14096 14987 2516 15342 16466 17104 17706 13063 15030 16986 1813 9857 11207 14060 3200 4564 16439 15649 14762 17779 6063 14996 2289 22736 10017 20684 8512 0 19937 11314 16104 11234 11367 17085 6342 18652 17055 1840 12188 17079 10852 12059 18770 19704 14542 11623 22249 11786 6682 8197 6864 19514 1115 17645 3249 11957 15737 3918 12011 1029 9300 22398 16417 10289 11110 5891 17016 15474 22043 7449 17580 5115 13275 8646 16507 1409 17278 20457 16546 12830 17616 9350 11207 15477 3316 8763 13683 5877 16179 15765 10504 10858 21345 11509 14369 13615 13361 13665 6291 15061 21550 15924 19192 7509 18089 20813 13583 13758 18022 14321 12931 8638 14607 11614 20058 15664 13205 9891 13075 18941 16997 11593 11619 18149 17183 15750 4581 4678 7022 3006 7723 10947 14056 9053 13200 10169 5593 11665 14961 17055 12246 11379 17648 6689 10522 10883 12813 7346 13921 16694 7077 5412 10024 15965 14678 11858 8884 17139 17108 8288 8699 15383 12947 11782 2338 3240 11865 3421 14796 6996 11719 11102 6798 3005 5858 17678 14983 16316 16537 5353 15080 15620 7842 16386 16186 17399 3029 13422 9851 14423 8788 11789 9739 15160 18257 22672 7451 22834 11224 12773 5072 12005 12760 18322 1748 546 9555 11369 6200 1209 12734 2452 4817 16572 15019 6010 17056 9871 3959 19648 19051 10633 11450 9492 12751 14991 10143 13111 2160 9165 8448 17145 14248 17133 15920 22454
12018 2472 11061 5755 13685 2903 14141 13091 15000 17467 19137 3782 10826 8940 8197 21521 16586 15251 3476 6426 15229 3272 16621 14083 9824 7321 2617 6259 10585 16847 4958 2797 16285 3569 7867 10955 8920 8656 3549 9098 7925 10718 9678 8693 15827 10781 11082 694 18144 12056 14294 5075 8639 19677 1022 15980 15249 8677 9219 18436 13174 21227 13795 10269 13909 14584 6760 6060 16241 17946 9925 18590 14136 16130 14478 6172 10384 21715 17728 14697 16352 4054 10665 12053 16531 14918 16041 3305 5357 16235 17274 15058 22127 13106 17513 1337 18602 9880 10523 1364 16501 4501 1572 17373 13073 3157 8149 9977 16511 12990 14231 14234 8215 17469 9336 13329 19210 3578 14848 13052 7525 6780 12904 16514 11875 14872 13713 16006 14020 11474 10750 21605 13059 9897 10271 8989 3506 15155 13623 14129 11864 14881 14337 5035 1813 17701 16949 7667 15620 9948 13362 12482 1903 4091 3809 3539 12069 18085 10380 1739 10115 8425 22189 5814 9698 5932 12785 19618 15141 7582 15811 7243 15547 5531 9510 21725 14866 12019 5948 20765 15581 13033 4477 9525 7422 14060 5170 17649 3309 13675 4619 13061 19937 0 15708 10766 8737 10217 11233 15972 2352 8071 19452 13209 7404 10329 11525 4436 5814 7002 16593 2636 11261 14013 15579 13119 5379 20703 5794 18535 16172 11291 18265 13324 19538 15963 2573 12860 10018 11759 14082 4123 15417 2565 12631 6113 17420 13278 18230 4729 18589 12416 2711 10768 7958 7125 14403 9919 8564 17008 13488 9292 17663 13632 13561 17138 16141 2079 9760 15647 8730 9842 9749 17226 12026 2109 9935 2240 14329 6134 2365 8411 13132 2940 11132 9167 12208 5621 14614 829 11026 15390 15068 13574 1269 15966 10398 12776 3582 15300 11686 19081 16263 13452 18799 16089 9626 6148 11089 11805 10164 14854 11287 11818 3083 13318 9963 2297 13301 16868 11528 14836 14403 17084 7045 16942 19290 10751 6767 6696 15354 14937 9887 4700 13196 14500 13018 9163 8663 21266 19320 10610 18975 6583 12941 14194 10345 18260 22895 14093 7347 11132 13587 6084 16533 9840 9267 16908 8569 8113 13881 17352 17530 15583 6960 11433 14419 10346 9992 6880 3656 16447 3092 10122 12117 15978 13892 8081 2538 21325 19522 12227 14552 17762 19408 7553 20195 18252 4548 14045 14855 17063 10117 16106 4099 1037 16337 14862 17003 16470 5888 9855 13212 19182 10801 17103 14989 6105 7983 4118 3212
11836 14925 10935 11487 6723 16469 3680 10999 21797 2267 7160 15848 19016 19124 10485 11663 16310 19169 16063 15284 7612 17659 14399 1929 7451 9334 15157 15096 13017 1421 10804 12955 2140 17129 10808 13387 6788 18865 12423 14326 9653 19185 7920 9342 13864 5256 6960 15420 8863 4019 5721 12255 7306 8765 15232 19734 13992 7372 6489 14071 2628 10236 2893 9767 16220 15310 17577 10295 14374 8699 16734 7623 11539 4241 5602 10406 6941 14181 5099 11674 14657 15313 7662 14132 6948 12488 11366 12450 13376 831 2272 8199 12289 6076 4511 14453 12987 8587 5485 16723 5231 16625 14166 5815 15807 12570 17923 18804 2634 15144 12346 10979 14711 3736 8111 21098 12966 15219 912 20135 8272 10461 11111 9792 6885 15146 4455 1025 3349 4233 12053 11224 12430 5821 17789 12739 12334 11170 14674 20474 12855 7877 15711 10823 16363 12436 1353 8278 6867 9604 6717 14184 17483 16258 16666 12408 3708 13661 6470 14029 5594 18188 12803 10007 11555 10698 19045 13101 20663 17086 22332 9850 19112 10331 7986 12722 1825 15058 11958 9514 10424 5782 13225 6549 18176 10201 12941 10122 17165 15208 13850 12917 11314 15708 0 18763 9328 5974 7169 5112 15821 17938 9610 2548 9313 12888 4196 17255 12286 14505 942 16992 15036 6369 3212 9537 12351 12426 10696 8112 802 5991 13253 16832 10318 16255 18190 5828 7630 4202 8428 11615 20913 16705 7752 17192 6204 17913 3622 10996 10871 6833 17629 19131 12980 17854 2650 12911 16792 8466 13700 15478 14500 20476 20115 1627 611 16058 6510 20193 6979 15571 6010 5060 5042 16329 18100 13883 13105 10787 15231 7311 3402 12841 5129 6589 11943 12861 17348 16271 18550 19135 1666 17930 15356 5693 5604 16074 16110 22126 5783 14412 11913 6699 8395 3604 7340 12526 10503 4088 11290 11048 14927 5089 12760 2463 6320 13999 9586 1382 14253 18492 4909 2874 9311 4271 6707 6519 16011 9024 632 2760 7903 15747 5027 3245 4801 6590 12038 13641 8415 5235 8105 14441 8815 17163 5994 15685 12967 9311 18043 5535 20558 16129 13022 6475 17400 15652 8118 17170 21536 11240 2696 16472 8772 7407 17372 10458 6413 18262 16768 3863 17605 13195 16689 12047 17212 8046 13248 13024 10780 13329 17096 5280 10128 9039 13383 14028 14955 19803 11770 5772 10024 8590 17805 14674 17620 847 2171 1618 13992 8696 17730 9242 9673 16297 21935 12915 8991 13172 16793
7861 13054 8199 8639 13007 7948 19344 9280 4263 19412 17980 14529 270 2477 8429 17941 8634 5193 7291 4781 13519 13694 10023 16840 16815 14967 8266 5013 6052 19222 11142 10591 18032 14233 8180 5849 13750 2599 10026 4437 9471 543 10898 16784 9532 16046 11818 10134 15612 16876 20569 14461 14634 17540 9871 5807 8822 12253 14006 12381 16336 18553 15917 9060 5650 7098 4112 14001 9613 15498 2034 16983 9669 21373 20675 14323 11851 16480 17684 10062 9532 6835 17969 5797 15175 9643 11596 11631 6934 19560 20972 12959 18333 13174 17832 10358 13320 10178 13718 11774 22141 6302 10537 23043 5139 10823 2681 971 17955 5646 9113 10191 4205 18306 16697 2740 14074 7315 18241 2287 13621 15241 9056 13203 18822 7534 14687 19561 15642 15496 7040 18365 8061 14604 975 6025 12003 10871 6644 3384 6850 13039 6518 12635 12515 12641 19487 11837 14374 9175 12820 6073 10254 6679 7040 10085 15490 12241 16748 11270 14462 2463 18061 12862 7249 9565 2264 14488 4471 3189 5067 15348 5585 10965 16823 17482 17120 4899 7928 18443 11826 19401 7812 15375 3615 10651 7486 14189 13935 6246 14839 7648 16104 10766 18763 0 9552 13148 18299 15858 8414 2773 16668 17072 15074 6088 15330 6574 15333 4921 19677 13228 4389 13474 16731 10485 14882 16329 14043 16581 19515 17582 12735 4518 16287 7938 11828 19251 11159 14818 12014 11810 4729 13241 11626 4711 16597 3600 19392 11932 14756 19349 8997 442 5920 3804 16321 5955 2445 14633 7342 3287 11162 2866 2818 19510 18873 12840 12652 5209 13596 3231 14753 17145 17806 12838 872 12079 8599 14648 13039 13183 17978 11632 16561 13442 7883 7216 5577 10180 496 5381 17334 3935 9555 21958 13630 4614 7186 4578 17922 12939 11428 12885 16704 16931 11584 7187 8602 16433 7589 10683 4514 17568 10290 17210 12794 9425 10568 19297 5327 5072 14759 21281 14476 17356 18502 12258 4173 12228 18774 16544 17227 6116 14023 15957 18817 13455 6742 16245 17332 14153 17117 5223 10949 5227 13024 11079 18930 11358 3635 16987 2824 4741 10916 15893 1660 9471 15636 2677 3293 13082 21368 7339 12268 11468 5332 8422 16086 4301 14389 17110 13495 5724 3418 11034 4844 11686 11535 16740 15949 6659 5689 17602 16256 10533 15026 12188 6517 3448 10135 22808 8791 13638 7321 10710 7456 18108 18832 20188 6034 10068 3665 16588 9265 9263 4275 6831 15615 8210 13919
4542 9401 3269 3032 5055 8184 9854 4987 13008 10318 10632 10933 9793 9799 1157 12787 10011 11099 7553 6035 6508 11740 9140 7400 8179 7240 7032 5868 4496 9975 4644 6218 8953 11647 1496 4973 4657 9543 5297 5159 826 9937 1422 8885 8335 6755 2712 8169 9412 7413 11264 8522 5911 11000 7868 11788 7978 2992 4837 10413 6816 12516 6595 1877 8467 8253 8358 6909 8855 9216 7557 9970 6078 11850 11343 7263 2410 13199 9527 6595 9058 6621 9329 6086 7893 7076 7664 6524 4443 10097 11480 6321 13398 4656 9456 7431 10265 1163 4176 10071 12652 7813 7279 13543 7784 6029 8601 9510 8999 7277 6479 5970 5408 9661 8307 12051 10786 6700 8738 11170 5296 8090 4875 7836 9895 8330 5746 10064 6478 5973 3826 12868 5635 5304 8585 3618 6711 6834 7309 11714 5085 6147 8357 6047 10172 9365 10200 3088 6969 1470 4743 6349 9998 7550 8069 5325 5939 10009 7802 7607 5071 8863 13482 5653 2803 2865 10192 11169 12159 7773 13649 7857 11180 3995 8378 13035 7820 6757 3124 12083 7046 10191 4713 6411 8911 5595 4176 8955 11513 7678 9811 5905 11234 8737 9328 9552 0 3603 9487 7653 7744 8620 10719 7520 7329 4268 5791 8512 9203 5195 10262 11016 6430 5437 7842 4552 8901 12051 7198 9858 10048 8499 10044 8635 10804 9604 11250 10060 1749 5273 5354 5966 12437 10812 3902 8048 8940 9433 10633 5553 9916 10365 9633 9893 3668 8604 7088 4106 7474 8273 6638 6282 9953 11590 11274 10274 9513 10117 3126 11983 4559 6473 5538 8987 8519 10318 8836 8000 6899 7771 9617 4220 8477 6853 7271 4182 4744 3922 9564 8933 9394 11131 8040 9552 7824 12533 4093 7846 7564 13349 8782 11030 7997 4833 10110 8211 2033 3455 3037 6957 2862 6535 6351 8291 5822 7658 3254 6473 4738 10036 5920 10453 6176 11743 6765 8899 10893 2848 6736 4228 9278 7442 8724 6853 5104 6881 9471 4198 2841 12717 10656 4628 10322 5171 4253 9246 3472 10843 14170 5450 8779 7798 11647 6945 8557 6933 8108 9893 7297 7843 12535 8814 11864 9507 4072 2812 9492 2376 7113 9068 11481 8497 11600 4438 8071 7792 9150 2654 7125 12691 10803 5623 9365 9517 10671 1853 11726 10253 6123 11155 6761 13322 1888 7370 9245 7824 10596 8622 9758 10681 4849 1124 9269 10456 2351 10330 13117 3801 7672 4882 11241
7375 9994 6177 5519 4588 10597 6273 7185 16579 7370 9261 11253 13386 13260 4720 12558 12702 14471 10141 9354 6322 12664 11350 4109 5515 5664 9302 9158 7906 6858 5279 7422 6112 12317 4992 8355 2182 12990 6735 8761 3751 13523 2379 6816 10614 3460 2399 9823 9064 3871 7807 8018 3588 10160 9592 15128 10452 1541 2125 12008 3359 11807 3607 4711 11687 11190 11627 5997 11162 8851 11159 8950 8125 8249 7865 6268 1700 13849 7619 8510 11411 9358 6538 9354 7070 9203 9031 7181 7404 6683 8008 6502 13218 3692 7345 8898 11443 3275 574 11387 9065 10662 8645 9950 11088 7079 12049 13073 6306 10509 8771 7768 8979 7254 5872 15652 11771 9288 5278 14764 3743 6802 7180 8385 6799 11169 3641 6596 3805 2382 7077 12438 8310 2178 12183 7211 7180 8406 10338 15275 8190 6194 11418 5874 11204 10619 7026 2551 6291 4398 4301 9539 11859 10306 10733 6732 2375 11573 4845 8672 1787 12326 13479 5131 6251 4764 13766 12078 15665 11198 17202 6339 14509 4687 5879 13150 4752 10140 5986 11222 8168 6833 7273 3627 12243 7116 6969 9303 12274 10788 9584 8704 11367 10217 5974 13148 3603 0 6524 6017 9990 12057 10305 3939 5712 7711 2189 11303 8418 8629 6915 11949 9912 4690 5367 6071 8280 12375 6398 9068 6629 5332 11417 12016 10658 12423 12780 6721 2250 1775 5932 6379 15937 11689 4394 11226 7576 12913 8025 5772 10288 7197 11847 13482 7241 11914 4205 7614 11015 8064 9505 9884 11902 15173 14849 7159 6265 10994 537 15406 2248 10072 2527 7154 5139 11246 12418 8735 9388 6781 10276 2259 4893 7578 3943 1564 7546 6890 12818 10668 12997 14483 4966 13002 9666 8982 504 11225 10181 16918 5541 12546 9504 4370 9369 5894 1597 6570 5794 3409 6154 8157 9822 4929 7149 4077 358 8269 6219 6900 9296 13807 4472 8195 5340 6779 9286 1571 10093 3705 5825 4722 6126 9776 3276 4286 6008 1580 6442 13313 9773 1052 9405 8530 5414 12541 280 12966 14001 6519 12110 4561 15234 10173 10371 4067 11677 12356 5093 11326 16133 9719 8373 12449 3424 3145 12778 5424 4206 12303 12034 6264 12569 7936 11576 9438 12493 2170 7961 13044 10851 8727 12596 7679 10487 3070 12560 11887 8986 14690 8660 9735 4900 7469 11886 9188 13591 5198 6865 7192 8038 3383 12741 9967 4880 12897 16693 6962 5787 7248 11935
13789 9571 12541 9674 10687 13098 3854 13704 22188 9436 13770 9958 18497 17707 10335 17911 19194 20572 13037 13760 12294 12109 17872 6788 1522 3929 11861 13526 13980 8589 7460 9038 8956 11382 10443 14460 4831 17405 9025 14278 9183 18561 8686 2761 17138 3149 8913 11240 14608 3605 3133 6489 3684 15145 11190 21269 16966 6502 4673 18424 6025 16760 7482 11040 17945 17604 15655 5193 17685 14405 16495 13902 14648 5342 3335 5061 8210 19796 11725 15024 17934 12669 629 15567 12495 15726 15445 8102 11518 7189 7536 12636 18573 9743 11210 10308 17732 9606 6093 11815 5449 13934 9987 6256 17271 8643 16532 17969 9417 16754 15292 14279 14155 10624 1899 20992 17968 12366 6328 20243 4688 4556 13691 14534 642 17618 8833 6799 8150 4781 13290 17616 14778 4361 17404 12916 7811 14878 16707 20945 14503 12299 17777 6421 11183 16958 8478 6576 11960 10673 10464 15811 13135 13467 13653 8979 5563 17988 1701 9526 4736 16841 18970 5833 12289 8739 19398 18229 21517 15678 22889 4017 20663 7440 1726 18753 7691 16239 10377 16071 14542 1962 10852 3077 16374 13605 10961 15291 11514 17117 7839 15146 17085 11233 7169 18299 9487 6524 0 10881 12338 16507 15674 5117 3840 13746 5073 14363 6133 13392 7673 11570 15866 10622 9282 12580 6386 18171 5440 14233 7130 1349 17777 18112 16217 18884 13288 1805 8669 6051 12266 7432 21801 11271 10832 15084 12387 18846 10753 6990 16228 1186 13756 18548 12570 16016 7918 13550 15913 13814 15933 15268 18396 20725 20457 8774 7777 10761 6742 21429 4930 15598 4045 11480 2165 11033 17468 9026 15896 5151 9872 5291 3780 8391 2783 5350 13972 11146 19049 11995 18272 20611 7764 18989 11436 4809 6086 17326 13121 22531 1413 18931 15941 10511 14542 9872 7886 11116 12195 3887 12328 14641 15797 2190 9076 5107 6735 10409 12722 8544 15405 19933 9739 6943 4280 10786 13483 8086 14497 6083 6560 8483 1349 13334 8894 8498 2508 5333 12123 19246 14758 5618 14402 13132 11903 18734 6791 19477 19321 12947 16248 2111 20758 14274 16857 2557 16673 18876 2807 15981 21520 15955 7604 18868 6032 9657 18979 11711 2383 16182 10954 10251 12117 13886 17465 15906 18634 6877 8758 18828 16542 15046 18847 11870 16029 7948 18656 18316 12588 20466 15172 5935 11178 13467 14573 10333 19991 6510 9273 6937 12386 9702 18689 15304 11300 19409 22271 11482 3252 10569 11133
8141 15980 7661 10583 2868 15810 8332 6933 18191 4228 3245 17268 16125 16814 8649 7030 11695 15137 15202 13455 2788 18613 9619 4240 10506 11448 14611 13326 9808 4527 11158 13219 3152 18307 9037 10049 8022 16605 12423 11611 8336 16349 6405 12210 9195 7964 4986 15496 3843 7279 10439 14002 9234 4312 15229 15608 9456 7461 7849 9025 4866 5960 3399 7060 12191 11035 15756 11960 9661 3660 13861 3063 7143 9329 10367 12205 5598 9176 1894 7126 9945 14274 11181 10464 1837 7928 6489 13118 12090 5834 7106 3438 7692 3000 1975 14635 7890 6533 5950 17218 10324 15452 14416 10928 11959 12915 15701 16135 2776 11266 7958 6535 12290 2561 11058 17818 7853 14345 5385 16782 9683 12630 7111 4754 10837 10789 2384 6127 2739 6277 8818 6751 8392 7505 14912 10125 13151 6478 10591 16888 9210 3185 11530 11888 17116 7382 4866 8456 1899 7113 3097 10390 17455 15201 15722 12432 5420 8627 9566 14541 7074 15912 8099 11147 8781 10119 15613 7992 16854 14959 18610 12101 15007 10515 10998 7914 3527 11449 10771 5315 5593 10113 12334 8882 16212 5798 11826 5010 18251 11152 15585 8894 6342 15972 5112 15858 7653 6017 10881 0 15325 15742 4804 5872 11476 9773 6016 16157 14340 12500 5602 17891 11651 2403 1905 5510 14240 7455 12368 3352 5833 9535 8185 13010 5402 11757 18544 10097 6048 5161 4054 12342 17073 17641 4265 15540 1586 14217 3674 11750 5773 10984 17221 16274 10738 15946 3018 9942 14337 3353 9591 12722 9565 17020 16624 4707 4750 16940 6360 16200 8142 12647 7859 1345 8796 17184 15356 14684 8733 12700 16254 8242 7430 13510 8175 7480 8180 11573 13258 16315 15542 15068 3579 14159 15244 10724 6053 12328 15215 18497 9508 9331 7028 3020 3662 1572 6347 11089 7266 7007 8354 6429 11528 8715 12895 5923 6175 13844 5480 4631 10750 14476 1573 7898 11204 1536 3319 5221 14081 9705 5602 2543 11094 14485 2791 2390 9056 7493 9630 8627 3920 6147 3554 12585 4939 13155 5813 10751 8443 4899 16087 8815 17125 14422 8159 9112 14782 10920 10584 14885 18179 6169 7525 12075 9425 4874 13331 7565 9160 16484 18036 1493 18508 10144 13178 7224 13284 7965 13875 8086 5798 9577 12995 1867 5211 8428 8290 8996 13770 16145 7186 10881 7331 3564 16899 14970 13179 5140 3716 6662 12418 6606 14030 4431 6715 11586 18354 11414 11407 12455 17919
10333 4715 9524 4744 12799 766 14784 11540 12650 17360 18370 6125 8475 6632 6956 20320 14549 12960 1126 4185 14202 5432 14775 14053 10845 8438 714 4044 8713 16827 5163 3300 16090 5865 6583 9034 9159 6342 3477 7020 7003 8370 8920 10049 14002 11293 10341 1741 17062 12502 15252 6791 9248 18720 1525 13684 13385 8488 9471 16722 13208 20199 13587 8985 11769 12554 4428 7202 14380 16874 7625 17712 12531 16843 15418 7411 9767 20210 17162 13091 14465 1811 11826 10061 15634 13216 14524 4287 3635 16436 17603 13943 20897 12355 17022 2253 17021 8906 10397 3453 17334 2170 2537 18234 10939 3695 5804 7629 16250 10917 12524 12707 6074 17097 10461 10985 17670 1388 15018 10701 8073 8186 11334 15223 12963 12870 13214 16260 13697 11654 9028 20472 11308 10178 7930 7170 4623 13631 11622 11779 10031 13810 12259 5917 4121 16134 16972 7546 14709 8725 12487 10496 2444 1742 1539 3507 12114 16396 11222 3219 10300 6083 20897 6549 8084 5275 10445 18088 12798 5232 13461 8534 13267 5523 10627 20402 14740 9924 4657 19797 14169 13981 3045 10148 5109 12639 3663 16369 5582 11621 6712 11247 18652 2352 15821 8414 7744 9990 12338 15325 0 5727 18358 13437 8535 8475 11645 2238 7622 4887 16744 4883 9145 13177 15211 11788 7162 19334 7046 17582 16376 12150 16633 11114 18354 13903 3986 13810 9277 11684 12922 4905 13072 4862 11605 3775 16671 10995 17959 5376 17268 13518 1896 8418 6121 4800 14173 8061 6234 15918 11591 7079 15859 11280 11211 17126 16186 4427 9479 13325 8964 7634 10112 16634 12758 4436 7585 4006 12531 7524 4663 8582 13634 4073 11714 9250 10510 4045 12411 1837 8678 13105 14954 11300 1194 16885 10272 10608 1233 12951 12544 17367 14687 12577 17825 15668 9064 4597 9627 12181 8584 13335 9184 12532 3292 13559 9683 1945 11963 16862 9508 12568 13793 17539 8058 16454 18607 10178 4453 6934 15550 14653 11029 2380 12631 14159 13794 9251 6995 19791 18384 10592 18055 4484 11727 11990 10056 16366 21647 12801 5026 11847 11235 3751 14836 10549 6925 14948 9549 5764 11539 15913 17903 13488 7148 10551 12207 8918 10723 4606 5990 15998 5237 8220 9879 14373 11674 7827 3791 19931 18276 10339 12365 17171 18240 7014 18671 16531 2385 11705 13242 17937 8790 14963 2239 2476 14181 14994 16852 16781 3914 8857 10938 18118 9505 15092 12641 4430 9135 2872 5530
8357 10422 8265 6917 12885 5211 18012 9822 6938 18891 18237 11851 2788 1218 7465 18874 10596 7797 4601 2778 13731 10934 11583 16014 14992 12934 5663 3003 6374 18585 9114 8212 17514 11492 7131 6384 12248 934 7782 4272 8309 2654 10039 14725 10961 14576 11194 7464 16167 15547 19018 12078 12929 18054 7220 8461 10252 10924 12532 13868 15385 19249 15209 8688 7553 8800 1342 11866 11162 16024 2899 17329 10474 20087 19144 12164 11028 17850 17627 10956 11143 4295 16114 6840 15374 10725 12532 9280 4998 18694 20054 13251 19337 12851 17682 7783 14603 9494 12605 9029 20776 3574 7992 21690 6851 8493 99 1911 17513 7152 10098 10897 3459 18036 14790 5259 15341 4754 17313 5029 11832 13058 9587 13875 17071 9210 14214 18638 15050 14291 7225 19215 8898 13187 2589 5629 9654 11708 8105 6152 7532 13260 8308 10482 9791 13826 18816 10324 14500 8678 12646 7226 7483 3985 4297 7839 14432 13656 15060 8726 13120 364 19153 10828 6979 7855 4977 15767 7242 861 7750 13239 8164 9067 14931 18592 16434 6196 6266 19037 12556 17798 5688 13741 917 11185 5550 14955 11191 7853 12305 8596 17055 8071 17938 2773 8620 12057 16507 15742 5727 0 17336 15981 13041 6288 14168 3804 12948 3434 18875 10484 5459 13344 16315 10752 12489 17444 11853 17009 18643 15941 14071 6568 17075 9894 9055 17639 10352 13811 12232 9577 7501 10508 11491 1964 16710 5986 19074 9795 15657 17615 6224 2710 5051 1037 15685 5995 1582 15099 8541 3373 12743 5609 5588 18883 18133 10133 11530 7935 12075 3744 13276 17077 16289 10117 2053 9541 9759 12433 10385 11653 16687 9226 15077 12047 8446 5412 7799 7450 3129 7971 16653 6324 6897 20505 12501 6371 4494 7232 16305 14474 12480 12722 17177 16606 10601 5574 8597 15130 7440 11469 5561 16050 7962 16118 11699 6943 10875 18648 6261 7563 14458 20247 12464 17163 18675 11463 2025 10448 17858 16000 15342 3549 13549 15424 17329 12057 6126 17546 17797 12984 17539 3539 11055 7401 11987 12879 19998 11733 898 15423 5551 2291 12194 14239 1712 11292 13751 880 5813 14042 20425 9346 10539 11010 7562 8190 14431 1605 11664 16840 10734 5901 5288 12098 7028 10292 9079 17928 16818 7539 7847 17573 17014 9151 16335 13671 4107 6202 11064 21432 8415 14080 4553 8105 9702 17211 18321 19243 4164 9394 5994 17198 9032 11213 6921 5179 13612 6025 11188
8984 19886 9201 13739 5882 18700 13059 7516 17922 8033 2858 21304 16934 18215 11402 2266 10098 14408 17983 15589 4231 22377 7845 9025 15231 15940 17656 15523 10963 8650 14984 16852 7477 22195 11775 10994 12452 18072 15964 13072 11527 17205 9855 16869 7836 12703 8539 18888 1308 12076 15169 18280 13773 1265 18586 14675 8402 11550 12329 6181 9669 1914 8198 9389 11762 10298 17706 16288 8090 1510 14885 2017 7000 13837 15083 16569 9353 4660 4604 6624 8330 16988 15956 10872 3257 7159 5166 16968 14807 10207 11254 4416 2932 6661 5197 18137 4761 9573 10384 20777 14816 17978 17969 15314 11865 16611 17271 17198 6994 11219 7593 6494 13979 6072 15755 18021 4313 17176 10049 16957 14047 17097 7752 3477 15640 9918 6941 10563 7524 11005 10133 2168 8609 12090 15834 11911 17070 5806 10292 16731 9885 4573 10908 15990 20824 4810 8969 12458 4021 9634 6206 10616 20687 17835 18407 15987 10163 5935 14314 18233 11647 17411 3297 15322 10640 13534 15769 4223 16363 16682 18145 16610 14158 14310 15707 3129 8248 11795 13708 1808 4844 14903 15318 13528 17998 6151 14698 2507 22094 10815 19807 9023 1840 19452 9610 16668 10719 10305 15674 4804 18358 17336 0 10673 15981 11051 10731 18695 18718 14569 9866 21649 12286 5660 6574 6711 18563 2892 16681 1499 10222 14326 5322 12832 825 10440 21969 14892 9544 9817 5438 16266 16518 21426 6821 17659 3417 14110 6819 15723 2290 15787 20210 17110 12801 17803 7815 11366 15781 2447 9419 14001 7226 17037 16621 8720 9129 20723 10518 15457 12541 13741 12458 4553 13599 20943 16396 18519 8210 17084 20134 12559 12222 17338 12945 11857 8908 14343 12600 19646 16255 14282 8260 13944 18534 15303 10467 12350 17970 18177 14308 6176 5478 6120 1217 6060 10116 13800 8958 11791 10125 5985 12161 13516 16478 10720 10367 17192 6559 8752 11354 13831 6018 12152 15640 5343 3576 9101 16064 13798 10174 7307 15830 17009 7087 7194 13845 11873 11705 4147 1403 10676 1588 14779 6646 12651 10055 8260 3708 5685 17889 13594 17168 16579 6388 13805 16012 9103 15197 16457 18257 3838 11632 10945 13531 8064 12752 9570 13869 18423 21977 5758 22248 11436 13450 5854 12903 11910 17662 3439 1409 10016 12344 4411 679 12041 4255 6256 16411 15934 6569 15315 9603 3401 19542 18520 11834 9806 7717 11002 14872 9598 13936 374 8884 9745 18111 14036 15981 15547 21794
10779 12378 9709 9293 6355 14109 2742 10223 20400 4639 8657 13305 17312 17188 8652 12878 15746 18076 13752 13257 7715 15111 14060 1676 5090 6809 12791 13055 11638 3863 8349 10481 3902 14582 8931 12057 4309 16914 9998 12664 7686 17455 6199 6960 13423 2737 5603 12947 9688 1593 4737 9719 4757 10067 12772 18696 13420 5131 4002 14156 1100 11665 2530 8358 15194 14484 15502 7749 13960 9494 15072 8834 10962 4455 4709 7865 5302 14982 6608 11212 14234 13056 5508 12951 7595 11997 11254 9934 11231 3027 4181 8180 13534 5487 6096 11974 13263 7009 3380 14198 5361 14380 11681 6195 14677 10089 15975 17012 4338 14052 11720 10472 12915 5544 5730 19541 13386 12924 1652 18630 5735 7953 10285 10002 4998 14388 4149 2824 3229 1784 10736 12548 11552 3313 16104 11096 9807 10865 13731 19086 11715 7837 14804 8287 13823 12581 3875 5947 7201 8113 6226 13075 15008 13990 14365 9978 1583 13725 4096 11517 3139 16255 13965 7473 10045 8446 17600 13595 19402 15121 20994 7346 18071 7917 5623 13786 2576 13810 9829 10969 10307 4253 10975 4013 16136 9716 10759 10593 14617 14229 11319 12005 12188 13209 2548 17072 7520 3939 5117 5872 13437 15981 10673 0 6793 11469 1835 14983 9778 12559 3391 14446 13668 6147 4178 8852 9826 13294 8151 9202 2964 3808 13413 15657 11269 15583 15671 4229 5978 2275 8087 9101 19667 14159 6985 15071 7321 16638 5810 8486 11472 5115 15211 17412 11175 15801 2858 11420 14954 9016 12811 13797 14363 19019 18682 4118 3068 13514 4457 19055 4503 13962 3476 6372 2968 13785 16352 11348 12432 8255 12684 4863 1581 10322 2686 4193 10920 10732 16334 13795 16908 18068 2660 16698 12910 5462 3481 14874 13806 20737 3709 14588 11789 6243 9509 4762 5488 10454 9290 1561 9873 10684 13570 2927 10307 138 4297 11576 8947 3853 12975 17402 4961 4268 6769 5670 8368 4947 14001 6558 2145 3391 5603 13541 4449 3490 3198 4191 10343 14430 9684 3004 9334 12446 8116 16097 4048 15517 14269 8905 16003 3200 19087 14044 12826 3978 15614 15223 5624 15260 20012 11468 4509 15709 6318 6223 16323 9078 3936 16162 14221 5137 15058 11730 15339 11841 16094 5801 10730 13936 11642 12230 16096 6754 11079 6881 13967 14078 12744 18468 11335 6022 8587 8846 15482 12179 16867 1711 4346 3356 11917 7122 16461 10300 8392 15830 20523 10850 6502 10880 14245
11870 5907 10596 6507 10296 9299 6957 12175 19143 11423 14672 6590 15247 14213 7850 18242 17338 17970 9290 10371 12032 8569 16397 8162 2428 107 8093 10134 11569 10656 3942 5239 10538 7938 7835 12056 3535 13907 5338 11402 6760 15276 7071 1713 15605 4059 7884 7399 14759 5309 6894 2974 2245 15746 7353 18697 15289 4786 3653 17411 7213 17400 8369 9153 15601 15547 12082 1353 16136 14547 13418 14509 13232 8836 7080 1251 7037 19535 12812 13701 16352 9010 3298 13241 12728 14281 14486 4271 8150 9636 10410 12187 18905 9404 12412 6471 16997 7880 5597 8054 9131 10230 6150 9988 14847 4854 13077 14635 10906 14428 13731 13003 11086 12060 1943 17807 17382 8669 8401 17152 2101 1178 12100 14046 4479 15645 9120 9324 8874 5430 11076 18090 12958 3984 14237 10250 3972 13764 14581 17964 12366 11888 15601 2642 7486 16139 10658 4268 11985 8746 10002 13557 9307 9754 9896 5287 6262 16985 3115 5689 4405 13389 19183 2218 9950 5647 16422 17709 18661 12245 19886 630 18120 4136 2114 18860 9087 13752 7223 16780 13689 5639 7356 2793 12813 12459 7593 14999 8018 14906 4544 13233 17079 7404 9313 15074 7329 5712 3840 11476 8535 13041 15981 6793 0 11307 5625 10615 2991 10165 10070 7966 13250 10401 10344 11372 3039 18084 1622 14689 9571 3970 16905 15564 16361 16917 9541 5466 7211 6343 11533 3644 18951 7668 9935 11481 13061 16117 12516 3279 15988 5026 9917 15276 9683 12455 8951 11032 12637 13774 13959 12265 17122 17670 17442 10909 9857 7096 5607 18727 3465 12668 3646 12430 4813 7372 14216 5217 14205 1499 6216 3538 6191 4552 4219 4149 12072 7861 16639 8158 15110 18037 9239 16307 7603 8569 5513 14806 9379 19482 4355 17989 14911 10074 14995 10941 6419 7953 10340 5234 10130 13486 13203 4637 5318 6862 5718 6627 11543 10646 12963 17370 10023 10046 607 11890 14571 7127 11078 3155 8819 9557 2505 9709 8896 9331 5725 4132 9501 19004 15353 5335 14984 9850 10819 16281 5978 18085 19686 12009 12692 3992 17685 10763 15648 2847 13418 17210 1256 12604 18353 15327 10592 16788 3267 8581 16530 9705 2934 12559 7546 11337 8549 11359 14736 14783 16120 4781 4918 18753 16563 12894 16468 12913 16188 5504 18210 17271 9002 17570 13863 9675 9206 13173 10773 6494 17846 8495 11090 9666 9047 7945 15978 15635 9550 17658 19205 8277 600 7019 7637
2100 11825 2112 5276 6919 8544 13972 3549 8941 13373 12026 13447 6355 7218 3472 12651 6398 6831 7735 4790 7523 13597 6308 10995 12407 11210 7889 4792 275 13231 7898 8602 11999 13773 3476 752 8920 7053 7699 2022 4608 6576 5334 12950 5528 11006 5947 9645 9880 11581 15488 11872 10130 11771 9313 7523 4926 7259 9105 8275 10610 12965 10003 3132 4293 4435 6707 10633 5919 9738 4090 11081 4314 15899 15557 10993 6170 11960 11611 4842 6023 6754 13566 1955 9180 4812 6393 9327 4972 13705 15139 7007 13144 7111 11746 9271 8709 4468 8278 11670 16751 7400 9263 17622 3553 8603 6226 6384 11898 3126 4126 4664 2968 12220 12487 8225 9406 7102 12455 7248 9395 11890 3314 7600 14161 4648 8662 13750 9662 10086 966 12960 2883 9562 5139 1344 9626 5527 3440 7623 1557 7046 4363 9500 12073 7858 13510 7239 8343 3356 6734 2320 10914 7399 7989 7751 9902 7970 12066 9842 9307 6379 13010 9347 1471 5866 6162 9833 7955 5637 9525 11768 6918 7403 12572 12465 11174 2494 4720 12749 6307 14443 5889 10671 6953 4900 5206 8697 13558 3659 12860 2774 10852 10329 12888 6088 4268 7711 13746 9773 8475 6288 11051 11469 11307 0 9871 8083 12666 3802 13776 12932 2204 7386 10672 4501 12289 11335 10840 10739 13665 12766 8262 4368 10812 5849 12452 14314 5508 9196 6012 9062 8226 12808 5539 6743 10569 5202 13309 8861 9445 14633 10073 6501 2374 6773 10356 414 4750 8818 3161 3008 7384 7592 7238 13513 12940 12185 7295 7722 8815 2877 9804 11068 12762 12313 5596 10483 4059 11455 11956 8461 12593 9537 11519 8450 2221 4746 5346 10174 5791 6865 11382 5299 9122 16692 8215 3580 7686 9276 13046 8918 6435 6798 10898 10852 6121 4266 2515 11119 1604 5265 2112 12537 8185 11605 7388 8142 4611 13311 1668 6187 8683 15540 10713 11268 12506 6525 5125 8155 12968 10532 12933 6510 8007 9945 13689 8466 1879 11592 11521 8762 11271 4126 4891 5007 7525 7931 13833 5457 6847 12060 7671 5736 6416 11195 5073 6603 11450 5409 8651 7885 15550 5602 8069 5491 5254 2431 11377 7409 13736 11025 13420 389 3873 6081 4889 6877 9662 11867 10583 1901 5166 11534 10744 5880 10416 8082 6143 6999 4974 17421 2889 7800 8994 9705 6588 12297 12792 14386 4563 4356 5031 10910 3233 6859 9070 4237 11723 6294 13379
9387 10868 8240 7458 5628 12306 4101 9013 18761 6008 9126 11915 15566 15378 6901 12991 14570 16587 11933 11435 7221 13600 13047 2625 4501 5617 10990 11231 10058 5337 6608 8762 4972 13128 7161 10497 2614 15102 8231 10950 5895 15700 4542 6200 12356 1979 4211 11227 9607 1801 5760 8407 3412 10328 11037 17231 12272 3296 2328 13420 1676 11975 2754 6817 13760 13169 13671 6371 12902 9400 13346 9078 9860 6060 5795 6545 3734 14737 7208 10179 13165 11226 5271 11458 7501 10926 10452 8289 9397 4792 6009 7570 13656 4688 6790 10261 12677 5409 1616 12569 6884 12549 9976 7765 13193 8380 14165 15238 5308 12594 10570 9429 11151 6442 5042 17841 12898 11101 3373 16952 4194 6803 9043 9465 5186 13113 3805 4631 3310 293 9199 12754 10250 1721 14367 9400 8196 9945 12358 17456 10261 7231 13439 6713 12250 11920 5426 4125 6911 6531 5420 11619 13289 12162 12544 8214 637 12983 3592 9862 1418 14448 14012 5900 8420 6613 15950 13156 17826 13307 19378 6231 16609 6140 4985 13762 3509 12274 7997 11320 9530 4917 9143 2900 14310 8712 8924 10220 13137 12831 10020 10675 12059 11525 4196 15330 5791 2189 5073 6016 11645 14168 10731 1835 5625 9871 0 13156 8593 10754 5105 12915 12075 5549 4726 7747 8572 13133 6784 9339 4732 3745 12744 14142 11224 14345 14025 4832 4369 980 7254 7455 18096 12634 5918 13237 7585 15069 6964 6832 11163 5483 13440 15660 9416 13973 3327 9789 13172 8766 11482 12070 13476 17360 17033 5623 4617 11969 2678 17539 2800 12262 2003 6851 3270 12237 14593 9758 11239 6991 11169 3118 2723 8684 2290 2398 9545 8899 14897 12077 15183 16591 3682 15149 11161 6832 1700 13353 11985 19100 3838 13907 10964 5462 9650 5326 3781 8628 7838 1352 8297 9729 11982 3103 8564 1968 2538 9807 7869 5353 11432 15919 4725 6095 5469 6277 8977 3450 12181 4832 3906 3933 5099 11706 3822 3743 3987 2397 8631 14188 9935 1186 9569 10631 7033 14636 2349 14592 14421 7987 14177 2963 17421 12214 11930 3097 13845 14137 4616 13459 18323 10893 6343 14417 4577 4912 14869 7537 3145 14329 12791 5723 13533 10108 13743 10960 14605 3965 9089 13794 11519 10790 14668 7317 11040 5050 13583 13321 10909 16862 10316 7554 7024 8395 13667 10489 15569 3357 5599 5184 10089 5520 14895 10367 6924 14713 18877 9024 5469 9054 12774
10122 6885 9555 5794 13459 1543 16562 11474 10714 18613 19042 8197 6591 4537 7521 20515 13641 11453 1327 3306 14684 7137 14195 15411 12852 10514 2528 3291 8277 18151 6989 5396 17291 7725 7131 8496 10810 4266 5349 6285 7894 6442 9843 12183 13471 13048 11218 3918 17431 14198 17189 9020 11096 19197 3745 12148 12804 9888 11120 16311 14627 20584 14821 9364 10698 11697 2462 9308 13783 17258 6197 18282 12362 18642 17345 9542 10777 20040 18037 12905 13826 1946 13879 9348 16221 12892 14426 6435 4069 17923 19163 14336 21053 13157 17966 4489 16792 9625 11771 5262 19194 718 4765 20102 9903 5766 3894 5703 17397 10014 12208 12639 5259 18141 12513 8996 17485 2071 16502 8831 9923 10351 11250 15389 14978 12059 14219 17785 14838 13203 8821 20742 10963 11824 6260 6925 6787 13541 10841 9956 9602 14254 11312 7974 6061 15937 18327 9037 15299 9187 13167 9780 3680 997 724 5391 13563 16028 13145 5456 11885 4133 20980 8532 8089 6557 8740 17912 11038 3534 11526 10664 11795 7212 12674 20454 16017 9002 5437 20250 14212 15924 4031 11983 3045 12708 4389 16529 7417 10736 8935 10804 18770 4436 17255 6574 8512 11303 14363 16157 2238 3804 18695 14983 10615 8083 13156 0 9856 4282 18192 6712 8207 13876 16288 11995 9395 19344 9186 18080 17865 14070 16341 9884 18593 12961 5263 15755 10199 13059 13292 6972 11300 6756 12158 1888 17384 9548 19074 7374 17364 15533 2438 6506 5940 2789 15378 7686 4706 16299 10999 5988 15327 9410 9391 18453 17567 6438 10771 11685 10618 6524 11809 17494 14608 6393 5811 6244 12077 9692 6800 10212 15346 6259 13500 10802 10271 4591 11174 3731 6907 11615 16235 9873 3416 18792 11651 9500 1243 10998 14459 16948 14506 13254 18298 16693 10151 5068 9753 13842 8608 13261 8273 14375 5299 15111 10969 4001 12155 18196 8760 11142 14688 19180 10105 17407 19355 11211 3180 8670 17044 15807 13082 1693 13595 15277 15655 10807 7002 19664 18886 12035 18580 3986 12072 10757 11322 15684 21774 13024 2989 13700 9348 2449 14484 12420 5269 14174 11558 4081 9539 15887 19488 12481 8848 11287 10952 9125 12602 2455 7923 16993 6938 7759 8599 14159 10409 9213 6002 19902 18444 9804 11171 18023 18498 8236 18495 16115 2390 9982 13042 19815 9128 15303 922 4710 13030 16451 18078 18338 3828 9554 9521 18491 9841 14224 10686 4755 11214 4104 7438
13633 3653 12399 7430 12917 8359 9711 14189 19561 14411 17563 3825 15464 14019 9404 20964 18977 18936 8612 10560 14652 6003 18322 11149 5063 2986 7411 10332 12940 13639 4770 4749 13525 5252 9273 13411 6319 13715 5351 12292 8481 15434 9321 3373 17511 7041 10363 6078 17465 8271 9256 873 5184 18563 6166 19678 17107 7229 6495 19587 10199 20214 11322 11080 16881 17074 11793 2439 18019 17253 13954 17340 15278 11439 9462 2149 9508 22036 15746 15787 18207 8665 5507 14618 15487 16278 16750 3703 8552 12578 13277 14734 21622 12071 15362 5369 19322 10000 8398 6011 11581 9661 5092 12374 16076 4514 13004 14731 13888 15761 15671 15137 11744 15035 4420 18056 19770 8227 11374 17551 4677 1826 14077 16536 6752 17238 11963 12252 11798 8408 12644 20855 14749 6916 14614 11443 3332 15965 16082 18490 13938 14457 17029 3192 5256 18438 13634 6449 14699 10673 12608 14984 7607 9181 9142 5291 9229 19175 5937 4406 7316 13311 21860 3574 11475 6808 16995 20122 19329 12253 20345 2437 19143 5311 4586 21506 12072 14958 8074 19615 16024 8087 7583 5783 12521 14682 8051 17549 5396 16325 1706 14947 19704 5814 12286 15333 9203 8418 6133 14340 7622 12948 18718 9778 2991 12666 8593 9856 0 10645 13022 5513 14345 13076 13294 13599 462 20669 2067 17481 12514 6682 19164 16648 19045 18481 7403 7924 9534 9262 13983 3664 19618 5218 12371 11144 15922 16994 15505 3805 18542 7234 8522 15455 10664 12178 11912 12328 12908 16434 15601 12951 19155 18105 17939 13889 12837 4793 8209 19570 6207 13429 6597 15347 7604 5050 14461 3651 16044 1640 3926 6160 9089 3722 7167 6882 13840 8436 17828 6642 15465 19031 12227 17229 6481 10921 8301 15943 8717 19888 7033 20193 17129 12686 17784 13887 8803 8713 12220 8217 11764 15673 14323 7460 5045 9843 8354 6019 13780 13627 14243 18392 12845 12841 3146 14832 17494 9681 11169 5101 11778 12515 4853 9411 11679 12265 8405 6868 10788 21518 18173 8200 17805 10263 13132 17440 8663 20028 22407 14351 12417 6863 18095 10682 17751 5811 13689 18990 4171 12700 18614 17731 13429 18266 5331 11000 17686 11513 5878 12122 4822 14282 6027 12631 15655 16954 17224 7011 3891 21335 19204 14432 17692 15840 18878 7371 20648 19433 8859 18214 15953 12051 11070 15756 9757 5192 19244 11474 14080 12560 9421 10041 16879 18383 11545 19367 19593 8939 3305 7160 5017
5846 8908 5371 3721 9678 4833 14649 7223 9001 15495 15167 10501 5109 4631 4044 16310 9662 8419 4014 1021 10704 10246 9989 12582 11901 10059 4408 992 4001 15168 6249 6003 14122 10562 3702 4248 8937 4364 5295 2135 4879 5169 6616 11877 9243 11258 7811 6309 13335 12178 15749 9781 9742 15158 5988 9161 8595 7539 9209 12052 11951 16475 11789 5461 6909 7670 3257 9131 9584 13172 3315 14327 8085 16713 15865 9462 7605 15758 14394 8626 9649 3087 13052 5198 12307 8613 10155 6970 2095 15260 16621 10292 16832 9552 14408 6184 12510 6113 9180 8270 17429 3599 6272 18340 6074 6160 3422 4594 14139 6030 7927 8381 1215 14714 11776 7646 13203 3503 13879 6998 8708 10386 6995 11197 13926 7993 10849 15204 11651 10885 4554 16569 6683 9842 4072 2676 7330 9274 6747 7870 5330 10251 7373 7785 8810 11655 15395 7009 11404 5387 9416 5635 7273 3621 4208 5355 11004 11760 11866 6960 9748 3697 16736 7961 3935 4654 6357 13630 8684 2581 9762 10460 8675 6046 11903 16203 13014 5040 3015 16187 9978 14556 3071 10509 3739 8495 2619 12326 10310 6734 10388 6539 14542 7002 14505 4921 5195 8629 13392 12500 4887 3434 14569 12559 10165 3802 10754 4282 10645 0 15443 9637 4268 10126 12954 7862 10208 15085 9202 14068 15209 12719 12062 6344 14415 9016 8860 14402 6936 10379 9249 7025 8974 9562 8306 3102 13573 6442 15730 7081 13133 14458 6332 5156 1792 3454 12276 3404 2522 12221 6788 2363 11104 7530 7330 15467 14705 9012 8104 8965 8773 2891 9957 13843 12998 9090 4078 7719 7820 9816 8971 8354 13308 7046 11767 8689 5992 2305 7625 6688 4945 8537 13234 6710 5738 17192 9078 5774 3952 9337 13068 12692 10226 9498 14264 13272 7167 2278 5620 11752 4446 8999 4302 12759 5645 12696 8271 5093 8011 15230 4633 7941 11149 16823 9565 13874 15552 8042 1581 7314 14424 12607 12307 2731 10188 12036 14026 8700 2915 15384 14870 9568 14584 421 8035 7207 8555 11536 17541 8885 3610 12154 7536 2010 10210 11021 3281 10083 10715 2706 8189 11626 16993 8606 7363 7684 7437 5075 11214 3985 10603 13525 10058 3484 5184 9877 6919 6925 7033 15634 14236 5562 7554 14353 14330 5773 14213 11857 2503 7570 8762 18090 5198 11209 5193 6598 9336 13777 14929 15810 1235 6019 6350 14389 5872 10210 9054 1912 10700 3505 10190
12670 15753 11801 12427 7472 17396 3968 11785 22668 2009 7269 16635 19931 20060 11419 11829 17024 19989 16997 16225 8229 18484 15066 2862 8100 10096 16083 16037 13898 1232 11707 13852 2465 17936 11745 14260 7678 19801 13336 15241 10593 20103 8851 9987 14559 6033 7865 16318 9224 4761 5865 13030 8126 8932 16135 20543 14717 8307 7376 14623 3566 10322 3774 10663 17034 16087 18519 11099 15059 9074 17647 7853 12279 4041 5718 11193 7869 14493 5274 12386 15343 16251 8203 14980 7414 13202 11993 13323 14318 489 1516 8838 12436 6881 4677 15348 13488 9505 6424 17590 4989 17564 15058 5449 16642 13464 18859 19729 2908 15973 13092 11707 15638 3826 8765 21994 13420 16155 1745 21024 9126 11201 11907 10345 7327 15908 5252 900 4166 5126 12928 11346 13228 6697 18703 13654 13198 11848 15476 21345 13699 8528 16503 11678 17211 12981 956 9205 7434 10510 7491 15019 18381 17195 17601 13319 4637 14221 7138 14906 6491 19124 12981 10863 12457 11635 19926 13529 21513 18024 23193 10586 19923 11245 8630 12942 2625 15914 12900 9597 11062 6122 14163 7338 19117 10931 13883 10589 17980 16015 14613 13720 11623 16593 942 19677 10262 6915 7673 5602 16744 18875 9866 3391 10070 13776 5105 18192 13022 15443 0 17825 15912 7093 3757 10315 13107 12726 11494 8383 544 6577 13787 17672 10609 16994 19062 6192 8557 5143 9144 12490 21759 17536 8564 18134 6515 18769 3432 11873 11284 7208 18545 20048 13910 18795 3460 13808 17721 8931 14495 16393 15112 21358 20993 1257 892 16896 7452 21020 7871 16479 6867 5332 5612 17169 19021 14739 13857 11556 16061 8213 3993 13712 5856 7502 12771 13804 18157 17168 19458 19951 2434 18778 16264 5562 6543 16920 17044 22995 6329 14934 12539 7467 8650 4039 8279 13468 11369 4886 12182 11743 15801 5691 13664 3290 7263 14913 10355 1138 15116 19314 5613 2311 10101 4548 6742 7445 16951 9922 1259 3459 8513 16688 5854 3996 5216 7502 12959 13960 8603 6166 8317 15381 9603 17982 6936 16300 13083 10031 18984 6198 21441 17071 13659 7223 18325 16335 8852 18105 22427 11771 1944 17231 9673 8287 18187 11347 7145 19204 17566 4226 18435 14088 17559 12694 18042 8982 14120 13302 11100 14165 17903 5464 10421 9980 13779 14590 15896 20666 12476 5456 10922 9146 18737 15561 18373 1750 2165 1144 14934 9614 18585 9505 10552 16987 22809 13857 9718 14107 17606
14563 2076 13557 8147 15803 5281 14923 15577 17417 18923 21111 1988 13267 11241 10608 23774 19215 17842 5974 9036 17418 728 19206 15535 10340 7911 5240 8877 13191 18235 6738 4805 17838 1014 10303 13571 10320 10975 5719 11733 10191 13136 11797 8836 18407 11822 13154 3330 20343 13115 14702 5084 9701 21782 3656 18566 17842 10445 10592 20970 14591 23370 15408 12662 16544 17214 9146 6768 18831 20139 12507 20649 16639 16781 14903 6737 12393 24142 19564 17198 18949 6654 10954 14679 18621 17456 18496 4775 7966 17425 18315 17303 24395 15144 19292 3697 21077 12120 12161 1455 17006 6927 3777 17825 15708 5039 10568 12394 18117 15624 16774 16703 10849 19153 9751 15707 21664 6187 16097 15506 8733 7031 15399 18849 12203 17497 15559 17149 15723 12812 13314 23814 15622 11209 12796 11589 4774 17619 16249 16609 14456 17101 16972 6203 864 20173 18294 9440 17730 12317 15478 15106 3177 6570 6189 5690 13509 20609 11081 3418 11503 10825 24496 7015 12234 8153 15310 22065 17652 10074 18229 7609 18145 7394 9925 24051 16384 14655 8436 22869 17986 13494 7050 10517 9757 16481 7741 19970 707 16308 3864 15644 22249 2636 16992 13228 11016 11949 11570 17891 4883 10484 21649 14446 7966 12932 12915 6712 5513 9637 17825 0 13897 16094 17288 15502 5199 23060 6397 20644 17360 11928 20764 15950 21791 18595 2139 13326 12117 13314 16363 5570 17924 299 14851 8523 19397 15874 19820 6182 20929 12706 4464 13194 10567 9491 16022 12523 11112 19219 16093 11915 20232 16087 16041 18513 17481 955 11550 18204 10146 12467 10988 19088 12778 709 12422 3214 16904 6493 1767 9901 14095 4382 12085 10691 14757 8198 17242 3059 13520 17985 16572 16175 3899 16378 12041 15409 6074 17705 12306 21612 18744 15566 20921 17833 11621 8709 13554 12943 12683 17316 13923 12599 5194 14540 11743 4808 15686 18243 14158 17441 16319 17999 7791 18728 21200 12718 9335 8259 16567 16589 10245 7263 15101 16207 13683 10684 11226 23679 21413 12156 21058 9218 15265 16822 12118 20857 25171 16447 9698 11941 16033 8630 19064 10720 11789 19523 9219 10615 16251 19762 18522 18218 8539 13586 17045 12803 10839 9153 1286 18208 621 12736 14734 18473 16517 9927 4020 23694 21813 14832 17183 19617 21652 9616 22636 20788 7171 16568 17359 17505 12533 18358 6144 3268 18972 16148 18504 17545 8522 12109 15814 21361 13193 19728 17393 8696 8465 6664 792
3531 13061 4122 6927 8852 9030 16175 4909 6763 15417 13621 14674 4657 6097 5534 13621 5445 4731 8216 5016 9197 14513 6139 13157 14495 13149 8675 5121 2033 15321 9633 9975 14055 14810 5461 1653 11057 6013 9141 2173 6686 4922 7536 14926 5502 13183 8124 10567 11224 13780 17678 13516 12219 13151 10243 5450 4794 9409 11255 8410 12798 14177 12145 5318 2652 3491 6283 12467 5718 11110 2672 12610 5287 18102 17750 12823 8372 12406 13431 5700 5717 7336 15660 1435 10844 5349 7255 10826 6068 15858 17296 8616 14041 9153 13622 10377 9171 6672 10480 12537 18955 7612 10431 19826 1815 10049 5374 4934 13923 1808 4772 5803 3071 14158 14538 6175 9916 7767 14628 5156 11419 13738 4690 8816 16300 3861 10742 15915 11772 12289 2984 14020 3676 11734 3555 3001 11156 6500 2678 5441 2485 8718 3126 11248 13064 8424 15608 9313 10074 5558 8704 1780 11496 7749 8308 9198 12103 8199 14199 11082 11491 5425 13809 11196 3663 7660 4021 10340 5752 5060 7329 13672 4870 9215 14631 13237 13298 796 6272 14056 7442 16620 7071 12800 6294 6272 6455 9816 14564 2530 14347 3281 11786 11261 15036 4389 6430 9912 15866 11651 9145 5459 12286 13668 13250 2204 12075 8207 14345 4268 15912 13897 0 9314 12699 6182 13942 12084 12634 12198 15819 14921 8626 2319 11923 4777 13098 16489 7711 11397 7706 10687 6025 13815 7518 6533 12284 3006 15261 10575 10417 16781 10474 4829 3682 6222 12472 2324 3900 10250 3098 2237 7297 5452 5082 15596 15065 13247 9490 5563 10943 1746 11965 12901 14944 13337 4138 11797 4341 13257 13150 10575 14797 10978 13698 10608 3529 6016 3490 10955 3996 4789 13502 3126 10000 18894 10416 1599 8142 7094 15210 9018 7132 8759 12317 12834 8320 5657 4552 13319 3796 6303 126 14717 9578 13804 9587 9259 6248 15404 940 4121 10683 17718 12647 13174 14161 8723 5028 10123 15136 12614 15003 6886 10098 12029 15880 10624 3770 12117 12945 10963 12735 4683 6712 3095 9728 7519 14667 7007 6219 14228 5542 5759 6755 13326 3879 5978 13487 4652 6561 8757 17710 4343 10066 7630 3341 4604 13510 6888 14834 12975 14325 1992 1671 6741 2887 8989 11038 12538 11604 2271 3373 13337 11886 7940 10901 8212 6766 4800 5783 19625 5083 9259 9125 10802 5086 14465 14837 16552 5390 6559 2839 12201 5364 6019 6899 5489 13700 7509 14433
5843 14276 5276 8443 468 13619 8867 4761 15935 6197 5195 15665 13741 14412 6356 7892 9942 13016 12976 11093 1681 16821 8057 4849 9925 10354 12464 10971 7431 6251 9379 11329 4893 16595 6746 7692 6866 14205 10477 9209 6180 13961 4335 11421 7499 7497 2942 13493 4391 7192 10882 12622 8239 5688 13209 13533 7627 5890 6775 8008 5048 7287 3738 4671 10054 9020 13382 10641 8013 4179 11470 4577 5186 10286 10857 10928 3716 9239 4282 5305 8295 12025 10794 8183 2527 6119 5124 11365 9826 7186 8594 2044 8548 1004 4367 12681 7158 4282 4845 15305 11267 13166 12488 11993 9748 11061 13302 13738 4680 9061 6000 4615 9890 4846 10382 15489 7352 12128 6306 14463 8418 11491 4910 3920 10721 8825 2025 7375 3099 5842 6437 7818 6226 6633 12524 7724 11448 4823 8468 14622 6911 1701 9463 10333 15286 6443 6571 6804 1649 4748 712 8148 15392 12938 13474 10493 5103 7578 9090 12692 6189 13511 8791 9662 6379 8088 13306 7607 14654 12566 16389 11029 12919 8711 10359 8460 4549 9161 8556 6775 4173 10286 10150 8113 13826 3838 9602 4694 16509 9020 14146 6727 6682 14013 6369 13474 5437 4690 10622 2403 13177 13344 5660 6147 10401 7386 5549 13876 13076 10126 7093 16094 9314 0 3487 3290 12910 7706 11030 4552 7165 9293 7275 10796 5972 9901 16569 10230 3996 4571 2059 10641 14885 15860 1863 13185 3511 11970 5947 10085 5659 10982 15068 13887 8354 13564 3750 7546 11935 3374 7472 10323 8254 14723 14334 6496 6202 15156 4867 14067 6938 10257 7006 3732 8742 15385 12961 12927 6768 11447 14533 6925 7701 11743 7839 6254 5903 9318 11156 14289 13168 12963 4703 11935 13194 11512 4913 10085 12982 16248 9367 8448 5665 628 4832 3536 4487 8814 4874 6810 5952 4686 9193 8604 10974 6244 4723 11812 3302 6346 8431 12346 1485 9241 10028 3882 5479 3443 11705 8140 6689 3635 10539 12193 1742 3124 9263 6270 7241 8694 5320 5206 4968 10226 2635 11014 4429 9424 9333 2942 13702 8513 14823 12067 6734 8460 12381 9291 9713 12486 15865 5365 9024 10144 7871 2626 11206 5163 8555 14111 16361 3661 16702 7754 10876 5749 11111 6262 12083 8375 6163 7313 10896 4232 5804 6487 8040 7931 11500 13895 5402 11887 4940 2856 14646 13043 11283 6081 5628 7987 10099 4341 11783 5339 4314 9932 16092 9121 10452 10309 16198
9289 15300 8594 10544 3917 15766 6486 8249 19380 2724 4493 16474 16994 17443 8946 8737 13325 16503 15229 13849 4476 17996 11327 2502 9081 10332 14507 13694 10751 2787 10646 12785 1409 17608 9318 11055 7077 17212 12073 12358 8397 17196 6457 10873 10843 6554 5150 15167 5712 5691 8597 13054 8112 5897 14926 17019 11037 6904 6851 10879 3293 7487 1975 7701 13541 12495 16174 11003 11334 5537 14703 4674 8634 7425 8515 11208 5511 11048 2492 8698 11618 14359 9639 11630 3742 9512 8240 12534 12239 3953 5272 5094 9387 3561 2068 14255 9777 6841 5127 16754 8419 15605 14007 9027 13223 12445 16284 16910 1226 12538 9453 8045 12918 1893 9676 18864 9756 14366 3499 17854 8749 11519 8395 6598 9176 12288 2105 4231 1566 4945 9756 8381 9713 6379 15765 10803 12513 8123 11955 18063 10350 4792 12948 11136 16557 9239 3117 7917 3680 7653 4013 11615 17188 15305 15788 12073 4092 10473 8106 14038 5987 16519 9843 10351 9503 9937 16713 9897 18127 15495 19852 10955 16406 10049 9595 9703 1674 12597 10851 6792 7312 8352 12329 7621 16693 7276 11900 6912 17584 12507 14663 10214 8197 15579 3212 16731 7842 5367 9282 1905 15211 16315 6574 4178 10344 10672 4726 16288 13294 12954 3757 17288 12699 3487 0 6776 13248 9312 11417 5082 3948 7954 10052 14269 7229 13329 18145 8350 6107 4051 5482 11721 18361 17022 5184 15887 3172 15426 2792 11106 7676 9275 17096 17129 11263 16401 1410 10777 15005 5257 10959 13501 11355 18138 17756 3017 2882 16333 5820 17553 7227 13499 6701 2199 7145 16589 16156 14078 10225 11675 15589 7415 5681 12932 6682 6624 9362 11713 14643 16008 16457 16450 1694 15402 14982 8826 5247 13547 15255 19697 7881 11207 8785 3968 5382 604 6162 11280 8171 5489 9142 8034 12581 7093 12503 4206 5617 13578 6789 2886 11842 15833 2029 6028 10153 1553 4268 5078 14525 9029 3698 809 9642 14662 2767 1082 7297 6633 10206 10502 5517 5178 5173 12978 6106 14500 5235 12543 10110 6367 16564 7283 18234 14778 9907 7769 15523 12607 9336 15487 19260 8037 5698 13599 8749 5314 14693 8311 7786 16891 17302 999 17909 11020 14296 8947 14594 7502 13319 9930 7656 10772 14383 2616 7037 8198 10192 10841 13906 17348 8778 8977 7975 5397 16962 14552 14729 3254 2148 4781 12691 6935 15240 6201 7466 13264 19533 11638 10194 12382 17235
2652 13944 2507 7371 2865 12074 11583 1475 12685 9486 7528 15484 10754 11716 4922 8548 6895 9727 11331 8881 3036 16220 5307 7844 11573 11299 11103 8813 4474 9528 9183 10730 8180 16170 5261 4635 8074 11544 9795 6486 5368 10996 4312 12723 4609 9463 3672 12505 5473 9540 13456 12975 9506 7320 12187 10250 4568 6591 8109 6040 7801 8613 6733 2850 6765 5774 11030 11215 5155 5313 8544 6583 2118 13221 13467 11553 4435 8655 7253 2445 5419 10329 12609 4955 4694 3179 3151 11076 8180 10365 11795 2506 9113 3475 7467 11854 5736 3605 6488 14475 14172 11279 11733 14957 6469 10564 10696 10861 7969 5779 2869 1699 7331 8054 11887 12326 6237 10548 9349 11283 9271 12297 1621 3435 12817 5614 5083 10514 6191 8028 3540 8749 2937 8249 9568 5218 11261 2392 5182 11379 3713 2557 6191 10514 14647 4844 9843 7186 3895 3185 2824 4884 14176 11152 11731 9828 7497 5614 10912 12115 7850 10863 9112 10025 3930 7392 10109 6617 11375 10052 13118 11961 9635 8523 11910 8626 7715 5942 7206 8332 2496 12664 8787 9682 11360 1089 8132 4582 16024 5732 14327 3438 6864 13119 9537 10485 4552 6071 12580 5510 11788 10752 6711 8852 11372 4501 7747 11995 13599 7862 10315 15502 6182 3290 6776 0 13334 7586 11547 6258 10339 11345 5566 7519 6604 6759 15551 12577 4162 6823 1529 10507 11602 15311 1868 10958 6113 8712 9167 10069 5487 13175 13601 10913 6091 11146 6886 4761 9239 4368 4189 7509 5835 11512 11115 9778 9428 14622 5941 10777 8066 7343 8594 6728 11006 14813 10064 12542 3598 12077 14154 7881 10292 11402 9906 7453 2675 7744 7870 13208 10136 9675 7891 8664 12092 14314 6494 6823 11312 12993 11511 6622 3544 2850 6434 6809 4963 7193 2247 9099 3417 2117 6057 10823 10324 8970 5903 10823 186 9621 5264 9056 4759 12381 10874 7045 8023 4500 9373 8506 9786 6868 12178 10314 4546 6319 11719 7471 4996 8181 7051 6971 6787 8068 738 7724 5797 6897 9859 1029 11246 10558 11618 9872 4313 10136 9571 6396 11015 9873 12676 4268 12224 6942 8292 2926 7917 2887 10276 11752 16018 6900 16071 4889 7673 3415 7824 6636 11666 8207 6492 4067 7611 7156 6505 6269 7174 5900 9741 10640 2592 14818 3012 3352 12852 12265 8095 9142 8917 11142 8180 3573 8525 6526 2317 6987 12847 7394 11589 9067 15763
13298 3278 12073 7038 12737 7901 9884 13887 19113 14447 17473 3606 15011 13558 9060 20802 18619 18517 8150 10111 14468 5723 18000 11154 5241 3018 6948 9884 12563 13688 4405 4294 13527 5008 8917 13032 6222 13254 4913 11877 8163 14979 9076 3639 17188 7096 10158 5628 17301 8347 9518 429 5162 18438 5710 19260 16772 7038 6415 19302 10200 20086 11280 10775 16489 16706 11332 2283 17692 17089 13516 17222 14978 11657 9721 2042 9306 21812 15685 15493 17876 8204 5765 14238 15344 15970 16484 3254 8117 12671 13413 14531 21458 11907 15315 4909 19064 9730 8291 5623 11833 9199 4631 12640 15681 4067 12545 14275 13878 15375 15355 14852 11315 15012 4617 17602 19524 7766 11439 17103 4557 1928 13770 16316 7014 16876 11858 12354 11736 8400 12289 20708 14415 6875 14167 11055 2886 15689 15713 18047 13580 14260 16650 2860 4893 18176 13694 6220 14542 10370 12425 14609 7188 8719 8681 4853 9206 18892 6076 3948 7262 12852 21683 3319 11119 6443 16555 19881 18892 11796 19898 2542 18728 4970 4786 21319 12068 14563 7671 19496 15773 8327 7143 5816 12059 14413 7621 17343 5130 15947 1512 14603 19514 5379 12351 14882 8901 8280 6386 14240 7162 12489 18563 9826 3039 12289 8572 9395 462 10208 13107 5199 13942 12910 13248 13334 0 20467 1883 17348 12607 6857 18893 16240 18872 18115 7036 8162 9301 9204 13760 3255 19181 4902 12148 10682 15819 16571 15513 3439 18335 7510 8083 15001 10260 11716 11877 11946 12459 16259 15247 12522 18848 17659 17494 13943 12892 4440 8045 19143 6098 13004 6570 15274 7760 4704 14010 3199 15714 1582 3562 6021 9206 3263 7254 6764 13505 8012 17428 6205 15017 18614 12229 16809 6024 11190 8190 15540 8255 19440 7218 19912 16854 12504 17648 13836 8587 8300 11905 8268 11419 15396 13921 7605 4596 9897 8198 5557 13515 13679 13855 17978 12730 13006 3104 14778 17423 9496 10716 4862 11857 12477 5079 8950 11551 12207 8596 6750 10410 21298 18050 8118 17682 9824 12883 17037 8518 19707 22243 14105 11955 6988 17648 10225 17456 5885 13239 18649 4264 12246 18161 17491 13578 17891 5105 10779 17283 11191 5965 11660 4590 14230 5734 12246 15237 16672 16817 6783 3429 21131 19018 14070 17295 15773 18708 7083 20412 19145 8402 17777 15659 12318 10757 15560 9303 4737 18860 11530 14101 12682 8982 9767 16458 18232 11249 19016 19143 8519 3423 6718 4748
9246 21435 9834 14952 7789 19575 15784 7871 16892 10919 5722 22933 16583 18175 12508 1966 8687 13247 18807 16096 6053 23782 6590 11688 17592 18033 18660 16072 11183 11519 16583 18268 10310 23697 12847 11088 14557 18077 17342 13308 12877 16872 11463 19126 6875 15110 10310 20091 3612 14612 17893 20149 15943 4035 19773 13379 7559 13440 14477 4401 12246 3500 10774 10435 10950 9425 18020 18231 6939 3801 14755 4902 7022 16665 17819 18537 11163 1770 7484 6507 7112 17801 18402 10654 5701 6736 4943 18532 15705 13052 14132 5936 2099 8690 8073 19432 3110 10982 12552 22058 17650 18641 19303 18172 11252 18077 17368 16990 9835 10690 7347 6706 14297 8954 18072 17268 2384 18057 12810 16224 16063 19151 8095 4218 18190 8999 9339 13398 10080 13418 10531 2642 8552 14334 15598 12421 18682 5812 9697 15810 9932 6214 10049 17760 22211 3689 11842 14257 6223 10758 8085 10312 21742 18570 19158 17373 12610 4340 16720 19657 13889 17459 1732 17162 11298 14916 15074 2051 15257 16894 16993 18710 12937 15909 18042 1154 10971 11457 14789 3973 5166 17546 16360 15809 18200 6696 15696 3131 23564 10143 21608 8851 1115 20703 12426 16329 12051 12375 18171 7455 19334 17444 2892 13294 18084 11335 13133 19344 20669 15085 12726 23060 12084 7706 9312 7586 20467 0 18605 4345 13065 16824 3742 12097 2117 9181 23134 17522 11201 12178 6755 17900 15370 22861 8346 18078 6225 13340 9710 17406 2145 18378 21112 16768 13413 18055 10459 11707 15861 4370 9006 14073 5655 16207 15796 11598 11967 22167 12496 14239 14619 13717 14707 7396 16158 22366 16206 20040 7751 19062 21660 14573 14866 18878 15402 13937 9114 15293 11585 20791 15873 13093 11006 13117 19676 18111 12618 11771 18778 17109 16842 4130 4965 8012 4089 8837 11884 14741 9708 14289 10784 6086 11968 16055 17870 13354 12372 18408 7405 11622 11210 12750 8432 15022 17686 8184 6421 10996 16460 15617 12972 9997 18202 17702 9345 9806 16490 13954 12399 1258 4265 12906 4479 15360 7798 11728 12107 6431 2606 6616 18104 16066 16349 17060 5430 16137 15952 7647 17419 16586 17421 3458 14514 9761 15366 9704 11776 10420 16221 18706 23523 8563 23638 11695 12949 5350 12038 13695 19166 669 1657 9906 11352 7290 2305 13612 1747 4546 17199 15013 6390 18164 10595 4918 20235 19839 10446 12565 10589 13856 15606 10980 13184 3235 9903 8208 17091 14912 18154 16649 23291
11678 4324 10428 5722 10862 7812 8541 12174 18200 12730 15604 5156 14199 12993 7486 18922 17075 17299 7872 9277 12595 7023 16335 9393 4050 1549 6659 9041 11110 11996 3011 3793 11755 6442 7391 11590 4360 12686 4071 10659 6506 14202 7259 3003 15528 5463 8297 5820 15421 6748 8513 1639 3406 16557 5794 18036 15146 5167 4568 17549 8437 18204 9457 9073 15103 15205 10815 414 16043 15209 12507 15342 13258 10448 8701 379 7443 19969 13837 13761 16239 7693 4875 12794 13461 14271 14696 2760 7124 11077 11925 12670 19578 10026 13479 4914 17264 7954 6418 6434 10753 8854 4596 11610 14316 3438 11897 13532 12089 13958 13676 13101 10219 13205 3543 16783 17707 7315 9789 16193 2687 1205 12070 14469 6081 15347 9985 10786 9892 6632 10744 18825 12790 5068 13255 9673 2428 13919 14219 17068 12042 12394 15195 1418 5882 16382 12024 4383 12660 8664 10551 13143 7696 8372 8463 4014 7411 17134 4705 4093 5436 12209 19807 1544 9583 4987 15543 18057 17837 11092 18964 1489 17481 3437 3717 19448 10292 13203 6411 17616 13963 7260 6236 4157 11549 12632 6584 15484 6496 14492 3246 13011 17645 5794 10696 14043 7198 6398 5440 12368 7046 11853 16681 8151 1622 10840 6784 9186 2067 9202 11494 6397 12634 11030 11417 11547 1883 18605 0 15465 11013 5580 17113 14951 16995 16603 7923 7088 7468 7367 11916 2279 18127 6101 10303 10192 13944 15392 13746 2121 16477 6623 8344 14211 8976 11194 10060 10523 11598 14382 13689 11421 17144 16730 16530 12261 11215 5506 6164 17993 4229 11865 4786 13418 6396 5782 13175 3596 14075 624 4635 4140 7702 2996 5697 4888 11884 6915 16091 6560 14123 17382 10461 15607 6059 10190 6316 14221 7967 18534 5969 18151 15082 10630 15765 12000 6735 7104 10229 6612 9838 13629 12601 6210 3943 8233 6315 5187 11727 11994 12455 16729 10852 11603 1399 12938 15566 7623 9949 3042 10236 10656 4094 8417 9671 10366 7332 4875 8975 19451 16169 6263 15801 8852 11070 15714 6635 18040 20363 12288 11434 5547 16733 9562 15724 4327 12384 17044 2846 11490 17336 15666 12126 16418 3266 8933 15962 9537 4442 11243 6073 12393 6991 10837 14028 14915 15521 4945 3340 19270 17146 12550 15940 13922 16830 5351 18582 17397 7758 16730 13926 11296 9078 13693 9280 4906 17427 9861 12359 11162 8021 7999 15266 16349 9526 17443 18248 7381 2191 5855 6119
8751 18825 8759 12890 4852 17973 11563 7305 18181 6583 1708 20200 16850 17956 10647 3680 10680 14778 17286 15078 3398 21372 8432 7546 13838 14654 16873 14992 10687 7175 13930 15872 5983 21146 11031 10784 11180 17791 15010 12740 10642 17108 8865 15511 8281 11301 7491 17998 1182 10630 13673 17080 12463 1143 17706 15112 8764 10388 11038 7089 8215 2746 6750 8716 12000 10606 17271 15066 8615 1189 14712 624 6999 12343 13586 15333 8265 6114 3145 6724 8877 16306 14531 10827 2028 7377 5459 15916 14106 8717 9788 3777 4340 5520 3731 17206 5721 8696 9100 19838 13323 17363 17021 13831 11999 15609 16951 17036 5502 11326 7695 6429 13588 4614 14377 18134 5415 16458 8550 17070 12805 15823 7533 3538 14182 10261 5586 9069 6089 9606 9788 3417 8561 10757 15704 11459 15995 5911 10459 16946 9732 3828 11192 14848 19834 5557 7497 11330 2917 8911 5176 10623 19857 17184 17743 15028 8756 6779 12907 17240 10318 17114 4766 14152 10140 12602 15877 5410 16678 16310 18467 15318 14563 13263 14323 4626 6756 11789 12927 2230 4891 13422 14538 12173 17616 5930 13947 2963 21061 11006 18632 9018 3249 18535 8112 16581 9858 9068 14233 3352 17582 17009 1499 9202 14689 10739 9339 18080 17481 14068 8383 20644 12198 4552 5082 6258 17348 4345 15465 0 8731 12887 6205 13008 2227 10939 21078 13414 8535 8449 4819 15186 16855 20411 5978 17170 1918 14282 5424 14624 3227 14317 19457 17018 12279 17397 6345 11015 15487 1948 9523 13738 7988 17200 16787 7255 7636 19707 9325 15842 11280 13533 11121 3059 12141 19936 16234 17478 8389 15842 19083 11327 10743 16295 11523 10601 8709 13621 12924 18779 16194 14669 6764 14147 17675 13805 9190 12456 17281 18454 12857 7195 5878 5086 311 4562 9036 13091 8463 10358 9640 6023 12072 12065 15512 9245 9161 16308 6134 7277 11258 14168 4671 10677 14375 3849 2430 7972 15605 12649 8675 5825 14431 16387 5804 5737 12365 10616 11161 5587 807 9360 537 14241 6035 12927 8831 9100 5092 5282 17501 12165 17324 16069 6919 12428 15787 9737 13859 16130 18411 4411 10173 11392 12376 7102 13054 8999 12484 17996 20908 4258 21251 11128 13494 6212 13144 10797 16634 4920 2744 9941 12662 2952 2041 11033 5543 7129 15748 16158 6704 13828 8953 2949 18898 17576 12365 8308 6245 9517 14253 8736 14101 1130 8243 10401 18364 13357 14661 14734 20749
12633 15287 11723 12120 7522 17038 3428 11801 22581 2501 7681 16146 19766 19834 11204 12225 17107 19967 16656 15970 8384 18014 15187 2677 7574 9600 15721 15779 13796 1679 11309 13444 2757 17455 11520 14171 7271 19572 12951 15078 10342 19931 8648 9458 14657 5550 7727 15911 9530 4269 5352 12537 7660 9325 15734 20534 14790 7978 6965 14825 3270 10747 3683 10539 17020 16112 18253 10620 15165 9373 17488 8218 12338 3625 5210 10707 7675 14827 5655 12469 15448 15928 7662 14925 7662 13284 12143 12892 14028 64 1478 8977 12839 6878 5059 14938 13721 9337 6118 17150 4596 17246 14645 5118 16604 13053 18629 19541 3230 15941 13146 11777 15443 4232 8239 21867 13680 15819 1364 20909 8682 10696 11913 10544 6782 15947 5256 374 4151 4729 12836 11758 13231 6277 18541 13491 12758 11959 15474 21258 13649 8659 16512 11232 16756 13187 1450 8851 7621 10368 7518 14980 17972 16869 17264 12932 4304 14417 6617 14476 6093 18898 13372 10419 12320 11309 19824 13804 21455 17788 23120 10080 19912 10864 8102 13317 2625 15848 12612 10021 11204 5581 13841 6857 18862 10999 13581 10840 17504 16008 14115 13718 11957 16172 802 19515 10048 6629 7130 5833 16376 18643 10222 2964 9571 13665 4732 17865 12514 15209 544 17360 15819 7165 3948 10339 12607 13065 11013 8731 0 6041 14000 17627 10950 17054 18626 5650 8367 4855 9223 12060 21706 17070 8553 17855 6841 18704 3922 11446 11566 6666 18164 19879 13708 18536 3452 13680 17519 9182 14501 16228 15273 21255 20895 1758 1100 16435 7165 20990 7465 16331 6430 5672 5076 16708 18843 14291 13905 11062 15595 7818 3464 13279 5353 7126 12741 13517 18148 16759 19308 19935 2462 18723 15870 5126 6234 16867 16706 22910 5789 15154 12690 7500 9005 4293 8043 13197 11291 4418 12065 11841 15710 5159 13267 2854 6981 14529 10388 1597 15041 19291 5700 2090 9617 4883 7179 7260 16702 9519 826 3545 7980 16382 5827 4042 4671 7125 12782 14290 8986 5830 8690 15134 9617 17961 6669 16459 13499 10107 18729 5677 21335 16801 13802 6725 18136 16443 8347 17884 22309 11985 1899 17273 9276 8190 18171 11234 6642 18932 17082 4518 17968 13967 17474 12830 18010 8653 13687 13651 11428 14125 17897 5842 10761 9678 14071 14785 15587 20590 12565 5099 10794 9342 18393 15142 18421 1433 2584 835 14665 9448 18520 9858 10455 17090 22718 13588 9209 13771 17129
12675 9875 11446 9036 9371 12896 3029 12512 21367 8246 12446 10462 17791 17154 9421 16565 18034 19595 12752 13170 10962 12516 16648 5469 1619 4035 11618 12940 12990 7409 7084 8883 7684 11850 9567 13463 3880 16856 8730 13440 8279 17874 7585 3447 15927 1883 7694 11214 13259 2266 3121 6877 3020 13805 11125 20279 15781 5513 3667 17137 4684 15424 6137 9952 16905 16495 15174 5259 16474 13056 15720 12561 13430 4868 3276 5218 7032 18453 10410 13790 16728 12290 1701 14538 11146 14507 14161 8041 10945 6102 6631 11315 17227 8428 9903 10252 16419 8508 4865 12011 5216 13589 9933 6100 16258 8478 15959 17312 8135 15717 14095 13042 13397 9343 2269 20240 16644 12028 5118 19451 4166 4936 12511 13210 1472 16489 7488 5734 6802 3452 12253 16274 13635 3231 16664 12018 7795 13616 15619 20104 13434 10977 16695 6305 11456 15654 7327 5752 10615 9600 9156 14762 13188 13136 13376 8690 4219 16700 928 9555 3557 16264 17622 5607 11298 8094 18561 16899 20623 15097 22048 4334 19668 6946 2113 17404 6384 15251 9716 14738 13250 1866 10370 2210 15878 12354 10399 13953 11950 16047 8360 14019 15737 11291 5991 17582 8499 5332 1349 9535 12150 15941 14326 3808 3970 12766 3745 14070 6682 12719 6577 11928 14921 9293 7954 11345 6857 16824 5580 12887 6041 0 16476 17131 14868 17748 13502 1702 7534 4725 10972 7296 20904 11629 9569 14632 11047 17919 9526 6779 14887 1877 13691 17854 11758 15522 6581 12598 15238 12469 14814 14472 17141 19916 19631 7613 6592 11065 5604 20480 4014 14769 2964 10153 966 11341 16771 9152 14720 5436 10183 4413 2594 8372 1461 4316 12853 10535 18022 12010 17524 19624 6466 18046 11344 4735 4870 16341 12829 21710 396 17635 14663 9200 13197 8548 6776 10444 11083 2538 11298 13385 14846 905 8858 3810 5574 10205 11481 7373 14411 18946 8392 6160 4250 9469 12174 6873 13918 5511 5404 7152 1942 12917 7561 7154 1755 4300 11223 17903 13418 4375 13060 12489 10655 17720 5590 18235 17976 11673 15750 791 19957 13758 15598 1703 15982 17680 2737 15364 20759 14638 6760 17757 5403 8434 17963 10641 1510 15740 11441 8929 12503 12932 16547 14640 17639 5970 8762 17480 15194 13976 17812 10552 14680 7094 17322 17032 12147 19592 13935 5797 10108 12134 14361 10334 18891 5283 8045 5958 11784 8608 17757 13956 10178 18227 21460 10825 3465 10131 11567
6300 19340 7208 12638 7126 16769 16113 5188 13150 12301 7906 20914 12982 14708 10195 5608 4972 9508 15969 13039 5719 21467 2850 12020 16917 16835 16001 13051 8064 12697 14687 16082 11335 21500 10474 7870 13523 14636 15137 10114 10837 13276 9871 18195 3205 14627 9065 17611 5040 14445 18150 18530 14960 6563 17282 9659 3913 12119 13522 885 12314 6787 10945 8215 7249 5724 14776 16781 3210 5097 11283 6823 4129 17395 18119 17118 9890 3780 9032 3568 3372 14974 17884 7231 6400 3449 2421 16527 13019 14004 15290 5234 5838 8058 9537 17071 635 9164 11749 19628 18388 15661 16991 19049 7610 15958 13989 13448 10936 7094 4136 4091 11135 10395 17289 13548 1369 15290 13389 12511 14807 17853 5365 3464 17928 5293 9266 14276 10265 13037 7608 6197 5379 13564 12058 9493 16737 3211 6095 12072 6742 5578 6345 16063 19900 832 13037 12749 6388 8602 7324 6849 19075 15655 16246 15177 12348 627 16169 17445 13138 14050 5443 15589 8579 12808 11373 1763 11517 13598 13258 17502 9204 14039 17295 4858 11533 7938 12331 7012 3250 17555 13803 15038 14877 4482 13113 3322 21329 6498 19854 5557 3918 18265 13253 12735 10044 11417 17777 8185 16633 14071 5322 13413 16905 8262 12744 16341 19164 12062 13787 20764 8626 7275 10052 5566 18893 3742 17113 6205 14000 16476 0 8405 4591 5442 20560 17496 9700 11766 5514 16006 11633 20597 7026 14911 7579 9631 11380 15595 3045 18219 18306 13170 10534 14768 10830 8665 12496 4914 5531 10738 1960 12478 12068 12857 12928 19926 11376 10508 13536 10328 13927 8727 15987 20095 12682 17939 4323 17642 19530 13386 14974 16832 15015 12893 6127 12676 7847 18233 12267 9356 11636 9398 17138 18702 11780 8134 15926 13368 16582 1175 2048 7283 6106 9754 10486 12134 7221 14048 8103 3509 8518 15836 15665 13505 11307 15983 5387 12802 7815 9008 8511 16077 16421 9420 8634 9869 13306 14072 13689 10534 17531 14768 9007 10156 16537 12911 9648 3511 6592 12192 6611 12386 6086 8000 11137 2938 6321 4909 14792 15687 12621 13961 1880 15453 12501 3936 16475 13240 13689 2016 15709 6019 13858 8341 8041 7974 15575 15431 21385 9612 21305 8582 9326 2291 8317 12196 17066 4048 4043 6594 7616 8852 4672 11817 2291 935 14362 11276 3410 18977 8296 4665 17254 17497 6735 13150 11842 14833 12763 9126 9480 5476 7705 4531 13349 12231 17093 14147 21095
5004 15239 5952 9239 10355 10901 18236 6076 5209 16989 14565 16840 4736 6818 7805 13829 4121 2464 10108 6929 10360 16536 5604 15003 16764 15463 10711 7077 4141 16980 11948 12218 15661 16892 7755 3673 13289 6838 11408 4385 8953 5036 9641 17235 5222 15359 10058 12634 11929 15885 19818 15813 14486 13842 12318 3158 4545 11627 13473 7963 14731 14646 13945 7325 1162 2681 7671 14785 5211 11852 3727 13493 6045 20110 19880 15141 10410 12083 14677 6285 5095 9310 17925 2711 11940 5676 7666 13098 8279 17661 19103 9729 14157 10806 14943 12525 9016 8743 12574 14554 20991 9370 12602 21846 1051 12312 6471 5375 15474 1744 5315 6645 5131 15565 16825 5204 9768 9767 16499 4146 13714 16057 5903 9485 18529 3114 12431 17754 13506 14372 4943 14319 4623 13921 4084 5313 13435 7100 2551 3942 3978 9901 2064 13563 15136 8429 17285 11586 11278 7620 10262 2657 13372 9585 10104 11466 14117 7868 16434 13274 13655 6412 13822 13514 5833 9979 2979 10167 3859 6443 5601 15989 2562 11534 16915 13238 15047 1882 8576 14639 8118 18794 9288 15039 7479 7289 8700 10326 16632 2017 16605 4122 12011 13324 16832 4518 8635 12016 18112 13010 11114 6568 12832 15657 15564 4368 14142 9884 16648 6344 17672 15950 2319 10796 14269 7519 16240 12097 14951 13008 17627 17131 8405 0 12340 3422 14987 18668 9778 13405 8960 12986 4094 15889 9126 8066 13410 1279 16679 12887 10739 19000 12261 4925 5987 7509 14212 4573 5222 11091 3499 4037 6713 4205 3790 17242 16802 15352 11625 3400 13183 3484 14168 14173 17108 15422 4718 14011 4633 15574 15310 12825 16864 13234 15870 12815 4913 8272 1299 12947 4025 2498 15240 1154 12055 20975 12520 792 10023 5502 17408 8492 7384 10303 13076 14327 10443 7943 6377 15422 5865 6988 2361 16885 11829 15790 11705 11423 7534 17070 2725 1821 12241 19589 14961 14546 15172 10726 6758 12430 16987 14283 17282 8770 11818 13711 18018 12832 6070 11889 13694 13067 13536 6765 8164 878 11814 6564 14700 8146 7439 16421 4336 7504 6679 15563 4856 4958 15779 5934 5425 9062 19525 2832 12367 9485 1095 6605 15745 8149 16944 14419 16344 4238 1293 6997 580 11240 13275 12450 11932 3509 1291 14560 12338 10218 10679 7776 8780 3164 6309 21659 7121 10173 10773 12942 3156 16320 16416 18391 7536 8634 1105 12813 7266 4750 5382 7750 16008 9729 16525
8722 20072 9050 13798 6138 18666 13713 7263 17377 8806 3679 21519 16551 17917 11415 1984 9445 13825 17931 15436 4422 22518 7206 9641 15714 16316 17660 15383 10706 9402 15177 16987 8197 22368 11779 10702 12826 17786 16084 12832 11622 16827 10031 17311 7256 13203 8766 18957 1618 12633 15823 18576 14175 2076 18650 14064 7854 11838 12719 5434 10242 2309 8767 9369 11247 9760 17504 16608 7474 1827 14553 2794 6645 14555 15744 16899 9600 3886 5369 6226 7702 16931 16477 10496 3726 6693 4705 17154 14769 10937 12015 4488 2609 6975 5957 18234 4008 9676 10777 20875 15539 17878 18079 16055 11397 16762 17008 16853 7720 10768 7177 6182 13765 6839 16220 17541 3520 17140 10721 16479 14390 17460 7498 3221 16208 9367 7420 11285 8082 11504 9920 2154 8256 12519 15477 11743 17272 5423 9818 16209 9572 4697 10377 16246 20957 4142 9724 12715 4379 9641 6454 10217 20712 17756 18335 16110 10675 5212 14816 18374 12074 17134 2822 15602 10508 13648 15297 3410 15798 16449 17574 16990 13562 14501 16180 2538 8896 11394 13723 2426 4521 15514 15327 13975 17765 5930 14691 2121 22257 10327 20080 8644 1029 19538 10318 16287 10804 10658 16217 5402 18354 17075 825 11269 16361 10812 11224 18593 19045 14415 10609 21791 11923 5972 7229 6604 18872 2117 16995 2227 10950 14868 4591 12340 0 9820 22031 15497 9736 10290 5459 16474 15944 21576 6941 17487 4114 13615 7616 15947 1629 16374 20187 16730 12668 17584 8419 11145 15509 2616 8983 13719 6523 16536 16121 9482 9853 20875 10835 14865 12904 13433 12889 5280 14168 21088 16053 18693 7750 17418 20312 12897 12832 17516 13467 12219 8630 14320 12043 19698 15862 13693 8922 13434 18583 16007 10853 11893 17913 17624 14867 5395 4956 6372 1978 6739 10352 13772 8840 12330 9990 5632 11800 14076 16604 11323 10694 17262 6440 9504 11001 13264 6499 12904 15997 6068 4400 9379 15881 14067 10870 7935 16319 16915 7503 7779 14457 12235 11590 3361 2227 11095 2394 14645 6630 12115 10400 7523 3392 5577 17660 14124 16670 16422 5788 14274 15702 8436 15623 16200 17758 3281 12399 10343 13805 8239 12204 9489 14346 18214 22164 6456 22384 11193 13017 5343 12380 12160 17829 2707 589 9662 11790 5176 192 12214 3430 5520 16344 15410 6153 16049 9567 3435 19454 18626 11195 10478 8472 11740 14784 9693 13444 1131 8851 9067 17569 13989 16388 15576 21965
5106 17622 6375 11123 9532 13806 18297 5360 7719 15956 12610 19245 8150 10225 9121 11042 703 4066 12991 9793 8970 19230 2625 14601 17689 16825 13407 9895 5574 16116 13712 14431 14735 19482 9216 5128 14110 10232 13539 6885 10164 8450 10200 18489 2661 15883 10137 15270 9776 16145 20102 17701 15458 11586 14941 4246 2301 12459 14229 4831 14547 12105 13487 7871 2344 1414 10906 16367 2350 9750 7001 11499 4716 19976 20128 16727 10724 8908 13163 4638 2118 12099 18808 3949 10333 3830 5507 15176 10662 17077 18493 8319 11279 10228 13540 15003 6077 9285 12924 17264 20922 12381 15024 21714 3073 14445 9800 8796 14453 2986 3910 5289 7839 14283 17874 8250 6798 12519 16103 7255 14900 17601 5308 7458 19207 1275 11815 17247 12926 14611 5862 11610 4114 14534 7485 7151 15475 5294 2409 6690 4564 8582 1652 15298 17750 5693 16444 12692 9878 8258 9548 3542 16270 12527 13083 13592 14168 4841 17184 15635 14190 9769 10862 15082 7020 11673 6196 7157 6077 9666 7817 17422 3765 13184 17934 10280 14430 3987 10565 12226 6255 19225 11634 15843 10792 6064 10972 8027 19249 2288 18709 3740 9300 15963 16255 7938 9604 12423 18884 11757 13903 9894 10440 15583 16917 5849 14345 12961 18481 9016 16994 18595 4777 9901 13329 6759 18115 9181 16603 10939 17054 17748 5442 3422 9820 0 17868 19122 10219 13472 7855 14902 6191 18497 8616 11229 11766 4465 15377 14678 8192 19618 15250 8339 8099 10785 13611 6220 8451 9170 2970 6973 3551 7146 6748 16343 16102 17904 12150 5071 14047 6439 14839 12723 17538 18011 8123 16303 3162 17208 17738 13755 16977 15380 16365 13548 4917 10515 2508 15698 7443 3914 14594 4177 14714 21040 12902 3527 12918 7929 17965 5277 5061 9560 10937 13244 10998 10072 6696 15690 6791 5328 4728 17337 14018 15704 12174 13873 6688 16215 4441 3587 11382 19115 16341 13244 13288 10927 9782 13777 16531 13536 18260 11663 11302 13014 18331 13566 7721 8783 11516 13426 11432 9423 7497 2764 12175 3178 11737 6968 10739 16983 7293 10520 4054 16344 8190 1608 16886 9192 8334 6612 18923 619 13650 9434 2733 7246 16509 11440 19478 13244 19045 5952 4633 4740 3133 12238 15495 9439 9333 4053 2320 13015 9859 11413 7611 4664 11519 5906 4572 21571 7767 8424 13874 15434 1437 15894 15413 17868 10076 9193 4348 10501 7584 1330 7919 9990 17275 12058 19097
14269 3759 13394 8234 16233 4087 16433 15424 15906 19995 21704 4119 11833 9661 10638 24011 18520 16687 4889 8093 17755 2175 18757 16605 11964 9471 4569 7977 12693 19359 7508 5360 18830 3010 10290 13020 11412 9419 6120 10994 10447 11668 12234 10613 17980 13165 13643 3082 20662 14453 16403 6844 11016 22221 3383 17391 17368 11241 11705 20677 15685 23760 16347 12708 15699 16530 7718 8247 18363 20466 11381 21145 16441 18368 16597 8290 12954 24085 20301 17002 18451 5773 12688 14045 19081 17163 18398 5740 7543 18690 19680 17563 24609 15669 20084 3909 20928 12402 13073 1493 18668 5653 4141 19516 14876 5704 9147 10935 19065 14882 16471 16582 10029 20033 11418 14158 21559 5373 17318 14067 9946 8737 15226 18968 13928 16850 16286 18445 16585 13960 12973 24114 15267 12369 11517 11137 5871 17506 15603 15203 14007 17396 16220 7405 2147 20033 19450 10229 18167 12405 15911 14481 1616 5404 4904 6111 14584 20343 12616 4163 12609 9372 24651 8212 11984 8481 14003 21973 16296 8781 16715 9273 17019 8096 11594 24174 17403 13882 8346 23308 17986 15164 6786 11882 8246 16458 7465 20109 2692 15590 5848 15221 22398 2573 18190 11828 11250 12780 13288 18544 3986 9055 21969 15671 9541 12452 14025 5263 7403 8860 19062 2139 13098 16569 18145 15551 7036 23134 7923 21078 18626 13502 20560 14987 22031 17868 0 14993 12577 14297 16573 6575 16556 2368 15151 7148 19987 14757 20784 7195 21036 14451 2831 11737 10088 8026 16957 12038 9916 19522 15576 10978 19835 14643 14641 19646 18639 2618 12328 16946 11225 11531 12197 19799 14295 2376 11073 4373 16503 8139 3477 10923 15497 5350 13483 11691 14451 7891 16286 2344 12168 16844 17602 15075 3459 18083 12949 14523 4969 16176 13891 21322 18588 16001 21339 18658 12197 8439 13459 14229 12471 17208 13142 14099 5656 15776 12530 4777 15731 19377 13489 16347 16976 19441 9268 19514 21862 13322 8236 9216 17814 17496 11943 6228 15769 17065 15251 11687 10912 23650 21868 13144 21524 8462 15413 15865 12912 20352 25372 16542 8208 13422 14575 7494 18784 12152 10519 18932 10765 9330 14687 19748 19918 17439 9485 13977 16074 12728 12291 7592 3381 19018 1999 12204 13725 18286 15534 10651 4942 23746 21996 14322 16257 20335 21905 10121 22553 20488 6364 15245 17157 19199 12540 18605 4524 3593 18093 17343 19539 18887 7897 12372 14718 21705 13238 19069 15864 8329 10087 6485 2911
14095 11305 12894 10730 10372 14560 2234 13821 22995 8074 12765 11747 19463 18852 11025 17083 19372 21131 14434 14866 11856 13879 17879 5868 3039 5544 13290 14637 14530 7221 8774 10528 7795 13166 11190 14995 5512 18555 10409 15070 9894 19551 9054 4557 17185 3309 8995 12819 13917 3060 1443 8242 4722 14244 12745 21804 17087 7100 5275 18200 5285 15814 6751 11417 18392 17907 16875 6801 17731 13723 17372 13024 14687 3537 1619 6714 8409 19205 10690 15010 17993 13986 2434 16041 11822 15756 15249 9652 12644 5704 5864 12274 17735 9451 10138 11867 17387 9971 6202 13511 3681 15281 11546 4523 17770 10124 17656 18996 8279 17209 15388 14261 15058 9467 3580 21897 17551 13718 5078 21093 5865 6296 13840 14137 1250 17876 8298 5295 7448 4549 13755 16729 15012 4755 18327 13622 9387 14768 17059 21723 14902 11931 18139 7928 12910 16666 7064 7414 11400 11083 10194 16244 14762 14826 15057 10369 5155 17765 2613 11134 5015 17961 18179 7260 12844 9788 20184 17776 22214 16793 23666 5729 21188 8646 3405 18010 6689 16787 11406 15106 14316 173 12072 3900 17580 13542 12099 14786 13291 17506 9629 15418 16417 12860 5828 19251 10060 6721 1805 10097 13810 17639 14892 4229 5466 14314 4832 15755 7924 14402 6192 13326 16489 10230 8350 12577 8162 17522 7088 13414 5650 1702 17496 18668 15497 19122 14993 0 8965 5780 12049 8930 22493 13027 10749 16334 11518 19493 9450 8434 15681 1017 15314 19529 13402 17224 7080 14165 16920 13230 16220 16117 18297 21550 21258 7369 6437 12498 7060 22036 5659 16400 4541 10514 1585 12771 18446 10683 16044 6861 11610 6069 2671 9967 2798 5893 14265 12231 19518 13600 19183 21153 6717 19609 12973 3106 6231 17876 14513 23338 1335 18666 15768 10226 13718 8910 8244 12131 12515 3484 12811 14556 16409 1792 10520 4175 7001 11867 12701 7162 15943 20475 9153 5205 5825 9773 12404 8196 15615 7212 5198 7589 3084 14616 8491 7719 1056 5878 12827 18654 13867 5699 13523 14179 11864 19229 6957 19420 18460 12805 17451 2275 21594 15459 16751 3401 17659 18962 4299 17056 22411 15592 5892 19165 7103 9716 19469 12120 3210 17441 12741 9265 13882 14498 18128 15777 19164 7599 10349 18165 15871 15441 19301 10850 15307 8737 18164 18109 13847 21195 15148 4209 11589 13009 16029 11926 20308 5293 7992 5337 13479 10076 19328 14518 11601 19531 23092 12514 4908 11830 12910
5142 10343 3929 4537 3687 9771 8469 5082 14425 8569 9139 11784 11407 11522 2891 11708 10527 12229 9184 7784 5324 12845 9304 5701 7530 7140 8564 7618 5690 8233 5443 7337 7204 12650 3244 6128 3967 11271 6481 6726 2309 11568 358 8575 8539 5683 1070 9505 8242 6109 10055 8968 5382 9675 9226 12882 8318 2430 4045 10200 5181 11253 4857 2462 9436 8962 10107 7116 9083 8036 9139 8573 6089 10393 10110 7444 692 12512 7892 6527 9320 8283 8619 7107 6519 7160 7279 7425 6138 8413 9816 5286 12345 3099 7781 8685 9816 1040 2798 11308 11244 9509 8491 12115 8842 7079 10331 11175 7254 8259 6670 5812 7081 7944 7789 13576 10242 8323 7083 12655 5111 8156 5048 7021 8989 8957 4023 8404 4728 4594 4836 11712 6110 4315 10185 5144 7537 6553 8096 13113 5940 5045 9176 6560 11302 8945 8464 3085 5618 2162 3361 7289 11429 9223 9723 6497 4402 9774 6970 8707 3979 10588 12503 5983 4069 4101 11622 10589 13460 9510 15027 7804 12262 4768 7826 12102 6081 7907 4767 10763 6508 9080 6299 5655 10658 5248 5822 8070 12552 8541 10408 6486 10289 10018 7630 11159 1749 2250 8669 6048 9277 10352 9544 5978 7211 5508 4369 10199 9534 6936 8557 12117 7711 3996 6107 4162 9301 11201 7468 8535 8367 7534 9700 9778 9736 10219 12577 8965 0 3703 4462 6739 13729 11889 2856 9794 7426 10701 8899 6219 9059 9408 11173 11517 5354 10353 5341 5444 9165 7134 7280 7872 9952 13041 12704 8532 7790 11185 1931 13173 3939 8005 4624 7360 7386 11409 10477 8974 7241 7970 10590 3727 7093 7793 6177 3368 5319 5612 10568 10309 10968 12238 6301 10780 9223 11200 2750 8988 9203 14762 7764 10778 7700 3450 8807 6495 811 5172 3553 5645 3928 6278 7617 7173 6979 6115 1967 7831 4332 8296 7064 11563 4522 10130 6721 7218 9340 1114 8483 4439 7616 5693 8121 8559 3397 5134 8257 3387 4418 11999 9312 3295 8963 6919 3620 10293 2036 10962 13128 4828 10527 6777 13109 8692 8456 6142 9771 10239 6880 9563 14040 8198 10210 10224 4202 1502 10529 3177 6301 10817 12435 6795 12721 5756 9381 7575 10249 2523 8119 11860 9816 6477 10346 7896 9586 2501 11115 10062 7811 12505 6686 11914 2658 6335 10901 9047 11359 6952 8008 9029 6589 1152 10527 9249 2644 10754 14546 5531 7430 6407 12249
8573 11298 7468 7285 4648 12311 4857 8123 18125 5715 8332 12434 15061 15010 6418 12082 13677 15835 11880 11121 6245 14013 12111 2369 5425 6322 11006 10927 9367 5144 6802 8968 4537 13592 6712 9791 3031 14742 8351 10401 5502 15209 3930 7062 11431 2937 3378 11410 8672 2724 6640 9004 4099 9464 11197 16465 11368 3197 2800 12446 1585 11116 2105 6093 12973 12325 13399 6952 11975 8463 12811 8217 8939 6709 6659 7162 3027 13771 6484 9243 12241 11115 6235 10705 6573 10000 9482 8602 9178 4909 6244 6590 12747 3709 6113 10462 11696 4734 1291 12868 7587 12425 10193 8442 12436 8603 13801 14781 4803 11820 9664 8494 10680 5865 5937 17271 11919 11032 3507 16356 4700 7510 8164 8485 6165 12252 2876 4829 2536 1274 8474 11866 9396 2359 13848 8829 8550 8989 11539 16812 9483 6251 12617 7126 12611 10941 5291 4151 5955 5840 4443 10843 13463 12061 12478 8342 712 12010 4543 10147 1946 14074 13089 6328 7770 6506 15325 12178 17135 12954 18721 6964 15841 6266 5892 12826 3107 11551 7760 10476 8557 5857 9028 3726 14011 7767 8739 9248 13580 12025 10612 9834 11110 11759 4202 14818 5273 1775 6051 5161 11684 13811 9817 2275 6343 9196 980 13059 9262 10379 5143 13314 11397 4571 4051 6823 9204 12178 7367 8449 4855 4725 11766 13405 10290 13472 14297 5780 3703 0 6283 7776 17401 13041 4977 13000 6743 14372 6509 7153 10195 6456 13521 15164 8940 13684 2716 9145 12735 7809 10642 11539 12518 16744 16406 5443 4514 12361 2312 16805 3189 11694 2705 6089 4233 12622 14109 10119 10347 7635 11592 3412 3511 9001 3269 2624 8723 8665 14113 12260 14646 15831 3310 14437 11294 7609 1414 12620 11924 18462 4816 12930 9996 4483 8759 4634 3241 8342 7054 2298 7602 8777 11299 4073 8730 2412 2126 9911 6938 5178 10713 15163 3800 6470 6117 5575 8233 2681 11856 5090 4054 3301 6030 11545 2849 3004 4896 2631 8081 13223 9071 1159 8703 10291 6100 13866 1824 13641 13517 7026 13878 3942 16812 11946 10972 3988 13380 13218 5424 13068 17740 9913 6615 13564 4816 4044 14095 6814 4056 14077 13276 5027 13934 9455 13068 9999 13852 3866 9399 12841 10572 10004 13879 6578 10107 4837 12607 12349 10753 16195 9378 8254 6317 7419 13624 10723 14719 3423 5244 5432 9810 4847 14195 9457 6148 13803 18248 8734 6249 8986 13225
4174 14693 3967 8339 1746 13263 10826 2886 14150 8147 6016 16181 12283 13216 5969 7440 7884 11091 12550 10260 1512 17088 6013 6879 11411 11472 12222 10176 5995 8266 9829 11559 6890 16969 6340 6164 8075 13038 10646 7978 6176 12524 4712 12740 5441 9117 3650 13499 4150 8990 12796 13429 9505 5915 13191 11577 5573 6784 8051 6166 6997 7301 5761 3953 8140 7025 12456 11555 5958 3971 10070 5100 3152 12316 12784 11874 4503 8053 5745 3246 6239 11558 12370 6453 3169 4061 3200 11784 9372 9243 10648 1045 8046 2609 5985 12782 5513 4246 6240 15422 13290 12575 12633 14031 7909 11351 12178 12384 6633 7216 3971 2567 8792 6614 11798 13836 5852 11740 8352 12789 9459 12543 3073 2559 12430 6807 4049 9434 5145 7546 5048 7554 4339 8059 11096 6649 11929 2788 6541 12853 5229 1033 7497 11018 15522 4702 8592 7540 2368 4198 1865 6354 15263 12415 12983 10673 6895 5729 10656 12948 7630 12354 8134 10444 5323 8210 11610 6175 12801 11513 14559 12146 10971 9154 11799 7699 6608 7441 8277 6959 2278 12118 9885 9538 12814 1795 9261 3629 16846 7101 14865 4841 5891 14082 8428 12014 5354 5932 12266 4054 12922 12232 5438 8087 11533 6012 7254 13292 13983 9249 9144 16363 7706 2059 5482 1529 13760 6755 11916 4819 9223 10972 5514 8960 5459 7855 16573 12049 4462 6283 0 11144 13019 16154 1613 12352 4584 10175 7727 10652 4611 12737 14772 12442 7461 12589 5806 6255 10735 3011 5540 9020 6277 13004 12604 8499 8252 15455 5939 12152 8105 8866 8424 5228 10515 15662 11588 13302 4744 12401 14923 7995 9607 12135 9512 7443 4186 8905 9216 14241 11665 11026 6762 10110 13126 13507 6276 8288 12538 14453 11090 6665 3720 1845 5018 5441 5182 8363 3650 8577 4826 2633 7580 10356 11169 8193 5850 11804 1459 8363 6783 10428 3531 11300 11088 5589 6498 4416 10788 8898 8744 5689 12025 11601 3641 5183 11123 7461 6344 7538 5621 6679 5337 9426 1221 9104 5652 7430 8816 888 12698 10182 13113 11252 4739 9945 11085 7236 11017 11355 14177 3797 11078 8118 8656 2984 9283 4185 10064 13182 16783 5491 16950 6399 9175 3754 9230 6977 12431 7410 5451 5558 8954 5642 5333 6857 6682 6066 10986 12102 3343 13917 4173 2041 14126 13178 9249 8130 7591 10046 9464 4254 9988 5211 3455 7874 14316 8605 11675 10124 16564
10182 3644 8995 3792 10385 5666 10059 10893 15997 13442 15573 5046 11958 10714 5940 18445 15423 15273 5648 7032 12058 6285 14912 10049 5943 3544 4449 6798 9336 12791 1325 1605 12312 5971 5756 9800 4841 10407 1797 8628 5170 11953 6451 5232 14097 6661 7727 3945 14969 7934 10373 2830 4527 16315 3835 16015 13646 4883 5131 16349 9121 17927 9858 7798 13239 13490 8536 2344 14587 14761 10339 15155 11988 12077 10545 2607 6925 19127 13996 12522 14758 5420 6924 11004 13158 12937 13630 835 4931 12124 13151 12016 19083 9666 13722 2971 16231 6940 6598 5114 12506 6604 2657 13396 12428 1212 9622 11274 12573 12132 12299 11923 8097 13592 5558 14547 16744 5052 10746 13987 3402 3483 10756 13690 8059 13675 9997 11889 10156 7386 9114 18433 11298 5795 11046 7809 810 12797 12496 14892 10393 11782 13416 1012 4839 15330 12878 3887 12288 7406 10061 11381 5974 6124 6253 1739 8023 15953 6370 2415 6038 9935 19238 1709 7945 3277 13382 17121 15701 8823 16770 3716 15479 1993 5723 18828 10869 11310 4416 17398 12994 9102 4001 5421 9270 11559 4412 14773 5909 12713 3876 11454 17016 4123 11615 11810 5966 6379 7432 12342 4905 9577 16266 9101 3644 9062 7455 6972 3664 7025 12490 5570 10687 10641 11721 10507 3255 17900 2279 15186 12060 7296 16006 12986 16474 14902 6575 8930 6739 7776 11144 0 15991 5310 9567 7915 13865 13335 14284 624 15755 8613 6396 11965 7005 8915 10471 8710 9367 13869 12069 9304 15810 14532 14347 13077 12066 4615 5988 15917 4656 9775 5632 13524 7969 4869 10939 2357 12605 2857 3913 4372 9016 1230 7025 5153 10389 4783 14173 4769 11908 15368 11063 13567 4048 12022 6477 12285 5739 16329 7692 16973 13958 10148 15471 12264 6155 5049 8871 7683 8278 12497 10666 7753 1681 9207 6179 2984 10693 12807 10609 14728 10773 12967 3153 13158 15643 7218 7690 2694 11245 11031 6127 6139 9555 10640 8985 5147 7183 18633 15939 6617 15579 6657 10146 13782 6551 16616 19866 11365 9154 7064 14530 7287 14472 5763 10153 15496 4649 9231 15102 14752 13407 14662 2973 8238 14028 8134 5925 8972 5722 12639 6191 9005 11992 13743 13562 4398 1634 18552 16550 10870 14041 14051 16324 4288 17672 16184 5479 14589 12687 13093 7742 13069 7141 3108 15617 10769 13001 12347 5818 6955 13218 15961 8301 15839 16038 5279 4244 3602 5580
9096 17631 9998 12455 14445 12647 22197 10147 1642 21080 18465 19149 4737 7047 11484 17230 6704 2127 11959 9159 14386 18406 8804 19071 20392 18847 12861 9371 8039 21074 15131 14947 19754 18922 11359 7610 17028 7235 14268 7562 12631 4931 13560 20656 8689 19191 14087 14767 15732 19805 23698 18754 18128 17608 14488 2101 8121 15397 17238 11000 18768 18246 18023 11309 4903 6250 8840 18022 8492 15677 5668 17373 10014 24110 23772 18365 14383 15010 18703 10178 8287 11410 21560 6781 15931 9482 11412 15938 11067 21741 23183 13745 17468 14899 18990 14903 12268 12689 16504 16472 24972 11001 15052 25839 5138 15126 7410 5642 19564 5824 9237 10625 7908 19632 20382 2965 12986 11894 20561 2559 17252 19292 9982 13317 22259 6608 16522 21826 17594 18313 8932 17789 8683 17739 5149 8890 16301 10968 6499 1393 8060 13936 5666 16710 17191 11854 21378 15225 15308 11570 14355 6751 14980 11356 11747 14328 18110 11030 20156 15774 17506 7189 17044 16799 9687 13305 2649 13340 290 7850 1630 19310 2440 14825 20487 16463 19134 5868 11745 18321 11989 22626 12039 18755 8333 11309 11579 14045 18630 5937 19297 8180 15474 15417 20913 4729 12437 15937 21801 17073 13072 7501 16518 19667 18951 8226 18096 11300 19618 8974 21759 17924 6025 14885 18361 11602 19181 15370 18127 16855 21706 20904 11633 4094 15944 6191 16556 22493 13729 17401 13019 15991 0 17925 13219 9428 17400 3029 20746 16010 14316 22752 13725 4850 9286 8533 18300 8337 6873 14980 7494 6707 9726 2028 1929 21336 20892 17496 15514 1173 16904 6283 17958 18209 20957 17508 5504 16568 8497 18747 17640 16523 20819 15994 19708 16603 9007 11220 3931 14867 4405 2278 19329 2983 14182 24919 16440 4839 11857 1777 21203 11399 11048 14396 16893 18411 14345 11032 10428 19344 9803 10898 6115 20728 14605 19801 15611 13900 11609 21164 6695 2690 16333 23653 18344 18608 19100 14721 8683 15903 21055 18377 20872 10723 15906 17804 21901 16618 9685 14927 17497 16987 17372 9358 12255 3948 15751 9151 17917 12187 8359 20225 2142 9336 10157 19282 6150 7740 19320 7311 2716 12684 23604 5624 15882 13541 3805 10588 19470 9011 19062 18495 18207 8009 4367 10683 3789 14943 15949 15614 15480 7602 4193 18579 15969 13853 13778 10840 11015 1405 10176 25642 11085 14110 12049 15278 4981 20387 20507 22463 10199 12577 3206 16544 11297 7240 1844 10746 19444 12468 18598
14413 1784 13393 7969 15574 5297 14625 15409 17445 18642 20864 1754 13287 11291 10428 23558 19112 17808 5967 8988 17196 975 19070 15256 10041 7613 5182 8823 13069 17952 6494 4596 17562 1006 10129 13455 10043 11021 5520 11647 9987 13161 11572 8538 18269 11530 12921 3255 20120 12823 14404 4785 9411 21548 3574 18535 17711 10189 10313 20813 14311 23139 15137 12476 16465 17111 9175 6473 18698 19916 12476 20410 16476 16482 14604 6440 12155 23957 19306 17033 18820 6611 10655 14572 18387 17303 18319 4523 7852 17134 18021 17089 24181 14906 19030 3548 20903 11909 11895 1501 16706 6941 3606 17527 15628 4815 10591 12418 17844 15531 16623 16530 10776 18884 9452 15743 21485 6139 15810 15523 8450 6732 15234 18648 11904 17388 15304 16857 15457 12530 13172 23592 15478 10926 12789 11464 4510 17444 16142 16619 14326 16883 16878 5925 753 19999 18009 9187 17498 12127 15248 14998 3290 6569 6210 5489 13231 20450 10783 3206 11224 10853 24288 6736 12083 7948 15304 21884 17652 10076 18257 7310 18106 7154 9626 23847 16107 14568 8277 22634 17799 13195 6921 10224 9798 16297 7608 19766 752 16211 3576 15509 22043 2565 16705 13241 10812 11689 11271 17641 4862 10508 21426 14159 7668 12808 12634 6756 5218 9562 17536 299 13815 15860 17022 15311 4902 22861 6101 20411 17070 11629 20597 15889 21576 18497 2368 13027 11889 13041 16154 5310 17925 0 14635 8545 19151 15836 19546 5918 20728 12408 4561 13217 10449 9525 15751 12401 11096 18999 15969 11857 20089 16104 16050 18228 17195 704 11294 18186 9870 12407 10703 18832 12480 502 12427 2957 16764 6194 1475 9629 13800 4132 11791 10419 14609 8067 17178 3061 13524 17948 16294 16135 3834 16080 11775 15337 6069 17736 12007 21455 18573 15337 20689 17569 11383 8572 13382 12653 12527 17141 13839 12301 4992 14251 11487 4670 15496 17959 14058 17398 16069 17702 7496 18466 20947 12476 9309 7994 16278 16320 9946 7237 14851 15941 13384 10412 11085 23491 21178 11884 20822 9142 15064 16759 11861 20727 24959 16250 9735 11644 16052 8613 18908 10425 11782 19405 8922 10614 16290 19574 18227 18127 8275 13362 16983 12630 10543 9205 1173 17945 900 12619 14682 18306 16457 9679 3778 23497 21603 14709 17115 19360 21435 9389 22455 20633 7113 16563 17194 17206 12351 18144 6222 3115 18895 15861 18226 17252 8431 11901 15772 21136 13006 19620 17424 8571 8166 6526 682
4124 13141 3435 6931 1398 11998 9717 3274 14202 7906 6891 14610 11892 12552 4675 8923 8762 11425 11320 9287 2606 15578 7133 6008 9904 9872 10896 9175 5596 7857 8258 10048 6555 15430 5061 5880 6503 12346 9150 7347 4706 12109 3119 11175 6460 7693 2053 12070 5514 7701 11600 11819 7939 7115 11770 11983 6436 5175 6497 7617 5935 8615 4906 2846 8471 7584 11559 9942 7003 5316 9616 6134 3980 11361 11607 10262 2899 9666 6139 4266 7271 10348 10899 6458 4064 5029 4638 10225 8145 8583 10021 2456 9547 1684 6229 11316 7074 2751 4751 13956 12309 11443 11151 13099 8088 9822 11447 11877 6406 7413 4736 3517 8034 6681 10264 13688 7447 10487 7516 12673 7855 10936 3368 4168 11038 7449 3312 8710 4405 6203 4599 8977 4681 6554 10672 5866 10357 4047 6922 12883 5176 2252 7964 9415 14019 6234 8159 5929 3141 2973 1195 6468 13893 11241 11792 9174 5642 7181 9189 11433 6136 11653 9676 8833 4519 6716 11529 7779 12979 10719 14687 10546 11362 7582 10273 9261 5944 7419 6949 8193 3779 10831 8560 8019 11987 2794 7971 5216 15316 7456 13263 5166 7449 12631 7752 11626 3902 4394 10832 4265 11605 11491 6821 6985 9935 5539 5918 12158 12371 8306 8564 14851 7518 1863 5184 1868 12148 8346 10303 5978 8553 9569 7026 9126 6941 8616 15151 10749 2856 4977 1613 9567 13219 14635 0 11384 5269 10258 7771 9063 6204 11377 13480 12036 6524 11732 5109 5687 10073 4378 5952 8461 7572 12954 12572 8123 7687 13934 4358 12458 6524 8403 6912 5590 9186 14147 11102 11757 5457 10789 13377 6399 8430 10583 8118 5872 4214 7652 9597 12835 11327 11388 6130 10247 11725 12447 4774 8388 11318 14521 9716 8152 5118 1260 6221 5323 3569 7129 3024 7266 4089 3818 7399 9011 9667 7103 4282 10374 1968 7946 6658 10749 3165 10571 9482 5736 7248 2845 9880 7287 7968 5158 10516 10466 2728 4587 9872 5890 5405 9150 6781 5215 6457 8425 1132 9418 4114 8677 10326 2127 11864 8779 13050 10268 6029 8447 10519 8254 9453 10629 14079 5393 10448 8777 7044 1371 9624 3303 8576 12289 15233 5486 15445 5902 9113 5073 9481 5365 10891 9005 6987 5617 9344 6082 6800 5287 8291 7500 9801 12174 4401 12956 3108 3512 12954 11701 9933 7316 7327 9343 8349 2779 10072 6554 2459 8851 14353 7410 10091 8762 15026
8837 8484 8459 5791 12744 3247 16903 10256 8902 18351 18259 9894 4744 2888 6945 19364 11918 9570 2655 2099 13805 8983 12624 15295 13562 11376 3769 2215 6900 17965 7626 6458 16994 9531 6570 7045 11100 2589 6149 4799 7573 4617 9454 13131 11933 13410 10741 5516 16431 14470 17743 10281 11614 18260 5283 10262 11246 9942 11398 14814 14585 19567 14590 8539 8931 10013 658 10246 12206 16270 4352 17427 11057 18990 17883 10522 10431 18657 17435 11580 12228 2503 14651 7771 15402 11480 13136 7531 3840 17909 19218 13394 19872 12567 17424 5888 15397 9067 11742 7068 19619 1613 6115 20533 8157 6773 2046 3874 17047 8328 10812 11396 3788 17687 13302 7216 16111 2919 16501 6984 10473 11391 10024 14266 15672 10393 13786 17813 14518 13325 7580 19641 9572 12083 4372 5749 7902 12269 9203 8095 8189 13352 9591 8867 7827 14569 18170 9216 14496 8437 12474 8193 5557 2039 2335 6203 13571 14557 13727 6845 12074 2314 19751 9299 7035 6685 6855 16540 9163 1653 9714 11623 9916 7688 13452 19208 15810 7322 5246 19286 13020 16498 4263 12466 1377 11558 4330 15388 9230 9049 10414 9355 17580 6113 17192 4711 8048 11226 15084 15540 3775 1964 17659 15071 11481 6743 13237 1888 11144 3102 18134 8523 6533 13185 15887 10958 10682 18078 10192 17170 17855 14632 14911 8066 17487 11229 7148 16334 9794 13000 12352 7915 9428 8545 11384 0 16653 7677 18676 8204 16171 16224 4327 4672 4893 1039 15110 6376 2852 15320 9460 4296 13773 7564 7528 18267 17445 8171 10689 9798 10916 4804 12126 16885 15066 8154 3929 7658 10601 10749 8438 10496 15621 7438 13893 10984 8965 4341 9347 5486 5027 9734 16030 8004 4956 19288 11629 7729 2546 9196 15009 15442 13163 12557 17366 16239 9897 4671 8719 14078 7543 12004 6611 14828 6254 15204 10875 5127 11104 18020 7177 9271 14149 19328 10926 16881 18632 10872 1618 9126 17048 15485 13865 1777 13135 14928 16115 10991 6014 18309 17973 12071 17686 2960 11137 8933 11198 14050 20569 11978 1276 14176 7510 1118 13036 12941 3382 12508 12291 2197 7768 14627 19569 10725 9256 10687 9120 8176 13130 1110 9701 16509 8784 6385 6775 12799 8578 9279 7255 18608 17291 8321 9357 17401 17406 8192 17119 14617 2496 8100 11707 20261 8281 14307 2724 6189 11221 16423 17796 18396 3214 8981 7656 17484 8965 12515 8884 4288 12067 4516 9224
8755 17508 8483 11930 3926 17124 9647 7410 18618 4801 1718 18817 16867 17735 9865 5565 11610 15389 16486 14556 3088 20121 9425 5655 12063 13034 15957 14443 10567 5326 12659 14690 4085 19835 10255 10748 9603 17543 13871 12496 9668 17106 7777 13784 9124 9520 6356 16924 2723 8782 11756 15576 10819 2760 16648 15799 9495 8995 9433 8455 6363 4394 4918 8114 12497 11219 16824 13537 9535 2590 14644 1515 7387 10441 11668 13785 7037 7986 1456 7248 9813 15535 12709 11002 1470 8002 6294 14630 13336 6830 7952 3691 6217 4327 1968 16083 7184 7790 7528 18685 11426 16673 15874 11953 12368 14397 16661 16952 3614 11677 8167 6777 13251 2845 12624 18389 7009 15637 6632 17336 11261 14215 7616 4377 12314 10923 3960 7173 4286 7841 9603 5230 8810 9090 15676 11083 14675 6501 10906 17340 9802 3566 11761 13439 18612 6835 5656 9978 2226 8228 4218 10869 18854 16448 16984 13883 6981 8094 11114 16028 8660 16853 6672 12706 9734 11525 16150 7074 17199 15957 18978 13687 15218 12007 12561 6544 4845 11988 12063 3736 5513 11522 13651 10461 17237 6123 13110 4263 19772 11468 17155 9301 5115 17420 6204 16597 8940 7576 12387 1586 16671 16710 3417 7321 13061 10569 7585 17384 15922 13573 6515 19397 12284 3511 3172 6113 15819 6225 13944 1918 6841 11047 7579 13410 4114 11766 19987 11518 7426 6743 4584 13865 17400 19151 5269 16653 0 14656 3801 13280 4827 12433 18564 17024 11787 16989 4474 10787 15249 2698 9921 13568 9180 17526 17122 5432 5743 18449 7900 16458 9721 13437 9444 1194 10275 18689 16159 16197 8921 14282 17778 9813 8847 15019 9712 9056 8758 12828 13508 17733 16249 15300 4849 14563 16649 11895 7629 12780 16492 18910 11000 8664 6794 4130 2213 2644 7801 12324 8124 8533 9270 6526 12159 10208 14354 7359 7719 15256 6038 5430 11357 14747 3106 8821 12788 1968 1979 6687 15145 11249 6761 3932 12646 15698 4317 3897 10466 9069 10665 7449 2371 7732 2015 13694 5681 13453 7364 10345 6948 5299 17116 10342 17641 15537 7913 10682 15636 10745 12166 15840 18714 5616 8348 12151 10970 6129 13607 8532 10725 17553 19572 2344 20012 10953 13722 7062 13623 9473 15378 6820 4588 10104 13243 1282 3924 9867 7286 8460 15009 16572 7273 11941 8375 3343 18156 16430 13203 6390 4410 7638 13596 7851 14471 3046 7708 11418 18791 12629 12991 13799 19445
6138 15325 6984 9675 11522 10699 19169 7289 3975 18150 15831 16900 3779 6031 8512 15089 5139 1981 9936 6856 11595 16424 6806 16060 17457 16014 10664 7035 5011 18114 12381 12433 16810 16842 8411 4581 14050 6100 11679 4733 9663 4074 10535 17810 6468 16188 11063 12598 13206 16782 20684 16143 15186 15120 12294 2720 5803 12407 14252 9154 15744 15922 15021 8280 2391 3916 7204 15257 6425 13127 3380 14762 7308 21081 20755 15607 11354 13273 15907 7559 6290 9225 18624 3800 13188 6954 8944 13369 8486 18740 20182 10970 15409 11930 16160 12588 10249 9661 13478 14449 21943 9104 12696 22810 2291 12566 5887 4533 16639 2979 6587 7904 5273 16766 17477 3936 10998 9700 17546 2885 14348 16531 7106 10762 19289 4342 13547 18817 14608 15287 5906 15587 5851 14738 3401 5935 13719 8375 3828 2684 5083 11132 3291 13984 15086 9683 18413 12278 12509 8541 11414 3827 13144 9375 9853 11738 15081 9081 17187 13394 14497 5773 15062 14007 6667 10479 1749 11392 2764 6023 4429 16508 2272 12022 17575 14477 16145 2856 8981 15917 9392 19624 9489 15786 6901 8533 8957 11605 16569 3295 16824 5356 13275 13278 17913 3600 9433 12913 18846 14217 10995 5986 14110 16638 16117 5202 15069 9548 16994 6442 18769 15874 3006 11970 15426 8712 16571 13340 15392 14282 18704 17919 9631 1279 13615 4465 14757 19493 10701 14372 10175 13335 3029 15836 10258 7677 14656 0 17878 13294 12012 19775 11972 3963 6438 6988 15313 5328 4846 12361 4764 4080 7889 2927 2512 18381 17907 15338 12495 2611 13931 3573 14965 15399 17950 15387 3991 14160 5910 16015 15371 13557 17792 13469 16703 13609 6067 8559 2002 12831 3109 2113 16343 340 12012 21893 13416 1889 9843 4281 18211 9661 8659 11459 14352 15505 11323 8299 7415 16320 6775 8260 3091 17723 12063 16773 12589 11520 8737 18201 3672 1594 13398 20638 15511 15753 16433 11692 6551 13024 18044 15410 17954 8618 12922 14832 18886 13625 6724 13097 14971 13964 14810 6855 9335 1701 12725 7643 15940 9377 6882 17230 3057 7279 7934 16313 4319 6055 16419 5484 4147 10336 20601 3849 12985 10527 1760 7560 16499 7591 16928 15610 16228 4996 1385 8273 1339 11973 13472 13679 13204 4657 2151 15793 13615 10904 11893 8970 8744 1928 7585 22613 8056 11436 10401 12991 3857 17375 17574 19455 7673 9549 187 14091 8276 5763 4141 8055 16589 9929 16490
11777 17795 11206 13318 6410 18527 7284 10603 21851 1423 4033 18878 19658 20191 11733 8592 15277 18810 18003 16634 6424 20517 13140 4359 10895 12519 17258 16480 13366 2253 13276 15434 1992 20075 12106 13638 9509 19964 14760 15062 11186 19869 9249 12770 12777 8510 7936 17847 6451 7398 9268 15363 10356 5744 17617 19276 13081 9564 9250 12256 5314 6998 4436 10421 15865 14698 18958 13333 13219 6346 17375 4827 10808 7446 9130 13499 8299 11475 2350 10766 13501 17142 11218 14111 5098 11558 9994 15109 15029 3883 4590 7077 9165 6244 1862 16918 10979 9622 7711 19367 8363 18393 16659 8721 15628 15080 19041 19612 1719 14935 11620 10198 15659 1114 11539 21436 10772 17141 4425 20408 11145 13690 10777 8127 10496 14442 4890 4295 4262 7117 12370 8055 12064 8685 18434 13525 15059 10083 14265 20544 12847 6845 15200 13624 19120 10633 2478 10568 5505 10399 6576 14051 19884 18089 18567 14757 6343 11894 9902 16645 8346 19271 9749 12819 12206 12686 19248 10806 20526 18261 22279 13095 18677 12705 11429 9775 3455 15093 13638 6277 9148 9402 15103 9725 19469 9468 14685 8063 20074 14826 16976 12567 8646 18230 3622 19392 10633 8025 10753 3674 17959 19074 6819 5810 12516 13309 6964 19074 15505 15730 3432 19820 15261 5947 2792 9167 15513 9710 13746 5424 3922 9526 11380 16679 7616 15377 20784 9450 8899 6509 7727 14284 20746 19546 7771 18676 3801 17878 0 13662 8576 10455 19836 19799 14024 19181 3827 13442 17739 6488 13265 16196 12959 20661 20269 2175 3014 18868 8509 19874 9678 16165 8960 2687 8601 19130 18848 16628 12392 13931 18092 9921 6973 15509 8496 9134 11826 14502 16931 18693 19098 18740 3286 17826 17688 8977 7835 15990 18031 22160 9351 12460 10514 6514 5643 2472 8935 14071 10794 7345 11820 10059 15140 8621 15171 5774 8304 16287 9145 2327 14375 18150 4642 5532 12413 2145 3417 7863 17304 11595 4252 3309 11391 17451 5545 3805 8421 9140 12953 10966 5460 7668 5231 15761 8564 16829 7924 14131 9771 8572 19340 8990 20763 17567 11644 9760 18235 14456 11396 18239 21809 9413 4925 15717 11319 8063 17005 11000 9733 19676 19747 2287 20441 13668 16815 10752 16958 10189 15904 10233 8159 13230 16667 2534 7439 10947 10965 12260 16694 19806 10816 8773 10695 7013 19740 17198 16807 4246 1481 4546 15482 9714 17691 6486 10148 15127 22013 14430 12274 15146 19715
9873 4230 8661 3648 9841 6128 9494 10519 16080 12818 14985 5581 12092 10955 5630 17914 15180 15213 6047 7177 11527 6893 14588 9425 5483 3174 4873 6940 9135 12168 967 2110 11689 6557 5479 9607 4218 10648 2060 8566 4781 12101 5944 4935 13775 6072 7187 4521 14430 7337 9876 3031 3949 15750 4391 15952 13346 4289 4510 15963 8498 17367 9237 7411 13087 13270 8809 2076 14273 14221 10386 14582 11613 11526 10043 2391 6373 18660 13391 12140 14453 5732 6507 10813 12596 12583 13206 1457 5006 11509 12547 11504 18555 9104 13112 3543 15803 6480 5981 5737 11978 6963 3234 12872 12287 1703 9835 11440 11952 11960 11957 11523 8102 12974 5143 14672 16301 5398 10128 14073 2806 3310 10391 13204 7608 13438 9398 11278 9541 6766 8851 17890 10991 5177 11137 7647 1409 12385 12278 14946 10141 11263 13224 704 5459 14905 12256 3304 11734 7012 9518 11179 6563 6490 6663 2010 7399 15561 5851 3033 5416 10148 18722 1174 7681 3005 13423 16672 15720 9016 16843 3444 15404 1562 5302 18320 10245 11170 4319 16831 12546 8605 4137 4848 9541 11132 4464 14276 6505 12520 4259 11169 16507 4729 10996 11932 5553 5772 6990 11750 5376 9795 15723 8486 3279 8861 6832 7374 3805 7081 11873 6182 10575 10085 11106 10069 3439 17406 2121 14624 11446 6779 15595 12887 15947 14678 7195 8434 6219 7153 10652 624 16010 5918 9063 8204 13280 13294 13662 0 15262 8163 6937 12108 6901 9183 9851 8525 9487 13338 11809 9306 15460 14610 14409 12455 11445 5227 5391 15890 4033 9756 5020 12922 7421 5483 11066 2972 12293 2739 4507 3748 8428 1854 6447 4530 10080 4794 14049 5354 12005 15300 10440 13514 4585 11513 5860 12169 6133 16415 7174 16582 13549 9604 14912 11651 5607 4997 8513 7077 7986 12087 10548 7201 2090 8593 5580 3434 10254 12185 10444 14652 10183 12377 2739 12548 15045 6652 7862 2077 10630 10412 5711 6430 8966 10025 8446 4524 6984 18161 15372 5994 15011 6733 9681 13665 5950 16295 19339 10903 9421 6513 14614 7509 14097 5210 10273 15215 4187 9399 15224 14295 12808 14461 2357 7721 13913 7787 5377 9280 6294 12027 6803 8830 11936 13345 13460 3828 2257 18061 16035 10632 13907 13449 15795 3811 17219 15801 5731 14612 12306 12573 7372 12554 7599 3706 15441 10149 12377 11742 5904 6502 13171 15414 7902 15579 16129 5265 3869 3773 6170
7344 19293 7815 12835 5702 17533 14054 5916 15755 9627 4901 20789 15017 16458 10400 3217 7825 12196 16776 14151 3983 21652 5581 9924 15581 15934 16587 14114 9317 10124 14438 16133 8823 21558 10746 9273 12470 16339 15210 11450 10742 15298 9320 17070 5629 13131 8180 17983 2125 12712 16148 18014 13869 3519 17668 12436 6236 11316 12401 3916 10397 3931 8942 8329 9636 8142 16151 16106 5845 2238 13067 3851 5184 15100 16089 16415 9034 3580 6237 4723 6075 15771 16430 8983 3940 5124 3163 16389 13648 11561 12751 3810 3701 6622 6787 17311 2514 8840 10491 19941 16094 16655 17177 16679 9812 15938 15586 15351 8379 9194 5647 4780 12412 7670 16040 15943 2198 16010 11152 14883 13952 17042 6147 2080 16283 7745 7410 11875 8243 11452 8592 3610 6778 12290 13968 10458 16538 3950 8232 14593 8127 4101 8761 15619 20082 2525 10459 12120 4285 8642 5988 8684 19663 16562 17148 15240 10668 3651 14733 17523 11846 15699 3631 15027 9283 12781 13705 2250 14171 15062 15946 16611 11932 13764 16018 3138 9286 9857 12692 4040 3155 15716 14274 13771 16376 4659 13617 993 21428 8731 19467 7137 1409 18589 10871 14756 9916 10288 16228 5773 17268 15657 2290 11472 15988 9445 11163 17364 18542 13133 11284 20929 10417 5659 7676 5487 18335 2145 16477 3227 11566 14887 3045 10739 1629 8192 21036 15681 9059 10195 4611 15755 14316 20728 6204 16171 4827 12012 8576 15262 0 16501 19066 15198 11423 16210 8693 9798 14081 2459 7425 12288 4936 14929 14514 10246 10469 20032 10388 13235 12525 11974 12662 6017 14266 20233 14554 17899 6179 16941 19519 12466 13053 16736 13448 11846 7232 13223 10418 18694 14322 12064 9349 11825 17578 16495 10551 10313 16751 15999 14929 3974 3359 5918 3093 7273 9749 12671 7657 12366 8766 4190 10295 14149 15737 11543 10271 16297 5309 10229 9507 11637 6531 13595 15578 6770 5634 8880 14556 13481 11374 8288 16194 15704 7346 8022 14667 11863 10380 3035 3552 10864 3592 13388 5664 10496 10017 5981 4410 4497 16275 14117 15064 15127 4160 14118 14236 6822 15356 14787 16151 1682 13154 8714 13232 7564 10582 8351 14210 16851 21382 7058 21509 9817 11451 3752 10767 11558 17026 2801 1197 8174 10167 6048 1671 11467 2518 3980 15173 13793 4634 16643 8499 2820 18243 17715 9570 10908 9223 12384 13590 8840 11843 2432 7798 7460 15947 12858 16074 14553 21153
14550 10723 13323 10749 11095 14278 3250 14366 23186 9084 13717 11054 19552 18820 11268 17993 19898 21463 14207 14857 12630 13230 18481 6778 2681 5115 13036 14625 14859 8231 8607 10219 8773 12486 11401 15333 5725 18519 10190 15262 10121 19624 9462 3871 17768 3737 9541 12425 14782 3795 2041 7633 4716 15171 12376 22150 17637 7375 5528 18902 6134 16755 7608 11830 18781 18370 16787 6379 18316 14585 17516 13944 15270 4394 2253 6244 8897 20044 11646 15618 18572 13823 1763 16413 12678 16345 15935 9287 12619 6720 6859 13021 18648 10161 11102 11494 18135 10385 6715 12983 4376 15095 11173 5142 18131 9823 17638 19045 9254 17593 15946 14869 15183 10448 3084 22026 18327 13527 6066 21256 5783 5714 14371 14901 556 18361 9095 6311 8299 5191 14128 17655 15505 5108 18443 13862 8997 15417 17496 21931 15312 12679 18572 7602 12339 17393 8078 7556 12217 11477 10898 16638 14318 14630 14824 10145 5879 18465 2608 10711 5430 17946 19080 7001 13166 9809 20385 18565 22469 16780 23875 5190 21539 8557 2912 18896 7627 17120 11444 16051 15012 1103 11980 4003 17503 14169 12065 15590 12628 17924 8938 15892 17278 12416 6833 19349 10365 7197 1186 10984 13518 17615 15787 5115 5026 14633 5483 15533 7234 14458 7208 12706 16781 10982 9275 13175 7510 18378 6623 14317 6666 1877 18219 19000 16374 19618 14451 1017 9408 6456 12737 8613 22752 12408 11377 16224 12433 19775 10455 8163 16501 0 14942 19608 13568 17145 7973 14458 16980 14059 16688 16277 18947 21729 21451 8382 7443 11911 7480 22342 5848 16588 4837 11453 2241 12181 18527 10205 16579 6321 11023 6234 3600 9577 3271 6185 14727 12234 19897 13180 19307 21494 7667 19906 12622 3688 6727 18210 14291 23529 1664 19385 16445 10936 14624 9845 8653 12179 12959 4174 13172 15194 16707 2383 10251 5074 7446 11587 13307 8174 16281 20816 9972 6170 5463 10723 13373 8725 15599 7170 6204 8501 2529 14481 9240 8597 2036 6169 13067 19493 14791 6219 14444 14210 12476 19594 7450 20053 19381 13464 17376 2636 21767 15396 17401 3476 17734 19530 3976 17071 22550 16345 6870 19632 7098 10276 19837 12518 3286 17325 12053 10207 13244 14793 18399 16436 19510 7809 9944 19027 16733 15853 19688 11804 16184 8914 18968 18803 13728 21431 15760 4819 11985 13793 15752 11519 20767 6275 8992 6349 13478 10485 19614 15414 12052 20083 23274 12552 4436 11708 12249
12014 5112 11280 6639 14687 1540 16426 13276 13088 19214 20262 6167 9002 6853 8818 22145 15918 13887 2338 5465 16072 4799 16320 15888 12301 9826 2610 5385 10294 18665 6874 4829 17955 5472 8439 10572 10911 6604 5213 8442 8897 8840 10816 11306 15567 12970 12237 2526 18918 14208 16756 7768 10877 20593 2569 14584 14925 10333 11221 18347 15027 22060 15451 10825 13028 13947 4887 8564 15915 18733 8607 19595 14237 18462 16931 8721 11661 21933 19058 14793 15981 3332 13210 11521 17518 14867 16260 5664 5421 18225 19359 15798 22714 14250 18916 3449 18718 10793 12239 3072 18903 2892 3771 19791 12218 5236 6316 8106 18125 12277 14175 14447 7439 18983 11859 11348 19384 3056 16811 11237 9714 9399 13064 17034 14392 14290 15105 18035 15575 13435 10702 22314 12943 11924 8699 8813 5945 15367 13054 12372 11624 15673 13599 7388 3945 17840 18802 9372 16592 10578 14376 11957 1300 2728 2169 5233 13928 18039 12766 4265 12073 6542 22697 8097 9822 7160 11176 19806 13466 5969 13898 9823 14225 7300 12031 22193 16594 11268 6531 21668 15947 15486 4923 11778 5419 14419 5515 18182 5153 12994 7304 12841 20457 2711 17629 8997 9633 11847 13756 17221 1896 6224 20210 15211 9917 10073 13440 2438 8522 6332 18545 4464 10474 15068 17096 13601 8083 21112 8344 19457 18164 13691 18306 12261 20187 15250 2831 15314 11173 13521 14772 6396 13725 4561 13480 4327 18564 11972 19836 6937 19066 14942 0 8908 7773 5195 16040 9662 7126 17775 13119 8297 17429 11815 11810 18963 18010 4388 11342 14123 10715 8845 11833 18531 14357 4280 8246 4907 14126 8742 4948 10348 15325 5365 13368 11043 12182 5869 13557 1882 9339 14047 16806 12294 2351 18412 12114 11838 2387 13363 14087 18990 16395 14466 19698 17557 10955 6415 11410 13908 10332 15076 10529 14138 4930 15330 11547 3635 13773 18697 10946 13565 15689 19256 9497 18347 20503 12071 5507 8665 17338 16528 12421 3608 14526 16040 15378 11043 8724 21527 20260 12414 19934 5966 13570 13138 11923 17865 23458 14621 5378 13449 11748 4760 16481 12147 7706 16395 11018 6517 11882 17674 19646 14793 8896 12442 13339 10719 12313 4774 5730 17889 4602 9786 10985 16069 12797 9679 5005 21698 20093 11887 13542 19067 20076 8897 20390 18154 3944 12416 14940 19488 10620 16811 1709 3444 15393 16796 18712 18540 5545 10742 11940 19976 11338 16486 13050 6209 10510 4768 5233
8294 13089 8613 8876 13420 7919 19658 9716 4233 19806 18413 14542 190 2227 8762 18382 9033 5473 7292 4934 13949 13641 10450 17206 17057 15169 8308 5170 6471 19606 11337 10707 18425 14202 8502 6278 14036 2391 10174 4808 9787 111 11251 16983 9966 16339 12194 10149 16052 17189 20856 14582 14892 17979 9895 6061 9257 12558 14296 12810 16690 18995 16293 9448 6064 7523 4050 14181 10042 15938 2426 17418 10110 21695 20965 14498 12209 16912 18104 10504 9958 6893 18207 6239 15605 10085 12038 11757 7126 19925 21333 13390 18774 13575 18248 10414 13756 10545 14051 11739 22454 6279 10604 23358 5569 10952 2626 803 18353 6083 9555 10631 4514 18716 16924 2605 14511 7369 18599 2329 13864 15412 9491 13644 19078 7959 15079 19921 16027 15821 7457 18808 8502 14902 1365 6395 12130 11313 7081 3474 7287 13469 6938 12809 12498 13080 19868 12117 14801 9554 13230 6515 10180 6677 7007 10233 15832 12673 17012 11338 14770 2373 18500 13060 7638 9809 2517 14924 4605 3233 5044 15535 5874 11183 17053 17921 17498 5341 8171 18884 12267 19680 7975 15644 3494 11088 7682 14631 13901 6678 14914 8090 16546 10768 19131 442 9893 13482 18548 16274 8418 2710 17110 17412 15276 6501 15660 6506 15455 5156 20048 13194 4829 13887 17129 10913 15001 16768 14211 17018 19879 17854 13170 4925 16730 8339 11737 19529 11517 15164 12442 11965 4850 13217 12036 4672 17024 3963 19799 12108 15198 19608 8908 0 6244 3718 16703 6358 2642 15071 7784 3655 11587 2907 2921 19896 19248 12835 12982 5416 13878 3634 15044 17564 18095 12824 1083 12150 9040 14812 13064 13464 18297 11744 16854 13741 8318 7432 5954 10158 907 5666 17713 4293 9575 22259 13961 5044 7185 4533 18197 13365 11870 13296 17142 17336 11926 7432 9014 16748 7988 11125 4954 17857 10418 17550 13127 9510 10998 19681 5766 5394 15163 21630 14681 17769 18932 12620 4287 12469 19133 16933 17459 6162 14415 16346 19111 13753 7099 16680 17771 14480 17555 5435 11371 5614 13364 11489 19369 11791 3530 17269 2843 4807 11354 16160 1875 9882 15865 2757 3164 13525 21727 7737 12517 11856 5709 8818 16353 4164 14372 17518 13441 6134 3848 11475 5232 11981 11632 17178 16391 7099 6075 18023 16698 10826 15461 12617 6610 3633 10577 23120 9178 14074 7217 10754 7820 18469 19226 20546 6229 10435 4039 17028 9664 9662 4224 7067 15823 8363 13896
4241 9524 3620 3256 7903 6235 13425 5543 9620 13849 13376 11146 6152 6191 2523 14579 8688 8324 5439 2799 8913 11228 8680 11051 11132 9580 5521 2722 2627 13564 5968 6353 12470 11421 2260 3007 7890 5952 5489 1724 3554 6284 5061 11381 7896 10157 6151 7273 11558 10959 14690 9834 8887 13373 6941 9061 7300 6348 8132 10602 10484 14703 10200 3683 6259 6695 5036 8827 8293 11393 3976 12535 6470 15454 14788 9179 6040 14168 12630 7023 8397 4441 12299 4151 10515 7103 8513 7162 2601 13757 15146 8504 15113 7813 12660 6923 10945 4453 7809 9296 16223 5232 6931 17124 5438 6399 5021 5842 12462 5198 6410 6712 1741 12992 11101 8503 11616 4760 12405 7694 7971 10101 5322 9456 13057 6951 9163 13730 10013 9578 2929 14820 5189 8708 4965 1049 7486 7622 5712 8377 3922 8460 6525 7580 9711 10070 13805 6012 9614 3637 7647 4567 8564 5162 5752 5544 9598 10281 10960 7536 8550 5261 15041 7571 2162 4041 6828 12039 8998 4238 10319 10069 8506 5585 11209 14517 11421 4322 2590 14405 8272 13547 3542 9567 5475 6768 2874 10593 11200 5834 10694 5133 12830 7958 12980 5920 3668 7241 12570 10738 6121 5051 12801 11175 9683 2374 9416 5940 10664 1792 13910 10567 3682 8354 11263 6091 10260 13413 8976 12279 13708 11758 10534 5987 12668 8099 10088 13402 5354 8940 7461 7005 9286 10449 6524 4893 11787 6438 14024 6901 11423 13568 7773 6244 0 5210 10658 1962 3812 10440 5530 2716 9748 8162 7887 13861 13142 9835 6739 9048 7747 3029 8875 12079 11925 9956 5178 8211 6415 9600 9640 7345 12059 7332 10675 7546 4409 2416 7169 7802 5803 8406 11640 6639 6748 16050 7718 5280 5400 9962 12082 11247 8627 7727 12478 11558 5698 1994 3844 10514 2679 7337 3662 11689 5946 11313 6885 5792 6244 13631 3679 7753 9417 15409 9076 12132 13765 6467 3357 6617 12944 10957 11598 4289 8498 10379 12924 7559 1124 13772 13082 8237 12794 1978 6245 6777 7129 10305 15834 7117 5350 11129 8200 3791 8721 10092 4441 8956 10037 4230 9012 9957 15532 7782 6600 5962 7023 3283 10283 5766 11397 11798 11050 2171 5062 8297 6562 5806 7419 13979 12507 4269 7041 12585 12578 4666 12623 10411 3830 7922 7169 16890 3417 9431 6824 7357 8668 12286 13277 14348 2229 4351 6304 12614 4083 9179 9707 1893 10164 3961 11029
8870 9513 8640 6581 13113 4238 17719 10321 7927 18921 18558 10907 3807 1849 7468 19421 11484 8821 3685 2573 14069 9926 12361 15942 14495 12349 4808 2758 6894 18571 8569 7479 17553 10503 7109 6968 11922 1550 7137 4760 8202 3654 10023 14116 11708 14244 11254 6540 16604 15269 18623 11313 12502 18466 6313 9491 11006 10692 12215 14610 15267 19716 15191 8894 8454 9640 384 11236 11940 16452 3794 17687 11046 19802 18758 11519 11010 18538 17839 11549 11938 3523 15596 7551 15693 11376 13120 8552 4622 18589 19921 13622 19906 13005 17860 6927 15281 9560 12445 8038 20456 2630 7155 21370 7721 7786 1133 2915 17581 7970 10729 11431 3824 18167 14254 6219 16010 3951 17191 6045 11376 12395 10087 14368 16596 10039 14296 18510 15078 14076 7670 19733 9505 12889 3605 5940 8925 12274 8896 7177 8123 13606 9175 9855 8817 14480 18789 10016 14801 8836 12857 7955 6462 3072 3324 7191 14277 14379 14625 7884 12856 1347 19750 10259 7274 7500 6014 16438 8275 1170 8739 12614 9184 8591 14401 19196 16415 6988 5984 19471 13079 17387 5165 13340 359 11661 5146 15469 10198 8683 11452 9240 17616 7125 17854 3804 8604 11914 16016 15946 4800 1037 17803 15801 12455 6773 13973 2789 12178 3454 18795 9491 6222 13564 16401 11146 11716 18055 11194 17397 18536 15522 14768 7509 17584 10785 8026 17224 10353 13684 12589 8915 8533 9525 11732 1039 16989 6988 19181 9183 16210 17145 5195 3718 5210 0 15692 6440 2342 15513 9256 4033 13518 6624 6615 18872 18081 9172 11379 8972 11742 4478 12951 17288 15924 9146 3087 8697 10446 11758 9462 11320 16417 8467 14734 11771 8978 5091 8761 6476 4165 8994 16635 7324 5986 20147 12336 7259 3576 8214 15895 15227 13104 12937 17579 16725 10523 5348 8938 14866 7763 12023 6315 15686 7263 15936 11559 6159 11280 18630 6961 8572 14603 20067 11892 17327 18965 11450 1876 10012 17738 16040 14813 2784 13637 15472 16971 11779 6327 18215 18194 12797 17921 3433 11389 8357 11867 13712 20583 12149 240 15042 6560 1776 12888 13825 2676 12140 13232 1594 6767 14625 20281 10252 10127 11138 8527 8460 14015 666 10687 16978 9727 6395 6220 12729 7988 10040 8290 18560 17355 8188 8796 17795 17513 8924 17011 14413 3452 7239 11666 21104 8626 14495 3518 7225 10658 17103 18359 19103 3884 9467 6988 17647 9281 12094 7901 4953 13036 5453 10206
9210 14012 8354 9590 4084 14760 5362 8349 19221 3243 5885 15147 16578 16846 8232 10023 13678 16533 14266 13121 5118 16724 11805 1232 7675 8941 13478 12950 10468 2909 9449 11607 1919 16308 8584 10819 5746 16600 10939 11897 7545 16762 5669 9463 11247 5145 4520 14023 6848 4315 7457 11693 6727 7228 13795 17091 11355 5741 5506 11617 1900 8843 614 7268 13580 12660 15442 9645 11763 6658 14287 5988 8897 6577 7396 9840 4683 12164 3902 9046 12044 13435 8256 11521 4775 9858 8824 11293 11374 3479 4914 5663 10680 3429 3465 13091 10621 6207 3885 15544 7567 14712 12832 8264 13182 11253 15662 16422 2108 12513 9701 8343 12362 3150 8267 18581 10681 13406 2573 17600 7409 10128 8463 7372 7842 12496 1804 3636 706 3539 9490 9704 9783 5002 15348 10315 11252 8571 12028 17898 10240 5330 13062 9841 15310 10002 3166 6742 4479 7149 4067 11559 16063 14385 14843 10934 2691 11196 6703 12822 4623 15913 11107 9045 9076 8912 16491 10862 18054 14847 19738 9558 16470 8879 8188 10931 835 12459 9963 8158 7874 7095 11372 6216 15999 7565 10995 7853 16295 12564 13305 10271 9350 14403 2650 16321 7088 4205 7918 3018 14173 15685 7815 2858 8951 10356 3327 15378 11912 12276 3460 16022 12472 3750 1410 6886 11877 10459 10060 6345 3452 6581 10830 14212 8419 13611 16957 7080 5341 2716 5806 10471 18300 15751 5109 15110 4474 15313 3827 9851 8693 7973 16040 16703 10658 15692 0 10408 14454 6236 11051 13049 11963 17923 17554 3203 2595 15068 4699 17561 5905 13103 5315 3590 5802 15328 15694 12821 10458 10300 14306 6122 4413 11692 5283 5332 9311 10849 14705 14870 16082 16496 1031 15319 13871 7875 4009 13461 14299 19546 6527 12001 9369 4051 6652 2014 5236 10453 7923 4092 8773 8436 12360 5735 11346 2905 4494 12473 6937 2980 11665 15856 2336 5505 8776 2963 5678 4243 13824 7778 2939 606 8240 13790 2394 677 6038 5339 9655 11614 6843 3868 6489 12259 6165 14525 4118 13142 11419 6683 15867 5893 18009 14017 10461 6359 15022 13041 7930 14885 19005 8839 5341 13823 7501 4868 14732 7936 6377 16147 15992 2409 16643 10678 14112 9479 14582 6373 12086 11096 8804 10705 14452 4024 8228 7179 11204 11559 13016 17213 9147 8171 7534 6182 16009 13371 14971 2341 2701 4258 11897 6311 15128 7442 7124 13680 19363 10827 8790 11388 15941
2462 11431 2303 4919 7078 8132 13885 3888 8981 13464 12270 13054 6219 6961 3232 12999 6781 7025 7324 4400 7763 13187 6722 11005 12192 10933 7475 4396 668 13297 7564 8217 12086 13368 3199 1094 8736 6784 7319 1725 4381 6427 5246 12687 5942 10860 5953 9234 10180 11475 15361 11527 9915 12060 8902 7730 5339 7085 8931 8686 10587 13280 10034 3145 4584 4807 6360 10325 6333 10033 3933 11343 4691 15833 15435 10684 6119 12354 11795 5226 6435 6341 13355 2294 9415 5217 6768 8957 4561 13722 15151 7264 13499 7219 11912 8867 9107 4411 8184 11258 16672 7000 8863 17550 3816 8225 5937 6193 12001 3437 4528 5021 2620 12361 12254 8188 9799 6688 12451 7234 9148 11587 3655 7928 13979 5034 8742 13755 9720 9995 1233 13296 3288 9410 4993 941 9261 5896 3814 7670 1971 7288 4707 9171 11665 8251 13569 7013 8564 3323 6879 2681 10500 6992 7583 7372 9845 8379 11880 9447 9170 6103 13376 9042 1375 5540 6181 10226 8061 5317 9590 11480 7133 7085 12342 12834 11219 2725 4345 13049 6652 14297 5484 10481 6632 5221 4803 9034 13152 4004 12493 3187 11207 9919 12911 5955 4106 7614 13550 9942 8061 5995 11366 11420 11032 414 9789 7686 12328 3404 13808 12523 2324 7546 10777 4761 11946 11707 10523 11015 13680 12598 8665 4573 11145 6220 12038 14165 5444 9145 6255 8710 8337 12401 5687 6376 10787 5328 13442 8525 9798 14458 9662 6358 1962 6440 10408 0 4480 9105 3570 2785 7798 7604 7262 13582 12982 11780 7180 7884 8624 2724 9640 11250 12623 11907 5416 10095 4473 11140 11559 8260 12506 9160 11376 8284 2596 4343 5607 9760 5685 7070 11430 5449 8710 16594 8117 3795 7276 9319 12886 9329 6823 6946 11182 10978 6018 3871 2678 11015 1639 5628 2249 12395 7802 11557 7283 7737 4881 13375 1936 6394 8806 15529 10434 11423 12735 6490 4759 7884 12971 10606 12709 6104 8082 10019 13564 8300 1548 11981 11803 8662 11545 3721 5106 5253 7440 8343 14193 5738 6523 11903 7675 5354 6823 11007 4852 7006 11210 5115 8631 8253 15558 5954 7809 5540 5502 2476 11191 7068 13334 11163 13010 335 3970 6473 5112 6674 9279 12246 10928 2308 5439 11723 11074 5645 10809 8493 5730 7076 5360 17343 2886 8086 8595 9301 6916 12300 12883 14389 4149 4298 5163 11216 3312 7251 9103 3831 11459 5892 12975
6798 10759 6774 6239 11471 5878 17120 8265 6655 17626 16749 12279 2610 2485 6321 17299 9148 6773 5140 2348 12241 11633 10037 14863 14418 12531 5990 2577 4819 17363 8701 8175 16244 12098 6025 4809 11443 2304 7587 2757 7278 2650 8872 14346 9400 13759 9937 7904 14625 14648 18261 12036 12265 16521 7620 7482 8694 10007 11710 12307 14288 17694 14005 7319 6126 7299 2459 11556 9616 14486 1500 15822 8897 19173 18374 11878 9852 16274 16211 9376 9607 4538 15567 5265 13891 9143 10952 9205 4491 17568 18954 11744 17758 11497 16292 8034 13024 8247 11577 9670 19909 4264 8192 20817 5383 8394 1507 2081 16215 5631 8515 9327 2092 16683 14282 5185 13761 5022 16212 4646 11226 12795 8030 12315 16447 7699 12916 17537 13800 13318 5701 17645 7318 12332 1732 4218 9576 10132 6565 5636 5954 11767 6835 10190 10353 12245 17608 9518 13031 7352 11245 5656 8305 4558 5015 7646 13384 12088 14388 8919 12220 1630 17572 10423 5557 7174 4228 14188 6592 1222 7444 12905 7103 8541 14412 17010 15225 4654 5537 17494 10988 17073 5368 13028 2394 9634 5046 13387 11814 6342 12467 7013 15477 8564 16792 2445 7474 11015 15913 14337 6234 1582 15781 14954 12637 4750 13172 4706 12908 2522 17721 11112 3900 11935 15005 9239 12459 15861 11598 15487 17519 15238 12496 5222 15509 8451 9916 16920 9165 12735 10735 9367 6873 11096 10073 2852 15249 4846 17739 9487 14081 16980 7126 2642 3812 2342 14454 4480 0 13567 6968 1793 11196 5208 5072 17657 16951 10641 10501 7092 11282 2169 12459 15663 15505 10665 1580 9720 8181 12203 10767 10864 15769 9220 14270 11175 6880 4789 6498 8054 2560 6929 15443 5168 7318 19689 11481 4928 5043 6981 15586 12917 10897 11319 15648 15266 9496 4800 7125 14215 5991 9895 3998 15267 7863 15092 10658 7054 9356 17431 4683 6439 13104 19202 12042 15784 17206 10278 1810 9832 16752 14735 14817 3863 12249 14153 16529 11186 4806 15967 16271 11987 16019 2793 9576 6085 10917 11372 18417 10206 2322 14668 5192 2483 10618 13541 786 9798 13224 754 5738 12463 19338 7926 9884 9691 6270 6773 13735 3004 12217 15484 11435 4361 3930 10515 5728 9410 9140 16346 15245 5957 6513 16149 15450 8255 14756 12109 4152 5488 9483 20572 7045 12550 5572 8406 8378 16095 17050 18154 3592 8143 4816 15650 7624 9756 6685 4430 13183 5769 11762
6811 17476 6875 11292 3523 16270 11597 5360 16279 7388 3485 18913 14902 16030 8962 4576 8971 12923 15559 13236 1811 19947 6759 7466 13223 13727 15215 13161 8758 7809 12577 14419 6467 19779 9337 8844 10239 15870 13526 10827 9083 15161 7436 14771 6511 10742 6153 16442 1144 10276 13690 15960 11606 2956 16140 13286 6940 9223 10144 5781 7945 4291 6486 6963 10104 8742 15398 13997 6893 960 12770 2402 5063 12678 13632 14290 6984 5987 4152 4814 7166 14568 14037 8880 1519 5502 3664 14557 12381 9181 10421 1976 5218 4373 4634 15694 4567 7128 8208 18334 13673 15581 15529 14281 10074 14184 15039 15094 6048 9397 5778 4486 11695 5483 13706 16199 4500 14747 8711 15135 11787 14863 5589 1715 13852 8414 4982 9480 5786 9053 7874 4599 6616 9976 13758 9586 14670 4013 8546 15032 7785 2127 9315 13631 18390 4149 8147 10099 1856 7197 3838 8680 18241 15425 15994 13549 8251 5410 12351 15802 9531 15196 5426 12986 8286 11093 13942 4645 14796 14413 16584 14402 12724 11902 13674 5086 6842 9843 11265 3966 2992 13262 12877 11446 15723 3983 12261 1659 19673 9098 17464 7076 3316 17008 8466 14633 8273 8064 13814 3353 15918 15099 2447 9016 13774 8818 8766 16299 16434 12221 8931 19219 10250 3374 5257 4368 16259 4370 14382 1948 9182 12469 4914 11091 2616 9170 19522 13230 7134 7809 3011 13869 14980 18999 4378 15320 2698 12361 6488 13338 2459 14059 17775 15071 10440 15513 6236 9105 13567 0 7597 11810 6482 15274 14862 7957 8093 18297 8227 13990 10312 11594 10348 3817 11828 18514 14292 16102 6490 14811 17720 10294 10596 14923 11040 9627 6764 11911 11056 17199 14245 12821 6913 12235 16087 14056 8279 10524 15549 16556 12500 6031 4138 3756 2082 4894 7738 11371 6601 9940 7778 4103 10123 11716 14041 9085 8089 14746 4232 7914 9310 12300 4088 11237 13399 4507 4132 6764 13740 11451 8950 5841 13833 14609 4976 5564 12212 9643 9331 5436 2709 8548 2485 12412 4229 11041 7802 7648 6003 3367 15611 11707 15396 14228 5240 11769 13853 8079 13070 14219 16482 2926 10833 9591 11189 5642 11176 7180 11851 16120 19568 4720 19816 9207 11552 4433 11245 9545 15242 5034 2791 7993 10792 3980 2458 9622 4969 5777 13997 14248 4807 14234 7184 1019 17136 16079 10606 8467 6938 10008 12471 7153 12179 2202 6466 8750 16459 11615 13819 13102 19376
2144 14964 3406 8330 7054 11610 15493 2715 8703 13660 11067 16584 7601 9192 6204 10599 3388 5553 10793 7703 6892 16757 3202 11953 14724 13868 11025 7751 2903 13717 10843 11722 12365 16933 6330 2557 11146 9111 10804 4714 7217 7885 7246 15522 2475 12959 7274 12803 8462 13277 17242 14840 12489 10385 12471 6061 1808 9491 11270 5359 11809 11273 10857 4905 2600 1688 9282 13441 2797 8376 5766 9999 2546 17245 17277 13801 7811 9311 11210 2810 2875 9835 15846 1705 8451 2303 4278 12398 8131 14530 15965 6253 10993 7623 11498 12431 6073 6327 10019 14825 18171 10350 12418 18988 2477 11699 8458 7983 12142 1807 1835 3148 5741 12152 14905 8621 6818 10208 13462 7556 11934 14665 2589 6017 16268 1695 9248 14662 10351 11740 2958 11034 1271 11592 6592 4505 12679 3631 1001 7441 1680 6442 2012 12410 15234 5333 14032 9725 7814 5289 7007 1319 14018 10407 10990 10854 11347 5123 14232 12985 11258 8519 10736 12159 4128 8808 6364 7242 7285 8086 9059 14471 5447 10291 14965 10161 11884 2451 7827 11219 4639 16328 9049 12884 9354 3815 8365 6916 16719 1561 15914 808 8763 13488 13700 7342 6638 9505 15933 9591 11591 8541 9419 12811 13959 3161 11482 10999 15601 6788 14495 16093 3098 7472 10959 4189 15247 9006 13689 9523 14501 14814 5531 3499 8983 2970 15576 16220 7280 10642 5540 12069 7494 15969 5952 9460 9921 4764 13265 11809 7425 16688 13119 7784 5530 9256 11051 3570 6968 7597 0 5224 4328 7677 7265 13966 13610 15344 9210 6612 11081 4799 11891 10716 14636 15473 7200 13609 1258 14289 15102 10786 14152 12629 13447 10590 1962 7905 3684 13317 6900 5493 12065 4649 12275 18244 9990 2939 10735 8991 15041 5983 4086 7036 9600 10967 8049 7417 3738 12818 3852 3499 2988 14430 11302 12937 9243 11302 4170 13810 2296 4888 8947 16523 13386 11123 11673 8041 7880 10827 13919 11054 15293 9518 8679 10501 15458 10608 4950 9019 10222 10522 10053 7156 4892 3564 9263 4779 11600 4696 9272 14056 7801 8570 3657 13387 6977 3455 13916 7714 8888 5747 16393 2945 10693 6600 3743 4276 13554 9921 16891 11030 16580 3375 4035 3692 3707 9268 12776 9447 8621 1262 3424 11087 8964 8456 7803 5161 9229 6662 2852 18828 4797 6674 11921 12865 4089 13265 13095 15294 7680 6234 4582 9376 4637 3771 8879 7398 14310 9452 16538
5019 11264 5087 5759 9856 6892 16109 6486 6922 16165 15034 12850 3538 4221 5177 15505 7653 6056 6089 2896 10531 12500 8348 13554 13817 12160 6677 3040 3052 15954 8424 8355 14783 12861 4954 3018 10606 4071 7616 1153 6255 3713 7615 13975 7680 12870 8539 8603 12856 13650 17403 12093 11585 14759 8290 6798 6983 9056 10847 10580 13051 15913 12637 5805 4732 5723 4065 11316 7929 12721 1276 14088 7104 18124 17500 11659 8564 14511 14579 7583 7940 5274 14982 3519 12186 7363 9159 9302 4414 16274 17685 10015 15965 9957 14689 8533 11256 6892 10456 10518 18909 5415 8630 19807 3922 8496 3300 3417 14722 4037 6728 7537 1208 15123 13760 5794 11989 5731 14955 4980 10640 12586 6251 10531 15763 6098 11439 16274 12375 12244 3972 15854 5526 11418 2313 2740 9657 8338 4909 5705 4161 10053 5325 10005 11104 10467 16215 8723 11343 5900 9649 3927 9366 5588 6129 7675 12215 10346 13669 9321 11252 3415 15781 10099 3998 6632 4159 12417 6416 2863 7640 12610 6313 8131 13874 15220 13843 3028 5046 15723 9199 16262 5413 12278 4142 7859 4901 11598 12599 4759 12745 5229 13683 9292 15478 3287 6282 9884 15268 12722 7079 3373 14001 13797 12265 3008 12070 5988 12951 2363 16393 11915 2237 10323 13501 7509 12522 14073 11421 13738 16228 14472 10738 4037 13719 6973 10978 16117 7872 11539 9020 9304 6707 11857 8461 4296 13568 4080 16196 9306 12288 16277 8297 3655 2716 4033 13049 2785 1793 11810 5224 0 9502 5457 5198 16244 15593 11329 9396 6623 10462 555 11590 14033 14638 11394 2655 10082 6416 12042 11320 10059 14738 9393 13388 10258 5095 4523 5332 8912 3113 6174 14058 4347 8023 18752 10371 3547 6008 7265 14797 11199 9110 9718 13892 13726 8310 4326 5462 13201 4378 8103 2316 14403 7988 13935 9533 7452 7617 16028 2928 5582 11555 17997 11659 14196 15511 8971 2809 9267 15487 13287 14268 4750 10773 12700 15634 10271 3458 14195 14517 10899 14272 2778 7887 4911 9752 9755 16625 8457 4055 13844 5491 3549 8858 12803 2068 8214 12695 2514 6298 10670 18081 6500 9270 8211 5131 5196 12994 4697 12922 13923 12307 2621 2832 8729 4601 8521 9392 14562 13453 4173 5287 14508 13663 7381 12987 10382 4745 5314 7691 19578 5533 10794 6902 8943 7116 14821 15586 16901 3592 6782 3986 13876 6048 8239 7003 4041 12771 5852 12497
5689 18960 6818 12234 8010 15912 17100 4971 11269 13769 9696 20565 11398 13271 9878 7555 3033 7608 15098 12030 6890 20915 1160 13099 17407 17044 15268 12074 7148 14086 14517 15690 12702 21029 10101 6858 13898 13228 14750 9042 10687 11696 10058 18527 1862 15263 9503 16988 6807 15239 19073 18463 15326 8446 16656 7724 2527 12375 13941 1281 13270 8742 11991 8076 5551 4065 13567 16843 1581 6832 9881 8593 3894 18532 19061 17193 10268 5386 10633 3425 1630 14127 18439 6002 7879 2878 3139 16249 12323 15285 16627 6306 7753 8885 11099 16541 2587 9246 12304 19015 19516 14677 16497 20226 6031 15614 12655 11937 12340 5610 3512 4146 10069 11926 17717 11760 3273 14484 14535 10743 15025 17986 5078 4841 18610 3629 10278 15523 11342 13764 6918 8154 4610 14079 10563 8700 16493 3530 4639 10233 5828 6634 4657 15989 19368 2438 14425 12874 7686 8483 8142 5580 18297 14726 15311 14795 13153 1334 16738 17012 13676 12683 7318 15602 8016 12544 9638 3616 9622 12353 11345 17693 7288 13901 17742 6738 12720 6547 11831 8949 4089 18373 13189 15517 13591 4791 12496 5031 20834 4943 19686 4614 5877 17663 14500 11162 9953 11902 18396 9565 15859 12743 7226 14363 17122 7384 13476 15327 19155 11104 15112 20232 7297 8254 11355 5835 18848 5655 17144 7988 15273 17141 1960 6713 6523 3551 19835 18297 9952 12518 6277 15810 9726 20089 7572 13773 9180 7889 12959 15460 4936 18947 17429 11587 9748 13518 11963 7798 11196 6482 4328 9502 0 10670 10266 14271 14233 19440 11774 8588 13884 9041 14427 10275 16746 19589 11198 17574 3335 17707 19125 13679 15884 16521 15690 13281 5489 12043 6020 17546 10680 7449 12847 7632 16480 19764 12316 6553 15043 11475 17288 1780 2594 8122 7922 11132 10762 11523 6948 14815 7600 3756 7204 16576 15269 14467 11737 15424 5683 14190 6596 7138 9628 17363 16599 10915 10413 10330 12203 14137 14884 11744 18013 13835 9915 11305 17389 13300 9006 5236 8444 12778 8429 11464 6494 6215 11627 1188 8191 5493 13517 16351 10816 12897 1546 15968 11106 1992 16830 11949 11869 3595 17053 4150 13950 8758 6229 7677 16107 14184 20953 11039 20744 7649 7748 2524 6555 12345 16715 5890 5988 5543 5804 10462 6593 11793 4059 1114 13518 9444 3266 20130 8092 6005 16249 16973 4792 14303 13276 16107 11946 9186 7750 7352 7619 2572 11469 11560 17374 13568 20627
8884 15913 9574 11171 14266 10808 21441 10127 1473 20860 18736 17394 2821 5055 10545 17984 7763 3362 10157 7552 14451 16543 9633 18586 19273 17564 11126 7777 7460 20772 13775 13380 19501 17093 10361 7105 16042 5260 12768 6480 11661 2976 12829 19383 9354 18282 13539 13000 16130 19002 22814 17234 17042 18046 12735 3716 8705 14464 16276 11948 18190 18844 17587 10723 5293 6803 6951 16660 9270 16049 4254 17674 10213 23417 22904 16992 13720 16048 18748 10480 9111 9688 20438 6556 16062 9881 11870 14404 9609 21295 22730 13835 18287 14600 18978 13208 13103 12013 15747 14632 24237 9163 13380 25123 5201 13592 5522 3709 19360 5877 9506 10803 6597 19552 19207 1127 13847 10170 20045 581 16092 17916 9932 13685 21218 7218 16193 21342 17223 17554 8432 18494 8718 16826 3492 7972 14774 11298 6753 651 7814 13982 6179 15314 15379 12573 21060 14174 15357 10925 14133 6658 13086 9545 9898 12828 17441 11909 19122 14111 16635 5277 17920 15478 8978 12066 1432 14230 1831 6053 2239 17984 3775 13535 19324 17335 18747 5571 10453 18844 12313 21692 10537 17729 6398 11409 10146 14531 16794 6222 17670 8232 16179 13632 20476 2866 11590 15173 20725 17020 11280 5609 17037 19019 17670 7592 17360 9410 18105 7530 21358 16087 5452 14723 18138 11512 17659 16207 16730 17200 21255 19916 12478 4205 16536 7146 14643 21550 13041 16744 13004 14532 2028 16104 12954 7564 17526 2927 20661 14610 14929 21729 11815 2907 8162 6624 17923 7604 5208 15274 7677 5457 10670 0 415 21047 20514 15706 14713 2874 15903 5150 17013 18231 20053 15703 3709 14916 8837 17343 15902 15504 20063 14427 18800 15670 8839 9829 4650 13043 2649 3563 18952 3105 12420 24121 15671 4755 10052 1813 20236 12419 11581 14185 17274 18255 13579 9718 10004 18547 9195 11176 5566 19819 13063 19156 14832 12254 11552 20856 6297 3615 16117 23128 17066 18552 19328 14094 6995 14714 20560 18065 19720 8975 15550 17481 21033 15684 8757 15904 17894 16211 17730 7880 12097 4479 15014 10286 18798 12232 6436 19275 151 7595 10828 18254 4438 8753 18142 5534 1222 13256 23141 6532 14723 13072 4443 10022 18445 7063 17254 18381 16343 7302 3847 11195 4175 13952 14348 16521 16119 7447 4869 18641 16538 12822 14714 11771 9346 1269 10509 24907 10475 14339 10122 13566 6200 19889 20280 21977 8716 11900 3103 17018 10806 8360 1546 9394 18190 10951 16782
8492 15814 9202 10937 13878 10761 21120 9725 1738 20478 18326 17312 2812 5120 10242 17571 7371 3025 10091 7403 14048 16511 9224 18229 19012 17337 11031 7624 7099 20398 13562 13227 19122 17044 10068 6735 15754 5306 12593 6190 11365 3002 12497 19155 8941 17982 13185 12920 15716 18686 22513 17069 16773 17631 12649 3430 8290 14165 15984 11543 17843 18429 17224 10370 4879 6389 6929 16451 8860 15636 4028 17262 9802 23087 22600 16786 13381 15647 18348 10066 8703 9586 20178 6161 15657 9466 11455 14241 9418 20935 22371 13431 17875 14222 18581 13099 12693 11673 15422 14588 23914 9115 13262 24798 4788 13428 5498 3716 18976 5467 9093 10393 6358 19160 18958 1505 13437 10070 19692 669 15837 17712 9531 13271 20943 6805 15819 20986 16854 17231 8065 18079 8312 16526 3342 7659 14609 10884 6339 569 7423 13579 5765 15113 15321 12160 20687 13896 14955 10580 13748 6255 13071 9483 9856 12653 17106 11501 18844 13990 16328 5269 17510 15258 8637 11823 1083 13822 1692 5979 2444 17767 3441 13306 19072 16925 18380 5177 10220 18429 11899 21399 10360 17449 6408 11002 9949 14116 16748 5807 17539 7825 15765 13561 20115 2818 11274 14849 20457 16624 11211 5588 16621 18682 17442 7238 17033 9391 17939 7330 20993 16041 5082 14334 17756 11115 17494 15796 16530 16787 20895 19631 12068 3790 16121 6748 14641 21258 12704 16406 12604 14347 1929 16050 12572 7528 17122 2512 20269 14409 14514 21451 11810 2921 7887 6615 17554 7262 5072 14862 7265 5198 10266 415 0 20672 20147 15638 14394 2633 15617 4863 16719 17832 19753 15642 3625 14793 8422 17146 15811 15221 19741 14274 18501 15373 8445 9620 4247 12990 2537 3227 18584 2690 12338 23807 15348 4346 9987 2080 19947 12018 11165 13799 16860 17867 13253 9489 9633 18230 8842 10764 5194 19520 12901 18818 14510 12126 11153 20482 5914 3238 15733 22778 16837 18158 18919 13750 6875 14464 20205 17690 19466 8883 15178 17107 20728 15387 8448 15499 17480 15890 17317 7690 11706 4069 14686 9895 18388 11829 6438 18983 553 7498 10415 17975 4319 8355 17892 5448 1637 12841 22784 6133 14467 12709 4038 9665 18165 7084 17195 17990 16312 6956 3460 10780 3762 13663 14206 16112 15704 7049 4463 18240 16123 12539 14307 11366 9223 920 10095 24584 10124 13929 10128 13463 5828 19534 19899 21622 8530 11560 2689 16603 10442 7971 1844 9174 17957 10779 16726
12246 16453 11475 12660 6913 17749 5166 11252 22318 753 6061 17417 19769 20047 11423 10632 16329 19503 17300 16299 7442 19188 14301 3075 9077 10926 16447 16123 13613 302 12199 14362 1609 18680 11770 13945 8237 19799 13782 15092 10694 19956 8853 10968 13840 6850 7723 16819 8154 5633 7109 13836 8859 7743 16617 20027 14049 8638 7948 13709 3964 9097 3681 10452 16540 15511 18615 11856 14323 8016 17477 6703 11651 5283 6966 11980 7864 13368 4116 11709 14608 16507 9277 14581 6456 12522 11186 13912 14495 1715 2534 8075 11229 6453 3525 15861 12523 9411 6729 18192 6216 17802 15582 6626 16200 13986 18861 19623 1931 15520 12470 11061 15565 2648 9736 21735 12410 16446 2528 20742 9780 12064 11393 9454 8466 15305 4855 2131 3869 5704 12626 10132 12714 7307 18538 13513 13816 11118 14959 20997 13298 7785 15959 12321 17863 12066 308 9591 6593 10345 6983 14585 18879 17457 17891 13770 5069 13318 8095 15483 7040 19113 11786 11506 12262 11923 19618 12496 21099 18042 22809 11455 19412 11691 9612 11768 2458 15538 13078 8372 10275 7309 14427 8131 19183 10293 14092 9603 18706 15509 15437 13213 10504 17138 1627 19510 10274 7159 8774 4707 17126 18883 8720 4118 10909 13513 5623 18453 13889 15467 1257 18513 15596 6496 3017 9778 13943 11598 12261 7255 1758 7613 12857 17242 9482 16343 19646 7369 8532 5443 8499 13077 21336 18228 8123 18267 5432 18381 2175 12455 10246 8382 18963 19896 13861 18872 3203 13582 17657 7957 13966 16244 14271 21047 20672 0 1052 17572 7687 20548 8422 16288 7526 4238 6661 17841 18892 15375 13243 12373 16757 8727 5021 14307 6745 7974 12329 13973 17647 17671 19263 19453 2237 18368 16724 6809 6853 16510 17340 22639 7398 13986 11727 6945 7510 3143 8370 13599 11046 5675 11944 11038 15481 6713 14145 4047 7487 15348 9797 270 14763 18830 5019 3441 10885 3477 5511 7426 17008 10441 2215 2983 9529 16898 5506 3569 6365 7977 12858 12841 7425 6556 7153 15440 9094 17497 7131 15458 11864 9384 19051 7161 21138 17182 12857 8080 18224 15592 9726 18086 22148 10846 2919 16617 10179 8044 17693 11106 8024 19315 18326 3245 19128 13844 17218 11911 17581 9303 14712 12159 9990 13737 17389 4309 9296 10218 12717 13688 16115 20295 11785 6655 10720 8269 19046 16101 17745 2415 1023 2379 15054 9515 18194 8366 10281 16253 22466 13979 10601 14408 18337
11799 15418 10949 11783 6582 16822 4278 10899 21815 1659 6620 16370 19128 19310 10669 11148 16132 19112 16394 15509 7346 18153 14177 2157 8037 9875 15514 15326 13057 819 11215 13375 1658 17638 11003 13412 7227 19055 12816 14440 9882 19305 8095 9926 13668 5798 7055 15836 8431 4583 6299 12787 7815 8248 15640 19661 13825 7709 6935 13758 2984 9693 2956 9838 16155 15198 17814 10811 14168 8274 16840 7128 11388 4710 6174 10932 7108 13729 4577 11494 14452 15622 8267 14114 6573 12310 11110 12901 13648 1092 2403 7952 11767 6003 3983 14874 12640 8715 5805 17179 5688 16927 14591 6217 15770 12994 18114 18945 2135 15099 12200 10815 14863 3179 8694 21163 12589 15545 1483 20187 8750 11012 11023 9479 7496 15018 4375 1434 3299 4682 12082 10693 12345 6283 17898 12854 12797 10958 14593 20492 12833 7640 15617 11296 16838 12118 814 8642 6562 9699 6605 14148 17898 16570 16991 12802 4087 13354 7052 14476 6030 18374 12293 10480 11639 11019 19082 12709 20647 17285 22333 10403 19042 10723 8572 12229 1767 15054 12228 8969 10177 6389 13537 7081 18399 10039 13228 9751 17668 15134 14387 12838 10858 16141 611 18873 9513 6265 7777 4750 16186 18133 9129 3068 9857 12940 4617 17567 12837 14705 892 17481 15065 6202 2882 9428 12892 11967 11215 7636 1100 6592 12928 16802 9853 16102 18639 6437 7790 4514 8252 12066 20892 17195 7687 17445 5743 17907 3014 11445 10469 7443 18010 19248 13142 18081 2595 12982 16951 8093 13610 15593 14233 20514 20147 1052 0 16542 6799 20144 7415 15665 6492 4577 5646 16812 18228 14353 12966 11323 15723 7732 4007 13295 5695 6991 11897 13129 17276 16687 18645 19072 1565 17912 15755 6194 5928 16053 16437 22141 6389 14079 11656 6579 7912 3200 7559 12775 10517 4624 11351 10851 14953 5688 13167 2995 6603 14387 9466 792 14260 18436 4721 3150 9836 3787 6145 6676 16228 9447 1239 2567 8497 16036 4986 3110 5411 6992 12172 13191 7905 5597 7604 14658 8719 17104 6260 15420 12436 9139 18266 6120 20599 16371 12774 7028 17541 15445 8674 17351 21591 10912 2833 16340 9189 7449 17308 10515 6973 18506 17282 3419 18095 13257 16706 11808 17167 8380 13700 12555 10330 13294 17021 4762 9664 9335 12973 13722 15248 19808 11584 6198 10100 8278 18139 15105 17482 1363 1576 1916 14237 8822 17723 8764 9711 16097 21958 13160 9550 13501 17298
13759 1193 12726 7291 14869 4934 14046 14738 17068 17977 20162 1782 12897 10968 9747 22856 18511 17314 5549 8482 16493 1673 18430 14588 9492 7036 4675 8308 12448 17293 5791 3899 16887 1590 9453 12842 9371 10691 4828 11076 9291 12784 10868 8051 17626 10904 12217 2743 19417 12198 13889 4278 8775 20844 3044 18045 17076 9492 9644 20151 13645 22435 14454 11790 15899 16512 8812 5867 18062 19213 11994 19706 15807 15928 14087 5856 11451 23271 18610 16364 18187 6122 10152 13970 17683 16645 17639 3823 7246 16499 17407 16388 23480 14202 18338 2913 20226 11210 11207 1368 16179 6559 2945 17010 15062 4113 10213 12042 17164 14947 15966 15854 10227 18199 8918 15386 20804 5642 15165 15126 7792 6207 14564 17952 11398 16782 14606 16228 14768 11870 12527 22889 14831 10266 12350 10841 3819 16766 15539 16206 13694 16181 16293 5256 490 19322 17356 8488 16794 11438 14544 14394 3189 6161 5849 4795 12562 19785 10206 2510 10556 10484 23589 6070 11429 7251 14863 21202 17220 9659 17879 6770 17605 6450 9093 23149 15434 13992 7618 21930 17111 12667 6296 9601 9459 15613 6979 19070 1404 15620 3234 14871 21345 2079 16058 12840 10117 10994 10761 16940 4427 10133 20723 13514 7096 12185 11969 6438 4793 9012 16896 955 13247 15156 16333 14622 4440 22167 5506 19707 16435 11065 19926 15352 20875 17904 2618 12498 11185 12361 15455 4615 17496 704 13934 8171 18449 15338 18868 5227 20032 11911 4388 12835 9835 9172 15068 11780 10641 18297 15344 11329 19440 15706 15638 17572 16542 0 10596 17722 9196 11876 10051 18134 11900 276 12012 2260 16120 5642 888 8949 13191 3431 11178 9738 13956 7439 16636 2707 13104 17451 15623 15631 3330 15568 11086 14783 5654 17365 11448 20793 17898 14633 19985 16878 10679 7935 12707 12017 11867 16463 13267 11716 4299 13608 10790 4044 14807 17302 13464 16890 15369 17107 6893 17773 20248 11773 8842 7304 15639 15635 9425 6778 14150 15252 12821 9730 10442 22803 20474 11203 20118 8591 14369 16218 11164 20093 24258 15558 9389 11053 15659 8163 18246 9818 11346 18786 8344 10191 15937 18887 17620 17545 7584 12659 16445 11955 9942 8893 1593 17254 1576 12005 14159 17635 15923 8977 3075 22804 20904 14085 16566 18663 20733 8685 21771 19972 6596 16124 16526 16691 11669 17443 5983 2479 18332 15213 17556 16632 7858 11202 15269 20432 12320 19012 17054 7949 7612 5893 1194
7071 9621 5846 4984 4715 10079 6728 6976 16126 7885 9599 10918 12888 12734 4223 12758 12453 14085 9614 8822 6454 12268 11177 4642 5642 5550 8788 8625 7498 7385 4844 6968 6613 11947 4484 7955 2147 12463 6257 8281 3229 13022 1994 6819 10426 3763 2311 9350 9257 4297 8195 7764 3584 10432 9113 14751 10230 1105 2167 11936 3896 12070 4109 4359 11332 10891 11092 5774 10972 9045 10672 9238 7952 8728 8262 6063 1506 13929 8017 8361 11215 8825 6709 8983 7310 9029 8972 6775 6866 7220 8542 6583 13414 3863 7767 8435 11432 2913 1077 10949 9526 10128 8188 10418 10714 6635 11522 12564 6792 10149 8567 7629 8474 7711 5946 15174 11791 8760 5814 14296 3567 6655 6955 8440 7058 10888 4010 7131 4266 2848 6699 12666 8040 2384 11690 6743 6794 8309 10018 14828 7845 6288 11096 5542 10791 10591 7556 2114 6497 4023 4413 9185 11378 9774 10205 6256 2903 11503 5046 8242 2053 11801 13652 4828 5828 4239 13311 12111 15240 10670 16758 6226 14133 4233 5968 13304 5269 9745 5449 11503 8135 7180 6742 3754 11709 7008 6433 9398 11894 10454 9307 8417 11509 9760 6510 12652 3126 537 6742 6360 9479 11530 10518 4457 5607 7295 2678 10771 8209 8104 7452 11550 9490 4867 5820 5941 8045 12496 6164 9325 7165 5604 11376 11625 10835 12150 12328 7060 1931 2312 5939 5988 15514 11294 4358 10689 7900 12495 8509 5391 10388 7480 11342 12982 6739 11379 4699 7180 10501 8227 9210 9396 11774 14713 14394 7687 6799 10596 0 15007 2167 9598 2699 7538 5488 10844 11915 8337 9157 6584 9897 2077 5352 7171 4264 1518 7249 6353 12458 10193 12509 14102 5485 12593 9179 9417 980 10833 9654 16467 5840 12489 9428 4488 9621 6331 1185 6034 5479 3838 5761 8049 9403 5270 6683 4594 205 7778 6099 7428 8901 13425 4797 8719 5191 7198 9655 1523 9561 3349 6361 5201 6243 9240 3583 4743 6395 1537 5966 13399 10048 1503 9682 8000 5319 12171 586 12815 14200 6467 11576 4852 14771 9638 10255 4229 11169 12145 5099 10804 15660 9735 8904 12153 3071 3041 12411 5060 4382 11767 11676 6693 12169 7506 11149 9340 12112 1683 7546 13164 11003 8386 12241 8067 10669 2536 12607 11808 8450 14253 8516 10196 4530 7579 11360 8735 13287 5734 7374 7725 7502 3017 12325 10188 4573 12671 16238 6427 5736 6723 11561
8358 17779 9348 12279 13638 12957 21635 9308 2807 20263 17472 19331 5274 7643 11095 16112 5558 1070 12231 9278 13479 18719 7694 18380 20052 18625 13054 9474 7510 20292 14983 14968 18954 19190 11007 7053 16620 7796 14239 7339 12247 5510 13029 20420 7621 18727 13455 14981 14707 19277 23202 18715 17777 16566 14688 931 7083 14968 16815 9858 18125 17160 17313 10723 4015 5250 9248 17862 7396 14659 5744 16372 9088 23509 23267 18212 13808 13850 17787 9214 7181 11602 21217 6105 14992 8489 10386 15925 11037 21023 22464 12833 16338 14141 18095 15041 11143 12136 15966 16761 24391 11323 15168 25245 4392 15118 7839 6169 18745 5049 8294 9701 7828 18761 20079 3939 11855 12084 19880 3302 16953 19136 9158 12310 21863 5582 15770 21125 16856 17767 8340 16680 7841 17283 5431 8532 16280 9987 5611 2232 7359 13039 4697 16583 17443 10756 20602 14870 14404 11012 13567 6013 15348 11644 12075 14298 17517 9900 19762 15878 17028 7653 15904 16615 9193 13089 2959 12203 1165 8170 2760 19117 1306 14631 20177 15325 18397 5266 11582 17255 11003 22164 12031 18363 8810 10410 11522 12999 18906 5053 19350 7339 14369 15647 20193 5209 11983 15406 21429 16200 13325 7935 15457 19055 18727 7722 17539 11685 19570 8965 21020 18204 5563 14067 17553 10777 19143 14239 17993 15842 20990 20480 10508 3400 14865 5071 16946 22036 13173 16805 12152 15917 1173 18186 12458 9798 16458 2611 19874 15890 13235 22342 14123 5416 9048 8972 17561 7884 7092 13990 6612 6623 8588 2874 2633 20548 20144 17722 15007 0 16507 6142 17521 17304 20482 17753 5887 16657 7538 18616 17809 16138 20261 16010 19241 16165 8250 11135 2951 15146 4809 1176 18586 2440 14393 24372 15910 4187 12133 2949 20765 10245 10001 13603 15870 17575 13827 10893 9771 18814 9252 9936 5636 20258 14607 19188 15092 13999 10771 20384 6111 1724 15531 22967 18121 17731 18119 14126 8881 15632 20363 17608 20553 10950 15169 17043 21402 16181 9317 13775 16467 16458 16354 9368 11454 3053 15207 7988 16775 11302 8821 19780 3014 9575 9077 18889 6434 6598 19023 7621 3781 11619 22888 4523 15591 12874 2869 10003 19074 9502 19303 17642 18521 7550 3993 9645 2980 14552 15995 14471 14390 6868 3216 17656 14895 13496 12632 9701 11162 1789 9200 25058 10516 13145 12480 15432 3822 19698 19694 21762 10200 12026 2752 15494 10664 6083 3010 10639 19199 12468 18851
8941 8117 7675 5167 6830 9654 5988 9016 17354 8791 11375 9247 13810 13293 5421 14798 14397 15643 9349 9298 8567 10840 13242 5398 3644 3416 8335 9076 9050 8136 3847 5981 7693 10404 5556 9530 196 13002 5505 9427 4274 13903 3880 4661 12473 2503 4474 8448 11307 3582 6980 5866 1443 12357 8270 16339 12232 1591 507 14084 4466 14009 5294 6176 13023 12736 11412 3819 13016 11095 11714 11133 10028 8075 7093 4065 3648 16078 9619 10461 13249 8729 4779 10643 9297 11099 11128 5490 7121 7527 8645 8728 15459 5940 9278 7478 13598 4775 2193 9770 8714 10055 7188 9629 12343 5593 12085 13362 7983 11832 10601 9739 9400 9054 3855 16238 13957 8547 6126 15440 1543 4557 8973 10597 5358 12774 5761 7323 5683 2746 8372 14665 9971 1214 12669 8014 5404 10447 11819 16091 9603 8426 12882 3946 9464 12754 8225 1764 8534 5794 6538 10896 10510 9638 9970 5483 3371 13653 3256 7062 1385 12385 15726 3142 7359 4242 14548 14275 16622 11220 18035 4092 15733 3444 3899 15398 6238 11308 5810 13408 10299 5807 6690 1857 12092 9143 6598 11538 10397 12213 7462 10309 13615 8730 6979 13596 4559 2248 4930 8142 8964 12075 12541 4503 3465 8815 2800 10618 6207 8773 7871 10146 10943 6938 7227 8066 6098 14619 4229 11280 7465 4014 13536 13183 12904 14047 11225 5659 3939 3189 8105 4656 16904 9870 6524 10916 9721 13931 9678 4033 12525 5848 10715 13878 7747 11742 5905 8624 11282 10312 11081 10462 13884 15903 15617 8422 7415 9196 2167 16507 0 10755 1210 9192 4225 9461 12796 6970 11149 4566 8414 422 4732 5886 3002 685 9132 6671 14123 9297 13524 15681 6426 14069 8408 8431 2095 12396 9410 17697 4336 14644 11576 6609 11584 7800 3128 6518 7354 3229 7408 10181 10872 3986 5804 4619 2261 7082 8229 8152 10475 15003 6638 8584 3099 8730 11340 3688 10052 2055 6642 6489 4214 9280 5476 6163 5258 669 7219 15545 11967 2050 11598 8571 7466 13805 2513 14901 16242 8628 11961 3391 15944 9966 12377 2383 12013 14156 2949 11451 16753 11902 8939 13998 1819 5196 14050 6822 2568 12024 10086 8189 10766 8960 12554 11477 13703 1961 6290 15288 13099 10146 13923 9699 12733 3081 14768 13953 8486 15584 10619 9364 6292 9709 11057 7695 15109 6134 8361 7826 7913 4861 13773 12200 6486 14654 17446 6908 3570 6531 10040
4784 11799 4987 6174 9789 7445 16324 6243 6599 16183 14869 13389 3495 4486 5403 15190 7123 5539 6643 3450 10377 13053 7883 13654 14161 12563 7228 3594 2871 16001 8860 8862 14803 13411 5212 2753 10893 4367 8107 1330 6512 3705 7764 14374 7235 13133 8614 9153 12621 13874 17667 12575 11915 14535 8839 6282 6531 9315 11126 10140 13185 15648 12711 5836 4183 5209 4538 11749 7462 12492 1214 13902 6795 18322 17758 12094 8694 14106 14487 7254 7463 5827 15328 3097 12035 6988 8828 9796 4914 16375 17795 9841 15635 9943 14620 9071 10859 7001 10646 11071 19123 5960 9163 20016 3380 8994 3663 3518 14724 3525 6372 7255 1702 15082 14124 5581 11597 6284 15075 4706 10997 13021 6011 10265 16081 5593 11458 16389 12421 12445 3839 15556 5196 11678 2269 2866 10148 8027 4423 5348 3861 9898 4794 10452 11655 10086 16269 9033 11210 5968 9597 3487 9919 6139 6677 8166 12380 9919 13982 9850 11494 3742 15433 10518 4028 7023 3800 12024 5994 3314 7291 13028 5786 8542 14234 14867 13908 2523 5466 15481 8916 16542 5918 12586 4559 7622 5385 11313 13150 4246 13255 4867 13361 9842 15571 3231 6473 10072 15598 12647 7634 3744 13741 13962 12668 2877 12262 6524 13429 2891 16479 12467 1746 10257 13499 7343 13004 13717 11865 13533 16331 14769 10328 3484 13433 6439 11531 16400 8005 11694 8866 9775 6283 12407 8403 4804 13437 3573 16165 9756 11974 16588 8845 3634 3029 4478 13103 2724 2169 11594 4799 555 9041 5150 4863 16288 15665 11876 9598 6142 10755 0 11863 13945 14904 11943 2723 10606 6015 12488 11858 10358 14949 9897 13652 10522 4840 4993 4778 9466 2980 5652 14120 3827 8573 18988 10565 2995 6562 6942 15087 10753 8752 9663 13676 13702 8486 4762 5383 13422 4358 7803 1837 14670 8490 14100 9726 7984 7440 16077 2518 5050 11529 18134 12061 14138 15364 9090 3348 9635 15603 13318 14625 5304 10795 12730 15888 10535 3632 13802 14303 11100 14068 3310 7764 4358 9928 9258 16283 8263 4480 14125 5196 4091 8450 13112 2271 7706 13060 2917 6062 10338 18196 5958 9626 8243 4578 5191 13302 5144 13469 13884 12861 2503 2292 8367 4050 8803 9905 14192 13148 3813 4732 14410 13382 7676 12591 9942 5296 4905 7354 19793 5569 10584 7435 9483 6562 14934 15602 17019 4112 6890 3470 13629 6034 7714 6692 4498 13164 6359 13046
9748 8927 8506 6374 6978 10814 4780 9672 18456 7961 11035 9928 14972 14494 6485 14724 15150 16632 10532 10500 8679 11662 13861 4607 2992 3631 9497 10279 10027 7251 4961 7050 6970 11163 6652 10499 1029 14204 6639 10533 5354 15071 4646 4423 13116 1301 4924 9511 11274 2394 5817 6405 1413 12153 9350 17316 12929 2561 749 14529 3651 13807 4727 7008 13946 13566 12621 4374 13663 11063 12850 10910 10635 6867 5921 4543 4183 16240 9166 11030 13908 9928 4018 11577 9201 11713 11550 6462 8329 6493 7540 8926 15389 6045 8769 8534 13935 5568 2189 10723 7507 11254 8234 8421 13295 6652 13285 14540 7310 12757 11262 10290 10551 8443 3386 17377 14237 9738 5126 16561 2261 4819 9654 10825 4387 13574 5535 6258 5229 1847 9292 14535 10733 373 13819 9081 6331 10932 12677 17182 10483 8604 13751 4813 10352 13123 7306 2954 8517 6648 6716 11804 11567 10832 11155 6614 2636 14093 2347 8046 818 13583 15704 3998 8335 5451 15644 14530 17678 12420 19125 4263 16704 4611 3377 15415 5507 12288 7010 13173 10677 4680 7897 1116 13300 9642 7807 11689 11183 13097 8019 11102 13665 9749 6010 14753 5538 2527 4045 7859 10112 13276 12458 3476 3646 9804 2003 11809 6597 9957 6867 10988 11965 7006 6701 8594 6570 14707 4786 11121 6430 2964 13927 14168 12889 14839 12197 4541 4624 2705 8424 5632 17958 10703 6912 12126 9444 14965 8960 5020 12662 4837 11833 15044 8875 12951 5315 9640 12459 10348 11891 11590 14427 17013 16719 7526 6492 10051 2699 17521 1210 11863 0 8785 3053 10321 13962 7874 11856 4989 9232 1631 3538 6849 1811 1356 9930 7876 15061 10354 14669 16661 5675 15088 9506 7236 2148 13378 10595 18799 3246 15062 12027 6776 11430 7296 3843 7712 8154 2076 8335 10683 11888 2815 6905 3579 2703 8209 8744 7257 11447 15982 6451 7429 3466 8244 10925 4097 11254 3179 5617 5919 3604 10486 5387 5685 4070 1341 8286 15697 11760 1801 11392 9765 7941 14758 2804 15486 16164 9039 13169 2268 17059 11175 12897 1541 13183 14842 2740 12643 17887 12192 7816 14829 2972 5670 15000 7688 1686 13234 10817 7692 11603 9974 13596 11964 14675 3070 7257 15374 13135 11025 14852 9267 12711 4221 14996 14410 9693 16655 11181 8158 7155 9848 12229 8722 15957 5164 7576 6729 9116 5665 14802 12103 7256 15369 18554 8104 3548 7731 10815
9377 17148 8959 11897 4193 17130 8575 8111 19372 3611 2296 18395 17413 18142 9991 6624 12605 16236 16530 14800 3825 19806 10457 4696 11262 12411 15922 14671 11093 4135 12370 14458 2925 19471 10379 11317 9058 17936 13682 12930 9658 17641 7718 13035 10107 8727 6304 16765 3917 7890 10678 15056 10187 3743 16503 16678 10432 8643 8859 9597 5486 5301 4109 8399 13311 12093 17099 13006 10541 3782 15158 2565 8216 9284 10581 13232 6882 9161 551 8137 10823 15607 11837 11678 2413 8917 7311 14313 13426 5658 6760 4471 7261 4339 826 15890 8350 7872 7021 18455 10264 16791 15664 10776 13125 14144 17034 17442 2442 12431 9018 7604 13622 1669 11848 19054 8194 15672 5544 18011 10732 13598 8301 5440 11367 11821 3529 6010 3557 7087 10108 6226 9551 8447 16205 11455 14328 7430 11712 18078 10441 4275 12613 13021 18326 7966 4464 9649 2902 8457 4434 11581 18739 16536 17054 13689 6225 9226 10293 15764 8034 17242 7754 12261 10109 11408 16835 8266 17999 16297 19767 13048 16086 11739 11773 7663 3826 12666 12100 4599 6478 10508 13655 9751 17553 6901 13155 5424 19426 12274 16654 10051 6291 17226 5060 17145 8987 7154 11480 1345 16634 17077 4553 6372 12430 11068 6851 17494 15347 13843 5332 19088 12901 3732 2199 6728 15274 7396 13418 3059 5672 10153 8727 14173 5280 12723 19799 10514 7360 6089 5228 13524 18209 18832 5590 16885 1194 15399 2687 12922 6017 11453 18531 17564 12079 17288 3590 11250 15663 3817 10716 14033 10275 18231 17832 4238 4577 18134 7538 17304 9192 13945 8785 0 9340 18382 16660 15875 9786 13715 17428 9331 7854 14708 8872 8552 9403 12908 14354 17590 16820 16158 3800 15326 16527 10752 7132 13512 16544 19673 10078 9826 7829 4355 3337 1611 7618 12427 8572 7681 9674 7422 12777 9291 14144 6395 7345 15124 6680 4239 11990 15584 2843 7634 12201 790 2149 6490 15424 10859 5634 3003 11829 15824 4032 3108 9458 8563 10969 8628 3377 7157 3053 13929 6201 14273 6972 11449 7965 6028 17428 9479 18340 15767 8958 9927 16097 11774 11466 16218 19402 6743 7155 13079 10578 6216 14439 8893 9953 17827 19187 1249 19707 11443 14399 8071 14421 9178 15081 7979 5769 10785 14089 537 5091 9702 8480 9594 15106 17324 8178 10769 8669 4330 18231 16217 14156 5306 3217 6460 13761 7947 15212 4187 8046 12445 19539 12754 12313 13767 19088
12512 10714 11314 9373 8860 13493 2145 12239 21491 7303 11625 11361 18024 17506 9512 15821 17789 19569 13301 13512 10390 13381 16310 4644 2552 4867 12197 13287 12973 6463 7628 9531 6791 12735 9693 13436 4062 17213 9301 13574 8393 18121 7481 4407 15611 1771 7412 11911 12570 1555 2765 7759 3516 13027 11803 20238 15507 5589 3800 16676 3930 14631 5403 9840 16817 16323 15585 6052 16158 12371 15901 11790 13113 4109 2869 6044 6825 17815 9572 13442 16418 12783 2621 14471 10461 14183 13715 8744 11314 5137 5683 10782 16480 7930 9051 10940 15897 8396 4617 12803 4586 14096 10623 5495 16202 9124 16302 17586 7252 15636 13809 12693 13603 8459 3213 20428 16086 12549 4181 19605 4693 5833 12256 12661 2042 16292 6858 4768 6087 2983 12187 15505 13428 3227 16871 12103 8521 13216 15477 20210 13325 10440 16557 7002 12278 15159 6372 5989 9982 9511 8669 14669 13913 13655 13926 9266 3641 16240 1698 10287 3455 16602 16895 6262 11291 8438 18676 16325 20679 15436 22151 5223 19621 7416 3064 16697 5536 15227 10029 13937 12788 1694 10808 2624 16277 11980 10780 13352 12825 15926 9269 13833 15061 12026 5042 17806 8519 5139 2165 8796 12758 16289 13599 2968 4813 12762 3270 14608 7604 12998 5612 12778 14944 8742 7145 11006 7760 16158 6396 12141 5076 966 15987 17108 14168 17538 14295 1585 7386 4233 10515 7969 20957 12480 9186 15066 10275 17950 8601 7421 14266 2241 14357 18095 11925 15924 5802 12623 15505 11828 14636 14638 16746 20053 19753 6661 5646 11900 5488 20482 4225 14904 3053 9340 0 12176 17013 9929 14462 6301 11024 4645 1640 9090 1252 4383 12681 10878 17945 12722 17721 19588 5603 18060 12006 4223 4647 16315 13374 21833 752 17154 14230 8706 12450 7730 6673 10741 10933 1939 11246 12999 14862 239 9472 2951 5423 10816 11131 6423 14383 18911 7740 5246 5028 8636 11326 6611 14265 5958 4448 6353 2908 13382 7000 6406 1050 4369 11310 17263 12643 4114 12290 12795 10296 17660 5373 17862 17221 11256 16147 911 20100 14151 15200 2212 16233 17385 3559 15675 20936 14106 5825 17580 5812 8136 17899 10546 2045 16176 12333 8104 13361 12953 16590 14229 17599 6122 9489 16809 14516 13863 17726 9720 13979 7273 16729 16581 12600 19669 13582 5210 10017 11553 14946 11048 18724 4355 7120 4997 12125 8502 17783 13227 10019 17951 21591 11130 4345 10600 12443
13912 1467 12892 7468 15095 4909 14322 14908 17055 18244 20402 1898 12889 10929 9927 23070 18623 17360 5551 8533 16712 1436 18572 14854 9767 7312 4724 8364 12574 17562 6030 4103 17150 1474 9628 12962 9636 10655 5024 11167 9493 12770 11090 8320 17770 11179 12445 2792 19636 12472 14162 4548 9049 21073 3105 18089 17213 9740 9911 20312 13912 22662 14714 11976 15987 16622 8790 6143 18200 19433 12033 19940 15974 16203 14360 6132 11684 23458 18859 16531 18322 6162 10423 14083 17912 16802 17818 4069 7360 16772 17683 16600 23692 14435 18590 3049 20402 11418 11464 1218 16453 6544 3105 17283 15151 4332 10199 12028 17425 15047 16122 16029 10305 18456 9192 15364 20984 5686 15437 15122 8062 6479 14732 18153 11669 16898 14853 16502 15024 12139 12672 23108 14978 10535 12366 10969 4077 16943 15653 16210 13828 16396 16394 5523 336 19498 17626 8734 17021 11628 14770 14508 3050 6159 5824 4993 12827 19948 10482 2715 10823 10466 23796 6338 11582 7454 14881 21384 17234 9663 17867 7044 17655 6685 9367 23353 15698 14087 7776 22160 17300 12941 6424 9876 9427 15797 7111 19273 1246 15725 3472 15010 21550 2109 16329 12838 10318 11246 11033 17184 4436 10117 20943 13785 7372 12313 12237 6393 5050 9090 17169 709 13337 15385 16589 14813 4704 22366 5782 19936 16708 11341 20095 15422 21088 18011 2376 12771 11409 12622 15662 4869 17508 502 14147 8154 18689 15387 19130 5483 20233 12181 4280 12824 9956 9146 15328 11907 10665 18514 15473 11394 19589 15703 15642 17841 16812 276 10844 17753 9461 11943 10321 18382 12176 0 12017 2512 16265 5917 1161 9210 13467 3675 11454 9999 14108 7570 16710 2670 13111 17499 15887 15683 3376 15840 11343 14864 5655 17349 11723 20954 18071 14858 20212 17133 10912 8073 12881 12290 12025 16640 13359 11992 4497 13880 11038 4173 14998 17571 13570 16944 15612 17383 7169 18025 20493 12009 8872 7560 15911 15893 9698 6803 14393 15508 13096 9992 10585 22992 20704 11464 20349 8669 14569 16291 11414 20229 24469 15754 9360 11329 15654 8183 18407 10094 11361 18911 8620 10199 15913 19076 17896 17644 7840 12879 16517 12129 10218 8848 1553 17507 1325 12126 14221 17804 15992 9220 3311 23001 21112 14213 16644 18912 20948 8908 21955 20131 6653 16141 16693 16963 11851 17655 5905 2615 18419 15484 17821 16907 7950 11409 15320 20654 12507 19129 17038 8076 7887 6028 1104
7484 12204 7701 7799 12494 7143 18583 8933 5125 18819 17587 13690 1032 2102 7699 17759 8826 5751 6466 3909 13099 12902 10045 16173 15979 14109 7417 4142 5594 18601 10281 9719 17437 13422 7433 5452 12953 2125 9154 3802 8713 1110 10204 15925 9498 15258 11178 9297 15302 16113 19774 13589 13811 17222 9029 6409 8784 11479 13214 12384 15642 18295 15273 8460 5789 7159 3363 13136 9628 15179 1523 16613 9409 20623 19883 13456 11169 16451 17203 9835 9573 5980 17131 5573 14757 9479 11393 10759 6071 18890 20292 12559 18176 12611 17327 9501 13248 9516 12986 10969 21378 5497 9676 22283 5180 9950 1956 803 17377 5603 8910 9903 3442 17772 15852 3608 13999 6461 17556 3134 12786 14373 8703 12920 17997 7588 14093 18879 15024 14751 6560 18156 7798 13822 640 5380 11131 10631 6597 4194 6519 12620 6613 11768 11696 12531 18859 11034 13933 8547 12293 5895 9486 5859 6243 9214 14773 12216 15930 10408 13692 1797 17934 12002 6654 8730 2932 14419 5236 2353 5926 14485 6124 10114 15980 17360 16484 4753 7092 18152 11555 18597 6942 14562 2949 10311 6625 13940 13128 6256 13974 7417 15924 9935 18100 872 8836 12418 17468 15356 7585 2053 16396 16352 14216 5596 14593 5811 14461 4078 19021 12422 4138 12961 16156 10064 14010 16206 13175 16234 18843 16771 12682 4718 16053 8123 11073 18446 10477 14109 11588 10939 5504 12427 11102 3929 16159 3991 18848 11066 14554 18527 8246 1083 5178 3087 15694 5416 1580 14292 7200 2655 11198 3709 3625 18892 18228 12012 11915 5887 12796 2723 13962 16660 17013 12017 0 11216 8455 13779 12195 12381 17223 10761 15772 12661 7528 6363 5884 9367 1099 5929 16699 4331 8716 21179 12895 4667 6362 5444 17114 12964 11265 12361 16371 16379 10869 6353 8090 15673 7028 10424 4259 16775 9418 16490 12063 8559 10159 18674 5052 5545 14207 20578 13620 16839 18086 11584 3303 11392 18092 15939 16385 5267 13427 15353 18030 12673 6062 16189 16999 13412 16771 4368 10486 5504 12304 11208 18796 10975 2947 16186 3676 3886 10832 15078 799 9602 14792 1826 4163 12895 20684 7545 11437 10865 5641 7850 15271 3643 13570 16573 12703 5217 3498 10872 5123 10900 10666 16644 15741 6391 5961 17128 16012 9745 14970 12189 5650 4172 9920 22043 8188 13286 6594 9857 7788 17429 18240 19502 5172 9408 4019 16297 8701 9453 5143 5990 14760 7338 13102
11888 1403 10785 5341 12651 4727 12064 12765 16341 15761 17909 2991 12180 10545 7747 20671 16875 16138 5049 7409 14295 3931 16608 12368 7645 5140 3889 7200 10754 15092 3548 1889 14651 3676 7488 11181 7149 10247 2824 9639 7177 12117 8666 6456 15797 8801 9994 2429 17216 10091 12109 2865 6654 18612 2520 16879 15286 7232 7430 18215 11432 20212 12207 9743 14433 14893 8315 3894 16257 17010 10927 17466 13849 14013 12297 3971 9215 21196 16350 14399 16402 5259 8447 12354 15451 14736 15610 1567 5735 14355 15318 14213 21301 11965 16079 1774 18209 9059 8953 2881 14344 6112 1549 15205 13600 1982 9606 11392 14921 13405 14071 13851 8909 15946 7133 14752 18760 4789 13000 14346 5613 4543 12605 15822 9668 15128 12347 14099 12512 9672 10711 20686 12985 8070 11451 9156 1569 14751 13904 15356 11935 13996 14736 3061 2494 17304 15166 6230 14569 9374 12326 12762 4125 5642 5542 2779 10341 17835 8257 814 8342 9904 21429 3876 9572 5151 13920 19150 16284 8917 17141 5020 16392 4215 7309 21001 13203 12499 5783 19698 15037 10856 4727 7512 9028 13560 5351 16927 3583 14045 2765 13073 19192 2240 13883 12079 8000 8735 9026 14684 4006 9541 18519 11348 5217 10483 9758 6244 3651 7719 14739 3214 11797 12927 14078 12542 3199 20040 3596 17478 14291 9152 17939 14011 18693 16303 4373 10683 8974 10119 13302 2357 16568 2957 11757 7658 16197 14160 16628 2972 17899 10205 4907 12150 8211 8697 12821 10095 9720 16102 13609 10082 17574 14916 14793 15375 14353 2260 8337 16657 6970 10606 7874 15875 9929 2512 11216 0 14289 3901 1621 6708 11126 1183 9112 7495 12090 5801 15263 3047 12269 16256 13394 14429 2841 13786 8832 13378 5156 16657 9544 18850 15898 12414 17759 14621 8443 6230 10725 9881 9974 14448 11800 9730 2310 11448 8530 2669 12728 15105 11890 15655 13113 15069 4906 15514 17990 9528 7922 5049 13485 13384 7677 5998 11894 12997 10896 7488 8660 20716 18240 8960 17882 7306 12247 14854 8905 18295 22082 13450 8932 9051 14890 7345 16316 7779 10479 17064 6417 9405 15311 16810 15550 15993 5329 10460 15092 9973 7919 8577 3483 14996 3834 10352 12894 15654 14590 6724 876 20684 18741 12365 15165 16404 18548 6481 19713 18041 5571 15169 14563 14892 9645 15269 6108 1545 16859 13036 15330 14529 6494 9059 14069 18222 10266 17342 16353 6330 5784 4288 3275
2423 15667 3647 8956 6386 12601 15154 2226 9793 12886 9974 17278 8857 10437 6667 9345 3331 6468 11790 8772 5971 17584 2319 11439 14768 14120 11936 8801 3833 13008 11336 12401 11634 17710 6856 3581 11193 10350 11466 5813 7570 9142 7269 15705 1508 12843 7050 13653 7298 13040 16986 15317 12583 9210 13321 6892 1085 9579 11284 4234 11391 10047 10325 5052 3614 2308 10454 13799 1982 7225 7012 8889 1594 16817 17006 14155 7691 8095 10259 1681 2164 10812 15860 2922 7456 1057 3049 13001 8988 13929 15350 5320 9735 7066 10587 13216 4843 6381 9866 15681 17765 11412 13178 18554 3655 12342 9679 9240 11374 3018 775 2198 6839 11286 15002 9811 5583 11161 12942 8746 12136 14988 2209 4857 16188 2063 8659 14092 9769 11511 3593 9786 1308 11535 7849 5367 13261 2479 2084 8561 2503 5549 2841 12856 16041 4083 13332 9938 6894 5459 6392 2564 14972 11437 12026 11513 11037 3958 14202 13708 11171 9749 9479 12532 4717 9328 7559 6009 8308 9275 10095 14747 6302 10745 15048 8905 11280 3709 8523 10015 3501 16141 9857 12896 10557 2952 9165 5704 17510 2620 16477 1286 7509 14329 13105 8599 6899 9388 15896 8733 12531 9759 8210 12432 14205 4059 11239 12077 16044 7820 13857 16904 4341 6768 10225 3598 15714 7751 14075 8389 13905 14720 4323 4633 7750 3162 16503 16044 7241 10347 4744 12605 8497 16764 5457 10601 8921 5910 12392 12293 6179 16579 14126 9040 6415 10446 10458 4473 8181 6490 1258 6416 3335 8837 8422 13243 12966 16120 9157 7538 11149 6015 11856 9786 14462 16265 8455 14289 0 14658 15824 10890 13844 13259 13312 10606 2216 8710 4588 14212 8155 6380 11448 5762 13145 17893 9852 4144 11739 10067 14919 4873 2832 6406 8449 10175 8042 8194 3867 12590 4333 2402 4227 14267 11979 12553 9162 12096 3527 13105 3498 5829 8253 15961 13653 10248 10604 7857 9003 11126 13372 10399 15354 10547 8140 9868 15226 10625 5679 7787 9065 10364 8914 8166 4335 4552 9130 4015 10343 3862 10471 13945 8965 9672 2443 13382 8218 3012 14051 8921 10055 4498 15780 3376 10965 6329 4695 4538 13539 11108 17642 10203 17412 4342 5272 2437 4756 9442 13437 8197 7376 2281 4323 10125 7737 8750 6575 4038 10201 7771 1685 18413 5011 5613 12996 13649 4517 12733 12333 14716 8621 6302 5734 8183 4674 3513 9975 8225 14513 10240 17309
12268 4449 11013 6346 11297 8288 8442 12737 18812 12871 15925 5091 14801 13566 8089 19333 17676 17923 8386 9877 13034 7082 16911 9572 3850 1462 7169 9642 11725 12116 3635 4316 11945 6441 8001 12206 4679 13259 4654 11283 7094 14801 7775 2565 16105 5531 8766 6217 15835 6795 8264 1476 3580 16923 6217 18660 15732 5626 4858 18092 8618 18574 9705 9643 15722 15813 11377 865 16623 15622 13124 15700 13817 10289 8459 527 7910 20449 14119 14315 16821 8247 4559 13409 13850 14837 15223 3259 7735 11126 11909 13131 19992 10443 13742 5346 17781 8495 6758 6665 10541 9384 5033 11380 14937 3979 12479 14127 12296 14575 14248 13647 10839 13432 3281 17387 18212 7858 9876 16805 3038 663 12637 14947 5792 15951 10323 10818 10170 6818 11348 19219 13378 5298 13866 10293 2906 14456 14828 17684 12647 12848 15808 2037 6049 16903 12127 4895 13067 9234 10990 13756 8026 8901 8968 4596 7625 17675 4604 4477 5691 12791 20236 2131 10189 5607 16161 18557 18457 11680 19578 1134 18105 4055 3457 19887 10486 13824 7035 17975 14476 7031 6838 4242 12112 13164 7198 15948 6525 15105 3064 13605 18089 6134 10787 14648 7771 6781 5151 12700 7524 12433 17084 8255 1499 11455 6991 9692 1640 9816 11556 6493 13257 11447 11675 12077 1582 19062 624 15842 11062 5436 17642 15574 17418 17208 8139 6861 7970 7635 12401 2857 18747 6194 10789 10749 14282 16015 13931 2739 16941 6321 8742 14812 9600 11758 10300 11140 12203 14811 14289 12042 17707 17343 17146 12373 11323 5642 6584 18616 4566 12488 4989 13715 6301 5917 13779 3901 14658 0 4756 4526 7690 3452 5713 5242 12474 7533 16712 6923 14732 18006 10647 16230 6496 9945 6661 14843 8483 19146 5813 18690 15617 11067 16145 12265 7221 7726 10806 6700 10437 14168 13223 6130 4496 8329 6725 5702 12255 12108 13073 17352 11204 11540 1523 13209 15862 8067 10543 3577 10302 10901 3804 8976 10039 10639 7190 5228 9593 19928 16533 6563 16164 9464 11583 16336 7029 18614 20776 12797 11998 5490 17346 10143 16277 4338 12989 17634 2753 12084 17941 16166 12090 17028 3784 9418 16584 10121 4431 11791 6047 12660 7067 11456 14652 15457 16143 5452 3764 19729 17585 13157 16560 14210 17251 5920 19077 17942 8332 17350 14479 11062 9655 14146 9748 5299 18042 9962 12521 11165 8631 8544 15889 16748 10088 18039 18859 8002 1972 6450 6143
13436 310 12357 6905 14263 5262 13169 14349 17292 17176 19487 1530 13114 11287 9335 22290 18327 17351 5785 8532 15912 2431 18141 13792 8607 6158 4781 8342 12224 16481 5154 3449 16106 2063 9064 12637 8584 11001 4394 10978 8793 13019 10284 7165 17332 10056 11604 2922 18832 11348 13001 3391 7936 20215 3169 18088 16805 8794 8851 19791 12845 21819 13692 11347 15799 16335 9091 5002 17782 18626 12065 19062 15430 15044 13199 4980 10818 22809 17895 15982 17920 6230 9263 13791 17055 16300 17212 3168 7092 15659 16549 15834 22921 13566 17608 2787 19809 10680 10463 2113 15291 6832 2720 16122 14963 3590 10460 12281 16394 14807 15630 15445 10181 17445 8030 15642 20367 5746 14335 15324 6981 5319 14185 17442 10509 16587 13904 15382 14026 11061 12235 22302 14524 9458 12492 10618 3104 16349 15352 16379 13436 15615 16148 4468 1332 18904 16537 7801 16177 10981 13938 14207 3845 6402 6161 4353 11769 19415 9328 2118 9761 10743 23050 5274 11111 6762 14995 20759 17360 9851 18100 5883 17626 5825 8205 22622 14649 13875 7301 21299 16649 11780 6105 8750 9767 15167 6767 18548 1999 15465 2430 14592 20813 2365 15231 13039 9617 10276 9872 16254 4663 10385 20134 12684 6216 11956 11169 6800 3926 8971 16061 1767 13150 14533 15589 14154 3562 21660 4635 19083 15595 10183 19530 15310 20312 17738 3477 11610 10590 11592 14923 3913 17640 1475 13377 8438 17778 15371 18092 4507 19519 11023 4948 13064 9640 9462 14306 11559 10767 17720 15102 11320 19125 15902 15811 16757 15723 888 9897 17809 8414 11858 9232 17428 11024 1161 12195 1621 15824 4756 0 8184 12330 2797 10319 8975 13636 7225 16582 3132 13275 17480 14835 15654 3489 14680 10344 14710 5893 17597 10565 20428 17492 14025 19365 16142 10046 7690 12311 11177 11528 16046 13161 10842 3867 12777 10086 3892 14340 16488 13305 16900 14686 16238 6027 17046 19552 11123 8957 6572 14803 14879 8537 6929 13468 14510 11939 8967 10165 22332 19841 10437 19482 8550 13866 16167 10456 19819 23702 15067 9687 10181 15863 8313 17889 8955 11497 18555 7466 10369 16197 18423 16757 17404 6854 12078 16400 11558 9075 9238 1864 16521 2374 11802 14150 17242 15887 8308 2494 22303 20362 13850 16498 17954 20167 8099 21323 19614 6647 16254 16145 15803 11243 16889 6447 2380 18232 14388 16764 15779 7777 10680 15292 19836 11872 18810 17288 7748 6727 5680 1667
8651 7891 7380 4745 6789 9266 6408 8781 16957 9074 11485 9071 13397 12871 5045 14808 14118 15283 8949 8876 8529 10602 13011 5682 3960 3478 7947 8653 8699 8438 3494 5645 7943 10194 5167 9181 604 12579 5135 9031 3894 13488 3635 4849 12235 2926 4347 8109 11310 3992 7397 5765 1703 12417 7922 15982 11975 1313 909 13913 4764 14064 5509 5887 12687 12432 10990 3739 12775 11098 11308 11203 9808 8494 7511 4011 3502 16004 9772 10253 13005 8318 5110 10305 9328 10873 10970 5203 6699 7880 9021 8659 15466 5922 9452 7143 13466 4509 2310 9479 9136 9645 6859 10051 11997 5263 11663 12944 8216 11496 10361 9539 8990 9262 4121 15831 13844 8142 6472 15038 1493 4578 8728 10511 5736 12481 5859 7687 5858 3090 8043 14695 9695 1612 12259 7633 5139 10269 11506 15698 9286 8365 12564 3722 9201 12613 8538 1347 8541 5497 6489 10567 10172 9230 9569 5115 3661 13484 3633 6762 1725 11963 15716 2938 7011 3820 14153 14170 16239 10798 17642 4154 15379 3059 4179 15375 6497 10954 5388 13477 10160 6218 6274 2233 11670 8964 6177 11475 10175 11890 7342 10021 13583 8411 7311 13183 4220 2259 5291 8242 8582 11653 12559 4863 3538 8461 3118 10212 6160 8354 8213 9901 10575 6925 7415 7881 6021 14573 4140 11327 7818 4413 13386 12825 12897 13755 10923 6069 3727 3412 7995 4372 16523 9629 6399 10496 9813 13557 9921 3748 12466 6234 10348 13464 7345 11320 6122 8260 10864 10294 10786 10059 13679 15504 15221 8727 7732 8949 2077 16138 422 10358 1631 9331 4645 9210 12381 6708 10890 4526 8184 0 5144 5601 3424 792 8845 6248 13781 8960 13116 15323 6692 13699 8052 8852 2199 12040 9009 17300 4742 14481 11408 6563 11628 7978 2920 6097 7071 3630 7078 9998 10506 4406 5451 4982 2205 6713 8048 8458 10124 14646 6715 8978 3113 8897 11475 3592 9630 1715 6993 6695 4513 8864 5531 6341 5679 783 6839 15475 12029 2255 11661 8150 7303 13458 2503 14680 16251 8482 11539 3805 15544 9544 12182 2760 11597 13901 3164 11030 16347 11789 9322 13693 1460 5050 13704 6516 2948 11604 9888 8362 10522 8595 12178 11295 13350 1586 6001 15241 13074 9827 13584 9845 12728 2682 14672 13778 8070 15197 10413 9786 5990 9656 10661 7375 14796 6470 8629 8200 7491 4590 13400 12223 6218 14388 17048 6487 3710 6121 9823
12077 12020 10950 9839 7889 14343 1379 11622 21471 5664 10117 12780 18210 17903 9561 14412 17170 19306 14070 13923 9287 14725 15545 3197 4111 6229 13028 13709 12781 4822 8473 10510 5202 14123 9799 13220 4541 17619 10157 13630 8510 18332 7262 5995 14888 2358 6884 12949 11257 1152 3189 9164 4493 11577 12810 19946 14853 5770 4235 15707 2670 13155 4110 9538 16467 15835 16097 7328 15429 11065 16013 10354 12409 3405 3182 7374 6454 16559 8047 12685 15699 13461 4260 14176 9170 13458 12790 9827 11799 3526 4224 9741 15065 6999 7508 11971 14834 8132 4322 14006 4175 14787 11663 5068 15910 10106 16689 17846 5674 15306 13149 11940 13782 6876 4776 20523 14964 13276 2548 19648 5623 7283 11669 11573 3554 15762 5718 3175 4810 2511 11921 14062 12907 3541 17022 12095 9645 12372 15046 20169 12970 9397 16124 8106 13542 14142 4733 6405 8782 9254 7742 14330 14989 14369 14693 10129 2809 15275 3163 11402 3567 16980 15508 7318 11140 8936 18658 15175 20549 15826 22094 6667 19323 8148 4639 15342 4027 14997 10440 12451 11845 2683 11417 3615 16762 11194 11292 12174 14191 15527 10718 13344 13758 13132 3402 17978 8477 4893 3780 7430 13634 16687 12222 1581 6191 12593 2723 15346 9089 13308 3993 14095 14797 7701 5681 10292 9206 14866 7702 10743 3464 2594 14974 16864 12832 16977 15497 2671 7093 3511 9607 9016 20819 13800 8430 15621 8847 17792 6973 8428 13053 3600 15325 18297 12059 16417 4413 12506 15769 10596 14152 14738 15884 20063 19741 5021 4007 13191 5352 20261 4732 14949 3538 7854 1640 13467 17223 11126 13844 7690 12330 5144 0 10196 2015 4647 12230 11327 17605 13782 17849 19308 4067 17872 12984 4113 4393 16075 14134 21811 2383 16149 13320 7765 11047 6246 6490 11114 10544 1557 11020 12180 14705 1699 10396 1513 5231 11717 10398 4783 14155 18637 6541 3952 6305 7123 9781 6153 14676 6706 2810 4918 4523 14006 5984 5059 1625 4638 11318 16008 11199 3852 10854 13152 9561 17349 5069 17030 15791 10406 16630 2227 20122 14643 14343 3376 16463 16683 4944 16013 21011 13038 4430 17075 6508 7554 17581 10259 3264 16726 13735 6607 14692 12827 16464 13360 17324 6395 10602 15506 13213 13496 17374 8204 12641 7539 15548 15626 13211 19581 12813 4845 9747 10423 15765 12124 18230 2731 5493 3477 12552 8243 17618 11848 9632 17279 21585 11510 5788 11263 13812
10846 2559 9713 4307 11468 4837 11202 11672 15874 14672 16731 4085 11756 10304 6659 19494 15934 15435 4969 6875 13115 5103 15578 11279 6943 4462 3752 6651 9810 14021 2366 1048 13538 4857 6421 10253 6070 9999 1845 8849 6034 11720 7487 5991 14764 7848 8811 2853 16035 9129 11407 2852 5703 17429 2802 16179 14273 6066 6360 17129 10351 19029 11079 8623 13588 13967 8083 3199 15235 15829 10327 16284 12761 13197 11586 3370 8032 20052 15187 13306 15390 4948 7847 11442 14268 13669 14488 399 4983 13342 14352 13039 20125 10783 14923 1921 17089 7896 7814 3885 13587 5994 1601 14466 12762 935 9282 11014 13796 12526 13011 12742 8196 14807 6494 14347 17630 4519 11968 13866 4605 4114 11518 14661 9028 14184 11179 13102 11367 8614 9703 19505 11952 7020 10938 8231 581 13635 12974 14831 10950 12819 13842 2094 3626 16185 14106 5059 13386 8246 11143 11839 4823 5511 5535 1790 9253 16744 7455 1206 7267 9590 20257 2880 8549 4025 13356 18016 15707 8534 16664 4485 15670 3032 6666 19833 12097 11650 4816 18514 13897 10140 3981 6587 8813 12430 4535 15762 4766 13145 3371 12063 18022 2940 12841 11632 6853 7578 8391 13510 4073 9226 17338 10322 4552 9537 8684 6259 3722 7046 13712 4382 10978 11743 12932 11402 3263 18878 2996 16295 13279 8372 16832 13234 17516 15380 5350 9967 7793 9001 12135 1230 15994 4132 10583 7438 15019 13469 15509 1854 16736 9577 5365 11744 7332 8467 11692 9160 9220 14923 12629 9393 16521 14427 14274 14307 13295 3431 7171 16010 5886 9897 6849 14708 9090 3675 10761 1183 13259 3452 2797 5601 10196 0 8193 6380 11050 4964 14463 3638 11780 15544 12292 13723 3063 13071 7692 12571 5070 16199 8767 17762 14788 11231 16575 13470 7260 5338 9633 8890 8930 13333 10971 8881 1408 10427 7365 2314 11588 14037 11003 14925 11938 14148 4143 14357 16818 8346 7462 3914 12465 12249 7056 5693 10719 11851 10089 6374 7684 19569 17057 7843 16700 6647 11091 14060 7741 17272 20906 12298 8707 8194 14411 6962 15236 6900 9997 16080 5668 8987 14906 15667 14601 15097 4191 9281 14302 8884 7053 8438 4650 13842 5000 9433 12166 14552 13814 5547 408 19524 17568 11399 14351 15238 17370 5302 18576 16958 5140 14590 13471 14158 8536 14094 6297 1962 16001 11994 14230 13553 5811 7899 13367 17040 9142 16382 15900 5489 5146 3542 4457
11315 10009 10105 8167 7911 12437 3070 11097 20238 7307 11168 10802 16780 16295 8260 15194 16634 18333 12205 12300 9511 12720 15212 4256 2417 4250 11129 12077 11733 6507 6556 8543 6575 12130 8442 12198 2831 16003 8240 12322 7141 16881 6258 4275 14497 519 6270 10966 11853 1112 4016 7189 2498 12471 10837 19006 14367 4337 2560 15677 3390 14103 4795 8623 15596 15132 14400 5318 15045 11649 14651 11222 11999 5142 4114 5376 5640 17018 9166 12350 15301 11649 3012 13243 9741 13074 12702 7828 10116 5417 6230 9857 15858 6969 8687 9989 14959 7177 3447 11992 5726 12969 9678 6641 14972 8137 15088 16351 6996 14412 12676 11601 12358 8194 3046 19178 15188 11434 4219 18354 3654 5345 11104 11754 2922 15112 6063 5105 5436 1998 10957 14925 12251 1975 15625 10851 7638 12163 14274 18958 12109 9519 15353 6101 11527 14194 6481 4760 9185 8286 7695 13448 12998 12536 12831 8209 2793 15240 1428 9399 2217 15387 16237 5320 10048 7237 17424 15446 19430 14222 20899 4731 18390 6289 2945 16005 5193 13989 8812 13428 11790 2924 9646 1607 15086 10906 9588 12508 12192 14715 8762 12647 14321 11132 5129 16561 7271 3943 2783 8175 11714 15077 12945 2686 4219 11519 2290 13500 7167 11767 5856 12085 13698 7839 6682 9906 7254 15402 5697 11523 5353 1461 15015 15870 13467 16365 13483 2798 6177 3269 9512 7025 19708 11791 8118 13893 9712 16703 8496 6447 13448 3271 13368 16854 10675 14734 5283 11376 14270 11040 13447 13388 15690 18800 18501 6745 5695 11178 4264 19241 3002 13652 1811 8872 1252 11454 15772 9112 13312 5713 10319 3424 2015 8193 0 3131 11488 9671 16721 11794 16473 18354 5305 16816 11021 5429 3464 15078 12274 20581 1608 16174 13206 7740 11834 7284 5448 9518 9730 1194 10013 11935 13617 1021 8450 2729 4211 9783 10039 6487 13145 17677 6975 5959 4298 8222 10940 5456 13054 4831 4610 5873 2961 12229 6111 5816 2259 3117 10057 16469 12081 2949 11719 11572 9210 16431 4190 16789 16615 10217 14955 674 18848 12959 14146 1376 14994 16259 2997 14451 19685 13179 6445 16392 4662 7005 16671 9323 1290 15003 11748 7674 12684 11707 15342 13185 16365 4876 8599 16061 13779 12648 16505 9297 13281 6028 15873 15573 11442 18418 12493 6370 8793 10684 13876 10130 17532 4336 7031 5465 10915 7280 16537 12577 8818 16814 20339 9909 3866 9456 11814
8447 8683 7193 5196 6149 9917 5966 8449 17110 8304 10719 9857 13664 13264 5134 14113 13878 15279 9562 9280 7884 11392 12665 4916 4162 4100 8599 9064 8674 7682 4226 6388 7159 10985 5311 9147 632 12979 5834 9191 4010 13771 3349 5303 11905 2613 3829 8847 10622 3502 7147 6521 2066 11682 8650 15964 11685 1208 680 13454 4012 13332 4718 5692 12606 12258 11453 4481 12449 10410 11523 10460 9444 8041 7242 4736 3020 15402 8988 9864 12688 8886 5261 10233 8615 10518 10490 5981 7155 7187 8372 8052 14775 5256 8663 7887 12944 4264 1533 10253 8740 10213 7608 9651 11947 6013 12052 13256 7427 11416 10038 9135 9237 8470 4436 16049 13294 8739 5770 15223 2208 5242 8416 9925 5725 12279 5097 7013 5069 2409 7950 13983 9454 1162 12501 7729 5925 9825 11357 15833 9154 7748 12427 4514 9986 12106 7793 1775 7849 5323 5858 10467 10907 9812 10177 5819 2906 13021 3651 7533 1091 12345 15041 3728 6982 4306 14297 13608 16323 11187 17776 4776 15354 3743 4465 14713 5717 10935 5794 12735 9651 6030 6816 2295 12116 8523 6655 10859 10966 11768 8109 9808 12931 9167 6589 13442 4182 1564 5350 7480 9250 12047 11857 4193 4149 8450 2398 10802 6882 8689 7502 10691 10608 6254 6624 7453 6764 13937 4888 10601 7126 4316 12893 12815 12219 13548 11691 5893 3368 2624 7443 5153 16603 10419 5872 10984 9056 13609 9134 4530 11846 6185 11043 13741 7546 11771 5332 8284 11175 9627 10590 10258 13281 15670 15373 7974 6991 9738 1518 16165 685 10522 1356 8552 4383 9999 12661 7495 10606 5242 8975 792 4647 6380 3131 0 8633 6680 13717 9698 13347 15309 5914 13732 8768 8518 1428 12025 9617 17453 4602 14007 10946 5929 10904 7188 2565 6473 6853 3096 6991 9563 10532 4148 6176 4319 1594 7410 7612 7706 10096 14630 5967 8383 3783 8109 10698 3030 10033 2475 6300 5904 4753 9398 4797 5551 5378 18 6935 14867 11292 1466 10923 8518 6836 13410 1830 14312 15557 7985 11983 3622 15718 9998 11766 2798 11888 13607 3581 11388 16555 11239 8689 13521 2208 4559 13654 6361 2967 12088 10678 7573 11312 8618 12240 10856 13324 1765 6779 14606 12415 9697 13510 9064 12048 2920 14098 13326 8601 15302 10019 9400 5828 9028 11289 8130 14642 5753 7852 7547 7906 4357 13446 11517 5968 14118 17210 6869 4238 6699 10615
207 13473 1477 6752 5454 10644 13580 1405 10032 12085 10099 15080 8153 9307 4452 10444 5279 7227 9847 6994 5669 15446 4529 10144 12773 11984 9885 6983 2085 12067 9122 10204 10750 15543 4641 2088 9194 9166 9266 4218 5380 8406 5286 13610 3715 10999 5346 11542 7781 11335 15300 13107 10547 9697 11210 7808 3267 7544 9313 6231 9942 10819 9068 2958 4292 3644 8922 11618 4198 7654 6007 9100 2096 15367 15339 11975 5856 9774 9926 2634 4372 8850 13891 2285 7315 2714 4173 10788 6909 12773 14215 5087 10929 5896 10141 11062 6539 4369 8065 13567 16281 9579 11012 17110 3874 10136 8378 8330 10573 3202 2023 2455 5187 10716 12966 9652 7219 9163 11649 8608 10026 12821 1175 5436 14306 3646 7523 12881 8606 9799 1482 10770 911 9630 6996 3372 11046 3306 2816 8721 1045 5192 3895 10650 13893 5671 12372 7818 6553 3351 5351 2256 12953 9549 10140 9312 9432 5892 12272 11523 9297 8508 10789 10344 2528 7112 7435 7645 8769 7831 10490 12600 7184 8536 13022 10244 10147 3269 6342 10641 4111 14374 7732 10927 9146 2784 7039 6509 15352 3310 14261 1177 8638 12208 11943 7883 4744 7546 13972 8180 10510 8446 8908 10920 12072 2221 9545 10271 13840 5992 12771 14757 3529 5903 9362 2675 13505 9114 11884 8709 12741 12853 6127 4913 8630 4917 14451 14265 5319 8723 4186 10389 9007 14609 4214 8965 8758 6067 11826 10080 7232 14727 12182 8318 4409 8978 9311 2596 6880 6764 1962 5095 5489 8839 8445 12329 11897 13956 7249 8250 9132 4840 9930 9403 12681 14108 7528 12090 2216 12474 13636 8845 12230 11050 11488 8633 0 6591 5429 12135 7513 7198 10337 6041 11051 16331 8034 4185 9805 10345 13081 6877 4235 5395 8844 9439 6088 6060 1780 10875 2120 3046 3403 12474 9782 11048 7282 9951 2727 12156 2599 6550 7333 14730 11510 9713 10633 6097 7347 8965 12124 9371 13345 8665 6919 8801 13512 8650 3548 9392 9471 8568 9245 6292 3269 5223 7308 6230 11613 3479 9044 12095 8945 7950 4334 11429 7108 5161 11987 7571 10001 5663 14639 4905 8816 4697 5437 2368 11595 9619 15464 9550 15278 2587 4999 3894 5271 7346 11234 9650 8380 1411 5185 9826 8570 6586 8228 6045 8238 7992 2772 16942 2871 5761 11175 11494 6044 11461 11509 13517 6638 4277 5880 8790 2675 5586 10190 6128 12405 8099 15141
6403 7108 5505 1505 8912 4359 12633 7533 11301 14091 14503 8730 7395 6628 2978 16281 11102 10508 3668 2636 10227 8874 11008 10974 9643 7755 3367 2409 5010 13671 3946 3960 12752 9028 2591 5413 6847 6335 3137 3888 3317 7438 5258 9573 10211 9174 6627 4951 13054 10180 13606 7584 7530 14751 4619 11251 9645 5609 7135 12822 10249 16200 10309 4956 8638 9110 4777 6832 10633 12870 5594 13785 8552 14715 13732 7167 6205 16198 13449 9113 10753 2707 10786 6567 11712 9303 10511 4828 527 13572 14877 9935 16855 8573 13375 4526 13037 5046 7402 6977 15382 3897 4521 16296 7808 4040 5427 6826 12838 7604 8614 8694 3316 13557 9494 9946 13669 2838 12162 9301 6458 8093 7335 11178 11695 9362 9635 13473 10285 8994 5129 16445 7438 7802 6377 3403 5170 9618 8127 10154 6259 9818 8936 5497 7337 12142 13866 4931 10786 4718 8612 6982 6452 3628 4156 3195 9230 12477 9661 5120 7765 5730 16852 5656 4097 2444 8628 14084 10929 4563 12057 8157 10728 3751 9625 16357 11521 6701 905 15821 10130 12389 1148 8331 5436 8599 460 12326 8817 8248 8335 7447 14607 5621 12861 7216 3922 6890 11146 11573 4045 5412 14343 10732 7861 4746 8899 4591 8436 2305 13804 8198 6016 9318 11713 7744 8012 15293 6915 13621 13517 10535 12676 8272 14320 10515 7891 12231 5612 8665 8905 4783 11220 8067 7652 4341 12828 8559 14502 4794 13223 12234 5869 7432 2416 5091 10849 4343 4789 11911 7905 4523 12043 9829 9620 13973 13129 7439 6353 11135 6671 4993 7876 12908 10878 7570 6363 5801 8710 7533 7225 6248 11327 4964 9671 6680 6591 0 9499 5559 7250 10609 11741 8798 4464 15096 7289 7608 3668 11638 10896 13467 10697 8701 13854 12108 5614 553 5588 9775 4580 9320 6012 10639 3562 10866 6541 3397 7919 13722 6091 9979 10097 14993 7262 12816 14793 6643 3387 5065 12709 11256 10031 2949 9006 10715 11920 6688 3044 15770 14426 7731 14107 1997 7701 9096 6871 12660 17603 8759 5303 10011 9838 3320 10921 8832 5565 11348 8437 4838 10491 11880 15228 10194 5140 6711 9338 4874 9025 5430 8991 12405 8702 4578 7229 10397 8852 4951 5024 15893 14233 6646 9389 13438 14208 3852 14665 12636 2201 9820 9269 16034 4752 10943 5330 4960 11061 12087 13546 14055 1249 4980 8446 14113 5469 11588 11357 529 8399 1549 8633
5559 16505 6657 10403 10734 12200 18967 6395 5338 17344 14540 18110 5768 7965 8818 13398 3159 1883 11407 8226 10530 17831 4997 15569 17737 16540 12002 8372 5094 17397 13101 13455 16048 18180 8805 4608 14218 8009 12629 5625 9952 6065 10464 18291 4791 16216 10738 13923 11801 16667 20622 17003 15462 13679 13605 2386 4198 12548 14385 7299 15367 14349 14486 8107 1140 2319 8937 15910 4649 11746 4998 13445 6138 20786 20673 16268 11168 11399 14836 6267 4475 10606 18891 3484 12042 5554 7481 14315 9529 18179 19618 9883 13674 11277 15147 13799 8476 9549 13363 15849 21690 10666 13869 22528 1793 13536 7701 6486 15826 2309 5343 6751 6410 15819 17830 5746 9214 11062 17075 4746 14741 17177 6258 9387 19442 2682 12906 18298 14002 15139 5769 13932 4935 14796 5263 6419 14646 7046 2688 4225 4636 10092 1747 14716 16425 7993 17711 12580 11454 8435 10679 3280 14671 10883 11401 12686 14825 7268 17359 14535 14506 7623 13289 14631 6772 11106 3701 9591 3764 7715 5550 17084 1766 12660 17912 12705 15540 2891 9756 14405 8065 19637 10537 15972 8715 7464 9934 10118 17922 2142 17833 4439 11614 14614 17348 5577 9564 12818 19049 13258 12411 7799 12600 16334 16639 5346 14897 11174 17828 7625 18157 17242 3490 11156 14643 7870 17428 11585 16091 12924 18148 18022 7847 1299 12043 2508 16286 19518 10568 14113 9216 14173 3931 17178 9597 9347 13508 2002 16931 14049 10418 19897 13557 5954 7169 8761 14705 5607 6498 11056 3684 5332 6020 4650 4247 17647 17276 16636 12458 2951 14123 4778 15061 14354 17945 16710 5884 15263 4588 16712 16582 13781 17605 14463 16721 13717 5429 9499 0 14244 5082 1810 15725 1691 13345 21716 13317 1892 11322 5582 18282 7770 7124 10711 12962 14649 11274 9147 7062 16204 6726 6989 3507 17728 13061 16464 12522 12692 7854 17490 3680 1244 12628 20152 16040 14787 15181 11452 8056 13491 17545 14726 18270 10068 12321 14168 18824 13734 7143 11255 13566 13862 13441 8046 8562 421 12600 5679 14167 8359 8680 17293 4796 8801 6268 16493 6093 4115 16795 7198 5850 8771 20044 1891 13411 10115 245 7399 16671 9392 18228 14707 17639 5280 2575 6756 773 12203 14516 11881 11593 4109 265 14705 12061 11225 10068 7123 10072 3430 6257 22354 7928 10199 12060 14218 1906 16885 16779 18932 8805 9443 1914 12619 7974 3778 5532 8974 17064 10977 17812
11950 3267 11057 5907 13942 2239 14824 13087 14388 17975 19447 4472 10226 8263 8297 21677 16336 14794 2915 6019 15441 3595 16481 14604 10569 8073 2297 5873 10421 17377 5472 3316 16766 4055 7948 10766 9490 7987 3936 8813 8138 10103 9961 9486 15697 11426 11378 851 18341 12691 15037 5897 9296 19922 1087 15516 15099 9129 9794 18365 13709 21448 14266 10366 13587 14337 6121 6808 16093 18146 9458 18861 14111 16830 15218 6938 10717 21745 18101 14672 16190 3638 11434 11826 16791 14849 16059 3978 5229 16821 17893 15236 22272 13407 17909 1821 18595 10090 11004 1618 17225 3880 2121 18103 12756 3706 7532 9361 16974 12714 14158 14244 7887 17901 10097 12694 19222 3190 15423 12462 8161 7574 12891 16627 12635 14642 14097 16605 14459 12042 10662 21787 12963 10483 9737 8847 4216 15168 13393 13558 11724 15075 14059 5720 2341 17699 17491 8130 15874 10067 13622 12259 1213 3511 3154 3937 12604 18027 11093 2469 10678 7797 22310 6476 9655 6208 12251 19635 14595 7017 15200 8023 15103 5997 10270 21832 15363 11727 6002 21007 15643 13772 4445 10190 6757 14115 5127 17769 3764 13412 5438 12933 20058 829 16271 10180 8933 10668 11995 16315 1837 7450 19646 13795 8158 10174 12077 3731 6642 6688 17168 3059 10955 14289 16008 13208 6205 20791 6560 18779 16759 12010 18233 12947 19698 15698 2344 13600 10309 12260 14241 4769 14867 3061 12835 5486 17733 12831 18693 5354 18694 13180 1882 10158 7802 6476 14870 9760 8054 17199 13317 8912 17546 13043 12990 17671 16687 2707 10193 15146 9297 9466 10354 17590 12722 2670 9367 3047 14212 6923 3132 8960 13782 3638 11794 9698 12135 5559 14244 0 10464 14939 15569 13136 1117 16705 10879 12433 3015 14681 12406 19011 16254 13712 19036 16504 9972 6104 11118 12422 10138 14869 10989 12510 3530 13908 10397 2478 13388 17402 11283 14405 14754 17732 7776 17338 19628 11100 6284 7247 15937 15389 10652 4213 13558 14935 13725 9696 8591 21309 19572 11122 19232 6277 13076 13823 10779 18096 23034 14201 6690 11822 12992 5573 16469 10524 8730 16705 9302 7557 13243 17406 18159 15294 7500 11683 14041 10385 10681 6186 4215 16854 3400 9941 11715 15956 13509 8509 3251 21403 19658 12058 14195 18127 19574 7889 20215 18178 4189 13509 14828 17795 10197 16276 3316 1676 16005 15428 17498 17083 5648 10056 12775 19387 10896 16870 14369 6008 8744 4142 3739
7500 13279 7894 8639 12701 8242 19219 8903 4096 19149 17611 14775 718 2944 8288 17499 8139 4739 7560 4907 13166 14001 9543 16631 16797 15004 8495 5133 5736 18977 11192 10735 17771 14520 8057 5506 13674 3046 10135 4245 9355 1016 10718 16822 9063 15956 11594 10384 15213 16757 20486 14593 14597 17142 10112 5371 8354 12150 13924 11903 16150 18135 15691 8814 5160 6615 4453 14066 9135 15102 1837 16605 9258 21237 20587 14393 11659 16006 17357 9639 9051 7051 17956 5385 14819 9203 11165 11763 6999 19352 20770 12597 17885 12897 17517 10567 12855 9974 13569 12067 22018 6596 10735 22917 4663 10951 3033 1435 17682 5185 8685 9789 4126 18008 16699 2720 13610 7534 18046 2086 13605 15315 8681 12795 18784 7052 14427 19363 15398 15357 6731 17932 7655 14508 873 5824 12133 10452 6182 3105 6474 12686 6032 12709 12792 12185 19246 11772 14030 8948 12523 5645 10584 6954 7342 10195 15325 11768 16702 11465 14352 2844 17606 12905 7007 9555 1850 14022 4137 3448 4884 15403 5126 10986 16822 17026 16887 4468 7924 18035 11416 19331 7908 15321 4002 10268 7545 13769 14226 5773 15021 7231 15664 11026 18550 496 9394 12997 18272 15542 8678 3129 16255 16908 15110 5791 15183 6907 15465 4945 19458 13520 3996 13168 16457 10136 15017 15873 14123 16194 19308 17524 12267 4025 15862 7443 12168 19183 10968 14646 11665 11908 4405 13524 11327 5027 16249 3109 19098 12005 14322 19307 9339 907 5803 4165 16082 5685 2560 14245 6900 3113 10680 2649 2537 19263 18645 13104 12509 4809 13524 2980 14669 16820 17721 13111 1099 12269 8155 14732 13275 13116 17849 11780 16473 13347 7513 7250 5082 10464 0 4924 17099 3444 9801 21853 13484 4138 7457 4424 17857 12458 10986 12586 16311 16643 11422 7183 8305 16310 7324 10270 4122 17484 10421 17046 12646 9606 10213 19054 4936 4596 14473 21098 14509 17048 18143 12060 4348 12217 18576 16290 17223 6347 13766 15703 18724 13360 6565 15776 16940 14012 16731 5274 10620 4731 12864 10587 18476 10992 4012 16914 2631 4962 10455 15842 1790 8980 15635 2913 3252 12646 21169 6844 12245 11219 4836 8160 16034 4695 14664 16814 13802 5437 2943 10592 4348 11599 11699 16279 15516 6258 5193 17270 15834 10450 14558 11711 6699 3077 9708 22687 8548 13255 7680 10929 6963 17908 18568 19992 6102 9862 3171 16180 8996 8768 4131 6840 15642 8317 14198
7318 17431 8364 11660 12540 12797 20676 8202 3846 19153 16301 19009 5501 7858 10302 14956 4430 202 12040 8969 12335 18532 6532 17343 19262 17936 12777 9147 6635 19201 14373 14512 17855 18954 10245 6162 15786 7970 13740 6740 11450 5770 12113 19715 6446 17844 12465 14711 13532 18347 22289 18186 16984 15390 14407 661 5908 14123 15968 8724 17117 15990 16266 9778 2917 4085 9234 17229 6228 13485 5482 15200 7942 22522 22347 17583 12858 12747 16636 8053 6017 11338 20424 5133 13836 7321 9212 15432 10561 19966 21406 11687 15191 13070 16952 14696 9991 11208 15036 16557 23416 11192 14800 24262 3398 14634 7873 6350 17635 4017 7141 8554 7354 17629 19320 4686 10709 11813 18846 3857 16205 18503 8061 11137 21026 4409 14699 20079 15792 16826 7406 15519 6739 16410 5390 7791 15778 8820 4495 2989 6352 11899 3545 15984 17199 9589 19514 14083 13260 10086 12480 4993 15234 11474 11943 13799 16543 8752 18932 15495 16138 7726 14767 15966 8328 12429 3154 11063 2182 8082 3902 18452 216 13982 19410 14186 17331 4374 10981 16081 9835 21277 11568 17537 8876 9272 11018 11823 18680 3944 18905 6241 13205 15390 19135 5381 11131 14483 20611 15068 13105 7971 14282 18068 18037 6865 16591 11615 19031 8537 19951 17985 4789 12963 16450 9675 18614 13093 17382 14669 19935 19624 9356 2498 13693 3914 16844 21153 12238 15831 11026 15368 2278 17948 11388 9734 15300 2113 18740 15300 12064 21494 14047 5666 8406 8994 16496 7070 6929 12821 5493 6174 7449 3563 3227 19453 19072 17451 14102 1176 15681 5652 16661 16158 19588 17499 5929 16256 6380 18006 17480 15323 19308 15544 18354 15309 7198 10609 1810 14939 4924 0 17518 1828 14125 23421 14985 3285 11946 4033 19898 9129 8826 12513 14695 16459 12918 10320 8779 17883 8342 8775 4843 19368 14136 18199 14177 13623 9662 19294 5214 679 14434 21928 17433 16596 16950 13159 8657 14912 19322 16526 19778 10726 14109 15965 20489 15325 8557 12656 15292 15532 15179 8952 10364 1976 14274 6899 15640 10169 8869 18910 3713 9380 7905 18061 6355 5465 18271 7537 4639 10444 21832 3355 14854 11862 1764 9061 18242 9571 19041 16517 18335 6735 3380 8470 1990 13738 15557 13338 13221 5842 2073 16504 13722 12714 11502 8563 10856 2307 8036 24082 9583 11981 12452 15100 2731 18660 18588 20714 9763 11099 2189 14319 9683 4978 4049 10097 18489 12009 18602
10237 14536 9385 10441 5063 15563 4799 9358 20251 2409 6051 15597 17590 17821 9191 10403 14645 17556 15096 14063 5965 17263 12734 1078 7722 9241 14268 13886 11496 1936 10111 12277 1299 16805 9535 11849 6252 17572 11654 12905 8457 17771 6619 9571 12198 5268 5521 14718 7405 4242 6908 12077 7070 7539 14504 18110 12328 6473 5984 12444 2029 9097 1445 8287 14601 13664 16378 10049 12707 7228 15300 6335 9878 5772 6824 10213 5630 12741 3981 10008 12990 14290 8167 12551 5409 10822 9711 11894 12264 2483 3904 6542 11048 4448 3448 13772 11391 7197 4572 16167 6768 15580 13502 7413 14209 11911 16632 17423 1691 13539 10687 9315 13352 2890 8348 19607 11403 14240 1807 18627 7871 10415 9476 8172 7606 13493 2819 2681 1735 3831 10519 10024 10797 5403 16360 11321 11826 9504 13044 18928 11269 6218 14074 10369 15888 10814 2165 7450 5249 8159 5067 12586 16771 15240 15683 11646 3068 12030 6730 13447 5075 16887 11518 9560 10092 9724 17520 11558 19083 15811 20769 9825 17490 9573 8250 11389 221 13489 10848 8389 8766 6709 12214 6454 16947 8537 11867 8560 16810 13583 13691 11288 9891 15068 1666 17334 8040 4966 7764 3579 14954 16653 8260 2660 9239 11382 3682 16235 12227 13234 2434 16572 13502 4703 1694 7891 12229 11006 10461 6764 2462 6466 11636 15240 8922 14594 17602 6717 6301 3310 6762 11063 19329 16294 6130 16030 4849 16343 3286 10440 9349 7667 16806 17713 11640 16635 1031 11430 15443 6913 12065 14058 12847 18952 18584 2237 1565 15623 5485 18586 6426 14120 5675 3800 5603 15887 16699 13394 11448 10647 14835 6692 4067 12292 5305 5914 10337 11741 15725 15569 17099 17518 0 16349 14596 7146 4697 14490 15134 20577 6352 12800 10258 5046 7062 2209 6134 11363 8953 4125 9797 9382 13390 5579 12038 2658 5283 13208 7935 1996 12696 16880 3243 4540 9128 3057 5724 5192 14773 8388 2053 1105 8250 14670 3423 1581 5661 5919 10651 12195 7167 4459 6832 13204 7175 15548 4919 14031 11760 7645 16815 5853 19037 14945 11363 6515 16021 13985 8140 15861 20032 9629 4334 14818 8118 5892 15754 8959 6502 17078 16472 2550 17191 11702 15142 10386 15608 7128 12692 11624 9350 11732 15471 4137 8730 8007 11867 12396 13890 18244 10104 7344 8552 6971 16842 14031 15964 1562 1938 3285 12817 7303 16158 7887 8151 14631 20394 11742 9015 12207 16448
6122 15604 7017 9886 11491 11012 19248 7226 4055 18124 15711 17183 4110 6370 8655 14882 4843 1712 10245 7150 11514 16730 6563 16088 17612 16204 10959 7325 5096 18104 12596 12689 16791 17140 8568 4652 14183 6439 11925 4949 9807 4404 10624 17995 6254 16301 11111 12893 13061 16874 20787 16380 15337 14969 12587 2456 5600 12534 14380 8902 15791 15743 15040 8345 2189 3701 7537 15465 6189 12987 3694 14636 7195 21146 20855 15817 11426 13018 15830 7424 6044 9524 18778 3799 13094 6797 8780 13616 8740 18758 20200 10883 15192 11924 16094 12870 10019 9740 13566 14753 22016 9422 12973 22878 2201 12816 6225 4871 16611 2895 6457 7796 5529 16713 17642 4151 10766 9997 17579 3115 14517 16739 7050 10619 19425 4120 13545 18843 14614 15371 5963 15389 5775 14855 3740 6094 13964 8236 3689 2799 5080 11054 3076 14203 15384 9472 18406 12430 12431 8618 11392 3788 13461 9688 10171 11984 15147 8840 17324 13667 14605 6112 14835 14210 6769 10677 2019 11156 2734 6352 4455 16706 1974 12224 17739 14250 16153 2889 9197 15752 9256 19739 9746 15925 7239 8443 9202 11441 16869 3143 17083 5275 13075 13574 17930 3935 9552 13002 18989 14159 11300 6324 13944 16698 16307 5299 15149 9873 17229 6710 18778 16175 3126 11935 15402 8664 16809 13117 15607 14147 18723 18046 9398 1154 13434 4177 15075 19609 10780 14437 10110 13567 2983 16135 10247 8004 14563 340 17826 13514 11825 19906 12294 4293 6639 7324 15319 5449 5168 12235 4649 4347 7632 3105 2690 18368 17912 15631 12593 2440 14069 3827 15088 15326 18060 15683 4331 14429 5762 16230 15654 13699 17872 13723 16816 13732 6041 8798 1691 13136 3444 1828 16349 0 12307 21978 13506 1859 10153 4348 18334 9399 8480 11435 14211 15468 11417 8524 7446 16411 6852 8132 3201 17834 12316 16832 12683 11796 8681 18192 3724 1273 13373 20671 15701 15696 16321 11756 6861 13202 18072 15403 18114 8924 12926 14829 18988 13748 6877 12851 14827 14054 14674 7125 9301 1420 12809 7355 15713 9300 7218 17350 3242 7591 7726 16451 4652 5774 16587 5813 4326 10154 20621 3559 13157 10559 1453 7623 16636 7929 17222 15564 16534 5115 1579 8096 1081 12113 13732 13445 13014 4631 1857 15713 13439 11056 11651 8720 9035 2014 7444 22685 8127 11322 10729 13274 3527 17404 17549 19480 7937 9629 363 13933 8319 5465 4230 8290 16772 10186 16786
10864 3528 9953 4795 12843 1887 14077 11984 13804 17005 18361 4975 9626 7822 7181 20561 15342 13987 2302 5158 14331 4516 15425 13651 9969 7511 1349 4989 9374 16428 4562 2479 15776 4839 6832 9733 8603 7531 2943 7841 7033 9530 8873 9048 14636 10628 10293 587 17229 11872 14416 5667 8528 18818 330 14717 14047 8133 8911 17282 12772 20339 13272 9249 12646 13341 5611 6254 15041 17035 8664 17763 13013 16111 14589 6432 9647 20637 17042 13574 15145 2792 10902 10815 15692 13764 14952 3335 4157 15932 17042 14122 21156 12322 16862 1151 17493 8982 10025 2554 16554 3359 1465 17443 11811 2886 6971 8792 15970 11737 13074 13138 6949 16875 9544 12153 18117 2313 14524 11842 7368 7159 11790 15510 12070 13634 13047 15731 13441 11142 9582 20673 11887 9610 9033 7787 3636 14062 12385 12906 10666 13963 13084 5045 3082 16596 16553 7147 14773 8950 12524 11246 2213 2917 2729 2954 11668 16939 10418 2079 9777 7256 21193 5746 8560 5126 11544 18529 13904 6367 14613 7547 14280 5033 9714 20716 14388 10762 4887 19902 14529 13145 3339 9429 6299 13002 4026 16652 4577 12426 5521 11870 18941 1269 15356 9555 7824 9666 11436 15244 1194 6897 18534 12910 7603 9122 11161 3416 6481 5738 16264 3899 10000 13194 14982 12092 6024 19676 6059 17675 15870 11344 17138 12055 18583 14714 3459 12973 9223 11294 13126 4048 14182 3834 11725 4956 16649 12012 17688 4585 17578 12622 2351 9575 6748 5986 13871 8710 7318 16087 12275 8023 16480 12420 12338 16724 15755 3330 9179 14393 8408 8573 9506 16527 12006 3376 8716 2841 13145 6496 3489 8052 12984 3063 11021 8768 11051 4464 13345 1117 9801 14125 14596 12307 0 16068 9900 11509 2410 14108 11739 17928 15153 12614 17931 15468 8910 5005 10008 11581 9038 13762 10028 11787 2604 13027 9384 1406 12272 16457 10284 13569 13687 16921 7166 16291 18553 10037 5514 6353 15045 14380 10109 3458 12497 13913 13028 8767 7504 20198 18469 10168 18130 5320 11960 12926 9764 17052 21917 13084 6214 11098 12379 4845 15383 9796 8032 15682 8682 6890 12709 16293 17322 14328 6594 10583 13150 9273 9962 5800 4917 15814 4330 8903 10848 14858 12623 7499 2733 20288 18541 11014 13284 17064 18459 6827 19108 17096 3279 12804 13730 17141 9081 15161 3284 1298 15073 14518 16518 16226 4639 8947 11945 18276 9779 15865 13799 4926 8201 3027 4479
16182 14377 15062 13591 11762 17631 2752 15680 25541 7561 12806 14741 22182 21722 13586 17343 21208 23418 17477 17727 12984 16912 19504 6685 6143 8648 16350 17504 16884 6787 11803 13614 7830 16173 13798 17327 8260 21430 13460 17662 12498 22289 11359 7553 18878 5934 10987 15921 14530 5121 1680 11298 7702 14442 15844 24059 18882 9705 7984 19480 6525 15872 7778 13649 20577 19924 19808 9906 19413 14359 20023 13314 16423 1536 1489 9815 10565 19861 10771 16665 19688 16989 5425 18288 12555 17454 16635 12752 15536 5152 4518 13505 17961 10926 10177 14967 18495 12238 8415 16605 824 18297 14647 1455 20023 13210 20516 21770 8319 19418 17182 15928 17753 9358 6665 24545 18537 16742 5345 23693 8871 9362 15738 15246 4176 19838 9487 4767 8444 6608 16032 16883 16992 7358 21013 16149 12491 16293 19147 24244 17082 13165 20225 11024 15988 17872 6515 10188 12349 13361 11657 18441 17868 17849 18102 13421 6900 19056 5663 14239 7501 20815 18486 10340 15233 12658 22725 18701 24647 19650 26176 8811 23436 11625 6490 18415 7215 19106 14240 15147 15684 2933 15028 6828 20500 15168 15002 15698 16313 19633 12626 17437 16997 15966 5693 21958 12533 8982 4809 10724 16885 20505 15303 5462 8569 16692 6832 18792 10921 17192 5562 16378 18894 11512 8826 14314 11190 18111 10190 13805 5126 4735 18702 20975 16007 21040 18083 3106 11200 7609 13507 12022 24919 16080 12447 19288 11895 21893 8977 11513 16495 3688 18412 22259 16050 20147 7875 16594 19689 14056 18244 18752 19764 24121 23807 6809 6194 15568 9417 24372 8431 18988 7236 10752 4223 15840 21179 13786 17893 9945 14680 8852 4113 13071 5429 8518 16331 15096 21716 16705 21853 23421 7146 21978 16068 0 8479 20185 17553 25882 4341 19874 17176 11668 14088 9275 10576 14947 14654 5580 15126 16122 18804 4461 13593 5345 9311 14940 14409 6697 18263 22749 10192 3590 8929 9964 12300 10265 18481 10171 5139 8218 6144 17598 9868 8551 3177 8506 15364 19317 14098 7932 13794 17000 13578 21462 9169 20930 18624 14342 20370 5113 24176 18374 18238 6374 20406 20679 7403 19879 25043 16714 4319 21156 10032 11644 21693 14370 6190 20398 15740 9551 16923 16918 20558 17251 21436 10281 13454 18714 16461 17607 21484 10956 15816 11436 19013 19416 16818 23669 16786 1131 13856 14057 19095 15031 22313 5589 7707 4431 16341 12349 21721 14935 13743 21290 25650 15338 8005 14812 15933
7865 10057 6673 5887 4853 10898 5772 7642 17079 7106 9291 11266 13867 13707 5201 12729 13172 14974 10467 9784 6572 12750 11788 3782 5137 5473 9594 9584 8410 6554 5441 7602 5889 12370 5464 8859 1989 13434 6958 9252 4207 14001 2883 6520 11060 2991 2828 10030 9248 3367 7306 7949 3327 10264 9811 15631 10911 1785 1866 12389 2977 11916 3399 5212 12186 11677 12043 5908 11607 9036 11646 9039 8566 7757 7362 6159 2179 14123 7576 8938 11859 9708 6127 9856 7216 9643 9409 7293 7797 6290 7590 6792 13391 3931 7266 9091 11787 3778 125 11536 8566 11021 8828 9453 11590 7246 12495 13544 6117 11009 9225 8193 9454 7115 5529 16144 12093 9620 4875 15260 3633 6635 7644 8687 6341 11651 3669 6184 3683 1883 7580 12582 8789 1784 12667 7706 7267 8808 10830 15776 8688 6474 11911 5902 11315 10975 6704 2753 6475 4901 4582 10038 12078 10654 11067 6951 1942 11954 4422 8814 1363 12774 13674 5131 6755 5096 14265 12389 16168 11641 17703 6143 15010 4882 5524 13362 4488 10644 6383 11314 8531 6340 7621 3263 12668 7526 7347 9572 12341 11284 9535 9189 11593 10398 5604 13630 4093 504 6086 6053 10272 12501 10467 3481 5513 8215 1700 11651 8301 9078 6543 12041 10416 4913 5247 6494 8190 12618 6316 9190 6234 4870 11780 12520 10853 12902 12949 6231 2750 1414 6276 6477 16440 11775 4774 11629 7629 13416 7835 5860 10551 6727 12114 13961 7718 12336 4009 8117 11481 8279 9990 10371 12316 15671 15348 6853 5928 11086 980 15910 2095 10565 2148 7132 4647 11343 12895 8832 9852 6661 10344 2199 4393 7692 3464 1428 8034 7289 13317 10879 13484 14985 4697 13506 9900 8479 0 11728 10512 17418 5067 12918 9891 4645 9495 5798 2098 6988 6287 2905 6658 8564 10326 4440 7350 3618 840 8512 6637 6590 9800 14310 4544 7747 5185 6708 9276 2004 10526 3783 5422 4557 5751 10149 3388 4167 5507 1440 6934 13584 9873 548 9504 8968 5822 13042 727 13392 14172 6899 12535 4093 15731 10587 10780 3674 12149 12810 4805 11780 16627 10046 7946 12935 3504 3572 13279 5925 3802 12713 12072 6178 12662 8439 12080 9838 12996 2452 8083 13286 11070 9224 13095 7647 10679 3444 12861 12273 9355 15192 9086 9236 5402 7732 12211 9364 14078 4809 6620 6769 8454 3886 13245 10122 5372 13358 17192 7382 5540 7574 11994
4263 14629 5174 8521 9638 10439 17448 5402 5863 16270 13982 16237 4855 6760 7027 13449 4227 3255 9634 6434 9714 16010 5410 14236 15982 14706 10173 6564 3351 16245 11224 11565 14934 16336 6986 2881 12501 6745 10737 3739 8173 5152 8849 16472 4929 14567 9277 12083 11401 15094 19026 15114 13705 13324 11762 3943 4225 10838 12683 7766 13953 14191 13185 6537 1202 2496 7386 14047 4999 11314 3475 12923 5461 19326 19088 14404 9622 11868 14023 5749 4923 8798 17143 1942 11314 5201 7193 12423 7644 16902 18344 9091 13806 10065 14272 11931 8728 7952 11783 14030 20205 8951 11994 21061 525 11644 6277 5388 14757 1132 4773 6049 4560 14877 16049 5683 9483 9244 15730 4617 12942 15317 5217 8955 17741 2928 11686 16990 12756 13581 4153 13913 3971 13130 4027 4561 12754 6570 2085 4566 3221 9248 1951 12839 14584 8085 16546 10807 10625 6828 9535 1939 12912 9134 9672 10794 13331 7630 15646 12654 12863 6256 13503 12773 5043 9240 3425 9893 4593 6147 6305 15239 3340 10796 16137 12920 14295 1090 7869 14152 7577 18001 8651 14252 7266 6658 8044 9844 16084 1636 15941 3480 11619 12776 16074 4614 7846 11225 17326 12328 10608 6371 12350 14874 14806 3580 13353 9500 15943 5774 16920 15409 1599 10085 13547 6823 15540 11771 14221 12456 16867 16341 8134 792 11893 3527 14523 17876 8988 12620 8288 12285 4839 15337 8388 7729 12780 1889 15990 12169 10313 18210 11838 5044 5280 7259 13461 3795 4928 10524 2939 3547 6553 4755 4346 16510 16053 14783 10833 4187 12396 2995 13378 13512 16315 14864 4667 13378 4144 14843 14710 12040 16075 12571 15078 12025 4185 7608 1892 12433 4138 3285 14490 1859 11509 20185 11728 0 9554 6170 16616 8328 6955 9580 12537 13620 9651 7255 5601 14631 5073 6435 1621 16093 11170 15007 10913 10819 6848 16333 1933 2607 11518 18821 14205 13864 14573 9940 6336 11667 16221 13544 16503 8296 11067 12969 17226 12041 5306 11641 13160 12276 12987 6194 7450 1497 11023 6546 14377 7494 7212 15629 4874 7081 6342 14776 4673 4943 15005 5667 5958 8631 18765 2999 11599 8712 1744 5816 14957 7914 16373 13722 15820 3462 1196 6562 1317 10455 12626 12158 11510 2774 1788 13910 11881 9440 10423 7574 8248 3817 5789 20873 6330 9584 10404 12352 3573 15553 15695 17627 6936 7842 1702 12313 6484 4842 6028 7082 15244 9090 15964
9640 5939 8944 4714 12579 888 15338 10924 11418 17523 18170 7358 7244 5415 6645 19859 13578 11797 109 3128 13884 6591 13936 14285 11610 9278 1318 3025 7906 17039 5750 4174 16217 7067 6258 8187 9604 5122 4106 6074 6894 7137 8845 10959 13181 11826 10243 2971 16689 12988 15948 7868 9860 18409 2738 12515 12541 8738 9914 15961 13482 19839 13732 8586 10732 11597 3201 8078 13532 16508 6464 17452 11869 17416 16105 8319 9752 19567 17081 12423 13600 983 12639 9148 15379 12484 13903 5225 3175 16764 17987 13575 20417 12219 16984 3382 16344 8703 10633 4628 17960 957 3634 18868 9911 4537 4570 6396 16342 9936 11793 12095 5084 17122 11274 9752 17015 894 15342 9472 8686 9140 10708 14737 13735 11931 13207 16616 13780 12023 8328 20051 10559 10620 6722 6434 5583 13011 10690 10556 9237 13469 11268 6738 5335 15470 17206 7860 14454 8371 12278 9585 3359 509 560 4148 12408 15654 11904 4350 10694 4851 20380 7290 7479 5419 9237 17439 11583 4009 12229 9439 12113 5990 11434 19868 14917 8931 4444 19474 13617 14682 2929 10749 3892 12095 3389 15883 6778 10650 7895 10454 18149 3582 16110 7186 7564 10181 13121 15215 1233 4494 17970 13806 9379 7686 11985 1243 8717 3952 17044 6074 8142 12982 15255 11312 8255 18778 7967 17281 16706 12829 15926 10023 17913 12918 4969 14513 9203 11924 12538 5739 11857 6069 11318 2546 16492 9843 18031 6133 16751 14291 2387 7185 5400 3576 14299 7276 5043 15549 10735 6008 15043 10052 9987 17340 16437 5654 9654 12133 9410 6562 10595 16544 13374 5655 6362 5156 11739 8483 5893 9009 14134 5070 12274 9617 9805 3668 11322 3015 7457 11946 15134 10153 2410 17553 10512 9554 0 11718 13219 16604 14027 12366 17510 15679 9097 4191 9096 12638 7994 12722 8191 13142 4062 13933 9854 2782 11480 17081 8578 11425 13718 17985 8865 16421 18452 10180 3293 7445 15882 14746 11842 1259 12596 14227 14420 9620 6379 19168 18087 10879 17770 3580 11325 10901 10215 15488 21153 12337 3805 12465 10005 2567 14097 11183 5715 14030 10316 4546 10307 15331 18305 12478 7629 10368 11112 8425 11364 3421 7208 15991 6394 7398 8769 13696 10574 8064 4837 19356 17798 9501 11289 17076 17809 7128 18023 15768 1579 10496 12568 18580 8367 14569 1710 3658 13124 15299 16997 17161 3178 8641 9794 17749 9086 14138 11408 3934 9978 2938 6742
10410 17619 11194 12983 15798 12441 23190 11567 343 22422 20038 19075 4485 6517 12321 18953 8462 3868 11825 9329 15862 18132 10528 20251 21081 19376 12835 9556 9124 22369 15584 15154 21076 18716 12148 8740 17834 6759 14559 8270 13445 4581 14561 21195 10371 20062 15217 14682 17349 20761 24592 19016 18847 19241 14427 3874 9776 16245 18064 12752 19885 19930 19233 12406 6454 7880 8561 18468 10203 17284 6067 18956 11535 25151 24679 18799 15435 16778 20178 11742 10008 11410 22246 8068 17441 11080 13039 16186 11411 22948 24388 15231 19205 16186 20438 14933 14002 13728 17491 16252 25983 10807 15115 26865 6548 15375 7152 5323 20913 7242 10783 12139 8409 21047 21019 2022 14726 11889 21722 2342 17903 19723 11386 14917 23019 8260 17795 23009 18843 19300 10075 19501 10121 18606 5283 9737 16556 12546 8017 1653 9348 15402 7275 17119 17022 13561 22664 15973 16779 12628 15684 8109 14650 11209 11527 14619 19164 12770 20922 15848 18407 6884 18791 17289 10693 13878 3158 15086 1853 7754 557 19794 4206 15348 21135 18209 20376 7102 12266 19983 13569 23479 12330 19527 7956 12791 11951 15688 18412 7461 19417 9623 17183 15300 22126 4578 13349 16918 22531 18497 12951 7232 18177 20737 19482 9276 19100 10998 19888 9337 22995 17705 7094 16248 19697 12993 19440 17109 18534 18454 22910 21710 13368 5502 17624 7929 16176 23338 14762 18462 14453 16329 1777 17736 14521 9196 18910 4281 22160 16415 15999 23529 13363 4533 9962 8214 19546 9319 6981 16556 8991 7265 11475 1813 2080 22639 22141 17365 16467 2949 17697 6942 18799 19673 21833 17349 5444 16657 10067 19146 17597 17300 21811 16199 20581 17453 10345 11638 5582 14681 4424 4033 20577 4348 14108 25882 17418 6170 11718 0 22027 13162 12699 15731 18505 19784 15322 11531 11626 20304 10879 12456 7201 21600 14844 20873 16581 14003 13017 22455 7882 4370 17670 24811 18879 20033 20657 15799 8747 16526 22230 19662 21530 10685 17161 19082 22807 17467 10527 16688 19116 17961 18976 9683 13613 5533 16752 10923 19665 13647 8009 21063 1801 9317 11846 20053 6202 9495 19954 7253 1522 14352 24802 7349 16533 14721 5425 11696 20243 8589 18895 19890 17933 9007 5437 12326 5311 15743 16109 17365 17172 8935 5835 20061 17642 14618 15532 12589 11094 2353 11752 26653 12165 15657 11656 15280 6752 21559 21844 23646 10516 13615 4468 18188 12456 9007 313 11206 20003 12741 18417
12906 10257 11686 9395 9463 13290 2683 12704 21684 8047 12365 10824 18133 17518 9725 16537 18239 19872 13142 13531 11027 12890 16818 5383 1978 4421 12010 13303 13267 7204 7472 9278 7543 12218 9880 13736 4194 17221 9121 13757 8587 18219 7829 3760 16104 2082 7878 11610 13263 2234 2737 7248 3395 13755 11522 20551 15974 5806 3967 17256 4643 15364 6110 10197 17162 16725 15547 5650 16652 13063 16050 12515 13606 4481 2887 5605 7241 18487 10316 13954 16908 12674 1880 14800 11152 14681 14285 8437 11310 5850 6319 11399 17197 8525 9798 10648 16510 8751 5053 12401 4820 13974 10329 5704 16524 8873 16322 17662 8004 15975 14283 13206 13732 9211 2613 20572 16718 12415 4929 19775 4549 5303 12710 13287 1355 16710 7520 5472 6787 3545 12514 16230 13851 3488 17000 12322 8191 13759 15858 20416 13683 11058 16936 6701 11841 15757 7106 6085 10649 9852 9259 15016 13583 13523 13766 9082 4269 16819 1323 9951 3787 16626 17605 6002 11576 8453 18875 16965 20922 15458 22360 4705 19938 7324 2451 17399 6281 15526 10071 14672 13367 1494 10746 2565 16250 12507 10766 14005 12321 16293 8718 14243 15750 11686 5783 17922 8782 5541 1413 9508 12544 16305 14308 3709 4355 13046 3838 14459 7033 13068 6329 12306 15210 9367 7881 11511 7218 16842 5969 12857 5789 396 16582 17408 14867 17965 13891 1335 7764 4816 11090 7692 21203 12007 9716 15009 11000 18211 9351 7174 14929 1664 14087 18197 12082 15895 6527 12886 15586 12500 15041 14797 17288 20236 19947 7398 6389 11448 5840 20765 4336 15087 3246 10078 752 11723 17114 9544 14919 5813 10565 4742 2383 8767 1608 4602 13081 10896 18282 12406 17857 19898 6352 18334 11739 4341 5067 16616 13219 22027 0 17745 14793 9299 13166 8468 7019 10796 11317 2564 11563 13534 15133 793 9252 3696 5798 10599 11643 7163 14685 19219 8414 5818 4644 9379 12072 7062 14281 5884 5183 7086 2240 13298 7628 7120 1379 4586 11527 17936 13370 4556 13015 12844 10813 17986 5792 18391 17941 11808 16121 989 20278 14128 15743 2070 16327 17866 3128 15720 21088 14724 6432 17986 5770 8613 18227 10892 1879 16117 11806 8845 12879 13219 16842 14779 17910 6284 9158 17496 15205 14224 18069 10463 14678 7416 17379 17155 12526 19896 14097 5402 10360 12195 14754 10729 19123 5105 7870 5665 12145 8853 18048 13937 10408 18421 21779 11179 3841 10511 11938
7064 20247 8072 13524 8295 17461 17288 6090 12968 13417 8875 21835 13175 15029 11105 6088 4701 9296 16653 13643 6893 22307 2920 13193 18053 17917 16754 13673 8699 13832 15661 16980 12477 22374 11365 8452 14636 14980 16036 10674 11807 13474 10934 19305 3519 15782 10180 18416 6056 15614 19325 19542 16073 7438 18086 9358 4223 13204 14643 646 13488 7455 12120 9176 7330 5843 15262 17826 3336 6134 11628 7818 5002 18563 19294 18167 10996 3631 10110 4456 3407 15669 19030 7682 7532 4164 3518 17468 13783 15158 16434 6408 6198 9224 10629 17915 1483 10197 12889 20441 19557 16284 17850 20212 7805 16874 14388 13707 12071 7366 4853 5061 11702 11495 18415 13516 1883 16006 14558 12506 15889 18918 6246 4632 19090 5406 10441 15435 11439 14199 8350 6737 6059 14701 12330 10198 17689 4234 6383 11966 7367 6752 6437 17069 20748 2007 14172 13804 7552 9571 8487 7272 19810 16308 16897 16077 13517 1021 17317 18329 14278 14425 5703 16620 9383 13746 11409 2100 11310 14058 13005 18581 8959 15021 18425 5136 12700 8283 13178 7767 4391 18726 14606 16171 15311 5533 13913 4402 22193 6710 20836 6154 4581 19081 14412 12939 11030 12546 18931 9331 17367 14474 6176 14588 17989 8918 13907 16948 20193 12692 14934 21612 9018 8448 11207 6622 19912 4130 18151 7195 15154 17635 1175 8492 5395 5277 21322 18666 10778 12930 6665 16973 11399 21455 8152 15442 8664 9661 12460 16582 3974 19385 18990 13365 11247 15227 12001 9329 12917 6031 5983 11199 1780 12419 12018 13986 14079 20793 12489 10245 14644 10753 15062 9826 17154 20954 12964 18850 4873 18690 20428 14481 16149 17762 16174 14007 6877 13467 7770 19011 12458 9129 12800 9399 17928 19874 12918 8328 16604 13162 17745 0 3078 8448 7067 10897 11572 12933 8128 15214 8929 4522 8919 17001 16561 14680 12426 16814 6448 13937 8275 8857 9685 17228 17496 10535 9608 10991 13856 15114 14854 11700 18666 15418 10179 11327 17710 14026 10424 3530 7510 13338 7565 13036 7179 7980 12266 2310 6561 6027 15233 16845 12565 14535 2548 16592 12853 3677 17587 13668 13610 3172 16850 5887 14907 9449 7984 8879 16717 15892 22274 10744 22142 9211 9523 3240 8325 13256 17981 4259 4817 7145 7562 9927 5504 12829 2422 836 15057 11182 4291 20144 9236 5830 17867 18345 6424 14318 12968 15987 13468 10153 9524 6375 8680 4163 13170 13004 18191 14966 21970
4391 17300 5202 10608 5434 14855 14521 3172 12444 11251 7551 18871 11687 13216 8159 6513 4834 8945 14065 11223 4310 19450 2631 10507 15018 14840 14042 11217 6264 11534 12639 14045 10145 19470 8445 6138 11573 13114 13101 8373 8789 11971 7856 16237 2403 12796 7123 15615 4720 12708 16509 16489 13009 6564 15288 9247 2926 10127 11588 2508 10693 7264 9401 6168 6293 4820 13079 14755 2756 4690 9800 6439 2158 15939 16493 15094 7929 5541 8227 1604 3028 13064 16016 5698 5416 1787 547 14481 11059 12702 14055 3715 6912 6327 8654 15054 2340 7129 9869 17626 16923 13814 14968 17633 6452 13916 12403 12055 9798 5838 2382 2048 9375 9453 15365 12587 2989 13360 11941 11526 12811 15841 3363 2425 16127 4442 7689 12935 8750 11254 5701 6960 3600 11670 10665 7601 14689 1165 4873 11260 4984 4042 5432 14020 17881 1447 11872 10729 5134 6554 5583 5372 17124 13780 14371 13140 10615 2077 14306 15412 11254 12494 6682 13555 6607 10763 10346 3412 10887 11940 12672 15503 8710 11991 15379 6115 10129 6533 10320 7286 1496 15838 11814 13131 13242 2456 11128 2998 19302 5373 17807 3886 4678 16263 11913 11428 7997 9504 15941 7028 14687 12480 5478 11789 14911 6435 10964 14506 17129 10226 12539 18744 7132 5665 8785 3544 16854 4965 15082 5878 12690 14663 2048 7384 4956 5061 18588 15768 7700 9996 3720 13958 11048 18573 5118 13163 6794 8659 10514 13549 3359 16445 16395 11870 8627 13104 9369 6823 10897 4138 4086 9110 2594 11581 11165 11727 11656 17898 9428 10001 11576 8752 12027 7829 14230 18071 11265 15898 2832 15617 17492 11408 13320 14788 13206 10946 4235 10697 7124 16254 10986 8826 10258 8480 15153 17176 9891 6955 14027 12699 14793 3078 0 5557 5883 8585 8496 10151 5191 12293 6117 1462 7014 14066 13630 11891 9371 13974 3370 11637 6248 8358 7035 14779 14418 8427 8234 7940 11547 12043 12292 9155 15629 12898 7341 8712 14843 10964 7692 5158 6471 10329 6375 10527 4110 7174 9225 3774 7537 2995 13148 13873 11714 12170 1133 13563 10991 3951 14523 11624 12802 1678 14482 5519 11833 6387 7274 5943 13693 13758 19349 8514 19291 6781 8099 395 7430 10180 15024 5457 4556 4941 6867 8067 4959 9775 3996 2383 12454 10461 1464 17536 6253 3504 15411 15479 6490 11710 10743 13523 10852 7088 8489 5496 5657 4623 12634 10267 15118 12149 19064
5322 13773 4692 7850 238 13011 8982 4322 15415 6691 5804 15184 13152 13795 5735 8322 9640 12560 12362 10465 1967 16294 7839 5068 9735 10022 11864 10343 6852 6689 8872 10787 5358 16087 6125 7127 6552 13585 9924 8600 5589 13368 3779 11164 7238 7367 2422 12923 4828 7170 10953 12204 7953 6228 12635 13094 7313 5467 6485 7974 5153 7803 3949 4045 9598 8620 12754 10247 7765 4619 10876 5150 4849 10495 10940 10545 3235 9482 4906 5026 8044 11407 10649 7663 3080 5831 5029 10857 9207 7525 8950 2150 8970 776 4975 12122 7221 3674 4591 14752 11465 12543 11935 12218 9259 10529 12681 13135 5181 8576 5650 4307 9270 5422 10162 14933 7476 11516 6558 13913 8055 11141 4453 4051 10647 8448 2256 7687 3366 5755 5856 8286 5776 6405 11931 7106 10953 4626 8024 14099 6385 1829 9040 9879 14752 6458 7001 6346 2169 4120 90 7648 14807 12318 12856 9942 5073 7538 8936 12158 5965 12891 9179 9230 5763 7521 12763 7758 14162 11942 15884 10699 12477 8200 10149 8820 4875 8634 7947 7316 4091 10292 9545 7891 13200 3532 8990 4933 15994 8570 13709 6272 7022 13452 6699 12885 4833 4370 10511 3020 12577 12722 6120 6243 10074 6798 5462 13254 12686 9498 7467 15566 8759 628 3968 2850 12504 8012 10630 5086 7500 9200 7283 10303 6372 9560 16001 10226 3450 4483 1845 10148 14396 15337 1260 12557 4130 11459 6514 9604 5918 10936 14466 13296 7727 12937 4051 6946 11319 3756 7036 9718 8122 14185 13799 6945 6579 14633 4488 13603 6609 9663 6776 4355 8706 14858 12361 12414 6406 11067 14025 6563 7765 11231 7740 5929 5395 8701 10711 13712 12586 12513 5046 11435 12614 11668 4645 9580 12366 15731 9299 8448 5557 0 5357 4074 3997 8195 4283 6766 5343 4456 8639 8553 10426 6349 4361 11237 2890 6781 7888 11887 1939 9555 9676 4478 6102 3008 11077 7695 6973 4019 10350 11569 1799 3471 9289 5945 6615 8945 5869 4991 5523 9597 2150 10553 4099 9275 9755 2677 13076 8412 14282 11439 6584 8266 11774 9039 9446 11865 15317 5447 9380 9773 7433 2031 10752 4547 8372 13483 15862 4228 16171 7162 10339 5599 10637 5795 11563 8680 6518 6805 10454 4858 6212 5951 8220 7883 10879 13381 5137 12097 4315 3100 14027 12490 10921 6342 6115 8309 9472 3729 11272 5813 3696 9667 15570 8499 10157 9711 15688
8892 19108 8939 13143 5122 18208 11860 7439 18237 6829 1808 20489 16972 18112 10883 3371 10660 14808 17517 15277 3627 21649 8406 7851 14149 14960 17117 15194 10840 7437 14212 16145 6261 21428 11266 10925 11484 17951 15278 12905 10898 17233 9135 15821 8285 11612 7768 18258 1163 10939 13969 17379 12770 899 17965 15128 8787 10681 11344 6988 8524 2456 7060 8936 12055 10644 17458 15366 8603 1225 14850 817 7090 12621 13881 15635 8548 5859 3395 6794 8861 16534 14842 10936 2316 7425 5484 16198 14336 8990 10044 3974 4031 5807 3986 17472 5603 8949 9405 20105 13600 17580 17289 14099 12075 15885 17118 17174 5778 11406 7768 6531 13765 4865 14688 18219 5262 16692 8844 17154 13107 16128 7669 3592 14491 10291 5895 9346 6399 9918 9952 3107 8667 11066 15834 11645 16279 5977 10526 17009 9860 4045 11236 15140 20109 5485 7757 11620 3191 9140 5446 10722 20109 17407 17969 15297 9067 6691 13218 17514 10626 17277 4462 14447 10333 12867 15961 5236 16721 16485 18509 15625 14585 13543 14634 4333 7055 11892 13169 1973 4962 13725 14781 12483 17794 6060 14185 2924 21341 11068 18928 9116 3006 18799 8395 16704 10110 9369 14542 3662 17825 17177 1217 9509 14995 10898 9650 18298 17784 14264 8650 20921 12317 4832 5382 6434 17648 4089 15765 311 9005 13197 6106 13076 1978 10937 21339 13718 8807 8759 5018 15471 16893 20689 6221 17366 2213 14352 5643 14912 3093 14624 19698 17142 12478 17579 6652 11182 15648 2082 9600 13892 7922 17274 16860 7510 7912 19985 9621 15870 11584 13676 11430 3337 12450 20212 16371 17759 8449 16145 19365 11628 11047 16575 11834 10904 8844 13854 12962 19036 16311 14695 7062 14211 17931 14088 9495 12537 17510 18505 13166 7067 5883 5357 0 4857 9319 13321 8652 10669 9829 6103 12191 12374 15783 9551 9459 16567 6304 7539 11378 14204 4979 10939 14679 4126 2541 8260 15795 12942 8962 6129 14742 16605 6108 6046 12669 10919 11362 5338 628 9668 507 14444 6238 12975 9130 9019 4781 5444 17680 12476 17399 16269 6901 12739 15935 9704 14168 16297 18487 4369 10425 11402 12670 7366 13096 9203 12794 18182 21193 4547 21527 11287 13589 6227 13199 11085 16913 4652 2516 10054 12701 3202 1797 11307 5342 7036 15972 16219 6767 14099 9170 3098 19121 17843 12358 8602 6505 9786 14470 8987 14173 856 8457 10364 18421 13583 14969 14982 21030
9379 15855 8755 10976 3989 16209 7004 8270 19471 2713 3898 17044 17196 17720 9293 8194 13208 16519 15656 14185 4306 18544 11162 3086 9684 10927 14961 14037 10917 2956 11169 13299 1581 18166 9671 11201 7653 17494 12571 12591 8799 17405 6850 11477 10714 7158 5502 15666 5260 6287 9113 13638 8707 5335 15420 17015 10945 7424 7433 10596 3894 6910 2573 7948 13560 12464 16507 11586 11191 5095 14911 4126 8581 7844 9024 11795 5927 10586 1888 8606 11475 14772 10235 11719 3376 9416 8044 13072 12633 4290 5537 4945 8839 3772 1479 14761 9450 7174 5680 17277 8834 16004 14518 9406 13277 12965 16572 17142 1216 12588 9400 7982 13188 1450 10279 19007 9389 14793 3988 17987 9328 12115 8430 6327 9756 12238 2474 4602 2119 5547 9920 7821 9737 6971 15971 11053 13059 7991 11966 18158 10446 4665 12937 11696 17095 8953 3295 8438 3450 7929 4131 11682 17677 15715 16207 12573 4692 10199 8708 14565 6575 16800 9310 10915 9735 10398 16835 9511 18183 15795 19922 11553 16407 10564 10199 9188 2221 12695 11258 6210 7135 8907 12758 8223 17010 7224 12311 6553 18138 12523 15245 10240 7723 16089 3604 16931 8211 5894 9872 1572 15668 16606 6060 4762 10941 10852 5326 16693 13887 13272 4039 17833 12834 3536 604 6809 13836 8837 12000 4562 4293 8548 9754 14327 6739 13244 18658 8910 6495 4634 5441 12264 18411 17569 5323 16239 2644 15505 2472 11651 7273 9845 17557 17336 11558 16725 2014 10978 15266 4894 10967 13726 11132 18255 17867 3143 3200 16878 6331 17575 7800 13702 7296 1611 7730 17133 16379 14621 10175 12265 16142 7978 6246 13470 7284 7188 9439 12108 14649 16504 16643 16459 2209 15468 15468 9275 5798 13620 15679 19784 8468 10897 8585 4074 4857 0 6606 11661 8339 6090 9352 7924 12714 7682 13009 4785 6130 14063 6806 3060 11959 15852 2173 6342 10744 951 3664 5502 14849 9575 4135 1413 10244 15053 3107 1638 7855 7198 10483 10043 4960 5750 4623 13312 6171 14523 5748 12319 9555 6316 16882 7882 18354 15126 9715 8373 15764 12456 9938 15769 19391 7739 5955 13539 9294 5596 14709 8530 8390 17228 17865 397 18454 11209 14408 8770 14631 8008 13854 9446 7187 10849 14387 2014 6548 8663 9782 10569 14306 17431 8676 9373 8223 5135 17383 15066 14656 3746 2172 5116 13056 7263 15318 5688 7679 13119 19628 12012 10795 12826 17791
5906 9789 4670 4383 4234 9605 7869 5891 14982 8478 9519 11188 11826 11791 3177 12312 11317 12902 9069 7951 5930 12347 10114 5421 6726 6349 8356 7768 6321 8068 4894 6889 7143 12109 3479 6775 3158 11529 6077 7181 2326 11971 811 7767 9348 4945 1586 9150 8824 5460 9376 8265 4571 10169 8885 13567 9121 1633 3243 10999 4794 11774 4698 3179 10148 9725 10256 6373 9891 8615 9585 9028 6900 9840 9440 6694 772 13234 8132 7337 10127 8213 7822 7798 7009 7971 8067 6880 6139 8094 9463 5950 12956 3524 7965 8289 10589 1733 2169 10884 10661 9480 8075 11545 9529 6601 10587 11540 7248 8965 7478 6620 7439 8039 6979 14067 10998 8206 6720 13172 4321 7383 5853 7733 8222 9732 4151 8046 4687 3979 5514 12283 6895 3547 10616 5622 6962 7353 8843 13679 6664 5689 9920 5896 10823 9724 8274 2373 6133 2838 3911 8001 11122 9162 9633 6087 3906 10571 6186 8233 3234 10855 13141 5279 4658 3801 12170 11338 14072 9747 15605 7017 12949 4229 7017 12757 5914 8564 4728 11255 7279 8364 6168 4856 10842 6047 5764 8757 12026 9274 9738 7260 10947 9626 7340 11584 2033 1597 7886 6347 9064 10601 10116 5488 6419 6121 3781 10151 8803 7167 8279 11621 8320 4487 6162 4963 8587 11884 6735 9036 8043 6776 10486 10443 10352 10998 12197 8244 811 3241 5182 6155 14345 11383 3569 9897 7801 11323 8935 5607 9749 8653 10955 11926 5698 10523 5236 6018 9496 7738 8049 8310 10762 13579 13253 8370 7559 10679 1185 13827 3128 8486 3843 7618 6673 10912 10869 8443 8042 7221 10046 2920 6490 7260 5448 2565 6088 5614 11274 9972 11422 12918 6134 11417 8910 10576 2098 9651 9097 15322 7019 11572 8496 3997 9319 6606 0 5229 4312 4999 4578 7080 8232 6455 6554 5626 1267 7506 5131 8123 7719 12241 4782 9711 5940 7395 9665 1128 8674 3733 7263 5656 7315 8554 3588 5131 7575 2583 4859 12716 9797 2644 9440 7103 4401 10987 1442 11773 13741 5598 10709 6030 13640 8816 9263 5349 10139 11043 6069 9843 14545 8948 9843 10988 3483 2198 11226 3876 5512 10950 11875 6935 12232 6341 9983 8377 10928 1813 7604 12547 10462 7205 11057 8155 10196 2084 11856 10862 7783 13094 7496 11332 3345 6988 10806 8630 12118 6612 7935 8659 6685 1834 11152 9808 3414 11553 15097 5609 6626 6222 11712
5870 7560 4956 1456 8403 4900 12439 6985 11191 13696 13992 9183 7382 6791 2461 15732 10647 10227 4195 2812 9695 9392 10499 10625 9628 7848 3920 2603 4534 13297 4100 4363 12347 9525 2072 4953 6687 6506 3494 3580 2908 7446 4823 9666 9698 9013 6167 5483 12513 9974 13486 7873 7464 14220 5153 10969 9142 5358 6965 12289 9927 15661 9925 4412 8252 8663 5057 6991 10128 12330 5465 13263 8008 14513 13605 7334 5786 15648 12971 8569 10253 3219 10782 6124 11191 8770 9961 5171 1016 13251 14575 9395 16305 8089 12909 5025 12491 4556 7097 7507 15205 4364 5002 16118 7428 4404 5579 6869 12419 7190 8083 8144 3135 13111 9516 9897 13120 3376 11848 9205 6434 8261 6788 10627 11647 8903 9192 13165 9875 8737 4606 15899 6915 7614 6311 2930 5499 9069 7674 10012 5760 9283 8513 5691 7846 11595 13500 4758 10267 4182 8107 6532 7004 4123 4665 3550 8929 11940 9589 5576 7547 5874 16300 5774 3556 2378 8474 13535 10742 4714 11933 8286 10431 3817 9640 15805 11142 6315 741 15287 9577 12286 1672 8235 5682 8047 980 11775 9319 7819 8700 6937 14056 6148 12526 7187 3455 6570 11116 11089 4597 5574 13800 10454 7953 4266 8628 5068 8713 2278 13468 8709 5657 8814 11280 7193 8300 14741 7104 13091 13197 10444 12134 7943 13772 10072 8439 12131 5172 8342 8363 5049 11032 8572 7129 4671 12324 8299 14071 4997 12671 12179 6415 7432 1994 5348 10453 3871 4800 11371 7417 4326 11523 9718 9489 13599 12775 7935 6034 10893 6518 4762 7712 12427 10741 8073 6353 6230 8194 7726 7690 6097 11114 5338 9518 6473 6060 553 9147 6104 7183 10320 11363 8524 5005 14947 6988 7255 4191 11531 10796 12933 10151 8195 13321 11661 5229 0 5036 9558 4034 8770 5644 10502 3953 10589 6216 3902 7367 13351 5669 9680 9628 14721 7349 12354 14292 6226 3563 5041 12395 10844 10042 3399 8556 10296 11775 6483 2517 15219 13896 7449 13580 2054 7156 8750 6532 12158 17052 8209 5549 9889 9735 3604 10386 8745 5557 10867 8453 4934 10435 11328 14934 9770 5085 6219 8994 4322 8938 5736 9475 11951 9221 4122 6947 9853 8521 4719 5428 15340 13683 6162 9025 12956 13661 3586 14115 12104 2685 9640 8726 15862 4205 10400 5833 5459 10663 11764 13145 13756 1468 4486 8178 13572 4922 11122 11256 397 8472 2046 9127
1594 12125 432 5418 4407 9876 11906 2039 11299 10881 9641 13707 8869 9610 2978 10771 7048 8786 9120 6636 5138 14261 6106 8645 10994 10254 8955 6566 2580 10769 7571 8862 9512 14280 3254 2900 7414 9420 7917 4373 3742 9087 3509 11855 5299 9237 3687 10451 7716 9616 13577 11518 8772 9543 10127 9410 4949 5768 7533 7496 8354 10859 7610 1190 5923 5413 8808 9944 5818 7552 6596 8749 3127 13744 13623 10299 4119 10630 9117 3674 6022 8115 12111 3666 6777 4070 4952 9342 5997 11328 12769 4686 11322 4613 9238 9867 7523 2590 6325 12452 14638 9038 9778 15484 5387 8747 8546 8871 9396 4766 3451 3149 5147 9705 11192 10697 8121 8354 10133 9697 8277 11125 1887 5644 12533 5426 6190 11402 7221 8084 1585 10989 2628 7858 7650 2998 9570 4068 4544 9976 2428 4671 5624 9045 12692 6620 11056 6075 5907 1594 4219 3789 12040 8921 9503 7958 7766 7111 10494 10224 7531 8732 11287 8685 1685 5621 8574 8529 10173 7867 11829 10880 8786 6953 11246 10782 8751 4561 5142 10568 4542 12627 6674 9148 9165 3012 5999 6789 14111 4998 12745 2956 9053 11089 10503 8602 3037 5794 12195 7266 9627 8597 8958 9290 10340 2515 7838 9753 12220 5620 11369 13554 4552 4874 8171 2247 11905 9708 10229 8463 11291 11083 7221 6377 8840 6696 13459 12515 3553 7054 3650 8871 10428 13382 3024 8719 8124 7415 10794 8513 7657 12959 11410 9014 3844 8938 7923 2678 7125 6601 3738 5462 6948 10004 9633 11046 10517 12707 5479 9771 7354 5383 8154 8572 10933 12881 8090 10725 3867 10806 12311 7071 10544 9633 9730 6853 1780 5588 7062 11118 8305 8779 8953 7446 10008 14654 6287 5601 9096 11626 11317 8128 5191 4283 8652 8339 4312 5036 0 9154 1178 3766 4439 10723 8445 9421 5520 8796 2403 10852 3749 8113 6172 13226 9786 8755 10083 4391 7143 7262 10629 8063 11568 8075 5546 7478 11784 6871 2751 10191 9262 6827 8984 5821 2459 6812 5563 7811 12057 3275 9048 10330 10093 7628 5606 9650 7528 6870 10219 7723 11103 6292 13187 6676 7099 3113 7041 753 9816 9533 14164 8509 14103 2880 6190 4932 6805 5588 9855 10305 8704 2952 6831 9046 8745 4889 9106 7326 7520 9299 3838 15303 1151 5589 10615 10290 7808 9960 10300 12040 5947 2497 7232 8771 916 7330 11441 5204 10656 6987 13874
10713 10870 9549 8291 6922 12878 2911 10364 19963 6198 9976 11761 16663 16346 8026 14034 15920 17874 12577 12368 8465 13599 14397 3067 3606 5251 11560 12154 11315 5422 7036 9122 5404 13051 8255 11763 3034 16063 8712 12099 6963 16783 5788 5446 13708 1177 5554 11581 10721 463 4425 8167 3242 11293 11424 18527 13624 4213 2724 14737 2196 12921 3615 8106 15069 14506 14548 6214 14254 10519 14475 10046 11212 4961 4470 6319 5037 15926 7972 11529 14517 11944 4176 12751 8608 12278 11777 8508 10251 4482 5471 8847 14697 5990 7494 10603 13962 6679 2848 12747 5709 13271 10302 6610 14486 8723 15133 16292 5816 13898 11922 10779 12234 7010 4225 18990 14159 11772 3179 18125 4285 6392 10392 10730 3919 14456 4959 4218 4270 1080 10480 13753 11591 2018 15479 10575 8358 11286 13685 18665 11569 8506 14766 6826 12340 13220 5427 4862 8088 7803 6730 12924 13635 12859 13198 8687 1708 14301 2621 10093 2011 15424 15087 6018 9657 7395 17148 14404 19071 14269 20596 5786 17906 6669 4131 14866 4006 13548 8887 12243 10849 3566 9889 2461 15210 10059 9748 11441 13094 14151 9764 12012 13200 11805 4088 16433 6957 3409 3887 7007 12181 15130 11791 1561 5234 11119 1352 13842 8217 11752 4886 12943 13319 6810 5489 9099 8268 14289 6612 10358 4418 2538 14048 15422 12330 15690 14229 3484 5645 2298 8577 7683 19344 12653 7266 14078 8533 16320 7345 7077 12366 4174 13908 16748 10514 14866 4092 11015 14215 9940 12818 13201 14815 18547 18230 5675 4624 12017 3838 18814 3229 13422 2076 7681 1939 12290 15673 9881 12590 6700 11177 3630 1557 8890 1194 3096 10875 9775 16204 12422 16310 17883 4125 16411 11581 5580 2905 14631 12638 20304 2564 15214 12293 6766 10669 6090 4999 9558 9154 0 9562 11072 13230 1793 8981 1629 3732 10283 9220 5412 12703 17209 5858 5358 5224 7028 9746 4778 13120 5250 3627 4680 4155 12477 5069 4637 2641 3088 9793 15375 10903 2357 10544 11595 8383 15935 3609 15937 15450 9324 15078 1809 18603 13094 13269 2420 14911 15489 4065 14456 19482 12172 5741 15756 5034 6261 16170 8822 2388 15182 12685 6480 13551 11339 14981 12297 15895 4839 9298 14945 12657 12102 15978 8103 12143 5982 14815 14642 11680 18090 11666 6377 8302 9632 14285 10783 16906 3262 5891 4665 10998 6788 16149 11422 8238 16065 20074 9954 4944 9748 12720
1916 11360 951 4634 5487 8793 12397 2957 10545 11826 10806 12965 7852 8474 2360 11907 7240 8324 8023 5464 6308 13379 6649 9393 11038 10037 7930 5399 1765 11659 7024 8090 10448 13451 2524 2201 7498 8276 7150 3257 3373 8055 3777 11721 5835 9504 4344 9508 8889 10025 13953 11016 8773 10721 9179 8993 5368 5826 7660 8287 9006 12030 8408 1528 5617 5417 7630 9589 6314 8727 5562 9924 3975 14309 14016 9949 4580 11627 10222 4536 6480 7016 12185 3242 7940 4778 5940 8668 4950 12105 13538 5863 12447 5587 10317 8986 8457 2888 6715 11526 15169 7896 8923 16036 4961 8017 7391 7795 10366 4426 4103 4123 3983 10745 11168 9812 9091 7280 10851 8845 8135 10815 2755 6781 12716 5523 7104 12148 8084 8519 965 12142 3025 8075 6624 1824 8927 5047 4458 9226 2236 5844 5498 8572 11819 7562 11933 5935 7061 1767 5272 3489 11015 7797 8382 7195 8309 7927 10635 9418 7796 7585 12391 8307 519 5002 7765 9508 9536 6699 11124 10632 8377 6453 11240 11876 9587 3987 4250 11744 5624 12934 5701 9252 7993 4107 5013 7921 13266 4816 12147 3184 10169 10164 11290 7589 2862 6154 12328 8354 8584 7440 10125 9873 10130 1604 8297 8608 11764 4446 12182 12683 3796 5952 9142 3417 11419 10784 9838 9640 12065 11298 8103 5865 9990 6791 12471 12811 3928 7602 4826 8278 9803 12527 4089 7543 9270 6775 11820 7986 8766 13172 10332 7988 2679 7763 8773 1639 5991 7778 3852 4378 7600 9195 8842 11944 11351 11867 5761 9252 7408 4358 8335 9674 11246 12025 7028 9974 4333 10437 11528 7078 11020 8930 10013 6991 2120 4580 6726 10138 7324 8342 9797 6852 9038 15126 6658 5073 7994 10879 11563 8929 6117 5343 9829 9352 4578 4034 1178 9562 0 4751 3697 11025 7668 10008 5841 7887 3567 11738 3142 7665 7180 13936 9551 9819 11236 4926 5966 6987 11365 8968 11586 6940 6443 8380 12153 7008 1615 11207 10440 7206 10161 4657 3627 6423 5957 8348 13174 4441 7875 10574 9272 6455 6381 9771 6431 7230 10153 6569 10246 7342 13948 6663 6863 3905 6665 838 9947 8356 13362 9545 13215 1906 5467 5819 6353 5516 9116 11366 9836 2769 6520 10159 9899 4628 10090 8106 6414 8596 4693 15838 1287 6764 9480 9416 7740 10694 11245 12783 4825 2777 6600 9943 1676 7607 10675 4156 10501 6046 13048
3167 15850 3815 9172 4376 13535 13426 1799 12177 10633 7582 17417 10949 12288 6717 7406 5291 8866 12756 10010 3643 18025 3384 9511 13669 13413 12679 9986 5130 10819 11178 12601 9432 18031 7013 5086 10186 12162 11657 7263 7328 11220 6420 14839 2817 11507 5761 14213 4971 11501 15365 15029 11620 6899 13888 9273 3027 8708 10215 3928 9601 7874 8393 4711 6008 4692 11968 13305 3327 4880 8921 6505 1016 14946 15362 13646 6544 6878 7882 722 3609 11751 14690 4887 5066 1500 1190 13024 9701 11859 13253 2991 7883 5198 8232 13632 3764 5675 8550 16217 15919 12559 13539 16664 5976 12466 11399 11225 9136 5304 1675 628 8232 8960 13994 12116 4356 12028 10985 11051 11385 14401 2015 2532 14855 4402 6682 12059 7778 10016 4445 7754 2628 10332 9855 6337 13230 303 4443 10929 3945 3258 5242 12559 16454 2859 11151 9285 4554 5094 4465 4639 15764 12499 13089 11695 9424 3507 12987 13971 9926 11516 7747 12100 5255 9308 9858 4767 10708 10873 12494 14073 8691 10530 14014 7207 9233 5816 8907 7766 1148 14635 10424 11778 12186 1042 9743 3516 17868 4996 16345 3040 5593 14854 11048 10683 6535 8157 14641 6429 13335 11469 5985 10684 13486 5265 9729 13261 15673 8999 11743 17316 6303 4686 8034 2117 15396 6086 13629 6023 11841 13385 3509 6988 5632 5328 17208 14556 6278 8777 2633 12497 10898 17141 3818 12004 6526 8260 10059 12087 4190 15194 15076 11125 7337 12023 8436 5628 9895 4103 3499 8103 3756 11176 10764 11038 10851 16463 8049 9936 10181 7803 10683 7422 12999 16640 10424 14448 2402 14168 16046 9998 12180 13333 11935 9563 3046 9320 6989 14869 10270 8775 9382 8132 13762 16122 8564 6435 12722 12456 13534 4522 1462 4456 6103 7924 7080 8770 3766 11072 4751 0 6179 12826 12186 10793 8003 12561 1952 10919 5374 8230 6141 13922 12985 7921 8204 6586 10387 10592 11375 8298 14276 11626 6254 7806 13661 9582 6352 6456 6726 9023 6554 9276 2743 6952 7880 4864 8568 1780 12085 12596 11301 10977 2216 12224 10071 4605 13130 10599 12388 2628 13683 5659 10386 5017 7096 4514 12360 12665 17904 7916 17868 5633 7494 1298 7146 8739 13574 6642 5350 4035 6724 7744 5588 8315 5346 3785 11144 10145 758 16548 4803 3212 14155 14054 6751 10763 10095 12667 9545 5632 8079 5913 4198 5249 12357 8907 13706 10747 17625
3406 13070 4008 6900 8731 9078 16083 4783 6871 15300 13495 14684 4782 6210 5468 13500 5390 4789 8263 5067 9071 14542 6046 13050 14431 13102 8707 5167 1933 15206 9603 9972 13938 14833 5403 1541 10985 6124 9133 2192 6620 5047 7445 14875 5402 13102 8020 10593 11098 13692 17594 13496 12154 13025 10268 5504 4696 9333 11180 8309 12696 14053 12035 5216 2638 3426 6370 12430 5625 10984 2787 12483 5163 18005 17665 12786 8276 12298 13307 5578 5629 7376 15595 1316 10718 5232 7134 10815 6075 15749 17187 8490 13922 9036 13499 10392 9061 6577 10389 12568 18861 7672 10442 19731 1802 10041 5477 5056 13804 1748 4652 5677 3113 14036 14479 6296 9805 7804 14523 5274 11362 13701 4564 8691 16228 3789 10627 15808 11660 12198 2874 13898 3552 11654 3678 2953 11143 6377 2593 5548 2359 8593 3078 11218 13088 8310 15494 9249 9949 5461 8584 1670 11543 7803 8364 9189 12006 8095 14128 11089 11408 5532 13692 11157 3576 7623 4137 10229 5844 5151 7430 13629 4919 9178 14571 13121 13186 741 6250 13931 7317 16539 7076 12729 6392 6145 6454 9692 14589 2467 14339 3159 11665 11287 14927 4514 6351 9822 15797 11528 9184 5561 12161 13570 13203 2112 11982 8273 14323 4302 15801 13923 126 9193 12581 6057 13921 11968 12601 12072 15710 14846 8518 2361 11800 4728 13142 16409 7617 11299 7580 10666 6115 13839 7399 6611 12159 3091 15140 10548 10295 16707 10529 4954 3662 6315 12360 2249 3998 10123 2988 2316 7204 5566 5194 15481 14953 13267 9403 5636 10872 1837 11888 12777 14862 13359 4259 11800 4227 13223 13161 10506 14705 10971 13617 10532 3403 6012 3507 10989 4122 4843 13390 3201 10028 18804 10326 1621 8191 7201 15133 8919 7014 8639 12191 12714 8232 5644 4439 13230 3697 6179 0 14636 9573 13705 9498 9271 6123 15289 813 4171 10564 17613 12600 13051 14035 8624 5096 10072 15030 12499 14942 6936 9984 11915 15796 10547 3714 12007 12819 10873 12608 4714 6590 3118 9637 7439 14550 6880 6315 14149 5657 5824 6646 13255 3991 5905 13429 4749 6680 8637 17602 4305 10011 7521 3365 4501 13439 6981 14853 12854 14355 1914 1771 6623 2923 8919 11036 12424 11482 2146 3381 13212 11762 7877 10791 8111 6803 4900 5662 19531 4983 9133 9192 10818 5071 14359 14720 16445 5410 6465 2922 12075 5255 5959 7008 5484 13649 7513 14454
12304 10532 11102 9134 8712 13266 2334 12047 21258 7341 11580 11201 17786 17267 9279 15744 17594 19347 13070 13273 10258 13207 16129 4598 2429 4689 11968 13048 12750 6506 7398 9310 6786 12569 9459 13213 3823 16974 9073 13340 8158 17883 7264 4303 15426 1539 7218 11696 12473 1443 3002 7594 3287 12964 11586 20018 15315 5355 3562 16519 3850 14574 5318 9625 16601 16117 15347 5860 15973 12273 15665 11723 12928 4325 3108 5862 6619 17703 9535 13263 16232 12548 2601 14252 10363 13999 13554 8532 11075 5221 5818 10640 16405 7778 9022 10724 15754 8180 4413 12606 4818 13862 10408 5728 15982 8903 16063 17347 7241 15419 13618 12513 13366 8448 3094 20192 15952 12315 4213 19371 4464 5677 12061 12523 2136 16089 6739 4861 5996 2813 11967 15438 13225 2995 16634 11871 8312 13045 15267 19978 13110 10299 16347 6790 12090 15010 6427 5750 9867 9293 8515 14453 13703 13421 13695 9038 3501 16083 1530 10079 3231 16363 16812 6045 11066 8199 18444 16195 20450 15197 21920 5064 19401 7181 2950 16608 5503 15004 9790 13884 12630 1910 10571 2393 16039 11804 10541 13229 12655 15714 9116 13628 14961 11818 5089 17568 8291 4929 2190 8715 12532 16050 13516 2927 4637 12537 3103 14375 7460 12759 5691 12599 14717 8604 7093 10823 7605 16055 6210 12065 5159 905 15836 16885 14076 17337 14099 1792 7173 4073 10356 7753 20728 12301 9011 14828 10208 17723 8621 7201 14149 2383 14138 17857 11689 15686 5735 12395 15267 11716 14430 14403 16576 19819 19520 6713 5688 11716 5270 20258 3986 14670 2815 9291 239 11992 16775 9730 14267 6130 10842 4406 1699 8881 1021 4148 12474 10639 17728 12510 17484 19368 5579 17834 11787 4461 4440 16093 13142 21600 793 17001 14066 8553 12374 7682 6455 10502 10723 1793 11025 12826 14636 0 9248 2921 5209 10591 10951 6470 14160 18690 7629 5410 4835 8596 11295 6413 14025 5723 4506 6296 2824 13146 6862 6327 1287 4135 11078 17152 12578 3911 12223 12556 10117 17441 5167 17688 17149 11088 15908 689 19866 13912 15030 1991 15994 17197 3382 15436 20700 13965 5973 17375 5575 7944 17680 10329 1829 15939 12170 8061 13185 12726 16362 14061 17378 5886 9280 16708 14417 13649 17510 9680 13887 7036 16605 16422 12363 19439 13403 5445 9799 11424 14717 10836 18518 4378 7140 5115 11886 8285 17557 13144 9809 17761 21358 10891 4184 10364 12273
9580 3692 8490 3039 10661 4040 11515 10483 14516 14444 16071 5299 10423 9078 5471 18587 14582 14028 3972 5515 12247 5919 14299 11076 7572 5216 2786 5287 8458 13851 1958 422 13238 5849 5197 8892 5999 8771 530 7444 4996 10400 6647 6913 13487 8044 8034 2680 15170 9278 11962 4173 5969 16654 2474 14771 12975 5608 6307 15924 10186 18223 10741 7498 12195 12606 6882 4025 13947 14968 8936 15548 11562 13565 12127 4282 7316 18976 14645 12115 14092 3752 8582 10073 13499 12436 13357 1342 3576 13329 14439 12115 19206 10051 14430 1752 15950 6928 7475 4333 14044 4922 1521 14943 11367 534 8012 9705 13452 11143 11768 11583 6790 14394 7216 13016 16517 3374 11923 12506 4798 5138 10318 13656 9695 12833 10630 13127 10948 8541 8401 18639 10676 7006 9571 6867 1714 12489 11615 13455 9627 11919 12466 2676 4353 15045 13968 4604 12595 7142 10337 10476 4735 4443 4583 497 9081 15548 7930 1791 7176 8323 19302 3261 7263 2959 11971 16912 14316 7235 15301 5395 14262 2468 7378 18857 11833 10258 3475 17742 12815 10691 2576 6870 7616 11321 3129 14777 5700 11771 4776 10763 17055 3083 12760 10290 5822 7149 9076 12895 3292 7962 16478 10307 5318 8185 8564 5299 5045 5645 13664 5194 9578 10974 12503 10324 4596 17870 3943 15512 13267 8858 15665 11829 16604 14018 5656 10520 6979 8730 11169 1681 14605 4992 9667 6254 14354 12063 15171 2090 15737 10251 4930 10418 5946 7263 11346 7802 7863 14041 11302 7988 15269 13063 12901 14145 13167 4299 6683 14607 5804 8490 6905 14144 9472 4497 9418 2310 11979 4496 3867 5451 10396 1408 8450 6176 9782 3562 13061 3530 10421 14136 12038 12316 2604 13593 7350 11170 4062 14844 9252 16561 13630 10426 15783 13009 6554 3953 8445 8981 7668 12186 9573 9248 0 10423 6886 1348 10510 13877 9623 13517 11325 14326 4807 13860 16214 7675 6131 3749 12443 11871 7785 4481 10115 11426 10506 6175 6353 18506 16292 7593 15942 5250 10072 12657 7268 15985 19981 11259 7503 8561 13051 5677 14022 7261 8644 14757 6276 7667 13574 14591 14721 13723 3992 8424 12898 7692 7434 7300 5719 13366 5781 8066 10758 13377 12409 5002 1478 18506 16620 10062 12951 14680 16466 4492 17480 15748 3855 13200 12278 14646 7385 13169 5510 2076 14612 11920 13968 13622 4412 6916 11959 16196 8026 15042 14548 4089 5916 2140 5442
10908 12470 9841 9426 6458 14233 2634 10344 20537 4583 8676 13386 17451 17325 8790 12919 15864 18208 13879 13393 7802 15202 14171 1705 5122 6880 12914 13191 11773 3796 8465 10594 3883 14667 9069 12191 4424 17051 10117 12802 7823 17593 6337 6997 13537 2803 5734 13060 9745 1625 4646 9795 4845 10100 12887 18827 13538 5264 4117 14251 1197 11692 2602 8493 15323 14609 15637 7832 14073 9553 15210 8870 11078 4323 4614 7944 5438 15046 6621 11325 14347 13186 5511 13084 7657 12111 11355 10039 11365 2917 4054 8274 13574 5595 6102 12087 13350 7146 3518 14301 5234 14510 11792 6064 14809 10202 16112 17150 4327 14183 11838 10586 13053 5534 5766 19679 13467 13052 1559 18767 5836 8018 10408 10088 4972 14511 4239 2705 3301 1910 10870 12583 11677 3424 16242 11234 9909 10973 13858 19223 11847 7930 14931 8387 13921 12673 3798 6075 7277 8248 6333 13206 15121 14119 14493 10097 1721 13821 4128 11623 3259 16392 14009 7573 10181 8577 17737 13673 19537 15257 21130 7410 18202 8038 5655 13836 2585 13944 9963 10994 10407 4193 11105 4088 16272 9828 10892 10669 14705 14358 11393 12131 12246 13318 2463 17210 7658 4077 5107 5923 13559 16118 10720 138 6862 11605 1968 15111 9843 12696 3290 14540 13804 6244 4206 8970 9897 13354 8233 9245 2854 3810 13505 15790 11323 15704 15776 4175 6115 2412 8193 9207 19801 14251 7103 15204 7359 16773 5774 8593 11543 5074 15330 17550 11313 15936 2905 11557 15092 9085 12937 13935 14467 19156 18818 4047 2995 13608 4594 19188 4619 14100 3579 6395 2951 13880 16490 11448 12553 8329 12777 4982 1513 10427 2729 4319 11048 10866 16464 13908 17046 18199 2658 16832 13027 5345 3618 15007 13933 20873 3696 14680 11891 6349 9551 4785 5626 10589 9421 1629 10008 10793 13705 2921 10423 0 4435 11695 9064 3784 13109 17534 5040 4132 6848 5685 8376 5082 14138 6674 2039 3427 5625 13672 4552 3547 3136 4316 10481 14495 9719 3140 9370 12583 8233 16228 4186 15623 14306 9014 16139 3222 19224 14179 12931 4038 15752 15337 5684 15398 20149 11555 4379 15833 6435 6351 16454 9213 3990 16296 14305 5156 15150 11866 15475 11946 16226 5933 10835 13994 11701 12360 16225 6769 11132 7016 14041 14175 12875 18603 11448 5894 8722 8929 15607 12289 16991 1633 4304 3229 12052 7259 16595 10346 8524 15946 20660 10985 6562 11008 14333
7107 9809 5894 5180 4586 10282 6610 6970 16241 7682 9416 11098 13032 12902 4366 12611 12466 14163 9815 8998 6325 12461 11158 4446 5670 5663 8992 8803 7587 7185 5043 7170 6408 12134 4636 8039 2225 12632 6461 8412 3393 13169 2064 6894 10413 3717 2248 9554 9111 4194 8113 7921 3657 10265 9317 14825 10231 1300 2218 11878 3711 11905 3904 4417 11394 10926 11273 5922 10960 8899 10808 9066 7932 8596 8175 6206 1479 13819 7822 8332 11205 9023 6721 9052 7150 9010 8908 6969 7056 7035 8364 6470 13268 3719 7568 8638 11352 2974 924 11149 9405 10325 8391 10293 10785 6836 11691 12717 6587 10213 8560 7595 8623 7508 5994 15304 11700 8960 5632 14420 3698 6781 6956 8336 7034 10915 3818 6952 4062 2722 6771 12510 8061 2374 11830 6867 6984 8259 10063 14939 7902 6170 11142 5720 10987 10517 7358 2312 6346 4092 4288 9246 11582 9972 10405 6460 2733 11444 5044 8440 2017 11968 13513 4997 5924 4441 13427 12015 15338 10840 16867 6340 14206 4434 6011 13170 5067 9827 5637 11334 8062 7117 6941 3780 11887 6962 6626 9282 12084 10506 9471 8446 11379 9963 6320 12794 3254 358 6735 6175 9683 11699 10367 4297 5718 7388 2538 10969 8354 8271 7263 11743 9587 4723 5617 5903 8198 12372 6315 9161 6981 5574 11307 11705 10694 12174 12530 7001 1967 2126 5850 6179 15611 11487 4282 10875 7719 12589 8304 5580 10271 7446 11547 13127 6885 11559 4494 7283 10658 8089 9243 9533 11737 14832 14510 7487 6603 10790 205 15092 2261 9726 2703 7345 5423 11038 12063 8530 9162 6725 10086 2205 5231 7365 4211 1594 7282 6541 12522 10397 12646 14177 5283 12683 9384 9311 840 10913 9854 16581 5798 12426 9371 4361 9459 6130 1267 6216 5520 3732 5841 8003 9498 5209 6886 4435 0 7983 6057 7228 8983 13501 4615 8553 5316 6999 9466 1438 9736 3531 6179 4996 6275 9434 3403 4540 6313 1612 6094 13287 9879 1380 9513 8173 5266 12241 382 12787 14053 6400 11754 4813 14892 9820 10213 4242 11320 12142 5171 10968 15787 9645 8729 12187 3251 2987 12479 5124 4390 11951 11861 6493 12363 7607 11249 9291 12187 1888 7742 13041 10869 8440 12303 7874 10526 2733 12507 11753 8645 14358 8484 10075 4597 7457 11561 8937 13325 5549 7170 7548 7684 3080 12418 10034 4609 12674 16354 6608 5829 6925 11749
9758 3816 8776 3467 11467 2694 12851 10803 13684 15618 16970 5419 9534 8001 5901 19244 14474 13500 2685 4741 12979 5495 14400 12273 8910 6527 1473 4534 8404 15051 3248 1395 14380 5632 5570 8799 7277 7697 1578 7087 5671 9480 7483 8183 13600 9369 8901 1696 15886 10592 13309 5154 7309 17451 1398 14240 13040 6740 7588 16170 11403 18984 11876 7973 11909 12476 5775 5310 14028 15689 8263 16385 11854 14906 13474 5542 8246 19419 15638 12414 14150 2650 9907 9933 14317 12654 13748 2444 3212 14590 15727 12789 19846 10930 15456 1131 16313 7625 8637 3658 15390 3688 1179 16289 11072 1772 7003 8763 14570 10928 11970 11942 6298 15470 8541 12114 16917 2209 13177 11686 6136 6358 10619 14223 11032 12742 11642 14399 12038 9800 8506 19339 10814 8292 8784 6798 2806 12863 11500 12689 9656 12620 12271 3993 3944 15411 15182 5760 13400 7656 11147 10354 3617 3205 3278 1598 10301 15814 9277 1878 8438 7307 19901 4607 7431 3731 11252 17324 13615 6282 14483 6663 13764 3668 8705 19433 12999 9988 3655 18537 13284 12038 2253 8210 6503 11763 2938 15360 5419 11593 5416 10839 17648 2297 13999 9425 6473 8269 10409 13844 1945 6943 17192 11576 6627 8142 9807 4001 6019 5093 14913 4808 9259 11812 13578 10823 5557 18408 5187 16308 14529 10205 15983 11423 17262 13873 4777 11867 7831 9911 11804 2984 13900 4670 10374 5127 15256 11520 16287 3434 16297 11587 3635 9510 5792 6159 12473 7737 7054 14746 11302 7452 15424 12254 12126 15348 14387 4044 7778 13999 7082 7984 8209 15124 10816 4173 8559 2669 12096 5702 3892 6713 11717 2314 9783 7410 9951 3397 12692 2478 9606 13623 13208 11796 1406 14940 8512 10819 2782 14003 10599 16814 13974 11237 16567 14063 7506 3902 8796 10283 7887 12561 9271 10591 1348 11695 7983 0 11005 15081 9434 13033 12285 15637 6133 14885 17155 8633 5259 5035 13703 12979 9110 3397 11093 12510 11851 7410 6418 18969 17099 8793 16758 4674 10655 12278 8363 16056 20612 11800 6398 9905 12230 4705 14265 8606 7816 14743 7614 6757 12674 15055 16017 13526 5262 9209 12512 8051 8780 6125 5606 14408 5328 7962 10277 13694 12001 6100 2136 19029 17237 10042 12607 15661 17134 5423 17900 15987 2909 12502 12574 15993 7821 13833 4167 1565 14342 13164 15126 14907 3888 7596 11434 16929 8506 14971 13700 3906 7227 1856 5238
2717 14130 2647 7555 2890 12244 11682 1464 12711 9492 7428 15670 10837 11829 5104 8380 6806 9718 11500 9030 2953 16404 5179 7913 11725 11471 11279 8965 4575 9550 9369 10916 8195 16356 5442 4720 8234 11660 9980 6606 5554 11082 4488 12887 4493 9600 3820 12686 5329 9659 13567 13158 9668 7187 12368 10230 4477 6761 8266 5869 7890 8464 6798 3033 6757 5732 11168 11394 5037 5173 8638 6471 2014 13303 13575 11731 4593 8469 7201 2312 5304 10497 12756 4998 4607 3063 2970 11262 8352 10413 11840 2401 8942 3539 7428 12037 5553 3788 6629 14658 14257 11439 11918 15037 6484 10750 10817 10957 7974 5792 2786 1562 7462 8032 12044 12378 6051 10720 9415 11332 9442 12472 1632 3261 12953 5559 5135 10569 6245 8151 3655 8587 2931 8396 9657 5360 11446 2222 5167 11409 3770 2473 6163 10697 14832 4661 9868 7363 3827 3370 2870 4911 14354 11316 11896 10014 7608 5442 11058 12300 7995 10981 8935 10206 4082 7578 10155 6431 11385 10182 13135 12134 9617 8708 12066 8447 7763 5985 7386 8192 2309 12786 8965 9835 11491 916 8309 4409 16209 5721 14511 3434 6689 13301 9586 10568 4738 6219 12722 5480 11963 10875 6559 8947 11543 4611 7869 12155 13780 8011 10355 15686 6248 3302 6789 186 13515 7405 11727 6134 10388 11481 5387 7534 6440 6688 15731 12701 4332 6938 1459 10693 11609 15496 1968 11104 6038 8737 9145 10254 5309 13307 13773 10998 6244 11280 6937 4881 9356 4232 4170 7617 5683 11552 11153 9797 9466 14807 6099 10771 8229 7440 8744 6680 11131 14998 10159 12728 3527 12255 14340 8048 10398 11588 10039 7612 2727 7919 7854 13388 10213 9662 7935 8681 12272 14409 6637 6848 11480 13017 11643 6448 3370 2890 6304 6806 5131 7367 2403 9220 3567 1952 6123 10951 10510 9064 6057 11005 0 9644 5324 9049 4780 12437 11048 7016 7935 4647 9516 8686 9846 6902 12332 10475 4614 6360 11835 7630 5154 7996 6923 7109 6664 8222 838 7718 5944 6756 9686 874 11378 10694 11660 10021 4157 10285 9676 6286 11178 9996 12722 4082 12269 6886 8471 3074 7907 3056 10424 11889 16204 6886 16256 5000 7719 3248 7826 6812 11852 8024 6321 4105 7594 7100 6343 6453 6988 5731 9908 10665 2454 14901 3191 3214 13014 12449 8036 9206 8925 11194 8344 3756 8550 6380 2500 6884 12875 7565 11757 9247 15949
12070 16184 11282 12404 6756 17486 4972 11096 22133 915 6133 17150 19556 19815 11186 10697 16211 19341 17040 16057 7340 18918 14199 2810 8827 10662 16183 15881 13415 105 11931 14094 1492 18411 11531 13751 7967 19566 13515 14876 10448 19740 8615 10717 13727 6587 7500 16551 8149 5375 6941 13570 8591 7801 16350 19871 13923 8374 7678 13649 3695 9185 3441 10241 16379 15366 18371 11589 14214 8005 17264 6737 11515 5178 6803 11714 7626 13390 4152 11584 14499 16250 9042 14401 6406 12398 11094 13642 14244 1561 2523 7968 11301 6271 3556 15593 12480 9184 6466 17922 6126 17547 15313 6569 16029 13717 18627 19402 1867 15350 12333 10929 15339 2695 9485 21535 12383 16187 2274 20545 9510 11802 11233 9385 8247 15165 4663 1970 3656 5434 12430 10210 12555 7037 18325 13294 13546 11005 14802 20811 13118 7673 15807 12051 17593 12006 235 9326 6505 10128 6816 14412 18611 17200 17632 13503 4800 13255 7843 15213 6770 18881 11849 11236 12050 11663 19425 12478 20924 17806 22630 11193 19255 11424 9362 11817 2216 15355 12826 8459 10177 7106 14169 7866 18942 10158 13838 9566 18437 15350 15172 13053 10522 16868 1382 19297 10036 6900 8544 4631 16862 18648 8752 3853 10646 13311 5353 18196 13627 15230 1138 18243 15404 6346 2886 9621 13679 11622 11994 7277 1597 7373 12802 17070 9504 16215 19377 7162 8296 5178 8363 12807 21164 17959 7946 18020 5430 18201 2327 12185 10229 8174 18697 19681 13631 18630 2980 13375 17431 7914 13810 16028 14190 20856 20482 270 792 17302 7428 20384 8152 16077 7257 4239 6423 17571 18674 15105 13105 12108 16488 8458 4783 14037 6487 7706 12156 13722 17490 17402 19054 19294 1996 18192 16457 6697 6590 16333 17081 22455 7163 13937 11637 6781 7539 3060 8123 13351 10852 5412 11738 10919 15289 6470 13877 3784 7228 15081 9644 0 14576 18668 4865 3400 10618 3465 5605 7188 16768 10172 1985 2793 9283 16645 5308 3375 6150 7708 12634 12860 7476 6289 7195 15200 8931 17334 6874 15377 11946 9250 18810 6910 20945 16937 12764 7819 18002 15485 9465 17854 21952 10789 2925 16480 9910 7835 17532 10900 7765 19070 18058 3194 18858 13640 17030 11812 17414 9040 14442 12190 10004 13563 17232 4343 9317 9961 12711 13625 15861 20113 11664 6585 10508 8194 18786 15832 17612 2154 1035 2281 14807 9288 18015 8394 10078 16144 22280 13732 10341 14148 18069
2613 13195 3318 6818 7972 9462 15530 3972 7557 14564 12684 14817 5595 6968 5138 12716 5058 5188 8644 5490 8268 14797 5449 12392 14073 12865 8988 5561 1425 14491 9486 10031 13209 15042 5128 948 10577 6868 9158 2505 6276 5859 6919 14612 4760 12634 7392 10835 10286 13167 17095 13434 11797 12213 10506 5869 4070 8911 10756 7654 12073 13248 11359 4622 2649 3057 6987 12260 5033 10172 3561 11671 4359 17422 17158 12619 7705 11591 12517 4785 5067 7717 15231 594 9913 4475 6348 10820 6222 15078 16519 7683 13147 8311 12718 10563 8342 6026 9856 12836 18293 8130 10589 19155 1887 10068 6181 5852 13063 1525 3874 4867 3513 13268 14156 7068 9080 8120 13875 6034 11062 13523 3754 7882 15814 3362 9915 15150 10962 11657 2239 13105 2747 11197 4481 2800 11134 5578 2115 6235 1554 7791 2846 11097 13311 7570 14784 8907 9151 4902 7836 1020 11905 8220 8795 9213 11424 7418 13722 11208 10930 6256 12930 10977 3117 7469 4876 9506 6435 5791 8080 13415 5260 9018 14239 12362 12495 845 6211 13121 6510 16068 7199 12329 7063 5332 6545 8890 14809 2160 14356 2371 10883 11528 14253 5327 5920 9296 15405 10750 9508 6261 11354 12975 12963 1668 11432 8760 14243 4633 15116 14158 940 8431 11842 5264 13855 11210 12455 11258 15041 14411 7815 2725 11001 4441 13489 15943 7064 10713 6783 10609 6695 14058 6658 7177 11357 3672 14375 10444 9507 16281 10946 5766 3679 6961 11665 1936 4683 9310 2296 2928 6596 6297 5914 14763 14260 13464 8901 6111 10475 2518 11447 11990 14383 13570 5052 11890 3498 13073 13305 10124 14155 11003 13145 10096 2599 6091 3680 11283 4936 5214 12696 3724 10284 18263 9800 1933 8578 7882 14685 8275 6248 7888 11378 11959 7719 5669 3749 12703 3142 5374 813 14160 9623 13109 8983 9434 5324 14576 0 4535 9820 16968 12366 12277 13227 8032 5613 9813 14375 11784 14601 7338 9280 11203 15294 10112 3482 11285 12006 10347 11795 5027 5814 3339 9097 6928 13784 6073 6979 13697 6395 6318 5936 12852 4744 5452 13118 5425 7435 7855 16936 4104 9732 6857 3586 3900 13033 7625 15038 12091 14613 1617 2455 5860 3230 8541 11097 11678 10691 1340 3505 12420 10961 7547 10074 7456 7125 5550 4874 18962 4408 8320 9683 10994 5009 13705 13985 15787 5645 5916 3491 11265 4604 5587 7704 5564 13385 7627 14656
6665 16845 7696 11009 11919 12285 20006 7586 4143 18541 15785 18430 5219 7540 9626 14585 4170 677 11516 8411 11759 17999 6163 16691 18585 17270 12220 8582 5957 18576 13721 13897 17235 18404 9573 5484 15107 7630 13114 6101 10774 5502 11437 19046 6008 17167 11800 14153 13043 17672 21613 17550 16308 14917 13846 1337 5431 13444 15290 8418 16457 15568 15618 9104 2292 3562 8794 16572 5834 12989 4967 14689 7370 21857 21672 16927 12185 12487 16069 7509 5642 10788 19747 4461 13280 6799 8722 14806 9946 19323 20764 11113 14844 12433 16373 14114 9641 10532 14361 16021 22749 10695 14211 23596 2727 14011 7464 6031 17023 3358 6580 7983 6747 17038 18645 4739 10370 11260 18194 3814 15532 17846 7438 10631 20347 3918 14062 19431 15152 16153 6730 15131 6120 15732 4974 7122 15150 8290 3887 3116 5688 11317 2989 15333 16647 9191 18887 13407 12683 9410 11852 4331 14733 10960 11443 13172 15875 8416 18253 14900 15460 7338 14441 15306 7650 11769 2937 10737 2534 7617 4315 17789 753 13323 18735 13858 16692 3696 10334 15635 9310 20599 10955 16858 8476 8688 10393 11354 18134 3329 18290 5619 12813 14836 18492 5072 10453 13807 19933 14476 12568 7563 13831 17402 17370 6187 15919 11142 18392 7941 19314 17441 4121 12346 15833 9056 17978 12750 16729 14168 19291 18946 9008 1821 13264 3587 16347 20475 11563 15163 10428 14728 2690 17398 10749 9271 14747 1594 18150 14652 11637 20816 13565 5394 7753 8572 15856 6394 6439 12300 4888 5582 7138 3615 3238 18830 18436 16890 13425 1724 15003 5050 15982 15584 18911 16944 5545 15655 5829 17352 16900 14646 18637 14925 17677 14630 6550 9979 1244 14405 4596 679 16880 1273 13569 22749 14310 2607 11425 4370 19219 8857 8358 11887 14204 15852 12241 9680 8113 17209 7665 8230 4171 18690 13517 17534 13501 13033 9049 18668 4535 0 13812 21278 16767 16007 16425 12489 8132 14243 18672 15895 19103 10194 13466 15332 19813 14647 7885 12369 14807 14857 14683 8358 9737 1333 13600 6683 15317 9578 8460 18232 3766 8863 7480 17382 5909 5181 17598 7077 4772 9998 21188 2991 14183 11202 1145 8386 17564 9168 18481 15918 17804 6059 2761 7993 1314 13060 14945 13023 12806 5183 1508 15940 13286 12038 11197 8249 10294 2351 7500 23415 8908 11442 11994 14522 2591 18009 17973 20067 9161 10424 1631 13854 9015 4755 4341 9464 17820 11396 18048
7261 14413 6591 9058 1894 14293 7616 6233 17353 4752 4802 15713 15024 15562 7216 8283 11414 14484 13702 12080 2792 17041 9492 3509 9220 9989 13080 11939 8751 4770 9585 11647 3423 16740 7600 9044 6528 15341 10856 10421 6826 15233 4880 10853 8958 6704 3475 13932 4882 6188 9679 12480 7793 5725 13667 15008 9104 5895 6375 9289 3874 7379 2446 5785 11522 10503 14396 10447 9465 4676 12738 4496 6669 8913 9636 10702 4041 10075 3370 6775 9748 12788 9982 9602 2776 7590 6489 11547 10619 5718 7117 3327 8949 1608 3282 13066 8325 5089 4447 15646 9902 13989 12845 10599 11195 11342 14422 14970 3244 10511 7484 6094 11029 3581 9737 16853 8427 12842 4909 15839 8174 11163 6375 5065 9765 10310 924 5923 1756 5005 7755 8083 7695 6087 13798 8887 11582 6261 9940 16036 8322 2994 10943 10334 15543 7681 5089 6886 2247 5781 1986 9586 15900 13723 14233 10864 4182 8866 8317 12968 5647 14646 9290 9601 7565 8566 14693 8635 16099 13654 17823 10652 14393 8942 9692 9037 3101 10571 9276 6770 5540 9191 10821 7513 14882 5318 10332 5635 16682 10490 14054 8194 7346 14403 4909 14759 6176 4472 9739 1573 13793 14458 6018 4961 10023 8683 4725 14688 12845 11149 5613 16319 10683 1485 2029 4759 12730 8432 10852 4671 5700 8392 8511 12241 6499 11382 16976 9153 4522 3800 3531 10773 16333 16069 3165 14149 3106 13398 4642 10183 6531 9972 15689 15163 9417 14603 2336 8806 13104 4088 8947 11555 9628 16117 15733 5019 4721 15369 4797 15531 6638 11529 6451 2843 7740 15612 14207 13113 8253 11204 14686 6715 6541 11938 6975 5967 7333 10097 12628 14754 14473 14434 3243 13373 13687 10192 4544 11518 13718 17670 8414 9685 7035 1939 4979 2173 4782 9628 6172 5858 7180 6141 10564 7629 11325 5040 4615 12285 4780 4865 9820 13812 0 7783 9722 2732 4891 3655 12729 8145 5260 2159 9822 13028 1219 1678 8145 5980 8332 9524 5333 4690 4964 11207 4080 12480 4258 10808 9720 4418 14755 7637 16213 13033 8131 7788 13594 10743 9191 13615 17244 6535 7548 11629 7866 3466 12675 6359 7854 15120 16472 2382 16936 9038 12273 7151 12569 6392 12303 9089 6804 8744 12370 3380 6314 6865 9012 9228 12298 15320 6867 10507 6059 3892 15411 13400 12767 4676 4176 6527 10990 5171 13211 5659 5507 11390 17507 9966 9990 10926 16352
14613 15928 13655 13542 9587 18236 3136 13835 24478 4163 9498 16607 21526 21453 12887 14071 19180 21955 17926 17525 10473 18613 17273 4587 7779 10095 16918 17322 15687 3502 12389 14452 4774 17979 13178 16079 8389 21181 14068 16855 11946 21677 10383 9571 16737 6306 9595 16897 11533 5049 4397 13004 8445 11184 16753 22536 16859 9386 8077 16906 4949 12519 5667 12408 19019 18149 19766 11241 17247 11384 19267 10136 14402 2085 4205 11262 9440 16790 7550 14545 17530 17268 7548 16881 9718 15358 14233 13779 15488 2079 950 11067 14664 8909 6955 15918 15788 11137 7643 17950 2883 18595 15611 3191 18576 14049 20241 21251 5218 17922 15205 13846 17150 6086 8427 23699 15729 17113 3092 22763 9571 11079 13939 12626 6449 17994 7302 1869 6192 6004 14744 13564 15252 7370 20309 15274 13596 14044 17488 23158 15612 10748 18535 12058 17469 15266 3183 10156 9706 12206 9569 16955 18940 18193 18545 14042 5821 16500 6938 15354 7296 20520 15226 11270 14158 12678 21700 15840 23398 19387 25039 10469 21912 12026 8268 15208 4692 17786 14091 11796 13293 5082 15197 7564 20403 13068 15008 12895 18064 18016 14513 15734 13921 17084 2874 21281 11743 8195 6943 7898 17539 20247 12152 4268 10046 15540 6095 19180 12841 16823 2311 17999 17718 9241 6028 12381 13006 15022 11603 10677 2090 6160 16077 19589 12904 19115 19441 5205 10130 6470 11300 12967 23653 17702 10571 19328 8821 20638 5532 12377 13595 6170 19256 21630 15409 20067 5505 15529 19202 11237 16523 17997 17363 23128 22778 3441 3150 17107 8719 22967 8584 18134 7429 7634 5246 17383 20578 15069 15961 11540 16238 8978 3952 14148 5959 8383 14730 14993 20152 17732 21098 21928 4540 20671 16921 3590 7747 18821 17985 24811 5818 17228 14779 9555 10939 6342 9711 14721 13226 5358 13936 13922 17613 5410 14326 4132 8553 15637 12437 3400 16968 21278 7783 0 10214 6853 8931 9048 18270 10607 2606 5632 8048 17775 7845 6117 4472 8378 14539 16259 10866 7271 10591 16714 11654 19953 8285 18549 15290 12181 20270 6058 23203 18308 15891 7295 19850 18526 8790 19522 24156 14061 742 19322 10392 10112 20167 13116 7166 20423 17578 6537 18588 15827 19382 14918 19988 10049 14554 15590 13402 16100 19903 7742 12717 11144 16090 16869 16978 22508 14642 3243 12654 11424 19639 16075 20473 3270 4434 1257 16183 11249 20456 11795 12365 19170 24610 15117 9590 15079 17683
11307 5716 10034 5901 9901 8819 7169 11643 18539 11368 14421 6538 14651 13641 7260 17896 16769 17365 8778 9782 11640 8421 15858 8055 2804 503 7592 9545 10975 10623 3355 4757 10426 7839 7238 11462 3195 13335 4796 10795 6179 14682 6565 2317 15063 4068 7437 6995 14404 5351 7264 2956 2059 15446 6928 18093 14736 4312 3355 16913 7100 17099 8182 8602 15006 14967 11521 1027 15592 14191 12814 14217 12706 9107 7443 1096 6585 19112 12601 13182 15804 8466 3775 12650 12395 13750 14001 3834 7557 9682 10527 11771 18557 9026 12221 6048 16528 7353 5276 7775 9457 9702 5727 10329 14250 4364 12498 14045 10775 13835 13191 12491 10480 11909 2409 17208 16928 8136 8403 16549 1629 1465 11563 13615 4909 15070 8832 9388 8653 5298 10494 17764 12399 3775 13636 9648 3563 13265 13999 17358 11786 11478 15014 2141 7258 15663 10644 3728 11631 8194 9602 12968 8944 9229 9390 4747 6102 16488 3351 5313 4171 12811 18818 1636 9363 5040 15816 17261 18055 11663 19281 1095 17517 3531 2572 18484 8966 13153 6618 16491 13218 5997 6777 2764 12250 11963 7000 14587 7895 14318 4566 12667 16694 7045 9311 14476 6765 5340 4280 11204 8058 12464 15640 6769 607 10713 5469 10105 3146 9565 10101 7791 12647 10028 10153 10874 3104 17686 1399 14375 9617 4250 16421 14961 15997 16341 9268 5825 6721 6117 11088 3153 18344 7496 9482 10926 12788 15511 12413 2739 15578 5463 9497 14681 9076 11892 8776 10434 12042 13399 13386 11659 16599 17066 16837 10885 9836 6893 5191 18121 3099 12061 3466 12201 5028 7169 13620 4906 13653 1523 6027 3113 6305 4143 4298 3783 11510 7262 16040 7776 14509 17433 9128 15701 7166 8929 5185 14205 8865 18879 4644 17496 14418 9676 14679 10744 5940 7349 9786 5224 9551 12985 12600 4835 4807 6848 5316 6133 11048 10618 12366 16767 9722 10214 0 11689 14348 6701 10494 2567 8844 9378 2978 9157 8571 9120 5990 3767 8901 18585 15055 5058 14686 9253 10338 15681 5598 17550 19340 11537 12128 4164 17082 10190 15135 2929 12821 16655 1526 12017 17753 14875 10731 16206 2695 8120 15931 9142 3049 12009 7465 11139 8387 10761 14130 14281 15519 4255 4525 18354 16183 12312 15871 12695 15827 4931 17769 16770 8441 16963 13345 10020 8648 12770 10294 6102 17259 8479 11010 9763 8453 7414 15372 15299 9010 17095 18602 7674 1148 6447 7518
9671 16761 9157 11737 4349 16976 7807 8470 19727 2882 2995 17966 17623 18253 9948 7402 13158 16667 16401 14810 4282 19441 11044 4000 10626 11875 15744 14670 11311 3360 12042 14159 2135 19077 10332 11564 8585 18037 13412 13075 9527 17842 7576 12424 10657 8104 6190 16505 4684 7213 9906 14576 9654 4513 16252 17131 10946 8298 8370 10283 4833 6044 3523 8476 13724 12554 17124 12524 11108 4542 15351 3351 8663 8495 9806 12736 6688 9948 944 8626 11391 15499 11161 11997 3039 9421 7899 13960 13339 4869 5988 4935 8036 4322 571 15611 9065 7821 6592 18146 9474 16711 15374 9989 13496 13831 17125 17612 1653 12802 9475 8053 13722 1039 11225 19344 8935 15540 4773 18310 10261 13064 8647 6075 10653 12300 3245 5220 3047 6498 10318 6990 9927 7917 16405 11566 13957 7953 12123 18424 10740 4701 13055 12610 17982 8645 3693 9311 3367 8496 4547 11926 18503 16437 16941 13416 5643 9904 9648 15440 7518 17343 8536 11834 10230 11196 17144 9019 18390 16367 20147 12502 16532 11426 11143 8451 3102 12982 11984 5334 7033 9763 13511 9173 17603 7324 13040 6140 19044 12684 16182 10430 7077 16942 4271 17356 8899 6779 10786 1536 16454 17163 5343 5670 11890 11268 6277 17407 14832 13874 4548 18728 13174 3882 1553 7045 14778 8184 12938 3849 4883 9469 9420 14546 6068 13244 19514 9773 7218 5575 5589 13158 18608 18466 5736 16881 1968 15753 2145 12548 6770 10723 18347 17769 12132 17327 2963 11423 15784 4507 11123 14196 10915 18552 18158 3477 3787 17773 7198 17731 8730 14138 8244 790 8636 18025 16839 15514 10248 13209 17046 8897 7123 14357 8222 8109 9713 12816 14787 17338 17048 16596 3057 15696 16291 9964 6708 13864 16421 20033 9379 10535 8427 4478 4126 951 7395 12354 8755 7028 9819 7921 13051 8596 13860 5685 6999 14885 7016 3465 12277 16007 2732 6853 11689 0 2719 6276 15455 10474 4849 2359 11183 15752 3827 2572 8717 8119 11038 9413 4153 6681 3836 13937 6463 14687 6620 12096 8732 6429 17477 8813 18657 15764 9560 9322 16250 12355 10889 16314 19709 7421 6387 13577 10193 6195 14862 9015 9338 17849 18780 554 19348 11635 14709 8650 14819 8865 14738 8769 6553 11112 14523 1084 5879 9469 9246 10273 15018 17681 8679 9981 8750 4926 18119 15924 14672 4537 2453 5674 13722 7904 15566 4977 8162 13024 19890 12694 11745 13598 18699
10643 19274 10434 13864 5902 19074 10358 9260 20373 4771 734 20535 18772 19691 11835 5180 13061 17051 18444 16535 4987 21920 10823 6707 13345 14553 17893 16422 12493 5513 14471 16538 4619 21599 12225 12655 11206 19503 15742 14450 11606 19016 9695 15141 10627 10822 8272 18812 3608 9924 12425 17205 12329 2389 18542 17418 11070 10760 11007 9517 7552 3589 6225 10093 14212 12869 18801 15155 10987 3585 16567 1821 9127 10783 12308 15381 8912 8164 1776 8923 11255 17499 13870 12847 3329 9630 7783 16425 15303 7150 7996 5546 5748 6252 2275 17953 8141 9749 9167 20537 11725 18645 17735 12122 14142 16233 18626 18882 4128 13456 9874 8529 15218 2971 13943 20220 7799 17593 7342 19161 12881 15741 9474 5834 13328 12545 5648 7545 5698 9205 11540 4639 10618 10589 17591 13052 16450 8135 12640 19113 11676 5467 13437 15159 20430 7985 5794 11761 4176 10207 6189 12687 20763 18415 18949 15751 8347 9210 12367 17858 10179 18814 6336 14402 11705 13427 17971 7758 18912 17928 20698 15188 16855 13831 13862 6385 5792 13827 14017 2865 7116 12383 15598 11877 19211 7930 15067 5383 21550 13196 18802 11098 5412 19290 6707 18502 10893 9286 13483 3319 18607 18675 3576 8368 14571 12506 8977 19355 17494 15552 6742 21200 14161 5479 4268 8023 17423 6421 15566 2430 7179 12174 8634 15172 4400 13288 21862 12404 9340 8233 6498 15643 19100 20947 7248 18632 1979 16433 3417 15045 5634 13373 20503 18932 13765 18965 5678 12735 17206 4132 11673 15511 10413 19328 18919 5511 6145 20248 9655 18119 11340 15364 10925 2149 11326 20493 18086 17990 10604 15862 19552 11475 9781 16818 10940 10698 10633 14793 15181 19628 18143 16950 5724 16321 18553 12300 9276 14573 18452 20657 12072 9608 8234 6102 2541 3664 9665 14292 10083 9746 11236 8204 14035 11295 16214 8376 9466 17155 7935 5605 13227 16425 4891 8931 14348 2719 0 8540 17123 12989 7325 5076 13901 17671 6106 5241 11350 10710 12643 7677 2173 9305 2049 15673 7630 15156 9097 11530 6360 7155 19090 11528 19446 17516 9305 12036 17578 12135 13593 17804 20527 6828 8340 13719 12708 8084 15296 10506 12054 19531 21320 3270 21818 12892 15555 8548 15349 11277 17187 6898 4977 11949 14917 1660 4242 11744 7826 9559 16978 18335 8925 12162 10354 4999 20122 18290 14722 7118 4595 7883 15573 9813 16249 3294 9684 12802 20551 14600 14444 15735 21215
5937 10860 4798 5474 3241 10708 7518 5642 15463 7480 8404 12228 12508 12635 3999 11321 11181 13160 10155 8879 4972 13443 9786 4590 7084 7069 9469 8708 6691 7126 5982 8005 6123 13184 4344 7111 3661 12383 7202 7822 3326 12672 1427 8331 9056 4992 828 10277 7822 5238 9203 9196 5095 9098 10013 13795 8912 2459 3653 10446 4100 10716 3747 3412 10314 9728 11199 7242 9604 7611 10235 7939 6563 9390 9242 7543 441 12412 7006 6940 9856 9280 8109 8029 5945 7641 7474 7962 7169 7306 8714 5071 11972 2453 6845 9414 9915 2089 2010 12003 10265 10530 9196 11123 9761 7711 11443 12286 6195 9153 7223 6198 8194 6943 7426 14652 10269 9292 5986 13719 5073 8164 5649 6919 8344 9685 3037 7304 3649 3702 5793 11261 6820 3749 11284 6237 8027 6837 8909 14147 6817 4782 9990 6890 11927 9079 7354 3361 5091 3171 2929 8177 12249 10227 10711 7211 3392 10012 6413 9341 3352 11700 12187 6225 5116 4924 12670 10588 14456 10619 16050 7745 13172 5324 7438 11825 4972 8870 5775 10180 6624 8298 7256 5194 11758 5545 6822 7888 13109 9382 10708 7235 10024 10751 6519 12258 2848 1571 8086 5221 10178 11463 9101 4947 7127 6525 3450 11211 9681 8042 7445 12718 8723 3443 5078 4500 9496 10996 7623 7972 7260 6873 9869 10726 9379 10927 13322 8196 1114 2681 4416 7218 14721 12476 2845 10872 6687 11692 7863 6652 8880 8725 12071 12620 6467 11450 4243 6490 10278 6764 8041 8971 10330 14094 13750 7426 6676 11773 1523 14126 3688 9090 4097 6490 6611 12009 11584 9528 7857 8067 11123 3592 6153 8346 5456 3030 6097 6643 11452 11100 12060 13159 5192 11756 10037 10265 2004 9940 10180 15799 7062 10991 7940 3008 8260 5502 1128 6226 4391 4778 4926 6586 8624 6413 7675 5082 1438 8633 4647 7188 8032 12489 3655 9048 6701 6276 8540 0 9584 4698 6517 4618 7692 9592 2461 4072 7417 3048 5522 11884 8722 2507 8362 8017 3844 11197 1297 11396 12758 4964 11627 6093 14165 9776 8800 5638 10881 10807 6609 10676 15109 8213 9110 10980 4431 1574 11428 4133 5777 11905 12939 5823 13331 6794 10393 7869 11177 2824 8699 11663 9524 7344 11222 7028 9217 3211 11084 10323 8831 13522 7090 10933 3640 6079 11886 9752 12129 5850 6924 7932 7661 2201 11515 8782 3479 11359 15589 6595 7259 7327 12790
7220 8949 6869 4892 11256 4157 15997 8642 8426 17050 16730 10470 4295 3242 5595 17752 10461 8510 3385 754 12255 9875 11061 14094 12985 10972 4182 978 5283 16708 7139 6422 15681 10314 5240 5437 10226 2950 5895 3192 6360 4269 8157 12774 10355 12554 9378 6101 14845 13534 16993 10296 10908 16686 5814 9232 9676 8921 10511 13225 13436 17975 13328 7037 7529 8519 1679 9938 10645 14687 3175 15877 9439 18074 17119 10247 9144 17046 15974 9963 10677 2729 14114 6205 13867 9870 11518 7470 2981 16755 18099 11827 18257 11133 15989 6226 13786 7684 10632 7902 18756 2616 6388 19670 6728 6665 2041 3584 15706 6835 9200 9780 2174 16292 12798 6887 14498 3213 15363 6426 9817 11153 8409 12660 15057 8885 12420 16685 13207 12296 5967 18034 7958 11168 3540 4156 7843 10651 7674 7440 6576 11797 8133 8558 8564 12955 16929 8303 12968 6968 10996 6633 6620 2834 3346 5953 12463 12961 13039 7117 11109 2347 18134 8860 5465 5831 6038 14927 8402 1181 9223 11303 8822 7062 12936 17590 14552 5823 4245 17705 11406 15774 3727 11717 2175 9951 3536 13778 10034 7557 10675 7750 15965 6767 16011 4173 6736 10093 14497 14081 4453 2025 16064 14001 11078 5125 12181 3180 11169 1581 16951 9335 5028 11705 14525 9373 10716 16460 9949 15605 16702 13918 13306 6758 15881 9782 8236 15615 8483 11856 10788 7690 8683 9309 9880 1618 15145 6551 17304 7862 14556 15599 5507 4287 3357 1876 13824 4759 1810 13740 7880 2809 12203 6995 6875 17008 16228 8842 9561 8881 10052 3348 11254 15424 14265 8872 3303 7922 9003 10543 8957 9630 14676 7462 13054 10033 7347 3387 8056 6284 4348 8657 14773 6861 5514 18481 10526 6336 3293 8747 14281 13856 11547 11077 15795 14849 8674 3563 7143 13120 5966 10387 5096 14025 6131 14138 9736 5259 9516 16768 5613 8132 12729 18270 10494 15455 17123 9584 0 8430 15909 14167 13346 2073 11761 13599 15305 10042 4480 16695 16405 10999 16124 1570 9579 7636 10035 12521 18952 10389 2044 13398 6971 746 11434 12215 2558 11001 11753 1541 7445 13009 18465 9306 8518 9264 7841 6630 12408 2408 10422 15104 9678 4768 5490 11184 7301 8282 7363 16990 15679 6721 8036 15933 15802 7148 15506 13028 2351 7297 10090 19411 6772 12725 4097 6596 9886 15269 16487 17284 2140 7591 6501 15895 7439 11044 8446 3166 11641 4095 9972
8760 6290 7493 3593 7931 7637 7894 9167 16184 10779 12947 7569 12422 11657 4695 16016 14212 14851 7377 7687 9648 8969 13357 7390 4587 3059 6322 7455 8416 10151 1792 3931 9627 8612 4686 8903 2250 11357 3462 8342 3614 12481 4220 4804 12556 4382 5314 6397 12518 5570 8617 4533 2490 13765 6215 15573 12206 2263 2558 14516 6477 15396 7165 6088 12448 12401 9663 2713 13079 12307 10465 12580 10245 9972 8758 3058 4469 16950 11323 10739 13284 6826 5741 10087 10626 11270 11655 3515 5450 9581 10694 9683 16665 7144 11037 5429 14223 4918 3904 7779 10537 8142 5144 11448 11698 3548 10470 11886 9882 11274 10692 10070 8120 10898 4494 14934 14670 6603 8179 14216 1395 3863 9073 11455 6630 12508 7341 9377 7464 4796 7927 15958 9860 3259 11346 7122 3485 10881 11432 14970 9220 9420 12448 2198 7533 13340 10253 1360 9786 5678 7613 10403 8459 7706 8002 3438 5373 14099 4616 5059 3431 10777 16865 1546 6796 2663 13422 15023 15615 9611 16906 3645 14990 1460 4610 16487 8190 10608 4300 14840 10923 7375 4863 3343 10368 9591 4899 12489 8571 11752 6014 10115 14678 6696 9024 12228 4228 3705 6083 9705 6934 10448 13798 6558 3155 8155 4832 8670 5101 7314 9922 8259 10123 8140 9029 8506 4862 15617 3042 12649 9519 5511 14072 12430 14067 13777 9216 7212 4439 5090 8898 2694 15903 7994 7287 9126 11249 13024 11595 2077 13481 7170 8665 12469 6617 10012 7778 7884 9832 11451 10827 9267 14137 14714 14464 10441 9447 7304 3349 15632 2055 9635 3179 10859 5958 7560 11392 5049 11126 3577 6572 1715 6706 3914 4831 2475 8965 5065 13491 7247 12217 14912 8388 13202 6353 10171 3783 11667 7445 16526 5884 15114 12043 7695 12942 9575 3733 5041 7262 5250 6987 10592 10072 5723 3749 6674 3531 5035 8686 10172 9813 14243 8145 10607 2567 10474 12989 4698 8430 0 8696 8337 5008 7427 6932 7948 7008 2471 6361 16436 13383 3932 13019 7049 8031 13137 3894 15057 17451 9250 10239 5059 14740 8249 12701 3815 10595 14119 3428 9903 15468 12632 10982 13639 281 5919 13386 6599 4005 10235 8332 9952 8880 8214 11639 11880 12983 1923 4310 16279 14190 9746 13318 11383 13907 2378 15552 14365 6648 14537 10903 11167 6116 10719 9060 5660 14692 8181 10326 9876 6308 4967 12880 13479 6520 14548 16258 5402 3577 4642 8230
12008 14495 11060 11305 7016 16212 3050 11235 21899 2886 7765 15379 19023 19053 10433 12250 16610 19349 15832 15175 8011 17225 14743 1985 6892 8844 14896 14981 13108 2034 10485 12622 2733 16677 10742 13493 6448 18788 12125 14339 9552 19184 7889 8782 14185 4776 7022 15089 9392 3510 5100 11775 6867 9356 14911 19929 14285 7158 6143 14496 2474 10842 3062 9837 16412 15549 17452 9840 14701 9223 16751 8199 11822 3727 4985 9937 6924 14721 5697 11982 14983 15108 7063 14280 7439 12793 11746 12077 13218 887 2202 8579 12880 6312 5113 14117 13443 8602 5307 16340 4723 16427 13824 5360 15972 12232 17846 18782 3229 15317 12621 11275 14682 4355 7554 21153 13446 14996 547 20204 7874 9955 11336 10225 6264 15400 4717 787 3608 3904 12158 11821 12648 5457 17800 12754 11948 11509 14883 20577 13009 8250 15931 10425 15955 12867 1924 8027 7302 9651 6983 14350 17151 16048 16441 12107 3486 14081 5919 13661 5268 18117 13385 9611 11605 10489 19130 13593 20802 17002 22451 9341 19306 10039 7424 13294 2165 15190 11803 10121 10798 5151 13021 6080 18065 10498 12767 10602 16721 15409 13362 13129 11858 15354 632 18774 9278 5825 6560 5602 15550 17858 10174 2145 8819 12968 3906 17044 11778 14424 1259 16567 15136 6689 3698 9786 11857 12972 10236 8675 826 5404 13689 16987 10870 16531 17814 5198 7616 4054 8744 11245 21055 16278 7968 17048 6761 18044 4252 10630 11374 6204 17338 19133 12944 17738 2939 12971 16752 8950 13919 15487 14884 20560 20205 2215 1239 15639 6361 20363 6642 15603 5617 5634 4448 15911 18092 13485 13372 10302 14803 6993 2810 12465 4610 6300 12124 12709 17545 15937 18576 19322 2053 18072 15045 5139 5422 16221 15882 22230 5183 14854 12292 6973 8962 4135 7263 12395 10629 3627 11365 11375 15030 4506 12443 2039 6179 13703 9846 1985 14375 18672 5260 2606 8844 4849 7325 6517 15909 8696 0 3156 7327 15566 5244 3582 4174 6299 12034 14178 9001 5009 8685 14343 9056 17347 5874 16066 13565 9619 17932 4980 20637 15998 13391 5972 17378 15980 7607 17106 21601 11682 2594 16728 8452 7518 17561 10540 5900 18128 16308 4417 17176 13263 16797 12411 17383 7833 12873 13577 11322 13495 17296 5875 10679 8865 13890 14446 14771 19920 12085 5292 10088 9024 17569 14324 17880 671 2803 1418 13863 8713 17862 9805 9777 16618 22033 12787 8476 12948 16347
9282 14587 8492 10032 4015 15228 5789 8341 19340 2892 5298 15735 16804 17148 8572 9495 13572 16570 14716 13475 4860 17293 11642 1723 8271 9546 13954 13310 10630 2708 9988 12140 1514 16887 8933 10962 6332 16908 11455 12137 7941 16996 6032 10065 11115 5746 4806 14544 6386 4888 7896 12291 7331 6676 14312 17110 11261 6263 6097 11340 2484 8278 1199 7485 13610 12634 15799 10242 11621 6203 14511 5443 8821 6866 7824 10440 5058 11718 3300 8934 11905 13869 8834 11611 4350 9749 8608 11850 11782 3562 4959 5440 10149 3480 2859 13620 10296 6506 4435 16091 7861 15134 13365 8516 13245 11792 15973 16678 1598 12569 9633 8250 12643 2567 8867 18753 10320 13854 2873 17759 7999 10733 8469 7070 8388 12451 1872 3780 970 4145 9643 9157 9792 5603 15573 10564 11817 8414 12041 18019 10327 5118 13058 10417 15870 9712 3003 7270 4149 7396 4048 11626 16577 14818 15286 11452 3297 10925 7296 13370 5220 16218 10590 9624 9296 9383 16635 10483 18136 15169 19839 10164 16492 9408 8786 10431 1004 12563 10379 7588 7665 7597 11817 6822 16341 7473 11419 7480 16870 12585 13902 10287 8884 14937 2760 16544 7442 4722 8483 2543 14653 16000 7307 3391 9557 10532 3933 15807 12515 12607 3459 16589 12614 3635 809 6868 12477 9997 10656 5825 3545 7152 10534 14283 7935 13536 17496 7589 5693 3301 5689 11031 18377 16320 5158 15485 3932 15410 3309 10412 8288 8501 16528 16933 10957 16040 606 10606 14735 5841 11054 13287 11744 18065 17690 2983 2567 15635 5201 17608 6489 13318 5919 3003 6353 15893 15939 13384 10399 10901 14879 6695 4918 12249 5873 5904 9371 11256 14726 15389 16290 16526 1105 15403 14380 8218 4557 13544 14746 19662 7086 11700 9155 4019 6129 1413 5656 10844 8063 4680 8968 8298 12499 6296 11871 3427 4996 12979 6902 2793 11784 15895 2159 5632 9378 2359 5076 4618 14167 8337 3156 0 8832 14203 2526 588 6540 5912 9929 11169 6293 4445 5944 12607 6164 14562 4616 12928 10880 6575 16210 6476 18155 14385 10263 6963 15283 12899 8536 15187 19165 8529 5390 13773 8059 5077 14763 8130 6979 16509 16574 1806 17210 10866 14238 9288 14635 6882 12640 10626 8340 10775 14470 3426 7744 7645 10805 11291 13436 17321 9026 8444 7755 5870 16456 13906 14915 2630 2322 4375 12276 6606 15224 6933 7301 13547 19488 11212 9397 11849 16518
13154 8234 11887 8588 10545 11792 4914 13202 21189 10143 14124 8672 17416 16533 9477 18089 18611 19730 11755 12618 12219 10796 17416 7211 615 2598 10570 12382 13178 9315 6245 7730 9504 10086 9546 13663 4161 16229 7762 13318 8330 17467 8086 1523 16658 3130 8516 9901 14700 4010 4464 5161 2813 15401 9858 20439 16435 5802 4081 18132 6350 17040 7738 10389 17185 16944 14448 3857 17202 14493 15473 14151 14192 6586 4662 3715 7747 19774 12127 14604 17441 11424 797 14803 12597 15268 15154 6775 10376 8041 8559 12499 18754 9603 11647 8976 17534 8988 5785 10469 6761 12672 8655 7585 16481 7339 15371 16856 9937 15996 14791 13869 13127 11141 569 19939 17823 11105 7016 19223 3629 3218 13168 14401 1991 16987 8900 7676 8361 4826 12550 17842 14185 3967 16351 12021 6477 14529 16019 19967 13798 12171 17076 5117 9844 16726 9246 5696 11982 10004 10294 15074 11789 12201 12368 7714 5675 17697 1536 8184 4396 15682 19111 4573 11499 7668 18419 18108 20586 14524 21906 2670 19842 6289 412 18856 8146 15423 9301 16372 14281 3250 9663 2499 15172 13235 9817 15233 10208 16401 6554 14522 17139 9887 7903 17227 8724 6126 1349 11094 11029 15342 15830 5603 2505 12933 5099 13082 4853 12307 8513 10245 15003 10539 9642 12178 5079 18202 4094 14431 7980 1942 17531 17282 16319 18260 11943 3084 8121 6030 12025 6127 20872 9946 10516 13865 12646 17954 11391 5711 16194 2529 12421 17459 11598 14813 8240 12709 14817 13833 15293 14268 18013 19720 19466 9529 8497 9425 6243 20553 4214 14625 3604 11829 2908 9698 16385 7677 15354 3804 8537 4513 4523 7056 2961 4753 13345 10031 18270 10652 17223 19778 8250 18114 10109 6144 5751 16503 11842 21530 2240 18666 15629 10350 14742 10244 7315 10042 11568 4155 11586 14276 14942 2824 7785 5625 6275 9110 12332 9283 14601 19103 9822 8048 2978 11183 13901 7692 13346 5008 7327 8832 0 12103 8859 8758 3580 4735 11237 19229 15010 5361 14646 12026 11536 17939 6404 19057 19517 12643 15048 2403 19746 13088 16488 2085 15587 18357 1595 14849 20475 15783 8671 18205 4999 9260 18186 11028 1984 14956 9663 10634 10798 13044 16569 15561 17817 6072 7419 18867 16602 14339 18078 12257 16135 7065 18564 18012 11371 19518 14757 7266 10500 13393 13267 8993 19309 7167 9914 7897 11257 9075 17803 15466 10699 18863 21264 10396 1911 9360 9826
8508 6938 7890 4262 11773 2146 15264 9832 10375 17031 17352 8429 6201 4612 5840 18844 12325 10581 1339 1870 12991 7806 12720 13879 11812 9604 2151 1777 6720 16596 5874 4697 15696 8242 5450 6978 9468 4307 4374 4834 6266 6125 8206 11355 11974 11757 9564 4044 15742 12854 16034 8543 9905 17504 3766 11304 11325 8415 9772 14776 13124 18895 13244 7671 9473 10347 2402 8470 12313 15568 5245 16590 10746 17351 16179 8746 9154 18439 16369 11295 12375 747 12892 7913 14529 11320 12798 5770 2423 16438 17712 12644 19387 11486 16308 4252 15202 7952 10266 5831 17953 976 4449 18866 8652 5003 3611 5396 15786 8682 10632 11001 3834 16503 11539 8760 15884 1209 15020 8399 8752 9616 9611 13717 13928 10685 12581 16319 13232 11775 7200 19062 9391 10466 5575 5299 6143 11910 9447 9451 8051 12561 10011 7091 6493 14337 16783 7623 13608 7495 11482 8349 4618 891 1480 4427 12080 14479 12005 5184 10488 3914 19326 7533 6422 5098 8086 16310 10446 2932 11181 9846 10889 5975 11691 18805 14451 7676 3826 18558 12557 14782 2590 10769 3136 11045 2808 14859 7961 9397 8763 9264 17108 4700 15747 6116 6853 9776 13334 14485 2380 3549 17009 13541 9709 6510 11706 1693 9411 2731 16688 7263 6886 12193 14662 10314 8950 17702 8417 16387 16382 12917 14768 8770 16915 11663 6228 14616 8559 11545 11601 6139 10723 7237 10466 1777 15698 8618 17451 6430 15704 14481 3608 6162 4289 2784 13790 6104 3863 14609 9518 4750 13835 8975 8883 16898 16036 6778 9240 10950 9280 5304 10486 15824 13382 6803 5267 5998 10547 8976 6929 8864 14006 5693 12229 9398 8665 2949 10068 4213 6347 10726 14670 8924 3458 17598 10149 8296 1259 10685 13298 15418 12898 11569 16605 15053 8554 3399 8075 12477 6940 11626 6936 13146 4481 13672 9434 3397 10475 16645 7338 10194 13028 17775 9157 15752 17671 9592 2073 7427 15566 14203 12103 0 11950 13663 14433 9404 5329 18051 17193 10561 16887 2384 10381 9647 9776 14257 20113 11342 3024 12485 8939 1387 12926 11234 4574 12788 10535 3441 9318 14247 18049 11220 7573 9612 9860 7438 11422 2853 8354 15347 7611 6206 7521 12559 9323 7742 5533 18268 16775 8293 10033 16352 16818 6708 16893 14582 798 9347 11436 18588 7435 13615 2540 4595 11866 14958 16489 16887 2138 7879 8563 16803 8149 12887 10379 3073 10296 2787 7901
6816 13195 5976 7910 1907 13149 7186 5991 16837 5392 6020 14501 14284 14681 6190 9352 11408 14143 12576 11089 3401 15823 9637 3299 8248 8858 11920 10937 8107 5226 8367 10435 4010 15522 6566 8445 5377 14448 9651 9625 5705 14478 3754 9809 9027 5785 2395 12733 5888 5450 9171 11293 6686 6887 12471 14707 9078 4678 5244 9727 3356 8536 2186 4968 11193 10305 13413 9268 9557 5677 11991 5674 6609 8706 9153 9531 2865 10924 4544 6813 9834 11679 9084 9128 3832 7612 6808 10328 9531 5858 7298 3784 10016 1075 4393 11860 8899 4078 3300 14433 9672 12903 11636 10435 10788 10127 13518 14172 3967 10121 7397 6085 10160 4557 8731 16229 9090 11714 4803 15238 7002 10022 6094 5661 8982 10158 667 5983 1688 4113 7122 9195 7409 5016 13054 8059 10364 6426 9649 15514 7847 3441 10691 9123 14325 8177 5510 5667 3133 4898 1790 9165 14710 12620 13119 9658 3362 9294 7387 11752 4571 13755 10319 8397 6778 7385 14119 9340 15661 12728 17349 9526 14085 7725 8698 10029 3229 10069 8164 7946 5862 8548 9684 6476 13928 5315 9219 6399 15463 10181 12860 7893 8288 13196 5027 14023 5104 3276 8894 2791 12631 13549 7087 4449 8896 8007 3822 13595 11679 10188 5854 15101 10098 1742 2767 4546 11551 9345 9671 5804 5827 7561 9007 11818 7503 11302 15769 8491 3397 2849 3641 9555 15906 14851 2728 13135 4317 12922 5545 8966 7346 9240 14526 14415 8498 13637 2394 8082 12249 4976 8679 10773 9915 15550 15178 5506 4986 14150 3583 15169 5476 10795 5387 4032 7000 14393 13427 11894 8140 10039 13468 5531 5984 10719 6111 4797 6919 9006 12321 13558 13766 14109 3423 12926 12497 9868 3388 11067 12596 17161 7628 10179 7341 1799 6108 3107 3588 8556 5546 5069 6443 6254 9984 6862 10115 4552 3403 11093 4614 5308 9280 13466 1219 7845 8571 3827 6106 2461 11761 6932 5244 2526 8859 11950 0 1938 7531 4812 7446 10376 6498 3594 6130 10217 3814 12136 3053 11071 10795 4475 13799 6783 15638 12024 8379 6793 12780 10829 8121 12723 16644 7107 7723 11487 6653 2564 12345 5606 6876 14132 15256 3399 15717 8340 11730 7394 12190 5174 11084 10010 7755 8311 12070 4569 7324 5671 9762 9644 11206 14825 6928 10308 5240 4574 14296 12190 12640 4597 4813 6615 9949 4170 12737 6739 4776 11451 16982 8906 8895 9772 15134
8708 14222 7908 9513 3483 14723 6035 7790 18760 3473 5385 15406 16217 16569 8005 9417 13065 16007 14199 12910 4448 16916 11166 1902 8181 9315 13457 12748 10044 3291 9565 11706 2091 16532 8369 10377 6016 16330 10999 11551 7398 16409 5477 9933 10621 5639 4230 14093 6198 4893 8126 12005 7091 6656 13854 16553 10747 5824 5798 10946 2477 8286 1022 6898 13048 12091 15235 9953 11133 6006 13924 5409 8297 7246 8068 10165 4511 11504 3482 8428 11415 13341 8812 11034 4113 9242 8166 11452 11241 4064 5482 5001 10077 2905 3116 13177 9944 5930 4048 15673 8237 14600 12928 8924 12675 11365 15397 16093 2123 12000 9107 7734 12061 2969 8755 18166 10004 13336 3238 17173 7691 10503 7913 6696 8447 11916 1288 4252 484 3982 9057 9120 9236 5352 14986 9978 11433 7933 11484 17438 9751 4671 12508 10061 15476 9328 3582 6836 3802 6811 3495 11055 16117 14290 14764 10998 3120 10526 7223 12956 4949 15640 10489 9278 8709 8885 16051 10187 17562 14595 19261 9947 15934 8970 8685 10300 1426 11984 9843 7614 7218 7740 11299 6643 15772 6957 10887 7178 16506 12026 13611 9729 8699 14500 3245 15957 6881 4286 8498 2390 14159 15424 7194 3490 9331 9945 3743 15277 12265 12036 3996 16207 12029 3124 1082 6319 12207 9806 10366 5737 4042 7154 10156 13711 7779 13014 17065 7719 5134 3004 5183 10640 17804 15941 4587 14928 3897 14832 3805 10025 8022 8597 16040 16346 10379 15472 677 10019 14153 5564 10501 12700 11305 17481 17107 3569 3110 15252 4743 17043 6163 12730 5685 3108 6406 15508 15353 12997 9868 10639 14510 6341 5059 11851 5816 5551 8801 10715 14168 14935 15703 15965 1581 14829 13913 8551 4167 12969 14227 19082 7120 11327 8712 3471 6046 1638 5131 10296 7478 4637 8380 7806 11915 6327 11426 3547 4540 12510 6360 3375 11203 15332 1678 6117 9120 2572 5241 4072 13599 7948 3582 588 8758 13663 1938 0 6684 5561 9347 10953 6267 4113 5908 12041 5609 13999 4158 12486 10824 6065 15641 6445 17571 13825 9809 6825 14698 12411 8358 14609 18579 8163 5912 13240 7668 4490 14202 7543 6857 15947 16229 2027 16828 10278 13656 8829 14067 6426 12237 10447 8153 10203 13913 3582 7589 7146 10532 10890 12900 16742 8525 8837 7168 5505 15936 13473 14385 3003 2899 4863 11722 6029 14647 6821 6714 13054 18906 10661 9205 11341 16158
13349 11630 12175 10415 9426 14532 1350 13000 22465 7058 11709 12202 19037 18547 10488 16031 18557 20475 14347 14552 10872 14268 17005 4820 3356 5788 13238 14328 13894 6205 8673 10555 6743 13596 10682 14350 5090 18254 10343 14559 9381 19139 8377 5103 16327 2772 8195 12920 12882 2186 1800 8627 4560 13189 12820 21136 16256 6577 4819 17255 4271 14758 5727 10719 17691 17145 16633 7005 16871 12689 16900 11971 13835 3118 1872 6972 7665 18180 9634 14138 17137 13833 3092 15361 10793 14896 14318 9749 12359 4727 5030 11307 16683 8516 9083 11952 16413 9282 5462 13760 3542 15146 11634 4448 17096 10149 17341 18610 7227 16516 14553 13389 14613 8417 3985 21426 16560 13597 4031 20593 5736 6682 13031 13157 2112 17097 7305 4327 6426 3720 13083 15675 14232 4216 17878 13071 9515 13865 16320 21179 14193 10963 17401 8007 13210 15706 6063 7018 10390 10403 9260 15545 14910 14704 14972 10307 4237 16821 2640 11280 4401 17641 17130 7281 12220 9481 19649 16778 21625 16475 23117 6084 20516 8466 3819 16966 5634 16139 11066 14050 13379 1058 11858 3673 17324 12658 11826 13781 13699 16782 10093 14652 15383 13018 4801 18817 9471 6008 2508 9056 13794 17329 13845 3198 5725 13689 3987 15655 8405 14026 5216 13683 15880 9263 7297 11719 8596 16490 7332 12365 4671 1755 16537 18018 14457 18331 15251 1056 8257 4896 11123 8985 21901 13384 9872 16115 10466 18886 8421 8446 14667 2036 15378 19111 12924 16971 6038 13564 16529 12212 15458 15634 17389 21033 20728 6365 5411 12821 6395 21402 5258 15888 4070 9458 1050 13096 18030 10896 15226 7190 11939 5679 1625 10089 2259 5378 13512 11920 18824 13725 18724 20489 5661 18988 13028 3177 5507 17226 14420 22807 1379 17710 14843 9289 12669 7855 7575 11775 11784 2641 12153 13661 15796 1287 10506 3136 6313 11851 11835 6150 15294 19813 8145 4472 5990 8717 11350 7417 15305 7008 4174 6540 3580 14433 7531 6684 0 5365 12280 17629 12813 4962 12470 13829 10996 18549 6225 18523 17406 11898 17193 1955 21083 15197 15844 3246 17252 18113 4487 16709 21931 14617 5111 18396 6862 8900 18786 11431 3072 17225 13184 8209 14257 13893 17534 14865 18499 7131 10483 17130 14837 14728 18601 9794 14266 8285 17157 17169 13650 20626 14272 4161 10906 12017 15987 12049 19546 4242 6957 4433 13165 9390 18717 13472 10868 18695 22569 12165 5218 11650 13317
8464 8675 7211 5204 6165 9919 5956 8467 17125 8308 10731 9847 13677 13274 5149 14129 13896 15295 9565 9289 7901 11385 12683 4920 4143 4084 8601 9073 8690 7685 4223 6385 7165 10976 5324 9164 614 12988 5834 9205 4024 13783 3367 5284 11923 2599 3847 8844 10638 3493 7133 6509 2048 11696 8648 15981 11704 1223 662 13472 4014 13346 4726 5709 12623 12275 11461 4468 12468 10426 11536 10474 9462 8032 7229 4722 3038 15419 8999 9882 12706 8891 5243 10250 8629 10537 10508 5976 7163 7186 8369 8069 14790 5272 8673 7884 12962 4282 1545 10248 8729 10218 7605 9640 11964 6009 12061 13267 7434 11433 10057 9153 9249 8479 4417 16063 13312 8743 5769 15236 2194 5227 8434 9943 5708 12297 5110 7011 5078 2407 7967 13998 9472 1149 12514 7744 5919 9843 11375 15848 9171 7765 12445 4505 9980 12124 7795 1781 7865 5340 5875 10484 10905 9817 10181 5818 2909 13040 3634 7529 1084 12355 15057 3718 6998 4312 14311 13626 16338 11197 17790 4759 15370 3743 4446 14729 5723 10952 5803 12749 9669 6015 6821 2277 12124 8541 6662 10876 10958 11785 8097 9826 12947 9163 6590 13455 4198 1580 5333 7493 9251 12057 11873 4191 4132 8466 2397 10807 6868 8700 7502 10684 10624 6270 6633 7471 6750 13954 4875 10616 7125 4300 12911 12832 12235 13566 11687 5878 3387 2631 7461 5147 16618 10412 5890 10991 9069 13625 9140 4524 11863 6169 11043 13753 7559 11779 5339 8300 11186 9643 10608 10271 13300 15684 15387 7977 6992 9730 1537 16181 669 10535 1341 8563 4369 9992 12673 7488 10625 5228 8967 783 4638 6374 3117 18 8650 6688 13734 9696 13360 15325 5919 13748 8767 8506 1440 12041 9620 17467 4586 14026 10964 5945 10919 7198 2583 6483 6871 3088 7008 9582 10547 4135 6175 4316 1612 7410 7630 7708 10112 14647 5980 8378 3767 8119 10710 3048 10042 2471 6299 5912 4735 9404 4812 5561 5365 0 6949 14884 11306 1472 10937 8528 6855 13427 1847 14331 15573 8003 11992 3607 15732 10006 11785 2780 11900 13625 3563 11398 16569 11257 8685 13539 2204 4577 13671 6378 2950 12095 10669 7583 11304 8633 12256 10874 13341 1776 6773 14622 12431 9714 13527 9075 12064 2932 14115 13344 8607 15317 10038 9390 5845 9045 11292 8127 14660 5754 7857 7544 7914 4374 13462 11532 5986 14136 17224 6878 4221 6704 10606
3361 10020 2566 3403 6787 7184 12693 4553 10185 12820 12252 11638 6990 7238 1802 13515 8256 8501 6409 3918 7791 11909 7988 10111 10735 9401 6354 3832 2154 12564 6021 6772 11438 12032 1691 2623 7344 7011 5855 2322 2946 7150 4156 11166 7185 9539 5136 7995 10454 10247 14067 9993 8462 12258 7663 9218 6641 5726 7559 9779 9594 13602 9219 2570 6131 6308 6158 8778 7622 10286 4730 11413 5537 14690 14152 9137 5110 13219 11520 6097 7755 5403 11901 3830 9391 6261 7538 7464 3371 12828 14234 7389 14059 6725 11560 7537 10027 3457 7015 10021 15492 6288 7502 16384 5356 6752 6091 6773 11413 4984 5571 5724 2715 11911 10769 9211 10676 5676 11500 8331 7649 10041 4343 8388 12574 6506 8113 12822 8996 8814 2089 13740 4398 8083 5770 796 7756 6645 5313 8901 3275 7339 6241 7626 10362 9139 12815 5554 8490 2554 6536 4199 9433 6182 6767 5905 8760 9437 10471 8047 7880 6317 14006 7496 1100 3993 7369 11095 9402 5331 10842 9941 8631 5538 10863 13491 10434 4253 2877 13295 7240 12964 4187 9070 6585 5721 3493 9530 11831 5537 10992 4431 11782 8663 12038 6742 2841 6442 12123 9630 6995 6126 11705 10343 9501 1879 8631 7002 10788 2915 12959 11226 3770 7241 10206 4996 10410 12399 8975 11161 12782 11223 9648 6070 11590 7721 10912 12827 4418 8081 6344 7183 9685 11085 5405 6014 10665 6724 12953 6984 10380 13067 8724 7099 1124 6327 9655 1548 4806 9331 4950 3458 9006 8757 8448 12858 12172 10442 5966 9317 7219 3632 8286 10969 11310 10585 6062 8660 5679 9593 10165 6839 11318 7684 10057 6935 3548 3044 7143 8591 6565 8557 10651 6877 7504 15364 6934 5306 6379 10527 11527 10424 7692 6615 11362 10483 4859 2517 2751 9793 1615 6352 3714 11078 6353 10481 6094 6418 5154 12634 3482 7885 8332 14539 8901 11038 12643 5522 4480 6361 12034 9929 11237 5329 7446 9347 12280 6949 0 12806 11965 7469 11675 3082 5126 6781 6301 9657 14788 6025 6461 10554 8811 4909 7879 9598 5370 8405 9717 5286 9694 8953 14628 7481 6298 4893 7030 2162 9785 6888 11971 10714 11739 1866 5342 7380 6622 5258 7826 12978 11446 3715 6980 11473 11496 4180 11678 9593 4800 8370 6249 16162 2301 8325 7869 7970 8460 11370 12245 13447 3210 3350 6570 11512 2959 8698 10290 2584 9939 4562 11632
9545 22117 10268 15538 8731 19987 16957 8253 16491 12167 6979 23643 16492 18207 13079 2969 8226 12821 19203 16381 7018 24396 6291 12845 18616 18948 19132 16375 11417 12758 17310 18911 11534 24351 13400 11269 15493 18130 17976 13512 13539 16786 12241 20103 6713 16159 11162 20636 4790 15712 19063 20967 16897 5289 20314 12888 7423 14303 15430 3957 13370 4642 11903 11018 10728 9210 18206 19086 6678 4968 14781 6152 7305 17882 18994 19401 12018 552 8730 6759 6808 18200 19457 10709 6840 6839 5268 19234 16156 14279 15374 6817 2858 9655 9318 20019 2946 11693 13524 22627 18869 18970 19907 19402 11116 18741 17466 16958 11063 10605 7498 7084 14521 10200 19076 16990 2206 18482 14001 15966 16956 20047 8464 4982 19288 8775 10417 14620 11206 14477 10852 3679 8737 15325 15568 12753 19403 6162 9605 15469 10121 7120 9825 18548 22823 3740 13082 15078 7288 11365 9012 10337 22218 18931 19521 18010 13684 4021 17764 20296 14881 17535 2263 17982 11711 15570 14844 1779 14836 17046 16535 19625 12487 16640 19053 1758 12152 11441 15323 5171 5693 18682 16865 16807 18337 7206 16188 4012 24205 10005 22393 8975 2338 21266 13641 16245 12717 13313 19246 8627 19791 17546 4147 14430 19004 11592 14188 19664 21518 15384 13960 23679 12117 8694 10502 8181 21298 1258 19451 5587 14290 17903 3511 11889 3361 8783 23650 18654 11999 13223 7538 18633 14927 23491 9150 18309 7449 13097 10966 18161 3035 19493 21527 16680 13772 18215 11614 11981 15967 5436 9019 14195 5236 15904 15499 12841 13191 22803 13399 13775 15545 13802 15697 8628 17263 22992 16189 20716 7787 19928 22332 15475 16008 19569 16469 14867 9392 15770 11255 21309 15776 12656 12195 12851 20198 19317 13584 11641 19168 16688 17936 3530 5158 8945 5338 10043 12716 15219 10191 15375 11207 6456 12007 17152 18506 14495 13287 18969 7996 12860 11285 12369 9524 16259 18585 9413 7677 11884 16695 16436 14178 11169 19229 18051 10376 10953 17629 14884 12806 0 5523 13899 5735 15683 8487 11439 13040 5819 3077 7272 18248 17137 16049 17326 5363 17153 15996 7195 18388 16705 17105 3917 15759 9385 16194 10519 11461 10926 17245 18874 24196 9780 24245 11934 12834 5512 11771 14515 19841 894 2862 10027 11036 8537 3545 14352 1220 4133 17591 14680 6622 19390 11153 5851 20567 20434 9954 13756 11830 15087 15990 11681 12951 4486 10486 7693 16692 15362 19100 17176 23944
9519 19580 9555 13687 5635 18777 11951 8067 18849 6719 1459 20943 17601 18736 11452 3250 11224 15407 18091 15881 4204 22140 8968 8014 14424 15321 17674 15796 11465 7376 14691 16648 6274 21904 11836 11552 11861 18574 15791 13527 11436 17861 9646 16127 8871 11881 8263 18788 1768 11153 14054 17790 13119 393 18497 15718 9384 11120 11708 7468 8734 2047 7288 9523 12667 11249 18070 15766 9176 1847 15478 859 7716 12611 13957 16028 9025 6023 3332 7414 9430 17112 15079 11564 2794 8037 6085 16676 14912 8967 9954 4579 3884 6275 3928 17991 6064 9493 9779 20619 13580 18169 17802 14044 12695 16381 17739 17801 5782 12028 8389 7158 14382 4781 14977 18842 5670 17263 8920 17777 13499 16496 8297 4209 14680 10892 6234 9337 6649 10196 10574 2864 9294 11401 16463 12257 16749 6596 11143 17625 10488 4634 11844 15581 20606 6007 7686 12073 3700 9717 5958 11348 20653 17990 18550 15809 9339 7190 13479 18012 10965 17899 4389 14876 10941 13389 16584 5605 17327 17103 19115 15982 15180 14026 14917 4343 7180 12519 13730 1459 5583 13866 15340 12796 18411 6688 14751 3490 21823 11685 19350 9743 3240 19320 8415 17332 10656 9773 14758 3920 18384 17797 1403 9684 15353 11521 9935 18886 18173 14870 8603 21413 12945 5320 5517 7051 18050 4265 16169 807 8986 13418 6592 13694 2227 11516 21868 13867 9312 9071 5621 15939 17497 21178 6781 17973 2371 14971 5460 15372 3552 14791 20260 17771 13082 18194 6843 11803 16271 2709 10222 14517 8444 17894 17480 7425 7905 20474 10048 16467 11967 14303 11760 3377 12643 20704 16999 18240 9065 16533 19841 12029 11199 17057 12081 11292 9471 14426 13566 19572 16940 15292 7167 14827 18469 14098 9873 13160 18087 19116 13370 7510 6471 5869 628 4960 9797 13896 9262 10903 10440 6726 12819 12578 16292 9719 9879 17099 6923 7476 12006 14807 5333 10866 15055 4153 2173 8722 16405 13383 9001 6293 15010 17193 6498 6267 12813 11306 11965 5523 0 10019 369 15045 6839 13584 9542 9521 4594 6066 18296 12712 18020 16873 7471 13032 16561 10256 14493 16918 19108 4924 10322 11989 13108 7891 13703 9804 13079 18794 21661 4621 22022 11911 14215 6822 13812 11545 17400 4773 2807 10682 13306 3144 2072 11807 5656 7526 16554 16834 7385 14059 9759 3722 19704 18357 12932 8682 6441 9746 15060 9535 14792 1139 9049 10913 19033 14163 15306 15534 21508
8400 10144 7214 6304 5188 11234 5230 8148 17621 6857 9363 11296 14388 14193 5725 12942 13687 15521 10831 10254 6881 12856 12273 3484 4745 5304 9923 10051 8958 6260 5656 7822 5696 12442 5979 9406 1904 13918 7226 9784 4710 14519 3430 6222 11553 2492 3322 10271 9482 2820 6760 7902 3103 10411 10064 16177 11418 2149 1705 12819 2616 12066 3255 5757 12729 12209 12498 5850 12100 9271 12175 9174 9056 7225 6815 6076 2712 14442 7575 9416 12355 10099 5693 10402 7419 10132 9838 7444 8232 5888 7153 7140 13607 4250 7229 9318 12179 4325 503 11711 8026 11417 9046 8916 12136 7453 12980 14054 5961 11554 9727 8669 9970 7012 5178 16677 12463 9991 4466 15797 3581 6483 8156 9042 5847 12178 3785 5758 3634 1345 8127 12768 9314 1428 13192 8244 7391 9260 11368 16319 9231 6815 12449 5973 11452 11381 6389 3046 6720 5448 4933 10583 12327 11039 11437 7214 1529 12383 3979 8990 983 13262 13912 5179 7301 5480 14807 12749 16715 12123 18248 5963 15557 5135 5160 13618 4259 11192 6827 11446 8947 5806 8012 2908 13132 7988 7769 9893 12427 11824 9504 9719 11865 10610 5235 14153 4628 1052 5618 6147 10592 12984 10676 3004 5335 8762 1186 12035 8200 9568 6166 12156 10963 5206 5178 6971 8118 12906 6263 9360 5830 4375 12192 13067 11095 13426 13144 5699 3295 1159 6679 6617 16987 11884 5215 12071 7732 13964 7668 5994 10864 6219 12414 14480 8237 12797 3868 8662 11987 8548 10522 10899 12778 16211 15890 6556 5597 11203 1503 16458 2050 11100 1801 7157 4114 11464 13412 8960 10364 6563 10437 2255 3852 7843 2949 1466 8568 7731 13862 11122 14012 15532 4459 14054 10168 7932 548 12276 10879 17961 4556 13338 10329 4991 9668 5750 2644 7449 6827 2357 7206 9023 10873 3911 7593 3140 1380 8793 7109 6289 10347 14857 4690 7271 5058 6681 9305 2507 10999 3932 5009 4445 5361 10561 3594 4113 4962 1472 7469 13899 10019 0 9650 9447 6286 13588 1264 13864 14384 7334 12999 3591 16271 11041 11238 3276 12662 13311 4527 12273 17162 10424 7498 13466 3660 4059 13824 6472 3388 13160 12130 6140 12777 8985 12626 10288 13543 2824 8240 13574 11336 9766 13639 7659 10918 3879 13208 12707 9765 15738 9562 8696 5949 8051 12571 9573 14611 4419 6396 6329 8913 4434 13792 10325 5911 13865 17734 7846 5306 7943 12073
9287 19221 9285 13352 5291 18455 11621 7842 18705 6457 1315 20580 17386 18489 11131 3573 11161 15291 17774 15592 3897 21785 8908 7666 14059 14952 17345 15504 11221 7095 14334 16297 5965 21545 11516 11320 11491 18323 15443 13270 11098 17645 9298 15760 8778 11517 7910 18445 1656 10797 13727 17422 12750 762 18156 15617 9272 10756 11339 7492 8377 2416 6928 9217 12524 11122 17792 15398 9102 1695 15248 500 7532 12313 13632 15659 8668 6246 3043 7252 9360 16797 14720 11363 2444 7897 5967 16318 14596 8672 9686 4299 4216 5917 3640 17644 6104 9159 9410 20271 13286 17863 17454 13763 12529 16028 17481 17573 5475 11857 8224 6964 14114 4505 14612 18667 5750 16943 8594 17602 13130 16127 8070 4059 14329 10773 5865 9037 6286 9831 10319 3215 9097 11032 16240 11982 16389 6437 10986 17473 10269 4337 11711 15217 20253 5992 7409 11711 3358 9403 5613 11158 20317 17679 18237 15460 8974 7198 13116 17659 10596 17646 4701 14510 10660 13044 16410 5712 17197 16836 18986 15612 15071 13670 14552 4627 6840 12324 13403 1821 5418 13525 15012 12428 18142 6467 14428 3427 21465 11532 18983 9553 3421 18975 8105 17117 10322 9405 14402 3554 18055 17539 1588 9334 14984 11271 9569 18580 17805 14584 8317 21058 12735 4968 5173 6787 17682 4479 15801 537 8690 13060 6611 13536 2394 11432 21524 13523 8963 8703 5337 15579 17372 20822 6457 17686 2015 14810 5231 15011 3592 14444 19934 17555 12794 17921 6489 11545 16019 2485 10053 14272 8429 17730 17317 7153 7604 20118 9682 16354 11598 14068 11392 3053 12290 20349 16771 17882 8914 16164 19482 11661 10854 16700 11719 10923 9245 14107 13441 19232 16731 15179 6832 14674 18130 13794 9504 12987 17770 18976 13015 7565 6375 5523 507 4623 9440 13580 8984 10544 10161 6554 12608 12223 15942 9370 9513 16758 6664 7195 11795 14683 4964 10591 14686 3836 2049 8362 16124 13019 8685 5944 14646 16887 6130 5908 12470 10937 11675 5735 369 9650 0 14753 6550 13448 9175 9526 4937 5815 18027 12352 17854 16584 7401 12665 16322 10207 14125 16660 18942 4873 10060 11893 12744 7549 13572 9513 12714 18518 21301 4291 21667 11660 14028 6715 13668 11184 17044 5013 2956 10477 13179 2853 2224 11455 5799 7541 16242 16684 7230 13772 9456 3485 19394 18009 12855 8354 6160 9458 14755 9202 14630 1266 8749 10868 18888 13851 14938 15202 21149
6139 8489 5596 3461 9784 4454 14483 7490 9348 15488 15305 10081 5400 4753 4037 16553 10066 8832 3637 873 10864 9830 10356 12524 11633 9744 3993 752 4337 15140 5921 5602 14120 10142 3676 4607 8740 4473 4912 2538 4792 5441 6590 11561 9602 11066 7828 5890 13533 12015 15538 9397 9498 15340 5568 9574 8961 7386 9018 12394 11869 16680 11759 5581 7326 8071 3196 8792 9952 13367 3692 14484 8379 16554 15658 9119 7577 16065 14479 8924 10023 2691 12779 5586 12451 8937 10440 6580 1729 15186 16534 10470 17082 9618 14476 5763 12824 6140 9073 7855 17254 3288 5853 18166 6491 5769 3539 4837 14153 6438 8249 8654 1636 14758 11490 7958 13510 3097 13797 7341 8444 10042 7265 11432 13674 8388 10873 15120 11646 10752 4836 16797 7008 9663 4405 2939 6943 9555 7141 8236 5669 10416 7782 7437 8390 11962 15360 6812 11542 5478 9514 6022 6881 3273 3863 4972 10902 12095 11627 6543 9586 3829 17000 7639 4140 4401 6732 13936 9069 2678 10116 10131 9091 5748 11620 16472 12984 5451 2773 16377 10234 14335 2681 10281 3742 8739 2270 12566 9890 7138 9982 6882 14796 6583 14441 5223 5171 8530 13132 12585 4484 3539 14779 12446 9850 4126 10631 3986 10263 421 15381 9218 4683 10226 12978 8068 9824 15360 8852 14241 15134 12489 12386 6765 14645 9423 8462 14179 6919 10291 9426 6657 9358 9142 8425 2960 13694 6855 15761 6733 13388 14210 5966 5435 1978 3433 12259 3721 2793 12412 7156 2778 11464 7880 7690 15440 14658 8591 8000 9368 8571 3310 9765 13929 12795 8669 4368 7306 8166 9464 8550 8150 13152 6647 11572 8518 6292 1997 8046 6277 5274 8952 13204 7125 5320 17000 8968 6194 3580 9683 12844 13036 10527 9597 14444 13312 7103 2054 5821 11595 4657 9276 4714 12556 5250 12583 8173 4674 8222 15200 5027 8358 11207 16714 9253 13937 15673 8017 1570 7049 14343 12607 12026 2384 10217 12041 13829 8528 3082 15683 15045 9447 14753 0 8207 7628 8468 11915 17798 9095 3611 11941 7882 1843 10542 10788 3569 10473 10433 2880 8506 11902 16902 9018 7111 7741 7858 5242 10981 3916 10182 13574 9642 3825 5602 10184 7340 6758 6627 15917 14480 5921 7975 14444 14556 5614 14520 12200 2099 7954 9064 17912 5325 11405 4884 6178 9754 13701 14926 15720 842 6050 6764 14590 6015 10609 9396 1666 10392 3111 9770
3213 13645 2804 7188 2190 12056 10848 2184 13301 8825 7182 15159 11218 12060 4785 8604 7632 10410 11337 9043 2681 15988 6014 7110 10928 10750 11031 8957 4900 8839 8823 10470 7503 15899 5149 5117 7463 11875 9546 6820 5079 11450 3811 12127 5332 8775 3020 12347 5365 8821 12729 12535 8899 7135 12035 10946 5305 6033 7482 6618 7063 8518 6000 2745 7448 6496 11250 10726 5875 5188 8975 6299 2849 12483 12737 11058 3819 8981 6737 3146 6142 10343 11947 5551 4318 3901 3667 10751 8162 9644 11077 2266 9196 2745 6910 11654 6198 3206 5810 14289 13434 11354 11516 14219 7117 10280 11004 11276 7310 6432 3607 2397 7605 7456 11260 12881 6642 10532 8615 11848 8722 11775 2305 3584 12126 6345 4361 9788 5467 7315 3926 8745 3628 7590 10015 5451 10916 2993 5876 11989 4283 2219 6900 10091 14418 5326 9150 6690 3457 3012 2117 5514 14082 11197 11766 9576 6770 6187 10245 11859 7183 11187 9248 9565 4116 7118 10684 7002 12023 10324 13754 11418 10328 8154 11278 8790 6996 6530 7093 8180 2893 11949 8697 9038 11620 1703 8064 4710 15765 6421 13926 4123 6996 12941 8815 10949 4253 5414 11903 4939 11727 11055 6646 8116 10819 4891 7033 12072 13132 8035 9603 15265 6712 2635 6106 738 12883 7798 11070 6035 9617 10655 6086 8164 6630 7497 15413 11864 3620 6100 1221 10146 12255 15064 1132 11137 5681 9335 8564 9681 5664 12476 13570 11371 6245 11389 6165 5106 9576 4229 4892 7887 6494 12097 11706 9094 8719 14369 5319 11454 7466 7764 7941 6201 10296 14569 10486 12247 4335 11583 13866 7303 9561 11091 9210 6836 3269 7701 8562 13076 10620 10364 7175 9301 11960 13578 5822 7450 11325 13613 10813 7179 4110 2150 6238 6171 4401 7156 2459 8383 3627 2743 6590 10117 10072 8233 5266 10655 838 8931 5814 9737 4080 11654 10338 6463 7630 3844 9579 8031 9056 6164 11536 10381 3814 5609 10996 6855 5126 8487 6839 6286 6550 8207 0 8404 5138 7580 9959 1224 11503 9866 12199 10035 4958 9481 9955 7124 10412 10181 13247 4617 11505 7673 7805 2279 8602 2965 9617 11977 15729 6284 15845 5273 8251 4025 8489 6132 11372 8439 6583 4678 8306 6653 6513 5870 7541 6490 9769 11260 3286 14080 2958 3244 12907 12056 8827 8410 8252 10417 8244 3194 9148 6426 2239 7720 13458 7391 11013 8948 15493
5342 16092 6400 10017 10586 11779 18715 6255 5272 17210 14526 17696 5426 7592 8475 13516 3440 2008 10986 7805 10448 17410 5157 15367 17410 16182 11582 7951 4761 17243 12719 13050 15902 17761 8451 4277 13903 7629 12228 5217 9614 5725 10179 17940 4888 15924 10496 13503 11817 16398 20348 16611 15134 13709 13187 2599 4260 12235 14076 7487 15143 14423 14291 7831 963 2355 8528 15537 4791 11754 4586 13437 6068 20552 20402 15895 10903 11601 14762 6233 4636 10185 18567 3189 11984 5551 7507 13915 9119 17993 19434 9805 13810 11101 15059 13383 8624 9267 13090 15428 21449 10246 13455 22292 1463 13135 7303 6123 15691 2046 5289 6679 5992 15716 17494 5552 9369 10641 16871 4528 14397 16806 6105 9389 19134 2754 12730 18104 13821 14874 5474 14036 4788 14498 4878 6047 14248 7027 2564 4100 4383 10002 1744 14335 16006 8104 17554 12246 11371 8149 10519 3023 14250 10462 10981 12286 14578 7434 17047 14123 14215 7231 13441 14261 6447 10731 3438 9754 3756 7304 5544 16721 1975 12287 17578 12856 15361 2529 9366 14459 8049 19351 10128 15657 8315 7373 9529 10158 17503 2003 17431 4287 11719 14194 17163 5227 9246 12541 18734 13155 11990 7401 12651 16097 16281 5007 14636 10757 17440 7207 17982 16822 3095 11014 14500 7724 17037 11728 15714 12927 17961 17720 8000 878 12115 2764 15865 19229 10293 13866 9104 13782 3948 16759 9418 8933 13453 1701 16829 13665 10496 19594 13138 5614 6777 8357 14525 5253 6085 11041 3564 4911 6215 4479 4069 17497 17104 16218 12171 3053 13805 4358 14758 14273 17660 16291 5504 14854 4552 16336 16167 13458 17349 14060 16431 13410 5223 9096 421 13823 4731 1976 15548 1420 12926 21462 13042 1497 10901 5533 17986 7980 7174 10553 12975 14523 10987 8750 6812 15935 6423 6952 3118 17441 12657 16228 12241 12278 7718 17334 3339 1333 12480 19953 15681 14687 15156 11197 7636 13137 17347 14562 17939 9647 12136 13999 18549 13427 6781 11439 13584 13588 13448 7628 8404 0 12328 5942 14320 8259 8279 16997 4621 8381 6366 16179 5692 4356 16455 6789 5693 8836 19859 2148 13062 9888 249 7118 16358 8990 17810 14591 17218 4923 2159 6798 384 11877 14110 12044 11678 3869 462 14636 12127 10885 10243 7307 9652 3300 6234 22114 7644 10163 11644 13802 2302 16684 16641 18740 8391 9161 1589 12657 7719 4066 5460 8571 16712 10568 17393
7139 10178 5951 5529 4318 10651 6447 6923 16413 7314 9056 11456 13264 13185 4606 12305 12447 14265 10177 9302 6054 12835 11081 4104 5794 5928 9363 9110 7715 6829 5423 7552 6034 12502 4893 8159 2453 12918 6843 8623 3678 13407 2194 7094 10347 3714 2125 9936 8809 4073 8022 8250 3865 9928 9699 14918 10191 1678 2403 11729 3401 11572 3531 4497 11467 10950 11586 6238 10895 8596 11027 8723 7856 8402 8075 6514 1452 13576 7446 8238 11146 9376 6812 9143 6827 8935 8752 7345 7389 6722 8067 6228 12964 3429 7188 9020 11163 3071 763 11530 9233 10673 8773 10112 10878 7217 11977 12969 6208 10292 8508 7495 8869 7126 6152 15509 11493 9320 5328 14611 3993 7062 6921 8108 7059 10924 3448 6652 3680 2562 6872 12193 8062 2452 12057 7063 7356 8129 10105 15107 7968 5920 11186 6076 11364 10339 7008 2691 6038 4195 4029 9320 11963 10326 10764 6842 2469 11293 5116 8820 2055 12250 13220 5344 6072 4806 13603 11800 15480 11130 17029 6605 14297 4816 6159 12887 4702 9941 5969 10994 7888 7066 7297 3906 12193 6840 6968 9031 12455 10561 9809 8462 11102 10345 5994 13024 3472 280 6791 5813 10056 11987 10055 4048 5978 7525 2349 11322 8663 8555 6936 12118 9728 4429 5235 5797 8518 12107 6635 8831 6669 5590 11137 11814 10400 12175 12912 6957 2036 1824 5652 6551 15751 11861 4114 11198 7364 12725 7924 5950 10017 7450 11923 13364 7129 11867 4118 7440 10917 7802 9263 9752 11627 15014 14686 7131 6260 11164 586 15207 2513 9928 2804 6972 5373 11414 12304 8905 9130 7029 10456 2503 5069 7741 4190 1830 7308 6871 12600 10779 12864 14274 4919 12809 9764 9169 727 11023 10215 16752 5792 12266 9225 4099 9130 5748 1442 6532 5563 3609 5957 7880 9637 5167 7268 4186 382 8363 5944 6874 9097 13600 4258 8285 5598 6620 9097 1297 10035 3894 5874 4616 6404 9776 3053 4158 6225 1847 6301 13040 9542 1264 9175 8468 5138 12328 0 12693 13748 6240 12060 4815 15077 10136 10095 4343 11569 12093 5371 11245 15986 9440 8439 12208 3613 2871 12563 5213 4480 12269 12225 6112 12738 7759 11395 9161 12286 2269 8119 12776 10588 8503 12376 7500 10230 3088 12283 11608 8990 14513 8387 9903 4693 7199 11923 9319 13351 5236 6798 7256 7999 3181 12552 9719 4648 12637 16530 6922 6060 7289 12118
6436 19667 7635 12967 9170 16367 18257 5910 10744 14953 10807 21282 11299 13305 10676 8379 2525 7074 15550 12417 8076 21526 1707 14272 18456 18004 15804 12482 7678 15274 15341 16406 13889 21683 10870 7333 14923 13289 15474 9426 11547 11600 11047 19526 2520 16354 10568 17577 7923 16365 20218 19314 16343 9500 17244 7087 3017 13370 14978 2094 14427 9681 13162 8971 5433 4079 13793 17751 2038 7960 9984 9711 4872 19707 20210 18104 11311 5866 11800 4456 1908 14601 19503 6346 9058 3807 4320 17016 12903 16471 17815 7489 8507 10034 12272 17182 3518 10207 13384 19601 20690 15058 17157 21405 6043 16353 12787 11910 13527 5742 4366 5198 10441 13103 18746 11400 4110 14982 15713 10421 15995 18917 5988 6021 19706 3673 11448 16708 12517 14879 7585 9014 5323 15143 10568 9271 17275 4659 4849 9799 6401 7816 4595 16847 19996 3547 15613 13823 8874 9381 9292 5911 18789 15143 15720 15522 14285 2331 17809 17701 14747 12786 8013 16495 8725 13340 9374 4385 9079 12562 10743 18646 6719 14742 18777 7447 13902 6735 12520 9938 5268 19499 13807 16566 13754 5884 13118 6160 21476 5030 20489 5227 6798 18260 15685 11079 10843 12966 19477 10751 16366 12879 8260 15517 18085 7931 14592 15684 20028 11536 16300 20857 7519 9424 12543 6897 19707 6431 18040 9100 16459 18235 2938 6564 7523 3178 20352 19420 10962 13641 7430 16616 9151 20727 8677 14050 10345 7643 14131 16295 5981 20053 17865 11489 10305 13712 13142 8343 11372 7648 4779 9755 1188 10286 9895 15458 15420 20093 12815 7988 14901 9258 15486 11449 17862 20229 11208 18295 4015 18614 19819 14680 17030 17272 16789 14312 6230 12660 5679 18096 10587 6899 14031 7355 17052 20930 13392 6546 15488 10923 18391 2310 3774 9275 9019 12319 11773 12158 7811 15937 8348 4864 7439 17688 15985 15623 12787 16056 6756 15377 6928 6683 10808 18549 17550 12096 11530 11396 12521 15057 16066 12928 19057 14257 11071 12486 18523 14331 9657 5819 9521 13864 9526 11915 7580 5942 12693 0 8868 6626 13690 17447 10435 13237 2692 17027 11200 1608 17840 12124 11455 4740 18240 3796 14881 9823 5908 8516 17170 14376 21627 12225 21351 8155 7712 3679 6309 13305 17446 6568 6967 6038 5498 11627 7609 12694 4732 2005 13999 9030 4306 21306 8962 7191 16606 17616 4171 15482 14462 17293 12458 10140 7524 8411 8542 1929 10947 12160 18358 14202 21285
11734 23462 12223 17145 9520 21928 16538 10319 19456 11129 5818 24911 19184 20752 14738 1444 11217 15799 21177 18558 7813 25898 9170 12602 18922 19645 20960 18523 13695 11851 18568 20367 10832 25756 15094 13624 16155 20648 19459 15826 14991 19473 13422 20573 9478 16388 12156 22305 4942 15717 18638 21952 17480 4222 21994 15901 10164 15215 16035 6917 13299 2773 11840 12676 13551 12025 20535 19973 9529 5154 17337 5437 9537 17119 18537 20259 12987 3195 7868 9042 9692 20172 19623 13235 6965 9318 7467 20544 18037 13474 14356 7870 786 10337 8457 21598 5695 13052 14090 24237 18072 21065 21449 18481 13858 20147 19923 19583 10336 13294 9912 9173 16800 9267 19453 19864 4953 20404 13505 18823 17742 20799 10549 6425 19260 11598 10642 13858 11180 14692 12995 1743 11099 15797 18191 14866 20664 8310 12302 18392 12470 8088 12649 19633 24334 6293 12143 16101 7710 12967 9838 12901 24027 20970 21554 19486 13844 6902 17996 21755 15354 20022 878 18983 13692 17023 17676 4580 17813 19428 19534 20316 15478 17893 19403 1463 11774 14052 17042 3495 7564 18460 18636 17232 20738 9068 17988 5278 25642 12749 23465 11417 3005 22895 12967 18930 14170 14001 19321 8443 21647 19998 3708 14269 19686 13833 14421 21774 22407 17541 13083 25171 14667 9333 10110 9859 22243 2606 20363 5092 13499 17976 6321 14700 3392 11737 25372 18460 13128 13517 8816 19866 17917 24959 10326 20569 6948 15940 9771 19339 4410 19381 23458 19369 15834 20583 11419 14193 18417 6003 11600 16625 8191 18798 18388 11864 12436 24258 14200 16775 16242 16283 16164 7965 17221 24469 18796 22082 10343 20776 23702 16251 15791 20906 16615 15557 11613 17603 14167 23034 18476 15640 11760 15713 21917 18624 14172 14377 21153 19665 17941 6561 7537 9755 4781 9555 13741 17052 12057 15450 13174 8568 14550 17149 19981 14306 14053 20612 9686 11946 13784 15317 9720 15290 19340 8732 6360 12758 18952 17451 13565 10880 19517 20113 10795 10824 17406 15573 14788 3077 4594 14384 4937 17798 9959 14320 13748 8868 0 8846 20640 17257 18941 19532 8035 17503 18528 10178 18904 19135 20010 5959 14697 12326 17187 11630 14362 12739 17563 21229 25555 9212 25762 14201 15553 7927 14633 15548 21216 2306 3376 12470 13936 7690 3545 15605 4147 7077 19577 17597 8934 18519 12860 6815 22653 21994 12964 13268 10922 14227 17996 13065 15785 4062 12150 10710 19656 17249 19689 18900 25352
3498 14850 3520 8339 2606 13095 11647 2111 13349 9025 6622 16371 11628 12674 5905 7525 7000 10238 12356 9904 2220 17168 5162 7739 12031 11942 12113 9839 5407 9153 10041 11660 7775 17095 6254 5524 8614 12510 10731 7462 6275 11878 5030 13286 4568 9803 4156 13487 4457 9747 13593 13758 10051 6322 13172 10712 4686 7227 8617 5490 7822 7590 6620 3835 7296 6149 12040 11942 5091 4303 9452 5639 2268 13171 13587 12271 4983 7762 6531 2364 5370 11355 13023 5704 3844 3177 2512 11963 9200 10128 11534 1612 8096 3418 6804 12817 4991 4425 6875 15446 14142 12308 12688 14892 7099 11479 11674 11775 7512 6405 3087 1679 8329 7460 12388 13090 5420 11570 9220 12037 9916 12980 2321 2427 13139 5925 4914 10314 6015 8276 4508 7720 3526 8680 10460 6233 12132 1967 5695 12059 4522 1755 6633 11315 15596 4131 9479 7906 3132 4145 2685 5574 15182 12180 12758 10762 7662 5055 11312 13048 8262 11834 8110 10786 4955 8311 10852 5778 11973 11046 13739 12612 10109 9373 12398 7634 7489 6689 8201 7322 1681 12880 9791 10146 12358 910 9142 3571 16957 6257 15149 4024 5858 14093 9311 11358 5450 6519 12947 4899 12801 11733 5685 8905 12009 5457 7987 13024 14351 8885 10031 16447 7007 2942 6367 1029 14105 6616 12288 5282 10107 11673 4909 8146 5577 6968 16542 12805 4828 7026 888 11365 12187 16250 2127 11978 5299 9377 8572 10903 4497 13464 14621 11791 7117 12149 6683 5738 10206 3367 4696 8457 5493 12232 11829 9384 9139 15558 6467 11302 8628 8263 9039 6028 11256 15754 10975 13450 3862 12797 15067 8482 10406 12298 10217 7985 3479 8759 8359 14201 10992 10169 7645 9300 13084 14342 6899 7494 12337 13647 11808 6027 2995 2677 5444 6316 5598 8209 3275 9324 4441 1780 6880 11088 11259 9014 6400 11800 874 9250 6073 9578 4418 12181 11537 6429 7155 4964 10389 9250 9619 6575 12643 11342 4475 6065 11898 8003 6025 7272 6066 7334 5815 9095 1224 8259 6240 6626 8846 0 12245 10882 12345 10895 3947 10573 10510 6367 11566 10853 13416 3393 11965 7233 9022 3434 8433 3913 10701 12760 16931 6354 17022 5846 8423 2973 8397 7346 12575 7248 5474 4806 8096 6416 5476 7092 6318 5374 10768 11300 2466 14773 4013 2348 13880 13224 8362 9000 8471 10928 9209 4410 9191 5506 3306 7000 13517 8416 12187 10062 16689
8941 9741 8742 6797 13249 4455 17934 10397 7726 19094 18677 11128 3627 1613 7639 19488 11439 8694 3914 2759 14183 10125 12358 16129 14727 12586 5044 2951 6960 18751 8803 7719 17724 10710 7283 7018 12140 1317 7376 4829 8391 3462 10200 14354 11715 14463 11419 6767 16697 15483 18849 11553 12730 18565 6542 9356 11010 10899 12432 14620 15460 19803 15370 9031 8402 9614 624 11475 11937 16547 3739 17798 11103 20017 18983 11758 11187 18566 17979 11601 11929 3763 15830 7567 15811 11412 13174 8792 4840 18782 20118 13729 19967 13155 18007 7161 15310 9723 12644 8246 20675 2856 7391 21589 7682 8026 996 2728 17747 7951 10770 11498 3916 18323 14489 6009 16042 4190 17385 5859 11605 12635 10161 14447 16827 10017 14459 18706 15250 14282 7756 19807 9552 13104 3486 6051 9165 12334 8886 6997 8173 13719 9138 10093 9030 14516 18970 10231 14923 8982 12996 7965 6653 3303 3541 7430 14476 14394 14853 8120 13068 1172 19804 10496 7392 7719 5862 16470 8105 1213 8538 12852 9061 8821 14636 19248 16594 6976 6193 19565 13150 17613 5397 13566 133 11743 5368 15543 10404 8660 11687 9276 17678 7347 18043 3635 8779 12110 16248 16087 5026 898 17889 16003 12692 6847 14177 2989 12417 3610 18984 9698 6219 13702 16564 11246 11955 18104 11434 17501 18729 15750 14792 7439 17660 10739 8208 17451 10527 13878 12698 9154 8359 9735 11864 1276 17116 6882 19340 9421 16275 17376 5378 3530 5350 240 15867 6523 2322 15611 9272 4055 13517 6436 6438 19051 18266 9389 11576 8821 11961 4480 13169 17428 16147 9360 2947 8932 10471 11998 9687 11539 16630 8707 14955 11983 9044 5303 8680 6690 4012 8869 16815 7218 6214 20370 12535 7212 3805 8009 16121 15233 13148 13076 17680 16882 10709 5549 9048 15078 7875 12085 6315 15908 7503 16139 11754 6398 11378 18810 6979 8460 14755 20270 12128 17477 19090 11627 2044 10239 17932 16210 15048 3024 13799 15641 17193 11992 6461 18248 18296 12999 18027 3611 11503 8279 12060 13690 20640 12245 0 15266 6370 1996 12912 14051 2588 12111 13466 1568 6555 14681 20480 10199 10353 11291 8444 8584 14242 712 10899 17132 9925 6467 6153 12771 7908 10249 8529 18604 17424 8222 8722 17934 17592 9130 17041 14422 3690 7078 11715 21323 8762 14592 3690 7458 10581 17295 18530 19301 4088 9629 6887 17737 9411 12053 7697 5154 13274 5688 10417
11919 9871 10698 8506 8584 12582 3013 11734 20721 7757 11774 10574 17201 16639 8752 15840 17262 18885 12392 12646 10184 12556 15863 4824 1917 4039 11286 12420 12280 6938 6718 8622 7102 11931 8915 12749 3240 16344 8390 12795 7619 17293 6840 3807 15143 1101 6912 11008 12512 1611 3597 6961 2606 13102 10897 19564 15004 4829 3000 16346 3994 14728 5424 9208 16172 15739 14700 5190 15691 12308 15101 11854 12646 5014 3721 5204 6261 17687 9757 13003 15946 11881 2367 13811 10399 13723 13370 7844 10439 5740 6425 10531 16503 7642 9265 10035 15632 7762 4083 11929 5496 13192 9720 6403 15535 8215 15437 16746 7537 14986 13316 12255 12790 8742 2576 19626 15861 11642 4636 18819 3782 5062 11736 12427 2260 15726 6727 5400 6077 2671 11525 15562 12869 2500 16059 11349 7627 12825 14870 19448 12693 10193 15948 6103 11421 14866 6885 5152 9852 8863 8367 14027 13016 12749 13017 8355 3457 15909 940 9393 2799 15739 16888 5356 10590 7568 17909 16119 19945 14572 21392 4446 18950 6514 2452 16661 5754 14539 9171 14049 12459 2418 9915 1718 15396 11565 9901 13180 12010 15304 8501 13258 14983 11132 5535 16987 7798 4561 2111 8815 11847 15423 13594 3200 3992 12060 2963 13700 6863 12154 6198 11941 14228 8513 7283 10558 6988 16066 5547 12165 5677 791 15687 16421 14124 16983 13422 2275 6777 3942 10182 7064 20225 11644 8779 14176 10342 17230 8990 6513 14117 2636 13449 17269 11129 15042 5893 11903 14668 11707 14056 13844 16351 19275 18983 7161 6120 11053 4852 19780 3391 14125 2268 9479 911 11329 16186 9051 13945 5490 10181 3805 2227 8194 674 3622 12095 10011 17293 11822 16914 18910 5853 17350 11098 5113 4093 15629 12465 21063 989 16845 13873 8412 12476 7882 6030 9889 10330 1809 10574 12596 14149 689 8561 3222 4813 9905 10694 6910 13697 18232 7637 6058 4164 8813 11528 6093 13398 5059 4980 6476 2403 12485 6783 6445 1955 3607 10554 17137 12712 3591 12352 11941 9866 16997 4815 17447 17257 10882 15266 0 19319 13270 14808 1302 15402 16900 2738 14821 20139 13852 6600 17000 4920 7650 17238 9902 1141 15286 11536 8268 12530 12236 15862 13849 16923 5324 8594 16725 14441 13234 17080 9893 13937 6465 16546 16242 11705 18923 13147 6116 9370 11357 14035 10149 18137 4777 7515 5697 11259 7864 17066 13226 9421 17450 20817 10276 3566 9700 11629
8987 15877 9663 11189 14365 10755 21500 10238 1467 20954 18856 17353 2765 4970 10596 18123 7912 3513 10111 7538 14564 16483 9776 18665 19302 17579 11090 7764 7543 20862 13784 13366 19594 17040 10407 7193 16085 5180 12762 6526 11708 2908 12894 19398 9493 18330 13616 12958 16256 19058 22863 17224 17076 18173 12695 3861 8842 14511 16320 12093 18263 18978 17670 10800 5430 6942 6892 16667 9412 16175 4275 17796 10335 23480 22954 16998 13790 16195 18858 10605 9254 9655 20467 6663 16177 10011 12001 14393 9610 21375 22810 13949 18428 14693 19085 13177 13245 12082 15807 14578 24296 9112 13352 25184 5325 13582 5465 3646 19456 5999 9632 10923 6620 19655 19232 977 13990 10137 20121 545 16120 17922 10042 13811 21253 7358 16283 21420 17310 17614 8519 18631 8834 16874 3485 8028 14763 11424 6881 784 7917 14094 6317 15318 15330 12712 21149 14212 15468 10998 14230 6771 13022 9498 9844 12822 17508 12052 19159 14083 16687 5215 18062 15490 9049 12088 1521 14373 1956 6013 2253 17995 3925 13551 19350 17477 18832 5676 10472 18975 12438 21737 10532 17767 6329 11524 10150 14662 16740 6353 17646 8349 16316 13587 20558 2824 11647 15234 20758 17125 11235 5551 17168 19087 17685 7671 17421 9348 18095 7536 21441 16033 5542 14823 18234 11618 17648 16349 16733 17324 21335 19957 12621 4336 16670 7293 14575 21594 13109 16812 13113 14530 2142 16052 13050 7510 17641 3057 20763 14614 15064 21767 11748 2843 8200 6560 18009 7675 5192 15396 7801 5491 10816 151 553 21138 20599 15659 14771 3014 15944 5196 17059 18340 20100 15654 3676 14890 8965 17346 15863 15544 20122 14411 18848 15718 8945 9838 4796 12992 2631 3713 19037 3242 12379 24176 15731 4874 10005 1801 20278 12565 11714 14282 17399 18354 13640 9735 10093 18603 9272 11301 5657 19866 13051 19224 14892 12230 11660 20945 6395 3766 16213 23203 17082 18657 19446 14165 6971 14740 20637 18155 19746 8939 15638 17571 21083 15732 8811 16049 18020 16271 17854 7882 12199 4621 15077 10435 18941 12345 6370 19319 0 7561 10967 18292 4417 8900 18167 5498 1089 13390 23220 6679 14752 13154 4588 10101 18483 6990 17204 18482 16284 7376 3948 11329 4314 13995 14329 16664 16254 7555 5013 18752 16671 12863 14858 11916 9321 1420 10636 24967 10550 14459 10052 13532 6351 19966 20374 22055 8716 11970 3232 17148 10889 8510 1520 9408 18208 10944 16731
7814 8319 7380 4806 11627 3421 15943 9213 9003 17255 17146 9816 4836 3450 5834 18311 11197 9230 2663 992 12699 9157 11760 14225 12755 10657 3533 1096 5910 16880 6848 5937 15895 9616 5461 6094 10146 3145 5492 3861 6491 4775 8354 12442 11045 12468 9631 5430 15344 13495 16854 9810 10738 17163 5153 9948 10371 8927 10439 13901 13531 18484 13502 7424 8274 9249 1458 9578 11346 15180 3899 16320 10046 18027 16988 9874 9335 17686 16316 10578 11384 2094 13866 6907 14291 10517 12122 7001 2846 16855 18176 12295 18827 11449 16307 5617 14430 7953 10698 7190 18680 1870 5800 19595 7470 6209 2337 4058 15943 7567 9840 10364 2833 16574 12533 7410 15135 2576 15451 7019 9619 10767 8983 13203 14848 9610 12676 16768 13419 12312 6538 18576 8596 11114 4188 4679 7375 11248 8393 8066 7220 12248 8870 8194 7871 13588 17090 8241 13383 7319 11356 7338 5879 2097 2600 5548 12529 13629 12864 6534 11084 2649 18722 8554 5944 5724 6701 15563 9059 1576 9807 10952 9548 6838 12676 18184 14724 6555 4218 18194 11973 15621 3425 11571 2127 10498 3372 14329 9331 8289 10108 8408 16537 6084 16129 4741 6945 10173 14274 14422 3751 2291 16579 14044 10763 5736 12214 2449 10682 2010 17071 8630 5759 12067 14778 9872 10225 17060 9562 16069 16801 13758 13961 7504 16422 10520 7494 15459 8692 11946 11252 7287 9336 8613 10268 1118 15537 7279 17567 7509 15127 15396 4760 4807 3791 1776 14017 5354 2483 14228 8570 3549 12897 7595 7498 17182 16371 8163 9638 9575 9966 4091 11175 15767 14151 8183 3886 7345 9672 10143 8313 9544 14643 6962 12959 9998 7950 3320 8801 5573 4962 9380 14945 7591 4845 18374 10587 7081 2567 9317 14128 14535 12170 11439 16269 15126 8816 3604 7628 13094 6455 10977 5824 13912 5677 14179 9820 4705 10021 16937 6318 8863 13033 18308 10190 15764 17516 9776 746 8249 15998 14385 13088 1387 12024 13825 15197 10006 4909 17326 16873 11041 16584 1843 10035 8381 10136 13237 19532 10895 1996 13270 7561 0 12094 12058 3187 11725 11501 2064 7970 13604 18532 10048 8359 9570 8585 7071 12249 2135 9736 15394 8960 5392 6234 11813 8045 8272 6833 17600 16237 7392 8782 16283 16338 7164 16144 13705 1824 7961 10709 19328 7167 13218 3370 5971 10632 15368 16698 17357 2137 7866 7232 16398 7854 11778 9011 3214 11338 3744 9280
4519 17711 5532 10984 6477 14948 15565 3579 11606 12384 8610 19303 11167 12845 8577 7157 3761 8037 14143 11179 5431 19759 1520 11583 15881 15572 14217 11197 6210 12662 13166 14442 11273 19829 8828 6000 12386 12768 13498 8242 9316 11458 8577 17029 1478 13721 7974 15870 5746 13693 17531 17079 13818 7533 15539 8287 2134 10884 12422 1905 11735 8089 10472 6687 5544 4025 12897 15412 1707 5734 9418 7496 2484 17020 17522 15759 8749 5656 9351 1964 1960 13154 16905 5354 6546 1621 1671 14947 11242 13815 15175 4825 7479 7345 9784 15367 2418 7790 10766 17893 18001 13809 15304 18721 5823 14342 12113 11606 10929 5271 2313 2646 9265 10585 16200 11869 3167 13481 13030 10818 13548 16536 3719 3537 17067 3613 8757 14043 9830 12218 5811 7671 3538 12547 10214 7674 15177 1984 4274 10466 4882 5145 4650 14603 18200 1750 12999 11417 6265 7089 6603 4976 17280 13815 14405 13540 11608 1560 15202 15787 12141 12177 7160 14185 6835 11228 9658 3588 10014 11718 11787 16227 7775 12535 16222 6578 11230 6081 10631 8180 2598 16827 12059 13990 12998 3255 11366 3981 19647 4714 18342 3685 5353 16533 13022 10916 8557 10371 16857 8159 14836 12194 6388 12826 15648 6416 11930 14484 17751 10210 13659 19064 6755 6734 9907 4313 17456 5430 15724 6919 13802 15598 1880 6679 5788 4054 18784 16751 8456 10972 4739 14472 10157 18908 6029 13036 7913 7934 11644 14097 4160 17401 16481 11354 8721 12888 10461 6823 10618 5240 3657 8858 1546 10828 10415 12857 12774 18246 10255 9077 12377 8450 12897 8958 15200 18407 10832 16316 2443 16277 17889 12182 14343 15236 14146 11766 4334 10921 6268 16469 10455 7905 11363 7726 15383 18238 10780 6342 14097 11846 15743 2548 1133 6584 6901 9715 9263 10386 5606 13269 6381 2216 6646 15030 14022 12931 10213 14265 4157 12764 5936 7480 8131 15891 15135 9560 9305 8800 11434 12701 13391 10263 16488 12926 8379 9809 15844 11785 7879 5363 7471 11238 7401 10542 4958 6366 10095 2692 8035 3947 12912 14808 10967 12094 0 14438 10633 2839 15325 11361 12048 2557 15602 4558 12505 7229 6439 6353 14575 13551 19732 9647 19594 6726 7523 987 6654 10880 15449 5824 5326 4716 6020 9188 5818 10380 4146 1726 12542 9666 1798 18620 6730 4636 15399 15797 5462 12801 11875 14635 10947 7736 7773 6447 6208 3510 11800 10461 15885 12418 19425
11244 8644 9991 7334 8461 11286 4302 11205 19710 8617 12210 9427 16100 15451 7802 16069 16667 18025 11108 11467 10140 11350 15400 5443 1469 2876 9993 11237 11428 7833 5433 7319 7805 10755 7927 11906 2276 15154 7099 11786 6652 16180 6143 3108 14653 1250 6465 9707 12655 2463 4802 5814 1329 13424 9595 18718 14457 3945 2119 16063 4521 15072 5818 8490 15388 15056 13477 3952 15199 12447 14045 12175 12174 6316 4945 4002 5721 17698 10261 12571 15443 10617 2480 13010 10560 13252 13083 6547 9243 6789 7599 10415 16735 7520 9814 8735 15451 7061 3705 10659 6787 11923 8419 7690 14716 6912 14256 15614 8202 14197 12795 11832 11716 9384 1950 18560 15739 10368 5563 17783 2497 3986 11183 12317 2977 15075 6864 6480 6403 2844 10733 15845 12245 1893 14980 10392 6335 12472 14154 18454 11947 10088 15223 4807 10174 14646 7823 4080 9922 8119 8209 13254 11720 11475 11733 7062 3707 15627 874 8102 2315 14561 17076 4054 9736 6392 16909 16024 18999 13394 20399 3375 18112 5259 1906 16808 6381 13688 8016 14417 12205 3563 8678 527 14180 11183 8697 13153 10818 14561 7391 12604 15080 9840 6475 15893 6933 4067 2557 9112 10549 14239 13805 3978 2847 11195 3097 12420 5811 11021 7223 10720 13326 8460 7769 10136 5885 16137 4327 12428 6725 1703 15453 15563 14274 16344 12152 3401 6142 3988 9945 5763 19282 10425 8447 12941 10682 16313 9760 5210 14118 3476 12147 16160 10092 13825 6359 11007 13541 11769 13387 12803 15968 18254 17975 8080 7028 9818 4229 18889 2383 13112 1541 9927 2212 10094 15078 7779 13382 4338 8955 2760 3376 6900 1376 2798 11429 8832 16493 10524 15842 18061 6515 16451 9796 6374 3674 14776 11183 20053 2070 16592 13563 8266 12739 8373 5349 8745 9650 2420 9771 12224 13255 1991 7261 4038 4242 8606 10285 7819 12852 17382 7788 7295 2929 9322 12036 5638 12215 3815 5972 6963 2085 11234 6793 6825 3246 2780 9598 17153 13032 3276 12665 10788 9481 16179 4343 17027 17503 10573 14051 1302 18292 12058 14438 0 14288 16373 1647 13662 19081 13699 7803 16319 3701 7211 16424 9156 193 14049 10372 8768 11316 11342 14935 13504 16082 4341 7301 16802 14545 12490 16290 10379 14092 5438 16481 15946 10460 17957 12722 7399 8624 11313 12742 8852 17440 5665 8311 6839 10081 7154 16155 13444 8761 16895 19799 9124 2524 8447 10440
7046 11497 7155 7002 11915 6526 17820 8509 5878 18169 17098 13003 1831 2224 6963 17450 8893 6189 5816 3130 12596 12291 9947 15471 15182 13311 6716 3360 5103 17931 9484 8953 16786 12782 6685 5020 12172 2135 8372 3175 7957 1892 9490 15127 9353 14480 10503 8617 14887 15348 18992 12817 13018 16797 8340 6880 8640 10711 12434 12257 14922 17919 14589 7823 5848 7124 2885 12341 9526 14756 1226 16145 9061 19865 19102 12663 10461 16280 16643 9514 9494 5269 16333 5300 14253 9216 11084 9986 5275 18184 19580 12076 17888 11992 16747 8780 13050 8827 12242 10341 20612 4890 8946 21518 5161 9176 1615 1405 16740 5498 8616 9526 2700 17168 15054 4399 13795 5753 16840 3872 11989 13581 8276 12536 17203 7540 13448 18165 14358 13999 6038 17823 7458 13048 1007 4722 10358 10292 6470 4885 6132 12119 6617 10976 11045 12301 18183 10250 13411 7887 11703 5659 8918 5220 5642 8431 14038 12063 15138 9675 12924 1585 17673 11205 6029 7934 3522 14219 5874 1738 6670 13689 6539 9316 15182 17104 15804 4574 6296 17749 11186 17811 6154 13773 2624 9887 5828 13583 12493 6187 13231 7112 15620 9267 17400 1660 8108 11677 16673 14782 6925 1712 16012 15614 13418 5073 13845 5269 13689 3281 18325 11789 3879 12381 15523 9571 13239 15952 12384 15787 18136 15982 12501 4856 15702 8190 10519 17659 9771 13380 11085 10153 6150 11782 10519 3382 15636 4319 18235 10273 14236 17734 7706 1875 4441 2676 15022 4852 786 13853 6977 2068 11106 4438 4319 18224 17541 11346 11169 6434 12013 2271 13183 16097 16233 11361 799 10479 8218 12989 11497 11597 16463 9997 14994 11888 7108 5565 6093 8730 1790 6355 16021 4652 8032 20406 12149 4673 5715 6202 16327 12853 10991 11774 15935 15764 10139 5557 7528 14911 6431 10071 3991 15994 8644 15752 11320 7816 9676 18002 4744 5909 13594 19850 12821 16250 17578 10881 2558 10595 17378 15283 15587 4574 12780 14698 17252 11900 5370 15996 16561 12662 16322 3569 9955 5692 11569 11200 18528 10510 2588 15402 4417 3187 10633 14288 0 9606 13994 1189 4952 12593 19968 7638 10642 10217 5856 7238 14481 3300 12914 15968 12093 4686 3576 10603 5320 10125 9911 16414 15413 6065 6136 16574 15652 8969 14779 12060 4909 4781 9609 21277 7549 12840 6097 9145 7994 16717 17591 18785 4376 8720 4314 15897 8092 9512 5904 5193 13962 6554 12453
5367 18418 6627 11777 8973 14914 17962 5172 9296 15148 11435 20039 9692 11700 9588 9542 1040 5627 14095 10933 8151 20179 1321 14105 17768 17124 14409 11010 6339 15383 14252 15177 13993 20374 9743 5953 14198 11688 14258 7956 10541 9993 10276 18716 1802 15799 9989 16219 8558 15933 19852 18246 15592 10292 15887 5732 1926 12589 14283 3261 14155 10689 12986 8058 3824 2500 12232 16778 1278 8557 8394 10322 4279 19534 19861 17136 10665 7307 12178 4016 996 13165 18853 4888 9362 3227 4462 15844 11556 16460 17848 7517 9746 9761 12599 15873 4569 9392 12817 18235 20501 13562 15866 21257 4446 15151 11199 10302 13673 4181 3585 4752 8957 13386 18010 9857 5265 13560 15586 8861 15145 17978 5191 6372 19151 2116 11280 16663 12380 14415 6386 10133 4259 14516 8962 7946 16121 4487 3341 8291 5131 7815 2993 15799 18667 4297 15718 12945 9022 8464 9041 4452 17354 13668 14239 14308 13892 3317 17186 16439 14142 11192 9307 15505 7553 12225 7794 5606 7642 10996 9356 17748 5301 13681 18055 8727 13837 5186 11282 10859 5328 19052 12490 15892 12173 5514 11809 6781 20156 3461 19352 4046 7842 16908 15652 9471 9893 12356 18876 10920 14948 11292 9103 15223 17210 6603 14137 14174 18990 10083 16335 19523 5978 9291 12607 6396 18649 7647 17044 9737 16443 17680 3936 4958 8436 1608 18932 18962 10239 13218 7236 15496 7740 19405 8254 12508 10745 6055 14456 15215 6822 19530 16395 9882 8956 12140 13041 7006 9798 8079 3455 8214 1992 8753 8355 15592 15445 18786 12145 6598 14156 7706 14842 11774 17385 18911 9602 17064 3012 17634 18555 13901 16683 16080 16259 13607 5161 11348 4115 16705 8980 5465 13985 5774 15682 20679 12810 4943 14030 9495 17866 3677 3951 9039 9704 12456 11043 10867 6870 15489 7230 4605 5905 17197 14757 15337 12142 14743 6286 15485 5452 5181 10743 18526 16655 12355 12135 10807 11001 14119 15980 12899 18357 12788 10829 12411 18113 13625 8405 7195 10256 13311 10207 10473 7124 4356 12093 1608 10178 6367 12111 16900 8900 11725 2839 16373 9606 0 17063 10549 9938 5335 18277 2225 13964 9255 4337 7521 16527 12802 20339 12413 20000 6787 6105 3706 4717 12452 16230 7874 7921 4705 3920 12018 8492 11741 6038 3104 12568 7510 3902 21135 8007 7444 15095 16307 2801 15365 14626 17270 11057 9313 5931 9198 7686 672 9497 10837 17523 12897 19980
11791 7156 10516 6998 9657 10307 5704 11944 19612 10263 13735 7838 15824 14944 7981 17463 17265 18218 10231 11024 11376 9825 16174 7064 1296 1309 9060 10788 11701 9480 4666 6254 9434 9193 8027 12188 2952 14640 6218 11760 6843 15874 6799 1724 15399 2891 7410 8520 14009 4101 5739 4223 1515 14886 8449 18932 15136 4477 2968 17031 6129 16539 7368 9031 15724 15547 12868 2522 15940 13798 13892 13640 12968 7604 5918 2488 6593 18927 11822 13406 16169 9865 2364 13345 11940 14035 14070 5354 8782 8411 9159 11588 18129 8735 11395 7570 16523 7671 4868 9274 7933 11127 7249 8804 15003 5855 13779 15261 9822 14538 13525 12686 11547 10995 1065 18350 16863 9559 7206 17642 2071 2349 11893 13476 3420 15611 8273 8091 7917 4391 11115 17274 12847 3107 14763 10494 5088 13396 14606 18397 12381 11274 15651 3641 8726 15687 9468 4222 11247 8635 9381 13631 10470 10660 10849 6172 5247 16599 1863 6839 3551 14090 18439 3026 10035 6082 16849 17170 19032 12931 20334 1734 18341 4694 1188 18144 7999 13931 7712 15900 13232 4472 8076 1716 13591 12092 8223 14376 9274 14968 5775 13161 16386 8569 8118 15636 7297 5093 2807 10584 9549 13751 15197 5624 1256 11450 4616 11558 4171 10715 8852 9219 13487 9713 9336 11015 4264 17419 2846 13859 8347 2737 16475 15779 15623 16886 10765 4299 6880 5424 11017 4649 19320 8922 9453 12291 12166 16419 11396 4187 15356 3976 11018 15865 10037 13232 7930 11210 13224 13070 13916 12695 16830 18142 17892 9726 8674 8344 5099 19023 2949 13060 2740 11466 3559 8620 14792 6417 14051 2753 7466 3164 4944 5668 2997 3581 11987 8437 16795 9302 15635 18271 8140 16587 8682 7403 4805 15005 10316 19954 3128 17587 14523 9446 14168 9938 6069 8453 10219 4065 10153 13130 13429 3382 6276 5684 5171 7614 11178 9465 13118 17598 9191 8790 1526 10889 13593 6609 11753 3428 7607 8536 1595 10535 8121 8358 4487 3563 9717 18388 14493 4527 14125 10433 10412 16455 5371 17840 18904 11566 13466 2738 18167 11501 15325 1647 13994 17063 0 13255 18887 14809 9338 16803 3438 8138 16703 9640 1707 13386 8798 10335 9804 11543 15034 14425 16321 4649 6051 18087 15860 12919 16610 11933 15445 5570 17651 16901 9795 17959 13564 8494 9121 12537 11781 7628 17892 7311 9953 8421 9663 7750 16272 14843 9378 17545 19686 8805 879 7780 8893
7480 10379 7388 6329 12025 5345 17351 8945 6939 18079 17362 11865 2776 1961 6686 18004 9891 7373 4649 2235 12855 11110 10790 15243 14475 12498 5592 2472 5496 17788 8663 7952 16700 11612 6365 5515 11620 1726 7436 3392 7575 2734 9257 14304 10150 13945 10381 7472 15288 14881 18418 11828 12366 17174 7203 8067 9445 10244 11896 13057 14635 18371 14418 7837 6862 8050 1739 11475 10369 15145 2209 16451 9606 19417 18538 11785 10244 17016 16768 10092 10360 4158 15611 6010 14499 9876 11668 9004 4473 17934 19305 12373 18471 12008 16830 7682 13764 8683 11880 9165 20127 3705 7862 21039 6127 8201 823 2043 16689 6384 9242 10023 2596 17195 14305 5361 14499 4639 16563 4957 11295 12693 8709 12998 16532 8451 13389 17889 14242 13592 6345 18341 8036 12537 2191 4764 9378 10840 7318 6017 6665 12384 7581 10096 9880 12979 18025 9691 13628 7840 11789 6404 7728 4046 4456 7495 13701 12835 14496 8596 12451 1032 18292 10386 6113 7271 4698 14926 7038 549 7743 12838 7719 8560 14440 17733 15642 5408 5651 18158 11681 17212 5262 13156 1642 10306 5032 14080 11320 7094 12167 7743 16186 8113 17170 2677 7843 11326 15981 14885 5764 880 16457 15260 12604 5409 13459 4081 12700 2706 18105 10615 4652 12486 15487 9873 12246 16586 11490 16130 17884 15364 13240 5934 16200 9192 9330 17056 9563 13068 11355 9231 7311 10614 10629 2197 15840 5484 18239 9399 14787 17071 6517 2757 4230 1594 14885 5115 754 14219 7714 2514 11949 5534 5448 18086 17351 10191 10804 7621 11451 2917 12643 16218 15675 10199 1826 9405 8921 12084 10369 11030 16013 8987 14451 11388 7571 4838 7198 7557 2913 7537 15861 5813 6890 19879 11780 5667 4546 7253 15720 13668 11624 11865 16297 15769 9843 4934 7723 14456 6569 10599 4749 15436 7667 15398 10968 6757 9996 17854 5425 7077 13615 19522 12017 16314 17804 10676 1541 9903 17106 15187 14849 3441 12723 14609 16709 11398 5286 16705 16918 12273 16660 2880 10181 6789 11245 12124 19135 10853 1568 14821 5498 2064 11361 13662 1189 10549 13255 0 5920 13178 19682 8662 9976 10177 6966 7327 13855 2253 11752 15998 10911 5022 4642 11243 6426 9625 8876 17076 15946 6687 7224 16711 16138 8475 15496 12859 3854 5954 10202 20786 7564 13201 4918 8034 9088 16455 17507 18498 3596 8581 5468 16319 8172 10501 6948 4545 13164 5635 11288
10037 16231 10675 11891 15405 11005 22386 11308 1322 21978 19940 17662 3151 5029 11458 19204 8938 4445 10414 8072 15634 16664 10842 19635 20048 18246 11458 8305 8538 21870 14427 13868 20614 17264 11249 8207 16900 5281 13317 7383 12550 3195 13813 20064 10573 19167 14583 13277 17345 19933 23701 17741 17844 19262 13032 4687 9926 15353 17144 13148 19209 20066 18653 11770 6515 8023 7125 17291 10482 17263 5039 18881 11420 24383 23797 17615 14725 17241 19922 11694 10319 10053 21208 7724 17252 11100 13091 14914 10223 22350 23781 15023 19503 15712 20142 13570 14315 13022 16707 14800 25185 9381 13764 26078 6413 14107 5738 3923 20484 7085 10719 12006 7368 20703 19951 559 15058 10526 21081 1407 16857 18533 11108 14900 22030 8437 17293 22386 18309 18507 9522 19714 9911 17716 4124 8923 15287 12512 7971 1660 8968 15163 7399 15927 15583 13792 22153 15007 16535 11952 15263 7845 13174 9797 10090 13376 18430 13116 19944 14499 17544 5457 19132 16144 9998 12807 2567 15439 2627 6395 2078 18636 4844 14234 20074 18547 19825 6736 11175 20064 13526 22557 11104 18559 6494 12602 10773 15751 16957 7442 18076 9429 17399 13881 21536 3293 12535 16133 21520 18179 11539 5813 18257 20012 18353 8651 18323 9539 18614 8189 22427 16251 6561 15865 19260 12676 18161 17421 17336 18411 22309 20759 13689 5425 17758 8334 14687 22411 14040 17740 14177 15102 2716 16290 14079 7768 18714 4147 21809 15224 16151 22550 11882 3164 9012 6767 19005 8631 5738 16482 8888 6298 11869 1222 1637 22148 21591 15937 15660 3781 16753 6062 17887 19402 20936 15913 4163 15311 10055 17941 16197 16347 21011 14906 19685 16555 10001 10491 5850 13243 3252 4639 20032 4326 12709 25043 16627 5958 10307 1522 21088 13610 12802 15317 18487 19391 14545 10435 11103 19482 10246 12388 6680 20700 13574 20149 15787 12674 12722 21952 7435 4772 17244 24156 17753 19709 20527 15109 7445 15468 21601 19165 20475 9318 16644 18579 21931 16569 9694 17105 19108 17162 18942 8506 13247 5693 15986 11455 20010 13416 6555 20139 1089 7970 12048 19081 4952 9938 18887 5920 0 14477 24189 7724 15495 14142 5649 11080 19273 7111 17454 19526 16464 8342 5003 12417 5394 14817 14796 17729 17340 8619 6075 19818 17760 13674 15918 12973 9774 2428 11725 25855 11516 15542 10173 13905 7334 20931 21397 23020 9323 12909 4321 18237 11881 9526 1219 10090 18889 11502 16972
5792 18212 6395 11621 5268 16135 14149 4414 14102 10299 6116 19746 13343 14817 9162 4864 6300 10571 15362 12638 3753 20478 4044 10039 15168 15264 15246 12614 7740 10684 13428 14998 9320 20438 9485 7666 11871 14706 14061 9870 9634 13625 8415 16533 3998 12813 7443 16726 3229 12557 16201 17148 13299 4977 16404 10840 4577 10566 11842 2864 10370 5590 8978 7100 7965 6480 14581 15314 4263 3243 11416 5008 3580 15393 16164 15639 8292 4386 7072 3086 4511 14356 16095 7322 4392 3444 1511 15337 12279 11989 13275 3325 5297 6212 7560 16102 1796 7816 10003 18712 16388 15184 15990 17040 8130 14832 13969 13689 8923 7512 3985 3247 10850 8408 15574 14265 2056 14622 11390 13204 13247 16327 4637 1469 16076 6092 7320 12263 8291 11187 7072 5288 5146 11824 12303 8963 15514 2358 6550 12928 6513 3667 7097 14707 18906 1224 11023 11283 4380 7449 5498 7014 18331 15117 15706 14095 10466 2484 14381 16381 11389 14073 5127 14172 7853 11660 12025 2391 12531 13469 14312 15938 10320 12762 15569 4581 9530 8184 11413 5638 1776 15645 12964 13308 14780 3292 12291 1448 20290 7051 18542 5484 3029 17352 11240 13082 8814 9719 15955 6169 15913 14042 3838 11468 15327 7885 10893 15887 17731 11626 11771 19762 8757 5365 8037 4268 17491 3458 15666 4411 11985 14638 2016 9062 3281 6612 19748 15592 8198 9913 3797 14752 12684 19574 5393 14627 5616 10336 9413 14295 1682 16345 17674 13525 9957 14625 8839 8253 12463 2926 5747 10670 3595 13256 12841 10846 10912 18887 9735 11619 11902 10338 12192 6743 14106 19076 12895 16810 4498 16166 18423 11789 13038 15667 13179 11239 5663 11880 8771 17406 12646 10444 9629 10154 16293 16714 10046 8631 15331 14352 14724 3172 1678 5447 4369 7739 8948 11328 6292 12172 7342 2628 8637 13965 14591 11555 9645 15055 4082 10789 7855 9998 6535 14061 14875 7421 6828 8213 13009 12632 11682 8529 15783 14247 7107 8163 14617 11257 8953 3917 4924 10424 4873 11902 4617 8836 9440 4740 5959 3393 14681 13852 13390 13604 2557 13699 12593 5335 14809 13178 14477 0 13693 7108 12400 6756 8928 7020 13811 15272 20286 7601 20328 8249 9770 2070 9099 10721 15933 4025 2879 6529 8517 6896 3291 10484 2924 2852 13752 12129 2984 16973 7237 2660 16778 16517 8017 11150 9833 12818 12156 7797 10166 3890 6569 5995 14293 11485 15472 13269 20031
14531 16447 13619 13799 9394 18588 3763 13689 24473 3603 8931 17171 21617 21624 13017 13503 18961 21865 18250 17726 10172 19147 17009 4555 8373 10637 17268 17529 15685 3030 12772 14863 4374 18530 13321 16063 8744 21357 14442 16933 12116 21777 10480 10192 16500 6755 9606 17319 11070 5473 5131 13560 8903 10629 17164 22430 16650 9637 8432 16550 5050 11924 5581 12421 18916 17998 19989 11755 17001 10929 19345 9616 14207 2825 4941 11793 9518 16284 7031 14323 17285 17564 8201 16823 9321 15138 13936 14226 15731 1866 430 10782 14086 8770 6442 16341 15398 11196 7836 18429 3592 18889 16038 3818 18502 14463 20415 21372 4786 17839 15018 13639 17270 5561 9029 23743 15308 17427 3128 22790 10005 11650 13804 12275 7129 17827 7145 1807 6043 6285 14728 12978 15124 7726 20394 15347 14057 13790 17368 23150 15547 10471 18403 12519 17972 14907 2695 10451 9371 12240 9401 16879 19370 18496 18865 14419 6004 16151 7502 15807 7614 20689 14659 11722 14194 12955 21711 15403 23353 19567 25015 11037 21808 12380 8873 14661 4509 17745 14323 11202 13005 5775 15484 8038 20613 12862 15265 12488 18607 17903 15089 15612 13422 17530 2696 21368 11864 8373 7604 7525 17903 20425 11632 4509 10592 15550 6343 19488 13429 16993 1944 18522 17710 9024 5698 12224 13578 14514 12126 10173 1899 6760 15709 19525 12399 18923 19918 5892 10210 6615 11078 13407 23604 18227 10448 19569 8348 20601 4925 12808 13154 6870 19646 21727 15532 20281 5341 15558 19338 10833 16393 18081 17053 23141 22784 2919 2833 17620 8904 22888 8939 18196 7816 7155 5825 17896 20684 15550 15780 12090 16757 9322 4430 14601 6445 8689 14639 15228 20044 18159 21169 21832 4334 20621 17322 4319 7946 18765 18305 24802 6432 16850 14482 9380 10425 5955 9843 14934 13187 5741 13948 13683 17602 5973 14721 4379 8729 16017 12269 2925 16936 21188 7548 742 10731 6387 8340 9110 18465 10982 2594 5390 8671 18049 7723 5912 5111 8685 14628 15759 10322 7498 10060 16902 11505 19859 8439 18240 14697 11965 20480 6600 23220 18532 15602 7803 19968 18277 9338 19682 24189 13693 0 19152 10757 10082 20068 13119 7684 20656 18136 6114 19117 15848 19367 14638 19908 10308 15009 15070 12909 16024 19792 7224 12214 11376 15633 16520 17252 22485 14414 3904 12674 11078 19974 16513 20297 3262 3938 1184 16400 11307 20417 11281 12347 18929 24609 15328 10156 15385 18227
5083 17298 6329 10873 9759 13365 18408 5504 7132 16251 13051 18919 7548 9647 8957 11607 1296 3498 12553 9350 9295 18843 3181 14782 17642 16695 13010 9461 5327 16383 13496 14133 15008 19118 9027 4862 14070 9660 13253 6487 10029 7848 10183 18383 3119 15904 10206 14889 10239 16214 20177 17474 15395 12072 14562 3732 2657 12408 14201 5431 14689 12637 13673 7830 1799 1264 10384 16195 2873 10205 6461 11942 4965 20125 20210 16555 10756 9518 13532 4951 2663 11679 18771 3660 10705 4161 5939 14905 10315 17298 18722 8642 11857 10416 13891 14653 6653 9262 12963 16871 21062 11915 14686 21866 2578 14162 9251 8207 14742 2599 4147 5558 7414 14616 17805 7634 7380 12108 16288 6637 14796 17439 5426 7886 19209 1328 12021 17455 13131 14677 5713 12165 4168 14533 6908 6870 15213 5654 2207 6083 4427 8891 1258 15093 17378 6234 16708 12593 10211 8206 9756 3282 15835 12075 12625 13307 14267 5425 17167 15311 14202 9211 11450 14908 6850 11461 5578 7746 5500 9145 7253 17280 3219 12987 17870 10867 14648 3567 10292 12739 6640 19271 11299 15813 10249 6323 10649 8506 18878 1953 18442 3747 9851 15583 16472 7339 9507 12449 18868 12075 13488 9346 10945 15709 16788 5602 14417 12481 18266 8606 17231 18218 4343 10144 13599 6942 17891 9761 16418 11392 17273 17757 6019 2832 10343 619 17439 19165 10224 13564 8118 14662 5624 18127 8777 10725 12151 3849 15717 14461 8714 19632 14793 7737 7782 10252 13823 5954 7926 9591 2945 6500 4150 6532 6133 16617 16340 17545 12153 4523 13998 5958 14829 13079 17580 17644 7545 15993 3376 17028 17404 13693 17075 15097 16392 13521 4905 10194 1891 15294 6844 3355 14818 3559 14328 21156 12935 2999 12478 7349 17986 5887 5519 9773 11402 13539 10988 9770 6676 15756 6663 5659 4305 17375 13723 15833 12187 13526 6886 16480 4104 2991 11629 19322 16206 13577 13719 10980 9306 13639 16728 13773 18205 11220 11487 13240 18396 13539 7481 9385 11989 13466 11893 9018 7673 2148 12208 3796 12326 7233 10199 17000 6679 10048 4558 16319 7638 2225 16803 8662 7724 7108 19152 0 13523 9520 2115 7178 16488 10904 19125 13554 18656 5668 4067 5181 2520 12156 15198 10032 9867 3895 1702 13388 10376 11290 8208 5260 11108 5297 4902 21715 7706 8810 13389 15083 1158 16083 15701 18080 9697 9167 3735 10993 7580 1925 7331 9667 17164 11728 18735
8613 6571 7341 3650 7668 7844 7715 8983 16191 10511 12667 7848 12465 11751 4599 15751 14075 14796 7564 7771 9388 9250 13184 7124 4553 3175 6527 7540 8326 9888 2033 4186 9353 8893 4613 8814 2015 11453 3686 8323 3495 12531 3994 4882 12385 4201 5059 6649 12253 5366 8496 4783 2391 13491 6462 15515 12047 1989 2325 14311 6215 15123 6888 5918 12359 12280 9783 2923 12911 12042 10480 12304 10056 9798 8631 3261 4211 16709 11042 10545 13120 6987 5715 9991 10354 11089 11439 3792 5542 9338 10464 9431 16402 6875 10756 5685 14001 4717 3625 8052 10380 8308 5403 11293 11618 3807 10558 11947 9606 11180 10517 9870 8136 10619 4501 14964 14440 6778 7932 14231 1371 4037 8894 11212 6563 12379 7060 9140 7184 4549 7810 15690 9707 3031 11376 7067 3765 10673 11316 14968 9099 9165 12339 2473 7812 13121 9994 1117 9517 5509 7351 10299 8712 7878 8187 3664 5110 13893 4522 5331 3184 10864 16606 1799 6691 2711 13419 14791 15594 9697 16907 3785 14928 1640 4609 16231 7919 10533 4348 14565 10698 7264 4996 3213 10482 9379 4996 12240 8852 11646 6277 9972 14423 6960 8772 12268 4072 3424 6032 9425 7148 10539 13531 6318 3267 8069 4577 8848 5331 7363 9673 8539 10066 7871 8749 8292 5105 15366 3266 12376 9276 5403 13858 12367 13805 13650 9485 7103 4202 4816 8656 2973 15882 8275 7044 9256 10970 12985 11319 2357 13232 7098 8896 12517 6600 10127 7501 7809 9884 11189 10693 9270 13950 14723 14467 10179 9189 7584 3071 15591 1819 9626 2972 10578 5812 7840 11437 5329 10965 3784 6854 1460 6508 4191 4662 2208 8816 5140 13411 7500 12245 14854 8118 13157 6594 10032 3504 11599 7629 16533 5770 14907 11833 7433 12670 9294 3483 5085 7099 5034 6863 10386 10011 5575 3992 6435 3251 5262 8471 9910 9732 14183 7866 10392 2695 10193 12708 4431 8518 281 8452 8059 4999 7573 6653 7668 6862 2204 6298 16194 13108 3660 12744 7111 7805 13062 3613 14881 17187 9022 10353 4920 14752 8359 12505 3701 10642 13964 3438 9976 15495 12400 10757 13523 0 5675 13311 6448 3893 10366 8612 9671 9160 8140 11599 11676 12916 1680 4585 16029 13932 9628 13234 11102 13645 2237 15317 14163 6788 14522 10709 11016 5957 10465 9258 5923 14585 7930 10055 9645 6387 4769 12838 13210 6340 14401 16268 5455 3655 4795 8511
4557 11835 3543 5819 2260 10996 8893 4105 14391 7954 7821 13283 11728 12131 3775 10214 9660 11877 10360 8614 3835 14314 8217 5534 8652 8516 9838 8475 5612 7758 6938 8792 6572 14136 4163 5981 5187 11902 7915 7062 3557 11919 1794 9856 7493 6551 746 10896 6758 6714 10668 10452 6624 8245 10607 12484 7371 3810 5203 8895 5255 9800 4516 2408 8975 8281 10930 8572 8041 6554 9435 7181 4997 10672 10695 8892 1549 11036 6763 5367 8296 9417 9683 6774 5109 6074 5932 8916 7224 8228 9667 3784 10848 1881 6737 10106 8416 1665 3570 12740 11584 10581 9925 12414 8484 8548 10977 11609 6526 7845 5674 4624 7604 7032 8981 13714 8808 9509 7020 12738 6495 9571 4131 5537 9906 8209 3231 8293 4180 5182 4646 10230 5352 5323 10497 5495 9034 5272 7509 13068 5516 3544 8584 8057 12763 7564 8029 4560 4191 2339 1941 6870 12775 10338 10866 7935 4748 8462 7987 10171 4925 11209 11002 7465 4219 5500 11640 9144 13285 10199 14935 9188 11860 6263 8999 10601 5684 7674 5935 9333 5110 9812 7524 6762 11419 3975 6983 6574 14032 8006 11905 5793 8788 11433 7407 11468 2812 3145 9657 4874 10551 11010 8064 6223 8581 5491 4912 11287 11000 7684 8287 13586 7630 2626 5314 2926 10779 9704 8933 7102 8190 8434 8341 9485 8239 9434 13977 9716 1502 4044 2984 8238 13541 13362 1371 10687 6129 10527 8063 7721 7564 10276 12442 11856 5962 11138 4868 5540 9691 5642 6600 8211 8758 13072 12709 8044 7449 12659 3041 12874 5196 8243 5670 6216 8136 12879 10865 10460 6329 9418 12078 5050 7554 9281 7005 4559 4697 6711 10115 11683 11219 11862 5892 10559 10583 11644 3572 8712 10368 14721 8613 9449 6387 2031 7366 5596 2198 6219 3113 6261 3905 5017 7521 7944 8424 6351 2987 9209 3074 7835 6857 11202 3466 10112 8120 6195 8084 1574 9264 5919 7518 5077 9260 9612 2564 4490 8900 4577 4893 10519 7891 4059 7549 7741 2279 9888 2871 9823 11630 3434 11291 7650 13154 9570 7229 7211 10217 9255 8138 10177 14142 6756 10082 9520 5675 0 10111 3067 7350 11654 13927 5841 14186 5810 9285 6304 9900 3997 9600 10364 8315 6020 9875 6741 8091 3979 9659 8768 8903 12404 5516 12245 2679 4834 12041 10479 10675 6848 7376 8930 7545 1733 10344 7776 2266 9816 14529 6540 8753 7683 13734
5560 16327 6631 10265 10781 11989 18946 6445 5174 17399 14661 17929 5523 7721 8723 13579 3392 1811 11197 8023 10614 17631 5193 15582 17657 16431 11806 8171 5008 17440 12968 13290 16096 17986 8701 4524 14148 7766 12471 5457 9862 5820 10418 18189 4961 16165 10723 13728 11936 16633 20584 16857 15381 13821 13412 2374 4352 12479 14320 7505 15365 14512 14503 8067 1154 2456 8705 15786 4837 11878 4770 13569 6227 20777 20638 16144 11137 11611 14925 6376 4670 10404 18813 3428 12140 5678 7620 14159 9358 18202 19642 9969 13863 11306 15228 13616 8668 9505 13326 15649 21677 10448 13690 22518 1708 13377 7463 6241 15881 2275 5440 6840 6222 15892 17742 5532 9409 10862 17086 4525 14646 17055 6300 9515 19378 2837 12935 18316 14028 15108 5714 14108 4980 14740 5021 6297 14492 7163 2743 4035 4612 10172 1862 14583 16231 8170 17752 12493 11538 8388 10718 3252 14458 10670 11185 12529 14807 7467 17291 14359 14455 7383 13484 14510 6693 10980 3467 9789 3625 7485 5414 16970 1749 12535 17826 12899 15567 2778 9613 14559 8184 19590 10367 15902 8477 7543 9770 10265 17727 2186 17673 4480 11789 14419 17372 5332 9492 12778 18979 13331 12207 7562 12752 16323 16530 5254 14869 10952 17686 7437 18187 17045 3341 11206 14693 7917 17283 11776 15962 13054 18171 17963 8041 1095 12204 2733 16074 19469 10529 14095 9283 14028 3805 16983 9624 9120 13607 1760 17005 13913 10582 19837 13339 5709 7023 8527 14732 5502 6270 11176 3743 5131 6229 4443 4038 17693 17308 16445 12411 2869 14050 4578 15000 14439 17899 16517 5641 15092 4695 16584 16400 13704 17581 14302 16671 13654 5437 9338 245 14041 4836 1764 15754 1453 13150 21693 13279 1744 11112 5425 18227 7984 7274 10752 13096 14709 11226 8994 7041 16170 6665 7096 3365 17680 12898 16454 12479 12512 7907 17532 3586 1145 12675 20167 15931 14862 15296 11428 7841 13386 17561 14763 18186 9860 12345 14202 18786 13671 7030 11461 13703 13824 13572 7858 8602 249 12563 5908 14362 8433 8444 17238 4588 8585 6439 16424 5856 4337 16703 6966 5649 8928 20068 2115 13311 10111 0 7355 16603 9156 18038 14773 17438 5172 2354 6902 543 12124 14350 12080 11760 4094 425 14797 12220 11133 10270 7328 9874 3237 6371 22342 7882 10308 11835 14033 2147 16899 16832 18951 8624 9399 1670 12765 7950 4012 5365 8814 16961 10807 17619
2166 11372 894 4665 4700 9189 11632 2792 11363 10991 10100 12956 8684 9250 2226 11435 7638 9052 8445 6080 5629 13511 6809 8564 10465 9617 8240 5992 2571 10822 6840 8109 9612 13527 2502 2979 6896 9043 7164 4063 3034 8885 3066 11250 5998 8820 3521 9711 8308 9286 13231 10800 8219 10099 9388 9705 5612 5231 7037 8246 8195 11460 7573 721 6273 5916 8306 9262 6508 8137 6393 9252 3877 13523 13287 9618 3806 11370 9443 4426 6702 7442 11598 3930 7237 4804 5698 8595 5298 11274 12708 5229 11997 4761 9520 9118 8274 2150 5975 11708 14393 8408 9027 15254 5665 7995 8145 8611 9534 5090 4170 3900 4731 9930 10632 10648 8867 7664 10028 9678 7664 10457 2635 6316 12075 5971 6267 11321 7246 7768 1663 11631 3262 7410 7455 2563 8827 4816 4999 10042 2795 5177 6067 8331 11941 7370 11095 5455 6341 1040 4473 4125 11322 8270 8846 7205 7524 7862 10012 9471 7110 8350 11981 7994 1216 4876 8591 9273 10324 7426 11931 10233 9085 6230 10695 11484 8750 4740 4399 11140 5260 12238 5945 8645 8705 3731 5276 7464 13359 5409 12009 3531 9739 10346 10458 8422 2376 5424 11711 7565 8918 8190 9570 9078 9705 2431 7537 9125 11513 5075 11347 12803 4604 5163 8311 2887 11191 10420 9537 8999 11234 10641 7974 6605 9489 7246 12728 12120 3177 6814 4185 8134 10588 12630 3303 8176 8532 7560 11000 7787 8351 12518 10719 8818 3283 8460 7936 2476 6773 7180 4276 5196 7677 10022 9665 11106 10515 11955 5060 10003 6822 5191 7688 8893 10546 12129 7850 9973 4538 10121 11558 6516 10259 8884 9323 6361 2368 4874 7399 10385 8160 9061 8959 7623 9273 14370 5925 5816 8425 11696 10892 8879 5943 4547 9203 8530 3876 4322 753 8822 838 4514 4501 10329 7692 9213 5124 8051 3056 10900 3900 8386 6359 13116 9142 9015 10506 4133 6630 6599 10540 8130 11028 7438 5606 7543 11431 6378 2162 10926 9804 6472 9513 5242 2965 7118 5213 8516 12739 3913 8584 9902 10101 7071 6353 9156 7238 7521 9640 7327 11080 7020 13119 7178 6448 3067 7355 0 9328 9035 13411 8730 13354 2743 6272 5685 7072 4993 9103 11023 9376 3337 7181 9385 9387 4220 9849 8074 6855 9401 4590 15062 533 6179 9973 9540 8287 9868 10411 11957 5302 2044 7382 9368 854 7954 11495 4510 10042 6250 13121
11410 8765 10160 7526 8565 11462 4151 11357 19900 8573 12240 9522 16293 15643 7988 16131 16827 18207 11289 11659 10235 11463 15547 5434 1372 2969 10171 11430 11609 7782 5614 7487 7788 10859 8115 12087 2457 15346 7277 11976 6839 16373 6308 3087 14803 1238 6605 9867 12728 2394 4613 5907 1517 13472 9759 18900 14612 4124 2291 16191 4522 15117 5845 8659 15564 15224 13668 4075 15349 12520 14237 12222 12321 6153 4757 4111 5869 17790 10278 12714 15594 10803 2333 13188 10629 13399 13211 6703 9435 6706 7488 10519 16797 7622 9825 8896 15567 7227 3828 10798 6611 12107 8580 7513 14895 7080 14449 15807 8191 14374 12948 11973 11908 9379 1899 18752 15847 10551 5502 17974 2680 4056 11338 12422 2790 15241 6931 6390 6441 2884 10909 15899 12407 2028 15172 10579 6486 12606 14325 18644 12120 10191 15394 4962 10303 14766 7764 4271 10002 8290 8317 13429 11875 11659 11914 7240 3744 15755 689 8253 2440 14754 17144 4217 9916 6585 17099 16129 19187 13586 20589 3442 18292 5447 1840 16882 6374 13869 8209 14458 12328 3371 8867 716 14371 11320 8889 13249 10927 14734 7475 12769 15160 9992 6413 16086 7113 4206 2383 9160 10723 14431 13869 3936 2934 11377 3145 12602 5878 11214 7145 10839 13510 8555 7786 10276 5965 16221 4442 12484 6642 1510 15575 15745 14346 16509 12291 3210 6301 4056 10064 5925 19470 10543 8576 13130 10725 16499 9733 5377 14210 3286 12313 16353 10283 14015 6377 11191 13735 11851 13554 12994 16107 18445 18165 8024 6973 9942 4382 19074 2568 13302 1686 9953 2045 10218 15271 7919 13539 4431 9075 2948 3264 7053 1290 2967 11595 9025 16671 10681 16034 18242 6502 16636 9962 6190 3802 14957 11364 20243 1879 16717 13693 8372 12794 8390 5512 8938 9816 2388 9947 12360 13439 1829 7434 3990 4390 8780 10424 7765 13033 17564 7854 7166 3049 9338 12054 5777 12408 4005 5900 6979 1984 11422 6876 6857 3072 2950 9785 17245 13079 3388 12714 10981 9617 16358 4480 17170 17563 10701 14242 1141 18483 12249 14575 193 14481 16527 1707 13855 19273 13811 7684 16488 3893 7350 16603 9328 0 14239 10472 8785 11433 11526 15121 13638 16263 4527 7453 16886 14624 12663 16467 10400 14164 5628 16582 16075 10648 18145 12865 7220 8795 11409 12919 9008 17609 5611 8278 6736 10274 7321 16340 13507 8925 17052 19990 9318 2578 8635 10548
9508 9310 9245 6892 13663 3977 18011 10955 8315 19384 19135 10650 4274 2088 7946 20060 12140 9394 3529 3043 14656 9553 13027 16359 14660 12455 4712 3200 7536 19014 8722 7483 18021 10168 7578 7620 12208 1831 7222 5403 8625 4089 10481 14198 12373 14519 11742 6332 17217 15576 18852 11266 12722 19071 6131 10051 11672 11037 12506 15276 15662 20336 15635 9445 9106 10303 730 11310 12606 17062 4443 18276 11693 20098 18992 11579 11464 19199 18378 12199 12603 3553 15744 8216 16272 12035 13768 8554 4937 18986 20303 14219 20548 13528 18386 6804 15941 10056 12825 7708 20729 2467 7052 21643 8379 7812 1704 3368 18062 8634 11384 12071 4449 18674 14392 6575 16669 3934 17581 6490 11579 12437 10720 14996 16773 10703 14787 18895 15545 14422 8295 20364 10159 13189 4194 6537 8922 12919 9561 7639 8775 14196 9834 9936 8515 15138 19224 10321 15375 9371 13402 8621 6063 2942 3079 7274 14655 15043 14833 7771 13177 1851 20398 10386 7861 7791 6544 17097 8761 1835 9125 12686 9764 8795 14544 19846 16857 7653 6334 20082 13715 17606 5372 13575 695 12288 5434 16102 9857 9346 11311 9899 18257 6880 18262 4301 9068 12303 16182 16484 4606 1605 18423 16162 12559 7409 14329 2455 12122 3985 19204 9153 6888 14111 16891 11752 11660 18706 11243 17996 18932 15740 15431 8149 18214 11440 7592 17441 10817 14077 13182 8972 9011 9205 12289 1110 17553 7591 19676 9280 16851 17325 4774 4164 5766 666 16147 7068 3004 16120 9921 4697 14184 7063 7084 19315 18506 8893 11767 9502 12024 5144 13234 17827 16176 8848 3643 8577 11108 11791 9238 11604 16726 8438 15003 12088 9619 5430 9392 6186 4695 9571 17078 7929 5800 20398 12713 7914 3421 8589 16117 15892 13758 13483 18182 17228 10950 5736 9533 15182 8356 12665 6981 15939 7300 16296 11951 6125 11889 19070 7625 9168 15120 20423 12009 17849 19531 11905 2408 10235 18128 16509 14956 2853 14132 15947 17225 12095 6888 18874 18794 13160 18518 3916 11977 8990 12269 14376 21229 12760 712 15286 6990 2135 13551 14049 3300 12802 13386 2253 7111 15272 20656 10904 10366 11654 9156 9035 14239 0 10375 17489 9354 7034 6862 13384 8619 10377 8232 19214 17991 8847 9433 18338 18141 9281 17671 15078 3597 7749 12317 21371 9181 15103 3069 7072 11292 17500 18825 19482 4270 9965 7598 18262 9847 12752 8276 5348 13148 5618 9888
15265 2093 14202 8751 16100 6454 14466 16201 18602 18778 21275 1000 14439 12460 11190 24141 20080 18903 7104 10072 17759 1339 19957 15415 9829 7505 6264 9899 14001 18057 6993 5304 17756 453 10913 14402 10248 12189 6248 12662 10658 14318 12134 8194 19150 11534 13441 4330 20676 12814 14077 4576 9467 22037 4635 19634 18611 10577 10498 21635 14461 23648 15380 13208 17486 18083 10334 6473 19593 20469 13580 20875 17279 16246 14283 6375 12645 24673 19643 17832 19724 7708 10328 15539 18880 18139 19072 5011 8817 17146 17955 17689 24773 15389 19337 4476 21668 12542 12188 2674 16402 8093 4473 17194 16649 5454 11747 13575 18063 16527 17465 17301 11818 19140 9207 16906 22228 7230 15862 16673 8602 6505 16034 19305 11573 18347 15672 16849 15746 12662 14050 24144 16346 11070 13920 12394 4913 18207 17106 17763 15234 17467 17872 6170 1874 20762 18093 9598 18008 12844 15775 15961 4452 7712 7368 6209 13405 21262 10640 3945 11401 12012 24907 6951 12937 8626 16435 22621 18787 11217 19415 7111 19195 7667 9376 24482 16293 15576 9122 23120 18513 12906 7855 10228 10963 17029 8531 20409 713 17196 3115 16401 22672 3656 16768 14389 11481 12034 10954 18036 5990 11664 21977 14221 7546 13736 12791 7923 4822 10603 17566 1286 14834 16361 17302 16018 4590 23523 6073 20908 17082 11441 21385 16944 22164 19478 3381 12741 12435 13276 16783 5722 19062 1173 15233 9701 19572 16928 19747 6294 21382 12053 5730 14372 11397 10687 15992 13334 12217 19568 16891 12922 20953 17254 17195 18326 17282 1593 11676 19303 10086 13469 10817 19187 12333 1553 13570 3483 17642 6047 1864 9888 13735 4650 11748 10678 15464 8991 18228 4215 14664 19041 16472 17222 4917 15740 12072 16373 7208 18895 11806 22274 19349 15862 21193 17865 11875 9475 14164 12685 13362 17904 14853 12170 5719 14305 11861 5606 16204 18058 15038 18481 16472 17578 7465 18780 21320 12939 10422 8332 16308 16574 9663 8354 15256 16229 13184 10669 11971 24196 21661 12130 21301 10182 15729 17810 12225 21627 25555 16931 10899 11536 17204 9736 19732 10372 12914 20339 8798 11752 17454 20286 18136 19125 8612 13927 18038 13411 10472 10375 0 18248 1451 13566 15752 19095 17516 10118 4357 24167 22219 15635 18156 19709 22018 9950 23186 21458 8188 17694 17995 16871 13101 18744 7395 4044 19919 15931 18388 17208 9444 12542 16860 21675 13734 20576 18584 9507 7989 7442 497
9498 16235 8920 11295 4124 16531 7331 8348 19580 2737 3520 17430 17376 17944 9566 7863 13187 16582 15969 14448 4278 18920 11111 3463 10076 11324 15290 14303 11080 3089 11535 13660 1765 18548 9947 11351 8043 17723 12924 12793 9103 17589 7152 11872 10687 7552 5785 16018 5012 6671 9436 14031 9103 4990 15769 17065 10943 7790 7825 10463 4284 6549 2970 8166 13628 12501 16767 11979 11154 4855 15096 3797 8610 8102 9342 12189 6243 10320 1494 8609 11438 15077 10619 11834 3213 9414 7978 13444 12929 4510 5703 4926 8504 3990 1090 15118 9286 7442 6061 17642 9089 16302 14877 9636 13368 13328 16804 17340 1328 12677 9428 8005 13411 1200 10673 19150 9197 15107 4304 18124 9718 12512 8516 6212 10126 12262 2787 4841 2506 5944 10084 7474 9813 7367 16153 11266 13436 7969 12030 18271 10567 4664 12985 12079 17467 8821 3428 8803 3391 8163 4291 11783 18024 16019 16516 12927 5089 10073 9099 14932 6969 17029 8987 11300 9940 10732 16965 9303 18271 16036 20018 11949 16460 10925 10592 8880 2580 12814 11562 5844 7085 9259 13074 8619 17260 7258 12617 6374 18518 12589 15637 10317 7451 16447 3863 17110 8497 6264 10251 1493 15998 16840 5758 5137 11337 11025 5723 16993 14282 13525 4226 18208 12975 3661 999 6900 14230 8563 12393 4258 4518 8929 9612 14419 6456 13244 19018 9265 6795 5027 5491 12639 18495 17945 5486 16509 2344 15610 2287 12027 7058 10207 17889 17518 11798 16978 2409 11163 15484 4720 11030 13923 11039 18381 17990 3245 3419 17254 6693 17642 8189 13884 7692 1249 8104 17507 16573 14996 10203 12660 16521 8362 6607 13842 7674 7573 9550 12405 14707 16854 16814 16517 2550 15564 15814 9551 6178 13722 15991 19890 8845 10744 8514 4228 4547 397 6935 11951 8509 6480 9545 7916 12854 8061 13366 5156 6493 14408 6886 3194 12091 15918 2382 6537 11139 554 3270 5823 15104 9952 4417 1806 10634 15347 3399 2027 8209 7583 10714 9780 4621 6140 4291 13574 6284 14591 6112 12225 9212 6354 17132 8268 18482 15394 9647 8768 15968 12413 10335 15998 19526 7601 6114 13554 9671 5841 14773 8730 8785 17489 18248 0 18829 11386 14534 8715 14710 8367 14225 9163 6919 10957 14444 1624 6265 9000 9557 10443 14605 17537 8672 9614 8440 5034 17693 15426 14663 4064 2238 5329 13335 7528 15422 5387 7877 13079 19740 12298 11191 13150 18172
15085 2681 14097 8708 16408 5567 15506 16121 17651 19541 21726 2346 13523 11441 11168 24367 19671 18188 6298 9417 18017 199 19708 16154 10909 8496 5650 9267 13677 18851 7353 5398 18458 1034 10857 14048 10939 11183 6304 12169 10775 13380 12400 9372 18912 12427 13760 3781 20941 13719 15249 5641 10309 22389 4113 18908 18339 11064 11210 21498 15209 23975 16029 13228 16966 17670 9393 7366 19330 20738 12853 21259 17178 17349 15451 7327 13003 24705 20184 17738 19443 7034 11498 15142 19229 17982 19050 5394 8449 18032 18914 17895 24986 15754 19913 4236 21626 12709 12783 1790 17559 7208 4338 18372 16132 5643 10822 12639 18738 16067 17298 17253 11265 19774 10312 15925 22219 6578 16709 15763 9349 7591 15940 19429 12747 17961 16178 17754 16344 13429 13827 24412 16136 11825 13099 12079 5395 18170 16712 16878 14953 17696 17414 6822 1428 20723 18909 10058 18336 12887 16082 15572 3302 6878 6461 6276 14128 21142 11664 4016 12122 11069 25082 7634 12759 8740 15609 22622 17939 10366 18463 8177 18500 8007 10486 24634 17004 15090 8974 23477 18552 14049 7555 11121 9977 17043 8247 20553 739 16757 4349 16147 22834 3092 17605 13495 11600 12569 12117 18508 5237 10734 22248 15058 8549 13420 13533 6938 6027 10058 18435 621 14325 16702 17909 16071 5734 23638 6991 21251 17968 12503 21305 16344 22384 19045 1999 13882 12721 13934 16950 6191 18207 900 15445 8784 20012 16228 20441 6803 21509 13244 4602 13441 11050 9727 16643 13010 11435 19816 16580 12307 20744 16343 16312 19128 18095 1576 12169 18521 10766 12861 11603 19707 13361 1325 12703 3834 17412 7067 2374 10522 14692 5000 12684 11312 15278 8702 17639 3400 13802 18335 17191 16534 4330 16923 12662 15820 6394 17933 12879 22142 19291 16171 21527 18454 12232 9221 14103 13551 13215 17868 14355 13185 5781 15150 12363 5328 16256 18858 14613 17804 16936 18588 8387 19348 21818 13331 9678 8880 17176 17210 10798 7611 15717 16828 14257 11304 11739 24245 22022 12777 21667 9642 15845 17218 12738 21351 25762 17022 9925 12530 16284 8960 19594 11316 12093 20000 9804 10911 16464 20328 19117 18656 9160 14186 17438 13354 11433 9354 1451 18829 0 13215 15115 19015 16906 10544 4634 24269 22401 15318 17587 20236 22245 10221 23195 21316 7572 16864 17898 18050 13094 18950 6307 3814 19389 16761 19123 18147 8969 12697 16173 21962 13760 20192 17620 9192 9038 7179 1057
2475 11679 2485 5213 7287 8264 14206 3931 8670 13715 12414 13302 5990 6829 3567 13026 6527 6690 7451 4458 7910 13394 6555 11294 12528 11261 7650 4471 519 13561 7871 8479 12339 13592 3529 836 9071 6664 7590 1638 4716 6207 5565 13017 5788 11191 6242 9435 10268 11800 15690 11826 10250 12160 9103 7395 5165 7419 9266 8570 10888 13351 10314 3428 4266 4542 6335 10644 6159 10127 3717 11470 4673 16149 15763 11003 6428 12296 11987 5195 6250 6479 13690 2009 9566 5133 6752 9237 4769 14008 15440 7395 13515 7459 12117 9094 9041 4721 8506 11455 16991 7082 9098 17867 3491 8498 5838 6004 12245 3130 4452 5037 2602 12582 12588 7906 9743 6841 12746 6942 9481 11907 3695 7983 14314 4785 8998 14046 9987 10317 1352 13340 3207 9742 4770 1202 9545 5892 3553 7357 1846 7433 4416 9481 11880 8197 13837 7349 8727 3624 7096 2411 10653 7097 7686 7643 10157 8275 12215 9693 9501 5990 13375 9361 1688 5852 5876 10171 7734 5255 9272 11805 6799 7401 12677 12828 11493 2394 4623 13137 6684 14628 5711 10816 6572 5286 5038 9076 13371 3715 12774 3058 11224 10122 13195 5724 4438 7936 13886 10144 8220 5901 11436 11730 11359 389 10108 7759 12631 3484 14088 12736 1992 7754 11020 4889 12246 11695 10837 11128 13967 12932 8582 4238 11193 5952 12204 14498 5756 9455 6399 9005 8009 12619 5902 6385 10953 4996 13668 8830 9817 14793 9786 6134 2171 6395 10678 335 4361 9207 3375 2621 7649 7302 6956 13844 13257 12005 7506 7550 8960 2503 9974 11443 12953 12126 5217 10352 4342 11456 11802 8595 12827 9433 11707 8618 2587 4578 5280 9941 5437 6735 11702 5115 8903 16918 8439 3462 7398 9007 13219 9211 6781 7162 11287 11209 6341 4122 2880 11339 1906 5633 1914 12726 8066 11866 7607 7962 5000 13640 1617 6059 9038 15827 10761 11635 12892 6794 4768 8214 13263 10866 13044 6206 8340 10278 13893 8633 1866 11934 11911 8985 11660 3825 5273 4923 7759 8155 14201 5846 6467 12236 7376 5392 6726 11342 4686 6787 11543 5022 8342 8249 15848 5668 8140 5810 5172 2743 11526 7034 13566 11386 13215 0 3643 6422 4778 7009 9543 12222 10959 2119 5114 11911 11127 5980 10753 8376 5870 6754 5323 17662 3175 8189 8673 9527 6614 12592 13134 14681 4307 4608 4831 11297 3565 7010 8795 4059 11789 6126 13200
5038 14091 5758 8307 10419 9642 17843 6312 5109 17019 14984 15681 3660 5598 7133 14605 5337 3281 8855 5699 10638 15308 6606 14816 16074 14633 9500 5859 3703 16945 11017 11136 15664 15686 7028 3304 12674 5599 10360 3370 8284 3956 9202 16427 6121 14825 9790 11430 12465 15442 19331 14808 13802 14393 11118 4023 5414 11036 12880 8963 14466 15308 13796 6987 2293 3686 6379 13887 6195 12369 2434 13941 6499 19772 19405 14238 10043 13064 14920 6828 6118 8083 17241 2722 12264 6329 8312 12052 7186 17512 18951 10032 14974 10766 15139 11363 9916 8341 12145 13327 20623 8095 11455 21496 1721 11255 5191 4202 15517 2263 5858 7066 3986 15707 16091 4668 10671 8547 16291 3615 12963 15161 6109 10025 17912 4120 12368 17575 13410 13955 4639 15058 4943 13373 2858 4551 12398 7649 3252 3786 3969 10165 3122 12624 13929 9260 17237 10895 11536 7228 10288 2873 12109 8322 8833 10419 13774 8825 15809 12141 13139 5144 14681 12633 5325 9102 2436 11083 4091 5150 5660 15131 3504 10648 16190 14099 14940 1735 7619 15246 8642 18261 8194 14408 6196 7625 7638 10949 15421 2830 15530 4476 12773 12117 16689 3418 8071 11576 17465 13178 9879 5288 13450 15339 14736 3873 13743 8599 15655 5184 17559 14734 1671 10876 14296 7673 15237 12949 14028 13494 17474 16547 9326 1293 13017 4633 13725 18128 9381 13068 9175 11992 4367 14682 9113 6775 13722 1385 16815 11936 11451 18399 10985 3848 5062 6220 14112 3970 3930 11552 4035 2832 7748 3847 3460 17218 16706 14159 11149 3993 12554 2292 13596 14399 16590 14221 3498 12894 5272 14652 14150 12178 16464 12166 15342 12240 4999 7229 2575 11715 2943 3380 15142 1579 10848 20558 12080 1196 8769 5437 16842 9523 8099 10339 13589 14408 9983 6947 6190 14981 5467 7494 1771 16362 10758 15475 11249 10277 7719 17030 2455 2761 12273 19382 14130 14709 15555 10393 5490 11639 16797 14238 16569 7521 11730 13656 17534 12256 5342 12834 14215 12626 14028 5602 8251 2159 11395 7712 15553 8423 6153 15862 3948 6234 7523 14935 3576 6105 15034 4642 5003 9770 19367 4067 11599 9285 2354 6272 15121 6862 15752 14534 15115 3643 0 7705 1812 10595 12184 13344 12648 3619 2584 14817 12999 9521 11616 8770 7569 3129 6881 21294 6753 10590 9485 11774 4449 16126 16440 18212 6400 8229 1242 13399 7021 5961 5252 6718 15206 8635 15325
4056 17054 4918 10348 5491 14530 14579 2897 12069 11452 7873 18632 11293 12827 7908 6908 4548 8586 13736 10871 4473 19176 2396 10597 14952 14710 13733 10869 5904 11710 12428 13794 10320 19210 8184 5767 11480 12727 12849 8005 8574 11577 7716 16135 2079 12766 7046 15326 5064 12718 16548 16302 12914 6925 14997 8901 2563 10006 11505 2636 10750 7650 9486 5946 5911 4446 12708 14593 2474 5025 9410 6763 1845 16035 16538 14936 7836 5881 8484 1284 2753 12737 15965 5308 5661 1393 770 14251 10750 12844 14209 3856 7305 6361 8896 14780 2649 6962 9820 17341 17016 13469 14700 17738 6060 13673 12021 11662 9986 5444 2002 1823 9011 9680 15284 12199 3326 13040 12047 11137 12682 15695 3075 2719 16107 4075 7771 13067 8845 11249 5368 7354 3230 11611 10272 7265 14466 1032 4481 10879 4615 4171 5055 13829 17609 1778 12047 10578 5325 6338 5618 4979 16812 13443 14034 12889 10631 2220 14259 15155 11201 12109 7070 13382 6302 10530 9956 3753 10520 11564 12306 15370 8358 11786 15303 6502 10251 6139 10041 7662 1636 15851 11520 13063 12864 2334 10832 3363 19038 4984 17601 3502 5072 15978 12047 11034 7792 9438 15906 7224 14373 12098 5854 11841 14783 6081 10960 14159 16954 9877 12694 18473 6741 5749 8947 3415 16672 5350 14915 6212 12830 14640 2291 6997 5343 4740 18286 15777 7575 9999 3754 13743 10683 18306 5073 12799 7062 8273 10752 13345 3752 16436 16069 11475 8297 12729 9479 6473 10515 4433 3692 8729 2524 11195 10780 11911 11808 17635 9340 9645 11477 8367 11964 8071 14229 17804 10872 15654 2437 15457 17242 11295 13360 14552 13185 10856 3894 10397 6756 15956 10592 8470 10386 8096 14858 17251 9838 6562 13696 12326 14779 3240 395 5599 6227 8770 8377 9853 4932 12297 5819 1298 6623 14061 13377 11946 9291 13694 3248 11812 5860 7993 7151 14918 14281 8650 8548 7869 11184 11880 12411 9288 15561 12559 7394 8829 14865 10874 7380 5512 6822 10288 6715 10184 4025 6798 9161 3679 7927 2973 12771 13849 11329 11813 987 13504 10603 3706 14425 11243 12417 2070 14638 5181 11676 6304 6902 5685 13638 13384 19095 8715 19015 6422 7705 0 7050 10033 14782 5833 4948 4558 6498 8327 5343 9589 4336 2489 12126 10081 1131 17635 6017 3742 15066 15206 6175 11818 10936 13661 10524 6916 8102 5863 5444 4376 12258 9960 15004 11861 18804
5377 15816 6386 9812 10677 11450 18693 6363 5038 17309 14728 17416 5044 7209 8343 13810 3814 1983 10660 7490 10599 17099 5482 15401 17295 16020 11278 7641 4654 17324 12520 12798 15992 17461 8303 4177 13806 7248 11988 4965 9488 5343 10123 17787 5179 15856 10492 13203 12044 16358 20299 16390 15018 13945 12888 2641 4534 12141 13985 7823 15154 14690 14333 7790 1144 2629 8164 15352 5108 11976 4228 13645 6238 20549 20358 15708 10872 11941 14916 6432 4963 9872 18455 3148 12153 5775 7746 13677 8858 18042 19484 9960 14114 11164 15201 13101 8938 9218 13047 15117 21438 9907 13179 22287 1417 12892 6930 5739 15792 2069 5475 6846 5706 15844 17365 5231 9686 10332 16901 4196 14259 16623 6203 9609 19044 3043 12793 18145 13877 14839 5416 14321 4897 14423 4498 5872 14014 7235 2717 3829 4384 10147 2006 14135 15705 8398 17632 12121 11520 8096 10599 3033 13919 10131 10645 12045 14564 7759 16952 13852 14149 6854 13755 14080 6346 10545 3085 10075 3578 6944 5355 16550 2030 12101 17452 13170 15418 2396 9151 14711 8258 19287 9868 15558 7942 7522 9280 10404 17200 2156 17185 4393 12005 13892 17212 4844 9150 12493 18634 13284 11674 7028 12903 16094 16120 4889 14605 10409 17224 6919 18042 16517 2887 11111 14594 7824 16817 12038 15521 13144 18010 17639 8317 580 12380 3133 15534 19164 10249 13852 9230 13562 3789 16457 9481 8578 13623 1339 16958 13460 10767 19510 12797 5232 6562 7988 14582 5112 5728 11245 3707 4601 6555 4175 3762 17581 17167 15923 12112 2980 13703 4050 14675 14421 17599 15992 5123 14590 4756 16143 15887 13350 17324 13814 16365 13324 5271 8852 773 13509 4348 1990 15608 1081 12623 21436 12996 1317 10574 5311 17910 8325 7430 10637 13199 14631 10928 8521 6805 15895 6353 7146 2923 17378 12409 16226 12187 12001 7826 17414 3230 1314 12569 19988 15519 14819 15349 11177 7301 12983 17383 14635 17817 9323 12190 14067 18499 13341 6622 11771 13812 13543 13668 7340 8489 384 12286 6309 14633 8397 7908 16923 4314 8045 6654 16082 5320 4717 16321 6426 5394 9099 19908 2520 12916 9900 543 7072 16263 8619 17516 14710 16906 4778 1812 7050 0 11766 13855 12365 11953 3888 845 14794 12388 10756 10570 7641 9346 3032 6441 22105 7594 10352 11292 13517 2675 16718 16738 18781 8113 9110 1215 12900 7705 4442 5222 8330 16560 10309 17095
7148 8042 5871 3493 6032 8446 7726 7395 15400 9535 11185 9405 11906 11508 3461 14116 12624 13697 8018 7530 7739 10650 11618 6234 5534 4700 7144 7317 7117 9003 3194 5294 8282 10368 3597 7600 2091 11224 4574 7473 2313 12010 2325 6267 10828 4360 3397 7667 10623 5257 8887 6456 3260 11922 7430 14397 10528 675 2326 12667 5419 13541 5777 4398 11114 10899 9729 4595 11361 10413 9780 10757 8453 9796 8989 4926 2561 15030 9668 8927 11580 7275 6690 8732 8769 9501 9776 5157 5440 8711 9970 7762 14763 5277 9435 6754 12329 3100 2575 9283 10504 8594 6511 11414 10417 4969 10295 11491 8471 9924 8953 8238 7482 9394 5652 14307 12763 7173 7290 13495 2695 5662 7321 9534 7317 10963 5651 8580 5949 4046 6480 14074 8216 2923 10749 6053 5208 9023 9961 14133 7737 7502 11011 4086 9153 11453 9156 563 7911 3997 5711 9002 9695 8216 8620 4573 4350 12245 5214 6586 2828 10587 14953 3469 5431 2656 12592 13112 14660 9431 16078 5349 13794 2563 5724 14570 6915 9370 4055 13004 9024 7742 5188 3814 10381 7724 4960 10566 10300 10332 7925 8518 12760 8081 8046 11686 2654 2170 6877 7965 7827 10292 11910 5801 4781 6877 3965 9213 7011 6925 8982 9927 8989 6262 7502 6636 6783 13695 4945 10797 8653 5970 12196 11240 12160 12238 10651 7599 2523 3866 6977 4398 14943 9679 5365 9279 9473 11973 10189 3828 11558 7809 9679 11981 5806 10040 6373 6674 9410 9545 9268 8521 12345 13952 13663 9303 8380 8977 1683 14552 1961 8803 3070 9178 6122 9220 10900 6724 9442 5452 8308 1586 6395 5547 4876 1765 7346 4951 12203 8509 11599 13738 7128 12113 7499 10281 2452 10455 8064 15743 6284 13256 10180 5795 11085 8008 1813 4719 5588 4839 5516 8739 8919 5886 5002 5933 1888 6100 6812 9040 8541 13060 6392 10049 4255 8865 11277 2824 8282 1923 7833 6882 6072 7742 5174 6426 7131 1776 5258 14515 11545 2824 11184 6758 6132 11877 2269 13305 15548 7346 10249 5324 13995 8272 10880 4341 10125 12452 4649 9625 14817 10721 10308 12156 1680 3997 12124 4993 4527 10377 10118 8367 10544 7009 10595 10033 11766 0 5911 14357 12274 8277 12009 9711 12003 1156 13637 12522 6945 13623 9090 11165 4476 8801 9761 7059 13249 7239 9034 9145 6163 3164 11815 11597 4775 12918 15495 5116 5071 5126 9976
11031 2279 9919 4482 11801 4549 11603 11894 15788 15074 17092 3854 11651 10134 6877 19808 16059 15444 4733 6804 13435 4745 15757 11681 7320 4830 3524 6585 9935 14426 2719 1066 13936 4540 6623 10369 6475 9831 1973 8893 6302 11605 7807 6319 14944 8255 9146 2482 16358 9536 11787 3034 6110 17770 2457 16187 14440 6442 6766 17347 10755 19365 11473 8867 13662 14084 7906 3565 15408 16153 10288 16632 12980 13594 11968 3717 8376 20320 15562 13528 15557 4786 8207 11550 14609 13872 14735 800 5001 13750 14760 13347 20437 11128 15305 1582 17334 8187 8205 3480 13976 5775 1270 14853 12833 1108 9138 10891 14191 12617 13210 12977 8203 15196 6860 14237 17885 4341 12376 13783 5013 4426 11736 14949 9396 14311 11551 13510 11754 9020 9866 19829 12132 7427 10865 8344 968 13876 13092 14766 11099 13132 13941 2498 3246 16429 14512 5432 13723 8498 11475 11953 4427 5293 5282 1925 9656 16965 7848 801 7672 9443 20560 3287 8721 4275 13305 18274 15663 8409 16582 4823 15687 3375 7032 20130 12496 11725 4949 18857 14161 10522 3991 6992 8632 12684 4583 16055 4432 13247 3355 12228 18322 2538 13248 11535 7125 7961 8758 13875 3791 9079 17662 10730 4918 9662 9089 6002 3891 7033 14120 4020 11038 12083 13319 11666 3429 19166 3340 16634 13687 8762 17066 13275 17829 15495 4942 10349 8119 9399 12431 1634 15949 3778 10891 7255 15378 13472 15904 2257 17026 9944 5005 11632 7419 8290 12086 9279 9140 15242 12776 9392 16715 14348 14206 14712 13700 3075 7546 15995 6290 9905 7257 15081 9489 3311 10666 876 13437 3764 2494 6001 10602 408 8599 6779 11234 5024 14516 3251 11699 15557 12692 13732 2733 13454 8083 12626 4837 16109 9158 17981 15024 11563 16913 13854 7604 5428 9855 9298 9116 13574 11036 9280 1478 10835 7742 2136 11852 14442 11097 14945 12303 14554 4525 14738 17187 8699 7363 4310 12873 12640 7419 5533 11084 12237 10483 6773 7826 19841 17400 8240 17044 6627 11372 14110 8119 17446 21216 12575 8529 8594 14329 6833 15449 7301 9911 16230 6051 8876 14796 15933 15009 15198 4585 9600 14350 9103 7453 8232 4357 14225 4634 9543 12184 14782 13855 5911 0 19810 17872 11537 14410 15612 17685 5622 18837 17173 5023 14547 13693 14544 8771 14403 5996 1578 16083 12401 14630 13961 5800 8186 13374 17368 9391 16518 15809 5553 5508 3550 4136
9789 22080 10418 15577 8458 20159 16410 8436 17158 11469 6217 23583 16991 18634 13128 2075 8912 13498 19387 16641 6722 24415 6888 12323 18257 18702 19260 16623 11708 12088 17234 18906 10900 24338 13463 11594 15226 18544 17978 13825 13516 17282 12120 19794 7237 15772 10974 20709 4249 15265 18520 20812 16612 4511 20390 13596 7934 14106 15146 4614 12893 3762 11420 11057 11296 9771 18534 18897 7257 4443 15209 5456 7554 17260 18443 19204 11827 1283 8042 7027 7410 18381 19063 11114 6348 7204 5479 19180 16298 13637 14693 6601 1989 9359 8636 20059 3435 11629 13220 22682 18242 19201 19934 18750 11636 18718 17851 17423 10421 11095 7835 7267 14821 9511 18738 17594 2682 18645 13426 16559 16730 19819 8657 4864 18843 9340 9998 13988 10727 14079 11082 2785 9056 15002 16030 12978 19333 6361 10097 16105 10440 6881 10392 18420 22843 4114 12408 14919 6886 11385 8753 10760 22344 19140 19729 18009 13268 4613 17383 20294 14557 17934 1445 17825 11878 15555 15421 2291 15512 17396 17230 19378 13175 16561 18708 892 11595 11891 15402 4314 5764 18187 16967 16476 18697 7294 16299 3791 24202 10524 22268 9333 1748 21325 13024 16740 12691 13044 18828 8086 19931 17928 3439 13936 18753 11867 13794 19902 21335 15634 13302 23694 12538 8375 9930 8207 21131 669 19270 4920 13651 17480 4048 12450 2707 9439 23746 18165 11860 12841 7410 18552 15614 23497 9005 18608 6820 13679 10233 18061 2801 19027 21698 17178 13979 18560 11096 12246 16346 5034 9447 14562 5890 16521 16112 12159 12555 22804 13164 14471 15288 14192 15374 7979 16809 23001 16644 20684 8197 19729 22303 15241 15506 19524 16061 14606 9650 15893 11881 21403 16279 13338 11624 13445 20288 18714 13286 12158 19356 17365 17496 4259 5457 8680 4652 9446 12547 15340 10305 14945 11366 6642 12424 16708 18506 13994 13041 19029 8024 12190 11678 13023 9089 15590 18354 8769 6898 11663 16990 16279 13577 10626 18867 18268 10010 10447 17130 14622 12978 894 4773 13574 5013 15917 8439 12044 12776 6568 2306 7248 18604 16725 16664 17600 5824 16802 16414 7874 18087 17076 17729 4025 15070 10032 16029 10364 12080 11023 16886 19214 24167 9163 24269 12222 13344 5833 12365 14357 19810 0 2294 10390 11654 7850 2898 14264 1841 4776 17777 15312 6902 18748 11211 5585 20797 20468 10659 13182 11156 14436 16181 11625 13528 3796 10524 8404 17358 15504 18822 17262 23931
8484 20127 8889 13770 6288 18565 14127 7040 16931 9325 4253 21594 16211 17633 11362 2074 8938 13357 17819 15256 4552 22538 6711 10033 15995 16515 17587 15211 10464 9901 15243 17009 8672 22412 11718 10436 13029 17510 16097 12596 11626 16491 10099 17558 6802 13498 8877 18930 1956 12973 16236 18713 14397 2665 18618 13579 7420 11981 12935 4875 10599 2773 9126 9300 10826 9326 17287 16765 6994 2149 14250 3332 6354 15021 16162 17062 9721 3401 5887 5906 7215 16816 16785 10172 4055 6320 4354 17212 14671 11417 12521 4533 2622 7160 6470 18228 3449 9694 10999 20866 16008 17732 18082 16541 11008 16796 16749 16538 8201 10391 6838 5926 13546 7355 16486 17136 2938 17040 11154 16077 14567 17648 7273 3061 16552 8926 7718 11758 8434 11803 9712 2417 7955 12764 15157 11560 17343 5121 9428 15777 9294 4775 9947 16356 20973 3641 10227 12833 4623 9591 6596 9877 20652 17625 18207 16124 10986 4668 15110 18398 12318 16866 2689 15731 10355 13661 14900 2821 15339 16211 17110 17191 13085 14568 16451 2302 9314 11051 13666 2971 4276 15894 15262 14230 17527 5742 14615 1916 22292 9926 20199 8323 546 19522 10780 15949 10803 10851 16542 5798 18276 16818 1409 11642 16563 10583 11519 18444 19204 14236 11100 21813 11604 6163 7656 6492 19018 1657 17146 2744 11428 15194 4043 11932 589 9333 21996 15871 9816 10572 5451 16550 15480 21603 6987 17291 4588 13204 8159 16035 1197 16733 20093 16391 12507 17355 8804 10928 15245 2791 8621 13453 5988 16119 15704 9990 10330 20904 11003 14390 13099 13148 13135 5769 14516 21112 15741 18741 7376 17585 20362 13074 13213 17568 13779 12415 8380 14233 11593 19658 15516 13221 9350 13014 18541 16461 11070 11510 17798 17172 15205 4817 4556 6518 2516 7187 10462 13683 8704 12657 9836 5350 11482 14417 16620 11701 10869 17237 6321 10004 10691 12806 6804 13402 16183 6553 4977 9524 15679 14190 11322 8340 16602 16775 7755 8153 14837 12431 11446 2862 2807 11336 2956 14480 6583 11678 10588 6967 3376 5474 17424 14441 16254 16237 5326 14545 15413 7921 15860 15946 17340 2879 12909 9867 13932 8315 11760 9376 14624 17991 22219 6919 22401 10959 12648 4948 11953 12274 17872 2294 0 9355 11343 5694 736 12273 2849 4967 16224 14977 5821 16528 9486 3481 19315 18626 10693 10910 8976 12226 14651 9704 13036 1690 8775 8544 17124 13885 16610 15524 22007
1495 13715 2553 7110 6865 10371 14858 2694 8624 13496 11391 15336 6926 8289 5072 11386 4552 5860 9556 6500 7019 15496 4439 11513 13785 12801 9768 6536 1642 13474 9665 10480 12160 15674 5164 1315 10226 8179 9568 3532 6134 7193 6394 14490 3681 12148 6630 11541 8955 12564 16523 13658 11527 10884 11209 6467 3047 8557 10372 6510 11275 11909 10446 4026 2971 2658 8185 12317 4041 8844 4895 10365 3019 16683 16572 12678 7065 10354 11303 3451 4132 8591 14924 899 8649 3190 5019 11176 6869 14158 15600 6416 11825 7297 11532 11172 7094 5473 9266 13564 17584 9144 11162 18424 2479 10467 7463 7191 11983 1826 2559 3533 4559 12118 13929 8285 7822 8958 13013 7234 10904 13555 2490 6545 15412 2806 8922 14258 9999 11034 1818 11769 1407 10745 5820 3244 11464 4240 1689 7315 543 6546 2737 11247 13973 6295 13777 8704 7917 4377 6761 856 12770 9184 9770 9619 10716 6239 13348 11734 10438 7554 11620 11031 2968 7627 6053 8250 7362 7019 9079 13388 5842 9132 13998 11056 11540 1885 6588 11785 5172 15556 7790 11977 8312 4028 7106 7550 15459 2072 14700 1056 9555 12227 13329 6659 5623 8727 15046 9577 10339 7539 10016 12230 12894 1901 10790 9804 14432 5562 14165 14832 2271 7313 10772 4067 14070 9906 12550 9941 14125 13976 6594 3509 9662 4053 14322 15441 6477 10004 5558 10870 7602 14709 5617 8321 10104 4657 13230 10632 8174 15853 11887 7099 4269 8188 10705 2308 5957 7993 1262 4173 5543 7447 7049 13737 13294 14085 8386 6868 10146 3813 11025 10785 13863 14213 6391 12365 2281 13157 13850 9827 13496 11399 12648 9697 1411 6646 4109 12058 6258 5842 11732 4631 11014 17607 9224 2774 9501 8935 14224 7145 4941 6805 10054 10849 7205 6162 2952 12102 2769 4035 2146 13649 10062 12360 8440 10042 4105 13563 1340 5183 8744 16100 12312 11112 11949 7344 6721 9746 13495 10775 14339 8293 8311 10203 14728 9714 3715 10027 10682 9766 10477 5921 4678 3869 8503 6038 12470 4806 8222 13234 7555 7392 4716 12490 6065 4705 12919 6687 8619 6529 16024 3895 9628 6020 4094 3337 12663 8847 15635 10957 15318 2119 3619 4558 3888 8277 11537 10390 9355 0 3878 11198 9621 7395 8824 6313 7983 6582 3545 18248 3870 7011 10724 11606 4973 12830 12920 14894 6426 5370 4470 9930 3866 4983 8783 6138 13270 8194 15279
5318 16417 6429 10263 10476 12170 18734 6137 5588 17083 14277 18026 5887 8051 8637 13157 2988 2147 11372 8183 10266 17778 4767 15321 17542 16370 11944 8322 4910 17139 12956 13348 15789 18115 8633 4423 14016 8086 12513 5527 9767 6186 10247 18116 4543 16001 10503 13860 11540 16441 20398 16870 15269 13420 13541 2640 3942 12345 14180 7080 15126 14098 14236 7886 909 2057 8961 15754 4413 11484 5017 13182 5873 20547 20448 16112 10942 11188 14571 6002 4245 10557 18694 3280 11777 5291 7221 14196 9432 17927 19365 9618 13438 11024 14882 13718 8243 9330 13139 15797 21454 10650 13783 22289 1624 13422 7749 6584 15565 2095 5078 6486 6339 15556 17642 5956 8984 11009 16828 4946 14559 17019 6001 9125 19235 2426 12652 18048 13749 14911 5560 13688 4678 14584 5334 6267 14524 6782 2430 4459 4409 9827 1482 14570 16362 7749 17453 12392 11190 8219 10423 3057 14643 10857 11382 12570 14590 7041 17155 14442 14290 7681 13059 14473 6579 10953 3876 9364 4023 7734 5810 16919 2023 12506 17722 12474 15287 2737 9625 14150 7801 19419 10438 15770 8760 7200 9827 9861 17861 1888 17720 4184 11369 14552 17096 5689 9365 12596 18847 12995 12365 7847 12344 16096 16468 5166 14668 11171 17692 7554 17903 17183 3373 10896 14383 7611 17295 11352 15940 12662 17897 17812 7616 1291 11790 2320 16257 19301 10346 13879 8954 14041 4193 17115 9344 9357 13243 2151 16667 13907 10167 19688 13542 6075 7041 8796 14452 5439 6513 10792 3424 5287 5804 4869 4463 17389 17021 16566 12241 3216 13923 4732 14852 14089 17726 16644 5961 15165 4323 16560 16498 13584 17374 14351 16505 13510 5185 9389 265 14195 5193 2073 15471 1857 13284 21484 13095 1788 11289 5835 18069 7562 6867 10454 12701 14387 11057 9025 6831 15978 6520 6724 3381 17510 12951 16225 12303 12607 7594 17232 3505 1508 12370 19903 15871 14523 14917 11222 8036 13318 17296 14470 18078 10033 12070 13913 18601 13527 6980 11036 13306 13639 13179 7975 8306 462 12376 5498 13936 8096 8722 17080 5013 8782 6020 16290 6136 3920 16610 7224 6075 8517 19792 1702 13234 9875 425 7181 16467 9433 18156 14444 17587 5114 2584 6498 845 12009 14410 11654 11343 3878 0 14440 11808 11040 9845 6903 10016 3662 5992 22117 7712 9934 12062 14139 1865 16637 16519 18682 8723 9225 2045 12361 7744 3612 5781 8862 16888 10877 17745
9807 17673 9427 12433 4688 17665 8863 8514 19764 3631 1915 18912 17871 18631 10516 6387 12873 16588 17063 15314 4199 20335 10698 5083 11697 12896 16458 15187 11552 4243 12902 14993 3143 19995 10905 11765 9562 18427 14218 13411 10192 18101 8254 13485 10382 9169 6839 17302 3925 8294 10955 15561 10672 3487 17040 17014 10735 9172 9358 9729 5907 4979 4566 8903 13676 12430 17610 13509 10801 3814 15623 2394 8570 9467 10851 13731 7420 9060 194 8463 11080 16138 12242 12094 2683 9231 7561 14843 13956 5823 6843 4834 7009 4866 787 16426 8445 8400 7535 18989 10436 17319 16199 10911 13513 14678 17529 17913 2647 12820 9363 7958 14116 1663 12291 19477 8242 16205 5830 18430 11238 14084 8710 5654 11736 12146 4061 6193 4042 7546 10571 5946 9942 8932 16666 11948 14855 7734 12080 18476 10868 4662 12961 13542 18857 8113 4559 10180 3285 8969 4938 11985 19277 17067 17586 14225 6687 9372 10721 16297 8524 17734 7531 12778 10599 11945 17251 8286 18372 16797 20145 13529 16428 12272 12212 7479 4186 13082 12632 4263 6760 10838 14190 10217 18058 7273 13688 5532 19952 12642 17161 10440 6200 17762 5280 17602 9517 7679 11870 1867 17171 17573 4411 6754 12913 11534 7317 18023 15840 14353 5464 19617 13337 4232 2616 7156 15773 7290 13922 2952 5842 10552 8852 14560 5176 13015 20335 10850 7896 6578 5642 14051 18579 19360 6082 17401 1282 15793 2534 13449 6048 11804 19067 18023 12585 17795 4024 11723 16149 3980 11087 14508 10462 18641 18240 4309 4762 18663 8067 17656 9699 14410 9267 537 9720 18912 17128 16404 10125 14210 17954 9845 8204 15238 9297 9064 9826 13438 14705 18127 17270 16504 4137 15713 17064 10956 7647 13910 17076 20061 10463 9927 8067 4858 3202 2014 8155 12956 9046 8103 10159 7744 13212 9680 14680 6769 7874 15661 7100 4343 12420 15940 3380 7742 12695 1084 1660 7028 15933 11383 5875 3426 12257 16352 4569 3582 9794 9075 11473 8537 3144 7659 2853 14444 6653 14636 7500 11627 7690 6416 17934 9893 18752 16283 9188 10379 16574 12018 11933 16711 19818 6896 7224 13388 11102 6741 14797 9385 10400 18338 19709 1624 20236 11911 14817 8327 14794 9711 15612 7850 5694 11198 14440 0 4992 10239 8464 9737 15636 17716 8496 10920 9172 4594 18763 16752 14451 5597 3308 6605 14284 8473 15607 4057 8541 12690 19934 13281 12785 14303 19613
8659 19925 8961 13671 5977 18557 13521 7196 17393 8622 3517 21368 16520 17865 11296 2124 9496 13853 17826 15351 4267 22379 7251 9450 15531 16144 17544 15295 10643 9215 15028 16848 8007 22223 11662 10647 12653 17731 15948 12765 11489 16795 9884 17132 7280 13018 8611 18830 1437 12445 15631 18413 13999 1943 18523 14101 7868 11675 12545 5525 10052 2310 8578 9255 11252 9772 17430 16442 7511 1647 14509 2614 6603 14365 15552 16732 9442 4073 5185 6195 7743 16826 16291 10462 3540 6681 4689 17007 14661 10748 11830 4352 2761 6807 5772 18102 4101 9540 10602 20743 15349 17782 17945 15867 11389 16621 16948 16812 7531 10754 7151 6128 13693 6655 16039 17538 3637 17032 10530 16475 14221 17289 7432 3146 16019 9383 7236 11095 7893 11319 9846 2244 8215 12340 15440 11660 17123 5386 9811 16217 9521 4553 10387 16088 20818 4195 9538 12556 4204 9522 6294 10188 20593 17656 18233 15972 10489 5290 14631 18234 11895 17077 2996 15441 10417 13512 15291 3544 15819 16382 17598 16817 13593 14353 15998 2724 8705 11367 13604 2369 4467 15324 15210 13795 17698 5854 14576 2072 22114 10324 19921 8610 1209 19408 10128 16256 10671 10487 16029 5211 18240 17014 679 11079 16188 10744 11040 18498 18878 14330 10421 21652 11886 5804 7037 6505 18708 2305 16830 2041 10761 14680 4672 12338 192 9859 21905 15307 9586 10107 5333 16324 15969 21435 6800 17406 3924 13615 7439 15795 1671 16184 20076 16698 12578 17513 8228 11074 15450 2458 8964 13663 6593 16538 16123 9296 9664 20733 10669 14895 12733 13382 12711 5091 13979 20948 16012 18548 7737 17251 20167 12728 12641 17370 13281 12048 8570 14208 12061 19574 15834 13722 8730 13439 18459 15816 10679 11881 17809 17642 14678 5504 4959 6212 1797 6548 10196 13661 8745 12143 9899 5588 11762 13887 16466 11132 10526 17134 6343 9317 10961 13286 6314 12717 15827 5879 4242 9217 15802 13907 10679 7744 16135 16818 7324 7589 14266 12064 11496 3545 2072 10918 2224 14556 6513 12127 10230 7609 3545 5476 17592 13937 16671 16338 5818 14092 15652 8492 15445 16138 17760 3291 12214 10376 13645 8091 12220 9387 14164 18141 22018 6265 22245 11127 12999 5343 12388 12003 17685 2898 736 9621 11808 4992 0 12068 3585 5605 16242 15419 6127 15860 9456 3302 19356 18492 11241 10286 8286 11552 14685 9558 13443 958 8739 9128 17584 13882 16213 15455 21821
6382 7858 5114 2449 6187 7583 8876 6823 14275 10397 11584 9325 10752 10366 2413 14192 11838 12665 7091 6397 7814 10344 10992 7178 6556 5413 6312 6189 6131 9916 2972 4842 9098 10157 2495 6618 3225 10084 4005 6349 1274 10854 2186 7099 10187 5514 3545 7068 10736 6405 10037 6715 4282 12172 6802 13374 9829 1773 3474 12220 6416 13754 6606 3723 10157 10044 8622 5057 10708 10531 8636 11057 7909 10942 10141 5411 2833 14849 10215 8416 10910 6290 7722 7781 9013 8920 9414 4940 4355 9734 11027 7741 14823 5559 10040 6216 12006 2670 3560 8825 11658 7592 6010 12567 9432 4578 9152 10336 9243 8973 8329 7769 6330 10086 6610 13161 12493 6233 8319 12359 3522 6238 6718 9403 8412 10141 6224 9625 6685 5153 5579 14208 7482 4078 9599 4970 5072 8609 9084 13016 6864 7517 10113 4246 8802 11112 10092 1374 8116 3314 5862 8078 9039 7239 7676 4017 5382 11809 6310 6207 3975 9442 14962 3809 4473 1739 11471 12863 13569 8290 14961 6017 12779 2297 6697 14546 7789 8363 2948 13260 8738 8883 4209 4912 9263 7341 3904 10486 10054 9422 8061 7738 12734 7553 9039 10533 1853 3070 7948 8428 7014 9151 12041 6881 5504 5880 5050 8236 7371 5773 9980 9616 7940 6487 8198 6269 7083 13612 5351 11033 9678 7094 11817 10218 12214 11413 10121 8737 2501 4837 6857 4288 13853 9389 5287 8192 9867 10904 10947 3811 11467 8914 8897 10826 4666 8924 7179 5645 8255 9622 8456 7381 11793 12822 12539 10218 9335 8685 2536 13496 3081 7676 4221 9702 7273 8908 9745 6481 8750 5920 8099 2682 7539 5302 6028 2920 6586 3852 11225 7889 10450 12714 8007 11056 6827 11436 3444 9440 7128 14618 7416 12829 9775 5951 11307 8663 2084 3586 4889 5982 4628 8315 7877 7036 4492 7016 2733 5423 6453 9961 7547 12038 6865 11144 4931 9469 11744 3211 7148 2378 8865 7645 7065 6708 5671 7146 8285 2932 4180 14352 11807 3879 11455 5614 5870 10885 3088 12694 15605 7092 9130 6465 12863 7164 10380 5438 8969 11741 5570 8475 13674 10484 11376 11290 2237 3979 11133 4220 5628 9281 9950 9000 10221 5980 9521 9589 10756 1156 5622 14264 12273 7395 11040 10239 12068 0 13408 12063 5917 12521 8582 12319 3740 8796 8836 6566 12357 8251 9873 10205 5042 2697 10750 11748 4176 12170 14366 3983 5876 4208 9755
8386 21116 9159 14489 8020 18849 16566 7133 15328 12078 7101 22658 15273 16990 12029 3712 7075 11664 18061 15205 6363 23349 5088 12434 17949 18150 18020 15205 10234 12606 16348 17890 11322 23329 12339 10075 14728 16914 16950 12320 12543 15567 11337 19373 5495 15537 10332 19557 4563 15174 18657 20070 16148 5497 19232 11755 6204 13466 14684 2780 12886 5205 11439 9982 9520 7999 17007 18227 5470 4706 13564 6151 6153 17615 18600 18550 11185 1545 8656 5600 5607 17059 18834 9496 6458 5641 4156 18250 15039 14065 15234 6070 3780 8961 9224 18962 1732 10739 12810 21557 18609 17806 18860 19188 9899 17733 16254 15738 10871 9385 6307 5971 13333 10111 18382 15795 1010 17351 13670 14766 16140 19225 7337 4176 18734 7565 9873 14385 10740 13875 9697 4387 7550 14625 14348 11597 18432 5047 8386 14287 8931 6394 8616 17632 21777 2558 12939 14200 6767 10342 8280 9121 21104 17776 18367 16985 13111 2813 17128 19270 14184 16321 3284 17093 10587 14562 13639 584 13679 15842 15392 18825 11338 15683 18368 2714 11804 10223 14247 5615 4680 18203 15770 16111 17129 6159 15089 3379 23175 8787 21467 7774 2452 20195 13383 15026 11726 12560 18656 8290 18671 16335 4255 13967 18210 10416 13583 18495 20648 14213 13779 22636 10901 8040 10192 7174 20412 1747 18582 5543 14071 17322 2291 10679 3430 7611 22553 18164 11115 12607 6682 17672 13778 22455 8291 17119 7286 11893 10965 17219 2518 18968 20390 15461 12623 17011 11204 10809 14756 4969 7803 12987 4059 14714 14307 12717 12973 21771 12607 12632 14768 12591 14996 8480 16729 21955 14970 19713 6575 19077 21323 14672 15548 18576 15873 14098 8228 14665 10068 20215 14558 11502 11867 11651 19108 19013 12861 10423 18023 15532 17379 2422 3996 8220 5342 9782 11856 14115 9106 14815 10090 5346 10791 16605 17480 14041 12507 17900 6988 12711 10074 11197 9012 16090 17769 9246 7826 11084 15506 15552 13890 10805 18564 16893 9762 10532 17157 14115 11678 1220 5656 13208 5799 14520 7541 10243 12283 4732 4147 6318 17041 16546 14858 16144 4146 16481 14779 6038 17651 15496 15918 2924 15633 8208 15317 9659 10270 9849 16582 17671 23186 9557 23195 10753 11616 4336 10570 13637 18837 1841 2849 8824 9845 8464 3585 13408 0 2948 16449 13496 5457 19155 10103 5189 19402 19381 8819 13426 11695 14886 14847 10719 11745 4536 9454 6563 15528 14245 18336 16092 22922
6234 19436 7257 12710 7743 16625 16797 5292 12382 13149 8832 21027 12428 14245 10299 6459 4144 8722 15817 12810 6442 21482 2173 12732 17401 17198 15919 12839 7863 13520 14874 16167 12149 21555 10553 7619 13952 14190 15223 9844 11022 12725 10205 18614 2710 15169 9505 17586 5959 15051 18811 18772 15388 7498 17255 8834 3421 12492 13970 198 12979 7696 11642 8391 6613 5106 14443 17078 2576 6009 10835 7745 4199 18135 18788 17422 10308 4308 9915 3662 2682 14833 18397 6863 7240 3334 2872 16667 12950 14792 16099 5912 6644 8658 10410 17091 1522 9447 12250 19611 19126 15450 17029 19805 7049 16066 13585 12940 11761 6586 4022 4296 10871 11259 17747 12857 2171 15170 14128 11834 15170 18184 5440 4245 18494 4670 9945 15053 10972 13612 7516 7070 5223 14053 11558 9363 16893 3509 5596 11340 6532 6254 5713 16297 19924 1628 13860 13066 7164 8789 7915 6457 18975 15473 16061 15266 12954 369 16686 17513 13636 13627 6204 15862 8556 12946 10719 2503 10736 13243 12459 17858 8402 14239 17762 5624 12284 7487 12356 7937 3793 18174 13776 15514 14501 4815 13083 4220 21372 5946 20051 5318 4817 18252 14028 12188 10253 11887 18316 8996 16531 13671 6256 14078 17271 8082 13321 16115 19433 11857 14590 20788 8212 7931 10841 5900 19145 4546 17397 7129 14785 17032 935 7776 5520 4664 20488 18109 10062 12349 6066 16184 10840 20633 7500 14617 8460 8970 12260 15801 3980 18803 18154 12617 10411 14413 11559 8493 12109 5777 5161 10382 1114 11771 11366 13688 13722 19972 11808 9701 13953 9942 14410 9594 16581 20131 12189 18041 4038 17942 19614 13778 15626 16958 15573 13326 6045 12636 7123 18178 11711 8563 12396 8720 17096 19416 12273 7574 15768 12589 17155 836 2383 7883 7036 10569 10862 12104 7326 14642 8106 3785 8111 16422 15748 14175 11753 15987 5731 13625 7456 8249 9228 16869 16770 10273 9559 10323 13028 14365 14446 11291 18012 14582 9644 10890 17169 13344 9593 4133 7526 12707 7541 12200 6490 7307 11608 2005 7077 5374 14422 16242 11916 13705 1726 15946 12060 3104 16901 12859 12973 2852 16520 5260 14163 8768 7328 8074 16075 15078 21458 10443 21316 8376 8770 2489 7641 12522 17173 4776 4967 6313 6903 9737 5605 12063 2948 0 14221 10550 3496 19725 8442 5445 17034 17521 5900 13891 12678 15619 12632 9399 8827 6411 7901 3664 12583 12171 17488 14138 21151
8070 6623 7365 3469 11087 2407 14472 9345 10775 16256 16675 8170 6629 5235 5145 18287 12164 10722 1612 1889 12350 7763 12422 13090 11066 8897 1932 1712 6371 15813 5130 4113 14925 8117 4755 6673 8674 4928 3691 4636 5510 6584 7456 10665 11658 10966 8828 3861 15135 12059 15261 7987 9131 16871 3553 11455 11030 7618 8977 14413 12331 18287 12467 7038 9399 10170 3081 7789 12023 14957 5419 15934 10296 16559 15404 8077 8395 17993 15649 10851 12102 612 12157 7681 13866 10926 12326 5176 1680 15644 16915 12025 18842 10770 15576 3888 14775 7239 9473 5782 17166 1700 4040 18080 8566 4386 4157 5874 15023 8533 10234 10517 3698 15755 10810 9214 15442 1001 14225 8777 7984 8962 9130 13163 13177 10487 11833 15523 12466 10977 6759 18485 9005 9671 5883 4870 5551 11433 9239 9787 7698 11929 9876 6406 6361 13898 15998 6826 12942 6839 10791 8117 4791 1440 1997 3746 11285 14100 11238 4768 9691 4468 18802 6810 5900 4300 8366 15865 10732 3394 11574 9166 11009 5201 10959 18289 13670 7542 3057 17933 12038 14012 1797 9991 3810 10517 2023 14308 7854 9236 8325 8915 16572 4548 14955 6517 6123 8986 12588 13770 2385 4107 16411 12744 9002 6143 10909 2390 8859 2503 15896 7171 6766 11500 13906 9741 8402 17199 7758 15748 15587 12147 14362 8780 16344 11519 6364 13847 7811 10753 10986 5479 11015 7113 9801 2496 15009 8744 16694 5731 15173 13728 3944 6610 3830 3452 13016 5730 4152 13997 9229 4745 13518 9346 9223 16115 15248 6596 8450 11162 8486 5296 9693 15106 12600 6653 5650 5571 10201 8332 6647 8070 13211 5140 11442 8601 8238 2201 10072 4189 6699 10856 13890 9035 3279 16818 9355 8248 1579 11094 12526 15057 12454 10879 15972 14306 7783 2685 7520 11680 6414 11144 6803 12363 3855 12875 8645 2909 9908 15861 7125 10294 12298 16978 8441 15018 16978 8831 2351 6648 14771 13436 11371 798 11206 12900 13650 8607 4800 17591 16554 9765 16242 2099 9769 9652 8990 13999 19577 10768 3690 11705 9321 1824 12542 10460 4909 12568 9795 3854 9774 13752 17252 11108 6788 8903 9874 6855 10648 3597 8188 14605 7572 5870 7569 12126 9346 6945 5023 17777 16224 7983 10016 15636 16242 5917 16449 14221 0 9622 10997 17804 6813 13012 3153 4271 11818 14164 15716 16090 1602 7170 8673 16195 7531 12708 10792 2392 9585 2021 7757
8059 16241 8867 11069 13446 11298 20960 9216 2048 20072 17725 17767 3497 5860 10172 16813 6511 2105 10597 7760 13517 17063 8427 17938 19044 17466 11478 7970 6832 20026 13737 13543 18728 17563 10030 6429 15712 6020 12864 6199 11312 3726 12320 19277 8188 17900 12918 13390 15067 18550 22419 17350 16787 16972 13107 2528 7558 14094 15929 10724 17595 17719 16910 10116 4173 5651 7530 16629 8074 14996 4264 16649 9208 22898 22498 16971 13170 14813 17831 9436 7904 10025 20212 5718 15103 8799 10776 14533 9664 20628 22068 12889 17100 13842 18087 13510 11905 11466 15260 15119 23745 9656 13656 24620 4204 13721 6108 4397 18562 4897 8470 9809 6512 18694 19022 2397 12644 10510 19416 1564 15893 17898 9034 12628 20932 6054 15455 20696 16509 17071 7763 17336 7774 16445 3775 7574 14896 10247 5702 800 6999 13055 5032 15313 15826 11403 20323 13890 14432 10356 13334 5755 13658 9999 10405 12924 16901 10698 18830 14377 16226 5906 16719 15411 8442 11927 1260 13022 1116 6499 2532 17922 2521 13440 19130 16134 18044 4758 10357 17742 11268 21331 10634 17430 7061 10450 10177 13435 17273 5152 17895 7277 15019 14045 19803 3448 11155 14690 20466 16145 11705 6202 15934 18468 17570 6999 16862 9982 18214 7570 20666 16568 4800 13895 17348 10640 17777 15013 16730 16158 20590 19592 11276 3164 15410 5906 15245 21195 12505 16195 12102 14589 1405 16563 12174 8100 16572 1928 19806 14612 13793 21431 12416 3633 7922 7239 17213 7076 5488 14248 6662 5314 9444 1269 920 20295 19808 16124 14253 1789 15584 4905 16655 17324 19669 16141 4172 15169 7771 17350 16254 15197 19581 14590 18418 15302 7992 9820 3430 13509 3077 2307 18244 2014 12804 23669 15192 3817 10496 2353 19896 11182 10461 13381 16219 17431 13094 9640 9299 18090 8596 10145 4900 19439 13200 18603 14358 12502 10665 20113 5550 2351 15320 22508 16963 17681 18335 13522 7297 14537 19920 17321 19518 9347 14825 16742 20626 15317 8370 14680 16834 15738 16684 7954 11260 3300 14513 9030 17597 11300 7078 18923 1420 7961 9666 17957 4781 7510 17959 5954 2428 12129 22485 5297 14522 12404 3237 9401 18145 7749 17694 17537 16864 6754 3129 10081 3032 13623 14547 15312 14977 6582 3662 17716 15419 12521 13496 10550 9622 0 9454 24415 9882 13336 10755 13888 4932 19249 19495 21333 8795 11354 2115 15930 10143 7103 2219 9350 18068 11064 17234
2929 15961 3802 9244 5072 13400 14077 1799 11478 11386 8291 17545 10398 11833 6816 7843 4550 8131 12608 9760 4400 18060 2733 10203 14154 13786 12603 9753 4807 11564 11378 12697 10178 18104 7082 4698 10635 11721 11752 6923 7526 10675 6795 15261 2102 12053 6262 14201 5621 12101 15992 15283 12061 7538 13873 8526 2271 9109 10682 3663 10261 8431 9084 4895 5299 3951 11633 13615 2629 5543 8435 7204 719 15632 15994 13962 7010 7003 8636 166 2907 11608 15197 4350 5816 743 1475 13176 9620 12584 13983 3748 8281 5862 8989 13664 3780 5996 9080 16218 16600 12350 13588 17355 5314 12585 10990 10717 9887 4657 1025 893 7920 9718 14455 11469 4449 11909 11686 10404 11764 14742 1962 3176 15407 3651 7379 12776 8482 10600 4240 8238 2165 10837 9335 6139 13399 794 3758 10243 3543 4011 4512 12807 16495 2902 11895 9624 5312 5295 5140 4063 15682 12318 12910 11793 10038 3273 13503 14052 10441 11090 8091 12387 5173 9454 9213 4874 9990 10505 11778 14438 7948 10744 14482 7533 9950 5241 8924 8366 1816 15231 10394 12264 11811 1620 9705 4068 17929 4302 16555 2503 6010 14855 11770 10135 6761 8660 15172 7186 13242 11064 6569 11335 13863 4974 10316 13042 15953 8762 12476 17359 5783 5402 8778 2592 15659 6390 13926 6704 12565 13935 3410 6309 6153 4572 17157 15148 6686 9378 3343 12687 10176 17194 4401 11707 7273 7585 10816 12306 4634 15760 14940 10577 7169 11666 9147 5360 9483 4807 2852 7691 3266 10509 10095 11785 11584 16526 8516 9200 10619 7354 11181 8178 13582 16693 9920 14563 1685 14479 16145 10413 12813 13471 12493 10019 2772 9269 6257 14828 9708 8036 10104 7444 13730 16786 9086 5789 12568 11752 14097 4291 1464 5137 6767 8676 7496 8726 3838 11666 4693 758 5662 13403 12278 11448 8484 12574 2454 11664 4874 7500 6867 14642 13345 8679 8925 7090 10090 10903 12085 9026 14757 11436 6928 8525 14272 10038 6249 6622 7385 9562 7230 9064 3286 6234 8387 4306 8934 2466 11715 13147 10636 10709 1798 12722 9609 3902 13564 10202 11725 2984 14414 4902 10709 5516 6371 4590 12865 12317 17995 8672 17898 5323 6881 1131 6441 9090 13693 6902 5821 3545 5992 8496 6127 8582 5457 3496 10997 9454 0 17233 4947 3946 13947 14091 5994 11466 10846 13388 9395 5940 7407 6524 4411 4534 11660 8830 14109 10738 17698
16801 15499 15719 14531 12172 18679 3469 16217 26314 7391 12714 15872 23037 22650 14402 17282 21707 24087 18506 18657 13283 18040 19930 7040 7246 9752 17391 18436 17602 6684 12831 14679 7856 17303 14631 18034 9187 22360 14497 18473 13338 23153 12096 8682 19334 6861 11618 17006 14625 5932 2802 12423 8719 14387 16922 24713 19376 10566 8900 19778 7026 15751 8156 14341 21214 20497 20770 11006 19862 14464 20852 13306 16909 1602 2604 10923 11259 19926 10730 17120 20140 17993 6553 18959 12718 17920 16991 13834 16484 5112 4192 13834 17883 11379 10133 16047 18735 12954 9163 17718 671 19307 15727 324 20688 14273 21440 22652 8329 20068 17685 16392 18607 9280 7781 25365 18733 17758 5599 24493 9894 10484 16289 15513 5304 20391 9870 4773 8789 7354 16724 16788 17566 8249 21855 16940 13580 16703 19752 25009 17731 13500 20824 12100 17108 18154 6381 11108 12593 14072 12094 19091 18964 18864 19131 14460 7542 19360 6724 15333 8353 21736 18434 11402 15973 13605 23501 18872 25373 20574 26932 9929 24089 12626 7606 18398 7445 19802 15166 15026 16041 4037 16010 7833 21454 15623 15958 15888 17442 20251 13756 18023 17056 17063 5772 22808 13322 9735 5935 10881 17937 21432 15315 6022 9675 17421 7554 19815 12051 18090 5456 17505 19625 11887 8977 14818 12318 18164 11296 13828 5099 5797 18977 21659 16049 21571 19199 4209 11914 8254 13917 13093 25642 17206 12956 20261 11941 22613 8773 12573 16643 4819 19488 23120 16890 21104 8171 17343 20572 14234 18828 19578 20130 24907 24584 6655 6198 16691 10196 25058 9364 19793 8158 10769 5210 16963 22043 14892 18413 11062 15803 9786 4845 14158 6370 9400 16942 16034 22354 17795 22687 24082 7344 22685 17141 1131 9236 20873 18580 26653 5402 20144 17536 12097 14099 9373 11332 15862 15303 6377 15838 16548 19531 5445 14646 5894 10075 15993 14901 6585 18962 23415 10507 3243 10020 9981 12162 10933 19411 11167 5292 8444 7266 18588 10308 8837 4161 9390 16162 19390 14059 8696 13772 17912 14080 22114 9903 21306 18519 14773 21323 6116 24967 19328 18620 7399 21277 21135 8494 20786 25855 16973 3904 21715 11016 12245 22342 15062 7220 21371 16871 9614 18050 17662 21294 17635 22105 11165 14544 18748 16528 18248 22117 10920 15860 12319 19155 19725 17804 24415 17233 0 14558 14314 20139 16120 22873 5834 7619 4315 17274 13066 22437 14953 14400 21759 26428 16256 9115 15808 17062
2672 11047 1396 4387 4487 9102 11122 3151 11830 10631 9980 12618 9050 9506 1926 11530 8149 9572 8380 6182 5560 13247 7257 8120 9936 9119 8100 6076 3051 10432 6436 7798 9250 13232 2252 3476 6365 9288 6855 4386 2595 9240 2536 10739 6450 8289 3067 9497 8322 8765 12706 10371 7693 10068 9178 10229 6091 4702 6505 8609 7721 11474 7150 275 6804 6444 8451 8794 6968 8143 6757 9172 4246 13025 12764 9149 3299 11611 9220 4781 7170 7386 11067 4456 7128 5214 5972 8235 5207 10836 12266 5213 12107 4452 9268 8865 8566 1624 5454 11477 13889 8411 8758 14754 6189 7663 8376 8936 9193 5620 4601 4206 4973 9639 10108 11074 9134 7577 9571 10117 7155 9978 3019 6439 11542 6492 5906 10871 6852 7251 2178 11694 3752 6877 7819 2830 8453 5106 5531 10512 3328 5126 6599 7898 11674 7661 10699 4947 6217 508 4236 4657 11168 8243 8811 6893 7025 8216 9479 9172 6578 8593 12120 7534 1542 4513 9046 9533 10819 7628 12411 9741 9610 5811 10169 11637 8340 5250 4194 11124 5464 11709 5778 8113 8886 3949 5129 7584 13074 5942 11612 4042 9871 10117 10024 8791 1888 4900 11178 7331 8790 8415 9603 8587 9206 2889 7024 9128 11070 5198 10922 12533 5083 4940 7975 3012 10757 10595 9078 8953 10794 10108 8296 7121 9567 7767 12540 11589 2658 6317 4173 7742 11085 12351 3108 8281 8375 8056 10695 7372 8499 11985 10620 9178 3417 8626 7534 2886 7045 7184 4797 5533 8092 10475 10124 10720 10100 11669 4530 10516 6292 5569 7155 8669 10017 11851 8188 9645 5011 9655 11243 5990 9747 8536 8793 5828 2871 4752 7928 10197 8548 9583 8552 8127 9081 13856 5402 6330 8367 12165 10360 9236 6253 4315 9170 8223 3345 4205 1151 8302 1287 4803 4983 9799 7385 8722 4597 7821 3191 10508 4408 8908 6059 12654 8648 8750 10354 3640 6772 6116 10088 7755 10500 7435 5240 7168 10906 5845 2301 11153 9759 5949 9456 5325 2958 7644 4693 8962 12860 4013 8762 9370 10550 7167 6730 8624 7549 8007 9121 7564 11516 7237 12674 7706 5957 2679 7882 533 8795 9181 13101 8440 13094 3175 6753 6017 7594 4476 8771 11211 9486 3870 7712 9172 9456 3740 10103 8442 6813 9882 4947 14558 0 6202 9955 9282 8818 9417 10052 11506 5301 1517 7880 9383 719 8453 11959 4434 9534 6055 12826
5802 16652 5858 10371 2882 15300 11507 4359 15374 7765 4398 18114 13907 15014 8010 5418 8282 12075 14582 12226 1175 19085 6128 7388 12779 13120 14263 12152 7742 8090 11764 13554 6712 18942 8380 7835 9651 14853 12650 9808 8188 14163 6619 14252 5789 10350 5406 15529 2129 9998 13571 15248 11049 3974 15223 12469 6153 8527 9581 5482 7753 5281 6339 5988 9216 7897 14381 13317 6213 1963 11764 3354 4129 12734 13528 13621 6255 6392 4746 3933 6494 13587 13648 7903 1919 4668 2982 13736 11406 9348 10656 1056 6037 3804 5155 14800 4439 6242 7673 17441 13728 14586 14644 14384 9146 13332 14021 14088 6338 8463 4877 3536 10676 5949 13229 15247 4543 13776 8730 14185 11145 14234 4586 1202 13550 7591 4712 9614 5647 8686 6855 5514 5648 9475 12757 8570 13863 3165 7640 14115 6787 1300 8453 12880 17523 3846 8430 9361 1723 6238 3171 7718 17303 14437 15008 12675 7926 5076 11945 14941 9032 14179 6169 12263 7274 10213 12993 4772 13917 13394 15703 13797 11894 11089 13209 5770 6870 8873 10317 4980 2170 13055 11926 10958 14705 2988 11301 1842 18828 8197 16725 6118 3959 16106 8590 13638 7370 7469 13467 3564 14963 14080 3401 8846 13173 7800 8395 15303 15756 11209 9146 18358 9259 2856 5397 3352 15560 4918 13693 2949 9342 12134 4665 10173 3435 8424 18605 13009 6335 7419 2041 13069 14110 18144 3512 14307 3343 11436 7013 12554 2820 13793 16811 14074 9431 14495 6182 8086 12550 1019 6674 10794 6005 14339 13929 8269 8278 17443 7579 13145 9709 10584 9848 4330 11553 17655 13286 15269 5613 14146 16889 9656 10423 14094 10684 9028 5761 10943 10199 16276 13255 11981 6971 11322 15161 14057 7732 9584 14569 15657 12195 5830 3504 3100 3098 5135 6988 10400 5589 9632 6764 3212 9133 11424 13169 8929 7457 13833 3214 8194 8320 11442 3892 11424 12770 4926 4999 6079 12725 10719 9024 5870 13393 13615 4574 5505 12017 9045 8325 5851 3722 8051 3485 11405 3244 10163 7199 7191 6815 2348 14592 11357 14459 13218 4636 11313 12840 7444 12537 13201 15542 2660 11078 8810 10465 4834 10308 6179 11409 15103 18744 5034 18950 8189 10590 3742 10352 8801 14403 5585 3481 7011 9934 4594 3302 8796 5189 5445 13012 13336 3946 14314 6202 0 16145 15192 9861 8490 7271 10176 11477 6258 11253 3188 5483 8115 15552 10636 13255 12163 18538
11023 6570 10430 6424 14236 1475 16945 12364 11384 19233 19825 7764 7317 5145 8294 21384 14555 12286 1746 4224 15500 6505 15117 15988 13076 10676 2749 4203 9191 18744 7323 5537 17927 7157 7904 9415 11251 4898 5645 7207 8592 7147 10543 12282 14392 13440 11936 3692 18271 14624 17470 8950 11430 20020 3593 12972 13726 10434 11562 17230 15179 21424 15441 10185 11603 12616 3232 9440 14705 18095 7070 19086 13263 19015 17633 9647 11457 20947 18771 13808 14749 2625 14064 10271 17019 13805 15323 6523 4820 18452 19661 15167 21928 13900 18681 4424 17702 10376 12334 4722 19529 1597 4728 20432 10812 5930 4647 6416 18051 10932 13120 13532 6181 18828 12698 9640 18392 2604 17030 9546 10254 10411 12142 16257 15197 12979 14910 18297 15489 13698 9719 21600 11876 12270 7075 7820 6854 14437 11762 10687 10518 15076 12226 8153 5568 16844 18909 9542 16095 9991 13939 10703 3006 1714 1178 5680 14100 16945 13433 5363 12360 4860 21864 8771 8962 7123 9525 18819 11792 4377 12193 10769 12636 7619 12864 21341 16625 9920 6136 21078 15094 16200 4639 12327 3724 13585 5079 17399 6841 11654 8701 11721 19648 4099 17805 7321 9245 11886 14573 16899 2239 4553 19542 15482 10773 8994 13667 922 9757 5193 18737 6144 9125 14646 16962 12852 9303 20235 9280 18898 18393 14361 17254 10773 19454 13874 4524 16029 10901 13624 14126 7141 12049 6222 12954 2724 18156 10401 19740 7599 18243 15752 1709 7217 6824 3518 16009 8595 5572 17136 11921 6902 16249 10122 10128 19046 18139 5983 11360 12480 11057 7435 12229 18231 14946 5905 6594 6108 12996 9748 6447 10661 15765 6297 13876 11289 11175 5330 12060 3316 7680 12452 16842 10729 3284 19095 12211 10404 1710 11656 14754 17867 15411 14027 19121 17383 10806 5833 10615 14285 9480 14155 9192 14717 5510 15607 11561 4167 13014 18786 9683 11994 15411 19639 10294 18119 20122 11886 4097 9060 17569 16456 13267 2540 14296 15936 15987 11292 7869 20567 19704 12571 19394 4884 12907 11644 11923 16606 22653 13880 3690 14035 10052 3370 15399 12742 6097 15095 11781 4918 10173 16778 19974 13389 9258 12041 11835 9973 12919 3069 7395 17693 6307 8673 9485 15066 11292 9761 5996 20797 19315 10724 12062 18763 19356 8836 19402 17034 3153 10755 13947 20139 9955 16145 0 4566 13923 16990 18707 18836 4672 10310 10380 19332 10671 15140 11344 5545 11374 4639 6901
11298 2353 10289 4896 12724 3185 13153 12311 14970 16430 18148 3909 10795 9070 7355 20610 16037 14971 3549 6154 14292 3971 15957 13046 8898 6406 2447 5962 9969 15811 3923 1767 15250 4068 7043 10363 7886 8775 2566 8629 7004 10715 8711 7862 15154 9769 10105 919 17212 11041 13365 4389 7633 18718 976 15708 14600 7649 8186 17702 12137 20279 12762 9418 13454 14039 6846 5142 15586 17012 9688 17618 13372 15155 13545 5284 9393 20892 16715 13930 15710 3878 9779 11496 15565 14190 15236 2305 4773 15205 16253 14140 21222 12125 16494 434 17813 8953 9489 2262 15549 4614 556 16427 12617 2120 8175 9982 15479 12484 13509 13439 7811 16441 8435 13347 18405 3395 13816 12990 6508 5957 12132 15636 10972 14306 12699 14980 12993 10441 10057 20678 12363 8866 10135 8362 2540 14357 13064 14030 11216 13953 13829 4046 2404 16910 15913 6638 14659 9083 12400 11918 2869 4155 4015 2550 11033 17341 9417 822 9080 8467 21301 4810 8969 4986 12631 18808 14996 7526 15776 6381 15247 4503 8607 20846 13830 11538 5168 19806 14742 12099 3817 8524 7548 13230 4500 16766 3861 13153 4239 12396 19051 1037 14674 10710 7824 9188 10333 14970 2476 8105 18520 12179 6494 9705 10489 4710 5192 6598 15561 3268 10802 13043 14552 12265 4737 19839 4906 17576 15142 10334 17497 12942 18626 15434 3593 11926 9047 10723 13178 3108 15278 3115 11701 6189 16430 12991 17198 3706 17715 11519 3444 10754 7357 7225 13371 9301 8406 16079 12865 8943 16973 13566 13463 16101 15105 2479 8735 15432 7695 9483 8722 16217 11048 2615 9857 1545 13649 5299 2380 7375 12124 1962 10130 8130 11494 4960 14218 1676 10929 15100 14031 13274 1298 15031 9364 12352 3658 15280 10729 18345 15479 12490 17843 15066 8630 5459 10290 10783 9416 14054 10818 10836 2076 12289 8937 1565 12449 15832 10994 14522 13400 16075 6102 15924 18290 9752 6596 5660 14324 13906 8993 4595 12190 13473 12049 8127 7970 20434 18357 9573 18009 6178 12056 13802 9319 17616 21994 13224 7458 10149 13532 5971 15797 8852 9145 16307 7628 8034 13905 16517 16513 15083 5923 10479 14033 9540 9008 7072 4044 15426 3814 9527 11774 15206 13517 7059 1578 20468 18626 11606 14139 16752 18492 6566 19381 17521 4271 13888 14091 16120 9282 15192 4566 0 15887 13829 15967 15447 5416 8934 12912 18244 9951 16536 14973 5470 7083 3414 3673
6217 18139 7451 11825 10903 14007 19564 6661 6575 17369 14041 19754 7637 9864 10000 12342 1763 2911 13205 10006 10394 19579 3990 15936 18751 17751 13740 10137 6317 17514 14480 15017 16136 19892 10048 5838 15184 9913 14157 7259 11090 7931 11311 19456 4095 17042 11358 15644 11199 17365 21329 18439 16497 12994 15321 2937 3726 13518 15320 6051 15847 13466 14827 8951 2434 2402 10826 17216 3756 11177 6882 12929 6098 21283 21362 17576 11899 10030 14599 6054 3506 12371 19885 4633 11768 5251 6942 15825 11144 18445 19867 9742 12544 11569 14972 15462 7369 10389 14108 17599 22219 12502 15512 23024 3271 15067 9604 8378 15863 3485 5283 6684 8125 15711 18901 7326 8065 12815 17442 6402 15873 18468 6584 8893 20340 2484 13171 18605 14281 15828 6781 12930 5323 15664 7169 7808 16141 6726 3290 5674 5512 9999 2245 16086 18143 7055 17840 13675 11305 9321 10904 4292 16481 12698 13229 14212 15422 6118 18291 16156 15338 9528 12096 15929 7896 12452 5467 8402 4908 9598 6581 18327 2548 13991 18970 11519 15795 4361 11219 13610 7692 20416 12141 16930 10617 7454 11509 9442 19644 2941 19360 4895 10633 16337 17620 7456 10596 13591 19991 13179 14181 9702 11834 16867 17846 6588 15569 13030 19244 9336 18373 18972 5086 11283 14729 8095 18860 10446 17427 12365 18421 18891 6735 3156 11195 1437 18093 20308 11359 14719 9249 15617 4981 18895 9933 11221 13203 3857 16807 15441 9570 20767 15393 7820 8668 10658 14971 6916 8378 10606 4089 7116 4792 6200 5828 17745 17482 18332 13287 3822 15109 6562 15957 14156 18724 18419 7788 16859 4517 18042 18232 14796 18230 16001 17532 14642 6044 11061 1906 16005 6963 2731 15964 3527 15073 22313 14078 3573 13124 6752 19123 6424 6490 10921 12358 14656 12118 10663 7808 16906 7740 6751 5071 18518 14612 16991 13325 14342 8036 17612 5009 2591 12767 20473 17259 14672 14722 12129 9886 14692 17880 14915 19309 11866 12640 14385 19546 14660 8460 9954 12932 14611 12855 9754 8827 2302 13351 4171 12964 8362 10581 18137 6351 10632 5462 17440 7994 2801 17892 9088 7334 8017 20297 1158 14585 10675 2147 8287 17609 11292 19919 14663 19389 6614 4449 6175 2675 13249 16083 10659 10693 4973 1865 14451 11241 12357 8819 5900 11818 4932 5994 22873 8818 9861 13923 15887 0 17237 16822 19230 10475 10291 3793 11906 8716 2261 6778 10532 18233 12576 19517
11344 14082 10391 10696 6394 15647 3270 10586 21228 2980 7507 15015 18358 18404 9777 11927 15983 18686 15251 14537 7450 16816 14137 1318 6693 8513 14333 14345 12437 2171 9963 12112 2503 16291 10090 12822 5943 18140 11587 13672 8910 18519 7228 8580 13568 4435 6350 14578 8966 3223 5372 11427 6466 9047 14392 19268 13655 6564 5643 13946 1838 10576 2411 9166 15751 14899 16820 9459 14088 8790 16084 7861 11190 4245 5279 9575 6260 14303 5428 11361 14369 14512 6973 13612 6967 12170 11164 11603 12599 1486 2864 8003 12566 5668 4863 13610 12922 7934 4692 15876 5238 15827 13322 5923 15307 11726 17198 18122 2990 14653 11985 10648 14022 4175 7347 20483 12950 14410 245 19533 7426 9649 10684 9687 6275 14755 4089 1456 2985 3388 11487 11527 11993 4974 17134 12086 11487 10904 14226 19906 12343 7670 15276 9976 15516 12324 2165 7455 6773 8980 6350 13685 16640 15455 15856 11571 2890 13527 5704 13183 4751 17468 13051 9160 10934 9894 18459 13111 20133 16356 21781 9039 18645 9496 7228 12934 1626 14521 11182 9860 10215 5266 12424 5721 17428 9872 12155 10109 16324 14751 13026 12473 11450 14862 847 18108 8622 5198 6510 5140 14994 17211 9806 1711 8495 12297 3357 16451 11474 13777 1750 16148 14465 6081 3254 9142 11530 12565 9861 8308 1433 5283 13150 16320 10478 15894 17343 5293 6952 3423 8130 10769 20387 15861 7316 16423 6390 17375 4246 10149 10908 6275 16796 18469 12286 17103 2341 12300 16095 8467 13265 14821 14303 19889 19534 2415 1363 15213 5734 19698 6134 14934 5164 5306 4355 15484 17429 13036 12733 9962 14388 6470 2731 11994 4336 5753 11461 12087 16885 15428 17908 18660 1562 17404 14518 5589 4809 15553 15299 21559 5105 14318 11710 6342 8602 3746 6612 11764 9960 3262 10694 10763 14359 4378 11920 1633 5549 13164 9206 2154 13705 18009 4676 3270 8479 4537 7118 5850 15269 8181 671 2630 7167 14958 4597 3003 4242 5754 11370 13756 8682 4419 8354 13701 8410 16684 5236 15482 13268 9000 17295 4777 19966 15368 12801 5665 16717 15365 7311 16455 20931 11150 3262 16083 7930 6848 16899 9868 5611 17500 15931 4064 16761 12592 16126 11818 16718 7239 12401 13182 10910 12830 16637 5597 10286 8251 13426 13891 14164 19249 11466 5834 9417 8490 16990 13829 17237 0 2765 2089 13232 8045 17192 9434 9106 16000 21362 12156 8187 12362 15953
11436 16464 10725 12290 6062 17449 5850 10387 21527 581 5106 17505 19094 19468 10891 9665 15380 18643 16963 15792 6477 19193 13330 2974 9423 11097 16161 15626 12878 936 12045 14211 808 18727 11251 13191 8185 19229 13578 14438 10238 19290 8344 11301 12886 7062 7127 16648 7132 5929 7874 13964 8957 6768 16430 19152 13114 8387 7914 12697 3927 8165 3268 9780 15681 14615 18116 11948 13362 6993 16801 5702 10739 6197 7746 12100 7365 12359 3117 10775 13646 16135 9737 13777 5442 11585 10205 13831 14072 2556 3546 7117 10271 5687 2521 15704 11504 8827 6495 18105 7152 17412 15436 7604 15370 13846 18295 18984 960 14684 11558 10143 14959 1661 10070 20997 11387 16103 2947 19991 9792 12260 10537 8450 9023 14396 4147 2950 3280 5729 11885 9184 11853 7318 17863 12870 13762 10163 14092 20209 12496 6837 15077 12301 17824 11055 1252 9372 5611 9705 6160 13762 18698 17086 17542 13571 4995 12309 8430 15385 7003 18539 10816 11490 11589 11602 18854 11473 20274 17490 21999 11661 18541 11501 9958 10782 2137 14743 12663 7440 9302 7949 14071 8297 18661 9381 13695 8582 18735 14646 15576 12355 9492 17003 2171 18832 9758 6865 9273 3716 16852 18321 7717 4346 11090 12792 5599 18078 14080 14929 2165 18504 14837 5628 2148 8917 14101 10589 12359 6245 2584 8045 11842 16416 8472 15413 19539 7992 8008 5244 7591 13001 20507 18226 7327 17796 4410 17574 1481 12377 9223 8992 18712 19226 13277 18359 2701 12883 17050 6938 13095 15586 13276 20280 19899 1023 1576 17556 7374 19694 8361 15602 7576 3217 7120 17821 18240 15330 12333 12521 16764 8629 5493 14230 7031 7852 11509 13546 16779 17498 18568 18588 1938 17549 16518 7707 6620 15695 16997 21844 7870 12968 10743 6115 6505 2172 7935 13145 10300 5891 11245 10095 14720 7140 13968 4304 7170 15126 8925 1035 13985 17973 4176 4434 11010 2453 4595 6924 16487 10326 2803 2322 9914 16489 4813 2899 6957 7857 12245 11830 6441 6396 6160 14926 8252 16641 6798 14462 10922 8471 18530 7515 20374 16698 11875 8311 17591 14626 9953 17507 21397 9833 3938 15701 10055 7376 16832 10411 8278 18825 18388 2238 19123 13134 16440 10936 16738 9034 14630 11156 8976 12920 16519 3308 8286 9873 11695 12678 15716 19495 10846 7619 10052 7271 18707 15967 16822 2765 0 3309 14584 8927 17387 7361 9572 15290 21679 13517 10831 14081 18372
13404 15469 12471 12632 8338 17459 3109 12600 23315 3130 8413 16256 20436 20441 11833 12974 17928 20744 17108 16546 9218 18184 16016 3396 7543 9703 16140 16350 14525 2376 11668 13778 3564 17593 12138 14907 7630 20174 13330 15754 10934 20595 9297 9404 15482 5731 8439 16240 10338 4438 4848 12640 7875 10076 16077 21317 15608 8472 7320 15659 3866 11465 4449 11255 17801 16913 18812 10781 15992 10183 18166 8992 13153 2903 4687 10841 8337 15621 6416 13291 16275 16409 7503 15685 8488 14105 12976 13172 14560 829 826 9810 13580 7674 5818 15263 14552 10019 6659 17402 3845 17733 14963 4316 17372 13381 19233 20189 4025 16714 13959 12595 16087 4970 8207 22571 14505 16280 1946 21622 8948 10758 12707 11378 6529 16753 6060 637 4950 5139 13572 12491 14023 6617 19214 14169 13017 12787 16263 21993 14412 9491 17306 11481 16971 14020 2089 9302 8456 11069 8325 15750 18296 17344 17721 13309 4827 15251 6625 14756 6482 19506 14125 10677 13023 11796 20547 14624 22210 18385 23864 10142 20695 11258 8060 14084 3440 16600 13150 10739 12036 5247 14327 7031 19434 11817 14098 11667 17657 16794 14195 14508 12751 16470 1618 20188 10681 7192 6937 6662 16781 19243 11002 3356 9666 14386 5184 18338 12560 15810 1144 17545 16552 7987 4781 11142 12682 13856 11162 9517 835 5958 14833 18391 11740 17868 18887 5337 9029 5432 10046 12347 22463 17252 9343 18396 7638 19455 4546 11742 12384 6349 18540 20546 14348 19103 4258 14389 18154 10008 15294 16901 16107 21977 21622 2379 1916 16632 7725 21762 7826 17019 6729 6460 4997 16907 19502 14529 14716 11165 15779 8200 3477 13553 5465 7547 13517 14055 18932 17083 19992 20714 3285 19480 16226 4431 6769 17627 17161 23646 5665 15987 13523 8309 9786 5116 8659 13756 12040 4665 12783 12667 16445 5115 13622 3229 7548 14907 11194 2281 15787 20067 6527 1257 9763 5674 7883 7932 17284 9876 1418 4375 7897 16887 6615 4863 4433 7544 13447 15087 9746 6329 9458 15720 10417 18740 7256 17293 14227 10928 19301 5697 22055 17357 14635 6839 18785 17270 8421 18498 23020 12818 1184 18080 9645 8930 18951 11957 6736 19482 17208 5329 18147 14681 18212 13661 18781 9145 13961 14436 12226 14894 18682 6605 11552 10205 14886 15619 16090 21333 13388 4315 11506 10176 18836 15447 19230 2089 3309 0 15223 10130 19272 10641 11191 17915 23450 14150 9263 14235 17279
6469 7703 5776 2753 9671 4006 13866 7747 10183 15138 15239 9305 6202 5381 3774 16717 10703 9647 3214 1387 10859 9154 10861 12089 10879 8940 3351 1162 4799 14752 5109 4768 13783 9423 3390 5125 8088 5089 4071 3218 4360 6230 6245 10754 10088 10416 7554 5194 13605 11407 14854 8555 8778 15369 4866 10390 9472 6811 8374 12824 11394 16757 11376 5539 8042 8702 3590 7968 10466 13430 4533 14463 8694 15945 14980 8293 7220 16391 14308 9249 10555 2213 12017 6180 12407 9330 10726 5740 899 14718 16042 10507 17266 9426 14271 4995 13173 5901 8564 7191 16621 3111 5066 17535 7205 4929 4178 5601 13843 7102 8638 8918 2415 14505 10716 8773 13840 2539 13316 8174 7699 9214 7530 11591 12938 8999 10594 14633 11308 10194 5158 16929 7412 9036 5235 3273 6101 9834 7749 9076 6120 10426 8450 6608 7681 12296 14959 6167 11488 5376 9387 6613 6351 2974 3558 4130 10396 12507 10909 5743 8986 4482 17216 6831 4309 3692 7574 14263 9910 3314 10953 9314 9898 4969 10849 16700 12596 6137 2112 16421 10449 13638 1840 9580 4221 8931 1454 12735 9182 7788 9154 7336 14991 5888 13992 6034 4849 8038 12386 12418 3914 4164 14872 11917 9047 4563 10089 3828 9421 1235 14934 8522 5390 10099 12691 8180 8982 15606 8021 14253 14665 11784 12763 7536 14784 10076 7897 13479 6589 9810 9464 5818 10199 8431 8349 3214 13596 7673 15482 5904 13590 13478 5545 6229 2229 3884 11897 4149 3592 12471 7680 3592 11946 8716 8530 15054 14237 7858 7502 10200 7913 4112 9116 13761 12125 7950 5172 6494 8621 8631 7777 7491 12552 5811 10915 7906 6638 1249 8805 5648 6102 9763 12817 7937 4639 16341 8454 6936 3178 10516 12145 13468 10852 9472 14470 13056 6685 1468 5947 10998 4825 9545 5410 11886 4412 12052 7684 3888 8344 14807 5645 9161 10990 16183 8453 13722 15573 7661 2140 6308 13863 12276 11257 2138 9949 11722 13165 7914 3210 15990 15060 8913 14755 842 8244 8391 7999 12458 17996 9209 4088 11259 8716 2137 10947 10081 4376 11057 9663 3596 9323 12156 16400 9697 6387 7545 8624 5302 10274 4270 9444 13335 8969 4307 6400 10524 8113 6163 5800 16181 14651 6426 8723 14284 14685 5042 14847 12632 1602 8795 9395 17274 5301 11477 4672 5416 10475 13232 14584 15223 0 5821 7578 14665 6013 11228 10228 1078 9596 2272 9044
4090 10455 2841 4156 3947 9282 9620 4231 13278 9498 9533 11965 10320 10542 2047 11676 9536 11088 8635 6923 5384 12834 8455 6772 8498 7864 8145 6775 4538 9220 5631 7306 8120 12720 2433 4978 4918 10301 6394 5631 1931 10489 1024 9408 7667 6779 1800 9291 8291 7252 11190 9405 6286 9877 8991 11746 7387 3280 5037 9551 6301 11392 5869 1345 8316 7903 9245 7679 8203 8094 8041 8854 5292 11544 11248 8024 1821 12172 8492 5776 8426 7687 9614 5972 6777 6336 6720 7558 5492 9493 10907 5206 12291 3608 8451 8544 9309 113 3940 11185 12396 8848 8387 13267 7706 7100 9367 10123 8123 7134 5792 5104 6051 8709 8707 12451 9799 7787 8185 11520 5856 8802 4159 6763 10050 7923 4830 9500 5661 5742 3694 11750 5110 5378 9093 4043 7722 5924 7013 11965 4830 5026 8088 6941 11269 8416 9467 3688 5852 1014 3640 6168 11121 8605 9136 6421 5549 9135 8001 8695 5068 9612 12387 6467 2923 3958 10479 10171 12308 8567 13877 8509 11126 4965 8758 11948 7085 6760 4218 10960 6044 10194 5819 6651 9758 4647 5261 7870 12594 7440 10757 5453 10143 9855 8696 10068 1124 3383 9702 6606 8857 9394 9598 7122 7945 4356 5520 9554 10041 6019 9614 12109 6559 4341 6935 3573 9767 10980 7999 8736 9448 8608 9126 8634 9693 9193 12372 10076 1152 4847 4254 6955 12577 11901 2779 8981 7851 9549 9714 6502 8840 10485 10742 10435 4351 9467 6311 4298 8143 7153 6234 6782 9186 11900 11560 9515 8822 11202 3017 12026 4861 6890 5665 7947 8502 11409 9408 9059 6302 8544 10680 4590 8243 7899 7280 4357 4277 4980 9443 10056 9862 11099 7303 9629 8947 12349 3886 7842 8641 13615 8853 10153 7088 3729 8987 7263 1834 4486 2497 6788 2777 5632 6465 8285 6916 7259 3080 7596 3756 9288 5916 10424 5171 11249 7414 7904 9813 2201 7591 4967 8713 6606 9075 7879 4170 6029 9390 4374 3350 11681 9535 4434 9202 6050 3194 9161 3181 10140 13065 4410 9629 7864 11970 7866 7736 7154 8720 9313 7750 8581 12909 7797 11307 9167 4769 1733 9399 2044 7321 9965 12542 7528 12697 4608 8229 6916 9110 3164 8186 11625 9704 5370 9225 8473 9558 2697 10719 9399 7170 11354 5940 13066 1517 6258 10310 8934 10291 8045 8927 10130 5821 0 9375 9333 1628 9799 13401 4808 8225 6000 12314
5951 15242 6802 9546 11335 10654 18995 7103 4162 17963 15648 16821 3853 6076 8355 14927 5028 2070 9885 6787 11409 16369 6660 15878 17305 15876 10597 6962 4837 17928 12254 12332 16623 16778 8259 4404 13890 6136 11571 4606 9506 4151 10362 17669 6310 16022 10883 12530 13027 16611 20516 16030 15032 14943 12225 2813 5640 12245 14090 9012 15564 15751 14838 8103 2233 3759 7195 15127 6276 12948 3337 14581 7125 20904 20586 15478 11178 13132 15721 7379 6145 9162 18471 3614 13003 6779 8770 13262 8383 18556 19998 10784 15250 11745 15973 12507 10095 9486 13306 14392 21768 9066 12611 22634 2108 12461 5895 4585 16452 2795 6407 7720 5172 16579 17328 4101 10846 9635 17364 3046 14201 16401 6919 10583 19130 4188 13362 18634 14423 15114 5727 15421 5665 14573 3417 5783 13611 8196 3650 2869 4897 10945 3136 13860 15022 9523 18227 12124 12322 8366 11227 3640 13104 9329 9814 11630 14904 8933 17028 13306 14330 5790 14907 13874 6497 10344 1894 11241 2944 6004 4615 16373 2336 11889 17426 14322 15961 2672 8855 15743 9212 19459 9388 15628 6910 8347 8848 11430 16507 3121 16725 5170 13111 13212 17730 3665 9269 12741 18689 14030 10938 5994 13936 16461 15978 5031 14895 9521 16879 6350 18585 15814 2839 11783 15240 8525 16458 13184 15266 14101 18520 17757 9480 1105 13444 4348 14718 19328 10527 14195 9988 13218 3206 15772 10072 7656 14471 187 17691 13171 11843 19614 11940 4039 6304 6988 15128 5163 4816 12179 4582 3986 7750 3103 2689 18194 17723 15269 12325 2752 13773 3470 14802 15212 17783 15320 4019 14069 5734 15889 15292 13400 17618 13367 16537 13446 5880 8446 1914 12775 3171 2189 16158 363 11945 21721 13245 1702 9794 4468 18048 9524 8489 11272 14173 15318 11152 8178 7232 16149 6600 8079 2922 17557 11959 16595 12418 11434 8550 18015 3491 1631 13211 20456 15372 15566 16249 11515 6501 12880 17862 15224 17803 8563 12737 14647 18717 13462 6570 12951 14792 13792 14630 6764 9148 1589 12552 7524 15785 9191 6887 17066 3232 7232 7773 16155 4314 5931 16272 5468 4321 10166 20417 3735 12838 10344 1670 7382 16340 7598 16860 15422 16173 4831 1242 8102 1215 11815 13374 13528 13036 4470 2045 15607 13443 10750 11745 8827 8673 2115 7407 22437 7880 11253 10380 12912 3793 17192 17387 19272 7578 9375 0 13916 8095 5655 4327 7940 16447 9829 16424
8858 19585 9026 13481 5576 18471 12685 7391 17929 7684 2566 20995 16854 18094 11162 2625 10181 14441 17760 15407 3953 22089 7925 8652 14868 15595 17415 15337 10831 8293 14684 16568 7111 21897 11538 10878 12109 17946 15685 12929 11260 17122 9564 16511 7877 12338 8235 18624 1061 11706 14796 17951 13423 1095 18324 14725 8423 11227 11982 6347 9297 2092 7827 9163 11757 10309 17543 15955 8153 1244 14782 1667 6923 13471 14710 16233 9042 5005 4250 6571 8400 16768 15589 10795 2907 7138 5154 16669 14582 9843 10900 4178 3290 6336 4842 17863 4936 9304 10038 20502 14451 17774 17692 14954 11834 16322 17135 17100 6629 11181 7544 6399 13823 5720 15394 17991 4531 16949 9677 16926 13710 16755 7625 3385 15268 9937 6582 10197 7154 10640 9983 2479 8527 11736 15743 11739 16766 5750 10267 16726 9780 4314 10914 15672 20539 4921 8613 12141 3694 9398 5900 10551 20436 17623 18192 15706 9797 6081 13949 17946 11293 17280 3668 14999 10455 13258 15736 4469 16383 16533 18168 16264 14199 14011 15345 3502 7874 11729 13464 1856 4766 14529 15076 13171 17848 6017 14462 2500 21800 10797 19483 8952 2160 19182 9242 16588 10456 9967 15304 4431 18118 17198 374 10300 15635 10910 10367 18491 18383 14389 9505 21361 12201 5339 6201 6526 18232 3235 16349 1130 9858 13956 5476 12813 1131 10501 21705 14518 9249 9457 5211 15961 16544 21136 6554 17484 3046 14091 6486 15414 2432 15414 19976 17028 12614 17647 7442 11216 15650 2202 9376 13876 7352 17018 16603 8366 8764 20432 10188 15494 12200 13629 12103 4187 13227 20654 16297 18222 8183 16748 19836 12223 11848 17040 12577 11517 8790 14113 12619 19387 16180 14319 7887 13933 18276 14935 10122 12313 17749 18188 13937 6375 5496 5813 856 5688 9808 13572 8771 11422 9943 5913 12075 13144 16196 10346 10034 16929 6380 8394 11265 13854 5659 11795 15299 4977 3294 8782 15895 13479 9805 6933 15466 16803 6739 6821 13472 11532 11512 4486 1139 10325 1266 14590 6426 12657 9719 8411 4062 5506 17737 13226 17148 16398 6447 13444 15897 9198 14843 16319 18237 3890 11281 10993 13210 7776 12765 9368 13507 18262 21675 5387 21962 11297 13399 5863 12900 11597 17368 3796 1690 9930 12361 4057 958 11748 4536 6411 16195 15930 6524 14953 9383 3188 19332 18244 11906 9434 7361 10641 14665 9333 13916 0 8665 9848 18116 13815 15630 15298 21497
2498 11669 1319 5056 3853 9821 10996 2648 12126 10153 9295 13226 9528 10099 2605 10815 7913 9687 9099 6866 4854 13910 6848 7795 10119 9468 8813 6767 3346 9999 6984 8436 8775 13875 2948 3717 6539 9890 7496 4917 3132 9731 2618 11032 6054 8326 2793 10188 7604 8700 12661 10872 7914 9356 9871 10317 5760 4908 6648 8062 7472 10756 6782 533 6836 6318 9117 9224 6586 7426 7238 8471 3733 12846 12707 9574 3203 10951 8596 4245 6805 8105 11229 4560 6437 4750 5346 8828 5925 10494 11932 4496 11396 3911 8668 9538 7947 1711 5409 12158 13734 9124 9422 14583 6288 8285 8989 9464 8690 5675 4181 3622 5576 9077 10335 11458 8495 8295 9273 10476 7470 10376 2554 5733 11631 6318 5434 10554 6429 7168 2382 10976 3487 6955 8300 3410 9032 4499 5458 10803 3338 4415 6539 8397 12337 7044 10277 5283 5532 897 3621 4698 11877 8960 9528 7532 6860 7659 9600 9817 6623 9197 11416 7984 2068 5118 9374 8887 11038 8261 12675 10105 9694 6342 10385 10937 7945 5430 4895 10409 4793 11712 6486 8263 9533 3295 5842 6877 13723 5915 12157 3846 9165 10801 9673 9265 2351 4880 11300 6715 9505 9032 8884 8392 9550 3233 6924 9841 11545 5872 10552 13193 5364 4314 7466 2317 11249 9903 9526 8243 10455 10178 7705 7266 8851 7584 13238 11601 2644 6148 3455 8301 11297 13006 2459 8965 7708 8276 10148 7902 7798 12052 11338 9664 4083 9281 7124 3312 7624 6466 4637 6048 7619 10806 10442 10281 9711 12320 4573 10664 6486 6034 7256 8046 10019 12507 8701 10266 4674 10088 11872 6218 9632 9142 8818 5968 2675 5469 7974 10896 8996 9683 8151 8319 9779 13743 5372 6484 9086 12456 10408 8680 5657 3696 8457 7679 3414 4922 916 8238 1676 4198 5255 9809 8026 8524 4609 8506 2500 10078 4604 9015 5507 12365 9010 8162 9684 3479 7439 6520 9777 7301 10699 8149 4776 6714 10868 5986 2959 10486 9049 5911 8749 6015 2239 7719 4648 8542 12150 3306 9411 9421 10889 7854 6208 8761 8092 7686 9378 8172 11881 6569 12347 7580 6340 2266 7950 854 8925 9847 13734 7877 13760 3565 7021 5444 7705 4775 9391 10524 8775 3866 7744 8541 8739 4176 9454 7901 7531 10143 4411 14400 719 5483 10671 9951 8716 9106 9572 11191 6013 1628 8095 8665 0 8170 12263 5152 9844 6756 13469
5788 18682 7062 12091 9606 15024 18566 5717 8823 15814 12100 20305 9473 11555 9966 10122 629 5150 14207 11022 8813 20375 1993 14735 18278 17570 14574 11113 6589 16043 14613 15459 14653 20597 10099 6175 14702 11560 14550 8075 10951 9773 10777 19185 2433 16349 10545 16412 9221 16511 20441 18609 16085 10942 16081 5195 2447 13079 14796 3807 14767 11307 13615 8520 3669 2541 12207 17187 1930 9222 8317 10988 4871 20158 20453 17546 11202 7771 12850 4641 1646 13296 19373 5051 10033 3839 5134 16158 11769 17108 18499 8178 10303 10380 13270 16102 5159 9881 13368 18419 21122 13631 16108 21884 4373 15450 11119 10125 14335 4212 4143 5367 9054 14056 18505 9477 5835 13705 16219 8506 15605 18400 5718 7044 19696 2232 11913 17306 13015 14988 6728 10725 4703 15048 8814 8192 16444 5141 3480 7870 5446 8472 2925 16176 18877 4936 16377 13399 9688 8922 9666 4622 17480 13759 14322 14601 14482 3906 17716 16698 14681 11093 9844 15908 7899 12579 7479 6159 7159 10967 8842 18186 4802 14057 18553 9268 14480 5224 11570 11493 5995 19624 12721 16408 12107 6136 12048 7442 20372 3492 19680 4435 8448 17103 16297 9263 10330 12897 19409 11586 15092 11213 9745 15830 17658 6859 14713 14224 19367 10210 16987 19728 6019 9932 13264 6987 19016 8208 17443 10401 17090 18227 4531 4750 9067 1330 19069 19531 10754 13803 7874 15839 7240 19620 8851 12515 11418 5763 15127 15579 7460 20083 16486 9662 9179 12094 13680 7251 9756 8750 3771 8239 2572 8360 7971 16253 16097 19012 12671 6083 14654 7714 15369 12445 17951 19129 9453 17342 3513 18039 18810 14388 17279 16382 16814 14118 5586 11588 3778 16870 8768 4978 14631 5465 15865 21290 13358 4842 14138 9007 18421 4163 4623 9667 10364 13119 11553 11122 7330 16065 7607 5249 5959 17761 15042 15946 12674 14971 6884 16144 5587 4755 11390 19170 17095 13024 12802 11359 11044 14548 16618 13547 18863 12887 11451 13054 18695 14136 8698 7693 10913 13865 10868 10609 7720 4066 12637 1929 10710 7000 12053 17450 8510 11778 3510 16895 9512 672 17545 10501 9526 5995 18929 1925 14401 9816 4012 7954 17052 12752 20576 13079 20192 7010 5961 4376 4442 12918 16518 8404 8544 4983 3612 12690 9128 12170 6563 3664 12708 7103 4534 21759 8453 8115 15140 16536 2261 16000 15290 17915 11228 9799 5655 9848 8170 0 9025 11070 17985 13137 20207
10250 17311 11009 12710 15640 12130 22964 11430 204 22257 19938 18765 4178 6204 12081 18923 8469 3875 11515 9032 15735 17820 10504 20055 20818 19099 12527 9261 8925 22195 15303 14856 20908 18404 11902 8549 17585 6446 14266 8022 13200 4271 14341 20918 10323 19820 15016 14373 17266 20530 24352 18720 18588 19165 14119 3941 9716 16002 17817 12749 19680 19877 19043 12202 6366 7814 8250 18184 10171 17198 5795 18860 11425 24931 24440 18514 15222 16793 20048 11646 9983 11104 21983 7909 17322 10996 12964 15890 11124 22757 24195 15107 19185 16014 20300 14628 13982 13514 17266 15940 25758 10496 14811 26642 6423 15079 6841 5013 20751 7115 10682 12027 8139 20901 20751 1710 14711 11583 21523 2056 17637 19437 11245 14830 22763 8202 17618 22813 18662 19075 9883 19464 9991 18364 4994 9502 16261 12454 7914 1471 9185 15272 7204 16833 16711 13523 22488 15719 16649 12418 15521 7964 14337 10899 11215 14326 18948 12756 20667 15544 18170 6572 18780 17010 10478 13608 2927 15075 1872 7447 861 19513 4231 15072 20868 18197 20192 6936 11992 19919 13475 23233 12039 19273 7643 12669 11665 15618 18099 7361 19114 9495 17145 14989 21935 4275 13117 16693 22271 18354 12641 6921 18111 20523 19205 9070 18877 10686 19593 9054 22809 17393 6899 16092 19533 12847 19143 17091 18248 18364 22718 21460 13349 5382 17569 7919 15864 23092 14546 18248 14316 16038 1844 17424 14353 8884 18791 4141 22013 16129 15947 23274 13050 4224 9707 7901 19363 9103 6685 16459 8879 7003 11469 1546 1844 22466 21958 17054 16238 3010 17446 6692 18554 19539 21591 17038 5143 16353 9975 18859 17288 17048 21585 15900 20339 17210 10190 11357 5532 14369 4131 4049 20394 4230 13799 25650 17192 6028 11408 313 21779 13170 12634 15570 18421 19628 15097 11256 11441 20074 10675 12357 7008 21358 14548 20660 16354 13700 12875 22280 7704 4341 17507 24610 18602 19890 20551 15589 8446 16258 22033 19488 21264 10379 16982 18906 22569 17224 10290 16692 19033 17734 18888 9396 13458 5460 16530 10947 19656 13517 7697 20817 1520 9011 11800 19799 5904 9497 19686 6948 1219 14293 24609 7331 16268 14529 5365 11495 19990 8276 18584 19740 17620 8795 5252 12258 5222 15495 15809 17358 17124 8783 5781 19934 17584 14366 15528 12583 10792 2219 11660 26428 11959 15552 11344 14973 6778 21362 21679 23450 10228 13401 4327 18116 12263 9025 0 10928 19728 12448 18105
5943 7633 5094 1810 8704 4680 12834 7113 10868 14069 14288 9255 7021 6396 2767 15941 10580 9998 3946 2415 9959 9367 10516 11012 9990 8171 3775 2206 4499 13677 4391 4488 12717 9537 2378 4895 7078 6110 3658 3368 3285 7079 5185 9990 9722 9405 6513 5428 12755 10369 13873 8090 7839 14482 5096 10741 9147 5755 7358 12358 10318 15906 10303 4653 8110 8587 4665 7283 10138 12575 5146 13542 8115 14909 13993 7623 6154 15783 13299 8676 10253 2953 11140 6043 11475 8841 10096 5348 794 13642 14969 9642 16507 8416 13247 5036 12604 4883 7492 7456 15599 4045 5039 16512 7280 4563 5185 6493 12783 7076 8151 8279 2838 13462 9866 9549 13246 3155 12240 8875 6797 8550 6909 10826 12018 8843 9546 13558 10243 9134 4656 16123 6962 8008 5967 2894 5687 9202 7605 9703 5761 9540 8409 5964 7837 11713 13883 5150 10551 4447 8411 6460 6859 3831 4387 3716 9324 12019 9966 5645 7943 5480 16488 6085 3660 2744 8170 13663 10456 4319 11616 8593 10214 4146 9992 15986 11522 6173 1109 15545 9745 12669 1653 8616 5287 8216 982 11973 9321 7722 8860 6956 14248 6105 12915 6831 3801 6962 11482 11414 4430 5179 14036 10850 8277 4237 9024 4755 8939 1912 13857 8696 5489 9121 11638 7394 8519 14912 7381 13357 13588 10825 12231 7750 13989 9990 8329 12514 5531 8734 8605 5279 10746 8571 7410 4288 12629 8055 14430 5265 12858 12552 6209 7067 1893 4953 10827 3831 4430 11615 7398 4041 11560 9394 9174 13979 13160 7949 6427 10639 6908 4498 8104 12754 11130 8076 5990 6330 8225 8002 7748 6487 11510 5489 9909 6869 6128 529 8974 6008 6840 10097 11742 8290 4926 15338 7382 7082 3934 11206 11179 13004 10267 8499 13583 12012 5609 397 5204 9954 4156 8907 5484 10891 4089 10985 6608 3906 7565 13732 5564 9464 9966 15117 7674 12694 14600 6595 3166 5402 12787 11212 10396 3073 8906 10661 12165 6878 2584 15362 14163 7846 13851 1666 7391 8571 6922 12160 17249 8416 5154 10276 9408 3214 10461 9124 5193 10837 8805 4545 10090 11485 15328 9667 5455 6540 8814 4510 9318 5348 9507 12298 9192 4059 6718 9960 8330 5116 5553 15504 13885 6138 8862 13281 13882 3983 14245 12171 2392 9350 8830 16256 4434 10636 5545 5470 10532 12156 13517 14150 1078 4808 7940 13815 5152 11070 10928 0 8804 2068 9144
12205 6420 10929 7020 10373 9899 6480 12449 19663 11141 14574 7017 15792 14788 8255 18247 17680 18426 9888 10929 12102 9051 16678 7939 1881 700 8693 10692 11981 10357 4502 5839 10310 8392 8261 12469 3609 14482 5929 11887 7144 15825 7316 1228 15893 3770 8039 7991 14779 4973 6326 3416 2214 15699 7948 19149 15598 5001 3677 17623 7002 17354 8222 9467 16014 15916 12665 1947 16428 14567 13937 14457 13492 8317 6516 1813 7204 19636 12676 13949 16649 9601 2701 13646 12724 14550 14679 4869 8701 9273 9990 12288 18911 9464 12255 7066 17165 8154 5613 8604 8582 10826 6745 9431 15271 5454 13646 15190 10695 14836 14017 13240 11599 11865 1353 18345 17527 9263 8080 17676 2379 1496 12383 14163 3892 16001 9077 8947 8759 5252 11454 18072 13282 3906 14769 10698 4568 13979 14959 18474 12737 11980 15988 3240 8013 16317 10342 4587 12010 9063 10088 13951 9886 10351 10496 5879 6102 17194 2654 6275 4343 13959 19208 2784 10343 6141 16930 17845 19155 12811 20401 881 18568 4657 1527 18901 8873 14183 7738 16721 13862 5079 7925 2575 13395 12673 8143 15090 8486 15297 4935 13573 17133 7983 8991 15615 7672 5787 3252 11407 9135 13612 15981 6502 600 11723 5469 11214 3305 10700 9718 8465 13700 10452 10194 11589 3423 18154 2191 14661 9209 3465 17093 16008 16388 17275 10087 4908 7430 6249 11675 4244 19444 8166 10091 12067 12991 16589 12274 3869 16074 4436 10510 15823 10164 13036 8790 11459 13183 13819 14310 12771 17374 18190 17957 10601 9550 7612 5736 19199 3570 13164 3548 12313 4345 7887 14760 5784 14513 1972 6727 3710 5788 5146 3866 4238 12405 8399 17064 8744 15642 18489 9015 16772 8201 8005 5540 15244 9978 20003 3841 18191 15118 10157 14969 10795 6626 8472 10656 4944 10501 13706 13649 4184 5916 6562 5829 7227 11757 10341 13385 17820 9990 9590 1148 11745 14444 7259 11641 3577 8476 9397 1911 10296 8895 9205 5218 4221 9939 19100 15306 5306 14938 10392 11013 16712 6060 18358 19689 12187 13274 3566 18208 11338 15885 2524 13962 17523 879 13164 18889 15472 10156 17164 3655 8753 16961 10042 2578 13148 7989 11191 9038 11789 15206 15004 16560 5071 5508 18822 16610 13270 16888 12785 16213 5876 18336 17488 9585 18068 14109 9115 9534 13255 11374 7083 18233 8187 10831 9263 9596 8225 16447 15630 9844 17985 19728 8804 0 7595 8104
7906 5569 6947 1872 9935 3384 12502 8977 12411 14602 15500 7190 8356 7194 4163 17551 12649 11898 2894 3431 11366 7348 12544 11349 9048 6913 2158 3197 6559 14106 3116 2504 13307 7482 3808 6962 6723 6888 1818 5352 4132 8352 6050 8700 11744 8990 7469 3467 14246 10113 13247 6291 7118 15874 3140 12641 11186 5800 7030 14322 10544 17371 10814 6227 10148 10655 5088 5847 12173 14055 6800 14852 10019 14587 13392 6153 6910 17617 14296 10580 12296 2197 10143 8111 12775 10804 11936 3470 1451 13829 15061 11131 18141 9483 14165 2980 14489 6045 7696 5480 15174 3524 2972 16087 9314 2658 6063 7678 13446 9134 10119 10125 4657 14261 8801 10946 15104 2048 12407 10400 5966 7058 8788 12488 11156 10910 10363 13685 10886 9100 6650 17677 8959 7731 7460 4952 3834 11048 9673 11330 7802 10984 10471 4465 5801 13589 14271 4933 11851 5936 9621 8528 5140 3114 3494 1878 9472 13969 9220 3583 7783 6376 18171 4812 5583 2485 9838 15514 12180 5244 13190 7217 12138 3188 8948 17692 11991 8215 1861 16955 11503 11996 441 7984 5812 9977 1089 13631 7274 9786 6896 8983 15920 4118 13172 8210 4882 7248 10569 12455 2872 6025 15547 10880 7019 6294 9054 4104 7160 3505 14107 6664 7509 10309 12382 9067 6718 16649 5855 14734 13771 10131 14147 9729 15576 12058 6485 11830 6407 8986 10124 3602 12468 6526 8762 4516 13799 9929 15146 3773 14553 11708 4768 8363 3961 5453 11388 5892 5769 13102 9452 5852 13568 10951 10779 14408 13501 5893 6723 12468 6531 6359 7731 13767 10600 6028 7338 4288 10240 6450 5680 6121 11263 3542 9456 6699 8099 1549 10977 4142 8317 12009 12207 10186 3027 14812 7574 9090 2938 12741 10511 14966 12149 9711 14982 12826 6222 2046 6987 9748 6046 10747 7513 10364 2140 11008 6925 1856 9247 14148 7627 11396 10926 15079 6447 13598 15735 7327 4095 4642 12948 11849 9360 2787 9772 11341 11650 6704 4562 17176 15534 7943 15202 3111 8948 10568 7289 14202 18900 10062 5688 9700 10944 3744 12418 8447 6554 12897 7780 5635 11502 13269 15385 11728 4795 7683 10807 6250 8635 5618 7442 13150 7179 6126 8635 11861 10309 5126 3550 17262 15524 8194 10877 14303 15455 4208 16092 14138 2021 11064 10738 15808 6055 12163 4639 3414 12576 12362 14081 14235 2272 6000 9829 15298 6756 13137 12448 2068 7595 0 7086
14944 1940 13900 8457 15925 5977 14583 15908 18125 18774 21153 1289 13965 11973 10907 23944 19705 18463 6639 9637 17569 995 19621 15398 9963 7591 5828 9468 13642 18065 6819 5033 17726 407 10620 14036 10206 11703 5972 12262 10415 13841 11941 8380 18816 11580 13267 3895 20490 12867 14263 4690 9488 21881 4208 19192 18268 10458 10466 21330 14448 23484 15328 12940 17084 17705 9855 6509 19253 20285 13135 20729 16981 16396 14467 6439 12484 24416 19553 17536 19380 7265 10511 15164 18721 17826 18797 4833 8439 17194 18036 17483 24573 15233 19260 4107 21388 12318 12112 2182 16581 7619 4131 17385 16247 5214 11271 13098 18023 16138 17149 17018 11405 19084 9353 16425 21959 6790 15891 16201 8580 6637 15737 19074 11759 17976 15566 16904 15674 12655 13716 23961 16018 11056 13459 12035 4770 17927 16733 17295 14886 17268 17484 6101 1409 20484 18110 9467 17842 12583 15600 15588 3955 7244 6890 5937 13381 20961 10747 3654 11373 11533 24694 6898 12614 8378 15975 22355 18325 10750 18938 7233 18759 7488 9525 24262 16266 15181 8800 22966 18256 13075 7491 10272 10480 16763 8173 20185 382 16812 3324 16062 22454 3212 16793 13919 11241 11935 11133 17919 5530 11188 21794 14245 7637 13379 12774 7438 5017 10190 17606 792 14433 16198 17235 15763 4748 23291 6119 20749 17129 11567 21095 16525 21965 19097 2911 12910 12249 13225 16564 5580 18598 682 15026 9224 19445 16490 19715 6170 21153 12249 5233 13896 11029 10206 15941 12975 11762 19376 16538 12497 20627 16782 16726 18337 17298 1194 11561 18851 10040 13046 10815 19088 12443 1104 13102 3275 17309 6143 1667 9823 13812 4457 11814 10615 15141 8633 17812 3739 14198 18602 16448 16786 4479 15933 11994 15964 6742 18417 11938 21970 19064 15688 21030 17791 11712 9127 13874 12720 13048 17625 14454 12273 5442 14333 11749 5238 15949 18069 14656 18048 16352 17683 7518 18699 21215 12790 9972 8230 16347 16518 9826 7901 15134 16158 13317 10606 11632 23944 21508 12073 21149 9770 15493 17393 12118 21285 25352 16689 10417 11629 16731 9280 19425 10440 12453 19980 8893 11288 16972 20031 18227 18735 8511 13734 17619 13121 10548 9888 497 18172 1057 13200 15325 18804 17095 9976 4136 23931 22007 15279 17745 19613 21821 9755 22922 21151 7757 17234 17698 17062 12826 18538 6901 3673 19517 15953 18372 17279 9044 12314 16424 21497 13469 20207 18105 9144 8104 7086 0
1 5 3 1
2 5 4 5
3 6 2 3
4 5 4 4
5 6 10 1
6 4 3 2
7 6 3 4
8 8 7 3
9 7 4 2
10 3 9 2
11 4 6 3
12 3 1 3
13 3 7 3
14 3 4 3
15 2 7 4
16 0 0 1
17 2 3 3
18 2 4 1
19 3 4 4
20 9 1 1
21 6 3 3
22 5 6 6
23 2 1 2
24 9 9 4
25 11 5 2
26 4 2 0
27 2 7 1
28 0 4 2
29 4 0 1
30 6 5 4
31 5 7 4
32 6 3 2
33 6 7 2
34 4 5 6
35 4 6 0
36 4 1 2
37 6 10 0
38 3 4 2
39 5 8 4
40 10 2 6
41 4 5 3
42 6 5 2
43 2 3 4
44 7 2 1
45 4 3 5
46 6 4 5
47 4 5 0
48 4 6 1
49 5 9 2
50 5 1 2
51 5 4 0
52 4 4 0
53 5 4 4
54 5 6 1
55 5 4 4
56 11 1 5
57 4 5 0
58 7 5 4
59 2 9 1
60 4 5 1
61 10 7 4
62 6 5 1
63 5 5 5
64 8 6 1
65 7 3 2
66 8 8 3
67 7 2 1
68 3 1 7
69 5 4 2
70 4 7 5
71 6 4 1
72 7 10 2
73 3 4 4
74 7 1 4
75 6 2 1
76 3 4 2
77 4 3 5
78 7 4 3
79 2 7 5
80 8 4 2
81 2 5 4
82 5 7 3
83 7 5 3
84 0 6 1
85 5 10 1
86 10 1 5
87 4 1 3
88 6 2 2
89 5 6 3
90 4 4 3
91 3 2 0
92 5 3 5
93 6 2 5
94 1 2 2
95 4 6 0
96 4 0 5
97 10 3 1
98 5 4 0
99 5 0 5
100 5 5 4
101 4 2 4
102 6 2 3
103 8 5 1
104 4 5 3
105 7 5 4
106 5 3 4
107 0 0 0
108 5 3 3
109 3 2 2
110 5 2 0
111 0 1 3
112 5 1 0
113 5 4 0
114 2 3 3
115 11 3 6
116 8 8 2
117 4 1 3
118 5 5 3
119 8 4 2
120 4 4 2
121 7 4 3
122 5 8 0
123 3 6 0
124 1 2 2
125 6 9 0
126 6 6 4
127 6 5 0
128 8 4 2
129 6 3 2
130 3 5 2
131 7 5 3
132 4 1 2
133 4 1 3
134 6 5 2
135 2 3 5
136 3 1 1
137 4 10 7
138 4 10 4
139 8 7 4
140 5 8 1
141 8 3 2
142 5 4 1
143 5 6 3
144 9 3 2
145 8 4 2
146 7 10 2
147 8 4 1
148 8 3 4
149 3 1 1
150 6 6 2
151 6 10 2
152 3 4 0
153 2 6 3
154 0 5 2
155 6 5 1
156 3 3 0
157 4 2 1
158 4 4 4
159 3 4 3
160 8 4 2
161 5 4 2
162 6 4 4
163 9 4 4
164 5 4 2
165 7 2 0
166 2 5 4
167 10 3 6
168 6 2 0
169 9 8 2
170 5 6 3
171 3 7 3
172 9 8 4
173 3 4 0
174 2 1 4
175 4 7 4
176 4 6 0
177 1 7 2
178 12 6 3
179 1 5 4
180 2 2 2
181 5 6 1
182 4 8 4
183 3 4 3
184 1 4 3
185 4 6 3
186 2 7 1
187 7 0 0
188 10 7 4
189 3 5 3
190 5 4 3
191 7 0 2
192 1 5 2
193 7 7 2
194 4 0 4
195 5 2 3
196 8 2 1
197 9 5 1
198 3 2 1
199 4 5 2
200 5 6 0
201 9 10 4
202 4 4 0
203 4 1 2
204 3 2 5
205 3 3 0
206 4 4 6
207 4 7 0
208 3 7 1
209 4 5 2
210 9 9 4
211 7 10 3
212 6 4 2
213 3 7 2
214 3 1 5
215 2 5 0
216 7 6 5
217 6 7 0
218 4 7 3
219 1 3 4
220 4 2 0
221 7 6 1
222 5 5 1
223 4 5 4
224 4 7 4
225 8 4 1
226 10 4 3
227 5 3 5
228 4 5 2
229 4 7 4
230 4 4 2
231 4 5 7
232 3 6 3
233 2 4 3
234 0 6 0
235 4 8 3
236 6 7 3
237 2 2 3
238 3 0 1
239 4 4 4
240 4 7 6
241 3 6 2
242 5 4 4
243 6 7 1
244 4 5 3
245 5 7 3
246 8 1 2
247 4 4 1
248 3 2 9
249 2 8 2
250 7 3 4
251 2 3 3
252 4 6 1
253 3 6 3
254 4 6 1
255 5 3 5
256 4 0 2
257 3 2 2
258 3 2 0
259 6 4 3
260 6 3 2
261 5 10 1
262 4 6 3
263 7 5 1
264 4 8 5
265 3 2 1
266 9 1 2
267 2 6 1
268 2 2 5
269 4 7 0
270 4 2 4
271 0 4 4
272 7 3 6
273 2 10 0
274 1 7 4
275 4 6 4
276 9 5 3
277 2 4 3
278 4 9 1
279 3 3 1
280 3 2 0
281 3 5 2
282 9 6 1
283 7 6 3
284 10 5 2
285 3 2 5
286 9 2 3
287 5 7 0
288 6 7 4
289 5 9 0
290 5 1 1
291 2 5 4
292 2 1 3
293 5 4 0
294 4 2 4
295 6 6 3
296 9 8 4
297 3 6 4
298 4 7 4
299 9 8 2
300 8 8 4
301 6 3 5
302 4 7 4
303 7 3 0
304 3 4 0
305 3 7 2
306 5 7 0
307 5 4 0
308 7 7 3
309 5 7 3
310 9 5 1
311 4 5 1
312 5 3 1
313 2 6 8
314 8 1 0
315 8 7 0
316 5 6 2
317 6 7 6
318 14 1 2
319 5 10 0
320 5 3 3
321 4 7 0
322 4 7 2
323 2 7 2
324 7 4 5
325 3 3 0
326 7 6 2
327 2 6 4
328 6 9 1
329 7 5 5
330 6 2 0
331 5 3 1
332 0 5 3
333 9 7 4
334 2 0 4
335 8 9 5
336 12 4 2
337 5 2 6
338 7 4 1
339 3 6 7
340 1 4 0
341 2 2 4
342 5 4 2
343 2 5 3
344 5 2 2
345 3 4 0
346 3 4 3
347 5 5 4
348 5 5 5
349 6 3 8
350 2 3 0
351 7 3 4
352 6 3 0
353 2 5 4
354 6 7 3
355 7 5 0
356 10 8 4
357 5 8 2
358 9 0 2
359 7 4 3
360 2 5 2
361 5 4 2
362 6 6 8
363 8 5 2
364 5 2 4
365 5 4 5
366 3 5 0
367 3 5 3
368 5 2 4
369 11 1 2
370 11 6 3
371 0 6 0
372 4 4 0
373 8 5 3
374 6 7 0
375 7 4 2
376 3 4 3
377 4 6 2
378 5 11 1
379 8 1 4
380 7 9 3
381 4 4 0
382 3 5 5
383 5 5 4
384 7 7 3
385 5 4 5
386 3 2 7
387 8 2 5
388 3 9 6
389 5 8 1
390 0 4 1
391 13 3 4
392 7 5 5
393 4 5 3
394 9 5 2
395 4 5 2
396 3 8 4
397 10 2 0
398 6 3 1
399 4 6 4
400 0 5 0
