2000 400 3
30 60 700 9.00
0 4 272 2
0 6 270 2
0 7 54 2
0 14 100 2
0 2 173 2
0 15 248 1
0 6 338 3
0 6 332 2
0 10 107 2
0 1 15 1
0 14 357 1
0 3 305 1
0 15 376 2
0 3 120 2
0 12 211 1
0 12 74 3
0 10 186 3
0 25 353 2
0 6 100 3
0 6 369 3
0 1 269 3
0 3 182 1
0 7 18 2
0 9 289 2
0 4 66 3
0 6 279 1
0 2 309 1
0 14 83 2
0 5 104 3
0 13 217 1
0 14 209 3
0 6 242 1
0 3 169 1
0 11 318 2
0 11 105 3
0 8 137 3
0 1 111 2
0 5 261 1
0 1 27 2
0 6 63 3
0 23 353 2
0 9 305 2
0 12 13 3
0 5 143 3
0 6 219 1
0 11 379 2
0 5 315 1
0 1 119 1
0 12 20 2
0 14 312 1
0 11 20 1
0 2 119 2
0 12 279 3
0 2 107 3
0 5 136 2
0 24 317 3
0 3 291 1
0 10 158 3
0 10 151 2
0 9 134 1
0 4 143 3
0 2 257 3
0 21 128 2
0 11 125 3
0 4 196 2
0 1 276 1
0 2 364 2
0 1 227 1
0 1 12 1
0 1 109 1
0 5 391 1
0 2 108 3
0 9 374 1
0 2 171 3
0 6 139 3
0 8 279 2
0 11 209 3
0 5 219 3
0 19 7 1
0 2 219 2
0 2 349 3
0 12 382 2
0 7 74 2
0 2 223 3
0 3 77 1
0 15 335 3
0 2 204 3
0 5 244 3
0 10 187 1
0 7 20 3
0 17 255 2
0 23 235 1
0 2 68 2
0 1 134 2
0 11 248 2
0 5 153 2
0 1 202 1
0 4 205 2
0 1 199 2
0 11 105 2
0 9 392 1
0 16 295 2
0 15 182 2
0 4 136 3
0 11 292 2
0 12 41 1
0 7 152 1
0 22 181 3
0 4 330 2
0 8 42 1
0 6 390 3
0 3 381 2
0 1 373 1
0 15 122 2
0 16 397 1
0 2 139 1
0 5 8 3
0 1 89 2
0 10 310 2
0 8 162 1
0 11 96 1
0 12 189 2
0 25 392 1
0 2 247 1
0 3 201 3
0 3 77 1
0 6 144 2
0 10 279 1
0 20 94 3
0 2 347 3
0 6 319 2
0 7 202 3
0 16 123 2
0 5 216 3
0 1 38 2
0 13 393 1
0 7 345 1
0 1 239 2
0 10 190 1
0 9 158 2
0 1 42 2
0 14 101 3
0 1 380 1
0 8 79 1
0 12 379 2
0 1 132 2
0 6 359 2
0 25 381 1
0 22 328 1
0 25 353 1
0 5 256 2
0 13 111 3
0 7 301 2
0 9 330 1
0 1 110 3
0 18 329 1
0 8 295 2
0 22 307 3
0 18 365 2
0 8 238 2
0 3 144 2
0 2 260 3
0 8 275 1
0 7 190 1
0 1 80 1
0 9 152 2
0 5 126 3
0 12 163 1
0 6 185 2
0 17 286 3
0 2 341 3
0 8 349 3
0 5 135 1
0 1 113 3
0 4 65 3
0 8 3 1
0 12 30 2
0 9 328 1
0 1 392 3
0 9 197 2
0 17 213 1
0 5 111 3
0 11 130 2
0 18 20 1
0 9 249 2
0 1 199 1
0 22 372 1
0 9 321 1
0 3 243 3
0 5 165 3
0 3 92 1
0 1 68 3
0 22 3 1
0 10 316 2
0 3 50 1
0 2 185 1
0 5 239 1
0 3 63 2
0 10 47 3
0 7 169 3
0 13 42 3
0 2 148 1
0 20 189 2
0 1 84 3
0 6 69 2
0 1 229 1
0 12 262 1
0 4 295 2
0 7 319 2
0 9 45 3
0 9 179 1
0 7 63 2
0 13 196 3
0 9 100 1
0 3 212 1
0 1 367 2
0 1 332 3
0 1 357 2
0 19 38 1
0 6 172 3
0 9 79 2
0 14 12 3
0 1 94 3
0 11 136 1
0 2 126 2
0 6 321 3
0 12 207 1
0 3 299 1
0 2 125 3
0 8 230 3
0 11 209 2
0 5 302 1
0 6 187 1
0 14 52 1
0 22 337 3
0 16 339 3
0 2 360 2
0 12 242 3
0 21 65 1
0 10 250 2
0 4 356 1
0 25 86 2
0 2 240 1
0 6 183 1
0 3 321 1
0 4 317 1
0 1 107 3
0 3 375 2
0 3 192 1
0 6 280 3
0 10 187 1
0 23 375 3
0 3 341 2
0 10 394 1
0 1 129 1
0 3 255 2
0 1 230 3
0 1 190 3
0 14 88 1
0 6 36 2
0 4 6 1
0 2 153 2
0 10 8 2
0 5 316 2
0 22 169 1
0 18 167 2
0 1 87 2
0 7 127 1
0 7 67 3
0 8 97 2
0 7 148 3
0 8 7 3
0 1 317 3
0 16 110 2
0 22 378 1
0 1 22 2
0 7 276 1
0 8 282 2
0 6 128 2
0 8 41 3
0 2 125 1
0 21 191 3
0 18 218 1
0 17 366 1
0 5 47 1
0 4 123 3
0 17 259 2
0 4 101 2
0 24 121 2
0 12 117 2
0 3 136 3
0 11 126 3
0 7 220 2
0 5 397 3
0 2 347 2
0 7 214 2
0 6 196 3
0 3 334 1
0 12 304 1
0 16 78 1
0 1 26 1
0 2 50 2
0 1 185 2
0 6 209 3
0 5 246 1
0 2 82 3
0 20 204 1
0 20 160 1
0 21 260 3
0 6 26 1
0 3 237 1
0 2 100 2
0 7 18 1
0 2 1 1
0 22 13 2
0 6 81 1
0 17 274 1
0 20 288 1
0 1 55 2
0 2 250 1
0 22 98 2
0 5 56 3
0 10 346 1
0 2 345 1
0 2 82 3
0 12 249 2
0 10 386 2
0 3 254 2
0 1 341 1
0 2 193 3
0 12 147 3
0 2 182 1
0 14 158 3
0 3 347 2
0 22 272 3
0 5 142 2
0 25 386 3
0 16 106 3
0 5 274 2
0 7 360 2
0 11 390 2
0 3 44 1
0 1 4 1
0 13 254 2
0 1 284 1
0 1 193 2
0 15 235 3
0 2 282 2
0 4 209 1
0 17 295 1
0 3 293 3
0 5 99 1
0 1 232 2
0 11 45 1
0 21 339 3
0 5 148 3
0 15 53 2
0 3 117 3
0 8 64 1
0 15 135 3
0 1 31 1
0 2 73 2
0 2 288 2
0 24 357 2
0 5 49 1
0 1 396 1
0 5 208 1
0 16 164 1
0 2 315 2
0 11 388 1
0 6 55 1
0 8 208 2
0 1 92 1
0 12 44 2
0 9 42 3
0 2 258 2
0 5 343 1
0 18 279 2
0 5 344 3
0 17 224 2
0 15 152 1
0 2 352 1
0 8 94 1
0 22 227 1
0 14 254 1
0 12 297 2
0 11 22 2
0 24 369 2
0 3 111 2
0 4 169 1
0 6 279 2
0 3 336 1
0 23 357 3
0 4 32 2
0 1 87 3
0 1 298 3
0 5 106 1
0 15 144 3
0 21 43 1
0 2 48 1
0 5 317 1
0 4 309 3
0 5 189 2
0 8 170 3
0 3 183 2
0 6 188 1
0 6 199 1
0 6 259 1
0 4 215 1
0 3 273 1
0 24 200 1
0 1 335 1
0 2 311 3
0 3 134 1
0 17 103 3
0 14 184 3
0 1 312 3
0 3 298 1
0 14 109 2
0 1 147 1
0 1 216 1
0 6 395 1
0 12 235 3
0 13 271 2
0 5 24 1
0 7 166 2
0 8 313 2
0 5 151 2
0 10 68 3
0 10 180 2
0 8 382 1
0 7 45 2
0 14 88 1
0 14 91 3
0 2 348 2
0 6 140 2
0 4 152 3
0 6 107 3
0 18 236 3
0 14 111 1
0 8 297 1
0 9 346 3
0 1 196 2
0 7 16 1
0 9 154 3
0 1 380 2
0 10 390 1
0 1 132 1
0 9 13 3
0 6 86 1
0 4 305 3
0 5 237 1
0 4 127 2
0 1 162 3
0 3 272 3
0 4 245 1
0 19 38 3
0 2 387 2
0 5 32 3
0 4 125 2
0 19 166 3
0 11 67 1
0 2 243 1
0 1 204 1
0 15 383 2
0 12 259 3
0 1 60 3
0 14 129 3
0 6 335 3
0 11 283 1
0 6 269 2
0 17 301 1
0 5 261 3
0 3 294 2
0 1 66 2
0 16 398 1
0 1 311 3
0 1 204 2
0 5 92 2
0 9 121 2
0 4 239 3
0 7 399 2
0 9 360 1
0 3 14 2
0 13 326 2
0 10 365 3
0 24 221 3
0 1 30 1
0 17 30 3
0 1 15 1
0 16 387 2
0 1 188 1
0 7 367 3
0 1 398 3
0 11 201 3
0 6 82 1
0 8 195 1
0 1 152 1
0 23 121 1
0 7 27 2
0 20 184 1
0 6 323 2
0 9 140 2
0 1 19 1
0 6 105 1
0 4 361 2
0 21 5 3
0 18 212 2
0 6 251 1
0 8 240 2
0 3 285 3
0 10 275 1
0 7 35 1
0 7 195 3
0 4 175 2
0 2 197 2
0 4 65 3
0 3 291 1
0 3 382 2
0 20 68 2
0 1 88 2
0 10 47 2
0 12 336 3
0 4 24 3
0 6 198 3
0 23 360 1
0 25 316 3
0 6 237 3
0 5 107 1
0 9 229 2
0 5 283 1
0 18 25 3
0 2 35 3
0 8 31 2
0 6 331 3
0 16 138 3
0 2 47 3
0 16 93 2
0 10 294 3
0 1 164 3
0 3 147 3
0 14 340 2
0 5 22 1
0 17 338 3
0 4 307 1
0 9 206 2
0 6 94 2
0 3 386 3
0 3 209 2
0 3 88 3
0 13 249 1
0 20 69 3
0 9 334 1
0 4 146 3
0 3 50 1
0 10 376 2
0 6 106 2
0 3 48 2
0 5 342 3
0 12 188 3
0 11 35 3
0 17 222 1
0 5 210 2
0 1 13 3
0 20 371 2
0 1 97 2
0 9 384 3
0 5 282 2
0 6 271 1
0 7 211 1
0 4 359 3
0 11 192 3
0 1 14 2
0 8 312 1
0 9 201 3
0 12 360 2
0 17 92 3
0 7 82 1
0 8 125 3
0 17 22 3
0 19 19 2
0 8 54 2
0 23 190 2
0 1 259 1
0 11 68 3
0 9 396 2
0 1 65 2
0 8 362 1
0 8 326 2
0 13 26 2
0 18 398 1
0 10 301 3
0 1 47 1
0 2 89 1
0 1 390 3
0 1 218 3
0 7 374 2
0 9 289 2
0 4 251 3
0 15 327 1
0 5 247 2
0 16 252 2
0 6 97 3
0 20 232 1
0 14 90 2
0 19 133 1
0 23 349 3
0 19 113 2
0 14 251 2
0 16 109 2
0 10 335 3
0 17 33 3
0 1 155 1
0 3 85 3
0 19 178 2
0 5 19 3
0 6 158 3
0 5 184 1
0 5 86 3
0 18 248 2
0 1 222 1
0 15 114 2
0 9 204 2
0 5 128 2
0 3 220 3
0 4 14 2
0 14 213 2
0 11 80 1
0 12 116 1
0 3 201 2
0 7 258 3
0 7 319 3
0 11 163 2
0 3 366 2
0 1 241 3
0 3 14 3
0 1 4 2
0 1 43 2
0 3 306 2
0 23 142 3
0 11 235 2
0 2 56 1
0 3 67 1
0 14 362 1
0 14 22 1
0 12 317 3
0 7 392 2
0 3 115 1
0 1 219 1
0 8 59 1
0 6 183 3
0 10 45 2
0 19 359 3
0 16 151 1
0 14 251 2
0 9 332 1
0 7 399 2
0 3 68 2
0 5 395 2
0 1 216 3
0 6 306 3
0 1 304 3
0 7 392 3
0 3 294 2
0 1 162 2
0 11 66 1
0 4 397 1
0 5 247 1
0 5 137 1
0 9 89 1
0 7 188 3
0 7 317 1
0 11 240 2
0 15 352 3
0 12 158 3
0 4 33 2
0 4 198 3
0 1 123 2
0 1 348 3
0 2 333 2
0 12 155 2
0 16 256 1
0 14 154 3
0 5 155 3
0 8 260 1
0 1 101 1
0 3 250 2
0 3 141 2
0 2 309 2
0 1 250 2
0 14 92 3
0 19 130 1
0 12 174 1
0 6 366 3
0 1 345 3
0 22 133 2
0 17 382 3
0 7 100 2
0 17 280 2
0 6 250 1
0 20 284 1
0 2 371 3
0 4 254 2
0 1 391 3
0 13 61 3
0 5 250 1
0 1 359 2
0 4 298 1
0 9 379 2
0 11 356 3
0 6 145 2
0 11 54 2
0 1 362 2
0 20 14 1
0 10 300 2
0 10 50 1
0 15 378 2
0 1 18 3
0 4 150 1
0 17 131 1
0 3 167 1
0 5 9 2
0 2 109 2
0 4 341 2
0 2 241 3
0 9 67 2
0 2 44 3
0 9 106 3
0 15 361 2
0 4 95 3
0 16 293 1
0 9 12 2
0 3 189 3
0 2 69 2
0 21 164 3
0 4 169 3
0 14 123 2
0 18 306 3
0 14 35 1
0 9 259 2
0 8 175 1
0 1 151 3
0 3 5 2
0 5 42 3
0 11 374 3
0 7 385 1
0 7 148 1
0 6 383 2
0 3 158 2
0 11 62 2
0 1 252 3
0 6 64 1
0 2 124 2
0 23 55 3
0 14 97 2
0 15 299 2
0 13 41 2
0 4 365 2
0 6 169 3
0 6 101 1
0 8 150 1
0 25 67 1
0 1 284 2
0 8 61 2
0 3 29 1
0 3 274 3
0 1 96 2
0 14 267 2
0 1 84 1
0 4 280 1
0 2 338 2
0 8 53 3
0 21 256 1
0 2 192 1
0 5 233 1
0 2 115 1
0 11 123 1
0 1 84 2
0 11 186 2
0 1 396 2
0 10 143 3
0 1 227 1
0 23 359 1
0 1 42 3
0 2 230 2
0 3 117 3
0 2 394 1
0 2 137 1
0 6 53 3
0 8 368 1
0 8 177 2
0 19 290 2
0 16 32 2
0 18 26 1
0 2 201 2
0 1 378 1
0 23 363 2
0 22 93 3
0 7 339 3
0 9 365 3
0 17 4 1
0 13 212 3
0 20 104 2
0 5 397 2
0 3 267 1
0 6 156 2
0 12 105 1
0 1 100 3
0 3 209 3
0 1 19 2
0 6 132 1
0 2 333 3
0 6 212 2
0 12 239 1
0 5 253 3
0 4 386 3
0 16 398 2
0 2 5 1
0 5 314 2
0 7 135 2
0 5 263 1
0 22 315 2
0 9 120 1
0 19 369 3
0 3 277 1
0 2 152 3
0 19 251 3
0 9 344 3
0 1 250 3
0 11 125 2
0 3 139 2
0 2 264 3
0 11 120 2
0 4 251 3
0 5 310 2
0 5 363 2
0 3 274 3
0 11 198 3
0 7 109 2
0 25 88 1
0 3 398 1
0 1 38 3
0 11 47 2
0 2 137 3
0 6 238 2
0 10 139 3
0 9 213 1
0 5 289 3
0 11 106 2
0 3 289 2
0 4 209 2
0 13 38 2
0 20 95 1
0 9 230 2
0 7 27 3
0 6 376 1
0 20 89 2
0 3 395 3
0 6 80 3
0 25 243 2
0 1 26 3
0 2 135 3
0 2 195 1
0 2 378 3
0 1 373 2
0 7 116 1
0 10 292 2
0 10 322 1
0 3 383 2
0 3 166 1
0 20 281 2
0 2 282 1
0 4 100 1
0 15 384 3
0 12 243 3
0 14 212 2
0 10 334 3
0 14 124 3
0 8 91 3
0 4 41 3
0 10 396 3
0 12 284 1
0 14 390 1
0 3 55 1
0 25 264 1
0 2 354 1
0 17 10 3
0 4 5 2
0 10 317 1
0 22 353 2
0 6 124 1
0 17 276 1
0 14 169 3
0 1 87 2
0 5 283 2
0 16 62 2
0 5 62 2
0 5 209 2
0 13 239 1
0 15 92 2
0 2 195 1
0 20 250 1
0 3 36 2
0 10 320 3
0 2 4 2
0 8 229 3
0 7 250 1
0 1 143 2
0 11 299 1
0 7 119 2
0 15 172 3
0 18 54 2
0 9 155 1
0 2 143 1
0 22 83 1
0 5 318 2
0 8 55 1
0 23 293 1
0 8 207 1
0 9 63 3
0 4 307 3
0 9 175 1
0 5 235 2
0 10 285 2
0 17 138 2
0 13 100 3
0 15 138 3
0 8 120 2
0 2 317 3
0 2 226 2
0 7 211 2
0 25 124 3
0 6 246 3
0 8 347 1
0 8 154 1
0 2 90 2
0 2 242 1
0 3 274 1
0 5 122 2
0 5 332 3
0 1 64 3
0 22 86 3
0 8 12 2
0 13 123 2
0 4 328 1
0 7 354 1
0 5 335 2
0 1 39 2
0 25 351 3
0 4 128 2
0 10 171 3
0 9 366 2
0 13 149 3
0 16 126 3
0 6 337 2
0 5 77 1
0 1 365 1
0 19 248 1
0 4 276 2
0 3 41 3
0 21 57 2
0 7 238 3
0 8 54 2
0 13 362 2
0 1 169 3
0 7 312 2
0 9 344 2
0 11 371 2
0 2 134 1
0 5 141 2
0 24 19 1
0 6 84 2
0 3 282 2
0 4 274 1
0 3 148 1
0 8 247 3
0 20 93 3
0 3 233 3
0 5 74 1
0 8 287 3
0 4 45 1
0 1 184 2
0 9 208 2
0 4 170 2
0 21 261 3
0 2 19 2
0 9 50 3
0 5 371 1
0 1 211 3
0 9 39 2
0 17 382 3
0 15 162 3
0 4 316 1
0 6 151 1
0 16 230 3
0 12 115 2
0 20 67 2
0 7 342 2
0 1 20 3
0 2 349 1
0 7 49 2
0 8 64 2
0 1 246 3
0 6 215 1
0 3 116 3
0 10 19 1
0 4 210 1
0 8 85 2
0 2 131 1
0 1 395 2
0 14 49 3
0 15 71 2
0 9 273 3
0 8 20 2
0 13 101 3
0 1 281 2
0 5 182 2
0 9 266 2
0 16 15 3
0 14 290 1
0 1 141 3
0 3 168 3
0 21 177 2
0 2 170 3
0 7 279 3
0 18 216 3
0 4 49 3
0 8 142 3
0 13 211 3
0 6 53 1
0 8 1 1
0 22 37 2
0 6 129 1
0 6 365 1
0 3 73 1
0 19 314 3
0 1 305 3
0 6 308 3
0 8 102 2
0 5 319 1
0 19 172 1
0 1 258 1
0 17 119 3
0 3 388 2
0 5 158 2
0 20 94 1
0 19 255 2
0 4 84 1
0 19 393 1
0 19 202 3
0 3 197 2
0 14 339 3
0 7 140 2
0 1 71 3
0 8 199 3
0 11 170 1
0 7 4 1
0 3 253 3
0 11 326 3
0 9 313 2
0 8 200 1
0 11 396 3
0 23 191 3
0 10 119 2
0 1 290 2
0 7 272 1
0 4 1 1
0 10 365 2
0 4 131 3
0 10 268 1
0 4 43 3
0 5 135 1
0 7 2 3
0 24 343 3
0 22 278 1
0 6 43 1
0 14 70 1
0 12 383 2
0 13 52 3
0 4 98 1
0 1 49 2
0 2 192 2
0 24 241 2
0 3 107 1
0 12 283 3
0 2 215 3
0 5 43 3
0 7 250 3
0 4 134 1
0 5 385 1
0 19 110 1
0 13 196 2
0 5 271 3
0 1 362 2
0 12 246 1
0 3 254 3
0 6 147 2
0 14 355 1
0 3 88 3
0 8 303 3
0 9 359 2
0 11 194 1
0 13 260 2
0 18 224 1
0 4 172 1
0 10 104 1
0 7 315 3
0 3 375 3
0 4 254 1
0 7 223 1
0 16 360 2
0 4 216 1
0 12 85 1
0 22 294 1
0 2 271 3
0 24 368 2
0 4 355 3
0 11 30 2
0 5 17 3
0 13 266 1
0 14 197 1
0 9 9 1
0 1 225 3
0 3 293 2
0 5 62 1
0 6 189 3
0 9 80 3
0 8 295 3
0 7 142 2
0 7 273 2
0 2 320 1
0 2 185 3
0 21 230 3
0 1 351 1
0 19 223 3
0 8 205 1
0 17 376 3
0 3 353 3
0 2 326 1
0 2 124 1
0 1 8 2
0 12 1 2
0 4 315 2
0 3 175 3
0 2 146 1
0 11 140 2
0 7 193 3
0 6 172 3
0 1 299 1
0 3 362 2
0 7 237 3
0 15 381 3
0 7 251 2
0 5 10 1
0 12 319 3
0 10 171 2
0 4 374 1
0 2 380 3
0 6 381 1
0 17 269 2
0 5 336 1
0 11 203 2
0 1 332 3
0 5 126 1
0 25 23 3
0 9 19 1
0 11 221 3
0 1 277 2
0 9 318 3
0 2 289 1
0 23 399 2
0 3 363 1
0 8 388 1
0 12 327 3
0 2 100 2
0 1 100 1
0 19 87 1
0 17 143 2
0 8 138 2
0 5 354 3
0 1 204 1
0 12 93 3
0 10 201 2
0 4 191 2
0 5 295 1
0 13 15 2
0 14 390 1
0 17 45 1
0 19 175 1
0 1 75 1
0 10 191 2
0 9 161 1
0 12 290 3
0 8 234 2
0 7 104 2
0 8 286 1
0 3 331 3
0 7 232 1
0 11 128 1
0 8 333 3
0 6 144 2
0 2 228 3
0 20 130 1
0 1 261 1
0 6 57 1
0 2 19 3
0 7 287 1
0 5 384 2
0 5 174 2
0 7 159 2
0 7 316 1
0 9 178 3
0 14 336 1
0 9 366 2
0 7 220 1
0 3 159 1
0 2 259 2
0 9 108 3
0 8 116 1
0 14 207 2
0 20 83 1
0 5 147 1
0 1 79 3
0 9 262 1
0 13 192 2
0 9 211 1
0 8 83 2
0 8 147 3
0 16 114 1
0 12 305 1
0 10 273 2
0 13 355 3
0 12 336 3
0 20 344 1
0 17 187 2
0 2 357 3
0 3 343 3
0 14 103 2
0 19 37 2
0 24 208 1
0 14 300 2
0 2 69 1
0 7 287 1
0 7 295 1
0 19 350 1
0 10 180 2
0 6 239 2
0 5 23 2
0 3 60 1
0 10 345 2
0 2 395 1
0 3 258 2
0 4 17 2
0 19 196 1
0 2 308 1
0 7 307 1
0 8 284 1
0 5 178 2
0 22 71 3
0 1 224 1
0 23 229 3
0 8 230 1
0 7 138 1
0 1 263 2
0 17 57 3
0 5 61 1
0 14 78 1
0 4 133 1
0 3 308 2
0 7 209 1
0 3 179 3
0 4 22 2
0 15 126 3
0 20 148 1
0 2 328 3
0 2 398 3
0 5 196 2
0 15 133 1
0 8 137 1
0 11 99 1
0 7 53 1
0 3 337 3
0 3 173 3
0 13 84 3
0 23 382 3
0 3 163 1
0 1 84 3
0 1 299 2
0 17 34 3
0 15 176 1
0 3 177 2
0 2 207 1
0 14 395 1
0 10 23 2
0 18 54 1
0 13 172 3
0 5 340 1
0 4 208 3
0 3 269 2
0 4 100 1
0 6 273 2
0 4 326 1
0 13 13 2
0 9 354 3
0 5 100 1
0 14 205 2
0 2 202 1
0 6 276 3
0 2 34 1
0 22 10 3
0 1 1 3
0 15 314 2
0 11 122 1
0 10 11 2
0 2 204 1
0 9 187 2
0 4 189 3
0 19 91 3
0 14 361 3
0 6 110 1
0 7 97 2
0 1 101 3
0 2 46 3
0 1 333 2
0 12 22 2
0 10 248 1
0 3 339 1
0 2 143 1
0 5 248 1
0 6 106 2
0 15 346 2
0 19 275 1
0 5 191 3
0 2 322 2
0 13 159 1
0 1 357 1
0 20 266 2
0 23 356 3
0 2 142 1
0 17 148 3
0 5 203 2
0 6 57 1
0 20 240 1
0 12 292 1
0 21 110 2
0 7 226 2
0 20 323 1
0 2 363 1
0 6 12 3
0 20 364 1
0 5 116 3
0 1 235 3
0 1 208 2
0 14 297 2
0 16 259 3
0 10 287 2
0 5 51 1
0 6 45 3
0 11 52 2
0 5 270 2
0 12 102 3
0 5 270 1
0 20 30 3
0 15 4 2
0 6 24 2
0 4 399 1
0 9 294 1
0 3 134 1
0 3 363 2
0 2 102 1
0 5 295 3
0 1 277 1
0 13 282 2
0 17 335 2
0 17 213 3
0 10 268 3
0 9 210 1
0 17 262 1
0 9 258 3
0 1 377 2
0 9 327 1
0 3 62 3
0 4 365 2
0 13 194 1
0 7 64 3
0 6 7 2
0 9 78 3
0 10 392 2
0 2 119 1
0 6 162 1
0 13 385 3
0 2 139 3
0 15 278 2
0 6 233 1
0 8 166 1
0 10 240 1
0 10 116 1
0 25 253 2
0 5 75 2
0 9 155 3
0 4 244 2
0 8 87 2
0 16 257 1
0 9 13 2
0 11 195 3
0 4 179 2
0 8 387 3
0 8 278 2
0 10 224 3
0 14 259 2
0 6 228 1
0 2 155 1
0 4 340 3
0 1 130 1
0 11 151 2
0 8 350 3
0 2 125 1
0 2 116 1
0 4 278 2
0 24 276 2
0 7 63 3
0 3 323 2
0 10 199 1
0 12 173 1
0 8 364 1
0 6 388 1
0 3 398 3
0 1 136 1
0 15 286 3
0 10 144 1
0 1 247 3
0 4 328 2
0 23 168 2
0 1 374 1
0 4 296 3
0 10 283 3
0 1 100 2
0 9 257 1
0 8 13 1
0 4 5 3
0 18 91 1
0 1 116 3
0 1 156 1
0 1 66 1
0 7 300 1
0 2 130 2
0 6 28 2
0 7 184 2
0 6 198 2
0 16 290 2
0 9 71 2
0 5 213 2
0 4 190 1
0 1 33 3
0 7 211 3
0 6 375 3
0 7 388 2
0 6 31 1
0 11 326 2
0 18 78 1
0 9 174 2
0 14 373 3
0 1 168 1
0 3 133 3
0 6 83 2
0 8 116 1
0 8 229 2
0 12 282 1
0 17 9 2
0 11 82 1
0 16 360 3
0 9 57 1
0 7 42 1
0 16 338 2
0 10 389 3
0 8 300 1
0 2 94 1
0 8 190 1
0 12 296 3
0 24 378 3
0 11 373 2
0 12 182 2
0 3 258 2
0 21 80 3
0 3 373 3
0 8 59 1
0 6 302 1
0 3 175 2
0 1 149 1
0 2 262 3
0 5 188 1
0 9 100 1
0 3 241 2
0 4 351 1
0 1 11 2
0 1 74 2
0 25 12 3
0 1 77 1
0 4 69 3
0 4 400 2
0 2 214 1
0 2 258 1
0 21 98 2
0 2 386 1
0 5 14 3
0 12 319 1
0 19 93 2
0 8 188 3
0 18 65 3
0 1 99 3
0 3 3 3
0 1 156 1
0 18 125 1
0 1 283 1
0 12 249 1
0 10 348 1
0 11 184 2
0 12 55 1
0 11 386 1
0 4 312 2
0 2 387 3
0 21 130 1
0 4 143 3
0 6 190 2
0 15 296 2
0 20 120 2
0 6 81 3
0 7 251 1
0 6 270 3
0 2 39 3
0 7 360 2
0 6 167 2
0 1 212 1
0 7 161 2
0 11 299 1
0 7 227 2
0 9 315 3
0 13 67 1
0 7 257 1
0 5 376 3
0 9 370 3
0 5 16 2
0 1 90 1
0 7 336 2
0 7 128 2
0 11 272 2
0 20 24 3
0 18 65 2
0 2 287 2
0 3 246 3
0 1 165 3
0 9 173 1
0 1 61 3
0 3 207 1
0 8 194 2
0 9 137 1
0 8 259 2
0 3 78 1
0 13 347 3
0 8 164 1
0 4 237 1
0 9 47 1
0 14 370 2
0 14 201 3
0 4 71 1
0 15 386 3
0 4 145 1
0 17 134 3
0 8 290 2
0 21 86 3
0 17 19 3
0 15 350 3
0 6 264 2
0 4 211 1
0 24 230 1
0 19 357 3
0 1 181 1
0 20 117 2
0 25 299 3
0 13 376 1
0 7 210 3
0 11 204 2
0 12 348 3
0 16 198 1
0 6 22 2
0 6 129 1
0 10 278 2
0 21 112 2
0 12 133 3
0 1 90 2
0 2 381 2
0 5 166 1
0 8 351 1
0 4 24 1
0 3 301 1
0 7 374 2
0 18 301 2
0 1 295 1
0 6 291 1
0 10 314 3
1 1 309 3
1 1 355 2
1 1 320 3
1 12 54 1
1 7 351 3
1 1 46 1
1 9 345 2
1 6 96 3
1 14 137 3
1 4 37 3
1 9 147 2
1 1 148 1
1 2 186 2
1 22 330 1
1 2 317 2
1 2 213 1
1 3 263 2
1 7 175 1
1 1 107 1
1 14 376 3
1 4 194 2
1 9 220 2
1 1 386 1
1 18 119 3
1 5 368 2
1 12 300 2
1 1 286 1
1 17 218 3
1 7 183 1
1 11 34 1
1 3 261 3
1 3 26 2
1 24 224 3
1 4 266 1
1 11 298 1
1 11 247 3
1 15 32 1
1 10 364 3
1 6 223 2
1 18 215 2
1 8 140 1
1 3 148 2
1 1 55 3
1 4 54 3
1 4 220 1
1 13 25 2
1 3 263 1
1 1 99 1
1 2 200 1
1 8 342 3
1 7 197 3
1 16 382 3
1 21 154 2
1 3 160 3
1 18 44 3
1 7 183 2
1 22 123 2
1 2 86 2
1 11 248 3
1 4 2 2
1 5 303 1
1 5 55 2
1 5 169 1
1 22 340 3
1 12 213 1
1 3 243 2
1 1 266 3
1 10 70 2
1 1 67 3
1 1 10 2
1 4 267 1
1 8 133 3
1 2 85 1
1 4 16 2
1 8 25 3
1 1 50 3
1 22 146 2
1 14 54 3
1 8 194 2
1 4 387 1
1 22 389 1
1 8 302 2
1 20 261 3
1 19 216 3
1 4 199 3
1 3 121 2
1 3 5 2
1 1 37 2
1 2 192 1
1 9 171 3
1 3 81 2
1 8 110 2
1 2 382 3
1 1 140 1
1 8 94 1
1 19 44 3
1 2 328 2
1 4 341 3
1 5 140 2
1 23 137 2
1 2 227 1
1 5 346 2
1 2 294 2
1 3 48 3
1 3 283 3
1 4 269 1
1 10 300 2
1 1 323 2
1 3 244 1
1 10 25 3
1 10 293 2
1 12 192 2
1 3 211 3
1 3 169 1
1 2 45 1
1 1 55 1
1 11 367 2
1 14 10 1
1 5 11 1
1 22 75 1
1 7 398 2
1 1 336 2
1 15 228 2
1 4 57 3
1 2 284 1
1 13 87 3
1 5 4 1
1 5 312 3
1 3 227 3
1 8 272 1
1 13 262 2
1 9 383 2
1 3 250 2
1 23 320 1
1 21 182 3
1 2 117 2
1 10 241 3
1 3 15 3
1 18 65 1
1 16 57 1
1 18 332 3
1 2 327 1
1 12 139 1
1 24 95 3
1 2 231 1
1 11 139 3
1 6 196 1
1 7 75 3
1 3 329 2
1 11 315 1
1 5 367 3
1 5 185 3
1 7 285 2
1 3 140 1
1 17 92 3
1 10 215 2
1 1 192 2
1 25 38 1
1 7 348 1
1 14 198 2
1 9 352 3
1 8 375 1
1 2 353 2
1 5 133 3
1 18 141 3
1 21 299 3
1 10 4 3
1 1 235 1
1 15 383 2
1 11 244 2
1 7 205 2
1 5 206 1
1 7 311 3
1 3 328 2
1 10 143 3
1 2 250 1
1 17 53 3
1 8 34 3
1 13 54 3
1 7 255 1
1 6 365 3
1 7 185 2
1 11 199 2
1 3 254 1
1 3 143 2
1 12 196 1
1 16 155 2
1 18 191 2
1 1 197 2
1 5 42 1
1 3 116 2
1 5 363 2
1 2 292 2
1 5 267 2
1 11 329 2
1 5 43 2
1 18 374 2
1 4 124 1
1 11 89 3
1 7 78 3
1 9 348 3
1 13 37 3
1 4 365 3
1 1 369 1
1 2 312 2
1 10 138 1
1 16 71 2
1 3 93 2
1 3 389 1
1 11 134 1
1 10 298 3
1 10 36 1
1 12 341 2
1 6 52 1
1 3 313 3
1 4 313 2
1 12 58 2
1 12 356 3
1 8 314 1
1 24 155 3
1 6 168 2
1 11 134 1
1 10 87 1
1 7 4 1
1 23 289 2
1 15 40 1
1 7 354 1
1 6 368 1
1 16 5 1
1 3 1 2
1 7 141 3
1 12 115 2
1 5 332 2
1 12 117 1
1 21 96 2
1 1 2 2
1 2 393 2
1 14 321 1
1 1 87 2
1 3 209 1
1 5 208 1
1 17 78 1
1 10 256 1
1 3 21 1
1 10 301 1
1 18 274 2
1 7 296 3
1 10 322 2
1 13 43 1
1 11 244 3
1 12 261 3
1 2 196 2
1 14 239 1
1 1 172 2
1 4 310 2
1 1 87 1
1 2 157 2
1 12 376 1
1 21 265 3
1 3 94 2
1 4 220 1
1 14 385 1
1 6 2 1
1 8 257 1
1 5 141 3
1 4 242 1
1 13 232 3
1 3 141 3
1 3 29 1
1 15 11 3
1 1 79 3
1 4 279 3
1 10 341 2
1 5 232 2
1 8 176 1
1 8 29 3
1 3 216 3
1 17 38 2
1 13 291 3
1 16 256 1
1 11 152 2
1 17 44 1
1 14 64 1
1 2 208 3
1 16 228 2
1 4 127 1
1 4 79 2
1 7 37 1
1 9 392 1
1 6 76 1
1 2 218 3
1 17 75 2
1 25 208 2
1 15 289 2
1 16 343 3
1 6 58 2
1 1 138 1
1 2 57 3
1 5 255 1
1 21 173 1
1 16 358 1
1 11 253 3
1 17 27 3
1 22 91 3
1 2 253 1
1 15 330 3
1 11 258 3
1 10 394 2
1 13 87 1
1 1 273 2
1 7 304 3
1 15 43 1
1 1 397 1
1 21 134 2
1 3 35 2
1 5 275 2
1 6 400 1
1 6 343 2
1 25 69 1
1 18 90 3
1 9 246 2
1 17 237 2
1 17 278 1
1 21 94 2
1 14 189 2
1 11 317 1
1 14 174 1
1 2 278 1
1 9 145 1
1 25 339 2
1 3 215 1
1 1 277 1
1 5 69 2
1 3 352 1
1 16 353 3
1 3 123 2
1 3 96 1
1 7 35 1
1 3 237 1
1 1 146 1
1 14 365 3
1 7 200 2
1 8 48 2
1 10 5 2
1 10 246 1
1 4 137 3
1 10 343 3
1 10 66 3
1 7 194 3
1 15 317 3
1 6 81 2
1 14 331 2
1 8 67 3
1 9 64 3
1 6 95 1
1 7 341 1
1 3 256 1
1 9 132 2
1 5 137 3
1 1 159 1
1 4 11 1
1 3 391 1
1 9 196 2
1 1 107 2
1 1 223 3
1 3 192 3
1 12 241 3
1 5 53 1
1 5 50 1
1 5 249 2
1 11 322 1
1 13 168 3
1 18 295 1
1 12 137 1
1 4 307 1
1 18 59 1
1 1 214 3
1 2 26 1
1 22 336 1
1 11 376 3
1 5 346 2
1 9 108 1
1 14 113 3
1 5 226 1
1 4 40 2
1 12 357 1
1 3 227 3
1 9 365 1
1 8 365 2
1 19 135 1
1 2 292 2
1 5 29 3
1 5 58 3
1 2 117 2
1 5 356 2
1 21 201 2
1 13 277 1
1 2 285 2
1 15 331 2
1 1 356 1
0 8969 4579 17242 9178 11143 18020 11684 6446 6304 14207 14390 18092 10877 12981 8299 6944 2371 12132 5087 18855 18085 3545 15481 18112 8111 6832 14831 12941 14739 8700 13502 13650 17952 20576 9533 12876 9344 12428 13183 7685 12179 12043 12513 3320 18771 12881 13347 8612 9362 6035 16000 9564 14970 11378 9575 12908 10372 17866 13880 9155 13234 15441 9785 13845 16213 13732 17136 17767 6171 7945 9976 3815 12568 16324 16437 19848 11886 11097 9056 5977 19632 5745 8997 14431 13311 14245 9790 12194 505 6822 18687 1176 13846 1871 11452 8082 18858 1337 12828 14663 2620 6924 10885 15582 15806 14713 18846 11758 14059 17331 11439 12102 15311 13002 17756 22837 19150 8835 13819 16221 5876 7606 22077 9444 13084 10995 3257 13868 11565 11869 6486 11923 17991 12370 16702 17855 10458 14966 11255 18529 10816 7488 11445 12700 13657 9095 16521 15307 18215 4473 1609 9937 9643 11343 12977 7202 15907 3697 15778 18331 15230 13006 4918 3996 21877 14623 12091 13181 17983 4860 9608 14580 21199 9632 3713 8983 15174 10415 11793 13134 12871 10371 7466 19973 9455 9653 14413 15067 553 5906 2970 14971 7768 12865 9818 14202 18469 2107 9219 13833 17476 16129 9115 15235 10558 8409 8490 6607 5833 17431 9611 15647 14516 14846 11256 14025 13407 10719 5960 19345 3508 7247 2633 13355 6830 13164 10994 16410 18803 3713 19870 8848 18250 7661 10290 13511 10793 13230 7878 4211 20331 7941 13447 12538 7660 14513 7045 20147 14536 16402 11505 16676 5687 11204 17028 6521 12096 3393 13047 3394 13034 20512 5280 16136 12906 14295 13385 8414 9873 7717 4207 5843 14072 16542 12934 19128 10075 8347 740 2604 7711 16379 6455 13946 18453 17358 13216 18186 18727 5764 16929 18331 5780 9821 12755 6506 4400 13931 9294 4565 14695 13154 4585 1112 8001 14153 14872 1982 251 7395 13970 22276 15172 4307 16073 5408 2282 7224 11558 8452 1630 10095 13677 13323 13959 17228 11068 4941 8904 12205 10989 17034 17351 19612 10613 6397 9989 10100 6581 13232 2660 5135 12351 12465 15035 12198 11158 19127 6985 18394 9229 6019 17213 14676 3777 4269 13667 4963 1085 9409 10425 17710 13532 17448 20027 11797 13325 8798 13653 15616 8757 12374 6603 9207 12266 9925 8225 6572 10626 8920 10300 12888 5631 816 11978 13134 5170 14211 7381 7946 12454 2237 13282 10626 8163 5110 18631 4148 8384 11865
8969 0 5778 16703 13908 13023 12970 10456 10607 4578 7237 10434 12192 13094 4242 1497 3210 7570 5378 5202 10151 18050 7031 17389 9397 5233 12489 15027 8118 6545 9952 19730 11952 14714 17747 16303 12075 3091 12090 7467 1848 12590 17992 15740 10779 14551 18553 13221 1795 14357 4339 7184 16320 14866 2667 16378 17071 15514 10425 9509 10088 8899 7568 845 6068 8204 5488 13811 10141 11856 5850 16813 11109 8925 9901 16991 16174 8733 8456 13420 6123 18312 13178 10126 17658 18048 14901 8240 7671 8745 2161 10379 9984 6088 8988 17815 8667 10507 8374 11042 16596 11216 5233 7697 15510 17798 15312 12709 6407 15897 12635 17805 14686 10741 19127 9881 20816 16303 11733 17048 13973 10137 3926 20143 674 15202 15035 6425 15771 8150 13866 12340 18179 13226 16874 16748 14613 10014 7016 16340 18500 8920 3843 9933 18161 7900 15249 17345 10236 16969 6030 7366 12077 11319 12004 5482 1923 16155 10456 9466 11595 6792 13754 4970 5549 19172 17596 12117 9284 16493 5878 13502 5920 18574 7872 7718 2268 10373 4176 12410 18088 12343 10359 3287 17680 9995 10472 12170 15899 9376 12538 8297 11612 10426 5262 5804 5431 18398 7720 11119 15130 16981 14559 14041 8249 2651 5791 6294 9664 5197 8813 12146 17187 6385 6101 2374 15033 4574 8960 7196 14915 5623 8361 6342 5147 11538 18440 13362 11660 14715 11723 16030 475 17796 3695 15750 5407 9120 17190 1115 11504 17149 3163 6108 18176 1522 6013 7006 19256 12973 15809 7627 14602 7224 2245 16790 10895 14336 5891 8120 8468 11279 17098 6479 13745 10506 17638 11652 14460 917 10869 6730 3796 16321 10694 8853 10597 14425 4078 8267 9682 1350 10858 6958 16183 16551 12157 10255 13739 10373 3849 10729 12892 8523 8477 7036 4667 9285 12607 821 5525 9543 19680 8691 9592 11247 17835 8469 8459 8927 9099 17626 20456 14423 7944 9066 5106 6888 14422 5545 6059 7619 7186 9258 18551 8405 8781 11314 5658 416 17614 9517 16773 9827 18064 13553 11892 13270 10336 6356 9882 6330 8467 12153 17677 6451 4541 9086 10445 7265 11807 10915 4715 13736 16447 6748 6371 10125 8178 7972 11919 4616 14502 14668 14078 16229 12795 18156 11974 16425 9955 226 3812 10016 15425 17159 8060 9834 5473 1708 12093 6009 11127 7942 9176 10132 18870 4299 14543 5903 4175 14888 7385 15331 12381 7286 6328 10518 4898 9514 12937
4579 5778 0 18984 12797 13662 17562 12784 9565 5855 12532 14346 17166 13529 10015 4590 5500 4838 10466 5127 15899 20084 1364 18234 15145 7781 10674 16807 12358 12272 10682 17773 14675 18431 21336 13878 14277 7565 14016 12150 5365 14100 16205 15692 7613 18776 16976 15095 4724 13097 5392 12908 13906 16817 8443 13930 16474 14209 15987 13594 11038 12923 13222 6610 11657 13906 11212 17541 15759 9971 8002 14348 8084 12554 15045 18641 20165 12057 11440 12517 6654 21090 10167 10956 17686 17101 16400 10513 11702 4142 4110 16148 5166 11671 5719 15725 9626 16281 3423 13752 17394 7199 6848 10929 17471 18605 16865 17801 10800 16725 17040 15712 14991 15002 17236 15567 24042 19862 11627 17053 17118 8961 6621 23308 6414 15824 14433 4393 16552 11572 14489 10384 16174 17685 16045 18689 18328 11818 12684 15105 20544 11499 6466 12385 16722 12632 13240 18846 14735 19664 5263 3282 12479 11940 13317 10936 4686 17954 7717 14545 16915 12563 15135 4697 968 22730 17783 13825 13088 19310 5501 12906 11695 22075 10225 1956 4914 14738 8841 13781 16995 14401 11933 3198 20979 11181 11540 15221 17338 5125 10070 2661 15261 10322 10754 9285 11188 20463 4772 11579 16252 19246 17346 12809 13588 8125 8306 8635 9188 5870 14584 12307 18249 12094 11861 7668 16326 10318 11459 2210 19257 1775 8909 2680 10856 10257 17136 13722 16056 18877 8217 20103 5881 20065 3250 14239 11090 11584 16729 4711 8511 20910 3655 11521 16614 4257 11786 8008 21817 15678 18087 11272 17676 2050 7921 18899 9755 14836 3767 12418 2738 13988 20979 1205 16960 13537 17591 14375 12495 6539 10508 5634 4646 16912 15598 12730 16372 13591 7323 3875 6614 4440 15610 7553 16776 19601 16797 13594 18054 16146 4592 15797 17670 3119 10653 11691 6111 7540 15152 6405 4868 14050 17498 2948 5609 10870 17577 13553 3161 4687 9403 17377 23565 16731 6628 14438 887 3773 11627 10237 8481 4167 10172 13353 17284 13061 14558 12822 5389 5539 16197 11902 18895 15408 20963 13566 10135 13049 11753 7278 13417 2557 7540 13999 16398 12228 10022 11792 16198 8114 17071 11488 5678 17545 17339 5271 5378 13787 7243 3526 12075 9072 18195 15865 17843 20285 13962 17149 11715 16695 14741 5553 9579 9367 13377 16081 10508 10319 2018 7145 11847 9704 13829 7563 4342 12804 17255 4238 16218 7612 7054 15297 4499 16002 13049 8944 6084 16261 2006 10258 14068
17242 16703 18984 0 10191 6439 8718 6334 11095 13317 12559 7435 10469 6847 16433 17829 14218 15105 12682 13861 18436 1501 19170 4604 18127 11714 12029 2498 9517 15163 8564 13455 4777 5161 5199 13656 4745 13661 4970 10727 15256 5064 12335 7212 14993 7160 11914 3927 18292 10502 13781 17728 13632 2276 16133 13735 8783 10589 13897 8343 8129 8644 14469 16671 14137 14959 15162 5377 14343 12300 11259 13890 14693 8135 11401 2070 6373 8080 8250 9795 12330 2594 14660 8268 7072 9966 3265 8654 9559 17595 16179 16699 18169 14099 15427 13137 9413 16922 18149 5666 4714 16695 12310 9027 1709 4784 2877 11124 10926 4719 7994 13141 6474 8087 13020 15006 5931 4607 8738 7059 3650 11558 13104 5190 16330 5472 8768 14886 4878 8665 6008 12360 13008 8147 9406 1130 5169 7169 14589 10464 1887 7821 13239 6821 11398 10614 12393 2578 8966 1510 13785 16917 7522 7639 5899 13662 15748 1748 14239 11188 12339 15954 4340 14296 18043 5859 6596 5205 8051 1845 13506 9054 16528 5275 8997 19835 18863 8529 12862 5451 10393 4586 7067 19022 4021 7892 7620 4812 2924 17015 13439 19576 6174 9535 13868 10905 16866 1770 15330 8071 4133 278 2522 10466 12528 14849 11125 10672 10656 13153 17359 7966 3919 14971 16949 17990 3722 16914 7805 21194 7695 17302 10199 16742 15050 11168 11097 6878 8168 6905 15661 6695 16229 1099 19521 11144 14826 7653 8411 16724 14605 5668 19208 13322 11753 17189 15977 10976 2904 3794 906 9261 3138 21023 17082 574 11146 6099 15364 9611 20025 5432 6162 20189 3943 6286 7287 5069 12233 17066 9717 13580 14621 5344 10258 8470 17757 9438 12707 17247 14961 16937 9630 11446 5353 2697 8982 6737 7532 16878 14648 10971 9547 21881 8463 10913 13079 12910 4098 16021 14127 9277 14088 21086 16547 9533 7940 11437 18809 16994 9889 7872 5285 2297 13007 12594 19101 15882 14275 11909 10882 16033 9522 8522 11028 10184 16606 6234 13602 17089 11190 7275 532 13977 2794 7601 12030 8257 7277 11711 7252 16866 12124 4998 10821 16384 14064 7626 18459 10877 12015 8029 13425 5657 4444 14017 13746 7224 12328 17338 8109 12355 5104 4166 5431 6669 5507 10168 8918 6274 9973 16738 15827 10721 12512 10147 8757 9025 20332 17551 8831 10752 5581 11749 18053 6573 12132 14839 3106 11508 12733 6139 15385 5299 6791 10084 12949 16023 16983 8920 5468
9178 13908 12797 10191 0 4046 15157 7666 3372 9331 14710 11640 16156 3573 16253 14234 10700 7963 13323 8872 20957 10468 12298 6916 20349 9311 2397 7761 11793 16617 4876 5987 8940 13231 14895 3823 7642 12001 6963 12805 12060 6057 4227 3604 6021 14839 4665 7167 14713 524 9587 18859 3811 8132 15057 3913 3734 1615 17890 11793 5118 11437 16665 14396 15425 17438 15969 12729 18074 3013 8648 4214 5566 10453 15485 8662 15120 9718 8996 620 7787 12785 4714 4927 5345 4320 6941 7761 11183 9660 12197 19924 9683 15403 7391 4365 5884 20146 10443 8653 6210 7555 8797 9498 8531 7151 7314 17001 11818 5798 14283 4360 3776 12812 5369 18432 16116 13764 2778 4770 11029 3931 10212 15381 13958 4850 1885 8538 5601 9883 4218 2768 4586 14830 3251 9278 13165 6595 16427 2438 10837 8185 10241 7907 4254 13095 2403 8526 13334 11565 8188 9704 3536 4137 5501 14550 12116 8494 5491 14985 17331 17385 6095 9223 11875 15872 5610 6442 10971 11599 8201 1206 17308 15227 7980 12709 15281 12969 12192 5688 4264 7353 6109 14485 13909 5518 5169 9902 7371 8738 3685 12095 11359 3699 14603 10141 17269 10818 8055 3935 6081 10337 10308 297 15396 13689 8989 8575 4246 8719 19523 3049 7294 16362 17715 16120 6471 16804 8029 14743 15497 11070 5786 10117 15658 2551 4543 3435 13706 14727 6264 15303 13513 10933 14893 1954 15624 7950 4052 13245 5291 15027 14873 14657 4291 13429 16948 7113 12875 9282 9597 10321 11173 14494 15537 9769 3121 4094 9229 11946 12539 8709 15397 13859 11112 9323 5184 8847 2058 14704 3156 7556 10257 5511 14984 11046 20756 943 10460 9546 6576 13289 14513 7006 5416 12337 14844 10034 14637 20044 10225 15653 15814 14862 7547 12599 9256 5261 8702 13655 8727 13051 6127 13731 8151 2826 4985 14496 11130 8943 5046 4808 15461 8876 6345 15999 13341 9025 4094 12367 8770 8726 9123 11738 4663 13050 18987 5906 8414 14122 3708 7771 9793 17609 12959 2639 2781 2065 5820 7630 10438 10241 5575 6782 3779 17509 14276 8429 21130 6832 17194 4197 9199 12937 6335 7767 7909 10841 5888 9795 3113 11822 13024 6028 12998 15385 5267 4385 2425 4834 14160 13799 15502 3893 2569 3330 8082 4661 14707 15470 2376 10446 8653 5979 9938 8406 4988 9975 7221 8322 10152 4142 8305 5050 4068 7385 7660 19524 11189 5141 5212
11143 13023 13662 6439 4046 0 11330 4157 4764 8716 11896 8028 12494 474 14358 13756 9957 9230 10934 8802 18285 7031 13561 4582 17756 7837 5606 3942 8706 14138 3126 9022 5021 9195 10888 7826 3700 10456 3025 9875 11256 2043 7434 2973 8619 10852 7440 3121 14249 4473 9116 16586 7811 4234 13464 7915 4740 4995 14687 8374 2935 8159 13941 13294 12942 14658 13687 8724 14949 5861 7189 8174 8292 7195 12158 5316 11076 6566 6033 3534 7326 9006 8245 2914 4698 6019 3212 5236 8240 11546 11806 17005 11966 12913 9279 7934 4388 17234 12192 4911 3744 10317 7855 6735 4731 4964 3660 13329 9202 3065 10449 7933 1733 9182 8443 15405 12343 9726 2349 4126 6987 5289 9096 11591 12877 2216 3330 9300 2898 6903 855 5929 7993 10957 4926 5694 9131 3523 13809 5296 7457 5195 9183 4557 6902 10064 6431 5378 9816 7699 8436 11098 1213 1761 1688 12156 11538 4884 7887 11706 13859 14949 2131 9234 12694 11921 4587 2513 7605 7665 8264 2841 15100 11264 5570 14141 14843 9410 10229 1718 6271 3369 3021 14499 9947 3058 2570 5967 3940 10846 7009 13738 7537 3416 12269 7995 15198 7410 9419 2086 2690 6627 6272 4342 12400 12050 7332 6832 4595 8301 16922 1560 4596 13892 15529 14922 2904 14908 5058 15821 11509 11894 4890 11144 13432 4738 6884 685 9971 10726 9239 11263 12568 7325 14970 5543 13327 4927 4667 12657 8182 10991 14797 12112 7135 12993 14654 6124 9277 5259 5734 7463 7128 15611 14170 6104 4772 1315 9897 8857 14195 4912 11354 14842 7077 5692 4716 4977 6086 13659 3430 8029 9939 3339 11478 7787 17930 3553 9046 11266 8706 12789 10949 6368 3200 8362 11101 6450 10704 17146 9938 12188 12035 16279 4976 9779 8542 6743 4699 12553 8898 9656 9414 15330 10334 3178 5044 11392 12879 10892 4286 4844 11711 4868 7157 12878 13978 10152 7990 9966 7066 10143 6659 8375 6912 9901 16298 2340 8424 13330 6469 4615 6120 14494 9120 1476 5591 1983 2887 6862 6936 11274 6224 2835 6270 15185 12117 5322 18415 5907 13674 2207 8708 8943 3677 8410 8289 7282 6490 11414 1742 9767 8991 2409 8984 11342 1233 6195 2489 3416 10737 12977 13626 4546 6586 5547 5531 3386 15314 14336 2396 8142 4891 6099 11958 4929 7746 9921 3344 7130 8871 1876 9546 2372 647 5745 7658 16512 11755 3576 1167
18020 12970 17562 8718 15157 11330 0 7547 13958 12009 6142 3750 1843 11780 10610 14439 12066 15658 7614 13117 10415 10119 18342 12631 10297 10038 15846 9263 5218 8394 10855 20276 6319 3702 6046 18971 7639 10167 8306 5524 12381 9321 18749 13809 17265 2096 18673 8541 14765 15647 12411 10635 18962 8775 11136 19063 15688 16310 5639 4140 10438 4792 7315 12509 7830 7473 8912 3343 6165 15716 10094 19372 17205 5488 3719 10474 3894 6224 7058 14560 12042 8419 18224 10660 14650 17011 9915 8491 5917 18159 13634 8499 19177 7793 16671 19261 10629 8700 18357 6504 12321 18747 11186 7144 8992 12946 9938 2409 6780 11920 881 19260 12584 2713 19720 6903 9363 5063 12545 14361 5223 14077 10981 8920 12360 12089 14649 14839 11969 6470 11600 16030 19321 594 16068 9616 3659 8772 7681 16616 10375 7583 11133 7427 18127 5075 17544 11031 2827 7777 13578 16968 11622 11083 9701 7893 13057 9687 16511 3880 3789 9002 9844 13422 16837 7292 14258 8817 4864 7184 13194 13997 9930 6907 8544 19110 15195 2864 8906 9613 17348 7998 9184 16129 6683 9997 10188 5402 10463 18061 16979 19254 3803 12349 8147 8372 10476 10256 15922 11378 10905 8909 6421 15449 5470 10383 9651 9531 12912 12306 9659 12115 12005 8308 10266 13122 10462 10910 7723 19559 2134 16354 11359 16308 9000 14595 18020 12014 1619 2377 18245 3602 12585 9369 16590 16847 8693 7718 15460 13566 17342 5187 16096 7300 18397 14125 9369 11067 9615 6351 8291 6525 5609 19493 12189 9209 14184 12028 14956 5149 19618 6454 4888 18635 4967 5886 14806 6354 17035 12857 12856 13819 13007 12663 2514 5086 9567 14843 10252 17669 16670 13856 2151 11653 12593 6589 821 5253 1323 8689 13073 2928 829 20676 8555 5973 11763 14758 6765 12150 13602 3516 20719 20353 17829 12950 15389 4729 18844 17820 11651 15246 9297 7700 14033 5048 17264 15923 18544 7479 9580 16427 7928 4347 18014 4583 8883 9251 13147 13382 17739 7718 9168 5917 7948 12793 15518 13175 9506 11447 5008 16396 13527 8497 17492 9561 8722 7247 10362 11191 3422 11148 12262 3061 12027 14243 13755 4556 13535 17584 12079 8573 3684 10557 3300 3801 10131 17208 12886 13445 3042 13116 10303 13221 17717 16757 8273 11299 18104 12970 12889 7915 6505 12787 18695 6870 18963 13557 9360 10647 10554 12436 15787 12030 11133 9974 12910 7758 15742 10862 10236
11684 10456 12784 6334 7666 4157 7547 0 6550 7018 7853 3976 8491 4539 10834 11522 7884 9373 7181 7669 14237 7615 13103 7385 13744 5383 8327 4596 4602 10228 3414 13138 1970 6367 8892 11456 1620 7490 1733 5816 8941 2571 11499 7046 10174 7556 11572 2811 11992 8170 7486 12751 11449 4411 10224 11548 8876 8937 10530 4226 2960 4007 9910 10503 9056 10597 9908 5632 10797 8251 4930 11872 10024 3055 8004 6560 8309 2496 2197 7057 6179 8307 10785 3180 8486 10169 4596 2324 4224 11955 9846 12885 12743 9023 10027 11899 3614 13115 12383 1185 6705 11790 6007 3008 5055 7793 4957 9336 5370 6060 6687 11897 5755 5147 12548 11268 11310 7471 5001 8006 4538 6770 6774 10564 10135 5712 7430 8922 5999 2941 4710 8531 12016 7273 9083 6294 6277 1310 9830 9367 8070 1543 6907 544 11040 5959 10029 6949 5708 6883 7725 11058 4150 3548 2482 8351 9418 5706 9393 7549 9743 11048 3654 8092 11867 10204 8240 1971 3449 6529 7404 6547 11333 9529 2663 13809 12570 5323 6884 2631 10427 1901 1648 12689 8332 2531 2653 2763 5575 11573 9520 13663 3805 4881 8500 4740 11521 7972 9624 3832 5098 6608 4574 7953 8283 8855 4793 4338 5627 6915 12914 4619 7028 9993 11767 11947 4864 11364 1496 14989 8196 11165 4447 10722 9700 7100 11038 4815 6050 7510 11070 8388 9981 7433 13187 9448 9549 1337 8766 10411 10091 8670 12877 8209 11256 10865 10844 4850 9074 2915 5428 3558 5012 14834 11086 6362 6746 5220 9308 4749 14095 1363 8885 13984 4456 1664 8564 1702 9496 10895 5353 7657 8316 6678 7370 3640 13832 7457 6408 11538 9795 10617 6870 5389 6559 6868 7187 2369 7190 13032 8348 8065 8168 15771 2146 5782 6775 7737 2368 9817 7995 5507 13485 15081 11207 5417 9005 7254 12998 11449 4465 8820 10805 4037 7388 8731 12838 9986 11014 6258 4548 10272 3301 4219 11068 5762 12258 1835 7466 10829 10589 946 6349 10344 8183 5506 8036 5769 1975 5533 2805 10839 6648 1854 10411 11346 8484 1453 14351 4816 9578 3603 7146 5767 6484 8111 7752 3186 6760 11563 4559 6379 6128 4621 5938 8521 3185 10348 5345 7152 6597 10474 10146 5876 10206 9694 2428 3897 14037 11448 5354 4696 1230 6058 12459 773 11883 8579 4163 5210 6410 5753 9604 5755 3783 3842 6901 12374 10779 3532 3331
6446 10607 9565 11095 3372 4764 13958 6550 0 6050 12293 10229 14618 4458 13237 10875 7416 4799 10652 5511 18297 11787 9204 9037 17645 6342 2147 8615 9753 13906 3138 9131 8326 12832 15056 5991 7242 8938 6655 10563 8766 6129 7387 6178 3901 14106 7956 7356 11351 3778 6270 15986 6000 8829 11940 6077 6928 4942 15728 10113 3592 9617 14120 11138 12747 14917 13155 12152 15831 1797 5724 6493 3631 8689 13524 10080 14783 7912 7088 2989 4524 13602 4266 3375 8154 7670 7949 5661 9050 6877 8839 17463 7213 12730 4575 7266 3468 17677 7580 7720 8217 5602 5636 7354 9394 9367 8407 15456 9376 7616 13131 7258 5662 11360 8525 16091 16904 13735 2419 7526 10800 607 7049 16144 10700 6639 4872 5225 7423 7893 5445 2194 7601 13747 6554 10433 12748 5250 13814 5801 12217 6419 7057 6559 7586 10930 4753 10124 11694 12230 4817 6633 3593 3507 5319 11840 8781 9625 3144 12988 15489 14632 6764 5855 8621 16234 8290 6213 9286 12096 4836 3342 14427 15558 5752 9697 11916 11404 9318 5718 7633 7111 4929 11119 14267 4020 3964 9240 8704 6113 3032 9187 10326 1696 11855 7485 14318 12167 4937 3079 7437 11305 10417 3465 13109 10618 6139 5812 1184 5411 16836 3207 9204 13651 14814 12867 7668 13780 6271 11599 14745 7808 2988 6904 12819 952 7905 4557 12382 14058 4645 14890 10230 12039 11532 5146 12827 6256 7169 9902 3612 14986 11504 12043 7579 10069 14119 4114 13978 9004 10316 8180 11127 11362 12338 10811 305 5652 5907 9899 9644 7862 15265 10674 10793 8137 8046 8129 3988 11429 1381 4189 6907 7633 13260 9236 18210 4063 7402 6652 3948 9936 12886 3861 7505 12688 13488 8710 13721 17565 6872 13851 14494 11861 5524 10273 6003 2102 8374 10407 5356 11270 9125 10814 5583 1586 8012 12339 8275 6196 2418 7813 16299 9228 2997 13806 10055 5828 4763 9743 5965 5649 6782 9995 8029 11001 16369 5287 5050 10802 7038 6241 10823 15368 13655 4176 1652 3575 4602 4480 8966 7032 2204 6528 7141 14687 11436 6739 18497 3839 15418 3191 5894 12302 8232 4420 4539 9413 2516 6845 3025 9013 12600 7173 12453 15011 5589 7745 2353 7261 12363 10488 12492 796 4938 6698 5949 2668 11423 12208 2475 7871 7752 2670 7255 7130 8271 6606 7997 5296 7053 6010 5138 6837 4316 4714 4309 17148 7870 3096 5628
6304 4578 5855 13317 9331 8716 12009 7018 6050 0 7920 8592 11891 8723 7471 5067 1370 4131 5870 1221 13032 14512 6407 13231 12320 1985 8004 11297 6811 8722 5591 15181 8857 12594 15483 11867 8572 3288 8398 6912 2730 8661 13436 11285 6910 13044 13980 9518 5560 9783 469 10402 11882 11238 6030 11946 12534 10939 11584 7918 5816 7248 9281 5088 7715 10074 7793 11711 11511 7406 2148 12378 7129 6769 10036 13212 14361 6226 5587 8843 1545 15310 9038 5808 13241 13482 11010 4707 6093 6333 3090 12607 7478 7711 5480 13296 4338 12793 6407 7928 12409 7827 1012 5107 11897 13630 11457 12616 5487 11712 11404 13286 10305 9354 14574 11548 18205 14009 7210 12620 11269 5607 1348 17475 4651 10930 10484 3055 11566 5768 9571 7891 13644 12061 12313 13138 12492 6190 8845 11763 14972 5664 1263 6584 13584 7393 10746 13489 9214 13892 1987 5031 7674 6965 7957 6813 2859 12451 6407 9493 12035 9321 9781 1429 4996 16875 13220 8290 7334 13513 1659 8941 8872 16221 4398 7164 6152 9146 4179 8403 13515 8744 6405 5833 15130 5824 6264 9372 11992 6492 8224 7250 9436 5881 6737 3642 8638 14883 4372 6709 11057 13586 11541 9467 8939 4832 2465 2781 5087 680 11568 7683 13117 8482 9212 6817 11039 7985 5634 8031 13559 4404 3880 4303 7423 6990 13862 8974 10439 13125 7942 14316 4185 14411 6319 11183 7520 5767 12673 3998 7473 15069 6100 7228 13604 4287 8680 2593 16092 9874 12411 5537 11835 7898 6318 13288 6343 10009 2997 6899 7624 8166 15152 7034 11107 7684 13203 8555 9961 5381 6304 2585 1305 12054 10324 7009 13160 9853 2055 5818 5912 4097 10217 2419 11915 13770 11291 7748 12364 12667 1332 10667 12228 8934 4872 6475 257 4951 9372 4361 1745 8563 15159 8431 6450 6685 13358 8574 6852 6149 4589 13149 17740 11031 3619 9773 5831 4053 10143 5255 2629 4675 4334 7690 13974 7730 11252 7352 1485 4805 13037 6105 13279 11084 15160 9082 7413 8752 6294 1861 7597 4388 3968 8411 13100 9238 6133 5948 13276 2813 12108 6534 287 11726 12295 2822 2307 7983 3702 5676 7450 4136 12357 10622 12015 14494 8697 13587 7433 12059 9411 4475 6757 5439 10926 12584 4674 5392 7020 6158 7555 4111 8006 3380 6866 6974 14298 1622 10744 1809 1646 10541 4130 11078 8070 3249 1889 12476 3880 5141 8825
14207 7237 12532 12559 14710 11896 6142 7853 12293 7920 0 5129 5035 12211 4476 8734 7375 12040 2103 9140 6392 14058 13557 15060 5892 6359 14435 11862 3279 2607 9834 20588 8172 8859 11774 18175 9055 5023 9474 2037 7169 10413 18864 14851 14532 8045 19094 10344 8983 15234 8173 5169 18178 11497 5073 18265 16631 16211 3665 4225 9622 4044 2058 6636 1727 2765 2827 8056 3628 14046 6800 18656 14644 4854 2688 13658 9831 5360 5871 14097 8681 13312 16241 9799 16338 17887 12150 6955 3656 14197 8424 5214 15376 1688 13342 19075 8928 5436 14159 7594 14458 15662 7487 5243 12002 15455 12404 5487 2921 13849 6070 19070 13569 4710 19976 3803 15075 10489 11949 15857 9052 12140 6601 14515 6578 13563 14978 10973 13807 4993 12533 14478 19286 6538 16751 13060 8771 8404 2046 16804 14440 6715 6720 7379 18586 1980 16817 14157 3897 12228 9863 12837 11546 10771 10288 1808 7846 12756 13899 2319 4394 3395 11430 9289 11990 13143 16084 9807 4671 11648 9496 13792 4046 12649 6731 14317 9338 4246 3820 10481 18101 9453 8919 10515 12073 9258 9678 7805 13033 14412 15168 14667 6419 11121 2056 4854 4492 14321 12286 10852 12843 12820 10054 14956 1058 4587 6320 6537 11109 8463 5064 11898 14604 2430 4446 7024 12536 4808 6860 14285 8248 11706 9305 11969 2870 13172 18662 12503 5231 8273 15580 9601 6930 13522 10932 16647 2571 6980 16560 8042 14913 11013 10396 1182 18750 8591 3477 8333 14444 8933 11807 4454 9675 14271 6110 12868 12585 13049 10836 3143 14955 7744 10823 13457 8764 6742 16416 7967 16126 6943 11695 10354 8470 14502 3661 4330 6065 14782 5865 13678 13650 8340 4005 8784 14387 11385 5330 6062 7188 5334 8548 3543 5872 15536 7180 2129 7738 12193 8908 6434 9664 3377 20817 15464 14359 11954 16850 1416 14496 14061 9922 16661 14873 10638 11062 1912 12050 11933 17022 2699 6428 12585 5597 4067 18714 2376 4407 9572 9362 7624 18092 7281 12836 3184 12934 13082 13937 13165 9127 8301 5496 12023 10947 9632 17980 3836 2722 6574 6520 8575 4580 10584 8207 7878 14211 10676 10148 5399 10814 13497 11750 3785 8706 12379 8236 9805 11031 18054 12296 15004 3169 7418 4169 11500 17006 17295 6633 10077 12652 6937 12361 4433 7660 10154 14721 7129 19416 9127 11626 7353 6274 13593 12050 13599 11409 7579 9476 4856 10998 9587 11178
14390 10434 14346 7435 11640 8028 3750 3976 10229 8592 5129 0 4516 8445 9208 11803 8883 12019 5553 9621 11131 8935 14996 10301 10765 6609 12159 6961 2362 7735 7153 17050 3351 4280 7313 15419 4525 7388 5114 3405 9463 6150 15440 10766 13520 4452 15467 5695 12197 12145 9026 10296 15413 6546 9200 15512 12640 12903 6899 982 6754 1535 7044 10161 6745 7571 7801 3378 7256 11999 6551 15841 13456 1836 4306 8639 5845 2510 3329 11029 8430 8292 14494 6974 11932 13957 7391 4748 2774 14558 10646 9524 15533 6706 12976 15867 6880 9753 14812 3131 9804 15016 7691 3529 6989 10673 7565 5361 4049 9272 2973 15864 9486 1172 16469 7836 10440 5878 8947 11540 3948 10333 7734 9799 9912 9203 11349 11267 9272 2848 8451 12327 15972 3624 12922 7981 4179 5110 7155 13303 9313 3834 7889 3763 14928 3215 13993 9160 1823 7134 10000 13425 8125 7511 6344 6365 10099 7746 12763 3955 5845 8521 6939 9962 13549 8738 11606 5575 1260 6568 9622 10521 9132 8146 4819 15756 12701 1393 6266 6360 14249 4929 5559 13346 7320 6314 6548 2758 8176 14401 13257 15818 1312 8646 6591 5069 9510 9194 12284 7768 8233 7693 4925 11925 5130 8106 6148 5951 9168 8801 9975 8594 9773 7550 9546 11174 7856 9649 3975 16442 4983 12993 7611 12838 7728 10895 14888 8706 2154 4536 14496 5762 9994 8394 13832 13419 7481 3977 12476 10805 13592 6729 13395 5956 15163 11346 8573 7377 9386 3914 6702 3074 4583 16345 10227 7759 10463 8930 11449 2401 16204 3173 6716 15477 3666 2342 12051 3240 13441 10546 9168 10183 9708 9983 3465 1630 10548 11424 7068 14081 12943 11075 2921 7967 9887 6394 3264 1606 3803 9691 9767 4191 4267 17462 4806 3688 8337 11013 4027 9646 10079 1894 17426 17020 14143 9287 12570 4030 15335 14181 7904 12403 10132 5604 10322 5313 14157 12362 14863 4991 6035 12822 4325 1215 14904 2757 9239 5782 9597 10848 14497 4005 7726 6836 7952 9438 11808 9736 5869 7811 1263 12935 9789 5301 14295 8961 6912 3501 11185 7483 5648 7525 8822 3307 9532 10618 10149 819 9806 14021 8530 5818 4069 7808 3645 5948 6914 14145 9296 10637 2820 10535 8681 9483 14172 13568 4541 7582 15137 10857 9312 4678 3162 9058 15091 3237 15772 10194 6835 7074 7300 9410 12170 9191 7725 6269 9288 8916 12436 7134 7042
18092 12192 17166 10469 16156 12494 1843 8491 14618 11891 5035 4516 0 12924 9373 13686 11738 15767 6833 13062 8616 11896 18055 14209 8535 9988 16608 10817 5164 6974 11605 21509 7589 5533 7834 19931 8875 9622 9513 5032 11853 10549 19925 15130 17674 3894 19916 9907 13966 16661 12252 9044 19925 10341 10107 20023 17013 17409 3838 4506 11228 5043 5821 11640 6600 5859 7630 5104 4376 16406 10165 20356 17665 5933 2363 12152 5645 6709 7542 15545 12160 10260 18862 11446 16114 18337 11412 8989 5918 18181 13123 6681 19265 6565 16887 20372 11186 6878 18297 7585 13841 19065 11172 7426 10616 14541 11480 847 6432 13394 2476 20370 13872 3344 20936 5121 11128 6901 13455 15784 6895 14664 10736 10715 11549 13473 15824 14853 13426 6801 12856 16757 20468 2435 17342 11322 5486 9607 6252 17786 12168 8205 10881 8267 19374 4546 18506 12706 2928 9589 13620 16918 12639 12025 10822 6843 12539 11334 16946 2733 1947 7498 11202 13320 16512 9028 15744 10002 5331 8992 13233 15035 8495 8683 8966 18825 14346 3222 8340 10798 18651 9261 10067 15437 8516 10790 11049 6749 12035 18189 17649 19054 5033 13089 7091 8280 9081 12048 16029 12275 12362 10671 8096 16441 4169 9548 9690 9666 13510 12277 7933 13110 13605 6926 8796 12044 11938 9608 8357 19061 3792 16105 11842 16176 7777 15333 19305 13177 2558 4183 18686 5325 11849 11164 15874 17928 7461 8387 16815 12906 17842 6958 15353 6216 19622 13465 7953 11344 11456 7803 9988 6682 7337 19020 11140 10941 14867 13313 14885 5050 19390 7585 6618 18178 6621 6845 16257 7564 17945 11961 13627 13946 12754 14130 1574 5409 7745 15930 9981 17676 16984 13202 1751 11909 14050 8419 1511 6122 3163 6872 12826 1496 1113 20247 9102 5489 11660 15178 8134 11376 13570 3436 21907 20035 18014 13766 16817 3724 18733 17909 12235 16663 11094 9280 14318 3566 16782 15910 19312 6930 9670 16471 8156 4638 19312 4164 7164 10288 13156 12592 18958 8471 10901 4169 9790 13925 16229 14244 10373 11613 5735 16252 13919 9704 18738 8074 7743 7897 8551 11507 1581 12028 12162 4829 13552 14346 13835 5318 13885 17556 13045 8094 5502 11983 5097 5515 11340 18529 13805 14869 2481 12359 9166 13849 18685 18007 8726 12010 17509 11972 13824 7800 7604 13145 18718 7751 20215 13353 10849 10740 10330 13759 15858 13433 12222 10307 13027 5934 15449 11544 11459
10877 13094 13529 6847 3573 474 11780 4539 4458 8723 12211 8445 12924 0 14561 13780 9992 9023 11189 8742 18595 7384 13383 4710 18055 7946 5183 4355 9049 14415 3146 8608 5478 9669 11351 7353 4159 10596 3482 10200 11307 2512 7000 2736 8274 11321 7035 3594 14274 3999 9109 16842 7337 4667 13626 7441 4424 4535 15059 8764 3025 8527 14250 13393 13217 14976 13938 9195 15312 5465 7288 7702 7933 7556 12543 5641 11550 6907 6341 3066 7295 9425 7818 2969 4569 5678 3599 5463 8560 11291 11810 17344 11671 13189 9008 7481 4429 17572 11955 5339 3871 9968 7893 7018 5144 5077 4033 13761 9480 3220 10900 7480 1592 9604 8024 15756 12764 10195 2044 3972 7461 5005 9171 12014 12971 2296 2904 9149 3038 7220 993 5512 7550 11413 4559 6068 9605 3812 14104 4862 7801 5498 9251 4915 6502 10403 5957 5666 10223 8132 8335 10892 1063 1775 2103 12417 11563 5258 7554 12084 14265 15223 2574 9169 12562 12373 4506 2965 7985 8111 8182 2368 15345 11718 5784 13947 14867 9823 10423 2176 5909 3834 3300 14468 10400 3209 2722 6428 4267 10564 6591 13519 7984 3222 12522 8198 15426 7759 9204 2019 2983 7029 6741 3869 12741 12211 7460 6965 4392 8278 17221 1268 4790 14168 15772 15040 3246 15113 5356 15672 11979 11756 4860 10979 13675 4364 6505 295 10408 11197 8864 11737 12644 7709 14933 5079 13578 5232 4387 12690 7808 11460 14777 12392 6723 13009 14909 6140 9665 5732 6163 7766 7600 15457 14306 6495 4443 1312 9762 9201 13977 5350 11826 14700 7551 6105 4564 5426 5615 13753 3164 7896 9921 3393 11886 8151 18258 3085 9158 11026 8406 12811 11364 6342 3255 8817 11541 6858 11168 17483 9916 12591 12480 16093 5206 10089 8559 6481 5169 12649 8810 10045 8984 15122 10041 2880 4839 11746 12645 10626 4213 4634 12128 5329 6972 13237 13872 9968 7533 10219 7197 9928 6895 8756 6541 10257 16606 2706 8350 13391 6056 4938 6512 14855 9550 1013 5194 1511 3128 6862 7333 11109 6039 3293 5873 15445 12346 5645 18730 5910 14087 2190 8699 9413 3840 8262 8170 7689 6316 11186 1482 9971 9465 2754 9456 11816 1706 5848 2133 3339 11132 13040 13824 4306 6112 5156 5767 3341 15217 14443 2028 8369 5322 5973 11691 5312 7345 9871 3769 7191 8965 1821 9345 2475 807 5845 7576 16862 11646 3592 1641
12981 4242 10015 16433 16253 14358 10610 10834 13237 7471 4476 9208 9373 14561 0 5522 6298 11273 3754 8501 5925 17901 11272 18212 5173 6944 15318 15308 6938 2632 11640 22235 11749 13231 16196 19202 12321 4302 12566 5803 5306 13337 20473 17297 14319 12518 20888 13603 5570 16752 7465 3020 19214 15022 1612 19286 18893 17856 6727 8231 11603 7821 3824 3406 2786 4273 1750 12390 6338 14773 7604 19710 14573 8311 7018 17224 14296 8500 8637 15687 8824 17500 16509 11717 19037 20032 15417 9126 6887 12814 6225 6192 14057 2822 12701 20471 10445 6306 12519 10980 17505 15022 7625 7832 15602 18621 15751 9682 5549 16838 10541 20464 16091 9041 21618 5932 19472 14869 13700 18481 13137 12892 6248 18884 3635 16345 16995 10101 16754 7956 15127 15251 20772 11014 18850 16761 13138 10907 3283 18591 18316 9375 6273 10296 20434 6044 17989 17672 8293 16315 9361 11410 13680 12872 12973 2858 5787 16329 13862 6746 8277 2636 14470 8431 9777 17581 18871 12766 8392 15761 9091 15583 1680 17067 8788 11959 5719 8591 4141 13284 20159 12677 11373 7275 16419 11359 11842 11624 16379 13335 15671 12534 10518 12562 2622 6364 1221 18201 11466 12806 15915 16705 14008 16444 5207 2646 7278 7724 12124 8148 4571 13898 17861 2570 1876 2881 15697 554 9480 11298 12723 9789 10468 10404 1610 14187 20620 14853 9676 12742 15329 14072 4212 17463 7576 18193 1920 9634 18918 5338 14930 15458 7006 3364 20520 5759 1858 9165 18585 12661 15608 7328 13777 11357 2193 16660 13541 15639 9697 6859 12709 11182 15285 10658 12862 10223 19069 11488 17224 3508 13096 10021 7291 17398 8110 7966 6357 16570 5836 12315 13271 5590 8481 9377 17270 15599 9803 9700 11661 6171 7365 7886 10294 12661 9387 5547 7422 12411 12483 3720 8954 7696 22312 12911 13470 13436 19394 5892 12655 12907 11207 19191 19235 14316 11088 5854 9316 10778 17592 4596 7513 11508 7725 8015 20704 6556 4569 12229 8891 4483 19901 10019 16634 6119 17157 15252 14745 15144 11473 8761 9181 10411 11348 12686 19881 2226 2379 9387 6214 9447 8569 12558 7715 12236 17298 10178 9704 9239 11112 12045 13700 4592 13061 15437 12595 14277 13778 20171 14007 17721 7640 4468 751 12517 18175 19270 8841 11700 9508 3086 14104 6236 11059 10654 13276 10258 21214 7933 14952 7959 6190 16205 11155 16428 13768 8918 9355 6411 9050 11268 13929
8299 1497 4590 17829 14234 13756 14439 11522 10875 5067 8734 11803 13686 13780 5522 0 3802 7260 6865 5365 11339 19137 5915 18222 10587 6168 12609 16038 9518 7951 10639 19910 13121 16079 19105 16326 13140 4415 13096 8923 2585 13513 18201 16351 10501 15984 18821 14231 494 14653 4717 8338 16346 15911 4032 16396 17567 15817 11888 10898 10832 10273 9010 2189 7538 9620 6903 15174 11589 11943 6718 16831 10878 10229 11398 17993 17583 9975 9623 13789 6566 19539 12996 10842 18308 18469 15851 9242 9030 8009 2038 11711 9218 7559 8619 17943 9368 11827 7526 12197 17411 10714 5903 8900 16563 18626 16278 14206 7811 16712 14083 17933 15366 12164 19319 11301 22129 17651 12263 17687 15240 10356 4784 21444 2160 15962 15504 6195 16574 9402 14608 12421 18333 14682 17311 17807 15977 10955 8455 16671 19592 10009 4667 11016 18460 9365 15368 18318 11686 18174 6101 6697 12737 12015 12873 6974 2218 17181 10282 10961 13088 8134 14665 5035 4553 20530 18282 13076 10624 17718 6041 13949 7196 19922 8882 6545 1087 11807 5587 13299 18473 13381 11255 1805 18993 10792 11254 13405 16847 8759 12489 7211 12948 10923 6752 7007 6654 19493 7364 11771 16001 18106 15765 14340 9744 4149 6753 7237 10043 5584 10059 12750 18065 7806 7327 3087 15941 5775 10033 5786 16363 4813 8947 5684 6576 11772 18776 14036 13104 16141 11376 17450 1854 18927 2199 16004 6848 10188 17720 1117 11292 18530 1667 7602 18444 806 7350 7640 20449 14150 16928 8913 15861 5837 3365 17883 11147 15057 5569 9529 7325 12437 18496 5141 15023 11718 18270 12817 14578 2016 11315 6781 3982 17086 12182 10201 11858 14829 5123 7569 9394 970 12336 7481 16948 17818 13628 11523 15181 11693 4011 12224 14376 7141 9464 8486 5222 9325 13748 2310 5563 10990 19801 7417 9056 11700 18420 9964 7506 8297 9653 18211 21749 15536 8027 10558 3826 6424 14320 6985 7011 7128 8321 10646 18897 9864 10091 12215 5825 1118 17913 10577 17869 11287 19312 14148 12014 13804 11196 6926 11181 5644 8679 13143 18012 7748 6034 10207 11642 7873 13302 11590 5125 15110 17281 6698 6416 11449 8373 7246 12517 5997 15863 15550 15447 17647 13645 18563 12473 17119 11433 1328 5187 10364 15536 17538 9097 10458 4023 2557 12597 7268 12281 8269 8386 11265 19131 4291 15527 6654 5118 15596 7022 16103 13109 8104 6574 11892 4152 10191 13781
6944 3210 5500 14218 10700 9957 12066 7884 7416 1370 7375 8883 11738 9992 6298 3802 0 5013 5274 2209 12018 15474 6317 14422 11289 2516 9348 12316 6858 7810 6846 16546 9614 13043 16004 13199 9484 2405 9384 6706 1362 9745 14803 12593 8022 13291 15350 10517 4294 11153 1200 9283 13214 12219 4788 13277 13880 12309 10997 8104 7030 7434 8499 3727 6902 9270 6823 12143 10865 8737 2975 13710 8286 7125 9715 14258 14723 6699 6186 10210 2914 16084 10264 7044 14535 14842 12090 5566 6206 6879 1962 11750 8090 6903 6430 14653 5570 11924 6790 8679 13609 8770 2102 5570 12876 14825 12525 12410 5325 12910 11540 14644 11581 9505 15940 10823 18857 14530 8546 13918 11909 6965 1169 18144 3291 12162 11836 3851 12772 6175 10809 9223 15006 12185 13670 14121 12940 7207 8022 13132 15932 6428 1017 7407 14954 7192 12098 14565 9239 14685 3072 5492 8955 8222 9085 6041 1590 13466 7584 9191 11661 8339 10888 2144 4783 17416 14497 9330 7631 14269 2830 10298 7787 16776 5221 7088 4889 9238 3557 9517 14879 9696 7482 4804 15746 6992 7452 10024 13082 7221 9509 7341 9863 7228 5923 3815 7495 15838 5223 7991 12209 14492 12297 10837 8426 3711 3102 3546 6456 2011 10569 8992 14273 7582 8099 5456 12160 6790 6427 7560 13763 4378 5189 4596 6447 8354 15231 10251 10556 13401 9031 14645 2815 15317 5303 12552 6585 6574 14009 2700 8652 15525 5006 6532 14973 3059 7653 3856 16926 10644 13312 5818 12503 7469 4991 14231 7707 11261 3554 6919 7661 8920 15564 6603 11722 8318 14504 9308 11311 4013 7663 3747 1107 13286 10164 7257 12225 11216 1824 6360 6974 2840 10140 3758 13147 14458 11307 8263 12560 11794 1186 10419 12193 8618 5768 6249 1463 6231 10188 3009 2657 8557 16517 8307 7276 8042 14677 8223 7122 6828 5916 14468 18426 11921 4885 9278 5275 4666 11421 4857 3338 5367 4871 7861 15341 7597 10318 8440 2619 3449 14407 6945 14220 10462 15899 10395 8755 10087 7408 3169 8025 4648 5311 9417 14468 8196 5255 6669 12276 4100 11776 7802 1532 12128 13481 3881 3417 8368 5035 6153 8761 3679 12812 11762 12438 14831 9850 14949 8779 13331 9285 3113 5615 6809 12276 13949 5466 6686 6306 4794 8899 4215 8761 4746 7390 7726 15668 1778 11787 2856 1596 11803 4931 12302 9311 4315 3191 11687 3711 6400 9985
2371 7570 4838 15105 7963 9230 15658 9373 4799 4131 12040 12019 15767 9023 11273 7260 5013 0 10001 2920 17031 16029 4407 13716 16302 5816 5852 12748 10607 12791 6543 13050 11343 15602 18261 9252 10628 7340 10216 10904 6007 10054 11434 10974 3241 16401 12176 11184 7664 8258 3947 14278 9277 12849 9714 9314 11657 9373 15705 11518 6977 10876 13400 8320 11823 14189 11824 14779 15640 5149 5604 9744 3623 10199 14056 14442 17491 9515 8726 7702 3619 17435 5753 6839 12952 12263 12217 7428 9856 2586 5436 16707 3519 11821 1432 11017 5801 16889 3047 10503 12882 3757 4629 8518 13477 14067 12688 16531 9486 12242 14964 11005 10384 12948 12493 15677 20598 16826 7025 12324 13909 4192 5473 19841 7929 11296 9634 1172 12058 9197 10011 5577 11449 15623 11213 14635 15505 8177 12952 10268 16480 8457 5374 9113 11905 11372 8484 14572 12959 16010 2184 1869 8018 7615 9226 10930 5669 13854 3072 13506 16073 13345 10958 2873 3935 19577 13083 9913 10814 15751 2563 8131 12796 18901 7264 4929 8144 12817 8307 9685 12158 10650 8131 6938 17691 7240 7485 12083 13088 2423 5388 4514 12605 5814 10842 7513 12483 16413 265 7209 11903 15348 13867 7971 13048 8721 6076 6133 4636 3582 15580 7763 13811 12557 13099 9940 12049 11743 8363 6807 16974 3150 4972 2160 11449 5432 12309 9180 14046 16434 4153 17509 7348 16139 7267 9415 11573 8441 11926 6572 4042 17996 7383 11357 11810 6509 12665 4678 18004 12252 14245 9150 14381 6567 9717 14926 4961 10299 1697 10717 4971 10713 18167 5900 13814 10553 12844 11072 7720 8485 5886 1839 3982 12343 14225 10572 17220 8772 6183 2168 2135 6480 14044 4089 12211 16189 15003 10850 15815 16760 3909 14634 15980 7086 7467 10487 4302 2722 11657 7722 2406 12356 12833 6101 2320 6220 12794 12624 3705 2163 5216 12598 20052 12976 2105 13874 5433 1067 7123 9358 6105 928 7730 11318 12454 11654 15312 8883 2680 7604 11375 8651 14930 15211 17392 8918 5302 8353 7877 4213 10861 2281 3020 10153 11566 13209 10211 8798 17288 4627 16119 7179 3844 14852 12862 1421 1935 11296 2786 2233 7542 8260 15360 11565 15092 17667 9749 12311 7058 12035 13297 7383 10612 4730 8631 11242 7558 6095 6784 9278 7189 7996 10565 3371 3103 9637 12462 3350 12133 5033 5770 10714 342 11486 8664 5795 2750 16597 3422 6189 9831
12132 5378 10466 12682 13323 10934 7614 7181 10652 5870 2103 5553 6833 11189 3754 6865 5274 10001 0 7087 7657 14148 11467 14563 7030 4460 12798 11582 3222 3293 8500 19283 7998 9724 12742 16617 8615 2926 8902 2219 5102 9728 17535 13905 12604 9295 17847 9906 7167 13841 6100 5653 16623 11284 3669 16705 15596 14880 5736 4572 8370 4103 3508 4895 2106 4313 2754 8849 5641 12355 4984 17110 12747 4558 4601 13486 10993 4777 5005 12724 6750 13818 14437 8519 15548 16800 11728 5739 3134 12111 6368 6876 13298 2085 11330 17660 7445 7079 12061 7245 13885 13665 5524 4230 11857 14970 12045 7394 1820 13233 7339 17653 12657 5575 18667 5692 15952 11356 10623 15020 9435 10435 4536 15331 4753 12809 13808 8913 13162 4256 11655 12806 17908 7903 15634 13010 9626 7419 3164 15540 14564 5796 4647 6653 17360 2588 15302 13941 4955 12601 7837 10744 10401 9599 9444 1235 5786 12588 12003 4127 6452 4071 10835 7215 9901 14153 15347 9141 4654 12057 7479 12505 4174 13600 5445 12229 7583 5161 1722 9716 16971 8982 7913 8605 12853 8060 8522 7877 12676 12352 13421 12568 6847 9649 1335 3192 4340 14449 10242 9606 12279 12955 10271 13549 3157 2768 4532 4841 9475 6443 6208 10689 14183 3038 4606 5664 12035 4250 5917 12272 9611 9605 7690 9869 2521 11567 17488 11484 6389 9483 13652 10815 5020 13717 9046 15277 2393 6063 15576 6076 13038 12065 8531 1409 17490 6633 3720 6579 14882 8907 11854 3630 10078 12246 4714 12907 10953 12173 8752 3160 12860 7441 11954 11420 9168 6474 15599 7741 14579 5247 10215 8360 6371 13827 5318 4223 7567 13503 3818 11591 11684 6373 5486 6969 13703 11939 6797 5947 8460 6961 6449 5394 7514 13498 5991 1869 5703 10338 8734 4558 7609 4284 19450 13388 12320 10511 15971 3125 12393 11992 8367 15774 15671 10564 9148 4011 10015 9854 15309 973 4689 10516 4304 4341 17555 3113 5717 8701 7333 5785 16845 6427 12880 5220 13495 11972 12271 11960 8062 6437 5433 9922 9122 9033 16775 4257 1383 5759 7849 6840 6605 9344 6157 8725 13665 8661 8134 5510 8960 11404 10515 1757 9535 11803 9081 11018 10234 16954 10956 14218 4583 5537 3155 9873 15491 16121 5428 8665 10685 5417 11037 2883 7323 8342 12632 6561 18172 7031 11247 5500 4233 12734 9996 12875 10383 5983 7507 6661 8900 8191 10386
5087 5202 5127 13861 8872 8802 13117 7669 5511 1221 9140 9621 13062 8742 8501 5365 2209 2920 7087 0 14164 14981 5478 13376 13444 3087 7300 11718 7949 9889 5711 14576 9581 13511 16342 11101 9150 4437 8895 8108 3423 9025 12854 11167 5818 14069 13460 9984 5841 9289 1047 11474 11119 11709 6997 11176 12266 10452 12805 8999 6018 8334 10481 5834 8906 11270 8938 12643 12728 6658 3073 11611 6077 7786 11242 13584 15322 7189 6487 8437 1540 15970 8065 5966 13154 13125 11351 5429 7217 5130 3329 13793 6263 8903 4294 12635 4562 13976 5247 8669 12541 6643 1935 6099 12365 13764 11811 13799 6682 11854 12485 12625 10289 10439 13979 12758 18957 14874 7036 12524 12065 4996 2554 18217 5409 11011 10195 1835 11694 6775 9652 7142 13010 13144 11978 13591 13410 6693 10035 11308 15442 6440 2454 7286 13096 8586 10063 13818 10344 14542 863 3861 7680 7044 8265 8010 3311 12869 5377 10697 13246 10464 10096 440 4199 17716 13178 8721 8372 14197 682 8633 9964 17053 5166 6212 6410 10253 5388 8726 13118 9276 6824 5753 15922 6114 6506 10174 12310 5271 7351 6203 10387 5683 7925 4787 9692 15359 3157 6730 11287 14124 12239 8975 10159 5893 3479 3689 4715 820 12706 7607 13324 9652 10287 7544 11320 8997 6386 7336 14602 3505 3922 3218 8565 6411 13412 8971 11531 14136 6834 15296 4877 14945 6205 10644 8677 6503 12445 4409 6444 15971 6094 8438 13083 4559 9802 2889 16691 10574 12963 6606 12605 7172 7157 13786 5783 10051 1839 8044 6600 8901 16080 6330 11923 8521 13095 9285 9273 6076 6020 1549 1415 12127 11500 8072 14324 9486 3275 4620 4782 4428 11373 2477 11988 14512 12416 8664 13415 13849 1372 11861 13366 8108 5552 7676 1419 4086 10036 5152 524 9706 14498 7488 5236 6405 13190 9785 5729 4930 4530 12983 18466 11604 2742 10993 5269 2852 9251 6475 3586 3458 5307 8779 13535 8908 12415 7732 463 5350 12549 6803 13781 12303 15852 8968 6703 8560 6660 2151 8565 3317 3318 8884 12649 10354 7304 6750 14415 3017 13313 6595 934 12676 12455 1679 1210 8971 3015 4494 7370 5356 13271 10876 12951 15468 8952 13214 7210 12037 10582 5058 7810 5017 10237 12183 5458 5416 6561 6873 7338 5264 8743 2932 5665 7730 13771 1138 11139 2586 2867 10558 2910 11174 8165 3827 1223 13677 3123 5269 9068
18855 10151 15899 18436 20957 18285 10415 14237 18297 13032 6392 11131 8616 18595 5925 11339 12018 17031 7657 14164 0 19930 17178 21351 754 12012 20440 18070 9641 4394 16102 26892 14394 13969 16449 24271 15377 9744 15830 8424 11172 16788 25152 21243 19941 12501 25424 16649 11306 21477 13117 3006 24277 17669 7535 24359 23017 22495 4779 10368 15930 10335 4345 9308 5553 3642 5242 13356 4250 19976 12590 24765 20145 11211 7056 19767 14260 11749 12255 20352 14193 18698 21958 16095 22717 24266 18430 13262 10047 18710 12147 1978 19950 5572 18443 25305 15092 1823 18438 13906 20783 20786 12950 11594 18120 21736 18649 8376 9167 20192 10828 25299 19961 10352 26277 3518 19742 15454 18228 22243 14797 18055 11711 19328 9558 19941 21333 15868 20159 11382 18925 20434 25544 10988 23123 19082 13904 14783 4531 23124 20269 13096 11774 13769 24925 8294 22959 20290 9474 17837 15001 17303 17900 17115 16680 6458 11693 18877 19412 7249 6728 3717 17780 14159 15697 17633 22453 16181 10953 17236 14691 20096 4280 17299 13005 17851 11330 9917 9037 16867 24471 15781 15297 13009 17083 15587 16023 13889 19270 19186 21000 18448 12300 17299 6449 10848 4721 20148 17241 17167 19174 18676 15920 21189 6035 8318 12160 12493 17124 13685 1470 18232 20860 4649 4052 8366 18845 5582 13239 17027 12397 15713 15345 16306 5610 19218 25020 18887 10366 12788 20975 13936 10137 19296 13241 22907 5534 13363 22951 11256 20471 15574 12678 6300 25074 11656 4365 14199 19886 15044 17775 10829 15364 17114 7981 18816 18599 19441 15522 9498 18612 14036 15227 16467 14502 13043 22800 14220 22235 9360 17867 15617 13074 20859 8263 10658 1049 21092 11128 18205 18938 11501 8876 14547 20748 16791 9827 12323 11730 1790 13151 7613 9728 18410 13499 8506 12931 17832 15111 9643 14652 9237 27084 18757 19283 18156 23239 7129 18581 18769 16024 23052 19707 16733 16567 5845 15165 16620 22906 8598 12333 17343 11854 10265 25076 8568 1988 15963 14508 10362 24422 13671 18781 4531 18255 19449 19903 19504 15494 13978 11758 16318 16664 15994 24326 3825 6940 12964 317 14468 7119 16902 13302 13113 20528 15836 15333 11582 16472 17945 18073 9294 13888 18717 13436 14122 17419 24430 18568 21385 8463 10377 6485 17523 23148 23651 12941 16297 15211 8794 18642 10516 13966 15906 19181 13503 25748 13736 17890 13069 11534 19983 16944 19972 17790 13641 14854 2737 14973 15816 17566
18085 18050 20084 1501 10468 7031 10119 7615 11787 14512 14058 8935 11896 7384 17901 19137 15474 16029 14148 14981 19930 0 20196 4115 19626 12989 12489 3290 10998 16660 9504 13063 6194 6488 5977 13703 5998 15033 6114 12215 16556 6004 12107 7183 15650 8459 11586 5001 19607 10716 14971 19227 13676 3276 17565 13776 8530 10639 15373 9840 9099 10128 15970 18049 15629 16459 16649 6792 15825 12832 12501 13886 15315 9593 12890 1807 7480 9501 9619 10144 13442 2820 15082 9213 6628 9604 3845 9912 11019 18462 17436 18184 18959 15591 16241 12974 10462 18406 19056 7051 4487 17347 13515 10411 2618 4170 3382 12527 12379 4713 9423 12979 6691 9584 12679 16492 5869 5693 9379 6748 5136 12292 14381 5203 17698 5621 8870 15895 4902 10081 6450 12838 12791 9539 9211 1398 6508 8324 16089 10389 461 9136 14511 8125 11096 12110 12525 2047 10464 2463 14843 17869 8197 8443 6817 15143 17024 2178 14918 12683 13784 17453 5080 15420 19132 6325 6141 6260 9530 2998 14585 9404 18020 5842 10265 20839 20183 10028 14275 6353 10047 5779 8157 20273 4746 8913 8588 6294 3133 17822 13904 20532 7675 10321 15346 12270 18352 384 16243 8866 4441 1254 4023 10724 14029 16265 12400 11932 11478 14304 18859 8591 3482 16468 18442 19402 4138 18387 9106 22290 8955 18372 11213 17760 16532 11747 10737 7356 9639 8190 16245 7824 17576 847 20770 11175 16312 8949 8122 18026 15190 6597 20477 14811 11468 18477 17470 12094 2466 5242 2295 10687 4597 22108 18502 1263 11803 6421 16407 11095 20985 6824 7114 21287 5430 7717 6858 6476 12459 18443 10430 14587 15816 5190 11736 9945 19244 9638 14021 18141 15713 18230 11109 12531 5238 3767 10422 8201 8897 18364 15840 12444 10945 22918 9705 12393 14282 13704 5486 17386 15215 10778 13743 22074 17328 10203 7504 12938 19729 17835 10831 7474 5189 3641 13924 14090 20245 16857 14556 13359 12149 16957 10865 10016 10647 11682 18105 7263 14695 18430 10957 8560 1282 15462 3223 7993 12559 8671 8331 12842 8725 17886 13017 6107 10560 17881 15528 8965 19950 11972 13453 8864 14602 7069 4272 15014 14779 8712 13243 18255 8763 13766 6459 4630 6819 7770 6291 9798 9511 6090 11468 18077 17287 11497 12625 9935 10041 9937 21503 18948 9410 12142 6967 12711 18900 7927 11772 15995 3899 12711 14024 6327 16323 5424 7483 11264 14011 17503 18093 9893 6221
3545 7031 1364 19170 12298 13561 18342 13103 9204 6407 13557 14996 18055 13383 11272 5915 6317 4407 11467 5478 17178 20196 0 18089 16424 8387 10067 16907 13124 13456 10706 16987 15038 18975 21819 13040 14527 8543 14208 13023 6412 14192 15478 15381 6773 19446 16286 15250 6073 12554 5971 14198 13071 16957 9683 13086 16019 13630 17078 14299 11098 13626 14365 7872 12783 15069 12399 18099 16874 9372 8509 13493 7262 13176 16002 18681 20762 12623 11950 12077 6925 21373 9271 10992 17358 16555 16440 10901 12436 3061 5205 17363 3943 12794 4983 14935 9757 17503 2261 14134 17252 6132 7346 11511 17602 18446 16910 18721 11638 16601 17775 14922 14778 15726 16471 16716 24411 20351 11411 16730 17538 8598 7363 23666 7647 15669 14017 4303 16421 12174 14363 9750 15398 18428 15544 18798 18873 12047 13835 14524 20654 11916 7211 12744 16068 13509 12513 18848 15522 19942 5396 2595 12357 11888 13384 12025 5756 18039 6995 15487 17914 13784 15173 5086 1568 23193 17491 13972 13737 19622 5701 12530 12949 22529 10643 770 6277 15492 9796 13850 16417 14614 12105 4562 21392 11292 11609 15650 17348 4096 9316 1301 15832 10161 11856 9987 12460 20579 4272 11502 16207 19425 17677 12281 14615 9263 8867 9137 8993 6280 15843 12132 18156 13269 13132 9000 16319 11597 11860 2468 19954 2003 8985 2437 12036 9802 16507 13553 16800 19531 7255 20722 7092 20235 4598 13610 12257 11973 16302 5938 7677 21441 5017 12591 15933 5522 13014 8259 22039 16017 18285 11933 18071 2208 9214 19045 9359 14673 3810 13196 1439 14364 21540 1738 17399 13998 17247 14745 11796 7827 10274 5609 5335 16730 16481 13404 17623 13139 8101 2919 5867 5682 16452 7745 16596 19966 17597 14124 18756 17368 5269 16725 18499 2726 11013 12566 6663 7116 15463 7610 5111 14849 16666 2024 4638 10617 17184 14507 1865 3699 9390 16989 23908 16957 6410 15469 2239 3415 10747 11154 9011 3577 10731 14065 16661 13912 15789 12950 5639 6821 15556 12261 19044 16508 21276 13319 9562 12759 11895 7574 13997 2310 7344 14173 15785 13472 11130 12228 17474 8320 18049 11441 6187 18123 17220 5190 5425 14388 7071 2601 11907 9978 18736 15845 18406 20898 13977 16588 11458 16440 15602 6805 10804 9118 12638 15520 10935 10301 3129 8461 11589 10432 14206 7510 3155 13201 16552 4804 16304 8056 7788 15102 4071 15855 12972 9277 6231 17446 2608 10306 14072
15481 17389 18234 4604 6916 4582 12631 7385 9037 13231 15060 10301 14209 4710 18212 18222 14422 13716 14563 13376 21351 4115 18089 0 20922 12156 9185 3395 11786 17539 7673 8954 6969 9427 9798 9768 6009 14635 5662 13044 15680 4891 8008 3351 12652 11410 7470 4717 18713 7053 13646 20090 9739 3868 17523 9835 4440 6758 17186 10990 7416 11031 17103 17580 16390 17727 17278 9386 17556 9660 11545 9905 12252 10217 14596 2542 10886 9818 9577 6742 11885 6879 11630 7434 2518 5488 2921 9250 11539 15915 16313 19815 16198 16356 13611 8896 8895 20045 16607 7467 839 14295 12327 10380 3665 412 2748 14961 12747 1523 11805 8902 3383 11269 8564 18134 9977 9160 6694 2653 7433 9618 13485 9318 17179 2420 5121 13858 1684 10311 3745 9555 8693 12113 5143 3475 9409 7430 17088 6390 4354 8843 13586 7920 6983 13094 8699 2103 12086 6102 13017 15583 5754 6333 5390 15720 16011 3053 11993 14256 15920 18360 3743 13810 17266 10351 2031 5448 10407 6433 12845 6051 18702 9813 9616 18644 19307 11636 14196 5005 5932 5618 7042 19045 8603 7430 6973 7592 2174 15131 10561 18193 9308 7931 15877 11982 18903 4378 13889 6667 2301 4595 6265 7130 15316 16127 11608 11103 9097 12850 20105 5957 686 17312 19135 19137 2534 18745 8747 20381 12006 16462 9456 15689 17079 8729 6622 4537 11698 11188 13073 11185 16924 4837 19521 7261 16920 8589 4021 17112 12048 10265 19329 15541 7357 17477 18201 10642 6557 6460 4563 10935 7166 20167 18324 4035 8964 3418 14467 11919 18651 7322 10751 19408 7673 8322 2746 7131 8758 17959 7833 12599 14479 1429 13627 10731 20826 6001 13334 15678 12942 17262 13016 10926 1545 7289 12700 9028 11611 19979 14483 14368 13444 20795 8996 13080 13043 11117 6274 16855 13479 12176 9628 19806 14583 7512 3395 14227 17301 15232 8867 3359 9297 4934 11679 15597 18559 14674 10891 13643 11339 14613 10550 11086 6534 12786 19406 6101 13003 17721 6860 8198 4075 17137 7222 4872 9391 5515 7053 11393 9595 15819 10747 5532 6456 18689 15868 8825 21429 10442 15648 6783 13242 9664 943 12970 12866 9775 11026 15854 6182 13701 9311 2779 9531 11182 4594 5684 6691 2135 13107 17364 17515 8987 8775 5852 9489 7964 19896 18588 6566 12016 7401 10672 16288 8016 7657 14489 3468 11568 13214 3028 14042 2235 5212 10126 12239 19216 16336 8121 4453
18112 9397 15145 18127 20349 17756 10297 13744 17645 12320 5892 10765 8535 18055 5173 10587 11289 16302 7030 13444 754 19626 16424 20922 0 11341 19785 17671 9166 3743 15508 26298 13984 13780 16343 23627 14929 9032 15362 7929 10428 16305 24554 20721 19229 12392 24843 16210 10557 20868 12396 2260 23634 17281 6783 23714 22479 21897 4715 9965 15349 9891 3835 8554 4925 3201 4542 13133 4166 19311 11929 24123 19439 10740 6813 19402 14173 11249 11722 19748 13502 18488 21268 15509 22229 23718 18004 12686 9533 17963 11395 2139 19205 4947 17716 24690 14474 2057 17687 13461 20336 20058 12259 11041 17749 21311 18237 8369 8595 19734 10654 24683 19444 10043 25682 3419 19654 15299 17633 21745 14505 17392 11004 19217 8805 19454 20767 15138 19696 10860 18412 19773 24935 10858 22568 18740 13712 14244 3953 22540 19976 12561 11064 13265 24348 7833 22324 19918 9163 17583 14284 16557 17338 16547 16168 5815 10944 18506 18708 6953 6704 3025 17317 13431 14943 17562 21976 15699 10514 16984 13977 19508 3533 17202 12419 17098 10587 9599 8360 16370 23914 15330 14755 12262 16930 15014 15458 13518 18862 18447 20323 17694 11967 16679 5790 10221 3967 19855 16510 16587 18723 18373 15607 20577 5638 7584 11506 11852 16477 12976 834 17658 20445 3999 3299 7622 18406 4828 12701 16281 12327 14961 14705 15559 4904 18572 24454 18348 10133 12674 20261 13859 9385 19013 12497 22302 4845 12829 22423 10502 19769 15479 11934 5701 24490 10902 3642 13540 19670 14669 17444 10292 15085 16367 7227 18492 17948 18930 14784 9026 17858 13600 15152 15716 14209 12602 22306 13799 21595 8607 17245 14905 12340 20391 8048 10201 1515 20505 10434 17460 18221 10747 8647 13875 20278 16571 9668 11896 11599 1977 12417 7434 9647 17663 12927 7981 12223 17141 14708 8891 13928 8878 26477 18005 18548 17541 22734 6738 17828 18028 15392 22544 19593 16366 15869 5546 14412 15881 22232 7983 11686 16605 11268 9848 24514 8140 1526 15445 13792 9608 23841 13147 18457 4380 18055 18894 19244 18931 14943 13300 11328 15570 15982 15522 23754 3093 6252 12442 1055 13811 7095 16322 12587 12898 20086 15117 14617 11176 15785 17198 17495 8634 13688 18262 13230 14049 16918 23880 17971 20895 8169 9623 5739 16875 22513 23085 12367 15689 14466 8044 18048 9903 13524 15229 18433 13021 25167 13000 17469 12398 10837 19476 16212 19491 17249 13009 14150 2849 14222 15211 17066
8111 5233 7781 11714 9311 7837 10038 5383 6342 1985 6359 6609 9988 7946 6944 6168 2516 5816 4460 3087 12012 12989 8387 12156 11341 0 8464 9870 4862 7620 4851 15291 7099 10650 13572 12332 6992 2711 6928 5088 3584 7369 13529 10645 8174 11060 13957 8064 6647 9808 2417 9644 12342 9749 5781 12418 12109 10917 9998 5936 4921 5267 7968 5458 6497 8772 6824 9761 9987 7972 674 12835 8298 4792 8242 11825 12394 4276 3697 8751 2323 13569 9982 4987 12514 13186 9695 3079 4131 8193 4470 11335 9286 6485 7038 13536 3589 11537 8334 6164 11365 9329 1189 3148 10403 12565 10117 10736 3674 10668 9423 13528 9531 7374 14674 10116 16369 12097 6818 11918 9420 6056 1392 15650 5043 9992 10142 4865 10544 3797 8670 8437 13830 10081 12002 11648 10548 4797 7601 11667 13446 3912 1525 4896 13511 5556 11078 12155 7258 12170 3643 6947 6968 6182 6770 5578 4036 11013 7553 7692 10261 8318 8529 3384 6953 14974 12423 6914 5351 11756 3258 8682 8085 14327 2724 9146 7234 7174 2985 7178 13284 7220 5127 7313 13269 4786 5271 7529 10692 8235 8991 9231 7481 5629 5566 1708 7990 13349 6074 6035 9897 11989 9783 9500 7321 4390 590 1070 5201 2290 10544 7107 11956 7367 8474 7094 9808 7494 3915 9925 11574 6384 3525 6271 6483 7284 13717 8225 8461 11144 9222 12343 4767 12813 7812 11249 6503 4063 12180 5052 8581 13131 7494 5869 13586 5489 7782 2233 14411 8129 10809 3552 10006 9808 6379 11741 6647 9152 4923 4959 9608 6405 13199 8940 9242 5825 12510 6793 10324 5826 6155 4043 3138 11105 8433 5025 12001 9659 1214 7689 7298 5245 8290 2535 10968 11957 9331 5822 10379 11418 3189 8821 10280 10882 3296 4675 1733 5878 7674 4719 3585 6619 15372 10411 8110 6501 12754 6822 8807 7934 4269 12546 15928 9417 4706 8124 7677 5925 10894 3664 843 6486 2400 5710 13808 5848 10123 6084 3170 5572 12974 4439 11728 9542 13389 8502 7912 8310 5104 1979 5638 6360 4668 6975 12970 8351 5103 4154 12226 2513 10304 5809 2227 9767 11214 4407 3883 6014 4500 7577 6893 2731 10415 9436 10063 12522 7562 13315 7108 11252 7509 5214 6194 5597 11265 12380 2957 4830 8782 6499 7212 2190 6246 3898 8730 5210 14281 3587 9360 1058 1062 9711 5884 10114 7203 2101 3141 11112 5837 4438 7704
6832 12489 10674 12029 2397 5606 15846 8327 2147 8004 14435 12159 16608 5183 15318 12609 9348 5852 12798 7300 20440 12489 10067 9185 19785 8464 0 9538 11838 16048 5008 7307 9944 14417 16406 3884 8746 11017 8102 12684 10670 7379 5627 5945 3626 15832 6331 8591 13068 2531 8166 18102 3896 9840 13980 3967 6090 3565 17849 12118 5409 11654 16268 13072 14892 17064 15286 13803 17962 704 7857 4392 3169 10704 15608 10703 16355 9931 9124 2444 6526 14608 2640 5188 7740 6498 8772 7724 11149 7323 10597 19610 7292 14875 5099 5338 5562 19823 8122 9453 8433 5166 7695 9445 10327 9449 9193 17451 11516 7946 14999 5327 5886 13310 6724 18230 17946 15165 3487 7158 12291 2426 9092 17195 12638 6962 4275 6599 7746 9956 6051 374 5724 15596 5538 11217 14339 7075 15960 4458 12886 8409 9087 8419 6053 13041 2764 10636 13698 13305 6514 7486 4665 4919 6654 13983 10610 10411 3135 15077 17554 16768 7737 7586 9786 17494 7993 7608 11286 13257 6619 3143 16543 16829 7844 10430 13611 13386 11446 6971 6351 8541 6679 12640 15517 5851 5675 10893 9356 6374 1415 9776 12132 3519 13995 9633 16418 12855 5903 4552 8048 12206 11749 2295 15240 12686 8280 7959 3330 7339 18978 4163 9500 15792 16926 14798 8377 15856 8255 12530 16482 9001 5132 8006 14947 1285 6463 5158 14301 15760 3898 16495 12138 12869 13013 3565 14960 8221 6431 11702 2900 16430 13056 14190 5963 11807 16246 6246 14825 10491 11340 10276 12540 12273 14321 11665 1850 6077 7291 11986 10214 9565 16752 11683 12323 9969 7581 9786 1973 13342 2992 5828 8715 7759 15292 11267 20358 3333 9491 7245 4248 11702 14893 5953 7652 13928 15422 10597 15512 19712 8670 15904 16422 12567 7567 12404 7988 3303 9872 12356 7048 13307 7200 11407 5782 2914 7375 14453 8801 6603 4529 7201 17311 10424 4583 15928 11284 6917 2705 11891 8110 6530 8902 12015 6611 13094 18515 6820 6839 12649 5524 8155 11683 17497 14727 4497 597 3819 6353 6561 10902 8124 4038 7946 5728 16815 13565 8712 20642 5974 17469 4749 7817 13978 8522 5938 6194 11340 4316 7514 4084 11151 14193 7899 14094 16600 6691 6524 3214 7159 14409 12352 14577 2936 2937 5458 8024 4600 12636 14132 3271 10016 9473 4671 7574 8977 6623 8321 8949 7411 9128 6261 6186 7167 5368 6859 6166 19291 9212 5074 6684
14831 15027 16807 2498 7761 3942 9263 4596 8615 11297 11862 6961 10817 4355 15308 16038 12316 12748 11582 11718 18070 3290 16907 3395 17671 9870 9538 0 8623 14399 6216 11539 3691 6235 7241 11332 3008 12084 2943 9883 13454 2715 10257 5065 12508 8166 9951 1808 16516 8100 11750 16970 11310 499 14791 11414 6815 8291 13820 7706 5809 7818 13879 15096 13284 14470 14230 6080 14202 9802 9343 11599 12202 7087 11234 1966 7885 6809 6744 7337 10178 5070 12172 5925 5448 8090 845 6800 8474 15199 14272 16485 15731 13249 12999 10985 7182 16714 15780 4341 3067 14210 10312 7558 790 3742 680 11575 9766 2755 8427 10988 4136 7892 11051 14796 8410 6288 6244 5251 4120 9091 11257 7661 14724 3245 6460 12606 2853 7354 3548 9866 10908 8760 7354 1891 6202 5115 13905 8270 3746 6138 11381 5134 9414 9882 10024 2367 8722 3805 11560 14583 5032 5194 3528 12681 13886 1155 11758 10913 12526 15215 1851 12157 15853 8129 5028 3008 7192 3862 11307 6601 15642 7496 7164 17549 17101 8271 11456 3065 8484 2694 4903 17097 6184 5629 5299 4221 1226 14585 10946 17246 5922 7086 12858 9335 15897 3673 12964 5622 1872 2694 3020 8043 12040 13437 9286 8802 8227 11057 16864 5470 2822 14183 16073 16540 1402 15823 6081 19012 8788 15089 7925 14470 14063 8671 9187 4398 8303 7966 13166 8145 14553 3429 17591 8854 13877 5920 6501 14922 12110 7507 17320 12441 9743 15350 15119 8835 5363 3076 1836 7981 3956 18827 15672 2202 8658 3700 13121 8745 17699 4156 7940 18010 4337 5151 5626 3899 9814 15487 7240 11298 12598 3489 10242 7552 17508 7053 10958 14869 12504 15111 9628 9257 3446 4644 9309 5800 8293 16652 12618 10982 10070 19629 6575 9971 11073 10470 2962 14405 11939 8850 12108 18785 14104 7046 6245 10942 16450 14582 7544 6128 7773 1572 10643 12273 16986 13569 11825 10712 9027 13676 7896 7825 9145 9536 16148 3987 11422 15392 9136 5520 2211 13790 5208 5142 9533 5787 5059 9588 6366 14597 9741 2899 8804 15581 12933 6028 18135 8703 12253 5602 11373 6351 2771 11724 11491 6494 9962 14976 5617 10948 6089 1756 6254 8176 3043 8293 6420 4362 9747 15036 14645 8269 10153 8093 6968 6653 18257 16043 6333 9275 4265 9423 15645 5067 10200 12749 621 9511 10922 3838 13039 3110 4302 8050 10729 15870 14822 6603 2991
12941 8118 12358 9517 11793 8706 5218 4602 9753 6811 3279 2362 5164 9049 6938 9518 6858 10607 3222 7949 9641 10998 13124 11786 9166 4862 11838 8623 0 5777 6965 17550 4949 6618 9653 15414 5778 5120 6197 1261 7271 7147 15856 11637 12568 6502 16021 7069 9896 12316 7202 8347 15413 8278 6845 15506 13446 13224 6097 1400 6678 883 5333 7813 4671 6000 5658 5723 6296 11548 5003 15874 12587 1575 3772 10461 8065 2142 2797 11173 6997 10597 13918 6876 13076 14722 8881 4118 755 13044 8497 8298 14111 4634 11726 16144 6285 8528 13196 4322 11179 13920 6035 2399 8811 12182 9147 5946 1711 10570 4687 16140 10349 2675 16946 6710 12802 8231 9015 12605 6214 9717 5763 12161 7577 10299 11879 9714 10530 1912 9306 11939 16318 5328 13608 9917 6518 5285 5302 13757 11403 3620 5916 4153 15501 1358 14016 10945 2404 9383 8471 11810 8468 7727 7065 4146 7931 9558 11857 3239 5748 6593 8152 8233 11621 11076 12813 6540 1468 8836 8084 10793 7048 10495 4001 13892 10385 2381 3942 7232 14958 6175 5800 11114 9682 6275 6648 4705 9778 13029 12751 14045 3634 8372 4352 3169 7356 11287 10870 7867 9564 9786 7072 12056 3694 5746 4533 4505 8596 7150 8340 8861 11339 5561 7476 8814 9259 7406 3775 14386 6933 11137 6846 11114 5534 10554 15543 9336 3700 6641 13593 7937 7688 10533 11593 13691 5316 3869 13354 8555 12790 9034 11136 3834 15687 9105 6513 6213 11661 5783 8714 1582 6857 14309 7867 9773 10025 9819 9784 154 14405 4481 8981 13447 5946 3479 13159 4724 13375 8195 8939 8783 7789 11226 3647 1073 9232 11765 5038 12544 11841 8833 3438 6767 11113 8722 4483 2839 5733 8441 7855 4148 5418 15475 4294 1397 6570 10092 5690 7320 8447 1757 17830 15135 12850 9147 13607 2713 13661 12754 7335 13421 12494 7473 9174 4216 12091 10784 14511 2631 4507 11326 3046 1153 15585 1262 7668 6368 8016 8534 15023 4119 9745 5834 10277 9960 11399 10107 6042 6452 2287 11198 8824 6357 14883 6961 4598 3418 9751 6393 5704 7601 7071 5630 10933 9185 8678 2302 8768 12438 8738 3522 6414 9100 5978 8133 7787 14895 9369 11744 2715 8230 6372 8962 14203 14183 3814 7289 12992 8495 9418 2703 4390 8038 13582 3862 16339 8342 8363 5577 5336 10354 10705 10331 8257 5218 7865 7815 10524 6799 7933
14739 6545 12272 15163 16617 14138 8394 10228 13906 8722 2607 7735 6974 14415 2632 7951 7810 12791 3293 9889 4394 16660 13456 17539 3743 7620 16048 14399 5777 0 11789 22575 10719 11385 14238 19885 11532 5453 11903 4516 7149 12799 20827 17110 15612 10407 21133 12828 8066 17135 8848 2576 19892 14049 3921 19973 18835 18172 4095 6822 11647 6595 1210 5765 1201 1673 1060 10609 3711 15582 8196 20381 15798 7329 4688 16224 12216 7741 8125 16018 9822 15899 17580 11801 18690 20054 14647 8997 6010 14640 8268 3954 15869 1227 14182 20951 10737 4119 14454 10090 16906 16532 8578 7402 14570 17939 14921 7188 4936 16278 8467 20945 15846 7285 21959 3354 17559 13002 13913 18182 11658 13661 7384 17024 5882 15927 17079 11646 16223 7296 14827 16041 21201 8859 18896 15646 11301 10615 722 18827 17045 8951 7459 9724 20644 4557 18581 16715 6445 14831 10706 13237 13660 12862 12593 2072 7748 15321 15060 4536 5706 821 13860 9924 11912 15578 18462 12198 7217 14250 10380 15793 1535 15114 8717 14178 8276 6820 4652 12828 20237 11921 11120 9745 14604 11325 11778 10395 15552 15030 16610 14672 9026 12940 2055 6481 2108 16926 13013 12885 15290 15424 12659 16841 2939 4229 7767 8109 12736 9360 2930 13963 17108 256 1888 5509 15006 2717 9084 13729 10528 11801 10962 12275 1420 14830 20763 14710 7706 10655 16652 11959 6393 16129 10084 18570 1228 9220 18798 7565 16114 13445 9517 2027 20778 8052 980 9806 17039 11513 14404 6699 12279 13766 4758 15464 14208 15346 11359 5655 14893 10255 13216 13023 11369 9254 18753 10500 17852 5955 13505 11299 8900 16906 5886 6848 4437 16791 6767 14126 14633 7845 6353 10154 16787 13970 7621 8606 9554 3988 8978 5531 7971 15067 9244 4460 8603 13456 11459 5867 10391 5969 22744 15210 15079 13804 19153 3880 14676 14632 11650 18959 17387 13215 12208 3408 11643 12470 18514 4255 7944 13177 7568 6654 20828 4980 2531 11858 10207 6856 20131 9559 15434 3488 15513 15226 15510 15236 11290 9589 8045 12303 12277 12052 20055 1233 2589 8865 4607 10075 6020 12621 8999 10418 16669 11542 11029 7979 12091 13892 13794 4900 11244 14820 10773 12162 13364 20212 14248 17355 5612 6762 2770 13134 18770 19395 8681 11958 11973 5659 14327 6174 10160 11516 15135 9542 21458 9572 14134 8676 7178 15901 12732 15978 13608 9267 10507 3991 11062 11483 13514
8700 9952 10682 8564 4876 3126 10855 3414 3138 5591 9834 7153 11605 3146 11640 10639 6846 6543 8500 5711 16102 9504 10706 7673 15508 4851 5008 6216 6965 11789 0 10791 5234 9731 12073 8450 4251 7542 3745 7937 8161 3512 9050 5802 6824 10969 9347 4650 11133 5400 5990 14101 8449 6305 10601 8542 7272 6393 13052 7127 476 6693 11796 10271 10592 12565 11194 9029 13218 4864 4183 8909 6642 5727 10705 7978 11681 4962 4186 4263 4212 10932 7387 297 7705 8392 5736 2887 6327 9039 8682 15047 9673 10568 6922 9241 1285 15270 9586 4588 6842 8479 4747 4630 6936 8065 6205 12449 6947 6150 10018 9236 4737 8303 10175 13561 14154 10709 2126 7097 7758 3371 6034 13393 9846 5341 5357 6403 5996 5055 3980 5176 9454 10627 7211 8107 9645 2113 11571 7040 9959 3424 6110 3433 8864 8242 7051 8166 8704 9516 5420 8369 2127 1376 2688 9734 8421 7338 6042 10189 12611 12571 4469 6148 9718 13308 7653 3391 6295 9301 5211 4005 12566 12629 3105 11337 11726 8383 7509 3151 8524 4196 1813 11378 11365 883 954 6127 6659 8506 6130 11031 7192 1494 9804 5355 12582 9888 6767 1184 5584 8805 7499 5124 10528 9193 4406 3930 2260 5180 14678 2265 7613 11535 12983 11936 5644 12194 3268 12870 11608 8934 1791 8269 10900 3743 9009 3411 9298 10924 7685 11777 9506 9596 11851 6815 10842 3223 7331 9546 6689 11945 11672 9808 8989 9872 12174 3001 11465 5986 7710 5459 8134 12674 11230 8385 3342 4419 6946 7118 11483 4738 12200 11877 7728 5006 7687 5021 6416 10626 2021 5099 6815 6465 10315 6303 15883 5003 6064 8684 6560 9671 9898 3253 6325 9813 10416 5602 10586 15168 6816 10946 11418 13431 2682 7723 5420 4476 5360 9524 5848 8340 10989 12569 8074 2187 7908 9650 10248 8454 1329 7700 13584 6473 4443 11149 10940 7353 7712 7534 4153 7472 4252 7036 9085 8227 14126 2371 5355 10246 8346 3148 8388 12752 10919 3651 4663 3505 1495 3736 5895 8396 3567 3657 8286 12729 9533 3714 16269 2782 12507 964 5583 9174 6747 5517 5315 6334 3765 8776 2061 7094 9496 5186 9333 11903 3282 8532 2467 6485 9448 9896 10893 2472 7238 7649 3208 500 12258 11328 2540 5618 4623 3207 9506 4001 9672 6817 5606 4050 5846 4957 6828 5493 2480 2759 4611 14651 8732 450 3386
13502 19730 17773 13455 5987 9022 20276 13138 9131 15181 20588 17050 21509 8608 22235 19910 16546 13050 19283 14576 26892 13063 16987 8954 26298 15291 7307 11539 17550 22575 10791 0 13964 17714 18633 3989 12653 17971 12001 18632 17893 10970 1762 6530 10214 19559 1606 11767 20372 5484 15391 24841 3956 12022 21015 3958 4724 4404 23619 17362 10968 17094 22575 20269 21380 23337 21948 17418 23844 7987 14631 3598 9726 16112 21132 11453 19423 15423 14770 6569 13653 15830 7784 10799 6437 3489 10725 13639 16992 14005 17891 25786 13567 21357 12057 2052 11860 26012 14839 13931 8741 11149 14726 15346 12141 8902 10896 22340 17729 8823 19396 2065 7701 18204 618 24248 18901 17811 8665 6396 15516 9594 16145 18260 19831 8338 5708 13883 8700 15663 8677 7522 1601 19864 4228 12342 17670 12267 22361 3792 13270 13934 16164 13482 2152 18885 4573 11054 18832 14965 13810 14502 9082 9830 10706 20514 17879 11751 10057 20660 22873 23351 10476 14879 16938 19283 6923 11507 16571 15213 13894 6798 23293 18723 13887 17214 20917 18430 18179 10711 3067 12282 11754 19927 17475 11330 10919 14874 10609 12968 7703 16441 16517 9686 20574 16112 23256 13306 13059 9736 9676 13488 14525 5791 21214 19659 14976 14560 10156 14539 25469 8698 9612 22321 23700 21998 10150 22785 13781 19443 20203 16182 11768 15160 21640 8193 2361 8344 18973 19390 9851 19676 19358 13789 20288 4042 21601 13681 5058 18984 9310 19001 20350 20599 1887 19107 22927 13080 15477 13995 13200 16151 15461 19174 21457 12906 8839 8253 14571 17703 16836 13923 19454 18684 15679 14711 6208 13958 5353 20559 9142 13130 15989 8136 20495 16711 26651 5806 16428 14071 11161 18995 19970 12934 8147 16055 20097 15466 19535 25914 15948 21199 21009 19242 13410 18462 15132 10608 13524 19537 14347 18643 793 17997 12390 8812 5560 20263 15455 13315 11031 5601 18221 13024 11884 21764 18451 14095 6317 18320 14756 13611 15038 17345 2428 18787 24913 11303 14113 19912 2553 13441 12944 23383 16159 7632 7900 7443 11508 13559 15939 15270 11269 11809 2786 23487 20259 14135 27055 12799 22694 10003 15021 17667 9015 13244 13495 16297 11565 14387 8838 17805 17545 9908 17639 19712 10171 3287 8328 7214 19735 19605 21484 9778 4420 3521 13961 10623 19775 21339 8251 16401 13909 11801 14102 13910 1338 15619 11212 14290 16109 7881 13369 8447 9356 13369 13407 25349 16459 11093 10056
13650 11952 14675 4777 8940 5021 6319 1970 8326 8857 8172 3351 7589 5478 11749 13121 9614 11343 7998 9581 14394 6194 15038 6969 13984 7099 9944 3691 4949 10719 5234 13964 0 4507 6927 12762 1322 8894 1997 6205 10569 3002 12430 7541 12053 5919 12364 2353 13575 9410 9326 13293 12749 3330 11372 12852 9424 10013 10250 4026 4761 4130 10188 11898 9618 10784 10588 3859 10602 9949 6726 13139 11876 3448 7657 5514 6457 3308 3501 8363 8114 6471 12488 4969 8598 10749 4050 4162 4865 13924 11559 12847 14704 9582 11981 12954 5573 13078 14352 935 6454 13692 7848 4259 3869 7348 4255 8406 6205 5923 5438 12953 6290 4396 13404 11168 9376 5516 6489 8228 2572 8603 8468 8636 11563 5900 8331 10882 5927 3890 5288 10184 13005 5936 9770 5013 4423 3217 10217 10298 6627 3199 8611 2295 11819 6192 11342 5997 5164 5072 9675 13024 5436 5029 3439 9051 11096 4612 11270 7296 9123 11533 3626 9996 13771 8235 8262 2515 3504 4661 9346 7754 11990 7559 4460 15751 14138 4720 8086 3303 11068 1682 3421 14398 6369 4363 4362 963 4878 13533 11213 15621 2560 6631 9239 6148 12272 6517 11593 5394 4883 5055 2687 9236 8360 10075 6517 6107 7488 8809 13176 5947 6466 10507 12419 13215 4506 12248 3223 16871 6575 13084 6408 12670 10439 8775 11729 5703 5034 5828 12918 6570 11480 5858 14897 10557 10240 3092 9227 12028 11915 6731 14553 8779 12082 12511 11459 6799 7331 1031 3905 4493 3046 16725 12310 4937 8492 5732 11253 5066 16050 694 6970 15869 2506 1528 8725 306 10895 12294 7044 9623 10140 6639 6767 3876 13857 8558 8009 13508 11722 12253 6182 7348 6545 4931 6143 2113 5700 13011 10178 7504 7045 17689 4029 6316 8607 9652 742 11256 9927 5210 14400 17025 13158 7043 9261 7266 14964 13415 6380 9100 8891 2570 9351 8628 14688 11950 12579 7179 6295 12242 4802 4136 11731 5846 12463 3126 9399 12343 11423 2778 4914 10177 6303 6491 9717 6912 3740 7463 2677 12786 8595 2186 11183 11910 9370 2945 14467 6777 8892 5209 9007 4039 6183 10077 9711 2812 8717 13532 5951 7579 4275 4464 4151 6687 3813 10942 6805 7318 6171 11996 11116 7703 11509 10449 4186 5732 15853 12773 6784 5978 854 8022 14427 1891 12657 10448 3501 7067 8075 6170 11573 5873 4875 5761 8855 12254 12672 5417 3917
17952 14714 18431 5161 13231 9195 3702 6367 12832 12594 8859 4280 5533 9669 13231 16079 13043 15602 9724 13511 13969 6488 18975 9427 13780 10650 14417 6235 6618 11385 9731 17714 4507 0 3035 17021 5672 11664 6329 7511 13708 7175 16336 11187 16535 2005 16113 6099 16477 13668 13048 13823 17005 5738 13392 17109 13005 14122 9236 5219 9261 5815 10455 14431 10578 10771 11676 906 9738 14447 10467 17361 16372 5923 6985 7073 1950 6374 7025 12688 12165 4742 16982 9472 11672 14301 7010 8187 7050 18186 14865 12101 19044 10539 16357 16979 9954 12311 18544 5185 9265 18157 11630 7503 5776 9694 6908 6090 8321 8990 3145 16980 10085 4190 17202 10455 6243 1639 10939 11486 2222 13103 11878 5658 14189 9376 12338 15009 9080 6872 9225 14668 16961 3109 13493 6159 103 7669 10716 14263 6714 7154 12032 6526 15570 7204 15625 7624 4963 4093 13757 17179 9823 9498 7799 10377 14330 6383 15753 6941 7472 12095 7314 13890 17590 4459 11237 6838 5466 3509 13399 12026 12885 3880 8391 19718 16981 4640 10544 7553 14682 5906 7919 17600 3218 8854 8869 3609 7334 17879 15707 19693 3180 11138 10620 9244 13352 6597 15860 9879 8056 5321 3215 13528 8489 12358 10130 9837 11977 12699 13084 10338 8762 11247 13268 15384 7585 13622 7241 20570 2580 16978 10778 16706 11672 13269 15379 9844 3700 1765 17415 2081 14274 5709 18090 14682 11393 7161 12714 15071 16419 2483 17662 9879 15880 15608 12314 10942 5937 3955 4894 7244 2281 20457 14434 5692 12998 9561 15290 6637 20102 5009 2573 19589 2119 5050 11855 4711 15244 14813 11546 13814 13788 9724 5735 5881 13173 12728 11255 17742 16157 15337 5153 11523 9680 2887 4157 4850 2424 12289 13840 6356 4511 21526 8136 7862 12336 14104 4557 13925 13924 5535 18245 20994 17539 11532 12479 7508 19119 17724 10832 12364 6015 4698 13695 8302 18305 16100 17018 9245 9969 16470 8261 5467 15347 6683 12308 7603 13413 15129 15250 6968 5650 9438 4288 10655 14210 11168 8241 11515 5021 16813 12998 6496 14946 12609 11038 6818 13942 10975 7114 9704 12796 999 8968 14266 13848 4680 13091 17731 10371 10098 242 7805 643 2184 7966 14503 11238 10591 5784 14815 12775 12203 15781 14221 8094 10227 19337 15098 11205 8892 5137 12370 18705 5978 16377 14215 6504 10925 11447 9860 15802 9273 9192 9837 12976 11377 16473 9891 8029
20576 17747 21336 5199 14895 10888 6046 8892 15056 15483 11774 7313 7834 11351 16196 19105 16004 18261 12742 16342 16449 5977 21819 9798 16343 13572 16406 7241 9653 14238 12073 18633 6927 3035 0 18553 7830 14691 8400 10525 16712 9028 17452 12274 18884 3951 17077 7817 19506 15273 15944 16600 18532 6811 16410 18636 13935 15527 11669 8254 11597 8848 13240 17466 13500 13474 14600 3935 12203 16538 13340 18833 18670 8914 9676 7257 2213 9307 9896 14415 14938 3298 19033 11792 12271 15146 8086 10938 10079 20844 17854 14514 21630 13461 18903 18211 12499 14709 21255 7761 9898 20550 14500 10439 6546 9957 7818 8171 11356 9833 5786 18214 11373 7180 18183 12944 3331 1475 12935 12240 4355 15401 14836 2881 17223 10471 13697 17754 9974 9831 10697 16695 18114 5493 14528 6327 3136 10135 13547 15503 5993 9911 14989 9156 16552 10200 17219 7732 7903 3696 16522 19912 11741 11582 9782 13353 17326 6882 18103 9720 9752 14911 8800 16736 20474 1425 11795 8853 8483 3423 16177 13702 15758 877 11180 22552 20013 7617 13579 9438 15567 7945 10286 20608 1232 11230 11149 6193 8032 20459 17765 22477 6169 13371 13599 12227 16253 5902 18513 11997 9093 5206 4659 15185 11307 15391 13033 12707 14330 15540 15701 12244 9114 14117 16126 18406 8633 16569 9978 23496 4092 19834 13334 19502 14619 15360 16272 11463 6546 3670 19697 2564 17305 5136 21100 16090 14331 9876 13578 18089 18668 899 20679 12834 16899 18623 15188 13664 4324 6088 5461 10238 3939 23374 17455 5764 15182 10917 18082 9671 22897 7548 1365 22507 4449 7821 12485 7191 16951 17848 13706 16518 16707 10500 8421 8904 15575 14251 14235 20422 18618 18352 7899 14230 10496 2599 6712 7751 4756 14705 16755 8945 6724 24412 10851 10886 15226 16539 6713 16959 16729 8512 19249 23828 20078 13626 13136 10388 21855 20341 13280 13064 3260 6022 16277 11015 21246 18834 18877 12279 12855 19153 11172 8502 16208 9675 14924 9773 16209 18161 16316 9627 5724 11963 2815 12256 16285 12854 10588 14285 7987 19614 15514 8531 15962 15445 14041 9593 16385 13665 9367 11866 15672 4026 9619 16972 16585 7674 15642 20436 12325 13130 3245 8990 3676 2404 9728 15348 13193 11426 8633 17845 15764 14505 17356 15270 10886 12573 22308 18128 13136 11891 7697 14948 21351 8653 17304 17104 7712 13766 14409 11078 18484 10321 11043 12584 15718 13764 19360 12303 9751
9533 16303 13878 13656 3823 7826 18971 11456 5991 11867 18175 15419 19931 7353 19202 16326 13199 9252 16617 11101 24271 13703 13040 9768 23627 12332 3884 11332 15414 19885 8450 3989 12762 17021 18553 0 11461 14900 10781 16350 14504 9858 2787 6520 6275 18656 3728 10932 16769 3358 12008 21975 38 11745 17860 92 5486 3071 21491 15521 8765 15126 20057 16913 18718 20847 19145 16540 21640 4462 11714 511 5796 14150 19153 11918 18892 13396 12634 4411 10405 16223 3799 8557 7559 5033 10490 11311 14763 10035 14347 23376 9578 18700 8162 1975 9247 23594 10868 12467 9235 7160 11579 13057 12070 9887 10809 20778 15255 9008 18099 1961 7201 16591 3539 21949 19511 17483 6479 7183 14809 6310 12974 18798 16481 8185 4888 10178 8828 13505 7871 3977 2466 18650 4746 12653 16957 10332 19771 3401 14020 11854 12968 11666 3783 16675 1428 11674 17080 15097 10283 10597 7352 7910 9323 17815 14403 11915 6198 18639 21042 20617 9792 11353 13074 19454 7981 10260 14692 15193 10425 5012 20416 18826 11482 13244 17290 16728 15308 9499 4657 11165 9864 16185 17516 9190 8891 13723 10747 8995 3867 12461 15176 7065 17837 13432 20299 14022 9234 7659 9532 13768 14035 3528 18932 16570 12123 11778 7151 11197 22814 6856 10295 19629 20802 18634 9968 19740 11697 15486 19314 12342 8927 11310 18810 5056 4331 7181 17505 18540 5864 19086 15969 14275 16519 2528 18815 11635 5930 15469 5372 18739 16623 17996 3478 15533 20110 10105 16163 13083 13156 13891 14921 15215 18183 13182 5687 7637 10849 15566 12851 12528 19128 14751 14904 13118 7334 12669 2049 17171 6492 9585 12511 8521 18718 14735 24155 4313 13373 10121 7270 15448 18266 9833 8467 15968 18642 13817 18460 23485 12461 19369 19619 15257 11122 16102 11861 7023 12511 16206 10804 16761 3626 14010 8422 6267 6840 18087 11476 9353 8264 6753 18840 12570 8359 19581 14588 10270 2328 15692 11941 9739 12590 15450 4504 16676 22331 9721 10646 16442 3480 11492 13211 21174 16449 6369 4463 5864 9561 10443 14200 11415 7901 10599 3892 20678 17426 12122 24466 9829 20922 7910 11670 16751 9434 9629 9949 14613 8166 10444 6898 14999 16818 9575 16805 19161 9058 4934 6127 7654 17872 16157 18460 6752 1255 4172 11626 8135 15890 17965 6107 13793 12469 8554 10119 12183 3894 12069 10841 11284 13012 7522 9557 8362 7888 10641 10008 23025 12674 8627 8992
12876 12075 14277 4745 7642 3700 7639 1620 7242 8572 9055 4525 8875 4159 12321 13140 9484 10628 8615 9150 15377 5998 14527 6009 14929 6992 8746 3008 5778 11532 4251 12653 1322 5672 7830 11461 0 9098 680 7035 10558 1684 11111 6262 11054 7198 11054 1297 13611 8106 9037 14088 11448 2795 11784 11552 8143 8693 11387 5070 3777 5042 11103 12114 10388 11742 11298 5101 11711 8797 6518 11832 10844 4208 8803 4963 7609 3839 3736 7074 7631 6847 11326 3966 7425 9466 3121 3918 5543 13183 11447 13906 13887 10354 11141 11633 4832 14137 13668 1472 5408 12722 7565 4550 3435 6407 3431 9699 6795 4820 6757 11632 4997 5628 12089 12245 9970 6493 5267 7019 3564 7573 8384 9213 11749 4681 7010 10284 4797 4366 3982 9003 11684 7258 8468 4674 5597 2481 11080 8978 6455 3157 8515 2145 10510 7096 10046 5374 6348 5416 9132 12379 4166 3832 2147 9742 11027 4097 10273 8408 10356 12352 2430 9581 13346 9057 7119 1202 4424 5126 8832 6450 12718 8378 4268 15215 14189 5915 8448 1983 9776 408 2505 14288 7118 3432 3320 2270 4061 12717 10050 15016 3864 5551 9909 6340 12946 6358 10868 4223 3797 5016 3257 7939 9353 10430 6402 5939 6503 8424 14108 4681 5583 11307 13151 13538 3481 12842 3116 16486 7856 12621 5656 12118 11114 7617 10431 4382 6327 7092 11876 7752 11600 5842 14786 9238 10942 2957 7962 12028 10853 7744 14483 9540 10769 12479 12208 6281 7541 1762 3840 4994 3892 16322 12666 4749 7384 4438 10718 5912 15457 1365 8034 15480 3579 2336 7537 1312 9617 12506 5915 8992 9876 5505 7983 4729 14894 7241 8028 12794 10810 12232 7416 6782 5401 5579 7446 3077 7012 14063 9904 8714 8359 17219 3720 7075 8334 8727 1134 11432 9442 6314 13082 16479 12306 5875 8047 8277 14304 12634 5498 7879 9428 2460 8573 9695 14368 11320 11349 7726 6154 11545 4909 5137 10437 6811 13420 1957 8914 12449 10109 2564 4737 11275 6773 5172 8555 5604 2785 7000 3633 12239 7756 866 9874 12688 9952 3026 15467 6207 10139 4067 8685 5300 5157 9440 9124 3876 7914 12848 4703 7940 5451 3343 5379 7855 2492 9657 5568 6119 7330 12094 11651 6676 10210 9141 4043 4750 15590 13049 5538 6268 1415 7262 13671 2065 11349 10105 2633 6763 8026 4897 10882 4675 3574 5348 8297 13342 12272 4510 2599
9344 3091 7565 13661 12001 10456 10167 7490 8938 3288 5023 7388 9622 10596 4302 4415 2405 7340 2926 4437 9744 15033 8543 14635 9032 2711 11017 12084 5120 5453 7542 17971 8894 11664 14691 14900 9098 0 9172 4657 2232 9765 16210 13314 10198 11613 16656 10289 4818 12492 3396 7148 14912 11893 3070 14984 14810 13612 8611 6489 7577 5859 6097 3017 4503 6872 4506 10759 8466 10475 3385 15408 10410 5837 7480 14049 13182 5649 5415 11450 4539 15225 12278 7660 15151 15896 12023 5387 4615 9284 3501 9371 10494 4503 8730 16183 6293 9550 9183 7996 13869 11080 3326 4635 12527 15046 12415 10240 3428 13178 9747 16175 12170 7784 17355 8418 17735 13239 9529 14565 10882 8590 1982 17057 2669 12564 12851 6200 13068 5064 11271 10953 16492 10364 14712 13755 11562 7204 5627 14371 15479 5946 2034 6955 16215 5127 13690 14429 7365 13888 5262 7897 9644 8848 9257 3636 2917 13194 9682 6980 9372 6034 10931 4478 6978 16116 15037 9253 6212 13407 4947 11393 5605 15510 5020 9306 5340 7449 1282 9630 15995 9390 7605 5997 14598 7399 7888 9084 13018 9607 11396 9643 8539 8333 3522 2763 5417 15374 7564 8725 12345 13939 11479 12182 6081 1689 3141 3632 7835 3945 8280 9805 14377 5217 5960 4503 12204 4842 6005 9442 12019 6683 6221 6987 4135 9889 16426 10880 8760 11759 11231 13058 2631 14749 6473 13930 4240 6166 14873 3435 10746 14116 6017 4133 16284 3987 5394 4891 16178 9909 12773 4537 11512 9398 3715 13771 9242 11766 5951 5141 9933 8229 14087 8556 10655 7430 15157 8597 12924 3412 8851 5874 3512 13662 8064 5787 9887 12368 1543 8765 9197 3715 8127 5077 13527 13461 9373 7165 10826 9422 3591 8235 10190 10628 5639 4201 3194 8158 9564 2363 4938 6668 18029 10474 9635 9202 15424 5987 9490 9223 6970 15217 17368 11395 6858 6935 7160 7063 13317 2705 3400 7755 4190 6238 16518 5592 7978 8535 4766 3497 15676 6567 13752 8068 14974 11192 10444 11017 7636 4460 6794 7033 7060 9253 15678 5954 2872 6079 9989 5172 9514 8491 3559 10696 13697 6098 5590 7045 6834 8557 9593 1605 11448 11873 11032 13253 10064 16026 9819 13868 7238 3167 3561 8224 13876 15091 5163 7539 7939 3967 9923 2926 8080 6355 9795 7106 16980 4183 11630 3681 1888 12330 7289 12673 9833 4783 5129 9289 5975 7138 10211
12428 12090 14016 4970 6963 3025 8306 1733 6655 8398 9474 5114 9513 3482 12566 13096 9384 10216 8902 8895 15830 6114 14208 5662 15362 6928 8102 2943 6197 11903 3745 12001 1997 6329 8400 10781 680 9172 0 7441 10512 1039 10446 5652 10499 7877 10405 1135 13574 7426 8857 14443 10768 2841 11948 10872 7528 8016 11933 5595 3279 5509 11529 12176 10742 12190 11618 5775 12241 8173 6409 11152 10273 4623 9359 4903 8259 4165 3930 6396 7362 7219 10694 3453 6906 8847 2868 3858 5894 12751 11343 14404 13415 10709 10665 10959 4459 14635 13263 1995 5003 12178 7403 4740 3500 6068 3244 10341 7085 4378 7425 10958 4375 6239 11434 12755 10412 7093 4616 6471 4191 7011 8316 9652 11798 4138 6344 9935 4333 4649 3346 8366 11015 7932 7830 4743 6256 2212 11479 8311 6574 3245 8441 2274 9862 7536 9366 5260 6932 5794 8817 11998 3497 3201 1474 10060 10949 4086 9720 8947 10957 12724 1958 9332 13073 9593 6625 521 4904 5558 8536 5770 13042 8915 4222 14880 14158 6507 8608 1307 9147 457 2105 14174 7637 2978 2795 2950 3854 12247 9420 14648 4521 4974 10215 6441 13242 6486 10451 3605 3389 5231 3772 7259 9826 10573 6344 5861 5971 8199 14537 4012 5295 11673 13476 13650 3135 13095 3172 16225 8534 12332 5262 11784 11416 6992 9795 3709 6973 7768 11298 8410 11616 6049 14669 8560 11259 3011 7363 11980 10267 8352 14389 9895 10116 12411 12545 6008 7832 2390 4079 5273 4475 16053 12798 4896 6784 3817 10399 6337 15093 1943 8657 15220 4224 2845 7005 1959 8942 12565 5310 8632 9703 5030 8579 5174 15377 6562 8018 12377 10297 12171 8023 6476 4917 6074 8097 3606 7692 14557 9726 9304 9019 16914 3632 7445 8169 8215 1773 11478 9157 6858 12421 16137 11820 5250 7493 8764 13910 12184 5033 7318 9849 2762 8139 10205 14146 10949 10689 7986 6086 11140 4997 5641 9805 7284 13862 1385 8632 12453 9453 2610 4890 11799 7184 4495 7927 4923 2340 6747 4144 11907 7295 192 9226 13039 10212 3184 15931 5907 10750 3466 8490 5977 4772 9075 8787 4426 7470 12445 4042 8105 6111 2917 6051 8508 1831 9035 4910 5584 7898 12096 11878 6121 9530 8494 4031 4237 15394 13138 4876 6420 1956 6846 13229 2362 10703 9890 2459 6599 7980 4298 10482 4152 2895 5150 7981 13857 12016 4044 1946
13183 7467 12150 10727 12805 9875 5524 5816 10563 6912 2037 3405 5032 10200 5803 8923 6706 10904 2219 8108 8424 12215 13023 13044 7929 5088 12684 9883 1261 4516 7937 18632 6205 7511 10525 16350 7035 4657 7441 0 6883 8376 16921 12824 13115 7104 17122 8328 9262 13329 7251 7089 16350 9535 5885 16441 14614 14275 5166 2430 7692 2092 4094 7057 3423 4787 4435 6642 5290 12344 5383 16821 13177 2828 3155 11714 8783 3326 3872 12187 7365 11697 14637 7878 14301 15878 10142 5051 1644 13238 8147 7158 14359 3386 12112 17168 7127 7385 13311 5582 12431 14374 6275 3307 10062 13441 10408 5719 1426 11818 5170 17163 11540 3357 18024 5627 13746 9146 10030 13821 7342 10468 5716 13134 6874 11526 12993 9926 11774 2983 10502 12757 17362 5760 14749 11157 7415 6402 4045 14842 12614 4715 5858 5346 16609 486 14970 12201 2772 10526 8727 11942 9565 8803 8257 2963 7565 10811 12437 2604 5177 5333 9398 8338 11483 11935 14047 7770 2708 9966 8344 11848 5809 11384 4868 13794 9711 2947 3385 8445 16100 7430 6918 10605 10658 7310 7713 5923 11039 13321 13512 14026 4715 9285 3186 3407 6142 12496 11162 8908 10815 10994 8256 13059 2592 4936 4892 4991 9386 7350 7100 9935 12600 4302 6234 7883 10516 6246 4864 14087 7450 11074 7595 11168 4337 11407 16671 10490 4202 7284 14155 8612 7070 11727 11066 14726 4103 4976 14536 8042 13412 9846 10576 2596 16783 8601 5267 6781 12787 7021 9938 2486 7980 14034 6932 10999 10846 11017 9908 1139 14359 5742 9739 13184 7064 4740 14380 5984 14303 7421 9857 9123 7726 12467 3458 2331 8058 12832 4958 12727 12315 8332 3472 7292 12352 9796 4722 4092 6281 7292 7799 3755 5536 15244 5258 459 6692 10689 6945 6649 8625 2084 18885 15006 13196 10093 14816 1792 13726 13012 8156 14628 13477 8717 9664 3244 11798 10959 15322 1957 4935 11553 3782 2222 16719 942 6442 7545 8245 7880 16122 5263 10970 4824 11354 11086 12215 11195 7139 6890 3534 11241 9423 7598 15998 5706 3532 4555 8545 6995 5216 8641 7190 6512 12187 9494 8971 3503 9330 12589 9797 3084 7325 10350 6869 8814 8996 16047 10381 12967 2592 7604 5289 9767 15158 15306 4732 8217 12593 7630 10439 2929 5651 8626 13773 5093 17443 8333 9624 5962 5318 11559 10964 11563 9400 5895 8212 6723 10417 7725 9143
7685 1848 5365 15256 12060 11256 12381 8941 8766 2730 7169 9463 11853 11307 5306 2585 1362 6007 5102 3423 11172 16556 6412 15680 10428 3584 10670 13454 7271 7149 8161 17893 10569 13708 16712 14504 10558 2232 10512 6883 0 10940 16153 13930 9143 13773 16707 11647 3063 12511 2505 8325 14520 13327 3719 14580 15236 13668 10666 8606 8322 7955 7985 2412 6391 8714 6111 12802 10469 10048 4147 15014 9441 7800 9691 15409 15296 7482 7079 11572 4275 17010 11470 8348 15862 16203 13274 6658 6703 7540 1271 11099 8780 6400 7438 15988 6879 11256 7311 9640 14875 9737 3419 6383 13979 16086 13699 12463 5613 14176 11936 15979 12899 9946 17288 10337 19669 15247 9900 15248 12747 8303 2206 18972 1987 13451 13195 4836 14043 6922 12105 10533 16347 12562 15031 15224 13605 8376 7468 14493 17011 7435 2096 8438 16314 7356 13427 15738 9568 15633 4273 6133 10279 9534 10314 5615 686 14596 8763 9198 11550 7578 12095 3246 4845 18134 15814 10496 8243 15189 4086 11659 6895 17512 6298 7163 3651 9630 3514 10734 16241 10797 8686 3897 16539 8256 8726 10890 14270 8030 10773 7573 10543 8586 5450 4510 6526 16913 6187 9317 13444 15533 13227 12195 8225 2921 4168 4654 7817 3355 9755 10331 15507 6943 7164 4131 13372 5754 7455 7210 14199 4660 6535 5146 5737 9700 16592 11571 10948 13907 10122 15189 1468 16354 4391 13907 5927 7609 15361 1470 9823 16179 3999 6180 16330 1944 6844 5189 17899 11599 14354 6476 13360 7167 3748 15303 9055 12566 4396 7306 7829 9881 16178 6329 12540 9193 15836 10264 12639 2672 9025 4969 2062 14573 10296 7837 11475 12579 2559 7033 8064 1685 10355 5117 14435 15319 11592 9044 13001 11123 2127 10458 12419 8404 6879 6426 2823 7504 11183 1738 3797 8873 17853 8296 8167 9403 16019 8202 7529 7605 7267 15810 19269 12961 6157 9076 4930 5472 12673 4936 4427 6202 5768 8356 16703 7815 9587 9645 3867 2094 15767 7996 15289 10099 16796 11737 10075 11439 8637 4521 8739 5166 6639 10559 15830 7357 4729 7641 11446 5441 11708 9122 2872 12759 14737 5036 4619 9038 6355 6779 10102 3809 13484 12989 13085 15381 11093 16311 10136 14645 9468 1753 4689 8169 13604 15312 6515 8021 5727 3463 10256 4821 9724 6099 8019 8701 17025 2658 12944 4127 2534 13112 5868 13586 10611 5553 4504 11117 3924 7718 11230
12179 12590 14100 5064 6057 2043 9321 2571 6129 8661 10413 6150 10549 2512 13337 13513 9745 10054 9728 9025 16788 6004 14192 4891 16305 7369 7379 2715 7147 12799 3512 10970 3002 7175 9028 9858 1684 9765 1039 8376 10940 0 9429 4617 10024 8810 9372 1230 13999 6501 9106 15319 9843 2796 12633 9947 6490 7034 12951 6610 3096 6493 12471 12736 11625 13147 12466 6684 13251 7520 6795 10212 9759 5580 10383 4562 9075 5065 4724 5514 7486 7497 10005 3218 5929 7808 2350 4380 6795 12532 11684 15394 13113 11593 10367 9962 4474 15624 13094 3025 4169 11720 7695 5513 3424 5303 2797 11376 7926 3505 8440 9962 3337 7277 10406 13754 10780 7795 3909 5470 4982 6550 8734 10019 12344 3152 5331 9891 3434 5508 2308 7668 10006 8933 6793 4606 7109 2577 12399 7297 6462 3961 8847 3081 8828 8497 8454 4829 7966 6108 8847 11881 2715 2624 836 10911 11329 3855 9255 9963 11995 13619 1166 9465 13143 10144 5672 607 5899 5967 8599 4853 13891 9473 4748 14836 14589 7543 9305 413 8108 1330 2263 14486 8169 2919 2585 3936 3338 11956 8739 14543 5547 4507 11054 7093 14063 6387 10276 3056 2590 5299 4370 6354 10804 11238 6801 6301 5602 8385 15477 3222 4612 12564 14325 14266 2444 13874 3860 16302 9467 12377 5210 11756 12249 6346 8757 2717 8006 8685 10761 9250 12120 6085 14976 7584 12106 3704 6330 12397 9715 9062 14730 10779 9086 12799 13408 6153 7968 3226 4231 6119 5175 16116 13442 4873 6219 2780 10406 7291 14994 2981 9401 15302 5056 3865 6016 2989 8071 13120 4752 8583 9954 4108 9616 6147 16357 5596 8515 12188 9924 12569 9061 6556 3988 6582 9127 4628 8666 15545 9969 10340 10042 16914 4131 8352 8447 7860 2657 12020 9233 7879 11399 16074 11495 4628 6485 9753 13759 11930 4841 6307 10183 3100 7952 11206 14294 10860 9895 8791 6534 10983 5659 6646 8767 8266 14813 1309 8718 12938 8425 3318 4876 12806 7531 3518 7263 3996 2373 6910 5157 11882 7062 849 8192 13913 11007 3970 16896 6008 11789 2984 8720 6901 3966 9011 8776 5453 7272 12286 3297 8811 6967 2114 6947 9336 815 7997 4165 4598 8927 12580 12634 5689 8612 7460 4607 3964 15577 13728 4111 7127 2989 6715 12990 3285 9669 10073 2119 6903 8430 3268 10340 3187 2034 5436 8018 14858 12119 3890 915
12043 17992 16205 12335 4227 7434 18749 11499 7387 13436 18864 15440 19925 7000 20473 18201 14803 11434 17535 12854 25152 12107 15478 8008 24554 13529 5627 10257 15856 20827 9050 1762 12430 16336 17452 2787 11111 16210 10446 16921 16153 9429 0 5192 8727 18131 944 10304 18667 3722 13654 23084 2749 10724 19255 2792 3578 2657 21938 15715 9241 15424 20842 18522 19633 21608 20192 15987 22152 6319 12870 2569 8233 14440 19470 10408 18101 13738 13067 4813 11904 14802 6423 9067 5556 2640 9422 11910 15284 12548 16176 24068 12204 19610 10512 1000 10105 24293 13378 12339 7659 9806 12969 13626 10911 8030 9645 20761 15994 7626 17868 1011 6254 16602 1146 22543 17976 16544 6925 5360 14121 7863 14388 17304 18085 7014 4104 12224 7480 13961 7172 5867 685 18358 2929 11251 16286 10581 20621 2139 12362 12236 14408 11822 1139 17184 2968 10065 17205 13834 12101 12954 7399 8128 9103 18764 16151 10598 8498 18991 21242 21601 9036 13167 15349 18194 6030 9941 14914 14031 12173 5073 21535 17607 12152 15748 19217 16812 16419 9144 2196 10754 10071 18266 16330 9612 9212 13359 9430 11522 6162 15005 14966 7926 18822 14359 21495 12384 11459 8015 8385 12398 13186 4029 19507 17898 13215 12801 8399 12798 23725 6994 8625 20573 21941 20251 8855 21023 12082 17944 18782 14579 10006 13566 19883 6455 1667 6750 17405 17976 8475 18338 17617 12779 18637 2280 19846 11986 3987 17262 7832 17761 18682 18856 763 17397 21171 11319 14562 12533 11992 14436 14114 17678 19703 11809 7098 6789 12915 16009 15414 12346 18196 17153 14266 13098 5320 12404 3714 18816 7381 11427 14265 6996 18868 15038 24924 4091 14667 12575 9619 17279 18356 11176 6982 14856 18535 13846 18062 24194 14225 19564 19465 17815 11684 16741 13382 8928 12032 17789 12640 16992 1986 16590 10934 7052 4718 18569 14016 11844 9270 4697 17297 11682 10182 20072 16857 12489 5015 16573 12997 12038 13301 15688 1830 17099 23176 9668 12392 18180 1151 11760 11843 21689 15095 6003 6212 5756 9816 11802 14304 13680 9541 10255 1555 21732 18502 12447 25319 11037 21074 8282 13280 16227 7910 11558 11791 14674 9840 12881 7124 16047 16157 8561 16221 18386 8619 2481 6584 6067 18091 17870 19722 8022 2841 2189 12233 8871 18194 19593 6511 14653 12322 10056 12685 12267 1118 13910 9874 12529 14349 6479 11760 7147 7719 11611 11676 23642 14825 9344 8514
12513 15740 15692 7212 3604 2973 13809 7046 6178 11285 14851 10766 15130 2736 17297 16351 12593 10974 13905 11167 21243 7183 15381 3351 20721 10645 5945 5065 11637 17110 5802 6530 7541 11187 12274 6520 6262 13314 5652 12824 13930 4617 5192 0 9510 13029 4927 5269 16844 3706 11643 19557 6493 5533 16353 6593 1883 3461 17548 11209 5737 11048 16901 16073 15915 17611 16656 10891 17833 6482 9980 6712 9081 10101 14990 5401 12921 9503 9000 3517 9800 9743 8308 5659 1998 3208 4231 8192 11196 12972 14350 19930 13131 15886 10664 5939 7084 20160 13712 7642 2728 11105 10512 9708 5728 3557 4458 15947 12175 2504 12933 5943 1292 11887 6015 18313 13004 11352 4134 1364 8986 6783 11832 12300 15647 1823 1771 11306 2336 9862 2338 6319 5845 13376 2307 6167 11142 6495 16777 3252 7503 8164 11903 7484 4383 12995 5375 5156 12583 8692 10657 12811 3678 4467 4572 15128 14143 5464 8904 14560 16609 17921 3968 11577 14735 13062 2115 5202 10473 8859 10560 2906 18067 12459 8517 15872 17434 12159 13159 4441 3540 5871 5993 16920 11169 5943 5457 8415 4288 12118 7283 15340 10101 5486 15239 10934 18157 7503 11114 4625 3193 7300 8011 3800 15326 14939 10174 9684 6538 10788 19887 3602 3806 16865 18496 17736 3663 17848 8028 17763 13674 13921 7408 13056 16399 5683 4220 2445 12575 12859 9841 13166 15298 7767 17370 3992 16296 7896 1721 15279 8841 12570 17256 15084 4696 15566 17625 8741 9644 7486 6814 10430 8944 17530 17018 6710 6040 1840 11963 11786 15794 7595 13004 16824 9149 8474 1928 7573 5408 16426 5205 10135 12427 2011 14231 10686 20869 2671 11859 12791 9923 15382 13673 8871 1948 9675 13681 9239 13022 20075 12414 14956 14563 18037 7934 12741 11141 8275 7044 15326 11165 12485 7062 16973 11548 4833 2110 14300 14407 12268 6700 1903 12331 6507 9065 15774 16123 11993 7541 12936 9914 11825 9621 11232 4207 12808 19257 5279 10746 16023 4076 7574 6742 17383 9998 2205 6222 2645 5848 9431 9757 13185 8162 5465 3760 18157 15076 8280 21368 8493 16399 4840 11233 11141 2915 10448 10446 10067 8467 13002 3835 12706 11016 3384 11109 13208 3879 3402 3993 1233 13540 15675 16560 6328 5463 3038 8492 5910 17486 17130 3861 11100 7606 8278 13302 7808 5196 12306 4695 9845 11648 1373 11312 1956 3532 8545 9961 19419 13904 6232 3742
3320 10779 7613 14993 6021 8619 17265 10174 3901 6910 14532 13520 17674 8274 14319 10501 8022 3241 12604 5818 19941 15650 6773 12652 19229 8174 3626 12508 12568 15612 6824 10214 12053 16535 18884 6275 11054 10198 10499 13115 9143 10024 8727 9510 0 17658 9561 11247 10900 6143 6859 17289 6305 12729 12802 6324 9710 7100 18157 13220 7300 12639 16093 11505 14564 16895 14700 15803 18160 3031 7757 6738 495 11809 16242 13915 18481 11052 10213 5995 5858 17503 2571 7099 11353 10034 11825 8774 11818 3824 8664 19450 3667 14557 1938 8162 6675 19644 4653 11358 11865 1702 7080 10248 13289 12944 12277 18485 11759 11317 16487 8149 9284 14579 9701 18284 20802 17532 6275 10761 14582 3489 8233 20042 11102 10326 7888 4356 11119 10883 9237 3261 8626 17129 9135 14310 16446 8867 15689 7972 16073 9706 8166 10078 9382 13549 5775 13922 14765 16128 4961 4332 7477 7399 9206 13649 8863 13500 783 15690 18261 16227 10657 5909 6841 20092 11589 10078 12432 15985 5254 6626 15772 19414 8739 7021 11371 14541 10994 9614 9839 10956 8633 10094 18132 7690 7736 12926 12542 2814 2587 6289 13826 5534 13596 9740 15510 16027 3144 6968 11253 15201 14271 5920 15479 11708 8246 8126 4566 6257 18475 7060 12901 15367 16102 13153 11516 14812 9576 9230 18278 6145 5911 5111 14331 3941 9850 8332 15653 17640 1049 18561 10532 15927 10386 6988 14421 9604 10056 9802 904 18770 10551 14004 9218 9750 15590 6359 17870 12804 14217 11005 14946 8962 12884 14700 3852 9374 4937 12699 6708 11527 19022 8477 14551 11647 11199 11830 5097 11690 5282 4324 7084 11224 16205 12286 20046 6949 8853 3857 1107 9718 15924 5826 11107 16560 16706 12120 17192 19520 7016 16710 17711 9100 8717 12745 7012 2507 12175 10877 5371 14243 9901 7894 2220 5463 11001 14898 5300 3117 5718 10827 20199 13118 3470 16264 8348 4141 4016 11838 8183 3527 9529 13059 10011 13739 18142 9117 5443 10830 8890 9687 14713 17712 17553 7814 3288 7150 8319 6244 12275 5205 3756 10383 9159 16147 13025 10050 20183 6175 18253 7059 6644 15929 11919 4141 4622 12727 3800 4174 6897 10849 16298 11022 16111 18695 9489 10039 6142 10700 15278 10598 13627 4380 5889 8988 9000 6324 9629 12487 6247 10203 11402 4532 4004 10649 9816 6500 11892 7189 8438 9652 3486 10531 8206 7368 5110 19265 6564 6645 9525
18771 14551 18776 7160 14839 10852 2096 7556 14106 13044 8045 4452 3894 11321 12518 15984 13291 16401 9295 14069 12501 8459 19446 11410 12392 11060 15832 8166 6502 10407 10969 19559 5919 2005 3951 18656 7198 11613 7877 7104 13773 8810 18131 13029 17658 0 17953 7831 16342 15299 13476 12702 18642 7668 12912 18746 14873 15832 7723 5189 10515 5858 9361 14161 9762 9553 10857 2144 8253 15795 10997 19019 17541 6283 5771 9076 1814 6904 7676 14272 12844 6487 18333 10734 13615 16181 8913 9008 7095 18960 14992 10574 19900 9724 17285 18732 10989 10772 19241 6393 11219 19225 12141 7971 7750 11686 8845 4303 8186 10912 1979 18733 11881 3829 19032 8993 7268 3054 12401 13403 4061 14312 12156 6828 13972 11237 14083 15692 10992 7294 10971 16057 18740 1559 15331 8164 2009 8858 9702 16031 8663 8006 12311 7587 17408 6707 17243 9628 4340 6029 14425 17856 11353 10935 9344 9730 14430 8375 16884 5870 5828 11044 9097 14413 17992 5205 13188 8398 5710 5464 14050 13644 11939 4811 9142 20207 16806 4178 10399 9159 16550 7492 9188 17610 4642 10086 10180 4957 9296 18753 17064 20268 3838 12433 9982 9491 12464 8547 16664 11284 9950 7313 5161 15136 7469 12040 10600 10390 13157 13249 11754 11865 10751 10305 12289 14913 9484 12849 8122 20848 658 17444 11781 17286 10915 14634 17242 11520 2906 294 18588 1557 14139 7662 18086 16386 10615 8076 14599 15047 17628 3093 17618 9166 17707 15600 11373 11728 7676 5610 6894 7516 4245 20760 13968 7696 14300 11342 15893 6473 20656 6270 2814 19894 3881 6012 13792 6052 16811 14525 12888 14573 14147 11651 4531 6049 11639 14405 11468 18491 17178 15328 4061 12319 11600 4764 2798 5577 857 10764 14207 5010 2791 21894 9012 7521 12789 15176 6153 13738 14521 5020 20064 21470 18463 12920 14407 6632 19775 18556 11946 14285 7206 6606 14615 7109 18557 16788 18487 9006 10482 17226 8765 5435 17217 6184 10978 9036 14034 14966 17066 7971 7653 8012 5999 12326 15573 12793 9517 12213 5542 17384 14002 8057 16779 11593 10502 7659 12442 11806 5448 11083 13274 1910 10921 15016 14560 5114 14056 18443 11870 10009 2100 9668 1923 1761 9620 16382 12721 12500 4877 14678 12155 13423 17406 16049 8851 11448 19488 14708 12702 9076 6367 13314 19490 7014 18226 14643 8387 11510 11722 11680 16568 11147 10772 10611 13693 9828 16880 11062 9700
12881 18553 16976 11914 4665 7440 18673 11572 7956 13980 19094 15467 19916 7035 20888 18821 15350 12176 17847 13460 25424 11586 16286 7470 24843 13957 6331 9951 16021 21133 9347 1606 12364 16113 17077 3728 11054 16656 10405 17122 16707 9372 944 4927 9561 17953 0 10160 19293 4198 14221 23438 3690 10431 19716 3734 3145 3050 22074 15798 9495 15544 21096 19055 19935 21850 20535 15813 22310 7033 13290 3511 9066 14565 19573 9936 17831 13887 13253 5206 12439 14326 7314 9335 4968 1986 9133 12162 15479 13385 16788 24280 13079 19910 11308 1904 10464 24507 14213 12344 7203 10692 13462 13851 10566 7451 9314 20746 16257 7251 17793 1917 6095 16617 1106 22727 17445 16231 7229 4864 13913 8465 14878 16789 18617 6739 4147 12922 7122 14145 7075 6599 1482 18259 2623 10809 16068 10736 20898 2307 11814 12413 14907 11929 546 17363 3786 9558 17255 13422 12731 13742 7558 8323 9127 19080 16737 10197 9293 19108 21298 21917 8870 13788 16104 17758 5452 9914 15013 13654 12781 5342 21896 17188 12424 16576 19851 16850 16799 9119 1538 10682 10221 18952 15929 9841 9415 13271 9046 12367 6980 15848 14918 8328 19150 14694 21883 11844 12213 8257 8085 11958 12929 4513 19696 18342 13612 13180 8906 13357 24011 7197 8114 20880 22309 20781 8558 21441 12262 18754 18599 15325 10435 14321 20236 7049 869 6766 17377 17786 9354 18082 18165 12290 19335 2818 20185 12157 3503 17858 8673 17428 19360 19143 377 18015 21515 11772 14021 12388 11632 14646 13864 18490 20203 11373 7678 6648 13615 16174 16262 12332 17876 17947 14074 13132 4734 12361 4490 19359 7805 12069 14862 6578 18918 15163 25159 4344 15117 13395 10419 17888 18388 11671 6582 14492 18499 13889 17929 24411 14826 19625 19408 18660 11927 16965 13913 9612 11918 18316 13272 17079 2173 17443 11776 7456 4100 18731 14859 12677 9688 4114 16764 11427 10829 20230 17608 13237 5928 16879 13384 12812 13575 15786 999 17250 23441 9737 12998 18756 1003 11905 11409 21849 14641 6073 6903 5929 9986 12295 14368 14437 10142 10213 1181 22072 18861 12603 25581 11492 21114 8523 13839 16061 7470 12225 12431 14720 10448 13694 7351 16410 15943 8308 16035 18120 8576 1796 6904 5650 18167 18439 20137 8542 3679 1916 12484 9214 18953 20129 6816 14964 12320 10611 13539 12345 326 14537 9614 12980 14814 6275 12506 6852 7795 11985 12265 23830 15543 9672 8460
13347 13221 15095 3927 7167 3121 8541 2811 7356 9518 10344 5695 9907 3594 13603 14231 10517 11184 9906 9984 16649 5001 15250 4717 16210 8064 8591 1808 7069 12828 4650 11767 2353 6099 7817 10932 1297 10289 1135 8328 11647 1230 10304 5269 11247 7831 10160 0 14709 7588 9975 15385 10916 1725 13032 11020 7147 8026 12590 6310 4207 6319 12388 13297 11685 13019 12594 5688 12931 8745 7542 11265 10986 5501 9998 3770 7960 5133 4989 6650 8447 6296 11222 4353 6246 8470 1824 4992 6840 13689 12475 15152 14300 11651 11550 10904 5494 15382 14230 2750 4138 12942 8527 5804 2383 5113 2151 10712 8085 3579 7666 10905 4067 6749 11225 13481 9561 6614 5132 5883 3880 7769 9452 8800 12922 3566 6256 10961 3577 5652 3141 8885 10909 8107 7544 3620 6039 3328 12372 8200 5462 4348 9576 3353 9614 8379 9547 4141 7513 4894 9872 12991 3928 3850 2042 11038 12083 2951 10477 9624 11474 13648 1303 10422 14147 8918 5911 1279 5697 4739 9603 5962 14015 8248 5356 15911 15293 7071 9692 1643 8810 925 3162 15304 6941 3965 3701 3161 2777 13138 9958 15650 4876 5723 11203 7547 14240 5377 11412 4279 2543 4177 3168 7463 10618 11666 7479 6996 6799 9303 15391 4428 4286 12603 14448 14756 2197 14126 4285 17303 8484 13396 6273 12819 12408 7573 9486 3752 7349 7684 11990 8155 12746 4985 15799 8585 12238 4123 6924 13115 10944 7880 15522 10838 9899 13546 13506 7096 6820 2230 3061 6281 4008 17126 13897 3804 7449 3519 11447 7202 16098 2613 8236 16300 3991 3608 6373 2461 9205 13687 5980 9654 10822 4288 9120 6014 16148 6631 9151 13332 11128 13306 8533 7544 4193 5354 8437 4329 7769 15311 10844 9857 9301 17965 4768 8371 9291 9057 1779 12603 10229 7531 12247 17160 12688 5857 6916 9536 14887 13100 5971 6759 8971 1872 9090 10934 15245 11955 11076 9010 7221 12111 6105 6392 9476 8081 14697 2307 9707 13585 9251 3722 3801 12500 6313 4563 8487 5104 3356 7842 4892 12944 8217 1107 8981 13986 11237 4258 16734 6981 11237 4196 9604 5925 3879 10091 9825 5102 8413 13417 4515 9186 5903 2113 5931 8229 1919 8667 5379 4970 8515 13229 12926 6901 9698 8247 5161 5121 16502 14252 5320 7506 2686 7824 14154 3347 10443 10995 1354 7724 9115 3899 11461 3529 3226 6269 9037 14574 13100 4996 1958
8612 1795 4724 18292 14713 14249 14765 11992 11351 5560 8983 12197 13966 14274 5570 494 4294 7664 7167 5841 11306 19607 6073 18713 10557 6647 13068 16516 9896 8066 11133 20372 13575 16477 19506 16769 13611 4818 13574 9262 3063 13999 18667 16844 10900 16342 19293 14709 0 15129 5208 8299 16790 16386 4150 16838 18055 16293 12053 11283 11324 10664 9157 2362 7722 9740 7030 15572 11736 12399 7204 17273 11286 10647 11660 18472 17958 10411 10075 14271 7057 19983 13410 11335 18801 18953 16335 9718 9427 8302 2520 11760 9497 7745 9005 18400 9861 11868 7785 12653 17902 11064 6396 9344 17037 19117 16761 14466 8186 17203 14429 18389 15860 12529 19783 11420 22548 18056 12754 18180 15672 10827 5267 21867 2418 16455 15992 6619 17066 9835 15102 12875 18792 15021 17797 18280 16375 11438 8599 17149 20061 10475 5151 11483 18935 9695 15824 18801 12030 18623 6566 7019 13230 12508 13362 7203 2712 17658 10701 11235 13310 8201 15151 5504 4783 20931 18776 13559 11030 18162 6515 14436 7227 20327 9357 6668 594 12165 5956 13787 18955 13856 11742 1711 19412 11283 11746 13845 17331 9084 12925 7374 13356 11413 6974 7449 6661 19962 7759 12265 16490 18570 16213 14816 9977 4418 7230 7717 10528 6073 10060 13243 18554 7934 7329 2968 16428 5779 10501 5739 16710 5109 9440 6017 6717 12244 19254 14529 13454 16505 11760 17818 2208 19389 2018 16475 7000 10657 18210 1603 11703 18921 1451 7835 18916 1287 7418 8134 20900 14603 17392 9336 16295 5813 3381 18351 11621 15550 5980 9902 7459 12893 18877 5166 15452 12163 18763 13272 15036 2116 11803 7242 4466 17579 12477 10604 11863 15312 5587 7877 9794 1463 12650 7974 17440 18251 13951 11953 15533 11734 4493 12495 14680 7114 9942 8830 5715 9779 14208 2615 6027 11337 20256 7474 9402 12187 18911 10243 7727 8621 10145 18703 22174 16001 8488 10781 3915 6800 14746 7337 7490 7494 8778 11031 19376 10200 10130 12701 6301 1383 18388 11047 18337 11448 19750 14640 12473 14295 11684 7419 11602 5969 9153 13622 18490 7789 6268 10668 11612 8367 13535 12084 5616 15503 17772 7147 6877 11861 8845 7547 13010 6382 16262 16039 15842 18016 14135 19046 12962 17612 11747 1667 5297 10846 15991 18019 9569 10951 3940 2518 13087 7697 12738 8752 8661 11725 19602 4757 16008 7145 5594 16089 7416 16596 13602 8593 7054 11972 4478 10684 14271
9362 14357 13097 10502 524 4473 15647 8170 3778 9783 15234 12145 16661 3999 16752 14653 11153 8258 13841 9289 21477 10716 12554 7053 20868 9808 2531 8100 12316 17135 5400 5484 9410 13668 15273 3358 8106 12492 7426 13329 12511 6501 3722 3706 6143 15299 4198 7588 15129 0 10029 19369 3344 8487 15544 3447 3567 1163 18412 12307 5641 11956 17187 14857 15944 17961 16482 13182 18597 3198 9148 3729 5674 10971 16005 8910 15547 10238 9518 1143 8241 13092 4625 5451 5320 4007 7270 8285 11707 9852 12617 20447 9810 15922 7611 3841 6399 20670 10647 9144 6382 7617 9272 10022 8862 7262 7627 17506 12341 6017 14771 3836 4043 13317 4866 18956 16416 14165 3302 4775 11460 4315 10689 15685 14419 5098 1937 8882 5823 10406 4577 2886 4067 15313 3008 9561 13604 7112 16948 2035 11073 8707 10715 8419 3809 13619 1959 8745 13846 11899 8586 9963 4030 4650 5972 15067 12551 8788 5666 15506 17847 17901 6480 9631 12185 16226 5623 6905 11487 11953 8614 1657 17818 15585 8503 12940 15694 13478 12699 6141 3907 7807 6622 14863 14269 6041 5688 10371 7647 8905 3700 12301 11846 4208 15119 10657 17774 11060 8336 4456 6375 10639 10711 315 15920 14181 9494 9084 4709 9163 20042 3551 7470 16879 18223 16583 6781 17302 8550 15009 15957 11385 6284 10417 16170 2908 4131 3839 14204 15182 6300 15736 13968 11210 15263 1443 16138 8471 3923 13676 5368 15426 15257 15178 3822 13848 17460 7602 13142 9726 9936 10845 11587 14756 16012 10064 3512 4408 9576 12469 12741 9195 15804 14140 11550 9824 5142 9325 1743 15161 3659 7941 10683 5673 15498 11565 21279 1078 10951 9762 6772 13713 15023 7479 5588 12704 15342 10539 15110 20567 10649 16168 16309 15085 8071 13123 9715 5583 9154 14119 9126 13567 5609 13934 8313 3337 4880 15019 11328 9132 5548 4716 15756 9264 6717 16522 13663 9324 3855 12885 9277 8992 9646 12255 4260 13573 19508 6399 8829 14564 3262 8288 10089 18132 13282 3030 2993 2506 6336 8104 10948 10540 5979 7243 3369 18023 14787 8949 21651 7321 17708 4718 9644 13394 6528 8134 8298 11348 6289 10024 3624 12333 13463 6354 13447 15814 5703 4053 2948 4937 14677 14245 16001 4345 2113 2985 8606 5181 15025 15931 2898 10965 9142 6418 10105 8914 4517 10382 7577 8812 10637 4397 8598 5293 4536 7896 8084 20048 11530 5662 5640
6035 4339 5392 13781 9587 9116 12411 7486 6270 469 8173 9026 12252 9109 7465 4717 1200 3947 6100 1047 13117 14971 5971 13646 12396 2417 8166 11750 7202 8848 5990 15391 9326 13048 15944 12008 9037 3396 8857 7251 2505 9106 13654 11643 6859 13476 14221 9975 5208 10029 0 10431 12024 11696 5977 12085 12854 11189 11831 8336 6231 7664 9459 4907 7878 10245 7892 12163 11739 7548 2614 12519 7108 7209 10355 13661 14807 6677 6049 9116 1849 15779 9069 6215 13608 13777 11454 5176 6494 6033 2707 12760 7203 7876 5335 13483 4751 12942 6061 8397 12821 7684 1480 5555 12356 14043 11903 12966 5829 12126 11819 13473 10685 9769 14788 11749 18672 14470 7547 12984 11736 5799 1573 17943 4474 11331 10795 2822 11977 6211 9971 8034 13842 12474 12613 13595 12946 6648 9006 12024 15432 6133 1454 7053 13836 7735 10922 13933 9607 14361 1897 4700 8055 7360 8394 6988 2537 12905 6399 9816 12344 9418 10220 1116 4543 17338 13597 8743 7767 13982 1634 9244 8918 16684 4867 6732 5795 9550 4387 8842 13797 9206 6854 5403 15596 6254 6687 9839 12434 6255 8310 6844 9887 6206 6896 4039 8652 15343 4176 7091 11485 14050 12010 9713 9204 4850 2918 3246 5358 872 11659 8046 13543 8612 9244 6632 11475 7966 6103 7565 13985 3968 4252 3924 7519 7200 14127 9356 10849 13561 7878 14759 3974 14875 5885 11415 7634 6236 13004 3675 7467 15525 5684 7431 13844 3925 8755 3004 16559 10343 12876 5963 12303 7433 6189 13749 6557 10401 2674 7286 7209 8635 15604 6569 11573 8149 13565 9024 10134 5177 6607 2558 848 12455 10681 7434 13281 10140 2324 5515 5829 3750 10592 2775 12316 14239 11685 8205 12788 12814 869 11005 12613 8478 5340 6808 721 5032 9841 4199 1543 8949 15347 7994 6252 6991 13705 8882 6481 5893 4943 13497 18208 11496 3685 10045 5362 3761 10221 5538 3089 4416 4787 8105 14242 8088 11372 7797 1427 4535 13289 6574 13741 11320 15629 9438 7572 9087 6736 2255 8046 4003 4134 8868 13364 9306 6266 6415 13368 3209 12427 6924 410 12175 12712 2724 2239 8428 3851 5353 7811 4393 12812 11053 12467 14938 9127 13877 7757 12440 9774 4218 6769 5696 11099 12864 5143 5770 6554 5966 7881 4499 8475 3610 6561 7443 14537 1170 11194 2276 1938 10929 3910 11482 8470 3707 2001 12655 3426 5540 9253
16000 7184 12908 17728 18859 16586 10635 12751 15986 10402 5169 10296 9044 16842 3020 8338 9283 14278 5653 11474 3006 19227 14198 20090 2260 9644 18102 16970 8347 2576 14101 24841 13293 13823 16600 21975 14088 7148 14443 7089 8325 15319 23084 19557 17289 12702 23438 15385 8299 19369 10431 0 21985 16623 4623 22061 21247 20440 5537 9392 13998 9170 3369 6339 3701 3185 2910 13079 5012 17588 10273 22479 17528 9893 6932 18800 14516 10278 10616 18273 11682 18403 19424 14138 21183 22442 17206 11388 8552 15829 9228 3845 17072 3735 15704 23149 12982 3876 15521 12653 19446 18031 10455 9865 17146 20492 17486 9087 7406 18810 10814 23142 18306 9792 24224 4355 19930 15419 16210 20662 14203 15684 9128 19424 6614 18430 19437 13107 18750 9812 17299 18060 23424 11143 21272 18221 13743 13068 3149 21131 19609 11427 9171 12238 22962 7131 20717 19289 8934 17366 12328 14426 16043 15239 15078 4430 8803 17897 16808 6892 7462 1774 16396 11424 12732 17905 20969 14722 9792 16780 12043 18098 1559 17474 11085 14862 8327 9328 6681 15331 22605 14474 13565 10003 17036 13702 14168 12968 18118 16355 18539 15474 11578 15161 4321 8746 1799 19489 14475 15230 17831 17988 15220 19069 5338 5581 9889 10286 14841 11073 1892 16318 19668 2787 1189 5362 17557 2613 11554 14022 12754 12781 13115 13418 3202 16928 23108 17137 10125 12965 18308 14235 7202 18686 10238 20812 3267 11695 21229 8295 17875 15779 9674 4549 23076 8677 1934 11875 19554 14089 16975 9202 14818 14108 4987 18036 16290 17818 12713 8228 15628 12822 15514 13461 13912 11822 21239 13072 19967 6371 15714 12974 10297 19427 8181 9420 3650 19095 8631 15331 16254 8531 8707 12151 19306 16472 9905 11180 11863 3754 10372 7710 10112 15404 11642 7014 10331 15306 14033 6724 11939 8499 24968 15754 16486 16033 21620 6366 15637 15927 13833 21423 19793 15791 14002 5593 12164 13796 20459 6624 10097 14526 9953 9228 23180 7545 2304 14338 11848 7377 22440 12048 18005 5017 18005 17617 17542 17585 13715 11551 10619 13423 14197 14587 22386 1406 4583 11364 3314 12153 7828 14970 10657 12874 19213 13153 12668 10554 13978 15059 16137 7037 13695 17359 13225 14436 15860 22593 16534 19850 8042 7409 3668 15238 20905 21744 11079 14226 12207 5790 16622 8502 12724 13472 16287 12081 23763 10944 16698 10692 9015 18377 14167 18488 16037 11474 12270 4334 12046 13766 16011
9564 16320 13906 13632 3811 7811 18962 11449 6000 11882 18178 15413 19925 7337 19214 16346 13214 9277 16623 11119 24277 13676 13071 9739 23634 12342 3896 11310 15413 19892 8449 3956 12749 17005 18532 38 11448 14912 10768 16350 14520 9843 2749 6493 6305 18642 3690 10916 16790 3344 12024 21985 0 11724 17873 104 5453 3046 21491 15516 8762 15123 20061 16929 18724 20852 19154 16525 21641 4477 11722 496 5824 14146 19151 11891 18875 13393 12632 4402 10419 16198 3831 8554 7526 4996 10467 11311 14763 10066 14366 23380 9611 18706 8190 1939 9250 23597 10900 12458 9206 7193 11591 13058 12047 9856 10786 20771 15258 8982 18089 1925 7178 16584 3504 21951 19485 17464 6473 7152 14793 6322 12987 18773 16498 8160 4864 10200 8802 13503 7852 3992 2430 18640 4713 12628 16942 10327 19776 3369 13992 11852 12981 11660 3745 16676 1420 11646 17074 15074 10301 10625 7342 7902 9310 17822 14422 11890 6224 18637 21039 20625 9773 11372 13102 19432 7949 10247 14688 15171 10443 4999 20426 18804 11483 13275 17312 16722 15317 9485 4620 11151 9858 16209 17494 9186 8886 13711 10722 9026 3891 12493 15166 7067 17845 13438 20309 13994 9259 7654 9508 13743 14016 3516 18933 16582 12131 11784 7158 11212 22821 6847 10267 19636 20812 18651 9945 19752 11694 15517 19300 12368 8933 11337 18819 5064 4293 7164 17497 18526 5897 19070 15986 14249 16544 2501 18823 11631 5896 15489 5401 18720 16647 18002 3440 15554 20119 10114 16136 13068 13134 13891 14903 15246 18199 13157 5695 7616 10872 15565 12884 12517 19109 14780 14888 13110 7301 12658 2051 17188 6494 9604 12529 8494 18714 14732 24160 4294 13384 10151 7297 15468 18261 9844 8439 15946 18634 13810 18448 23489 12479 19366 19610 15290 11121 16104 11875 7042 12497 16222 10823 16757 3597 14043 8453 6266 6806 18087 11508 9384 8269 6719 18814 12550 8377 19581 14615 10296 2362 15697 11948 9766 12592 15446 4466 16675 22337 9711 10663 16460 3443 11487 13187 21175 16425 6352 4476 5850 9555 10455 14194 11441 7916 10586 3855 20687 17435 12119 24472 9838 20918 7905 11686 16738 9406 9650 9968 14607 8182 10474 6890 15007 16802 9554 16790 19145 9042 4897 6121 7625 17868 16175 18472 6760 1245 4137 11626 8135 15918 17982 6101 13798 12459 8567 10151 12176 3856 12088 10821 11293 13023 7498 9582 8337 7875 10646 10024 23028 12699 8628 8976
14970 14866 16817 2276 8132 4234 8775 4411 8829 11238 11497 6546 10341 4667 15022 15911 12219 12849 11284 11709 17669 3276 16957 3868 17281 9749 9840 499 8278 14049 6305 12022 3330 5738 6811 11745 2795 11893 2841 9535 13327 2796 10724 5533 12729 7668 10431 1725 16386 8487 11696 16623 11724 0 14549 11828 7300 8717 13382 7317 5880 7458 13503 14909 12947 14081 13907 5582 13771 10078 9244 12023 12436 6760 10801 2202 7401 6525 6514 7689 10170 4787 12479 6010 5947 8580 1302 6671 8162 15327 14179 16065 15893 12911 13152 11439 7206 16294 15889 4042 3563 14430 10244 7324 659 4204 1178 11094 9474 3252 7942 11442 4565 7452 11530 14374 8115 5822 6491 5747 3622 9285 11140 7361 14544 3710 6888 12661 3345 7082 3915 10161 11371 8268 7829 1903 5705 5049 13543 8721 3737 5952 11267 4940 9893 9517 10422 2667 8290 3466 11587 14670 5271 5363 3629 12364 13778 1312 11971 10491 12064 14863 2105 12147 15868 7741 5526 2992 6833 3467 11322 6958 15314 7098 7029 17610 16967 7838 11221 3177 8971 2530 4885 17013 5782 5665 5369 3794 1694 14740 11242 17332 5476 7260 12547 9134 15584 3652 13071 5795 2347 2505 2524 8418 11646 13208 9161 8686 8380 11028 16479 5730 3274 13837 15744 16325 1874 15531 5906 19024 8290 15113 7972 14523 13749 8932 9673 4734 7836 7468 13414 7657 14392 3291 17508 9281 13557 5747 6991 14797 12359 7049 17224 12106 10219 15237 14786 8820 5179 2640 1502 7706 3461 18846 15447 2088 8887 4107 13158 8396 17782 3843 7475 18021 3841 4823 6124 3559 10189 15302 7449 11354 12542 3987 9792 7205 17093 7451 10811 14984 12685 14994 9175 9265 3942 4223 8832 5443 7796 16234 12565 10532 9584 19674 6455 9639 11009 10634 2591 14227 11950 8439 12585 18854 14271 7275 6743 10547 16553 14722 7633 6625 7492 1077 10747 11859 16970 13643 12177 10431 8907 13777 7704 7445 9632 9157 15757 4007 11428 15238 9608 5350 2088 13364 4886 5500 9811 6130 5069 9567 6006 14648 9858 2830 9280 15239 12644 5817 17730 8703 11786 5753 11327 5854 3267 11786 11533 6111 10067 15080 5862 10712 5591 2184 5756 7690 3240 8782 6687 4856 9316 14883 14370 8445 10555 8566 6818 6759 18226 15841 6606 9050 3963 9502 15782 4822 10683 12719 911 9440 10793 4280 13133 3583 4540 7989 10753 15443 14823 6673 3209
11378 2667 8443 16133 15057 13464 11136 10224 11940 6030 5073 9200 10107 13626 1612 4032 4788 9714 3669 6997 7535 17565 9683 17523 6783 5781 13980 14791 6845 3921 10601 21015 11372 13392 16410 17860 11784 3070 11948 5885 3719 12633 19255 16353 12802 12912 19716 13032 4150 15544 5977 4623 17873 14549 0 17941 17872 16669 7914 8222 10618 7713 5009 1855 3627 5593 2880 12516 7587 13408 6454 18370 13073 8023 7752 16741 14637 8065 8048 14511 7455 17419 15046 10710 18162 18965 14816 8299 6619 11206 4613 7712 12449 3654 11145 19202 9359 7840 10907 10536 16782 13453 6304 7233 15158 17935 15181 10524 5243 16099 10941 19194 15189 9238 20401 7274 19618 15024 12599 17585 13028 11558 4892 18993 2036 15533 15920 8541 16000 7489 14265 13891 19522 11475 17781 16356 13295 10116 4451 17436 17996 8706 4893 9680 19279 6230 16687 17157 8586 16163 7860 9803 12692 11891 12187 3267 4179 15861 12373 7389 9260 4125 13789 6896 8177 17820 18031 12089 8221 15636 7611 14462 3271 17268 7941 10379 4395 8816 3340 12535 19065 12112 10549 5824 16513 10418 10907 11379 15799 11740 14254 10937 10479 11398 3018 5542 2831 17885 9900 11782 15223 16409 13795 15232 5988 1415 6195 6676 10863 6709 6167 12866 17222 3784 3488 2002 15046 2034 8790 9816 13192 8178 9285 8795 2571 12891 19494 13913 10014 13112 13800 14447 2605 17194 6167 16978 2860 8950 17928 3745 13440 15727 5602 3891 19344 4189 3345 7944 18455 12339 15274 6879 13671 9859 1056 16308 12242 14767 8115 6799 11122 10755 15605 9133 12769 9850 18177 11092 15912 2035 11911 8534 5737 16616 8709 7781 7940 15436 4600 10708 11740 4006 8984 8089 16483 15561 10315 9423 12068 7705 5809 8613 10929 11162 8558 5532 6009 10980 12086 2108 7431 7930 21055 11358 11886 12265 18462 6438 11046 11309 10035 18256 19329 13935 9643 6747 7770 9187 16173 4258 6449 9919 6974 7985 19587 6757 6114 11452 7404 2948 18739 9347 16285 7308 17112 14248 13397 14084 10609 7465 8952 8801 9968 12049 18745 3789 2415 8774 7822 8225 9512 11545 6257 12394 16593 8664 8206 9087 9717 10436 12656 3846 13202 14746 12749 14651 12997 19095 12888 16866 8097 2892 1155 11248 16871 18160 8042 10607 8052 1868 12993 5529 10619 9310 11666 9729 20040 6366 14385 6736 4907 15333 9584 15632 12851 7844 7918 7866 7439 10203 13146
9575 16378 13930 13735 3913 7915 19063 11548 6077 11946 18265 15512 20023 7441 19286 16396 13277 9314 16705 11176 24359 13776 13086 9835 23714 12418 3967 11414 15506 19973 8542 3958 12852 17109 18636 92 11552 14984 10872 16441 14580 9947 2792 6593 6324 18746 3734 11020 16838 3447 12085 22061 104 11828 17941 0 5542 3148 21583 15613 8857 15218 20146 16990 18806 20937 19232 16629 21731 4541 11800 436 5846 14242 19245 11992 18980 13488 12726 4503 10486 16301 3837 8649 7616 5070 10571 11403 14855 10077 14418 23466 9610 18788 8216 1957 9337 23683 10910 12559 9306 7191 11662 13149 12150 9951 10889 20870 15345 9083 18191 1943 7282 16683 3518 22040 19587 17568 6571 7245 14897 6393 13056 18875 16558 8263 4968 10244 8904 13596 7956 4056 2450 18741 4802 12730 17046 10425 19859 3462 14092 11947 13049 11758 3803 16767 1520 11745 17172 15177 10356 10648 7443 8002 9413 17903 14477 11993 6257 18731 21134 20705 9878 11427 13130 19535 8040 10350 14785 15275 10501 5102 20502 18908 11573 13285 17358 16820 15395 9588 4690 11255 9957 16248 17598 9282 8983 13814 10824 9036 3930 12499 15267 7156 17925 13521 20383 14094 9293 7752 9612 13846 14121 3619 19023 16652 12211 11866 7238 11276 22902 6948 10365 19717 20887 18711 10049 19823 11789 15530 19404 12399 9015 11367 18896 5143 4351 7268 17597 18629 5901 19174 16045 14350 16580 2602 18902 11727 5986 15542 5422 18824 16687 18085 3492 15604 20196 10191 16237 13172 13237 13982 15008 15259 18262 13260 5773 7720 10914 15658 12888 12619 19214 14798 14992 13210 7391 12760 2139 17247 6584 9659 12585 8593 18810 14827 24244 4399 13457 10167 7324 15519 18359 9917 8539 16051 18734 13909 18551 23575 12535 19462 19711 15294 11214 16193 11941 7097 12601 16284 10877 16853 3580 14045 8465 6359 6892 18179 11516 9397 8354 6807 18916 12655 8434 19672 14643 10330 2362 15780 12029 9795 12680 15542 4525 16768 22420 9813 10721 16516 3511 11584 13289 21265 16528 6457 4544 5953 9653 10527 14292 11471 7981 10689 3926 20764 17513 12214 24554 9916 21014 8002 11749 16841 9506 9700 10022 14705 8245 10491 6990 15086 16906 9658 16894 19249 9146 4968 6219 7723 17964 16232 18544 6840 1346 4220 11717 8226 15943 18042 6200 13883 12560 8636 10156 12275 3893 12141 10925 11369 13095 7602 9617 8440 7978 10729 10086 23116 12735 8719 9080
12908 17071 16474 8783 3734 4740 15688 8876 6928 12534 16631 12640 17013 4424 18893 17567 13880 11657 15596 12266 23017 8530 16019 4440 22479 12109 6090 6815 13446 18835 7272 4724 9424 13005 13935 5486 8143 14810 7528 14614 15236 6490 3578 1883 9710 14873 3145 7147 18055 3567 12854 21247 5453 7300 17872 5542 0 2760 19398 13064 7290 12883 18672 17464 17635 19395 18338 12740 19673 6737 11436 5553 9241 11926 16848 6833 14700 11305 10762 3957 11007 11228 8055 7178 2077 1325 6005 9858 12976 13392 15539 21744 13377 17608 11126 4456 8520 21973 14177 9512 4086 11171 11844 11441 7421 4489 6173 17830 13902 4106 14812 4462 3154 13765 4250 20140 14399 13089 5339 1787 10819 7525 13213 13725 17031 3637 2073 12153 3978 11638 4193 6450 4261 15250 741 7687 12964 8235 18528 2106 8790 9921 13271 9294 2618 14803 4650 6487 14454 10288 11666 13424 5217 6025 6394 16827 15386 7058 9215 16411 18484 19640 5844 12652 15538 14636 2517 7069 12316 10512 11622 3637 19738 14058 10165 16440 18638 14032 14753 6297 1677 7753 7724 17984 12793 7554 7081 10297 5903 12460 7245 15829 11984 6654 16926 12553 19797 8810 11761 6094 4956 8836 9808 3796 17139 16465 11677 11202 7552 11984 21645 5007 5048 18587 20163 19157 5429 19447 9779 18455 15514 14728 8714 13799 18067 6225 2375 4131 14458 14697 9843 14956 16645 9202 18413 3125 17980 9654 444 16525 8932 14284 18348 16813 2969 16769 19313 10077 10987 9356 8488 12189 10745 18209 18482 8248 6723 3710 12835 13596 16273 9471 14733 17557 10992 10338 1849 9454 4954 17803 6254 11081 13595 3440 16105 12515 22669 2885 13315 13280 10308 16603 15550 10122 3439 11348 15564 11103 14886 21886 13574 16828 16444 18595 9605 14510 12416 8938 8923 16715 12195 14342 5315 17465 11870 5869 1387 16126 14863 12674 7972 1273 13719 8310 9920 17607 16982 12711 7010 14624 11425 12443 11294 13080 2344 14634 21029 7078 11823 17328 2427 9351 8283 19220 11528 3642 6513 3808 7545 10716 11614 13925 9077 7339 2040 19853 16724 10059 23151 9812 18277 6338 12449 12994 4344 11340 11417 11932 9391 13528 5217 14318 12842 5206 12951 14990 5737 1520 5102 2510 15405 16989 18149 7270 4676 1412 10168 7286 18350 18532 4981 12754 9478 9335 13661 9644 3386 13398 6501 11236 13070 3256 11999 3733 5231 10029 11044 21246 14797 7672 5604
10372 15514 14209 10589 1615 4995 16310 8937 4942 10939 16211 12903 17409 4535 17856 15817 12309 9373 14880 10452 22495 10639 13630 6758 21897 10917 3565 8291 13224 18172 6393 4404 10013 14122 15527 3071 8693 13612 8016 14275 13668 7034 2657 3461 7100 15832 3050 8026 16293 1163 11189 20440 3046 8717 16669 3148 2760 0 19314 13130 6589 12816 18186 16008 16977 18952 17544 13696 19519 4258 10253 3309 6617 11831 16867 8850 15958 11117 10431 2170 9396 13153 5302 6412 4723 2939 7447 9256 12641 10868 13781 21418 10751 16954 8663 2964 7457 21642 11675 9838 6185 8482 10412 10976 9018 6909 7752 18250 13338 5938 15430 2961 4155 14072 3787 19900 16440 14497 4268 4260 11901 5476 11828 15727 15570 5117 1831 10026 5757 11323 4903 3893 3096 15947 2089 9582 14064 7964 17964 896 10963 9604 11857 9232 2647 14545 1952 8617 14643 12038 9748 11046 4799 5500 6611 16110 13713 8846 6684 16380 18668 18947 6827 10794 13306 16401 5094 7499 12321 12149 9778 2430 18893 15779 9495 13993 16857 14260 13783 6710 2789 8362 7460 16019 14472 6965 6575 10962 7677 9896 4563 13329 12509 5295 16170 11707 18864 10962 9441 5367 6472 10699 11065 1477 16863 15299 10586 10163 5858 10322 21068 4369 7257 17918 19302 17733 6915 18408 9449 16092 16488 12510 7393 11532 17238 4066 2971 4317 14915 15697 7142 16168 15123 11204 16417 564 17197 9358 3172 14839 6278 15744 16415 16199 2676 15011 18524 8725 13097 10225 10107 11790 11969 15836 17153 10112 4674 4619 10721 13377 13763 9865 16147 15236 12016 10564 4518 9957 2195 16315 4762 9101 11846 5469 16303 12428 22269 1480 12072 10806 7806 14876 15807 8621 5409 12935 16051 11300 15699 21542 11812 16989 17000 16125 9031 14089 10867 6719 9684 15268 10288 14402 4610 14955 9301 4421 4141 15936 12349 10148 6649 4006 15770 9581 7874 17439 14791 10439 4265 13918 10362 10084 10644 13093 3104 14472 20519 7121 9992 15724 2100 9145 10141 19055 13383 3521 4077 3168 7193 9245 11738 11653 7142 7827 2212 19084 15858 9824 22662 8445 18512 5634 10803 13922 6375 9287 9458 12122 7452 11078 4486 13405 13928 6537 13948 16233 6220 2960 3927 4627 15507 15404 17105 5499 2018 1895 9578 6218 16150 17082 3854 11998 9827 7578 11095 9698 3372 11545 7822 9934 11766 4464 9711 5292 5190 8970 9247 20998 12671 6689 6133
17866 10425 15987 13897 17890 14687 5639 10530 15728 11584 3665 6899 3838 15059 6727 11888 10997 15705 5736 12805 4779 15373 17078 17186 4715 9998 17849 13820 6097 4095 13052 23619 10250 9236 11669 21491 11387 8611 11933 5166 10666 12951 21938 17548 18157 7723 22074 12590 12053 18412 11831 5537 21491 13382 7914 21583 19398 19314 0 6341 12774 6532 2918 9705 4359 2522 5059 8675 552 17508 10403 21957 18252 7509 2593 15383 9483 8200 8894 17270 12320 13978 19780 12970 18812 20697 14285 10180 6728 17847 11888 2866 19033 4340 17002 22240 12290 3075 17787 9940 16703 19318 11141 8434 13766 17552 14443 3663 6421 16169 6092 22236 16257 5931 23019 1297 14966 10690 15112 18400 10248 15627 10262 14549 9751 16063 17927 14636 16164 8007 15212 17922 22409 6217 19612 14632 9177 11357 3474 19829 15686 9712 10378 10148 21548 4817 20101 15923 5100 13186 13527 16479 14540 13814 13010 5054 11325 14515 17507 2988 1997 4310 13815 12947 15511 12862 18496 12354 7083 12583 13159 16884 5414 12520 10019 17827 12308 5551 7458 13108 20957 11795 11868 13693 12317 12372 12741 9599 15043 18075 18669 18226 7910 14432 5233 8428 6059 15564 15951 13963 15130 14124 11414 18152 2678 7875 9916 10086 14551 12127 4167 14947 16641 4172 5601 9601 14755 6783 9868 17608 7624 15279 12757 15593 5345 16570 21564 15340 5734 8009 19204 9161 10197 14696 14063 19786 5055 9956 19268 11359 18507 10796 13502 4491 21748 11883 4971 11889 15171 10745 13303 7601 10777 17620 8821 14317 16012 15710 14489 5943 18494 10022 10454 16838 9956 9088 18924 10130 19447 9940 15003 14011 12100 16875 3640 6911 3937 17850 9529 17328 17295 11651 4269 12369 16777 12090 5080 8327 6958 3055 12178 2930 4950 18909 10372 5470 11403 15781 10918 9675 13328 5076 23916 18934 18024 15226 19424 3404 18101 17723 13321 19251 14928 12382 14687 1922 15437 15589 20487 6355 10000 16246 8947 6317 21597 4842 3425 12354 13027 10773 21082 10179 14279 609 13524 16002 17380 16183 12123 11914 7794 15642 14524 12113 20924 4885 5966 9491 4723 12116 2385 13698 11871 8420 16429 14339 13810 7512 14408 17139 14829 7449 9170 14701 8730 9349 13669 20877 15466 17505 4081 10630 6795 14933 20288 20214 9866 13357 15897 9718 15515 7978 9986 13727 18368 9759 22389 12763 13727 10968 9938 16217 15714 16062 14283 11049 13128 2144 14559 12865 13806
13880 9509 13594 8343 11793 8374 4140 4226 10113 7918 4225 982 4506 8764 8231 10898 8104 11518 4572 8999 10368 9840 14299 10990 9965 5936 12118 7706 1400 6822 7127 17362 4026 5219 8254 15521 5070 6489 5595 2430 8606 6610 15715 11209 13220 5189 15798 6310 11283 12307 8336 9392 15516 7317 8222 15613 13064 13130 6341 0 6769 673 6193 9213 5801 6764 6845 4323 6647 11903 5958 15960 13191 1427 3785 9454 6696 2203 3038 11175 7902 9269 14356 6983 12490 14369 8068 4487 1908 14020 9812 8842 15037 5762 12547 16085 6681 9072 14229 3608 10447 14659 7064 3013 7798 11372 8281 5343 3105 9882 3487 16082 9919 1440 16771 7176 11407 6832 9047 12066 4912 10159 6974 10773 8974 9730 11655 10703 9865 2348 8874 12259 16219 4146 13299 8837 5118 5198 6266 13586 10228 3709 7129 3899 15265 2272 14102 9962 1582 8097 9441 12840 8332 7659 6689 5393 9255 8555 12480 3353 5541 7619 7499 9317 12824 9677 12188 6013 832 7536 9057 10717 8191 9095 4484 15063 11777 1322 5334 6770 14639 5478 5686 12471 8293 6337 6634 3583 8903 13924 13143 15167 2287 8601 5616 4316 8554 10109 11783 7869 8850 8606 5850 12070 4334 7144 5523 5391 9004 8184 9162 8774 10492 6628 8610 10200 8501 8677 3863 15659 5663 12300 7351 12204 6763 10839 15258 9038 2536 5309 14219 6583 9076 9324 12954 13628 6520 3904 12929 9919 13355 7640 12505 4999 15481 10466 7637 6951 10357 4720 7583 2393 5550 15572 9252 8644 10364 9370 10837 1426 15542 3707 7598 14706 4634 2750 12596 3860 13511 9595 9146 9679 8979 10574 3197 948 9840 11653 6280 13531 12578 10194 2776 7532 10470 7375 3503 1994 4462 9001 9041 3861 4500 16713 4596 2707 7668 10716 4745 8714 9476 1282 17700 16319 13700 9303 13088 3239 14728 13680 7729 12912 11108 6425 9926 4626 13367 11790 14819 4029 5444 12288 3790 252 15285 1853 8442 6061 9014 9925 14814 4029 8613 6207 8932 9730 11729 9968 5973 7308 1453 12295 9466 5774 14636 8041 5931 3413 10441 7088 5403 7614 8163 4232 10184 10103 9615 1215 9453 13451 8684 4902 5015 8407 4578 6776 7331 14551 9401 11175 2377 9617 7700 9343 14284 13918 4233 7518 14309 9891 9431 3890 3658 8707 14556 3453 16109 9496 7524 6508 6541 9876 11647 9736 8007 5874 8770 8272 11716 7047 7467
9155 10088 11038 8129 5118 2935 10438 2960 3592 5816 9622 6754 11228 3025 11603 10832 7030 6977 8370 6018 15930 9099 11098 7416 15349 4921 5409 5809 6678 11647 476 10968 4761 9261 11597 8765 3777 7577 3279 7692 8322 3096 9241 5737 7300 10515 9495 4207 11324 5641 6231 13998 8762 5880 10618 8857 7290 6589 12774 6769 0 6361 11608 10371 10447 12368 11088 8564 12956 5296 4264 9214 7116 5386 10394 7604 11211 4631 3883 4499 4497 10478 7827 222 7593 8450 5363 2671 6066 9487 8901 14829 10136 10422 7385 9477 1480 15053 10022 4128 6593 8955 4928 4389 6517 7814 5829 12073 6764 5896 9595 9473 4611 7912 10356 13319 13691 10233 2340 6997 7282 3843 6162 12930 9951 5132 5440 6797 5751 4767 3783 5593 9671 10198 7277 7701 9175 1672 11403 7194 9556 3090 6248 3011 8999 7977 7354 7813 8340 9060 5776 8791 2078 1274 2287 9605 8615 6941 6517 9885 12278 12438 4097 6457 10076 12834 7511 2940 5938 8837 5547 4171 12474 12155 2931 11740 11919 8008 7463 2752 8607 3728 1343 11632 10893 441 511 5658 6304 8968 6565 11452 6752 1922 9687 5270 12514 9482 7205 1238 5273 8373 7027 5378 10283 9205 4438 3946 2736 5445 14517 2320 7321 11395 12895 12014 5303 12157 2933 13233 11156 9301 2129 8661 10805 4159 9118 3306 8892 10466 8157 11309 9635 9170 12111 7034 10733 2871 7320 9729 7158 11470 11913 9649 9144 10075 12067 3227 11027 5510 7269 5207 7658 13042 11283 7964 3786 4248 7321 6831 11902 4273 11726 12236 7253 4572 7589 4550 6744 10733 2418 5489 7067 6255 9964 5970 15683 5164 6133 9125 7033 9866 9532 3543 6117 9343 10016 5188 10144 14954 7072 10607 11014 13822 2443 7500 5631 4950 4884 9628 6185 7999 11197 12979 8542 2538 7847 9379 10681 8909 1764 7640 13124 6018 4883 10881 11271 7765 8111 7399 4177 7904 4081 6690 9186 7938 13949 1914 5681 10395 8492 2758 7966 12491 10459 3648 5088 3590 1021 3980 5503 8788 4020 3196 8408 12616 9449 3360 16090 3034 12163 975 5828 8712 6481 5915 5689 5936 4207 9210 2147 7030 9026 4858 8867 11434 2935 8598 2693 6340 9109 10042 10860 2943 7539 7751 2993 977 12577 11419 2748 5497 4161 3622 9959 3573 9819 7107 5205 4195 5944 4801 7256 5272 2293 2821 4955 14414 9073 794 3050
13234 8899 12923 8644 11437 8159 4792 4007 9617 7248 4044 1535 5043 8527 7821 10273 7434 10876 4103 8334 10335 10128 13626 11031 9891 5267 11654 7818 883 6595 6693 17094 4130 5815 8848 15126 5042 5859 5509 2092 7955 6493 15424 11048 12639 5858 15544 6319 10664 11956 7664 9170 15123 7458 7713 15218 12883 12816 6532 673 6361 0 6074 8630 5515 6701 6521 4913 6791 11412 5302 15574 12623 985 4052 9630 7342 1732 2531 10817 7257 9718 13841 6570 12413 14175 8115 3962 1252 13368 9154 8901 14394 5478 11924 15759 6163 9131 13568 3572 10449 14057 6400 2398 7976 11422 8361 5866 2520 9858 4156 15756 9756 2107 16496 7267 11962 7411 8671 11963 5332 9637 6302 11313 8378 9640 11396 10047 9828 1758 8710 11781 15911 4814 13082 9064 5713 4853 6087 13307 10531 3273 6457 3615 15017 2066 13714 10122 2126 8500 8787 12179 8025 7321 6489 5020 8599 8727 11906 3567 5919 7406 7450 8649 12151 10273 12132 5888 626 7954 8402 10391 7901 9680 3924 14391 11167 1942 4731 6614 14429 5446 5356 11828 8836 5938 6268 3835 8990 13286 12642 14497 2769 8148 5230 3644 8224 10414 11140 7502 8839 8912 6191 11708 4318 6586 4861 4744 8490 7520 9074 8448 10564 6386 8326 9674 8515 8287 3430 14991 6336 11628 6802 11536 6407 10371 15032 8809 3197 5972 13646 7238 8460 9655 12313 13301 6183 3493 12769 9282 12799 8258 11870 4687 15219 9825 7359 6338 10779 4928 7848 1733 5975 14903 8730 8909 9876 9216 10173 968 14871 3709 8232 14037 5066 2711 12507 3923 13103 9016 8703 9038 8306 10531 3643 391 9869 11344 5611 12877 11974 9554 3293 6914 10422 7849 4129 2018 5134 9052 8368 4254 5115 16042 4094 2276 6998 10140 4867 8111 8814 1653 17406 15646 13071 8879 12976 3260 14063 13036 7216 12795 11642 6626 9315 4726 12700 11132 14349 3476 4789 11637 3159 445 15066 1775 8379 5823 8356 9314 14553 3672 8880 6337 9401 9471 11247 9668 5626 6671 1453 11627 8883 5678 14392 7794 5481 3009 10428 6486 5817 7242 7493 4839 10196 9458 8967 1421 8859 12793 8343 4284 5604 8383 5179 7429 7174 14353 9027 11087 2757 9001 7255 8839 13898 13681 3690 7061 13649 9340 9064 3219 3633 8115 13904 3240 15858 8824 7586 5856 5869 9738 10999 9660 7751 5277 8126 8372 11043 6581 7316
15441 7568 13222 14469 16665 13941 7315 9910 14120 9281 2058 7044 5821 14250 3824 9010 8499 13400 3508 10481 4345 15970 14365 17103 3835 7968 16268 13879 5333 1210 11796 22575 10188 10455 13240 20057 11103 6097 11529 4094 7985 12471 20842 16901 16093 9361 21096 12388 9157 17187 9459 3369 20061 13503 5009 20146 18672 18186 2918 6193 11608 6074 0 6822 1601 804 2141 9716 2580 15842 8488 20545 16247 6907 3596 15647 11175 7417 7910 16055 10248 15052 17945 11777 18395 19921 14189 8937 5706 15374 9160 3367 16589 1597 14761 21023 10829 3571 15240 9638 16508 17107 9014 7254 13992 17495 14433 5998 4848 15903 7454 21018 15620 6455 21962 2353 16570 12050 13919 17913 10898 13924 7933 16057 6896 15620 16995 12280 15862 7039 14586 16288 21248 7805 18780 15020 10375 10439 558 18800 16339 8752 8027 9434 20594 4009 18719 16154 5588 14042 11266 13981 13562 12779 12341 2471 8617 14748 15503 3524 4497 1688 13485 10560 12807 14556 18141 11864 6699 13451 10921 15778 2683 14116 8691 15101 9397 5994 5111 12538 20128 11503 10953 10813 13667 11256 11687 9772 15061 15700 16922 15553 8297 13035 2576 6635 3292 16219 13633 12842 14894 14723 11950 16903 1976 5103 8029 8312 12939 9887 3008 13900 16637 1256 2976 6688 14582 3927 8894 14763 9445 12642 11141 13047 2439 15023 20681 14542 6756 9619 17140 10904 7372 15399 11171 18610 2163 9018 18607 8543 16542 12427 10608 2099 20748 9052 2162 10074 16209 10913 13746 6484 11504 14787 5903 14803 14418 15103 12048 5194 15795 9782 12175 14023 10605 8781 18473 9993 18012 7041 13606 11820 9603 16558 4831 6374 4099 16771 7258 14856 15154 8831 5343 10476 16444 13120 6564 8087 8516 3454 9683 4412 6846 16083 9170 4162 9135 13846 10919 6846 10995 5196 22785 16169 15710 13882 18905 3038 15501 15319 11793 18716 16426 12617 12646 2274 12631 13160 18804 4378 8174 13850 7543 6058 20736 4346 2357 11622 10762 7901 20094 9327 14770 2309 14648 15107 15751 15171 11152 9946 7520 13084 12630 11688 19992 2256 3266 8621 4487 10331 4816 12576 9565 9509 16260 12098 11575 7393 12468 14640 13746 5250 10328 14432 9858 11106 13087 20086 14262 17062 4676 7778 3880 13334 18909 19313 8615 12012 13030 6801 14332 6264 9702 11849 15881 9186 21419 10277 13659 9008 7675 15647 13368 15657 13445 9419 10987 3197 11908 11526 13235
9785 845 6610 16671 14396 13294 12509 10503 11138 5088 6636 10161 11640 13393 3406 2189 3727 8320 4895 5834 9308 18049 7872 17580 8554 5458 13072 15096 7813 5765 10271 20269 11898 14431 17466 16913 12114 3017 12176 7057 2412 12736 18522 16073 11505 14161 19055 13297 2362 14857 4907 6339 16929 14909 1855 16990 17464 16008 9705 9213 10371 8630 6822 0 5364 7433 4715 13534 9401 12455 6107 17424 11820 8747 9319 17061 15823 8627 8430 13889 6619 18179 13868 10426 17963 18477 15017 8359 7431 9572 2964 9563 10811 5386 9745 18380 8990 9688 9212 11007 16801 11997 5631 7644 15544 17991 15415 12122 6112 16105 12220 18371 14982 10382 19662 9114 20588 16039 12128 17362 13811 10691 4252 19929 438 15448 15448 7162 15987 8040 14128 12940 18732 12794 17298 16773 14331 10163 6266 16819 18494 8960 4194 9970 18649 7466 15824 17435 9826 16861 6681 8186 12397 11623 12191 4847 2651 16209 11153 8907 10949 5977 13903 5641 6394 18889 17880 12238 9058 16368 6498 13933 5086 18306 7990 8554 2706 9995 3913 12581 18535 12402 10538 3991 17457 10244 10728 12050 16013 10183 13185 9141 11379 10847 4615 5780 4588 18388 8480 11449 15302 16949 14458 14542 7621 2127 5982 6487 10150 5738 7975 12499 17347 5617 5260 1729 15180 3729 9014 7964 14497 6463 8753 7164 4387 12078 18910 13669 11258 14338 12465 15663 973 17756 4359 16266 4660 9175 17564 1958 12209 16839 3803 5480 18679 2354 5195 7389 19155 12907 15785 7483 14447 8005 1419 16786 11431 14610 6655 7800 9307 11239 16764 7279 13573 10419 17953 11603 15037 396 11314 7378 4455 16558 10173 8620 9763 14874 4256 9089 10415 2194 10376 7401 16422 16383 11691 10110 13336 9553 4516 10162 12386 9307 8605 6645 5143 9916 12575 749 6195 9141 20244 9511 10384 11687 18177 7921 9303 9738 9501 17969 20251 14410 8569 8420 5920 7675 15083 5193 6251 8409 7205 8964 19016 7983 7957 11483 6279 1093 18103 9576 16768 9102 17912 13904 12478 13656 10541 6784 9703 7155 9036 12251 18150 5622 3915 9096 9602 7657 11177 11235 5258 13443 16639 7430 7026 9913 8757 8798 12276 4394 14226 14834 13791 15864 12992 18592 12385 16708 9474 1071 3009 10513 16002 17611 8152 10190 6211 1074 12500 5921 11091 8468 10008 10123 19374 5006 14634 6235 4429 15168 8149 15567 12658 7551 6908 9720 5734 9842 13136
13845 6068 11657 14137 15425 12942 7830 9056 12747 7715 1727 6745 6600 13217 2786 7538 6902 11823 2106 8906 5553 15629 12783 16390 4925 6497 14892 13284 4671 1201 10592 21380 9618 10578 13500 18718 10388 4503 10742 3423 6391 11625 19633 15915 14564 9762 19935 11685 7722 15944 7878 3701 18724 12947 3627 18806 17635 16977 4359 5801 10447 5515 1601 5364 0 2369 1100 9767 4102 14438 7054 19212 14733 6200 4240 15132 11553 6577 6938 14825 8739 14990 16477 10601 17505 18854 13508 7797 4851 13775 7579 4892 14991 39 13194 19765 9549 5082 13638 8958 15746 15542 7499 6207 13482 16791 13792 6948 3740 15112 7791 19758 14653 6413 20763 3948 16800 12211 12716 16994 10690 12517 6368 16236 5395 14746 15879 10695 15054 6118 13636 14893 20011 8245 17695 14579 10490 9419 1130 17629 16023 7759 6456 8547 19445 3531 17406 15614 5616 13875 9702 12380 12459 11662 11405 920 7030 14229 13992 3961 5634 2007 12697 8974 11222 14869 17283 11026 6130 13302 9363 14595 2392 14375 7516 13523 8010 5952 3570 11646 19036 10774 9924 9343 13789 10124 10578 9342 14424 14110 15485 13963 8051 11754 982 5298 2783 15905 12053 11685 14131 14402 11651 15652 2431 3532 6614 6940 11573 8333 4102 12763 15970 951 2813 5477 13856 3087 7891 13250 9949 11045 9791 11446 1179 13666 19563 13511 6957 9994 15609 11319 5840 15124 9723 17378 866 8028 17601 7004 15039 12740 9167 848 19579 7525 1844 8659 16110 10443 13357 5515 11321 13264 4610 14418 13049 14155 10453 4558 14210 9131 12547 12486 10405 8134 17567 9390 16682 5619 12321 10271 8005 15733 5326 5743 5505 15593 5713 13257 13608 7295 5711 9026 15613 13068 7026 7509 8905 4957 8084 5109 7508 14554 8043 3316 7578 12361 10360 5317 9418 5071 21553 14606 14129 12616 17962 3131 13902 13726 10472 17767 16593 12139 11135 3135 11087 11565 17381 3060 6782 12258 6368 5615 19627 3998 3628 10668 9199 6422 18933 8372 14389 3765 14621 14025 14359 14035 10091 8475 6954 11483 11165 10887 18855 2300 1666 7680 5750 8924 5894 11421 7997 9593 15513 10537 10017 6921 10989 13040 12594 3767 10422 13659 9952 11524 12180 19011 13052 16171 4891 6272 2589 11971 17595 18195 7480 10765 11541 5482 13130 4980 9031 10394 14281 8381 20259 8679 13002 7550 6129 14711 11784 14800 12409 8088 9454 4786 10313 10289 12330
16213 8204 13906 14959 17438 14658 7473 10597 14917 10074 2765 7571 5859 14976 4273 9620 9270 14189 4313 11270 3642 16459 15069 17727 3201 8772 17064 14470 6000 1673 12565 23337 10784 10771 13474 20847 11742 6872 12190 4787 8714 13147 21608 17611 16895 9553 21850 13019 9740 17961 10245 3185 20852 14081 5593 20937 19395 18952 2522 6764 12368 6701 804 7433 2369 0 2719 10072 2080 16642 9292 21334 17050 7569 3803 16204 11363 8112 8636 16827 11051 15427 18750 12541 19075 20652 14808 9698 6418 16139 9869 2563 17358 2370 15554 21799 11614 2768 15991 10272 17150 17901 9817 8000 14551 18116 15037 5922 5620 16555 7702 21794 16327 6891 22724 1681 16804 12338 14686 18602 11354 14724 8726 16319 7538 16299 17740 13064 16520 7757 15289 17087 22020 7994 19516 15550 10696 11168 1250 19557 16817 9479 8818 10132 21345 4654 19506 16719 6012 14466 12060 14743 14307 13529 13044 3261 9335 15308 16307 3844 4327 1789 14141 11343 13517 14758 18811 12540 7322 13871 11717 16539 2893 14346 9460 15799 9947 6438 5909 13227 20865 12145 11684 11416 13965 12010 12436 10320 15662 16479 17725 16270 8789 13818 3351 7432 3539 16696 14420 13601 15539 15208 12437 17678 2441 5811 8832 9111 13735 10683 2405 14653 17247 1819 3088 7154 15216 4282 9625 15395 9582 13373 11936 13801 3058 15817 21425 15267 7080 9821 17942 11075 8035 15864 11757 19380 2816 9744 19321 9209 17346 12640 11190 2904 21504 9705 2465 10876 16596 11470 14261 7217 11946 15428 6425 15312 15215 15804 12822 5856 16503 10407 12359 14678 11059 9411 19158 10601 18802 7627 14390 12618 10372 17219 5060 7019 3318 17531 8056 15622 15953 9492 5620 11280 17107 13499 6764 8699 8722 2651 10451 4545 6931 16727 9927 4892 9931 14650 11508 7509 11783 5691 23554 16849 16496 14662 19600 3541 16240 16095 12583 19413 16691 13169 13450 2470 13293 13934 19605 5178 8975 14627 8315 6648 21477 4942 1680 12331 11556 8522 20848 10044 15278 1936 15009 15845 16549 15922 11890 10750 8132 13836 13434 12353 20740 2367 4021 9336 3758 11133 4680 13334 10357 9850 16897 12893 12371 7975 13273 15401 14502 6054 10659 15081 10193 11274 13780 20819 15031 17743 5046 8420 4443 14130 19695 20057 9376 12789 13643 7326 15099 7055 10334 12653 16644 9862 22172 11046 14272 9812 8473 16345 14152 16330 14173 10213 11787 2418 12637 12302 13926
13732 5488 11212 15162 15969 13687 8912 9908 13155 7793 2827 7801 7630 13938 1750 6903 6823 11824 2754 8938 5242 16649 12399 17278 4542 6824 15286 14230 5658 1060 11194 21948 10588 11676 14600 19145 11298 4506 11618 4435 6111 12466 20192 16656 14700 10857 20535 12594 7030 16482 7892 2910 19154 13907 2880 19232 18338 17544 5059 6845 11088 6521 2141 4715 1100 2719 0 10860 4712 14795 7431 19646 14903 7147 5283 16101 12650 7463 7748 15380 8960 16066 16727 11228 18301 19531 14418 8480 5759 13622 7215 4989 14855 1139 13226 20276 10088 5145 13421 9891 16613 15574 7718 6982 14457 17683 14719 7931 4540 15967 8888 20269 15410 7505 21330 4399 17899 13309 13307 17774 11749 12880 6468 17333 4824 15558 16528 10670 15901 6970 14409 15261 20542 9336 18362 15574 11586 10173 1585 18228 17049 8547 6534 9386 20057 4588 17867 16574 6713 14935 9768 12217 13134 12329 12196 1558 6701 15199 14170 5035 6536 1528 13561 8952 10857 15969 18097 11875 7126 14366 9452 15194 1425 15475 8176 13119 7259 7045 3840 12463 19695 11675 10667 8700 14884 10792 11258 10356 15351 14034 15790 13618 9111 12275 1419 5842 1709 16932 12041 12320 15003 15429 12689 16184 3473 3191 7028 7406 11997 8444 3776 13408 16879 904 1859 4565 14746 1997 8669 12676 11035 10756 10250 11247 377 14090 20199 14232 8058 11091 15735 12414 5333 16161 9047 17923 361 8814 18324 6505 15229 13839 8482 1846 20175 6993 980 9041 17179 11441 14369 6350 12383 12710 3763 15429 13459 14927 10362 5555 13836 10074 13645 11965 11467 9085 18353 10349 17125 4915 12833 10378 7902 16570 6402 6724 5402 16192 5892 13109 13703 6785 6802 9353 16446 14147 8113 8490 10000 5012 7981 6149 8567 14010 8734 4273 7689 12600 11329 4807 9432 6160 22087 14150 14099 13146 18725 4228 13633 13630 10958 18527 17690 13129 11328 4104 10583 11470 17703 3720 7225 12182 7045 6650 20271 5070 3497 11454 9272 5803 19536 9175 15400 4450 15702 14708 14736 14676 10811 8770 7944 11273 11446 11755 19479 1540 1721 8499 5483 9316 6824 12061 8065 10689 16388 10603 10097 7938 11246 12870 13228 4157 11517 14528 11048 12619 12985 19683 13633 16970 5989 5704 1740 12395 18055 18835 8172 11327 10925 4660 13719 5592 9966 10699 14113 9263 20861 8573 13924 7881 6295 15488 11753 15622 13132 8588 9612 5050 10016 10864 13136
17136 13811 17541 5377 12729 8724 3343 5632 12152 11711 8056 3378 5104 9195 12390 15174 12143 14779 8849 12643 13356 6792 18099 9386 13133 9761 13803 6080 5723 10609 9029 17418 3859 906 3935 16540 5101 10759 5775 6642 12802 6684 15987 10891 15803 2144 15813 5688 15572 13182 12163 13079 16525 5582 12516 16629 12740 13696 8675 4323 8564 4913 9716 13534 9767 10072 10860 0 9157 13801 9590 16896 15655 5021 6320 7152 2713 5486 6155 12169 11314 5358 16340 8779 11524 14050 6802 7354 6145 17361 13961 11526 18237 9727 15566 16591 9182 11742 17703 4448 9145 17408 10753 6613 5723 9682 6760 5748 7423 8808 2634 16592 9738 3356 16890 9858 7105 2511 10345 11292 1961 12397 10979 6497 13289 9104 11942 14163 8881 5976 8829 14041 16597 2779 13190 6280 803 6941 9952 13888 7067 6322 11133 5747 15268 6351 15131 7709 4166 4515 12906 16333 9266 8887 7247 9533 13425 6391 15023 6228 7004 11336 6953 13018 16706 5360 11108 6293 4560 3913 12544 11530 12096 4772 7544 18846 16078 3815 9643 7042 14416 5376 7224 16694 4029 8147 8195 2916 7241 17076 15066 18832 2282 10463 9773 8341 12546 6946 15039 9253 7831 5572 3126 13026 7742 11466 9246 8962 11258 11828 12416 9780 8742 10462 12485 14504 7369 12792 6417 19676 2796 16101 9999 15844 10843 12629 15106 9389 3000 2002 16701 2760 13370 6064 17184 14252 10569 6345 12472 14166 15717 3383 16756 9049 15565 14702 11525 10109 6537 3471 4962 6341 2273 19565 13555 5867 12330 9199 14430 5745 19239 4292 3441 18697 1753 4231 11696 4028 14716 13917 10893 12980 12897 9550 5093 4975 12596 12275 10353 16911 15392 14431 4487 10694 9494 3438 3642 3979 2225 11712 12950 5757 4172 20640 7315 6984 11453 13352 4028 13024 13062 4702 17921 20120 16748 10900 12303 6731 18271 16911 10087 12176 6845 4509 12899 7613 17408 15256 16435 8352 9089 15639 7376 4571 15083 5834 11643 6985 12554 14226 14923 6175 5825 8831 4938 10196 13571 10676 7550 10666 4126 15950 12223 5951 14638 11838 10173 5983 13345 10152 6665 9065 11917 283 8848 13431 13006 3777 12305 16892 9797 9195 692 7537 313 2902 7491 14251 10656 10384 5042 13911 11919 11500 15292 13907 7247 9520 18435 14210 10631 7987 4408 11577 17882 5188 16086 13331 6268 10057 10548 9539 14972 9018 8666 8999 12133 10818 15589 9164 7568
17767 10141 15759 14343 18074 14949 6165 10797 15831 11511 3628 7256 4376 15312 6338 11589 10865 15640 5641 12728 4250 15825 16874 17556 4166 9987 17962 14202 6296 3711 13218 23844 10602 9738 12203 21640 11711 8466 12241 5290 10469 13251 22152 17833 18160 8253 22310 12931 11736 18597 11739 5012 21641 13771 7587 21731 19673 19519 552 6647 12956 6791 2580 9401 4102 2080 4712 9157 0 17603 10422 22110 18269 7756 2972 15795 10020 8423 9088 17455 12309 14476 19840 13148 19136 20966 14646 10335 6892 17734 11674 2370 18930 4088 16957 22432 12413 2586 17648 10255 17055 19283 11112 8589 14170 17926 14816 4216 6476 16510 6593 22427 16541 6330 23241 747 15503 11207 15296 18712 10693 15709 10177 15081 9469 16377 18164 14554 16500 8196 15495 18024 22612 6739 19870 15058 9676 11578 3137 20052 16145 9916 10287 10397 21787 4979 20258 16332 5481 13661 13470 16356 14762 14024 13279 4859 11119 14921 17524 3307 2549 3854 14141 12853 15310 13403 18828 12650 7361 13059 13108 17088 4963 13056 10158 17618 11971 5933 7353 13394 21217 12120 12091 13392 12835 12562 12943 9980 15422 17993 18747 18040 8310 14575 5019 8461 5612 16023 15883 14157 15473 14574 11850 18332 2724 7634 9938 10134 14650 12072 3615 15158 17020 3813 5127 9218 15107 6362 10071 17335 8166 15105 12851 15453 5019 16688 21816 15595 6195 8539 19208 9701 9933 15159 13751 19982 4741 10166 19554 11101 18534 11331 13187 4333 21979 11616 4545 11936 15667 11131 13733 7759 11233 17355 8464 14754 16119 15998 14381 6143 18297 10347 10994 16584 10400 9396 19242 10470 19593 9620 15147 13974 11970 17210 4090 7162 3440 18061 9456 17214 17277 11391 4716 12400 17109 12581 5586 8640 7480 2555 12049 3400 5489 18648 10536 5558 11339 15812 11282 9408 13251 5400 24126 18707 17959 15381 19733 3583 17944 17631 13434 19557 15459 12783 14690 2080 15187 15487 20582 6326 10036 16155 9064 6605 21852 5060 2875 12611 12967 10479 21314 10405 14717 466 14026 16242 17482 16403 12338 11926 8097 15498 14561 12419 21166 4421 5745 9710 4206 12171 2937 13891 11798 8905 16785 14289 13761 7836 14434 17016 15033 7381 9666 15038 9221 9890 13955 21143 15649 17822 4455 10350 6453 15036 20446 20460 10018 13507 15607 9364 15702 8023 10303 13766 18251 10029 22627 12638 14091 10978 9869 16512 15637 16382 14529 11133 13101 1681 14379 13014 14094
6171 11856 9971 12300 3013 5861 15716 8251 1797 7406 14046 11999 16406 5465 14773 11943 8737 5149 12355 6658 19976 12832 9372 9660 19311 7972 704 9802 11548 15582 4864 7987 9949 14447 16538 4462 8797 10475 8173 12344 10048 7520 6319 6482 3031 15795 7033 8745 12399 3198 7548 17588 4477 10078 13408 4541 6737 4258 17508 11903 5296 11412 15842 12455 14438 16642 14795 13801 17603 0 7386 4973 2601 10480 15319 11062 16393 9704 8883 2965 5956 14861 2540 5075 8326 7185 9063 7457 10842 6657 9939 19196 6678 14422 4414 6001 5264 19407 7449 9402 8887 4637 7149 9149 10591 9941 9498 17245 11136 8369 14881 5990 6317 13137 7409 17848 18193 15263 3614 7732 12359 1921 8531 17438 12022 7379 4863 5905 8169 9690 6382 486 6399 15490 6206 11531 14366 6968 15519 5153 13240 8204 8519 8297 6756 12717 3426 11026 13485 13533 5858 6788 4829 4971 6757 13524 9967 10722 2479 14782 17285 16289 7974 6931 9083 17662 8558 7696 11075 13454 5979 3613 16031 16993 7547 9745 12938 13190 10957 7107 7046 8621 6608 11948 15686 5734 5615 10885 9701 5726 1269 9103 12048 3374 13527 9215 15887 13203 5199 4574 8397 12488 11880 2944 14879 12133 7825 7532 2959 6735 18510 4351 9941 15327 16408 14178 8700 15307 8053 11834 16440 8297 4752 7302 14451 1181 7165 5476 14150 15735 3432 16518 11514 13175 12318 4268 14475 8033 7064 11050 2391 16524 12366 13755 6665 11144 15749 5779 15130 10555 11579 9974 12640 11578 13721 11959 1540 6457 6596 11694 9544 9529 16828 10983 12374 9867 8175 9773 2638 12717 2909 5167 8072 8231 15055 11030 19922 3928 8962 6564 3575 11043 14677 5443 8118 14099 15261 10463 15439 19293 8025 15648 16266 11887 7318 12047 7403 2622 9930 11745 6388 13065 7858 10737 5138 2923 7997 14125 8132 5939 4213 7818 17567 10600 3926 15586 10581 6213 2979 11464 7669 5829 8567 11788 7313 12795 18065 6847 6199 12007 6228 8000 11976 17140 14958 4878 273 4201 6280 6037 10737 7421 3442 8027 6429 16318 13075 8519 20184 5515 17214 4742 7209 13964 8959 5259 5532 11181 3705 6828 4237 10682 14218 8213 14097 16631 6877 7216 3392 7679 14159 11715 14035 2586 3592 6148 7746 4419 11932 13510 3472 9615 9428 4121 6926 8864 7323 7660 9201 6915 8589 6689 5482 7584 5553 6472 5548 18898 8512 4868 6885
7945 5850 8002 11259 8648 7189 10094 4930 5724 2148 6800 6551 10165 7288 7604 6718 2975 5604 4984 3073 12590 12501 8509 11545 11929 674 7857 9343 5003 8196 4183 14631 6726 10467 13340 11714 6518 3385 6409 5383 4147 6795 12870 9980 7757 10997 13290 7542 7204 9148 2614 10273 11722 9244 6454 11800 11436 10253 10403 5958 4264 5302 8488 6107 7054 9292 7431 9590 10422 7386 0 12215 7850 4715 8533 11288 12258 4120 3447 8085 1998 13190 9463 4324 11857 12512 9134 2607 4253 8067 4935 11853 9112 7039 6745 12889 2916 12059 8274 5794 10747 8991 1163 3026 9901 11952 9563 10936 4005 10049 9436 12881 8876 7397 14014 10586 16060 11867 6145 11258 9122 5465 1943 15332 5688 9356 9468 4745 9921 3703 8026 7844 13178 10096 11328 11146 10366 4240 8143 10998 12960 3528 2053 4472 12842 5833 10445 11604 7362 11779 3486 6885 6303 5520 6169 6139 4544 10492 7105 7980 10556 8911 7948 3431 7134 14729 11773 6363 5306 11386 3100 8010 8714 14074 2276 9256 7794 7237 3595 6587 12611 6723 4539 7772 12982 4147 4628 7224 10129 8025 8437 9275 7325 4962 6142 1985 8636 12867 5867 5366 9299 11532 9413 8841 7727 5062 491 633 4569 2253 11125 6436 11361 7942 9108 7756 9225 8155 3507 10179 11534 6511 2864 6291 7097 6660 13045 7565 8494 11063 8802 12227 5389 12357 8269 10590 7103 3645 11509 5602 8113 12937 7980 6391 12920 6012 8397 1611 13997 7748 10353 3569 9690 10046 7049 11262 6028 8504 4898 5115 9670 6033 13031 9182 8959 5536 11850 6422 9697 6470 5492 3781 3415 10472 8630 5022 12548 8988 1881 7575 6933 5777 8441 1991 10335 11628 9417 5617 10349 11942 3455 9064 10386 11072 2799 4997 1893 5392 7263 5364 3529 6753 14721 10530 7855 5834 12088 7153 8786 7754 3604 11881 15599 8964 4291 8507 7969 5832 10328 4133 516 6339 2234 5747 13136 6076 10682 5498 3057 6176 12306 4000 11251 9970 13030 7832 7314 7637 4494 1513 5496 6390 4153 6444 12299 8964 5712 3803 12798 1885 10576 5142 2332 9616 10602 4182 3678 5899 4013 7493 6221 3297 10229 8843 9897 12400 6953 12641 6435 10602 7700 5819 6853 4967 10633 11707 2541 4156 9128 7155 6539 2456 5873 3365 8604 4838 13615 3765 8818 580 1682 9061 5709 9482 6552 1444 2863 11602 6020 3767 7093
9976 16813 14348 13890 4214 8174 19372 11872 6493 12378 18656 15841 20356 7702 19710 16831 13710 9744 17110 11611 24765 13886 13493 9905 24123 12835 4392 11599 15874 20381 8909 3598 13139 17361 18833 511 11832 15408 11152 16821 15014 10212 2569 6712 6738 19019 3511 11265 17273 3729 12519 22479 496 12023 18370 436 5553 3309 21957 15960 9214 15574 20545 17424 19212 21334 19646 16896 22110 4973 12215 0 6263 14595 19607 12112 19220 13845 13090 4816 10915 16445 4232 9009 7629 4980 10755 11778 15229 10476 14854 23860 9987 19194 8637 1658 9728 24078 11309 12868 9405 7567 12087 13525 12326 10003 11060 21202 15737 9212 18497 1644 7463 17013 3192 22426 19716 17787 6913 7289 15145 6818 13484 19010 16992 8420 5140 10678 9037 13964 8176 4487 2147 19042 4815 12870 17299 10766 20262 3515 14191 12304 13477 12094 3637 17142 1860 11848 17514 15344 10792 11066 7750 8330 9701 18311 14913 12144 6684 19095 21487 21115 10102 11862 13552 19709 8066 10630 15133 15458 10936 5386 20920 19087 11954 13683 17793 17158 15810 9861 4581 11527 10292 16679 17781 9636 9327 14098 10972 9434 4362 12891 15572 7539 18334 13924 20804 14197 9721 8092 9780 13994 14345 3923 19405 17078 12622 12273 7649 11708 23309 7261 10452 20125 21306 19145 10223 20248 12147 15933 19677 12824 9421 11792 19311 5555 4186 7518 17917 18898 6289 19420 16479 14478 17010 2748 19315 12082 5996 15977 5837 19039 17119 18487 3302 16039 20611 10607 16350 13433 13415 14357 15240 15661 18694 13406 6189 7919 11347 16027 13276 12922 19435 15208 15246 13532 7400 13054 2533 17681 6966 10094 13021 8697 19156 15183 24643 4634 13880 10574 7746 15955 18699 10339 8649 16242 19055 14237 18839 23970 12970 19813 20027 15681 11585 16578 12371 7532 12869 16717 11312 17205 3179 14428 8867 6731 6877 18553 11909 9801 8752 6804 19043 12871 8869 20049 15065 10757 2753 16182 12437 10217 13067 15893 4357 17137 22823 10121 11156 16951 3400 11931 13436 21645 16683 6706 4972 6229 9993 10950 14628 11895 8412 10968 3827 21179 17927 12567 24959 10330 21363 8346 12181 17112 9615 10136 10457 15038 8677 10901 7313 15498 17160 9845 17158 19492 9407 4864 6560 7811 18316 16667 18967 7251 1676 4191 12094 8604 16362 18476 6534 14281 12867 9063 10546 12605 3641 12577 11124 11787 13519 7772 10046 8591 8264 11131 10519 23504 13165 9096 9335
3815 11109 8084 14693 5566 8292 17205 10024 3631 7129 14644 13456 17665 7933 14573 10878 8286 3623 12747 6077 20145 15315 7262 12252 19439 8298 3169 12202 12587 15798 6642 9726 11876 16372 18670 5796 10844 10410 10273 13177 9441 9759 8233 9081 495 17541 9066 10986 11286 5674 7108 17528 5824 12436 13073 5846 9241 6617 18252 13191 7116 12623 16247 11820 14733 17050 14903 15655 18269 2601 7850 6263 0 11772 16288 13569 18320 11009 10168 5565 5999 17218 2136 6909 10906 9548 11503 8722 11841 4319 9011 19609 4139 14724 2383 7674 6585 19806 5147 11207 11472 2047 7236 10242 12986 12537 11951 18482 11840 10936 16415 7661 8894 14532 9211 18413 20528 17333 5958 10320 14388 3275 8435 19768 11412 9945 7440 4702 10738 10865 8885 2800 8137 17052 8659 13986 16284 8714 15854 7486 15734 9629 8377 9954 8888 13602 5281 13561 14747 15854 5215 4803 7171 7137 8950 13815 9188 13175 745 15737 18303 16429 10353 6197 7299 19860 11151 9839 12393 15726 5485 6212 16002 19184 8707 7515 11766 14510 11163 9347 9350 10730 8456 10520 17895 7517 7534 12764 12198 3308 2093 6784 13716 5299 13770 9825 15756 15691 3547 6709 10904 14896 14041 5457 15576 11950 8336 8187 4397 6465 18677 6738 12516 15551 16339 13483 11178 15073 9494 9721 18166 6591 5849 5557 14537 3576 9356 7978 15598 17514 1047 18409 10848 15612 10820 6498 14616 9514 9591 10151 429 18577 10973 14152 8723 10118 15804 6399 17560 12600 13930 11015 14735 9453 13188 14387 3549 9002 5309 12721 7202 11369 18840 8961 14366 11530 10749 11661 4603 12016 5007 4554 7380 10823 16213 12264 20226 6499 9031 4348 1512 10077 15914 5889 10708 16318 16663 12027 17094 19684 7314 16734 17670 9595 8650 12817 7217 2495 11971 11178 5651 14241 9420 8388 2714 5161 10540 14965 5795 3612 5596 10368 19919 12858 3600 16350 8810 4563 3555 11959 8257 3973 9542 13037 9518 13774 18327 8896 5683 11173 8397 9577 14401 17818 17280 7434 2865 6764 8137 6343 12204 5654 3765 10150 8667 16364 13215 9970 20382 6200 18284 6816 6871 15789 11533 4412 4870 12656 3849 4661 6585 10997 16136 10685 15961 18539 9199 9551 5805 10280 15289 10933 13873 4175 5395 8502 8960 6145 10099 12815 5905 10281 11248 4556 4495 10527 9321 6816 11588 7291 8620 9264 3887 10150 7901 7371 5292 19407 6988 6492 9228
12568 8925 12554 8135 10453 7195 5488 3055 8689 6769 4854 1836 5933 7556 8311 10229 7125 10199 4558 7786 11211 9593 13176 10217 10740 4792 10704 7087 1575 7329 5727 16112 3448 5923 8914 14150 4208 5837 4623 2828 7800 5580 14440 10101 11809 6283 14565 5501 10647 10971 7209 9893 14146 6760 8023 14242 11926 11831 7509 1427 5386 985 6907 8747 6200 7569 7147 5021 7756 10480 4715 14595 11772 0 5037 8955 7611 776 1611 9833 6601 9441 12929 5596 11509 13214 7318 3061 1426 12729 8944 9831 13716 6165 11184 14774 5254 10061 12977 2761 9605 13266 5858 1693 7315 10614 7594 6768 2792 8995 4766 14770 8811 2779 15514 8214 11901 7447 7689 11045 5065 8732 5964 11220 8455 8733 10418 9433 8956 1013 7765 10840 14925 5425 12114 8455 5821 3867 6872 12324 10013 2303 6119 2641 14040 2917 12735 9426 3006 8151 8166 11589 7041 6335 5534 5605 8413 8054 11065 4551 6893 8149 6578 8131 11742 10334 11242 4973 625 7638 7787 9406 8556 9711 3070 13933 11176 2739 4843 5679 13462 4603 4371 11697 8765 4960 5284 3356 8226 12590 11718 13985 2747 7192 5792 3320 8826 9899 10463 6518 7989 8410 5772 10725 5230 6794 4318 4115 7577 6966 9915 7463 9778 7107 8987 9929 7688 8805 2459 14670 6819 11173 5929 11004 6992 9424 14061 7839 3869 6357 12804 7553 8468 9183 12190 12316 6797 2515 11821 9191 11933 8404 11778 5355 14240 9718 8033 5581 10446 4351 7299 1325 5702 14566 9001 8349 8942 8275 9614 1714 14374 2932 8440 13697 4827 1938 11596 3202 12129 9140 7742 8360 7910 9652 4590 598 10782 10359 5331 12250 11187 9449 4197 6167 9539 7637 4898 1401 5638 9978 7966 5222 5902 15664 3169 2884 6514 9303 4187 8168 8243 2614 16422 15200 12345 7910 12051 4200 13500 12361 6302 11868 11531 6008 8545 5683 12395 10527 13404 3778 4200 10994 2489 1311 14096 2708 9240 4856 7762 9333 13573 2687 8323 7300 9166 8493 10309 8684 4641 5987 958 11101 8059 4784 13416 8498 5936 2028 11316 5704 6780 6259 6995 5003 9360 8793 8320 1244 8055 12187 7358 4353 5695 7525 5314 7733 6237 13390 8045 10178 3724 9004 7694 7917 12919 12707 2813 6106 13414 9539 8081 2979 2832 7307 13263 2301 14881 8378 6805 5238 5532 8804 10344 8761 6776 4487 7461 9320 10627 5631 6381
16324 9901 15045 11401 15485 12158 3719 8004 13524 10036 2688 4306 2363 12543 7018 11398 9715 14056 4601 11242 7056 12890 16002 14596 6813 8242 15608 11234 3772 4688 10705 21132 7657 6985 9676 19153 8803 7480 9359 3155 9691 10383 19470 14990 16242 5771 19573 9998 11660 16005 10355 6932 19151 10801 7752 19245 16848 16867 2593 3785 10394 4052 3596 9319 4240 3803 5283 6320 2972 15319 8533 19607 16288 5037 0 12824 7585 5768 6520 14865 10519 11677 17677 10598 16226 18154 11692 7885 4483 16368 10960 5303 17501 4205 15267 19811 10057 5527 16414 7364 14109 17524 9427 6170 11198 14963 11853 2808 4571 13577 3899 19807 13701 3358 20537 3607 13006 8538 12715 15820 7754 13481 8797 12516 9248 13482 15428 13067 13574 5659 12657 15710 19961 4213 17083 12094 6912 8905 3970 17349 13221 7305 8933 7650 19043 2700 17747 13361 2512 10783 11877 15055 12074 11372 10474 4495 10376 11949 15551 553 2023 5284 11229 11455 14443 10973 15906 9790 4561 10182 11495 14443 6222 10549 7772 16769 12023 2963 6210 10552 18424 9210 9407 13168 10167 9977 10317 7012 12456 16471 16518 17056 5338 12132 4740 6561 6784 13099 14313 11550 12538 11637 8896 15755 1811 7250 8043 8118 12365 10494 6101 12500 14054 4616 6551 9681 12162 7270 7463 16873 5850 14092 10605 14251 5418 14323 19041 12819 3321 6033 17278 7310 9576 12244 13594 17353 5103 7535 16709 10664 16509 8849 13063 3864 19253 11218 5666 9890 12857 8162 10772 5346 8311 16845 8781 11800 13796 13151 13024 3625 17370 7439 8584 16017 7460 6518 16340 7539 17121 9630 12696 12279 10774 14285 1258 4441 6357 15394 8038 15854 15460 10961 1835 10417 14187 9758 2974 5754 4931 5480 10849 869 3292 18094 8052 3571 9823 13794 8326 9091 11761 2506 21454 17951 16351 12892 16846 1495 16805 16157 11106 16675 12888 9811 12804 1340 14613 14088 18283 4858 8075 14694 6784 3787 19069 2528 5326 9837 11392 10294 18586 7724 11764 2580 11247 13501 15171 13716 9678 10035 5234 14318 12525 9541 18415 5842 5408 7056 7064 10090 2072 11288 10317 6087 13836 12649 12125 4933 12447 15706 12395 6036 6882 12110 6421 7511 11113 18337 13071 14922 1489 10076 6803 12733 17932 17699 7584 11047 15276 9619 13111 6082 7407 11732 16902 7231 19886 11403 11135 9112 8417 13651 14112 13478 11779 8948 11367 4649 13409 10559 11248
16437 16991 18641 2070 8662 5316 10474 6560 10080 13212 13658 8639 12152 5641 17224 17993 14258 14442 13486 13584 19767 1807 18681 2542 19402 11825 10703 1966 10461 16224 7978 11453 5514 7073 7257 11918 4963 14049 4903 11714 15409 4562 10408 5401 13915 9076 9936 3770 18472 8910 13661 18800 11891 2202 16741 11992 6833 8850 15383 9454 7604 9630 15647 17061 15132 16204 16101 7152 15795 11062 11288 12112 13569 8955 12824 0 8413 8726 8697 8345 12046 4395 13286 7695 5035 7969 2242 8760 10362 16828 16210 18117 17279 15096 14581 11249 9026 18344 17448 6244 2750 15607 12236 9510 1656 2714 1776 12857 11676 2914 9693 11254 4886 9466 11038 16421 7607 6662 7663 5073 5260 10603 13209 6912 16689 3814 7070 14380 3100 9282 4686 11055 11088 9926 7491 947 7067 7051 15705 8629 2184 8103 13331 7097 9431 11680 10725 557 10327 3561 13380 16297 6507 6828 5325 14560 15833 903 13194 12547 13956 17035 3509 14024 17680 7831 4554 4930 9008 3911 13144 7606 17504 7280 9125 19301 19058 9877 13408 4861 8404 4659 6807 19027 6062 7471 7101 5884 1376 16154 12117 18955 7490 8673 14745 11298 17781 2158 14647 7238 2667 2054 4058 8918 13764 15393 11243 10756 9844 12947 18607 6874 1859 16015 17934 18501 2415 17733 8047 20837 9643 16905 9733 16244 15947 9995 9103 5594 9726 8836 14484 8725 16517 2376 19519 9390 15752 7886 6442 16876 13431 7738 19258 14293 9795 17299 16973 10715 4248 4735 2192 9906 4882 20646 17629 1497 10080 4628 14921 10576 19411 6044 8231 19840 5531 7020 5256 5753 10652 17452 8741 13077 14509 3432 11757 9389 19158 7832 12920 16526 14021 17062 11132 11111 3468 4765 10643 7623 9364 18290 14526 12490 11301 21406 8532 11830 12993 12041 4773 16370 13780 10531 12106 20520 15647 8494 5909 12664 18128 16186 9291 5854 6932 3035 12342 13934 18852 15308 12750 12632 10982 15366 9860 9595 9026 11303 17876 5866 13269 17355 9258 7485 1539 15402 4707 6206 10789 6884 6935 11472 8181 16372 11422 4850 8873 17420 14846 7988 19816 10568 13655 7264 13278 7435 2510 13491 13290 8260 11663 16655 7057 12900 6984 2910 7256 8710 4705 8168 7774 4351 11353 16999 16571 9835 10828 8224 8931 8381 20139 18007 7669 11231 6165 11172 17253 7012 10140 14635 2472 11438 12879 4521 14745 3617 5811 9973 12557 17474 16669 8389 4614
19848 16174 20165 6373 15120 11076 3894 8309 14783 14361 9831 5845 5645 11550 14296 17583 14723 17491 10993 15322 14260 7480 20762 10886 14173 12394 16355 7885 8065 12216 11681 19423 6457 1950 2213 18892 7609 13182 8259 8783 15296 9075 18101 12921 18481 1814 17831 7960 17958 15547 14807 14516 18875 7401 14637 18980 14700 15958 9483 6696 11211 7342 11175 15823 11553 11363 12650 2713 10020 16393 12258 19220 18320 7611 7585 8413 0 8140 8842 14587 14013 5139 18928 11422 13241 15974 8699 10065 8593 20072 16489 12317 20950 11514 18276 18778 11884 12509 20408 7125 10825 20098 13418 9253 7327 11111 8537 5959 9773 10625 3763 18780 11872 5441 18929 10764 5483 1787 12873 13111 4093 15052 13568 5087 15614 11099 14156 16865 10734 8598 11055 16610 18738 3373 15224 7468 2036 9614 11513 16056 7603 9034 13723 8450 17292 8410 17506 8942 6052 5023 15606 19036 11745 11439 9723 11488 15939 7841 17700 7680 7550 12858 9131 15689 19348 3397 12788 8762 7092 4543 15241 13915 13748 3042 10249 21513 18438 5835 12002 9461 16369 7828 9868 19167 3114 10803 10819 5556 8892 19788 17652 21519 4935 13088 11739 10908 14268 7496 17751 11823 9747 6467 4916 15417 9278 13713 11897 11635 13925 14505 13548 12260 10204 12112 14100 16639 9273 14638 9130 22277 1880 18761 12704 18531 12698 15215 17072 11712 4632 1562 19364 369 15750 6642 19650 16520 12401 9057 14385 16614 18369 1320 19199 10937 17615 17161 13180 12819 6284 5873 6331 8905 3993 22175 15691 6942 14948 11362 17120 8056 21922 6954 1000 21307 4035 6944 13438 6660 17145 16194 13494 15690 15520 11343 6344 7475 13375 14587 12912 19621 18092 16889 5866 13405 11312 3720 4612 6670 2663 12508 15576 6819 4532 23274 10028 9180 14104 16044 6486 15368 15750 6710 19982 22785 19458 13476 14076 8422 20971 19624 12774 13976 5467 6419 15610 8923 19997 17959 18944 10638 11752 18349 10031 6947 17029 7883 12773 9547 15246 16590 16997 8884 6899 9796 4636 12523 16155 13056 10191 13368 6765 18634 14927 8421 16677 13406 12235 8694 14190 12865 7163 11651 14575 2649 10532 16140 15711 6381 15013 19599 12300 11587 2185 9541 2400 297 9853 16177 13169 12239 6662 16291 13914 14153 17658 15959 9952 12176 20981 16410 13133 10523 7080 14287 20594 7895 18084 15977 8228 12739 13134 11625 17683 10980 11102 11708 14838 11565 18231 11837 9909
11886 8733 12057 8080 9718 6566 6224 2496 7912 6226 5360 2510 6709 6907 8500 9975 6699 9515 4777 7189 11749 9501 12623 9818 11249 4276 9931 6809 2142 7741 4962 15423 3308 6374 9307 13396 3839 5649 4165 3326 7482 5065 13738 9503 11052 6904 13887 5133 10411 10238 6677 10278 13393 6525 8065 13488 11305 11117 8200 2203 4631 1732 7417 8627 6577 8112 7463 5486 8423 9704 4120 13845 11009 776 5768 8726 8140 0 841 9097 5941 9579 12153 4839 10981 12580 6957 2291 1731 12062 8574 10439 13027 6544 10467 14052 4479 10669 12337 2485 9168 12524 5279 1131 7115 10221 7268 7545 2958 8537 5477 14048 8217 3527 14821 8851 12190 7833 6947 10496 5267 7957 5530 11490 8307 8208 9743 8788 8483 587 7178 10065 14213 6131 11466 8298 6272 3158 7335 11631 9935 1541 5683 2021 13365 3498 11985 9171 3783 8240 7521 10953 6342 5617 4933 5906 8065 7834 10304 5268 7650 8562 6120 7550 11220 10717 10736 4461 1386 7760 7147 8689 8885 10077 2320 13373 10958 3510 4782 5121 12816 4213 3669 11370 9065 4210 4552 3437 7899 11892 10942 13391 3210 6421 6070 2974 9107 9825 9779 5782 7554 8358 5832 9987 5835 6769 3760 3500 6801 6370 10419 6749 9417 7509 9319 9910 7285 9014 1698 14199 7464 10622 5162 10404 7275 8650 13402 7194 4607 6957 12042 8107 8266 9154 11867 11595 7106 1767 11218 8909 11165 8854 11480 5729 13556 9420 8383 4867 10531 4293 7213 1187 5886 14084 9003 8243 8166 7693 9001 2294 13788 2695 8927 13216 5058 1797 11057 3027 11371 9023 6973 7681 7414 9168 5361 1341 11367 9651 4954 11590 10447 9154 4974 5457 9050 7843 5655 1567 6300 10581 7466 5984 6662 15154 2393 3288 5968 8545 4022 8008 7628 3379 15717 14645 11633 7148 11490 4845 12875 11676 5526 11302 11786 5870 7816 6343 11941 9884 12629 3906 3612 10327 1892 2085 13443 3364 9767 4229 7135 9134 12891 1982 8221 7963 9339 7822 9533 7984 3924 5313 1377 10505 7307 4311 12746 8874 6124 1293 11869 4976 7546 5520 6436 5501 8936 8119 7658 1790 7311 11539 6636 4276 6139 7082 5790 8281 5670 12753 7303 9647 4486 8794 7845 7141 12170 12043 2052 5334 13005 9478 7343 2724 2565 6563 12594 1803 14204 7846 6471 4614 5106 8234 9672 8250 6115 3761 6792 9956 10103 4858 5818
11097 8456 11440 8250 8996 6033 7058 2197 7088 5587 5871 3329 7542 6341 8637 9623 6186 8726 5005 6487 12255 9619 11950 9577 11722 3697 9124 6744 2797 8125 4186 14770 3501 7025 9896 12634 3736 5415 3930 3872 7079 4724 13067 9000 10213 7676 13253 4989 10075 9518 6049 10616 12632 6514 8048 12726 10762 10431 8894 3038 3883 2531 7910 8430 6938 8636 7748 6155 9088 8883 3447 13090 10168 1611 6520 8697 8842 841 0 8376 5182 9931 11321 4084 10569 12016 6790 1450 2228 11286 8106 11030 12230 6907 9650 13347 3644 11257 11583 2586 8885 11690 4610 815 7136 9986 7140 8375 3211 8229 6301 13343 7727 4367 14163 9478 12675 8422 6218 10057 5725 7122 5023 11959 8082 7814 9121 8034 8157 894 6703 9250 13524 6954 10881 8354 6924 2533 7777 10978 10064 844 5171 1658 12739 4116 11231 9109 4614 8554 6771 10204 5695 4940 4467 6195 7624 7824 9464 6005 8436 8942 5839 6865 10581 11290 10353 4139 2227 8111 6403 8001 9172 10638 1489 12693 10638 4349 4712 4716 12231 4067 3049 10933 9572 3478 3856 3838 7763 11090 10115 12679 3911 5624 6333 2655 9339 9959 8990 5070 7285 8528 6148 9259 6444 6696 3142 2815 5969 5674 10889 6074 9225 7884 9605 9812 7060 9168 992 13606 8249 9956 4321 9690 7526 7841 12799 6633 5443 7715 11202 8829 7983 9340 11432 10895 7387 1108 10701 8533 10324 9491 11072 6098 12915 9023 8696 4060 10826 4528 7359 1431 6317 13480 8933 8357 7345 7222 8279 2951 13084 2823 9593 12614 5545 2132 10629 3198 10601 8825 6183 6898 6819 8823 6174 2147 11926 8976 4521 10819 9616 8763 5802 4651 8699 8273 6496 2176 7098 11164 6865 6780 7502 14519 1564 3748 5331 7706 4152 7772 6908 4185 15039 13969 10820 6373 11030 5506 12135 10883 4694 10836 12240 5981 6993 7009 11370 9130 11818 4069 2959 9553 1318 2908 12848 4055 10267 3733 6404 8845 12253 1434 8338 8624 9727 7215 8716 7329 3267 4543 2135 9795 6470 4049 12126 9210 6291 754 12390 4156 8345 4804 5780 6194 8670 7341 6891 2574 6479 10780 5945 4204 6786 6807 6464 8996 5244 12183 6573 9235 5285 8497 7949 6313 11416 11434 1215 4537 12477 9337 6621 2537 2671 5731 11815 1697 13573 7209 6343 3902 4615 7776 8893 7875 5537 2946 6022 10580 9466 4054 5395
9056 13420 12517 9795 620 3534 14560 7057 2989 8843 14097 11029 15545 3066 15687 13789 10210 7702 12724 8437 20352 10144 12077 6742 19748 8751 2444 7337 11173 16018 4263 6569 8363 12688 14415 4411 7074 11450 6396 12187 11572 5514 4813 3517 5995 14272 5206 6650 14271 1143 9116 18273 4402 7689 14511 4503 3957 2170 17270 11175 4499 10817 16055 13889 14825 16827 15380 12169 17455 2965 8085 4816 5565 9833 14865 8345 14587 9097 8376 0 7298 12388 4948 4309 5379 4692 6532 7145 10564 9528 11752 19309 9629 14802 7233 4981 5292 19532 10292 8056 5997 7590 8274 8880 8116 7004 6924 16390 11208 5532 13688 4976 3478 12201 5951 17814 15726 13259 2159 4776 10494 3577 9686 14984 13452 4559 1946 8207 5332 9263 3790 2816 5193 14239 3565 8917 12620 5977 15822 2932 10527 7565 9720 7292 4771 12476 2985 8244 12718 11140 7784 9484 2941 3522 4928 13953 11651 8123 5407 14365 16712 16789 5623 8802 11582 15421 5596 5877 10353 11151 7775 742 16725 14769 7368 12518 14845 12355 11613 5136 4684 6795 5492 14099 13452 4898 4549 9326 7024 8640 3825 11936 10764 3125 14009 9546 16694 10503 7811 3315 5722 9952 9806 896 14779 13136 8416 7994 3759 8245 18920 2445 7070 15763 17133 15610 6088 16239 7408 14505 14929 10772 5228 9842 15071 2275 5022 2958 13101 14164 6340 14764 13018 10574 14516 2555 15033 7330 4226 12784 5329 14525 14477 14053 4835 12985 16359 6569 12525 8735 9168 9703 10657 14261 15011 9392 2770 3728 8892 11326 12385 8117 14886 13602 10569 8716 5239 8263 2558 14204 2599 7172 9808 5318 14367 10426 20145 1076 9912 9382 6454 12837 13898 6490 5213 11873 14239 9424 14057 19430 9779 15034 15212 14678 6930 11983 8758 4982 8147 13146 8320 12432 6731 13573 8062 2252 5116 13877 10984 8816 4482 4926 15077 8393 5985 15379 13031 8755 4489 11765 8192 8500 8512 11119 5131 12430 18380 5310 7983 13644 4230 7152 9414 16990 12545 2196 2708 1563 5201 7110 9824 9968 5173 6218 4261 16919 13690 7809 20524 6289 16577 3577 8722 12373 6096 7409 7517 10229 5488 9615 2500 11237 12478 5629 12441 14849 4738 4777 1806 4721 13542 13317 14936 3426 3157 3749 7467 4060 14399 14964 1755 9845 8057 5521 9833 7794 5531 9553 6780 7775 9612 3851 8044 4763 3503 6801 7218 18907 10855 4537 4692
5977 6123 6654 12330 7787 7326 12042 6179 4524 1545 8681 8430 12160 7295 8824 6566 2914 3619 6750 1540 14193 13442 6925 11885 13502 2323 6526 10178 6997 9822 4212 13653 8114 12165 14938 10405 7631 4539 7362 7365 4275 7486 11904 9800 5858 12844 12439 8447 7057 8241 1849 11682 10419 10170 7455 10486 11007 9396 12320 7902 4497 7257 10248 6619 8739 11051 8960 11314 12309 5956 1998 10915 5999 6601 10519 12046 14013 5941 5182 7298 0 14464 7767 4456 11770 11941 9816 4000 6244 6128 4551 13610 7137 8730 4750 11785 3030 13808 6401 7216 11054 7016 1244 4912 10826 12277 10274 12934 5969 10362 11359 11776 8862 9335 13045 12427 17486 13478 5698 11145 10629 4109 2577 16741 6182 9541 8951 2853 10207 5593 8179 6437 12125 12019 10774 12052 12065 5164 9858 10218 13903 5030 2563 5822 12041 7821 9248 12285 9340 13035 1593 5023 6236 5566 6731 7821 4379 11330 5256 9967 12542 10479 8562 1979 5716 16297 11769 7182 7210 12703 1238 7403 10133 15629 3774 7637 7644 9198 5174 7190 11971 7747 5285 7175 14475 4579 4978 8751 10778 6036 6858 7540 9090 4357 7783 3958 9955 13820 3884 5276 9770 12592 10753 7926 9643 6181 2482 2514 3542 988 12723 6207 11815 9573 10496 8348 9792 9354 4961 8864 13403 4992 2438 4566 8602 5471 12317 7535 10433 12892 6906 14008 5727 13411 7644 9646 8660 5065 11155 5519 6300 14603 7483 8153 12063 5773 9889 1354 15168 9092 11433 5531 11152 8694 7815 12249 4821 8596 3145 7110 7959 7444 14737 7859 10500 7132 11724 7823 8468 6920 4765 1786 2630 10662 10628 6957 14239 8310 3068 5651 4976 5599 10432 959 10523 13041 11384 7344 12233 13686 2623 11061 12361 9595 4096 6967 1479 3639 8542 5885 1816 8742 13646 8911 5856 5147 11858 9122 6958 5779 3104 11649 16984 10080 2399 10443 6809 3949 8779 5984 2490 4393 4120 7700 12428 8074 12346 6192 1287 6349 11494 5340 12244 11864 14357 7595 5943 7238 5120 654 7305 4679 2523 7347 11554 10455 7253 5355 14421 1478 12568 5122 1442 11365 10958 2201 1719 7730 2296 5600 5971 4998 11923 9353 11625 14174 7427 12045 5908 10616 9697 6020 8091 3897 9430 11040 4071 3954 8094 7692 6032 4437 7287 1862 6662 6293 12758 2610 9599 1420 2671 9115 3746 9698 6684 2358 870 13411 4655 3765 7546
19632 18312 21090 2594 12785 9006 8419 8307 13602 15310 13312 8292 10260 9425 17500 19539 16084 17435 13818 15970 18698 2820 21373 6879 18488 13569 14608 5070 10597 15899 10932 15830 6471 4742 3298 16223 6847 15225 7219 11697 17010 7497 14802 9743 17503 6487 14326 6296 19983 13092 15779 18403 16198 4787 17419 16301 11228 13153 13978 9269 10478 9718 15052 18179 14990 15427 16066 5358 14476 14861 13190 16445 17218 9441 11677 4395 5139 9579 9931 12388 14464 0 17242 10636 9396 12353 5857 10603 10810 19964 18025 16841 20595 14951 17845 15634 11664 17052 20482 7406 7144 19203 14299 10640 4282 6968 5470 10767 12181 7239 7885 15640 9058 8616 15427 15189 3340 3451 11278 9465 4391 14043 14934 2597 17874 8041 11340 17129 7410 10161 8599 14934 15481 7825 11881 3576 4801 9328 15262 12991 2749 9668 15078 8726 13824 11485 14975 4776 9469 1431 15977 19212 10057 10113 8329 14655 17553 4312 16741 11582 12204 16647 6888 16395 20169 3505 8910 7541 9198 1821 15674 11648 17356 3042 10917 22062 20534 9081 14283 7901 12791 6789 9313 20860 2095 10196 9979 6142 5477 19432 16014 21857 6982 12003 14882 12533 17770 2671 17670 10546 6719 2457 3788 13059 13076 16230 12988 12575 13094 15222 17774 10516 6218 15738 17757 19356 6314 17939 9684 23295 6856 19456 12477 18965 16011 13719 13488 9465 8358 6195 18200 5506 17845 2043 21359 13704 15755 9546 10835 18458 17146 4044 21004 14227 14189 18954 16789 13119 1197 5444 3289 10699 3748 23139 18420 3041 13669 8692 17564 10660 22299 7165 4567 22291 4652 7821 9622 6776 14825 18574 12221 15834 16600 7815 10442 9639 17913 12025 14453 19595 17420 18693 9842 13628 7840 1932 8899 8069 7107 17028 16636 11086 9207 24059 10446 11967 15063 15352 5941 17579 16279 9935 16493 23326 18983 12058 10273 12038 21128 19386 12241 10230 2706 4462 15355 12971 21138 18158 16868 13163 12765 18359 11247 9489 13406 10996 17001 8565 15750 18712 13652 9205 3012 14167 504 10193 14593 10848 9559 13826 8491 19086 14498 7285 13268 17132 15190 9415 18677 13053 11840 10481 15448 5591 6895 16280 15971 8332 14683 19664 10649 13790 4811 6760 5262 5406 8020 12551 11472 8740 10387 18372 16963 13186 15091 12616 10649 11411 22318 18979 11390 12302 7325 14065 20437 8361 14525 16884 5662 13508 14536 8718 17701 7862 9326 12146 15143 16119 19084 11256 7994
5745 13178 10167 14660 4714 8245 18224 10785 4266 9038 16241 14494 18862 7818 16509 12996 10264 5753 14437 8065 21958 15082 9271 11630 21268 9982 2640 12172 13918 17580 7387 7784 12488 16982 19033 3799 11326 12278 10694 14637 11470 10005 6423 8308 2571 18333 7314 11222 13410 4625 9069 19424 3831 12479 15046 3837 8055 5302 19780 14356 7827 13841 17945 13868 16477 18750 16727 16340 19840 2540 9463 4232 2136 12929 17677 13286 18928 12153 11321 4948 7767 17242 0 7606 9929 8109 11399 9879 13195 6245 11105 21312 5792 16465 4507 5747 7678 21517 7077 11940 10917 3384 9009 11526 12960 11862 11814 19696 13366 10476 17396 5734 8425 15621 7310 20038 20582 17776 6099 9398 14884 4205 10297 19832 13452 9506 6552 6806 10277 12098 8667 2337 6229 18010 7390 13830 16902 9497 17584 6086 15470 10677 10254 10818 7219 15034 3606 13191 15935 15945 7204 6891 7294 7495 9263 15557 11255 13028 2724 17133 19666 18245 10376 8228 9409 20131 10246 10210 13533 15897 7436 5683 17883 19465 9935 9451 13896 15655 12928 9595 7842 11139 9145 12655 18153 8262 8154 13424 11954 5202 1276 8662 14577 5905 15533 11387 17673 15443 5683 7105 10647 14833 14374 4508 17123 13869 9932 9707 5352 8361 20488 6797 11998 17329 18235 15549 10991 17021 10530 11704 18977 8716 7073 7682 16368 3713 7729 7783 16647 18274 2067 19055 12899 15485 12953 5036 16426 10519 8454 12245 1711 19039 13109 15846 7000 12230 17652 7907 17440 13081 13978 12337 15152 11431 15216 14287 4045 8661 7430 14061 9053 12068 19351 10993 14904 12392 9743 12313 3112 14079 5448 6518 9414 10222 17478 13464 21981 5637 10835 6355 3647 12181 17123 7472 10125 16565 17751 12975 17970 21398 9352 18049 18758 11458 9760 14312 9095 4127 12457 13207 7674 15488 7411 10213 4637 5452 9424 16428 7679 5573 6627 9276 19944 13061 5424 17862 10914 6698 1479 13595 9813 6098 10895 14229 7899 15149 20097 9381 7644 13259 6779 10506 14306 19382 17365 7093 2772 6421 8817 8004 13231 7776 5316 10545 7107 18218 15019 11000 22184 7669 19613 7279 8797 16504 11031 6438 6857 13678 5489 6687 6708 12712 16755 10517 16636 19167 9328 8076 5842 9540 16571 13008 15794 5016 3672 7085 10154 6929 12185 14879 5905 11817 11967 6098 6320 11388 7537 8879 11586 8938 10434 8797 6022 9710 8003 8744 7157 21063 9123 7362 9322
8997 10126 10956 8268 4927 2914 10660 3180 3375 5808 9799 6974 11446 2969 11717 10842 7044 6839 8519 5966 16095 9213 10992 7434 15509 4987 5188 5925 6876 11801 297 10799 4969 9472 11792 8557 3966 7660 3453 7878 8348 3218 9067 5659 7099 10734 9335 4353 11335 5451 6215 14138 8554 6010 10710 8649 7178 6412 12970 6983 222 6570 11777 10426 10601 12541 11228 8779 13148 5075 4324 9009 6909 5596 10598 7695 11422 4839 4084 4309 4456 10636 7606 0 7538 8322 5453 2844 6256 9335 8897 15008 9967 10577 7216 9290 1474 15232 9882 4345 6607 8759 4942 4572 6642 7830 5921 12291 6930 5913 9817 9285 4560 8131 10185 13506 13860 10433 2152 6936 7483 3634 6202 13099 10003 5123 5301 6690 5762 4964 3767 5371 9489 10420 7145 7816 9386 1894 11566 7031 9669 3298 6284 3232 8843 8169 7149 7890 8555 9221 5693 8663 1984 1196 2396 9753 8624 7049 6316 10088 12488 12588 4186 6404 9993 13022 7470 3095 6152 9007 5477 4002 12610 12343 3090 11627 11930 8225 7579 2860 8470 3904 1556 11611 11077 663 659 5871 6382 8801 6343 11325 6973 1701 9831 5400 12640 9597 7063 1093 5322 8509 7210 5184 10470 9298 4519 4034 2538 5416 14678 2185 7360 11548 13029 12079 5372 12271 3141 13147 11376 9212 2053 8555 10941 3937 8972 3242 9113 10684 7949 11522 9676 9301 12087 6851 10874 3083 7219 9744 6947 11672 11899 9808 8981 10080 12208 3215 11169 5706 7414 5394 7853 12953 11359 8091 3566 4219 7227 7029 11776 4488 11932 12153 7457 4793 7527 4762 6533 10785 2197 5384 7046 6248 10178 6179 15857 4997 6200 8980 6849 9875 9748 3498 6108 9523 10236 5409 10365 15132 7048 10818 11235 13717 2622 7680 5630 4765 5079 9681 6115 8210 11018 12860 8368 2321 7768 9573 10543 8750 1623 7561 13289 6178 4739 11074 11205 7644 7890 7549 4262 7767 4241 6902 9042 8137 14115 2076 5617 10427 8332 2976 8093 12683 10624 3541 4866 3448 1231 3960 5722 8682 3864 3362 8257 12759 9581 3572 16257 3008 12375 840 5810 8928 6504 5804 5595 6156 4061 9071 1999 7153 9237 4917 9082 11646 3005 8467 2503 6300 9320 10075 10973 2734 7334 7607 3166 786 12519 11478 2563 5641 4377 3498 9803 3794 9659 7065 5316 4225 5998 4765 7123 5270 2267 2886 4880 14599 9001 699 3113
14431 17658 17686 7072 5345 4698 14650 8486 8154 13241 16338 11932 16114 4569 19037 18308 14535 12952 15548 13154 22717 6628 17358 2518 22229 12514 7740 5448 13076 18690 7705 6437 8598 11672 12271 7559 7425 15151 6906 14301 15862 5929 5556 1998 11353 13615 4968 6246 18801 5320 13608 21183 7526 5947 18162 7616 2077 4723 18812 12490 7593 12413 18395 17963 17505 19075 18301 11524 19136 8326 11857 7629 10906 11509 16226 5035 13241 10981 10569 5379 11770 9396 9929 7538 0 2982 4738 9911 12705 14898 16316 21310 15003 17475 12596 6481 8990 21541 15651 8882 2416 12900 12443 11320 5919 2484 4770 16903 13777 2730 13794 6489 2982 12994 6055 19660 12479 11555 6126 633 9566 8761 13737 11828 17541 2776 3466 13302 2688 11396 3910 8112 6241 14168 2816 5947 11643 8142 18312 4165 6847 9756 13815 8972 4495 14426 6661 4619 13754 8580 12652 14780 5583 6342 6105 16756 16094 5424 10784 15833 17717 19508 4997 13566 16730 12862 487 6536 11811 8874 12551 4840 19722 12315 10254 17837 19393 13314 14917 5864 3431 7018 7666 18906 11089 7751 7262 9372 4352 14019 9009 17287 11102 7477 16883 12680 19848 6879 13087 6545 3753 7085 8460 5485 16729 16748 12021 11523 8536 12759 21400 5563 3182 18450 20153 19606 4188 19585 9632 19748 14234 15916 9362 15045 18062 7611 4112 4296 13563 13412 11602 13524 17210 7354 19359 5149 17940 9488 1633 17227 10636 12698 19238 16664 4875 17527 19258 10679 9055 8318 6920 11991 9391 19514 18864 6512 8003 3400 13960 13219 17740 8791 13173 18814 9775 9743 236 8692 6880 18322 7203 12132 14400 1988 15365 12072 22282 4408 13725 14734 11831 17338 14778 10834 2064 9726 14625 10497 13728 21464 14389 16103 15441 20002 9651 14263 13089 10245 7992 17218 13159 13740 7117 18923 13441 6830 877 15670 16345 14189 8667 860 11798 7015 11059 17109 18120 13977 8984 14589 11756 13794 11318 12545 4020 14188 20741 6847 12736 17950 4421 9135 6550 18697 9734 4186 8077 4642 7568 11382 11044 15174 10159 6735 4002 19777 16770 9825 22825 10437 17476 6742 13198 11793 2711 12445 12443 11302 10464 14955 5799 14449 11533 4139 11702 13536 5326 3174 5990 1335 14748 17600 18310 8324 6703 3462 10196 7851 19483 19012 5858 12807 8832 10272 15211 9214 5145 14292 5290 11755 13534 2833 13291 2755 5318 10414 11951 20760 15901 8145 5175
13311 18048 17101 9966 4320 6019 17011 10169 7670 13482 17887 13957 18337 5678 20032 18469 14842 12263 16800 13125 24266 9604 16555 5488 23718 13186 6498 8090 14722 20054 8392 3489 10749 14301 15146 5033 9466 15896 8847 15878 16203 7808 2640 3208 10034 16181 1986 8470 18953 4007 13777 22442 4996 8580 18965 5070 1325 2939 20697 14369 8450 14175 19921 18477 18854 20652 19531 14050 20966 7185 12512 4980 9548 13214 18154 7969 15974 12580 12016 4692 11941 12353 8109 8322 2982 0 7293 11061 14237 13807 16433 23019 13675 18827 11597 3616 9608 23248 14614 10828 5252 11377 12846 12677 8669 5466 7437 19155 15129 5353 16137 3625 4472 15085 3076 21424 15460 14342 6370 2908 12124 8243 14237 14806 18042 4948 3045 12857 5240 12897 5507 6831 3314 16573 1184 8854 14262 9484 19765 2062 9829 11172 14285 10576 1529 16078 4527 7581 15769 11476 12475 13966 6399 7203 7688 18033 16314 8265 9623 17713 19802 20855 7168 13493 16186 15798 3467 8383 13615 11728 12465 4546 20923 15235 11357 16928 19529 15349 15898 7607 452 9076 8969 18788 13987 8740 8279 11622 7129 12834 7478 16268 13309 7630 18124 13719 20962 9860 12343 7230 6245 10001 11097 4292 18416 17565 12780 12316 8426 12904 22883 6137 6137 19805 21345 20184 6717 20586 11028 19013 16819 15383 9730 14422 19252 6871 1135 5388 15783 16001 10030 16236 17633 10315 19201 3082 19175 10908 1589 17451 9200 15523 19168 18038 1916 17666 20509 11095 12036 10677 9721 13438 12034 18759 19538 9418 7432 5030 13548 14873 16702 10790 15981 18146 12301 11650 2749 10777 5020 18805 7179 11858 14487 4654 17422 13805 23936 3640 14383 13742 10743 17512 16870 11090 4671 12571 16889 12414 16204 23159 14460 18144 17769 19063 10812 15762 13381 9576 10247 17730 13012 15649 4141 17895 12239 6800 2116 17411 15288 13088 8979 2129 14780 9603 10658 18897 17658 13328 6896 15827 12534 12998 12496 14381 1063 15920 22278 8359 12673 18287 1585 10616 9456 20512 12676 4829 6993 4888 8774 11698 12921 14544 9864 8658 1154 21054 17899 11323 24405 10823 19597 7483 13377 14307 5527 12082 12206 13244 10178 14012 6331 15476 14141 6514 14259 16265 7048 203 6096 3739 16716 17955 19285 8109 4499 1046 11375 8358 19022 19549 5985 13940 10795 10201 14032 10939 2172 14244 7800 12277 14119 4581 12604 5035 6479 11130 11905 22530 15508 8771 6917
14245 14901 16400 3265 6941 3212 9915 4596 7949 11010 12150 7391 11412 3599 15417 15851 12090 12217 11728 11351 18430 3845 16440 2921 18004 9695 8772 845 8881 14647 5736 10725 4050 7010 8086 10490 3121 12023 2868 10142 13274 2350 9422 4231 11825 8913 9133 1824 16335 7270 11454 17206 10467 1302 14816 10571 6005 7447 14285 8068 5363 8115 14189 15017 13508 14808 14418 6802 14646 9063 9134 10755 11503 7318 11692 2242 8699 6957 6790 6532 9816 5857 11399 5453 4738 7293 0 6665 8664 14626 14033 16897 15114 13473 12397 10143 6791 17128 15232 4560 2435 13524 10045 7603 1592 3308 471 12188 9907 2010 9064 10146 3292 8384 10230 15218 9196 7122 5550 4491 4852 8448 11069 8453 14632 2409 5616 12139 2079 7473 2743 9107 10071 9430 6528 2485 6972 4898 14183 7427 4285 6113 11185 5140 8594 10180 9187 2479 9187 4628 11138 14068 4356 4610 3087 12862 13673 1676 11085 11343 13070 15466 1267 11792 15439 8967 4343 2784 7490 4704 10905 5793 15839 8337 7033 17064 16924 8738 11476 2626 7679 2745 4612 16836 7027 5237 4860 4713 998 13978 10184 16728 6442 6478 13027 9304 16063 4228 12425 5028 1049 3435 3804 7220 12395 13440 9121 8625 7640 10726 17189 4765 2462 14423 16272 16510 576 15942 6036 18596 9543 14663 7492 14004 14232 7950 8379 3616 8873 8722 12451 8951 14429 4113 17326 8009 14062 5875 5705 14734 11394 8346 17079 12660 8918 15143 15329 8491 6067 3611 2669 8101 4742 18404 15664 2896 7974 2865 12679 9011 17183 4407 8775 17599 5049 5409 4901 4210 8990 15404 6587 10835 12302 2754 10751 7821 17906 6218 10823 14314 11869 14911 10147 8876 2693 5490 9913 6109 8996 17060 12316 11492 10710 19166 6425 10193 10797 9860 3367 14310 11542 9259 11285 18287 13483 6367 5502 11305 15909 13994 7051 5375 8550 2313 10114 12678 16618 13072 11016 10827 8856 13143 7860 8165 8342 9866 16487 3659 11032 15255 8306 5474 2913 14224 6019 4337 8792 4992 4718 9250 6676 14132 9199 2773 7980 15808 13055 6049 18508 8338 12811 5039 11067 7067 2152 11251 11048 6854 9434 14436 4929 10973 6854 917 6992 8987 2469 7495 5701 3587 10204 14897 14736 7653 9315 7265 6865 6143 17910 15991 5607 9288 4492 8933 15060 5167 9387 12411 564 9252 10755 2992 12517 2282 3638 7785 10316 16303 14431 6147 2387
9790 8240 10513 8654 7761 5236 8491 2324 5661 4707 6955 4748 8989 5463 9126 9242 5566 7428 5739 5429 13262 9912 10901 9250 12686 3079 7724 6800 4118 8997 2887 13639 4162 8187 10938 11311 3918 5387 3858 5051 6658 4380 11910 8192 8774 9008 12162 4992 9718 8285 5176 11388 11311 6671 8299 11403 9858 9256 10180 4487 2671 3962 8937 8359 7797 9698 8480 7354 10335 7457 2607 11778 8722 3061 7885 8760 10065 2291 1450 7145 4000 10603 9879 2844 9911 11061 6665 0 3452 10007 7528 12166 10904 7770 8278 12126 2201 12389 10356 3242 8493 10271 3695 1747 7324 9662 7073 9820 4095 7805 7719 12121 6968 5811 13026 10674 13533 9478 4994 9356 6637 5677 4470 12796 7970 7240 8083 6828 7703 2234 6001 7835 12331 8366 9899 8569 8089 1821 8737 9864 10370 1034 4600 1878 11664 5364 9924 9106 6061 9186 5587 8995 4664 3865 3889 6972 7112 7939 8021 7357 9833 9795 5546 5839 9611 12299 9754 3882 3677 8808 5239 6842 9884 11633 369 11624 10302 5800 5011 4247 11240 4141 2254 10370 10493 2329 2783 4753 7662 9751 8681 11540 5187 4256 7068 2773 9965 10274 7688 3906 6958 8927 6839 8011 7642 6892 2491 2021 4528 4649 11853 4972 8993 8747 10310 9889 6822 9675 961 12710 9601 8934 2873 8565 8213 6440 11769 5757 6880 9026 9757 10081 7766 9753 10868 9692 8122 1073 9846 8127 8875 10611 10565 6990 11813 8567 9454 2756 11394 5170 7748 2579 7175 12563 9076 8667 5924 6513 7144 4268 11959 3476 10758 11707 6502 3140 9943 3862 9268 8744 4825 5627 6000 8318 7603 3585 13014 7835 4163 9557 8203 8323 7246 3340 8185 9090 7942 3434 8473 12288 6034 8191 8950 13535 261 4838 4460 6267 4666 7647 5796 5612 13862 12900 9454 5047 10278 6776 10937 9568 3254 10077 13052 6358 5609 8271 10536 7916 10407 4767 2238 8285 1436 4352 11832 5378 11279 3156 5274 8598 11160 1398 8655 9870 10458 6233 7298 6245 2349 3347 3515 8677 5042 3914 11068 9996 6885 1371 13420 2805 9757 3640 4848 7424 8314 6078 5664 3965 5067 9543 4811 4538 7946 6486 7666 10239 4699 11217 5342 8598 6703 8241 8398 4878 10112 10401 322 3177 11721 9348 5406 2908 3317 4321 10530 2301 12486 6288 6304 2907 4124 7079 7618 7335 4661 1651 4793 11764 8511 2686 4848
12194 7671 11702 9559 11183 8240 5917 4224 9050 6093 3656 2774 5918 8560 6887 9030 6206 9856 3134 7217 10047 11019 12436 11539 9533 4131 11149 8474 755 6010 6327 16992 4865 7050 10079 14763 5543 4615 5894 1644 6703 6795 15284 11196 11818 7095 15479 6840 9427 11707 6494 8552 14763 8162 6619 14855 12976 12641 6728 1908 6066 1252 5706 7431 4851 6418 5759 6145 6892 10842 4253 15229 11841 1426 4483 10362 8593 1731 2228 10564 6244 10810 13195 6256 12705 14237 8664 3452 0 12302 7905 8802 13363 4817 10971 15543 5588 9029 12464 4134 10897 13165 5296 1708 8728 11941 8960 6701 1376 10267 5342 15539 9915 3300 16384 7259 13160 8632 8406 12213 6421 8998 5088 12499 7163 9934 11349 8972 10214 1340 8881 11240 15731 5993 13107 9876 6948 4758 5607 13201 11438 3071 5242 3734 14966 1914 13374 10825 3127 9544 7725 11076 7922 7162 6636 4207 7349 9462 11110 3942 6477 6831 7850 7511 10946 11504 12465 6192 1628 9020 7338 10213 7176 10903 3305 13203 9936 3057 3519 6841 14457 5925 5275 10578 10027 5677 6073 4770 9592 12277 12037 13338 3949 7706 4385 2455 7424 11324 10119 7274 9281 9834 7181 11440 4223 5425 3785 3749 7886 6414 8701 8295 11126 5779 7609 8546 9005 7383 3220 13756 7557 10444 6122 10395 5589 9866 15027 8851 4364 7216 12844 8488 7226 10604 11063 13097 5405 3332 12904 8033 12048 9502 10623 4002 15140 8576 6666 5461 11837 5777 8725 874 7063 13672 7611 9775 9326 9398 9055 881 13703 4321 9482 12807 6170 3343 12778 4611 12720 7820 8276 8030 7105 10899 4402 1189 9700 11194 4381 11803 11087 8304 4188 6013 10781 8975 5201 2823 6355 8936 7169 4893 6151 14821 3646 1558 5849 9346 5602 6890 7711 2501 17251 14452 12096 8498 13201 3324 12937 12005 6632 13011 12820 7430 8420 4821 11463 10045 13812 2363 3754 10581 2306 1660 15075 1955 8061 5916 7274 8084 14479 3625 9749 6427 10518 9442 10699 9553 5495 5696 2333 10481 8077 6041 14354 7149 4511 2918 10175 5644 6444 7008 6349 6081 10662 8435 7929 2489 8018 11702 8160 3055 6835 8810 6417 8679 7387 14405 8758 11370 3470 7767 6269 8257 13561 13662 3139 6629 12401 8180 8813 2005 4209 7289 12839 3532 15800 7643 8166 4825 4657 9944 9958 9979 7759 4477 7112 8358 9843 6137 7535
505 8745 4142 17595 9660 11546 18159 11955 6877 6333 14197 14558 18181 11291 12814 8009 6879 2586 12111 5130 18710 18462 3061 15915 17963 8193 7323 15199 13044 14640 9039 14005 13924 18186 20844 10035 13183 9284 12751 13238 7540 12532 12548 12972 3824 18960 13385 13689 8302 9852 6033 15829 10066 15327 11206 10077 13392 10868 17847 14020 9487 13368 15374 9572 13775 16139 13622 17361 17734 6657 8067 10476 4319 12729 16368 16828 20072 12062 11286 9528 6128 19964 6245 9335 14898 13807 14626 10007 12302 0 6617 18593 1243 13778 2311 11956 8369 18759 833 13087 15093 3077 7011 11040 15944 16244 15096 18925 11812 14483 17485 11943 12539 15456 13506 17701 23151 19411 9252 14285 16492 6300 7605 22393 9245 13512 11469 3330 14293 11721 12284 6979 12428 18145 12860 17075 18089 10747 14890 11752 18908 11038 7481 11698 13203 13716 9600 16922 15423 18543 4582 1408 10337 10019 11698 12919 7027 16283 4188 15825 18367 15110 13382 4921 3615 22157 15084 12426 13338 18300 4967 10069 14430 21480 9834 3209 8652 15304 10390 12151 13632 13190 10680 7098 20264 9774 9990 14668 15460 1044 6409 2467 15176 8155 12799 9901 14035 18846 2331 9598 14236 17831 16431 9601 15233 10438 8521 8630 6987 5904 17295 10024 16069 14422 14685 11002 14418 13227 10946 5462 19526 3196 7536 2412 13246 7291 13666 11415 16554 18999 4206 20085 8649 18612 7271 10790 13412 11026 13711 7644 4716 20582 7573 13405 13042 7397 14382 7253 20499 14825 16748 11635 16958 5188 10988 17391 6964 12521 3361 13146 2896 13297 20752 4799 16399 13137 14765 13654 8917 9641 8127 4389 5772 14509 16624 13078 19008 10552 8356 520 3084 7463 16479 6667 14382 18754 17484 13422 18359 18628 5693 16991 18449 5277 10050 12805 6547 4810 14225 9109 4615 14801 13655 4088 1616 8420 14631 14905 1482 720 7723 14446 22598 15503 4612 16076 4987 2280 7724 11571 8579 1735 10246 13812 13825 14034 17113 11400 5028 8660 12707 11237 17397 17324 19934 11051 6880 10434 10416 6749 13418 2416 5472 12679 12966 14897 12119 11378 18985 7211 18440 9599 6051 17431 15101 3944 4410 13849 5281 774 9818 10424 17944 13927 17673 20245 12171 13822 9226 14105 15702 8530 12225 7001 9712 12762 10129 8571 6118 10382 9350 10381 13149 5923 537 12223 13639 5100 14579 7512 7963 12888 2393 13709 11019 8368 5270 18557 3874 8708 12243
6822 2161 4110 16179 12197 11806 13634 9846 8839 3090 8424 10646 13123 11810 6225 2038 1962 5436 6368 3329 12147 17436 5205 16313 11395 4470 10597 14272 8497 8268 8682 17891 11559 14865 17854 14347 11447 3501 11343 8147 1271 11684 16176 14350 8664 14992 16788 12475 2520 12617 2707 9228 14366 14179 4613 14418 15539 13781 11888 9812 8901 9154 9160 2964 7579 9869 7215 13961 11674 9939 4935 14854 9011 8944 10960 16210 16489 8574 8106 11752 4551 18025 11105 8897 16316 16433 14033 7528 7905 6617 0 12197 7859 7591 6844 15935 7425 12345 6294 10625 15494 9057 3997 7455 14836 16714 14471 13734 6858 14796 13174 15924 13390 11171 17298 11512 20759 16383 10247 15692 13818 8324 3092 20052 2628 14020 13474 4311 14652 8030 12661 10419 16319 13804 15277 16082 14762 9160 8632 14634 17894 8381 2950 9365 16425 8621 13359 16510 10816 16632 4084 5225 10759 10055 11008 6835 584 15423 8381 10469 12811 8638 12821 3012 3648 19271 16303 11280 9413 16208 4007 11917 7872 18641 7182 5944 3099 10866 4783 11446 16436 11658 9421 2844 17638 8892 9342 11942 15022 7220 10532 6404 11690 8902 6658 5627 7442 17800 5576 9794 14123 16453 14238 12303 9479 4059 5058 5508 8008 3564 10762 10753 16186 8075 8101 4511 14088 6619 8384 5942 15430 3568 6958 4206 6848 9740 16739 12060 12185 15120 9589 16392 2033 17278 3343 13972 7061 8532 15698 1140 9415 17343 3048 7414 16412 1233 7881 5682 18879 12590 15273 7621 14419 5897 4383 16194 9112 13098 3746 8538 6635 10866 17358 5059 13622 10236 16272 11254 12569 3076 9285 4772 1946 15144 11565 9017 12514 12792 3622 6129 7561 1104 11619 5482 15005 16377 12848 10141 14230 12211 1973 11728 13683 7134 7731 7689 3271 7329 12143 2506 3551 10121 17795 7050 7431 9670 16408 9472 6443 6774 7650 16200 20340 13882 6015 10328 3660 4727 12390 6203 5298 5459 6789 9564 16860 9076 10649 10377 3791 2167 15878 8905 16182 11314 17832 12145 10001 11786 9335 4949 9868 4202 6646 11374 15975 8367 5930 8615 12431 5902 12973 9623 3118 13929 15376 4723 4407 10187 6341 5844 10518 5067 14638 13681 14250 16582 11762 16526 10450 15144 10734 1960 5682 8326 13529 15500 7425 8475 4497 3856 10575 5976 10707 6232 7064 9674 17099 2280 13738 4782 3492 13630 5238 14167 11160 6248 4537 12255 2828 8231 11893
18687 10379 16148 16699 19924 17005 8499 12885 17463 12607 5214 9524 6681 17344 6192 11711 11750 16707 6876 13793 1978 18184 17363 19815 2139 11335 19610 16485 8298 3954 15047 25786 12847 12101 14514 23376 13906 9371 14404 7158 11099 15394 24068 19930 19450 10574 24280 15152 11760 20447 12760 3845 23380 16065 7712 23466 21744 21418 2866 8842 14829 8901 3367 9563 4892 2563 4989 11526 2370 19196 11853 23860 19609 9831 5303 18117 12317 10439 11030 19309 13610 16841 21312 15008 21310 23019 16897 12166 8802 18593 12197 0 19821 4898 18084 24288 14133 231 18407 12438 19288 20433 12374 10442 16483 20192 17087 6409 8125 18723 8957 24283 18640 8654 25176 1696 17795 13555 17159 20864 13050 17279 11260 17395 9735 18539 20151 15572 18703 10139 17596 19638 24497 9080 21900 17396 12041 13557 3764 21998 18508 11872 11346 12450 23768 6941 22025 18650 7790 16031 14594 17190 16724 15959 15359 5802 11689 17237 18866 5575 4771 3587 16331 13849 15831 15681 21021 14788 9500 15428 14256 18995 4538 15358 11945 18074 11881 8241 8457 15508 23250 14314 14073 13467 15180 14457 14868 12271 17700 18971 20284 18594 10628 16331 5870 9982 5136 18386 16934 16054 17692 16932 14198 20170 4605 8178 11392 11664 16280 13225 1983 17090 19296 4172 4495 8951 17340 6009 12022 17490 10448 15745 14478 16229 5362 18357 23827 17632 8562 10863 20495 11988 10274 17524 13760 21858 5182 12132 21648 11439 19907 13634 13189 5467 23940 11899 4367 13435 18034 13426 16075 9636 13595 17548 8379 17102 17759 18105 15303 8148 18802 12547 13278 16839 12756 11574 21407 12697 21329 9695 16904 15163 12845 19410 6455 9252 1071 19982 10603 18078 18499 11709 7079 13842 19305 14950 7946 10830 9820 191 12924 5770 7790 18852 12387 7329 12471 17213 13545 9754 14302 7640 26026 19069 19006 17167 21876 5641 18622 18577 15115 21695 17774 15094 16009 4219 15482 16415 22162 7734 11532 17117 10810 8770 23873 7129 1640 14666 14091 10653 23279 12407 17066 2723 16389 18241 19099 18352 14297 13313 10274 16257 15997 14576 23156 3972 6500 11701 1874 13690 5161 15787 12888 11275 19023 15429 14909 10051 15836 17846 16948 8615 12032 17247 11589 12172 16067 23191 17508 19986 6764 10602 6569 16674 22214 22463 11843 15290 15699 9259 17571 9594 12492 15216 19089 12129 24601 13519 16347 12375 11019 18634 16660 18556 16548 12753 14340 760 15004 14801 16210
1176 9984 5166 18169 9683 11966 19177 12743 7213 7478 15376 15533 19265 11671 14057 9218 8090 3519 13298 6263 19950 18959 3943 16198 19205 9286 7292 15731 14111 15869 9673 13567 14704 19044 21630 9578 13887 10494 13415 14359 8780 13113 12204 13131 3667 19900 13079 14300 9497 9810 7203 17072 9611 15893 12449 9610 13377 10751 19033 15037 10136 14394 16589 10811 14991 17358 14855 18237 18930 6678 9112 9987 4139 13716 17501 17279 20950 13027 12230 9629 7137 20595 5792 9967 15003 13675 15114 10904 13363 1243 7859 19821 0 14993 2751 11537 9132 19988 1751 13899 15392 2420 8098 12037 16493 16508 15579 20020 12934 14812 18481 11523 12815 16467 13101 18910 23826 20214 9629 14404 17276 6677 8775 23066 10486 13827 11541 4434 14617 12716 12658 6928 12020 19140 12798 17587 18948 11498 16109 11614 19397 11925 8656 12525 12945 14833 9312 17336 16472 19185 5646 2648 10773 10538 12278 14129 8270 16785 4227 16954 19507 16345 13892 6087 4756 22917 15225 13059 14332 18973 6032 10230 15672 22238 10758 3878 9827 16335 11579 12720 13463 13863 11385 8232 20999 10456 10626 15487 15904 1172 6198 3005 16090 8646 14013 10992 15278 19342 3255 10109 14648 18396 17144 9587 16406 11673 9579 9651 7513 7009 18534 10415 16402 15649 15928 12229 14864 14470 11824 6169 20479 4407 8297 3655 14478 7477 13433 11767 17565 19927 3730 20979 9891 19159 8371 10610 14641 11893 13722 8879 4475 21406 8705 14606 12752 8622 15620 8172 21072 15570 17344 12667 17716 5892 12227 17932 7249 12850 4549 14218 3338 14100 21598 5648 17199 14006 14853 14445 8689 10877 8539 5359 6986 14777 17716 14091 20244 10605 9519 1747 3267 8694 17549 7581 14655 19466 18520 14336 19325 19857 6907 18104 19496 5720 10926 13931 7682 5262 14959 10352 5741 15864 13157 4453 1632 8794 14666 16048 2101 1358 8390 14490 23255 16142 5356 17245 6040 3444 7250 12731 9617 2807 11249 14836 13598 15134 18347 12043 6117 9892 12473 12076 17940 18516 20591 11329 6926 10684 11103 7732 14365 3657 6131 13329 12764 16137 13339 12270 20225 8099 19570 10140 7193 18320 15424 4936 5435 14804 5989 2015 10224 11595 18802 14370 18550 21133 12689 13672 9559 14303 16789 9767 13466 7464 9405 12630 11050 9187 7069 11613 9676 11475 13956 6686 840 13066 13314 6312 15110 8545 9119 13175 3406 14029 11479 9289 6268 19776 5102 9380 12748
13846 6088 11671 14099 15403 12913 7793 9023 12730 7711 1688 6706 6565 13189 2822 7559 6903 11821 2085 8903 5572 15591 12794 16356 4947 6485 14875 13249 4634 1227 10568 21357 9582 10539 13461 18700 10354 4503 10709 3386 6400 11593 19610 15886 14557 9724 19910 11651 7745 15922 7876 3735 18706 12911 3654 18788 17608 16954 4340 5762 10422 5478 1597 5386 39 2370 1139 9727 4088 14422 7039 19194 14724 6165 4205 15096 11514 6544 6907 14802 8730 14951 16465 10577 17475 18827 13473 7770 4817 13778 7591 4898 14993 0 13190 19743 9528 5088 13643 8924 15713 15538 7489 6178 13445 16757 13757 6916 3711 15079 7752 19737 14623 6374 20740 3941 16761 12171 12693 16963 10652 12501 6363 16197 5414 14714 15853 10694 15022 6087 13606 14877 19989 8207 17668 14542 10450 9390 1134 17605 15985 7729 6452 8515 19420 3493 17387 15578 5576 13836 9698 12383 12433 11636 11374 909 7040 14193 13983 3924 5607 2036 12664 8973 11232 14830 17252 10994 6093 13263 9358 14571 2429 14336 7491 13535 8035 5913 3562 11615 19010 10740 9895 9364 13750 10099 10551 9305 14390 14110 15471 13972 8012 11733 981 5277 2822 15867 12051 11660 14098 14364 11613 15630 2397 3546 6598 6922 11555 8327 4123 12737 15935 979 2851 5508 13822 3125 7861 13267 9911 11053 9773 11450 1214 13648 19537 13483 6918 9956 15601 11281 5857 15086 9745 17356 902 7998 17572 7020 15029 12701 9189 815 19555 7543 1881 8643 16071 10406 13320 5484 11282 13281 4639 14381 13031 14125 10454 4521 14221 9096 12508 12502 10367 8098 17536 9354 16663 5643 12300 10265 8007 15701 5289 5707 5517 15569 5706 13259 13602 7312 5673 9013 15581 13029 6989 7473 8867 4964 8086 5074 7472 14570 8017 3282 7573 12350 10324 5335 9415 5031 21531 14619 14127 12594 17932 3093 13909 13726 10452 17737 16554 12103 11125 3105 11103 11566 17367 3037 6765 12258 6342 5577 19601 3959 3643 10638 9195 6443 18908 8341 14351 3748 14582 13999 14343 14010 10063 8462 6918 11488 11152 10855 18830 2335 1673 7650 5767 8908 5865 11396 7993 9554 15479 10532 10012 6884 10977 13043 12569 3754 10382 13626 9913 11485 12149 18985 13029 16140 4852 6291 2620 11953 17576 18169 7454 10743 11561 5510 13107 4958 8996 10381 14284 8347 20235 8681 12967 7536 6122 14681 11783 14769 12381 8069 9446 4785 10321 10267 12299
1871 8988 5719 15427 7391 9279 16671 10027 4575 5480 13342 12976 16887 9008 12701 8619 6430 1432 11330 4294 18443 16241 4983 13611 17716 7038 5099 12999 11726 14182 6922 12057 11981 16357 18903 8162 11141 8730 10665 12112 7438 10367 10512 10664 1938 17285 11308 11550 9005 7611 5335 15704 8190 13152 11145 8216 11126 8663 17002 12547 7385 11924 14761 9745 13194 15554 13226 15566 16957 4414 6745 8637 2383 11184 15267 14581 18276 10467 9650 7233 4750 17845 4507 7216 12596 11597 12397 8278 10971 2311 6844 18084 2751 13190 0 10008 6414 18269 3058 11192 12792 2350 5869 9535 13756 13937 12864 17670 10708 12188 15943 9995 10233 13958 11526 17019 21076 17495 6965 11980 14551 4006 6828 20315 9357 11213 9178 2604 11996 10203 10000 4774 10460 16598 10615 14862 16263 8768 14324 9555 16682 9283 6738 9831 11085 12570 7544 14657 14033 16434 3496 2445 8076 7805 9532 12293 7094 14064 2015 14715 17289 14750 11166 4286 4917 20179 12776 10308 11807 16222 3851 7762 14216 19500 8163 5331 9462 13861 9655 9976 11446 11113 8641 8159 18257 7709 7875 12781 13208 1588 4358 4705 13457 5920 12214 8706 13910 16624 1269 7379 11968 15656 14398 7349 14334 10141 7232 7221 4773 4887 16988 7744 13776 13946 14524 11354 12167 13173 9173 7451 17878 4209 5583 3175 12852 4985 11525 9124 15053 17299 2757 18318 8774 16424 8448 8629 12969 9232 11434 7975 2813 18697 8618 12702 10953 7885 14077 5604 18330 12832 14597 10220 14981 7190 11145 15198 4654 10224 3099 11844 5153 11388 18901 6642 14481 11339 12465 11727 6817 9904 5851 2996 5411 12203 15367 11600 18616 8269 7515 2155 896 7871 15150 5018 12076 16719 16048 11709 16742 18141 5338 15809 17039 7475 8278 11708 5631 2539 12218 9153 3794 13457 11780 6343 1182 6131 12344 13859 3751 1621 5643 12157 20504 13391 2671 15150 6429 2215 5939 10647 7226 1591 8765 12360 11679 12822 16707 9292 4000 9010 10573 9392 15206 16522 17840 8744 4620 8124 8356 5274 11776 3271 3390 10578 10805 14624 11597 9629 18697 5493 17318 7401 5197 15660 12805 2669 3197 12221 3268 2415 7543 9579 16116 11673 15878 18467 9959 11623 6927 11794 14435 8798 12036 4746 7674 10557 8448 6436 7728 10694 7049 9185 11247 3989 2683 10381 11577 4781 12378 6165 7099 10584 1607 11411 8771 6706 3900 17955 4631 6632 10022
11452 17815 15725 13137 4365 7934 19261 11899 7266 13296 19075 15867 20372 7481 20471 17943 14653 11017 17660 12635 25305 12974 14935 8896 24690 13536 5338 10985 16144 20951 9241 2052 12954 16979 18211 1975 11633 16183 10959 17168 15988 9962 1000 5939 8162 18732 1904 10904 18400 3841 13483 23149 1939 11439 19202 1957 4456 2964 22240 16085 9477 15759 21023 18380 19765 21799 20276 16591 22432 6001 12889 1658 7674 14774 19811 11249 18778 14052 13347 4981 11785 15634 5747 9290 6481 3616 10143 12126 15543 11956 15935 24288 11537 19743 10008 0 10215 24511 12790 12799 8500 9122 12899 13862 11665 8938 10393 21213 16179 8418 18381 14 6906 17035 1566 22795 18840 17258 7138 6242 14759 7689 14314 18157 17944 7742 4649 11874 8262 14237 7764 5526 493 18890 3763 12068 16925 10907 20778 2722 13242 12528 14324 12187 2137 17454 2576 10927 17603 14625 11851 12452 7756 8439 9568 18881 15945 11392 8010 19319 21625 21711 9665 12923 14895 18994 6948 10445 15273 14798 11954 5370 21594 18396 12344 15165 18938 17222 16469 9652 3179 11292 10407 17913 17108 9870 9501 13897 10218 10920 5656 14396 15464 8011 18926 14470 21524 13260 11021 8277 9120 13212 13865 4121 19760 17868 13260 12870 8348 12642 23865 7314 9495 20696 21993 20109 9584 21018 12372 17391 19387 14143 10035 13119 19956 6316 2667 7251 17876 18588 7814 19004 17456 13624 18267 2458 19935 12287 4881 17039 7259 18488 18341 19006 1763 17143 21251 11307 15435 13123 12752 14683 14785 17122 19600 12621 6967 7420 12558 16297 14793 12823 18912 16632 14889 13528 6246 12907 3365 18659 7447 11164 14051 7820 19262 15370 25118 4443 14641 12019 9112 17039 18769 11114 7796 15612 19011 14263 18626 24408 14006 19945 19957 17199 11911 16964 13261 8622 12599 17656 12385 17355 1864 15958 10341 7150 5662 18851 13409 11265 9319 5626 18161 12366 9920 20355 16408 12058 4291 16709 13054 11565 13485 16044 2829 17398 23340 10085 12174 17983 2064 12087 12655 21967 15912 6469 5934 6131 10133 11738 14699 13228 9350 10769 2493 21816 18571 12759 25483 11026 21472 8542 13123 16824 8740 11258 11530 15084 9638 12335 7417 16120 16793 9261 16835 19059 9148 3466 6787 6898 18461 17683 19723 7959 2409 3044 12447 9012 17728 19445 6730 14790 12787 9924 12060 12658 1998 13657 10570 12512 14305 7164 11334 7890 8152 11692 11487 23888 14432 9498 9054
8082 8667 9626 9413 5884 4388 10629 3614 3468 4338 8928 6880 11186 4429 10445 9368 5570 5801 7445 4562 15092 10462 9757 8895 14474 3589 5562 7182 6285 10737 1285 11860 5573 9954 12499 9247 4832 6293 4459 7127 6879 4474 10105 7084 6675 10989 10464 5494 9861 6399 4751 12982 9250 7206 9359 9337 8520 7457 12290 6681 1480 6163 10829 8990 9549 11614 10088 9182 12413 5264 2916 9728 6585 5254 10057 9026 11884 4479 3644 5292 3030 11664 7678 1474 8990 9608 6791 2201 5588 8369 7425 14133 9132 9528 6414 10215 0 14351 8837 4779 8072 8239 3469 3887 7856 9293 7252 12019 6009 7375 9832 10209 6021 7977 11242 12705 14799 11084 3256 8382 8144 3478 4750 14044 8563 6597 6564 5476 7228 4428 5241 5654 10465 10468 8424 9066 9861 2378 10568 8159 10922 3047 4825 3435 9998 7480 7893 9256 8258 10234 4382 7549 3411 2655 3704 8669 7150 8328 5907 9522 12021 11502 5534 5002 8671 13795 8935 4216 5863 9958 4125 5139 11436 13117 2285 10423 10455 7987 6337 4165 9719 4878 2355 10152 11895 1556 1949 6368 7749 7961 6482 10193 7153 2207 8720 4258 11420 10843 6045 2459 6747 9668 8066 6104 9696 7957 3174 2721 2327 3968 13650 3520 8799 10482 11847 10660 6762 10999 2910 11830 11605 7910 836 7329 9780 4281 10175 4695 9029 10978 7628 11941 8221 10478 10631 7838 9741 2930 8594 8271 6713 12283 10434 8794 10099 8606 11067 1747 12289 6456 8531 4716 8594 11646 9965 9293 3739 5691 5953 6432 10636 4974 12490 10828 8069 4983 8972 5314 7199 9342 2778 4174 5587 7721 9803 5785 14928 6130 4797 7969 6210 8401 9445 2086 7582 10388 10111 5446 10517 14244 5592 10386 11119 12471 2088 6862 4157 4187 5856 8242 4759 7813 12008 11678 7594 3066 9188 8892 9472 7845 1054 8979 14260 7218 3778 10370 9827 6494 8226 6494 2933 6715 3350 6551 10260 7536 13131 3200 4245 8962 9469 3021 9291 11948 11603 4920 5114 4725 2138 2500 5623 7453 3043 4417 9438 11628 8401 3386 15273 1558 11952 2249 4348 9291 7961 4617 4333 6075 3147 8017 3304 5948 9714 6325 9493 12083 4398 9741 3565 7766 8901 8612 9695 2681 8082 8826 2483 1256 11122 10048 3660 4577 4833 2451 8866 3997 10789 5637 6592 2765 4567 6235 6051 6742 3741 1527 3549 13779 7645 853 4519
18858 10507 16281 16922 20146 17234 8700 13115 17677 12793 5436 9753 6878 17572 6306 11827 11924 16889 7079 13976 1823 18406 17503 20045 2057 11537 19823 16714 8528 4119 15270 26012 13078 12311 14709 23594 14137 9550 14635 7385 11256 15624 24293 20160 19644 10772 24507 15382 11868 20670 12942 3876 23597 16294 7840 23683 21973 21642 3075 9072 15053 9131 3571 9688 5082 2768 5145 11742 2586 19407 12059 24078 19806 10061 5527 18344 12509 10669 11257 19532 13808 17052 21517 15232 21541 23248 17128 12389 9029 18759 12345 231 19988 5088 18269 24511 14351 0 18566 12668 19518 20618 12571 10667 16710 20422 17317 6590 8344 18953 9167 24505 18870 8880 25402 1923 17985 13758 17383 21095 13272 17490 11447 17590 9867 18770 20378 15750 18934 10367 17826 19850 24720 9282 22128 17621 12252 13785 3955 22224 18728 12099 11532 12680 23995 7170 22244 18877 8018 16248 14780 17355 16950 16185 15589 5994 11841 17464 19064 5804 4960 3719 16562 14028 15974 15868 21251 15019 9730 15645 14444 19220 4641 15551 12167 18210 11979 8468 8649 15738 23478 14544 14301 13577 15383 14682 15094 12500 17929 19145 20492 18738 10854 16550 6057 10194 5228 18607 17115 16279 17923 17154 14422 20392 4834 8336 11599 11875 16494 13414 1992 17316 19526 4342 4578 9040 17571 6105 12249 17602 10638 15897 14693 16391 5519 18572 24055 17861 8781 11061 20689 12179 10412 17744 13864 22081 5348 12359 21878 11574 20106 13827 13293 5670 24166 12029 4495 13643 18245 13655 16300 9862 13816 17663 8487 17326 17973 18336 15476 8377 18942 12778 13467 16960 12978 11804 21637 12928 21546 9812 17124 15353 13017 19641 6675 9482 867 20207 10794 18245 18689 11841 7299 14047 19536 15163 8155 11061 10022 135 13096 5986 7985 18967 12611 7553 12659 17415 13774 9893 14484 7870 26250 19197 19185 17388 22107 5872 18774 18749 15332 21925 17969 15322 16206 4449 15607 16587 22371 7943 11741 17291 11031 9001 24101 7359 1738 14895 14278 10776 23506 12635 17290 2947 16599 18469 19311 18579 14524 13515 10504 16417 16201 14807 23383 4080 6678 11929 1695 13899 5349 16011 13074 11489 19254 15615 15097 10281 16038 18010 17173 8814 12244 17478 11802 12362 16297 23420 17731 20217 6991 10731 6702 16888 22433 22690 12067 15511 15808 9362 17795 9808 12723 15421 19253 12360 24828 13690 16577 12579 11210 18864 16838 18786 16776 12967 14534 944 15156 15022 16440
1337 8374 3423 18149 10443 12192 18357 12383 7580 6407 14159 14812 18297 11955 12519 7526 6790 3047 12061 5247 18438 19056 2261 16607 17687 8334 8122 15780 13196 14454 9586 14839 14352 18544 21255 10868 13668 9183 13263 13311 7311 13094 13378 13712 4653 19241 14213 14230 7785 10647 6061 15521 10900 15889 10907 10910 14177 11675 17787 14229 10022 13568 15240 9212 13638 15991 13421 17703 17648 7449 8274 11309 5147 12977 16414 17448 20408 12337 11583 10292 6401 20482 7077 9882 15651 14614 15232 10356 12464 833 6294 18407 1751 13643 3058 12790 8837 18566 0 13495 15781 3875 7172 11284 16515 16943 15703 19022 11888 15161 17710 12776 13240 15669 14339 17581 23636 19810 9925 15034 16911 6991 7617 22881 8910 14197 12236 3549 14972 11965 12947 7783 13261 18370 13655 17664 18445 11209 14741 12561 19505 11391 7484 12099 14027 13794 10428 17559 15590 19055 4815 1390 10980 10623 12263 12805 6750 16879 4991 15876 18395 14886 13979 4978 3018 22585 15826 12959 13576 18793 5191 10815 14160 21910 10159 2376 8097 15495 10340 12721 14445 13695 11174 6484 20712 10286 10530 15065 16086 1875 7235 1655 15490 8784 12670 10031 13736 19440 2819 10209 14878 18390 16901 10392 15206 10230 8707 8862 7607 6052 17042 10687 16742 14243 14395 10568 15045 12909 11307 4634 19793 2751 8012 2196 13046 8040 14486 12090 16765 19292 5034 20408 8319 19179 6620 11606 13229 11397 14489 7261 5546 20962 6957 13316 13869 6966 14143 7604 21049 15276 17291 11837 17395 4360 10618 17964 7684 13202 3413 13290 2096 13711 21115 3997 16806 13496 15522 14075 9741 9251 8792 4738 5689 15210 16730 13295 18779 11326 8376 929 3875 7058 16616 7029 15081 19220 17662 13741 18615 18433 5611 17066 18613 4456 10418 12869 6637 5490 14686 8800 4756 14952 14487 3288 2449 9099 15402 14936 696 1537 8260 15216 23095 16022 5142 16055 4291 2453 8556 11579 8790 2123 10488 14013 14645 14136 16896 11930 5218 8253 13528 11629 17968 17250 20435 11755 7665 11150 10922 7042 13704 2155 6039 13200 13783 14644 11974 11725 18720 7590 18485 10195 6136 17761 15780 4284 4697 14127 5822 821 10476 10414 18302 14556 18015 20572 12768 14632 9916 14830 15817 8153 11961 7651 10541 13570 10456 9131 5360 9967 10042 10506 13560 6416 920 12609 14468 5033 15163 7739 7999 13584 2786 14391 11648 8707 5570 18404 3478 9235 12846
12828 11042 13752 5666 8653 4911 6504 1185 7720 7928 7594 3131 7585 5339 10980 12197 8679 10503 7245 8669 13906 7051 14134 7467 13461 6164 9453 4341 4322 10090 4588 13931 935 5185 7761 12467 1472 7996 1995 5582 9640 3025 12339 7642 11358 6393 12344 2750 12653 9144 8397 12653 12458 4042 10536 12559 9512 9838 9940 3608 4128 3572 9638 11007 8958 10272 9891 4448 10255 9402 5794 12868 11207 2761 7364 6244 7125 2485 2586 8056 7216 7406 11940 4345 8882 10828 4560 3242 4134 13087 10625 12438 13899 8924 11192 12799 4779 12668 13495 0 6878 12973 6919 3363 4630 7861 4834 8423 5432 6291 5632 12798 6359 4274 13354 10780 10291 6323 6067 8460 3420 7951 7533 9555 10664 6123 8239 10005 6267 3050 5321 9669 12885 6192 9792 5820 5094 2493 9624 10200 7492 2266 7676 1398 11804 5629 11040 6696 4942 6007 8786 12156 5117 4598 3237 8341 10163 5350 10577 6956 8975 10909 3894 9081 12853 9095 8584 2445 2953 5596 8451 7498 11306 8423 3531 14851 13218 4522 7228 3230 11119 1878 2795 13464 7259 3705 3788 1589 5466 12730 10671 14738 2711 6041 8517 5240 11557 7385 10756 4920 5268 5944 3622 8945 7881 9219 5582 5173 6810 7891 12642 5612 7018 9868 11738 12353 4945 11490 2295 15947 7038 12173 5609 11778 9722 8243 11758 5592 5076 6339 12253 7203 10569 6755 13964 10366 9538 2169 9355 11101 11271 7507 13621 8112 12044 11582 10788 5915 8261 1965 4779 3669 3937 15802 11457 5789 7909 5803 10359 4453 15165 241 7711 14945 3312 865 8988 630 10542 11402 6496 8759 9208 6973 6595 3264 13423 8363 7081 12662 10974 11324 6049 6474 6867 5849 6212 1615 6062 12594 9247 7316 7169 16776 3121 5642 7677 8919 1569 10355 9024 4865 14322 16127 12373 6539 9484 6806 14098 12595 5648 9311 9814 3410 8542 8229 13758 11079 12126 6389 5360 11393 3876 3668 11773 5340 11950 2747 8498 11431 11379 1876 5769 9815 7236 6342 9182 6685 3124 6563 2164 11893 7820 2179 11169 11258 8602 2010 13996 5907 8777 4707 8081 4587 6625 9213 8834 2431 7924 12676 5580 6719 4946 4815 4754 7337 3784 11015 6401 7567 5903 11082 10329 7055 11213 10441 3254 5075 14919 11897 6398 5092 85 7213 13597 956 12647 9522 4045 6142 7142 6292 10723 6128 4649 4858 7972 11879 11752 4716 3911
14663 16596 17394 4714 6210 3744 12321 6705 8217 12409 14458 9804 13841 3871 17505 17411 13609 12882 13885 12541 20783 4487 17252 839 20336 11365 8433 3067 11179 16906 6842 8741 6454 9265 9898 9235 5408 13869 5003 12431 14875 4169 7659 2728 11865 11219 7203 4138 17902 6382 12821 19446 9206 3563 16782 9306 4086 6185 16703 10447 6593 10449 16508 16801 15746 17150 16613 9145 17055 8887 10747 9405 11472 9605 14109 2750 10825 9168 8885 5997 11054 7144 10917 6607 2416 5252 2435 8493 10897 15093 15494 19288 15392 15713 12792 8500 8072 19518 15781 6878 0 13518 11512 9680 3503 1223 2388 14613 12075 699 11477 8506 2581 10813 8308 17615 10344 9145 5862 2345 7184 8794 12685 9657 16396 1586 4472 13019 847 9644 2906 8800 8338 11823 4741 3606 9238 6671 16474 5903 4787 8130 12784 7232 6691 12503 8102 2444 11609 6224 12179 14750 4915 5498 4613 15056 15198 3023 11196 13749 15505 17727 3052 12975 16427 10556 1972 4746 9830 6485 12008 5291 18038 9986 8856 17810 18496 11161 13463 4247 5679 5006 6266 18218 8734 6620 6158 7146 1937 14318 9821 17363 8876 7093 15205 11240 18223 4793 13057 5829 1616 4755 6058 6438 14755 15380 10822 10317 8260 12021 19515 5121 1087 16676 18472 18371 1949 18042 8028 19542 11832 15623 8623 14850 16404 7933 6383 3702 11306 11011 12310 11108 16132 5124 18693 6709 16254 7872 3702 16303 11278 10299 18505 14898 7052 16662 17546 9819 6953 6044 4509 10263 6985 19328 17568 4169 8151 2583 13628 11315 17821 6750 10768 18569 7404 7740 2614 6591 8109 17177 7001 11760 13653 717 13182 10135 20286 5316 12549 14852 12132 16449 12580 10095 795 7334 12340 8466 11359 19448 13655 13923 13123 19960 8236 12447 12223 10292 5791 16072 12642 11659 9376 18974 13774 6683 3257 13673 16474 14413 8030 3172 9666 4639 10842 15069 17721 13837 10236 12954 10553 13781 9816 10530 6314 12216 18827 5337 12167 16923 6508 7487 4206 16628 7443 4064 8617 4717 6263 10567 9029 14980 9909 4860 6126 18041 15174 8131 20871 9616 15246 5948 12417 9417 297 12131 12026 9237 10188 15025 5345 12972 9130 2087 9313 11120 3809 5454 5868 1605 12622 16567 16801 8154 8191 5473 8740 7128 19058 17815 5743 11291 6817 9832 15471 7366 7418 13656 2998 10757 12421 2217 13207 1397 4377 9322 11402 18705 15497 7291 3665
2620 11216 7199 16695 7555 10317 18747 11790 5602 7827 15662 15016 19065 9968 15022 10714 8770 3757 13665 6643 20786 17347 6132 14295 20058 9329 5166 14210 13920 16532 8479 11149 13692 18157 20550 7160 12722 11080 12178 14374 9737 11720 9806 11105 1702 19225 10692 12942 11064 7617 7684 18031 7193 14430 13453 7191 11171 8482 19318 14659 8955 14057 17107 11997 15542 17901 15574 17408 19283 4637 8991 7567 2047 13266 17524 15607 20098 12524 11690 7590 7016 19203 3384 8759 12900 11377 13524 10271 13165 3077 9057 20433 2420 15538 2350 9122 8239 20618 3875 12973 13518 0 8177 11658 14991 14578 13976 19862 12984 12984 17988 9108 10941 16045 10687 19357 22499 19187 7975 12322 16234 5175 9175 21738 11622 11993 9438 4925 12785 12312 10926 4792 9607 18637 10557 16009 18067 10490 16672 9323 17768 11236 9086 11667 10578 14824 6947 15605 16179 17826 5841 4087 9179 9096 10900 14640 9353 15199 2465 16971 19547 17097 12359 6627 6585 21770 13159 11764 13891 17678 6189 8250 16552 21092 10204 6202 11474 15980 11998 11311 11142 12634 10279 10025 19814 9334 9403 14551 14235 2075 3927 5367 15387 7223 14563 10970 16235 17724 3556 8664 12943 16902 15950 7422 16644 12478 9482 9426 6221 7225 19334 8760 14564 16295 16854 13562 13211 15486 11112 8489 19837 6025 7445 5054 15200 5619 11076 10019 17130 19217 1349 20168 11033 17628 10245 8297 15318 11151 11538 10167 2265 20418 10497 15043 10371 10022 16421 7722 19572 14465 15917 12383 16611 8212 13407 16402 5553 11049 5349 14044 5731 13149 20660 7870 16196 13222 12735 13461 6362 12132 6982 5309 7734 12866 17567 13716 20966 8495 9855 3334 2082 10036 17319 7156 12753 18245 18159 13663 18731 20491 7659 18037 19159 8128 10235 13982 7973 4056 13838 11432 6142 15629 10738 6867 1664 7164 12497 16137 4406 2525 7325 12331 21898 14812 4747 17453 8023 4330 4832 12964 9453 3603 10911 14485 11244 15051 19057 10794 6345 11205 10119 11260 16414 18846 19250 9481 4905 8811 9969 7491 13786 5113 5232 12065 10427 16966 13947 11582 21042 7571 19562 8750 7545 17525 13581 5009 5534 14236 5212 3685 8598 11911 17918 12717 17718 20306 11191 11362 7836 12311 16635 11017 14366 6058 7029 10337 10476 7978 9190 12911 7939 11445 13020 5960 3030 12233 10919 7090 13593 8412 9438 11311 3869 12197 9907 8785 6191 20299 6592 8275 11227
6924 5233 6848 12310 8797 7855 11186 6007 5636 1012 7487 7691 11172 7893 7625 5903 2102 4629 5524 1935 12950 13515 7346 12327 12259 1189 7695 10312 6035 8578 4747 14726 7848 11630 14500 11579 7565 3326 7403 6275 3419 7695 12969 10512 7080 12141 13462 8527 6396 9272 1480 10455 11591 10244 6304 11662 11844 10412 11141 7064 4928 6400 9014 5631 7499 9817 7718 10753 11112 7149 1163 12087 7236 5858 9427 12236 13418 5279 4610 8274 1244 14299 9009 4942 12443 12846 10045 3695 5296 7011 3997 12374 8098 7489 5869 12899 3469 12571 7172 6919 11512 8177 0 4176 10903 12729 10488 11923 4857 10813 10550 12890 9484 8504 14114 11211 17200 13028 6506 11829 10270 5269 1419 16469 5195 10060 9819 3681 10673 4848 8707 7627 13222 11210 11668 12145 11529 5199 8619 11206 13975 4657 1446 5573 13043 6744 10385 12524 8422 12881 2455 5783 6861 6122 7011 6580 3687 11466 6494 8877 11444 9236 8827 2274 5974 15888 12399 7309 6440 12502 2070 8302 8903 15231 3388 8095 6990 8323 3931 7451 12906 7743 5434 6792 14131 4899 5355 8373 11032 7047 8086 8127 8486 5216 6540 2894 8740 13885 4887 5899 10127 12581 10531 8958 8468 4991 1544 1795 4570 1120 11480 6915 12191 8329 9270 7342 10092 8162 4625 9033 12671 5348 3130 5148 7361 6588 13291 8155 9598 12212 8128 13384 4802 13406 7283 10697 7417 4757 11958 4802 7541 14100 7037 6923 13087 5150 8650 1773 15081 8863 11405 4671 10832 8895 6741 12287 5938 9160 3773 6135 8517 7157 14194 8034 10112 6691 12417 7546 9613 5961 5688 2873 2311 11184 9619 6138 12997 9246 1829 6509 6167 4938 9468 1793 11045 12764 10491 6781 11482 12448 2342 10010 11447 9912 3861 5858 769 4882 8361 4883 2416 7792 14753 9368 6928 6058 12604 8000 7664 6746 3873 12395 16732 10023 3636 9281 6841 4749 10004 4788 1666 5300 3389 6845 13394 7036 11102 6386 1984 5510 12499 5094 12278 10671 14150 8321 7120 8040 5339 1168 6655 5244 3742 7421 12533 9217 6010 4945 13177 2033 11490 5705 1172 10777 11388 3224 2699 7053 3530 6406 6686 3768 11392 9684 11059 13558 7766 12961 6756 11232 8694 5164 6886 4950 10570 11984 3666 4603 8031 6703 6873 3377 6997 3029 7548 5966 13784 2610 9765 804 1441 9703 4695 10200 7209 2263 1989 12185 4861 4302 7898
10885 7697 10929 9027 9498 6735 7144 3008 7354 5107 5243 3529 7426 7018 7832 8900 5570 8518 4230 6099 11594 10411 11511 10380 11041 3148 9445 7558 2399 7402 4630 15346 4259 7503 10439 13057 4550 4635 4740 3307 6383 5513 13626 9708 10248 7971 13851 5804 9344 10022 5555 9865 13058 7324 7233 13149 11441 10976 8434 3013 4389 2398 7254 7644 6207 8000 6982 6613 8589 9149 3026 13525 10242 1693 6170 9510 9253 1131 815 8880 4912 10640 11526 4572 11320 12677 7603 1747 1708 11040 7455 10442 12037 6178 9535 13862 3887 10667 11284 3363 9680 11658 4176 0 7943 10790 7955 8240 2467 9019 6447 13857 8447 4432 14735 8934 13304 8964 6724 10797 6368 7323 4401 12599 7304 8578 9741 7741 8943 682 7435 9541 14059 7107 11529 9157 7400 3213 7088 11561 10853 1565 4553 2467 13345 3618 11671 9924 4522 9279 6474 9896 6308 5529 5215 5436 6953 8634 9521 5635 8143 8214 6639 6450 10097 11847 11117 4936 2298 8818 6094 8553 8404 11206 1603 12264 9899 4328 3899 5487 12877 4882 3720 10261 10184 4016 4436 4509 8577 10917 10353 12301 4333 5998 5564 1896 8554 10747 8783 5612 8084 9305 6869 9751 5899 5885 2644 2422 6197 5279 10207 6655 10035 7157 8836 9006 7867 8365 1689 13068 8511 9508 4456 9317 6749 8161 13428 7312 5529 8037 11260 9211 7226 10114 10759 11422 6621 1832 11397 7822 10429 9984 10382 5377 13506 8325 7938 3941 11562 5277 8142 834 6977 12954 8123 9148 7627 7953 7923 2545 12693 3595 10051 12086 6168 2818 11374 3961 11013 8039 6569 6679 6285 9601 5975 2065 11308 9541 3840 10559 9576 8061 5676 4520 9476 8937 6514 2693 7331 10569 6337 6524 7508 14029 1951 3116 4851 7753 4932 6997 6552 3998 15585 13534 10688 6794 11758 5030 11807 10681 4936 11562 12891 6770 6918 6524 10810 8834 12114 3281 2512 9305 796 2829 13483 3649 9607 4473 6069 8091 12849 2199 9129 8123 10416 7856 9001 7922 3902 4305 2491 9415 6492 4856 12740 8461 5494 1557 11741 4088 8088 5345 5324 6621 9469 7108 6630 2878 6462 10494 6508 3390 7268 7606 6914 9387 6004 12839 7075 9989 5056 7746 7139 6563 11858 12060 1432 4923 11876 8539 7135 1732 3447 5720 11574 2502 14173 6725 7158 3545 3979 8512 8657 8646 6211 2881 5775 10027 8980 4430 6155
15582 15510 17471 1709 8531 4731 8992 5055 9394 11897 12002 6989 10616 5144 15602 16563 12876 13477 11857 12365 18120 2618 17602 3665 17749 10403 10327 790 8811 14570 6936 12141 3869 5776 6546 12070 3435 12527 3500 10062 13979 3424 10911 5728 13289 7750 10566 2383 17037 8862 12356 17146 12047 659 15158 12150 7421 9018 13766 7798 6517 7976 13992 15544 13482 14551 14457 5723 14170 10591 9901 12326 12986 7315 11198 1656 7327 7115 7136 8116 10826 4282 12960 6642 5919 8669 1592 7324 8728 15944 14836 16483 16493 13445 13756 11665 7856 16710 16515 4630 3503 14991 10903 7943 0 3960 1273 11347 10053 3318 8182 11669 4869 7840 11670 14788 7622 5673 7030 5788 3776 9864 11794 6875 15182 3928 7187 13305 3444 7679 4326 10655 11571 8464 7992 1245 5754 5708 14049 8960 3079 6592 11922 5579 10035 10024 10776 2171 8694 3037 12237 15304 5815 5955 4252 12920 14433 757 12538 10909 12384 15380 2633 12803 16521 7385 5473 3646 7355 3137 11975 7379 15857 6761 7682 18253 17617 8243 11836 3794 9076 3183 5541 17671 5457 6312 6005 4232 1567 15343 11735 17967 5860 7850 13107 9766 16141 2994 13697 6386 2553 1912 2600 8811 12112 13825 9815 9341 8983 11686 16953 6257 3019 14362 16286 16948 2103 16107 6550 19678 8352 15765 8617 15168 14308 9459 9781 5184 8149 7532 13953 7606 15035 2668 18166 9578 14109 6391 7085 15450 12897 6862 17881 12645 10373 15891 15324 9477 4586 3081 1090 8300 3505 19499 16064 1449 9441 4455 13807 8925 18418 4422 7313 18675 4025 5384 6112 4117 10582 15937 8017 11997 13202 4021 10151 7739 17519 7808 11459 15607 13273 15647 9529 9918 3999 3947 9105 5972 7949 16654 13224 10888 9811 20321 7111 10184 11669 11231 3128 14866 12603 8883 12732 19495 14868 7828 6749 11011 17181 15333 8265 6649 6984 1388 11374 12292 17627 14282 12603 11017 9561 14405 8340 7939 9730 9647 16224 4656 12082 15883 9780 5996 1453 13771 4429 5921 10322 6570 5720 10225 6528 15293 10479 3489 9434 15768 13223 6448 18172 9357 12093 6356 11986 6002 3208 12428 12180 6604 10694 15708 6402 11327 5653 2507 5866 7621 3811 8872 7209 4930 9721 15528 14958 9035 10901 8734 7468 7384 18885 16470 7122 9672 4549 10138 16395 5440 10805 13378 1398 10099 11446 4554 13764 3776 5085 8649 11404 15846 15479 7311 3766
15806 17798 18605 4784 7151 4964 12946 7793 9367 13630 15455 10673 14541 5077 18621 18626 14825 14067 14970 13764 21736 4170 18446 412 21311 12565 9449 3742 12182 17939 8065 8902 7348 9694 9957 9887 6407 15046 6068 13441 16086 5303 8030 3557 12944 11686 7451 5113 19117 7262 14043 20492 9856 4204 17935 9951 4489 6909 17552 11372 7814 11422 17495 17991 16791 18116 17683 9682 17926 9941 11952 10003 12537 10614 14963 2714 11111 10221 9986 7004 12277 6968 11862 7830 2484 5466 3308 9662 11941 16244 16714 20192 16508 16757 13937 8938 9293 20422 16943 7861 1223 14578 12729 10790 3960 0 3110 15287 13154 1918 12127 8946 3705 11630 8535 18508 10001 9370 7042 2716 7736 9952 13892 9359 17589 2782 5325 14226 2070 10717 4122 9820 8715 12422 5209 3659 9680 7842 17484 6493 4369 9254 13993 8328 6979 13486 8857 2226 12452 6265 13397 15933 6127 6720 5800 16125 16414 3312 12296 14628 16267 18759 4153 14197 17638 10459 2002 5859 10798 6624 13229 6328 19106 9937 10027 18996 19711 12001 14607 5416 5914 6018 7453 19440 8750 7834 7375 7954 2516 15449 10814 18535 9663 8294 16282 12394 19310 4405 14237 7047 2712 4752 6557 7355 15701 16538 12017 11512 9455 13244 20496 6315 941 17713 19540 19549 2937 19154 9158 20748 12274 16833 9846 16051 17485 9033 6593 4895 12040 11458 13343 11417 17332 4928 19916 7397 17325 9000 4058 17517 12324 10452 19727 15943 7358 17879 18604 11040 6577 6815 4810 11341 7446 20532 18736 4210 9286 3775 14839 12314 18993 7713 10944 19777 7981 8714 2719 7516 8950 18369 8181 12971 14875 1735 13983 11125 21205 6225 13744 16014 13257 17665 13370 11318 1862 7479 13031 9416 11907 20356 14878 14724 13762 21149 9408 13480 13443 11454 6648 17265 13862 12552 9594 20152 14897 7854 3352 14611 17637 15557 9250 3342 9321 5261 12039 15974 18938 15031 11083 14051 11749 14960 10962 11472 6496 13174 19795 6512 13388 18128 6888 8609 4252 17509 7331 5194 9673 5825 7462 11789 9983 16181 11107 5939 6475 19090 16276 9235 21813 10838 15991 7169 13639 9961 1352 13339 13241 10157 11389 16195 6543 14112 9585 3190 9818 11408 5003 5656 7028 2325 13474 17772 17925 9337 8926 5899 9901 8350 20277 18999 6901 12427 7795 11046 16611 8420 7623 14879 3848 11972 13623 3359 14394 2603 5599 10532 12622 19588 16714 8514 4861
14713 15312 16865 2877 7314 3660 9938 4957 8407 11457 12404 7565 11480 4033 15751 16278 12525 12688 12045 11811 18649 3382 16910 2748 18237 10117 9193 680 9147 14921 6205 10896 4255 6908 7818 10809 3431 12415 3244 10408 13699 2797 9645 4458 12277 8845 9314 2151 16761 7627 11903 17486 10786 1178 15181 10889 6173 7752 14443 8281 5829 8361 14433 15415 13792 15037 14719 6760 14816 9498 9563 11060 11951 7594 11853 1776 8537 7268 7140 6924 10274 5470 11814 5921 4770 7437 471 7073 8960 15096 14471 17087 15579 13757 12864 10393 7252 17317 15703 4834 2388 13976 10488 7955 1273 3110 0 12243 10225 2089 9099 10397 3611 8522 10417 15401 8804 6916 6003 4583 4800 8910 11494 8067 15034 2655 5923 12608 2198 7796 3147 9532 10302 9437 6730 2036 6877 5324 14443 7688 3818 6487 11612 5500 8781 10427 9527 2040 9342 4288 11604 14538 4816 5080 3549 13165 14106 1225 11541 11520 13176 15739 1737 12251 15905 8649 4348 3202 7735 4409 11369 6183 16136 8030 7440 17535 17349 8891 11841 3087 7837 3076 5054 17280 6728 5697 5325 4845 632 14444 10607 17199 6560 6946 13335 9684 16374 3764 12896 5497 1281 3028 3694 7589 12615 13811 9539 9047 8109 11180 17426 5217 2212 14701 16569 16893 846 16272 6416 19062 9465 15129 7958 14473 14541 8392 8541 4035 8959 8643 12894 8803 14839 3678 17770 8312 14364 6255 5849 15161 11837 8120 17519 12946 9115 15574 15621 8946 5634 3712 2362 8425 4628 18870 16040 2473 8427 3222 13147 9273 17654 4666 8563 18064 5017 5668 4949 4440 9356 15803 7048 11304 12751 2817 10879 8080 18104 6565 11235 14784 12331 15341 10268 9337 2779 5219 9975 6346 8972 17252 12766 11621 10743 19635 6836 10476 11241 10326 3543 14713 12005 9447 11477 18757 13948 6824 5570 11520 16380 14462 7521 5457 8153 2252 10585 12871 17078 13543 11399 11156 9276 13613 8240 8389 8494 10097 16717 4105 11495 15669 8517 5853 2493 14400 5656 4733 9226 5397 5169 9705 6913 14601 9669 3164 8176 16092 13382 6407 18720 8796 12907 5509 11517 7031 2092 11720 11515 7066 9905 14906 5384 11335 6765 1297 6933 8829 2940 7640 6147 3702 10365 15312 15077 8119 9649 7471 7264 6614 18368 16381 6050 9653 4762 9403 15528 5493 9559 12867 799 9693 11175 3289 12988 2504 4101 8226 10781 16480 14894 6614 2857
18846 12709 17801 11124 17001 13329 2409 9336 15456 12616 5487 5361 847 13761 9682 14206 12410 16531 7394 13799 8376 12527 18721 14961 8369 10736 17451 11575 5946 7188 12449 22340 8406 6090 8171 20778 9699 10240 10341 5719 12463 11376 20761 15947 18485 4303 20746 10712 14466 17506 12966 9087 20771 11094 10524 20870 17830 18250 3663 5343 12073 5866 5998 12122 6948 5922 7931 5748 4216 17245 10936 21202 18482 6768 2808 12857 5959 7545 8375 16390 12934 10767 19696 12291 16903 19155 12188 9820 6701 18925 13734 6409 20020 6916 17670 21213 12019 6590 19022 8423 14613 19862 11923 8240 11347 15287 12243 0 7137 14178 3166 21212 14693 4189 21769 4959 11412 7355 14301 16583 7598 15497 11435 11046 12056 14278 16660 15600 14215 7623 13681 17598 21307 2991 18167 12011 6053 10454 6473 18623 12782 9046 11578 9113 20203 5234 19352 13413 3762 10177 14375 17648 13483 12872 11659 7286 13150 12054 17761 3268 1667 7638 12010 14045 17171 9287 16527 10834 6170 9586 13989 15879 8680 8996 9790 19491 14825 4066 8961 11630 19472 10082 10914 15975 8943 11636 11895 7551 12788 18954 18486 19742 5846 13932 7527 9028 9289 12662 16793 13121 13150 11317 8800 17286 4537 10058 10457 10450 14344 13021 7828 13955 14348 7170 8950 12423 12721 9875 9198 19660 4079 16786 12668 16887 8111 16175 20130 14013 3373 4597 19500 5617 12384 11775 16402 18771 7796 9230 17628 13466 18664 7279 15872 6653 20454 14022 8158 12146 11961 8585 10681 7484 8008 19627 11540 11612 15706 14135 15613 5826 20070 8418 6895 18793 7332 7689 17049 8389 18791 12428 14471 14717 13443 14917 2306 6237 7451 16772 10677 18417 17782 13763 2574 12706 14840 8971 2278 6967 3671 6599 13516 2006 1583 20867 9937 6170 12390 15993 8936 11899 14310 4243 22743 20689 18790 14612 17614 4269 19444 18666 13069 17464 11426 10027 15115 3828 17392 16650 20155 7571 10446 17222 8959 5468 20135 4890 7078 11131 13906 13102 19791 9316 11570 4095 10286 14764 17070 15087 11220 12396 6581 16960 14731 10533 19568 8222 8208 8739 8282 12314 1279 12875 12890 5468 14322 15111 14598 6165 14692 18290 13891 8745 6085 12778 5708 5793 12170 19348 14652 15666 3236 12884 9535 14685 19531 18836 9554 12852 18078 12392 14671 8546 8440 13954 19461 8597 21044 14053 11627 11513 11036 14575 16615 14234 13063 11117 13799 5650 16119 12385 12287
11758 6407 10800 10926 11818 9202 6780 5370 9376 5487 2921 4049 6432 9480 5549 7811 5325 9486 1820 6682 9167 12379 11638 12747 8595 3674 11516 9766 1711 4936 6947 17729 6205 8321 11356 15255 6795 3428 7085 1426 5613 7926 15994 12175 11759 8186 16257 8085 8186 12341 5829 7406 15258 9474 5243 15345 13902 13338 6421 3105 6764 2520 4848 6112 3740 5620 4540 7423 6476 11136 4005 15737 11840 2792 4571 11676 9773 2958 3211 11208 5969 12181 13366 6930 13777 15129 9907 4095 1376 11812 6858 8125 12934 3711 10708 16179 6009 8344 11888 5432 12075 12984 4857 2467 10053 13154 10225 7137 0 11427 6325 16174 10914 4358 17115 6715 14482 9926 9070 13259 7790 9236 4304 13831 5868 11025 12172 8501 11360 2437 9899 11564 16401 6949 13975 11218 8221 5680 4643 13957 12801 4023 4449 4846 15759 1907 13900 12127 3958 10920 7306 10517 8743 7952 7672 2985 6283 10780 11096 4022 6588 5746 9024 6913 10107 12780 13564 7334 2986 10394 6924 10932 5965 12194 3843 12408 8674 4022 2231 7927 15320 7162 6185 9425 11355 6421 6863 6144 10856 11900 12272 12622 5281 8206 3131 2020 6158 12688 9743 8000 10467 11201 8556 12059 3757 4070 3514 3665 8192 5926 7761 9066 12364 4690 6399 7177 10218 6058 4152 12780 8593 9677 6389 9750 4331 10251 15859 9775 5337 8335 12803 9639 5978 11975 9900 13762 4180 4292 13863 6861 12089 10744 9435 2912 15907 7414 5485 5468 13212 7137 10084 1813 8433 12716 6239 11131 9667 10418 8483 1718 12961 5633 10692 11859 7536 4678 13834 5941 13207 6497 8779 7715 6323 12030 4859 2544 8938 11926 3549 11301 10934 7142 4816 5952 11907 10337 6002 4193 7399 8238 6394 5181 6871 13907 4333 1001 5266 9363 6937 5609 7199 3265 17937 13631 11783 9045 14224 3153 12308 11589 7001 14029 14158 8775 8297 4511 10485 9533 14114 987 3583 10128 2696 2855 15919 2274 7185 6933 6822 6823 15254 4642 11106 6017 11883 10302 11023 10338 6358 5518 3709 9824 8103 7219 15161 6000 3170 3961 9327 5698 6637 7734 5764 7337 11852 8080 7555 3852 7992 11163 8906 1823 8114 9991 7682 9836 8454 15289 9414 12444 3965 6519 4911 8582 14089 14490 3774 7171 11340 6826 9484 1559 5511 7307 12347 4741 16581 6921 9427 4579 3899 10975 9542 11086 8673 4664 6808 7777 9030 6683 8605
14059 15897 16725 4719 5798 3065 11920 6060 7616 11712 13849 9272 13394 3220 16838 16712 12910 12242 13233 11854 20192 4713 16601 1523 19734 10668 7946 2755 10570 16278 6150 8823 5923 8990 9833 9008 4820 13178 4378 11818 14176 3505 7626 2504 11317 10912 7251 3579 17203 6017 12126 18810 8982 3252 16099 9083 4106 5938 16169 9882 5896 9858 15903 16105 15112 16555 15967 8808 16510 8369 10049 9212 10936 8995 13577 2914 10625 8537 8229 5532 10362 7239 10476 5913 2730 5353 2010 7805 10267 14483 14796 18723 14812 15079 12188 8418 7375 18953 15161 6291 699 12984 10813 9019 3318 1918 2089 14178 11427 0 11065 8423 2059 10308 8356 17057 10505 8990 5236 2496 6854 8184 11986 9798 15700 991 4157 12356 200 9001 2239 8309 8294 11439 4698 3663 8956 5984 15857 5753 5058 7464 12084 6581 6722 11903 7812 2730 11087 6210 11501 14111 4250 4812 3922 14410 14499 2975 10634 13203 15019 17099 2419 12288 15757 10576 2351 4092 9243 6410 11325 4807 17392 9982 8168 17167 17797 10642 12785 3565 5758 4414 5574 17523 8704 5921 5459 6663 1804 13726 9348 16733 8394 6440 14556 10558 17568 5048 12421 5151 1040 4799 5775 6043 14172 14696 10126 9620 7612 11328 18910 4480 1590 16045 17826 17679 1458 17376 7358 18879 11538 14955 7934 14193 15753 7377 6464 3071 10846 10716 11799 10892 15434 5267 17999 6481 15607 7204 3767 15604 10759 10178 17809 14264 7066 15964 16904 9122 7162 5593 4381 9617 6712 18666 16879 4208 7563 1964 12959 10709 17191 6176 10631 17902 7056 7156 2891 6040 7757 16481 6371 11091 12958 744 12680 9536 19713 4940 11853 14232 11547 15750 12085 9403 690 7243 11901 7893 11005 18881 12961 13420 12712 19313 7548 11821 11525 9676 5289 15376 11960 11110 9420 18339 13188 6064 3496 13096 15852 13809 7348 3375 9833 4306 10191 14508 17043 13187 9868 12296 9857 13146 9138 9955 6413 11630 18230 4649 11482 16224 6486 6822 4241 16078 7499 3504 8097 4173 5566 9872 8452 14323 9257 4226 6129 17404 14512 7475 20285 8921 14771 5263 11721 9075 620 11467 11353 8678 9532 14398 4700 12295 8842 1476 8994 10917 3115 5556 5263 1614 12092 15868 16131 7520 7914 5440 8057 6443 18377 17121 5142 10617 6234 9162 14870 6737 7487 12966 2561 10058 11723 1685 12565 787 3691 8623 10720 18151 14820 6598 2970
17331 12635 17040 7994 14283 10449 881 6687 13131 11404 6070 2973 2476 10900 10541 14083 11540 14964 7339 12485 10828 9423 17775 11805 10654 9423 14999 8427 4687 8467 10018 19396 5438 3145 5786 18099 6757 9747 7425 5170 11936 8440 17868 12933 16487 1979 17793 7666 14429 14771 11819 10814 18089 7942 10941 18191 14812 15430 6092 3487 9595 4156 7454 12220 7791 7702 8888 2634 6593 14881 9436 18497 16415 4766 3899 9693 3763 5477 6301 13688 11359 7885 17396 9817 13794 16137 9064 7719 5342 17485 13174 8957 18481 7752 15943 18381 9832 9167 17710 5632 11477 17988 10550 6447 8182 12127 9099 3166 6325 11065 0 18380 11705 2050 18839 7312 9116 4648 11681 13498 4433 13264 10430 8618 12044 11219 13767 14177 11111 5767 10719 15188 18440 660 15189 8854 3085 7925 7769 15735 9701 6786 10584 6585 17248 4755 16672 10249 2399 7139 12912 16321 10748 10217 8822 7751 12603 8888 15727 3937 4371 9127 8969 12804 16288 7111 13407 7936 4150 6538 12530 13121 9994 6661 7791 18541 14881 2309 8509 8732 16472 7117 8329 15737 6279 9154 9334 4523 9634 17356 16146 18653 2926 11510 8003 7788 10508 9580 15228 10518 10046 8196 5635 14576 5530 10095 9008 8857 12099 11669 9975 11243 11187 8356 10353 12940 9607 10877 6922 19072 2281 15779 10576 15691 8939 13754 17142 11133 988 2203 17457 3532 12233 8698 16207 15967 8641 6909 14588 13171 16542 4979 15728 7187 17516 13727 9425 10340 9079 5485 7521 5879 4862 18996 11997 8467 13353 11149 14323 4638 19027 5577 4759 18133 4166 5032 13947 5473 16168 12580 12011 13125 12446 11807 2642 4415 10028 13964 9717 17001 15916 13456 2115 10929 11735 6005 1016 4421 1127 9144 12510 3221 1647 20158 7770 5599 11155 13981 5890 11818 12959 3093 19838 19792 17107 12098 14526 4660 18214 17126 10844 14382 8989 6871 13293 5236 16777 15267 17695 7098 8921 15751 7239 3714 17137 4238 9197 8378 12493 13049 16858 6891 8426 6298 7433 11912 14679 12297 8653 10750 4212 15782 12761 7616 16612 9666 8528 6446 10798 10452 4031 10290 11650 2363 11185 13555 13076 3759 12779 16928 11210 8142 3080 9692 2650 3737 9250 16333 12021 12581 2902 12769 10176 12401 16845 15878 7514 10467 17663 12745 12022 7347 5631 12031 18020 6023 18083 12975 8506 9978 9999 11560 15104 11163 10254 9237 12222 8234 15185 10037 9355
11439 17805 15712 13141 4360 7933 19260 11897 7258 13286 19070 15864 20370 7480 20464 17933 14644 11005 17653 12625 25299 12979 14922 8902 24683 13528 5327 10988 16140 20945 9236 2065 12953 16980 18214 1961 11632 16175 10958 17163 15979 9962 1011 5943 8149 18733 1917 10905 18389 3836 13473 23142 1925 11442 19194 1943 4462 2961 22236 16082 9473 15756 21018 18371 19758 21794 20269 16592 22427 5990 12881 1644 7661 14770 19807 11254 18780 14048 13343 4976 11776 15640 5734 9285 6489 3625 10146 12121 15539 11943 15924 24283 11523 19737 9995 14 10209 24505 12776 12798 8506 9108 12890 13857 11669 8946 10397 21212 16174 8423 18380 0 6908 17033 1580 22790 18846 17261 7133 6249 14760 7680 14306 18163 17935 7745 4650 11862 8266 14232 7764 5515 507 18890 3769 12073 16927 10903 20772 2725 13249 12524 14315 12184 2148 17449 2565 10933 17600 14630 11841 12439 7753 8435 9567 18874 15935 11396 7998 19315 21622 21704 9666 12913 14883 18998 6955 10444 15270 14801 11943 5366 21587 18400 12339 15152 18927 17220 16462 9651 3189 11292 10403 17902 17112 9866 9497 13897 10222 10907 5643 14383 15462 8004 18919 14464 21517 13266 11009 8273 9123 13216 13867 4115 19755 17860 13253 12863 8340 12633 23859 7310 9501 20689 21986 20099 9587 21010 12368 17378 19387 14131 10028 13106 19949 6307 2678 7250 17874 18589 7801 19005 17447 13630 18255 2455 19928 12283 4888 17029 7246 18491 18329 19000 1775 17132 21244 11299 15441 13123 12756 14679 14787 17109 19591 12626 6958 7422 12547 16293 14780 12821 18914 16620 14890 13526 6254 12906 3355 18650 7440 11154 14040 7825 19260 15367 25112 4441 14633 12006 9099 17029 18766 11106 7801 15615 19009 14261 18626 24403 13996 19942 19956 17186 11906 16959 13252 8611 12599 17647 12374 17352 1874 15945 10327 7143 5670 18847 13396 11252 9312 5634 18167 12368 9910 20350 16396 12046 4277 16703 13047 11552 13479 16041 2841 17394 23334 10083 12164 17973 2072 12084 12659 21962 15917 6468 5924 6128 10129 11729 14696 13215 9340 10768 2501 21809 18564 12756 25477 11018 21470 8538 13113 16824 8746 11247 11519 15082 9628 12322 7413 16113 16794 9263 16836 19061 9147 3476 6782 6903 18458 17673 19715 7950 2398 3051 12442 9007 17716 19436 6726 14784 12786 9915 12046 12656 2011 13647 10572 12504 14296 7167 11322 7893 8150 11685 11478 23883 14420 9492 9053
12102 14686 14991 6474 3776 1733 12584 5755 5662 10305 13569 9486 13872 1592 16091 15366 11581 10384 12657 10289 19961 6691 14778 3383 19444 9531 5886 4136 10349 15846 4737 7701 6290 10085 11373 7201 4997 12170 4375 11540 12899 3337 6254 1292 9284 11881 6095 4067 15860 4043 10685 18306 7178 4565 15189 7282 3154 4155 16257 9919 4611 9756 15620 14982 14653 16327 15410 9738 16541 6317 8876 7463 8894 8811 13701 4886 11872 8217 7727 3478 8862 9058 8425 4560 2982 4472 3292 6968 9915 12539 13390 18640 12815 14623 10233 6906 6021 18870 13240 6359 2581 10941 9484 8447 4869 3705 3611 14693 10914 2059 11705 6908 0 10613 7159 17022 12376 10365 3370 2397 7869 6249 10763 11648 14561 1081 2324 10599 1859 8584 1046 6249 6876 12165 3484 5518 10034 5239 15503 4184 7063 6896 10843 6197 5549 11707 5919 4767 11300 7898 9846 12246 2631 3367 3284 13876 13149 4749 8615 13270 15331 16659 2785 10711 14026 12253 2916 3916 9181 7995 9712 2749 16825 11627 7303 15312 16453 10879 11960 3150 4779 4612 4744 16028 10318 4772 4283 7183 3605 11748 7289 14838 8850 4674 13992 9727 16928 7043 10548 3596 2341 6602 6959 4035 14037 13774 9039 8541 5806 9848 18611 2695 3625 15602 17255 16624 2768 16640 6762 17109 12531 13216 6433 12401 15159 5351 5440 1331 11321 11723 9745 12099 14236 7168 16490 4718 15050 6627 3012 14278 8707 11605 16345 13819 5833 14592 16376 7727 9104 6296 5956 9158 7879 16886 15883 6024 5582 559 11231 10497 15295 6318 12018 16149 8013 7187 2988 6309 5783 15343 4505 9374 11492 1970 12952 9395 19581 2970 10743 12312 9559 14397 12398 7914 1844 8780 12433 7952 11836 18785 11485 13675 13328 17470 6708 11463 10145 7752 5824 14238 10334 11195 8183 16457 11199 4164 3315 13009 13935 11853 5766 3117 11714 5461 8385 14482 15368 11365 7867 11691 8775 11270 8389 9941 5441 11517 17976 3999 9887 14983 5186 6298 6050 16091 9263 1490 6045 2136 4619 8444 8468 12531 7459 4186 4915 16904 13848 7001 20085 7493 15125 3779 10276 9981 2642 9721 9663 8781 7750 12496 2931 11499 9904 2383 9969 12153 2589 4661 3330 1754 12254 14632 15358 5660 6040 4181 7262 4915 16720 16030 3202 9874 6325 7468 12908 6517 6380 11422 3677 8783 10554 374 10715 1285 2338 7432 9107 18128 13141 5182 2453
15311 10741 15002 8087 12812 9182 2713 5147 11360 9354 4710 1172 3344 9604 9041 12164 9505 12948 5575 10439 10352 9584 15726 11269 10043 7374 13310 7892 2675 7285 8303 18204 4396 4190 7180 16591 5628 7784 6239 3357 9946 7277 16602 11887 14579 3829 16617 6749 12529 13317 9769 9792 16584 7452 9238 16683 13765 14072 5931 1440 7912 2107 6455 10382 6413 6891 7505 3356 6330 13137 7397 17013 14532 2779 3358 9466 5441 3527 4367 12201 9335 8616 15621 8131 12994 15085 8384 5811 3300 15456 11171 8654 16467 6374 13958 17035 7977 8880 15669 4274 10813 16045 8504 4432 7840 11630 8522 4189 4358 10308 2050 17033 10613 0 17625 6957 10432 5828 10116 12622 4464 11445 8387 9843 10175 10290 12507 12141 10319 3757 9583 13472 17137 2707 14062 8744 4097 6275 6647 14464 9933 4945 8542 4930 16078 3021 15164 10002 880 7588 10878 14280 9296 8683 7501 6188 10606 8591 13831 3103 4730 8032 8017 10756 14244 8584 12653 6712 2155 6996 10495 11693 8754 8044 5845 16492 13002 465 6577 7502 15384 6026 6728 13781 7383 7472 7715 3677 9117 15349 14391 16604 1980 9794 6431 5740 9194 9812 13212 8937 9268 8331 5569 13097 4485 8274 6963 6826 10282 9624 9282 9766 10714 7128 9150 11238 8873 9438 5091 17049 4262 13730 8683 13642 7488 12042 16028 9862 1099 3978 15568 5289 10323 8974 14258 14589 7214 5105 13590 11219 14682 6489 13793 5695 16317 11771 8185 8356 9762 4817 7428 3833 5056 16968 10287 8466 11599 10055 12277 2644 16977 4296 6386 16104 4169 3508 13121 4323 14609 10754 10321 11108 10400 11030 2372 2378 9700 12592 7681 14969 13966 11499 1789 8940 10939 6686 2134 2778 3060 8828 10464 3112 3142 18122 5891 3742 9105 12072 5024 9932 10916 1347 18587 17745 15116 10447 13654 3426 16168 15110 9012 13491 10196 6454 11324 4507 14755 13229 16015 5200 6882 13723 5217 1664 16041 2496 8525 6950 10453 11157 15651 5156 8430 5935 8229 10600 12950 10905 7037 8735 2409 13733 10833 6428 15443 8517 6862 4621 10381 8482 4513 8693 9600 3194 10534 11535 11050 1980 10833 14891 9702 6181 4020 8858 3554 5488 8053 15274 10466 11713 1892 10863 8589 10606 15343 14715 5580 8724 15666 10985 10483 5302 4299 10086 15992 4408 16921 10926 7822 7945 7955 10524 13080 10268 8890 7266 10201 8008 13139 8269 8177
13002 19127 17236 13020 5369 8443 19720 12548 8525 14574 19976 16469 20936 8024 21618 19319 15940 12493 18667 13979 26277 12679 16471 8564 25682 14674 6724 11051 16946 21959 10175 618 13404 17202 18183 3539 12089 17355 11434 18024 17288 10406 1146 6015 9701 19032 1106 11225 19783 4866 14788 24224 3504 11530 20401 3518 4250 3787 23019 16771 10356 16496 21962 19662 20763 22724 21330 16890 23241 7409 14014 3192 9211 15514 20537 11038 18929 14821 14163 5951 13045 15427 7310 10185 6055 3076 10230 13026 16384 13506 17298 25176 13101 20740 11526 1566 11242 25402 14339 13354 8308 10687 14114 14735 11670 8535 10417 21769 17115 8356 18839 1580 7159 17625 0 23642 18534 17333 8049 5967 14998 8993 15533 17882 19224 7832 5121 13311 8226 15057 8121 6948 1081 19314 3708 11914 17156 11664 21746 3190 12902 13328 15552 12886 1637 18279 4010 10656 18246 14528 13219 13971 8479 9223 10125 19897 17280 11303 9519 20063 22287 22734 9940 14287 16393 18863 6541 10936 15977 14761 13298 6185 22675 18294 13273 16714 20330 17847 17561 10139 2635 11723 11152 19355 17036 10720 10311 14320 10152 12473 7168 15951 15953 9068 19957 15494 22638 12934 12508 9125 9183 13063 14023 5174 20607 19044 14358 13943 9544 13934 24853 8090 9212 21704 23083 21391 9656 22168 13175 18931 19679 15632 11151 14613 21022 7589 1943 7763 18404 18867 9376 19177 18754 13389 19720 3426 20983 13076 4609 18388 8800 18532 19776 19983 1326 18516 22309 12465 15110 13455 12737 15541 14957 18663 20846 12478 8233 7707 14000 17099 16351 13351 18980 18161 15155 14129 5823 13392 4782 19954 8524 12541 15391 7684 19909 16112 26039 5194 15813 13558 10630 18401 19388 12321 7688 15597 19530 14882 18995 25304 15351 20611 20448 18756 12797 17851 14523 10027 12975 18929 13757 18050 1068 17518 11890 8194 5183 19659 14964 12811 10413 5205 17853 12520 11295 21161 17905 13543 5857 17704 14139 13070 14423 16751 2042 18184 24299 10713 13517 19311 1981 12840 12514 22779 15744 7042 7315 6838 10904 12946 15350 14724 10669 11242 2255 22870 19641 13532 26441 12183 22111 9392 14416 17136 8576 12662 12906 15712 10967 13871 8228 17187 17030 9399 17115 19217 9603 2881 7712 6757 19145 19003 20867 9166 3864 2984 13349 10005 19233 20732 7635 15784 13333 11194 13617 13319 915 15028 10708 13675 15494 7352 12815 7949 8765 12751 12807 24742 15897 10476 9491
17756 9881 15567 15006 18432 15405 6903 11268 16091 11548 3803 7836 5121 15756 5932 11301 10823 15677 5692 12758 3518 16492 16716 18134 3419 10116 18230 14796 6710 3354 13561 24248 11168 10455 12944 21949 12245 8418 12755 5627 10337 13754 22543 18313 18284 8993 22727 13481 11420 18956 11749 4355 21951 14374 7274 22040 20140 19900 1297 7176 13319 7267 2353 9114 3948 1681 4399 9858 747 17848 10586 22426 18413 8214 3607 16421 10764 8851 9478 17814 12427 15189 20038 13506 19660 21424 15218 10674 7259 17701 11512 1696 18910 3941 17019 22795 12705 1923 17581 10780 17615 19357 11211 8934 14788 18508 15401 4959 6715 17057 7312 22790 17022 6957 23642 0 16247 11936 15657 19223 11357 15942 10204 15821 9214 16893 18587 14571 17041 8585 15976 18278 22989 7473 20315 15699 10392 11991 2883 20456 16819 10315 10305 10848 22209 5364 20580 16955 6095 14354 13523 16312 15170 14419 13748 4782 10970 15541 17668 3883 3292 3357 14673 12858 15159 14148 19363 13150 7856 13751 13169 17472 4459 13798 10476 17451 11624 6545 7370 13881 21665 12653 12507 13098 13566 12935 13332 10580 16012 18002 18970 17905 8932 14887 4911 8654 5108 16697 15915 14533 16024 15240 12503 18684 3037 7454 10109 10338 14907 12132 2880 15552 17610 3497 4578 8808 15666 5901 10468 17074 8911 14993 13103 15387 4734 16964 22253 16042 6881 9278 19333 10446 9705 15837 13438 20353 4482 10570 20033 10877 18692 12074 12871 4320 22391 11378 4094 12132 16378 11734 14379 8113 11907 17105 8098 15407 16382 16483 14364 6557 18147 10883 11739 16352 11063 9917 19760 11024 19901 9309 15460 14053 11929 17749 4773 7627 2752 18452 9504 17182 17375 11162 5394 12574 17646 13288 6309 9168 8215 1873 12008 4104 6233 18404 10885 5848 11389 15976 11860 9178 13277 5958 24510 18512 17994 15707 20239 4014 17850 17628 13711 20060 16199 13400 14820 2551 14964 15474 20824 6457 10225 16156 9360 7115 22294 5506 2155 13065 13019 10202 21728 10829 15371 1030 14742 16670 17737 16807 12742 12077 8616 15426 14737 12930 21592 3897 5614 10127 3488 12376 3681 14266 11834 9610 17348 14350 13824 8379 14596 16972 15419 7449 10378 15582 9929 10635 14441 21599 16009 18340 5068 10096 6124 15297 20769 20893 10354 13829 15324 8999 16067 8236 10832 13946 18212 10505 23046 12601 14666 11130 9920 17005 15658 16905 14966 11378 13197 1106 14260 13337 14583
22837 20816 24042 5931 16116 12343 9363 11310 16904 18205 15075 10440 11128 12764 19472 22129 18857 20598 15952 18957 19742 5869 24411 9977 19654 16369 17946 8410 12802 17559 14154 18901 9376 6243 3331 19511 9970 17735 10412 13746 19669 10780 17976 13004 20802 7268 17445 9561 22548 16416 18672 19930 19485 8115 19618 19587 14399 16440 14966 11407 13691 11962 16570 20588 16800 16804 17899 7105 15503 18193 16060 19716 20528 11901 13006 7607 5483 12190 12675 15726 17486 3340 20582 13860 12479 15460 9196 13533 13160 23151 20759 17795 23826 16761 21076 18840 14799 17985 23636 10291 10344 22499 17200 13304 7622 10001 8804 11412 14482 10505 9116 18846 12376 10432 18534 16247 0 4604 14601 12617 6950 17329 17691 761 20323 11343 14638 20222 10683 12748 11938 18271 18660 8817 15077 6864 6337 12431 16872 16236 5632 12544 17841 11671 16960 13447 18284 7913 11189 4674 19035 22338 13380 13404 11603 16620 20254 7628 20035 13048 13025 18238 10220 19371 23144 2138 11993 10775 11537 4854 18714 14985 19076 2459 13818 25119 23074 10880 16679 11188 15906 9966 12471 23560 3137 13382 13201 8842 8778 22659 19352 24962 9211 15284 16863 15159 19562 5600 20839 13835 10041 5779 6744 16389 14632 18545 15805 15431 16351 18182 19021 13844 9351 17434 19447 21604 9646 19857 12583 26233 7348 22460 15626 22032 17906 17046 16591 12805 9857 6991 21517 5807 20364 5238 24057 16986 17623 12460 13990 21083 20465 4176 23663 16116 17334 21602 18505 16160 3425 8395 6614 13216 6370 26092 20655 6352 16980 12022 20618 12833 25398 10057 4519 25233 7137 10545 12711 9673 18152 20976 15524 18942 19470 11037 11752 11971 18851 15345 17143 22764 20684 21335 11227 16694 11075 4445 10041 10626 8084 17986 19512 12272 10015 27065 13405 14086 17951 18607 8963 20046 19300 11776 19594 26391 22226 15372 13352 13700 24269 22593 15444 13331 681 7697 18539 14346 24026 21273 20204 15431 15602 21514 13986 11650 16497 12926 18246 11784 18772 21227 16826 12155 6327 15276 3249 13532 17926 14188 12737 16837 10948 22149 17706 10498 16429 18770 17277 12257 19669 16119 12637 13758 18367 7241 10115 19393 19054 10692 17875 22816 13972 16212 6422 10097 6882 5623 11336 15653 14802 11949 11949 20901 19017 16462 18396 15803 13535 14642 25152 21297 14722 14866 10216 17232 23635 11238 17623 19808 8999 16430 17276 12030 20850 11159 12650 15136 18208 17042 22043 14454 11316
19150 16303 19862 4607 13764 9726 5063 7471 13735 14009 10489 5878 6901 10195 14869 17651 14530 16826 11356 14874 15454 5693 20351 9160 15299 12097 15165 6288 8231 13002 10709 17811 5516 1639 1475 17483 6493 13239 7093 9146 15247 7795 16544 11352 17532 3054 16231 6614 18056 14165 14470 15419 17464 5822 15024 17568 13089 14497 10690 6832 10233 7411 12050 16039 12211 12338 13309 2511 11207 15263 11867 17787 17333 7447 8538 6662 1787 7833 8422 13259 13478 3451 17776 10433 11555 14342 7122 9478 8632 19411 16383 13555 20214 12171 17495 17258 11084 13758 19810 6323 9145 19187 13028 8964 5673 9370 6916 7355 9926 8990 4648 17261 10365 5828 17333 11936 4604 0 11680 11457 2953 14058 13362 4026 15788 9531 12676 16301 9111 8358 9613 15442 17193 4477 13641 5715 1733 8732 12325 14537 5823 8449 13515 7714 15696 8843 16122 7183 6595 3236 15065 18461 10507 10293 8514 12016 15857 6134 16749 8528 8847 13701 7691 15267 19001 2888 11094 7567 7027 2767 14717 12562 14508 2271 9715 21085 18568 6278 12142 8199 14748 6643 8909 19143 1632 9854 9799 4745 7223 19044 16504 21018 4706 12043 12259 10757 14980 5715 17079 10699 8161 4690 3455 14058 10092 13976 11558 11234 12969 14071 14622 11016 8475 12868 14887 17014 7690 15259 8519 22021 3405 18364 11918 18041 13308 14082 15453 10331 5299 2761 18366 2132 15858 4856 19636 15061 13028 8421 12757 16630 17346 1267 19219 11516 16029 17161 13936 12212 4632 4733 4636 8771 2625 21899 16064 5179 13874 9878 16621 8255 21436 6117 1654 21032 3015 6354 11757 5769 15811 16423 12401 15071 15232 9692 7282 7452 14624 13170 12764 18983 17233 16891 6721 12781 9671 1935 5632 6275 3740 13744 15280 7865 5820 22939 9397 9493 13752 15159 5362 15520 15265 7173 18393 22362 18673 12341 12401 9128 20405 18917 11891 12310 4386 4916 14858 9868 19771 17383 17686 10861 11381 17713 9697 7078 15402 8322 13845 8448 14746 16717 15424 8181 5136 10931 2956 11136 15014 11706 9217 12825 6516 18151 14110 7236 15090 14221 12674 8129 15411 12220 8473 10554 14199 2637 8855 15525 15132 6210 14230 18992 11081 11687 1822 7998 2278 2079 8532 14545 11953 10602 7392 16398 14413 13160 16266 14381 9420 11210 20835 16721 11904 10426 6263 13529 19920 7202 16474 15630 6690 12296 12935 10095 17043 9398 9827 11127 14264 12818 17887 10920 8569
8835 11733 11627 8738 2778 2349 12545 5001 2419 7210 11949 8947 13455 2044 13700 12263 8546 7025 10623 7036 18228 9379 11411 6694 17633 6818 3487 6244 9015 13913 2126 8665 6489 10939 12935 6479 5267 9529 4616 10030 9900 3909 6925 4134 6275 12401 7229 5132 12754 3302 7547 16210 6473 6491 12599 6571 5339 4268 15112 9047 2340 8671 13919 12128 12716 14686 13307 10345 15296 3614 6145 6913 5958 7689 12715 7663 12873 6947 6218 2159 5698 11278 6099 2152 6126 6370 5550 4994 8406 9252 10247 17159 9629 12693 6965 7138 3256 17383 9925 6067 5862 7975 6506 6724 7030 7042 6003 14301 9070 5236 11681 7133 3370 10116 8049 15657 14601 11680 0 5494 8805 2961 7880 13844 11695 4276 3327 7233 5048 7105 3035 3763 7338 12255 5186 8035 10863 3854 13697 4921 9806 5411 7934 5188 6753 10317 5056 7706 10601 9933 6528 8891 1221 1470 3167 11855 10067 7225 5538 12212 14577 14693 4398 7444 10663 14049 6178 4121 8220 9843 6426 1889 14671 13380 5227 11954 13341 10249 9587 3498 6467 5054 3388 12788 12072 2741 2413 7446 6287 8520 4830 11501 8775 1353 11922 7465 14669 9758 7196 1180 5019 8938 8276 3042 12622 11203 6427 5977 2439 6683 16804 789 6818 13659 15085 13826 5253 14254 5255 13739 13054 9852 3376 9031 13008 2448 6920 2165 11048 12316 6924 13018 11306 9655 13237 4699 12956 5180 5463 11207 5869 12945 13128 11934 6869 11471 14287 4740 11602 7006 7990 7545 9055 13516 13169 8430 2424 3279 7873 9168 11959 6156 13264 12780 8840 6666 6061 6349 4496 12465 1139 6025 8313 5320 12243 8281 18004 2885 8013 8996 6365 11296 11787 4792 5187 10485 12183 7348 12122 17282 8298 12901 13168 14108 4775 9831 7084 4442 6388 11380 7033 10295 8869 13113 7998 836 6163 11718 10617 8584 2634 5955 13982 6987 5015 13220 12021 7997 6090 9658 6188 7919 6376 8983 7004 10273 16251 3365 6613 11993 6230 5018 8443 14831 11360 1949 3355 1542 3082 5379 7722 9161 4090 4459 6185 14843 11635 5662 18394 4473 14450 1433 7138 10528 5855 6359 6326 8137 4384 9164 629 9188 10717 4757 10631 13121 3269 6497 355 5070 11406 11653 12951 2295 5238 5570 5316 2000 13380 13198 414 7740 6078 4147 9648 5712 7554 8174 5632 5910 7750 3692 7353 4469 1952 4783 5827 16751 9797 2445 3285
13819 17048 17053 7059 4770 4126 14361 8006 7526 12620 15857 11540 15784 3972 18481 17687 13918 12324 15020 12524 22243 6748 16730 2653 21745 11918 7158 5251 12605 18182 7097 6396 8228 11486 12240 7183 7019 14565 6471 13821 15248 5470 5360 1364 10761 13403 4864 5883 18180 4775 12984 20662 7152 5747 17585 7245 1787 4260 18400 12066 6997 11963 17913 17362 16994 18602 17774 11292 18712 7732 11258 7289 10320 11045 15820 5073 13111 10496 10057 4776 11145 9465 9398 6936 633 2908 4491 9356 12213 14285 15692 20864 14404 16963 11980 6242 8382 21095 15034 8460 2345 12322 11829 10797 5788 2716 4583 16583 13259 2496 13498 6249 2397 12622 5967 19223 12617 11457 5494 0 9343 8132 13131 11947 16938 2338 2886 12669 2412 10895 3365 7531 6044 13894 2495 5948 11452 7603 17818 3784 7003 9236 13207 8480 4359 13959 6210 4708 13364 8569 12020 14154 4972 5739 5589 16233 15475 5360 10182 15416 17351 18998 4605 12936 16097 12896 848 6076 11368 8824 11920 4219 19192 12329 9694 17212 18771 12928 14354 5376 3335 6613 7119 18276 11079 7168 6679 9035 4234 13412 8447 16668 10757 6845 16355 12119 19307 7025 12460 5931 3465 7096 8271 4924 16273 16171 11431 10935 7902 12133 20913 4939 3266 17941 19623 19012 3923 19030 9108 19118 14031 15283 8740 14414 17529 6995 4038 3694 13228 13210 11034 13382 16603 7433 18728 4719 17413 8968 1374 16609 10057 12627 18610 16155 4725 16905 18734 10063 9202 8013 6827 11484 9208 18884 18276 6512 7378 2848 13327 12751 17121 8381 13090 18183 9539 9316 592 8304 6380 17719 6569 11499 13774 1768 14989 11616 21826 3828 13130 14116 11222 16717 14409 10210 1805 9669 14305 10074 13479 21015 13763 15723 15142 19377 9095 13769 12471 9618 7650 16616 12527 13324 7035 18303 12836 6196 1033 15223 15728 13577 8042 886 11937 6798 10426 16674 17487 13347 8500 14057 11168 13169 10770 12111 3970 13736 20263 6326 12105 17338 4210 8623 6549 18269 9778 3556 7480 4008 7008 10762 10615 14543 9526 6294 3812 19258 16227 9318 22356 9819 17119 6133 12574 11556 2620 11812 11810 10888 9831 14333 5174 13891 11337 3807 11483 13404 4827 3109 5357 917 14349 16989 17751 7691 6265 3198 9645 7233 18850 18413 5225 12258 8414 9640 14602 8745 5074 13662 5027 11147 12933 2285 12663 2355 4735 9817 11320 20326 15268 7535 4679
16221 13973 17118 3650 11029 6987 5223 4538 10800 11269 9052 3948 6895 7461 13137 15240 11909 13909 9435 12065 14797 5136 17538 7433 14505 9420 12291 4120 6214 11658 7758 15516 2572 2222 4355 14809 3564 10882 4191 7342 12747 4982 14121 8986 14582 4061 13913 3880 15672 11460 11736 14203 14793 3622 13028 14897 10819 11901 10248 4912 7282 5332 10898 13811 10690 11354 11749 1961 10693 12359 9122 15145 14388 5065 7754 5260 4093 5267 5725 10494 10629 4391 14884 7483 9566 12124 4852 6637 6421 16492 13818 13050 17276 10652 14551 14759 8144 13272 16911 3420 7184 16234 10270 6368 3776 7736 4800 7598 7790 6854 4433 14760 7869 4464 14998 11357 6950 2953 8805 9343 0 11112 10744 6235 13516 7184 10117 13424 6931 5838 7003 12556 14743 4689 11291 4431 2167 5784 11054 12043 5472 5626 10893 4818 13369 7162 13418 5816 5344 3186 12204 15575 7661 7389 5643 10305 13320 4463 13799 7554 8724 12432 5094 12470 16232 5676 9148 4685 4807 2625 11866 9823 13075 5004 6902 18261 16212 4916 9906 5369 12497 3751 5956 16629 3861 6901 6853 1897 5282 16105 13609 18157 2639 9106 10527 8241 13458 5351 14161 7786 5889 3883 1202 11326 8938 11844 8857 8491 10018 11276 13746 8175 6795 11481 13486 14966 5423 13588 5679 19300 4696 15568 8980 15194 11674 11178 13191 7629 4524 3877 15424 4277 13511 4510 17127 12461 11429 5566 10540 14176 14407 4189 16746 9904 13675 14687 12513 9335 5449 1803 3095 6346 643 19165 14030 4076 10947 7341 13774 6283 18582 3200 4470 18303 295 3596 9739 2838 13052 14204 9479 12177 12527 7595 6608 5248 14109 10511 10207 16072 14281 14421 5980 9893 7542 2579 5389 3719 4181 13229 12570 7324 6047 20164 6533 7593 11015 12206 2430 13226 12433 5707 16037 19537 15727 9436 10350 7860 17517 15986 8939 10226 6523 2551 11922 8962 17083 14499 14861 8772 8658 14805 7038 5122 13163 6695 12988 5520 11908 14378 13040 5295 4038 10328 4102 8441 12115 8965 6265 9976 4109 15307 11164 4346 12743 12888 10811 5326 14815 9326 8412 7630 11440 2235 6887 12631 12254 3941 11288 16091 8222 9418 2036 5613 2140 4356 5762 12325 9093 8439 6338 14043 12585 10213 13572 12015 6614 8258 18202 14595 9052 7975 3353 10593 16997 4338 14181 12880 4327 9511 10330 7649 14135 7089 7010 8271 11391 12373 15125 7967 5820
5876 10137 8961 11558 3931 5289 14077 6770 607 5607 12140 10333 14664 5005 12892 10356 6965 4192 10435 4996 18055 12292 8598 9618 17392 6056 2426 9091 9717 13661 3371 9594 8603 13103 15401 6310 7573 8590 7011 10468 8303 6550 7863 6783 3489 14312 8465 7769 10827 4315 5799 15684 6322 9285 11558 6393 7525 5476 15627 10159 3843 9637 13924 10691 12517 14724 12880 12397 15709 1921 5465 6818 3275 8732 13481 10603 15052 7957 7122 3577 4109 14043 4205 3634 8761 8243 8448 5677 8998 6300 8324 17279 6677 12501 4006 7689 3478 17490 6991 7951 8794 5175 5269 7323 9864 9952 8910 15497 9236 8184 13264 7680 6249 11445 8993 15942 17329 14058 2961 8132 11112 0 6668 16568 10255 7212 5473 4630 7993 7893 5995 2381 8043 13890 7138 10928 13016 5461 13598 6347 12726 6502 6666 6732 8111 10853 5140 10662 11737 12658 4272 6029 4097 3929 5727 11603 8288 10122 2712 12939 15465 14371 7243 5324 8019 16604 8895 6590 9341 12503 4316 3947 14126 15926 5729 9094 11387 11464 9041 6143 8195 7468 5184 10555 14644 4250 4259 9498 9227 5561 3043 8592 10505 2047 11607 7300 13994 12673 4332 3497 7973 11775 10783 4005 12986 10260 5904 5616 1166 4954 16590 3742 9771 13407 14506 12420 8188 13430 6359 10992 14944 7206 2878 6298 12538 1416 8446 5118 12486 14276 4314 15147 9771 12520 10962 5648 12558 6359 7770 9401 3321 15302 10945 11835 8089 9550 13836 3858 14450 9327 10762 8137 11464 10755 11918 11292 812 6221 5316 9861 9049 8106 15565 10068 11091 8313 8653 8392 4359 10973 1863 3627 6403 8219 13273 9261 18001 4652 7066 6063 3422 9424 12923 3533 8090 13072 13578 8850 13895 17375 6365 13844 14586 11258 5565 10159 5579 1504 8697 9968 4813 11283 9553 10217 5045 2126 8617 12255 7686 5626 2433 8419 16732 9638 2415 13705 9458 5222 4884 9546 5750 5045 6705 10028 8575 10953 16144 5630 4534 10318 7565 6382 11302 15247 14080 4766 1858 4174 4864 4137 9071 6426 1679 6894 7684 14405 11159 6833 18263 3594 15408 3575 5435 12537 8802 3838 3983 9522 1983 6250 3548 8762 12868 7693 12701 15274 6053 8314 2927 7861 12365 10011 12151 900 5322 7261 5949 2878 10826 11757 3052 7707 7988 2249 6689 7306 8776 6073 8471 5000 6702 6593 4531 7409 4810 4578 3814 16988 7279 3251 6101
7606 3926 6621 13104 10212 9096 10981 6774 7049 1348 6601 7734 10736 9171 6248 4784 1169 5473 4536 2554 11711 14381 7363 13485 11004 1392 9092 11257 5763 7384 6034 16145 8468 11878 14836 12974 8384 1982 8316 5716 2206 8734 14388 11832 8233 12156 14878 9452 5267 10689 1573 9128 12987 11140 4892 13056 13213 11828 10262 6974 6162 6302 7933 4252 6368 8726 6468 10979 10177 8531 1943 13484 8435 5964 8797 13209 13568 5530 5023 9686 2577 14934 10297 6202 13737 14237 11069 4470 5088 7605 3092 11260 8775 6363 6828 14314 4750 11447 7617 7533 12685 9175 1419 4401 11794 13892 11494 11435 4304 11986 10430 14306 10763 8387 15533 10204 17691 13362 7880 13131 10744 6668 0 16979 3821 11278 11203 4378 11856 5008 9940 9012 14640 11079 13056 13039 11775 6171 7497 12618 14838 5293 155 6284 14456 6201 11795 13534 8160 13540 3334 6266 8161 7396 8112 5465 2644 12402 7705 8261 10779 7996 9889 2688 5860 16247 13671 8292 6478 13117 2998 9697 7586 15607 4116 8132 5856 8136 2834 8530 14305 8611 6481 5932 14579 6073 6548 8861 12065 7816 9426 8319 8698 6611 5390 2666 7387 14742 5712 7207 11242 13379 11146 10376 7631 3604 1981 2455 5989 1977 10244 8250 13304 7141 7940 5947 11167 6778 5301 8710 12637 5384 4507 5457 6102 8001 14698 9441 9450 12259 9271 13495 3474 14203 6431 12115 6188 5451 13313 3667 8767 14360 6104 5884 14503 4097 7371 3142 15789 9499 12199 4663 11340 8611 5325 13133 7351 10410 4245 5834 8664 7775 14403 7744 10555 7155 13721 8162 11020 4597 7095 3915 2029 12398 9163 6112 11821 10649 760 7087 7250 3854 9102 3212 12260 13296 10235 7094 11435 11321 2097 9463 11142 9739 4686 5267 1221 6179 9055 3503 3075 7487 16170 9372 7790 7461 13933 7319 8013 7461 5257 13724 17263 10806 4876 8472 6432 5334 11347 3967 2233 5984 3707 6734 14800 6575 9914 7440 2831 4240 13913 5830 13120 9754 14743 9655 8512 9405 6437 2586 6858 5527 5100 8360 13942 7933 4795 5524 11950 3415 10868 6998 1632 10966 12542 4169 3650 7205 4865 6921 8026 2820 11646 10786 11275 13679 8894 14355 8142 12500 8266 3885 5517 6369 11979 13386 4347 5940 7475 5319 8255 3085 7616 4421 8133 6583 15200 2617 10743 1986 434 10962 5461 11408 8454 3364 3149 11128 4761 5600 9033
22077 20143 23308 5190 15381 11591 8920 10564 16144 17475 14515 9799 10715 12014 18884 21444 18144 19841 15331 18217 19328 5203 23666 9318 19217 15650 17195 7661 12161 17024 13393 18260 8636 5658 2881 18798 9213 17057 9652 13134 18972 10019 17304 12300 20042 6828 16789 8800 21867 15685 17943 19424 18773 7361 18993 18875 13725 15727 14549 10773 12930 11313 16057 19929 16236 16319 17333 6497 15081 17438 15332 19010 19768 11220 12516 6912 5087 11490 11959 14984 16741 2597 19832 13099 11828 14806 8453 12796 12499 22393 20052 17395 23066 16197 20315 18157 14044 17590 22881 9555 9657 21738 16469 12599 6875 9359 8067 11046 13831 9798 8618 18163 11648 9843 17882 15821 761 4026 13844 11947 6235 16568 16979 0 19657 10623 13920 19471 9973 12052 11195 17519 17986 8360 14396 6145 5749 11677 16344 15539 4996 11812 17128 10931 16298 12847 17562 7239 10620 3914 18287 21585 12622 12643 10842 16028 19552 6900 19274 12533 12633 17716 9466 18632 22407 1944 11342 10013 10872 4094 17968 14244 18532 2055 13084 24372 22397 10297 16018 10428 15250 9207 11713 22859 2479 12623 12440 8122 8057 21899 18600 24211 8552 14523 16269 14462 19006 4955 20081 13075 9311 5047 5993 15655 14107 17899 15083 14704 15590 17444 18566 13088 8682 16892 18910 20972 8910 19280 11849 25501 6967 21719 14869 21284 17329 16289 15939 12058 9318 6544 20759 5430 19688 4537 23356 16275 17051 11724 13321 20392 19706 3767 22968 15536 16670 20908 17961 15413 2802 7649 5859 12531 5645 25357 20024 5625 16221 11287 19871 12198 24647 9320 4169 24500 6432 9827 12060 8934 17419 20318 14764 18190 18744 10344 11259 11310 18456 14617 16439 22007 19922 20641 10717 15945 10378 3706 9567 9929 7620 17586 18785 11805 9605 26325 12665 13463 17222 17846 8212 19378 18557 11190 18945 25644 21465 14613 12704 13153 23514 21834 14684 12677 380 6935 17781 13853 23300 20520 19465 14787 14878 20758 13272 11013 15848 12330 17789 11023 18028 20553 16153 11414 5598 14837 2489 12789 17171 13443 11978 16093 10265 21402 16946 9737 15759 18241 16666 11528 19266 15370 12247 12996 17634 6649 9422 18640 18304 10022 17116 22061 13215 15546 5823 9357 6290 5259 10578 15001 14047 11261 11412 20224 18415 15701 17675 15125 12803 13881 24433 20653 13967 14177 9479 16474 22876 10504 16973 19076 8247 15696 16565 11305 20095 10440 11893 14394 17460 16645 21307 13694 10559
9444 674 6414 16330 13958 12877 12360 10135 10700 4651 6578 9912 11549 12971 3635 2160 3291 7929 4753 5409 9558 17698 7647 17179 8805 5043 12638 14724 7577 5882 9846 19831 11563 14189 17223 16481 11749 2669 11798 6874 1987 12344 18085 15647 11102 13972 18617 12922 2418 14419 4474 6614 16498 14544 2036 16558 17031 15570 9751 8974 9951 8378 6896 438 5395 7538 4824 13289 9469 12022 5688 16992 11412 8455 9248 16689 15614 8307 8082 13452 6182 17874 13452 10003 17541 18042 14632 7970 7163 9245 2628 9735 10486 5414 9357 17944 8563 9867 8910 10664 16396 11622 5195 7304 15182 17589 15034 12056 5868 15700 12044 17935 14561 10175 19224 9214 20323 15788 11695 16938 13516 10255 3821 19657 0 15035 15013 6767 15580 7721 13712 12508 18295 12628 16863 16414 14088 9768 6345 16381 18145 8593 3761 9604 18211 7297 15389 17058 9646 16547 6259 7851 11972 11200 11789 4814 2269 15841 10740 8819 10928 6149 13510 5225 6143 18648 17461 11851 8786 16060 6070 13497 5305 18057 7601 8345 2837 9797 3647 12182 18098 12032 10137 3957 17188 9829 10313 11738 15629 9831 12759 8901 11112 10411 4593 5428 4840 18040 8094 11022 14904 16608 14140 14104 7584 2001 5574 6080 9712 5302 8201 12070 16952 5719 5507 2167 14788 4001 8643 7867 14324 6168 8319 6833 4480 11641 18473 13246 11075 14142 12068 15462 596 17418 4358 15828 4736 8804 17133 1709 11798 16610 3818 5442 18241 2171 5373 6955 18839 12576 15441 7176 14150 7893 1788 16436 10994 14192 6275 7571 9085 10898 16547 7141 13282 10094 17530 11265 14602 783 10877 6956 4039 16147 10060 8351 9977 14437 3847 8756 10015 1974 10238 6964 16011 16092 11544 9807 13154 9733 4101 10080 12264 9191 8214 6451 4705 9488 12232 324 5778 8956 19808 9338 10018 11250 17750 7825 9026 9390 9066 17542 19975 14062 8141 8399 5762 7309 14660 4976 5843 8043 6842 8724 18579 7808 8146 11084 5853 1047 17665 9204 16418 9154 17615 13475 12044 13224 10135 6348 9412 6830 8601 11870 17713 5825 3874 8738 9848 7223 11143 10809 4822 13205 16237 7015 6605 9636 8323 8472 11846 4112 13980 14437 13550 15662 12588 18156 11950 16289 9335 882 3165 10075 15567 17174 7770 9760 6146 1512 12066 5590 10749 8030 9690 9771 18937 4603 14256 5805 4007 14749 7766 15156 12240 7132 6475 9861 5433 9415 12732
13084 15202 15824 5472 4850 2216 12089 5712 6639 10930 13563 9203 13473 2296 16345 15962 12162 11296 12809 11011 19941 5621 15669 2420 19454 9992 6962 3245 10299 15927 5341 8338 5900 9376 10471 8185 4681 12564 4138 11526 13451 3152 7014 1823 10326 11237 6739 3566 16455 5098 11331 18430 8160 3710 15533 8263 3637 5117 16063 9730 5132 9640 15620 15448 14746 16299 15558 9104 16377 7379 9356 8420 9945 8733 13482 3814 11099 8208 7814 4559 9541 8041 9506 5123 2776 4948 2409 7240 9934 13512 14020 18539 13827 14714 11213 7742 6597 18770 14197 6123 1586 11993 10060 8578 3928 2782 2655 14278 11025 991 11219 7745 1081 10290 7832 16893 11343 9531 4276 2338 7184 7212 11278 10623 15035 0 3299 11444 793 8630 1362 7323 7663 11638 4125 4479 9333 5438 15541 5033 5987 7013 11370 6204 6198 11649 6941 3686 11027 6927 10624 13164 3350 3976 3373 14008 13745 3730 9645 13079 15020 16746 2275 11441 14857 11295 2539 3760 9040 7065 10464 3828 16981 10681 7593 16224 17050 10592 12249 3099 5313 4275 4986 16714 9383 5209 4730 6727 2566 12746 8367 15777 8441 5513 14141 10012 17125 5969 11471 4282 1378 5584 6191 5104 13954 14122 9469 8964 6676 10516 18625 3537 2577 15689 17414 17053 1843 16889 6894 17966 11877 14052 7104 13270 15327 6387 6007 2117 10915 11061 10810 11345 14744 6120 17185 5672 15197 6746 3376 14861 9768 10752 17013 13903 6516 15203 16510 8337 8045 5741 5017 9231 7125 17750 16277 5000 6580 997 12058 10443 16235 6043 11183 16995 7356 6981 2868 5969 6840 15818 5414 10191 12155 1124 12654 9297 19507 4021 11192 13267 10564 14996 12078 8583 985 7872 12003 7738 11258 18692 12154 13388 12859 18375 6980 11492 10753 8708 5343 14711 11094 10987 8883 17388 12205 5098 3367 12898 14889 12834 6486 3202 10678 4688 9260 14343 16164 12254 8936 11856 9201 12194 8620 9779 5980 11414 17965 4118 10627 15517 5899 6384 5028 15936 8266 2512 7106 3181 4929 9077 8281 13400 8327 3963 5579 17024 14052 7067 20048 8123 14792 4419 10924 9359 1597 10557 10463 8551 8608 13439 3763 11771 9209 1571 9315 11386 2575 5148 4287 1447 12011 15163 15625 6568 7053 4860 7511 5595 17506 16479 4164 10109 6077 8267 13894 6437 7001 12133 2875 9324 11037 710 11622 206 2861 7916 9857 17995 13938 5791 2423
10995 15035 14433 8768 1885 3330 14649 7430 4872 10484 14978 11349 15824 2904 16995 15504 11836 9634 13808 10195 21333 8870 14017 5121 20767 10142 4275 6460 11879 17079 5357 5708 8331 12338 13697 4888 7010 12851 6344 12993 13195 5331 4104 1771 7888 14083 4147 6256 15992 1937 10795 19437 4864 6888 15920 4968 2073 1831 17927 11655 5440 11396 16995 15448 15879 17740 16528 11942 18164 4863 9468 5140 7440 10418 15428 7070 14156 9743 9121 1946 8951 11340 6552 5301 3466 3045 5616 8083 11349 11469 13474 20151 11541 15853 9178 4649 6564 20378 12236 8239 4472 9438 9819 9741 7187 5325 5923 16660 12172 4157 13767 4650 2324 12507 5121 18587 14638 12676 3327 2886 10117 5473 11203 13920 15013 3299 0 10095 3970 10012 3116 4647 4675 14263 1860 7775 12283 6597 16815 1968 9210 8279 11254 7782 3623 13224 3655 6869 13125 10210 9593 11426 3433 4220 5006 15043 13330 7029 7330 14961 17166 17874 5027 10579 13492 14571 3726 5837 10867 10318 9550 1564 17911 13948 8365 14463 16573 12726 12866 5040 3169 6659 6081 15911 12641 5755 5310 9265 5864 10572 5566 13881 10863 4609 15126 10700 17937 9203 9748 4208 4644 8883 9253 2050 15560 14521 9737 9275 5480 9924 19933 3120 5557 16828 18330 17150 5084 17549 8129 16439 14737 12680 6696 11764 16242 4217 3687 2647 13301 13939 8148 14373 14615 9408 16340 2394 16173 8020 2296 14469 7173 13921 16275 15073 3826 14705 17506 8061 11317 8474 8276 10525 10164 16197 16497 8299 4679 2798 10774 12032 14330 8243 14328 15529 10243 9008 3312 8301 3640 15780 4189 9010 11529 3757 14788 11016 21042 943 11339 11327 8391 14542 14268 8078 3680 11104 14431 9761 13984 20285 11507 15491 15361 16624 7840 12849 10373 6912 7954 14700 10121 12936 6084 15519 9990 3805 3170 14587 12928 10756 5947 2980 13971 7763 7857 16086 14927 10681 5772 12836 9492 10441 9511 11640 3748 13105 19346 5595 9751 15284 3159 7761 8327 17705 11561 1926 4618 1854 5855 8679 10231 11891 7006 6152 3005 18056 14881 8461 21482 7791 16990 4467 10392 12174 4634 9275 9345 10591 7320 11561 3303 12449 12149 4707 12186 14434 4518 3177 3063 3000 14028 14948 16247 5196 3760 2319 8402 5313 16295 16519 2948 10937 8220 7263 11767 8202 4463 11325 5995 9237 11078 2635 9975 3480 3649 8087 8972 19692 12735 5729 4417
3257 6425 4393 14886 8538 9300 14839 8922 5225 3055 10973 11267 14853 9149 10101 6195 3851 1172 8913 1835 15868 15895 4303 13858 15138 4865 6599 12606 9714 11646 6403 13883 10882 15009 17754 10178 10284 6200 9935 9926 4836 9891 12224 11306 4356 15692 12922 10961 6619 8882 2822 13107 10200 12661 8541 10244 12153 10026 14636 10703 6797 10047 12280 7162 10695 13064 10670 14163 14554 5905 4745 10678 4702 9433 13067 14380 16865 8788 8034 8207 2853 17129 6806 6690 13302 12857 12139 6828 8972 3330 4311 15572 4434 10694 2604 11874 5476 15750 3549 10005 13019 4925 3681 7741 13305 14226 12608 15600 8501 12356 14177 11862 10599 12141 13311 14571 20222 16301 7233 12669 13424 4630 4378 19471 6767 11444 10095 0 12181 8422 10117 6363 12288 14837 11764 14497 14910 7804 11823 10914 16352 7862 4269 8606 12616 10402 9311 14553 12095 15698 1267 2171 8107 7603 9082 9809 4514 13737 4087 12520 15074 12189 10872 1723 3431 19099 13392 9682 10036 15401 1647 8551 11628 18428 6619 4950 7123 11981 7206 9547 12787 10350 7830 6044 17251 6998 7307 11561 13051 3439 6319 4741 11943 5935 9713 6573 11311 16278 1372 7226 11924 15138 13478 8582 11994 7555 5193 5321 4794 2579 14420 7919 13895 11414 11929 8798 12025 10570 7784 6523 16246 2618 4689 1865 10295 5987 12991 9336 13239 15743 5302 16861 6190 15944 6415 10124 10425 7880 12390 5450 5109 17439 6467 10253 12550 5424 11504 4091 17765 11833 14006 8314 13928 6311 8554 14749 5438 10453 695 9816 5176 10226 17581 5552 13308 9967 13212 10598 8531 7338 6115 1308 2810 12526 13297 9764 16070 9283 5108 2832 3257 5377 13149 3534 12390 15786 14158 10196 15071 15622 2736 13675 15121 7028 6903 9498 3251 3313 11259 6556 1311 11471 13713 6202 3435 6479 13217 11615 4110 3096 5090 13015 19700 12692 2245 12828 4833 1096 8128 8310 5259 1627 6945 10492 13129 10710 14162 8657 1698 6475 12077 8130 14749 14132 17053 9173 6020 8662 7609 3497 10155 1993 3148 9892 12237 12045 9072 8193 16127 4106 15137 7154 2769 14217 12973 892 1171 10578 2850 2753 7688 7188 14768 11554 14474 17026 9677 12920 7323 12301 12374 6243 9441 4978 9469 11859 6916 6004 6201 8133 7456 7054 10072 3215 3867 9101 13218 2178 12001 4199 4701 10908 1089 11624 8699 5177 2036 15476 2651 6004 9774
13868 15771 16552 4878 5601 2898 11969 5999 7423 11566 13807 9272 13426 3038 16754 16574 12772 12058 13162 11694 20159 4902 16421 1684 19696 10544 7746 2853 10530 16223 5996 8700 5927 9080 9974 8828 4797 13068 4333 11774 14043 3434 7480 2336 11119 10992 7122 3577 17066 5823 11977 18750 8802 3345 16000 8904 3978 5757 16164 9865 5751 9828 15862 15987 15054 16520 15901 8881 16500 8169 9921 9037 10738 8956 13574 3100 10734 8483 8157 5332 10207 7410 10277 5762 2688 5240 2079 7703 10214 14293 14652 18703 14617 15022 11996 8262 7228 18934 14972 6267 847 12785 10673 8943 3444 2070 2198 14215 11360 200 11111 8266 1859 10319 8226 17041 10683 9111 5048 2412 6931 7993 11856 9973 15580 793 3970 12181 0 8939 2064 8108 8146 11494 4554 3833 9045 5883 15810 5587 5251 7384 11953 6515 6590 11867 7625 2926 11090 6364 11333 13927 4074 4650 3815 14345 14359 3131 10437 13194 15036 17044 2379 12127 15585 10732 2335 4028 9215 6552 11162 4607 17326 10135 8064 16984 17660 10647 12691 3472 5639 4390 5464 17372 8852 5786 5320 6686 1956 13533 9148 16547 8416 6260 14488 10461 17495 5239 12236 4983 1065 4965 5868 5846 14144 14595 10006 9500 7430 11175 18870 4296 1785 15990 17759 17568 1513 17294 7276 18703 11621 14782 7776 14015 15683 7179 6343 2883 10875 10800 11600 10997 15308 5446 17847 6302 15541 7122 3651 15467 10559 10307 17661 14207 6930 15823 16841 8975 7347 5631 4516 9553 6806 18490 16773 4375 7369 1772 12786 10670 17005 6158 10755 17728 7128 7131 2837 6035 7564 16362 6184 10918 12808 712 12691 9501 19689 4745 11733 14043 11353 15611 12099 9248 625 7380 11937 7874 11071 18860 12810 13430 12757 19131 7445 11769 11381 9486 5307 15256 11795 11100 9288 18154 12994 5874 3426 13072 15664 13617 7183 3296 10012 4388 10010 14491 16875 13007 9673 12223 9737 12960 9046 9934 6296 11601 18194 4548 11320 16095 6343 6744 4406 16067 7663 3305 7897 3974 5446 9722 8430 14145 9077 4177 5991 17344 14435 7404 20256 8770 14791 5100 11572 9145 809 11292 11183 8665 9353 14211 4517 12204 8929 1464 9072 11025 3006 5443 5070 1511 12091 15739 16044 7334 7728 5297 7958 6281 18212 17006 4948 10528 6212 8990 14678 6687 7363 12809 2618 9922 11598 1485 12382 589 3529 8492 10555 18137 14652 6444 2858
11565 8150 11572 8665 9883 6903 6470 2941 7893 5768 4993 2848 6801 7220 7956 9402 6175 9197 4256 6775 11382 10081 12174 10311 10860 3797 9956 7354 1912 7296 5055 15663 3890 6872 9831 13505 4366 5064 4649 2983 6922 5508 13961 9862 10883 7294 14145 5652 9835 10406 6211 9812 13503 7082 7489 13596 11638 11323 8007 2348 4767 1758 7039 8040 6118 7757 6970 5976 8196 9690 3703 13964 10865 1013 5659 9282 8598 587 894 9263 5593 10161 12098 4964 11396 12897 7473 2234 1340 11721 8030 10139 12716 6087 10203 14237 4428 10367 11965 3050 9644 12312 4848 682 7679 10717 7796 7623 2437 9001 5767 14232 8584 3757 15057 8585 12748 8358 7105 10895 5838 7893 5008 12052 7721 8630 10012 8422 8939 0 7553 10069 14416 6426 11767 8869 6769 3419 6923 11872 10516 1733 5162 2428 13630 3223 12105 9719 3883 8826 7155 10577 6588 5834 5310 5412 7513 8392 10148 5137 7600 8116 6592 7122 10750 11246 11166 4911 1617 8343 6776 8893 8395 10612 2169 12930 10379 3668 4197 5532 13117 4728 3935 10814 9618 4366 4749 4020 8426 11594 10909 12975 3693 6473 5566 2412 8595 10407 9462 5961 8033 8942 6419 10145 5551 6186 3310 3103 6753 5955 10027 6968 9927 7059 8828 9326 7781 8476 1884 13700 7831 10171 5047 9993 6768 8671 13688 7511 4853 7364 11889 8548 7685 9739 11310 11786 6611 1993 11569 8341 11041 9354 10916 5273 13808 8856 7903 4603 11118 4879 7795 629 6460 13591 8421 8822 8158 8071 8601 2065 13365 3266 9408 12722 5623 2384 11463 3606 11468 8436 7037 7358 6926 9616 5381 1405 11040 9870 4408 11240 10230 8589 5051 5186 9495 8416 5850 2123 6650 10274 6980 5959 6848 14677 2393 2879 5512 8382 4598 7422 7231 3392 15932 14198 11359 7239 11877 4615 12487 11360 5482 11686 12352 6447 7578 6118 11433 9516 12641 3360 3188 9986 1477 2176 13736 3173 9395 4585 6749 8552 13146 2289 8800 7732 9917 8103 9532 8222 4160 4984 1851 10090 7127 4785 13017 8406 5586 1583 11513 4741 7525 5695 5990 5973 9418 7789 7312 2217 7107 11176 6838 3690 6639 7558 6274 8726 6071 13065 7459 10061 4474 8213 7292 7109 12292 12324 1946 5388 12477 8892 7509 2142 3132 6363 12256 2306 14465 7381 6998 4226 4579 8620 9338 8682 6419 3527 6456 9686 9634 4900 6221
11869 13866 14489 6008 4218 855 11600 4710 5445 9571 12533 8451 12856 993 15127 14608 10809 10011 11655 9652 18925 6450 14363 3745 18412 8670 6051 3548 9306 14827 3980 8677 5288 9225 10697 7871 3982 11271 3346 10502 12105 2308 7172 2338 9237 10971 7075 3141 15102 4577 9971 17299 7852 3915 14265 7956 4193 4903 15212 8874 3783 8710 14586 14128 13636 15289 14409 8829 15495 6382 8026 8176 8885 7765 12657 4686 11055 7178 6703 3790 8179 8599 8667 3767 3910 5507 2743 6001 8881 12284 12661 17596 12658 13606 10000 7764 5241 17826 12947 5321 2906 10926 8707 7435 4326 4122 3147 13681 9899 2239 10719 7764 1046 9583 8121 15976 11938 9613 3035 3365 7003 5995 9940 11195 13712 1362 3116 10117 2064 7553 0 6394 7771 11194 4486 5166 9168 4238 14476 5061 6859 5877 10029 5157 6530 10664 6522 4688 10262 7353 9275 11880 2011 2614 2245 12869 12390 4361 8526 12224 14296 15642 1926 10083 13521 11655 3767 2877 8134 7382 9109 3053 15827 11012 6344 14932 15696 9843 11008 2105 5801 3606 3756 15353 9695 3884 3399 6199 3320 11554 7466 14509 7845 4203 12990 8771 15943 6821 10194 2926 2019 6171 6169 4503 12993 12851 8157 7655 5377 9155 17580 2260 3800 14585 16258 15748 2326 15675 5747 16640 11625 12719 5743 11954 14164 5310 6450 908 10309 10825 9799 11265 13410 6819 15823 5466 14048 5608 4059 13509 8746 10868 15651 12800 6797 13846 15371 6979 8775 5364 5382 8133 7067 16428 14986 5620 5420 519 10723 9455 14967 5287 11259 15665 7127 6145 3947 5292 6274 14495 4157 8855 10794 2484 11916 8349 18538 3559 9875 12019 9392 13642 11366 7221 2345 8127 11427 6909 10890 17741 10793 12637 12333 17076 5740 10432 9396 7473 4860 13388 9741 10151 9128 16110 11028 3870 4326 11963 13637 11618 5130 4134 11292 4699 7953 13436 14816 10950 8277 10692 7890 10918 7409 8895 6459 10471 16941 2970 9270 14176 6141 5271 5640 15045 8755 1595 6109 2251 3660 7716 7423 12084 7020 3156 5894 15896 12863 5972 19046 6762 14094 3058 9563 9064 2857 9228 9121 7739 7293 12178 2473 10539 9034 1850 9071 11330 1544 5693 3106 2602 11212 13823 14399 5298 6661 5160 6286 4235 16155 15165 2995 8897 5289 6927 12683 5470 7368 10773 3004 7978 9708 1080 10332 1522 1501 6584 8502 17082 12592 4431 1411
6486 12340 10384 12360 2768 5929 16030 8531 2194 7891 14478 12327 16757 5512 15251 12421 9223 5577 12806 7142 20434 12838 9750 9555 19773 8437 374 9866 11939 16041 5176 7522 10184 14668 16695 3977 9003 10953 8366 12757 10533 7668 5867 6319 3261 16057 6599 8885 12875 2886 8034 18060 3992 10161 13891 4056 6450 3893 17922 12259 5593 11781 16288 12940 14893 17087 15261 14041 18024 486 7844 4487 2800 10840 15710 11055 16610 10065 9250 2816 6437 14934 2337 5371 8112 6831 9107 7835 11240 6979 10419 19638 6928 14877 4774 5526 5654 19850 7783 9669 8800 4792 7627 9541 10655 9820 9532 17598 11564 8309 15188 5515 6249 13472 6948 18278 18271 15442 3763 7531 12556 2381 9012 17519 12508 7323 4647 6363 8108 10069 6394 0 5929 15791 5889 11558 14589 7264 15970 4783 13237 8552 9001 8603 6339 13123 2953 10993 13840 13624 6339 7176 4957 5172 6928 13980 10451 10752 2792 15176 17668 16752 8056 7412 9505 17796 8367 7878 11429 13567 6463 3510 16503 17129 7938 10101 13412 13537 11422 7257 6672 8809 6884 12407 15818 6034 5883 11128 9704 6021 1081 9437 12335 3682 13986 9656 16363 13204 5616 4791 8396 12540 12037 2659 15301 12613 8279 7976 3374 7220 18970 4462 9866 15786 16881 14663 8720 15786 8400 12216 16705 8726 5176 7723 14918 1434 6762 5497 14474 15989 3525 16744 11999 13209 12773 3863 14939 8373 6795 11532 2527 16706 12828 14204 6234 11622 16217 6235 15165 10754 11662 10369 12817 11958 14207 12001 1914 6431 7052 12086 9873 9787 17021 11378 12582 10163 7952 10018 2169 13202 3180 5647 8556 8129 15423 11396 20371 3705 9436 6913 3912 11523 15034 5911 8021 14230 15591 10777 15721 19737 8508 16024 16593 12232 7688 12466 7887 3097 10132 12231 6869 13434 7380 11066 5428 3141 7741 14533 8459 6259 4608 7568 17638 10726 4408 16000 11008 6638 2573 11910 8118 6229 8976 12149 6914 13190 18520 7066 6683 12490 5817 8323 12019 17560 15047 4850 542 4171 6556 6509 11067 7840 3926 8214 6035 16785 13540 8862 20641 5968 17590 4978 7694 14212 8887 5732 6012 11508 4190 7187 4371 11141 14442 8239 14335 16852 6994 6853 3506 7533 14533 12199 14513 2990 3117 5789 8129 4749 12355 13995 3571 10051 9692 4598 7222 9166 6885 8140 9273 7381 9065 6623 5907 7529 5669 6900 6033 19333 8958 5212 6991
11923 18179 16174 13008 4586 7993 19321 12016 7601 13644 19286 15972 20468 7550 20772 18333 15006 11449 17908 13010 25544 12791 15398 8693 24935 13830 5724 10908 16318 21201 9454 1601 13005 16961 18114 2466 11684 16492 11015 17362 16347 10006 685 5845 8626 18740 1482 10909 18792 4067 13842 23424 2430 11371 19522 2450 4261 3096 22409 16219 9671 15911 21248 18732 20011 22020 20542 16597 22612 6399 13178 2147 8137 14925 19961 11088 18738 14213 13524 5193 12125 15481 6229 9489 6241 3314 10071 12331 15731 12428 16319 24497 12020 19989 10460 493 10465 24720 13261 12885 8338 9607 13222 14059 11571 8715 10302 21307 16401 8294 18440 507 6876 17137 1081 22989 18660 17193 7338 6044 14743 8043 14640 17986 18295 7663 4675 12288 8146 14416 7771 5929 0 18938 3602 11926 16909 11059 21014 2712 13046 12698 14653 12321 1794 17637 2977 10748 17724 14504 12236 12905 7889 8596 9649 19133 16317 11268 8458 19475 21754 21967 9652 13306 15338 18866 6715 10505 15413 14695 12328 5525 21871 18277 12560 15636 19334 17336 16748 9709 2866 11334 10554 18331 16997 10054 9670 13940 10098 11393 6104 14871 15531 8268 19183 14723 21813 13068 11458 8457 9037 13073 13823 4360 19952 18179 13539 13139 8659 12996 24109 7464 9308 20946 22273 20461 9506 21320 12543 17857 19393 14582 10317 13560 20227 6655 2296 7309 17958 18589 8295 18971 17814 13460 18690 2639 20199 12453 4672 17417 7724 18415 18755 19244 1407 17531 21520 11607 15246 13135 12654 14876 14748 17588 19938 12483 7304 7403 12975 16472 15270 12900 18846 17091 14882 13630 6005 12970 3761 19016 7710 11552 14425 7671 19385 15523 25338 4568 14949 12484 9565 17423 18882 11433 7656 15517 19091 14373 18656 24619 14382 20075 20028 17676 12111 17169 13603 9021 12625 18004 12771 17493 1544 16437 10812 7399 5401 19029 13884 11734 9592 5381 17980 12320 10307 20533 16851 12494 4777 16952 13328 12011 13705 16185 2449 17568 23573 10191 12548 18353 1834 12240 12517 22148 15771 6544 6319 6251 10289 12058 14820 13670 9712 10824 2240 22083 18843 12920 25716 11325 21594 8723 13477 16834 8587 11657 11917 15198 10005 12798 7580 16389 16779 9202 16835 19022 9193 3149 6990 6743 18596 18050 20022 8274 2821 2865 12653 9247 18175 19799 6926 15032 12870 10267 12537 12780 1536 14044 10515 12815 14619 7114 11768 7801 8247 11955 11852 24084 14860 9728 9092
17991 13226 17685 8147 14830 10957 594 7273 13747 12061 6538 3624 2435 11413 11014 14682 12185 15623 7903 13144 10988 9539 18428 12113 10858 10081 15596 8760 5328 8859 10627 19864 5936 3109 5493 18650 7258 10364 7932 5760 12562 8933 18358 13376 17129 1559 18259 8107 15021 15313 12474 11143 18640 8268 11475 18741 15250 15947 6217 4146 10198 4814 7805 12794 8245 7994 9336 2779 6739 15490 10096 19042 17052 5425 4213 9926 3373 6131 6954 14239 12019 7825 18010 10420 14168 16573 9430 8366 5993 18145 13804 9080 19140 8207 16598 18890 10468 9282 18370 6192 11823 18637 11210 7107 8464 12422 9437 2991 6949 11439 660 18890 12165 2707 19314 7473 8817 4477 12255 13894 4689 13890 11079 8360 12628 11638 14263 14837 11494 6426 11194 15791 18938 0 15647 9059 3068 8527 8151 16230 9791 7424 11233 7193 17713 5331 17225 10483 3001 7188 13572 16981 11298 10788 9350 8257 13232 9149 16368 4325 4381 9489 9408 13463 16938 6764 13769 8448 4810 6596 13190 13660 10393 6359 8443 19194 15465 2947 9118 9239 16916 7605 8920 16349 6100 9759 9925 4999 9951 18014 16757 19311 3481 12117 8510 8441 10926 9672 15887 11097 10432 8334 5881 15124 5923 10667 9667 9517 12725 12328 10208 11798 11481 8763 10739 13469 9983 11331 7558 19710 1718 16433 11218 16349 9406 14357 17593 11639 1630 1827 18095 3101 12830 8784 16815 16489 9103 7542 15013 13783 17175 4646 16332 7678 17989 14340 9828 10996 9021 5897 7739 6538 5051 19636 12530 8644 13966 11611 14982 5274 19683 6123 4372 18775 4441 5628 14328 5994 16734 13149 12612 13784 13098 12182 2976 5075 10148 14487 10363 17662 16566 14069 2534 11586 12116 5995 1241 5041 742 9269 13162 3455 1408 20803 8412 6197 11812 14624 6341 12408 13619 3698 20321 20445 17763 12690 14918 5121 18873 17786 11475 14779 8736 7192 13946 5550 17415 15927 18287 7701 9581 16411 7899 4371 17583 4821 9432 8932 13153 13640 17334 7512 8602 6480 7355 12426 15285 12829 9245 11410 4854 16440 13408 8121 17078 10040 9059 7083 10940 11107 4016 10874 12307 2497 11529 14215 13736 4402 13429 17589 11771 8762 3095 10095 2720 3304 9746 16770 12591 12979 3387 13364 10678 13023 17396 16344 8164 11081 18289 13293 12589 7998 6186 12681 18680 6627 18545 13630 8879 10638 10649 12006 15764 11573 10786 9892 12882 8341 15836 10657 9846
12370 16874 16045 9406 3251 4926 16068 9083 6554 12313 16751 12922 17342 4559 18850 17311 13670 11213 15634 11978 23123 9211 15544 5143 22568 12002 5538 7354 13608 18896 7211 4228 9770 13493 14528 4746 8468 14712 7830 14749 15031 6793 2929 2307 9135 15331 2623 7544 17797 3008 12613 21272 4713 7829 17781 4802 741 2089 19612 13299 7277 13082 18780 17298 17695 19516 18362 13190 19870 6206 11328 4815 8659 12114 17083 7491 15224 11466 10881 3565 10774 11881 7390 7145 2816 1184 6528 9899 13107 12860 15277 21900 12798 17668 10615 3763 8424 22128 13655 9792 4741 10557 11668 11529 7992 5209 6730 18167 13975 4698 15189 3769 3484 14062 3708 20315 15077 13641 5186 2495 11291 7138 13056 14396 16863 4125 1860 11764 4554 11767 4486 5889 3602 15647 0 8324 13448 8349 18615 1374 9482 10038 13105 9473 2078 14961 3935 7165 14725 10905 11343 12950 5236 6036 6610 16868 15149 7669 8673 16632 18764 19694 6250 12351 15120 15265 3252 7351 12532 11106 11322 3372 19751 14677 10190 15943 18375 14311 14719 6562 1350 8089 7833 17661 13401 7574 7117 10667 6502 11910 6631 15309 12328 6452 16957 12544 19785 9499 11305 6052 5483 9470 10316 3267 17299 16381 11596 11133 7269 11740 21734 4960 5733 18645 20172 19003 5955 19405 9891 17992 15976 14313 8549 13366 18081 5791 1966 4275 14795 15163 9221 15470 16457 9865 18080 2410 18006 9775 1184 16287 8335 14850 18036 16883 2391 16509 19340 9913 11672 9769 9070 12299 11249 17742 18355 8881 6328 4041 12452 13759 15749 9768 15291 17109 11452 10599 2589 9778 4280 17627 6009 10736 13330 4069 16383 12708 22807 2497 13199 12768 9780 16353 15841 9916 4053 11934 15911 11361 15310 22037 13305 17099 16811 18090 9652 14624 12208 8507 9307 16550 11877 14580 4758 16942 11317 5628 2112 16305 14336 12140 7798 2010 14399 8812 9549 17796 16581 12274 6305 14662 11351 11974 11332 13301 1986 14816 21135 7259 11528 17117 1789 9493 8915 19413 12168 3674 5995 3706 7628 10522 11857 13491 8736 7639 1454 19887 16725 10199 23265 9642 18570 6307 12212 13439 4986 10973 11080 12193 9051 13026 5152 14298 13322 5691 13412 15511 6010 1322 4914 3142 15657 16783 18103 6962 3953 742 10215 7174 17947 18370 4802 12771 9764 9049 13110 9855 2899 13101 7000 11094 12935 3653 11555 4246 5352 9947 10755 21421 14415 7588 5887
16702 16748 18689 1130 9278 5694 9616 6294 10433 13138 13060 7981 11322 6068 16761 17807 14121 14635 13010 13591 19082 1398 18798 3475 18740 11648 11217 1891 9917 15646 8107 12342 5013 6159 6327 12653 4674 13755 4743 11157 15224 4606 11251 6167 14310 8164 10809 3620 18280 9561 13595 18221 12628 1903 16356 12730 7687 9582 14632 8837 7701 9064 15020 16773 14579 15550 15574 6280 15058 11531 11146 12870 13986 8455 12094 947 7468 8298 8354 8917 12052 3576 13830 7816 5947 8854 2485 8569 9876 17075 16082 17396 17587 14542 14862 12068 9066 17621 17664 5820 3606 16009 12145 9157 1245 3659 2036 12011 11218 3663 8854 12073 5518 8744 11914 15699 6864 5715 8035 5948 4431 10928 13039 6145 16414 4479 7775 14497 3833 8869 5166 11558 11926 9059 8324 0 6157 6948 15103 9415 1856 7828 13168 6815 10297 11090 11421 1477 9615 2634 13446 16473 6840 7059 5419 14048 15679 811 13571 11842 13153 16450 3696 14030 17737 6950 5469 4870 8451 2965 13190 8175 16964 6381 8927 19440 18860 9168 13043 4956 9284 4428 6768 18915 5143 7516 7190 5255 1915 16446 12632 19135 6782 8943 14241 10993 17267 1782 14850 7484 3198 1149 3235 9545 13110 15034 11060 10586 10095 12919 17955 7250 2789 15444 17390 18162 2840 17260 7789 20895 8722 16976 9815 16361 15437 10428 9986 6062 8938 7919 14929 7782 16273 1657 19411 10131 15230 7631 7307 16694 13873 6795 19126 13749 10655 17137 16423 10704 3610 4136 1336 9485 4008 20713 17273 565 10459 5191 15010 10024 19588 5603 7285 19893 4711 6540 6163 5278 11300 17167 9068 13189 14442 4255 10995 8850 18444 8487 12701 16751 14347 16892 10368 11137 4273 3820 9819 7086 8479 17571 14464 11722 10445 21520 8356 11302 12910 12328 4281 16099 13821 9861 12982 20676 15957 8852 6816 12011 18336 16452 9434 6752 6199 2447 12530 13239 18857 15460 13371 12189 10806 15562 9572 8994 9914 10690 17214 5867 13302 17123 10103 7237 604 14675 3845 6738 11259 7409 6937 11455 7630 16488 11625 4727 9727 16854 14383 7677 19121 10579 12843 7476 13224 6563 3343 13615 13381 7667 11849 16861 7414 12534 6079 3320 6369 7765 4905 9054 8182 5184 10636 16768 16128 10122 11532 9062 8711 8541 20120 17691 8086 10888 5737 11314 17517 6657 11022 14611 2502 11342 12690 5168 14927 4295 6119 9889 12615 16739 16701 8494 4840
17855 14613 18328 5169 13165 9131 3659 6277 12748 12492 8771 4179 5486 9605 13138 15977 12940 15505 9626 13410 13904 6508 18873 9409 13712 10548 14339 6202 6518 11301 9645 17670 4423 103 3136 16957 5597 11562 6256 7415 13605 7109 16286 11142 16446 2009 16068 6039 16375 13604 12946 13743 16942 5705 13295 17046 12964 14064 9177 5118 9175 5713 10375 14331 10490 10696 11586 803 9676 14366 10366 17299 16284 5821 6912 7067 2036 6272 6924 12620 12065 4801 16902 9386 11643 14262 6972 8089 6948 18089 14762 12041 18948 10450 16263 16925 9861 12252 18445 5094 9238 18067 11529 7400 5754 9680 6877 6053 8221 8956 3085 16927 10034 4097 17156 10392 6337 1733 10863 11452 2167 13016 11775 5749 14088 9333 12283 14910 9045 6769 9168 14589 16909 3068 13448 6157 0 7580 10633 14210 6741 7055 11929 6432 15525 7110 15560 7619 4875 4125 13658 17080 9750 9420 7726 10284 14227 6368 15665 6863 7422 12013 7261 13789 17488 4560 11210 6766 5363 3538 13299 11960 12800 3979 8292 19617 16880 4549 10443 7484 14641 5835 7832 17498 3303 8767 8785 3520 7309 17784 15627 19593 3077 11054 10527 9141 13264 6622 15763 9799 8017 5334 3183 13462 8407 12258 10028 9736 11889 12598 13013 10266 8747 11162 13183 15287 7547 13531 7143 20467 2598 16877 10685 16606 11581 13189 15338 9781 3621 1779 17328 2156 14172 5734 17987 14624 11302 7064 12675 14969 16333 2586 17560 9788 15834 15506 12228 10844 5994 3885 4885 7141 2253 20354 14336 5696 12915 9508 15190 6537 20002 4919 2673 19486 2054 4953 11825 4624 15175 14713 11465 13715 13685 9692 5665 5779 13112 12667 11152 17645 16065 15235 5080 11425 9646 2933 4098 4749 2393 12228 13737 6291 4473 21424 8039 7765 12234 14013 4484 13824 13823 5442 18198 20892 17444 11452 12447 7423 19020 17628 10742 12331 6104 4660 13600 8228 18202 16001 16944 9145 9867 16372 8159 5367 15306 6589 12237 7524 13313 15027 15202 6873 5654 9373 4351 10593 14130 11103 8155 11415 4918 16712 12905 6423 14901 12525 10942 6720 13879 10878 7066 9624 12694 904 8941 14167 13749 4577 12997 17632 10297 9997 149 7762 546 2265 7901 14464 11164 10556 5703 14713 12680 12117 15716 14174 7995 10140 19234 14999 11132 8789 5047 12275 18608 5883 16333 14113 6463 10824 11345 9812 15704 9231 9122 9738 12877 11318 16371 9802 7966
10458 10014 11818 7169 6595 3523 8772 1310 5250 6190 8404 5110 9607 3812 10907 10955 7207 8177 7419 6693 14783 8324 12047 7430 14244 4797 7075 5115 5285 10615 2113 12267 3217 7669 10135 10332 2481 7204 2212 6402 8376 2577 10581 6495 8867 8858 10736 3328 11438 7112 6648 13068 10327 5049 10116 10425 8235 7964 11357 5198 1672 4853 10439 10163 9419 11168 10173 6941 11578 6968 4240 10766 8714 3867 8905 7051 9614 3158 2533 5977 5164 9328 9497 1894 8142 9484 4898 1821 4758 10747 9160 13557 11498 9390 8768 10907 2378 13785 11209 2493 6671 10490 5199 3213 5708 7842 5324 10454 5680 5984 7925 10903 5239 6275 11664 11991 12431 8732 3854 7603 5784 5461 6171 11677 9768 5438 6597 7804 5883 3419 4238 7264 11059 8527 8349 6948 7580 0 10293 8475 8785 1689 6288 1349 10218 6628 8910 7364 6748 7897 6651 9908 3185 2468 2073 8638 8784 6268 8086 8416 10735 11426 3742 7127 10880 11421 7965 2123 4376 7599 6356 5538 11590 10743 2186 12733 12026 6397 6814 2426 9699 2583 517 11982 9518 1235 1442 4061 5895 10326 8236 12539 5081 3594 8754 4580 11706 8697 8422 2674 5142 7433 5692 6872 8963 8712 4225 3728 4317 5989 13409 3596 7184 10370 12020 11707 5021 11453 1544 14027 9496 10148 3212 9637 9925 5830 10270 4105 7236 8817 9760 9696 9543 8254 12476 8449 9812 1426 8185 9837 8781 9946 12208 8590 10403 10252 11137 3811 10005 4079 6270 3955 6220 13859 10897 7108 5453 4756 8237 5438 12979 2661 10174 13022 5723 2899 8185 2974 8338 10545 4086 6515 7494 6505 8392 4465 14458 6495 5937 10345 8508 10017 7934 4302 6373 8012 8364 3528 8474 13692 7516 9057 9359 14742 1566 6279 5963 6442 3479 9445 6970 6456 12560 13997 9943 4182 8553 7996 11838 10219 3168 8355 11899 4917 6152 9497 11937 8845 9773 6455 3960 9088 3182 5143 10317 6520 12795 1335 6442 10362 9739 1181 7101 11116 9249 4685 6760 4827 776 4542 3872 9758 5380 2222 9602 11666 8628 1868 14921 3728 10601 2423 6279 7077 6493 6965 6643 4295 5509 10388 3492 6333 7431 4671 7247 9828 2882 9650 4207 6818 7565 10005 10187 4567 9091 8906 2077 2590 13182 11161 4234 4672 2535 4827 11243 1902 11055 7678 4580 4397 5858 5318 8423 5526 3006 2941 5816 13095 9815 2223 3032
14966 7016 12684 14589 16427 13809 7681 9830 13814 8845 2046 7155 6252 14104 3283 8455 8022 12952 3164 10035 4531 16089 13835 17088 3953 7601 15960 13905 5302 722 11571 22361 10217 10716 13547 19771 11080 5627 11479 4045 7468 12399 20621 16777 15689 9702 20898 12372 8599 16948 9006 3149 19776 13543 4451 19859 18528 17964 3474 6266 11403 6087 558 6266 1130 1250 1585 9952 3137 15519 8143 20262 15854 6872 3970 15705 11513 7335 7777 15822 9858 15262 17584 11566 18312 19765 14183 8737 5607 14890 8632 3764 16109 1134 14324 20778 10568 3955 14741 9624 16474 16672 8619 7088 14049 17484 14443 6473 4643 15857 7769 20772 15503 6647 21746 2883 16872 12325 13697 17818 11054 13598 7497 16344 6345 15541 16815 11823 15810 6923 14476 15970 21014 8151 18615 15103 10633 10293 0 18596 16467 8614 7586 9340 20401 4026 18446 16203 5796 14217 10832 13492 13385 12595 12233 2040 8094 14803 15112 3834 5008 1385 13438 10101 12280 14881 18071 11795 6713 13631 10492 15567 2252 14424 8475 14569 8839 6183 4695 12448 19961 11475 10804 10257 13933 11064 11505 9849 15073 15234 16580 15030 8432 12775 2111 6338 2829 16347 13182 12641 14858 14847 12077 16660 2241 4573 7695 8001 12635 9461 3119 13709 16640 713 2588 6138 14560 3413 8752 14211 9815 12127 10845 12551 1882 14725 20502 14398 7027 9953 16734 11252 6826 15540 10614 18377 1609 8882 18476 7998 16157 12748 10050 1775 20546 8504 1702 9742 16409 10979 13846 6346 11669 14237 5347 14905 14114 14994 11575 5172 15267 9780 12513 13476 10762 8777 18384 10009 17730 6484 13345 11399 9123 16500 5176 6364 4404 16563 6840 14372 14736 8284 5654 10124 16383 13331 6912 8105 8850 3831 9203 4811 7251 15534 8976 4050 8707 13473 10953 6300 10547 5350 22553 15630 15257 13630 18800 3225 14992 14848 11512 18609 16709 12683 12255 2686 12085 12687 18471 4080 7852 13382 7324 6112 20561 4414 2563 11506 10329 7347 19895 9206 14874 2865 14869 14941 15435 14981 10990 9580 7540 12586 12269 11633 19804 1898 2770 8504 4705 10004 5315 12375 9127 9755 16232 11666 11146 7445 12098 14151 13547 4872 10579 14392 10108 11455 12992 19926 14037 16977 4933 7227 3322 13033 18636 19134 8417 11768 12475 6244 14111 5991 9692 11495 15394 9124 21222 9797 13662 8650 7256 15544 12912 15585 13297 9131 10579 3667 11392 11286 13141
11255 16340 15105 10464 2438 5296 16616 9367 5801 11763 16804 13303 17786 4862 18591 16671 13132 10268 15540 11308 23124 10389 14524 6390 22540 11667 4458 8270 13757 18827 7040 3792 10298 14263 15503 3401 8978 14371 8311 14842 14493 7297 2139 3252 7972 16031 2307 8200 17149 2035 12024 21131 3369 8721 17436 3462 2106 896 19829 13586 7194 13307 18800 16819 17629 19557 18228 13888 20052 5153 10998 3515 7486 12324 17349 8629 16056 11631 10978 2932 10218 12991 6086 7031 4165 2062 7427 9864 13201 11752 14634 21998 11614 17605 9555 2722 8159 22224 12561 10200 5903 9323 11206 11561 8960 6493 7688 18623 13957 5753 15735 2725 4184 14464 3190 20456 16236 14537 4921 3784 12043 6347 12618 15539 16381 5033 1968 10914 5587 11872 5061 4783 2712 16230 1374 9415 14210 8475 18596 0 10686 10142 12652 9698 1844 15093 2571 8346 15071 11942 10615 11941 5290 6040 6964 16773 14553 8716 7571 16874 19109 19611 6950 11656 14200 16313 4581 7805 12790 12096 10636 3035 19590 15706 10121 14883 17716 14676 14496 7007 1893 8625 7962 16897 14412 7547 7130 11231 7540 10775 5417 14215 12830 6038 16842 12386 19579 10694 10337 5958 6410 10551 11143 2342 17422 16056 11314 10878 6676 11155 21708 4908 6941 18574 20003 18540 6871 19144 9989 16987 16684 13404 8150 12428 17928 4943 2105 4611 15266 15882 7977 16283 15943 11002 17298 1056 17877 9889 2546 15683 7139 15770 17291 16839 1950 15865 19208 9497 12855 10425 10049 12362 12063 16731 17943 9961 5541 4702 11608 13911 14647 10208 16191 16132 12178 10961 3944 10268 2979 17131 5527 9974 12695 5201 16734 12923 22869 2037 12836 11695 8695 15726 16219 9421 5161 12904 16397 11710 15944 22127 12663 17432 17329 17013 9630 14677 11683 7610 9913 16076 11155 14865 4123 15839 10179 5170 3486 16470 13233 11033 7401 3380 15560 9643 8752 17972 15685 11335 4949 14573 11083 10979 11272 13564 2228 14995 21142 7534 10849 16557 1310 9650 9993 19590 13250 3866 4973 3650 7716 10042 12171 12549 8005 8120 1341 19764 16554 10342 23284 9218 18938 6224 11634 14124 6122 10168 10330 12539 8316 11969 5055 14104 14078 6540 14128 16338 6486 2071 4597 4303 15962 16234 17841 6328 2582 1016 10185 6908 17045 17893 4509 12658 10183 8417 11972 10136 2633 12407 7848 10702 12541 4443 10607 5187 5585 9682 10097 21558 13560 7365 6383
18529 18500 20544 1887 10837 7457 10375 8070 12217 14972 14440 9313 12168 7801 18316 19592 15932 16480 14564 15442 20269 461 20654 4354 19976 13446 12886 3746 11403 17045 9959 13270 6627 6714 5993 14020 6455 15479 6574 12614 17011 6462 12362 7503 16073 8663 11814 5462 20061 11073 15432 19609 13992 3737 17996 14092 8790 10963 15686 10228 9556 10531 16339 18494 16023 16817 17049 7067 16145 13240 12960 14191 15734 10013 13221 2184 7603 9935 10064 10527 13903 2749 15470 9669 6847 9829 4285 10370 11438 18908 17894 18508 19397 15985 16682 13242 10922 18728 19505 7492 4787 17768 13975 10853 3079 4369 3818 12782 12801 5058 9701 13249 7063 9933 12902 16819 5632 5823 9806 7003 5472 12726 14838 4996 18145 5987 9210 16352 5251 10516 6859 13237 13046 9791 9482 1856 6741 8785 16467 10686 0 9588 14969 8578 11333 12499 12862 2347 10813 2635 15302 18322 8630 8889 7273 15549 17481 2626 15344 13027 14069 17834 5527 15881 19592 6237 6362 6721 9937 3205 15045 9789 18414 5791 10722 21294 20637 10380 14711 6808 10276 6238 8618 20733 4764 9372 9045 6699 3539 18262 14300 20984 8042 10763 15754 12717 18754 122 16693 9310 4844 1621 4390 11090 14391 16701 12857 12390 11922 14765 19214 9017 3750 16855 18835 19840 4557 18799 9560 22750 9137 18831 11671 18217 16937 12163 10959 7766 9952 8388 16658 7954 18026 1006 21229 11493 16713 9404 8374 18482 15603 6659 20935 15209 11709 18933 17863 12554 2208 5664 2722 11119 4912 22568 18937 1711 12229 6812 16866 11498 21438 7263 7181 21747 5768 8146 7080 6912 12815 18889 10864 15044 16277 5499 12055 10355 19570 9995 14475 18589 16148 18686 11429 12991 5554 3923 10706 8617 9134 18689 16300 12756 11199 23376 10164 12799 14742 14144 5925 17833 15675 11144 13962 22528 17766 10632 7719 13304 20179 18278 11286 7701 4952 4084 14376 14435 20706 17312 14920 13783 12607 17407 11315 10408 10864 12065 18457 7722 15156 18881 11213 9016 1727 15788 3194 8389 12967 9067 8791 13303 9136 18343 13467 6568 10810 18268 15945 9415 20284 12432 13732 9312 15063 7340 4588 15470 15237 9112 13695 18705 9193 14203 6699 5051 7077 7889 6738 10022 9932 6383 11811 18528 17707 11937 12958 10199 10497 10389 21964 19389 9829 12583 7408 13166 19344 8374 11991 16457 4353 13172 14480 6695 16775 5787 7918 11725 14471 17821 18554 10349 6665
10816 8920 11499 7821 8185 5195 7583 1543 6419 5664 6715 3834 8205 5498 9375 10009 6428 8457 5796 6440 13096 9136 11916 8843 12561 3912 8409 6138 3620 8951 3424 13934 3199 7154 9911 11854 3157 5946 3245 4715 7435 3961 12236 8164 9706 8006 12413 4348 10475 8707 6133 11427 11852 5952 8706 11947 9921 9604 9712 3709 3090 3273 8752 8960 7759 9479 8547 6322 9916 8204 3528 12304 9629 2303 7305 8103 9034 1541 844 7565 5030 9668 10677 3298 9756 11172 6113 1034 3071 11038 8381 11872 11925 7729 9283 12528 3047 12099 11391 2266 8130 11236 4657 1565 6592 9254 6487 9046 4023 7464 6786 12524 6896 4945 13328 10315 12544 8449 5411 9236 5626 6502 5293 11812 8593 7013 8279 7862 7384 1733 5877 8552 12698 7424 10038 7828 7055 1689 8614 10142 9588 0 5432 1013 11898 4951 10444 8488 5290 8262 6618 10029 4855 4107 3651 7000 7934 7249 8944 6801 9191 9765 5100 6844 10608 11278 9551 3395 2878 7860 6268 7173 9969 10613 1276 12644 11049 4986 5367 3923 11388 3444 2205 11224 9486 2671 3029 3734 7099 10769 9451 12569 4174 4892 7129 3199 10116 9488 8717 4252 6543 8098 5886 8453 7283 7328 3326 2907 5338 5650 11727 5242 8520 8708 10401 10409 6345 9913 157 13689 8608 9942 3797 9592 8314 7130 11956 5791 5986 8016 10671 9055 8445 8920 11723 10074 8186 269 9862 8903 9759 9577 11395 6924 12076 9369 9502 3789 10498 4224 6919 2269 6177 13548 9553 7878 6664 6396 8171 3774 12987 2506 9724 12689 5483 2106 9812 2895 9830 9352 5440 6660 6942 8039 6892 2882 12770 8145 4888 10590 9178 9116 6484 4372 7913 8106 7077 2431 7495 12006 6981 7523 8085 14538 1006 4591 5413 7205 3762 8275 6819 4916 14210 13921 10462 5608 10203 6333 11971 10593 4071 10008 12075 5527 6611 7836 11494 8950 11111 4845 3098 9318 1758 3613 12005 4870 11108 2911 6298 9296 11414 645 7863 9453 9502 6372 8024 6492 2427 4377 2576 9703 6005 3343 11284 10022 7052 347 13233 3831 9083 3989 5823 6397 7925 7112 6698 3029 6050 10577 5118 4867 6912 6065 6635 9211 4438 11339 5767 8424 6025 8942 8673 5661 10629 10592 991 3809 12654 9906 5810 3180 2346 5308 11559 1311 12733 7265 5696 3888 4914 6953 8651 7081 4694 2685 5826 11418 9502 3340 4590
7488 3843 6466 13239 10241 9183 11133 6907 7057 1263 6720 7889 10881 9251 6273 4667 1017 5374 4647 2454 11774 14511 7211 13586 11064 1525 9087 11381 5916 7459 6110 16164 8611 12032 14989 12968 8515 2034 8441 5858 2096 8847 14408 11903 8166 12311 14907 9576 5151 10715 1454 9171 12981 11267 4893 13049 13271 11857 10378 7129 6248 6457 8027 4194 6456 8818 6534 11133 10287 8519 2053 13477 8377 6119 8933 13331 13723 5683 5171 9720 2563 15078 10254 6284 13815 14285 11185 4600 5242 7481 2950 11346 8656 6452 6738 14324 4825 11532 7484 7676 12784 9086 1446 4553 11922 13993 11612 11578 4449 12084 10584 14315 10843 8542 15552 10305 17841 13515 7934 13207 10893 6666 155 17128 3761 11370 11254 4269 11953 5162 10029 9001 14653 11233 13105 13168 11929 6288 7586 12652 14969 5432 0 6420 14489 6344 11799 13652 8311 13683 3249 6136 8236 7476 8218 5557 2512 12527 7649 8398 10911 8061 10001 2570 5706 16400 13754 8411 6634 13262 2921 9743 7633 15760 4247 7981 5742 8290 2938 8639 14348 8739 6592 5791 14729 6168 6641 9009 12180 7706 9398 8173 8852 6656 5476 2821 7421 14873 5610 7280 11348 13514 11290 10401 7752 3627 2114 2581 6010 1912 10309 8317 13411 7219 7981 5899 11278 6798 5438 8555 12792 5235 4559 5319 6165 8008 14736 9520 9603 12415 9202 13650 3396 14338 6291 12138 6258 5587 13375 3550 8713 14515 5969 5986 14532 3971 7428 3194 15929 9641 12333 4818 11488 8456 5297 13264 7358 10496 4120 5985 8516 7917 14558 7588 10705 7303 13797 8305 11022 4533 7133 3844 1879 12490 9307 6267 11897 10690 900 6963 7174 3731 9250 3236 12352 13444 10386 7246 11590 11405 1948 9603 11291 9585 4812 5408 1161 6143 9194 3446 2971 7638 16181 9220 7688 7502 14002 7453 7874 7346 5307 13794 17411 10941 4831 8595 6277 5213 11320 4097 2362 5869 3855 6889 14839 6721 9989 7551 2748 4148 13944 5964 13252 9867 14889 9723 8505 9463 6542 2612 7012 5387 5082 8482 13978 7988 4870 5666 12017 3463 11004 7074 1542 11121 12644 4085 3570 7360 4841 6793 8091 2942 11800 10893 11429 13835 8998 14402 8192 12583 8412 3794 5547 6387 11982 13428 4482 6005 7323 5265 8306 3240 7758 4417 8008 6725 15228 2475 10863 2060 589 11047 5354 11502 8540 3461 3099 11223 4609 5673 9136
11445 9933 12385 6821 7907 4557 7427 544 6559 6584 7379 3763 8267 4915 10296 11016 7407 9113 6653 7286 13769 8125 12744 7920 13265 4896 8419 5134 4153 9724 3433 13482 2295 6526 9156 11666 2145 6955 2274 5346 8438 3081 11822 7484 10078 7587 11929 3353 11483 8419 7053 12238 11660 4940 9680 11758 9294 9232 10148 3899 3011 3615 9434 9970 8547 10132 9386 5747 10397 8297 4472 12094 9954 2641 7650 7097 8450 2021 1658 7292 5822 8726 10818 3232 8972 10576 5140 1878 3734 11698 9365 12450 12525 8515 9831 12187 3435 12680 12099 1398 7232 11667 5573 2467 5579 8328 5500 9113 4846 6581 6585 12184 6197 4930 12886 10848 11671 7714 5188 8480 4818 6732 6284 10931 9604 6204 7782 8606 6515 2428 5157 8603 12321 7193 9473 6815 6432 1349 9340 9698 8578 1013 6420 0 11402 5512 10241 7490 5427 7310 7389 10758 4433 3770 2913 7830 8927 6240 9301 7179 9438 10544 4183 7702 11478 10493 8738 2489 3093 6931 7056 6820 10811 9822 2196 13459 12059 5064 6340 3108 10821 2441 1802 12209 8654 2570 2785 2970 6119 11358 9563 13341 3773 4925 7975 4201 10991 8478 9367 4008 5628 7096 4963 8188 7846 8313 4307 3867 5573 6516 12433 4878 7568 9487 11245 11407 5402 10827 984 14584 8215 10789 4254 10383 9173 7169 11419 5198 5887 7563 11001 8506 9458 7920 12708 9730 9026 833 9200 9908 10043 8886 12388 7702 11606 10368 10327 4517 9526 3294 5917 3038 5330 14435 10544 6868 6773 5672 8964 4303 13767 1622 9073 13581 4707 1581 9044 2001 9679 10362 5429 7362 7876 7189 7080 3237 13384 7754 5897 11269 9645 10117 6606 5076 7067 7226 7015 2179 7166 12594 7911 7759 8010 15394 1734 5291 6337 7610 2792 9287 7633 5172 13806 14733 11013 5530 9471 6835 12701 11215 4361 9282 11182 4524 7172 8323 12413 9681 11119 5725 4069 9999 2765 3866 11455 5344 11786 2217 7106 10309 10939 484 6854 9940 8581 5855 8094 6071 2107 5170 2534 10498 6476 2390 10777 10832 7948 910 13889 4510 9291 3763 6725 5859 7014 7816 7436 2950 6565 11280 4794 5835 6285 5151 6058 8649 3653 10751 5539 7637 6275 9955 9605 5850 10421 10067 1941 3891 13596 10910 5560 4153 1467 5845 12210 574 12243 8164 4706 4784 5912 6214 9330 6254 4136 3467 6574 11954 10381 3482 3802
12700 18161 16722 11398 4254 6902 18127 11040 7586 13584 18586 14928 19374 6502 20434 18460 14954 11905 17360 13096 24925 11096 16068 6983 24348 13511 6053 9414 15501 20644 8864 2152 11819 15570 16552 3783 10510 16215 9862 16609 16314 8828 1139 4383 9382 17408 546 9614 18935 3809 13836 22962 3745 9893 19279 3803 2618 2647 21548 15265 8999 15017 20594 18649 19445 21345 20057 15268 21787 6756 12842 3637 8888 14040 19043 9431 17292 13365 12739 4771 12041 13824 7219 8843 4495 1529 8594 11664 14966 13203 16425 23768 12945 19420 11085 2137 9998 23995 14027 11804 6691 10578 13043 13345 10035 6979 8781 20203 15759 6722 17248 2148 5549 16078 1637 22209 16960 15696 6753 4359 13369 8111 14456 16298 18211 6198 3623 12616 6590 13630 6530 6339 1794 17713 2078 10297 15525 10218 20401 1844 11333 11898 14489 11402 0 16845 3633 9063 16719 12904 12383 13508 7044 7816 8590 18595 16360 9676 9074 18579 20761 21431 8324 13433 15839 17247 4976 9372 14483 13130 12420 4864 21423 16673 11930 16380 19497 16312 16335 8578 1078 10137 9702 18632 15410 9339 8908 12725 8520 12195 6795 15669 14374 7882 18667 14216 21418 11361 11953 7761 7546 11446 12388 4124 19180 17900 13156 12718 8501 12969 23516 6694 7618 20391 21837 20372 8020 20987 11747 18536 18054 15053 9994 14058 19760 6696 550 6230 16834 17241 9232 17542 17768 11791 19022 2493 19705 11640 2990 17485 8506 16897 19035 18649 388 17654 21037 11339 13539 11842 11104 14137 13323 18275 19781 10859 7314 6102 13311 15654 16090 11790 17344 17713 13529 12594 4260 11817 4286 18958 7369 11729 14492 6057 18381 14637 24652 3869 14679 13193 10203 17521 17849 11255 6057 13965 17955 13352 17383 23900 14458 19089 18863 18480 11426 16457 13510 9303 11372 17908 12923 16547 2698 17275 11601 7013 3638 18210 14681 12490 9244 3636 16280 10885 10495 19709 17337 12969 5880 16391 12924 12567 13081 15256 722 16728 22941 9206 12635 18371 548 11384 10895 21328 14133 5547 6610 5423 9471 11877 13834 14176 9782 9670 636 21592 18388 12083 25080 11060 20576 8026 13450 15516 6955 11900 12088 14184 10091 13484 6854 15940 15400 7766 15490 17581 8033 1357 6434 5128 17634 18051 19683 8145 3550 1370 11985 8745 18688 19723 6343 14479 11779 10226 13376 11813 844 14183 9073 12545 14383 5729 12238 6312 7266 11522 11893 23313 15249 9197 7916
13657 7900 12632 10614 13095 10064 5075 5959 10930 7393 1980 3215 4546 10403 6044 9365 7192 11372 2588 8586 8294 12110 13509 13094 7833 5556 13041 9882 1358 4557 8242 18885 6192 7204 10200 16675 7096 5127 7536 486 7356 8497 17184 12995 13549 6707 17363 8379 9695 13619 7735 7131 16676 9517 6230 16767 14803 14545 4817 2272 7977 2066 4009 7466 3531 4654 4588 6351 4979 12717 5833 17142 13602 2917 2700 11680 8410 3498 4116 12476 7821 11485 15034 8169 14426 16078 10180 5364 1914 13716 8621 6941 14833 3493 12570 17454 7480 7170 13794 5629 12503 14824 6744 3618 10024 13486 10427 5234 1907 11903 4755 17449 11707 3021 18279 5364 13447 8843 10317 13959 7162 10853 6201 12847 7297 11649 13224 10402 11867 3223 10664 13123 17637 5331 14961 11090 7110 6628 4026 15093 12499 4951 6344 5512 16845 0 15288 12177 2367 10348 9197 12424 9806 9057 8424 3187 8039 10777 12864 2147 4723 5360 9488 8819 11968 11603 14158 7890 2693 9779 8814 12116 5921 11065 5204 14279 10135 2589 3851 8588 16311 7497 7144 11058 10378 7584 7972 5838 11056 13791 13896 14513 4524 9615 3424 3866 6296 12381 11630 9181 10890 10878 8122 13353 2338 5340 5343 5422 9758 7824 7013 10191 12630 4359 6338 8231 10574 6463 5104 14563 7031 11561 7976 11653 4527 11761 16893 10691 3801 6895 14586 8228 7511 11595 11517 15005 4271 5206 14712 8498 13830 9501 11022 2744 17027 9057 5365 7203 12593 6959 9848 2785 7795 14511 7282 10909 11210 11177 10389 1210 14846 5773 9376 13663 6879 4772 14512 5989 14631 7825 10186 9585 8213 12566 2972 2367 7874 13093 5444 13205 12761 8789 3000 7723 12454 9572 4266 4083 5874 7083 8285 3275 5063 15725 5560 943 7171 11111 6927 7080 9102 1701 19154 15491 13660 10411 14963 1413 14211 13485 8517 14778 13195 8663 10105 2907 12275 11438 15692 2423 5376 12028 4150 2097 16936 528 6327 7725 8718 8312 16364 5469 10878 4514 11129 11309 12582 11443 7378 7335 3517 11726 9843 7700 16229 5772 3842 4765 8399 7411 4749 8914 7670 6206 12252 9960 9439 3424 9757 13069 10061 3563 7027 10430 6565 8431 9144 16250 10670 13095 2113 8042 5571 10135 15475 15531 5050 8541 13060 8004 10724 3385 5693 9048 14252 5214 17682 8819 9652 6413 5802 11711 11436 11678 9609 6290 8672 6468 10903 8048 9289
9095 15249 13240 12393 2403 6431 17544 10029 4753 10746 16817 13993 18506 5957 17989 15368 12098 8484 15302 10063 22959 12525 12513 8699 22324 11078 2764 10024 14016 18581 7051 4573 11342 15625 17219 1428 10046 13690 9366 14970 13427 8454 2968 5375 5775 17243 3786 9547 15824 1959 10922 20717 1420 10422 16687 1520 4650 1952 20101 14102 7354 13714 18719 15824 17406 19506 17867 15131 20258 3426 10445 1860 5281 12735 17747 10725 17506 11985 11231 2985 9248 14975 3606 7149 6661 4527 9187 9924 13374 9600 13359 22025 9312 17387 7544 2576 7893 22244 10428 11040 8102 6947 10385 11671 10776 8857 9527 19352 13900 7812 16672 2565 5919 15164 4010 20580 18284 16122 5056 6210 13418 5140 11795 17562 15389 6941 3655 9311 7625 12105 6522 2953 2977 17225 3935 11421 15560 8910 18446 2571 12862 10444 11799 10241 3633 15288 0 10518 15658 13811 9276 9986 5926 6483 7904 16510 13374 10663 5530 17236 19627 19325 8433 10348 12388 18153 7042 8845 13274 13883 9382 3602 19159 17517 10106 12793 16363 15304 14039 8089 4241 9755 8439 15354 16203 7776 7470 12304 9506 8582 3198 12062 13749 5696 16540 12111 19064 12856 8501 6236 8260 12518 12669 2107 17557 15370 10838 10473 5878 10087 21507 5429 9181 18326 19551 17552 8682 18532 10287 14980 17900 11624 7621 10607 17538 3802 4130 5798 16077 17130 5600 17694 14895 13059 15714 1525 17532 10222 5079 14465 4888 17381 15778 16671 3446 14567 18837 8845 14972 11680 11856 12503 13546 14714 17059 11937 4449 6323 9998 14168 12477 11102 17762 14186 13506 11691 6451 11247 790 16098 5122 8588 11479 7385 17299 13323 22819 2971 12153 9614 6651 14464 16844 8614 7317 14643 17214 12390 17039 22137 11434 17953 18191 14874 9729 14732 10720 6048 11103 15104 9809 15346 4436 13659 7990 4877 6037 16698 11073 8892 6935 5917 17619 11216 7345 18194 13899 9534 2381 14366 10645 9072 11224 14034 4298 15278 21009 8294 9602 15412 3175 10073 11964 19792 15182 4989 3361 4458 8138 9233 12775 10719 6788 9185 3501 19404 16152 10708 23147 8566 19504 6489 10566 15340 8279 8684 8954 13187 7072 9917 5470 13712 15419 8271 15399 17773 7659 4482 4703 6564 16457 15114 17243 5481 189 3527 10241 6753 15232 16887 4682 12459 11042 7386 9756 10756 4042 11082 9514 10040 11805 6257 8806 7127 6471 9318 8923 21661 11888 7245 7598
16521 17345 18846 2578 8526 5378 11031 6949 10124 13489 14157 9160 12706 5666 17672 18318 14565 14572 13941 13818 20290 2047 18848 2103 19918 12155 10636 2367 10945 16715 8166 11054 5997 7624 7732 11674 5374 14429 5260 12201 15738 4829 10065 5156 13922 9628 9558 4141 18801 8745 13933 19289 11646 2667 17157 11745 6487 8617 15923 9962 7813 10122 16154 17435 15614 16719 16574 7709 16332 11026 11604 11848 13561 9426 13361 557 8942 9171 9109 8244 12285 4776 13191 7890 4619 7581 2479 9106 10825 16922 16510 18650 17336 15578 14657 10927 9256 18877 17559 6696 2444 15605 12524 9924 2171 2226 2040 13413 12127 2730 10249 10933 4767 10002 10656 16955 7913 7183 7706 4708 5816 10662 13534 7239 17058 3686 6869 14553 2926 9719 4688 10993 10748 10483 7165 1477 7619 7364 16203 8346 2347 8488 13652 7490 9063 12177 10518 0 10860 4042 13583 16434 6585 6965 5554 15029 16146 1414 13213 13078 14506 17527 3723 14259 17883 8250 4134 5242 9498 4422 13360 7512 17981 7718 9473 19455 19388 10409 13820 5097 8022 5050 7090 19315 6525 7707 7316 6402 1509 16222 12045 19086 8024 8775 15210 11688 18248 2349 14771 7364 2689 2530 4614 8772 14280 15799 11577 11085 9952 13201 19121 6921 1445 16503 18411 18896 2529 18185 8425 21036 10192 17100 9939 16415 16413 9986 8716 5590 10275 9386 14455 9258 16871 2735 19805 9146 16223 8264 6082 17201 13407 8239 19557 14773 9432 17615 17453 10966 4511 5249 2748 10346 5439 20839 18033 2004 10107 4569 15110 11062 19543 6504 8736 20042 6085 7489 4846 6226 10484 17825 8807 13256 14780 3153 12300 9872 19688 7669 13269 16634 14071 17381 11676 11341 3208 5274 11197 8109 9920 18822 14795 13034 11857 21573 8871 12306 13276 12121 5256 16738 13997 11053 11722 20664 15704 8542 5496 13180 18243 16270 9464 5455 7234 3558 12480 14462 19080 15460 12597 13076 11315 15493 10246 10098 8631 11808 18393 6138 13492 17704 8914 7862 2047 15936 5120 6149 10752 6828 7197 11725 8670 16543 11553 5192 8520 17906 15295 8389 20342 10808 14206 7409 13545 7991 2242 13662 13480 8763 11803 16774 7116 13313 7537 3008 7812 9238 4885 7778 7793 4045 11887 17347 17011 9921 10613 7890 9290 8549 20379 18393 7682 11637 6619 11339 17336 7434 9752 14885 2803 11730 13214 4395 14881 3482 5912 10263 12766 18010 16886 8588 4781
15307 10236 14735 8966 13334 9816 2827 5708 11694 9214 3897 1823 2928 10223 8293 11686 9239 12959 4955 10344 9474 10464 15522 12086 9163 7258 13698 8722 2404 6445 8704 18832 5164 4963 7903 17080 6348 7365 6932 2772 9568 7966 17205 12583 14765 4340 17255 7513 12030 13846 9607 8934 17074 8290 8586 17172 14454 14643 5100 1582 8340 2126 5588 9826 5616 6012 6713 4166 5481 13485 7362 17514 14747 3006 2512 10327 6052 3783 4614 12718 9340 9469 15935 8555 13754 15769 9187 6061 3127 15423 10816 7790 16472 5576 14033 17603 8258 8018 15590 4942 11609 16179 8422 4522 8694 12452 9342 3762 3958 11087 2399 17600 11300 880 18246 6095 11189 6595 10601 13364 5344 11737 8160 10620 9646 11027 13125 12095 11090 3883 10262 13840 17724 3001 14725 9615 4875 6748 5796 15071 10813 5290 8311 5427 16719 2367 15658 10860 0 8460 10843 14203 9848 9197 8129 5456 10241 9447 14031 2227 4042 7180 8762 10634 14013 9290 13424 7386 2412 7867 10457 12241 7931 8775 6042 16291 12482 452 6118 8165 16056 6752 7226 13348 8177 7906 8189 4501 9944 15376 14725 16450 2837 10181 5704 5572 8389 10692 13223 9422 10047 9210 6447 13614 3614 7702 6903 6828 10583 9540 8403 10302 11542 6297 8320 10588 9663 8669 5443 16735 4680 13538 8917 13517 6718 12420 16689 10490 1434 4529 15771 5863 9835 9853 13815 15149 6435 5481 14295 10782 14919 7172 13333 4931 16947 11339 7360 8458 10622 5650 8302 3815 5934 16667 9641 9342 11946 10745 12181 2326 16808 4993 7025 15809 5049 4126 13874 5062 15076 10188 10725 11125 10187 11801 1663 2484 8833 13163 7427 14926 14097 11069 1194 9031 11706 7537 2078 3367 3510 7963 10254 2375 3026 17848 6175 3201 8972 12265 5820 9419 10837 697 19191 17530 15174 10876 14394 2571 16062 15114 9308 14226 10978 7306 11436 3629 14440 13170 16400 4702 6855 13699 5272 1712 16708 1844 7645 7537 10397 10650 16280 5590 9306 5078 9073 11206 13311 11475 7521 8769 2904 13602 11009 7118 16086 7675 6184 4990 9507 8610 3870 9170 9473 3982 11334 11538 11038 2535 10984 14828 10221 5764 4810 9626 4339 6066 8722 15955 10955 12460 1027 10370 7876 10924 15839 15362 5800 9099 15295 10371 10981 5107 4977 10241 15960 4945 17562 10745 8628 7927 7735 11229 13070 11014 9486 7402 10209 7155 12920 8629 8852
18215 16969 19664 1510 11565 7699 7777 6883 12230 13892 12228 7134 9589 8132 16315 18174 14685 16010 12601 14542 17837 2463 19942 6102 17583 12170 13305 3805 9383 14831 9516 14965 5072 4093 3696 15097 5416 13888 5794 10526 15633 6108 13834 8692 16128 6029 13422 4894 18623 11899 14361 17366 15074 3466 16163 15177 10288 12038 13186 8097 9060 8500 14042 16861 13875 14466 14935 4515 13661 13533 11779 15344 15854 8151 10783 3561 5023 8240 8554 11140 13035 1431 15945 9221 8580 11476 4628 9186 9544 18543 16632 16031 19185 13836 16434 14625 10234 16248 19055 6007 6224 17826 12881 9279 3037 6265 4288 10177 10920 6210 7139 14630 7898 7588 14528 14354 4674 3236 9933 8569 3186 12658 13540 3914 16547 6927 10210 15698 6364 8826 7353 13624 14504 7188 10905 2634 4125 7897 14217 11942 2635 8262 13683 7310 12904 10348 13811 4042 8460 0 14546 17783 8711 8731 6934 13488 16167 3236 15362 10635 11508 15598 5569 14968 18742 4371 8103 6127 7953 603 14244 10405 16257 3773 9503 20630 19179 8048 12981 6515 11902 5361 7884 19470 2511 8772 8563 4812 4408 18020 14705 20426 5824 10614 13709 11176 16644 2520 16245 9163 5566 1512 2411 11846 12072 14944 11586 11166 11692 13797 16843 9182 5418 14658 16667 18080 5131 16770 8273 21870 6505 18027 11049 17534 14860 12380 12606 8193 7474 5754 16845 5364 16500 1639 19970 12596 14615 8134 9919 17087 15793 4208 19622 13090 13257 17577 15694 11689 2296 4041 1972 9380 2554 21713 17151 2069 12306 7492 16133 9457 20868 5765 4714 20865 3469 6463 8796 5378 13617 17257 10850 14403 15186 6848 9581 8390 17099 10845 13074 18170 16022 17317 8963 12197 6854 1305 8152 6762 6517 16215 15220 10262 8596 22629 9025 10769 13646 13950 4520 16248 14849 8868 15595 21894 17577 10699 9449 11008 19700 17969 10821 9382 4076 3043 13932 12040 19719 16728 15629 11906 11360 16932 9866 8305 12538 9878 16077 7147 14320 17366 12691 7787 2030 13325 1427 8946 13267 9586 8133 12397 7212 17655 13080 5864 12324 16063 13980 8017 17836 11621 11162 9089 14027 4778 5952 14850 14539 7091 13261 18238 9304 12483 4093 5544 4493 5315 6665 11677 10141 7778 9424 17023 15754 11794 13935 11646 9239 9998 20905 17684 10064 10962 5925 12639 19018 6959 13641 15462 4366 12089 13147 7575 16274 6761 7983 10720 13712 15328 17658 9835 6650
4473 6030 5263 13785 8188 8436 13578 7725 4817 1987 9863 10000 13620 8335 9361 6101 3072 2184 7837 863 15001 14843 5396 13017 14284 3643 6514 11560 8471 10706 5420 13810 9675 13757 16522 10283 9132 5262 8817 8727 4273 8847 12101 10657 4961 14425 12731 9872 6566 8586 1897 12328 10301 11587 7860 10356 11666 9748 13527 9441 5776 8787 11266 6681 9702 12060 9768 12906 13470 5858 3486 10792 5215 8166 11877 13380 15606 7521 6771 7784 1593 15977 7204 5693 12652 12475 11138 5587 7725 4582 4084 14594 5646 9698 3496 11851 4382 14780 4815 8786 12179 5841 2455 6474 12237 13397 11604 14375 7306 11501 12912 11841 9846 10878 13219 13523 19035 15065 6528 12020 12204 4272 3334 18287 6259 10624 9593 1267 11333 7155 9275 6339 12236 13572 11343 13446 13658 6651 10832 10615 15302 6618 3249 7389 12383 9197 9276 13583 10843 14546 0 3433 7275 6697 8057 8799 4122 12702 4514 11328 13892 11295 9873 1073 4301 17876 12703 8596 8770 14232 387 8030 10813 17206 5366 6087 7120 10723 6159 8522 12449 9220 6717 6320 16042 5931 6279 10331 12075 4594 6509 5955 10681 5184 8724 5348 10549 15224 2438 6351 10997 14042 12294 8275 10867 6747 3941 4055 4133 1400 13540 7151 13007 10467 11141 8384 11064 9858 6546 7458 14979 3529 3646 2997 9396 5687 12716 8546 11976 14477 5982 15599 5719 14855 6748 9914 9500 6646 11865 5192 5580 16194 6693 9206 12355 5297 10642 2876 16647 10640 12896 7054 12718 7269 8014 13674 5075 9647 1587 8575 6379 9011 16330 6461 12080 8722 12581 9387 8486 6914 5462 700 2235 11728 12070 8501 15143 8846 4020 4091 3937 5188 11908 2350 11590 14593 12902 8936 13804 14654 2181 12465 13869 8097 5673 8307 2135 3260 10077 6007 541 10226 13712 7357 4499 5843 12642 10441 5365 4292 4156 12437 18523 11562 1932 11692 5542 2363 8402 7177 3998 2856 5678 9231 12843 9490 13235 7582 504 6159 11837 6910 13672 13039 15886 8476 5918 8024 6518 2243 8889 3114 2614 8787 11954 11196 8118 6945 15249 2925 13942 6244 1707 12958 12111 836 347 9311 2300 4021 6915 6089 13516 10605 13218 15765 8699 12556 6670 11580 11144 5878 8666 4397 9447 11513 5663 5068 6882 7713 6801 5830 8856 2382 5118 7871 13039 1809 10965 2934 3604 10132 2241 10795 7813 3938 836 14459 3320 4995 8805
1609 7366 3282 16917 9704 11098 16968 11058 6633 5031 12837 13425 16918 10892 11410 6697 5492 1869 10744 3861 17303 17869 2595 15583 16557 6947 7486 14583 11810 13237 8369 14502 13024 17179 19912 10597 12379 7897 11998 11942 6133 11881 12954 12811 4332 17856 13742 12991 7019 9963 4700 14426 10625 14670 9803 10648 13424 11046 16479 12840 8791 12179 13981 8186 12380 14743 12217 16333 16356 6788 6885 11066 4803 11589 15055 16297 19036 10953 10204 9484 5023 19212 6891 8663 14780 13966 14068 8995 11076 1408 5225 17190 2648 12383 2445 12452 7549 17355 1390 12156 14750 4087 5783 9896 15304 15933 14538 17648 10517 14111 16321 12439 12246 14280 13971 16312 22338 18461 8891 14154 15575 6029 6266 21585 7851 13164 11426 2171 13927 10577 11880 7176 12905 16981 12950 16473 17080 9908 13492 11941 18322 10029 6136 10758 13508 12424 9986 16434 14203 17783 3433 0 9886 9473 11056 11530 5624 15697 4456 14515 17043 13702 12806 3604 2536 21251 14923 11715 12188 17504 3806 9947 13024 20578 8790 3067 7406 14106 9022 11519 13834 12424 9899 5939 19390 9031 9302 13719 14947 2066 6803 2663 14113 7683 11406 8647 12631 18253 1700 9070 13769 17164 15596 9688 13879 9031 7318 7474 6504 4664 15888 9631 15680 13019 13280 9647 13909 11827 9949 5047 18406 1939 6736 1025 11841 7209 13938 11048 15375 17909 4978 19031 7256 17961 6170 11039 12009 10042 13709 6271 5229 19605 6411 12024 13385 6052 12975 6250 19810 13961 16049 10447 16069 4794 9604 16753 6777 12166 2035 11905 3116 12375 19751 4205 15464 12135 14666 12743 9253 8267 7751 3401 4386 14208 15353 11906 17601 10544 7022 905 3341 6103 15233 5682 14076 17912 16274 12367 17227 17223 4307 15698 17226 5229 9065 11502 5258 4536 13379 7710 3367 13567 14219 4233 2430 8082 14594 13583 1943 1602 7040 14400 21806 14760 3955 14725 4027 1079 8347 10233 7401 986 9100 12624 14090 12759 15707 10685 3829 7296 12991 10285 16755 15950 19152 10776 6973 10201 9659 5668 12322 1054 4881 11943 13211 13489 10722 10361 17578 6249 17127 9034 4757 16388 14731 2948 3332 12743 4634 661 9411 9076 16937 13427 16645 19197 11599 14002 8918 13887 14437 7153 10818 6596 10118 12933 9087 7933 5297 9018 9048 9124 12222 5169 1901 11260 14015 3718 13971 6351 6639 12579 1553 13354 10529 7344 4203 17160 2545 7998 11684
9937 12077 12479 7522 3536 1213 11622 4150 3593 7674 11546 8125 12639 1063 13680 12737 8955 8018 10401 7680 17900 8197 12357 5754 17338 6968 4665 5032 8468 13660 2127 9082 5436 9823 11741 7352 4166 9644 3497 9565 10279 2715 7399 3678 7477 11353 7558 3928 13230 4030 8055 16043 7342 5271 12692 7443 5217 4799 14540 8332 2078 8025 13562 12397 12459 14307 13134 9266 14762 4829 6303 7750 7171 7041 12074 6507 11745 6342 5695 2941 6236 10057 7294 1984 5583 6399 4356 4664 7922 10337 10759 16724 10773 12433 8076 7756 3411 16950 10980 5117 4915 9179 6861 6308 5815 6127 4816 13483 8743 4250 10748 7753 2631 9296 8479 15170 13380 10507 1221 4972 7661 4097 8161 12622 11972 3350 3433 8107 4074 6588 2011 4957 7889 11298 5236 6840 9750 3185 13385 5290 8630 4855 8236 4433 7044 9806 5926 6585 9848 8711 7275 9886 0 808 2024 11634 10521 6032 6732 11592 13870 14459 3183 8106 11512 12840 5546 2985 7523 8625 7120 2397 14528 12173 4958 12932 13823 9470 9539 2308 6578 3917 2673 13407 10863 2342 1882 6399 5134 9647 6032 12525 7824 2204 11725 7336 14581 8578 8207 966 3899 7725 7085 3828 12139 11280 6504 6017 3383 7220 16504 516 5800 13410 14951 14058 4092 14233 4704 14629 12009 10708 3804 9944 12857 3669 7120 1301 10174 11254 8143 11903 11631 8450 13872 5301 12777 4600 5242 11651 7089 11773 13719 11648 7221 11962 14110 5100 10393 5873 6769 7094 7884 14417 13343 7223 3627 2374 8713 8621 12983 5176 12105 13654 7712 5796 5561 5326 5459 12752 2235 6845 8864 4454 11507 7639 17610 3322 8181 10054 7519 11767 11017 5285 4316 9275 11312 6519 11120 16856 8858 12190 12280 15072 4416 9416 7515 5537 5266 11651 7749 9604 9381 14119 9141 2015 5786 11180 11667 9686 3150 5578 12761 5773 5949 12682 12814 8945 7200 9428 6245 8931 6097 8296 7176 9705 15914 2371 7287 12367 6558 4361 7236 14300 10138 1576 4567 1643 2428 5814 6944 10074 5016 3327 6435 14655 11510 5052 18049 4863 13717 1163 7645 9462 4867 7218 7114 7335 5286 10201 593 9102 9606 3598 9545 11999 2048 6554 1452 4385 10708 12018 12937 3336 6098 5752 4979 2285 14157 13453 1397 7544 5117 4918 10752 4904 7878 8808 4417 6176 7971 2880 8336 3524 731 4868 6513 16273 10588 2563 2063
9643 11319 11940 7639 4137 1761 11083 3548 3507 6965 10771 7511 12025 1775 12872 12015 8222 7615 9599 7044 17115 8443 11888 6333 16547 6182 4919 5194 7727 12862 1376 9830 5029 9498 11582 7910 3832 8848 3201 8803 9534 2624 8128 4467 7399 10935 8323 3850 12508 4650 7360 15239 7902 5363 11891 8002 6025 5500 13814 7659 1274 7321 12779 11623 11662 13529 12329 8887 14024 4971 5520 8330 7137 6335 11372 6828 11439 5617 4940 3522 5566 10113 7495 1196 6342 7203 4610 3865 7162 10019 10055 15959 10538 11636 7805 8439 2655 16185 10623 4598 5498 9096 6122 5529 5955 6720 5080 12872 7952 4812 10217 8435 3367 8683 9223 14419 13404 10293 1470 5739 7389 3929 7396 12643 11200 3976 4220 7603 4650 5834 2614 5172 8596 10788 6036 7059 9420 2468 12595 6040 8889 4107 7476 3770 7816 9057 6483 6965 9197 8731 6697 9473 808 0 1814 10833 9797 6265 6631 10882 13199 13659 3364 7477 10973 12738 6280 2730 6840 8589 6514 3072 13722 12064 4154 12491 13102 8832 8731 2215 7375 3650 1973 12739 10767 1538 1093 5983 5474 9391 6220 12129 7307 1896 10922 6528 13773 8828 7819 433 4321 7861 6929 4418 11384 10479 5708 5218 3035 6541 15714 1134 6311 12612 14145 13275 4438 13425 3953 14112 11588 10178 3129 9460 12051 3790 7907 2046 9598 10853 8145 11575 10870 8620 13209 5981 11972 3859 6048 10921 7103 11553 13039 10854 7981 11247 13306 4376 10538 5586 6834 6324 7672 13907 12552 7394 3608 3044 8182 7881 12585 4686 11858 13127 7411 5211 6331 4883 5952 11981 2134 6317 8180 5098 10848 6932 16836 4038 7395 9704 7322 11046 10376 4607 4958 9186 10734 5908 10652 16089 8179 11520 11715 14612 3621 8642 6796 5277 4962 10877 7149 8922 10103 13700 8912 2049 6576 10440 11301 9393 2541 6369 12804 5721 5517 11943 12236 8495 7553 8626 5448 8539 5296 7609 7967 8973 15129 1903 6670 11617 7321 3649 7402 13561 10154 2384 4726 2394 1694 5107 6302 9589 4595 3057 7212 13852 10702 4324 17266 4153 13058 452 6952 9067 5417 6711 6563 6708 4840 9828 1026 8294 9273 3958 9177 11682 2154 7355 1804 5111 10030 11266 12130 3082 6661 6538 4183 1632 13567 12675 1807 6738 4609 4389 10457 4275 8645 8161 4573 5417 7194 3581 7920 4133 1121 4080 5909 15519 10017 1824 2224
11343 12004 13317 5899 5501 1688 9701 2482 5319 7957 10288 6344 10822 2103 12973 12873 9085 9226 9444 8265 16680 6817 13384 5390 16168 6770 6654 3528 7065 12593 2688 10706 3439 7799 9782 9323 2147 9257 1474 8257 10314 836 9103 4572 9206 9344 9127 2042 13362 5972 8394 15078 9310 3629 12187 9413 6394 6611 13010 6689 2287 6489 12341 12191 11405 13044 12196 7247 13279 6757 6169 9701 8950 5534 10474 5325 9723 4933 4467 4928 6731 8329 9263 2396 6105 7688 3087 3889 6636 11698 11008 15359 12278 11374 9532 9568 3704 15589 12263 3237 4613 10900 7011 5215 4252 5800 3549 11659 7672 3922 8822 9567 3284 7501 10125 13748 11603 8514 3167 5589 5643 5727 8112 10842 11789 3373 5006 9082 3815 5310 2245 6928 9649 9350 6610 5419 7726 2073 12233 6964 7273 3651 8218 2913 8590 8424 7904 5554 8129 6934 8057 11056 2024 1814 0 10651 10674 4655 8435 10026 12171 13409 1832 8706 12357 10926 5907 961 5927 6779 7820 4316 13618 10253 4249 14022 13954 7724 8887 466 7951 1895 1653 13790 8954 2153 1779 4401 4048 11120 7991 13719 5900 3681 10778 6653 13754 7201 9445 2241 3130 6133 5124 5797 10755 10781 6218 5713 4768 7649 15335 2540 5193 12351 14050 13758 3082 13517 3527 15515 10001 11585 4413 10947 11960 5578 8570 2362 8310 9239 9959 9880 11537 6916 14276 7145 11835 3383 6289 11759 8917 9778 14047 10566 8820 12144 13153 5414 8803 3850 5066 5895 5889 15326 12959 5701 5421 2762 9607 7214 14171 3255 10098 14517 5689 4005 6162 3357 7469 12569 3947 7775 9240 4432 9791 6122 16297 5142 7944 11356 9092 11920 9264 5790 4301 7372 9444 4762 9138 15504 9251 10500 10390 16108 3630 8188 7751 7026 3242 11464 8456 7970 11087 15256 10661 3845 6567 9734 12930 11095 4016 6376 11010 3912 7122 11213 13531 10040 9221 8488 5949 10154 5250 6694 8595 8241 14695 745 7945 12340 8154 3033 5705 12826 8355 3105 6505 3479 1678 6173 5248 11074 6229 1303 7958 13673 10679 3730 16801 5254 11988 2155 8002 7447 4448 8198 7976 5594 6442 11456 2578 8404 7582 2677 7524 9976 810 7868 3449 4774 9049 11982 12256 4860 8070 7235 4149 3132 14825 13202 3410 6738 3222 5894 12154 3251 9434 9331 2920 6231 7830 3310 9514 3455 1437 4771 7232 14854 11344 3078 959
12977 5482 10936 13662 14550 12156 7893 8351 11840 6813 1808 6365 6843 12417 2858 6974 6041 10930 1235 8010 6458 15143 12025 15720 5815 5578 13983 12681 4146 2072 9734 20514 9051 10377 13353 17815 9742 3636 10060 2963 5615 10911 18764 15128 13649 9730 19080 11038 7203 15067 6988 4430 17822 12364 3267 17903 16827 16110 5054 5393 9605 5020 2471 4847 920 3261 1558 9533 4859 13524 6139 18311 13815 5605 4495 14560 11488 5906 6195 13953 7821 14655 15557 9753 16756 18033 12862 6972 4207 12919 6835 5802 14129 909 12293 18881 8669 5994 12805 8341 15056 14640 6580 5436 12920 16125 13165 7286 2985 14410 7751 18874 13876 6188 19897 4782 16620 12016 11855 16233 10305 11603 5465 16028 4814 14008 15043 9809 14345 5412 12869 13980 19133 8257 16868 14048 10284 8638 2040 16773 15549 7000 5557 7830 18595 3187 16510 15029 5456 13488 8799 11530 11634 10833 10651 0 6272 13659 13074 4121 6113 2838 12004 8090 10459 14745 16547 10318 5613 12928 8457 13738 2982 14223 6679 12773 7543 5740 2655 10911 18206 10119 9135 8768 13562 9294 9754 8851 13797 13232 14567 13183 7676 10870 253 4411 3221 15433 11162 10841 13445 13932 11208 14773 2774 2856 5703 6038 10667 7425 4999 11924 15323 1816 3416 5233 13188 3285 7125 12604 9974 10246 8891 10610 1390 12761 18723 12712 6858 9944 14695 11278 5204 14675 9172 16504 1200 7268 16804 6346 14120 12628 8629 634 18723 6884 2502 7745 15750 9920 12857 4793 10943 12605 4311 13916 12141 13388 9585 4053 13444 8527 12471 11809 10027 7541 16810 8807 15781 5144 11435 9361 7147 15016 5445 5202 6424 14736 4800 12400 12697 6642 5743 8109 14893 12749 7075 6962 8877 5871 7226 5351 7664 13884 7223 2750 6671 11441 9791 4694 8524 4845 20676 13882 13239 11735 17190 3176 13088 12853 9578 16993 16378 11601 10217 3585 10404 10696 16465 2207 5875 11382 5537 5184 18790 3699 4545 9909 8296 5859 18079 7625 13888 4484 14306 13205 13448 13195 9289 7555 6423 10651 10245 10197 18010 3029 941 6946 6660 8012 6332 10579 7097 9381 14830 9633 9111 6442 10069 12191 11750 2849 10205 12970 9740 11483 11436 18187 12188 15424 4870 5672 2426 11065 16699 17356 6660 9893 10934 5129 12269 4116 8416 9476 13430 7705 19405 7819 12370 6632 5217 13948 10898 14070 11611 7195 8539 5667 9520 9421 11587
7202 1923 4686 15748 12116 11538 13057 9418 8781 2859 7846 10099 12539 11563 5787 2218 1590 5669 5786 3311 11693 17024 5756 16011 10944 4036 10610 13886 7931 7748 8421 17879 11096 14330 17326 14403 11027 2917 10949 7565 686 11329 16151 14143 8863 14430 16737 12083 2712 12551 2537 8803 14422 13778 4179 14477 15386 13713 11325 9255 8615 8599 8617 2651 7030 9335 6701 13425 11119 9967 4544 14913 9188 8413 10376 15833 15939 8065 7624 11651 4379 17553 11255 8624 16094 16314 13673 7112 7349 7027 584 11689 8270 7040 7094 15945 7150 11841 6750 10163 15198 9353 3687 6953 14433 16414 14106 13150 6283 14499 12603 15935 13149 10606 17280 10970 20254 15857 10067 15475 13320 8288 2644 19552 2269 13745 13330 4514 14359 7513 12390 10451 16317 13232 15149 15679 14227 8784 8094 14553 17481 7934 2512 8927 16360 8039 13374 16146 10241 16167 4122 5624 10521 9797 10674 6272 0 15034 8534 9885 12231 8144 12475 3055 4192 18745 16066 10907 8871 15734 3992 11780 7413 18118 6759 6502 3306 10296 4199 11105 16332 11251 9067 3310 17129 8581 9040 11452 14666 7575 10623 6936 11159 8734 6100 5104 7008 17385 5829 9555 13799 16023 13767 12236 8902 3525 4625 5092 7893 3409 10293 10540 15863 7550 7660 4296 13748 6205 7944 6525 14863 4056 6735 4617 6331 9699 16658 11819 11615 14560 9816 15837 1681 16847 3809 13926 6534 8095 15529 1140 9583 16805 3461 6845 16360 1471 7396 5423 18423 12127 14843 7088 13927 6481 4055 15776 9062 12839 4007 7969 7181 10404 16813 5643 13119 9749 16059 10790 12584 2828 9143 4821 1895 14869 10982 8470 12032 12677 3113 6529 7769 1252 11037 5278 14730 15886 12270 9630 13664 11707 1943 11144 13101 7718 7323 7108 3005 7381 11693 2094 3609 9546 17808 7622 7751 9526 16217 8888 6934 7139 7448 16008 19843 13450 6046 9752 4244 5042 12503 5620 4874 5776 6307 9006 16774 8495 10156 10026 3771 2040 15812 8474 15764 10754 17351 11940 10013 11609 8997 4713 9343 4626 6611 10987 15894 7894 5374 8156 11972 5658 12391 9373 2938 13388 15071 4826 4459 9654 6314 6258 10308 4487 14104 13351 13711 16028 11440 16413 10285 14901 10152 1759 5212 8228 13547 15399 6991 8243 5061 3627 10409 5438 10246 6137 7490 9217 17052 2376 13363 4446 3022 13378 5499 13887 10891 5903 4476 11729 3315 7973 11574
15907 16155 17954 1748 8494 4884 9687 5706 9625 12451 12756 7746 11334 5258 16329 17181 13466 13854 12588 12869 18877 2178 18039 3053 18506 11013 10411 1155 9558 15321 7338 11751 4612 6383 6882 11915 4097 13194 4086 10811 14596 3855 10598 5464 13500 8375 10197 2951 17658 8788 12905 17897 11890 1312 15861 11993 7058 8846 14515 8555 6941 8727 14748 16209 14229 15308 15199 6391 14921 10722 10492 12144 13175 8054 11949 903 7841 7834 7824 8123 11330 4312 13028 7049 5424 8265 1676 7939 9462 16283 15423 17237 16785 14193 14064 11392 8328 17464 16879 5350 3023 15199 11466 8634 757 3312 1225 12054 10780 2975 8888 11396 4749 8591 11303 15541 7628 6134 7225 5360 4463 10122 12402 6900 15841 3730 7029 13737 3131 8392 4361 10752 11268 9149 7669 811 6368 6268 14803 8716 2626 7249 12527 6240 9676 10777 10663 1414 9447 3236 12702 15697 6032 6265 4655 13659 15034 0 12762 11664 13116 16132 2902 13309 16998 7602 4960 4163 8105 3464 12453 7380 16602 7008 8301 18675 18241 8996 12532 4190 8685 3812 6058 18250 5735 6773 6432 4989 1176 15646 11826 18359 6612 8144 13845 10438 16880 2563 14067 6688 2414 1855 3269 8764 12869 14519 10428 9947 9300 12212 17710 6440 2381 15112 17031 17633 2037 16837 7199 20157 8962 16232 9063 15602 15046 9617 9390 5255 8882 8146 14119 8136 15681 2458 18744 9400 14850 7039 6696 16065 13063 7277 18471 13391 10026 16497 16070 9988 4414 3838 1511 9016 4140 19971 16757 1276 9649 4402 14259 9673 18813 5148 7749 19156 4723 6120 5630 4853 10524 16601 8262 12430 13753 3620 10896 8486 18274 7718 12092 15963 13543 16257 10272 10406 3620 4311 9823 6720 8613 17408 13773 11631 10509 20763 7717 10928 12228 11528 3870 15524 13087 9639 12370 19906 15155 8044 6277 11768 17552 15657 8663 6195 6969 2144 11750 13047 18138 14690 12586 11739 10171 14781 9004 8694 9327 10403 16981 5138 12570 16523 9456 6640 1302 14524 4539 5939 10450 6608 6210 10742 7278 15729 10840 4050 9092 16517 13951 7122 18928 9854 12821 6686 12528 6671 2740 12853 12629 7359 11069 16078 6605 12023 6275 2513 6516 8137 4112 8467 7372 4548 10474 16168 15679 9322 10779 8411 8099 7765 19411 17146 7276 10360 5270 10544 16722 6133 10422 13903 1737 10665 12063 4406 14149 3554 5313 9204 11873 16598 15971 7733 4042
3697 10456 7717 14239 5491 7887 16511 9393 3144 6407 13899 12763 16946 7554 13862 10282 7584 3072 12003 5377 19412 14918 6995 11993 18708 7553 3135 11758 11857 15060 6042 10057 11270 15753 18103 6198 10273 9682 9720 12437 8763 9255 8498 8904 783 16884 9293 10477 10701 5666 6399 16808 6224 11971 12373 6257 9215 6684 17507 12480 6517 11906 15503 11153 13992 16307 14170 15023 17524 2479 7105 6684 745 11065 15551 13194 17700 10304 9464 5407 5256 16741 2724 6316 10784 9623 11085 8021 11110 4188 8381 18866 4227 13983 2015 8010 5907 19064 4991 10577 11196 2465 6494 9521 12538 12296 11541 17761 11096 10634 15727 7998 8615 13831 9519 17668 20035 16749 5538 10182 13799 2712 7705 19274 10740 9645 7330 4087 10437 10148 8526 2792 8458 16368 8673 13571 15665 8086 15112 7571 15344 8944 7649 9301 9074 12864 5530 13213 14031 15362 4514 4456 6732 6631 8435 13074 8534 12762 0 15000 17567 15695 9908 5517 6886 19313 11000 9302 11687 15213 4771 6003 15278 18635 7996 7318 11196 13801 10423 8847 9457 10177 7850 10009 17355 6907 6954 12145 11819 3247 2355 6645 13054 4759 13031 9081 15040 15296 3037 6200 10537 14449 13493 5420 14831 11233 7592 7446 3783 5739 17943 6327 12222 14813 15619 12829 10788 14365 8812 9463 17506 6145 5153 5115 13805 3264 9519 7623 14901 16864 1740 17780 10183 15181 10330 6628 13882 8836 9543 9521 1068 17987 10454 13408 8938 9511 15075 5662 17121 12021 13456 10288 14164 9201 12511 13954 3115 8681 4724 11990 7081 10746 18239 8657 13768 10872 10639 11047 4803 11360 4523 3842 6703 10568 15488 11550 19487 6400 8293 4127 1129 9459 15195 5147 10449 15784 15960 11353 16423 18941 6640 16003 16966 9442 7958 12075 6488 1768 11393 10501 4966 13518 9801 8274 2661 4718 10474 14224 5667 3468 4941 10294 19435 12347 2858 15607 8400 4073 4054 11213 7514 3554 8814 12323 9675 13040 17588 8338 4972 10535 8565 8914 13966 17073 16786 7135 2714 6480 7536 5598 11515 5221 3033 9605 8805 15636 12479 9286 19647 5466 17551 6286 6152 15150 11240 3727 4167 11968 3107 4412 6157 10253 15516 10293 15331 17914 8733 9642 5422 10078 14562 10286 13157 3600 5663 8580 8253 5542 9718 12159 5531 9538 10620 3821 4447 9873 9562 6157 11141 6546 7883 8980 3365 9848 7458 6645 4558 18662 6485 5863 8772
15778 9466 14545 11188 14985 11706 3880 7549 12988 9493 2319 3955 2733 12084 6746 10961 9191 13506 4127 10697 7249 12683 15487 14256 6953 7692 15077 10913 3239 4536 10189 20660 7296 6941 9720 18639 8408 6980 8947 2604 9198 9963 18991 14560 15690 5870 19108 9624 11235 15506 9816 6892 18637 10491 7389 18731 16411 16380 2988 3353 9885 3567 3524 8907 3961 3844 5035 6228 3307 14782 7980 19095 15737 4551 553 12547 7680 5268 6005 14365 9967 11582 17133 10088 15833 17713 11343 7357 3942 15825 10469 5575 16954 3924 14715 19319 9522 5804 15876 6956 13749 16971 8877 5635 10909 14628 11520 3268 4022 13203 3937 19315 13270 3103 20063 3883 13048 8528 12212 15416 7554 12939 8261 12533 8819 13079 14961 12520 13194 5137 12224 15176 19475 4325 16632 11842 6863 8416 3834 16874 13027 6801 8398 7179 18579 2147 17236 13078 2227 10635 11328 14515 11592 10882 10026 4121 9885 11664 15000 0 2576 5190 10837 10913 13931 11047 15523 9366 4101 10037 10945 13953 6069 10596 7237 16255 11613 2673 5704 10120 17976 8816 8922 12720 10148 9471 9820 6697 12130 15922 15978 16532 5062 11609 4371 6009 6601 12906 13764 11050 12166 11430 8671 15253 1598 6818 7490 7565 11827 9947 6208 12011 13728 4437 6420 9343 11800 7032 6957 16392 6009 13569 10063 13717 5137 13793 18587 12363 3242 6119 16726 7423 9129 12061 13152 16862 4826 7035 16280 10202 15959 8916 12628 3500 18785 10758 5503 9338 12753 7851 10529 4808 8131 16360 8429 11568 13262 12722 12483 3091 16850 7043 8680 15527 7259 6101 15942 7163 16604 9228 12174 11727 10245 13904 1367 3953 6610 14910 7501 15311 14907 10499 1822 9865 13804 9655 3090 5341 5018 5745 10319 1267 3557 17603 7529 3023 9278 13244 7982 8651 11216 2094 20973 17443 15800 12375 16439 1002 16272 15610 10570 16265 12902 9521 12251 1408 14126 13545 17748 4335 7522 14148 6239 3332 18618 1987 5442 9378 10844 9863 18118 7235 11532 2881 11165 13034 14636 13235 9187 9482 4806 13785 11975 9126 17954 5730 5013 6560 7280 9540 2616 10787 9773 6009 13479 12098 11575 4532 11895 15165 11902 5514 6822 11732 6354 7627 10681 17893 12567 14522 1216 9635 6482 12196 17422 17240 7053 10524 14812 9250 12610 5530 7003 11181 16358 6777 19422 10870 10789 8559 7877 13229 13564 13081 11313 8401 10815 4960 12891 10035 10818
18331 11595 16915 12339 17331 13859 3789 9743 15489 12035 4394 5845 1947 14265 8277 13088 11661 16073 6452 13246 6728 13784 17914 15920 6704 10261 17554 12526 5748 5706 12611 22873 9123 7472 9752 21042 10356 9372 10957 5177 11550 11995 21242 16609 18261 5828 21298 11474 13310 17847 12344 7462 21039 12064 9260 21134 18484 18668 1997 5541 12278 5919 4497 10949 5634 4327 6536 7004 2549 17285 10556 21487 18303 6893 2023 13956 7550 7650 8436 16712 12542 12204 19666 12488 17717 19802 13070 9833 6477 18367 12811 4771 19507 5607 17289 21625 12021 4960 18395 8975 15505 19547 11444 8143 12384 16267 13176 1667 6588 15019 4371 21622 15331 4730 22287 3292 13025 8847 14577 17351 8724 15465 10779 12633 10928 15020 17166 15074 15036 7600 14296 17668 21754 4381 18764 13153 7422 10735 5008 19109 14069 9191 10911 9438 20761 4723 19627 14506 4042 11508 13892 17043 13870 13199 12171 6113 12231 13116 17567 2576 0 6082 12747 13448 16349 10910 17368 11420 6360 10909 13510 16257 7153 10592 9741 18677 13627 4454 8123 12203 20094 10755 11226 14881 10460 11852 12167 8360 13752 18485 18496 18994 6629 14060 6337 8584 7779 13948 16329 13402 13981 12550 9918 17607 3353 8958 10066 10139 14339 12505 6163 14315 15338 5719 7395 11088 13575 8420 9348 18678 5678 16029 12593 16223 6758 16270 20729 14532 4235 6120 19296 7219 11307 13068 15285 19168 6446 9407 18316 12431 18519 8869 14740 5487 20988 12977 6655 11906 13401 9467 11817 7329 9201 18665 10241 12794 15756 14774 15016 5606 19297 9014 8507 17850 8442 8168 17847 9054 19021 11228 14618 14300 12734 15746 2381 6309 5826 17190 10021 17852 17483 12728 2942 12437 15658 10355 3363 7409 5110 4962 12810 1680 3037 19930 9988 5586 11826 15808 9731 10803 13767 4282 23228 19840 18370 14798 18384 3462 18771 18167 13073 18221 13013 11023 14826 2530 16443 16088 20240 6818 10098 16701 8782 5595 20747 4530 5415 11575 13405 11972 20321 9561 12755 2449 11736 15246 17131 15503 11511 12058 6938 16286 14539 11145 20129 6667 7054 8920 6645 12103 392 13145 12318 6734 15221 14667 14143 6577 14464 17697 14224 7989 7433 13578 7016 7402 12759 19990 14932 16441 3171 11783 8210 14701 19811 19404 9540 12972 17035 11117 14965 8105 9007 13746 18899 8975 21605 13372 12507 11135 10407 15250 16124 14997 13524 10951 13389 4016 15335 12489 12886
15230 6792 12563 15954 17385 14949 9002 11048 14632 9321 3395 8521 7498 15223 2636 8134 8339 13345 4071 10464 3717 17453 13784 18360 3025 8318 16768 15215 6593 821 12571 23351 11533 12095 14911 20617 12352 6034 12724 5333 7578 13619 21601 17921 16227 11044 21917 13648 8201 17901 9418 1774 20625 14863 4125 20705 19640 18947 4310 7619 12438 7406 1688 5977 2007 1789 1528 11336 3854 16289 8911 21115 16429 8149 5284 17035 12858 8562 8942 16789 10479 16647 18245 12588 19508 20855 15466 9795 6831 15110 8638 3587 16345 2036 14750 21711 11502 3719 14886 10909 17727 17097 9236 8214 15380 18759 15739 7638 5746 17099 9127 21704 16659 8032 22734 3357 18238 13701 14693 18998 12432 14371 7996 17716 6149 16746 17874 12189 17044 8116 15642 16752 21967 9489 19694 16450 12013 11426 1385 19611 17834 9765 8061 10544 21431 5360 19325 17527 7180 15598 11295 13702 14459 13659 13409 2838 8144 16132 15695 5190 6082 0 14681 10473 12259 16234 19282 13019 8030 15013 10980 16576 1109 15787 9509 14491 8354 7567 5335 13647 21034 12742 11930 9902 15312 12121 12578 11197 16371 15541 17298 15023 9805 13701 2786 7244 1759 17715 13561 13675 16111 16214 13446 17606 3609 4673 8494 8852 13466 9971 2248 14756 17927 1058 1314 5479 15827 2549 9897 13918 11133 12198 11703 12724 1899 15561 21556 15517 8402 11300 17263 12589 6693 16912 10211 19339 1820 10034 19607 7855 16754 14104 9640 2844 21560 8312 784 10522 17793 12319 15202 7517 13049 13970 4829 16262 14935 16161 11869 6470 15224 11073 13858 13255 12141 10072 19571 11316 18590 6118 14264 11905 9412 17727 6513 7664 3899 17574 7413 14599 15231 8123 7012 10851 17607 14716 8248 9420 10197 3584 9490 6099 8532 15274 10043 5281 9216 14118 12272 6175 10956 6731 23510 15482 15615 14567 19968 4610 15076 15133 12400 19773 18082 14022 12851 3962 11895 12975 19207 5040 8680 13691 8363 7456 21622 5771 2012 12674 10800 7068 20916 10376 16231 3724 16254 16027 16224 16028 12096 10275 8857 12744 12957 12873 20845 585 3227 9683 3955 10794 6422 13412 9592 11137 17491 12130 11624 8784 12761 14353 14584 5618 11960 15641 11490 12791 14182 21012 15025 18173 6311 7015 2984 13865 19514 20188 9480 12730 12136 5722 15106 6953 10979 12204 15595 10363 22242 10080 14953 9375 7817 16717 13271 16798 14415 10020 11137 3775 11456 12258 14332
13006 13754 15135 4340 6095 2131 9844 3654 6764 9781 11430 6939 11202 2574 14470 14665 10888 10958 10835 10096 17780 5080 15173 3743 17317 8529 7737 1851 8152 13860 4469 10476 3626 7314 8800 9792 2430 10931 1958 9398 12095 1166 9036 3968 10657 9097 8870 1303 15151 6480 10220 16396 9773 2105 13789 9878 5844 6827 13815 7499 4097 7450 13485 13903 12697 14141 13561 6953 14141 7974 7948 10102 10353 6578 11229 3509 9131 6120 5839 5623 8562 6888 10376 4186 4997 7168 1267 5546 7850 13382 12821 16331 13892 12664 11166 9665 5534 16562 13979 3894 3052 12359 8827 6639 2633 4153 1737 12010 9024 2419 8969 9666 2785 8017 9940 14673 10220 7691 4398 4605 5094 7243 9889 9466 13510 2275 5027 10872 2379 6592 1926 8056 9652 9408 6250 3696 7261 3742 13438 6950 5527 5100 10001 4183 8324 9488 8433 3723 8762 5569 9873 12806 3183 3364 1832 12004 12475 2902 9908 10837 12747 14681 0 10536 14174 9801 4690 1705 6838 5537 9643 4903 14986 9148 5914 15799 15743 8325 10458 1378 7508 2022 3410 15612 7830 3984 3597 4461 2217 12750 9137 15467 6169 5247 12154 8251 15174 5464 11169 3788 1445 4543 4244 6386 11767 12397 7963 7462 6399 9481 16493 3629 3446 13628 15420 15431 1280 15004 5006 17330 9746 13396 6227 12737 13354 6833 8187 2666 8644 8940 11322 9346 13283 5277 16100 7390 13202 4848 5621 13549 10266 8949 15864 11849 8614 13945 14494 7245 7214 3520 3607 7212 5142 17137 14604 4049 6808 2249 11412 8291 15922 3795 9336 16334 5231 4758 5112 3700 8151 14286 5390 9568 11067 3081 10384 7122 17314 5479 9679 13063 10659 13718 9805 7619 2974 6250 9737 5505 9060 16487 11080 11119 10604 17899 5297 9402 9572 8632 3081 13186 10279 8743 10968 17023 12263 5196 5637 10697 14654 12756 5785 5475 9593 2783 8855 12122 15359 11807 10102 9908 7696 11885 6814 7561 8176 9223 15815 2450 9772 14099 7970 4456 4060 13704 6991 3457 7706 4060 3488 8004 6058 12864 7942 1809 7691 14991 12130 5086 17877 7085 12517 3785 9830 7197 2831 9984 9781 6306 8174 13180 3770 9961 7128 968 7185 9408 1211 7364 4585 3698 9753 13742 13772 6428 8576 6959 5771 4878 16656 14894 4502 8275 3841 7667 13821 4319 9149 11162 1235 8040 9590 2600 11256 2252 2452 6575 9052 15771 13168 4880 1144
4918 4970 4697 14296 9223 9234 13422 8092 5855 1429 9289 9962 13320 9169 8431 5035 2144 2873 7215 440 14159 15420 5086 13810 13431 3384 7586 12157 8233 9924 6148 14879 9996 13890 16736 11353 9581 4478 9332 8338 3246 9465 13167 11577 5909 14413 13788 10422 5504 9631 1116 11424 11372 12147 6896 11427 12652 10794 12947 9317 6457 8649 10560 5641 8974 11343 8952 13018 12853 6931 3431 11862 6197 8131 11455 14024 15689 7550 6865 8802 1979 16395 8228 6404 13566 13493 11792 5839 7511 4921 3012 13849 6087 8973 4286 12923 5002 14028 4978 9081 12975 6627 2274 6450 12803 14197 12251 14045 6913 12288 12804 12913 10711 10756 14287 12858 19371 15267 7444 12936 12470 5324 2688 18632 5225 11441 10579 1723 12127 7122 10083 7412 13306 13463 12351 14030 13789 7127 10101 11656 15881 6844 2570 7702 13433 8819 10348 14259 10634 14968 1073 3604 8106 7477 8706 8090 3055 13309 5517 10913 13448 10473 10536 0 3776 18114 13596 9160 8709 14620 1030 9016 9931 17453 5568 5828 6064 10558 5501 9166 13478 9710 7262 5346 16329 6555 6946 10577 12751 5144 7568 5856 10755 6091 7992 5065 9633 15797 3090 7160 11726 14559 12659 9318 10319 5855 3814 4056 5101 1196 12707 8026 13761 9692 10242 7332 11759 8913 6794 6905 14940 3099 4358 2887 8577 6740 13759 9395 11845 14486 6904 15657 4673 15380 5793 10971 8704 6913 12837 4120 6578 16355 5698 8542 13412 4230 9794 3327 17122 10992 13397 6928 13014 6744 6994 14223 6120 10479 1570 8323 6243 9314 16457 5899 12324 8916 13505 9699 9558 5861 6415 1768 1186 12556 11753 8398 14350 9857 3436 4404 4845 4117 11644 2917 12417 14927 12711 9041 13748 13899 1125 12093 13651 7696 5968 7899 1664 4330 10459 4984 555 9987 14784 7103 5158 6799 13592 9987 5427 4778 4957 13385 18884 12037 3005 11159 4829 2646 9453 6650 3939 3301 5662 9093 13884 9159 12441 8171 832 5090 12887 7219 14218 12435 16273 9381 6989 8963 7100 2585 8927 2978 3652 9321 12996 10339 7350 7150 14415 3457 13527 7028 1162 13046 12890 1790 1405 9327 3343 4252 7789 5508 13651 11315 13325 15831 9392 13579 7610 12458 10840 4814 7756 5390 10519 12542 5858 5848 6121 6661 7740 5536 9155 3320 5451 8139 14098 751 11579 2970 3042 10983 2811 11605 8598 4250 1617 13756 2691 5706 9508
3996 5549 968 18043 11875 12694 16837 11867 8621 4996 11990 13549 16512 12562 9777 4553 4783 3935 9901 4199 15697 19132 1568 17266 14943 6953 9786 15853 11621 11912 9718 16938 13771 17590 20474 13074 13346 6978 13073 11483 4845 13143 15349 14735 6841 17992 16104 14147 4783 12185 4543 12732 13102 15868 8177 13130 15538 13306 15511 12824 10076 12151 12807 6394 11222 13517 10857 16706 15310 9083 7134 13552 7299 11742 14443 17680 19348 11220 10581 11582 5716 20169 9409 9993 16730 16186 15439 9611 10946 3615 3648 15831 4756 11232 4917 14895 8671 15974 3018 12853 16427 6585 5974 10097 16521 17638 15905 17171 10107 15757 16288 14883 14026 14244 16393 15159 23144 19001 10663 16097 16232 8019 5860 22407 6143 14857 13492 3431 15585 10750 13521 9505 15338 16938 15120 17737 17488 10880 12280 14200 19592 10608 5706 11478 15839 11968 12388 17883 14013 18742 4301 2536 11512 10973 12357 10459 4192 16998 6886 13931 16349 12259 14174 3776 0 21861 16823 12876 12290 18396 4547 11960 11447 21203 9332 2328 5080 13996 8234 12822 16089 13463 10986 3483 20093 10225 10580 14337 16375 4519 9240 2764 14429 9356 10291 8508 10976 19512 3891 10612 15286 18304 16436 11894 13048 7707 7460 7767 8224 4962 14343 11341 17282 11721 11645 7627 15362 10123 10563 3159 18486 814 7947 1783 10492 9329 16244 12755 15309 18085 7514 19295 5575 19122 3665 13350 10708 10684 15788 4441 7728 20065 3958 11024 15740 4067 11493 7069 20884 14769 17148 10477 16783 2980 7765 17951 8816 13869 2799 11688 2988 13087 20146 2160 16080 12662 16637 13473 11635 6380 9546 4667 3846 15946 14940 11943 16114 12657 6586 3261 5806 4201 14923 6603 15809 18701 16084 12744 17286 15840 3785 15173 16976 3938 9744 11025 5254 6614 14235 6087 3918 13335 16686 3524 4948 9910 16630 12948 2954 4062 8436 16430 22660 15796 5671 13901 1514 2870 10854 9601 7624 3335 9330 12587 16389 12379 14267 11869 4442 5372 15310 10994 17948 14943 20050 12604 9238 12091 10801 6347 12588 1669 6579 13054 15501 11962 9566 10907 15989 7168 16488 10521 4802 16718 16371 4306 4411 12967 6280 2912 11109 8426 17353 14900 17009 19475 12998 16237 10754 15732 14066 5323 9284 8408 12530 15170 9618 9353 2849 7054 10887 8942 12928 6595 3916 11908 16387 3375 15262 6721 6290 14332 3600 15035 12082 8025 5126 15901 1117 9296 13104
21877 19172 22730 5859 15872 11921 7292 10204 16234 16875 13143 8738 9028 12373 17581 20530 17416 19577 14153 17716 17633 6325 23193 10351 17562 14974 17494 8129 11076 15578 13308 19283 8235 4459 1425 19454 9057 16116 9593 11935 18134 10144 18194 13062 20092 5205 17758 8918 20931 16226 17338 17905 19432 7741 17820 19535 14636 16401 12862 9677 12834 10273 14556 18889 14869 14758 15969 5360 13403 17662 14729 19709 19860 10334 10973 7831 3397 10717 11290 15421 16297 3505 20131 13022 12862 15798 8967 12299 11504 22157 19271 15681 22917 14830 20179 18994 13795 15868 22585 9095 10556 21770 15888 11847 7385 10459 8649 9287 12780 10576 7111 18998 12253 8584 18863 14148 2138 2888 14049 12896 5676 16604 16247 1944 18648 11295 14571 19099 10732 11246 11655 17796 18866 6764 15265 6950 4560 11421 14881 16313 6237 11278 16400 10493 17247 11603 18153 8250 9290 4371 17876 21251 12840 12738 10926 14745 18745 7602 19313 11047 10910 16234 9801 18114 21861 0 12378 10021 9907 4274 17535 14695 17104 679 12550 23921 21438 9016 15003 10557 16230 9136 11543 22030 1978 12482 12372 7547 8776 21745 18872 23830 7592 14563 14992 13645 17610 6166 19827 13160 9930 5801 5821 16158 12641 16811 14430 14096 15556 16918 16943 13334 9680 15464 17465 19818 9487 17945 11339 24895 5238 21213 14630 20863 15997 16490 16932 12462 7912 4940 20879 3703 18730 5533 22522 16960 15707 11232 14257 19513 19840 2133 22103 14217 17605 20046 16535 15009 4234 7347 6298 11659 5201 24770 18867 6388 16345 11829 19442 11092 24254 8876 2410 23904 5797 9200 13085 8510 17930 19271 14870 17852 18106 11200 9726 10329 16732 15182 15651 21742 19866 19776 9226 15569 11211 3566 7999 9156 6042 15871 18154 10215 7915 25798 12203 12301 16619 17783 7962 18384 18095 9910 19930 25198 21350 14768 13737 11747 23193 21640 14543 13685 2299 7070 17572 12312 22651 20174 19904 13701 14249 20476 12574 9926 16856 11077 16169 10976 17573 19586 17048 10969 6353 13187 3130 13238 17404 13859 11836 15643 9404 20975 16789 9711 16675 16777 15445 10965 17555 15001 10520 13045 17059 5446 10293 18306 17929 9096 16928 21765 13430 14555 4670 9883 5098 3513 10803 15998 14290 12130 9988 19270 17161 15714 18281 16005 12258 13807 23721 19546 14226 13313 9028 16246 22658 10005 17968 18495 8651 15146 15821 11937 19807 11131 12127 13940 17066 14925 20748 13558 10812
14623 17596 17783 6596 5610 4587 14258 8240 8290 13220 16084 11606 15744 4506 18871 18282 14497 13083 15347 13178 22453 6141 17491 2031 21976 12423 7993 5028 12813 18462 7653 6923 8262 11237 11795 7981 7119 15037 6625 14047 15814 5672 6030 2115 11589 13188 5452 5911 18776 5623 13597 20969 7949 5526 18031 8040 2517 5094 18496 12188 7511 12132 18141 17880 17283 18811 18097 11108 18828 8558 11773 8066 11151 11242 15906 4554 12788 10736 10353 5596 11769 8910 10246 7470 487 3467 4343 9754 12465 15084 16303 21021 15225 17252 12776 6948 8935 21251 15826 8584 1972 13159 12399 11117 5473 2002 4348 16527 13564 2351 13407 6955 2916 12653 6541 19363 11993 11094 6178 848 9148 8895 13671 11342 17461 2539 3726 13392 2335 11166 3767 8367 6715 13769 3252 5469 11210 7965 18071 4581 6362 9551 13754 8738 4976 14158 7042 4134 13424 8103 12703 14923 5546 6280 5907 16547 16066 4960 11000 15523 17368 19282 4690 13596 16823 12378 0 6277 11525 8403 12587 5015 19520 11833 10102 17986 19369 12981 14764 5637 3914 6711 7501 18925 10611 7644 7156 9013 3907 14223 9291 17455 10745 7519 16680 12526 19661 6393 13226 6511 3388 6605 8029 5769 16450 16617 11918 11417 8607 12756 21148 5571 2699 18225 19952 19509 3806 19417 9432 19865 13804 16010 9345 15156 17865 7793 4598 4247 13198 12982 11874 13074 17144 6868 19383 5541 17736 9285 2078 17195 10894 12230 19248 16439 5356 17507 19049 10644 8569 7942 6461 11769 8957 19634 18752 6033 8154 3273 14042 12955 17909 8483 12707 18922 9363 9447 718 8368 7226 18243 7279 12202 14399 1623 15025 11798 22000 4668 13632 14905 12029 17313 14433 10824 1719 9256 14250 10195 13318 21176 14391 15764 15054 20150 9493 14022 13061 10389 7638 17138 13202 13429 7603 19088 13650 6913 1363 15384 16521 14379 8667 1340 11313 6599 11155 16813 18197 14097 9343 14394 11652 13938 11146 12251 4506 13907 20481 6652 12767 17896 4891 8923 6073 18393 9249 4229 8304 4737 7422 11359 10748 15286 10245 6459 4475 19563 16586 9605 22555 10409 17121 6695 13187 11379 2269 12527 12504 10992 10546 15117 5808 14290 11102 3798 11280 13083 5113 3660 6069 1172 14425 17545 18149 8416 7092 3918 10032 7828 19556 18922 5937 12636 8531 10321 15410 8955 5631 14314 4902 11695 13454 2712 13421 2486 5221 10329 11984 20461 15973 8098 4962
12091 12117 13825 5205 6442 2513 8817 1971 6213 8290 9807 5575 10002 2965 12766 13076 9330 9913 9141 8721 16181 6260 13972 5448 15699 6914 7608 3008 6540 12198 3391 11507 2515 6838 8853 10260 1202 9253 521 7770 10496 607 9941 5202 10078 8398 9914 1279 13559 6905 8743 14722 10247 2992 12089 10350 7069 7499 12354 6013 2940 5888 11864 12238 11026 12540 11875 6293 12650 7696 6363 10630 9839 4973 9790 4930 8762 4461 4139 5877 7182 7541 10210 3095 6536 8383 2784 3882 6192 12426 11280 14788 13059 10994 10308 10445 4216 15019 12959 2445 4746 11764 7309 4936 3646 5859 3202 10834 7334 4092 7936 10444 3916 6712 10936 13150 10775 7567 4121 6076 4685 6590 8292 10013 11851 3760 5837 9682 4028 4911 2877 7878 10505 8448 7351 4870 6766 2123 11795 7805 6721 3395 8411 2489 9372 7890 8845 5242 7386 6127 8596 11715 2985 2730 961 10318 10907 4163 9302 9366 11420 13019 1705 9160 12876 10021 6277 0 5295 5928 8330 5248 13300 9345 4251 14632 14147 6967 8755 798 8675 934 1898 14098 8056 2686 2438 3470 3782 11894 8937 14372 5026 4545 10464 6555 13478 6639 10142 3144 3149 5456 4205 6738 10198 10700 6338 5844 5579 8052 14870 3500 5135 11963 13733 13747 2959 13301 3302 16033 9055 12122 4994 11540 11661 6516 9316 3197 7468 8288 10858 8918 11645 6263 14590 8042 11515 3143 6919 11959 9821 8829 14329 10180 9621 12375 12813 5834 8095 2890 4334 5525 4944 15854 12913 5078 6330 3362 10169 6684 14820 2419 9144 15029 4728 3273 6623 2465 8423 12625 4854 8375 9591 4708 9039 5540 15751 6043 8039 12064 9911 12140 8492 6273 4589 6483 8596 4037 8212 14939 9610 9760 9524 16686 3641 7749 8068 7833 2281 11529 8958 7285 11918 15881 11453 4777 7089 9148 13614 11845 4704 6909 10197 3084 7822 10603 13987 10677 10182 8208 6074 10839 5115 6046 9330 7660 14206 1030 8436 12471 8957 2750 5076 12204 7534 3978 7447 4402 2078 6585 4560 11665 6957 343 8737 13316 10429 3386 16289 5712 11220 3023 8366 6497 4533 8812 8547 4865 7147 12145 3538 8257 6621 2671 6568 9015 1341 8570 4408 5205 8339 12114 12067 5707 9009 8006 4090 3872 15252 13219 4371 6571 2414 6549 12897 2679 10214 9744 2458 6509 7974 3863 10187 3793 2375 5046 7761 14254 11833 3724 1466
13181 9284 13088 8051 10971 7605 4864 3449 9286 7334 4671 1260 5331 7985 8392 10624 7631 10814 4654 8372 10953 9530 13737 10407 10514 5351 11286 7192 1468 7217 6295 16571 3504 5466 8483 14692 4424 6212 4904 2708 8243 5899 14914 10473 12432 5710 15013 5697 11030 11487 7767 9792 14688 6833 8221 14785 12316 12321 7083 832 5938 626 6699 9058 6130 7322 7126 4560 7361 11075 5306 15133 12393 625 4561 9008 7092 1386 2227 10353 7210 9198 13533 6152 11811 13615 7490 3677 1628 13338 9413 9500 14332 6093 11807 15273 5863 9730 13576 2953 9830 13891 6440 2298 7355 10798 7735 6170 2986 9243 4150 15270 9181 2155 15977 7856 11537 7027 8220 11368 4807 9341 6478 10872 8786 9040 10867 10036 9215 1617 8134 11429 15413 4810 12532 8451 5363 4376 6713 12790 9937 2878 6634 3093 14483 2693 13274 9498 2412 7953 8770 12188 7523 6840 5927 5613 8871 8105 11687 4101 6360 8030 6838 8709 12290 9907 11525 5295 0 7418 8389 9904 8512 9298 3694 14497 11546 2124 5145 6033 13876 4829 4868 12135 8402 5507 5808 3238 8364 13208 12318 14565 2328 7769 5817 3816 8824 9821 11078 7044 8221 8321 5618 11247 4929 7050 4896 4715 8183 7553 9698 7960 9938 7007 8939 10163 7894 8866 3031 15188 6231 11735 6547 11588 7002 10008 14487 8262 3246 5796 13425 7017 8835 9072 12624 12815 6785 3072 12193 9607 12551 7936 12198 5298 14693 10143 7973 6203 10240 4316 7245 1816 5450 15089 9224 8304 9536 8637 10204 1572 14950 3086 7946 14221 4550 2090 11907 3296 12680 9447 8314 8975 8449 9919 4027 441 10476 10845 5821 12856 11811 9872 3606 6789 9811 7352 4274 1392 5043 9653 8507 4682 5279 16203 3776 2863 7080 9925 4243 8510 8835 2082 16899 15761 12967 8471 12384 3860 14093 12976 6909 12205 11193 6010 9169 5308 12906 11128 13988 3965 4790 11603 3092 774 14517 2387 9000 5278 8359 9696 14026 3203 8276 6912 8897 8941 10899 9163 5152 6600 828 11683 8682 5077 13856 8413 6036 2581 11043 6328 6230 6788 7566 4517 9575 9406 8928 866 8679 12789 7866 4675 5245 7767 4842 7201 6594 13794 8575 10487 3190 9374 7809 8519 13457 13141 3434 6686 13897 9805 8606 3437 3013 7932 13872 2676 15326 8935 6960 5838 6044 9153 10955 9056 7218 5111 8073 8959 11176 6216 6734
17983 16493 19310 1845 11599 7665 7184 6529 12096 13513 11648 6568 8992 8111 15761 17718 14269 15751 12057 14197 17236 2998 19622 6433 16984 11756 13257 3862 8836 14250 9301 15213 4661 3509 3423 15193 5126 13407 5558 9966 15189 5967 14031 8859 15985 5464 13654 4739 18162 11953 13982 16780 15171 3467 15636 15275 10512 12149 12583 7536 8837 7954 13451 16368 13302 13871 14366 3913 13059 13454 11386 15458 15726 7638 10182 3911 4543 7760 8111 11151 12703 1821 15897 9007 8874 11728 4704 8808 9020 18300 16208 15428 18973 13263 16222 14798 9958 15645 18793 5596 6485 17678 12502 8818 3137 6624 4409 9586 10394 6410 6538 14801 7995 6996 14761 13751 4854 2767 9843 8824 2625 12503 13117 4094 16060 7065 10318 15401 6552 8343 7382 13567 14695 6596 11106 2965 3538 7599 13631 12096 3205 7860 13262 6931 13130 9779 13883 4422 7867 603 14232 17504 8625 8589 6779 12928 15734 3464 15213 10037 10909 15013 5537 14620 18396 4274 8403 5928 7418 0 13921 10423 15681 3634 9116 20319 18713 7458 12477 6380 12147 5112 7621 19041 2323 8529 8349 4323 4609 17805 14646 20138 5256 10455 13151 10712 16074 3088 15990 9018 5689 1924 1974 11885 11480 14431 11176 10768 11507 13441 16245 9108 5747 14078 16090 17563 5237 16212 7881 21513 5957 17692 10781 17225 14296 12291 12852 8193 6872 5193 16728 4873 16026 2201 19541 12710 14048 7746 10157 16637 15681 3832 19184 12522 13476 17133 15118 11364 2825 3639 2047 8886 1985 21361 16630 2418 12186 7561 15818 8906 20577 5355 4320 20509 2902 6000 9084 4966 13656 16763 10719 14114 14799 7079 8979 7857 16496 10912 12632 17916 15839 16872 8361 11884 7073 856 7551 6258 5931 15612 14836 9659 8004 22297 8659 10217 13264 13760 4162 15764 14519 8283 15826 21587 17375 10589 9734 10419 19430 17739 10590 9656 4302 2868 13687 11441 19343 16443 15636 11379 10956 16670 9427 7747 12791 9304 15478 6932 13990 16894 12894 7413 2376 12722 1655 8965 13192 9590 7884 12059 6692 17345 12852 5646 12539 15482 13434 7603 17234 11309 10564 8928 13656 4177 6204 14563 14238 6553 13022 17973 9218 11982 3501 5618 3895 4838 6578 11930 10068 8004 8827 16553 15208 11628 14013 11848 8845 9790 20514 17177 9997 10484 5515 12383 18782 6551 13883 15095 4378 11715 12718 7688 16007 6910 7903 10371 13401 14725 17305 9600 6576
4860 5878 5501 13506 8201 8264 13194 7404 4836 1659 9496 9622 13233 8182 9091 6041 2830 2563 7479 682 14691 14585 5701 12845 13977 3258 6619 11307 8084 10380 5211 13894 9346 13399 16177 10425 8832 4947 8536 8344 4086 8599 12173 10560 5254 14050 12781 9603 6515 8614 1634 12043 10443 11322 7611 10501 11622 9778 13159 9057 5547 8402 10921 6498 9363 11717 9452 12544 13108 5979 3100 10936 5485 7787 11495 13144 15241 7147 6403 7775 1238 15674 7436 5477 12551 12465 10905 5239 7338 4967 4007 14256 6032 9358 3851 11954 4125 14444 5191 8451 12008 6189 2070 6094 11975 13229 11369 13989 6924 11325 12530 11943 9712 10495 13298 13169 18714 14717 6426 11920 11866 4316 2998 17968 6070 10464 9550 1647 11162 6776 9109 6463 12328 13190 11322 13190 13299 6356 10492 10636 15045 6268 2921 7056 12420 8814 9382 13360 10457 14244 387 3806 7120 6514 7820 8457 3992 12453 4771 10945 13510 10980 9643 1030 4547 17535 12587 8330 8389 13921 0 7986 10521 16867 5010 6405 7080 10338 5811 8283 12452 8932 6442 6371 15710 5680 6046 9989 11851 4977 6691 6301 10313 5075 8387 4962 10271 14965 2819 6183 10794 13765 11977 8301 10496 6465 3554 3674 4071 1037 13227 7022 12817 10139 10855 8213 10847 9596 6199 7705 14602 3796 3423 3328 9082 5732 12740 8402 11592 14104 6284 15231 5546 14581 6813 9965 9179 6303 11809 5091 5839 15840 6727 8854 12404 5235 10337 2557 16359 10319 12614 6669 12386 7524 7807 13406 5106 9494 1908 8188 6720 8678 15971 6703 11738 8369 12486 9056 8592 6747 5388 931 2097 11574 11684 8117 14817 8828 3667 4475 4253 5108 11521 2060 11436 14270 12516 8571 13425 14318 2054 12080 13483 8387 5333 7925 1786 3418 9762 5807 638 9839 13817 7679 4872 5772 12567 10061 5732 4678 3979 12361 18207 11272 2071 11319 5730 2740 8597 6807 3613 3243 5298 8847 12863 9104 12910 7323 220 6030 11873 6575 13403 12674 15575 8367 6022 7940 6254 1892 8517 3442 2639 8511 11976 10894 7791 6592 14935 2630 13559 6063 1390 12593 11932 1182 655 8937 2334 4400 6785 5728 13157 10394 12855 15398 8479 12552 6586 11455 10757 5737 8388 4361 9555 11516 5306 4883 7053 7543 6716 5445 8522 2292 5504 7530 13092 1779 10718 2552 3250 9990 2627 10631 7634 3595 607 14112 3526 4777 8590
9608 13502 12906 9054 1206 2841 13997 6547 3342 8941 13792 10521 15035 2368 15583 13949 10298 8131 12505 8633 20096 9404 12530 6051 19508 8682 3143 6601 10793 15793 4005 6798 7754 12026 13702 5012 6450 11393 5770 11848 11659 4853 5073 2906 6626 13644 5342 5962 14436 1657 9244 18098 4999 6958 14462 5102 3637 2430 16884 10717 4171 10391 15778 13933 14595 16539 15194 11530 17088 3613 8010 5386 6212 9406 14443 7606 13915 8689 8001 742 7403 11648 5683 4002 4840 4546 5793 6842 10213 10069 11917 18995 10230 14571 7762 5370 5139 19220 10815 7498 5291 8250 8302 8553 7379 6328 6183 15879 10932 4807 13121 5366 2749 11693 6185 17472 14985 12562 1889 4219 9823 3947 9697 14244 13497 3828 1564 8551 4607 8893 3053 3510 5525 13660 3372 8175 11960 5538 15567 3035 9789 7173 9743 6820 4864 12116 3602 7512 12241 10405 8030 9947 2397 3072 4316 13738 11780 7380 6003 13953 16257 16576 4903 9016 11960 14695 5015 5248 9904 10423 7986 0 16559 14045 7092 12999 15016 11866 11474 4488 4610 6154 5037 14348 12728 4539 4145 8714 6283 9212 4541 12448 10195 3086 13807 9353 16557 9763 8258 2942 4979 9211 9106 1502 14436 13071 8306 7861 3917 8372 18677 1944 6357 15539 16973 15642 5346 16136 7018 14936 14302 11146 5194 10246 14897 2778 5038 2238 12565 13529 7023 14098 13087 9832 14778 2912 14843 6928 3843 12919 5997 13825 14712 13807 4985 13148 16174 6556 11782 8079 8434 9364 9968 14698 15008 8650 3171 2986 9226 10947 12901 7544 14194 14015 9907 8191 4720 7669 3251 14260 2637 7451 9971 4623 13898 10003 19854 998 9867 9896 7016 12988 13412 6544 4513 11151 13702 8916 13454 19122 9948 14578 14666 15164 6613 11668 8836 5414 7502 13186 8558 11985 7038 14084 8642 2256 4671 13505 11510 9364 4442 4472 14335 7680 6310 15009 13384 9168 5224 11538 8070 8961 8243 10675 5127 12043 18116 4756 8188 13745 4342 6719 8672 16625 11808 1459 3347 859 4766 7152 9338 10374 5449 5587 4299 16730 13524 7396 20258 6282 16109 3209 8842 11740 5379 7723 7784 9731 5762 10115 2056 11077 11820 4888 11797 14179 4062 4659 1577 4076 13092 13411 14833 3633 3762 3698 7164 3885 14752 15005 1480 9623 7494 5701 10396 7299 5667 9762 6048 7747 9590 3123 8471 4033 2879 6666 7410 18570 11186 4334 4007
14580 5920 11695 16528 17308 15100 9930 11333 14427 8872 4046 9132 8495 15345 1680 7196 7787 12796 4174 9964 4280 18020 12949 18702 3533 8085 16543 15642 7048 1535 12566 23293 11990 12885 15758 20416 12718 5605 13042 5809 6895 13891 21535 18067 15772 11939 21896 14015 7227 17818 8918 1559 20426 15314 3271 20502 19738 18893 5414 8191 12474 7901 2683 5086 2392 2893 1425 12096 4963 16031 8714 20920 16002 8556 6222 17504 13748 8885 9172 16725 10133 17356 17883 12610 19722 20923 15839 9884 7176 14430 7872 4538 15672 2429 14216 21594 11436 4641 14160 11306 18038 16552 8903 8404 15857 19106 16136 8680 5965 17392 9994 21587 16825 8754 22675 4459 19076 14508 14671 19192 13075 14126 7586 18532 5305 16981 17911 11628 17326 8395 15827 16503 21871 10393 19751 16964 12800 11590 2252 19590 18414 9969 7633 10811 21423 5921 19159 17981 7931 16257 10813 13024 14528 13722 13618 2982 7413 16602 15278 6069 7153 1109 14986 9931 11447 17104 19520 13300 8512 15681 10521 16559 0 16635 9573 13638 7344 8290 5125 13886 21079 13097 12081 8936 16103 12187 12657 11731 16768 14918 16988 14207 10436 13610 2840 7212 650 18296 12999 13703 16428 16793 14042 17517 4470 4076 8334 8734 13282 9540 2896 14793 18300 1641 434 4427 16169 1479 10091 12963 12063 11440 11559 12027 1671 15369 21576 15639 9219 12186 16796 13492 5875 17515 9223 19261 1785 10236 19730 7012 16344 14971 8652 3215 21534 7439 571 10316 18484 12828 15747 7775 13703 13027 3846 16807 14732 16345 11259 6940 14386 11486 14747 12335 12788 10493 19772 11755 18409 5184 14162 11451 8823 17995 7421 8119 4677 17555 7077 13926 14746 7267 7882 10593 17871 15430 9155 9885 11085 4508 8899 7062 9502 14330 10139 5675 8794 13761 12731 5373 10438 7423 23415 14591 15028 14483 20140 5380 14312 14497 12279 19942 18894 14521 12462 4933 10996 12353 18907 5135 8543 13078 8450 8006 21650 6380 2904 12875 10329 6164 20899 10598 16778 4823 16979 16104 15984 16058 12220 9995 9335 12038 12644 13180 20851 576 3036 9924 4560 10594 7484 13445 9132 11911 17813 11642 11151 9311 12429 13665 14609 5488 12739 15953 12267 13695 14407 21072 14993 18392 7127 6146 2206 13679 19347 20213 9578 12683 11167 4721 15081 6985 11380 11917 14901 10686 22222 9479 15342 9133 7463 16907 12696 17046 14541 9924 10732 4811 10700 12226 14559
21199 18574 22075 5275 15227 11264 6907 9529 15558 16221 12649 8146 8683 11718 17067 19922 16776 18901 13600 17053 17299 5842 22529 9813 17202 14327 16829 7496 10495 15114 12629 18723 7559 3880 877 18826 8378 15510 8915 11384 17512 9473 17607 12459 19414 4811 17188 8248 20327 15585 16684 17474 18804 7098 17268 18908 14058 15779 12520 9095 12155 9680 14116 18306 14375 14346 15475 4772 13056 16993 14074 19087 19184 9711 10549 7280 3042 10077 10638 14769 15629 3042 19465 12343 12315 15235 8337 11633 10903 21480 18641 15358 22238 14336 19500 18396 13117 15551 21910 8423 9986 21092 15231 11206 6761 9937 8030 8996 12194 9982 6661 18400 11627 8044 18294 13798 2459 2271 13380 12329 5004 15926 15607 2055 18057 10681 13948 18428 10135 10612 11012 17129 18277 6359 14677 6381 3979 10743 14424 15706 5791 10613 15760 9822 16673 11065 17517 7718 8775 3773 17206 20578 12173 12064 10253 14223 18118 7008 18635 10596 10592 15787 9148 17453 21203 679 11833 9345 9298 3634 16867 14045 16635 0 11887 23256 20839 8484 14411 9886 15665 8459 10863 21408 1318 11802 11693 6880 8179 21066 18205 23160 6975 13886 14468 13015 17129 5712 19151 12485 9311 5235 5144 15514 12183 16237 13780 13441 14877 16257 16565 12668 9136 14994 17002 19262 8864 17442 10672 24244 4918 20552 13952 20195 15492 15819 16367 11811 7421 4533 20203 3379 18129 5027 21901 16339 15205 10564 13685 18898 19165 1725 21487 13706 17028 19428 16064 14338 3905 6668 5672 11036 4523 24117 18312 5817 15671 11195 18774 10515 23585 8203 2113 23252 5131 8541 12536 7835 17284 18689 14196 17178 17457 10619 9295 9723 16417 14546 15019 21066 19187 19158 8774 14897 10626 2902 7582 8514 5625 15549 17504 9813 7571 25140 11534 11741 15964 17104 7283 17790 17429 9380 19361 24533 20671 14096 13189 11264 22519 20962 13863 13130 2435 6406 16894 11888 22004 19502 19250 13123 13595 19801 11927 9342 16296 10541 15789 10298 16906 18987 16463 10298 5780 12822 2619 12590 16735 13207 11157 14975 8775 20308 16110 9034 16095 16322 14905 10303 17231 14328 10205 12368 16402 4876 9718 17632 17257 8478 16250 21090 12762 13958 4080 9252 4523 3205 10138 15436 13623 11549 9509 18669 16632 15036 17648 15419 11595 13128 23082 18978 13560 12690 8356 15568 21981 9337 17403 17839 8008 14486 15183 11315 19132 10521 11462 13271 16395 14607 20091 12879 10149
9632 7872 10225 8997 7980 5570 8544 2663 5752 4398 6731 4819 8966 5784 8788 8882 5221 7264 5445 5166 13005 10265 10643 9616 12419 2724 7844 7164 4001 8717 3105 13887 4460 8391 11180 11482 4268 5020 4222 4868 6298 4748 12152 8517 8739 9142 12424 5356 9357 8503 4867 11085 11483 7029 7941 11573 10165 9495 10019 4484 2931 3924 8691 7990 7516 9460 8176 7544 10158 7547 2276 11954 8707 3070 7772 9125 10249 2320 1489 7368 3774 10917 9935 3090 10254 11357 7033 369 3305 9834 7182 11945 10758 7491 8163 12344 2285 12167 10159 3531 8856 10204 3388 1603 7682 10027 7440 9790 3843 8168 7791 12339 7303 5845 13273 10476 13818 9715 5227 9694 6902 5729 4116 13084 7601 7593 8365 6619 8064 2169 6344 7938 12560 8443 10190 8927 8292 2186 8475 10121 10722 1276 4247 2196 11930 5204 10106 9473 6042 9503 5366 8790 4958 4154 4249 6679 6759 8301 7996 7237 9741 9509 5914 5568 9332 12550 10102 4251 3694 9116 5010 7092 9573 11887 0 11372 9940 5804 4664 4612 11527 4499 2608 10025 10762 2617 3084 5009 8031 9612 8755 11310 5342 4417 6767 2427 9642 10626 7526 4169 7325 9271 7144 8224 7451 6533 2135 1675 4597 4373 11588 5247 9360 8465 9998 9522 7191 9338 1237 12417 9724 8667 2878 8328 7902 6561 12047 6078 6926 9171 9736 10254 7399 10096 10524 9921 7818 1370 10162 7768 8877 10830 10215 6719 12071 8212 9152 2586 11722 5477 8091 2432 7452 12274 8712 9017 6024 6854 6909 4148 11725 3769 10964 11416 6757 3362 10282 4157 9435 8375 4990 5446 5684 8675 7548 3559 12778 8087 3797 9376 8127 7966 7217 3177 8542 9378 7968 3589 8581 12064 5720 8115 8972 13262 620 4629 4148 6233 4987 7279 5550 5561 14094 12649 9335 5232 10609 6617 10728 9415 3334 10407 13345 6700 5504 8103 10229 7712 10511 4472 1886 8105 1151 4331 12112 5252 11026 3519 5032 8232 11421 1726 9005 9692 10762 6532 7399 6519 2686 3124 3614 8438 4989 4281 11339 9697 6564 1586 13168 2670 9680 3905 4550 7603 8679 5894 5462 4058 4992 9350 5078 4197 8150 6853 7856 10415 5058 11510 5571 8944 6637 7875 8057 4961 10294 10679 297 3354 11402 8980 5641 2589 3609 4243 10360 2580 12748 5992 6671 2613 3764 7421 7442 7690 4985 1469 4590 11560 8227 2862 5207
3713 7718 1956 19835 12709 14141 19110 13809 9697 7164 14317 15756 18825 13947 11959 6545 7088 4929 12229 6212 17851 20839 770 18644 17098 9146 10430 17549 13892 14178 11337 17214 15751 19718 22552 13244 15215 9306 14880 13794 7163 14836 15748 15872 7021 20207 16576 15911 6668 12940 6732 14862 13275 17610 10379 13285 16440 13993 17827 15063 11740 14391 15101 8554 13523 15799 13119 18846 17618 9745 9256 13683 7515 13933 16769 19301 21513 13373 12693 12518 7637 22062 9451 11627 17837 16928 17064 11624 13203 3209 5944 18074 3878 13535 5331 15165 10423 18210 2376 14851 17810 6202 8095 12264 18253 18996 17535 19491 12408 17167 18541 15152 15312 16492 16714 17451 25119 21085 11954 17212 18261 9094 8132 24372 8345 16224 14463 4950 16984 12930 14932 10101 15636 19194 15943 19440 19617 12733 14569 14883 21294 12644 7981 13459 16380 14279 12793 19455 16291 20630 6087 3067 12932 12491 14022 12773 6502 18675 7318 16255 18677 14491 15799 5828 2328 23921 17986 14632 14497 20319 6405 12999 13638 23256 11372 0 6827 16259 10561 14487 16772 15292 12776 5088 22111 11947 12251 16376 17961 4249 9596 902 16581 10731 12601 10753 13138 21222 4766 12097 16802 20088 18381 12676 15375 9998 9621 9883 9555 7020 16530 12689 18731 13994 13811 9620 16928 12270 12584 2292 20716 2764 9639 3097 12759 10247 16833 14107 17566 20289 7402 21476 7799 20894 5063 13945 12985 12694 16737 6637 7918 22181 5525 13344 16230 6201 13718 8960 22712 16724 18954 12695 18788 2016 9875 19698 9835 15227 4502 13965 803 15080 22286 1865 18126 14731 17719 15459 12096 8492 10815 6257 6104 17272 17251 14166 18315 13570 8871 3190 6190 6373 17222 8436 17140 20676 18367 14869 19519 18075 6037 17494 19269 2165 11731 13337 7419 7597 16164 8321 5828 15619 16862 1277 4825 11148 17633 15274 1797 3904 10014 17442 24610 17635 6985 16228 2763 3996 10930 11923 9761 4049 11482 14830 16990 14682 16491 13607 6353 7490 15877 12977 19698 17256 21973 13842 9948 13267 12558 8288 14749 2976 7918 14840 16122 14167 11873 12958 18149 9011 18815 12047 6940 18872 17786 5825 6094 15142 7656 2917 12467 10747 19479 16449 19153 21651 14597 16953 11984 16953 16372 7492 11508 9659 12909 15887 11666 10921 3391 9101 12114 11199 14923 8132 3172 13923 16834 5567 16942 8795 8557 15643 4603 16413 13563 9993 6919 18169 3378 10946 14688
8983 2268 4914 18863 15281 14843 15195 12570 11916 6152 9338 12701 14346 14867 5719 1087 4889 8144 7583 6410 11330 20183 6277 19307 10587 7234 13611 17101 10385 8276 11726 20917 14138 16981 20013 17290 14189 5340 14158 9711 3651 14589 19217 17434 11371 16806 19851 15293 594 15694 5795 8327 17312 16967 4395 17358 18638 16857 12308 11777 11919 11167 9397 2706 8010 9947 7259 16078 11971 12938 7794 17793 11766 11176 12023 19058 18438 10958 10638 14845 7644 20534 13896 11930 19393 19529 16924 10302 9936 8652 3099 11881 9827 8035 9462 18938 10455 11979 8097 13218 18496 11474 6990 9899 17617 19711 17349 14825 8674 17797 14881 18927 16453 13002 20330 11624 23074 18568 13341 18771 16212 11387 5856 22397 2837 17050 16573 7123 17660 10379 15696 13412 19334 15465 18375 18860 16880 12026 8839 17716 20637 11049 5742 12059 19497 10135 16363 19388 12482 19179 7120 7406 13823 13102 13954 7543 3306 18241 11196 11613 13627 8354 15743 6064 5080 21438 19369 14147 11546 18713 7080 15016 7344 20839 9940 6827 0 12630 6443 14379 19527 14437 12333 1747 19938 11877 12340 14393 17920 9470 13439 7575 13874 11999 7306 8003 6753 20537 8227 12858 17083 19141 16768 15381 10313 4817 7815 8304 11105 6659 10129 13834 19147 8159 7412 2966 17019 5875 11078 5703 17161 5476 10031 6421 6963 12803 19820 15122 13911 16973 12211 18291 2711 19960 1913 17033 7256 11234 18795 2196 12186 19417 1358 8176 19474 1870 7576 8727 21459 15165 17964 9871 16838 5804 3529 18927 12184 16144 6472 10386 7627 13457 19365 5223 15989 12716 19354 13835 15575 2400 12385 7790 5045 18174 12876 11117 11932 15888 6162 8245 10267 2056 13069 8564 18035 18791 14378 12493 15990 11846 5069 12867 15086 7091 10527 9286 6308 10316 14775 3070 6580 11792 20791 7549 9810 12769 19500 10627 7993 9006 10735 19292 22707 16574 9035 11102 4065 7250 15246 7804 8076 7929 9345 11526 19944 10646 10244 13292 6867 1853 18951 11625 18912 11701 20296 15230 13017 14881 12277 8011 12132 6364 9715 14208 19057 7914 6617 11238 11640 8960 13864 12677 6204 16004 18366 7680 7426 12383 9406 7909 13600 6883 16769 16631 16345 18491 14728 19621 13547 18206 12166 2173 5518 11420 16529 18591 10149 11543 3885 2632 13672 8238 13303 9327 8988 12293 20159 5314 16594 7739 6179 16683 7885 17190 14197 9186 7626 12129 4884 11278 14864
15174 10373 14738 8529 12969 9410 2864 5323 11404 9146 4246 1393 3222 9823 8591 11807 9238 12817 5161 10253 9917 10028 15492 11636 9599 7174 13386 8271 2381 6820 8383 18430 4720 4640 7617 16728 5915 7449 6507 2947 9630 7543 16812 12159 14541 4178 16850 7071 12165 13478 9550 9328 16722 7838 8816 16820 14032 14260 5551 1322 8008 1942 5994 9995 5952 6438 7045 3815 5933 13190 7237 17158 14510 2739 2963 9877 5835 3510 4349 12355 9198 9081 15655 8225 13314 15349 8738 5800 3057 15304 10866 8241 16335 5913 13861 17222 7987 8468 15495 4522 11161 15980 8323 4328 8243 12001 8891 4066 4022 10642 2309 17220 10879 465 17847 6545 10880 6278 10249 12928 4916 11464 8136 10297 9797 10592 12726 11981 10647 3668 9843 13537 17336 2947 14311 9168 4549 6397 6183 14676 10380 4986 8290 5064 16312 2589 15304 10409 452 8048 10723 14106 9470 8832 7724 5740 10296 8996 13801 2673 4454 7567 8325 10558 13996 9016 12981 6967 2124 7458 10338 11866 8290 8484 5804 16259 12630 0 6223 7750 15640 6318 6866 13444 7840 7571 7839 4049 9493 15227 14436 16393 2388 9867 5985 5512 8732 10259 13081 9069 9602 8775 6009 13251 4026 7880 6790 6684 10306 9443 8833 9931 11091 6663 8685 10817 9217 8983 5137 16765 4571 13500 8668 13444 7033 12112 16276 10086 1321 4345 15540 5669 9961 9425 13917 14770 6756 5165 13869 10879 14672 6912 13445 5240 16544 11433 7720 8269 10226 5199 7858 3670 5513 16689 9868 8900 11650 10323 12093 2329 16759 4565 6793 15827 4621 3719 13435 4624 14733 10363 10405 10979 10158 11358 2073 2265 9282 12780 7417 14812 13898 11162 1547 8848 11264 7151 2188 2966 3378 8413 10223 2799 3180 17856 5900 3350 8900 12037 5372 9561 10739 896 18798 17506 15011 10546 13958 2962 15980 14977 9032 13792 10650 6855 11245 4072 14469 13064 16090 4828 6726 13575 5098 1501 16294 2062 8078 7146 10287 10789 15878 5252 8864 5529 8694 10810 13010 11092 7167 8613 2531 13532 10788 6694 15679 8052 6430 4675 9953 8409 4264 8819 9398 3648 10886 11399 10906 2138 10774 14724 9856 5843 4475 9183 4007 5870 8305 15536 10601 12022 1479 10500 8148 10639 15485 14954 5551 8789 15356 10576 10624 5060 4554 10029 15841 4567 17156 10700 8179 7795 7707 10803 12939 10577 9093 7195 10067 7606 12896 8325 8433
10415 4176 8841 12862 12192 10229 8906 6884 9318 4179 3820 6266 8340 10423 4141 5587 3557 8307 1722 5388 9037 14275 9796 14196 8360 2985 11446 11456 3942 4652 7509 18179 8086 10544 13579 15308 8448 1282 8608 3385 3514 9305 16419 13159 10994 10399 16799 9692 5956 12699 4387 6681 15317 11221 3340 15395 14753 13783 7458 5334 7463 4731 5111 3913 3570 5909 3840 9643 7353 10957 3595 15810 11163 4843 6210 13408 12002 4782 4712 11613 5174 14283 12928 7579 14917 15898 11476 5011 3519 10390 4783 8457 11579 3562 9655 16469 6337 8649 10340 7228 13463 11998 3931 3899 11836 14607 11841 8961 2231 12785 8509 16462 11960 6577 17561 7370 16679 12142 9587 14354 9906 9041 2834 16018 3647 12249 12866 7206 12691 4197 11008 11422 16748 9118 14719 13043 10443 6814 4695 14496 14711 5367 2938 6340 16335 3851 14039 13820 6118 12981 6159 9022 9539 8731 8887 2655 4199 12532 10423 5704 8123 5335 10458 5501 8234 15003 14764 8755 5145 12477 5811 11474 5125 14411 4664 10561 6443 6223 0 9221 16033 8774 7265 7230 13546 7219 7702 8171 12459 10642 11964 10873 7468 8493 2609 2238 5083 14602 8545 8670 11895 13140 10586 12397 4869 1991 3209 3620 8164 4776 7568 9762 13886 4402 5525 5129 11711 4694 5454 10724 10787 7908 6434 8150 3502 10255 16506 10715 7526 10555 12040 11864 3748 13936 7698 14142 3518 5613 14777 4664 11472 12974 7221 3050 16434 5222 4802 5203 15277 9075 11991 3610 10544 10680 4230 13014 9622 11517 7032 3946 11175 7452 12923 9838 9664 6579 14943 7800 13292 4303 9041 6709 4651 13319 6782 4708 9066 12467 2147 9870 10044 4952 6851 5517 13188 12474 8107 6220 9600 8525 4729 6957 8913 11909 5272 2934 4026 8805 8788 3381 5908 5420 18292 11740 10624 9367 15259 4716 10679 10278 7156 15056 16338 10636 7566 5721 8442 8135 13872 1429 3422 8802 3647 5083 16587 4325 7172 8146 5655 4592 15806 6010 12993 6937 14007 11111 10896 11013 7349 4941 5796 8204 7627 8710 15773 5370 2119 5434 9258 5479 8254 8419 4464 9563 13270 6989 6465 6000 7439 9682 9567 509 10335 11418 9907 12062 9696 16040 9901 13607 5960 4289 3401 8562 14227 15151 4738 7590 9209 4704 9995 2189 7311 6870 10911 6399 17125 5309 11045 4042 2564 12084 8292 12340 9633 4815 5884 8301 7212 7146 9846
11793 12410 13781 5451 5688 1718 9613 2631 5718 8403 10481 6360 10798 2176 13284 13299 9517 9685 9716 8726 16867 6353 13850 5005 16370 7178 6971 3065 7232 12828 3151 10711 3303 7553 9438 9499 1983 9630 1307 8445 10734 413 9144 4441 9614 9159 9119 1643 13787 6141 8842 15331 9485 3177 12535 9588 6297 6710 13108 6770 2752 6614 12538 12581 11646 13227 12463 7042 13394 7107 6587 9861 9347 5679 10552 4861 9461 5121 4716 5136 7190 7901 9595 2860 5864 7607 2626 4247 6841 12151 11446 15508 12720 11615 9976 9652 4165 15738 12721 3230 4247 11311 7451 5487 3794 5416 3087 11630 7927 3565 8732 9651 3150 7502 10139 13881 11188 8199 3498 5376 5369 6143 8530 10428 12182 3099 5040 9547 3472 5532 2105 7257 9709 9239 6562 4956 7484 2426 12448 7007 6808 3923 8639 3108 8578 8588 8089 5097 8165 6515 8522 11519 2308 2215 466 10911 11105 4190 8847 10120 12203 13647 1378 9166 12822 10557 5637 798 6033 6380 8283 4488 13886 9886 4612 14487 14379 7750 9221 0 7891 1667 2051 14235 8582 2612 2244 4252 3593 11564 8328 14181 5823 4103 11046 6994 14039 6737 9904 2647 2722 5682 4779 5985 10909 11133 6619 6116 5207 8104 15539 2818 4777 12590 14319 14133 2643 13825 3810 15980 9816 12050 4878 11412 12235 5933 8528 2401 8266 9041 10349 9630 11941 6461 14722 7255 12102 3659 6161 12184 9302 9465 14488 10804 8824 12575 13412 5868 8355 3599 4628 6132 5576 15791 13323 5243 5807 2604 10073 7379 14634 3213 9800 14981 5435 4043 5936 3261 7691 12961 4340 8240 9689 4117 9822 6257 16460 5259 8342 11813 9523 12349 9279 6251 3990 6996 9393 4807 8993 15656 9702 10540 10322 16573 3992 8399 8195 7463 3014 11858 8919 8046 11120 15720 11100 4214 6375 9871 13389 11545 4479 6190 10589 3512 7582 11338 13992 10504 9498 8767 6351 10614 5575 6792 8544 8380 14887 1098 8408 12750 8160 3289 5247 12945 7939 3189 6851 3635 2112 6628 5318 11539 6685 1118 7943 13925 10973 3968 16982 5712 12007 2583 8452 7253 4067 8663 8441 5638 6901 11915 2887 8732 7342 2258 7310 9719 561 7791 3757 4529 9109 12393 12573 5286 8250 7213 4493 3591 15284 13584 3706 7056 3203 6358 12605 3379 9420 9788 2455 6666 8240 3126 9975 3160 1641 5202 7697 14986 11808 3544 702
13134 18088 16995 10393 4264 6271 17348 10427 7633 13515 18101 14249 18651 5909 20159 18473 14879 12158 16971 13118 24471 10047 16417 5932 23914 13284 6351 8484 14958 20237 8524 3067 11068 14682 15567 4657 9776 15995 9147 16100 16241 8108 2196 3540 9839 16550 1538 8810 18955 3907 13797 22605 4620 8971 19065 4690 1677 2789 20957 14639 8607 14429 20128 18535 19036 20865 19695 14416 21217 7046 12611 4581 9350 13462 18424 8404 16369 12816 12231 4684 11971 12791 7842 8470 3431 452 7679 11240 14457 13632 16436 23250 13463 19010 11446 3179 9719 23478 14445 11119 5679 11142 12906 12877 9076 5914 7837 19472 15320 5758 16472 3189 4779 15384 2635 21665 15906 14748 6467 3335 12497 8195 14305 15250 18098 5313 3169 12787 5639 13117 5801 6672 2866 16916 1350 9284 14641 9699 19961 1893 10276 11388 14348 10821 1078 16311 4241 8022 16056 11902 12449 13834 6578 7375 7951 18206 16332 8685 9457 17976 20094 21034 7508 13478 16089 16230 3914 8675 13876 12147 12452 4610 21079 15665 11527 16772 19527 15640 16033 7891 0 9391 9183 18749 14412 8913 8459 11952 7542 12648 7267 16097 13629 7694 18292 13869 21105 10306 12229 7377 6630 10432 11483 4206 18649 17670 12893 12436 8439 12925 23080 6287 6577 19986 21499 20248 7103 20713 11241 18880 17191 15290 9804 14318 19410 6804 706 5623 16100 16374 9793 16628 17679 10754 19156 2854 19339 11125 1992 17467 8991 15934 19136 18226 1466 17669 20673 11165 12483 11025 10134 13648 12420 18624 19618 9848 7384 5338 13480 15109 16528 11088 16389 18025 12669 11932 3196 11087 4781 18858 7222 11820 14491 5069 17713 14056 24157 3663 14474 13583 10582 17521 17166 11137 5080 12988 17211 12695 16559 23388 14463 18431 18099 18899 10994 15973 13421 9490 10583 17789 12987 15920 3702 17719 12052 6848 2566 17654 15114 12914 9051 2575 15226 9986 10607 19144 17570 13224 6590 15999 12651 12873 12671 14645 668 16165 22483 8606 12663 18319 1181 10843 9885 20761 13110 5021 6866 5023 8977 11751 13195 14439 9835 8957 768 21222 18050 11549 24614 10891 19894 7635 13401 14670 5951 12028 12172 13527 10149 13859 6472 15618 14519 6884 14628 16660 7335 287 6178 4148 16994 17990 19410 8110 4199 936 11556 8465 18931 19609 6072 14103 11088 10205 13842 11199 1738 14229 8178 12356 14200 4912 12497 5410 6702 11245 11901 22771 15436 8891 7209
12871 12343 14401 4586 7353 3369 7998 1901 7111 8744 9453 4929 9261 3834 12677 13381 9696 10650 8982 9276 15781 5779 14614 5618 15330 7220 8541 2694 6175 11921 4196 12282 1682 5906 7945 11165 408 9390 457 7430 10797 1330 10754 5871 10956 7492 10682 925 13856 7807 9206 14474 11151 2530 12112 11255 7753 8362 11795 5478 3728 5446 11503 12402 10774 12145 11675 5376 12120 8621 6723 11527 10730 4603 9210 4659 7828 4213 4067 6795 7747 6789 11139 3904 7018 9076 2745 4141 5925 13190 11658 14314 13863 10740 11113 11292 4878 14544 13695 1878 5006 12634 7743 4882 3183 6018 3076 10082 7162 4414 7117 11292 4612 6026 11723 12653 9966 6643 5054 6613 3751 7468 8611 9207 12032 4275 6659 10350 4390 4728 3606 8809 11334 7605 8089 4428 5835 2583 11475 8625 6238 3444 8739 2441 10137 7497 9755 5050 6752 5361 9220 12424 3917 3650 1895 10119 11251 3812 10177 8816 10755 12742 2022 9710 13463 9136 6711 934 4829 5112 8932 6154 13097 8459 4499 15292 14437 6318 8774 1667 9391 0 2525 14495 7181 3417 3248 2606 3702 12695 9865 15070 4240 5430 10282 6641 13318 6146 10887 4057 3393 4851 3316 7650 9758 10751 6632 6159 6427 8567 14509 4433 5204 11695 13530 13847 3086 13201 3389 16611 8150 12727 5688 12195 11487 7440 10050 4046 6709 7375 11754 7986 11869 5674 14991 8911 11319 3228 7566 12267 10723 7903 14700 9926 10401 12708 12590 6393 7427 1956 3687 5356 4023 16441 12983 4545 7239 4053 10804 6310 15514 1773 8212 15605 3794 2742 7130 1704 9346 12794 5764 9051 10049 5097 8384 5129 15300 6920 8283 12812 10751 12464 7814 6875 4993 5620 7823 3485 7337 14471 10075 9116 8727 17316 3929 7462 8511 8668 1353 11714 9550 6722 12721 16551 12270 5699 7642 8683 14340 12627 5477 7474 9407 2343 8578 10103 14516 11372 11116 8085 6378 11572 5202 5544 10053 7216 13822 1841 9023 12712 9742 2829 4536 11683 6744 4844 8374 5302 2775 7125 4040 12318 7739 595 9501 13074 10312 3340 15872 6302 10536 3921 8845 5587 4758 9495 9198 4284 7911 12877 4472 8267 5691 2938 5647 8081 2145 9268 5343 5712 7736 12357 12001 6577 9916 8767 4290 4690 15752 13349 5305 6589 1822 7280 13671 2422 10975 10255 2277 6939 8263 4503 10913 4268 3292 5503 8384 13750 12399 4488 2242
10371 10359 11933 7067 6109 3021 9184 1648 4929 6405 8919 5559 10067 3300 11373 11255 7482 8131 7913 6824 15297 8157 12105 7042 14755 5127 6679 4903 5800 11120 1813 11754 3421 7919 10286 9864 2505 7605 2105 6918 8686 2263 10071 5993 8633 9188 10221 3162 11742 6622 6854 13565 9858 4885 10549 9957 7724 7460 11868 5686 1343 5356 10953 10538 9924 11684 10667 7224 12091 6608 4539 10292 8456 4371 9407 6807 9868 3669 3049 5492 5285 9313 9145 1556 7666 8969 4612 2254 5275 10680 9421 14073 11385 9895 8641 10407 2355 14301 11174 2795 6266 10279 5434 3720 5541 7453 5054 10914 6185 5574 8329 10403 4744 6728 11152 12507 12471 8909 3388 7119 5956 5184 6481 11713 10137 4986 6081 7830 5464 3935 3756 6884 10554 8920 7833 6768 7832 517 10804 7962 8618 2205 6592 1802 9702 7144 8439 7090 7226 7884 6717 9899 2673 1973 1653 9135 9067 6058 7850 8922 11226 11930 3410 7262 10986 11543 7501 1898 4868 7621 6442 5037 12081 10863 2608 12776 12333 6866 7265 2051 9183 2525 0 12226 9616 945 1005 4316 5602 10214 7877 12546 5453 3246 9248 5027 12188 8535 8369 2209 4771 7324 5760 6388 9479 9140 4570 4066 4068 6154 13921 3093 6828 10874 12510 12106 4686 11920 2059 14141 9832 10237 3164 9680 10415 5454 9753 3593 7668 9134 9498 9967 9891 8139 12716 7949 10306 1942 7678 10139 8501 10140 12467 9096 9888 10537 11633 3936 9936 4200 6180 4469 6352 13965 11310 6966 5114 4271 8297 5953 12990 2933 10389 13137 5918 3298 7703 3208 7882 10917 3706 6528 7703 6067 8876 4969 14974 5988 6294 10295 8332 10309 8407 4383 5934 8084 8801 3963 8837 14209 7720 9547 9790 14814 1994 6793 6188 6253 3581 9813 7068 6950 12052 14032 9809 3770 8059 8511 11816 10129 3000 7861 11922 4864 6069 10011 12088 8847 9367 6946 4301 9051 3652 5638 9800 7033 13309 959 6544 10699 9224 1688 6963 11630 9261 4168 6391 4316 329 4687 4336 9803 5253 2070 9086 12164 9108 2382 15436 3818 11085 1968 6473 7374 6101 6972 6683 4750 5408 10355 2999 6790 7684 4309 7526 10092 2459 9135 3738 6348 8057 10342 10648 4285 8619 8390 2532 2311 13355 11549 3758 5141 2825 4761 11166 2327 10539 7846 4340 4640 6189 4836 8390 5083 2493 3173 5882 13611 9938 2017 2606
7466 3287 3198 19022 14485 14499 16129 12689 11119 5833 10515 13346 15437 14468 7275 1805 4804 6938 8605 5753 13009 20273 4562 19045 12262 7313 12640 17097 11114 9745 11378 19927 14398 17600 20608 16185 14288 5997 14174 10605 3897 14486 18266 16920 10094 17610 18952 15304 1711 14863 5403 10003 16209 17013 5824 16248 17984 16019 13693 12471 11632 11828 10813 3991 9343 11416 8700 16694 13392 11948 7772 16679 10520 11697 13168 19027 19167 11370 10933 14099 7175 20860 12655 11611 18906 18788 16836 10370 10578 7098 2844 13467 8232 9364 8159 17913 10152 13577 6484 13464 18218 10025 6792 10261 17671 19440 17280 15975 9425 17523 15737 17902 16028 13781 19355 13098 23560 19143 12788 18276 16629 10555 5932 22859 3957 16714 15911 6044 17372 10814 15353 12407 18331 16349 17661 18915 17498 11982 10257 16897 20733 11224 5791 12209 18632 11058 15354 19315 13348 19470 6320 5939 13407 12739 13790 8768 3310 18250 10009 12720 14881 9902 15612 5346 3483 22030 18925 14098 12135 19041 6371 14348 8936 21408 10025 5088 1747 13444 7230 14235 18749 14495 12226 0 20432 11655 12090 14762 17821 7977 12318 5854 14439 11435 8549 8403 8372 20639 6979 12449 16888 19296 17073 14556 11533 5928 7902 8351 10439 6198 11770 13354 18946 9604 9040 4653 16872 7490 11228 4029 18013 4005 9612 5013 8377 11955 18990 14704 14753 17755 10864 19050 3592 20121 500 16145 8651 11376 18177 2566 10947 20069 475 9394 18579 2011 9118 8406 21720 15429 18116 10372 17236 4105 5090 19034 11365 15770 5356 11137 5889 13705 20059 3485 16427 13059 18848 14092 14575 3793 11759 6930 4565 17836 13918 11724 13573 15164 6422 6728 9008 2282 14047 8131 17697 19196 15324 12934 16822 13443 4562 13986 16098 5404 10570 10159 6041 9342 14986 4082 5789 12651 19747 5807 8368 12143 18938 11720 6324 7516 10262 18731 23152 16725 8146 12353 2332 5957 14054 8651 8141 6581 9615 12220 19122 11546 11839 13177 6178 2921 18090 11748 19022 13091 20660 14721 12057 14309 12124 7653 12635 4936 8925 14200 18230 9497 7827 11455 13317 8602 15090 12297 5804 16647 18113 6733 6582 12934 8610 6382 13117 7602 17378 16454 16976 19244 14529 18864 12956 17780 13147 3098 6977 10715 15511 17815 10268 11128 2234 4228 13086 8718 13547 8663 7392 12515 19251 4614 16556 7589 6324 16287 6646 16869 13855 9055 6963 13670 3532 10928 14656
19973 17680 20979 4021 13909 9947 6683 8332 14267 15130 12073 7320 8516 10400 16419 18993 15746 17691 12853 15922 17083 4746 21392 8603 16930 13269 15517 6184 9682 14604 11365 17475 6369 3218 1232 17516 7118 14598 7637 10658 16539 8169 16330 11169 18132 4642 15929 6941 19412 14269 15596 17036 17494 5782 16513 17598 12793 14472 12317 8293 10893 8836 13667 17457 13789 13965 14884 4029 12835 15686 12982 17781 17895 8765 10167 6062 3114 9065 9572 13452 14475 2095 18153 11077 11089 13987 7027 10493 10027 20264 17638 15180 20999 13750 18257 17108 11895 15383 20712 7259 8734 19814 14131 10184 5457 8750 6728 8943 11355 8704 6279 17112 10318 7383 17036 13566 3137 1632 12072 11079 3861 14644 14579 2479 17188 9383 12641 17251 8852 9618 9695 15818 16997 6100 13401 5143 3303 9518 13933 14412 4764 9486 14729 8654 15410 10378 16203 6525 8177 2511 16042 19390 10863 10767 8954 13562 17129 5735 17355 10148 10460 15312 7830 16329 20093 1978 10611 8056 8402 2323 15710 12728 16103 1318 10762 22111 19938 7840 13546 8582 14412 7181 9616 20432 0 10550 10424 5758 6899 19828 16895 21990 6078 12600 13801 12030 16565 4672 17938 11191 8009 4008 3867 14197 11704 15422 12711 12350 13606 15135 16253 11356 7921 14465 16486 18493 7559 16821 9535 23161 4920 19426 12729 19036 14872 14514 15116 10493 6912 4348 18911 3483 17227 3907 20928 15033 14596 9420 12427 17949 17870 1952 20531 13078 15761 18470 15532 13168 3186 5439 4367 10081 3324 23026 17545 4578 14375 9882 17618 9719 22419 7032 2474 22164 4028 7450 11306 6655 15967 17845 12900 15989 16384 9353 8911 8838 16249 13232 14019 19858 17925 18202 8346 13717 9355 1588 7263 7499 5361 15369 16428 9496 7426 24024 10380 10985 14875 15842 6042 16911 16283 8730 18103 23386 19423 12794 11959 10726 21329 19734 12614 11893 2819 5093 15666 11495 20939 18317 17932 12309 12515 18597 10878 8534 15048 9863 15476 9021 15757 18091 15189 9135 4539 12562 1600 11273 15427 11889 9903 13823 7812 19151 14868 7750 14827 15827 14190 9188 17039 13146 10083 11079 15301 4196 8461 16443 16081 7556 15016 19891 11453 13077 3367 7940 3837 3363 8826 14188 12313 10283 9001 17765 15942 13756 16334 14143 10475 11862 22047 18175 12248 11731 7188 14344 20760 8192 16150 16742 6692 13372 14160 10010 17929 9225 10150 12117 15224 14441 18986 11627 8835
9455 9995 11181 7892 5518 3058 9997 2531 4020 5824 9258 6314 10790 3209 11359 10792 6992 7240 8060 6114 15587 8913 11292 7430 15014 4786 5851 5629 6275 11325 883 11330 4363 8854 11230 9190 3432 7399 2978 7310 8256 2919 9612 5943 7690 10086 9841 3965 11283 6041 6254 13702 9186 5665 10418 9282 7554 6965 12372 6337 441 5938 11256 10244 10124 12010 10792 8147 12562 5734 4147 9636 7517 4960 9977 7471 10803 4210 3478 4898 4579 10196 8262 663 7751 8740 5237 2329 5677 9774 8892 14457 10456 10099 7709 9870 1556 14682 10286 3705 6620 9334 4899 4016 6312 7834 5697 11636 6421 5921 9154 9866 4772 7472 10720 12935 13382 9854 2741 7168 6901 4250 6073 12623 9829 5209 5755 6998 5786 4366 3884 6034 10054 9759 7574 7516 8767 1235 11064 7547 9372 2671 6168 2570 9339 7584 7776 7707 7906 8772 5931 9031 2342 1538 2153 9294 8581 6773 6907 9471 11852 12121 3984 6555 10225 12482 7644 2686 5507 8529 5680 4539 12187 11802 2617 11947 11877 7571 7219 2612 8913 3417 945 11655 10550 0 489 5248 6201 9286 7002 11687 6315 2360 9384 5003 12244 9294 7474 1598 5234 8142 6689 5783 9899 9004 4275 3774 3125 5499 14181 2645 7295 11074 12610 11866 5225 11911 2514 13384 10726 9460 2308 8858 10516 4599 9440 3499 8451 10040 8561 10896 9535 8947 12139 7421 10435 2446 7562 9683 7570 11085 11922 9319 9494 10048 11768 3263 10780 5143 7018 4825 7294 13199 11113 7753 4219 4371 7495 6429 12135 3856 11333 12383 6863 4133 7760 4144 7174 10612 2859 5690 7097 6326 9533 5547 15322 5525 5991 9399 7389 9831 9097 3640 6188 9010 9575 4747 9708 14584 7107 10180 10573 14010 2088 7131 5625 5308 4522 9505 6315 7571 11575 13195 8874 2976 8048 8981 10937 9211 2066 7843 12824 5736 5161 10484 11381 7991 8552 7088 4009 8164 3758 6261 9503 7532 13602 1659 5801 10313 8838 2319 7753 12097 10161 3917 5527 3917 647 4023 5063 8983 4327 2914 8740 12314 9171 2932 15741 3101 11734 1331 5858 8291 6490 6126 5869 5496 4494 9470 2492 6773 8619 4799 8452 11024 2874 8894 3096 6473 8682 9958 10620 3352 7960 8072 2648 1373 12673 11281 3143 5202 3740 3871 10254 3132 10164 7178 5037 4138 5828 4933 7509 5336 2434 2709 5100 14032 9201 1078 3002
9653 10472 11540 7620 5169 2570 10188 2653 3964 6264 9678 6548 11049 2722 11842 11254 7452 7485 8522 6506 16023 8588 11609 6973 15458 5271 5675 5299 6648 11778 954 10919 4362 8869 11149 8891 3320 7888 2795 7713 8726 2585 9212 5457 7736 10180 9415 3701 11746 5688 6687 14168 8886 5369 10907 8983 7081 6575 12741 6634 511 6268 11687 10728 10578 12436 11258 8195 12943 5615 4628 9327 7534 5284 10317 7101 10819 4552 3856 4549 4978 9979 8154 659 7262 8279 4860 2783 6073 9990 9342 14868 10626 10551 7875 9501 1949 15094 10530 3788 6158 9403 5355 4436 6005 7375 5325 11895 6863 5459 9334 9497 4283 7715 10311 13332 13201 9799 2413 6679 6853 4259 6548 12440 10313 4730 5310 7307 5320 4749 3399 5883 9670 9925 7117 7190 8785 1442 11505 7130 9045 3029 6641 2785 8908 7972 7470 7316 8189 8563 6279 9302 1882 1093 1779 9754 9040 6432 6954 9820 12167 12578 3597 6946 10580 12372 7156 2438 5808 8349 6046 4145 12657 11693 3084 12251 12340 7839 7702 2244 8459 3248 1005 12090 10424 489 0 5281 5808 9460 6884 11963 6457 2270 9848 5483 12721 8972 7712 1236 4800 7864 6557 5442 10296 9492 4762 4262 3184 5916 14624 2222 6856 11528 13081 12353 4814 12394 2873 13737 10826 9806 2634 9172 10986 4455 8997 3013 8666 10120 8571 10928 10014 8659 12572 7046 10901 2786 7083 10147 7559 11042 12364 9767 9072 10505 12234 3687 10519 5068 6762 5232 7210 13547 11602 7453 4135 3884 7828 6802 12413 3914 11310 12739 6836 4302 7271 4168 6896 11095 2708 5999 7527 5849 9830 5878 15744 5121 6477 9631 7503 10291 9375 4028 5711 8867 9797 4958 9839 14998 7535 10490 10789 14332 2535 7550 6071 5420 4440 9989 6683 7885 11183 13490 9026 2765 7561 9360 11189 9407 2270 7357 12630 5520 5389 10864 11764 8276 8363 7549 4497 8413 4217 6572 9056 7899 14037 1418 6176 10788 8414 2606 7455 12480 9966 3451 5394 3486 682 4444 5314 9298 4520 2703 8305 12777 9645 3261 16174 3507 12037 981 6288 8353 6034 6426 6197 5735 4712 9718 2090 7254 8636 4376 8495 11048 2449 8434 2767 5985 8995 10433 11104 3360 7651 7628 3098 1442 13066 11767 2799 5673 3813 4133 10459 3324 9737 7586 4695 4602 6310 4445 7766 4861 1945 3187 5456 14432 9572 1305 2570
14413 12170 15221 4812 9902 5967 5402 2763 9240 9372 7805 2758 6749 6428 11624 13405 10024 12083 7877 10174 13889 6294 15650 7592 13518 7529 10893 4221 4705 10395 6127 14874 963 3609 6193 13723 2270 9084 2950 5923 10890 3936 13359 8415 12926 4957 13271 3161 13845 10371 9839 12968 13711 3794 11379 13814 10297 10962 9599 3583 5658 3835 9772 12050 9342 10320 10356 2916 9980 10885 7224 14098 12764 3356 7012 5884 5556 3437 3838 9326 8751 6142 13424 5871 9372 11622 4713 4753 4770 14668 11942 12271 15487 9305 12781 13897 6368 12500 15065 1589 7146 14551 8373 4509 4232 7954 4845 7551 6144 6663 4523 13897 7183 3677 14320 10580 8842 4745 7446 9035 1897 9498 8861 8122 11738 6727 9265 11561 6686 4020 6199 11128 13940 4999 10667 5255 3520 4061 9849 11231 6699 3734 9009 2970 12725 5838 12304 6402 4501 4812 10331 13719 6399 5983 4401 8851 11452 4989 12145 6697 8360 11197 4461 10577 14337 7547 9013 3470 3238 4323 9989 8714 11731 6880 5009 16376 14393 4049 8171 4252 11952 2606 4316 14762 5758 5248 5281 0 5444 14318 12150 16286 1732 7549 9056 6397 12058 6582 12337 6341 5626 5083 2418 10198 7880 10139 6963 6593 8369 9382 12724 6910 7042 10195 12155 13278 5215 12103 3792 17403 5613 13676 7198 13316 10239 9714 12621 6647 4193 4870 13809 5651 11704 5840 15260 11508 10018 3686 10083 12330 12816 5920 14889 8520 12996 12833 11185 7471 7107 1156 4015 4568 2479 17268 12354 5076 9415 6626 11896 4801 16708 1401 6123 16406 1750 1706 9511 1112 11858 12445 7977 10327 10630 7394 6039 3659 13301 9511 8341 14239 12559 12570 5434 8038 7310 4436 5276 1957 4742 12440 10673 6781 6148 18270 4659 6101 9117 10500 1385 11441 10549 4652 15323 17652 13962 7987 10068 6780 15662 14181 7226 9914 8402 2849 10131 8068 15187 12641 13535 7131 6761 12968 5155 3741 12617 5436 11992 4081 10026 12571 12339 3436 5047 9571 5908 7441 10655 7871 4640 8097 2445 13429 9408 3136 12090 11607 9260 3430 13944 7475 8108 6150 9543 3085 6864 10781 10392 2421 9513 14247 6912 7672 3372 5236 3214 5776 4750 11817 7764 8120 5526 12231 11028 8599 12470 11355 4720 6621 16311 12875 7745 6161 1535 8802 15179 2461 13561 10983 4150 7616 8451 7042 12299 6684 5835 6394 9526 11650 13229 6282 4848
15067 15899 17338 2924 7371 3940 10463 5575 8704 11992 13033 8176 12035 4267 16379 16847 13082 13088 12676 12310 19270 3133 17348 2174 18862 10692 9356 1226 9778 15552 6659 10609 4878 7334 8032 10747 4061 13018 3854 11039 14270 3338 9430 4288 12542 9296 9046 2777 17331 7647 12434 18118 10722 1694 15799 10824 5903 7677 15043 8903 6304 8990 15061 16013 14424 15662 15351 7241 15422 9701 10129 10972 12198 8226 12456 1376 8892 7899 7763 7024 10778 5477 11954 6382 4352 7129 998 7662 9592 15460 15022 17700 15904 14390 13208 10218 7749 17929 16086 5466 1937 14235 11032 8577 1567 2516 632 12788 10856 1804 9634 10222 3605 9117 10152 16012 8778 7223 6287 4234 5282 9227 12065 8057 15629 2566 5864 13051 1956 8426 3320 9704 10098 9951 6502 1915 7309 5895 15073 7540 3539 7099 12180 6119 8520 11056 9506 1509 9944 4408 12075 14947 5134 5474 4048 13797 14666 1176 11819 12130 13752 16371 2217 12751 16375 8776 3907 3782 8364 4609 11851 6283 16768 8179 8031 17961 17920 9493 12459 3593 7542 3702 5602 17821 6899 6201 5808 5444 0 14781 10771 17602 7148 7306 13967 10294 17005 3502 13290 5880 1308 3022 4136 7635 13237 14427 10118 9622 8479 11697 18052 5498 1598 15333 17201 17502 1042 16901 7026 19529 9905 15593 8431 14914 15172 8625 8248 4227 9526 9084 13119 9172 15427 3564 18310 8229 14996 6864 5551 15730 12064 8395 18068 13578 8867 16136 16253 9461 5505 4301 2593 9054 5056 19333 16652 2436 8704 3296 13605 9904 18058 5297 8855 18535 5514 6299 4546 5068 9387 16401 7366 11752 13281 2475 11468 8710 18719 6573 11821 15163 12646 15905 10854 9833 2464 5446 10526 6974 9463 17866 13294 12209 11274 20074 7423 11108 11781 10669 4161 15308 12489 10062 11217 19174 14272 7118 5184 12142 16768 14816 7961 5088 8114 2763 10991 13485 17572 13965 11464 11785 9854 14011 8850 9014 8191 10723 17341 4646 11983 16253 8290 6463 2465 15009 5714 4862 9428 5538 5698 10221 7541 15043 10068 3766 7931 16724 14012 7027 19340 9301 13477 5915 12044 7517 1641 12161 11975 7689 10313 15296 5682 11954 7204 1535 7399 9186 3378 7331 6400 3396 10969 15895 15703 8464 9619 7244 7861 7047 18871 16985 6295 10271 5394 9838 15882 6122 9277 13379 1428 10241 11753 3253 13394 2385 4442 8774 11258 17088 15377 7080 3277
553 9376 5125 17015 8738 10846 18061 11573 6113 6492 14412 14401 18189 10564 13335 8759 7221 2423 12352 5271 19186 17822 4096 15131 18447 8235 6374 14585 13029 15030 8506 12968 13533 17879 20459 8995 12717 9607 12247 13321 8030 11956 11522 12118 2814 18753 12367 13138 9084 8905 6255 16355 9026 14740 11740 9036 12460 9896 18075 13924 8968 13286 15700 10183 14110 16479 14034 17076 17993 5726 8025 9434 3308 12590 16471 16154 19788 11892 11090 8640 6036 19432 5202 8801 14019 12834 13978 9751 12277 1044 7220 18971 1172 14110 1588 10920 7961 19145 1875 12730 14318 2075 7047 10917 15343 15449 14444 18954 11900 13726 17356 10907 11748 15349 12473 18002 22659 19044 8520 13412 16105 5561 7816 21899 9831 12746 10572 3439 13533 11594 11554 6021 11393 18014 11910 16446 17784 10326 15234 10775 18262 10769 7706 11358 12195 13791 8582 16222 15376 18020 4594 2066 9647 9391 11120 13232 7575 15646 3247 15922 18485 15541 12750 5144 4519 21745 14223 11894 13208 17805 4977 9212 14918 21066 9612 4249 9470 15227 10642 11564 12648 12695 10214 7977 19828 9286 9460 14318 14781 0 5401 3482 14938 7503 13128 9935 14556 18206 2162 8963 13533 17244 15973 8664 15430 10875 8499 8548 6360 5981 17753 9303 15316 14803 15194 11684 13740 13772 10666 6506 19336 3996 7126 3075 13657 6440 12664 10670 16447 18776 3163 19820 9236 18010 8183 9799 13804 10732 12790 8295 3694 20238 8451 13686 12027 8101 14833 7030 19919 14398 16186 11564 16544 6232 11601 16785 6168 11762 3672 13139 3895 12930 20432 5832 16029 12845 13878 13275 7911 10285 7417 4250 6132 13716 16648 12977 19435 9645 8546 1260 2197 8140 16466 6438 13591 18296 17415 13185 18187 19015 6053 17055 18395 6293 9768 12901 6681 4118 13787 9669 4748 14777 12613 5080 596 7685 13721 15032 2493 464 7220 13540 22090 14978 4188 16263 5948 2567 6681 11744 8525 1853 10134 13727 12825 14076 17531 10877 5081 9327 11705 10911 16792 17571 19425 10259 5960 9625 9933 6616 13224 3116 4960 12163 11972 15362 12473 11114 19454 6948 18536 8988 6205 17162 14341 3844 4357 13664 4818 1611 9107 10627 17637 13246 17389 19973 11544 12844 8465 13272 15720 9167 12714 6326 8690 11789 9903 8022 7122 11047 8585 10418 12787 5517 1201 11901 12618 5461 13964 7453 8139 12104 2365 12946 10347 8145 5167 18895 4608 8210 11606
5906 12538 10070 13439 3685 7009 16979 9520 3032 8224 15168 13257 17649 6591 15671 12489 9509 5388 13421 7351 21000 13904 9316 10561 20323 8991 1415 10946 12751 16610 6130 7703 11213 15707 17765 3867 10050 11396 9420 13512 10773 8739 6162 7283 2587 17064 6980 9958 12925 3700 8310 18539 3891 11242 14254 3930 7245 4563 18669 13143 6565 12642 16922 13185 15485 17725 15790 15066 18747 1269 8437 4362 2093 11718 16518 12117 17652 10942 10115 3825 6858 16014 1276 6343 9009 7478 10184 8681 12037 6409 10532 20284 6198 15471 4358 5656 6482 20492 7235 10671 9821 3927 8086 10353 11735 10814 10607 18486 12272 9348 16146 5643 7289 14391 7168 18970 19352 16504 4830 8447 13609 3043 9426 18600 12759 8367 5566 6319 9148 10909 7466 1081 6104 16757 6631 12632 15627 8236 16580 5417 14300 9451 9398 9563 6795 13896 3198 12045 14725 14705 6509 6803 6032 6220 7991 14567 10623 11826 2355 15978 18496 17298 9137 7568 9240 18872 9291 8937 12318 14646 6691 4541 16988 18205 8755 9596 13439 14436 11964 8328 7267 9865 7877 12318 16895 7002 6884 12150 10771 5401 0 8875 13316 4642 14556 10319 16811 14269 5376 5829 9463 13618 13106 3525 16025 13025 8893 8634 4158 7545 19531 5539 10894 16357 17353 14892 9792 16195 9302 11782 17709 8494 5920 7466 15438 2438 7263 6572 15409 17003 2601 17780 12226 14283 12654 4413 15479 9286 7616 11664 1724 17766 12757 14827 6634 11703 16731 6850 16240 11806 12742 11172 13879 11516 14496 13078 2794 7490 6986 12896 9295 10797 18076 10996 13628 11134 8837 11039 2510 13422 4176 5809 8743 9140 16284 12262 20983 4628 9913 6416 3462 11628 15915 6458 9036 15306 16517 11727 16708 20376 8688 16867 17523 11686 8551 13201 8253 3278 11182 12498 7014 14293 7452 10482 4807 4176 8578 15298 7887 5698 5428 8416 18718 11803 4624 16748 10754 6414 1922 12552 8756 5909 9747 13023 7425 13991 19112 8105 6908 12654 6304 9261 13096 18286 16128 5912 1496 5234 7549 7023 11994 7574 4346 9271 6577 17299 14073 9770 21217 6598 18433 6004 8002 15231 9918 5810 6167 12439 4562 6719 5444 11718 15479 9313 15362 17891 8071 7474 4582 8509 15383 12382 14943 3803 3321 6433 8964 5680 12073 14221 4649 10735 10697 5095 6587 10131 7240 8264 10353 7936 9525 7663 5696 8572 6746 7620 6337 20009 8809 6123 8070
2970 8297 2661 19576 12095 13738 19254 13663 9187 7250 14667 15818 19054 13519 12534 7211 7341 4514 12568 6203 18448 20532 1301 18193 17694 9231 9776 17246 14045 14672 11031 16441 15621 19693 22477 12461 15016 9643 14648 14026 7573 14543 15005 15340 6289 20268 15848 15650 7374 12301 6844 15474 12493 17332 10937 12499 15829 13329 18226 15167 11452 14497 15553 9141 13963 16270 13618 18832 18040 9103 9275 12891 6784 13985 17056 18955 21519 13391 12679 11936 7540 21857 8662 11325 17287 16268 16728 11540 13338 2467 6404 18594 3005 13972 4705 14396 10193 18738 1655 14738 17363 5367 8127 12301 17967 18535 17199 19742 12622 16733 18653 14383 14838 16604 15951 17905 24962 21018 11501 16668 18157 8592 8319 24211 8901 15777 13881 4741 16547 12975 14509 9437 14871 19311 15309 19135 19593 12539 15030 14215 20984 12569 8173 13341 15669 14513 12062 19086 16450 20426 5955 2663 12525 12129 13719 13183 6936 18359 6645 16532 18994 15023 15467 5856 2764 23830 17455 14372 14565 20138 6301 12448 14207 23160 11310 902 7575 16393 10873 14181 16097 15070 12546 5854 21990 11687 11963 16286 17602 3482 8875 0 16585 10322 13022 10883 13728 20916 4318 11724 16415 19823 18219 12046 15724 10459 9670 9891 9143 7023 17103 12254 18309 14479 14399 10297 16564 12869 12499 3170 20796 2966 9386 2989 13252 9678 16133 13665 17689 20338 6601 21497 8337 20622 5869 13256 13464 12601 16139 7195 7175 22140 6304 13735 15506 6798 14257 8824 22467 16574 18706 12781 18666 2894 10495 19415 9303 14781 4403 14127 458 14962 22265 2758 18035 14670 17161 15336 11384 9108 10364 6025 6300 16805 17479 14253 18876 12974 9073 2554 5529 6947 17419 8274 16675 20528 18528 14854 19604 18604 6228 17757 19451 2812 11628 13573 7499 7088 16000 8850 5771 15788 16070 1637 4072 10682 17049 15564 989 3184 9703 16861 24438 17410 6614 16578 3524 3699 10139 12198 9788 3595 11510 14940 16292 14894 17031 13343 6280 8100 15174 12863 19417 17665 21788 13357 9318 12762 12312 8193 14767 2886 7535 14597 15432 14724 12302 12893 18742 8847 19115 11692 7005 18872 17353 5577 5911 15174 7294 2342 12037 11020 19452 16079 19142 21668 14259 16285 11509 16447 16585 8071 12048 9214 12172 15224 11606 10595 4271 9752 11636 11342 14807 7830 2346 13826 16100 5709 16633 8781 8732 15177 4211 15970 13177 9893 6767 18659 3670 10659 14343
14971 11612 15261 6174 11359 7537 3803 3805 10326 9436 6419 1312 5033 7984 10518 12948 9863 12605 6847 10387 12300 7675 15832 9308 11967 7481 12132 5922 3634 9026 7192 16517 2560 3180 6169 15176 3864 8539 4521 4715 10543 5547 14966 10101 13826 3838 14918 4876 13356 11846 9887 11578 15166 5476 10479 15267 11984 12509 7910 2287 6752 2769 8297 11379 8051 8789 9111 2282 8310 12048 7325 15572 13716 2747 5338 7490 4935 3210 3911 10764 9090 6982 14577 6973 11102 13309 6442 5187 3949 15176 11690 10628 16090 8012 13457 15464 7153 10854 15490 2711 8876 15387 8486 4333 5860 9663 6560 5846 5281 8394 2926 15462 8850 1980 15953 8932 9211 4706 8775 10757 2639 10505 8698 8552 11112 8441 10863 11943 8416 3693 7845 12335 15531 3481 12328 6782 3077 5081 8432 12830 8042 4174 8852 3773 14374 4524 13749 8024 2837 5824 10681 14113 7824 7307 5900 7676 11159 6612 13054 5062 6629 9805 6169 10755 14429 7592 10745 5026 2328 5256 10313 10195 10436 6975 5342 16581 13874 2388 7468 5823 13629 4240 5453 14439 6078 6315 6457 1732 7148 14938 13316 16585 0 8674 7901 6066 10820 7922 12867 7619 7357 6427 3653 11651 6355 9351 6971 6700 9345 9570 11191 8321 8744 8846 10848 12442 6947 10961 4287 17393 4453 13831 7943 13596 9040 10903 14289 8222 2476 3842 14763 4918 11163 7109 14931 13045 8792 4239 11783 11923 13814 5663 14513 7266 14633 12455 9875 7926 8074 2848 5477 4070 3272 17283 11498 6525 10533 8292 12187 3688 16987 2652 5718 16415 2355 2192 11239 2562 13253 11767 9156 10788 10616 9125 4320 2761 11670 11041 8077 14717 13340 12185 3709 8516 9040 5092 3583 1755 3394 10801 10669 5061 4498 18362 5180 4988 9179 11340 3111 10837 10816 3103 16941 17854 14636 9221 11790 5263 16045 14752 8120 11635 8877 4474 10786 6457 15126 13038 14817 6245 6820 13447 5102 2508 14292 4056 10443 5455 10314 12024 13972 4140 6491 7912 6649 8995 11836 9372 5780 8448 1844 13700 10164 4712 13738 10255 8213 3828 12339 7991 6376 7399 9646 2291 8593 11235 10795 1505 10220 14685 8292 7002 2950 6964 2582 5085 6351 13502 9111 9843 3863 11702 9984 9623 13921 13004 5047 7660 16158 12107 9108 5722 2707 9480 15702 3199 15213 11056 5878 7804 8267 8729 12784 8404 7330 6810 9924 9987 13312 7255 6462
7768 10426 10322 9535 3699 3416 12349 4881 1696 5881 11121 8646 13089 3222 12562 10923 7228 5814 9649 5683 17299 10321 10161 7931 16679 5629 3519 7086 8372 12940 1494 9686 6631 11138 13371 7065 5551 8333 4974 9285 8586 4507 7926 5486 5534 12433 8328 5723 11413 4208 6206 15161 7067 7260 11398 7156 6654 5295 14432 8601 1922 8148 13035 10847 11754 13818 12275 10463 14575 3374 4962 7539 5299 7192 12132 8673 13088 6421 5624 3125 4357 12003 5905 1701 7477 7630 6478 4256 7706 8155 8902 16331 8646 11733 5920 8011 2207 16550 8784 6041 7093 7223 5216 5998 7850 8294 6946 13932 8206 6440 11510 8004 4674 9794 9068 14887 15284 12043 1353 6845 9106 2047 6611 14523 10411 5513 4609 5935 6260 6473 4203 3682 8268 12117 6452 8943 11054 3594 12775 6038 10763 4892 6656 4925 7882 9615 5696 8775 10181 10614 5184 7683 2204 1896 3681 10870 8734 8144 4759 11609 14060 13701 5247 6091 9356 14563 7519 4545 7769 10455 5075 3086 13610 13886 4417 10731 11999 9867 8493 4103 7694 5430 3246 11435 12600 2360 2270 7549 7306 7503 4642 10322 8674 0 10917 6459 13571 10704 6004 1465 6095 9757 8742 3909 11867 10018 5292 4876 1179 5340 15856 1985 8000 12685 14016 12556 6264 13114 4738 12454 13075 8548 2115 7757 11962 2249 8099 3402 10792 12379 6326 13198 10006 10514 11884 5651 11932 4702 6797 9873 5303 13293 11775 11001 7959 10128 13253 3472 12434 7311 8728 6832 9439 12237 11926 9287 1868 4520 6559 8523 10780 6177 13570 11487 9097 6492 7413 6438 5018 11176 574 4700 6965 6592 11782 7760 17133 4042 6799 7860 5425 9957 11375 3469 6456 11027 11909 7096 12066 16444 6949 12401 12912 12873 4080 9039 5764 3385 6681 10100 5685 9799 9812 11915 7018 874 7513 11028 9469 7517 1363 7306 14690 7591 3751 12518 10694 6747 6223 8701 5071 6728 5528 8503 8196 9633 15338 3598 5260 10676 7345 4641 9296 14109 12035 3293 3169 2885 2917 4071 7387 7887 2817 4852 7347 13816 10578 5193 17480 3197 13965 1527 5799 10617 7059 5051 4992 7827 3095 8001 1754 8124 10906 5774 10763 13318 4043 7745 1552 6398 10905 10339 11811 1185 5885 6776 4567 1087 12049 11920 1675 6784 6070 2802 8583 5491 8653 6821 6465 4669 6512 4975 6132 5696 2865 3688 4475 15966 8468 1573 4103
12865 5262 10754 13868 14603 12269 8147 8500 11855 6737 2056 6591 7091 12522 2622 6752 5923 10842 1335 7925 6449 15346 11856 15877 5790 5566 13995 12858 4352 2055 9804 20574 9239 10620 13599 17837 9909 3522 10215 3186 5450 11054 18822 15239 13596 9982 19150 11203 6974 15119 6896 4321 17845 12547 3018 17925 16926 16170 5233 5616 9687 5230 2576 4615 982 3351 1419 9773 5019 13527 6142 18334 13770 5792 4740 14745 11739 6070 6333 14009 7783 14882 15533 9831 16883 18124 13027 7068 4385 12799 6658 5870 14013 981 12214 18926 8720 6057 12670 8517 15205 14563 6540 5564 13107 16282 13335 7527 3131 14556 8003 18919 13992 6431 19957 4911 16863 12259 11922 16355 10527 11607 5390 16269 4593 14141 15126 9713 14488 5566 12990 13986 19183 8510 16957 14241 10527 8754 2111 16842 15754 7129 5476 7975 18667 3424 16540 15210 5704 13709 8724 11406 11725 10922 10778 253 6100 13845 13031 4371 6337 2786 12154 7992 10291 14992 16680 10464 5817 13151 8387 13807 2840 14468 6767 12601 7306 5985 2609 11046 18292 10282 9248 8549 13801 9384 9848 9056 13967 13128 14556 13022 7901 10917 0 4463 3039 15638 11071 10921 13597 14138 11421 14823 3007 2652 5716 6067 10687 7358 4983 12007 15486 1801 3273 4981 13346 3061 7251 12401 10227 10093 8919 10477 1205 12782 18802 12817 7108 10195 14640 11530 4995 14885 8949 16558 1058 7396 16909 6143 14081 12876 8403 876 18791 6677 2387 7752 15973 10118 13058 4943 11166 12405 4059 14116 12158 13508 9473 4264 13278 8706 12721 11614 10250 7725 16934 8992 15808 4907 11479 9297 7028 15156 5698 5402 6457 14805 4743 12280 12634 6438 5997 8100 15032 12979 7329 7157 9130 5931 7107 5598 7916 13688 7321 2956 6602 11412 9979 4481 8436 5089 20727 13701 13147 11784 17307 3429 12943 12745 9614 17109 16618 11794 10175 3808 10210 10585 16459 2303 5897 11277 5632 5404 18872 3939 4564 10036 8221 5636 18149 7758 14088 4655 14537 13298 13456 13276 9395 7537 6623 10516 10226 10349 18086 2930 734 7085 6661 8021 6562 10660 7018 9624 14983 9558 9040 6652 10044 12065 11829 2845 10447 13121 9983 11734 11567 18277 12252 15552 5123 5455 2175 11085 16729 17437 6758 9951 10722 4881 12335 4190 8594 9462 13306 7865 19475 7701 12539 6622 5158 14069 10802 14206 11716 7235 8486 5767 9364 9483 11718
9818 5804 9285 10905 10141 7995 8372 4740 7485 3642 4854 5069 8280 8198 6364 7007 3815 7513 3192 4787 10848 12270 9987 11982 10221 1708 9633 9335 3169 6481 5355 16112 6148 9244 12227 13432 6340 2763 6441 3407 4510 7093 14359 10934 9740 9491 14694 7547 7449 10657 4039 8746 13438 9134 5542 13521 12553 11707 8428 4316 5270 3644 6635 5780 5298 7432 5842 8341 8461 9215 1985 13924 9825 3320 6561 11298 10908 2974 2655 9546 3958 12533 11387 5400 12680 13719 9304 2773 2455 9901 5627 9982 10992 5277 8706 14470 4258 10194 10031 5240 11240 10970 2894 1896 9766 12394 9684 9028 2020 10558 7788 14464 9727 5740 15494 8654 15159 10757 7465 12119 8241 7300 2666 14462 5428 10012 10700 6573 10461 2412 8771 9656 14723 8441 12544 10993 9141 4580 6338 12386 12717 3199 2821 4201 14216 3866 12111 11688 5572 11176 5348 8647 7336 6528 6653 4411 5104 10438 9081 6009 8584 7244 8251 5065 8508 13645 12526 6555 3816 10712 4962 9353 7212 13015 2427 10753 8003 5512 2238 6994 13869 6641 5027 8403 12030 5003 5483 6397 10294 9935 10319 10883 6066 6459 4463 0 7245 12613 7773 6493 9682 11183 8765 10363 5754 4146 1494 1686 6304 3997 9400 7585 11691 6226 7630 7209 9514 6915 3269 11373 9979 7991 4508 7945 5546 8390 14364 8491 6814 9594 10784 10831 5333 11995 8898 12095 5492 3430 12565 5936 10079 11724 8507 4564 14333 6447 6822 3479 13458 7169 10014 2004 8857 11276 6360 11008 7783 9281 6618 3259 11248 5476 11754 10409 8031 4714 12708 5848 11392 6175 7024 5720 4662 11085 6725 3446 10727 10350 2011 9396 8915 6181 6586 3942 10953 10816 7649 4533 8778 10081 4725 7121 8587 12403 3033 3013 3401 7355 6807 5117 5290 4923 16266 12005 9795 7324 13030 5169 10492 9639 5176 12828 14760 8634 6276 6526 9089 7631 12184 2260 1575 8194 1444 4080 14438 4142 8900 5914 4878 6197 13695 3831 10990 8005 12305 8912 9118 8847 5113 3498 4241 8030 6101 6531 13640 7379 4181 3318 11037 3722 8615 6237 3902 8318 11052 6098 5579 4564 5980 9281 7398 1773 9015 9206 8633 11016 7462 13866 7792 11369 5801 5851 5631 6700 12300 13001 2504 5489 10094 6709 7877 483 5325 5305 10438 4344 15019 5189 8895 2560 2232 9847 7589 10104 7404 2793 4807 9690 7400 5023 7612
14202 5431 11188 16866 17269 15198 10476 11521 14318 8638 4492 9510 9081 15426 1221 6654 7495 12483 4340 9692 4721 18352 12460 18903 3967 7990 16418 15897 7356 2108 12582 23256 12272 13352 16253 20299 12946 5417 13242 6142 6526 14063 21495 18157 15510 12464 21883 14240 6661 17774 8652 1799 20309 15584 2831 20383 19797 18864 6059 8554 12514 8224 3292 4588 2783 3539 1709 12546 5612 15887 8636 20804 15756 8826 6784 17781 14268 9107 9339 16694 9955 17770 17673 12640 19848 20962 16063 9965 7424 14035 7442 5136 15278 2822 13910 21524 11420 5228 13736 11557 18223 16235 8740 8554 16141 19310 16374 9289 6158 17568 10508 21517 16928 9194 22638 5108 19562 14980 14669 19307 13458 13994 7387 19006 4840 17125 17937 11311 17495 8595 15943 16363 21813 10926 19785 17267 13264 11706 2829 19579 18754 10116 7421 10991 21418 6296 19064 18248 8389 16644 10549 12631 14581 13773 13754 3221 7008 16880 15040 6601 7779 1759 15174 9633 10976 17610 19661 13478 8824 16074 10271 16557 650 17129 9642 13138 6753 8732 5083 14039 21105 13318 12188 8372 16565 12244 12721 12058 17005 14556 16811 13728 10820 13571 3039 7245 0 18637 12679 13733 16619 17134 14397 17469 5006 3807 8280 8703 13189 9313 3405 14825 18521 2168 673 3815 16375 882 10232 12401 12608 11003 11496 11625 1835 15265 21586 15720 9707 12706 16525 14020 5423 17868 8644 19217 2040 10381 19803 6536 16108 15477 8074 3555 21517 6939 1131 10221 18886 13137 16070 7969 14091 12471 3290 17129 14623 16459 10914 7257 13895 11745 15266 11794 13175 10761 19891 12028 18305 4655 14115 11202 8501 18155 7962 8418 5205 17550 6928 13536 14469 6781 8403 10466 18029 15849 9691 10181 11608 5095 8576 7633 10072 13773 10224 5965 8578 13564 13013 4937 10153 7853 23356 14066 14687 14445 20242 5865 13865 14128 12226 20041 19365 14820 12249 5515 10470 11997 18733 5273 8501 12727 8540 8359 21665 6775 3496 13009 10074 5649 20889 10753 17101 5466 17403 16156 15851 16083 12312 9857 9639 11631 12476 13373 20854 1216 3081 10093 5014 10502 8105 13479 8889 12370 18004 11371 10891 9642 12249 13266 14635 5488 13198 16142 12728 14224 14550 21107 14984 18522 7622 5657 1883 13584 19251 20229 9667 12673 10597 4145 15077 7057 11633 11767 14496 10898 22208 9147 15577 9024 7299 17024 12369 17197 14625 9898 10515 5438 10265 12226 14702
18469 18398 20463 1770 10818 7410 10256 7972 12167 14883 14321 9194 12048 7759 18201 19493 15838 16413 14449 15359 20148 384 20579 4378 19855 13349 12855 3673 11287 16926 9888 13306 6517 6597 5902 14022 6358 15374 6486 12496 16913 6387 12384 7503 16027 8547 11844 5377 19962 11060 15343 19489 13994 3652 17885 14094 8810 10962 15564 10109 9482 10414 16219 18388 15905 16696 16932 6946 16023 13203 12867 14197 15691 9899 13099 2158 7496 9825 9959 10503 13820 2671 15443 9597 6879 9860 4228 10274 11324 18846 17800 18386 19342 15867 16624 13260 10843 18607 19440 7385 4793 17724 13885 10747 2994 4405 3764 12662 12688 5048 9580 13266 7043 9812 12934 16697 5600 5715 9758 7025 5351 12673 14742 4955 18040 5969 9203 16278 5239 10407 6821 13204 13068 9672 9499 1782 6622 8697 16347 10694 122 9488 14873 8478 11361 12381 12856 2349 10692 2520 15224 18253 8578 8828 7201 15433 17385 2563 15296 12906 13948 17715 5464 15797 19512 6166 6393 6639 9821 3088 14965 9763 18296 5712 10626 21222 20537 10259 14602 6737 10306 6146 8535 20639 4672 9294 8972 6582 3502 18206 14269 20916 7922 10704 15638 12613 18637 0 16627 9250 4809 1503 4270 11073 14271 16592 12760 12295 11862 14679 19093 8970 3765 16736 18717 19731 4513 18684 9460 22670 9023 18753 11595 18143 16820 12122 10991 7728 9831 8273 16618 7846 17923 888 21136 11494 16596 9305 8397 18383 15563 6560 20840 15091 11735 18836 17745 12471 2178 5551 2612 11009 4791 22489 18827 1610 12182 6783 16789 11381 21369 7156 7082 21667 5646 8036 7111 6803 12801 18783 10811 14970 16188 5502 11933 10239 19449 9982 14375 18526 16095 18588 11308 12910 5555 3811 10585 8503 9015 18567 16212 12635 11080 23301 10069 12683 14652 14087 5818 17729 15595 11024 13995 22457 17711 10583 7753 13184 20113 18219 11216 7731 4920 3979 14309 14313 20621 17241 14904 13670 12511 17341 11212 10290 10898 11946 18336 7643 15075 18779 11235 8918 1625 15667 3109 8358 12930 9036 8711 13219 9021 18269 13401 6481 10834 18149 15831 9312 20163 12351 13612 9248 14976 7219 4588 15397 15161 8995 13628 18639 9143 14094 6581 5006 6957 7783 6675 10053 9888 6392 11689 18426 17593 11880 12954 10218 10399 10321 21877 19282 9786 12477 7301 13095 19284 8270 12024 16371 4283 13081 14382 6677 16707 5770 7864 11636 14392 17699 18472 10276 6604
2107 7720 4772 15330 8055 9419 15922 9624 4937 4372 12286 12284 16029 9204 11466 7364 5223 265 10242 3157 17241 16243 4272 13889 16510 6074 5903 12964 10870 13013 6767 13059 11593 15860 18513 9234 10868 7564 10451 11162 6187 10276 11459 11114 3144 16664 12213 11412 7759 8336 4176 14475 9259 13071 9900 9293 11761 9441 15951 11783 7205 11140 13633 8480 12053 14420 12041 15039 15883 5199 5867 9721 3547 10463 14313 14647 17751 9779 8990 7811 3884 17670 5683 7063 13087 12343 12425 7688 10119 2331 5576 16934 3255 12051 1269 11021 6045 17115 2819 10756 13057 3556 4887 8783 13697 14237 12896 16793 9743 12421 15228 11009 10548 13212 12508 15915 20839 17079 7196 12460 14161 4332 5712 20081 8094 11471 9748 1372 12236 9462 10194 5616 11458 15887 11305 14850 15763 8422 13182 10337 16693 8717 5610 9367 11953 11630 8501 14771 13223 16245 2438 1700 8207 7819 9445 11162 5829 14067 3037 13764 16329 13561 11169 3090 3891 19827 13226 10142 11078 15990 2819 8258 12999 19151 7526 4766 8227 13081 8545 9904 12229 10887 8369 6979 17938 7474 7712 12337 13290 2162 5376 4318 12867 6004 11071 7773 12679 16627 0 7410 12098 15572 14111 8053 13297 8927 6339 6398 4825 3833 15792 7941 13993 12780 13299 10085 12250 11932 8622 6694 17238 3124 5215 2108 11666 5537 12365 9355 14311 16697 4020 17769 7510 16361 7294 9468 11794 8700 12037 6707 3972 18251 7430 11595 11850 6624 12876 4940 18231 12499 14473 9414 14629 6450 9882 15146 5087 10473 1830 10979 4776 10966 18424 5805 14067 10812 12975 11323 7744 8636 6057 2104 4178 12510 14487 10836 17440 8878 6426 1926 2041 6605 14307 4351 12379 16433 15268 11112 16079 16986 4103 14894 16245 6928 7725 10743 4548 2844 11902 7894 2639 12619 12827 5918 2079 6384 12913 12879 3486 1898 5442 12718 20291 13209 2324 14124 5399 1038 7075 9607 6369 725 7995 11582 12512 11914 15531 9113 2931 7741 11426 8906 15150 15455 17630 9076 5364 8502 8112 4478 11125 2224 3227 10386 11626 13418 10437 9058 17499 4887 16377 7387 4085 15113 13041 1685 2195 11560 3004 2012 7722 8505 15618 11764 15352 17927 9959 12386 7219 12187 13558 7530 10811 4903 8645 11317 7820 6314 6740 9425 7349 8256 10818 3608 2845 9894 12496 3535 12348 5296 6014 10881 343 11661 8860 6057 3014 16830 3450 6418 10039
9219 11119 11579 8071 3935 2086 11378 3832 3079 6709 10852 7768 12275 2019 12806 11771 7991 7209 9606 6730 17167 8866 11502 6667 16587 6035 4552 5622 7867 12885 1184 9736 5394 9879 11997 7659 4223 8725 3605 8908 9317 3056 8015 4625 6968 11284 8257 4279 12265 4456 7091 15230 7654 5795 11782 7752 6094 5367 13963 7869 1238 7502 12842 11449 11685 13601 12320 9253 14157 4574 5366 8092 6709 6518 11550 7238 11823 5782 5070 3315 5276 10546 7105 1093 6545 7230 5028 3906 7274 9598 9794 16054 10109 11660 7379 8277 2459 16279 10209 4920 5829 8664 5899 5612 6386 7047 5497 13121 8000 5151 10518 8273 3596 8937 9125 14533 13835 10699 1180 5931 7786 3497 7207 13075 11022 4282 4208 7226 4983 5961 2926 4791 8457 11097 6052 7484 9799 2674 12641 5958 9310 4252 7280 4008 7761 9181 6236 7364 9422 9163 6351 9070 966 433 2241 10841 9555 6688 6200 11050 13402 13675 3788 7160 10612 13160 6511 3144 7044 9018 6183 2942 13703 12485 4169 12097 12858 9069 8670 2647 7377 4057 2209 12449 11191 1598 1236 6341 5880 8963 5829 11724 7619 1465 10921 6493 13733 9250 7410 0 4705 8292 7348 4207 11496 10373 5587 5108 2612 6258 15755 1093 6672 12632 14122 13117 4840 13360 4096 13743 11935 9813 2841 9077 12034 3394 7882 2266 9874 11209 7720 11953 10675 9050 12915 5825 11966 4015 6148 10686 6680 11957 12758 10888 7907 10996 13299 4135 10969 5983 7267 6423 8080 13535 12414 7823 3187 3323 7816 8020 12180 5021 12256 12761 7800 5495 6520 5235 5673 11801 1711 5948 7901 5396 11065 7111 16915 3931 7247 9289 6890 10802 10607 4323 5258 9611 11008 6171 10981 16180 7897 11726 11995 14224 3674 8727 6550 4847 5356 10702 6814 9121 9977 13300 8482 1653 6728 10575 10889 8969 2204 6520 13236 6151 5116 12079 11893 8102 7208 8635 5333 8131 5320 7808 7951 9121 15185 2276 6345 11406 7254 3841 7831 13693 10586 2468 4333 2356 1902 4848 6541 9207 4190 3467 7170 13850 10674 4494 17326 3898 13272 267 6681 9426 5762 6335 6204 6958 4441 9417 909 8246 9652 4356 9545 12063 2581 7374 1533 5350 10231 11058 12061 2650 6418 6516 4228 1322 13230 12508 1563 6731 4935 4018 10034 4534 8581 7856 5001 5221 7026 3840 7517 4448 1472 3942 5576 15630 9670 1607 2645
13833 15130 16252 4133 6081 2690 10905 5098 7437 11057 12843 8233 12362 2983 15915 16001 12209 11903 12279 11287 19174 4441 16207 2301 18723 9897 8048 1872 9564 15290 5584 9676 4883 8056 9093 9532 3797 12345 3389 10815 13444 2590 8385 3193 11253 9950 8085 2543 16490 6375 11485 17831 9508 2347 15223 9612 4956 6472 15130 8850 5273 8839 14894 15302 14131 15539 15003 7831 15473 8397 9299 9780 10904 7989 12538 2667 9747 7554 7285 5722 9770 6719 10647 5322 3753 6245 1049 6958 9281 14236 14123 17692 14648 14098 11968 9120 6747 17923 14878 5268 1616 12943 10127 8084 2553 2712 1281 13150 10467 1040 10046 9123 2341 9268 9183 16024 10041 8161 5019 3465 5889 7973 11242 9311 14904 1378 4644 11924 1065 8033 2019 8396 9037 10432 5483 3198 8017 5142 14858 6410 4844 6543 11348 5628 7546 10890 8260 2689 10047 5566 10997 13769 3899 4321 3130 13445 13799 2414 10537 12166 13981 16111 1445 11726 15286 9930 3388 3149 8221 5689 10794 4979 16428 9311 7325 16802 17083 9602 11895 2722 6630 3393 4771 16888 8009 5234 4800 5626 1308 13533 9463 16415 7357 6095 13597 9682 16619 4809 12098 4705 0 4264 4853 6350 13149 13828 9341 8837 7274 10715 17901 4232 2064 15060 16861 16847 473 16450 6447 18429 10583 14494 7374 13780 14797 7329 7330 2927 9813 9763 11817 10000 14662 4855 17370 7031 14644 6289 4658 14888 10764 9377 17156 13283 7873 15268 15933 8486 6803 4566 3643 8654 5790 18226 16029 3690 7426 1994 12499 9700 16873 5146 9812 17442 6078 6132 3902 5004 8111 15683 6117 10636 12327 1768 11640 8522 18686 5307 11064 13952 11384 15047 11046 8815 1690 6494 10872 6864 10015 17851 12335 12380 11692 18929 6706 10831 10858 9432 4250 14580 11432 10074 10239 18001 13016 5854 4486 12070 15564 13581 6850 4350 9383 3358 9818 13476 16524 12807 10174 11353 9073 12821 8249 8927 7293 10608 17215 3820 10938 15468 7264 5899 3715 15043 6923 3554 8123 4230 4807 9244 7425 13909 8888 3248 6934 16427 13575 6532 19264 8305 13733 4771 11087 8094 1386 11032 10875 7644 9145 14097 4426 11400 7898 478 8028 10036 2361 6447 5115 2554 11053 15111 15216 7235 8379 6221 7193 5934 17841 16303 5007 9715 5209 8710 14648 5750 8338 12380 1564 9353 10958 2010 12216 1238 3240 7898 10194 17117 14313 6021 2232
17476 16981 19246 278 10337 6627 8909 6608 11305 13586 12820 7693 10671 7029 16705 18106 14492 15348 12955 14124 18676 1254 19425 4595 18373 11989 12206 2694 9786 15424 8805 13488 5055 5321 5206 13768 5016 13939 5231 10994 15533 5299 12398 7300 15201 7313 11958 4177 18570 10639 14050 17988 13743 2505 16409 13846 8836 10699 14124 8606 8373 8912 14723 16949 14402 15208 15429 5572 14574 12488 11532 13994 14896 8410 11637 2054 6467 8358 8528 9952 12592 2457 14833 8509 7085 10001 3435 8927 9834 17831 16453 16932 18396 14364 15656 13212 9668 17154 18390 5944 4755 16902 12581 9305 1912 4752 3028 11317 11201 4799 8196 13216 6602 8331 13063 15240 5779 4690 8938 7096 3883 11775 13379 5047 16608 5584 8883 15138 4965 8942 6171 12540 13073 8334 9470 1149 5334 7433 14847 10551 1621 8098 13514 7096 11446 10878 12518 2530 9210 1512 14042 17164 7725 7861 6133 13932 16023 1855 14449 11430 12550 16214 4543 14559 18304 5801 6605 5456 8321 1924 13765 9211 16793 5235 9271 20088 19141 8775 13140 5682 10432 4851 7324 19296 4008 8142 7864 5083 3022 17244 13618 19823 6427 9757 14138 11183 17134 1503 15572 8292 4264 0 2773 10610 12779 15127 11399 10946 10884 13419 17607 8163 3913 15234 17214 18268 3867 17186 8080 21456 7836 17561 10450 16995 15319 11362 11134 7050 8392 7053 15859 6796 16507 825 19795 11251 15094 7928 8456 17001 14803 5713 19483 13588 11804 17465 16242 11238 2677 4070 1180 9538 3353 21284 17359 591 11352 6243 15620 9880 20273 5710 6214 20451 4177 6563 7304 5348 12373 17345 9929 13831 14890 5402 10486 8741 17992 9570 12984 17487 15182 17213 9859 11705 5418 2762 9190 7011 7709 17112 14918 11196 9737 22137 8735 11183 13349 13135 4376 16299 14387 9530 14131 21337 16772 9739 7956 11690 19052 17227 10132 7895 5125 2572 13248 12837 19367 16131 14426 12185 11156 16276 9799 8787 11061 10444 16853 6483 13862 17367 11251 7550 559 14210 2700 7761 12218 8422 7530 11975 7524 17120 12361 5255 10876 16646 14337 7903 18697 11137 12222 8256 13693 5851 4492 14267 14000 7492 12569 17580 8311 12633 5274 4324 5615 6762 5722 10201 9111 6332 10214 17016 16101 10942 12634 10209 9032 9262 20600 17829 9022 11030 5859 11995 18287 6850 12170 15106 3309 11778 13009 6261 15629 5406 6996 10352 13206 16253 17246 9165 5678
16129 14559 17346 2522 10308 6272 6421 4574 10417 11541 10054 4925 8096 6741 14008 15765 12297 13867 10271 12239 15920 4023 17677 6265 15607 9783 11749 3020 7072 12659 7499 14525 2687 3215 4659 14035 3257 11479 3772 8256 13227 4370 13186 8011 14271 5161 12929 3168 16213 10711 12010 15220 14016 2524 13795 14121 9808 11065 11414 5850 7027 6191 11950 14458 11651 12437 12689 3126 11850 11880 9413 14345 14041 5772 8896 4058 4916 5832 6148 9806 10753 3788 14374 7210 8460 11097 3804 6839 7181 16431 14238 14198 17144 11613 14398 13865 8066 14422 16901 3622 6058 15950 10531 6869 2600 6557 3694 8800 8556 5775 5635 13867 6959 5569 14023 12503 6744 3455 8276 8271 1202 10783 11146 5993 14140 6191 9253 13478 5868 6419 6169 12037 13823 5881 10316 3235 3183 5692 12077 11143 4390 5886 11290 4963 12388 8122 12669 4614 6447 2411 12294 15596 7085 6929 5124 11208 13767 3269 13493 8671 9918 13446 4244 12659 16436 5821 8029 4205 5618 1974 11977 9106 14042 5144 7144 18381 16768 6009 10586 4779 11483 3316 5760 17073 3867 6689 6557 2418 4136 15973 13106 18219 3653 8742 11421 8765 14397 4270 14111 7348 4853 2773 0 10602 10007 12557 9203 8794 9740 11477 14837 7590 5617 12472 14460 15696 4380 14477 5908 19547 5774 15738 8896 15291 12591 10702 12183 6876 5705 4953 15062 5155 14090 3473 17572 11629 12359 5774 9508 14680 14026 4719 17219 10845 12706 15171 13487 9421 4699 1669 1898 6980 938 19397 14772 2905 10534 6456 13879 7157 18654 3381 5094 18543 1477 4053 8642 2992 12356 14853 9058 12199 12826 6509 7774 6049 15253 9722 10669 16035 14059 14911 7146 9951 6466 2324 6590 4375 5351 14376 12863 8496 7246 20344 6694 8467 11292 11975 2219 13840 12570 6756 15073 19651 15562 8969 9264 8917 17529 15888 8755 9149 6230 1504 11824 10076 17372 14530 14243 9544 8982 14780 7462 6039 12146 7680 14085 5156 12041 14956 12084 5445 2868 11475 3619 7681 11625 8251 6042 10107 4849 15409 11013 3890 11769 13884 11654 5629 15947 9376 9609 7226 11687 3405 5761 12650 12311 4770 11168 16080 7667 10086 3073 4628 3267 5200 5086 11299 8536 7379 7458 14613 13426 9893 12814 11048 6872 7996 18540 15290 8481 8553 3541 10508 16921 4577 13187 13126 3316 9746 10749 6709 14115 6078 6392 8413 11466 13530 15342 7766 5118
9115 14041 12809 10466 297 4342 15449 7953 3465 9467 14956 11925 16441 3869 16444 14340 10837 7971 13549 8975 21189 10724 12281 7130 20577 9500 2295 8043 12056 16841 5124 5791 9236 13528 15185 3528 7939 12182 7259 13059 12195 6354 4029 3800 5920 15136 4513 7463 14816 315 9713 19069 3516 8418 15232 3619 3796 1477 18152 12070 5378 11708 16903 14542 15652 17678 16184 13026 18332 2944 8841 3923 5457 10725 15755 8918 15417 9987 9259 896 7926 13059 4508 5184 5485 4292 7220 8011 11440 9601 12303 20170 9587 15630 7349 4121 6104 20392 10392 8945 6438 7422 8958 9751 8811 7355 7589 17286 12059 6043 14576 4115 4035 13097 5174 18684 16389 14058 3042 4924 11326 4005 10376 15655 14104 5104 2050 8582 5846 10145 4503 2659 4360 15124 3267 9545 13462 6872 16660 2342 11090 8453 10401 8188 4124 13353 2107 8772 13614 11846 8275 9688 3828 4418 5797 14773 12236 8764 5420 15253 17607 17606 6386 9318 11894 16158 5769 6738 11247 11885 8301 1502 17517 15514 8224 12676 15381 13251 12397 5985 4206 7650 6388 14556 14197 5783 5442 10198 7635 8664 3525 12046 11651 3909 14823 10363 17469 11073 8053 4207 6350 10610 10602 0 15650 13871 9190 8783 4394 8847 19751 3337 7524 16586 17921 16268 6745 16994 8296 14732 15794 11092 5977 10129 15870 2602 4442 3728 13994 15024 6118 15600 13652 11199 14958 1749 15840 8220 4136 13361 5165 15321 14949 14889 4137 13534 17161 7292 13138 9580 9879 10576 11468 14481 15698 10039 3200 4368 9275 12209 12488 9002 15692 13858 11409 9610 5315 9142 1772 14846 3355 7632 10368 5734 15263 11318 20997 1130 10640 9502 6519 13399 14794 7165 5643 12625 15132 10320 14933 20289 10335 15929 16104 14823 7800 12848 9400 5287 8999 13804 8815 13326 5904 13680 8074 3039 5084 14756 11076 8883 5243 4913 15732 9168 6410 16258 13369 9036 3832 12594 8975 8715 9364 12013 4569 13314 19221 6198 8515 14249 3577 8046 10064 17867 13238 2929 2729 2361 6096 7790 10720 10252 5666 7079 3679 17724 14486 8700 21364 7010 17472 4467 9328 13234 6571 7828 7988 11125 5977 9759 3396 12033 13321 6306 13295 15682 5564 4344 2687 5032 14436 13929 15693 4029 2273 3279 8332 4893 14733 15616 2644 10674 8945 6103 9865 8690 4832 10069 7507 8502 10326 4397 8312 5302 4364 7596 7770 19775 11231 5377 5509
15235 8249 13588 12528 15396 12400 5470 8283 13109 8939 1058 5130 4169 12741 5207 9744 8426 13048 3157 10159 6035 14029 14615 15316 5638 7321 15240 12040 3694 2939 10528 21214 8360 8489 11307 18932 9353 6081 9826 2592 8225 10804 19507 15326 15479 7469 19696 10618 9977 15920 9204 5338 18933 11646 5988 19023 17139 16863 2678 4334 10283 4318 1976 7621 2431 2441 3473 7742 2724 14879 7727 19405 15576 5230 1811 13764 9278 5835 6444 14779 9643 13076 17123 10470 16729 18416 12395 7642 4223 15233 9479 4605 16406 2397 14334 19760 9696 4834 15206 7881 14755 16644 8468 5899 12112 15701 12615 4537 3757 14172 5530 19755 14037 4485 20607 3037 14632 10092 12622 16273 8938 12986 7631 14107 7584 13954 15560 11994 14144 5551 12993 15301 19952 5923 17299 13110 8407 8963 2241 17422 14391 7283 7752 7846 19180 2338 17557 14280 3614 12072 10867 13879 12139 11384 10755 2774 8902 12869 14831 1598 3353 3609 11767 10319 13048 12641 16450 10198 4929 11480 10496 14436 4470 12183 7451 15375 10313 4026 4869 10909 18649 9758 9479 11533 11704 9899 10296 7880 13237 15430 16025 15724 6355 11867 3007 5754 5006 14271 13297 11496 13149 12779 10007 15650 0 5607 7240 7419 11927 9467 4845 12517 14825 2840 4824 7892 12814 5463 7435 15328 7602 12762 10127 13018 3608 13968 19230 13029 4793 7717 16526 9022 7955 13444 11942 17317 3293 7540 17044 9078 15833 10509 11401 2142 19359 9624 3905 9222 14234 9031 11823 5076 9538 15317 7004 12875 13396 13504 11872 3543 16013 8006 10278 14506 8644 7017 16820 8185 16884 7913 12440 11341 9518 14848 2956 4658 5553 15416 6888 14714 14619 9376 3415 9696 14739 11144 4687 6291 6615 4749 9596 2679 5096 16586 7850 2836 8751 13109 9079 7453 10683 3253 21473 16521 15366 12681 17281 1101 15548 15086 10714 17098 14473 10729 12009 854 13099 12965 17858 3690 7328 13610 6347 4230 19274 2543 4112 10061 10368 8630 18697 7807 12842 2261 12672 13646 14759 13773 9710 9237 5726 13073 11853 9995 18565 4139 3711 7102 6116 9454 3559 11230 9225 7537 14498 11674 11145 5548 11734 14537 12383 4811 8358 12696 7888 9225 11467 18588 12973 15401 2705 8435 5007 12313 17745 17868 7322 10804 13683 7856 13031 5309 7940 11057 15759 7531 20016 10173 11855 8290 7292 14034 13067 13977 11947 8409 10454 4136 12056 10312 11611
10558 2651 8125 14849 13689 12050 10383 8855 10618 4832 4587 8106 9548 12211 2646 4149 3711 8721 2768 5893 8318 16265 9263 16127 7584 4390 12686 13437 5746 4229 9193 19659 10075 12358 15391 16570 10430 1689 10573 4936 2921 11238 17898 14939 11708 12040 18342 11666 4418 14181 4850 5581 16582 13208 1415 16652 16465 15299 7875 7144 9205 6586 5103 2127 3532 5811 3191 11466 7634 12133 5062 17078 11950 6794 7250 15393 13713 6769 6696 13136 6181 16230 13869 9298 16748 17565 13440 6892 5425 10438 4059 8178 11673 3546 10141 17868 7957 8336 10230 9219 15380 12478 4991 5885 13825 16538 13811 10058 4070 14696 10095 17860 13774 8274 19044 7454 18545 13976 11203 16171 11844 10260 3604 17899 2001 14122 14521 7555 14595 6186 12851 12613 18179 10667 16381 15034 12258 8712 4573 16056 16701 7328 3627 8313 17900 5340 15370 15799 7702 14944 6747 9031 11280 10479 10781 2856 3525 14519 11233 6818 8958 4673 12397 5855 7707 16811 16617 10700 7050 14431 6465 13071 4076 16237 6533 9998 4817 7880 1991 11133 17670 10751 9140 5928 15422 9004 9492 10139 14427 10875 13025 10459 9351 10018 2652 4146 3807 16592 8927 10373 13828 15127 12557 13871 5607 0 4788 5265 9521 5508 6879 11458 15835 4026 4394 3142 13659 3174 7406 9750 12371 7574 7908 8057 2817 11569 18107 12498 9136 12220 12727 13547 2350 15921 6346 15619 3010 7567 16517 3491 12301 14747 5814 3473 17971 4028 3959 6579 17240 11060 13980 5591 12484 9753 2239 15005 10921 13353 7206 5721 10694 9443 14660 8964 11594 8564 16762 9790 14601 2485 10538 7396 4757 15207 8062 6609 8572 14050 3231 9926 10675 3786 8252 6758 15074 14401 9565 8184 11213 8203 4834 8080 10270 11037 7151 4533 4777 9767 10779 1846 6363 7020 19716 11073 10965 10887 17048 5824 10447 10464 8656 16842 18227 12627 8446 6434 7562 8308 14947 3115 5040 9028 5585 6898 18198 5859 6676 10047 6268 3046 17362 7966 14983 7289 15942 12837 12110 12681 9197 6138 7740 8082 8704 10669 17360 4493 1919 7410 8581 6861 9163 10134 5082 11365 15195 7572 7087 7914 8467 9682 11250 2500 12157 13352 11716 13749 11591 17697 11496 15453 7350 2830 1925 9910 15556 16769 6640 9208 8079 2756 11599 4162 9302 8017 10925 8387 18667 5419 13018 5369 3565 13919 8628 14222 11437 6438 6713 8204 6835 8798 11740
8409 5791 8306 11125 8989 7332 9651 4793 6139 2465 6320 6148 9690 7460 7278 6753 3102 6076 4532 3479 12160 12400 8867 11608 11506 590 8280 9286 4533 7767 4406 14976 6517 10130 13033 12123 6402 3141 6344 4892 4168 6801 13215 10174 8246 10600 13612 7479 7230 9494 2918 9889 12131 9161 6195 12211 11677 10586 9916 5523 4438 4861 8029 5982 6614 8832 7028 9246 9938 7825 491 12622 8336 4318 8043 11243 11897 3760 3142 8416 2482 12988 9932 4519 12021 12780 9121 2491 3785 8521 5058 11392 9579 6598 7232 13260 3174 11599 8707 5582 10822 9482 1544 2644 9815 12017 9539 10457 3514 10126 9008 13253 9039 6963 14358 10109 15805 11558 6427 11431 8857 5904 1981 15083 5574 9469 9737 5193 10006 3310 8157 8279 13539 9667 11596 11060 10028 4225 7695 11314 12857 3326 2114 4307 13156 5343 10838 11577 6903 11586 3941 7318 6504 5708 6218 5703 4625 10428 7592 7490 10066 8494 7963 3814 7460 14430 11918 6338 4896 11176 3554 8306 8334 13780 2135 9621 7815 6790 3209 6619 12893 6632 4570 7902 12711 4275 4762 6963 10118 8499 8893 9670 6971 5292 5716 1494 8280 12760 6339 5587 9341 11399 9203 9190 7240 4788 0 505 4973 2661 10697 6670 11396 7512 8734 7591 9242 7831 3326 10465 11127 6864 3226 6692 6701 7067 13344 7743 8058 10674 9292 11855 5322 12224 8401 10937 6694 3474 11734 5637 8597 12607 8084 5935 13245 6077 7999 2047 13824 7546 10219 3130 9438 10341 6846 11151 6442 8646 5315 4641 10057 5823 12687 9475 8683 5262 12023 6212 10098 6356 5835 4260 3677 10577 8151 4594 12098 9292 1727 8025 7424 5832 7971 2465 10441 11387 8965 5288 9938 11483 3724 8578 9928 11396 2711 4505 2208 5874 7087 5250 3953 6286 15083 10891 8336 6166 12284 6662 9206 8221 3948 12077 15358 8827 4782 8018 8229 6273 10777 3663 269 6797 1870 5306 13431 5591 10241 5523 3497 6137 12623 3850 11139 9485 12811 8054 7745 7894 4560 2004 5132 6787 4628 6393 12603 8566 5315 3574 12363 2310 10087 5352 2680 9261 10665 4655 4145 5522 4496 7934 6462 2876 9893 8877 9550 12031 7015 12914 6730 10748 7222 5780 6528 5371 11027 11998 2367 4428 9351 7010 6829 1964 5663 3837 9058 4628 13938 4086 8780 1070 1637 9208 6173 9586 6704 1650 3343 11131 6343 4010 7158
8490 6294 8635 10672 8575 6832 9531 4338 5812 2781 6537 5951 9666 6965 7724 7237 3546 6133 4841 3689 12493 11932 9137 11103 11852 1070 7959 8802 4505 8109 3930 14560 6107 9837 12707 11778 5939 3632 5861 4991 4654 6301 12801 9684 8126 10390 13180 6996 7717 9084 3246 10286 11784 8686 6676 11866 11202 10163 10086 5391 3946 4744 8312 6487 6940 9111 7406 8962 10134 7532 633 12273 8187 4115 8118 10756 11635 3500 2815 7994 2514 12575 9707 4034 11523 12316 8625 2021 3749 8630 5508 11664 9651 6922 7221 12870 2721 11875 8862 5173 10317 9426 1795 2422 9341 11512 9047 10450 3665 9620 8857 12863 8541 6826 13943 10338 15431 11234 5977 10935 8491 5616 2455 14704 6080 8964 9275 5321 9500 3103 7655 7976 13139 9517 11133 10586 9736 3728 8001 10878 12390 2907 2581 3867 12718 5422 10473 11085 6828 11166 4055 7474 6017 5218 5713 6038 5092 9947 7446 7565 10139 8852 7462 4056 7767 14096 11417 5844 4715 10768 3674 7861 8734 13441 1675 9883 8304 6684 3620 6116 12436 6159 4066 8351 12350 3774 4262 6593 9622 8548 8634 9891 6700 4876 6067 1686 8703 12295 6398 5108 8837 10946 8794 8783 7419 5265 505 0 4634 2870 11037 6196 10893 7853 9140 8093 8742 8278 2893 10811 10934 7141 2853 6904 7088 6726 12897 7249 7925 10452 9165 11607 5825 11771 8849 10527 7066 3036 11252 6120 8428 12306 8545 6231 12814 6551 8382 1803 13393 7131 9766 3017 9061 10678 7342 10687 6112 8145 5504 4624 10289 5413 12403 9815 8327 4903 11527 5802 9743 6862 5429 4297 4041 10072 8148 4448 12399 8851 2233 8144 7353 6310 7931 2301 9936 11002 8870 4987 9753 11762 4082 8611 9848 11705 2231 4632 2525 5703 6656 5755 4132 6238 14683 11157 8351 5749 11793 6778 9386 8293 3551 11587 14973 8375 4689 8174 8596 6413 10499 3934 237 6897 1627 5187 12980 5627 10558 5020 3646 6637 12188 3400 10676 9676 12409 7572 7438 7428 4055 1947 4877 7005 4440 5906 12160 8946 5704 3176 12689 2039 10141 4869 2965 8990 10160 4715 4224 5285 4339 8074 5991 3251 9599 8374 9269 11779 6510 12452 6286 10247 7216 6279 6975 5032 10662 11546 1928 3977 9747 7514 6381 2111 5253 3643 9166 4217 13506 4398 8291 1123 2130 8707 6256 9081 6205 1195 3383 11376 6653 3546 6653
6607 9664 9188 10656 4246 4595 12912 5627 1184 5087 11109 9168 13510 4392 12124 10043 6456 4636 9475 4715 17124 11478 8993 9097 16477 5201 3330 8227 8596 12736 2260 10156 7488 11977 14330 7151 6503 7835 5971 9386 7817 5602 8399 6538 4566 13157 8906 6799 10528 4709 5358 14841 7158 8380 10863 7238 7552 5858 14551 9004 2736 8490 12939 10150 11573 13735 11997 11258 14650 2959 4569 7649 4397 7577 12365 9844 13925 6801 5969 3759 3542 13094 5352 2538 8536 8426 7640 4528 7886 6987 8008 16280 7513 11555 4773 8348 2327 16494 7607 6810 8260 6221 4570 6197 8983 9455 8109 14344 8192 7612 12099 8340 5806 10282 9544 14907 16351 12969 2439 7902 10018 1166 5989 15590 9712 6676 5480 4794 7430 6753 5377 3374 8659 12725 7269 10095 11889 4317 12635 6676 11922 5338 6010 5573 8501 9758 5878 9952 10583 11692 4133 6504 3383 3035 4768 10667 7893 9300 3783 11827 14339 13466 6399 5101 8224 15556 8607 5579 8183 11507 4071 3917 13282 14877 4597 9555 11105 10306 8164 5207 8439 6427 4068 10439 13606 3125 3184 8369 8479 6360 4158 9143 9345 1179 10687 6304 13189 11862 4825 2612 7274 10884 9740 4394 11927 9521 4973 4634 0 4486 15665 3140 9176 12480 13674 11875 7438 12670 5194 11303 13788 7413 1804 6599 11665 2095 8776 4560 11321 13125 5443 14012 9267 11651 10876 6128 11666 5193 7738 9028 4471 14205 10798 10864 8530 9241 12964 2968 13559 8244 9833 7019 10391 11083 11306 10426 1480 5680 5436 8741 9601 6972 14457 10343 9986 7153 8457 7268 5128 10458 1333 3597 6062 7743 12130 8112 17030 4786 6293 6684 4333 9087 11771 2777 7609 12046 12415 7685 12733 16382 6036 12709 13423 11701 4408 9093 5009 2259 7617 9410 4654 10139 10195 10737 5893 1711 8509 11166 8291 6357 1275 8304 15768 8655 2584 12629 9589 5577 5936 8562 4792 5549 5608 8877 8888 9839 15192 4587 4271 9885 7954 5218 10433 14187 13107 4382 2832 3897 3753 3403 7906 6729 1654 5868 8013 13532 10280 5668 17323 2688 14275 2628 4963 11393 8232 3921 3910 8356 1945 6823 2914 7848 11740 6949 11564 14142 5190 8522 2545 7508 11226 9560 11376 399 6065 7506 4807 1759 10950 11224 2677 6687 6851 1783 7422 6147 9226 5846 7606 4167 5960 6120 4955 6862 4041 3530 3492 15964 7368 2097 5257
5833 5197 5870 13153 8719 8301 12306 6915 5411 680 8463 8801 12277 8278 8148 5584 2011 3582 6443 820 13685 14304 6280 12850 12976 2290 7339 11057 7150 9360 5180 14539 8809 12699 15540 11197 8424 3945 8199 7350 3355 8385 12798 10788 6257 13249 13357 9303 6073 9163 872 11073 11212 11028 6709 11276 11984 10322 12127 8184 5445 7520 9887 5738 8333 10683 8444 11828 12072 6735 2253 11708 6465 6966 10494 12947 14505 6370 5674 8245 988 15222 8361 5416 12759 12904 10726 4649 6414 5904 3564 13225 7009 8327 4887 12642 3968 13414 6052 7891 12021 7225 1120 5279 11686 13244 11180 13021 5926 11328 11669 12633 9848 9624 13934 12132 18182 14071 6683 12133 11276 4954 1977 17444 5302 10516 9924 2579 11175 5955 9155 7220 12996 12328 11740 12919 12598 5989 9461 11155 14765 5650 1912 6516 12969 7824 10087 13201 9540 13797 1400 4664 7220 6541 7649 7425 3409 12212 5739 9947 12505 9971 9481 1196 4962 16918 12756 8052 7553 13441 1037 8372 9540 16257 4373 7020 6659 9443 4776 8104 12925 8567 6154 6198 15135 5499 5916 9382 11697 5981 7545 7023 9570 5340 7358 3997 9313 14679 3833 6258 10715 13419 11477 8847 9467 5508 2661 2870 4486 0 12219 7195 12766 9117 9883 7467 10723 8664 5601 8073 13783 4295 3418 4038 8076 6346 13257 8520 10717 13316 7294 14477 4820 14241 6672 10553 8165 5722 12137 4547 6804 15162 6500 7818 12980 4788 9339 2236 15964 9809 12251 5791 11822 7920 6987 13096 5701 9576 2654 7248 7419 8125 15267 7069 11129 7720 12712 8510 9301 6021 5736 1940 1644 11638 10720 7255 13796 9268 2631 5399 5276 4619 10580 1936 11499 13738 11610 7850 12596 13289 1639 11096 12564 8889 4784 6924 756 4271 9282 5018 1297 8907 14506 8296 5898 6119 12844 9050 6545 5663 4092 12636 17699 10883 2940 10293 5948 3635 9464 5777 2766 4204 4487 7965 13372 8132 11890 7082 902 5403 12422 6033 13089 11640 15093 8583 6747 8223 6012 1476 7746 4137 3302 8198 12494 9899 6771 5954 13926 2411 12562 6100 482 11860 11920 2218 1691 8151 3030 5289 6960 4692 12460 10291 12136 14650 8363 13004 6889 11602 9798 5082 7433 4827 10266 11992 4663 4936 7201 6804 7014 4477 7966 2746 6441 6947 13674 1692 10489 1775 2214 10098 3619 10671 7657 3079 1209 13076 3865 4731 8486
17431 8813 14584 17359 19523 16922 9659 12914 16836 11568 5064 9975 7933 17221 4571 10059 10569 15580 6208 12706 1470 18859 15843 20105 834 10544 18978 16864 8340 2930 14678 25469 13176 13084 15701 22814 14108 8280 14537 7100 9755 15477 23725 19887 18475 11754 24011 15391 10060 20042 11659 1892 22821 16479 6167 22902 21645 21068 4167 9162 14517 9074 3008 7975 4102 2405 3776 12416 3615 18510 11125 23309 18677 9915 6101 18607 13548 10419 10889 18920 12723 17774 20488 14678 21400 22883 17189 11853 8701 17295 10762 1983 18534 4123 16988 23865 13650 1992 17042 12642 19515 19334 11480 10207 16953 20496 17426 7828 7761 18910 9975 23859 18611 9282 24853 2880 19021 14622 16804 20913 13746 16590 10244 18566 8201 18625 19933 14420 18870 10027 17580 18970 24109 10208 21734 17955 13013 13409 3119 21708 19214 11727 10309 12433 23516 7013 21507 19121 8403 16843 13540 15888 16504 15714 15335 4999 10293 17710 17943 6208 6163 2248 16493 12707 14343 16943 21148 14870 9698 16245 13227 18677 2896 16565 11588 16530 10129 8833 7568 15539 23080 14509 13921 11770 16253 14181 14624 12724 18052 17753 19531 17103 11191 15856 4983 9400 3405 19093 15792 15755 17901 17607 14837 19751 4845 6879 10697 11037 15665 12219 0 16825 19633 3185 2733 7169 17587 4285 11867 15799 11719 14330 13889 14898 4145 17760 23620 17514 9416 12032 19510 13241 8771 18256 12031 21475 4064 11995 21589 9908 19002 14846 11463 4870 23659 10329 2920 12735 18951 13873 16665 9458 14333 15873 6695 17715 17138 18097 14085 8202 17280 12783 14534 15199 13451 11784 21476 12987 20780 8057 16423 14153 11632 19565 7349 9380 1803 19674 9658 16788 17477 10161 7936 13079 19451 15851 9002 11082 10947 1875 11710 6763 9039 17174 12094 7148 11464 16362 13902 8266 13196 8095 25650 17469 17840 16716 21902 5945 17204 17340 14573 21712 18942 15573 15098 4807 13873 15186 21438 7157 10874 15906 10436 9040 23680 7329 777 14612 13046 9047 23009 12313 17681 3765 17347 18060 18439 18098 14109 12509 10515 14913 15194 14696 22921 2399 5470 11609 1709 13004 6549 15490 11839 12186 19265 14375 13870 10370 15002 16533 16663 7829 12984 17439 12522 13435 16087 23045 17142 20065 7420 9039 5082 16064 21696 22252 11533 14862 13991 7542 17218 9077 12706 14437 17772 12193 24336 12297 16656 11601 10064 18644 15499 18663 16414 12190 13385 2561 13589 14384 16235
9611 12146 12307 7966 3049 1560 12115 4619 3207 7683 11898 8594 13110 1268 13898 12750 8992 7763 10689 7607 18232 8591 12132 5957 17658 7107 4163 5470 8861 13963 2265 8698 5947 10338 12244 6856 4681 9805 4012 9935 10331 3222 6994 3602 7060 11865 7197 4428 13243 3551 8046 16318 6847 5730 12866 6948 5007 4369 14947 8774 2320 8448 13900 12499 12763 14653 13408 9780 15158 4351 6436 7261 6738 7463 12500 6874 12260 6749 6074 2445 6207 10516 6797 2185 5563 6137 4765 4972 8295 10024 10753 17090 10415 12737 7744 7314 3520 17316 10687 5612 5121 8760 6915 6655 6257 6315 5217 13955 9066 4480 11243 7310 2695 9766 8090 15552 13844 11016 789 4939 8175 3742 8250 13088 12070 3537 3120 7919 4296 6968 2260 4462 7464 11798 4960 7250 10266 3596 13709 4908 9017 5242 8317 4878 6694 10191 5429 6921 10302 9182 7151 9631 516 1134 2540 11924 10540 6440 6327 12011 14315 14756 3629 8026 11341 13334 5571 3500 7960 9108 7022 1944 14793 12668 5247 12689 13834 9931 9762 2818 6287 4433 3093 13354 11356 2645 2222 6910 5498 9303 5539 12254 8321 1985 12007 7585 14825 8970 7941 1093 4232 8163 7590 3337 12517 11458 6670 6196 3140 7195 16825 0 6056 13711 15213 14177 4463 14452 5088 14438 12521 10533 3805 9737 13124 3204 6800 1420 10657 11767 7696 12419 11709 8873 13811 4856 13053 4993 5073 11676 6640 12283 13679 11961 6852 11967 14387 5142 10823 6388 7230 7454 8394 14219 13485 7650 3212 2540 8544 9015 12712 5676 12617 13471 8227 6274 5520 5833 4949 12847 1897 6683 8837 4607 11958 8060 17963 2904 8317 9759 7152 11781 11476 5272 4472 9768 11795 6988 11627 17219 8827 12635 12767 14839 4733 9770 7539 5214 5782 11751 7641 10041 8969 13859 8784 1622 5689 11575 11378 9360 3103 5480 13221 6264 5724 13078 12674 8717 6685 9718 6419 8665 6395 8731 6866 10107 16248 2866 7199 12424 6194 4776 7664 14695 10608 1406 4086 1273 2825 5829 7401 9867 4792 3843 6096 14936 11765 5456 18386 4892 14168 1348 7635 9975 5101 7036 6969 7799 5076 9920 237 9339 10121 3968 10060 12514 2532 6282 960 4433 11148 12078 13153 3040 5602 5432 5292 2313 14026 13562 892 7817 5614 4773 10425 5365 7519 8742 4861 6264 8085 2991 8087 3724 1207 5022 6417 16653 10447 2669 2534
15647 17187 18249 3919 7294 4596 12005 7028 9204 13117 14604 9773 13605 4790 17861 18065 14273 13811 14183 13324 20860 3482 18156 686 20445 11956 9500 2822 11339 17108 7613 9612 6466 8762 9114 10295 5583 14377 5295 12600 15507 4612 8625 3806 12901 10751 8114 4286 18554 7470 13543 19668 10267 3274 17222 10365 5048 7257 16641 10492 7321 10564 16637 17347 15970 17247 16879 8742 17020 9941 11361 10452 12516 9778 14054 1859 10204 9417 9225 7070 11815 6218 11998 7360 3182 6137 2462 8993 11126 16069 16186 19296 16402 15935 13776 9495 8799 19526 16742 7018 1087 14564 12191 10035 3019 941 2212 14348 12364 1590 11187 9501 3625 10714 9212 17610 9351 8475 6818 3266 6795 9771 13304 8682 16952 2577 5557 13895 1785 9927 3800 9866 9308 11481 5733 2789 8747 7184 16640 6941 3750 8520 13411 7568 7618 12630 9181 1445 11542 5418 13007 15680 5800 6311 5193 15323 15863 2381 12222 13728 15338 17927 3446 13761 17282 9680 2699 5135 9938 5747 12817 6357 18300 9136 9360 18731 19147 11091 13886 4777 6577 5204 6828 18946 7921 7295 6856 7042 1598 15316 10894 18309 8744 8000 15486 11691 18521 3765 13993 6672 2064 3913 5617 7524 14825 15835 11396 10893 9176 12766 19633 6056 0 16885 18733 18877 2177 18389 8433 20414 11342 16484 9404 15740 16691 8963 7272 4654 11109 10525 13369 10506 16718 4178 19427 7775 16523 8273 4640 16952 12332 9579 19217 15122 7988 17333 17791 10542 5940 5898 3887 10554 6510 20206 18047 3350 9153 3553 14487 11468 18767 6860 10065 19432 7041 7863 3406 6646 9195 17730 7950 12619 14383 1800 13062 10276 20315 6402 13117 15813 13137 17111 12447 10857 1882 6602 12095 8551 10967 19462 14390 13803 12822 20872 8743 12654 12920 11260 5754 16629 13453 11658 10278 19910 14778 7649 4058 13731 17433 15396 8852 4012 8672 4325 11749 15081 18544 14745 11322 13277 11128 14718 10250 10599 7188 12305 18926 5873 12966 17527 7475 7877 3390 16607 6551 5088 9670 5753 6870 11298 9119 15870 10815 5181 7078 18270 15504 8478 20932 10355 15059 6763 13143 9021 983 13004 12872 9277 11085 15976 6272 13386 8651 2519 8880 10501 4424 6334 6851 2642 12567 17170 17174 9096 9266 6454 9216 7939 19869 18341 6731 11700 6949 10690 16458 7623 8308 14424 2978 11417 13017 3253 14131 2374 5200 9962 12213 18686 16327 8055 4293
14516 6385 12094 14971 16362 13892 8308 9993 13651 8482 2430 7550 6926 14168 2570 7806 7582 12557 3038 9652 4649 16468 13269 17312 3999 7367 15792 14183 5561 256 11535 22321 10507 11247 14117 19629 11307 5217 11673 4302 6943 12564 20573 16865 15367 10305 20880 12603 7934 16879 8612 2787 19636 13837 3784 19717 18587 17918 4172 6628 11395 6386 1256 5617 951 1819 904 10462 3813 15327 7942 20125 15551 7107 4616 16015 12112 7509 7884 15763 9573 15738 17329 11548 18450 19805 14423 8747 5779 14422 8075 4172 15649 979 13946 20696 10482 4342 14243 9868 16676 16295 8329 7157 14362 17713 14701 7170 4690 16045 8356 20689 15602 7128 21704 3497 17434 12868 13659 17941 11481 13407 7141 16892 5719 15689 16828 11414 15990 7059 14585 15786 20946 8763 18645 15444 11162 10370 713 18574 16855 8708 7219 9487 20391 4359 18326 16503 6297 14658 10467 13019 13410 12612 12351 1816 7550 15112 14813 4437 5719 1058 13628 9692 11721 15464 18225 11963 7007 14078 10139 15539 1641 14994 8465 13994 8159 6663 4402 12590 19986 11695 10874 9604 14465 11074 11528 10195 15333 14803 16357 14479 8846 12685 1801 6226 2168 16736 12780 12632 15060 15234 12472 16586 2840 4026 7512 7853 12480 9117 3185 13711 16885 0 2023 5432 14779 2707 8840 13577 10441 11599 10706 12062 1240 14575 20511 14463 7578 10550 16408 11859 6219 15943 9951 18315 1016 8977 18551 7393 15866 13331 9385 1786 20524 7886 1071 9551 16873 11309 14207 6459 12105 13609 4653 15268 13953 15103 11134 5441 14704 10036 13111 12859 11193 9035 18513 10285 17597 5819 13250 11056 8675 16671 5795 6633 4679 16537 6520 13907 14391 7675 6246 9901 16552 13810 7527 8394 9450 4212 8754 5469 7906 14909 8993 4233 8360 13206 11247 5693 10155 5804 22489 15035 14848 13548 18910 3740 14472 14407 11394 18716 17254 13010 11960 3364 11475 12245 18260 4001 7689 12950 7317 6456 20576 4793 2776 11616 9967 6704 19878 9318 15237 3563 15356 14976 15255 14984 11042 9337 7834 12091 12025 11820 19803 1413 2349 8625 4860 9820 6023 12369 8759 10275 16440 11303 10789 7777 11840 13675 13541 4645 11102 14589 10631 12063 13125 19962 13993 17116 5485 6601 2641 12879 18515 19144 8430 11703 11828 5553 14073 5920 9939 11263 14919 9310 21205 9348 13913 8423 6932 15659 12501 15741 13361 9011 10262 4180 10861 11229 13275
14846 6101 11861 16949 17715 15529 10266 11767 14814 9212 4446 9546 8796 15772 1876 7327 8099 13099 4606 10287 4052 18442 13132 19135 3299 8474 16926 16073 7476 1888 12983 23700 12419 13268 16126 20802 13151 5960 13476 6234 7164 14325 21941 18496 16102 12289 22309 14448 7329 18223 9244 1189 20812 15744 3488 20887 20163 19302 5601 8610 12895 8326 2976 5260 2813 3088 1859 12485 5127 16408 9108 21306 16339 8987 6551 17934 14100 9319 9605 17133 10496 17757 18235 13029 20153 21345 16272 10310 7609 14685 8101 4495 15928 2851 14524 21993 11847 4578 14395 11738 18472 16854 9270 8836 16286 19540 16569 8950 6399 17826 10353 21986 17255 9150 23083 4578 19447 14887 15085 19623 13486 14506 7940 18910 5507 17414 18330 11929 17759 8828 16258 16881 22273 10739 20172 17390 13183 12020 2588 20003 18835 10401 7981 11245 21837 6338 19551 18411 8320 16667 11141 13280 14951 14145 14050 3416 7660 17031 15619 6420 7395 1314 15420 10242 11645 17465 19952 13733 8939 16090 10855 16973 434 17002 9998 13811 7412 8685 5525 14319 21499 13530 12510 9040 16486 12610 13081 12155 17201 15194 17353 14399 10848 14016 3273 7630 673 18717 13299 14122 16861 17214 14460 17921 4824 4394 8734 9140 13674 9883 2733 15213 18733 2023 0 4463 16603 1552 10522 13069 12400 11665 11959 12277 2097 15758 21993 16066 9593 12539 17121 13840 6087 17933 9307 19666 2219 10668 20156 7205 16685 15332 8738 3642 21945 7611 973 10706 18889 13254 16170 8209 14113 13141 3962 17231 15119 16775 11545 7367 14567 11917 15100 12466 13199 10924 20203 12185 18798 5328 14566 11786 9120 18428 7764 8547 4534 17969 7448 14185 15068 7451 8239 10973 18304 15830 9499 10314 11438 4446 9196 7381 9818 14443 10566 6105 9141 14118 13161 5596 10755 7823 23817 14739 15317 14889 20570 5760 14530 14769 12681 20371 19273 14948 12812 5245 11143 12632 19273 5565 8947 13361 8877 8427 22068 6792 2855 13307 10660 6322 21312 11031 17202 5023 17377 16527 16364 16477 12648 10372 9762 12285 13012 13613 21267 729 3450 10357 4344 10985 7736 13865 9468 12297 18246 11966 11480 9734 12792 13917 15028 5899 13124 16386 12653 14043 14840 21493 15405 18823 7499 6328 2488 14070 19739 20631 10005 13095 11263 4812 15495 7409 11812 12290 15150 11120 22634 9771 15775 9519 7829 17337 12992 17479 14968 10332 11080 4832 10926 12640 14991
11256 2374 7668 17990 16120 14922 13122 11947 12867 6817 7024 11174 12044 15040 2881 3087 5456 9940 5664 7544 8366 19402 9000 19137 7622 7094 14798 16540 8814 5509 11936 21998 13215 15384 18406 18634 13538 4503 13650 7883 4131 14266 20251 17736 13153 14913 20781 14756 2968 16583 6632 5362 18651 16325 2002 18711 19157 17733 9601 10200 12014 9674 6688 1729 5477 7154 4565 14504 9218 14178 7756 19145 13483 9929 9681 18501 16639 9910 9812 15610 8348 19356 15549 12079 19606 20184 16510 9889 8546 11002 4511 8951 12229 5508 11354 20109 10660 9040 10568 12353 18371 13562 7342 9006 16948 19549 16893 12423 7177 17679 12940 20099 16624 11238 21391 8808 21604 17014 13826 19012 14966 12420 5947 20972 2167 17053 17150 8798 17568 9326 15748 14663 20461 13469 19003 18162 15287 11707 6138 18540 19840 10409 5899 11407 20372 8231 17552 18896 10588 18080 8384 9647 14058 13275 13758 5233 4296 17633 12829 9343 11088 5479 15431 7332 7627 19818 19509 13747 10163 17563 8213 15642 4427 19262 9522 9620 2966 10817 5129 14133 20248 13847 12106 4653 18493 11866 12353 13278 17502 11684 14892 10297 12442 12556 4981 7209 3815 19731 10085 13117 16847 18268 15696 16268 7892 3142 7591 8093 11875 7467 7169 14177 18877 5432 4463 0 16702 2948 10477 8661 15187 7827 10455 8623 4331 13808 20629 15319 12015 15113 14093 16448 2667 19063 4875 17993 4644 10638 19248 3395 13878 17727 4312 5844 20405 3606 4717 9090 20375 14202 17120 8733 15608 8753 950 18141 13160 16237 8255 8774 10405 12578 17607 8130 14713 11706 19604 12928 16765 1471 13030 9083 6150 18156 10678 9721 8970 16588 5881 10540 12055 3545 10970 9120 18021 17513 12302 11322 14067 8908 6207 10548 12894 10046 10142 7522 6870 11629 13916 2465 7887 9932 21973 10441 11926 13400 19843 8409 10580 11229 11205 19635 21306 15763 10284 8611 6877 9231 16784 6201 7857 9959 8653 9960 20734 8759 7311 13037 7993 2359 19827 11040 18120 8992 19060 15579 14204 15348 12129 8501 10870 8599 10764 13737 19870 5002 4412 10513 8675 9361 11362 12897 6986 14386 18199 9115 8727 11029 10483 10231 13957 5637 15192 16374 14741 16652 14564 20301 14089 18338 10088 2556 2888 12240 17730 19326 9660 11874 6845 671 14202 7275 12437 10197 11406 11507 21100 6671 16104 7920 6093 16798 9749 17166 14292 9195 8633 9236 7128 11512 14711
14025 15033 16326 3722 6471 2904 10462 4864 7668 11039 12536 7856 11938 3246 15697 15941 12160 12049 12035 11320 18845 4138 16319 2534 18406 9808 8377 1402 9259 15006 5644 10150 4506 7585 8633 9968 3481 12204 3135 10516 13372 2444 8855 3663 11516 9484 8558 2197 16428 6781 11475 17557 9945 1874 15046 10049 5429 6915 14755 8501 5303 8515 14582 15180 13856 15216 14746 7369 15107 8700 9225 10223 11178 7688 12162 2415 9273 7285 7060 6088 9792 6314 10991 5372 4188 6717 576 6822 9005 14418 14088 17340 14864 13822 12167 9584 6762 17571 15045 4945 1949 13211 10092 7867 2103 2937 846 12721 10218 1458 9607 9587 2768 8873 9656 15666 9646 7690 5253 3923 5423 8188 11167 8910 14788 1843 5084 12025 1513 7781 2326 8720 9506 9983 5955 2840 7547 5021 14560 6871 4557 6345 11278 5402 8020 10574 8682 2529 9663 5131 11064 13909 4092 4438 3082 13188 13748 2037 10788 11800 13575 15827 1280 11759 15362 9487 3806 2959 7894 5237 10847 5346 16169 8864 7191 16928 17019 9217 11711 2643 7103 3086 4686 16872 7559 5225 4814 5215 1042 13740 9792 16564 6947 6264 13346 9514 16375 4513 12250 4840 473 3867 4380 6745 12814 13659 9242 8742 7438 10723 17587 4463 2177 14779 16603 16702 0 16228 6257 18512 10116 14577 7424 13886 14549 7610 7803 3225 9393 9295 12108 9527 14563 4494 17358 7475 14388 6097 5129 14825 11053 8909 17129 13008 8345 15218 15668 8488 6450 4136 3192 8406 5318 18314 15871 3304 7673 2377 12585 9393 17020 4809 9341 17520 5616 5805 4345 4643 8511 15564 6326 10729 12320 2200 11244 8208 18341 5720 10958 14122 11607 14992 10645 8843 2132 6035 10444 6524 9558 17501 12331 11984 11253 19044 6574 10547 10833 9627 3849 14465 11485 9711 10711 18138 13232 6082 4939 11730 15727 13774 6937 4808 8992 2888 9954 13122 16573 12932 10558 11120 8976 12971 8074 8587 7766 10277 16894 3727 10984 15379 7736 5701 3327 14680 6502 3902 8427 4570 4754 9248 7088 14015 9029 3012 7407 16155 13346 6311 18930 8319 13322 4880 11081 7633 1684 11134 10956 7290 9277 14256 4644 11211 7429 495 7563 9562 2369 6919 5375 3016 10675 15021 15006 7422 8805 6693 7042 6022 17880 16169 5273 9525 4882 8811 14840 5483 8811 12398 1106 9309 10870 2452 12356 1710 3400 7845 10251 16756 14372 6071 2258
13407 4574 10318 16914 16804 14908 10910 11364 13780 7985 4808 9649 9608 15113 554 5775 6790 11743 4250 8997 5582 18387 11597 18745 4828 7494 15856 15823 7406 2717 12194 22785 12248 13622 16569 19740 12842 4842 13095 6246 5754 13874 21023 17848 14812 12849 21441 14126 5779 17302 7966 2613 19752 15531 2034 19823 19447 18408 6783 8677 12157 8287 3927 3729 3087 4282 1997 12792 6362 15307 8155 20248 15073 8805 7270 17733 14638 9014 9168 16239 9354 17939 17021 12271 19585 20586 15942 9675 7383 13227 6619 6009 14470 3125 13173 21018 10999 6105 12909 11490 18042 15486 8162 8365 16107 19154 16272 9875 6058 17376 10877 21010 16640 9438 22168 5901 19857 15259 14254 19030 13588 13430 6778 19280 4001 16889 17549 10570 17294 8476 15675 15786 21320 11331 19405 17260 13531 11453 3413 19144 18799 9913 6798 10827 20987 6463 18532 18185 8669 16770 9858 11827 14233 13425 13517 3285 6205 16837 14365 7032 8420 2549 15004 8913 10123 17945 19417 13301 8866 16212 9596 16136 1479 17442 9338 12270 5875 8983 4694 13825 20713 13201 11920 7490 16821 11911 12394 12103 16901 13772 16195 12869 10961 13114 3061 6915 882 18684 11932 13360 16450 17186 14477 16994 5463 3174 7831 8278 12670 8664 4285 14452 18389 2707 1552 2948 16228 0 10019 11519 13032 10169 11018 10815 1951 14730 21174 15405 10033 13080 15816 14406 4590 17938 7763 18743 2239 10173 19471 5684 15433 15818 7193 3743 21072 6074 1817 9713 19034 13150 16096 7847 14227 11590 2410 17150 14084 16187 10149 7322 13030 11689 15631 10914 13311 10724 19618 11991 17766 3781 13647 10524 7763 17940 8399 8445 6086 17124 6379 12732 13757 5923 8797 9919 17812 16032 10109 10188 11992 5972 7836 8134 10559 12891 9935 6011 7943 12931 12984 4118 9443 8091 22860 13189 13921 13988 19945 6218 13024 13340 11759 19743 19633 14813 11604 6058 9594 11221 18116 5116 8066 11954 8271 8466 21258 6966 4370 12773 9393 4780 20453 10556 17123 6181 17589 15805 15282 15698 12022 9302 9663 10817 11878 13217 20435 2054 2890 9920 5879 9995 8728 13112 8225 12630 17834 10671 10203 9707 11639 12456 14255 5142 13457 15971 12990 14610 14321 20725 14560 18268 7976 4800 1304 13062 18718 19824 9389 12254 9715 3263 14658 6781 11569 11189 13681 10779 21766 8397 15473 8506 6730 16753 11617 16971 14319 9472 9872 6289 9433 11822 14472
10719 8960 11459 7805 8029 5058 7723 1496 6271 5634 6860 3975 8357 5356 9480 10033 6427 8363 5917 6386 13239 9106 11860 8747 12701 3915 8255 6081 3775 9084 3268 13781 3223 7241 9978 11697 3116 6005 3172 4864 7455 3860 12082 8028 9576 8122 12262 4285 10501 8550 6103 11554 11694 5906 8790 11789 9779 9449 9868 3863 2933 3430 8894 9014 7891 9625 8669 6417 10071 8053 3507 12147 9494 2459 7463 8047 9130 1698 992 7408 4961 9684 10530 3141 9632 11028 6036 961 3220 10946 8384 12022 11824 7861 9173 12372 2910 12249 11307 2295 8028 11112 4625 1689 6550 9158 6416 9198 4152 7358 6922 12368 6762 5091 13175 10468 12583 8519 5255 9108 5679 6359 5301 11849 8643 6894 8129 7784 7276 1884 5747 8400 12543 7558 9891 7789 7143 1544 8752 9989 9560 157 5438 984 11747 5104 10287 8425 5443 8273 6546 9949 4704 3953 3527 7125 7944 7199 8812 6957 9348 9897 5006 6794 10563 11339 9432 3302 3031 7881 6199 7018 10091 10672 1237 12584 11078 5137 5454 3810 11241 3389 2059 11228 9535 2514 2873 3792 7026 10666 9302 12499 4287 4738 7251 3269 10232 9460 8622 4096 6447 8080 5908 8296 7435 7406 3326 2893 5194 5601 11867 5088 8433 8840 10522 10477 6257 10019 0 13652 8727 9890 3670 9525 8433 6977 11808 5649 6128 8128 10538 9155 8486 8903 11727 9918 8308 161 9724 8924 9621 9656 11405 7057 11924 9384 9627 3703 10501 4242 6901 2410 6221 13509 9628 7850 6514 6266 8105 3929 12919 2532 9810 12651 5542 2191 9685 2920 9673 9406 5285 6573 6919 7927 7047 3039 12917 7991 4915 10501 9058 9134 6637 4282 7800 8142 7222 2551 7620 12155 6956 7680 8230 14490 898 4734 5385 7077 3763 8325 6757 5072 14055 13860 10353 5452 10072 6487 11892 10495 3929 9877 12109 5508 6502 7991 11465 8871 10957 4962 3091 9229 1825 3768 11857 5026 11251 2785 6234 9333 11262 563 7836 9608 9526 6224 7873 6339 2276 4307 2715 9637 5883 3263 11134 10149 7163 476 13377 3736 9239 3832 5787 6497 7826 7026 6618 3167 5934 10493 4963 4956 6999 5969 6730 9310 4319 11194 5610 8301 6182 8979 8774 5515 10472 10443 966 3655 12635 9968 5653 3270 2372 5193 11466 1345 12581 7228 5628 3848 4928 6824 8561 6965 4551 2608 5748 11570 9460 3188 4471
5960 7196 2210 21194 14743 15821 19559 14989 11599 8031 14285 16442 19061 15672 11298 5786 7560 6807 12272 7336 17027 22290 2468 20381 16281 9925 12530 19012 14386 13729 12870 19443 16871 20570 23496 15486 16486 9442 16225 14087 7210 16302 17944 17763 9230 20848 18754 17303 5739 15009 7565 14022 15517 19024 9816 15530 18455 16092 17608 15659 13233 14991 14763 7964 13250 15395 12676 19676 17335 11834 10179 15933 9721 14670 16873 20837 22277 14199 13606 14505 8864 23295 11704 13147 19748 19013 18596 12710 13756 5462 5942 17490 6169 13267 7451 17391 11830 17602 4634 15947 19542 8489 9033 13068 19678 20748 19062 19660 12780 18879 19072 17378 17109 17049 18931 17074 26233 22021 13739 19118 19300 10992 8710 25501 7867 17966 16439 6523 18703 13700 16640 12216 17857 19710 17992 20895 20467 14027 14211 16987 22750 13689 8555 14584 18536 14563 14980 21036 16735 21870 7458 5047 14629 14112 15515 12604 6525 20157 9463 16392 18678 13918 17330 6905 3159 24895 19865 16033 15188 21513 7705 14936 12963 24244 12417 2292 5703 16765 10724 15980 18880 16611 14141 4029 23161 13384 13737 17403 19529 6506 11782 3170 17393 12454 12401 11373 12401 22670 6694 13743 18429 21456 19547 14732 15328 9750 10465 10811 11303 8073 15799 14438 20414 13577 13069 8661 18512 11519 13652 0 21311 3936 11104 4710 12341 12231 18974 15856 18085 20960 9668 22203 7411 22275 3791 16077 12602 13779 18730 6259 10133 23052 4349 13214 18401 5726 13134 10218 24027 17878 20297 13372 19864 277 9118 21107 11767 16974 5930 14436 2906 16184 23107 1006 19137 15713 19644 16571 14264 7800 12609 7796 6789 19045 17506 14817 17602 15572 9381 5373 8335 5963 17559 9760 18909 21794 18780 15747 20109 17468 6741 17655 19623 1389 12854 13629 8286 9528 17356 7932 7075 16044 19110 2172 7067 12963 19600 15392 4088 6133 11580 19404 25761 18940 8724 16167 2296 5771 13182 12145 10650 6018 12324 15415 19128 15014 15865 15028 7597 6874 18024 14101 21104 17014 23165 15667 12020 15128 13959 9487 15550 4580 9650 16208 18251 13522 11669 13977 17336 10323 18860 13660 7866 19671 19495 7412 7556 15909 9362 5063 14208 11005 20336 18048 19974 22389 16151 19048 13808 18795 16676 6985 10971 11459 15103 17980 12698 12497 1819 8256 13940 11774 16024 9725 5461 14996 19020 6425 18420 9805 9143 17423 6465 18147 15214 11150 8284 17679 4214 12451 16255
19345 14915 19257 7695 15497 11509 2134 8196 14745 13559 8248 4983 3792 11979 12723 16363 13763 16974 9611 14602 12397 8955 19954 12006 12327 11574 16482 8788 6933 10528 11608 20203 6575 2580 4092 19314 7856 12019 8534 7450 14199 9467 18782 13674 18278 658 18599 8484 16710 15957 13985 12754 19300 8290 13192 19404 15514 16488 7624 5663 11156 6336 9445 14497 9949 9582 11035 2796 8166 16440 11534 19677 18166 6819 5850 9643 1880 7464 8249 14929 13403 6856 18977 11376 14234 16819 9543 9601 7557 19526 15430 10448 20479 9911 17878 19387 11605 10638 19793 7038 11832 19837 12671 8511 8352 12274 9465 4079 8593 11538 2281 19387 12531 4262 19679 8911 7348 3405 13054 14031 4696 14944 12637 6967 14324 11877 14737 16246 11621 7831 11625 16705 19393 1718 15976 8722 2598 9496 9815 16684 9137 8608 12792 8215 18054 7031 17900 10192 4680 6505 14979 18406 12009 11588 10001 9974 14863 8962 17506 6009 5678 11133 9746 14940 18486 5238 13804 9055 6231 5957 14602 14302 12063 4918 9724 20716 17161 4571 10787 9816 17191 8150 9832 18013 4920 10726 10826 5613 9905 19336 17709 20796 4453 13075 10227 9979 12608 9023 17238 11935 10583 7836 5774 15794 7602 12371 11127 10934 13788 13783 11719 12521 11342 10441 12400 15187 10116 13032 8727 21311 0 17953 12392 17819 11114 15280 17884 12177 3260 822 19213 1541 14513 8143 18484 17043 10809 8686 15236 15447 18258 3200 18007 9393 18354 16002 11502 12308 8032 6265 7471 8022 4849 21229 14247 8240 14941 11993 16432 6894 21179 6918 2830 20364 4525 6637 14413 6705 17467 14855 13534 15143 14641 12276 4646 6551 11503 15062 11938 19053 17785 15731 4243 12899 12227 5217 2923 6177 1203 10638 14702 5044 2681 22376 9613 7880 13306 15791 6810 14099 15062 5373 20712 21976 19054 13569 15032 6832 20318 19132 12571 14912 7347 7233 15210 7175 19017 17341 19140 9378 11018 17791 9307 5903 17857 6516 10947 9690 14580 15330 17714 8592 8197 7958 6359 12983 16219 13451 10160 12777 6114 17914 14610 8715 17426 11693 10776 8261 12321 12392 5289 11733 13795 2567 11535 15583 15121 5678 14658 18999 12525 10414 2702 10307 2564 1725 10277 17020 13375 13130 5104 15049 12394 14058 18063 16695 9435 12085 19923 15007 13357 9553 7013 13915 20057 7641 18870 15149 9022 12056 12204 12327 17135 11785 11430 11192 14256 9694 17377 11694 10357
3508 5623 1775 17302 11070 11894 16354 11165 7808 4404 11706 12993 16105 11756 9789 4813 4378 3150 9605 3505 15713 18372 2003 16462 14961 6384 9001 15089 11137 11801 8934 16182 13084 16978 19834 12342 12621 6683 12332 11074 4660 12377 14579 13921 6145 17444 15325 13396 5109 11385 3968 12781 12368 15113 8178 12399 14728 12510 15279 12300 9301 11628 12642 6463 11045 13373 10756 16101 15105 8297 6511 12824 6591 11173 14092 16905 18761 10622 9956 10772 4992 19456 8716 9212 15916 15383 14663 8934 10444 3196 3568 15745 4407 11053 4209 14143 7910 15897 2751 12173 15623 6025 5348 9508 15765 16833 15129 16786 9677 14955 15779 14131 13216 13730 15632 14993 22460 18364 9852 15283 15568 7206 5384 21719 6168 14052 12680 2618 14782 10171 12719 8726 14582 16433 14313 16976 16877 10148 12127 13404 18831 9942 5235 10789 15053 11561 11624 17100 13538 18027 3529 1939 10708 10178 11585 10246 4056 16232 6145 13569 16029 12198 13396 3099 814 21213 16010 12122 11735 17692 3796 11146 11440 20552 8667 2764 5476 13500 7908 12050 15290 12727 10237 4005 19426 9460 9806 13676 15593 3996 8494 2966 13831 8548 10093 7991 11003 18753 3124 9813 14494 17561 15738 11092 12762 7574 6864 7141 7413 4295 14330 10533 16484 11599 11665 7827 14577 10169 9890 3936 17953 0 7172 1034 10385 8522 15454 11948 14806 17528 6871 18719 5580 18376 4256 12563 10583 10007 14976 4510 7020 19447 4475 10788 14960 4221 11445 6340 20153 14074 16409 9931 16109 3741 7867 17199 8005 13062 1997 11212 3285 12405 19542 2948 15423 12015 15823 12789 10865 6499 8733 3865 3356 15138 14530 11402 16080 11848 6130 2770 5086 4307 14484 5855 15002 18015 15615 12128 16755 15763 3287 14797 16525 4606 9056 10619 4659 5809 13530 6070 3179 12869 15945 4027 4365 9096 15816 12599 2878 3532 7645 15616 21967 15065 4856 13616 2284 2090 10145 9234 7012 2618 8730 12067 15598 11951 14210 11110 3707 5503 14522 10306 17197 14723 19346 11792 8447 11277 10045 5633 11995 941 5766 12307 14709 11935 9380 10249 15998 6425 16150 9727 4186 16122 15570 3496 3620 12386 5468 2438 10301 8056 16740 14112 16407 18896 12216 15436 9941 14920 13642 5402 9250 7595 11768 14370 8957 8561 3641 7219 10073 8440 12247 5795 3580 11234 15611 2804 14495 6068 5805 13523 2820 14230 11284 7326 4361 15776 742 8516 12319
7247 8361 8909 10199 5786 4890 11359 4447 2988 3880 9305 7611 11842 4860 10468 8947 5189 4972 7690 3922 15345 11213 8985 9456 14705 3525 5132 7925 6846 10962 1791 11768 6408 10778 13334 8927 5656 6221 5262 7595 6535 5210 10006 7408 5911 11781 10435 6273 9440 6284 4252 13115 8933 7972 9285 9015 8714 7393 12757 7351 2129 6802 11141 8753 9791 11936 10250 9999 12851 4752 2864 9421 5849 5929 10605 9733 12704 5162 4321 5228 2438 12477 7073 2053 9362 9730 7492 2873 6122 7536 6958 14478 8297 9773 5583 10035 836 14693 8012 5609 8623 7445 3130 4456 8617 9846 7958 12668 6389 7934 10576 10028 6433 8683 11151 13103 15626 11918 3376 8740 8980 2878 4507 14869 8319 7104 6696 4689 7776 5047 5743 5176 10317 11218 8549 9815 10685 3212 10845 8150 11671 3797 4559 4254 9994 7976 7621 9939 8917 11049 3646 6736 3804 3129 4413 8891 6735 9063 5153 10063 12593 11703 6227 4358 7947 14630 9345 4994 6547 10781 3423 5194 11559 13952 2878 9639 10031 8668 6434 4878 9804 5688 3164 9612 12729 2308 2634 7198 8431 7126 5920 9386 7943 2115 8919 4508 11496 11595 5215 2841 7374 10450 8896 5977 10127 7908 3226 2853 1804 3418 13889 3805 9404 10706 11959 10455 7424 11018 3670 11104 12392 7172 0 6550 9925 3882 10214 5104 9750 11776 6886 12756 7932 11255 10081 7726 9913 3706 8829 7871 6004 13115 9918 9071 10063 8166 11222 1365 13083 7290 9322 5264 9429 10913 9814 10061 3282 6159 5196 6988 9832 5806 13318 10107 8903 5787 9324 6148 6891 9089 2631 3382 5061 8224 10424 6434 15235 6157 4686 7139 5401 7977 10095 1482 8085 11219 10815 6219 11290 14581 5057 10981 11822 11705 2806 7294 3733 3408 6689 8005 4061 8438 11861 10887 6764 2980 9488 9380 8652 7009 752 9279 15082 8024 2943 10835 9152 5688 7731 6768 3025 5889 3828 7206 10310 8077 13405 3968 3564 8629 9455 3827 10060 12388 12424 5207 4634 4909 2926 2023 6364 6676 2226 5211 9462 11788 8539 4142 15539 1098 12543 2685 3842 10103 8534 3818 3566 6816 2315 7193 3573 6093 10537 6971 10310 12901 5056 9850 3634 8188 9510 8286 9717 2196 7810 8889 3118 1519 10468 9824 3748 4885 5664 1616 8031 4811 10759 5033 7326 2555 4398 6681 5227 7262 4249 1727 2827 14161 6948 1354 5167
2633 6342 2680 16742 10117 11144 16308 10722 6904 4303 11969 12838 16176 10979 10404 5684 4596 2160 9869 3218 16306 17760 2437 15689 15559 6271 8006 14470 11114 12275 8269 15160 12670 16706 19502 11310 12118 6987 11784 11168 5146 11756 13566 13056 5111 17286 14321 12819 6017 10417 3924 13418 11337 14523 8795 11367 13799 11532 15593 12204 8661 11536 13047 7164 11446 13801 11247 15844 15453 7302 6291 11792 5557 11004 14251 16244 18531 10404 9690 9842 4566 18965 7682 8555 15045 14422 14004 8565 10395 2412 4206 16229 3655 11450 3175 13119 7329 16391 2196 11778 14850 5054 5148 9317 15168 16051 14473 16887 9750 14193 15691 13106 12401 13642 14613 15387 22032 18041 9031 14414 15194 6298 5457 21284 6833 13270 11764 1865 14015 9993 11954 7723 13560 16349 13366 16361 16606 9637 12551 12428 18217 9592 5319 10383 14058 11653 10607 16415 13517 17534 2997 1025 9944 9460 10947 10610 4617 15602 5115 13717 16223 12724 12737 2887 1783 20863 15156 11540 11588 17225 3328 10246 12027 20195 8328 3097 6421 13444 8150 11412 14318 12195 9680 5013 19036 8858 9172 13316 14914 3075 7466 2989 13596 7757 10477 7945 11625 18143 2108 9077 13780 16995 15291 10129 13018 8057 6692 6904 6599 4038 14898 9737 15740 12062 12277 8623 13886 10815 9525 4710 17819 1034 6550 0 10872 7579 14466 11157 14732 17353 5852 18509 6238 17803 5281 11571 11048 9630 14060 5246 5986 19156 5479 11120 13957 5030 11989 5873 19616 13637 15859 9813 15713 4485 8581 16611 7085 12276 1420 11201 3397 12005 19278 3770 15066 11690 14944 12382 9852 7243 7900 3172 3499 14342 14605 11283 16621 10915 6217 1925 4051 5078 14514 5341 14207 17590 15594 11865 16630 16259 3422 14919 16530 5162 8661 10722 4546 4862 13073 6697 2782 12865 14916 4362 3390 8253 14915 12769 2558 2615 6954 14717 21519 14538 4016 13868 3292 1093 9111 9405 6804 1584 8524 11980 14612 12011 14731 10517 3296 6271 13530 9902 16610 15054 18879 10957 7461 10419 9465 5219 11780 130 4945 11746 13724 12499 9783 9913 16584 5917 16321 9011 4046 15883 14811 2753 2998 12188 4662 1641 9509 8236 16466 13413 16154 18680 11541 14470 9098 14085 13698 6128 9822 6749 10749 13402 8624 7867 4632 7993 9230 8413 11849 5076 2875 10858 14604 2851 13866 5793 5851 12718 1821 13454 10549 6923 3825 16216 1539 7869 11637
13355 5147 10856 15050 15658 13432 9000 9700 12819 7423 2870 7728 7777 13675 1610 6576 6447 11449 2521 8565 5610 16532 12036 17079 4904 6483 14947 14063 5534 1420 10900 21640 10439 11672 14619 18810 11114 4135 11416 4337 5737 12249 19883 16399 14331 10915 20236 12408 6717 16170 7519 3202 18819 13749 2571 18896 18067 17238 5345 6763 10805 6407 2439 4387 1179 3058 377 10843 5019 14451 7097 19311 14537 6992 5418 15947 12698 7275 7526 15071 8602 16011 16368 10941 18062 19252 14232 8213 5589 13246 6848 5362 14478 1214 12852 19956 9780 5519 13046 9722 16404 15200 7361 6749 14308 17485 14541 8111 4331 15753 8939 19949 15159 7488 21022 4734 17906 13308 13008 17529 11674 12538 6102 17329 4480 15327 16242 10295 15683 6768 14164 14918 20227 9406 18081 15437 11581 9925 1882 17928 16937 8314 6165 9173 19760 4527 17538 16413 6718 14860 9396 11841 12857 12051 11960 1390 6331 15046 13805 5137 6758 1899 13354 8577 10492 15997 17865 11661 7002 14296 9082 14897 1671 15492 7902 12759 6963 7033 3502 12235 19410 11487 10415 8377 14872 10516 10986 10239 15172 13657 15438 13252 9040 11962 1205 5546 1835 16820 11666 12034 14797 15319 12591 15870 3608 2817 6701 7088 11665 8076 4145 13124 16691 1240 2097 4331 14549 1951 8433 12341 11114 10385 9925 10872 0 13757 19909 13969 8086 11142 15366 12471 4980 16059 8732 17612 316 8580 18059 6153 14865 13871 8169 1794 19874 6647 1300 8705 17114 11310 14247 6144 12311 12371 3495 15305 13124 14681 9985 5439 13473 9910 13689 11620 11394 8927 18110 10194 16793 4602 12517 10008 7526 16348 6500 6591 5779 15893 5534 12733 13332 6435 6873 9008 16223 14098 8193 8351 10058 5387 7604 6287 8687 13670 8469 4140 7321 12241 11179 4453 9058 6141 21771 13796 13723 12833 18474 4286 13261 13254 10638 18275 17683 12990 10965 4288 10235 11093 17352 3472 6902 11805 6780 6559 19982 5024 3873 11216 8901 5471 19238 8947 15277 4738 15655 14433 14394 14389 10551 8421 7813 10898 11093 11550 19186 1868 1386 8279 5853 8981 7032 11776 7694 10680 16183 10231 9726 7827 10891 12494 12940 3838 11507 14321 11040 12675 12752 19402 13332 16733 6038 5362 1459 12063 17726 18546 7908 11024 10598 4385 13419 5314 9798 10350 13737 9069 20561 8196 13744 7538 5934 15243 11378 15395 12871 8274 9247 5410 9645 10564 12904
6830 11538 10257 11168 2551 4738 14595 7100 952 6990 13172 10895 15333 4364 14187 11772 8354 5432 11567 6411 19218 11747 9802 8729 18572 7284 1285 8671 10554 14830 3743 8193 8775 13269 15360 5056 7617 9889 6992 11407 9700 6346 6455 5683 3941 14634 7049 7573 12244 2908 7200 16928 5064 8932 12891 5143 6225 4066 16570 10839 4159 10371 15023 12078 13666 15817 14090 12629 16688 1181 6660 5555 3576 9424 14323 9995 15215 8650 7841 2275 5471 13719 3713 3937 7611 6871 7950 6440 9866 7291 9740 18357 7477 13648 4985 6316 4281 18572 8040 8243 7933 5619 6588 8161 9459 9033 8392 16175 10251 7377 13754 6307 5351 12042 7589 16964 17046 14082 2448 6995 11178 1416 8001 16289 11641 6387 4217 5987 7179 8671 5310 1434 6655 14357 5791 10428 13189 5830 14725 4943 12163 7130 8008 7169 6696 11761 3802 9986 12420 12380 5687 7209 3669 3790 5578 12761 9699 9617 3264 13793 16270 15561 6833 6740 9329 16490 7793 6516 10008 12291 5732 2778 15369 15819 6561 10247 12803 12112 10255 5933 6804 7440 5454 11955 14514 4599 4455 9714 8625 6440 2438 9678 10903 2249 12782 8390 15265 12122 5537 3394 7329 11362 10702 2602 13968 11569 7067 6726 2095 6346 17760 3204 8963 14575 15758 13808 7610 14730 6977 12231 15280 8522 3882 7579 13757 0 7037 4402 13041 14570 4502 15342 11166 12063 12356 4232 13760 6947 6501 10814 3445 15343 12349 12952 6673 10966 15056 5053 14016 9375 10433 8992 11460 11987 13285 10842 650 5433 6678 10702 10129 8365 15647 11332 11194 8729 7483 8603 3041 12366 1748 5036 7817 7304 14011 9985 19117 3341 8352 7124 4243 10839 13614 4812 7184 12927 14159 9343 14290 18461 7779 14620 15161 12409 6283 11132 6948 2717 8749 11350 6228 12024 8176 11314 5876 1742 7386 13173 8734 6586 3254 7195 16424 9432 3809 14650 10791 6489 3980 10649 6886 6225 7625 10734 7168 11810 17284 5668 5949 11726 6150 6891 10858 16223 13806 3875 942 3216 5126 5432 9636 7704 3094 6846 6276 15624 12372 7436 19415 4776 16185 3566 6828 12796 7980 5226 5394 10076 3399 7350 3076 9943 13042 7118 12925 15454 5717 6934 2251 6832 13126 11416 13441 1696 3988 5873 6740 3323 12157 13147 2342 8763 8267 3612 7621 7731 7360 7489 8064 6241 8004 5717 5774 6591 4397 5605 5223 18029 8637 3793 5730
13164 18440 17136 11097 4543 6884 18020 11038 7905 13862 18662 14888 19305 6505 20620 18776 15231 12309 17488 13412 25020 10737 16507 6622 24454 13717 6463 9187 15543 20763 9009 2361 11729 15379 16272 4331 10431 16426 9795 16671 16592 8757 1667 4220 9850 17242 869 9486 19254 4131 14127 23108 4293 9673 19494 4351 2375 2971 21564 15258 9118 15032 20681 18910 19563 21425 20199 15106 21816 7165 13045 4186 9356 14061 19041 9103 17072 13402 12799 5022 12317 13488 7729 8972 4112 1135 8379 11769 15027 13666 16739 23827 13433 19537 11525 2667 10175 24055 14486 11758 6383 11076 13291 13428 9781 6593 8541 20130 15859 6464 17142 2678 5440 16028 1943 22253 16591 15453 6920 4038 13191 8446 14698 15939 18473 6007 3687 12991 6343 13688 6450 6762 2296 17593 1966 9986 15338 10270 20502 2105 10959 11956 14736 11419 550 16893 4130 8716 16689 12606 12716 13938 7120 7907 8570 18723 16658 9390 9519 18587 20729 21556 8187 13759 16244 16932 4598 9316 14487 12852 12740 5038 21576 16367 12047 16833 19820 16276 16506 8528 706 10050 9753 18990 15116 9440 8997 12621 8248 12664 7263 16133 14289 8099 18802 14364 21586 10991 12365 7882 7330 11134 12183 4442 19230 18107 13344 12897 8776 13257 23620 6800 7272 20511 21993 20629 7803 21174 11808 18974 17884 15454 10214 14466 19909 7037 0 6225 16758 17067 9729 17330 18040 11450 19386 2899 19846 11696 2697 17788 8981 16640 19386 18759 904 17970 21179 11568 13167 11705 10839 14209 13120 18715 20020 10550 7642 5998 13685 15695 16556 11733 17095 18141 13361 12563 3880 11742 4754 19226 7604 12072 14800 5774 18348 14656 24724 4058 14896 13643 10648 17831 17807 11510 5786 13693 17872 13324 17242 23962 14768 19063 18767 18942 11527 16533 13779 9680 11256 18166 13257 16540 3006 17744 12069 7239 3241 18246 15146 12951 9462 3263 15911 10684 10845 19740 17737 13375 6407 16517 13107 12990 13195 15257 174 16759 23033 9210 12953 18659 960 11425 10588 21358 13810 5585 7007 5528 9536 12129 13818 14585 10108 9604 764 21731 18542 12128 25168 11291 20535 8144 13736 15359 6655 12258 12429 14157 10419 13930 6973 16101 15215 7578 15320 17362 7975 939 6615 4853 17619 18335 19870 8431 4057 1369 12088 8920 19092 19985 6516 14612 11729 10521 13850 11811 1037 14510 8875 12768 14610 5588 12645 6107 7288 11702 12203 23358 15632 9360 7852
10994 13362 13722 6878 3435 685 12014 4815 4557 8974 12503 8706 13177 295 14853 14036 10251 9180 11484 8971 18887 7356 13553 4537 18348 8225 5158 4398 9336 14710 3411 8344 5703 9844 11463 7181 4382 10880 3709 10490 11571 2717 6750 2445 8332 11520 6766 3752 14529 3839 9356 17137 7164 4734 13913 7268 4131 4317 15340 9038 3306 8809 14542 13669 13511 15267 14232 9389 15595 5476 7565 7518 7978 7839 12819 5594 11712 7194 6633 2958 7535 9465 7783 3242 4296 5388 3616 5757 8851 11415 12060 17632 11767 13483 9124 7251 4695 17861 12090 5592 3702 10019 8155 7312 5184 4895 4035 14013 9775 3071 11133 7250 1331 9862 7763 16042 12805 10331 2165 3694 7629 5118 9441 12058 13246 2117 2647 9336 2883 7511 908 5497 7309 11639 4275 6062 9781 4105 14398 4611 7766 5791 9520 5198 6230 10691 5798 5590 10490 8193 8546 11048 1301 2046 2362 12712 11819 5255 7623 12363 14532 15517 2666 9395 12755 12462 4247 3197 8262 8193 8402 2238 15639 11811 6078 14107 15122 10086 10715 2401 5623 4046 3593 14704 10493 3499 3013 6647 4227 10670 6572 13665 8222 3402 12817 8491 15720 7728 9355 2266 2927 7050 6876 3728 13029 12498 7743 7249 4560 8520 17514 1420 4654 14463 16066 15319 3225 15405 5649 15856 12177 11948 5104 11157 13969 4402 6225 0 10655 11390 8892 11906 12914 7712 15167 4868 13873 5525 4092 12948 7838 11593 15018 12687 6458 13262 15204 6397 9668 5920 6221 8059 7748 15639 14589 6506 4523 1120 9957 9488 14123 5596 11967 14888 7728 6368 4285 5661 5488 14027 3301 8093 10163 3191 12152 8434 18549 2888 9438 11161 8501 13066 11626 6585 3054 8915 11786 7123 11382 17772 10158 12860 12720 16258 5501 10381 8814 6606 5369 12923 9027 10320 8731 15273 10139 2995 4550 12031 12782 10744 4443 4345 12163 5442 7144 13521 14078 10137 7443 10513 7481 10079 7190 9034 6258 10541 16899 2986 8573 13657 5791 5228 6525 15138 9604 812 5203 1397 3423 7114 7604 11287 6212 3518 5599 15740 12641 5935 19023 6163 14351 2450 8946 9610 3690 8452 8373 7955 6495 11328 1649 10263 9643 2742 9646 11981 1903 5559 2209 3084 11404 13307 14116 4452 5947 4880 6061 3586 15426 14720 2094 8664 5573 6176 11806 5588 7074 10102 3828 7460 9240 1588 9505 2306 1102 6123 7796 17148 11851 3853 1821
16410 11660 16056 8168 13706 9971 1619 6050 12382 10439 5231 2154 2558 10408 9676 13104 10556 14046 6389 11531 10366 9639 16800 11698 10133 8461 14301 8303 3700 7706 9298 18973 5034 3700 6546 17505 6327 8760 6973 4202 10948 8006 17405 12575 15653 2906 17377 7349 13454 14204 10849 10125 17497 7836 10014 17597 14458 14915 5734 2536 8892 3197 6756 11258 6957 7080 8058 3000 6195 14150 8494 17917 15598 3869 3321 9726 4632 4607 5443 13101 10433 8358 16647 9113 13563 15783 8873 6880 4364 16554 12185 8562 17565 6918 15053 17876 9029 8781 16765 5076 11306 17130 9598 5529 8149 12040 8959 3373 5337 10846 988 17874 11321 1099 18404 6881 9857 5299 11048 13228 4524 12486 9450 9318 11075 10915 13301 13239 10875 4853 10309 14474 17958 1630 14795 8938 3621 7236 7027 15266 9952 5986 9603 5887 16834 3801 16077 10275 1434 7474 11976 15375 10174 9598 8310 6858 11615 8882 14901 3242 4235 8402 8644 11845 15309 7912 13198 7468 3246 6872 11592 12565 9219 7421 6926 17566 13911 1321 7526 8266 16100 6709 7668 14753 6912 8451 8666 4193 9526 16447 15409 17689 2476 10792 7108 6814 9707 9831 14311 9874 9813 8392 5705 13994 4793 9136 8058 7925 11321 10717 9416 10657 11109 7578 9593 12015 9393 10033 6128 18085 3260 14806 9750 14732 8086 13041 16758 10655 0 3098 16636 4433 11255 8964 15223 15442 7795 6131 14258 12187 15740 5784 14747 6313 17088 12743 8648 9449 9537 5262 7602 4928 5043 18010 11069 8600 12614 10762 13370 3650 18059 5059 5614 17147 4235 4387 13703 5017 15544 11621 11309 12207 11469 11581 2108 3477 9628 13439 8734 16067 15052 12471 1490 10035 11499 6438 1138 3708 2080 8745 11533 2805 2123 19174 6949 4625 10191 13146 5578 10845 12011 2119 19384 18816 16211 11418 14261 3843 17260 16209 10056 14107 9682 6789 12414 4616 15790 14326 17003 6120 7980 14821 6316 2753 16762 3278 8643 7808 11550 12075 16425 6151 8561 5851 7933 11415 13957 11759 7985 9834 3417 14822 11912 7164 16198 8923 7607 5654 10362 9573 3951 9636 10688 2772 11019 12633 12148 2970 11918 15987 10607 7156 3580 9429 3113 4637 8803 15975 11394 12313 2094 11792 9282 11637 16253 15466 6657 9732 16674 11803 11404 6369 5088 11169 17090 5342 17675 12003 8310 9043 9019 11204 14179 10876 9725 8356 11300 7869 14207 9287 8918
18803 14715 18877 6905 14727 10726 2377 7510 14058 13125 8273 4536 4183 11197 12742 16141 13401 16434 9483 14136 12788 8190 19531 11188 12674 11144 15760 7966 6641 10655 10924 19390 5828 1765 3670 18540 7092 11759 7768 7284 13907 8685 17976 12859 17640 294 17786 7684 16505 15182 13561 12965 18526 7468 13112 18629 14697 15697 8009 5309 10466 5972 9619 14338 9994 9821 11091 2002 8539 15735 11063 18898 17514 6357 6033 8836 1562 6957 7715 14164 12892 6195 18274 10684 13412 16001 8722 9026 7216 18999 15120 10863 19927 9956 17299 18588 10978 11061 19292 6339 11011 19217 12212 8037 7532 11458 8643 4597 8335 10716 2203 18589 11723 3978 18867 9278 6991 2761 12316 13210 3877 14276 12259 6544 14142 11061 13939 15743 10800 7364 10825 15989 18589 1827 15163 7919 1779 8817 9953 15882 8388 8016 12415 7563 17241 6895 17130 9386 4529 5754 14477 17909 11254 10853 9239 9944 14560 8146 16864 6119 6120 11300 8940 14486 18085 4940 12982 8288 5796 5193 14104 13529 12186 4533 9171 20289 16973 4345 10555 9041 16374 7375 9134 17755 4348 10040 10120 4870 9084 18776 17003 20338 3842 12379 10195 9594 12706 8273 16697 11209 9763 7053 4953 15024 7717 12220 10674 10452 13125 13316 12032 11767 10525 10550 12539 15113 9295 13080 8128 20960 822 17528 11776 17353 11142 14570 17067 11390 3098 0 18561 1336 14299 7389 18233 16253 10844 8077 14417 15194 17594 2819 17770 9386 17543 15746 11618 11758 7384 5472 6659 7608 4028 20869 14167 7444 14247 11188 15956 6619 20729 6206 2561 20002 3712 5995 13591 5974 16708 14704 12827 14611 14243 11454 4788 6148 11928 14277 11580 18534 17176 15474 4304 12348 11405 4483 3060 5592 1103 11053 14302 5282 3083 21994 9021 7693 12870 15164 6029 13904 14583 5202 19902 21555 18478 12850 14210 6863 19832 18586 11924 14090 6921 6412 14628 7373 18671 16839 18406 9170 10550 17267 8829 5556 17040 6370 11256 8952 14092 15131 16904 7957 7401 8294 5707 12198 15510 12676 9462 12257 5587 17452 14000 7946 16613 11846 10704 7670 12730 11829 5740 11013 13352 1792 10713 15055 14605 5168 14060 18492 11777 10157 1881 9490 1754 1540 9493 16202 12632 12309 5105 14839 12369 13384 17291 15884 8878 11407 19617 14899 12611 9186 6309 13321 19528 6991 18055 14729 8203 11569 11825 11516 16606 10967 10662 10640 13736 10117 16971 11028 9570
3713 11723 8217 15661 6264 9239 18245 11070 4645 7942 15580 14496 18686 8864 15329 11376 9031 4153 13652 6834 20975 16245 7255 13073 20261 9222 3898 13166 13593 16652 7685 9851 12918 17415 19697 5864 11876 11231 11298 14155 10122 10761 8475 9841 1049 18588 9354 11990 11760 6300 7878 18308 5897 13414 13800 5901 9843 7142 19204 14219 8157 13646 17140 12465 15609 17942 15735 16701 19208 3432 8802 6289 1047 12804 17278 14484 19364 12042 11202 6340 6906 18200 2067 7949 11602 10030 12451 9757 12844 4206 9589 20495 3730 15601 2757 7814 7628 20689 5034 12253 12310 1349 8128 11260 13953 13343 12894 19500 12803 11799 17457 7801 9745 15568 9376 19333 21517 18366 6924 11034 15424 4314 9271 20759 12068 10810 8148 5302 11600 11889 9799 3525 8295 18095 9221 14929 17328 9760 16734 7977 16658 10671 9202 11001 9232 14586 5600 14455 15771 16845 5982 4978 8143 8145 9959 14695 9816 14119 1740 16726 19296 17263 11322 6904 7514 20879 11874 10858 13425 16728 6284 7023 16796 20203 9736 7402 12211 15540 12040 10349 9793 11754 9498 10864 18911 8561 8571 13809 13119 3163 2601 6601 14763 6326 14640 10784 16525 16618 4020 7720 11817 15859 15062 6118 16526 12727 9292 9165 5443 7294 19510 7696 13369 16408 17121 14093 12108 15816 10538 9668 19213 6871 6886 5852 15366 4502 9729 8892 16636 18561 0 19455 11492 16564 11127 6949 15458 10558 10216 10723 1057 19612 11329 15052 9030 10642 16620 7390 18516 13634 14911 12026 15765 9394 13854 15343 4542 9888 5845 13725 6988 12414 19879 8987 15405 12577 11433 12705 5013 12637 6012 5358 8069 11646 17226 13290 21087 7207 9897 4359 2060 10625 16935 6864 11536 17331 17697 13072 18140 20565 8000 17737 18704 9393 9690 13787 8050 3507 13004 11851 6374 15258 9468 8146 2621 6145 11179 15940 5621 3559 6643 11016 20903 13861 4518 17309 8999 4962 3539 12886 9225 4290 10551 14063 9896 14770 19183 9925 6470 11756 8772 10624 15358 18760 18272 8309 3704 7632 9178 7290 13245 5932 4770 11172 9078 17176 14064 11013 21218 7200 19283 7835 7674 16835 12387 5155 5646 13698 4831 4701 7553 11896 17180 11618 17007 19584 10182 10014 6750 11057 16299 11537 14643 5215 5685 8991 9991 7188 10231 13430 6844 11247 12293 5555 4257 11574 9585 7469 12556 8236 9482 10118 4361 11015 8875 8384 6155 20313 7353 7539 10206
19870 16030 20103 6695 15303 11263 3602 8388 14890 14316 9601 5762 5325 11737 14072 17450 14645 17509 10815 15296 13936 7824 20722 11185 13859 12343 16495 8145 7937 11959 11777 19676 6570 2081 2564 19086 7752 13058 8410 8612 15189 9250 18338 13166 18561 1557 18082 8155 17818 15736 14759 14235 19070 7657 14447 19174 14956 16168 9161 6583 11309 7238 10904 15663 11319 11075 12414 2760 9701 16518 12227 19420 18409 7553 7310 8725 369 8107 8829 14764 14008 5506 19055 11522 13524 16236 8951 10081 8488 20085 16392 11988 20979 11281 18318 19004 11941 12179 20408 7203 11108 20168 13384 9211 7606 11417 8803 5617 9639 10892 3532 19005 12099 5289 19177 10446 5807 2132 13018 13382 4277 15147 13495 5430 15462 11345 14373 16861 10997 8548 11265 16744 18971 3101 15470 7782 2156 9696 11252 16283 7954 9055 13650 8506 17542 8228 17694 9258 5863 5364 15599 19031 11903 11575 9880 11278 15837 8136 17780 7423 7219 12589 9346 15657 19295 3703 13074 8918 7017 4873 15231 14098 13492 3379 10254 21476 18291 5669 11864 9630 16628 7986 9967 19050 3483 10896 10928 5651 9172 19820 17780 21497 4918 13198 11530 10831 14020 7846 17769 11953 10000 6796 5155 15600 9022 13547 11855 11607 14012 14477 13241 12419 10506 11859 13840 16448 9527 14406 9155 22203 1541 18719 12756 18509 12471 15342 17330 11906 4433 1336 19455 0 15611 6988 19530 16730 12171 9089 14647 16492 18466 1667 19073 10718 17861 17041 12926 12832 6652 6034 6625 8833 4224 22106 15502 7261 15061 11584 17102 7921 21896 7041 1293 21238 4196 6978 13718 6761 17320 16031 13614 15699 15460 11614 6078 7389 13044 14786 12829 19630 18151 16769 5617 13419 11581 4060 4342 6667 2414 12179 15517 6530 4213 23216 10053 9018 14060 16112 6638 15221 15730 6532 20228 22746 19499 13606 14354 8188 20963 19648 12847 14250 5810 6659 15649 8645 19919 17956 19098 10488 11718 18359 9995 6833 17289 7702 12468 9678 15230 16446 17239 8930 7218 9485 5002 12717 16283 13239 10291 13365 6731 18611 14981 8576 16924 13141 12040 8712 13862 12885 6830 11776 14535 2659 10813 16148 15711 6333 15060 19601 12452 11458 2302 9782 2450 205 10036 16439 13319 12505 6433 16151 13704 14249 17848 16203 9958 12269 20887 16232 13286 10436 7162 14330 20609 7945 18338 15929 8471 12717 13061 11859 17694 11230 11270 11717 14840 11235 18179 11919 10096
8848 475 5881 16229 13513 12568 12585 9981 10230 4185 6930 9994 11849 12644 4212 1854 2815 7348 5020 4877 10137 17576 7092 16924 9385 4767 12138 14553 7688 6393 9506 19358 11480 14274 17305 15969 11600 2631 11616 7070 1468 12120 17617 15298 10532 14139 18165 12746 2208 13968 3974 7202 15986 14392 2605 16045 16645 15123 10197 9076 9635 8460 7372 973 5840 8035 5333 13370 9933 11514 5389 16479 10848 8468 9576 16517 15750 8266 7983 13018 5727 17845 12899 9676 17210 17633 14429 7766 7226 8649 2033 10274 9891 5857 8774 17456 8221 10412 8319 10569 16132 11033 4802 7226 15035 17332 14839 12384 5978 15434 12233 17447 14236 10323 18754 9705 20364 15858 11306 16603 13511 9771 3474 19688 596 14744 14615 6190 15308 7685 13410 11999 17814 12830 16457 16273 14172 9543 6826 15943 18026 8445 3396 9458 17768 7511 14895 16871 9835 16500 5719 7256 11631 10870 11537 5204 1681 15681 10183 9129 11307 6693 13283 4673 5575 18730 17144 11645 8835 16026 5546 13087 5875 18129 7399 7799 2711 9961 3748 11941 17679 11869 9891 3592 17227 9535 10014 11704 15427 9236 12226 8337 11163 10006 4995 5333 5423 17923 7510 10675 14662 16507 14090 13652 7955 2350 5322 5825 9267 4820 8771 11709 16718 6219 6087 2667 14563 4590 8486 7411 14513 5580 7932 6238 4980 11166 18040 12914 11255 14299 11492 15611 0 17322 4026 15368 5223 8645 16759 1173 11238 16715 3515 5823 17789 1685 5922 6573 18786 12502 15335 7166 14139 7424 2375 16315 10520 13882 5688 7694 8531 10806 16670 6652 13285 10037 17193 11180 14107 1204 10458 6418 3489 15861 10337 8406 10539 14016 3606 8160 9442 1458 10484 6543 15723 16090 11775 9793 13333 10277 3548 10394 12526 8715 8004 6634 4260 8962 12133 527 5228 9140 19321 8817 9426 10834 17396 8129 8443 8794 8673 17187 19999 13949 7617 8783 5259 6717 14121 5136 5590 7451 6712 8824 18149 8011 8697 10845 5326 867 17221 9042 16299 9605 17600 13115 11543 12841 9871 5936 9424 6235 8107 11679 17278 6387 4265 8611 10426 6834 11508 10469 4338 13299 15981 6461 6063 9672 7823 7877 11482 4176 14060 14199 13639 15809 12330 17744 11552 15973 9581 541 3712 9624 15072 16752 7585 9396 5730 1997 11670 5543 10654 7561 9096 9658 18483 4033 14069 5455 3711 14435 7180 14871 11927 6828 5972 10380 4844 9069 12471
18250 17796 20065 1099 10933 7325 9369 7433 12039 14411 13522 8394 11164 7709 17463 18927 15317 16139 13717 14945 19296 847 20235 4837 19013 12813 12869 3429 10533 16129 9596 13789 5858 5709 5136 14275 5842 14749 6049 11727 16354 6085 12779 7767 15927 7662 12290 4985 19389 11210 14875 18686 14249 3291 17194 14350 9202 11204 14696 9324 9170 9655 15399 17756 15124 15864 16161 6064 15159 13175 12357 14478 15612 9183 12244 2376 6642 9154 9340 10574 13411 2043 15485 9301 7354 10315 4113 9753 10604 18612 17278 17524 19159 15086 16424 13624 10478 17744 19179 6755 5124 17628 13406 10114 2668 4928 3678 11775 11975 5267 8698 13630 7168 8974 13389 15837 5238 4856 9655 7433 4510 12520 14203 4537 17418 6120 9408 15944 5446 9739 6819 13209 13460 8784 9865 1657 5734 8254 15540 11002 1006 8920 14338 7920 11791 11595 13059 2735 9853 1639 14855 17961 8450 8620 6916 14675 16847 2458 15181 12061 13068 16912 5277 15380 19122 5533 6868 6263 9072 2201 14581 9832 17515 5027 10096 20894 19960 9425 13936 6461 10754 5674 8139 20121 3907 8947 8659 5840 3564 18010 14283 20622 7109 10514 14885 11995 17868 888 16361 9050 4855 825 3473 11199 13444 15921 12224 11771 11651 14241 18256 8873 4178 15943 17933 19063 4494 17938 8903 22275 8143 18376 11255 17803 16059 12063 11450 7712 8964 7389 16564 6988 17322 0 20620 11748 15829 8752 8805 17822 15507 5750 20307 14317 12158 18287 16960 12057 1957 4861 2005 10330 3933 22101 18151 1228 12075 6848 16431 10622 21072 6520 6268 21270 4805 7357 7581 6153 12951 18152 10667 14637 15715 5808 11069 9497 18588 10135 13804 18273 15934 18035 10445 12521 5842 2938 9705 7782 8127 17705 15743 11767 10193 22949 9560 11929 14175 13897 5189 17110 15204 10204 14455 22141 17532 10465 8231 12362 19844 18001 10924 8190 4566 3396 14037 13469 20190 16932 15026 12960 11980 17067 10617 9512 11366 11150 17497 7287 14680 18182 11629 8374 1219 14807 2410 8395 12903 9065 8340 12795 8284 17928 13145 6069 11240 17355 15100 8722 19308 11954 12730 9023 14517 6336 4886 15072 14810 8233 13357 18371 9030 13429 5693 4970 6071 6931 6472 10512 9814 6727 10844 17832 16867 11698 13167 10597 9856 10048 21425 18629 9720 11836 6670 12792 19063 7667 12486 15929 4050 12603 13832 6814 16423 5932 7723 11176 14019 16833 18066 9963 6419
7661 3695 3250 19521 14893 14970 16590 13187 11532 6319 10932 13832 15874 14933 7576 2199 5303 7267 9046 6205 13241 20770 4598 19521 12497 7812 13013 17591 11593 10084 11851 20288 14897 18090 21100 16519 14786 6473 14669 11066 4391 14976 18637 17370 10386 18086 19335 15799 2018 15263 5885 10238 16544 17508 6167 16580 18413 16417 14063 12954 12111 12313 11171 4359 9723 11757 9047 17184 13751 12318 8269 17010 10820 12190 13594 19519 19650 11867 11432 14516 7644 21359 12953 12087 19359 19201 17326 10868 11063 7271 3343 13760 8371 9745 8448 18267 10631 13864 6620 13964 18693 10245 7283 10759 18166 19916 17770 16402 9900 17999 16207 18255 16490 14258 19720 13438 24057 19636 13237 18728 17127 10962 6431 23356 4358 17185 16340 6415 17847 11310 15823 12773 18690 16815 18080 19411 17987 12476 10614 17298 21229 11723 6291 12708 19022 11517 15714 19805 13815 19970 6748 6170 13872 13209 14276 9172 3809 18744 10330 13152 15285 10211 16100 5793 3665 22522 19383 14590 12624 19541 6813 14778 9223 21901 10524 5063 1913 13917 7698 14722 19156 14991 12716 500 20928 12139 12572 15260 18310 8183 12654 5869 14931 11884 8949 8898 8644 21136 7294 12915 17370 19795 17572 14958 11942 6346 8401 8849 10876 6672 12031 13811 19427 9951 9307 4875 17358 7763 11727 3791 18484 4256 10081 5281 8732 12356 19386 15167 15223 18233 11127 19530 4026 20620 0 16532 9012 11875 18612 3039 11249 20557 571 9801 18962 2488 9428 8886 22220 15929 18615 10865 17735 3897 5384 19531 11773 16238 5722 11614 5866 14205 20545 3359 16924 13557 19297 14592 14938 4132 12199 7344 5045 18305 14362 12212 13834 15584 6920 6926 9309 2760 14500 8602 18166 19694 15783 13431 17294 13730 5039 14417 16548 5179 11067 10622 6529 9723 15485 4503 6222 13118 20094 5683 8598 12582 19380 12154 6409 7724 10725 19174 23650 17224 8549 12756 2364 6263 14366 9115 8640 6861 10115 12703 19521 12008 12126 13667 6624 3313 18481 12247 19520 13459 21159 15173 12434 14753 12612 8131 13129 5196 9345 14695 18628 9789 8232 11954 13551 9079 15501 12766 6284 17135 18590 7130 7000 13426 9030 6576 13574 8077 17868 16938 17465 19725 15012 19275 13400 18240 13599 3518 7315 11144 15869 18223 10767 11595 1972 4502 13529 9211 14046 9104 7536 13014 19632 5069 17048 8081 6823 16752 6965 17341 14327 9546 7410 13984 3846 11402 15139
10290 15750 14239 11144 1954 5543 16847 9448 5146 11183 16647 13419 17928 5079 18193 16004 12552 9415 15277 10644 22907 11175 13610 7261 22302 11249 3565 8854 13691 18570 6815 4042 10557 14682 16090 2528 9238 13930 8560 14726 13907 7584 2280 3992 6988 16386 2818 8585 16475 1443 11415 20812 2501 9281 16978 2602 3125 564 19786 13628 7034 13301 18610 16266 17378 19380 17923 14252 19982 4268 10590 2748 6498 12316 17353 9390 16520 11595 10895 2555 9646 13704 5036 6851 5149 3082 8009 9692 13097 10790 13972 21858 10610 17356 8629 2458 7838 22081 11606 10366 6709 8297 10697 11422 9578 7397 8312 18771 13762 6481 15967 2455 4718 14589 3426 20353 16986 15061 4699 4719 12461 5648 12115 16275 15828 5672 2394 10124 6302 11786 5466 3863 2639 16489 2410 10131 14624 8449 18377 1056 11493 10074 12138 9730 2493 15005 1525 9146 15149 12596 9914 11039 5301 5981 7145 16504 13926 9400 6628 16862 19168 19339 7390 10971 13350 16960 5541 8042 12815 12710 9965 2912 19261 16339 9921 13945 17033 14770 14142 7255 2854 8911 7949 16145 15033 7421 7046 11508 8229 9799 4413 13256 13045 5651 16558 12095 19217 11494 9468 5825 7031 11251 11629 1749 17317 15619 10937 10527 6128 10553 21475 4856 7775 18315 19666 17993 7475 18743 9918 16077 17043 12563 7726 11571 17612 4232 2899 4868 15442 16253 6949 16730 15368 11748 16532 0 17578 9832 3556 15044 6138 16308 16550 16608 2441 15198 18902 9039 13635 10781 10667 12240 12532 15818 17434 10664 4864 5183 10818 13845 13684 10398 16711 15241 12575 11083 4935 10497 1938 16565 5102 9253 12047 5995 16807 12913 22699 2004 12388 10755 7756 15072 16317 8903 5939 13497 16579 11814 16247 21980 12010 17489 17532 16062 9473 14530 11123 6811 10236 15530 10454 14897 4176 14874 9204 4779 4512 16401 12271 10073 6991 4394 16314 10145 8014 17904 14846 10481 3897 14319 10720 10090 11066 13586 3051 14944 20935 7640 10181 15948 1960 9629 10693 19518 13938 4067 4117 3684 7675 9529 12245 11689 7326 8372 2177 19464 16229 10303 23079 8758 19017 6091 11036 14476 6906 9414 9614 12633 7631 11038 4959 13775 14487 7100 14505 16795 6770 3066 4351 5137 16003 15633 17442 5755 1555 2050 10014 6613 16199 17338 4288 12399 10357 7808 10992 10205 3128 11719 8386 10250 12071 5024 9750 5845 5718 9338 9451 21448 12756 7092 6686
13511 5407 11090 14826 15624 13327 8693 9549 12827 7520 2571 7481 7461 13578 1920 6848 6585 11573 2393 8677 5534 16312 12257 16920 4845 6503 14960 13877 5316 1228 10842 21601 10240 11393 14331 18815 10942 4240 11259 4103 5927 12106 19846 16296 14421 10615 20185 12238 7000 16138 7634 3267 18823 13557 2860 18902 17980 17197 5055 6520 10733 6183 2163 4660 866 2816 361 10569 4741 14475 7103 19315 14616 6797 5103 15752 12401 7106 7387 15033 8660 15755 16426 10874 17940 19175 14062 8122 5405 13412 7061 5182 14641 902 12969 19935 9741 5348 13229 9538 16254 15318 7417 6621 14109 17325 14364 7796 4180 15607 8641 19928 15050 7214 20983 4482 17623 13028 12956 17413 11429 12558 6188 17051 4736 15197 16173 10425 15541 6611 14048 14939 20199 9103 18006 15230 11302 9812 1609 17877 16713 8186 6258 9026 19705 4271 17532 16223 6435 14615 9500 12009 12777 11972 11835 1200 6534 14850 13882 4826 6446 1820 13202 8704 10708 15707 17736 11515 6785 14048 9179 14843 1785 15205 7818 12985 7256 6756 3518 12102 19339 11319 10306 8651 14596 10435 10901 10018 14996 13804 15479 13464 8792 11932 1058 5492 2040 16596 11794 11966 14644 15094 12359 15840 3293 3010 6694 7066 11666 8165 4064 13053 16523 1016 2219 4644 14388 2239 8308 12602 10809 10583 9913 11048 316 13760 19846 13873 7795 10844 15458 12171 5223 15829 9012 17578 0 8453 17965 6396 14939 13579 8450 1528 19825 6897 1334 8714 16864 11098 14030 5991 12064 12629 3801 15089 13130 14566 10133 5217 13692 9722 13394 11871 11147 8734 17992 9999 16792 4885 12490 10102 7673 16209 6191 6380 5648 15841 5595 12898 13432 6680 6569 9035 16086 13840 7888 8144 9758 5216 7752 5972 8374 13926 8376 3928 7409 12299 10981 4696 9176 5867 21743 14034 13857 12801 18365 3984 13456 13405 10618 18167 17406 12784 11035 3973 10482 11243 17389 3361 6888 11951 6686 6322 19917 4761 3738 11093 9003 5738 19186 8814 15061 4449 15395 14350 14413 14321 10451 8457 7601 11077 11137 11396 19127 1887 1407 8139 5766 8988 6719 11706 7795 10403 16029 10336 9826 7602 10941 12664 12874 3820 11231 14169 10762 12376 12624 19327 13284 16609 5740 5619 1766 12064 17720 18481 7813 10979 10867 4687 13369 5236 9613 10386 13907 8905 20510 8345 13569 7560 6001 15127 11510 15261 12773 8245 9324 5195 9845 10514 12775
10793 9120 11584 7653 7950 4927 7718 1337 6256 5767 6980 3977 8387 5232 9634 10188 6574 8441 6063 6503 13363 8949 11973 8589 12829 4063 8221 5920 3869 9220 3223 13681 3092 7161 9876 11635 2957 6166 3011 4976 7609 3704 11986 7896 9604 8076 12157 4123 10657 8471 6236 11695 11631 5747 8950 11727 9654 9358 9956 3904 2871 3493 9018 9175 8028 9744 8814 6345 10166 8033 3645 12082 9514 2515 7535 7886 9057 1767 1108 7330 5065 9546 10519 3083 9488 10908 5875 1073 3332 11026 8532 12132 11893 7998 9232 12287 2930 12359 11397 2169 7872 11151 4757 1832 6391 9000 6255 9230 4292 7204 6909 12283 6627 5105 13076 10570 12460 8421 5180 8968 5566 6359 5451 11724 8804 6746 8020 7880 7122 1993 5608 8373 12453 7542 9775 7631 7064 1426 8882 9889 9404 269 5587 833 11640 5206 10222 8264 5481 8134 6646 10042 4600 3859 3383 7268 8095 7039 8836 7035 9407 10034 4848 6913 10684 11232 9285 3143 3072 7746 6303 6928 10236 10564 1370 12694 11234 5165 5613 3659 11125 3228 1942 11376 9420 2446 2786 3686 6864 10732 9286 12601 4239 4702 7396 3430 10381 9305 8700 4015 6289 7928 5774 8220 7540 7567 3474 3036 5193 5722 11995 4993 8273 8977 10668 10638 6097 10173 161 13779 8686 10007 3706 9630 8580 6947 11696 5525 6131 8077 10558 9089 8645 8752 11875 9832 8453 0 9595 9079 9634 9566 11555 7193 11821 9537 9770 3793 10357 4107 6748 2536 6102 13634 9789 7695 6494 6127 8210 4023 13023 2404 9726 12777 5435 2114 9543 2791 9615 9566 5243 6660 7054 7775 7096 3102 13032 7896 5072 10585 9102 9287 6675 4368 7649 8018 7232 2516 7588 12267 7090 7736 8239 14609 978 4857 5518 7109 3620 8485 6866 5128 13962 13970 10412 5400 9934 6583 11985 10567 3935 9739 11982 5356 6561 8085 11598 8964 10925 5110 3237 9312 1986 3819 11743 5115 11375 2642 6342 9492 11158 402 7681 9703 9393 6110 7848 6239 2173 4411 2714 9743 5925 3102 11026 10291 7314 491 13498 3816 9293 3753 5915 6430 7669 7113 6712 3163 5984 10581 4874 5115 6919 5811 6657 9241 4172 11075 5536 8156 6238 9137 8930 5507 10406 10331 1109 3624 12772 10129 5576 3428 2245 5247 11544 1229 12476 7356 5467 3975 5081 6684 8644 6816 4429 2708 5844 11673 9583 3165 4323
13230 17190 16729 8411 4052 4667 15460 8766 7169 12673 16560 12476 16815 4387 18918 17720 14009 11926 15576 12445 22951 8122 16302 4021 22423 12180 6431 6501 13354 18798 7331 5058 9227 12714 13578 5930 7962 14873 7363 14536 15361 6330 3987 1721 10056 14599 3503 6924 18210 3923 13004 21229 5896 6991 17928 5986 444 3172 19268 12929 7320 12769 18607 17564 17601 19321 18324 12472 19554 7064 11509 5996 9591 11821 16709 6442 14385 11218 10701 4226 11155 10835 8454 7219 1633 1589 5705 9846 12904 13711 15698 21648 13722 17572 11434 4881 8594 21878 14489 9355 3702 11538 11958 11397 7085 4058 5849 17628 13863 3767 14588 4888 3012 13590 4609 20033 13990 12757 5463 1374 10540 7770 13313 13321 17133 3376 2296 12390 3651 11569 4059 6795 4672 15013 1184 7307 12675 8185 18476 2546 8374 9862 13375 9200 2990 14712 5079 6082 14295 9919 11865 13709 5242 6048 6289 16804 15529 6696 9543 16280 18316 19607 5621 12837 15788 14257 2078 6919 12193 10157 11809 3843 19730 13685 10162 16737 18795 13869 14777 6161 1992 7566 7678 18177 12427 7562 7083 10083 5551 12790 7616 16139 11783 6797 16909 12565 19803 8397 12037 6148 4658 8456 9508 4136 17044 16517 11734 11252 7738 12137 21589 5073 4640 18551 20156 19248 5129 19471 9724 18730 15236 14976 8829 14060 18059 6501 2697 4092 14258 14417 10216 14647 16759 8805 18612 3556 17965 9595 0 16669 9291 13943 18535 16774 3353 16925 19296 10186 10574 9116 8142 12131 10446 18487 18558 7870 6975 3558 13067 13503 16585 9303 14398 17823 10721 10191 1405 9270 5362 17908 6424 11293 13757 3078 15940 12406 22584 3167 13390 13587 10627 16754 15377 10255 3089 10997 15356 10956 14633 21793 13738 16667 16224 18895 9591 14446 12547 9204 8703 16816 12390 14203 5676 17776 12202 6040 971 16020 15178 12994 8094 838 13310 8016 10150 17494 17222 12975 7431 14605 11479 12726 11280 12953 2645 14528 20964 6991 12006 17455 2839 9280 7906 19104 11143 3681 6833 3922 7515 10841 11476 14187 9291 7177 2438 19832 16726 9987 23079 9926 18101 6383 12597 12729 3967 11566 11625 11782 9604 13829 5292 14335 12555 4936 12677 14676 5600 1792 5248 2156 15256 17113 18177 7471 5109 1842 10152 7375 18590 18629 5123 12750 9318 9517 13990 9528 3726 13579 6215 11330 13156 3066 12268 3454 5193 10090 11224 21139 15027 7742 5462
7878 1115 4711 16724 13245 12657 13566 10411 9902 3998 8042 10805 12906 12690 5338 1117 2700 6572 6076 4409 11256 18026 5938 17112 10502 5052 11702 14922 8555 7565 9546 18984 12028 15071 18089 15469 12028 3435 11980 8042 1470 12397 17262 15279 9802 15047 17858 13115 1603 13676 3675 8295 15489 14797 3745 15542 16525 14839 11359 9919 9729 9282 8543 1958 7004 9209 6505 14166 11101 11050 5602 15977 10151 9191 10664 16876 16614 8909 8533 12784 5519 18458 12245 9744 17227 17451 14734 8127 8033 7644 1140 11439 8879 7020 7975 17039 8271 11574 7261 11101 16303 10167 4802 7822 15450 17517 15161 13466 6861 15604 13171 17029 14278 11219 18388 10877 21083 16630 11207 16609 14176 9401 3667 20392 1709 14861 14469 5450 15467 8341 13509 11532 17417 13783 16287 16694 14969 9837 7998 15683 18482 8903 3550 9908 17485 8498 14465 17201 10782 17087 5192 6271 11651 10921 11759 6346 1140 16065 9521 10202 12431 7855 13549 4120 4441 19513 17195 11959 9607 16637 5091 12919 7012 18898 7768 6637 2196 10879 4664 12184 17467 12267 10139 2566 17949 9683 10147 12330 15730 8295 11664 7195 11923 9873 6143 5936 6536 18383 6707 10686 14888 17001 14680 13361 9078 3491 5637 6120 9028 4547 9908 11676 16952 7393 7205 3395 14825 5684 8924 6259 15447 4510 7871 5246 6153 10814 17788 12948 12187 15194 10723 16492 1173 17822 3039 15044 6396 9079 16669 0 10556 17533 2591 6957 17481 560 7080 6551 19358 13058 15822 7870 14793 6263 3357 16773 10181 13962 4879 8575 7376 11341 17514 5483 13964 10638 17194 11723 13675 1998 10282 5887 2998 15985 11376 9191 11685 13813 4021 7170 8699 298 11491 6416 15846 16752 12763 10464 14257 11439 3037 11468 13545 7550 8348 7594 4138 8448 12648 1700 4666 10085 18901 7644 8531 10665 17355 9200 7345 7844 8586 17146 20693 14430 7124 9913 4088 5837 13526 6087 5895 6564 7226 9668 17905 8983 9854 11099 4871 1038 16938 9466 16759 10768 18238 13077 11105 12748 10081 5848 10138 5230 7722 12026 17024 7534 5410 9105 11548 6790 12622 10500 4077 14111 16171 5854 5522 10420 7422 6870 11444 5038 14852 14436 14443 16687 12532 17550 11425 16029 10592 892 4871 9360 14637 16533 7986 9376 4613 2752 11548 6218 11185 7267 8069 10165 18171 3402 14410 5545 4004 14503 6368 15000 12011 6991 5594 11552 3787 9099 12669
4211 11504 8511 14605 5291 8182 17342 10091 3612 7473 14913 13592 17842 7808 14930 11292 8652 4042 13038 6444 20471 15190 7677 12048 19769 8581 2900 12110 12790 16114 6689 9310 11915 16419 18668 5372 10853 10746 10267 13412 9823 9715 7832 8841 904 17628 8673 10944 11703 5368 7467 17875 5401 12359 13440 5422 8932 6278 18507 13355 7158 12799 16542 12209 15039 17346 15229 15717 18534 2391 8113 5837 429 11933 16509 13431 18369 11165 10324 5329 6300 17146 1711 6947 10636 9200 11394 8875 12048 4716 9415 19907 4475 15029 2813 7259 6713 20106 5546 11271 11278 2265 7541 10429 12897 12324 11837 18664 12089 10759 16542 7246 8707 14682 8800 18692 20465 17346 5869 10057 14407 3321 8767 19706 11798 9768 7173 5109 10559 11041 8746 2527 7724 17175 8335 13873 16333 8781 16157 7139 15603 9759 8713 10043 8506 13830 4888 13407 14919 15793 5580 5229 7089 7103 8917 14120 9583 13063 1068 15959 18519 16754 10266 6578 7728 19840 10894 9821 12551 15681 5839 5997 16344 19165 8877 7918 12186 14672 11472 9302 8991 10723 8501 10947 17870 7570 7559 12816 12064 3694 1724 7175 13814 5303 14081 10079 16108 15563 3972 6680 10764 14803 14026 5165 15833 12301 8597 8428 4471 6804 19002 6640 12332 15866 16685 13878 11053 15433 9621 10133 18258 7020 6004 5986 14865 3445 8981 7838 15740 17594 1057 18466 11238 15507 11249 6138 14939 9634 9291 10556 0 18595 11400 14445 8334 10529 16138 6630 17459 12613 13857 11213 14739 9864 13571 14286 3496 8840 5724 12926 7589 11426 18869 9381 14395 11623 10474 11709 4228 12410 4970 4910 7762 10619 16405 12435 20537 6230 9348 4760 1940 10485 16093 6138 10507 16289 16815 12141 17199 19984 7698 16937 17823 9987 8792 13059 7552 2726 11984 11561 6028 14426 8998 8771 3103 5094 10246 15202 6186 4014 5702 10077 19849 12814 3906 16600 9238 4990 3126 12235 8507 4403 9744 13208 9144 13989 18641 8899 6040 11575 8021 9680 14301 18081 17220 7263 2662 6588 8178 6615 12335 6083 3989 10139 8300 16699 13536 10097 20705 6420 18492 6802 7219 15857 11349 4789 5234 12788 4100 5078 6498 11292 16184 10562 16022 18592 9129 9198 5693 10049 15483 11331 14225 4218 4997 8155 9122 6197 10526 13209 5787 10530 11309 4786 4871 10617 8925 7208 11500 7562 8939 9079 4311 9973 7820 7572 5619 19693 7415 6567 9151
20331 17149 20910 5668 15027 10991 5187 8670 14986 15069 11013 6729 6958 11460 15458 18530 15525 17996 12065 15971 15574 6597 21441 10265 15479 13131 16430 7507 9034 13445 11945 19001 6731 2483 899 18739 7744 14116 8352 9846 16179 9062 17761 12570 18770 3093 17428 7880 18921 15426 15525 15779 18720 7049 15727 18824 14284 15744 10796 7640 11470 8258 12427 16839 12740 12640 13839 3383 11331 16524 12937 19039 18577 8404 8849 7738 1320 8854 9491 14525 14603 4044 19039 11672 12698 15523 8346 10611 9502 20582 17343 13634 21406 12701 18697 18488 12283 13827 20962 7507 10299 20418 14100 9984 6862 10452 8120 7279 10744 10178 4979 18491 11605 6489 18532 12074 4176 1267 12945 12627 4189 15302 14360 3767 16610 10752 13921 17439 10307 9354 10868 16706 18415 4646 14850 6795 2586 9946 12748 15770 6659 9577 14515 8886 16897 9501 17381 8239 7172 4208 16194 19605 11773 11553 9778 12628 16805 7277 17987 8916 8869 14104 8949 16355 20065 2133 12230 8829 7936 3832 15840 13825 14971 1725 10830 22181 19417 6912 12974 9465 15934 7903 10140 20069 1952 11085 11042 5920 8395 20238 17766 22140 5663 13293 12876 11724 15477 6560 18251 11957 9377 5713 4719 15321 10509 14747 12607 12306 14205 15162 14846 12283 9579 13331 15332 17727 8909 15818 9656 23052 3200 19447 13115 19156 13871 15343 16640 11593 5784 2819 19612 1667 16715 5750 20557 16308 13579 9566 13943 17533 18595 0 20124 12094 17234 18073 14402 13358 5131 5982 5802 9723 3890 22938 16777 6242 15128 11125 17738 9041 22553 7309 524 22070 4224 7472 12906 6974 17075 17217 13657 16225 16268 10869 7599 8345 14693 14427 13736 20147 18453 17801 7094 13933 10854 2977 5877 7321 3918 13825 16320 8101 5846 24002 10544 10223 14811 16382 6612 16353 16375 7803 19594 23457 19876 13602 13554 9616 21548 20100 13111 13470 4147 6169 16050 10188 20788 18527 18953 11646 12442 18875 10738 7891 16585 8974 14070 9701 15861 17565 16636 9345 6200 11100 3544 12397 16276 12970 10451 13951 7503 19265 15318 8497 16295 14645 13342 9249 15506 13377 8482 11809 15268 3422 10013 16679 16274 7160 15429 20146 12347 12539 2716 9231 3094 1505 9799 15726 13219 11787 7856 17256 15047 14402 17525 15591 10534 12445 21818 17470 13170 11368 7451 14721 21095 8359 17666 16691 7928 13387 13930 11328 18206 10614 11094 12262 15403 12883 18949 12146 9835
7941 3163 3655 19208 14873 14797 16096 12877 11504 6100 10396 13395 15353 14777 7006 1667 5006 7383 8531 6094 12678 20477 5017 19329 11934 7494 13056 17320 11136 9517 11672 20350 14553 17662 20679 16623 14483 6017 14389 10576 3999 14730 18682 17256 10551 17618 19360 15522 1451 15257 5684 9674 16647 17224 5602 16687 18348 16415 13502 12505 11913 11870 10608 3803 9167 11190 8482 16756 13187 12366 7980 17119 10973 11778 13063 19258 19199 11480 11072 14477 7483 21004 13109 11899 19238 19168 17079 10565 10623 7573 3048 13189 8705 9189 8618 18341 10434 13293 6957 13621 18505 10497 7037 10382 17881 19727 17519 15872 9435 17809 15728 18329 16345 13793 19776 12871 23663 19219 13128 18610 16746 10945 6104 22968 3818 17013 16275 6467 17661 10916 15651 12828 18755 16332 18036 19126 17560 12208 10050 17291 20935 11395 5969 12388 19035 11022 15778 19557 13333 19622 6693 6411 13719 13039 14047 8629 3461 18471 10454 12628 14740 9640 15864 5698 3958 22103 19248 14329 12198 19184 6727 14712 8652 21487 10215 5525 1358 13445 7221 14488 19136 14700 12467 475 20531 11922 12364 14889 18068 8451 12757 6304 14513 11775 8403 8507 8074 20840 7430 12758 17156 19483 17219 14949 11401 5814 8084 8545 10798 6500 11463 13679 19217 9385 8738 4312 17129 7193 11405 4349 18007 4475 9918 5479 8169 12349 19386 15018 14747 17770 11329 19073 3515 20307 571 16550 8450 11555 18535 2591 11400 20124 0 9258 18986 2061 8858 8687 21882 15584 18303 10456 17359 4447 4813 19232 11754 16076 5783 11152 6327 13862 20102 3874 16538 13190 19183 14247 14997 3567 12112 7318 4858 18136 13849 11781 13266 15539 6552 7202 9462 2329 13998 8436 17996 19318 15287 13039 16821 13160 4861 13891 16040 5735 10772 10135 6297 9755 15154 3977 6159 12637 20178 6201 8839 12496 19285 11631 6791 7989 10581 19077 23266 16910 8542 12211 2781 6411 14503 8631 8330 7043 9758 12254 19517 11518 11556 13422 6529 2772 18491 11933 19220 12898 20794 15054 12471 14654 12376 7939 12723 5404 9305 14421 18626 9218 7690 11615 12988 8892 14960 12600 6089 16702 18394 7135 6965 13009 8990 6856 13443 7614 17442 16717 17034 19269 14795 19248 13304 18098 13096 2995 6748 11082 15936 18201 10451 11436 2533 3932 13433 8802 13705 9018 7866 12677 19661 4957 16787 7827 6482 16598 7094 17165 14152 9294 7312 13414 3988 11222 14924
13447 6108 11521 13322 14657 12112 7300 8209 12043 7228 1182 5956 6216 12392 3364 7602 6532 11357 1409 8438 6300 14811 12591 15541 5701 5869 14190 12441 3834 2027 9808 20599 8779 9879 12834 17996 9540 4133 9895 2596 6180 10779 18856 15084 14004 9166 19143 10838 7835 15178 7431 4549 18002 12106 3891 18085 16813 16199 4491 4999 9649 4687 2099 5480 848 2904 1846 9049 4333 13755 6391 18487 14152 5355 3864 14293 10937 5729 6098 14053 8153 14227 15846 9808 16664 18038 12660 6990 4002 13405 7414 5467 14606 815 12702 19006 8794 5670 13316 8112 14898 15043 6923 5377 12645 15943 12946 6653 2912 14264 7187 19000 13819 5695 19983 4320 16116 11516 11934 16155 9904 11835 5884 15536 5442 13903 15073 10253 14207 5273 12800 14204 19244 7678 16883 13749 9788 8590 1775 16839 15209 6924 5986 7702 18649 2744 16671 14773 4931 13090 9206 12024 11648 10854 10566 634 6845 13391 13408 3500 5487 2844 11849 8542 11024 14217 16439 10180 5298 12522 8854 13807 3215 13706 6719 13344 8176 5240 3050 10804 18226 9926 9096 9394 13078 9319 9767 8520 13578 13686 14827 13735 7266 11001 876 4564 3555 15091 11595 10888 13283 13588 10845 14889 2142 3473 5935 6231 10864 7818 4870 11961 15122 1786 3642 5844 13008 3743 7057 13214 9393 10788 9071 11120 1794 12952 18759 12687 6313 9386 15052 10718 5823 14317 9801 16608 1528 7193 16774 6957 14445 12094 9258 0 18789 7499 2680 7982 15337 9614 12535 4673 10538 13211 4929 13595 12343 13319 10057 3725 14005 8287 11924 12409 9622 7290 16727 8548 15955 5778 11570 9745 7638 14887 4835 4906 6168 14804 5188 12886 13075 7254 5154 8378 14767 12311 6484 6672 8311 5552 7717 4723 7050 14487 7233 2471 7072 11747 9521 5316 8957 4348 20784 14464 13673 11857 17126 2572 13616 13316 9737 16932 15890 11307 10552 2960 11003 11165 16712 2305 6086 11841 5568 4806 18821 3233 4338 9831 8702 6488 18140 7532 13566 3937 13867 13211 13668 13233 9269 7846 6120 11166 10531 10040 18056 3148 1569 6839 6479 8241 5701 10623 7514 8887 14665 10035 9509 6100 10369 12685 11796 3156 9714 12811 9247 10923 11338 18198 12272 15330 4293 6296 3003 11261 16860 17391 6671 9997 11553 5756 12348 4217 8185 9751 13921 7532 19467 8307 12155 6909 5605 13874 11339 13956 11585 7356 8901 5263 10067 9517 11489
12538 18176 16614 11753 4291 7135 18397 11256 7579 13604 18750 15163 19622 6723 20520 18444 14973 11810 17490 13083 25074 11468 15933 7357 24490 13586 5963 9743 15687 20778 8989 1887 12082 15880 16899 3478 10769 16284 10116 16783 16330 9086 763 4696 9218 17707 377 9899 18916 3822 13844 23076 3440 10219 19344 3492 2969 2676 21748 15481 9144 15219 20748 18679 19579 21504 20175 15565 21979 6665 12920 3302 8723 14240 19253 9795 17615 13556 12915 4835 12063 14189 7000 8981 4875 1916 8918 11813 15140 13042 16412 23940 12752 19555 10953 1763 10099 24166 13869 12044 7052 10371 13087 13506 10373 7358 9115 20454 15907 7066 17516 1775 5833 16317 1326 22391 17334 16029 6869 4725 13675 8089 14503 16670 18241 6516 3826 12550 6930 13808 6797 6234 1407 17989 2391 10655 15834 10403 20546 1950 11709 12076 14532 11606 388 17027 3446 9432 16947 13257 12355 13385 7221 7981 8820 18723 16360 10026 8938 18785 20988 21560 8614 13412 15740 17605 5356 9621 14693 13476 12404 4985 21534 17028 12071 16230 19474 16544 16434 8824 1466 10401 9888 18579 15761 9494 9072 12996 8867 12027 6634 15506 14633 7959 18791 14333 21517 11735 11850 7907 7873 11804 12706 4137 19359 17971 13245 12814 8530 12980 23659 6852 7988 20524 21945 20405 8345 21072 11924 18401 18354 14960 10063 13957 19874 6673 904 6458 17088 17543 9030 17861 17789 12158 18962 2441 19825 11821 3353 17481 8334 17234 18986 18789 0 17639 21155 11400 13914 12129 11446 14305 13640 18138 19828 11217 7301 6381 13244 15841 15923 12037 17678 17590 13831 12825 4640 12073 4137 18983 7433 11694 14485 6409 18610 14838 24815 3987 14745 13046 10066 17511 18084 11296 6406 14309 18212 13581 17669 24070 14449 19315 19127 18318 11579 16621 13537 9239 11650 17940 12896 16762 2367 17105 11435 7086 4022 18399 14517 12332 9317 4016 16653 11202 10454 19899 17242 12872 5631 16523 13017 12452 13223 15466 1068 16920 23092 9421 12621 18379 667 11574 11252 21518 14495 5752 6532 5588 9649 11920 14055 14074 9766 9924 939 21712 18498 12270 25233 11119 20809 8173 13462 15810 7312 11851 12055 14412 10071 13343 7003 16047 15707 8080 15790 17902 8285 1745 6542 5479 17853 18062 19769 8166 3347 1660 12134 8851 18589 19752 6456 14607 12022 10235 13202 12028 697 14160 9390 12608 14441 6027 12141 6636 7475 11619 11888 23494 15173 9311 8172
7660 1522 4257 17189 13429 12993 14125 10865 10069 4287 8591 11346 13465 13009 5759 806 3059 6509 6633 4559 11656 18477 5522 17477 10902 5489 11807 15350 9105 8052 9872 19107 12511 15608 18623 15533 12479 3987 12411 8601 1944 12799 17397 15566 9750 15600 18015 13546 1287 13848 3925 8677 15554 15237 4189 15604 16769 15011 11883 10466 10075 9825 9052 2354 7525 9705 6993 14702 11616 11144 6012 16039 10118 9718 11218 17299 17161 9420 9023 12985 5773 18954 12230 10080 17527 17666 15143 8567 8576 7397 1233 11899 8622 7543 7885 17143 8606 12029 6966 11582 16662 10022 5150 8325 15891 17879 15574 14022 7414 15964 13727 17132 14592 11771 18516 11378 21602 17161 11471 16905 14687 9550 4097 20908 2171 15203 14705 5424 15823 8856 13846 11622 17531 14340 16509 17137 15506 10252 8504 15865 18933 9369 3971 10368 17654 9057 14567 17615 11339 17577 5297 6052 11962 11247 12144 6884 1471 16497 9511 10758 12977 8312 13945 4230 4067 20046 17507 12375 10143 17133 5235 13148 7439 19428 8212 6201 1870 11433 5222 12575 17669 12708 10537 2011 18470 10048 10505 12833 16136 8101 11703 6798 12455 10128 6677 6447 6939 18836 6624 10996 15268 17465 15171 13534 9624 4028 6077 6551 9241 4788 10329 11967 17333 7886 7611 3606 15218 6074 9384 5726 16002 4221 8166 5030 6647 10966 17970 13262 12743 15746 10642 17041 1685 18287 2488 15198 6897 9537 16925 560 10529 18073 2061 7499 17639 0 7534 6871 19842 13542 16285 8395 15301 5739 3699 17227 10341 14290 4813 9127 6956 11822 18057 4974 14478 11136 17487 12206 13778 2313 10516 5979 3179 16327 11935 9729 12116 14025 4503 6939 8643 272 12050 6695 16188 17260 13322 10979 14811 11894 3206 12025 14105 7032 8782 8153 4451 8527 13122 2208 4760 10642 19001 7170 8371 10901 17630 9757 7005 7643 8866 17422 21206 14892 7224 10457 3591 5708 13542 6646 6330 6423 7711 10214 18092 9542 10303 11496 5019 1304 17107 9920 17214 11290 18740 13361 11212 13011 10467 6148 10663 5000 7874 12452 17206 7971 5946 9580 11952 7099 13171 10819 4334 14651 16537 5904 5614 10951 7567 6627 11733 5591 15387 14821 14982 17236 12909 17759 11677 16346 11152 1298 5331 9559 14736 16733 8438 9680 4061 3002 11802 6741 11665 7465 7800 10641 18326 3488 14830 5915 4456 14826 6282 15346 12346 7374 5769 12032 3523 9422 13043
14513 6013 11786 15977 16948 14654 9369 10844 14119 8680 3477 8573 7953 14909 1858 7350 7653 12665 3720 9802 4365 17470 13014 18201 3642 7782 16246 15119 6513 980 12174 22927 11459 12314 15188 20110 12208 5394 12545 5267 6844 13408 21171 17625 15590 11373 21515 13506 7418 17460 8755 1934 20119 14786 3345 20196 19313 18524 4971 7637 12067 7359 2162 5195 1844 2465 980 11525 4545 15749 8397 20611 15804 8033 5666 16973 13180 8383 8696 16359 9889 16789 17652 12208 19258 20509 15329 9454 6666 14382 7881 4367 15620 1881 14077 21251 11067 4495 14143 10788 17546 16421 8650 7938 15324 18604 15621 8158 5485 16904 9425 21244 16376 8185 22309 4094 18505 13936 14287 18734 12513 13836 7371 17961 5373 16510 17506 11504 16841 7903 15371 16217 21520 9828 19340 16423 12228 11137 1702 19208 17863 9502 7428 10327 21037 5365 18837 17453 7360 15694 10642 12975 14110 13306 13153 2502 7396 16070 15075 5503 6655 784 14494 9794 11493 16535 19049 12813 7973 15118 10337 16174 571 16064 9152 13718 7576 7720 4802 13412 20673 12590 11633 9118 15532 11768 12234 11185 16253 14833 16731 14257 9875 13253 2387 6822 1131 17745 12876 13299 15933 16242 13487 17161 3905 3959 7999 8382 12964 9339 2920 14387 17791 1071 973 4717 15668 1817 9627 13134 11502 11445 11222 11989 1300 15056 21179 15204 8648 11618 16620 12926 5922 16960 9428 18902 1334 9770 19296 7080 16138 14402 8858 2680 21155 7534 0 10005 17918 12287 15200 7289 13140 13187 4049 16261 14423 15889 11165 6401 14453 10964 14179 12473 12226 9969 19312 11228 18093 5334 13810 11265 8713 17514 6858 7585 4636 17172 6821 13874 14580 7347 7315 10306 17392 14862 8591 9351 10518 4360 8790 6511 8951 14490 9708 5149 8587 13526 12200 5407 10287 6854 23064 14703 14921 14124 19690 4808 14323 14421 11933 19493 18323 13983 12242 4388 11114 12267 18646 4690 8199 12986 8019 7455 21250 5819 2775 12412 10151 6286 20516 10126 16232 4371 16410 15684 15693 15655 11781 9718 8798 12007 12386 12686 20459 569 2685 9446 4624 10281 6977 13039 8947 11340 17317 11475 10975 8764 12180 13622 14207 5132 12167 15459 11696 13130 13938 20661 14613 17926 6556 6236 2210 13363 19025 19814 9145 12307 11352 4944 14699 6570 10861 11645 14863 10186 21841 9377 14828 8837 7218 16449 12581 16571 14103 9565 10519 4556 10704 11844 14089
7045 7006 8008 10976 7113 6124 11067 4850 4114 2593 8333 7377 11344 6140 9165 7640 3856 4678 6579 2889 14199 12094 8259 10642 13540 2233 6246 8835 6213 9806 3001 13080 6799 10942 13664 10105 6281 4891 6008 6781 5189 6153 11319 8741 6359 11728 11772 7096 8134 7602 3004 11875 10114 8820 7944 10191 10077 8725 11889 6951 3227 6338 10074 7389 8659 10876 9041 10109 11936 5779 1611 10607 6399 5581 9890 10715 12819 4867 4060 6569 1354 13119 7907 3215 10679 11095 8491 2756 5461 7253 5682 13435 8172 8643 5604 11307 1747 13643 7604 5915 9819 7722 1773 3941 9477 11040 8946 12146 5468 9122 10340 11299 7727 8356 12465 12132 16160 12212 4740 10063 9335 3858 3142 15413 6955 8337 8061 4091 8975 4603 6979 6235 11607 10996 9913 10704 10844 3811 9742 9497 12554 3789 3194 4517 11339 7203 8845 10966 8458 11689 2876 6250 5100 4376 5414 7745 5423 9988 5662 9338 11906 10522 7245 3327 7069 15009 10644 5834 6203 11364 2557 6556 10316 14338 2586 8960 8727 8269 5203 5868 11165 6393 3936 8406 13168 3263 3687 7471 9461 7030 6850 8824 7926 3472 7752 3479 10221 12471 4940 4135 8486 11238 9421 7292 9222 6579 2047 1803 2968 2236 12735 5142 10542 9551 10706 9090 8488 9713 3703 10218 12308 6340 1365 5873 8705 5053 11568 6397 9449 11758 7390 12832 6573 12057 8886 9039 8714 3793 10186 6551 6630 13358 8687 7982 11400 6871 10005 0 13815 7765 10079 4662 9844 10048 8454 10897 4418 7419 4458 6342 9251 6138 13512 9213 9217 5893 10649 6513 8093 7726 3970 2871 3841 9462 9856 6004 14145 7514 3349 6802 5640 6671 9597 591 9322 11718 10453 6172 11158 13528 3848 10352 11448 10940 2815 6431 2420 3908 7205 6640 3162 7908 13147 10231 6767 4330 10831 8572 8193 6828 2115 10622 15651 8728 2978 9976 8152 5171 8730 5703 1908 5530 3189 6770 11667 7381 12286 4852 2633 7282 10798 4040 10892 11479 13018 6548 5704 6270 3781 760 6194 5990 2642 5995 10814 10573 7322 4126 14406 282 11894 3950 2602 10177 9708 3323 2921 6634 2559 6789 4914 4907 10700 8059 10422 12991 6131 11213 4999 9479 8927 6936 8416 3364 9033 10249 2880 2832 9425 8459 5113 3913 5984 1845 7778 5011 12096 3921 8261 1210 3043 7956 4863 8485 5478 1117 2057 13163 6008 2552 6255
20147 19256 21817 2904 12875 9277 9615 9074 13978 16092 14444 9386 11456 9665 18585 20449 16926 18004 14882 16691 19886 2466 22039 6557 19670 14411 14825 5363 11661 17039 11465 15477 7331 5937 4324 16163 7541 16178 7832 12787 17899 7968 14562 9644 17870 7676 14021 6820 20900 13142 16559 19554 16136 5179 18455 16237 10987 13097 15171 10357 11027 10779 16209 19155 16110 16596 17179 6537 15667 15130 13997 16350 17560 10446 12857 4248 6284 10531 10826 12525 15168 1197 17440 11169 9055 12036 6067 11394 11837 20499 18879 18034 21072 16071 18330 15435 12289 18245 21049 8261 6953 19572 15081 11562 4586 6577 5634 11961 13212 7162 9079 15441 9104 9762 15110 16378 3425 4632 11602 9202 5449 14450 15789 2802 18839 8045 11317 17765 7347 11118 8775 15165 15246 9021 11672 3610 5994 10005 16409 12855 2208 10498 15929 9526 13539 12593 14972 4511 10622 2296 16647 19810 10393 10538 8803 15750 18423 4414 17121 12753 13401 17793 7214 17122 20884 4234 8569 8095 10240 2825 16359 11782 18484 3905 11722 22712 21459 10226 15277 8355 12483 7427 9936 21720 3186 10780 10519 7107 5505 19919 16240 22467 8074 12434 15973 13458 18886 2178 18231 10969 6803 2677 4699 13138 14234 17240 13824 13393 13559 15964 18951 10823 5940 16873 18889 20375 6450 19034 10501 24027 8032 20153 13083 19616 17114 14016 13167 9668 9537 7384 18516 6652 18786 1957 22220 13635 16864 10357 10574 19358 17459 5131 21882 15337 13914 19842 17918 13815 0 6300 3762 11675 4808 23862 19445 3173 14020 8797 18230 11732 22914 8020 5647 23021 5723 8749 9288 7636 14884 19551 12602 16461 17391 7655 11627 10679 19105 12065 15340 20149 17858 19584 11023 14302 7701 3100 10093 9057 8304 18221 17423 12275 10403 24743 11220 13042 15849 15812 6738 18539 16975 11070 16170 23967 19449 12408 9927 13187 21707 19898 12789 9908 2744 5088 15908 14146 21904 18771 16968 14198 13592 18931 12132 10570 13072 12112 18178 9125 16447 19652 13412 9998 3159 15356 1677 10349 14859 11020 10158 14540 9506 19739 15027 7873 13012 18271 16259 10267 19867 13729 13037 10931 16215 6774 6736 16901 16619 9377 15230 20237 10976 14779 6002 6927 6449 6542 8398 12229 11766 8556 11553 19308 18034 13619 15075 12394 11465 11928 23111 19980 11673 13251 8177 14644 20958 9206 14199 17641 5981 14283 15401 8745 18282 7853 9665 12886 15811 17313 19813 11817 8352
14536 12973 15678 3794 9282 5259 6351 2915 9004 9874 8933 3914 7803 5732 12661 14150 10644 12252 8907 10574 15044 5242 16017 6460 14669 8129 10491 3076 5783 11513 5986 13995 1031 3955 6088 13083 1762 9909 2390 7021 11599 3226 12533 7486 12804 5610 12388 2230 14603 9726 10343 14089 13068 2640 12339 13172 9356 10225 10745 4720 5510 4928 10913 12907 10443 11470 11441 3471 11131 10555 7748 13433 12600 4351 8162 4735 5873 4293 4528 8735 9092 5444 13081 5706 8318 10677 3611 5170 5777 14825 12590 13426 15570 10406 12832 13123 6456 13655 15276 1965 6044 14465 8863 5277 3081 6815 3712 8585 7137 5593 5485 13123 6296 4817 13455 11734 8395 4733 7006 8013 1803 9327 9499 7649 12576 5741 8474 11833 5631 4879 5364 10754 13135 5897 9769 4136 3885 4079 10979 10425 5664 4224 9641 3294 11842 6959 11680 5249 5650 4041 10640 13961 5873 5586 3850 9920 12127 3838 12021 7851 9467 12319 3520 10992 14769 7347 7942 2890 4316 3639 10319 8079 12828 6668 5477 16724 15165 5199 9075 3599 11025 1956 4200 15429 5439 5143 5068 1156 4301 14398 11806 16574 2848 7311 10118 7169 13137 5551 12499 5983 4566 4070 1669 9580 9031 11060 7546 7131 8244 9809 13873 6388 5898 11309 13254 14202 4136 13150 4242 17878 6265 14074 7290 13637 11310 9375 11705 5920 5262 5472 13634 6034 12502 4861 15929 10781 11098 4107 9116 13058 12613 5982 15584 9614 12129 13542 12287 7765 6300 0 2948 5469 2151 17729 13290 4000 9147 5750 12223 5888 17007 1724 6273 16875 1839 2496 8467 1337 11290 13303 7677 10561 11160 6332 7168 4719 14457 8807 9040 14420 12532 13284 6556 8302 6255 3954 6308 2963 5541 13596 11197 7909 7130 18680 5026 7172 9625 10451 630 12271 10908 5808 14477 17996 14004 7633 9042 7930 15898 14297 7198 8897 7893 1705 10230 9224 15704 12891 13071 8119 7322 13159 5832 4867 11692 6571 13143 3719 10379 13366 11481 3777 3973 10724 5287 6729 10312 7222 4501 8445 3498 13754 9442 2549 11209 12719 10286 3976 15099 7727 9203 5829 10019 3701 5758 11014 10664 3535 9582 14456 6427 8569 3743 4207 3726 6127 4026 10875 7297 7096 6677 13019 12045 8428 11838 10476 5207 6487 16876 13771 7260 6987 1883 8906 15322 2918 12669 11458 3048 8078 9106 6119 12492 5679 5237 6748 9815 12803 13674 6217 4099
16402 15809 18087 906 9597 5734 8291 5428 10316 12411 11807 6702 9988 6163 15608 16928 13312 14245 11854 12963 17775 2295 18285 4563 17444 10809 11340 1836 8714 14404 7710 13200 3905 4894 5461 13156 3840 12773 4079 9938 14354 4231 11992 6814 14217 6894 11632 3061 17392 9936 12876 16975 13134 1502 15274 13237 8488 10107 13303 7583 7269 7848 13746 15785 13357 14261 14369 4962 13733 11579 10353 13415 13930 7299 10772 2192 6331 7213 7359 9168 11433 3289 13978 7414 6920 9721 2669 7748 8725 16748 15273 16075 17344 13320 14597 12752 8531 16300 17291 4779 4509 15917 11405 8142 1090 4810 2362 10681 10084 4381 7521 12756 5956 7428 12737 14379 6614 4636 7990 6827 3095 10762 12199 5859 15441 5017 8276 14006 4516 7795 5382 11662 12654 7739 9070 1336 4885 6270 13846 10049 2722 6919 12333 5917 11104 9848 11856 2748 8302 1972 12896 16049 6769 6834 5066 12857 14843 1511 13456 10529 11817 15202 3607 13397 17148 6298 6461 4334 7245 2047 12614 8434 15747 5672 8091 18954 17964 7858 11991 4628 10134 3687 6180 18116 4367 7018 6762 4015 2593 16186 12742 18706 5477 8728 13058 10014 16070 2612 14473 7267 3643 1180 1898 9879 11823 13980 10219 9766 9833 12251 16665 7230 3887 14207 16170 17120 3192 16096 6901 20297 7471 16409 9322 15859 14247 10433 10839 6221 7602 6659 14911 6625 15335 2005 18615 10667 14030 6748 8142 15822 13857 5802 18303 12535 11446 16285 15200 10079 3762 2948 0 8397 2691 20127 16216 1061 10380 5533 14477 8814 19153 4548 6263 19292 3375 5425 7122 4192 11651 16181 8935 12701 13715 5068 9664 7657 17126 8887 11806 16393 14151 16034 9037 10554 5054 2864 8484 5908 7172 16251 13743 10390 9119 20993 7557 10107 12174 12091 3210 15131 13234 8570 13801 20207 15726 8769 7766 10726 17948 16155 9032 7676 5992 1392 12151 11930 18199 15009 13657 11065 9976 15172 8625 7751 10783 9433 15919 5364 12707 16193 10858 6370 1031 13352 3387 6975 11312 7614 6397 10812 6436 15983 11276 4114 10508 15619 13234 6727 17809 9984 11506 7212 12521 5245 4219 13140 12862 6436 11474 16478 7361 11483 4797 3586 5064 6628 4731 9924 8188 5986 9321 15842 14992 9913 11984 9812 7852 8178 19428 16673 8108 9870 4695 10883 17211 5677 11866 13936 2395 10603 11829 5644 14521 4863 6038 9181 12060 15414 16085 8057 4706
11505 7627 11272 9261 10321 7463 6525 3558 8180 5537 4454 3074 6682 7766 7328 8913 5818 9150 3630 6606 10829 10687 11933 10935 10292 3552 10276 7981 1582 6699 5459 16151 4493 7244 10238 13891 4994 4537 5273 2486 6476 6119 14436 10430 11005 7516 14646 6281 9336 10845 5963 9202 13891 7706 6879 13982 12189 11790 7601 2393 5207 1733 6484 7483 5515 7217 6350 6341 7759 9974 3569 14357 11015 1325 5346 9906 8905 1187 1431 9703 5531 10699 12337 5394 11991 13438 8101 2579 874 11635 7621 9636 12667 5484 10220 14683 4716 9862 11837 3669 10263 12383 4671 834 8300 11341 8425 7484 1813 9617 5879 14679 9158 3833 15541 8113 13216 8771 7545 11484 6346 8137 4663 12531 7176 9231 10525 8314 9553 629 8133 10369 14876 6538 12299 9485 7141 3955 6346 12362 11119 2269 4818 3038 14137 2785 12503 10346 3815 9380 7054 10447 7094 6324 5895 4793 7088 9016 10288 4808 7329 7517 7212 6928 10477 11659 11769 5525 1816 8886 6669 9364 7775 11036 2432 12695 9871 3670 3610 6132 13648 5356 4469 10372 10081 4825 5232 4568 9054 11564 11172 12781 4070 6832 4943 2004 7969 11009 9414 6423 8654 9538 6980 10576 5076 5591 3130 3017 7019 5791 9458 7454 10554 6459 8209 8733 8406 7847 2410 13372 8022 9931 5264 9813 6144 8992 14209 8059 4928 7608 12026 8833 7166 10330 10865 12240 5991 2536 12131 7870 11213 9723 10456 4673 14305 8395 7289 4662 11675 5469 8397 0 6976 13273 7822 9429 8455 8651 8444 1724 13160 3882 9749 12405 6119 2974 12055 4214 11847 7877 7402 7314 6635 10226 5200 1472 10516 10348 4014 11144 10301 8126 4937 5227 10104 8924 5854 2631 6826 9765 6694 5725 6831 14387 2778 2325 5285 8521 5209 6883 7083 3246 16399 13956 11359 7626 12459 4197 12335 11309 5762 12266 12838 7057 7636 5692 11092 9399 12941 2732 3056 9905 1476 2178 14260 2821 8841 5163 6623 8033 13645 2862 9407 7293 10441 8628 9829 8717 4673 4954 2269 9906 7255 5406 13528 7796 4957 2166 10967 4831 7284 6156 5777 6314 10040 7731 7237 2566 7209 11061 7313 3107 7017 8178 6631 9017 6666 13603 7897 10657 4274 7700 6666 7388 12690 12842 2265 5756 12096 8312 7954 1655 3751 6474 12172 2934 14968 7129 7626 4125 4229 9204 9269 9287 6961 3644 6400 9208 9364 5264 6816
16676 14602 17676 3138 11173 7128 5609 5012 11127 11835 9675 4583 7337 7600 13777 15861 12503 14381 10078 12605 15364 4597 18071 7166 15085 10006 12540 3956 6857 12279 8134 15461 3046 2281 3939 14921 3892 11512 4475 7980 13360 5175 14114 8944 14946 4245 13864 4008 16295 11587 12303 14818 14903 3461 13671 15008 10745 11969 10777 5550 7658 5975 11504 14447 11321 11946 12383 2273 11233 12640 9690 15240 14735 5702 8311 4882 3993 5886 6317 10657 11152 3748 15152 7853 9391 12034 4742 7175 7063 16958 14419 13595 17716 11282 14981 14785 8594 13816 17395 3937 6985 16611 10832 6977 3505 7446 4628 8008 8433 6712 4862 14787 7879 5056 14957 11907 6370 2625 9055 9208 643 11464 11340 5645 14150 7125 10164 13928 6806 6460 7067 12817 14748 5051 11249 4008 2253 6220 11669 12063 4912 6177 11488 5330 13323 7795 13546 5439 5934 2554 12718 16069 7884 7672 5889 10943 13927 4140 14164 8131 9201 13049 5142 13014 16783 5201 8957 4944 5450 1985 12386 9968 13703 4523 7452 18788 16838 5513 10544 5576 12420 4023 6352 17236 3324 7294 7210 2479 5056 16544 13879 18666 3272 9439 11166 8857 14091 4791 14629 8080 5790 3353 938 11468 9538 12484 9438 9061 10391 11822 14333 8394 6510 12105 14113 15608 5318 14227 6221 19864 4849 16109 9429 15713 12311 11460 13120 7748 5043 4028 15765 4224 14139 3933 17735 12532 12064 6102 10446 14793 14739 3890 17359 10538 13640 15301 13140 9844 4808 2151 2691 6976 0 19725 14672 3605 11260 7369 14294 6925 19095 3708 4230 18865 916 4185 9574 3331 13213 14841 9785 12668 13101 7445 7143 5890 14658 10610 10815 16547 14683 15036 6517 10394 7402 1960 5846 4347 4482 13776 13142 7848 6438 20710 7058 8235 11582 12602 2774 13859 12962 6319 16006 20063 16153 9720 10198 8466 18010 16438 9349 10084 5923 2437 12371 9539 17657 14996 15069 9415 9233 15283 7633 5762 13083 7324 13571 5840 12435 15006 13016 5812 3565 10876 3465 8557 12391 9110 6651 10500 4748 15828 11591 4614 12703 13510 11454 5887 15375 9823 8877 7940 11999 2555 6688 13122 12757 4584 11727 16575 8457 10054 2148 5560 2378 4274 5922 12237 9329 8317 6916 14670 13228 10568 13694 11981 7168 8634 18788 15235 9281 8600 3865 11045 17458 4876 14123 13441 4250 10065 10929 7635 14614 7015 7208 8795 11900 12909 15679 8368 5966
5687 7224 2050 21023 14494 15611 19493 14834 11362 7898 14271 16345 19020 15457 11357 5837 7469 6567 12246 7172 17114 22108 2208 20167 16367 9808 12273 18827 14309 13766 12674 19174 16725 20457 23374 15215 16322 9398 16053 14034 7167 16116 17678 17530 8962 20760 18490 17126 5813 14756 7433 14108 15246 18846 9859 15259 18209 15836 17620 15572 13042 14903 14787 8005 13264 15428 12710 19565 17355 11578 10046 15661 9453 14566 16845 20646 22175 14084 13480 14261 8694 23139 11431 12953 19514 18759 18404 12563 13672 5188 5897 17548 5892 13281 7190 17122 11646 17663 4360 15802 19328 8212 8895 12954 19499 20532 18870 19627 12716 18666 18996 17109 16886 16968 18663 17105 26092 21899 13516 18884 19165 10755 8611 25357 7893 17750 16197 6311 18490 13591 16428 11958 17588 19636 17742 20713 20354 13859 14237 16731 22568 13548 8456 14435 18275 14511 14714 20839 16667 21713 7269 4794 14417 13907 15326 12605 6481 19971 9201 16360 18665 13970 17137 6744 2980 24770 19634 15854 15089 21361 7524 14698 13027 24117 12274 2016 5804 16689 10680 15791 18624 16441 13965 4105 23026 13199 13547 17268 19333 6232 11516 2894 17283 12237 12405 11276 12471 22489 6450 13535 18226 21284 19397 14481 15317 9753 10341 10678 11083 7920 15873 14219 20206 13609 13141 8753 18314 11590 13509 277 21229 3741 10913 4485 12371 11987 18715 15639 18010 20869 9394 22106 7424 22101 3897 15818 12629 13634 18487 6263 9864 22938 4447 13211 18138 5739 13187 10048 23862 17729 20127 13273 19725 0 9184 20930 11528 16757 5729 14363 2635 16039 22999 868 19005 15582 19409 16425 14001 7853 12385 7591 6670 18826 17461 14722 17675 15326 9292 5105 8073 5970 17505 9582 18691 21651 18717 15627 20026 17529 6619 17622 19568 1304 12703 13575 8153 9287 17202 7947 6897 15977 18838 1945 6795 12737 19360 15361 3811 5862 11379 19164 25615 18774 8501 16159 2237 5538 12910 12097 10522 5768 12204 15329 18868 14957 15926 14846 7422 6913 17763 13952 20927 17029 23013 15441 11766 14898 13779 9322 15439 4355 9429 16033 17992 13583 11672 13840 17422 10147 18841 13456 7726 19563 19283 7201 7359 15802 9143 4797 13990 10950 20222 17848 19865 22290 15955 18794 13581 18568 16624 7010 11014 11233 14837 17725 12557 12296 1935 8331 13713 11684 15879 9519 5185 14854 18755 6285 18234 9661 9045 17203 6226 17932 15007 10993 8098 17725 4055 12257 16058
11204 2245 7921 17082 15537 14170 12189 11086 12338 6318 6110 10227 11140 14306 2193 3365 4991 9717 4714 7157 7981 18502 9214 18324 7227 6379 14321 15672 7867 4758 11230 21457 12310 14434 17455 18183 12666 3715 12798 6932 3748 13442 19703 17018 12884 13968 20203 13897 3381 16012 6189 4987 18199 15447 1056 18262 18482 17153 8821 9252 11283 8730 5903 1419 4610 6425 3763 13555 8464 13721 7049 18694 13188 9001 8781 17629 15691 9003 8933 15011 7815 18420 15216 11359 18864 19538 15664 9076 7611 10988 4383 8379 12227 4639 11145 19600 9965 8487 10618 11457 17568 13407 6741 8123 16064 18736 16040 11540 6239 16879 11997 19591 15883 10287 20846 8098 20655 16064 13169 18276 14030 11918 5325 20024 1788 16277 16497 8554 16773 8421 14986 14207 19938 12530 18355 17273 14336 10897 5347 17943 18937 9553 5297 10544 19781 7282 17059 18033 9641 17151 8014 9604 13343 12552 12959 4311 4055 16757 12511 8429 10241 4829 14604 6994 7765 18867 18752 12913 9224 16630 7807 15008 3846 18312 8712 9875 3529 9868 4230 13323 19618 12983 11310 5090 17545 11113 11602 12354 16652 11601 14496 10495 11498 11926 4059 6360 3290 18827 9882 12414 16029 17359 14772 15698 7004 2239 6846 7342 11306 6987 6695 13485 18047 4653 3962 950 15871 2410 9628 9118 14247 7867 9814 8581 3495 13285 20020 14589 11069 14167 13854 15502 2375 18151 5384 17434 3801 9789 18558 3357 13571 16777 4813 4929 19828 3699 4049 8454 19445 13290 16216 7822 14672 9184 0 17242 12635 15481 8062 7826 10642 11680 16658 8504 13774 10796 18869 12026 16276 1387 12418 8707 5809 17373 9756 8783 8495 15968 5168 10507 11800 3571 10037 8533 17238 16573 11369 10397 13123 8353 5874 9645 11975 10487 9332 6572 6340 11220 13016 2010 7545 8983 21461 10780 11799 12782 19128 7485 10692 11156 10566 18920 20359 14865 9872 7743 7186 9090 16404 5260 7109 9824 7804 9012 20120 7810 6749 12231 7592 2395 19238 10189 17220 8212 18121 14880 13731 14678 11348 7908 9939 8571 10285 12891 19265 4408 3471 9644 8281 8730 10504 12186 6514 13436 17389 8784 8361 10090 10017 10214 13269 4739 14242 15554 13791 15706 13767 19661 13444 17583 9151 2465 2036 11681 17240 18702 8836 11196 7321 901 13554 6398 11541 9676 11421 10625 20525 6386 15248 7262 5419 16045 9553 16384 13546 8475 8180 8604 7142 10816 13915
17028 16790 18899 574 9769 6104 9209 6362 10811 13288 12868 7759 10941 6495 16660 17883 14231 14926 12907 13786 18816 1263 19045 4035 18492 11741 11665 2202 9773 15464 8385 12906 4937 5692 5764 13182 4749 13771 4896 10999 15303 4873 11809 6710 14700 7696 11373 3804 18351 10064 13749 18036 13157 2088 16308 13260 8248 10112 14317 8644 7964 8909 14803 16786 14418 15312 15429 5867 14754 11959 11262 13406 14387 8349 11800 1497 6942 8243 8357 9392 12249 3041 14287 8091 6512 9418 2896 8667 9775 17391 16194 17102 17932 14381 15198 12621 9293 17326 17964 5789 4169 16402 12287 9148 1449 4210 2473 11612 11131 4208 8467 12626 6024 8466 12478 15407 6352 5179 8430 6512 4076 11292 13133 5625 16436 5000 8299 14749 4375 8822 5620 12001 12483 8644 8881 565 5696 7108 14905 9961 1711 7878 13264 6868 10859 10909 11937 2004 9342 2069 13674 16753 7223 7394 5701 13916 15776 1276 13954 11568 12794 16262 4049 14223 17951 6388 6033 5078 8304 2418 13406 8650 16807 5817 9017 19698 18927 8900 13014 5243 9848 4545 6966 19034 4578 7753 7453 5076 2436 16785 13078 19415 6525 9287 14116 11008 17129 1610 15146 7823 3690 591 2905 10039 12875 15005 11151 10687 10426 13096 17715 7650 3350 15268 17231 18141 3304 17150 7850 21107 8240 17199 10061 16611 15305 10842 10550 6506 8600 7444 15343 7261 16315 1228 19531 10664 15089 7695 7870 16773 14286 6242 19232 13595 11217 17227 16261 10897 3173 4000 1061 9429 3605 20930 17242 0 10849 5676 15246 9873 19866 5563 6736 20103 4365 6462 6729 5217 11800 17181 9439 13442 14593 4813 10677 8714 18157 8994 12765 17056 14706 16979 10049 11348 4828 3271 9446 6962 8044 17280 14618 11397 10038 21762 8464 11165 13055 12671 4226 16124 14033 9622 13545 20941 16305 9238 7381 11780 18630 16778 9714 7317 5693 2379 12823 12971 19042 15729 13860 12109 10903 15855 9604 8812 10479 10492 16968 6095 13511 17170 10661 7308 43 14379 3291 7205 11688 7870 7155 11641 7493 16736 11928 4902 10287 16680 14285 7704 18847 10784 12476 7799 13385 6148 3904 13873 13621 7497 12143 17157 7804 12505 5625 3770 5937 7238 5244 9619 8593 5743 10357 16817 16041 10471 12052 9620 8789 8833 20290 17686 8500 10879 5705 11586 17841 6665 11586 14786 2823 11484 12772 5680 15213 4820 6496 10043 12839 16435 16903 8758 5191
6521 10895 9755 11146 3121 4772 14184 6746 305 6343 12585 10463 14867 4443 13541 11147 7707 4961 10953 5783 18599 11803 9359 8964 17948 6647 1850 8658 10025 14208 3342 8839 8492 12998 15182 5687 7384 9242 6784 10846 9055 6219 7098 6040 3852 14300 7678 7449 11621 3512 6557 16290 5695 8887 12242 5773 6723 4674 16012 10364 3786 9876 14418 11431 13049 15215 13459 12330 16119 1540 6028 6189 3549 8942 13796 10080 14948 8166 7345 2770 4821 13669 4045 3566 8003 7432 7974 5924 9326 6964 9112 17759 7249 13031 4654 6967 3739 17973 7684 7909 8151 5553 5938 7627 9441 9286 8427 15706 9667 7563 13353 6958 5582 11599 8233 16382 16980 13874 2424 7378 10947 812 7351 16221 10994 6580 4679 5438 7369 8158 5420 1914 7304 13966 6328 10459 12915 5453 14114 5541 12229 6664 7358 6773 7314 11210 4449 10107 11946 12306 5075 6777 3627 3608 5421 12141 9062 9649 3115 13262 15756 14935 6808 6120 8816 16345 8154 6330 9536 12186 5106 3171 14732 15671 6024 9835 12184 11650 9622 5807 7384 7239 5114 11365 14375 4219 4135 9415 8704 6168 2794 9303 10533 1868 12158 7783 14623 12182 5087 3187 7426 11352 10534 3200 13396 10921 6442 6112 1480 5701 17138 3212 9153 13953 15119 13160 7673 14084 6514 11767 14941 8005 3282 7085 13124 650 7642 4523 12614 14247 4542 15061 10520 12075 11773 4864 13130 6494 6975 10181 3496 15128 11754 12343 7301 10341 14423 4418 14020 9147 10380 8455 11260 11528 12635 10849 0 5601 6125 10172 9759 8045 15415 10851 10947 8347 7889 8303 3683 11720 1476 4436 7184 7551 13519 9493 18509 3846 7706 6759 3984 10210 13138 4165 7426 12793 13724 8933 13927 17861 7148 14115 14729 11999 5782 10561 6299 2243 8518 10701 5615 11529 8826 10935 5625 1613 7834 12620 8379 6273 2694 7637 16370 9319 3227 14090 10262 6003 4487 10042 6267 5791 7065 10250 7769 11276 16670 5427 5322 11086 6767 6467 10862 15655 13733 4093 1375 3470 4786 4784 9200 7212 2468 6651 6879 14992 11740 6980 18799 4143 15681 3320 6183 12485 8176 4650 4790 9645 2778 6964 3046 9316 12767 7179 12629 15180 5649 7503 2315 7147 12625 10774 12796 1086 4634 6450 6217 2886 11629 12500 2429 8166 7938 2963 7326 7342 7991 6870 8043 5601 7356 5937 5302 6781 4356 5008 4587 17442 8087 3330 5680
12096 14336 14836 6099 4094 1315 12028 5220 5652 10009 13049 8930 13313 1312 15639 15057 11261 10299 12173 10051 19441 6421 14673 3418 18930 9152 6077 3700 9819 15346 4419 8253 5732 9561 10917 7637 4438 11766 3817 11017 12566 2780 6789 1840 9374 11342 6648 3519 15550 4408 10401 17818 7616 4107 14767 7720 3710 4619 15710 9370 4248 9216 15103 14610 14155 15804 14927 9199 15998 6457 8504 7919 9002 8275 13151 4628 11362 7693 7222 3728 8596 8692 8661 4219 3400 5030 2865 6513 9398 12521 13098 18105 12850 14125 10224 7420 5691 18336 13202 5803 2583 11049 9160 7953 4455 3775 3222 14135 10418 1964 11149 7422 559 10055 7707 16483 12022 9878 3279 2848 7341 6221 10410 11287 14192 997 2798 10453 1772 8071 519 6431 7403 11611 4041 5191 9508 4756 14994 4702 6812 6396 10496 5672 6102 11177 6323 4569 10745 7492 9647 12166 2374 3044 2762 13388 12839 4402 8681 12722 14774 16161 2249 10479 13869 11829 3273 3362 8637 7561 9494 2986 16345 11195 6854 15227 16144 10323 11517 2604 5338 4053 4271 15770 9882 4371 3884 6626 3296 11762 7490 14781 8292 4520 13508 9281 16459 6783 10473 3323 1994 6243 6456 4368 13504 13353 8646 8145 5680 9576 18097 2540 3553 15103 16775 16237 2377 16187 6266 16974 11993 13062 6159 12276 14681 5433 5998 1120 10762 11188 9888 11584 13882 6848 16238 5183 14566 6127 3558 13962 8840 11125 16076 13319 6381 14290 15889 7419 8797 5750 5533 8651 7369 16757 15481 5676 5601 0 11070 9967 15239 5760 11530 16005 7479 6635 3432 5750 6134 14975 4417 9205 11218 2081 12395 8857 19051 3354 10360 12273 9585 14089 11840 7641 1943 8330 11875 7399 11288 18252 11215 13119 12770 17378 6252 10949 9839 7715 5270 13868 10123 10645 8727 16391 11225 4103 3808 12471 13895 11845 5522 3615 11367 4965 8264 13941 15184 11257 8184 11210 8380 11197 7923 9395 6000 10980 17457 3489 9661 14642 5732 5789 5699 15548 8875 1582 6184 2261 4168 8150 7918 12406 7332 3629 5467 16414 13379 6490 19561 7196 14567 3477 9993 9440 2581 9567 9481 8227 7614 12443 2767 11050 9377 1948 9433 11642 2043 5220 3298 2102 11701 14289 14910 5571 6452 4733 6800 4643 16529 15651 3177 9412 5769 7283 12906 5978 6935 11178 3206 8441 10186 567 10624 1189 1956 7060 8887 17588 12957 4868 1904
3393 5891 3767 15364 9229 9897 14956 9308 5907 2997 10836 11449 14885 9762 9697 5569 3554 1697 8752 1839 15522 16407 3810 14467 14784 4923 7291 13121 9784 11359 6946 14571 11253 15290 18082 10849 10718 5951 10399 9908 4396 10406 12915 11963 4937 15893 13615 11447 5980 9576 2674 12713 10872 13158 8115 10914 12835 10721 14489 10837 7321 10173 12048 6655 10453 12822 10362 14430 14381 6596 4898 11347 5309 9614 13024 14921 17120 9001 8279 8892 3145 17564 7430 7227 13960 13548 12679 7144 9055 3361 3746 15303 4549 10454 3099 12558 5953 15476 3413 10359 13628 5349 3773 7923 13807 14839 13147 15613 8483 12959 14323 12547 11231 12277 14000 14364 20618 16621 7873 13327 13774 5316 4245 19871 6275 12058 10774 695 12786 8601 10723 7052 12975 14982 12452 15010 15190 8237 11575 11608 16866 8171 4120 8964 13311 10389 9998 15110 12181 16133 1587 2035 8713 8182 9607 9585 4007 14259 4724 12483 15016 11869 11412 1570 2799 19442 14042 10169 10204 15818 1908 9226 11259 18774 6909 4502 6472 12093 7032 10073 13480 10804 8297 5356 17618 7495 7828 11896 13605 3672 6986 4403 12187 6559 9473 6618 10914 16789 1830 7816 12499 15620 13879 9275 11872 7206 5315 5504 5436 2654 14085 8544 14487 11134 11545 8255 12585 10149 8105 5930 16432 1997 5196 1420 9985 6678 13685 9957 13370 15956 5845 17102 5688 16431 5722 10818 10133 8210 13067 4879 5724 17738 5783 10057 13244 4813 11165 4458 18230 12223 14477 8444 14294 5729 8062 15246 6125 11070 0 9877 4816 10586 17862 4945 13645 10270 13873 10964 9219 6807 6763 1868 2460 13147 13319 9909 15763 9968 4998 2843 3831 4784 13203 3936 13011 16175 14255 10453 15247 15346 2381 13663 15202 6517 7241 9469 3224 4007 11662 6083 1372 11540 14395 5773 3773 7132 13888 11555 3891 3274 5650 13686 20108 13147 2917 12715 4162 1112 8774 8212 5414 1822 7129 10617 13823 10725 13859 9151 1877 5913 12772 8483 15244 13968 17472 9818 6713 9318 8092 3799 10376 1534 3801 10366 12931 11697 8809 8493 15787 4511 15096 7730 2723 14472 13574 1515 1632 10788 3497 2682 8311 7063 15049 12119 14740 17272 10227 13612 7974 12943 12404 5700 9060 5636 10155 12551 7204 6567 5528 7596 8107 7093 10430 3798 3888 9438 13911 1789 12522 4387 4610 11535 1495 12235 9287 5503 2421 15239 1963 6533 10329
13047 8120 12418 9611 11946 8857 5149 4749 9899 6899 3143 2401 5050 9201 6859 9529 6919 10717 3160 8044 9498 11095 13196 11919 9026 4959 11986 8745 154 5655 7118 17703 5066 6637 9671 15566 5912 5141 6337 1139 7306 7291 16009 11786 12699 6473 16174 7202 9902 12469 7286 8228 15565 8396 6799 15658 13596 13377 5943 1426 6831 968 5194 7800 4558 5856 5555 5745 6143 11694 5115 16027 12721 1714 3625 10576 8056 2294 2951 11326 7110 10660 14061 7029 13219 14873 9011 4268 881 13146 8538 8148 14218 4521 11844 16297 6432 8377 13290 4453 11315 14044 6135 2545 8925 12314 9273 5826 1718 10709 4638 16293 10497 2644 17099 6557 12833 8255 9168 12751 6283 9861 5834 12198 7571 10443 12032 9816 10670 2065 9455 12086 16472 5274 13759 10024 6537 5438 5172 13911 11498 3774 5985 4303 15654 1210 14168 11062 2326 9457 8575 11905 8621 7881 7214 4053 7969 9673 11990 3091 5606 6470 8291 8323 11688 11092 12955 6684 1572 8906 8188 10947 6940 10515 4148 13965 10386 2329 3946 7379 15109 6310 5953 11137 9719 6429 6802 4801 9904 13139 12896 14127 3688 8523 4264 3259 7257 11381 10979 8020 9700 9880 7157 12209 3543 5721 4641 4624 8741 7248 8202 9015 11468 5441 7367 8774 9393 7322 3929 14436 6894 11212 6988 11201 5439 10702 15695 9488 3650 6619 13725 7921 7694 10622 11614 13845 5217 4023 13503 8575 12926 9041 11152 3725 15841 9127 6401 6342 11732 5888 8814 1724 6925 14363 7826 9873 10172 9967 9877 0 14483 4608 8979 13501 6012 3606 13304 4846 13527 8179 9090 8895 7861 11366 3524 1194 9084 11919 5103 12644 11966 8855 3333 6893 11253 8779 4403 2953 5695 8291 7928 4013 5329 15534 4446 1312 6660 10225 5806 7318 8544 1664 17983 15205 12965 9299 13753 2560 13750 12861 7481 13568 12533 7582 9299 4062 12141 10882 14658 2609 4621 11430 3182 1186 15737 1111 7526 6518 8118 8536 15177 4271 9845 5680 10335 10113 11546 10261 6195 6570 2397 11284 8957 6498 15036 6845 4530 3571 9606 6525 5566 7755 7161 5645 11068 9296 8786 2389 8899 12536 8892 3538 6436 9238 5995 8118 7934 15046 9523 11888 2592 8235 6303 9108 14355 14335 3963 7440 13030 8466 9572 2789 4520 8170 13683 4006 16492 8421 8491 5690 5409 10501 10812 10474 8409 5354 7977 7663 10594 6950 8079
3394 8468 2738 20025 12539 14195 19618 14095 9644 7624 14955 16204 19390 13977 12709 7325 7661 4971 12860 6600 18612 20985 1439 18651 17858 9608 10214 17699 14405 14893 11483 16836 16050 20102 22897 12851 15457 9933 15093 14359 7829 14994 15414 15794 6708 20656 16262 16098 7459 12741 7209 15628 12884 17782 11122 12888 16273 13763 18494 15542 11902 14871 15795 9307 14210 16503 13836 19239 18297 9544 9670 13276 7202 14374 17370 19411 21922 13788 13084 12385 7959 22299 9053 11776 17740 16702 17183 11959 13703 2896 6635 18802 3338 14221 5153 14793 10636 18942 2096 15165 17821 5731 8517 12693 18418 18993 17654 20070 12961 17191 19027 14780 15295 16977 16351 18147 25398 21436 11959 17121 18582 9049 8664 24647 9085 16235 14330 5176 17005 13365 14967 9873 15270 19683 15749 19588 20002 12979 15267 14647 21438 12987 8516 13767 16090 14846 12477 19543 16808 20868 6379 3116 12983 12585 14171 13444 7181 18813 7081 16850 19297 15224 15922 6243 2988 24254 17909 14820 14950 20577 6720 12901 14386 23585 11725 803 7627 16759 11175 14634 16528 15514 12990 5889 22419 12135 12413 16708 18058 3895 9295 458 16987 10780 13278 11248 13895 21369 4776 12180 16873 20273 18654 12488 16013 10694 10057 10289 9601 7419 17280 12712 18767 14704 14567 10405 17020 13030 12919 2906 21179 3285 9832 3397 13473 10129 16556 14123 18059 20729 6988 21896 8531 21072 5866 13684 13692 13023 16585 7376 7589 22553 6327 14005 15923 6956 14453 9251 22914 17007 19153 13160 19095 2635 10642 19866 9759 15239 4816 14483 0 15389 22674 2631 18458 15086 17613 15764 11805 9256 10822 6465 6638 17263 17815 14632 19061 13421 9413 3005 5969 7119 17766 8706 17132 20961 18886 15260 19986 18807 6568 18080 19803 2406 12051 13904 7875 7545 16435 9049 6179 16143 16454 1193 4488 11140 17497 15876 1414 3615 10155 17310 24876 17854 7069 16867 3562 4144 10526 12515 10181 4052 11904 15313 16716 15235 17228 13791 6692 8251 15597 13288 19868 17928 22227 13814 9761 13218 12758 8612 15165 3289 7991 15043 15859 14910 12554 13310 18908 9280 19425 12148 7384 19275 17811 6019 6344 15569 7749 2799 12495 11337 19862 16536 19548 22068 14714 16718 11966 16903 16926 8241 12243 9672 12585 15658 12020 11048 4169 9878 12094 11703 15234 8280 2734 14249 16511 6063 17086 9183 9081 15635 4666 16428 13634 10315 7196 18883 3963 11109 14798
13034 11279 13988 5432 8709 4912 6454 1363 7862 8166 7744 3173 7585 5350 11182 12437 8920 10713 7441 8901 14036 6824 14364 7322 13600 6405 9565 4156 4481 10255 4738 13923 694 5009 7548 12528 1365 8229 1943 5742 9881 2981 12346 7595 11527 6270 12332 2613 12893 9195 8635 12822 12517 3843 10755 12619 9471 9865 10022 3707 4273 3709 9782 11239 9131 10407 10074 4292 10347 9529 6033 12922 11369 2932 7439 6044 6954 2695 2823 8117 7444 7165 12068 4488 8791 10790 4407 3476 4321 13297 10866 12547 14100 9096 11388 12823 4974 12778 13711 241 6750 13149 7157 3595 4422 7713 4666 8418 5633 6176 5577 12821 6318 4296 13351 10883 10057 6117 6156 8381 3200 8106 7775 9320 10898 6043 8243 10226 6158 3266 5287 9787 12900 6123 9768 5603 4919 2661 9780 10208 7263 2506 7917 1622 11790 5773 11102 6504 4993 5765 9011 12375 5176 4686 3255 8527 10404 5148 10746 7043 9014 11073 3795 9314 13087 8876 8483 2419 3086 5355 8678 7544 11486 8203 3769 15080 13457 4565 7452 3213 11088 1773 2933 13705 7032 3856 3914 1401 5297 12930 10797 14962 2652 6177 8706 5476 11745 7156 10966 5021 5146 5710 3381 9002 8006 9443 5823 5413 6972 8125 12783 5676 6860 10036 11917 12578 4809 11689 2532 16184 6918 12405 5806 12005 9910 8365 11733 5596 5059 6206 12414 7041 10806 6520 14205 10398 9722 2404 9303 11341 11426 7309 13862 8287 12037 11822 10964 6138 8020 1724 4548 3882 3708 16039 11680 5563 8045 5760 10586 4608 15389 0 7522 15182 3102 1003 8901 389 10617 11635 6621 8976 9448 6867 6637 3416 13539 8394 7322 12874 11158 11565 6080 6694 6764 5613 6191 1718 5966 12705 9486 7364 7135 17009 3351 5816 7916 9098 1338 10590 9254 4949 14326 16355 12568 6651 9408 6924 14317 12800 5825 9238 9577 3184 8743 8333 13997 11299 12229 6595 5601 11606 4116 3781 11745 5468 12086 2811 8727 11668 11373 2103 5542 9910 6996 6358 9305 6722 3260 6792 2280 12120 8011 2132 11155 11430 8803 2252 14122 6126 8808 4815 8318 4441 6492 9430 9056 2511 8120 12891 5654 6943 4771 4700 4596 7170 3759 10978 6486 7483 5969 11319 10536 7209 11273 10425 3493 5229 15159 12126 6477 5322 160 7414 13805 1196 12633 9759 3882 6379 7383 6237 10937 6040 4680 5087 8195 11979 11987 4883 3881
20512 17098 20979 6162 15397 11354 4888 8885 15265 15152 10823 6716 6618 11826 15285 18496 15564 18167 11954 16080 15227 7114 21540 10751 15152 13199 16752 7940 8981 13216 12200 19454 6970 2573 1365 19128 8034 14087 8657 9739 16178 9401 18196 13004 19022 2814 17876 8236 18877 15804 15604 15514 19109 7475 15605 19214 14733 16147 10454 7598 11726 8232 12175 16764 12547 12359 13645 3441 10994 16828 13031 19435 18840 8440 8584 8231 1000 8927 9593 14886 14737 4567 19351 11932 13173 15981 8775 10758 9482 20752 17358 13278 21598 12508 18901 18912 12490 13467 21115 7711 10768 20660 14194 10051 7313 10944 8563 6895 10692 10631 4759 18914 12018 6386 18980 11739 4519 1654 13264 13090 4470 15565 14403 4169 16547 11183 14328 17581 10755 9408 11259 17021 18846 4372 15291 7285 2673 10174 12513 16191 7181 9724 14558 9073 17344 9376 17762 8736 7025 4714 16330 19751 12105 11858 10098 12471 16813 7749 18239 8680 8507 13858 9336 16457 20146 2410 12707 9144 7946 4320 15971 14194 14747 2113 10964 22286 19365 6793 12923 9800 16389 8212 10389 20059 2474 11333 11310 6123 8855 20432 18076 22265 5718 13570 12721 11754 15266 7082 18424 12256 9812 6214 5094 15692 10278 14660 12687 12403 14457 15267 14534 12617 10065 13111 15100 17607 9341 15631 9810 23107 2830 19542 13318 19278 13689 15647 17095 11967 5614 2561 19879 1293 16670 6268 20545 16711 13394 9726 14398 17514 18869 524 20102 11924 17678 18057 14179 13512 5647 6273 6263 9749 4230 22999 16658 6736 15415 11530 17862 8979 22674 7522 0 22131 4475 7619 13378 7200 17440 17138 13949 16383 16333 11328 7344 8343 14332 14815 13763 20310 18679 17786 6865 14092 11310 3465 5611 7417 3663 13468 16387 7814 5506 24080 10703 10129 14894 16615 6900 16297 16495 7675 20040 23560 20082 13905 14025 9417 21691 20284 13341 13938 4548 6566 16245 9922 20835 18672 19297 11574 12531 19038 10817 7850 17042 8848 13760 9990 15985 17514 17075 9524 6694 10778 4068 12774 16583 13336 10705 14087 7562 19384 15531 8808 16738 14406 13208 9390 15152 13542 8118 12100 15358 3437 10481 16835 16420 7199 15633 20301 12674 12499 2814 9651 3137 1105 10152 16184 13545 12242 7656 17211 14895 14665 17908 16031 10667 12699 21843 17368 13501 11383 7658 14917 21269 8534 18118 16772 8343 13495 13971 11748 18370 11050 11435 12408 15548 12523 19029 12385 10194
5280 6479 1205 20189 13859 14842 18635 13984 10674 7034 13457 15477 18178 14700 10658 5141 6603 5900 11420 6330 16467 21287 1738 19408 15716 8940 11683 18010 13447 13023 11877 18684 15869 19589 22507 14751 15480 8556 15220 13184 6329 15302 17153 16824 8477 19894 17947 16300 5166 14140 6569 13461 14780 18021 9133 14798 17557 15236 16838 14706 12236 14037 14023 7279 12486 14678 11965 18697 16584 10983 9182 15208 8961 13697 16017 19840 21307 13216 12614 13602 7859 22291 10993 12153 18814 18146 17599 11707 12807 4799 5059 16839 5648 12502 6642 16632 10828 16960 3997 14945 18569 7870 8034 12086 18675 19777 18064 18793 11859 17902 18133 16620 16149 16104 18161 16352 25233 21032 12780 18183 18303 10068 7744 24500 7141 16995 15529 5552 17728 12722 15665 11378 17091 18775 17109 19893 19486 13022 13476 16132 21747 12689 7588 13581 17713 13663 14186 20042 15809 20865 6461 4205 13654 13127 14517 11809 5643 19156 8657 15527 17850 13255 16334 5899 2160 23904 18922 15029 14221 20509 6703 14015 12335 23252 11416 1865 5223 15827 9838 14981 18025 15605 13137 3485 22164 12383 12739 16406 18535 5832 10996 2758 16415 11487 11614 10409 11794 21667 5805 12761 17442 20451 18543 13858 14506 8964 9475 9815 10343 7069 15199 13471 19432 12859 12466 8130 17520 10914 12651 1006 20364 2948 10107 3770 11620 11332 18141 14888 17147 20002 8987 21238 6652 21270 3359 15241 11871 12777 17823 5483 9381 22070 3874 12409 17590 4974 12473 9213 23021 16875 19292 12405 18865 868 8504 20103 10851 16005 4945 13501 2631 15182 22131 0 18142 14718 18714 15569 13457 7151 11655 6813 5803 18078 16617 13855 16999 14672 8427 4638 7535 5193 16653 8757 17942 20793 17861 14760 19161 16825 5752 16787 18716 2079 11850 12725 7290 8620 16351 7178 6072 15120 18377 2327 6367 12013 18684 14530 3548 5429 10592 18486 24759 17935 7770 15351 1407 4849 12467 11251 9657 5153 11337 14463 18291 14105 15226 14025 6593 6187 17194 13098 20100 16250 22161 14714 11159 14185 12956 8482 14571 3642 8691 15203 17410 12884 10880 12979 16772 9319 18021 12675 6866 18695 18518 6438 6566 14934 8399 4308 13240 10101 19354 17058 18996 21422 15157 18187 12858 17843 15775 6260 10285 10509 14315 17118 11698 11508 1540 7672 12990 10818 15022 8743 4880 13995 18218 5424 17420 8803 8178 16460 5558 17175 14232 10145 7285 16995 3208 11455 15262
16136 13745 16960 3943 11112 7077 4967 4456 10793 11107 8764 3666 6621 7551 12862 15023 11722 13814 9168 11923 14502 5430 17399 7673 14209 9242 12323 4337 5946 11369 7728 15679 2506 2119 4449 14904 3579 10655 4224 7064 12540 5056 14266 9149 14551 3881 14074 3991 15452 11550 11573 13912 14888 3841 12769 14992 10992 12016 9956 4634 7253 5066 10605 13573 10405 11059 11467 1753 10400 12374 8959 15246 14366 4827 7460 5531 4035 5058 5545 10569 10500 4652 14904 7457 9775 12301 5049 6502 6170 16399 13622 12756 17199 10367 14481 14889 8069 12978 16806 3312 7404 16196 10112 6168 4025 7981 5017 7332 7536 7056 4166 14890 8013 4169 15155 11063 7137 3015 8840 9539 295 11091 10555 6432 13282 7356 10243 13308 7128 5623 7127 12582 14882 4441 11452 4711 2054 5723 10762 12178 5768 5483 10705 4707 13529 6879 13506 6085 5049 3469 12080 15464 7712 7411 5689 10027 13119 4723 13768 7259 8442 12141 5231 12324 16080 5797 9363 4728 4550 2902 11738 9907 12788 5131 6757 18126 15989 4621 9664 5435 12669 3794 5918 16427 4028 6863 6836 1750 5514 16029 13628 18035 2355 9097 10250 8031 13175 5646 14067 7800 6078 4177 1477 11409 8644 11594 8683 8327 9986 11129 13451 8227 7041 11193 13199 14713 5616 13311 5542 19137 4525 15423 8903 15066 11394 11194 13361 7728 4235 3712 15405 4196 13285 4805 16924 12575 11147 5435 10721 13964 14395 4224 16538 9622 13831 14478 12226 9217 5723 1839 3375 6119 916 19005 13774 4365 10947 7479 13645 6012 18458 3102 4475 18142 0 3424 9945 2755 13125 13965 9484 12069 12357 7799 6316 4992 13815 10615 10007 15974 14229 14211 5688 9781 7742 2811 5113 3500 3956 12935 12402 7033 5788 20015 6408 7321 10852 12158 2451 12994 12298 5415 16190 19402 15660 9453 10551 7566 17407 15902 8886 10423 6729 2765 11843 8667 16912 14386 14910 8515 8489 14705 6852 4847 13336 6409 12693 5527 11776 14152 13192 5179 4326 10034 4348 8540 12133 9049 6233 9846 3870 15178 11098 4386 12901 12599 10542 5175 14521 9217 8132 7636 11283 2018 7107 12523 12138 3684 11215 15987 8265 9179 1914 5787 1960 4287 5847 12502 9134 8631 6043 13818 12316 10191 13662 12172 6466 8227 18020 14348 9098 7755 3250 10513 16907 4209 14345 12722 4514 9360 10139 7804 14035 7267 7075 8143 11273 12080 14970 7922 5912
12906 10506 13537 6286 9323 5692 5886 1664 8137 7684 6742 2342 6845 6105 10223 11718 8318 10553 6474 8521 13043 7717 13998 8322 12602 5825 9969 5151 3479 9254 5006 14711 1528 5050 7821 13118 2336 7430 2845 4740 9193 3865 13098 8474 11647 6012 13132 3608 12163 9824 8149 11822 13110 4823 9850 13210 10338 10564 9088 2750 4572 2711 8781 10419 8134 9411 9085 4231 9396 9867 5536 13532 11530 1938 6518 7020 6944 1797 2132 8716 7132 7821 12392 4793 9743 11650 5409 3140 3343 13137 10236 11574 14006 8098 11339 13528 4983 11804 13496 865 7740 13222 6691 2818 5384 8714 5668 7689 4678 7156 5032 13526 7187 3508 14129 9917 10545 6354 6666 9316 3596 8313 7155 9827 10094 6981 9008 9967 7131 2384 6145 10163 13630 5628 10599 6540 4953 2899 8777 10961 8146 2106 7303 1581 12594 4772 11691 7489 4126 6463 8722 12135 5796 5211 4005 7541 9749 6120 10872 6101 8168 10072 4758 8916 12662 9200 9447 3273 2090 6000 8369 8191 10493 8541 3362 14731 12716 3719 6579 4043 11932 2742 3298 13059 7450 4133 4302 1706 6299 12845 11134 14670 2192 6492 7725 4714 10761 8036 10812 5495 6132 6563 4053 9610 7017 8564 5262 4903 7153 7720 11784 6274 7863 9035 10924 11706 5805 10724 2191 15713 6637 12015 5787 11690 8927 8729 12563 6368 4387 5995 12577 6978 10037 7357 13557 11083 8734 2114 10191 10638 11623 7472 13190 7290 12825 11136 9969 5893 8749 2496 5425 2974 4185 15582 10796 6462 8347 6635 10270 3606 15086 1003 7619 14718 3424 0 9847 1268 11161 10815 6984 8764 8934 7837 5787 2413 12558 9085 6640 12692 11188 10874 5259 6473 7731 6142 5524 765 5585 11730 8978 6500 6504 16599 3087 4820 7429 9169 2260 9792 8912 4015 15084 16008 12521 7066 10338 5941 14077 12681 5934 10163 10108 4099 8670 7367 13489 11056 12663 5651 5065 11420 3449 2804 12583 4476 11089 3443 8394 10903 12159 1963 6439 8955 7604 7096 9659 7399 3621 6479 1301 11799 8012 3025 11961 10431 7844 1777 13132 5926 7983 5263 7862 4321 7486 9216 8803 1595 8084 12682 6220 6073 4808 5680 4544 7129 4602 11835 7010 8426 5067 10560 9588 7431 11867 11236 3067 5470 14607 11276 7018 4504 923 7352 13656 1008 13438 9300 4885 5947 6745 7133 10752 6988 5383 4791 7932 11017 11551 5063 4735
14295 17638 17591 7287 5184 4716 14806 8564 8046 13203 16416 12051 16257 4564 19069 18270 14504 12844 15599 13095 22800 6858 17247 2746 22306 12510 7581 5626 13159 18753 7687 6208 8725 11855 12485 7334 7537 15157 7005 14380 15836 6016 5320 1928 11199 13792 4734 6373 18763 5142 13565 21239 7301 6124 18177 7391 1849 4518 18924 12596 7589 12507 18473 17953 17567 19158 18353 11696 19242 8175 11850 7400 10749 11596 16340 5256 13438 11057 10629 5239 11724 9622 9743 7527 236 2749 4901 9943 12778 14765 16272 21407 14853 17536 12465 6246 8972 21637 15522 8988 2614 12735 12417 11374 6112 2719 4949 17049 13834 2891 13947 6254 2988 13121 5823 19760 12711 11757 6061 592 9739 8653 13721 12060 17530 2868 3312 13212 2837 11463 3947 7952 6005 14328 2589 6163 11825 8185 18384 3944 7080 9812 13797 9044 4260 14512 6451 4846 13874 8796 12581 14666 5561 6331 6162 16810 16059 5630 10639 15942 17847 19571 5112 13505 16637 13085 718 6623 11907 9084 12486 4720 19772 12536 10282 17719 19354 13435 14943 5936 3196 7130 7703 18848 11306 7760 7271 9511 4546 13878 8837 17161 11239 7413 16934 12708 19891 7111 12975 6520 3902 7304 8642 5315 16820 16762 12023 11527 8457 12712 21476 5520 3406 18513 20203 19604 4345 19618 9685 19644 14413 15823 9324 14944 18110 7483 3880 4285 13703 13591 11433 13718 17193 7581 19297 4935 17992 9543 1405 17194 10474 12906 19183 16727 4640 17487 19312 10649 9288 8467 7122 12055 9574 19409 18869 6729 7889 3432 13873 13304 17613 8901 13378 18714 9945 9847 0 8811 6683 18310 7124 12053 14352 2147 15491 12163 22373 4250 13722 14607 11693 17300 14906 10792 2213 9936 14771 10603 13896 21559 14340 16227 15594 19883 9682 14334 13055 10132 8128 17208 13091 13849 6885 18798 13298 6748 653 15766 16216 14054 8622 624 12031 7189 10968 17210 18035 13873 8781 14638 11760 13680 11355 12646 3789 14281 20821 6901 12673 17926 4186 9195 6767 18802 9957 4131 7929 4560 7596 11347 11147 15073 10073 6831 3766 19834 16811 9889 22910 10405 17609 6723 13155 11963 2906 12359 12367 11411 10379 14831 5755 14479 11714 4275 11877 13732 5392 2942 5913 1421 14865 17578 18339 8237 6490 3229 10231 7819 19399 19005 5781 12843 8939 10203 15072 9298 4913 14233 5449 11737 13525 2867 13184 2862 5326 10409 11888 20862 15819 8124 5243
13385 11652 14375 5069 8847 4977 6354 1702 8129 8555 7967 3240 7564 5426 11488 12817 9308 11072 7741 9285 14220 6476 14745 7131 13799 6793 9786 3899 4724 10500 5021 13958 306 4711 7191 12669 1312 8597 1959 5984 10264 2989 12404 7573 11830 6052 12361 2461 13272 9325 9024 13072 12658 3559 11092 12760 9454 9957 10130 3860 4550 3923 9993 11603 9390 10601 10349 4028 10470 9773 6422 13054 11661 3202 7539 5753 6660 3027 3198 8263 7823 6776 12313 4762 8692 10777 4210 3862 4611 13654 11254 12697 14445 9354 11727 12907 5314 12928 14075 630 6591 13461 7546 3961 4117 7516 4440 8389 5941 6040 5473 12906 6309 4323 13392 11024 9673 5769 6349 8304 2838 8392 8162 8934 11265 5969 8301 10598 6035 3606 5292 10018 12970 5994 9778 5278 4624 2974 10009 10268 6912 2895 8305 2001 11817 5989 11247 6226 5062 5378 9387 12743 5326 4883 3357 8807 10790 4853 11047 7163 9054 11316 3700 9699 13473 8510 8368 2465 3296 4966 9056 7669 11755 7835 4157 15459 13835 4624 7800 3261 11087 1704 3208 14092 6655 4144 4168 1112 5068 13275 11039 15336 2562 6438 8992 5848 12028 6803 11323 5235 5004 5348 2992 9142 8185 9790 6212 5802 7268 8510 12987 5833 6646 10285 12185 12928 4643 11991 2920 16571 6705 12789 6148 12382 10194 8603 11742 5661 5017 5974 12705 6761 11180 6153 14592 10497 9999 2791 9270 11723 11709 6974 14247 8548 12073 12206 11228 6513 7636 1337 4192 4214 3331 16425 12026 5217 8303 5750 10964 4846 15764 389 7200 15569 2755 1268 8811 0 10782 11998 6865 9343 9837 6746 6686 3653 13700 8494 7704 13235 11482 11948 6112 7065 6649 5228 6139 1906 5794 12858 9875 7419 7061 17393 3733 6080 8304 9416 997 10958 9634 5070 14379 16734 12905 6878 9335 7095 14685 13151 6142 9170 9190 2843 9089 8479 14385 11668 12435 6911 5990 11968 4497 3955 11748 5659 12281 2986 9107 12042 11411 2484 5195 10040 6607 6439 9544 6836 3531 7171 2473 12497 8344 2150 11181 11684 9109 2640 14298 6495 8832 5041 8706 4193 6326 9797 9427 2647 8460 13255 5826 7291 4476 4571 4326 6884 3789 10968 6671 7398 6058 11694 10851 7493 11415 10448 3882 5516 15549 12482 6656 5683 549 7760 14160 1586 12657 10147 3671 6766 7769 6206 11298 5953 4793 5467 8569 12115 12373 5187 3902
8414 14460 12495 12233 2058 6086 17035 9496 3988 9961 16126 13441 17945 5615 17224 14578 11311 7720 14579 9273 22235 12459 11796 8758 21595 10324 1973 9814 13375 17852 6416 5353 10895 15244 16951 2049 9617 12924 8942 14303 12639 8071 3714 5408 5097 16811 4490 9205 15036 1743 10134 19967 2051 10189 15912 2139 4954 2195 19447 13511 6744 13103 18012 15037 16682 18802 17125 14716 19593 2638 9697 2533 4603 12129 17121 10652 17145 11371 10601 2558 8468 14825 3112 6533 6880 5020 8990 9268 12720 8917 12569 21329 8689 16663 6817 3365 7199 21546 9741 10542 8109 6362 9613 11013 10582 8950 9356 18791 13207 7757 16168 3355 5783 14609 4782 19901 18152 15811 4496 6380 13052 4359 11020 17419 14602 6840 3640 8531 7564 11468 6274 2169 3761 16734 4280 11300 15175 8338 17730 2979 12815 9830 11022 9679 4286 14631 790 10484 15076 13617 8486 9253 5459 5952 7469 15781 12584 10524 4803 16604 19021 18590 8151 9558 11635 17930 7226 8423 12680 13656 8592 3251 18409 17284 9435 12096 15575 14733 13292 7691 4781 9346 7882 14575 15967 7174 6896 11858 9387 7911 2510 11384 13253 5018 15808 11392 18305 12801 7744 5673 8111 12373 12356 1772 16884 14601 10098 9743 5128 9301 20780 4949 9195 17597 18798 16765 8511 17766 9673 14264 17467 10865 6891 9852 16793 3041 4754 5488 15544 16708 5013 17320 14107 12951 14938 1938 16792 9615 5362 13675 4228 17075 14997 15955 4137 13778 18093 8093 14884 11290 11651 11847 13213 14001 16276 11800 3683 6134 9219 13527 11805 10617 17440 13457 13125 11161 6683 10782 0 15310 4446 7799 10689 7396 16707 12712 22111 2820 11389 8911 5929 13674 16266 7847 7315 14395 16680 11844 16575 21438 10644 17351 17664 14194 9081 14054 9938 5260 10699 14318 9019 14743 5226 12991 7317 4229 6332 16043 10396 8204 6220 6192 17493 10930 6555 17535 13143 8775 2134 13650 9911 8329 10541 13434 4916 14637 20291 7807 8812 14622 3794 9486 11825 19127 15007 4696 2570 4105 7572 8464 12210 9966 6001 8766 4075 18660 15408 10104 22427 7815 18908 5917 9780 14917 8261 7897 8164 12630 6284 9206 4963 12974 15033 8076 14991 17407 7295 5001 4151 6630 15853 14325 16479 4731 965 3985 9581 6091 14481 16099 4146 11749 10549 6607 9096 10208 4762 10292 9278 9282 11037 6139 8045 7035 6054 8599 8135 20977 11117 6583 7247
9873 917 6539 17066 14704 13659 12857 10895 11429 5381 6943 10546 11961 13753 3508 2016 4013 8485 5247 6076 9360 18443 7827 17959 8607 5826 13342 15487 8195 5955 10626 20559 12294 14813 17848 17171 12506 3412 12565 7421 2672 13120 18816 16426 11690 14525 19359 13687 2116 15161 5177 6371 17188 15302 2035 17247 17803 16315 9940 9595 10733 9016 7041 396 5619 7627 4915 13917 9620 12717 6470 17681 12016 9140 9630 17452 16194 9023 8825 14204 6920 18574 14079 10785 18322 18805 15404 8744 7820 9641 3076 9695 10877 5643 9904 18659 9342 9812 9251 11402 17177 12132 5961 8039 15937 18369 15803 12428 6497 16481 12580 18650 15343 10754 19954 9309 20976 16423 12465 17719 14204 10973 4597 20318 783 15818 15780 7338 16362 8436 14495 13202 19016 13149 17627 17167 14713 10545 6484 17131 18889 9352 4533 10362 18958 7825 16098 17825 10188 17257 6914 8267 12752 11981 12569 5144 2828 16601 11360 9228 11228 6118 14286 5861 6380 19271 18243 12625 9447 16763 6747 14260 5184 18689 8375 8492 2400 10363 4303 12961 18858 12794 10917 3793 17845 10612 11095 12445 16401 10285 13422 9108 11767 11176 4907 6175 4655 18783 8636 11801 15683 17345 14853 14846 7913 2485 6356 6862 10458 6021 8057 12847 17730 5819 5328 1471 15564 3781 9406 7800 14855 6499 9089 7243 4602 12366 19226 14027 11621 14704 12637 16031 1204 18152 4132 16565 4885 9566 17908 1998 12410 17217 3567 5778 18983 2313 5334 7726 19551 13303 16181 7877 14841 7853 1387 17181 11720 14975 6807 8179 9256 11635 17138 7151 13965 10815 18310 11998 15310 0 11636 7613 4680 16930 10505 9009 9853 15195 4629 9167 10595 2194 10719 7721 16793 16776 12038 10505 13698 9677 4737 10477 12721 9157 8990 7014 5448 10162 12971 1107 6416 9505 20524 9411 10506 12010 18529 8247 9312 9835 9834 18320 20640 14805 8817 8702 5815 7803 15313 5572 6625 8534 7598 9347 19333 8344 8076 11863 6527 1009 18412 9967 17163 9335 18305 14252 12747 13995 10916 7108 10096 7227 9311 12639 18465 5734 4222 9490 9659 7991 11464 11589 5539 13824 17018 7644 7257 10304 9027 8868 12622 4787 14609 15215 14172 16233 13369 18918 12717 17072 9819 1118 3186 10817 16275 17932 8540 10536 6024 800 12833 6317 11486 8760 10065 10517 19678 5203 15024 6583 4789 15532 8302 15939 13022 7915 7176 9880 5781 10194 13513
7717 10869 10508 9717 3156 3430 12856 5353 1381 6304 11695 9168 13627 3164 13096 11315 7663 5886 10215 6020 17867 10430 10274 7833 17245 6155 2992 7240 8939 13505 2021 9142 7044 11546 13706 6492 5915 8851 5310 9857 9025 4752 7381 5205 5282 12888 7805 5980 11803 3659 6607 15714 6494 7449 11911 6584 6254 4762 15003 9146 2418 8703 13606 11314 12321 14390 12833 10893 15147 2909 5492 6966 5007 7742 12696 8741 13494 6973 6183 2599 4765 12221 5448 2197 7203 7179 6587 4825 8276 8127 9285 16904 8539 12300 5851 7447 2778 17124 8792 6496 7001 6982 5688 6569 8017 8181 7048 14471 8779 6371 12011 7440 4505 10321 8524 15460 15524 12401 1139 6569 9479 1863 7095 14764 10877 5414 4189 6115 6184 7037 4157 3180 7710 12612 6009 9068 11465 4086 13345 5527 10864 5440 7133 5429 7369 10186 5122 8807 10725 10850 5462 7751 2235 2134 3947 11435 9143 8262 4523 12174 14618 14264 5390 6415 9546 14870 7279 4854 8314 10719 5388 2637 14162 14196 4990 10815 12385 10405 9041 4340 7222 5764 3706 11759 12900 2859 2708 7977 7366 7417 4176 10364 9156 574 11479 7024 14115 10811 6057 1711 6117 9929 9058 3355 12440 10538 5835 5429 1333 5736 16423 1897 7950 13250 14566 13030 6326 13647 5285 12609 13534 8733 2631 7900 12517 1748 7604 3301 11309 12827 6012 13614 10458 10667 12199 5102 12490 5243 6424 10282 4970 13657 12112 11570 7433 10516 13810 3970 12602 7677 8935 7402 9785 12385 12418 9439 1476 4417 6763 9090 10822 6621 13949 11655 9484 6984 7124 6865 4446 11636 0 4930 7341 6458 12332 8314 17705 3560 7312 7863 5284 10353 11919 3915 6325 11319 12431 7606 12543 17017 7320 12957 13431 12970 4645 9612 6202 3318 7049 10569 5979 10352 9254 11974 6907 385 7182 11599 9483 7466 1889 6976 14918 7851 3886 13090 10920 6861 5695 9269 5619 6780 6102 9052 7706 10200 15908 3959 5583 11109 6828 5165 9450 14682 12275 3059 2685 2564 3378 4530 7913 8030 2967 5175 6847 14373 11133 5734 18049 3691 14519 1849 6205 11056 6990 5248 5243 8350 3267 8027 1692 8679 11317 5831 11190 13729 4210 7286 1212 6188 11459 10776 12345 1156 5311 6297 5137 1650 12282 12388 1344 7353 6521 3096 8532 5989 8129 7156 6621 5176 7014 4830 6214 5606 2949 4246 4800 16540 8699 2140 4251
4207 6730 5634 13580 7556 8029 13819 7657 4189 2585 10354 10183 13946 7896 10021 6781 3747 1839 8360 1549 15617 14587 5609 12599 14905 4043 5828 11298 8783 11299 5099 13130 9623 13814 16518 9585 8992 5874 8632 9123 4969 8583 11427 10135 4324 14573 12069 9654 7242 7941 2558 12974 9604 11354 8534 9659 11081 9101 14011 9679 5489 9038 11820 7378 10271 12618 10378 12980 13974 5167 3781 10094 4554 8360 12279 13077 15690 7681 6898 7172 1786 15834 6518 5384 12132 11858 10835 5627 8030 4389 4772 15163 5359 10265 2996 11164 4174 15353 4738 8759 11760 5309 2873 6679 11997 12971 11304 14717 7715 11091 13125 11154 9374 11108 12541 14053 18942 15071 6025 11499 12177 3627 3915 18190 6956 10191 9010 1308 10918 7358 8855 5647 11552 13784 10736 13189 13715 6515 11399 9974 15044 6660 3844 7362 11729 9585 8588 13256 11125 14403 700 3401 6845 6317 7775 9361 4821 12430 3842 11727 14300 11905 9568 1768 4667 17852 12202 8375 8975 14114 931 7451 11451 17178 5446 6257 7790 10979 6709 8240 11820 9051 6528 6930 15989 5690 5999 10327 11752 4250 5809 6025 10788 4700 9297 5720 11202 14970 2104 5948 10636 13831 12199 7632 11341 7396 4260 4297 3597 1940 14153 6683 12619 11056 11786 9083 10729 10524 6573 7796 15143 3865 3382 3172 10008 5036 12072 8093 12207 14611 5358 15699 6418 14637 7344 9253 10102 6660 11293 5887 4910 16225 7318 9745 11694 5979 11265 2871 16461 10561 12701 7314 12668 7591 8707 13442 4436 9205 1868 8895 6465 8976 16383 6813 12069 8764 12053 9343 7799 7613 4930 0 2935 11283 12411 8733 15735 8240 4562 3931 3337 5877 12218 2292 11146 14512 13166 9035 13980 15227 2881 12835 14145 8333 5682 8716 2696 2562 9980 6701 1222 10528 13023 7506 4077 5304 12090 10865 5341 4002 3792 11886 18414 11392 1246 12154 5997 2331 7704 7657 4277 2660 5891 9480 12201 9850 13829 7350 1131 6858 11184 6891 13441 13537 15764 7973 5233 7493 6304 2374 9032 3299 2004 8588 11310 11823 8710 6998 15861 2852 14334 5866 2320 13046 11705 454 366 9465 1690 3921 6449 6604 13572 10260 13293 15860 8376 11934 6142 11093 11481 6578 9319 3827 8758 10885 5742 4707 7355 8412 6274 6201 8824 1930 4917 7871 12375 2493 10694 3205 4145 9673 1996 10368 7419 3982 918 15007 3772 4697 8475
5843 3796 4646 14621 10257 9939 13007 8316 6907 1305 8470 9708 12754 9921 7291 3982 1107 3982 6371 1415 13074 15816 5335 14479 12340 3138 8715 12598 7789 8900 6815 15989 10140 13788 16707 12511 9876 3512 9703 7726 2062 9954 14265 12427 7084 14147 14862 10822 4466 10683 848 10297 12529 12542 5737 12585 13595 11846 12100 8979 7067 8306 9603 4455 8005 10372 7902 12897 11970 8072 3415 13021 7380 7910 10774 14509 15520 7414 6819 9808 2630 16600 9414 7046 14400 14487 12302 6000 7105 5772 1946 12845 6986 8007 5411 14051 5587 13017 5689 9208 13653 7734 2311 6285 13202 14875 12751 13443 6323 12958 12446 14040 11492 10400 15391 11929 19470 15232 8313 13774 12527 6403 2029 18744 4039 12155 11529 2810 12808 6926 10794 8556 14425 13098 13330 14442 13685 7494 9123 12695 16277 6942 1879 7876 14492 8213 11479 14780 10187 15186 2235 4386 8864 8180 9240 7147 1895 13753 6703 10245 12734 9412 11067 1186 3846 18106 14399 9591 8449 14799 2097 9971 8823 17457 5684 6104 5045 10158 4651 9689 14491 10049 7703 4565 16384 7097 7527 10630 13281 6132 8743 6300 10616 6965 7028 4662 8501 16188 4178 7901 12327 14890 12826 10368 9518 4757 3677 4041 6062 1644 11632 8837 14383 8675 9120 6150 12320 7763 6919 6789 14641 3356 5061 3499 7526 7817 14800 10163 11469 14243 8069 15460 3489 15715 5045 12047 7673 7054 13757 2998 7762 16268 4858 7638 14485 3179 8713 3841 17391 11160 13715 6635 13101 6670 5809 14593 7184 11218 2460 7861 6638 9448 16333 5803 12357 8934 14352 9837 10689 4680 7341 2935 0 13278 11180 8098 13304 10846 2775 5254 6010 3031 11129 3579 13138 15042 12263 8958 13440 12886 79 11461 13170 7755 6171 7273 1542 5491 10666 3799 1740 9516 15914 7348 6209 7726 14476 9286 6038 5732 5734 14268 19013 12334 4152 10369 4556 3570 10633 5918 3869 4280 5535 8742 14920 8597 11399 8645 1877 3935 13944 7399 14584 11566 16444 10221 8118 9850 7583 3087 8772 3556 4724 9715 14036 9249 6355 7217 13337 4037 12840 7741 1240 12899 13547 2976 2577 9141 4425 5047 8601 4745 13553 11896 13198 15642 9969 14581 8510 13245 10288 3646 6632 6382 11652 13556 5955 6579 5721 5479 8636 5100 9287 4287 6284 8253 15174 674 12042 3113 2453 11741 3874 12308 9294 4553 2599 12790 2739 6365 10095
14072 16321 16912 5344 5511 3339 12663 6678 7633 12054 14502 9983 14130 3393 17398 17086 13286 12343 13827 12127 20859 5190 16730 1429 20391 11105 7759 3489 11226 16906 6465 8136 6639 9724 10500 8521 5505 13662 5030 12467 14573 4108 6996 2011 11224 11651 6578 4288 17579 5673 12455 19427 8494 3987 16616 8593 3440 5469 16875 10574 6255 10531 16558 16558 15733 17219 16570 9550 17210 8231 10472 8697 10823 9652 14285 3432 11343 9168 8823 5318 10662 7815 10222 6248 1988 4654 2754 8318 10899 14509 15144 19410 14777 15701 12203 7820 7721 19641 15210 6973 717 12866 11184 9601 4021 1735 2817 14917 12030 744 11807 7825 1970 11030 7684 17749 11037 9692 5320 1768 7595 8219 12398 10344 16147 1124 3757 12526 712 9616 2484 8129 7671 12182 4069 4255 9692 6505 16500 5201 5499 8039 12490 7189 6057 12566 7385 3153 11801 6848 11728 14208 4454 5098 4432 15016 14869 3620 10568 13904 15746 17727 3081 12556 15946 11200 1623 4708 9919 7079 11574 4623 17995 10619 8675 17272 18174 11358 13319 4117 5069 5097 6067 17836 9353 6326 5849 7394 2475 13716 9140 16805 9125 6592 15156 11085 18155 5502 12510 5396 1768 5402 6509 5734 14848 15207 10577 10072 7743 11638 19565 4607 1800 16671 18428 18156 2200 17940 7927 19045 12276 15138 8224 14342 16348 7304 5774 3191 11581 11454 11646 11614 15861 5808 18305 5995 16209 7775 3078 15985 10619 10869 18136 14887 6409 16327 17514 9462 7655 6332 5068 10226 7445 18826 17373 4813 7551 2081 13147 11366 17263 6867 11328 18078 7799 7837 2147 6746 7396 16930 6458 11283 13278 0 13402 10201 20395 4609 12303 14281 11524 16121 12810 9704 139 7919 12639 8582 11749 19567 13276 14141 13453 19428 8058 12456 11878 9721 6016 15823 12203 11810 8750 18423 13164 6126 2756 13778 15905 13823 7599 2640 10361 5046 10327 15199 17265 13315 9524 12882 10309 13233 9680 10640 5716 12305 18892 5173 11740 16637 5848 7402 4848 16776 8099 3459 7962 4093 6027 10200 9137 14472 9397 4869 5477 18021 15089 8071 20957 9246 15500 5539 12047 9817 923 11642 11561 9375 9683 14464 4838 12836 9578 2175 9735 11636 3624 4857 5296 930 12803 16283 16684 7614 7474 4807 8581 6713 18610 17586 5169 11166 6919 9363 14877 7376 6804 13251 3304 10446 12153 1629 12672 991 3985 9035 10967 18846 15038 6915 3473
16542 10694 15598 10258 14984 11478 2514 7370 13260 10324 3661 3465 1574 11886 8110 12182 10164 14225 5318 11500 8263 11736 16481 13627 8048 8433 15292 10242 3647 5886 10315 20495 6767 5735 8421 18718 7983 8064 8579 3458 10296 9616 18868 14231 16205 4531 18918 9120 12477 15498 10681 8181 18714 9792 8709 18810 16105 16303 3640 3197 9964 3643 4831 10173 5326 5060 6402 5093 4090 15055 8630 19156 16213 4590 1258 11757 6344 5361 6174 14367 10628 10442 17478 10178 15365 17422 10751 7603 4402 16624 11565 6455 17716 5289 15367 19262 9803 6675 16730 6595 13182 17567 9619 5975 10151 13983 10879 2306 4859 12680 2642 19260 12952 2372 19909 4773 11752 7282 12243 14989 6608 13273 9163 11259 10060 12654 14788 13297 12691 5381 11916 15423 19385 2976 16383 10995 5665 8392 5176 16734 12055 6892 9307 7080 18381 2972 17299 12300 1663 9581 12070 15353 11507 10848 9791 5445 10982 10896 15488 1367 2381 6513 10384 11753 14940 9726 15025 9039 4027 8979 11684 13898 7421 9295 7548 17251 12876 2073 6782 9822 17713 8384 8876 13918 8911 9533 9830 6039 11468 16648 16284 17479 4320 11782 5698 6725 7962 11933 14487 11065 11640 10486 7774 15263 2956 8062 8151 8148 12130 10720 7349 11958 13062 5795 7764 10678 11244 8399 7047 17506 4646 14530 10424 14605 6500 14011 18348 12152 2108 4788 17226 6078 10337 11069 14362 16807 6191 7096 15940 11376 16405 7599 13849 4835 18610 11935 6858 9856 11627 7168 9664 5200 7143 17461 9756 10677 13519 12395 13319 3524 17815 6637 7344 16617 6316 5787 15491 6686 16707 10505 12332 12411 11180 13402 0 4027 7521 14824 8407 16117 15488 11671 628 10413 13311 8530 1736 5029 3685 6637 11251 741 2221 18684 7737 3915 10095 13721 7394 9875 12010 1991 20854 18463 16485 12496 16020 2271 17162 16361 10857 15856 11631 8773 12821 2595 15224 14350 17990 5366 8142 14919 6676 3279 18366 2594 6573 9200 11603 11098 17943 7226 10639 3744 10007 12869 14889 13136 9167 10094 4565 14680 12455 8767 17748 7064 6312 6605 8256 10031 2210 10811 10596 4852 12902 12805 12292 4198 12408 15993 11874 6525 5639 11229 5182 6280 10378 17609 12597 14081 932 10854 7830 12481 17481 17023 7324 10696 15970 10562 12626 6243 6627 11674 17160 6606 19224 11779 10189 9208 8757 12874 14310 12636 11149 8843 11493 5767 13875 10219 10506
12934 8853 12730 8470 11046 7787 5086 3640 9236 7009 4330 1630 5409 8151 7966 10201 7257 10572 4223 8072 10658 9945 13404 10731 10201 5025 11267 7552 1073 6848 6303 16711 3876 5881 8904 14735 4729 5787 5174 2331 7837 6147 15038 10686 12286 6049 15163 6014 10604 11565 7434 9420 14732 7205 7781 14827 12515 12428 6911 948 5970 391 6374 8620 5743 7019 6724 4975 7162 11030 5022 15183 12264 598 4441 9389 7475 1341 2147 10426 6957 9639 13464 6179 12072 13805 7821 3585 1189 13078 9017 9252 14091 5707 11600 15370 5785 9482 13295 3264 10135 13716 6138 2065 7739 11125 8080 6237 2544 9536 4415 15367 9395 2378 16112 7627 11971 7452 8281 11616 5248 9261 6112 11310 8351 9297 11016 9764 9501 1405 8349 11396 15523 5075 12708 8850 5779 4465 6364 12923 10355 2882 6267 3237 14637 2367 13323 9872 2484 8390 8501 11906 7639 6932 6122 5202 8470 8486 11550 3953 6309 7664 7122 8398 11943 10329 11798 5540 441 7857 8117 10003 8119 9723 3559 14166 11117 2265 4708 6257 14056 5129 4969 11724 8838 5547 5878 3659 8710 12977 12262 14253 2761 7760 5402 3446 8418 10239 10836 7111 8522 8741 6049 11318 4658 6609 4594 4448 8112 7255 9380 8060 10276 6633 8547 9721 8208 8445 3039 14817 6551 11402 6434 11283 6591 9985 14656 8434 3477 6148 13290 7389 8406 9497 12212 12913 6380 3102 12406 9191 12435 8345 11781 4906 14838 9729 7585 6004 10679 4719 7657 1472 5890 14722 8783 8714 9493 8857 9909 1194 14632 3416 8343 13855 4992 2413 12163 3653 12712 9009 8314 8733 8098 10201 4027 0 10211 10957 5440 12591 11634 9457 3662 6584 10091 7793 4449 1767 5354 9401 8159 4643 5444 15847 3712 2453 6757 9784 4617 8076 8545 2040 17020 15426 12752 8489 12625 3615 13800 12734 6837 12443 11631 6404 8980 5092 12531 10853 13963 3524 4506 11345 2843 773 14691 2123 8694 5449 8078 9266 14171 3284 8687 6707 9339 9090 10863 9282 5238 6361 1221 11376 8530 5340 14013 8034 5606 2618 10757 6145 6205 6851 7248 4923 9886 9158 8672 1307 8512 12514 7954 4241 5662 8062 5253 7576 6816 13982 8636 10744 3145 8946 7377 8459 13507 13304 3318 6673 13506 9365 8674 3048 3330 7767 13613 2879 15478 8599 7298 5567 5678 9382 10703 9321 7372 4932 7824 8733 10831 6194 6959
19128 10597 16372 17757 20756 17930 9567 13832 18210 13160 6065 10548 7745 18258 6357 11858 12225 17220 7567 14324 1049 19244 17623 20826 1515 12001 20358 17508 9232 4437 15883 26651 13857 13173 15575 24155 14894 9887 15377 8058 11475 16357 24924 20869 20046 11639 25159 16148 11863 21279 13281 3650 24160 17093 7940 24244 22669 22269 3937 9840 15683 9869 4099 9763 5505 3318 5402 12596 3440 19922 12548 24643 20226 10782 6357 19158 13375 11367 11926 20145 14239 17913 21981 15857 22282 23936 17906 13014 9700 19008 12514 1071 20244 5517 18616 25118 14928 867 18779 13423 20286 20966 12997 11308 17519 21205 18104 7451 8938 19713 10028 25112 19581 9700 26039 2752 18851 14624 18004 21826 14109 18001 11821 18456 9977 19507 21042 16070 19689 11040 18538 20371 25338 10148 22807 18444 13112 14458 4404 22869 19570 12770 11897 13384 24652 7874 22819 19688 8833 17099 15143 17601 17610 16836 16297 6424 12032 18274 19487 6610 5826 3899 17314 14350 16114 16732 22000 15751 10476 16496 14817 19854 4677 16417 12778 18315 11932 9282 9066 16460 24157 15300 14974 13573 16249 15322 15744 13301 18719 19435 20983 18876 11670 17133 6457 10727 5205 19449 17440 16915 18686 17992 15253 20997 5553 8572 12098 12399 17030 13796 1803 17963 20315 4679 4534 8970 18341 6086 12917 17602 11503 16080 15235 16621 5779 19117 24724 18549 9628 11928 21087 13044 10539 18588 13834 22699 5648 13032 22584 11685 20537 14693 13266 6168 24815 12116 4636 14145 19105 14457 17126 10516 14658 17675 8495 18157 18509 19051 15763 9084 19061 13539 14332 16999 13815 12558 22373 13700 22111 9853 17705 15735 13304 20395 7521 10211 0 20845 11196 18498 19070 11943 8144 14527 20287 16020 9017 11821 10888 885 13382 6840 8852 18977 13242 8194 13040 17865 14561 10030 14823 8658 26872 19264 19501 17979 22833 6617 18957 19030 15891 22649 18835 16131 16631 5235 15668 16870 22875 8468 12253 17584 11633 9758 24774 8094 1909 15595 14644 10839 24157 13320 18120 3782 17461 19141 19835 19230 15188 13979 11261 16640 16669 15547 24044 4153 7027 12613 856 14407 6214 16648 13436 12345 20024 15979 15467 11053 16493 18251 17815 9270 13103 18237 12660 13227 17016 24105 18349 20954 7808 10823 6834 17427 23008 23358 12691 16107 15794 9345 18417 10362 13479 15897 19493 13082 25481 13974 17358 13051 11609 19584 17154 19529 17459 13515 14939 1811 15339 15621 17161
10075 14425 13591 9438 943 3553 14843 7457 4063 9853 14782 11424 15930 3085 16570 14829 11216 8772 13503 9486 21092 9638 13139 6001 20505 9659 3333 7053 11765 16791 5003 5806 8558 12728 14251 4313 7241 12368 6562 12832 12579 5596 4091 2671 6949 14405 4344 6631 15312 1078 10140 19095 4294 7451 15436 4399 2885 1480 17850 11653 5164 11344 16771 14874 15593 17531 16192 12275 18061 3928 8988 4634 6499 10359 15394 7832 14587 9651 8976 1076 8310 12025 5637 4997 4408 3640 6218 7835 11194 10552 12792 19982 10605 15569 8269 4443 6130 20207 11326 8363 5316 8495 9246 9541 7808 6225 6565 16772 11926 4940 13964 4441 2970 12592 5194 18452 15345 13170 2885 3828 10511 4652 10649 14617 14437 4021 943 9283 4745 9870 3559 3705 4568 14487 2497 8487 12667 6495 16563 2037 9995 8145 10690 7754 3869 13093 2971 7669 13163 10845 8846 10544 3322 4038 5142 14736 12677 7718 6400 14910 17190 17574 5479 9857 12657 15182 4668 6043 10845 10912 8828 998 17555 14546 8087 13570 15888 12780 12467 5259 3663 6920 5988 15164 13232 5525 5121 9511 6573 9645 4628 12974 11041 4042 14805 10350 17550 9982 8878 3931 5307 9570 9722 1130 15416 14050 9292 8851 4786 9268 19674 2904 6402 16537 17969 16588 5720 17124 7991 15572 15062 11848 6157 10915 15893 3341 4058 2888 13439 14277 7207 14786 14016 10135 15584 2004 15841 7896 3167 13813 6230 14427 15539 14804 3987 14025 17172 7514 12065 8807 8887 10348 10610 15326 15968 8994 3846 3354 9968 11919 13421 8394 14815 14672 10615 9085 4250 8494 2820 15195 3560 8240 10846 4609 14824 10957 20845 0 10838 10421 7471 13873 14327 7475 4521 11673 14576 9820 14252 20110 10820 15510 15528 15728 7604 12656 9758 6054 8252 14128 9381 12926 6066 14611 9061 3188 4078 14478 12016 9837 5405 3895 14684 8258 7059 15981 14107 9827 4929 12536 9059 9562 9239 11618 4153 13010 19111 5642 9035 14658 3345 7675 9019 17598 12222 2079 3686 1688 5727 8089 10259 11041 6240 6374 3312 17728 14520 8359 21253 7238 17033 4198 9742 12496 5455 8483 8584 10642 6554 10662 3035 12072 12529 5302 12533 14858 4785 3736 2566 3904 14029 14328 15820 4469 3104 2738 8157 4877 15475 15948 2474 10621 8354 6561 10842 8218 4670 10607 6544 8712 10554 3321 9114 4215 3715 7656 8265 19552 11931 5330 4708
8347 4078 7323 12707 10460 9046 10252 6408 7402 2055 5865 7068 9981 9158 5836 5123 1824 6183 3818 3275 11128 14021 8101 13334 10434 1214 9491 10958 5038 6767 6064 16428 8009 11255 14235 13373 8028 1543 8018 4958 2559 8515 14667 11859 8853 11468 15117 9151 5587 10951 2324 8631 13384 10811 4600 13457 13315 12072 9529 6280 6133 5611 7258 4256 5713 8056 5892 10353 9456 8962 1881 13880 9031 5331 8038 12920 12912 4954 4521 9912 3068 14453 10835 6200 13725 14383 10823 4163 4381 8356 3622 10603 9519 5706 7515 14641 4797 10794 8376 7081 12549 9855 1829 3840 11459 13744 11235 10677 3549 11853 9717 14633 10743 7681 15813 9504 17143 12764 8013 13130 10207 7066 760 16439 3847 11192 11339 5108 11733 4408 9875 9436 14949 10363 13199 12701 11152 5937 6840 12836 14475 4888 900 5897 14679 5444 12153 13269 7427 13074 4020 7022 8181 7395 7944 4800 3113 12092 8293 7501 10021 7413 9679 3436 6586 15651 13632 8039 5821 12632 3667 9867 7077 15019 3797 8871 6162 7417 2147 8342 14474 8283 6294 6422 14019 5991 6477 8341 11821 8546 9913 9073 8077 6799 4743 2011 6928 14375 6426 7247 11064 12984 10669 10640 6888 3231 1727 2233 6293 2631 9658 8317 13117 6520 7448 5881 10958 6379 4915 9381 11938 6130 4686 6217 5534 8352 14896 9438 8734 11580 9897 12829 3606 13804 6920 12388 5595 5072 13390 4021 9348 13736 6552 5188 14745 4503 6821 3349 15340 9040 11806 4014 10815 9292 5168 12765 7706 10360 4998 5103 9413 7322 13763 8427 10007 6640 13722 7704 11389 4629 7312 4562 2775 12303 8407 5440 11196 10838 0 7839 7897 4244 8354 3542 12166 12774 9499 6520 10736 10670 2846 8703 10398 10441 4399 4508 1885 6707 8627 3523 3799 6750 16487 10104 8503 7666 13967 6561 8773 8198 5436 13760 16731 10414 5442 7726 7092 6082 11831 3214 1996 6722 3208 6037 14991 5822 9296 7244 3516 4436 14140 5464 12750 9029 14243 9713 8923 9513 6288 2930 6248 6286 5568 8077 14146 7388 4189 5085 11359 3630 10109 7022 2343 10329 12392 4847 4322 6575 5359 7676 8101 2081 11026 10599 10644 13016 8742 14509 8296 12461 7513 4079 5090 6683 12339 13565 3993 6032 8082 5290 8403 2394 7165 4843 8885 6145 15441 3375 10467 2139 417 10920 6185 11312 8413 3315 3743 10446 5495 5648 8885
740 8267 3875 17247 9546 11266 17669 11538 6652 5818 13678 14081 17676 11026 12315 7569 6360 2168 11591 4620 18205 18141 2919 15678 17460 7689 7245 14869 12544 14126 8684 14071 13508 17742 20422 10121 12794 8765 12377 12727 7033 12188 12575 12791 3857 18491 13395 13332 7877 9762 5515 15331 10151 14984 10708 10167 13280 10806 17328 13531 9125 12877 14856 9089 13257 15622 13109 16911 17214 6564 7575 10574 4348 12250 15854 16526 19621 11590 10819 9382 5651 19595 6355 8980 14734 13742 14314 9557 11803 520 6129 18078 1747 13259 2155 12019 7969 18245 929 12662 14852 3334 6509 10559 15607 16014 14784 18417 11301 14232 17001 12006 12312 14969 13558 17182 22764 18983 8996 14116 16072 6063 7087 22007 8756 13267 11327 2832 14043 11240 12019 6913 12484 17662 12768 16751 17645 10345 14372 11695 18589 10590 6963 11269 13193 13205 9614 16634 14926 18170 4091 905 10054 9704 11356 12400 6529 15963 4127 15311 17852 14599 13063 4404 3261 21742 14905 12064 12856 17916 4475 9896 13926 21066 9376 3190 8245 14812 9870 11813 13583 12812 10295 6728 19858 9399 9631 14239 15163 1260 6416 2554 14717 7860 12280 9396 13536 18526 1926 9289 13952 17487 16035 9502 14714 9926 8025 8144 6684 5399 16788 9759 15813 13907 14185 10540 14122 12732 10501 5373 19053 2770 7139 1925 12733 7124 13643 11161 16067 18534 4359 19630 8160 18273 6926 10755 12898 10585 13587 7170 4760 20147 7202 12886 13046 6939 13874 6802 20149 14420 16393 11144 16547 5105 10507 17056 6759 12273 2843 12644 3005 12874 20310 4638 15974 12692 14607 13235 8911 9167 7863 3931 5254 14281 16117 12591 18498 10421 7839 0 3001 6996 15977 6219 14153 18357 16990 12964 17883 18114 5174 16480 17952 5322 9608 12292 6035 4561 13824 8615 4107 14301 13747 4191 1739 8169 14495 14390 1623 812 7361 14307 22217 15134 4242 15558 4689 1768 7830 11053 8088 1272 9764 13322 13800 13526 16602 11036 4529 8192 12688 10804 17060 16804 19556 10827 6774 10224 10038 6278 12949 1941 5128 12310 12932 14390 11602 10928 18479 6770 17926 9278 5538 16977 14851 3482 3932 13378 4919 351 9548 9905 17500 13633 17223 19791 11852 13765 8987 13905 15196 8053 11720 6723 9735 12701 9672 8225 5881 9914 9113 9876 12725 5534 1047 11788 13656 4581 14251 7024 7447 12656 1941 13462 10724 7913 4799 18040 3420 8341 11928
2604 9682 6614 14961 6576 8706 16670 9795 3948 5912 13650 12943 16984 8406 13271 9394 6974 2135 11684 4782 18938 15713 5867 12942 18221 7298 4248 12504 11841 14633 6560 11161 11722 16157 18618 7270 10810 9197 10297 12315 8064 9924 9619 9923 1107 17178 10419 11128 9794 6772 5829 16254 7297 12685 11740 7324 10308 7806 17295 12578 7033 11974 15154 10415 13608 15953 13703 15392 17277 3575 6933 7746 1512 11187 15460 14021 18092 10447 9616 6454 4976 17420 3647 6849 11831 10743 11869 8203 11087 3084 7561 18499 3267 13602 896 9112 6210 18689 3875 10974 12132 2082 6167 9576 13273 13257 12331 17782 10934 11547 15916 9099 9559 13966 10630 17375 20684 17233 6365 11222 14281 3422 7250 19922 10015 10564 8391 3257 11353 10230 9392 3912 9565 16566 9780 14347 16065 8508 14736 8695 16148 9178 7174 9645 10203 12761 6651 14071 14097 16022 3937 3341 7519 7322 9092 12697 7769 13543 1129 14907 17483 15231 10659 4845 5806 19866 12029 9911 11811 15839 4253 7016 14746 19187 8127 6190 10267 13898 10044 9523 10582 10751 8332 9008 17925 7389 7503 12559 12646 2197 3462 5529 13340 5425 12634 8915 14469 16095 2041 6890 11384 15182 14059 6519 14619 10675 7424 7353 4333 5276 17477 7152 13137 14391 15068 12055 11607 13757 9058 8335 17785 5086 5401 4051 13332 4243 10648 8501 15052 17176 2060 18151 9442 15934 9309 7756 13432 9102 10627 8699 1940 18453 9462 13075 10066 8643 14580 5640 17858 12532 14151 10301 14683 8073 11800 14706 3984 9585 3831 11966 5969 11158 18679 7535 14229 11188 11693 11482 5929 10595 5284 3337 6010 11524 15488 11634 19070 7471 7897 3001 0 8613 15237 5076 11401 16371 16078 11608 16671 18564 5941 15963 17077 8320 8175 11928 6032 2083 11910 9795 4317 13547 10886 7162 1641 5531 11549 14084 4557 2367 5343 11366 20099 12987 2667 15418 7319 3051 5060 10951 7385 2472 8829 12403 10803 12979 17163 8914 4431 9728 9694 9227 14715 16835 17439 8070 3796 7432 8032 5426 11718 4151 3177 10198 9933 15133 12044 9525 19185 5489 17492 6940 5638 15501 12160 3105 3607 12168 3137 3283 6964 9926 15917 11112 15703 18293 9463 10765 6292 11075 14557 9500 12588 4240 6780 9701 8402 6063 8623 11390 6410 9388 11024 3885 3381 10207 10687 5414 11883 6356 7481 9917 2383 10765 8231 6704 4178 18337 5476 6316 9515
7711 1350 4440 16937 13289 12789 13856 10617 9936 4097 8340 11075 13202 12811 5590 970 2840 6480 6373 4428 11501 18230 5682 17262 10747 5245 11702 15111 8833 7845 9671 18995 12253 15337 18352 15448 12232 3715 12171 8332 1685 12569 17279 15382 9718 15328 17888 13306 1463 13713 3750 8531 15468 14994 4006 15519 16603 14876 11651 10194 9866 9554 8831 2194 7295 9492 6785 14431 11391 11043 5777 15955 10077 9449 10961 17062 16889 9154 8763 12837 5599 18693 12181 9875 17338 17512 14911 8323 8304 7463 1104 11709 8694 7312 7871 17039 8401 11841 7058 11324 16449 10036 4938 8061 15647 17665 15341 13763 7142 15750 13456 17029 14397 11499 18401 11162 21335 16891 11296 16717 14421 9424 3854 20641 1974 14996 14542 5377 15611 8589 13642 11523 17423 14069 16353 16892 15235 10017 8284 15726 18686 9116 3731 10117 17521 8789 14464 17381 11069 17317 5188 6103 11767 11046 11920 6642 1252 16257 9459 10499 12728 8123 13718 4117 4201 19776 17313 12140 9872 16872 5108 12988 7267 19158 7966 6373 2056 11162 4952 12349 17521 12464 10309 2282 18202 9831 10291 12570 15905 8140 11628 6947 12185 9957 6438 6181 6781 18588 6605 10802 15047 17213 14911 13399 9376 3786 5832 6310 9087 4619 10161 11781 17111 7675 7451 3545 14992 5923 9134 5963 15731 4307 7977 5078 6435 10839 17831 13066 12471 15474 10625 16769 1458 18035 2760 15072 6680 9287 16754 298 10485 17801 2329 7254 17511 272 7347 6671 19584 13284 16034 8126 15036 5970 3571 16979 10210 14089 4784 8855 7119 11565 17786 5193 14211 10874 17300 11948 13674 2194 10353 5877 3031 16121 11671 9457 11943 13873 4244 6996 8613 0 11783 6512 15982 16995 13053 10712 14540 11707 3064 11765 13839 7258 8540 7883 4252 8432 12867 1985 4655 10371 18899 7367 8392 10737 17451 9497 7121 7685 8684 17242 20940 14641 7119 10210 3801 5712 13479 6376 6087 6433 7452 9942 17951 9273 10119 11268 4890 1198 16974 9671 16965 11060 18477 13178 11105 12837 10243 5956 10394 5055 7746 12213 17067 7794 5706 9325 11795 6904 12920 10621 4158 14379 16321 5821 5511 10681 7442 6691 11547 5320 15116 14597 14710 16964 12689 17608 11507 16149 10885 1124 5140 9411 14634 16587 8189 9488 4316 2919 11631 6472 11408 7316 7878 10385 18199 3383 14593 5695 4207 14627 6264 15138 12142 7150 5629 11829 3594 9222 12824
16379 10858 15610 9630 14513 10949 2151 6870 12886 10217 4005 2921 1751 11364 8481 12336 10140 14044 5486 11373 8876 11109 16452 13016 8647 8290 14893 9628 3438 6353 9898 19970 6182 5153 7899 18266 7416 8127 8023 3472 10355 9061 18356 13673 15924 4061 18388 8533 12650 15023 10592 8707 18261 9175 8984 18359 15550 15807 4269 2776 9532 3293 5343 10376 5711 5620 6802 4487 4716 14677 8441 18699 15914 4197 1835 11132 5866 4974 5802 13898 10432 9842 17123 9748 14778 16870 10147 7246 4188 16479 11619 7079 17549 5673 15150 18769 9445 7299 16616 6049 12580 17319 9468 5676 9529 13370 10268 2574 4816 12085 2115 18766 12398 1789 19388 5394 11227 6721 11787 14409 5980 12923 9102 10717 10238 12078 14268 13149 12099 5051 11366 15034 18882 2534 15841 10368 5080 7934 5654 16219 11429 6484 9250 6606 17849 3000 16844 11676 1194 8963 11908 15233 11017 10376 9264 5743 11037 10272 15195 1822 2942 7012 9805 11644 14923 9226 14433 8492 3606 8361 11521 13412 7882 8774 7217 17222 13069 1547 6851 9279 17166 7814 8407 14047 8346 9097 9375 5434 10854 16466 15915 17419 3709 11375 5997 6586 8403 11308 14307 10607 11046 9859 7146 14794 3415 8252 7971 7931 11771 10580 7936 11476 12447 6246 8239 10970 10645 8797 6637 17559 4243 14484 10095 14514 6873 13614 17807 11626 1490 4304 16935 5617 10484 10445 14500 16317 6569 6675 15377 11491 16093 7094 13998 5154 18084 12050 7315 9597 11023 6556 9037 4937 6517 17505 10037 10049 13138 11840 13203 3333 17766 6080 6865 16653 5688 5259 14906 6112 16266 10719 11919 12218 11129 12810 628 3662 8144 14327 8354 15977 15237 11783 0 10164 12720 7924 1332 4510 3205 7261 11198 1359 2064 18710 7365 3930 9981 13428 6797 10037 11875 1692 20342 18447 16281 12069 15442 2589 17068 16192 10496 15279 11087 8152 12572 3150 15269 14214 17594 5423 7942 14763 6408 2894 17822 2549 7161 8691 11451 11267 17417 6780 10011 4364 9411 12354 14504 12639 8706 9877 4075 14594 12168 8212 17215 7551 6572 6184 8873 9758 2728 10356 10483 4251 12299 12623 12116 3685 12135 15866 11400 6555 5048 10639 4586 5822 9832 17058 12140 13499 903 11009 8157 12114 17025 16488 6980 10293 16060 10821 12164 6110 6078 11395 17016 6113 18693 11711 9584 9013 8686 12311 14143 12055 10638 8556 11300 6394 13845 9822 9957
6455 6958 7553 11446 7006 6368 11653 5389 3861 2419 8784 7967 11909 6342 9377 7481 3758 4089 6969 2477 14547 12531 7745 10926 13875 2535 5953 9257 6767 10154 3253 12934 7348 11523 14230 9833 6782 5077 6476 7292 5117 6556 11176 8871 5826 12319 11671 7544 7974 7479 2775 12151 9844 9265 8089 9917 10122 8621 12369 7532 3543 6914 10476 7401 9026 11280 9353 10694 12400 5443 1991 10339 5889 6167 10417 11111 13405 5457 4651 6490 959 13628 7472 3498 10834 11090 8876 3340 6013 6667 5482 13842 7581 9013 5018 11114 2086 14047 7029 6474 10095 7156 1793 4520 9918 11318 9337 12706 5952 9403 10929 11106 7914 8940 12321 12574 16694 12781 4792 10210 9893 3533 3212 15945 6964 8583 8078 3534 9248 5186 7221 5911 11433 11586 9916 11137 11425 4302 10124 9421 12991 4372 3236 5076 11255 7723 8614 11341 9031 12197 2350 5682 5285 4607 5790 8109 5278 10406 5147 9865 12437 10851 7619 2917 6603 15569 10824 6273 6789 11884 2060 6544 10593 14897 3177 8436 8564 8848 5517 6251 11137 6875 4383 8131 13717 3640 4028 8038 9833 6438 6458 8274 8516 3469 8100 3942 10466 12910 4351 4323 8815 11705 9951 7165 9696 6758 2465 2301 2777 1936 13079 5272 10857 9901 10973 9120 8843 9919 4282 9760 12899 5855 1482 5341 9008 4812 11510 6585 10035 12348 6864 13419 6543 12521 8602 8903 9035 4368 10255 6416 6138 13933 8436 8378 11296 6695 10306 591 14302 8302 10554 5227 10394 9582 8533 11348 4165 7641 3936 6893 8706 6694 14092 8757 9781 6473 10792 7065 7847 7721 3915 2292 3579 9704 10413 6584 14527 7475 3542 6219 5076 6512 10164 0 9565 12256 11034 6761 11749 13929 3574 10896 12027 10442 3390 6928 2295 3413 7733 6657 2685 8473 12966 9703 6178 4291 10940 9078 7625 6237 2172 10731 16178 9215 2409 10464 7741 4606 8359 6124 2370 4947 3759 7348 11615 7918 12654 5270 2165 7207 10710 4603 11345 11946 13538 6666 5391 6334 4200 626 6786 5461 2163 6452 10750 10875 7633 4711 14761 576 12433 4165 2364 10764 9999 2745 2363 7226 2040 6213 5037 5260 11281 8400 11006 13578 6475 11200 5020 9668 9482 6870 8632 3159 8799 10212 3470 3001 9038 8475 5141 4394 6541 1374 7190 5580 11992 3567 8672 1478 3192 8163 4279 8739 5725 1708 1516 13592 5565 2806 6593
13946 16183 16776 5353 5416 3200 12593 6559 7505 11915 14387 9887 14050 3255 17270 16948 13147 12211 13703 11988 20748 5238 16596 1545 20278 10968 7652 3446 11113 16787 6325 8147 6545 9680 10496 8467 5401 13527 4917 12352 14435 3988 6982 1948 11107 11600 6582 4193 17440 5588 12316 19306 8439 3942 16483 8539 3439 5409 16777 10470 6117 10422 16444 16422 15613 17107 16446 9494 17109 8118 10335 8649 10708 9539 14187 3468 11312 9050 8699 5213 10523 7840 10125 6108 2064 4671 2693 8185 10781 14382 15005 19305 14655 15581 12076 7796 7582 19536 15081 6867 795 12753 11045 9476 3999 1862 2779 14840 11907 690 11735 7801 1844 10939 7688 17646 11075 9671 5187 1805 7542 8090 12260 10378 16011 985 3680 12390 625 9495 2345 8021 7656 12116 4053 4273 9646 6373 16383 5161 5554 7913 12352 7067 6057 12454 7317 3208 11706 6854 11590 14076 4316 4958 4301 14893 14730 3620 10449 13804 15658 17607 2974 12417 15809 11211 1719 4589 9811 7073 11436 4513 17871 10626 8542 17140 18035 11264 13188 3990 5080 4993 5934 17697 9355 6188 5711 7310 2464 13591 9036 16675 9040 6456 15032 10953 18029 5555 12379 5258 1690 5418 6466 5643 14739 15074 10441 9936 7609 11499 19451 4472 1882 16552 18304 18021 2132 17812 7800 18909 12227 15002 8085 14207 16223 7184 5786 3054 11499 11405 11536 11581 15723 5842 18166 5939 16086 7649 3089 15846 10507 10854 17996 14767 6406 16188 17392 9322 7701 6255 5054 10104 7402 18691 17238 4828 7426 1943 13011 11253 17132 6764 11310 17942 7742 7731 2213 6649 7315 16793 6325 11146 13138 139 13311 10091 20287 4521 12166 14153 11401 15982 12720 9565 0 7910 12562 8478 11688 19461 13137 14049 13381 19295 7925 12338 11739 9592 5930 15686 12065 11709 8753 18292 13041 5995 2809 13671 15776 13697 7460 2685 10399 4995 10192 15095 17127 13181 9441 12757 10173 13101 9550 10535 5732 12196 18779 5043 11601 16499 5837 7277 4862 16674 8118 3333 7849 3971 5892 10061 9031 14337 9262 4755 5471 17899 14962 7947 20847 9107 15414 5400 11908 9760 967 11506 11424 9273 9547 14334 4702 12705 9532 2082 9682 11605 3493 4874 5167 933 12706 16145 16555 7482 7409 4794 8450 6574 18472 17450 5040 11036 6814 9226 14751 7260 6813 13112 3238 10308 12015 1498 12539 855 3846 8897 10828 18743 14900 6776 3342
18453 16551 19601 2697 12337 8362 6589 6868 12688 13770 11385 6394 8419 8817 15599 17818 14458 16189 11939 14512 16791 3767 19966 7289 16571 11957 13928 4644 8722 13970 9813 16055 4931 2887 2599 15968 5579 13461 6074 9796 15319 6582 14856 9675 16560 4764 14492 5354 18251 12704 14239 16472 15946 4223 15561 16051 11348 12935 12090 7375 9343 7849 13120 16383 13068 13499 14147 3438 12581 14099 11628 16242 16318 7637 9758 4765 3720 7843 8273 11873 13041 1932 16565 9523 9726 12571 5490 9090 8975 18754 16377 14950 19466 13029 16719 15612 10388 15163 19220 5849 7334 18245 12764 8937 3947 7479 5219 8971 10337 7243 6005 15615 8780 6686 15597 13288 4445 1935 10485 9669 2579 13072 13296 3706 16092 7872 11104 15786 7380 8416 8127 14230 15517 5995 11934 3820 2933 8012 13331 12904 3923 8106 13444 7226 13965 9572 14643 5274 7537 1305 14593 17912 9275 9186 7372 12749 15886 4311 15784 9655 10355 14716 6250 14927 18701 3566 9256 6483 7352 856 14270 11151 15430 2902 9378 20676 18791 7151 12474 6996 12988 5620 8084 19196 1588 9010 8867 4436 5446 18296 15306 20528 5092 11027 12979 10816 15849 3811 16433 9611 6494 2762 2324 12625 11144 14401 11387 11002 12046 13738 15851 9768 6602 13810 15830 17513 6035 16032 8142 21794 5217 18015 11219 17590 14098 12927 13693 8915 6438 4483 17331 4060 16090 2938 19694 13497 13840 8018 10997 16752 16289 2977 19318 12311 14309 17260 14862 11718 3100 3954 2864 8924 1960 21651 16573 3271 12793 8330 16175 8779 20961 5613 3465 20793 2811 6142 9936 5228 14395 16776 11319 14512 15042 7919 8530 7793 16020 11673 12774 18357 16371 16995 7924 12256 7910 0 7021 6298 5300 15136 15083 9185 7396 22620 8960 10080 13518 14288 4534 15803 14856 8008 16662 21948 17882 11209 10585 10107 19846 18212 11077 10505 3972 3505 14148 11046 19597 16843 16350 11313 11178 17101 9590 7600 13634 9079 15079 7459 14328 16957 13722 7710 3229 12263 1558 9699 13839 10310 8363 12392 6680 17707 13335 6181 13371 15202 13305 7826 16776 11681 9999 9504 13928 3679 7051 14964 14618 6487 13491 18400 9865 11989 2925 6397 3361 4014 7237 12774 10725 8842 8457 16622 15075 12188 14777 12676 9097 10308 20738 17155 10660 10554 5773 12831 19245 6798 14723 15370 5130 11990 12887 8481 16435 7722 8561 10691 13768 14234 17601 10087 7247
17358 12157 16797 8982 14844 11101 821 7187 13488 11291 5330 3264 1511 11541 9803 13628 11307 15003 6797 12416 9827 10422 17597 12700 9668 9331 15422 9309 4483 7621 10416 20097 6143 4157 6712 18642 7446 9373 8097 4722 11592 9127 18535 13681 16706 2798 18499 8437 13951 15342 11685 9905 18634 8832 10315 18734 15564 16051 5080 3503 10016 4129 6564 11691 7026 6764 8113 3642 5586 15261 9417 19055 16663 4898 2974 10643 4612 5655 6496 14239 11384 8899 17751 10236 14625 16889 9913 7942 5201 17484 12848 7946 18520 6989 16048 19011 10111 8155 17662 6212 12340 18159 10491 6514 9105 13031 9975 2278 6002 11901 1016 19009 12433 2134 19530 6309 10041 5632 12183 14305 5389 13578 10235 9567 11544 12003 14431 14158 11937 5850 11427 15591 19091 1241 15911 9819 4098 8364 6912 16397 10706 7077 10386 7015 17955 4266 17214 11197 2078 8152 12902 16274 11312 10734 9444 7075 12270 9823 15960 3090 3363 8248 9737 12711 16084 7999 14250 8596 4274 7551 12516 13702 9155 7582 7968 18367 14378 2188 8107 9393 17211 7823 8801 15324 7263 9575 9797 5276 10526 17415 16517 18528 3583 11909 7329 7649 9691 10585 15268 11008 10872 9190 6590 15132 4687 9565 8965 8870 12415 11610 9002 11795 12095 7527 9499 12302 10444 10109 7222 18780 2923 15615 10815 15594 8193 14159 17872 11786 1138 3060 17697 4342 11775 9705 15783 16579 7888 7232 15356 12763 16815 5877 15287 6484 18212 13322 8591 10453 10093 6308 8484 5854 5846 18717 11369 9446 13724 11875 14255 4403 18886 6191 5611 17861 5113 5524 14771 6139 16680 12038 12431 13166 12263 12639 1736 4449 9017 14576 9499 16990 16078 13053 1332 11034 12562 7021 0 4839 1959 8134 12330 2239 1008 19908 8025 5173 11049 14199 6660 11337 12907 2750 20513 19604 17199 12545 15337 3916 18137 17162 11146 15186 9942 7770 13428 4313 16486 15237 18126 6679 8907 15756 7286 3689 17874 3782 8225 8946 12462 12568 17550 7268 9406 5300 8444 12548 15071 12896 9116 10800 4524 15679 12956 8288 17319 8800 7902 6751 9792 10590 3032 10769 11549 3374 12050 13585 13090 4082 12950 16896 11744 7783 4096 10500 3666 4544 9927 17082 12529 13389 2222 12304 9487 12737 17391 16586 7707 10844 17311 12149 12540 7186 6223 12203 18021 6474 18795 12824 9351 9978 9811 12308 15123 11958 10861 9374 12253 7221 14994 10394 10040
13216 10255 13594 6737 10034 6450 5253 2369 8710 7748 6062 1606 6122 6858 9700 11523 8263 10850 5947 8664 12323 8201 14124 9028 11896 5822 10597 5800 2839 8606 5602 15466 2113 4850 7751 13817 3077 7165 3606 4092 9044 4628 13846 9239 12120 5577 13889 4329 11953 10539 8205 11180 13810 5443 9423 13909 11103 11300 8327 1994 5188 2018 8087 10110 7509 8699 8490 3979 8640 10463 5617 14237 12027 1401 5754 7623 6670 1567 2176 9424 7344 8069 12975 5409 10497 12414 6109 3434 2823 13422 10141 10830 14336 7473 11709 14263 5446 11061 13741 1615 8466 13663 6781 2693 5972 9416 6346 6967 4193 7893 4421 14261 7952 2778 14882 9168 10626 6275 7348 10074 3719 8850 7094 9929 9807 7738 9761 10196 7874 2123 6909 10777 14373 5041 11361 7086 4749 3528 8105 11710 8617 2431 7246 2179 13352 4083 12390 8109 3367 6762 8936 12367 6519 5908 4762 6962 9630 6720 11353 5341 7409 9420 5505 9041 12744 9156 10195 4037 1392 6258 8571 8916 9885 8514 3589 14869 12493 2966 6220 4807 12695 3485 3963 12934 7499 4747 4958 1957 6974 13185 11727 14854 1755 7096 7157 4533 10181 8503 11112 6171 6864 7011 4375 10320 6291 8184 5288 4987 7685 7850 11082 6988 8551 8394 10314 11322 6524 10188 2551 15747 6177 12128 6219 11865 8351 9343 13324 7123 3708 5592 13072 6667 9793 7782 13431 11814 8144 2516 10956 10464 12141 7321 13039 6672 13581 10979 9351 6172 9057 2963 5908 2631 4347 15627 10397 6962 8933 7399 10453 2953 15260 1718 7417 14760 3500 765 10603 1906 11844 10505 7606 9035 8958 8582 5029 1767 11821 9820 6520 12964 11608 10712 4510 6761 8478 6298 4839 0 5072 10988 9008 5739 5832 16682 3436 4217 7491 9624 2853 9514 9083 3252 15832 16144 12887 7710 11098 5207 14301 12997 6439 10924 10229 4640 9039 6618 13496 11291 13298 5179 5121 11694 3423 2063 13345 3757 10379 4181 8577 10660 12914 2471 6936 8200 7810 7844 10265 8133 4277 6699 568 11971 8433 3787 12720 9798 7328 2084 12406 6237 7229 5931 7947 4022 8207 9482 9045 832 8481 12934 6925 5724 4612 6417 4288 6830 5366 12598 7696 9182 4302 10324 9090 7982 12568 11995 3293 6048 14569 10923 7710 4256 1665 7738 13948 1637 14196 9370 5574 6078 6671 7897 11030 7743 6127 5055 8173 10266 11628 5617 5499
18186 13739 18054 7532 14637 10704 1323 7190 13721 12364 7188 3803 3163 11168 11661 15181 12560 15815 8460 13415 11730 8897 18756 11611 11599 10379 15512 8293 5733 9554 10586 19535 5700 2424 4756 18460 7012 10826 7692 6281 13001 8666 18062 13022 17192 857 17929 7769 15533 15110 12788 11863 18448 7796 12068 18551 14886 15699 6958 4462 10144 5134 8516 13336 8905 8722 10000 2225 7480 15439 10349 18839 17094 5638 4931 9364 2663 6300 7098 14057 12233 7107 17970 10365 13728 16204 8996 8473 6355 18359 14230 9820 19325 8867 16742 18626 10517 10022 18615 6062 11359 18731 11482 7331 7949 11907 8972 3671 7399 11005 1127 18626 11836 3060 18995 8215 8084 3740 12122 13479 4181 13895 11435 7620 13154 11258 13984 15071 11071 6650 10890 15721 18656 742 15310 8479 2393 8474 8850 15944 9134 7495 11590 7166 17383 5874 17039 9920 3510 6517 13804 17227 11120 10652 9138 8877 13664 8613 16423 5018 5110 10197 9060 13748 17286 6042 13318 8212 5043 5931 13425 13454 11085 5625 8581 19519 15990 3378 9600 8993 16559 7337 8837 16822 5361 9708 9839 4742 9463 18187 16708 19604 3394 12066 9130 8778 11608 9015 16079 10981 10015 7709 5351 14933 6615 11213 9938 9753 12733 12596 10947 11627 10967 9450 11438 14067 9558 11992 7620 20109 1203 16755 11290 16630 10058 14290 17242 11382 2080 1103 18140 2414 13333 8127 17294 16247 9758 7588 14633 14257 17199 3918 16821 8311 17669 14811 10518 11158 8304 5541 7172 6826 4482 20026 13123 8044 13927 11288 15247 5695 19986 5966 3663 19161 3956 5585 13896 5794 16575 13698 12543 13980 13440 11749 3685 5354 10888 14252 10736 17883 16671 14540 3205 11749 11688 5300 1959 5072 0 10009 13502 4189 2100 21174 8496 6704 12111 14696 6031 12924 13878 4198 20013 20777 17915 12598 14497 5775 19135 17975 11501 14365 7996 6721 14078 6271 17815 16165 18188 8197 9833 16624 8127 4701 17226 5354 10170 8770 13399 14154 17019 7519 8002 7221 6633 12179 15226 12612 9165 11611 4967 16725 13500 7878 16750 10743 9655 7149 11681 11251 4740 10769 12601 1947 11063 14418 13952 4524 13538 17824 11615 9221 2438 9700 2110 2618 9481 16403 12451 12568 4021 13870 11303 13016 17206 16016 8294 11054 18724 13869 12441 8350 6046 12792 18892 6592 18209 13952 8453 10876 11002 11659 15970 11182 10575 10044 13089 9080 16177 10647 9572
18727 10373 16146 16878 20044 17146 8689 13032 17565 12667 5334 9691 6872 17483 6171 11693 11794 16760 6961 13849 1790 18364 17368 19979 1977 11418 19712 16652 8441 3988 15168 25914 13011 12289 14705 23485 14063 9422 14557 7292 11123 15545 24194 20075 19520 10764 24411 15311 11734 20567 12814 3754 23489 16234 7705 23575 21886 21542 3055 9001 14954 9052 3454 9553 4957 2651 5012 11712 2555 19293 11942 23970 19684 9978 5480 18290 12508 10581 11164 19430 13686 17028 21398 15132 21464 23159 17060 12288 8936 18628 12211 191 19857 4964 18141 24408 14244 135 18433 12594 19448 20491 12448 10569 16654 20356 17252 6599 8238 18881 9144 24403 18785 8828 25304 1873 17986 13744 17282 21015 13229 17375 11321 17586 9733 18692 20285 15622 18860 10274 17741 19737 24619 9269 22037 17571 12228 13692 3831 22127 18689 12006 11405 12594 23900 7083 22137 18822 7963 16215 14654 17223 16856 16089 15504 5871 11707 17408 18941 5745 4962 3584 16487 13899 15840 15871 21176 14939 9653 15612 14318 19122 4508 15549 12064 18075 11846 8413 8525 15656 23388 14471 14209 13443 15369 14584 14998 12440 17866 19015 20376 18604 10801 16444 5931 10081 5095 18567 16986 16180 17851 17112 14376 20289 4749 8203 11483 11762 16382 13289 1875 17219 19462 4212 4446 8908 17501 5972 12155 17468 10638 15763 14581 16259 5387 18461 23962 17772 8745 11053 20565 12179 10277 17705 13730 21980 5216 12267 21793 11439 19984 13825 13160 5552 24070 11894 4360 13528 18221 13596 16251 9765 13776 17529 8353 17280 17861 18252 15346 8291 18807 12705 13468 16825 12935 11730 21559 12858 21438 9677 17017 15227 12886 19567 6637 9401 885 20110 10670 18114 18564 11707 7261 13929 19461 15136 8134 10988 10009 0 12965 5955 7981 18832 12511 7454 12534 17294 13710 9758 14356 7805 26150 19063 19056 17283 22026 5793 18641 18619 15222 21844 17965 15266 16084 4382 15473 16456 22256 7829 11626 17161 10927 8927 24009 7279 1604 14808 14152 10641 23410 12545 17243 2901 16577 18377 19198 18483 14430 13396 10430 16284 16082 14729 23289 3946 6550 11839 1684 13784 5352 15913 12947 11460 19184 15489 14971 10211 15918 17878 17076 8694 12219 17405 11775 12363 16214 23331 17630 20139 6938 10597 6568 16777 22326 22598 11966 15407 15674 9228 17694 9698 12649 15303 19121 12277 24732 13559 16511 12460 11085 18782 16709 18709 16686 12856 14410 950 15022 14918 16358
5764 3849 4592 14648 10225 9938 13073 8348 6872 1332 8548 9767 12826 9916 7365 4011 1186 3909 6449 1372 13151 15840 5269 14483 12417 3189 8670 12618 7855 8978 6816 15948 10178 13840 16755 12461 9904 3591 9726 7799 2127 9969 14225 12414 7016 14207 14826 10844 4493 10649 869 10372 12479 12565 5809 12535 13574 11812 12178 9041 7072 8368 9683 4516 8084 10451 7981 12950 12049 8025 3455 12970 7314 7966 10849 14526 15576 7466 6865 9779 2623 16636 9352 7048 14389 14460 12316 6034 7169 5693 1973 12924 6907 8086 5338 14006 5592 13096 5611 9247 13655 7659 2342 6337 13224 14878 12766 13516 6394 12961 12510 13996 11485 10464 15351 12008 19512 15280 8298 13763 12570 6365 2097 18785 4101 12154 11507 2736 12810 6980 10793 8508 14382 13162 13305 14464 13737 7516 9203 12663 16300 6981 1948 7911 14458 8285 11434 14795 10254 15220 2181 4307 8858 8179 9251 7226 1943 13773 6640 10319 12810 9490 11080 1125 3785 18154 14391 9610 8507 14836 2054 9948 8899 17504 5720 6037 5069 10223 4729 9702 14463 10075 7720 4562 16428 7107 7535 10673 13294 6053 8688 6228 10669 6949 7107 4725 8576 16212 4103 7897 12335 14918 12863 10335 9596 4834 3724 4082 6036 1639 11710 8827 14390 8754 9196 6207 12331 7836 6956 6741 14702 3287 5057 3422 7604 7779 14768 10158 11533 14302 8000 15517 3548 15743 5039 12010 7752 7090 13738 3037 7698 16320 4861 7717 14449 3206 8790 3848 17423 11197 13743 6694 13142 6619 5874 14618 7148 11215 2381 7928 6568 9486 16387 5752 12402 8978 14340 9875 10644 4737 7320 2881 79 13276 11251 8159 13382 10820 2846 5174 5941 3064 11198 3574 13137 15083 12330 9008 13502 12965 0 11535 13239 7699 6203 7346 1574 5439 10700 3864 1680 9583 15869 7283 6132 7705 14461 9361 5962 5654 5725 14253 19054 12363 4103 10446 4514 3491 10576 5994 3913 4201 5585 8805 14888 8668 11477 8661 1834 3983 13910 7433 14609 11645 16481 10209 8073 9833 7598 3092 8825 3479 4686 9737 14004 9326 6434 7257 13414 4040 12915 7739 1250 12953 13551 2914 2522 9196 4385 4968 8591 4820 13604 11906 13251 15699 9978 14553 8492 13239 10359 3697 6708 6353 11607 13527 5992 6575 5689 5536 8618 5164 9325 4259 6205 8292 15138 595 12060 3142 2519 11737 3798 12308 9294 4576 2566 12869 2675 6366 10103
16929 10729 15797 10971 15653 12188 2928 8065 13851 10667 3543 4191 1496 12591 7886 12224 10419 14634 5394 11861 7613 12444 16725 14368 7434 8821 15904 10982 4148 5531 10946 21199 7504 6356 8945 19369 8714 8235 9304 3755 10458 10340 19564 14956 16710 5010 19625 9857 12495 16168 11005 7710 19366 10532 8613 19462 16828 16989 2930 3861 10607 4254 4412 10162 5109 4545 6149 5757 3400 15648 9064 19813 16734 5222 869 12490 6819 5984 6780 15034 11061 11086 18049 10818 16103 18144 11492 8191 4893 16991 11728 5770 18104 5074 15809 19945 10386 5986 17066 7316 13923 18037 10010 6524 10888 14724 11621 2006 5181 13420 3221 19942 13675 3112 20611 4104 12272 7865 12901 15723 7324 13844 9463 11805 10080 13388 15491 13675 13430 5959 12637 16024 20075 3455 17099 11722 6291 9057 4811 17432 12756 7523 9603 7759 19089 3275 17953 13034 2375 10262 12465 15698 12190 11520 10500 5351 11144 11631 16003 1267 1680 6099 11119 12093 15173 10215 15764 9760 4682 9659 12080 14578 7062 9813 8115 17494 12867 2799 6957 10540 18431 9116 9547 13986 9496 10180 10490 6781 12209 17055 16867 17757 5061 12401 5598 7121 7633 12635 14894 11726 12380 11196 8496 15929 2679 8080 8578 8611 12709 11096 6763 12635 13803 5469 7381 10548 11984 8134 7680 17655 5044 14797 10981 14919 6287 14620 19063 12860 2805 5282 17737 6530 10394 11767 14417 17489 5972 7736 16667 11468 16937 8101 13891 4723 19315 12025 6511 10352 12275 7909 10390 5725 7848 17622 9645 11397 14115 13119 13663 4013 18080 7364 7814 16787 7033 6500 16227 7419 17351 10477 12957 12835 11461 14141 741 4643 6840 15510 8703 16480 15963 11765 1359 10896 14049 9185 2239 5739 4189 5955 11535 0 2440 18861 8338 4198 10446 14238 8135 9915 12376 2608 21550 18688 16912 13131 16755 2268 17476 16755 11440 16589 12180 9511 13298 2138 15386 14713 18595 5572 8588 15300 7193 3919 19083 2988 5986 9899 11988 11125 18647 7884 11359 3082 10642 13569 15488 13824 9833 10549 5261 14989 12970 9492 18458 6666 6257 7248 7592 10537 1566 11469 10945 5507 13643 13219 12700 4907 12910 16344 12545 6748 6275 11968 5826 6729 11097 18330 13256 14817 1498 10900 7671 13067 18137 17734 7904 11314 16078 10479 13288 6638 7351 12183 17526 7297 19933 12078 10930 9644 9069 13601 14705 13371 11848 9366 11919 5068 14125 10833 11227
18331 12892 17670 9547 15814 12035 829 8168 14494 12228 5872 4267 1113 12480 10294 14376 12193 15980 7514 13366 9728 10945 18499 13444 9647 10280 16422 10070 5418 7971 11418 21009 7045 4511 6724 19619 8359 10190 9019 5536 12419 10042 19465 14563 17711 2791 19408 9301 14680 16309 12613 10112 19610 9584 10929 19711 16444 17000 4950 4500 11014 5115 6846 12386 7508 6931 8567 4172 5489 16266 10386 20027 17670 5902 3292 11301 4532 6662 7502 15212 12361 9207 18758 11235 15441 17769 10710 8950 6151 18449 13683 7790 19496 7472 17039 19957 11119 7985 18613 7169 13123 19159 11447 7508 9811 13762 10743 1583 6871 12712 1647 19956 13328 3142 20448 6233 10015 5820 13168 15142 6047 14586 11142 9605 12264 12859 15361 15121 12757 6848 12333 16593 20028 1408 16811 10445 4473 9359 7251 17329 11199 8085 11291 8010 18863 5063 18191 11857 3026 8596 13869 17226 12280 11715 10390 7664 13101 10509 16966 3557 3037 8532 10604 13651 16976 7915 15054 9524 5279 8004 13483 14666 9502 7571 8972 19269 15086 3180 8913 10322 18099 8727 9790 16098 7426 10573 10789 6148 11274 18395 17523 19451 4498 12912 7916 8587 10072 11080 16245 11995 11692 9737 7246 16104 5096 10270 9928 9848 13423 12564 9039 12767 12822 7906 9818 12894 11253 10559 8230 19623 2681 16525 11822 16530 8687 15161 18767 12720 2123 3083 18704 4213 12526 10193 16548 17532 8374 8239 16224 13545 17823 5846 16040 7050 19127 14105 8951 11448 10403 7130 9119 6831 6438 19568 11975 10038 14729 12770 15202 5329 19803 7135 5506 18716 5788 6504 15594 7061 17664 12721 13431 14145 13170 13453 2221 5444 8852 15528 10398 17952 17077 13839 2064 12027 13381 7396 1008 5832 2100 7981 13239 2440 0 20772 9033 5994 11988 15205 7522 12072 13861 3665 21439 20499 18186 13541 16171 4491 19079 18137 12154 16026 9984 8511 14424 4574 17333 16196 19125 7486 9879 16724 8275 4679 18765 4611 8268 9911 13423 13299 18467 8270 9997 5277 8732 13490 16075 13853 10107 11784 5529 16613 13960 9210 18227 9101 8533 7758 9661 11588 2657 11759 12489 3891 12830 14561 14063 5085 13951 17853 12721 8618 4503 11336 4126 4403 10848 17964 13513 14226 2955 13048 10039 13744 18366 17493 8713 11849 18121 12783 13521 8117 7175 13205 18986 7465 19701 13743 10153 10951 10722 13190 16095 12805 11814 10373 13231 7041 15893 11400 10957
5780 8523 3119 21881 14862 16279 20676 15771 11861 8934 15536 17462 20247 16093 12661 7141 8618 7086 13498 8108 18410 22918 2726 20795 17663 10882 12567 19629 15475 15067 13431 19242 17689 21526 24412 15257 17219 10628 16914 15244 8404 16914 17815 18037 9100 21894 18660 17965 7114 15085 8478 15404 15290 19674 11162 15294 18595 16125 18909 16713 13822 16042 16083 9307 14554 16727 14010 20640 18648 11887 11072 15681 9595 15664 18094 21406 23274 15154 14519 14678 9595 24059 11458 13717 20002 19063 19166 13535 14821 5277 7134 18852 5720 14570 7475 17199 12471 18967 4456 16776 19960 8128 9912 14029 20321 21149 19635 20867 13907 19313 20158 17186 17470 18122 18756 18404 27065 22939 14108 19377 20164 11258 9739 26325 9191 18375 16624 7028 19131 14677 17076 12232 17676 20803 18090 21520 21424 14742 15534 17013 23376 14538 9585 15394 18480 15725 14874 21573 17848 22629 8097 5229 15072 14612 16108 13884 7718 20763 9442 17603 19930 15274 17899 7696 3938 25798 20150 16686 16203 22297 8387 15164 14330 25140 13262 2165 7091 17856 11909 16573 18899 17316 14814 5404 24024 14010 14332 18270 20074 6293 11686 2812 18362 12873 13688 12403 13773 23301 6928 14224 18929 22137 20344 14823 16586 11037 11396 11705 11701 8889 17174 14839 20872 14909 14443 10046 19044 12891 14490 1389 22376 4606 11705 5162 13670 12409 18942 16258 19174 21994 9393 23216 8715 22949 5179 16062 13926 14609 18895 7550 9987 24002 5735 14487 18318 7032 14490 10940 24743 18680 20993 14387 20710 1304 10487 21762 11999 17378 6517 15534 2406 17009 24080 2079 20015 16599 19883 17393 14194 9157 12970 8333 7755 19428 18684 15847 18977 15728 10441 5322 8320 7258 18710 10442 19295 22620 19908 16682 21174 18832 7699 18861 20772 0 13660 14785 9191 9761 18136 9239 7780 17162 18858 1278 6884 13306 19794 16606 3801 5991 12115 19603 26573 19657 9123 17430 3486 6127 12932 13318 11562 6213 13265 16473 19101 16161 17230 15667 8309 8215 17984 14911 21761 18318 23952 16003 12095 15430 14609 10238 16519 5035 10057 16883 18239 14886 12954 14840 18718 11015 20100 14166 8741 20649 19932 7915 8141 16894 9789 5067 14615 12162 21289 18569 20943 23397 16703 19084 14144 19116 17836 8308 12316 11813 14984 18021 13550 13027 3207 9632 14274 12823 16850 10236 5140 15835 18911 7312 19027 10655 10173 17799 6756 18562 15693 11932 8933 19028 5054 13030 16798
9821 8477 10653 8463 7547 4976 8555 2146 5524 4872 7180 4806 9102 5206 9387 9464 5768 7467 5991 5552 13499 9705 11013 8996 12927 3296 7567 6575 4294 9244 2682 13410 4029 8136 10851 11122 3720 5639 3632 5258 6879 4131 11684 7934 8717 9012 11927 4768 9942 8071 5340 11642 11121 6455 8558 11214 9605 9031 10372 4596 2443 4094 9170 8605 8043 9927 8734 7315 10536 7318 2799 11585 8650 3169 8052 8532 10028 2393 1564 6930 4096 10446 9760 2622 9651 10812 6425 261 3646 10050 7731 12387 10926 8017 8278 11911 2088 12611 10418 3121 8236 10235 3861 1951 7111 9408 6836 9937 4333 7548 7770 11906 6708 5891 12797 10885 13405 9397 4775 9095 6533 5565 4686 12665 8214 6980 7840 6903 7445 2393 5740 7688 12111 8412 9652 8356 8039 1566 8976 9630 10164 1006 4812 1734 11426 5560 9729 8871 6175 9025 5673 9065 4416 3621 3630 7223 7323 7717 7958 7529 9988 10043 5297 5968 9744 12203 9493 3641 3776 8659 5333 6613 10139 11534 620 11731 10527 5900 5272 3992 10994 3929 1994 10570 10380 2088 2535 4659 7423 9768 8551 11628 5180 4080 7321 3033 10224 10069 7725 3674 6706 8735 6694 7800 7850 7151 2711 2231 4408 4784 12094 4733 8743 8993 10566 10142 6574 9935 898 12854 9613 9056 2806 8661 8469 6283 11527 5501 6949 9021 9690 10053 8004 9560 11067 9473 8376 978 9591 8348 8792 10544 10772 7233 11579 8782 9708 2815 11220 5026 7557 2778 7058 12703 9332 8464 5782 6252 7241 4446 12051 3351 10703 11850 6408 3087 9682 3733 9081 8990 4645 5682 6171 8058 7737 3712 13242 7604 4399 9608 8175 8540 7365 3390 7925 8960 8025 3436 8496 12511 6203 8338 9033 13660 0 5058 4629 6212 4505 7892 5903 5747 13639 13006 9457 4855 10019 6969 11008 9596 3133 9818 12916 6170 5606 8467 10694 7986 10257 5019 2453 8335 1690 4472 11588 5556 11515 2899 5377 8833 10924 1250 8453 10071 10311 5984 7153 6005 2089 3443 3558 8774 5004 3683 10828 10248 7143 1353 13655 2839 9904 3407 5002 7395 8059 6135 5735 4011 5045 9603 4576 4799 7894 6234 7627 10208 4440 10969 5125 8337 6845 8476 8659 4749 9916 10158 563 2995 11891 9598 5185 3167 3193 4303 10569 2199 12250 6438 6072 3065 4348 6818 7667 7075 4403 1738 4867 11977 8649 2507 4589
12755 7036 11691 10913 12599 9779 5973 5782 10273 6475 2129 3688 5489 10089 5547 8486 6249 10487 1869 7676 8506 12393 12566 13080 7981 4675 12404 9971 1397 4460 7723 18462 6316 7862 10886 16102 7075 4201 7445 459 6426 8352 16741 12741 12745 7521 16965 8371 8830 13123 6808 7014 16104 9639 5532 16193 14510 14089 5470 2707 7500 2276 4162 6645 3316 4892 4273 6984 5558 12047 4997 16578 12817 2884 3571 11830 9180 3288 3748 11983 6967 11967 14312 7680 14263 15762 10193 4838 1558 12805 7689 7329 13931 3282 11708 16964 6862 7553 12869 5642 12447 13982 5858 3116 10184 13480 10476 6170 1001 11821 5599 16959 11463 3742 17851 5848 14086 9493 9831 13769 7593 10159 5267 13463 6451 11492 12849 9498 11769 2879 10432 12466 17169 6197 14624 11302 7765 6279 4050 14677 12799 4591 5408 5291 16457 943 14732 12306 3201 10769 8307 11502 9416 8642 8188 2750 7108 10928 12075 3023 5586 5281 9402 7899 11025 12301 14022 7749 2863 10217 7925 11668 5675 11741 4629 13337 9286 3350 2934 8399 15973 7462 6793 10159 10985 7131 7550 6101 11108 12901 13201 13573 4988 9039 2956 3013 5965 12683 10743 8727 10831 11183 8467 12848 2836 4533 4505 4632 9093 6924 7148 9770 12654 4233 6105 7522 10547 6011 4734 13629 7880 10619 7294 10722 4140 11132 16533 10381 4625 7693 13787 9018 6634 11929 10622 14530 3928 4857 14446 7594 13059 10223 10135 2471 16621 8153 5149 6431 13042 7172 10107 2325 8235 13575 6572 11165 10561 10949 9469 1312 13904 5816 10129 12725 7321 4820 14334 6080 14054 7014 9612 8716 7273 12456 3915 2453 8194 12656 4508 12292 11928 7883 3930 6928 12338 10080 5173 4217 6704 7454 7346 4198 5994 14785 5058 0 6258 10335 7057 6220 8194 2507 18697 14548 12785 9861 14755 2156 13279 12587 7877 14564 13802 8856 9286 3550 11339 10525 15026 1507 4562 11125 3513 2479 16585 1391 6519 7464 7822 7451 15963 5167 11137 5094 11637 10953 11924 11036 6998 6508 3674 10793 9071 7595 15851 5616 3225 4462 8643 6653 5639 8459 6754 6865 12209 9081 8557 3697 8969 12150 9623 2625 7671 10361 7220 9219 8943 15928 10180 12928 3051 7170 4996 9478 14921 15166 4517 7982 12139 7247 10243 2542 5714 8274 13339 5084 17287 7883 9686 5573 4872 11497 10541 11537 9285 5581 7808 6931 9960 7491 9092
6506 4667 6111 13079 9256 8542 11763 6775 6003 257 7738 8337 11660 8559 7422 5222 1463 4302 5703 1419 12931 14282 6663 13043 12223 1733 7988 11073 6570 8603 5420 15132 8607 12336 15226 11861 8334 3194 8169 6692 2823 8447 13382 11141 7012 12789 13913 9291 5715 9715 721 10331 11875 11009 6009 11941 12416 10867 11403 7668 5631 6998 9135 5143 7578 9931 7689 11453 11339 7403 1893 12371 7217 6514 9823 12993 14104 5968 5331 8758 1479 15063 9095 5630 13089 13381 10797 4460 5849 6547 3271 12471 7682 7573 5631 13261 4157 12659 6637 7677 12223 7973 769 4851 11669 13443 11241 12390 5266 11525 11155 13252 10145 9105 14523 11389 17951 13752 7084 12471 11015 5579 1221 17222 4705 10753 10373 3251 11381 5512 9396 7887 13603 11812 12208 12910 12234 5963 8707 11683 14742 5413 1161 6337 13510 7171 10720 13276 8972 13646 2135 5258 7515 6796 7751 6671 3005 12228 6488 9278 11826 9216 9572 1664 5254 16619 13061 8068 7080 13264 1786 8836 8794 15964 4148 7419 6308 8900 4026 8195 13421 8511 6188 6041 14875 5625 6071 9117 11781 6681 8253 7499 9179 5764 6602 3401 8578 14652 4548 6550 10858 13349 11292 9400 8751 4777 2208 2525 5009 756 11464 7539 12920 8360 9141 6870 10833 7943 5385 8286 13306 4659 3733 4546 7321 6948 13779 8814 10191 12870 8050 14060 4260 14175 6529 11123 7409 5518 12547 4138 7552 14811 6297 7072 13537 4451 8587 2420 15849 9625 12174 5285 11582 8153 6340 13055 6299 9839 3224 6660 7875 7916 14894 7290 10852 7429 13055 8304 9938 5448 6202 2696 1542 11878 10095 6757 13040 9758 1885 6035 6032 4252 9981 2295 11739 13518 11049 7491 12111 12534 1574 10446 11988 9191 4629 6258 0 4990 9126 4407 1941 8324 15123 8687 6622 6581 13220 8366 7091 6347 4455 13011 17488 10792 3672 9581 6081 4267 10174 5063 2372 4876 4077 7441 13889 7501 11134 7137 1631 4912 12964 5859 13046 10909 14910 8940 7401 8625 6084 1710 7340 4633 3961 8185 13018 9148 6014 5694 13171 2652 11894 6369 502 11469 12105 2964 2440 7727 3708 5900 7307 3958 12099 10420 11758 14237 8497 13489 7315 11897 9180 4575 6700 5371 10901 12493 4423 5238 7263 6216 7436 3872 7756 3337 7081 6723 14232 1879 10524 1572 1470 10375 4317 10899 7895 3023 1939 12327 4137 4971 8627
4400 9285 7540 12910 5261 6743 14758 7737 2102 4951 12193 11013 15178 6481 12411 9325 6231 2722 10338 4086 17832 13704 7116 11117 17141 5878 3303 10470 10092 13456 4476 10608 9652 14104 16539 7023 8727 8158 8215 10689 7504 7860 8928 8275 2507 15176 9612 9057 9779 5583 5032 15306 7042 10634 10980 7097 8938 6719 15781 10716 4950 10140 13846 9916 12361 14650 12600 13352 15812 2622 5392 7532 2495 9303 13794 12041 16044 8545 7706 4982 3639 15352 4127 4765 10245 9576 9860 6267 9346 4810 7329 17213 5262 12350 2539 8622 4187 17415 5490 8919 10292 4056 4882 7753 11231 11454 10326 15993 9363 9676 13981 8611 7752 12072 10027 15976 18607 15159 4442 9618 12206 1504 6179 17846 9488 8708 6912 3313 9486 8382 7473 3097 9021 14624 8507 12328 14013 6442 13473 7610 14144 7205 6143 7610 9303 11111 6048 12121 12265 13950 3260 4536 5537 5277 7026 11441 7381 11528 1768 13244 15808 14118 8632 4330 6614 17783 10389 7833 9925 13760 3418 5414 13761 17104 6233 7597 10316 12037 8805 7463 9490 8668 6253 9342 15842 5308 5420 10500 10669 4118 3278 7088 11340 3385 11412 7355 13564 14087 2844 4847 9432 13135 11975 5287 13109 9767 5874 5703 2259 4271 16362 5214 11260 13206 14118 11629 9627 12931 7077 9528 15791 5809 3408 4862 12241 2717 9680 6606 13146 15164 3507 16112 8962 13897 9723 6811 12299 7109 9204 8448 2726 16382 9755 11747 9239 8527 13526 3908 15812 10451 12091 8521 12602 9287 11220 12671 2243 7715 4007 10225 7545 9098 16615 8620 12158 9169 10132 9416 5260 10162 3318 2562 5491 9721 13721 9784 17865 6054 6707 4561 2083 8432 13428 3413 9592 14288 14199 9624 14696 17294 5439 14238 15205 9761 6212 10335 4990 0 9828 9224 3782 11751 10477 8713 3637 3612 10073 12479 6184 4149 3274 9877 18025 10912 1348 13874 8083 3773 5194 9520 5782 3550 7047 10557 9819 11279 15976 6832 3636 9419 8765 7207 12679 15358 15364 6269 2716 5677 5951 3903 9770 4988 1269 8117 8928 14092 10892 7550 18059 3705 15788 4881 4725 13469 10294 2637 2926 10223 1380 4746 5009 8602 13865 9134 13662 16250 7428 9631 4426 9363 12795 9136 11689 2208 6213 8566 6493 3980 9447 10959 4553 7805 8967 2063 5216 8178 9910 5050 9848 4847 6308 8095 3064 8904 6231 4878 3062 16985 5952 4238 7488
13931 12607 15152 4098 8702 4699 6765 2368 8374 9372 8908 4027 8134 5169 12483 13748 10188 11657 8734 10036 15111 5486 15463 6274 14708 7674 9872 2962 5690 11459 5360 13524 742 4557 6713 12511 1134 9564 1773 6945 11183 2657 12032 7044 12175 6153 11918 1779 14208 9154 9841 14033 12497 2591 12086 12601 8923 9684 10918 4745 4884 4867 10919 12575 10360 11508 11329 4028 11282 9930 7263 12869 11971 4187 8326 4773 6486 4022 4152 8147 8542 5941 12457 5079 7992 10247 3367 4666 5602 14225 12143 13545 14959 10324 12218 12599 5856 13774 14686 1569 5791 13838 8361 4932 3128 6648 3543 8936 6937 5289 5890 12599 5824 5024 12975 11860 8963 5362 6388 7650 2430 8697 9055 8212 12232 5343 7954 11259 5307 4598 4860 10132 12625 6341 9307 4281 4484 3479 10953 9913 5925 3762 9194 2792 11372 6927 11103 5256 5820 4520 10077 13379 5266 4962 3242 9791 11693 3870 11393 7982 9731 12272 3081 10459 14235 7962 7638 2281 4243 4162 9762 7502 12731 7283 4987 16164 14775 5372 8788 3014 10583 1353 3581 14986 6042 4522 4440 1385 4161 13787 11182 16000 3111 6681 9979 6807 13013 5818 11902 5356 4250 4376 2219 8999 9079 10779 7087 6656 7617 9282 13902 5782 5754 11247 13161 13916 3849 12984 3763 17356 6810 13530 6689 13073 11179 8749 11256 5369 5578 6029 13004 6638 12133 5189 15485 10236 10981 3620 8703 12648 11984 6612 15154 9521 11650 13122 12200 7205 6738 630 3210 5209 2774 17202 13016 4226 8518 5270 11662 5806 16435 1338 6900 16351 2451 2260 8128 997 10699 12971 7049 9980 10666 6016 7394 4617 14561 8252 8627 13824 11910 12867 6797 7733 5930 4534 6660 2853 6031 13710 10700 8135 7522 18136 4505 7057 9126 9828 0 11923 10358 5905 13987 17434 13388 7007 8683 7982 15312 13691 6581 8529 8446 1849 9624 9328 15198 12311 12461 7907 6854 12567 5431 4863 11249 6575 13186 3090 9829 12994 10997 3268 4204 10862 5816 6174 9687 6648 3877 7898 3415 13192 8829 1939 10737 12650 10104 3543 15179 7158 9485 5200 9508 4244 5514 10432 10092 3532 8974 13866 5815 8280 4340 3853 4296 6735 3467 10443 6684 6735 6837 12644 11847 7799 11264 10003 4728 5860 16387 13464 6649 6660 1484 8303 14719 2483 12204 10943 2809 7569 8672 5671 11901 5299 4645 6210 9248 12942 13146 5597 3550
9294 821 6405 16021 13655 12553 12150 9817 10407 4361 6434 9646 11376 12649 3720 2310 3009 7722 4558 5152 9643 17386 7610 16855 8891 4719 12356 14405 7320 5867 9524 19537 11256 13925 16959 16206 11432 2363 11478 6649 1738 12020 17789 15326 10877 13738 18316 12603 2615 14119 4199 6724 16222 14227 2108 16284 16715 15268 9675 8714 9628 8111 6846 749 5317 7509 4807 13024 9408 11745 5364 16717 11178 8168 9091 16370 15368 8008 7772 13146 5885 17579 13207 9681 17218 17730 14310 7647 6890 9109 2506 9754 10352 5335 9153 17656 8242 9893 8800 10355 16072 11432 4883 6997 14866 17265 14713 11899 5609 15376 11818 17647 14238 9932 18929 9178 20046 15520 11380 16616 13226 9968 3503 19378 324 14711 14700 6556 15256 7422 13388 12231 18004 12408 16550 16099 13824 9445 6300 16076 17833 8275 3446 9287 17908 7080 15104 16738 9419 16248 6007 7710 11651 10877 11464 4694 2094 15524 10501 8651 10803 6175 13186 4984 6087 18384 17138 11529 8510 15764 5807 13186 5373 17790 7279 8321 3070 9561 3381 11858 17789 11714 9813 4082 16911 9505 9989 11441 15308 9669 12498 8850 10837 10100 4481 5117 4937 17729 7894 10702 14580 16299 13840 13804 7453 1846 5250 5755 9410 5018 8266 11751 16629 5693 5596 2465 14465 4118 8325 7932 14099 6070 8005 6697 4453 11350 18166 12923 10845 13904 11851 15221 527 17110 4503 15530 4696 8485 16816 1700 11561 16353 3977 5316 17940 2208 5407 6640 18539 12271 15131 6883 13859 7947 2010 16124 10701 13868 6083 7318 9049 10590 16297 7178 12994 9792 17208 10958 14318 1107 10569 6701 3799 15823 9875 8076 10030 14128 3523 8615 9795 1985 10037 6657 15686 15803 11337 9514 12924 9758 3864 9915 12072 9239 7892 6220 4407 9224 11923 0 5535 8727 19520 9343 9840 10941 17430 7654 8939 9232 8753 17221 19694 13751 7876 8277 5786 7133 14402 4734 5519 7867 6526 8463 18272 7587 8181 10760 5590 1232 17362 8885 16106 9082 17323 13156 11763 12907 9810 6039 9126 6700 8319 11549 17407 5878 3754 8424 9929 6909 11009 10488 4540 12944 15913 6774 6354 9356 8043 8338 11528 3835 13715 14113 13287 15421 12264 17845 11637 15966 9134 985 3198 9776 15283 16866 7449 9442 6240 1820 11752 5288 10440 7738 9564 9459 18636 4382 13935 5486 3684 14426 7569 14832 11916 6809 6198 9855 5331 9094 12407
4565 5525 4868 14127 8727 8898 13602 7995 5356 1745 9664 10079 13570 8810 8954 5563 2657 2406 7609 524 14652 15215 5111 13479 13928 3585 7048 11939 8447 10391 5848 14347 9927 13924 16729 10804 9442 4938 9157 8625 3797 9233 12640 11165 5371 14521 13272 10229 6027 9126 1543 11939 10823 11950 7431 10877 12195 10288 13328 9476 6185 8814 10995 6195 9418 11783 9432 13062 13251 6388 3529 11312 5651 8243 11761 13780 15750 7628 6908 8320 1816 16279 7674 6115 13159 13012 11542 5796 7711 4615 3551 14302 5741 9415 3794 12385 4759 14484 4756 9024 12642 6142 2416 6552 12603 13862 12005 14310 7199 11960 12959 12374 10334 10916 13757 13277 19300 15265 7033 12527 12433 4813 3075 18557 5778 11094 10121 1311 11795 7231 9741 6869 12771 13619 11877 13821 13823 6970 10547 11155 15675 6819 2971 7633 12923 9102 9809 13997 10837 14849 541 3367 7749 7149 8456 8524 3609 13087 4966 11216 13767 10956 10279 555 3918 18095 13202 8958 8835 14519 638 8558 10438 17429 5550 5828 6580 10739 5908 8919 12987 9550 7068 5789 16283 6315 6683 10549 12489 4748 7014 5771 10816 5685 8436 5290 10153 15595 2639 6814 11432 14387 12570 8815 10683 6363 3953 4132 4654 1297 13196 7641 13453 10155 10755 7887 11485 9443 6757 7075 15062 3179 4061 2782 9058 6228 13257 9027 12011 14583 6374 15730 5228 15204 6222 10454 9176 6866 12390 4666 6028 16375 6159 8957 12896 4760 10287 3162 16975 10908 13234 7083 12962 6897 7545 14033 5615 10123 1372 8544 6179 9254 16495 6072 12298 8912 13091 9634 9019 6416 5979 1222 1740 12203 12010 8545 14823 9381 3799 4107 4317 4655 11875 2685 12065 14856 12907 9083 13878 14356 1680 12376 13861 7780 5903 8194 1941 3782 10358 5535 0 10204 14244 7104 4717 6361 13161 10307 5257 4406 4612 12955 18800 11887 2465 11517 5092 2341 8897 6999 4045 2935 5757 9259 13384 9419 12914 7954 529 5642 12377 7151 14030 12826 16174 8978 6452 8538 6884 2464 9004 2889 3152 9136 12494 10836 7808 7137 14905 3250 13832 6697 1458 13102 12567 1240 856 9416 2840 3992 7405 5880 13683 11032 13371 15900 9117 13094 7183 12074 11089 5368 8272 4926 9979 12052 5845 5518 6418 7216 7314 5770 9096 2888 5151 8095 13580 1273 11351 3015 3391 10615 2387 11263 8268 4167 1240 14192 2889 5415 9228
14695 9543 14050 9277 13051 9656 3516 5507 11270 8563 3377 1894 3436 10045 7696 10990 8557 12356 4284 9706 9237 10778 14849 12176 8878 6619 13307 8850 1757 5969 8340 18643 5210 5535 8512 16761 6314 6668 6858 2084 8873 7879 16992 12485 14243 5020 17079 7531 11337 13567 8949 8499 16757 8439 7930 16853 14342 14402 5076 1282 7999 1653 5196 9141 5071 5691 6160 4702 5400 13065 6753 17205 14241 2614 2506 10531 6710 3379 4185 12432 8742 9935 15488 8210 13740 15649 9259 5612 2501 14801 10121 7640 15864 5031 13457 17355 7813 7870 14952 4865 11659 15629 7792 3998 8883 12552 9447 4243 3265 11110 3093 17352 11195 1347 18050 5958 11776 7173 10295 13324 5707 11283 7487 11190 8956 10987 12936 11471 11100 3392 10151 13434 17493 3698 14580 9861 5442 6456 5350 14865 11144 4916 7638 5172 16547 1701 15346 11053 697 8868 10226 13567 9604 8922 7970 4845 9546 9639 13518 2094 4282 6731 8743 9987 13335 9910 13429 7285 2082 8283 9839 11985 7423 9380 5561 15619 11792 896 5420 8046 15920 6722 6950 12651 8730 7571 7885 4652 10062 14777 14293 15788 3103 9799 5089 4923 7853 11024 12619 9121 10074 9530 6756 13326 3253 7020 6286 6238 10139 8907 8095 10041 11658 5804 7823 9932 9711 8091 5072 16044 5373 12869 8438 12865 6141 12024 16540 10320 2119 5202 15258 6532 9140 10204 13118 14897 5867 5128 14203 10085 14426 7803 12637 4348 16762 10642 6854 7908 11070 5808 8570 3246 6319 15977 8983 9622 11529 10645 11540 1664 16143 4949 7675 15120 5415 4015 13849 5070 14743 9505 10352 10528 9516 11810 1991 2040 8658 12926 6750 14301 13547 10371 1692 8473 11709 8008 2750 3252 4198 7805 9583 2608 3665 17162 5747 2507 8324 11751 5905 8727 10204 0 18977 16855 14589 10524 14349 2160 15414 14506 8866 14176 11542 7496 10882 3424 13749 12541 16002 4006 6252 13081 4719 1313 16566 1173 7353 7342 9773 9957 16095 5280 9589 4970 9557 11011 12900 11243 7232 8184 2728 12948 10488 7039 15918 7202 5539 4639 9292 8073 4167 8863 8825 4541 11391 10935 10430 2438 10450 14196 9947 5067 5367 9638 4900 6735 8607 15831 10650 12430 1111 9676 7252 10490 15529 15200 5334 8713 14599 9701 10684 4453 4911 9712 15338 4734 17390 10081 8708 7324 7065 11147 12459 10988 9287 6875 9610 7045 12245 8234 8742
13154 19680 17498 14088 6127 9414 20719 13485 9125 15159 20817 17426 21907 8984 22312 19801 16517 12833 19450 14498 27084 13743 16666 9628 26477 15372 7200 12108 17830 22744 10989 793 14400 18245 19249 3626 13082 18029 12421 18885 17853 11399 1986 7062 9901 20064 2173 12247 20256 5609 15347 24968 3597 12585 21055 3580 5315 4610 23916 17700 11197 17406 22785 20244 21553 23554 22087 17921 24126 7858 14721 3179 9420 16422 21454 12106 19982 15717 15039 6731 13646 16493 7411 11018 7117 4141 11285 13862 17251 13655 17795 26026 13157 21531 11780 1864 12008 26250 14487 14322 9376 10738 14753 15585 12732 9594 11477 22743 17937 9420 19838 1874 8183 18587 1068 24510 19594 18393 8869 7035 16037 9553 16170 18945 19808 8883 6084 13713 9288 15932 9128 7380 1544 20321 4758 12982 18198 12560 22553 4123 13962 14210 16181 13806 2698 19154 4436 11722 19191 15595 13712 14219 9381 10103 11087 20676 17808 12370 9801 20973 23228 23510 10968 14784 16686 19930 7603 11918 16899 15826 13817 7038 23415 19361 14094 16862 20791 18798 18292 11120 3702 12721 12052 19747 18103 11575 11183 15323 11217 12613 7452 16070 16941 9812 20727 16266 23356 13995 12827 9977 10239 14131 15073 5904 21473 19716 15083 14683 10195 14506 25650 8969 10278 22489 23817 21973 10711 22860 14055 19110 20712 15945 11861 14916 21771 8176 3006 8731 19384 19902 9468 20228 19321 14455 20094 4176 21743 13962 5676 18901 8998 19594 20178 20784 2367 19001 23064 13147 16170 14477 13801 16399 16006 18838 21461 13545 8826 8727 14395 17983 16454 14326 20040 18377 16190 15084 6885 14379 5226 20524 9254 13023 15914 8750 20854 17020 26872 6066 16487 13747 10886 18899 20342 12966 8753 16662 20513 15832 20013 26150 15869 21550 21439 18858 13639 18697 15123 10477 13987 19520 14244 18977 0 17603 12044 8943 6243 20542 15088 12977 11136 6269 18914 13569 11780 22046 18200 13865 5932 18494 14872 13351 15241 17672 3098 19076 25112 11654 14037 19846 2998 13740 13582 23662 16812 7988 7796 7738 11793 13590 16290 15022 11214 12229 3305 23627 20387 14425 27255 12865 23060 10244 14987 18164 9644 13111 13389 16660 11502 14070 9093 17934 18071 10446 18149 20269 10591 3945 8523 7823 20076 19547 21563 9808 4266 4025 14184 10788 19509 21310 8456 16573 14304 11786 13725 14253 1972 15517 11757 14354 16154 8388 13145 9003 9705 13499 13352 25608 16253 11267 10483
4585 8691 2948 21086 13731 15330 20353 15081 10814 8431 15464 17020 20035 15122 12911 7417 8307 6101 13388 7488 18757 22074 2024 19806 18005 10411 11407 18785 15135 15210 12569 17997 17025 20994 23828 14010 16479 10474 16137 15006 8296 16074 16590 16973 7894 21470 17443 17160 7474 13934 7994 15754 14043 18854 11358 14045 17465 14955 18934 16319 12979 15646 16169 9511 14606 16849 14150 20120 18707 10737 10530 14428 8388 15200 17951 20520 22785 14645 13969 13573 8911 23326 10213 12860 18923 17895 18287 12900 14452 4088 7050 19069 4453 14619 6343 15958 11678 19197 3288 16127 18974 6867 9368 13534 19495 20152 18757 20689 13631 18339 19792 15945 16457 17745 17518 18512 26391 22362 13113 18303 19537 10217 9372 25644 9338 17388 15519 6202 18154 14198 16110 11066 16437 20445 16942 20676 20892 13997 15630 15839 22528 13921 9220 14733 17275 15491 13659 20664 17530 21894 7357 4233 14119 13700 15256 13882 7622 19906 8274 17443 19840 15482 17023 7103 3524 25198 19088 15881 15761 21587 7679 14084 14591 24533 12649 1277 7549 17506 11740 15720 17719 16551 14032 5807 23386 13195 13490 17652 19174 5080 10482 1637 17854 11915 13701 12005 14066 22457 5918 13300 18001 21337 19651 13680 16521 11073 10891 11157 10737 8296 17469 13859 19910 15035 14739 10441 18138 13189 13860 2172 21976 4027 10887 4362 13796 11314 17744 15273 18816 21555 8146 22746 8817 22141 5683 14874 14034 13970 17776 7644 8771 23457 6201 14464 17105 7170 14703 10231 23967 17996 20207 13956 20063 1945 10780 20941 10935 16391 5773 15205 1193 16355 23560 2327 19402 16008 18798 16734 12991 9411 11974 7506 7348 18423 18463 15426 19264 14611 10104 4191 7162 7367 18447 9703 18292 21948 19604 16144 20777 19063 7283 18688 20499 1278 13006 14548 8687 8713 17434 9343 7104 16855 17603 0 5674 12297 18686 16456 2607 4807 11243 18499 25880 18894 8184 17372 3596 5217 11683 13118 11034 5194 12754 16084 17904 15903 17469 14854 7629 8427 16784 14252 20942 18355 23241 14979 10954 14389 13810 9563 16020 4243 9112 16094 17049 15132 12970 14235 19059 10279 19987 13259 8211 20145 18959 7069 7355 16412 8861 3971 13640 11945 20755 17656 20427 22922 15818 17910 13128 18075 17590 8468 12501 10821 13764 16850 12943 12145 3794 9966 13256 12447 16198 9362 3905 15199 17690 6827 18175 10071 9799 16794 5785 17579 14761 11269 8187 19196 4611 12184 15906
1112 9592 5609 16547 8151 10334 17829 11207 5583 6450 14359 14143 18014 10041 13470 9056 7276 2320 12320 5236 19283 17328 4638 14583 18548 8110 5782 14104 12850 15079 8074 12390 13158 17539 20078 8422 12306 9635 11820 13196 8167 11495 10934 11548 2220 18463 11776 12688 9402 8313 6252 16486 8453 14271 11886 8465 11870 9301 18024 13700 8542 13071 15710 10384 14129 16496 14099 16748 17959 5138 7855 8867 2714 12345 16351 15647 19458 11633 10820 8062 5856 18983 4637 8368 13441 12239 13483 9454 12096 1616 7431 19006 1632 14127 1182 10341 7594 19185 2449 12373 13774 1664 6928 10688 14868 14897 13948 18790 11783 13188 17107 10327 11199 15116 11890 17994 22226 18673 7998 12836 15727 5045 7790 21465 10018 12205 9990 3435 12994 11359 11028 5428 10812 17763 11317 15957 17444 9943 15257 10179 17766 10462 7688 11013 11601 13660 7990 15704 15174 17577 4499 2430 9141 8912 10661 13239 7751 15155 2661 15800 18370 15615 12263 5158 4948 21350 13650 11453 12967 17375 4872 8642 15028 20671 9335 4825 9810 15011 10624 11100 12052 12270 9809 8368 19423 8874 9026 13962 14272 596 4807 4072 14636 7018 13147 9795 14687 17711 2079 8482 13016 16772 15562 8074 15366 10965 8336 8351 5893 5898 17840 8784 14778 14848 15317 11926 13232 13921 10353 7067 19054 4365 6764 3390 13723 5876 12069 10139 16211 18478 2621 19499 9426 17532 8598 9204 13857 10412 12202 8531 3103 19876 8839 13673 11435 8371 14921 6767 19449 14004 15726 11359 16153 6795 11799 16305 5625 11225 3773 12965 4488 12568 20082 6367 15660 12521 13298 12905 7317 10506 6907 4077 6209 13164 16485 12752 19501 9061 8503 1739 1641 8392 16281 6178 13041 17882 17199 12887 17915 19056 6132 16912 18186 6884 9457 12785 6622 3637 13388 9840 4717 14589 12044 5674 0 7163 13135 14928 3083 939 6809 12955 21650 14536 3852 16190 6409 2709 6116 11676 8344 1975 9912 13509 12230 13927 17593 10443 4998 9568 11110 10574 16314 17531 18987 9711 5375 9072 9521 6406 12949 3449 4564 11729 11376 15458 12507 10808 19545 6665 18409 8518 6163 16841 13801 3704 4230 13393 4449 2084 8592 10580 17297 12738 17060 19648 11062 12248 7931 12708 15554 9389 12831 5835 8100 11193 9621 7585 7618 11280 8049 10277 12427 5171 1794 11563 12028 5548 13483 7277 8090 11558 2347 12406 9847 7874 4994 18907 4928 7796 11119
8001 11247 10870 9533 2826 3178 12950 5417 1586 6685 11954 9287 13766 2880 13436 11700 8042 6220 10511 6405 18156 10203 10617 7512 17541 6501 2914 7046 9147 13804 2187 8812 7043 11532 13626 6267 5875 9202 5250 10093 9403 4628 7052 4833 5463 12920 7456 5857 12187 3337 6991 16033 6266 7275 12265 6359 5869 4421 15226 9303 2538 8879 13882 11687 12616 14662 13146 10900 15381 2923 5834 6731 5161 7910 12892 8494 13476 7148 6373 2252 5147 12058 5452 2321 6830 6800 6367 5047 8498 8420 9670 17167 8794 12594 6131 7150 3066 17388 9099 6539 6683 7164 6058 6794 7828 7854 6824 14612 9045 6064 12098 7143 4164 10447 8194 15707 15372 12341 836 6196 9436 2126 7461 14613 11250 5098 3805 6479 5874 7239 3870 3141 7399 12690 5628 8852 11452 4182 13630 5170 10632 5608 7502 5530 7013 10411 4877 8542 10876 10699 5843 8082 2015 2049 3845 11735 9526 8044 4718 12375 14798 14567 5196 6799 9910 14768 6913 4777 8471 10589 5772 2256 14483 14096 5232 11148 12769 10546 9367 4214 6848 5699 3770 12143 12794 2976 2765 7987 7118 7685 4176 10682 9221 874 11784 7324 14445 10583 6384 1653 5854 9739 8969 3039 12681 10887 6166 5749 1711 6119 16716 1622 7649 13548 14889 13400 6082 13988 5452 12963 13569 9096 2980 8253 12833 1742 7239 2995 11418 12850 6145 13606 10834 10465 12582 4779 12801 5400 6040 10665 5094 13602 12496 11857 7086 10901 14124 4330 12408 7633 8769 7626 9720 12737 12782 9238 1613 4103 7132 9299 11140 6651 13905 12013 9453 7066 6748 6878 4229 12010 385 5304 7726 6126 12496 8489 17979 3188 7666 8169 5531 10737 12069 4291 5995 11209 12545 7710 12598 17283 7705 13131 13541 13306 4855 9861 6581 3612 7007 10941 6361 10524 8943 12297 7163 0 6800 11822 9791 7750 2232 6594 14760 7724 4243 13318 11291 7207 5598 9559 5945 7107 6358 9218 7338 10410 16192 3929 5968 11489 6475 5295 9250 14916 12126 2704 2680 2189 3445 4903 8039 8383 3332 5106 6484 14686 11450 5891 18335 4052 14691 1837 6587 11071 6683 5616 5620 8470 3635 8342 1440 8996 11305 5587 11194 13716 4038 6909 845 5831 11633 11155 12685 1504 5065 5926 5364 1878 12653 12760 977 7641 6559 3479 8814 6081 7781 7540 6430 5532 7373 4497 6551 5293 2743 4559 5185 16791 9072 2370 4067
14153 17835 17577 7940 4985 5044 15389 9005 8012 13358 16850 12570 16817 4839 19394 18420 14677 12794 15971 13190 23239 7504 17184 3395 22734 12754 7375 6245 13607 19153 7908 5560 9261 12479 13136 6840 8047 15424 7493 14816 16019 6485 4718 2110 11001 14407 4100 6916 18911 4880 13705 21620 6806 6743 18462 6892 1387 4141 19424 13088 7847 12976 18905 18177 17962 19600 18725 12303 19733 7997 12088 6877 10540 12051 16846 5909 14076 11490 11030 5116 11858 10273 9424 7768 877 2116 5502 10278 13201 14631 16408 21876 14666 17932 12344 5662 9188 22107 15402 9484 3257 12497 12604 11758 6749 3352 5570 17614 14224 3496 14526 5670 3315 13654 5183 20239 13352 12401 6163 1033 10350 8617 13933 12704 17750 3367 3170 13217 3426 11877 4326 7741 5401 14918 2112 6816 12447 8553 18800 3486 7719 10203 14002 9471 3638 14963 6037 5496 14394 9449 12642 14594 5786 6576 6567 17190 16217 6277 10474 16439 18384 19968 5637 13592 16630 13737 1363 7089 12384 9734 12567 4671 20140 13189 10609 17633 19500 13958 15259 6375 2566 7642 8059 18938 11959 8048 7561 10068 5184 13721 8578 17049 11790 7513 17307 13030 20242 7753 12913 6728 4486 7956 9264 5084 17281 17048 12284 11793 8509 12844 21902 5689 4058 18910 20570 19843 4939 19945 10072 19600 15032 15816 9488 14915 18474 7386 3241 4550 14261 14210 11179 14354 17396 8231 19380 4512 18365 9934 971 17355 10246 13554 19285 17126 4022 17630 19690 10831 9927 9042 7766 12459 10198 19360 19128 7381 7834 3808 13888 13753 17497 9408 14025 18684 10551 10338 653 9335 6332 18529 7182 12090 14476 2756 16020 12625 22833 4078 13967 14495 11549 17451 15442 10940 2809 10585 15337 11098 14497 22026 14461 16755 16171 19794 10019 14755 13220 10073 8683 17430 13161 14349 6243 18686 13135 6800 0 16236 16093 13915 8768 209 12671 7802 10972 17691 18048 13835 8397 15006 12024 13609 11702 13130 3145 14747 21257 7297 12760 18113 3598 9597 7420 19289 10609 4283 7761 4631 7930 11510 11636 15043 10096 7314 3171 20218 17161 10297 23356 10579 18152 6947 13296 12569 3547 12379 12414 11914 10406 14731 5918 14803 12334 4837 12490 14370 5821 2305 5982 1948 15377 17767 18660 8264 6062 2686 10574 8001 19416 19236 5852 13186 9439 10276 14919 9751 4271 14328 6044 11946 13754 3258 13135 3388 5626 10654 11975 21343 15843 8335 5674
14872 8469 13553 11437 14496 11392 4729 7254 12339 8574 1416 4030 3724 11746 5892 9964 8223 12624 3125 9785 7129 12938 14507 14227 6738 6822 14453 10942 2713 3880 9650 20263 7266 7508 10388 18087 8277 5987 8764 1792 8202 9753 18569 14300 14898 6632 18731 9536 10243 15019 8882 6366 18087 10547 6438 18179 16126 15936 3404 3239 9379 3260 3038 7921 3131 3541 4228 6731 3583 14125 7153 18553 14965 4200 1495 12664 8422 4845 5506 13877 9122 12038 16428 9573 15670 17411 11305 6776 3324 14905 9472 5641 16048 3093 13859 18851 8892 5872 14936 6806 13673 16137 8000 5030 11011 14611 11520 4269 3153 13096 4660 18847 13009 3426 19659 4014 13700 9128 11718 15223 7860 12255 7319 13153 7825 12898 14587 11615 13072 4615 11963 14533 19029 5121 16305 12011 7423 7996 3225 16470 13304 6333 7453 6835 18210 1413 16698 13180 2571 11008 10441 13583 11180 10440 9734 3176 8888 11768 14224 1002 3462 4610 10697 9987 12948 11747 15384 9148 3860 10419 10061 13505 5380 11264 6617 15274 10627 2962 4716 9871 17654 8683 8511 11720 10726 8981 9360 6780 12142 15032 15298 15564 5263 11028 3429 5169 5865 13184 12879 10575 12070 11690 8917 14756 1101 5824 6662 6778 11166 9050 5945 11575 13731 3740 5760 8409 11730 6218 6487 15392 6832 12599 9380 12769 4286 13173 18246 12031 3843 6863 15940 8188 8129 12362 12154 16401 3984 6583 16020 9200 15202 9616 11631 2572 18399 9757 4808 8572 13187 7930 10726 4197 8466 15361 7485 11780 12620 12471 11555 2560 15876 6924 9417 14530 7566 5941 15766 7095 16043 8247 11599 10865 9286 13778 2271 3615 6617 14478 6561 14390 14084 9497 2589 9078 13671 10107 3916 5207 5775 5793 9361 2268 4491 16606 6969 2156 8366 12479 7982 7654 10307 2160 20542 16456 14928 11822 16236 0 15320 14709 9927 16055 13514 9629 11441 1504 13127 12626 17101 3368 6715 13242 5558 3144 18285 1492 5213 9052 9951 8868 17735 6827 11746 3121 11644 12667 13991 12821 8755 8664 4645 12834 11213 8936 17591 5107 4043 6129 7203 8787 3554 10310 8857 6538 13414 11224 10698 4454 11117 14235 11450 4545 7365 11620 6893 8393 10431 17586 12072 14346 1761 8638 5574 11544 16885 16888 6462 9953 13810 8292 12123 4698 6862 10417 15437 6494 19049 9918 10763 7729 6945 12996 12669 12916 10958 7685 9959 5120 11915 9460 10573
1982 8459 3161 18809 11130 12879 18844 12998 8275 6852 14496 15335 18733 12645 12655 7506 7122 3705 12393 5729 18581 19729 1865 17301 17828 8807 8801 16450 13661 14676 10248 15455 14964 19119 21855 11476 14304 9490 13910 13726 7529 13759 14016 14407 5300 19775 14859 14887 7727 11328 6481 15637 11508 16553 11046 11516 14863 12349 18101 14728 10681 14063 15501 9303 13902 16240 13633 18271 17944 8132 8786 11909 5795 13500 16805 18128 20971 12875 12135 10984 6958 21128 7679 10543 16345 15288 15909 10937 12937 1482 6443 18622 2101 13909 3751 13409 9472 18774 696 14098 16474 4406 7664 11807 17181 17637 16380 19444 12308 15852 18214 13396 13935 16168 14964 17850 24269 20405 10617 15728 17517 7686 8013 23514 9026 14889 12928 4110 15664 12487 13637 8459 13884 18873 14336 18336 19020 11838 14992 13233 20179 11971 7874 12701 14681 14211 11073 18243 16062 19700 5365 1943 11667 11301 12930 13088 6934 17552 5667 16272 18771 15076 14654 5427 2954 23193 16521 13614 14093 19430 5732 11510 14312 22519 10728 1797 7993 15980 10679 13389 15114 14340 11816 6324 21329 10937 11189 15662 16768 2493 7887 989 16045 9469 12943 10492 13865 20113 3486 10889 15564 19052 17529 11076 15548 10447 9206 9386 8291 6545 17204 11378 17433 14472 14530 10580 15727 13024 11892 4088 20318 2878 8652 2558 13261 8734 15146 12782 17260 19832 5621 20963 8443 19844 6409 12271 13456 11985 15178 7345 6186 21548 6791 13616 14517 7005 14323 8193 21707 15898 17948 12335 18010 3811 10692 18630 8379 13895 3891 13750 1414 14317 21691 3548 17407 14077 16216 14685 10396 9312 9483 5341 6038 15905 17162 13800 18957 12016 8773 1623 4557 7121 17068 7625 15776 19846 18137 14301 19135 18641 5962 17476 19079 3801 11008 13279 7091 6184 15312 8939 5257 15414 15088 2607 3083 9791 16093 15320 0 2200 8921 15907 23732 16671 5807 16400 4047 3022 9156 11954 9302 2776 11012 14508 15305 14568 17088 12584 5741 8306 14187 12228 18634 17554 21075 12450 8351 11846 11570 7605 14247 2487 6712 13850 14447 14811 12236 12302 18868 8191 18873 10871 6590 18323 16472 4888 5274 14664 6488 1474 11165 10782 18877 15239 18582 21130 13443 15304 10610 15526 16255 8235 12125 8340 11183 14244 11025 9798 4991 10001 10736 10962 14165 7066 1376 13203 15110 5402 15834 8265 8409 14279 3428 15084 12332 9286 6144 18646 3620 9891 13522
251 8927 4687 16994 8943 10892 17820 11449 6196 6149 14061 14181 17909 10626 12907 8297 6828 2163 11992 4930 18769 17835 3699 15232 18028 7934 6603 14582 12754 14632 8454 13315 13415 17724 20341 9353 12634 9223 12184 13012 7605 11930 11844 12268 3117 18556 12677 13100 8621 9132 5893 15927 9384 14722 11309 9397 12674 10148 17723 13680 8909 13036 15319 9738 13726 16095 13630 16911 17631 5939 7754 9801 3612 12361 16157 16186 19624 11676 10883 8816 5779 19386 5573 8750 14189 13088 13994 9568 12005 720 6774 18577 1358 13726 1621 11265 7845 18749 1537 12595 14413 2525 6746 10681 15333 15557 14462 18666 11589 13809 17126 11252 11853 15110 12811 17628 22593 18917 8584 13577 15986 5626 7461 21834 9390 12834 10756 3096 13617 11360 11618 6259 11734 17786 12140 16452 17628 10219 14848 11033 18278 10593 7346 11215 12490 13485 8892 16270 15114 17969 4292 1602 9686 9393 11095 12853 7139 15657 3468 15610 18167 15133 12756 4778 4062 21640 14379 11845 12976 17739 4678 9364 14497 20962 9415 3904 9006 14977 10278 11545 12914 12627 10129 7516 19734 9211 9407 14181 14816 464 5698 3184 14752 7517 12745 9639 14128 18219 1898 8969 13581 17227 15888 8883 15086 10464 8221 8293 6357 5663 17340 9360 15396 14407 14769 11229 13774 13340 10495 6133 19132 3532 7009 2615 13254 6586 12951 10744 16209 18586 3559 19648 8794 18001 7724 10073 13405 10567 12994 7844 4014 20100 7989 13316 12332 7643 14421 6828 19898 14297 16155 11309 16438 5862 11156 16778 6273 11845 3274 12861 3615 12800 20284 5429 15902 12681 14054 13151 8204 9835 7466 4002 5732 13823 16361 12734 19030 9837 8198 812 2367 7685 16192 6237 13697 18212 17162 12997 17975 18619 5654 16755 18137 5991 9596 12587 6347 4149 13691 9232 4406 14506 12977 4807 939 7750 13915 14709 2200 0 7150 13731 22032 14927 4068 15922 5500 2163 7051 11405 8259 1477 9893 13479 13110 13782 17127 10823 4767 8874 11993 10760 16785 17212 19367 10364 6162 9741 9857 6376 13018 2654 4889 12106 12249 14947 12083 10936 19039 6763 18225 8980 5863 16990 14426 3578 4077 13455 4721 1162 9158 10277 17482 13281 17224 19804 11547 13103 8548 13407 15434 8718 12292 6352 9006 12043 9708 7978 6691 10594 8670 10122 12655 5394 1067 11750 12933 5060 13961 7187 7794 12204 2051 13032 10375 7946 4910 18511 4146 8139 11614
7395 9099 9403 9889 5046 4286 11651 4465 2418 4589 9922 7904 12235 4213 11207 9653 5916 5216 8367 4530 16024 10831 9390 8867 15392 4269 4529 7544 7335 11650 1329 11031 6380 10832 13280 8264 5498 6970 5033 8156 7267 4841 9270 6700 5718 11946 9688 5971 10145 5548 4943 13833 8269 7633 10035 8354 7972 6649 13321 7729 1764 7216 11793 9501 10472 12583 10958 10087 13434 4213 3604 8752 5596 6302 11106 9291 12774 5526 4694 4482 3104 12241 6627 1623 8667 8979 7051 3254 6632 7723 7650 15115 8390 10452 5643 9319 1054 15332 8260 5648 8030 7325 3873 4936 8265 9250 7521 13069 7001 7348 10844 9312 5766 9012 10413 13711 15444 11891 2634 8042 8939 2433 5257 14684 9066 6486 5947 5090 7183 5482 5130 4608 9592 11475 7798 9434 10742 3168 11512 7401 11286 4071 5307 4361 9244 8517 6935 9464 9308 10821 4156 7040 3150 2541 4016 9578 7448 8663 4941 10570 13073 12400 5785 4957 8436 14543 8667 4704 6909 10590 3979 4442 12279 13863 3334 10014 10735 9032 7156 4479 9051 5477 3000 10262 12614 2066 2270 7226 7961 7220 5428 9703 8120 1363 9614 5176 12226 11216 5442 2204 6850 10132 8755 5243 10714 8656 3948 3551 1275 4092 14573 3103 8852 11394 12681 11205 6937 11759 3929 11580 12571 7645 752 6954 10638 3254 9462 4443 10056 11924 6643 12847 8673 10924 10725 6991 10618 3935 8094 8586 5702 13111 10581 9737 9317 8866 11933 2115 12789 7198 9032 5762 9349 11379 10566 9714 2694 5522 5650 7481 10155 5825 13341 10592 8886 5934 8622 6142 6220 9834 1889 3792 5734 7599 10857 6837 15891 5405 5436 7361 5343 8684 10496 2172 7460 11077 11146 6439 11501 15222 5725 11440 12154 12115 3133 7877 4455 3274 6581 8753 4612 8866 11136 11243 6809 2232 8768 9927 8921 7150 0 8560 14882 7780 3119 11400 9696 6027 7180 7432 3736 6144 4374 7602 9558 8583 14074 3677 4141 9361 8706 3982 9716 12969 12217 4495 4067 4172 2713 2747 6644 7082 2262 4957 8710 12498 9253 4404 16212 1844 13006 2089 4533 10211 7956 4201 4026 7095 2443 7449 2868 6801 10593 6469 10396 12983 4587 9098 2885 7518 9955 9020 10456 1628 7125 8137 3536 917 11029 10572 3000 5529 5695 1882 8197 4933 10012 5659 6933 3307 5150 6029 5499 6652 3658 2383 3372 14778 7476 990 4684
13970 17626 17377 7872 4808 4844 15246 8820 7813 13149 16661 12403 16663 4634 19191 18211 14468 12598 15774 12983 23052 7474 16989 3359 22544 12546 7201 6128 13421 18959 7700 5601 9100 12364 13064 6753 7879 15217 7318 14628 15810 6307 4697 1903 10827 14285 4114 6759 18703 4716 13497 21423 6719 6625 18256 6807 1273 4006 19251 12912 7640 12795 18716 17969 17767 19413 18527 12176 19557 7818 11881 6804 10368 11868 16675 5854 13976 11302 10836 4926 11649 10230 9276 7561 860 2129 5375 10077 13011 14446 16200 21695 14490 17737 12157 5626 8979 21925 15216 9311 3172 12331 12395 11562 6649 3342 5457 17464 14029 3375 14382 5634 3117 13491 5205 20060 13331 12310 5955 886 10226 8419 13724 12677 17542 3202 2980 13015 3296 11686 4134 7568 5381 14779 2010 6752 12331 8355 18609 3380 7701 10008 13794 9282 3636 14778 5917 5455 14226 9382 12437 14400 5578 6369 6376 16993 16008 6195 10294 16265 18221 19773 5475 13385 16430 13685 1340 6909 12205 9656 12361 4472 19942 13130 10407 17442 19292 13792 15056 6190 2575 7474 7861 18731 11893 7843 7357 9914 5088 13540 8416 16861 11635 7306 17109 12828 20041 7731 12718 6520 4350 7895 9149 4913 17098 16842 12077 11587 8304 12636 21712 5480 4012 18716 20371 19635 4808 19743 9877 19404 14912 15616 9279 14717 18275 7195 3263 4345 14107 14090 11016 14250 17187 8190 19174 4394 18167 9739 838 17146 10077 13470 19077 16932 4016 17422 19493 10622 9908 8897 7676 12266 10084 19164 18920 7317 7637 3615 13686 13568 17310 9238 13938 18486 10423 10163 624 9170 6192 18320 6976 11886 14268 2640 15856 12443 22649 3895 13760 14307 11366 17242 15279 10731 2685 10505 15186 10924 14365 21844 14253 16589 16026 19603 9818 14564 13011 9877 8529 17221 12955 14176 6269 18499 12955 6594 209 16055 15907 13731 8560 0 12651 7680 10771 17513 17847 13638 8268 14807 11817 13415 11502 12953 3176 14566 21069 7104 12553 17904 3564 9404 7355 19112 10559 4074 7580 4423 7729 11301 11460 14845 9892 7138 3143 20021 16960 10105 23169 10370 17992 6739 13087 12441 3457 12176 12209 11742 10203 14541 5709 14600 12216 4690 12366 14269 5634 2324 5775 1801 15207 17558 18456 8060 5947 2621 10374 7792 19214 19028 5645 12985 9267 10070 14737 9567 4298 14121 5912 11738 13545 3069 12939 3231 5423 10446 11768 21164 15640 8127 5489
22276 20456 23565 5285 15461 11711 9297 10805 16299 17740 14873 10132 11094 12128 19235 21749 18426 20052 15671 18466 19707 5189 23908 9297 19593 15928 17311 7773 12494 17387 13584 18221 8891 6015 3260 18840 9428 17368 9849 13477 19269 10183 17297 12331 20199 7206 16764 8971 22174 15756 18208 19793 18814 7492 19329 18916 13719 15770 14928 11108 13124 11642 16426 20251 16593 16691 17690 6845 15459 17567 15599 19043 19919 11531 12888 6932 5467 11786 12240 15077 16984 2706 19944 13289 11798 14780 8550 13052 12820 22598 20340 17774 23255 16554 20504 18161 14260 17969 23095 9814 9666 21898 16732 12891 6984 9321 8153 11426 14158 9833 8989 18167 11714 10196 17853 16199 681 4386 13982 11937 6523 16732 17263 380 19975 10678 13971 19700 10012 12352 11292 17638 17980 8736 14399 6199 6104 11899 16709 15560 4952 12075 17411 11182 16280 13195 17619 7234 10978 4076 18523 21806 12761 12804 11010 16378 19843 6969 19435 12902 13013 18082 9593 18884 22660 2299 11313 10197 11193 4302 18207 14335 18894 2435 13345 24610 22707 10650 16338 10589 15226 9407 11922 23152 2819 12824 12630 8402 8114 22090 18718 24438 8877 14690 16618 14760 19365 4920 20291 13236 9383 5125 6230 15732 14473 18227 15358 14973 15768 17699 18942 13221 8672 17254 19273 21306 8992 19633 12109 25761 7347 21967 15082 21519 17683 16424 15911 12163 9682 6921 20903 5810 19999 4566 23650 16314 17406 11982 13310 20693 19849 4147 23266 15890 16653 21206 18323 15651 2744 7893 5992 12838 5923 25615 20359 5693 16370 11367 20108 12533 24876 9577 4548 24759 6729 10108 12031 9190 17493 20640 14918 18414 19013 10361 11631 11631 18835 14684 16731 22217 20099 20940 11087 16178 10399 3972 9942 10229 7996 17965 19054 12180 9984 26573 12916 13802 17488 18025 8446 19694 18800 11542 18914 25880 21650 14760 12671 13514 23732 22032 14882 12651 0 7114 17985 14224 23568 20744 19551 15117 15150 20972 13556 11347 15816 12679 18165 11213 18271 20865 16146 11666 5669 15214 2665 12884 17299 13542 12182 16337 10575 21637 17143 9928 15748 18606 17009 11797 19644 15602 12627 13165 17895 7003 9438 18864 18534 10339 17318 22275 13353 15864 6176 9448 6644 5638 10722 14973 14178 11271 11776 20535 18761 15870 17729 15124 13066 14068 24709 20982 14095 14481 9737 16683 23077 10766 16943 19337 8367 15956 16851 11366 20309 10492 12031 14641 17694 17024 21563 13893 10698
15172 14423 16731 2297 8876 4868 7700 4037 9228 11031 10638 5604 9280 5329 14316 15536 11921 12976 10564 11604 16733 3641 16957 4934 16366 9417 10424 1572 7473 13215 6473 13024 2570 4698 6022 12570 2460 11395 2762 8717 12961 3100 11682 6507 13118 6606 11427 1872 16001 9264 11496 15791 12550 1077 13935 12655 8310 9581 12382 6425 6018 6626 12617 14410 12139 13169 13129 4509 12783 10600 8964 12871 12858 6008 9811 3035 6419 5870 5981 8393 10080 4462 13061 6178 7015 9603 2313 6358 7430 15503 13882 15094 16142 12103 13391 12366 7218 15322 16022 3410 4639 14812 10023 6770 1388 5261 2252 10027 8775 4306 6871 12368 5461 6454 12520 13400 7697 4916 6987 6798 2551 9638 10806 6935 14062 4688 7763 12692 4388 6447 4699 10726 12320 7192 8812 2447 4660 4917 12683 9643 4084 5527 10941 4524 10885 8663 11216 3558 7306 3043 11562 14760 5773 5721 3912 11601 13450 2144 12347 9521 11023 14022 2783 12037 15796 7070 6599 3084 6010 2868 11272 7680 14521 6406 6700 17635 16574 6855 10636 3512 9986 2343 4864 16725 5093 5736 5520 2849 2763 14978 11803 17410 4474 7591 11794 8634 14820 3979 13209 6151 3358 2572 1504 9168 10729 12627 8827 8375 8655 10883 15573 6264 4325 13010 14948 15763 2888 14813 5508 18940 7233 15065 8024 14538 12990 9432 10684 5442 6789 6412 13861 6659 13949 3396 17224 10145 12784 5356 8016 14430 12814 6169 16910 11307 11202 14892 13983 8728 5088 1705 1392 7057 2437 18774 14865 2379 9319 4965 13147 7582 17854 3184 6566 17935 2765 4099 7189 2843 10930 14805 7851 11392 12334 5046 8773 6404 16131 8258 10414 15134 12987 14641 8152 9215 4995 3505 7770 4640 6721 15266 12363 9511 8511 19657 6170 8856 10792 10912 1849 13751 11887 7496 13569 18894 14536 7724 7802 9629 16671 14927 7780 7680 7114 0 10893 10904 16828 13711 12858 9749 8584 13900 7238 6571 10650 8276 14841 4104 11359 14806 10580 4978 2359 12383 4452 6239 10340 6831 5102 9453 5187 14660 10038 2824 10266 14419 11938 5339 16784 8643 10739 6064 11145 4780 4343 11835 11541 5239 10221 15206 6364 10127 4541 3123 4689 6704 3733 9805 7221 5898 8333 14455 13686 8767 11358 9544 6460 6955 18050 15307 7156 8501 3326 9606 15976 4292 11686 12565 1812 9221 10436 5206 13243 4578 5057 7808 10726 14459 14727 6795 3743
4307 7944 6628 13007 6345 7157 14033 7388 2997 3619 11062 10322 14318 6972 11088 8027 4885 2105 9148 2742 16567 13924 6410 11679 15869 4706 4583 10643 9174 12208 4443 11884 9351 13695 16277 8359 8573 6858 8139 9664 6157 7952 10182 9065 3470 14615 10829 9090 8488 6717 3685 14002 8377 10747 9643 8434 9920 7874 14687 9926 4883 9315 12646 8569 11135 13450 11328 12899 14690 3926 4291 8869 3600 8545 12804 12342 15610 7816 6993 5985 2399 15355 5424 4739 11059 10658 10114 5609 8420 4612 6015 16009 5356 11125 2671 9920 3778 16206 5142 8542 10842 4747 3636 6918 11374 12039 10585 15115 8297 10191 13293 9910 8385 11324 11295 14820 18539 14858 5015 10426 11922 2415 4876 17781 8141 9260 7857 2245 10010 7578 7953 4408 10307 13946 9549 12530 13600 6152 12255 8752 14376 6611 4831 7172 10495 10105 7345 12480 11436 13932 1932 3955 5949 5517 7122 10217 6046 11750 2858 12251 14826 12851 8855 3005 5671 17572 11155 7822 9169 13687 2071 6310 12462 16894 5504 6985 9035 11245 7566 7582 10607 8578 6069 8146 15666 5161 5389 10131 10991 4188 4624 6614 10786 3751 10175 6276 12249 14309 2324 5116 9818 13248 11824 6410 12009 8446 4782 4689 2584 2940 15098 5724 11749 11960 12812 10284 9954 11604 6502 8724 15210 4856 2943 4016 10965 3809 10845 7144 12414 14628 4518 15649 7617 14037 8549 8014 11035 6561 10150 7124 3906 16050 8542 10552 10454 7224 12242 2978 15908 10230 12151 7636 12371 8501 9872 12823 3227 8264 2917 9299 7069 8743 16245 7770 11843 8670 10968 9089 6555 8817 3886 1246 4152 10327 12821 8980 16631 7059 5442 4242 2667 7119 12572 2409 10192 14148 13428 9039 14078 16084 4103 13298 14424 9123 5606 9286 3672 1348 9624 7876 2465 10882 11780 8184 3852 4243 10972 11441 5807 4068 3119 10771 17985 10893 0 12797 7076 2997 6536 8370 4730 3032 6165 9747 10977 10316 14735 6794 2290 8085 9951 6728 12827 14242 15322 6944 3987 6421 5803 2779 9113 4146 934 8069 10085 12806 9631 6958 16800 2842 14830 5079 3386 12990 10810 1424 1611 9560 681 4334 5497 7397 13454 9472 13211 15799 7646 10729 5089 10073 11889 7798 10370 2740 7515 9674 5786 3991 8443 9614 5221 6744 8600 1330 5098 7717 11134 3737 10028 3721 5034 8702 2403 9445 6579 4059 1734 15808 4878 4099 7730
16073 9066 14438 12594 15999 12878 5048 8731 13806 9773 1912 5313 3566 13237 5854 10558 9278 13874 4011 10993 5845 14090 15469 15597 5546 8124 15928 12273 4216 3408 11149 21764 8628 8302 11015 19581 9695 6935 10205 3244 9076 11206 20072 15774 16264 7109 20230 10934 10781 16522 10045 5593 19581 11859 6747 19672 17607 17439 1922 4626 10881 4726 2274 8420 3135 2470 4104 7613 2080 15586 8507 20049 16350 5683 1340 13934 8923 6343 7009 15379 10443 12971 17862 11074 17109 18897 12678 8271 4821 16076 10328 4219 17245 3105 15150 20355 10370 4449 16055 8229 15069 17453 9281 6524 12292 15974 12871 3828 4511 14508 5236 20350 14482 4507 21161 2551 14346 9868 13220 16674 8962 13705 8472 13853 8399 14343 16086 12828 14491 6118 13436 16000 20533 5550 17796 13239 8228 9497 2686 17972 14435 7836 8595 8323 19709 2907 18194 14462 3629 12040 11692 14725 12682 11943 11213 3585 9752 13047 15607 1408 2530 3962 12122 11159 13901 12312 16813 10603 5308 11441 11319 15009 4933 11888 8103 16228 11102 4072 5721 11338 19144 10103 10011 12353 11495 10484 10864 8068 13485 16263 16748 16578 6457 12518 3808 6526 5515 14313 14124 12079 13476 12837 10076 16258 854 6434 8018 8174 12629 10293 4807 13078 15081 3364 5245 8611 13122 6058 7991 16167 7175 13616 10835 13868 4288 14650 19740 13521 4616 7373 17309 8645 8783 13469 12756 17904 3973 8085 17494 9913 16600 10188 12211 2960 19899 10457 4388 9976 14146 9224 11930 5692 9539 16159 7743 12971 14090 13941 12715 4062 16867 8333 9922 15351 8667 7367 17210 8479 17535 8702 13090 12154 10369 15199 2595 5092 5235 15981 7726 15558 15418 10210 3150 10464 15095 11046 4313 6618 6271 4382 10446 2138 4574 17430 8467 3550 9581 13874 9328 8277 11517 3424 22046 17372 16190 13318 17691 1504 16400 15922 11400 17513 14224 10904 12797 0 13944 13806 18564 4519 8094 14447 7026 4564 19778 2981 4038 10539 11194 9443 19235 8326 12936 1619 12549 14164 15458 14322 10257 10020 6066 13924 12614 10380 19088 4528 4525 7630 5883 10201 2765 11813 10059 7388 14804 12494 11965 5833 12504 15383 12953 5652 8193 13033 7728 8846 11899 19073 13574 15790 2624 9256 5723 13011 18382 18383 7955 11446 14513 8610 13626 6070 8282 11817 16603 7966 20548 11022 12129 9076 8128 14460 13898 14354 12452 9128 11262 3652 12910 10953 12040
5408 5106 887 19101 13341 13978 17264 12838 10055 5831 12050 14157 16782 13872 9316 3826 5275 5433 10015 5269 15165 20245 2239 18559 14412 7677 11284 16986 12091 11643 10940 18451 14688 18305 21246 14588 14368 7160 14146 11798 4930 14294 16857 16123 8348 18557 17608 15245 3915 13663 5362 12164 14615 16970 7770 14643 16982 14791 15437 13367 11271 12700 12631 5920 11087 13293 10583 17408 15187 10581 7969 15065 8810 12395 14613 18852 19997 11941 11370 13031 6809 21138 10914 11205 18120 17658 16618 10536 11463 4987 3660 15482 6040 11103 6429 16408 9827 15607 4291 13758 17721 8023 6841 10810 17627 18938 17078 17392 10485 17043 16777 16396 15368 14755 17905 14964 24026 19771 12021 17487 17083 9458 6432 23300 5762 16164 14927 4833 16875 11433 14816 11008 16851 17415 16581 18857 18202 11937 12085 15685 20706 11494 6277 12413 17337 12275 13899 19080 14440 19719 5542 4027 12814 12236 13531 10404 4244 18138 8400 14126 16443 11895 15359 4829 1514 22651 18197 13987 12906 19343 5730 13384 10996 22004 10229 2763 4065 14469 8442 13992 17570 14516 12088 2332 20939 11381 11764 15187 17572 5948 10754 3524 15126 10694 10210 9089 10470 20621 5399 11893 16524 19367 17372 13369 13099 7562 8229 8596 9589 5948 13873 12674 18544 11475 11143 6877 16573 9594 11465 2296 19017 2284 9152 3292 10235 10791 17737 14078 15790 18671 8999 19919 5259 20190 2364 14846 10482 11598 17222 4088 9238 20788 2781 11003 17242 3591 11114 8152 21904 15704 18199 11092 17657 2237 7186 19042 10262 15184 4162 12141 3562 13997 20835 1407 16912 13489 18035 14385 13143 5815 10920 5997 4556 17265 15224 12531 15668 14107 7092 4689 7319 3801 15269 7741 17127 19597 16486 13496 17815 15473 4514 15386 17333 3486 10694 11339 6081 8083 15198 5786 5092 13749 18200 3596 6409 11291 18048 13127 4047 5500 9696 17847 23568 16828 7076 13944 0 4370 12363 9859 8425 4849 10077 13122 17881 12722 13877 13001 5590 4833 16806 11933 19036 14850 20991 13969 10731 13478 11929 7403 13284 3181 7962 14141 16991 11538 9476 11772 15466 8286 16615 11784 5691 17398 17652 5675 5705 13636 7656 4338 12439 8714 18072 16123 17705 20105 14205 17713 12132 17090 14388 4885 8917 9798 14041 16648 10504 10606 1368 6381 12264 9485 13837 7903 5211 12804 17892 4263 16408 7630 6864 15662 5101 16336 13354 9020 6331 15622 2227 10506 14317
2282 6888 3773 15882 9025 10152 15923 9986 5828 4053 11933 12362 15910 9968 10778 6424 4666 1067 9854 2852 16620 16857 3415 14674 15881 5925 6917 13569 10784 12470 7353 14095 11950 16100 18834 10270 11320 7063 10949 10959 5472 10860 12489 11993 4141 16788 13237 11955 6800 9324 3761 13796 10296 13643 9187 10330 12711 10439 15589 11790 7765 11132 13160 7675 11565 13934 11470 15256 15487 6213 5832 10757 4563 10527 14088 15308 17959 9884 9130 8755 3949 18158 6698 7644 13977 13328 13072 7916 10045 2280 4727 16415 3444 11566 2215 12058 6494 16587 2453 11079 13837 4330 4749 8834 14282 15031 13543 16650 9533 13187 15267 12046 11365 13229 13543 15474 21273 17383 7997 13347 14499 5222 5334 20520 7309 12254 10681 1096 13007 9516 10950 6638 12494 15927 12274 15460 16001 8845 12687 11335 17312 8950 5213 9681 12969 11438 9534 15460 13170 16728 2363 1079 8945 8495 10040 10696 5042 14690 4073 13545 16088 12975 11807 2646 2870 20174 14097 10677 11128 16443 2740 9168 12353 19502 7712 3996 7250 13064 8135 10504 13224 11372 8847 5957 18317 7991 8276 12641 13965 2567 6414 3699 13038 6747 10585 7631 11997 17241 1038 8102 12807 16131 14530 9036 12965 8308 6273 6413 5577 3635 15186 8717 14745 12245 12632 9231 12932 11221 8871 5771 17341 2090 5688 1093 11093 6489 13375 10137 14326 16839 4962 17956 6717 16932 6263 10481 11243 8964 12975 5837 4990 18527 6411 11165 12872 5708 12267 5171 18771 12891 15009 9399 14996 5538 9090 15729 6003 11257 1112 10882 4144 11299 18672 4849 14386 11056 13873 11668 8775 7803 6861 2331 3570 13315 14350 10853 16870 9827 6082 1768 3051 5712 14214 4606 13181 16843 15237 11291 16165 16456 3491 14713 16196 6127 7986 10525 4267 3773 12311 7133 2341 12541 13865 5217 2709 7207 13835 12626 3022 2163 6027 13638 20744 13711 2997 13806 4370 0 8103 9295 6347 734 8038 11577 13520 11759 14966 9649 2776 6875 12440 9208 15730 15072 18092 9911 6369 9361 8614 4591 11251 1217 3930 10899 12633 12796 9921 9283 16887 5174 16160 8051 3771 15311 13806 1880 2253 11674 3663 1662 8492 8154 15859 12453 15567 18121 10604 13376 8050 13035 13430 6687 10150 5706 9679 12308 8009 6929 5719 8581 8181 8110 11146 4146 2814 10182 13522 2898 12959 5291 5686 11688 731 12440 9569 6265 3124 16351 2425 6971 10694
7224 14422 11627 14275 4094 7990 18544 11014 4763 10143 17022 14863 19312 7533 17592 14320 11421 7123 15309 9251 22906 14556 10747 10891 22232 10894 2705 11825 14511 18514 7712 6317 12579 17018 18877 2328 11349 13317 10689 15322 12673 9895 5015 7541 4016 18487 5928 11076 14746 3855 10221 20459 2362 12177 16173 2362 7010 4265 20487 14819 8111 14349 18804 15083 17381 19605 17703 16435 20582 2979 10328 2753 3555 13404 18283 12750 18944 12629 11818 4489 8779 16868 1479 7890 8984 6896 11016 10407 13812 7724 12390 22162 7250 17367 5939 4291 8226 22371 8556 12126 10236 4832 10004 12114 12603 11083 11399 20155 14114 9868 17695 4277 7867 16015 5857 20824 20204 17686 6090 8500 14861 4884 11347 19465 14660 8936 5772 8128 9673 12641 8277 2573 4777 18287 6305 13371 16944 9773 18471 4949 14920 11111 11320 11119 5880 15692 2381 12597 16400 15629 8402 8347 7200 7553 9221 16465 12503 12586 4054 17748 20240 19207 10102 9453 10854 19904 9343 10182 13988 15636 8597 5224 18907 19250 10511 10930 15246 16090 13872 9498 6590 11116 9367 14054 17932 8552 8363 13535 11464 6681 1922 10139 14817 6223 16459 12184 18733 14904 7075 7208 10174 14426 14243 3832 17858 14947 10777 10499 5936 9464 21438 6685 11322 18260 19273 16784 10558 18116 10957 13182 19140 10145 7731 9111 17352 3980 6407 7443 17003 18406 3539 19098 14121 15026 14366 3897 17389 10925 7431 13526 3126 18953 14503 16712 5631 13542 18646 8730 16968 13071 13657 12941 15069 12910 16404 13860 4487 8184 8774 14658 10526 12229 19297 12467 14910 12663 8781 12435 2134 15313 5695 7704 10633 9524 17990 13963 22875 4929 11831 7830 5060 13479 17594 8359 9441 16350 18126 13298 18188 22256 10576 18595 19125 12932 10257 15026 10174 5194 12461 14402 8897 16002 5932 11683 6116 5598 8397 17101 9156 7051 7180 8268 19551 12858 6536 18564 12363 8103 0 14428 10630 7528 11543 14714 6579 15762 21010 9454 8812 14527 5476 10859 13883 20119 17032 6683 3113 6047 9043 8933 13607 9209 6263 10524 5835 19214 15984 11415 23120 8472 20161 7420 9919 16618 10383 7679 8057 14044 6483 8159 6647 13617 16798 10108 16720 19197 9157 6841 5781 8763 17102 14262 16864 5557 2397 5906 10702 7302 13644 16113 5812 12590 12143 7003 7795 11675 6133 10134 11268 9837 11445 8229 7409 9134 7862 9450 8255 21872 10525 7773 9128
11558 5545 10237 11909 12367 9966 7479 6258 9743 5255 2699 4991 6930 10219 4596 6985 4857 9358 973 6475 8598 13359 11154 13643 7983 3664 11891 10712 2631 4255 7534 18320 7179 9245 12279 15692 7726 2705 7986 1957 4936 8791 16573 12936 11838 9006 16879 9010 7337 12885 5538 6624 15697 10431 4258 15780 14624 13918 6355 4029 7399 3476 4378 5193 3060 5178 3720 8352 6326 11464 4133 16182 11959 3778 4858 12632 10638 3906 4069 11765 5984 13163 13595 7549 14589 15827 10827 4767 2363 11571 6203 7734 12731 3037 10647 16709 6494 7943 11579 6389 12954 12964 4788 3281 11017 14051 11156 7571 987 12296 7098 16703 11691 5200 17704 6457 15431 10861 9658 14057 8772 9546 3967 14787 4976 11856 12836 8310 12223 3360 10692 11910 16952 7701 14662 12189 9145 6455 4080 14573 13783 4845 4097 5725 16391 2423 14366 13076 4702 11906 7177 10233 9428 8626 8488 2207 5620 11739 11213 4335 6818 5040 9908 6650 9601 13701 14394 8208 3965 11379 6807 11538 5135 13123 4472 11923 7804 4828 1429 8767 15999 8085 6946 8651 12309 7088 7549 7131 11785 11744 12552 12198 6245 8701 2303 2260 5273 13670 9607 8635 11353 12185 9544 12594 3690 3115 3663 3934 8562 5777 7157 9718 13277 4001 5565 6201 11120 5116 4962 12145 9378 9234 6768 9405 3472 10649 16517 10513 6120 9170 12886 10488 5136 12960 9115 14319 3361 5110 14605 6087 12235 11646 8631 2305 16523 6646 4690 5703 14198 8119 11065 2732 9415 12097 5260 12109 10042 11210 8212 2609 12515 6595 11574 11251 8515 5651 14638 6911 13650 5572 9269 7657 5918 12882 5366 3524 8468 12536 3214 11053 10951 6376 5423 6124 12757 11313 6679 5179 8197 7829 5994 5572 7486 13318 5019 1507 5063 9520 7907 4734 6999 4006 18494 13118 11676 9559 15006 3368 11954 11405 7432 14807 15117 9749 8370 4519 9859 9295 14428 0 3798 9930 3331 3783 16584 2897 6643 7744 6678 5961 15877 5480 12085 5883 12861 10999 11372 10989 7091 5620 4697 9468 8286 8112 15805 5229 2228 4823 8782 5957 6922 8373 5542 8254 12738 7985 7456 4832 8140 10888 9544 1178 9043 10875 8604 10688 9281 15981 9993 13260 4533 5673 3941 8959 14556 15150 4456 7706 10638 5866 10072 1921 6469 7498 12099 5663 17204 6554 10357 4674 3612 11772 9379 11926 9413 5051 6777 7468 8556 7230 9433
8452 6059 8481 10882 8770 7066 9580 4548 5965 2629 6428 6035 9670 7197 7513 7011 3338 6105 4689 3586 12333 12149 9011 11339 11686 843 8110 9027 4507 7944 4153 14756 6295 9969 12855 11941 6154 3400 6086 4935 4427 6534 12997 9914 8183 10482 13384 7221 7490 9277 3089 10097 11948 8907 6449 12029 11425 10362 10000 5444 4177 4789 8174 6251 6782 8975 7225 9089 10036 7669 516 12437 8257 4200 8075 10982 11752 3612 2959 8192 2490 12765 9813 4262 11756 12534 8856 2238 3754 8579 5298 11532 9617 6765 7226 13054 2933 11741 8790 5360 10553 9453 1666 2512 9561 11749 9276 10446 3583 9857 8921 13047 8775 6882 14139 10225 15602 11381 6188 11168 8658 5750 2233 14878 5843 9201 9492 5259 9737 3188 7890 8118 13328 9581 11351 10806 9867 3960 7852 11083 12607 3098 2362 4069 12924 5376 10645 11315 6855 11360 3998 7401 6245 5448 5949 5875 4874 10171 7514 7522 10098 8680 7696 3939 7624 14249 11652 6074 4790 10956 3613 8070 8543 13595 1886 9761 8076 6726 3422 6351 12651 6378 4301 8141 12515 4009 4497 6761 9854 8525 8756 9788 6820 5071 5897 1575 8501 12511 6369 5333 9073 11156 8982 8975 7328 5040 269 237 4792 2766 10874 6419 11128 7689 8947 7857 8976 8066 3091 10650 11018 7012 3025 6804 6902 6886 13107 7481 7980 10550 9225 11718 5590 11980 8640 10720 6888 3237 11479 5895 8507 12442 8330 6086 13017 6330 8199 1908 13592 7322 9976 3056 9233 10522 7109 10903 6267 8380 5414 4621 10181 5601 12531 9657 8489 5065 11760 5990 9911 6625 5619 4277 3869 10309 8142 4506 12253 9059 1996 8088 7385 6087 7942 2370 10173 11178 8907 5121 9833 11626 3913 8588 9879 11562 2453 4562 2372 5782 6854 5519 4045 6252 14872 11034 8344 5945 12024 6715 9302 8259 3736 11817 15150 8584 4730 8094 8425 6347 10630 3798 0 6849 1723 5233 13192 5601 10405 5255 3572 6403 12393 3607 10890 9580 12594 7798 7582 7647 4291 1961 4988 6903 4526 6132 12369 8764 5517 3356 12532 2159 10109 5096 2827 9111 10397 4684 4184 5388 4410 8008 6212 3068 9731 8609 9395 11892 6746 12670 6494 10482 7211 6046 6763 5190 10834 11759 2128 4188 9562 7278 6591 2024 5441 3730 9116 4404 13709 4250 8519 1073 1899 8942 6216 9318 6439 1406 3359 11256 6508 3763 6889
1630 7619 4167 16033 8726 10143 16427 10272 5649 4675 12585 12822 16471 9928 11508 7128 5367 928 10516 3458 17343 16957 3577 14613 16605 6486 6530 13676 11326 13177 7472 13611 12242 16470 19153 9739 11545 7755 11140 11553 6202 10983 12038 11825 3527 17226 12812 12111 7494 8992 4416 14526 9766 13777 9919 9795 12443 10084 16246 12288 7904 11637 13850 8409 12258 14627 12182 15639 16155 5829 6339 10217 3973 10994 14694 15366 18349 10327 9553 8500 4393 18359 6098 7767 13794 12998 13143 8285 10581 1735 5459 17117 2807 12258 1591 11565 6715 17291 2123 11393 13781 3603 5300 9305 14405 14960 13613 17222 10128 13146 15751 11552 11270 13723 13070 16156 21514 17713 7919 13169 14805 5045 5984 20758 8043 12194 10441 1627 12960 9986 10918 6229 12011 16411 11974 15562 16372 9088 13382 10979 17407 9318 5869 9999 12567 12028 9072 15493 13699 16932 2856 986 8931 8539 10154 11382 5776 14781 3554 14148 16701 13691 11885 3301 3335 20476 13938 10839 11603 16670 3243 8961 13078 19801 8105 4049 7929 13575 8802 10614 12873 11572 9051 6581 18597 8164 8413 12968 14011 1853 5909 3595 13447 6728 11277 8194 12727 17341 725 8131 12821 16276 14780 8715 13610 9028 6797 6897 5549 4204 15906 8665 14718 12950 13361 9959 12971 11954 9229 6018 17791 2618 5889 1584 11805 6225 12990 10079 14821 17267 4290 18359 7451 17067 6861 10090 11951 9312 12726 6564 4403 18875 7043 11841 12452 6423 12986 5530 18931 13159 15172 9905 15283 5768 9824 15855 5791 11197 1822 11430 4052 11606 19038 5153 14705 11420 13680 11968 8329 8534 6780 2660 4280 13233 14919 11345 17584 9562 6722 1272 2472 6433 14763 4947 13101 17101 15756 11694 16624 17161 4201 15300 16724 6213 8335 11125 4876 3550 12567 7867 2935 13081 13351 5194 1975 7107 13609 13242 2776 1477 6144 13415 20972 13900 3032 14447 4849 734 7528 9930 6849 0 8512 12081 13140 12334 15679 9810 3316 7602 12045 9533 15858 15736 18312 9796 6007 9218 8800 5014 11684 1681 3945 11078 12257 13518 10620 9656 17609 5498 16764 8105 4390 15706 13766 2212 2675 12115 3714 1306 8447 8801 16228 12486 15951 18519 10675 13036 7940 12904 13994 7418 10877 5627 9210 11968 8401 7023 6164 9310 8069 8676 11456 4294 2269 10517 13089 3610 13061 5781 6319 11604 670 12385 9583 6642 3535 17043 3063 7115 10757
10095 7186 10172 9522 9123 6659 7928 3301 6782 4334 5597 4325 8156 6895 7725 8321 4871 7730 4304 5307 11854 10865 10731 10550 11268 2400 8902 7896 3046 7568 4252 15038 4802 8261 11172 12590 4909 4190 4997 3782 5768 5659 13301 9621 9529 8765 13575 6105 8778 9646 4787 9953 12592 7704 6974 12680 11294 10644 8947 3790 4081 3159 7543 7205 6368 8315 7045 7376 9064 8567 2234 13067 9542 2489 6784 9860 10031 1892 1318 8512 4120 11247 10895 4241 11318 12496 7860 1436 2306 10246 6789 10810 11249 6342 8765 13485 3350 11031 10488 3876 9816 10911 3389 796 8340 10962 8240 8959 2696 9138 7239 13479 8389 5217 14423 9360 13986 9697 6376 10770 7038 6705 3707 13272 6842 8620 9511 6945 9046 1477 7409 8976 13705 7899 11332 9572 8159 3182 7324 11272 11315 1758 3855 2765 13081 4150 11224 10246 5272 9866 5678 9100 6097 5296 5250 5537 6307 9004 8814 6239 8782 8363 6814 5662 9330 12574 11146 5115 3092 9427 5298 8243 8450 11927 1151 11482 9345 5098 3647 5575 12671 5202 3652 9615 10878 3758 4217 5155 8850 10134 9747 11510 5102 5528 5632 1444 8540 11212 7995 5320 8249 9799 7462 9364 6347 5585 1870 1627 5608 4487 10436 6395 10250 7317 8877 8653 8074 8271 1825 12324 9307 8730 3828 8524 6780 7625 13195 7190 6316 8829 10551 9995 6712 10617 10115 11066 6686 1986 11280 7226 9744 10738 9758 5568 13223 7711 8019 3189 12132 5832 8625 1476 7633 12204 7804 9604 7065 7923 7129 3182 11904 4116 10817 11337 6852 3449 11355 4497 10541 7598 6102 5891 5535 9680 6676 2843 11633 9239 3208 9764 8829 7452 6408 3759 9550 9590 7286 3423 8127 10927 5585 7193 8275 13265 1690 3513 4077 7047 5431 6526 5757 4719 15241 12754 9912 6358 11702 5558 11012 9893 4374 11502 13556 7238 6165 7026 10077 8038 11543 3331 1723 8512 0 3597 13259 4256 9875 4507 5273 7568 12572 2387 9587 8599 11045 7668 8434 7668 3773 3519 3266 8624 5780 5087 12489 8560 5459 1900 12018 3355 8748 5055 4544 7393 9623 6318 5837 3665 5733 9698 6228 3158 8024 7772 7681 10170 6057 12650 6719 9998 5749 7217 7006 5987 11412 11827 1129 4481 11169 8148 6790 1490 3960 4998 10781 2949 13899 5955 7451 2749 3297 8489 7866 8705 6092 2172 4985 10438 8213 3991 6208
13677 9258 13353 8522 11738 8375 4347 4219 9995 7690 4067 1215 4638 8756 8015 10646 7861 11318 4341 8779 10265 10016 14065 11086 9848 5710 12015 7825 1153 6654 7036 17345 4136 5467 8502 15450 5137 6238 5641 2222 8356 6646 15688 11232 13059 5435 15786 6392 11031 12255 8105 9228 15446 7445 7985 15542 13080 13093 6317 252 6690 445 6058 8964 5615 6648 6650 4571 6605 11788 5747 15893 13037 1311 3787 9595 6947 2085 2908 11119 7700 9489 14229 6902 12545 14381 8165 4352 1660 13812 9564 8770 14836 5577 12360 16044 6551 9001 14013 3668 10530 14485 6845 2829 7939 11472 8389 5468 2855 9955 3714 16041 9941 1664 16751 7115 11650 7078 8983 12111 5122 10028 6734 11013 8724 9779 11640 10492 9934 2176 8895 12149 16185 4371 13301 8994 5367 5143 6112 13564 10408 3613 6889 3866 15256 2097 14034 10098 1712 8305 9231 12624 8296 7609 6694 5184 9006 8694 12323 3332 5595 7456 7561 9093 12587 9926 12251 6046 774 7747 8847 10675 8006 9342 4331 14830 11526 1501 5083 6792 14645 5544 5638 12220 8534 6261 6572 3741 9014 13727 13023 14940 2508 8503 5404 4080 8359 10290 11582 7808 8927 8787 6039 12013 4230 6898 5306 5187 8877 7965 9040 8731 10599 6456 8427 9960 8587 8466 3768 15415 5903 12067 7206 11980 6559 10734 15257 9034 2753 5556 14063 6833 8824 9512 12703 13586 6322 3819 12953 9668 13208 7891 12254 4806 15466 10214 7455 6770 10570 4867 7751 2178 5762 15329 9012 8812 10250 9395 10617 1186 15313 3781 7850 14463 4847 2804 12646 3955 13434 9347 9052 9480 8742 10640 3279 773 9758 11618 6037 13322 12403 9942 2894 7348 10535 7600 3689 2063 4701 8927 8805 3919 4679 16473 4472 2479 7441 10557 4863 8463 9259 1313 17672 16084 13509 9218 13130 3144 14508 13479 7602 12953 11347 6571 9747 4564 13122 11577 14714 3783 5233 12081 3597 0 15287 1712 8328 6050 8801 9674 14799 3967 8781 6159 9157 9714 11618 9936 5919 7112 1504 12070 9303 5817 14628 7868 5705 3330 10345 6914 5474 7550 7937 4481 10270 9901 9410 1335 9283 13238 8635 4650 5262 8479 4827 7026 7353 14561 9337 11226 2424 9366 7476 9221 14217 13913 4088 7417 14060 9647 9371 3649 3722 8539 14348 3446 16098 9264 7626 6300 6301 9907 11443 9790 7991 5702 8568 8215 11480 6942 7492
13323 18551 17284 11028 4663 6912 18014 11068 8029 13974 18714 14904 19312 6541 20704 18897 15341 12454 17555 13535 25076 10647 16661 6534 24514 13808 6611 9145 15585 20828 9085 2428 11731 15347 16208 4504 10437 16518 9805 16719 16703 8767 1830 4207 10011 17217 999 9476 19376 4260 14242 23180 4466 9632 19587 4525 2344 3104 21597 15285 9186 15066 20736 19016 19627 21477 20271 15083 21852 7313 13136 4357 9518 14096 19069 9026 17029 13443 12848 5131 12428 13406 7899 9042 4020 1063 8342 11832 15075 13825 16860 23873 13598 19601 11679 2829 10260 24101 14645 11773 6314 11244 13394 13483 9730 6496 8494 20135 15919 6413 17137 2841 5441 16041 2042 22294 16497 15402 7004 3970 13163 8575 14800 15848 18579 5980 3748 13129 6296 13736 6459 6914 2449 17583 1986 9914 15306 10317 20561 2228 10864 12005 14839 11455 722 16936 4298 8631 16708 12538 12843 14090 7176 7967 8595 18790 16774 9327 9675 18618 20747 21622 8176 13884 16389 16856 4506 9330 14517 12791 12863 5127 21650 16296 12112 16990 19944 16294 16587 8544 668 10053 9800 19122 15048 9503 9056 12617 8191 12825 7425 16292 14292 8196 18872 14438 21665 10898 12512 7951 7293 11061 12146 4569 19274 18198 13431 12980 8888 13372 23680 6866 7188 20576 22068 20734 7766 21258 11857 19128 17857 15598 10310 14612 19982 7168 174 6258 16762 17040 9896 17289 18149 11366 19521 3051 19917 11743 2645 17905 9144 16585 19517 18821 1068 18092 21250 11667 13072 11692 10783 14260 13083 18868 20120 10479 7769 6000 13823 15737 16716 11745 17042 18291 13336 12583 3789 11748 4916 19333 7706 12201 14920 5716 18366 14691 24774 4153 14991 13800 10803 17951 17822 11615 5732 13634 17874 13345 17226 24009 14888 19083 18765 19101 11588 16585 13889 9819 11249 18272 13384 16566 3098 17904 12230 7338 3145 18285 15305 13110 9558 3176 15816 10650 10977 19778 17881 13520 6579 16584 13192 13140 13259 15287 0 16797 23089 9243 13076 18773 1125 11468 10516 21395 13732 5633 7152 5596 9587 12233 13842 14731 10233 9615 892 21801 18618 12172 25223 11390 20550 8212 13850 15337 6589 12391 12558 14177 10545 14086 7043 16179 15184 7550 15295 17320 7990 861 6703 4800 17642 18448 19955 8546 4227 1437 12150 9004 19237 20091 6602 14682 11744 10639 14012 11841 1128 14635 8843 12865 14707 5578 12791 6075 7328 11787 12323 23400 15771 9441 7865
13959 8405 13061 10184 13050 9901 4583 5762 11001 7730 2376 2757 4164 10257 6556 9864 7597 11654 3113 8908 8568 11682 13912 12786 8140 5848 13094 9536 1262 4980 8227 18787 5846 6683 9675 16676 6811 5592 7284 942 7815 8266 17099 12808 13739 6184 17250 8081 10200 13573 8088 7545 16675 9157 6757 16768 14634 14472 4842 1853 7938 1775 4346 7983 3998 4942 5070 5834 5060 12795 6076 17137 13774 2708 2528 11303 7883 3364 4055 12430 8074 10996 15149 8137 14188 15920 9866 5378 1955 14034 9076 7129 15134 3959 12822 17398 7536 7359 14136 5340 12216 15051 7036 3649 9647 13174 10097 4890 2274 11630 4238 17394 11517 2496 18184 5506 12926 8322 10273 13736 6695 10953 6575 12330 7808 11414 13105 10710 11601 3173 10471 13190 17568 4821 14816 10690 6589 6520 4414 14995 12065 4870 6721 5344 16728 528 15278 11808 1844 9878 9490 12759 9705 8973 8241 3699 8495 10403 13040 1987 4530 5771 9223 9159 12379 11077 13907 7660 2387 9304 9104 12043 6380 10541 5252 14682 10646 2062 4325 8380 16165 7216 7033 11546 9863 7532 7899 5436 10723 14076 13991 14894 4056 9633 3939 4142 6775 11946 11914 9121 10608 10444 7680 13314 2543 5859 5591 5627 9839 8132 7329 10107 12305 4793 6792 8759 10277 6966 5026 15014 6516 11951 8077 12011 5024 11810 16759 10541 3278 6370 14770 7702 8011 11150 12008 14944 4761 5115 14528 8983 13989 8974 11518 3233 16920 9542 5819 7381 12112 6571 9433 2821 7324 14957 7810 10492 11276 10980 10725 1111 15235 5468 8848 14105 6409 4476 14281 5659 14637 8344 10200 9850 8597 12305 2594 2123 8094 13010 5822 13526 12979 9273 2549 7918 12196 9079 3782 3757 5354 7279 8668 2988 4611 16161 5556 1391 7501 11279 6575 7587 9419 1173 19076 15903 13927 10410 14747 1492 14568 13782 8583 14566 12679 8276 10316 2981 12722 11759 15762 2897 5601 12334 4256 1712 16797 0 6622 7561 9018 8818 16255 5346 10461 4600 10634 11182 12650 11347 7284 7562 3191 12088 10010 7453 16107 6205 4369 4653 8656 7575 4515 8856 8002 5686 11960 10236 9719 3046 9940 13400 9988 4009 6508 10154 6045 7905 8939 16095 10628 12862 1691 8544 6092 10209 15465 15402 5072 8551 13530 8530 10675 3659 5399 9219 14570 5002 17567 9190 9330 6656 6166 11506 11731 11435 9471 6423 8933 6613 11304 8061 9082
17228 8781 14558 16606 18987 16298 8883 12258 16369 11252 4407 9239 7164 16606 4569 10091 10318 15312 5717 12415 1988 18105 15789 19406 1526 10123 18515 16148 7668 2531 14126 24913 12463 12308 14924 22331 13420 7978 13862 6442 9587 14813 23176 19257 18142 10978 23441 14697 10130 19508 11372 2304 22337 15757 6114 22420 21029 20519 3425 8442 13949 8379 2357 7957 3628 1680 3497 11643 2875 18065 10682 22823 18327 9240 5326 17876 12773 9767 10267 18380 12346 17001 20097 14115 20741 22278 16487 11279 8061 17113 10649 1640 18347 3643 16707 23340 13131 1738 16896 11950 18827 19057 11102 9607 16224 19795 16717 7078 7185 18230 9197 23334 17976 8525 24299 2155 18246 13845 16251 20263 12988 16144 9914 17789 8146 17965 19346 14162 18194 9395 16941 18520 23573 9432 21135 17214 12237 12795 2563 21142 18457 11108 9989 11786 22941 6327 21009 18393 7645 16077 13235 15707 15914 15129 14695 4545 10156 16981 17588 5442 5415 2012 15815 12441 14267 16169 20481 14206 9000 15478 12910 18116 2904 15789 11026 16491 10244 8078 7172 14887 22483 13822 13309 11839 15476 13602 14037 11992 17341 17531 19112 17031 10443 15338 4564 8900 3496 18336 15531 15185 17215 16853 14085 19221 4112 6676 10241 10558 15192 11890 777 16248 18926 2776 2855 7311 16894 4370 11251 15865 10947 14210 13405 14731 3873 17284 23033 16899 8643 11256 19183 12468 8697 17497 12126 20935 3738 11375 20964 9854 18641 14070 11556 4338 23092 10303 2775 12286 18178 13143 15919 8841 13571 15926 6749 16968 16670 17457 13859 7526 17228 12086 13760 15226 12693 11089 20821 12281 20291 8076 15908 13829 11399 18892 6573 8694 1909 19111 9296 16602 17163 10119 7161 12654 18779 15079 8225 10379 10170 1604 11477 5986 8268 17230 11515 6519 11134 15976 13186 8181 12914 7353 25112 17469 17593 16192 21257 5213 17088 17127 14074 21069 18165 14841 14735 4038 13877 14966 21010 6643 10405 15679 9875 8328 23089 6622 0 13978 12736 9044 22439 11684 16934 2999 16573 17462 17985 17519 13506 12098 9812 14753 14788 14024 22341 2343 5120 10978 2143 12551 5799 14919 11528 11412 18575 14071 13559 9654 14608 16358 16090 7394 12209 16756 11748 12662 15438 22442 16593 19408 6656 9006 4985 15590 21198 21665 10958 14328 14070 7625 16665 8554 12012 14020 17601 11528 23765 12070 15951 11177 9707 18000 15246 17998 15802 11693 13037 2035 13468 13846 15585
11068 11314 12822 6234 5906 2340 9251 1835 5287 7352 9572 5782 10288 2706 12229 12215 8440 8883 8701 7732 15963 7263 12950 6101 15445 6084 6820 3987 6368 11858 2371 11303 3126 7603 9773 9721 1957 8535 1385 7545 9645 1309 9668 5279 9117 9036 9737 2307 12701 6399 7797 14338 9711 4007 11452 9813 7078 7121 12354 6061 1914 5823 11622 11483 10668 12331 11454 6985 12611 6847 5498 10121 8896 4856 9837 5866 9547 4229 3733 5310 6192 8565 9381 2076 6847 8359 3659 3156 5916 11400 10377 14666 12043 10638 9292 10085 3200 14895 11930 2747 5337 10794 6386 4473 4656 6512 4105 11131 6933 4649 8378 10083 3999 6950 10713 13065 11784 8448 3365 6326 5520 5630 7440 11023 11084 4118 5595 8657 4548 4585 2970 7066 10191 8932 7259 5867 7524 1335 11506 7534 7722 2911 7551 2217 9206 7725 8294 6138 7537 7147 7582 10685 2371 1903 745 9909 10026 5138 8338 9378 11575 12674 2450 8171 11869 10976 6652 1030 5278 6932 7323 4756 12875 10298 3519 13607 13292 7146 8146 1098 8606 1841 959 13177 9021 1659 1418 4081 4646 10877 8105 13343 5455 3598 10036 5914 13009 7643 9113 2276 3820 6483 5156 6198 10061 10047 5523 5020 4587 7082 14612 2866 5873 11616 13307 13037 3727 12773 2785 15028 9690 11110 3968 10517 11216 5668 9210 2986 7808 8952 9925 9678 10845 7287 13667 7640 11093 2642 6991 11099 8899 9701 13422 9831 9421 11496 12412 4852 9125 3719 5364 5163 5840 14846 12231 6095 5427 3489 9151 6518 13791 2811 9990 14025 5527 3443 6901 2986 7807 11863 3959 7350 8645 5173 9200 5449 15595 5642 7244 11036 8914 11268 8691 5270 5043 7459 8946 4181 8770 14808 8661 9899 9911 15667 2899 7464 7137 6832 3090 10760 7954 7342 11654 14854 10443 3929 7297 9052 12584 10823 3677 7104 11213 4104 6794 10539 13001 9649 9454 7744 5255 9810 4507 6050 9243 7561 13978 0 7435 11655 8753 2301 6094 12155 8548 3671 6609 3956 1072 5608 4638 10642 5933 1286 8578 12933 9934 3003 16089 4716 11406 2110 7412 7165 5162 7785 7526 5007 6120 11115 2845 7662 7377 3355 7274 9787 1550 8535 3686 5517 8433 11298 11512 4738 8467 7862 3410 2858 14278 12487 3672 5994 2748 5519 11872 2608 10049 8771 3408 5595 7145 4043 9158 4199 1949 4129 6749 14171 10835 2695 1701
4941 5658 5389 13602 8414 8424 13147 7466 5050 1485 9362 9597 13156 8350 8891 5825 2619 2680 7333 463 14508 14695 5639 13003 13792 3170 6839 11422 8016 10207 5355 14113 9399 13413 16209 10646 8914 4766 8632 8245 3867 8718 12392 10746 5443 14034 12998 9707 6301 8829 1427 11848 10663 11428 7404 10721 11823 9992 13027 9014 5681 8356 10762 6279 9199 11556 9272 12554 12967 6199 3057 11156 5683 7762 11392 13269 15246 7135 6404 7983 1287 15750 7644 5617 12736 12673 11032 5274 7274 5028 3791 14091 6117 9195 4000 12174 4245 14278 5218 8498 12167 6345 1984 6069 12082 13388 11495 13906 6822 11482 12493 12164 9887 10453 13517 13019 18772 14746 6613 12105 11908 4534 2831 18028 5853 10627 9751 1698 11320 6749 9270 6683 12548 13153 11528 13302 13313 6442 10329 10849 15156 6298 2748 7106 12635 8718 9602 13492 10397 14320 504 3829 7287 6670 7945 8296 3771 12570 4972 10844 13405 10800 9772 832 4442 17573 12767 8436 8359 13990 220 8188 10329 16906 5032 6353 6867 10287 5655 8408 12663 9023 6544 6178 15757 5801 6176 10026 11983 5081 6908 6280 10314 5260 8221 4878 10074 15075 2931 6345 10938 13862 12041 8515 10368 6268 3497 3646 4271 902 13046 7199 12966 9967 10660 7993 10984 9393 6234 7597 14580 3707 3564 3296 8901 5949 12953 8573 11550 14092 6470 15230 5326 14680 6624 10181 9003 6342 12006 4871 6040 15861 6529 8702 12621 5019 10151 2633 16447 10379 12707 6623 12435 7422 7592 13511 5322 9661 1877 8118 6692 8727 15985 6593 11776 8394 12673 9107 8812 6527 5583 1131 1877 11740 11603 8078 14644 9035 3516 4529 4431 4890 11451 2165 11601 14328 12462 8577 13399 14152 1834 11988 13423 8309 5377 7822 1631 3636 9829 5590 529 9773 14037 7629 4998 5968 12760 9951 5741 4767 4141 12553 18271 11359 2290 11194 5590 2776 8812 6678 3572 3316 5273 8801 13076 9018 12736 7435 0 5810 12088 6624 13507 12537 15645 8551 6242 8130 6365 1936 8508 3405 2856 8612 12190 10707 7618 6618 14754 2726 13459 6219 1208 12597 12087 1337 824 8924 2552 4438 6962 5587 13172 10534 12864 15399 8615 12761 6778 11632 10678 5516 8190 4566 9776 11727 5328 5039 6904 7324 6908 5360 8570 2489 5566 7571 13309 1575 10836 2524 3101 10161 2720 10793 7791 3640 785 13955 3401 4918 8728
8904 416 5539 17089 14122 13330 13382 10829 10802 4805 7624 10848 12592 13391 4483 1118 3449 7604 5785 5350 10362 18430 6821 17721 9608 5572 12649 15392 8534 6856 10246 19912 12343 15129 18161 16442 12449 3497 12453 7880 2094 12938 18180 16023 10830 14966 18756 13585 1383 14564 4535 7377 16460 15238 2948 16516 17328 15724 10773 9925 10395 9314 7901 1093 6422 8522 5803 14226 10479 12007 6176 16951 11173 9333 10294 17355 16590 9134 8845 13644 6349 18712 13259 10427 17950 18287 15255 8598 8084 8660 2167 10653 9892 6443 9010 17983 8962 10776 8253 11431 16923 11205 5510 8091 15883 18128 15669 13102 6823 16224 13049 17973 14983 11157 19311 10202 21227 16717 11993 17338 14378 10318 4240 20553 1047 15517 15284 6475 16095 8552 14176 12490 18353 13640 17117 17123 15027 10362 7347 16557 18881 9296 4148 10309 18371 8312 15412 17704 10650 17366 6159 7296 12367 11617 12340 5859 2040 16523 10535 9863 11972 7068 14099 5090 5372 19586 17896 12471 9696 16894 6030 13745 6164 18987 8232 7490 1853 10789 4592 12750 18319 12712 10699 2921 18091 10313 10788 12571 16253 9327 12654 8100 12024 10676 5636 6197 5649 18779 7741 11406 15468 17367 14956 14249 8630 3046 6137 6637 9885 5403 9047 12424 17527 6704 6322 2359 15379 4780 9333 6874 15330 5503 8629 6271 5471 11726 18659 13657 12075 15131 11756 16446 867 18182 3313 15948 5738 9492 17455 1038 11575 17565 2772 6488 18379 1304 6286 7282 19652 13366 16193 8033 15006 6913 2395 17170 11086 14642 5913 8536 8251 11668 17514 6187 14152 10903 17926 12042 14622 1009 11109 6858 3935 16637 11098 9266 10839 14658 4436 8192 9728 1198 11267 7207 16499 16957 12568 10660 14154 10641 3983 11125 13299 8215 8833 7451 4912 9419 12994 1232 5642 9957 19846 8427 9568 11489 18113 8868 8306 8874 9361 17904 20865 14806 8085 9443 4833 6875 14527 5961 6403 7602 7568 9674 18773 8818 9044 11655 5810 0 17824 9888 17154 10173 18468 13830 12052 13533 10668 6614 10290 6250 8643 12513 17896 6705 4920 9467 10659 7535 12189 11208 4923 14151 16778 6849 6495 10535 8348 7887 12195 5031 14916 15008 14493 16645 13128 18392 12227 16727 10364 358 4102 10229 15586 17388 8425 10113 5129 1723 12348 6411 11515 8146 9075 10516 19071 4393 14903 6202 4510 15192 7403 15648 12687 7604 6505 10813 4791 9805 13268
12205 17614 16197 11190 3708 6469 17739 10589 7038 13037 18092 14497 18958 6056 19901 17913 14407 11375 16845 12549 24422 10957 15556 6860 23841 12974 5524 9136 15023 20131 8346 2553 11423 15250 16316 3480 10109 15676 9453 16122 15767 8425 1151 4076 8890 17066 1003 9251 18388 3262 13289 22440 3443 9608 18739 3511 2427 2100 21082 14814 8492 14553 20094 18103 18933 20848 19536 14923 21314 6228 12306 3400 8397 13573 18586 9258 16997 12891 12253 4230 11494 13652 6779 8332 4421 1585 8306 11160 14479 12707 15878 23279 12473 18908 10573 2064 9469 23506 13528 11379 6508 10119 12499 12849 9780 6888 8517 19791 15254 6486 16858 2072 5186 15651 1981 21728 16826 15424 6230 4210 13040 7565 13913 16153 17665 5899 3159 12077 6343 13146 6141 5817 1834 17334 1789 10103 15202 9739 19895 1310 11213 11414 13944 10939 548 16364 3175 8914 16280 12691 11837 12991 6558 7321 8154 18079 15812 9456 8565 18118 20321 20916 7970 12887 15310 17048 4891 8957 14026 12894 11873 4342 20899 16463 11421 15877 18951 15878 15806 8160 1181 9742 9224 18090 15189 8838 8414 12339 8290 11705 6304 15174 13972 7345 18149 13695 20889 11235 11426 7254 7264 11251 12084 3577 18697 17362 12623 12188 7954 12422 23009 6194 7475 19878 21312 19827 7736 20453 11262 18024 17714 14522 9455 13530 19238 6150 960 5791 16425 16904 8772 17239 17221 11629 18481 1960 19186 11158 2839 16938 8021 16636 18491 18140 667 17107 20516 10798 13412 11481 10858 13645 13016 17763 19238 10661 6767 5732 12772 15177 15597 11373 17075 17194 13192 12159 4186 11411 3794 18412 6828 11184 13944 5848 17943 14171 24157 3345 14140 12688 9694 16974 17417 10710 5837 13722 17550 12914 17019 23410 13910 18647 18467 17984 10924 15963 12964 8765 10997 17362 12377 16095 2998 16784 11110 6475 3598 17735 14187 11993 8706 3564 16146 10580 9951 19235 16806 12440 5476 15877 12393 12045 12572 14799 1125 16255 22439 8753 12088 17824 0 10909 10696 20854 13946 5085 6076 4928 8987 11333 13388 13648 9235 9262 434 21073 17864 11606 24579 10518 20142 7520 12902 15167 6761 11358 11543 13745 9544 12976 6348 15414 15074 7457 15151 17283 7623 1464 5907 4919 17186 17504 19150 7598 3109 1046 11481 8218 18159 19177 5818 13963 11357 9678 12890 11361 1327 13637 8769 12004 13841 5391 11710 6026 6808 10992 11346 22831 14712 8674 7510
10989 9517 11902 7275 7771 4615 7718 946 6241 6105 7281 4005 8471 4938 10019 10577 6945 8651 6427 6803 13671 8560 12261 8198 13147 4439 8155 5520 4119 9559 3148 13441 2778 6968 9627 11492 2564 6567 2610 5263 7996 3318 11760 7574 9687 7971 11905 3722 11047 8288 6574 12048 11487 5350 9347 11584 9351 9145 10179 4029 2758 3672 9327 9576 8372 10044 9175 6175 10405 8000 4000 11931 9577 2687 7724 7485 8884 1982 1434 7152 5340 9205 10506 2976 9135 10616 5474 1398 3625 11237 8905 12407 12076 8341 9392 12087 3021 12635 11629 1876 7487 11260 5094 2199 5996 8609 5853 9316 4642 6822 6891 12084 6298 5156 12840 10829 12155 8181 5018 8623 5295 6382 5830 11414 9204 6384 7761 8130 6744 2289 5271 8323 12240 7512 9493 7237 6873 1181 9206 9650 9016 645 5964 484 11384 5469 10073 7862 5590 7787 6910 10285 4361 3649 3033 7625 8474 6640 8914 7235 9561 10376 4456 7219 10994 10969 8923 2750 3203 7413 6575 6719 10598 10298 1726 12977 11625 5252 6010 3289 10843 2829 1688 11748 9135 2319 2606 3436 6463 10911 9261 12863 4140 4641 7758 3831 10753 8918 8906 3841 5899 7550 5445 8046 7807 7966 3850 3400 5218 6033 12313 4776 7877 9318 11031 11040 5701 10556 563 14101 8592 10306 3827 9902 8947 6891 11425 5228 6151 7957 10624 8930 9042 8374 12247 9629 8814 402 9280 9466 9680 9345 11933 7532 11574 9920 10126 4040 9998 3777 6370 2862 5812 13952 10189 7308 6467 5789 8483 4271 13288 2103 9524 13098 5179 1963 9195 2484 9486 9967 5165 6891 7399 7402 7226 3284 13320 7675 5464 10804 9227 9671 6780 4603 7277 7710 7268 2471 7519 12545 7433 7884 8270 14911 1250 5167 5859 7207 3268 8885 7151 5280 13740 14252 10574 5295 9597 6827 12228 10760 3982 9404 11666 4978 6728 8326 11933 9208 10859 5480 3607 9533 2387 3967 11468 5346 11684 2301 6624 9888 10909 0 7294 9945 9063 5842 7806 6004 1955 4688 2748 10017 6053 2703 10765 10643 7691 707 13801 4039 9432 3585 6244 6276 7280 7345 6960 3186 6131 10811 4672 5510 6727 5421 6487 9076 3812 10786 5372 7802 6390 9533 9317 5512 10255 10064 1483 3582 13119 10531 5404 3823 1947 5404 11750 990 12222 7682 5065 4303 5465 6342 8864 6448 4141 2984 6097 11934 9898 3146 3963
17034 16773 18895 532 9793 6120 9168 6349 10823 13279 12836 7726 10901 6512 16634 17869 14220 14930 12880 13781 18781 1282 19044 4075 18457 11728 11683 2211 9745 15434 8388 12944 4914 5650 5724 13211 4737 13752 4890 10970 15289 4876 11843 6742 14713 7653 11409 3801 18337 10089 13741 18005 13187 2088 16285 13289 8283 10141 14279 8613 7966 8880 14770 16768 14389 15278 15400 5825 14717 11976 11251 13436 14401 8323 11764 1539 6899 8221 8338 9414 12244 3012 14306 8093 6550 9456 2913 8655 9749 17397 16182 17066 17940 14351 15206 12655 9291 17290 17968 5769 4206 16414 12278 9129 1453 4252 2493 11570 11106 4241 8426 12659 6050 8430 12514 15371 6327 5136 8443 6549 4038 11302 13120 5598 16418 5028 8327 14749 4406 8800 5640 12019 12517 8602 8915 604 5654 7101 14874 9993 1727 7863 13252 6854 10895 10878 11964 2047 9306 2030 13672 16755 7236 7402 5705 13888 15764 1302 13966 11532 12755 16231 4060 14218 17948 6353 6073 5076 8276 2376 13403 8672 16778 5780 9005 19698 18912 8864 12993 5247 9885 4536 6963 19022 4539 7753 7455 5047 2465 16792 13096 19417 6491 9296 14088 10990 17101 1625 15150 7831 3715 559 2868 10064 12842 14983 11139 10676 10433 13089 17681 7664 3390 15237 17202 18120 3327 17123 7836 21104 8197 17197 10060 16610 15277 10858 10588 6525 8561 7401 15358 7218 16299 1219 19520 10693 15061 7681 7906 16759 14301 6200 19220 13566 11252 17214 16232 10892 3159 3973 1031 9407 3565 20927 17220 43 10862 5699 15244 9845 19868 5542 6694 20100 4326 6439 6767 5195 11825 17163 9450 13441 14584 4848 10639 8687 18120 9019 12750 17060 14715 16965 10011 11345 4862 3229 9406 6936 8002 17243 14609 11359 9997 21761 8453 11137 13046 12679 4204 16106 14030 9589 13582 20942 16314 9250 7420 11746 18634 16785 9716 7355 5669 2359 12827 12936 19036 15730 13883 12085 10890 15858 9587 8781 10516 10461 16934 6094 13507 17154 10696 7294 0 14343 3258 7226 11705 7890 7153 11635 7465 16736 11932 4897 10323 16650 14259 7688 18811 10781 12436 7806 13377 6107 3940 13874 13620 7468 12146 17161 7817 12484 5583 3790 5895 7195 5253 9656 8607 5778 10321 16801 16015 10480 12079 9654 8776 8837 20283 17666 8516 10860 5685 11588 17847 6647 11623 14780 2832 11475 12759 5707 15216 4849 6508 10035 12837 16398 16899 8760 5201
17351 9827 15408 13977 17609 14494 5917 10344 15368 11084 3184 6836 4169 14855 6119 11287 10462 15211 5220 12303 4531 15462 16508 17137 4380 9542 17497 13790 5834 3488 12752 23383 10177 9438 11963 21174 11275 8068 11799 4824 10099 12806 21689 17383 17712 8012 21849 12500 11448 18132 11320 5017 21175 13364 7308 21265 19220 19055 609 6207 12491 6337 2309 9102 3765 1936 4450 8831 466 17140 9970 21645 17818 7300 2580 15402 9796 7963 8624 16990 11864 14167 19382 12683 18697 20512 14224 9870 6427 17324 11314 2723 18516 3748 16522 21967 11948 2947 17250 9815 16628 18846 10671 8123 13771 17509 14400 4095 6017 16078 6298 21962 16091 5935 22779 1030 15276 10931 14831 18269 10328 15247 9754 14837 9154 15936 17705 14132 16067 7732 15045 17560 22148 6480 19413 14675 9373 11116 2865 19590 15788 9453 9867 9940 21328 4514 19792 15936 5078 13325 13039 15950 14300 13561 12826 4484 10754 14524 17073 2881 2449 3724 13704 12435 14943 13187 18393 12204 6912 12722 12674 16625 4823 12822 9692 17256 11701 5529 6937 12945 20761 11683 11630 13091 12562 12097 12480 9571 15009 17571 18286 17665 7912 14109 4655 8005 5466 15667 15455 13693 15043 14210 11475 17867 2261 7289 9485 9676 14187 11640 3765 14695 16607 3563 5023 8992 14680 6181 9608 17014 7958 14723 12388 15054 4738 16223 21358 15138 5851 8294 18760 9485 9605 14807 13459 19518 4449 9703 19104 10768 18081 11100 12898 3937 21518 11290 4371 11479 15356 10724 13352 7293 10876 17029 8212 14379 15655 15548 13968 5680 17928 9910 10778 16250 10034 8955 18802 10040 19127 9335 14682 13537 11566 16776 3744 6707 3782 17598 9029 16804 16835 11060 4364 11946 16674 12263 5300 8200 7221 2901 11645 3082 5277 18318 10071 5094 10909 15358 10862 9082 12826 4970 23662 18355 17531 14916 19289 3121 17554 17212 12969 19112 15214 12383 14242 1619 14850 15072 20119 5883 9580 15736 8599 6159 21395 4600 2999 12155 12537 10173 20854 9945 14343 0 13723 15783 17018 15941 11875 11476 7655 15101 14106 11976 20707 4303 5386 9249 4514 11713 2822 13427 11372 8585 16360 13855 13327 7402 13981 16610 14569 6951 9357 14605 8906 9677 13506 20689 15184 17381 4050 10033 6187 14572 19980 20002 9552 13041 15299 9109 15237 7566 9865 13310 17843 9577 22167 12232 13670 10528 9441 16065 15213 15943 14071 10670 12661 2080 14000 12548 13646
19612 18064 20963 2794 12959 9120 7948 8183 13655 15160 12934 7952 9790 9550 17157 19312 15899 17392 13495 15852 18255 3223 21276 7222 18055 13389 14727 5208 10277 15513 10919 16159 6303 4288 2815 16449 6773 14974 7184 11354 16796 7531 15095 9998 17553 5999 14641 6313 19750 13282 15629 18005 16425 4886 17112 16528 11528 13383 13524 8932 10459 9401 14648 17912 14621 15009 15702 4938 14026 14958 13030 16683 17280 9166 11247 4707 4636 9339 9727 12545 14357 504 17365 10624 9734 12676 6019 10458 10518 19934 17832 16389 20591 14582 17840 15912 11603 16599 20435 7236 7443 19250 14150 10416 4429 7331 5656 10286 11883 7499 7433 15917 9263 8229 15744 14742 3249 2956 11360 9778 4102 14080 14743 2489 17615 8266 11561 17053 7663 9917 8755 15047 15771 7355 12168 3845 4351 9249 14869 13250 3194 9502 14889 8581 14133 11129 15182 5120 9073 1427 15886 19152 10138 10154 8355 14306 17351 4539 16786 11165 11736 16254 6991 16273 20050 3130 9249 7534 8897 1655 15575 11808 16979 2619 10762 21973 20296 8694 14007 7939 13110 6744 9261 20660 1600 10161 9966 5908 5714 19425 16128 21788 6649 12035 14537 12305 17403 3109 17630 10586 6923 2700 3619 13238 12672 15942 12811 12409 13107 15093 17347 10608 6551 15356 17377 19060 6502 17589 9526 23165 6359 19346 12424 18879 15655 13806 13810 9604 7933 5707 18272 5002 17600 2410 21159 13938 15395 9393 11143 18238 17220 3544 20794 13867 14495 18740 16410 13018 1677 5287 3387 10441 3465 23013 18121 3291 13733 8875 17472 10335 22227 6996 4068 22161 4348 7604 9957 6607 15007 18305 12275 15764 16444 8099 10007 9339 17461 12222 14243 19556 17439 18477 9411 13538 8118 1558 8444 7810 6633 16577 16481 10642 8732 23952 10311 11637 14910 15364 5816 17323 16174 9557 16812 23241 18987 12126 10609 11644 21075 19367 12217 10559 2665 4452 15322 12549 20991 18092 17032 12861 12594 18312 11045 9157 13732 10634 16573 8548 15645 18468 13946 9063 3258 13723 0 10349 14692 10995 9519 13714 8211 18998 14478 7263 13569 16745 14862 9238 18230 12962 11370 10509 15306 5161 7186 16212 15890 8031 14654 19616 10731 13519 4368 6931 4826 4902 8092 12875 11567 9028 9977 18130 16632 13214 15302 12907 10489 11404 22155 18695 11489 12059 7157 14022 20413 8192 14847 16745 5781 13365 14340 8931 17651 8093 9410 12025 15054 15664 18958 11229 8076
10613 13553 13566 7601 2639 1476 12793 5506 4176 9082 13082 9438 13925 1013 15252 14148 10395 8918 11972 8968 19449 7993 13319 4872 18894 8502 4497 5142 9960 15226 3651 7632 6491 10655 12256 6369 5172 11192 4495 11086 11737 3518 6003 2205 7814 12326 6073 4563 14640 3030 9438 17617 6352 5500 14248 6457 3642 3521 16002 9730 3648 9471 15107 13904 14025 15845 14708 10196 16242 4878 7832 6706 7434 8493 13501 6206 12523 7822 7215 2196 7595 10193 7093 3541 4186 4829 4337 6233 9442 11051 12145 18241 11329 13999 8744 6469 4920 18469 11755 6342 4064 9481 8321 7856 5921 5194 4733 14764 10302 3504 11912 6468 1490 10600 7042 16670 13532 11136 1949 3556 8441 4766 9655 12789 13475 2512 1926 9173 3305 8103 1595 4850 6544 12426 3674 6738 10593 4685 14941 3866 8389 6372 9723 5855 5547 11309 4989 6149 11206 8946 8476 10776 1576 2384 3105 13205 11940 5939 7135 13034 15246 16027 3457 9381 12604 13238 4229 3978 8941 8965 8367 1459 16104 12590 6532 13842 15230 10810 11111 3189 5021 4844 4168 14721 11273 3917 3451 7441 4862 10259 5912 13357 8995 3293 13298 8912 16156 8358 9076 2468 3554 7761 7681 2929 13646 12837 8054 7572 4382 8583 18060 1406 5088 14976 16527 15579 3902 15805 6224 15667 12983 11792 5207 10957 14433 3875 5585 812 11415 12198 8309 12717 13115 8395 15173 4067 14350 6110 3681 13077 7263 12397 15054 13211 5752 13361 15684 6548 10349 6729 6975 8628 8557 15441 14880 7205 4093 1582 9818 10113 13814 6358 12774 14714 8540 7096 4131 6439 4696 14252 3059 7973 10221 3459 12869 9090 19141 2079 9713 10827 8070 13178 12354 6666 3333 9699 12548 7844 12179 18377 10209 13569 13490 16003 5984 10953 8940 6269 6174 13156 8978 11011 7988 14979 9711 2704 4283 12667 12450 10364 4495 4074 12884 6239 6944 14164 13969 9911 6683 10999 7798 9796 7668 9714 5633 11182 17462 3671 8551 13830 5085 5842 7226 15783 10349 0 4605 679 3956 7230 8309 11086 6026 4306 4925 16228 13086 6544 19593 6296 15073 2703 9028 10417 4106 8303 8275 8673 6324 11015 1635 10676 10454 3437 10455 12792 2707 4987 1861 3129 12103 13484 14509 4207 5137 4223 6547 3719 15328 14965 1730 9119 6327 6093 11418 6277 6388 10106 4590 7670 9486 1847 9251 2717 1723 6409 7766 17775 11745 4067 2630
6397 11892 10135 12030 2781 5591 15518 8036 1652 7413 13937 11808 16229 5194 14745 12014 8755 5302 12271 6703 19903 12559 9562 9391 19244 7912 597 9533 11399 15510 4663 7900 9717 14210 16285 4463 8555 10444 7927 12215 10075 7263 6212 6222 3288 15573 6903 8487 12473 2993 7572 17542 4476 9811 13397 4544 6513 4077 17380 11729 5088 11247 15751 12478 14359 16549 14736 13571 17482 273 7314 4972 2865 10309 15171 10789 16155 9533 8716 2708 5943 14593 2772 4866 8077 6993 8792 7298 10699 6880 10001 19099 6926 14343 4620 5934 5114 19311 7665 9182 8617 4905 7120 9001 10322 9673 9226 17070 11023 8097 14679 5924 6045 12950 7315 17737 17926 15014 3355 7480 12115 1858 8512 17171 12044 7106 4618 6020 7897 9532 6109 542 6319 15285 5995 11259 14130 6760 15435 4973 12967 8024 8505 8094 6610 12582 3361 10752 13311 13267 5918 6973 4567 4726 6505 13448 10013 10450 2714 14636 17131 16224 7706 6989 9238 17404 8304 7447 10899 13192 6022 3347 15984 16735 7399 9948 13017 13010 10896 6851 6866 8374 6391 12057 15427 5527 5394 10655 9428 5960 1496 9318 11836 3169 13456 9118 15851 12930 5364 4333 8123 12218 11625 2729 14759 12110 7745 7438 2832 6747 18439 4086 9670 15255 16364 14204 8427 15282 7873 12020 16219 8447 4634 7461 14394 942 7007 5203 13957 15510 3704 16283 11543 12903 12434 4117 14413 7848 6833 11105 2662 16276 12471 13668 6532 11212 15693 5704 14859 10312 11312 9829 12391 11766 13731 11688 1375 6184 6713 11546 9761 9305 16583 11159 12133 9659 7929 9544 2570 12747 2685 5233 8118 7962 14889 10863 19835 3686 8923 6774 3796 11105 14504 5391 7849 13839 15071 10265 15226 19198 8073 15488 16075 12095 7153 11924 7401 2716 9687 11763 6452 12900 7796 10954 5375 2680 7761 13991 8351 6162 4067 7580 17299 10340 3987 15458 10731 6369 3113 11372 7582 6007 8434 11618 7152 12650 17985 6609 6242 12052 6076 7806 11705 17018 14692 4605 0 3928 6062 5994 10547 7581 3446 7780 6264 16262 13015 8336 20108 5436 17054 4508 7224 13737 8687 5347 5598 10990 3721 7031 3975 10611 13983 7941 13866 16395 6614 7029 3126 7416 13997 11756 14005 2448 3534 5960 7591 4227 12086 13537 3204 9511 9206 4093 7158 8659 7198 7725 8932 6857 8556 6417 5639 7312 5289 6359 5571 18792 8642 4685 6620
9989 13270 13049 8257 2065 1983 13175 5769 3575 8752 13165 9736 14244 1511 15144 13804 10087 8353 11960 8560 19504 8671 12759 5515 18931 8310 3819 5787 10107 15236 3505 7443 6912 11168 12854 5864 5604 11017 4923 11195 11439 3996 5756 2645 7150 12793 5929 5104 14295 2506 9087 17585 5850 6130 14084 5953 3808 3168 16183 9968 3590 9668 15171 13656 14035 15922 14676 10676 16403 4201 7637 6229 6764 8684 13716 6884 13056 7984 7329 1563 7238 10848 6421 3448 4642 4888 4992 6245 9553 10434 11786 18352 10684 14010 8124 6131 4725 18579 11150 6685 4717 8811 8040 7922 6570 5825 5397 15087 10338 4173 12297 6128 2136 10905 6838 16807 14188 11706 1542 4008 8965 4174 9405 13443 13224 3181 1854 8662 3974 8222 2251 4171 6251 12829 3706 7409 11103 4827 14981 3650 9067 6492 9463 6071 5423 11443 4458 6828 11475 9586 8024 10201 1643 2394 3479 13195 11609 6608 6480 13235 15503 16028 4060 8963 12091 13859 4737 4402 9163 9590 7940 859 16058 13207 6519 13267 14881 11092 11013 3635 5023 5302 4316 14309 11889 3917 3486 7871 5538 9625 5234 12762 9372 2885 13276 8847 16083 9036 8502 2356 4230 8422 8251 2361 13773 12681 7894 7428 3897 8223 18098 1273 5753 14984 16477 15348 4570 15698 6339 15128 13451 11277 4909 10419 14389 3216 5528 1397 11759 12676 7632 13239 12841 9065 14753 3684 14321 6239 3922 12748 6588 12970 14654 13233 5588 13011 15655 6270 11020 7222 7614 8717 9110 14898 14678 7870 3470 2261 9318 10261 13218 6722 13336 14185 9049 7399 4560 6836 4105 13995 2564 7493 9850 4093 13136 9282 19230 1688 9513 10224 7432 12837 12639 6334 3971 10310 12896 8133 12612 18483 9833 13824 13853 15430 6005 11036 8625 5677 6648 12907 8538 11243 7738 14389 9072 2189 4631 12821 11846 9741 4172 4423 13542 6831 6421 14322 13478 9361 6047 10989 7647 9218 7668 9936 5596 11347 17519 3956 8130 13533 4928 6004 7890 15941 10995 679 3928 0 4066 6919 8571 10549 5517 4739 4823 16205 13028 6694 19657 6007 15345 2616 8679 10888 4770 7804 7807 8954 5822 10420 1449 10596 10962 4100 10942 13321 3203 5027 1354 3686 12345 13192 14397 3684 4616 4161 6564 3482 14842 14724 1224 9086 6677 5650 10792 6531 6251 9698 5223 7428 9263 2502 8689 3387 2043 6244 7345 17908 11260 3884 3148
10100 10336 11753 7277 5820 2887 9506 1975 4602 6294 9127 5869 10373 3128 11473 11196 7408 7877 8062 6660 15494 8331 11895 7053 14943 5104 6353 5059 6042 11290 1495 11508 3740 8241 10588 9561 2785 7636 2340 7139 8637 2373 9816 5848 8319 9517 9986 3356 11684 6336 6736 13715 9555 5069 10609 9653 7545 7193 12123 5973 1021 5626 11152 10541 10091 11890 10811 7550 12338 6280 4494 9993 8137 4641 9678 6935 10191 3924 3267 5201 5120 9559 8817 1231 7568 8774 4718 2349 5495 10416 9335 14297 11103 10063 8356 10133 2138 14524 10922 3124 6263 9969 5339 3902 5720 7462 5169 11220 6358 5566 8653 10129 4619 7037 10904 12742 12737 9217 3082 7008 6265 4864 6437 11978 10135 4929 5855 7609 5446 4160 3660 6556 10289 9245 7628 6937 8155 776 10990 7716 8791 2427 6542 2107 9471 7378 8138 7197 7521 8133 6518 9659 2428 1694 1678 9289 8997 6210 7536 9187 11511 12096 3488 7100 10801 11836 7422 2078 5152 7884 6254 4766 12220 11157 2686 12558 12277 7167 7349 2112 8977 2775 329 12124 9903 647 682 4640 5698 9933 7549 12312 5780 2917 9395 5113 12312 8711 8112 1902 4807 7530 6042 6096 9710 9197 4560 4055 3753 6012 14109 2825 6870 11042 12648 12129 4754 12022 2276 13959 10160 10045 2926 9465 10551 5126 9536 3423 7985 9462 9178 10291 9871 8340 12612 7675 10451 2173 7515 10081 8178 10451 12376 9269 9649 10467 11781 3781 10158 4501 6397 4673 6651 13779 11348 7155 4786 4168 8092 6195 12758 3260 10705 12956 6233 3621 7596 3531 7572 10916 3378 6304 7583 6027 9167 5238 15188 5727 6288 10038 8032 10243 8706 4200 5892 8363 9116 4277 9165 14430 7598 9833 10107 14609 2089 6998 6084 5951 3877 9810 6884 7232 11793 13810 9521 3445 7930 8755 11570 9857 2713 7729 12182 5102 5803 10257 11929 8614 9043 7091 4291 8800 3773 5919 9587 7284 13506 1072 6365 10668 8987 1955 7153 11875 9519 3956 6062 4066 0 4538 4639 9589 4973 2285 8859 12317 9231 2632 15638 3645 11376 1655 6349 7701 6110 6743 6470 5058 5138 10105 2717 6883 8006 4355 7851 10415 2459 8937 3434 6261 8341 10311 10743 3963 8319 8170 2645 1994 13207 11562 3459 5255 3153 4506 10898 2643 10306 7701 4480 4555 6161 4735 8142 5038 2322 3093 5684 13845 9764 1725 2600
6581 6356 7278 11711 7630 6862 11447 5533 4480 1861 8301 7811 11613 6862 8761 6926 3169 4213 6437 2151 13978 12842 7574 11393 13300 1979 6561 9588 6452 9589 3736 13559 7463 11515 14285 10443 7000 4460 6747 6890 4521 6910 11802 9431 6244 12213 12295 7842 7419 8104 2255 11551 10455 9567 7465 10527 10716 9245 11914 7308 3980 6671 9946 6784 8475 10750 8770 10666 11926 6037 1513 10950 6343 5987 10035 11472 13368 5313 4543 7110 654 13826 8004 3960 11382 11698 9250 3347 5696 6749 4949 13313 7732 8462 5274 11738 2500 13515 7042 6563 10567 7491 1168 4305 10225 11789 9705 12396 5518 9872 10750 11729 8444 8735 12946 12077 16837 12825 5379 10762 9976 4137 2586 16093 6348 9077 8679 3497 9722 4984 7716 6509 12058 11410 10522 11455 11415 4542 9580 10042 13303 4377 2612 5170 11877 7335 9233 11725 8769 12397 2243 5668 5814 5107 6173 7555 4713 10742 5598 9482 12058 10275 8004 2585 6347 15643 11359 6585 6600 12059 1892 7152 9995 14975 3124 8288 8011 8613 4941 6628 11751 7125 4687 7653 13823 4023 4444 8097 10221 6616 7023 8193 8448 4071 7537 3498 9857 13219 4478 4848 9244 11975 10107 7790 9237 6138 2004 1947 3403 1476 12509 5829 11298 9337 10372 8501 9248 9302 4307 9487 12777 5633 2023 5219 8421 5432 12129 7114 9834 12257 7290 13365 5936 12795 8131 9529 8457 4411 10841 5848 6615 13951 7939 7846 11920 6148 9718 760 14540 8445 10812 4954 10500 9322 7908 11641 4784 8150 3799 6570 8612 6792 14087 8482 9846 6479 11347 7171 8464 7108 4530 2374 3087 10200 10094 6361 13979 8089 2930 6278 5426 5956 9877 626 10061 12392 10800 6699 11611 13396 3092 10549 11784 10238 3443 6508 1710 3903 7898 6039 2464 8184 13590 9563 6406 4903 11510 8664 7605 6376 2747 11301 16337 9453 2779 10020 7403 4591 8933 5620 1961 5014 3519 7112 12233 7562 12098 5608 1936 6614 11333 4688 11635 11476 13714 7230 5994 6919 4538 0 6671 5332 2690 6739 11370 10286 7052 4703 14196 954 12070 4674 1850 10720 10460 2808 2348 7100 2524 6237 5596 4708 11273 8818 10977 13530 6890 11811 5618 10198 9162 6274 8018 3784 9418 10827 3421 3532 8670 7858 5737 3966 6635 1929 7281 5639 12616 3163 9017 948 2573 8681 4360 9227 6216 1705 1480 13082 5274 3286 7013
13232 9882 13417 7252 10438 6936 5008 2805 8966 7597 5496 1263 5735 7333 9181 11181 8025 10861 5433 8565 11758 8725 13997 9595 11328 5638 10902 6366 2287 8045 5895 15939 2677 5021 7987 14200 3633 6794 4144 3534 8739 5157 14304 9757 12275 5542 14368 4892 11602 10948 8046 10619 14194 6006 8952 14292 11614 11738 7794 1453 5503 1453 7520 9703 6954 8132 7944 4126 8097 10737 5496 14628 12204 958 5234 8181 6765 1377 2135 9824 7305 8491 13231 5722 11044 12921 6676 3515 2333 13418 9868 10274 14365 6918 11776 14699 5623 10504 13704 2164 9029 13786 6655 2491 6528 9983 6913 6581 3709 8452 4212 14696 8468 2409 15350 8616 10948 6516 7722 10615 4109 9071 6858 10265 9412 8281 10231 10155 8430 1851 7423 11067 14820 4854 11857 7630 4918 3872 7540 12171 9136 2576 7012 2534 13834 3517 12775 8670 2904 7212 8889 12322 6944 6302 5248 6423 9343 7278 11515 4806 6938 8857 6058 8927 12588 9404 10748 4560 828 6692 8517 9338 9335 8775 3614 14749 12132 2531 5796 5318 13195 4040 4336 12635 7812 5063 5314 2445 7541 13224 11994 14767 1844 7387 6623 4241 9639 9021 11125 6541 7425 7524 4849 10720 5726 7740 5132 4877 7906 7746 10515 7401 9119 7834 9762 10870 7088 9663 2715 15550 6114 11995 6364 11780 7813 9636 13818 7604 3417 5587 13245 6731 9424 8284 13129 12245 7601 2714 11476 10138 12335 7503 12723 6120 14055 10663 8798 6194 9506 3498 6436 2269 4748 15439 9939 7493 9200 7918 10376 2397 15165 2280 7562 14571 3870 1301 11147 2473 12210 10096 7913 9032 8772 9137 4565 1221 11261 10259 6248 12949 11718 10394 4075 6786 9031 6680 4524 568 4967 10430 8825 5261 5529 16519 3558 3674 7340 9770 3415 9126 9004 2728 16290 16020 12949 8039 11636 4645 14247 13018 6644 11460 10575 5187 9113 6066 13284 11251 13607 4697 4988 11684 3266 1504 13842 3191 9812 4638 8508 10290 13388 2748 7465 7655 8211 8309 10547 8571 4639 6671 0 11881 8555 4322 13203 9240 6816 2240 11842 6284 6774 6294 7810 4130 8771 9474 9019 453 8582 12904 7325 5309 4788 6976 4426 6904 5879 13104 8073 9727 3801 9960 8584 8220 12955 12482 3328 6320 14325 10489 8094 3921 2218 7835 13948 2041 14677 9215 6141 5989 6429 8423 11026 8289 6587 5079 8151 9716 11471 5871 6015
2660 6330 2557 16866 10241 11274 16396 10839 7032 4388 12023 12935 16252 11109 10411 5644 4648 2281 9922 3317 16318 17886 2310 15819 15570 6360 8124 14597 11198 12303 8396 15270 12786 16813 19614 11415 12239 7033 11907 11241 5166 11882 13680 13185 5205 17384 14437 12944 5969 10540 4003 13423 11441 14648 8801 11471 13925 11653 15642 12295 8788 11627 13084 7155 11483 13836 11273 15950 15498 7421 6390 11895 5654 11101 14318 16372 18634 10505 9795 9968 4679 19086 7776 8682 15174 14544 14132 8677 10481 2416 4202 16257 3657 11488 3271 13228 7453 16417 2155 11893 14980 5113 5244 9415 15293 16181 14601 16960 9824 14323 15782 13215 12531 13733 14724 15426 22149 18151 9161 14543 15307 6426 5527 21402 6830 13400 11891 1993 14145 10090 12084 7840 13670 16440 13491 16488 16712 9758 12586 12549 18343 9703 5387 10498 14176 11726 10719 16543 13602 17655 3114 1054 10074 9589 11074 10651 4626 15729 5221 13785 16286 12744 12864 2978 1669 20975 15286 11665 11683 17345 3442 10374 12038 20308 8438 2976 6364 13532 8204 11539 14439 12318 9803 4936 19151 8983 9298 13429 15043 3116 7574 2886 13700 7887 10516 8030 11631 18269 2224 9207 13909 17120 15409 10252 13073 8082 6787 7005 6729 4137 14913 9867 15870 12091 12285 8599 14015 10817 9637 4580 17914 941 6676 130 10898 7704 14585 11287 14822 17452 5932 18611 6235 17928 5196 11689 11077 9743 14187 5230 6083 19265 5404 11166 14074 5000 12007 5990 19739 13754 15983 9906 15828 4355 8571 16736 7212 12406 1534 11284 3289 12120 19384 3642 15178 11799 15073 12497 9966 7227 8030 3299 3556 14472 14680 11376 16640 11041 6286 1941 4151 5055 14594 5461 14337 17707 15679 11971 16725 16284 3479 14989 16613 5035 8774 10793 4633 4988 13192 6700 2889 12948 15022 4243 3449 8383 15043 12834 2487 2654 7082 14845 21637 14660 4146 13924 3181 1217 9209 9468 6903 1681 8624 12070 14731 12088 14753 10642 3405 6250 13648 10017 16736 15101 18998 11086 7581 10549 9589 5332 11881 0 5075 11870 13844 12514 9819 10023 16597 6036 16387 9140 4134 15987 14941 2882 3121 12288 4792 1643 9639 8298 16572 13542 16259 18782 11669 14592 9228 14214 13775 6115 9835 6879 10861 13524 8733 7995 4516 7973 9359 8496 11963 5205 2865 10971 14719 2915 13993 5896 5924 12849 1942 13584 10678 7037 3944 16249 1492 7996 11766
5135 8467 7540 12124 5575 6224 13527 6648 2204 3968 10947 9789 13919 6039 11348 8679 5311 3020 9122 3318 16664 13017 7344 10747 15982 4668 4038 9741 8824 12277 3567 11269 8595 12998 15514 7901 7756 7060 7295 9423 6639 7062 9541 8162 3756 14002 10142 8217 9153 5979 4134 14197 7916 9858 9968 7981 9077 7142 14524 9466 4020 8883 12630 9036 11165 13434 11446 12223 14561 3442 4153 8412 3765 8059 12525 11422 14927 7307 6470 5173 2523 14498 5316 3864 10159 9864 9199 5042 8077 5472 6646 15997 6131 11152 3390 9350 3043 16201 6039 7820 9909 5232 3742 6492 10479 11107 9669 14731 8103 9257 12761 9340 7459 10833 10669 14737 17706 14110 4090 9526 11164 1679 5100 16946 8601 8327 7006 3148 9077 7127 7020 3926 9712 13408 8736 11625 12905 5380 12269 8005 13467 6005 5082 6476 9782 9843 6788 11553 11009 13080 2614 4881 5016 4595 6229 10245 6611 10840 3033 11975 14539 12957 7942 3652 6579 16789 10245 6957 8682 12852 2639 5449 12644 16110 4989 7918 9715 10788 7627 6685 9835 7739 5253 8925 14868 4327 4520 9408 10068 4960 4346 7535 10164 2817 10226 6101 12476 13401 3227 4190 8888 12361 11013 5666 11853 8704 4628 4440 1654 3302 15194 4792 10815 12025 13012 10764 9029 11878 5883 9650 14610 5766 2226 4945 11093 3094 10108 6212 11912 14000 4770 14981 8107 13145 9345 7326 11137 5925 9291 7722 3989 15318 9305 10531 9766 7874 12386 2642 15027 9442 11276 7255 11591 9429 10285 11928 2468 7332 3801 8957 7991 8011 15531 8691 11098 8012 10073 8344 6001 9311 2967 2004 4724 9397 12455 8530 16669 6240 5568 5128 3177 7746 12168 2163 9262 13335 12956 8433 13500 16082 4686 12970 13960 10057 5004 9071 3961 1269 8829 8319 3152 10488 11214 9112 4564 3332 10096 11213 6712 4889 2262 9892 17143 10038 934 12614 7962 3930 6263 8286 4526 3945 5780 9303 10233 10010 14788 5933 2856 8643 9235 6053 11932 14106 14478 6026 3446 5517 4973 2690 8555 5075 0 7216 9344 12953 9731 6351 16884 2435 14519 4160 3779 12328 9876 2287 2344 9006 315 5238 4565 7398 12757 8546 12534 15125 6732 9943 4176 9155 11529 8338 10614 1835 6966 8899 5255 3099 9327 10098 4308 6546 7873 797 5939 7036 10453 4403 9124 3622 5182 7774 3328 8512 5649 3614 2139 15754 5749 3252 6812
12351 12153 13999 4998 6782 2835 8497 1854 6528 8411 9632 5301 9704 3293 12686 13143 9417 10153 9033 8884 15994 6107 14173 5532 15522 6975 7946 2899 6357 12052 3657 11809 2186 6496 8531 10599 866 9253 192 7598 10559 849 10255 5465 10383 8057 10213 1107 13622 7243 8868 14587 10586 2830 12049 10689 7339 7827 12113 5774 3196 5678 11688 12251 10887 12353 11755 5951 12419 8027 6444 10968 10150 4784 9541 4850 8421 4311 4049 6218 7347 7285 10545 3362 6735 8658 2773 3914 6041 12679 11374 14576 13329 10855 10578 10769 4417 14807 13200 2179 4860 12065 7421 4856 3489 5939 3164 10533 7219 4226 7616 10768 4186 6428 11242 12930 10498 7236 4459 6294 4346 6894 8360 9737 11870 3963 6152 9892 4177 4785 3156 8214 10824 8121 7639 4727 6423 2222 11633 8120 6568 3343 8482 2390 9670 7700 9185 5192 7118 5864 8787 11943 3327 3057 1303 10197 10987 4050 9605 9126 11145 12873 1809 9321 13054 9711 6459 343 5077 5646 8511 5587 13180 9034 4281 14840 14208 6694 8710 1118 8957 595 2070 14200 7750 2914 2703 3136 3766 12163 9271 14597 4712 4852 10349 6531 13373 6481 10386 3467 3248 5255 3890 7079 9995 10669 6393 5906 5868 8198 14696 3843 5181 11820 13613 13737 3012 13217 3263 16208 8715 12307 5211 11746 11550 6846 9604 3518 7164 7946 11172 8576 11679 6069 14695 8372 11396 3102 7177 12026 10139 8497 14421 10040 9924 12452 12686 5995 7873 2549 4114 5406 4614 16033 12891 4902 6651 3629 10366 6498 15043 2132 8808 15203 4386 3025 6831 2150 8766 12639 5175 8588 9715 4869 8767 5340 15547 6374 8077 12310 10198 12213 8212 6452 4755 6181 8288 3787 7878 14729 9737 9492 9210 16883 3683 7595 8185 8117 1939 11549 9136 7039 12229 16094 11729 5106 7314 8936 13850 12106 4957 7138 9928 2824 8069 10380 14141 10899 10524 8112 6132 11078 5087 5817 9615 7453 14024 1286 8612 12513 9262 2703 4897 11976 7263 4306 7780 4739 2285 6739 4322 11870 7216 0 9035 13182 10337 3299 16096 5885 10940 3337 8497 6156 4633 9028 8749 4609 7398 12384 3879 8209 6279 2773 6225 8673 1639 8846 4749 5411 8082 12156 11995 6007 9348 8303 4100 4144 15396 13220 4712 6522 2141 6784 13154 2511 10512 9889 2390 6618 8030 4113 10423 3982 2716 5162 7951 14032 12002 3971 1754
12465 17677 16398 10821 3779 6270 17492 10411 7141 13100 17980 14295 18738 5873 19881 18012 14468 11566 16775 12649 24326 10560 15785 6456 23754 12970 5728 8804 14883 20055 8286 2786 11183 14946 15962 3892 9874 15678 9226 15998 15830 8192 1555 3760 9159 16779 1181 8981 18490 3369 13364 22386 3855 9280 18745 3926 2040 2212 20924 14636 8408 14392 19992 18150 18855 20740 19479 14638 21166 6429 12299 3827 8667 13416 18415 8873 16677 12746 12126 4261 11554 13268 7107 8257 4002 1154 7980 11068 14354 12966 15975 23156 12764 18830 10805 2493 9438 23383 13783 11169 6126 10427 12533 12740 9434 6475 8176 19568 15161 6129 16612 2501 4915 15443 2255 21592 16429 15090 6185 3812 12743 7684 13942 15759 17713 5579 3005 12237 5991 13017 5894 6035 2240 17078 1454 9727 14901 9602 19804 1341 10810 11284 13978 10777 636 16229 3501 8520 16086 12324 11954 13211 6435 7212 7958 18010 15894 9092 8805 17954 20129 20845 7691 12996 15501 16675 4475 8737 13856 12539 11976 4299 20851 16095 11339 16122 19057 15679 15773 7943 768 9501 9086 18230 14827 8740 8305 12090 7931 11972 6577 15432 13738 7347 18086 13640 20854 10834 11626 7170 6934 10876 11769 3679 18565 17360 12603 12160 8013 12494 22921 6096 7078 19803 21267 19870 7407 20435 11134 18251 17426 14709 9462 13724 19186 6276 764 5599 16198 16613 9078 16924 17278 11240 18628 2177 19127 11026 2438 17024 8300 16295 18626 18056 939 17206 20459 10814 13012 11209 10508 13528 12703 17992 19265 10287 6879 5467 12931 15036 15859 11155 16738 17410 12901 11961 3766 11181 4075 18465 6847 11310 14036 5477 17748 14013 24044 3312 14146 12932 9933 17067 17215 10750 5471 13371 17319 12720 16750 23289 14004 18458 18227 18239 10828 15851 13018 8928 10737 17407 12494 15918 3305 17049 11376 6484 3171 17591 14447 12249 8710 3143 15748 10266 10085 19088 16991 12633 5835 15805 12369 12257 12489 14628 892 16107 22341 8578 12190 17896 434 10765 10323 20707 13569 4925 6264 4823 8859 11370 13203 13844 9344 9035 0 21013 17816 11466 24479 10536 19942 7434 12973 14885 6384 11499 11667 13552 9656 13215 6262 15372 14775 7144 14861 16964 7398 1042 5874 4546 17004 17572 19131 7667 3449 734 11388 8183 18348 19225 5778 13896 11145 9757 13162 11184 1478 13747 8453 12016 13857 5099 11903 5698 6641 10965 11438 22697 14879 8629 7281
15035 6451 12228 16384 17509 15185 9561 11346 14687 9238 3836 8961 8074 15445 2226 7748 8196 13209 4257 10354 3825 17881 13472 18689 3093 8351 16815 15581 6961 1233 12729 23487 11910 12609 15445 20678 12688 5954 13039 5706 7357 13913 21732 18157 16147 11593 22072 13986 7789 18023 9306 1406 20687 15239 3789 20764 19853 19084 4885 8041 12616 7794 2256 5622 2300 2367 1540 11838 4421 16318 8964 21179 16364 8498 5842 17420 13406 8874 9210 16919 10455 17132 18218 12759 19777 21054 15808 9996 7149 14897 8367 3972 16137 2335 14624 21816 11628 4080 14644 11258 18041 16966 9217 8461 15768 19090 16092 8222 6000 17404 9666 21809 16904 8517 22870 3897 18770 14221 14843 19258 12888 14405 7933 18241 5825 17024 18056 12045 17344 8406 15896 16785 22083 10040 19887 16854 12525 11666 1898 19764 18268 10022 7988 10832 21592 5772 19404 17906 7675 16063 11196 13489 14655 13852 13673 3029 7894 16517 15636 5730 6667 585 14991 10339 11962 16777 19563 13316 8413 15482 10894 16730 576 16322 9697 14167 7914 8052 5370 13925 21222 13074 12164 9497 15827 12314 12777 11607 16724 15362 17299 14724 10255 13816 2930 7379 1216 18149 13418 13850 16427 16646 13884 17724 4139 4493 8566 8946 13532 9899 2399 14936 18270 1413 729 5002 16155 2054 10149 13522 11693 11935 11788 12499 1868 15624 21731 15740 8923 11846 17176 13141 6387 17355 9789 19464 1887 10291 19832 7534 16699 14645 9218 3148 21712 7971 569 10573 18271 12719 15619 7796 13510 13583 4408 16680 14992 16414 11697 6845 14910 11430 14406 12884 12599 10431 19834 11684 18660 5734 14373 11823 9249 18021 7064 8034 4153 17728 7388 14390 15133 7794 7551 10875 17899 15202 8800 9798 10743 3946 9326 6666 9101 14886 10248 5616 9148 14092 12650 5878 10836 7202 23627 15132 15458 14686 20218 5107 14811 14947 12498 20021 18606 14419 12806 4528 11538 12796 19214 5229 8764 13518 8560 7868 21801 6205 2343 12933 10707 6705 21073 10643 16650 4303 16745 16228 16262 16205 12317 10286 9240 12514 12953 13182 21013 0 3252 9958 4092 10849 7007 13589 9503 11644 17810 12028 11531 9188 12747 14135 14758 5696 12470 15954 11999 13344 14454 21207 15171 18444 6829 6676 2685 13930 19592 20366 9685 12866 11728 5288 15256 7119 11330 12214 15373 10677 22397 9911 15302 9405 7784 16973 13120 17082 14639 10128 11081 4235 11194 12402 14605
12198 4541 10022 14064 14276 12117 8722 8484 11436 6133 2722 6912 7743 12346 2379 6034 5255 10211 1383 7304 6940 15528 11130 15868 6252 5103 13565 12933 4598 2589 9533 20259 9370 11038 14041 17426 9952 2872 10212 3532 4729 11007 18502 15076 13025 10502 18861 11237 6268 14787 6266 4583 17435 12644 2415 17513 16724 15858 5966 5931 9449 5481 3266 3915 1666 4021 1721 10173 5745 13075 5712 17927 13215 5936 5408 14846 12235 6124 6291 13690 7253 15190 15019 9581 16770 17899 13055 6885 4511 12119 5930 6500 13339 1673 11597 18571 8401 6678 11974 8602 15174 13947 6010 5494 13223 16276 13382 8208 3170 14512 8528 18564 13848 6862 19641 5614 17277 12674 11635 16227 10811 11159 4795 16666 3874 14052 14881 9072 14435 5586 12863 13540 18843 9059 16725 14383 10942 8628 2770 16554 15945 7052 4870 7948 18388 3842 16152 15295 6184 13980 8118 10722 11510 10702 10679 941 5374 13951 12479 5013 7054 3227 12130 7350 9566 15445 16586 10429 6036 13434 7791 13524 3036 14905 6564 11873 6617 6430 2119 10973 18050 10312 9108 7827 14190 9171 9645 9260 14012 12473 14073 12302 8213 10578 734 4181 3081 15831 10437 10674 13575 14337 11654 14486 3711 1919 5315 5704 10280 6771 5470 11765 15504 2349 3450 4412 13346 2890 7163 11669 10776 9380 8539 9783 1386 12372 18542 12641 7607 10704 14064 12040 4265 15100 8232 16229 1407 7314 16726 5410 13536 13342 7690 1569 18498 5946 2685 7322 16259 10286 13234 4957 11454 11672 3471 14285 11740 13379 8809 4530 12554 8803 13208 10880 10542 7844 16811 9109 15408 4222 11133 8710 6355 15089 6312 5606 7027 14520 4189 11602 12044 5706 6572 7633 14962 13305 7902 7328 9655 6550 6434 6257 8533 12954 7143 3225 6014 10892 10104 3754 7808 5539 20387 12970 12507 11450 17161 4043 12236 12083 9253 16960 17009 11938 9631 4525 9476 9921 15984 2228 5517 10620 5459 5705 18618 4369 5120 9934 7618 4920 17864 7691 14259 5386 14862 13086 13015 13028 9231 7052 6816 9819 9731 10337 17816 3252 0 7044 7170 7597 7270 10417 6411 10039 14961 8954 8440 6891 9534 11381 11579 2454 10855 13098 10396 12244 11478 18047 11957 15445 5683 4731 1774 10678 16340 17181 6586 9647 9994 4252 12046 3977 8681 8981 12623 7890 19186 7029 12584 6160 4597 13944 10160 14127 11545 6891 7923 6438 8648 9190 11630
11158 9086 11792 7626 8429 5322 7247 1453 6739 5948 6574 3501 7897 5645 9387 10207 6669 8798 5759 6750 12964 8965 12228 8825 12442 4154 8712 6028 3418 8865 3714 14135 2945 6818 9593 12122 3026 6079 3184 4555 7641 3970 12447 8280 10050 7659 12603 4258 10668 8949 6415 11364 12119 5817 8774 12214 10059 9824 9491 3413 3360 3009 8621 9096 7680 9336 8499 5983 9710 8519 3803 12567 9970 2028 7056 7988 8694 1293 754 7809 5355 9415 11000 3572 9825 11323 6049 1371 2918 11378 8615 11701 12270 7650 9629 12759 3386 11929 11725 2010 8131 11582 4945 1557 6448 9235 6407 8739 3961 7475 6446 12756 7001 4621 13532 10127 12257 8129 5662 9318 5326 6833 5524 11528 8738 7067 8461 8193 7404 1583 5972 8862 12920 7083 10199 7677 6720 1868 8504 10342 9415 347 5666 910 12083 4765 10708 8389 4990 8017 6945 10361 5052 4324 3730 6946 8156 7122 9286 6560 8920 9683 5086 7150 10907 10965 9605 3386 2581 7603 6592 7396 9924 10303 1586 12958 11238 4675 5434 3968 11549 3340 2382 11455 9188 2932 3261 3430 7027 11114 9770 12893 3828 5193 7085 3318 10093 9312 9058 4494 6532 7903 5629 8700 7102 7410 3574 3176 5668 5954 11609 5456 8478 8625 10357 10513 6311 9920 476 13977 8261 10249 4142 9913 8279 7436 12128 5935 5654 7670 11013 8712 8611 8722 11954 10303 8139 491 9987 9105 10097 9249 11615 6839 12270 9580 9446 4126 10267 3976 6727 2166 5887 13840 9644 7704 6980 6490 8493 3571 13310 2252 9390 12979 5175 1777 9889 2640 10104 9490 5734 6998 7217 8071 6605 2618 12613 8359 5085 10928 9525 9325 6184 4711 7947 7826 6751 2084 7149 11839 7257 7248 7758 14840 1353 4462 5694 7550 3543 8424 7137 4639 14425 14235 10808 5891 10297 6129 12302 10936 4404 10105 11797 5339 6958 7630 11772 9283 11415 4823 3356 9656 1900 3330 12172 4653 10978 3003 6618 9467 11606 707 7688 9249 9238 6544 8336 6694 2632 4703 2240 10023 6351 3299 11466 9958 7044 0 13093 4173 8803 4233 6114 6055 7917 7449 7030 2691 6397 10913 5343 4928 6577 6054 6295 8869 4500 11493 6018 8491 5750 9116 8696 5986 10892 10767 1293 4114 12919 10024 6056 3248 2093 5655 11900 1061 12921 7555 5611 4186 5134 7041 8989 7125 4847 3019 6158 11231 9799 3651 4650
19127 10445 16198 18459 21130 18415 10362 14351 18497 13276 6520 11185 8551 18730 6214 11642 12276 17288 7849 14415 317 19950 17474 21429 1055 12226 20642 18135 9751 4607 16269 27055 14467 13942 16385 24466 15467 9989 15931 8545 11446 16896 25319 21368 20183 12442 25581 16734 11612 21651 13368 3314 24472 17730 7822 24554 23151 22662 4723 10441 16090 10428 4487 9602 5750 3758 5483 13345 4206 20184 12798 24959 20382 11316 7064 19816 14190 11869 12390 20524 14421 18677 22184 16257 22825 24405 18508 13420 10175 18985 12431 1874 20225 5767 18697 25483 15273 1695 18720 13996 20871 21042 13177 11741 18172 21813 18720 8282 9327 20285 10798 25477 20085 10381 26441 3488 19669 15411 18394 22356 14815 18263 11950 19266 9848 20048 21482 16127 20256 11513 19046 20641 25716 10940 23265 19121 13879 14921 4705 23284 20284 13233 12017 13889 25080 8399 23147 20342 9507 17836 15249 17578 18049 17266 16801 6660 11972 18928 19647 7280 6645 3955 17877 14415 15989 17555 22555 16289 11043 17234 14935 20258 4560 17231 13168 18149 11640 9953 9258 16982 24614 15872 15436 13317 17039 15741 16174 13944 19340 19454 21217 18742 12339 17480 6661 11037 5014 20163 17499 17326 19264 18697 15947 21364 6116 8581 12363 12689 17323 13926 1709 18386 20932 4860 4344 8675 18930 5879 13377 17336 12321 15998 15539 16584 5853 19415 25168 19023 10362 12730 21218 13862 10426 19308 13551 23079 5766 13498 23079 11548 20705 15506 12988 6479 25233 11952 4624 14406 19867 15099 17809 10967 15375 17422 8281 18847 18799 19561 15787 9606 18908 14122 15152 16772 14521 13132 22910 14298 22427 9659 18049 15861 13337 20957 8256 10757 856 21253 11359 18479 19185 11795 8873 14761 20847 16776 9792 12406 11681 1684 13414 7592 9661 18718 13655 8643 13171 18059 15179 9929 14905 9292 27255 19059 19545 18335 23356 7203 18868 19039 16212 23169 19644 16784 16800 5883 15466 16887 23120 8782 12532 17609 12018 10345 25223 8656 2143 16089 14754 10659 24579 13801 18811 4514 18230 19593 20108 19657 15638 14196 11842 16597 16884 16096 24479 4092 7170 13093 0 14673 7035 17060 13547 13098 20613 16084 15579 11656 16696 18221 18230 9503 13866 18810 13418 14046 17535 24571 18736 21494 8490 10671 6762 17721 23337 23800 13098 16471 15520 9099 18808 10696 14055 16123 19459 13612 25905 14001 17965 13283 11766 20101 17205 20076 17927 13830 15090 2632 15258 15989 17682
6985 7265 8114 10877 6832 5907 11191 4816 3839 2813 8575 7483 11507 5910 9447 7873 4100 4627 6840 3017 14468 11972 8320 10442 13811 2513 5974 8703 6393 10075 2782 12799 6777 10975 13665 9829 6207 5172 5907 6995 5441 6008 11037 8493 6175 11806 11492 6981 8367 7321 3209 12153 9838 8703 8225 9916 9812 8445 12116 7088 3034 6486 10331 7657 8924 11133 9316 10152 12171 5515 1885 10330 6200 5704 10090 10568 12865 4976 4156 6289 1478 13053 7669 3008 10437 10823 8338 2805 5644 7211 5902 13690 8099 8908 5493 11026 1558 13899 7590 5907 9616 7571 2033 4088 9357 10838 8796 12314 5698 8921 10452 11018 7493 8482 12183 12376 16119 12220 4473 9819 9326 3594 3415 15370 7223 8123 7791 4106 8770 4741 6762 5968 11325 11107 9642 10579 10878 3728 10004 9218 12432 3831 3463 4510 11060 7411 8566 10808 8610 11621 2925 6249 4863 4153 5254 8012 5658 9854 5466 9540 12103 10794 7085 3457 7168 15001 10409 5712 6328 11309 2630 6282 10594 14328 2670 9011 8960 8409 5479 5712 10891 6302 3818 8602 13146 3101 3507 7475 9301 6948 6598 8847 7991 3197 8021 3722 10502 12351 4887 3898 8305 11137 9376 7010 9454 6861 2310 2039 2688 2411 13004 4892 10355 9820 10985 9361 8319 9995 3736 10323 12392 6425 1098 5917 8981 4776 11291 6163 9573 11829 7200 12885 6834 11954 9079 8758 8988 3816 9926 6790 6420 13377 8892 8241 11119 7099 10281 282 13729 7727 9984 4831 9823 10147 8730 10784 4143 7196 4511 6525 9280 6126 13542 9319 9217 5926 10405 6495 7815 7991 3691 2852 4037 9246 10031 6145 14407 7238 3630 6770 5489 6904 9758 576 9107 11681 10590 6237 11251 13784 4040 10537 11588 11015 2839 6653 2652 3705 7158 6909 3250 8073 12865 10279 6665 4052 10579 8787 8191 6763 1844 10370 15602 8643 2842 10201 8286 5174 8472 5957 2159 5498 3355 6914 11390 7575 12551 4716 2726 7535 10518 4039 10781 11713 12962 6296 5436 6007 3645 954 6284 6036 2435 5885 10536 10849 7597 4173 14673 0 12085 3721 2802 10228 9511 3306 2936 6728 2378 6772 4661 5177 10733 7883 10465 13042 5956 10940 4728 9247 9102 7191 8698 3085 8753 9973 2958 2586 9572 8728 4843 4148 5973 1645 7730 5020 11816 4080 8122 1492 3323 7728 4829 8273 5262 1217 2092 13412 6121 2331 6077
18394 11807 17071 12015 17194 13674 3422 9578 15418 12108 4580 5648 1581 14087 8569 13302 11776 16119 6605 13313 7119 13453 18049 15648 7095 10304 17469 12253 5704 6020 12507 22694 8892 7114 9367 20922 10139 9514 10750 5216 11708 11789 21074 16399 18253 5448 21114 11237 13535 17708 12427 7828 20918 11786 9512 21014 18277 18512 2385 5403 12163 5817 4816 11177 5894 4680 6824 6665 2937 17214 10576 21363 18284 6780 2072 13655 7163 7546 8345 16577 12568 11840 19613 12375 17476 19597 12811 9757 6444 18440 12973 5161 19570 5865 17318 21472 11952 5349 18485 8777 15246 19562 11490 8088 12093 15991 12907 1279 6637 14771 4031 21470 15125 4513 22111 3681 12637 8473 14450 17119 8412 15408 10868 12247 11143 14792 16990 15137 14791 7525 14094 17590 21594 4016 18570 12843 7066 10601 5315 18938 13732 9083 11004 9291 20576 4749 19504 14206 3870 11162 13942 17127 13717 13058 11988 6332 12391 12821 17551 2616 392 6422 12517 13527 16488 10520 17121 11220 6230 10564 13559 16109 7484 10205 9680 18815 13864 4264 8254 12007 19894 10536 11085 15090 10083 11734 12037 8108 13477 18536 18433 19115 6376 13965 6562 8615 8105 13612 16377 13272 13733 12222 9609 17472 3559 9163 10087 10141 14275 12562 6549 14168 15059 6023 7736 11362 13322 8728 9239 18860 5289 16150 12543 16321 7032 16185 20535 14351 3951 5740 19283 6830 11508 12730 15501 19017 6719 9293 18101 12622 18492 8482 14960 5701 20809 13171 6977 11894 13037 9203 11506 7284 8877 18841 10504 12476 15681 14567 15096 5566 19425 8808 8118 18021 8132 7983 17609 8832 18908 11464 14519 14334 12840 15500 2210 6205 6214 17033 10109 17926 17492 12920 2728 12433 15414 9999 3032 7229 4740 5352 12915 1566 2657 20100 9904 5639 11894 15788 9485 11009 13832 4167 23060 19987 18409 14691 18152 3554 18873 18225 13006 17992 12627 10739 14830 2765 16615 16160 20161 6922 10109 16764 8748 5474 20550 4515 5799 11406 13459 12189 20142 9432 12436 2822 11370 15073 17054 15345 11376 12070 6774 16387 14519 10940 19942 7007 7270 8803 7035 12085 0 13017 12389 6393 14960 14709 14187 6400 14453 17778 14083 8098 7080 13336 6670 7013 12560 19786 14804 16207 3060 11992 8478 14633 19687 19216 9470 12878 17232 11374 14834 8133 8806 13730 18973 8815 21419 13471 12248 11156 10489 15036 16179 14764 13354 10920 13421 4405 15463 12398 12686
9229 10915 11488 8029 4197 2207 11148 3603 3191 6534 10584 7525 12028 2190 12558 11590 7802 7179 9344 6595 16902 8864 11441 6783 16322 5809 4749 5602 7601 12621 964 10003 5209 9704 11866 7910 4067 8491 3466 8641 9122 2984 8282 4840 7059 11083 8523 4196 12084 4718 6924 14970 7905 5753 11545 8002 6338 5634 13698 7614 975 7242 12576 11235 11421 13334 12061 9065 13891 4742 5142 8346 6816 6259 11288 7264 11651 5520 4804 3577 5122 10481 7279 840 6742 7483 5039 3640 7008 9599 9623 15787 10140 11396 7401 8542 2249 16011 10195 4707 5948 8750 5705 5345 6356 7169 5509 12875 7734 5263 10290 8538 3779 8693 9392 14266 13758 10554 1433 6133 7630 3575 6998 12996 10809 4419 4467 7154 5100 5695 3058 4978 8723 10874 6307 7476 9624 2423 12375 6224 9312 3989 7074 3763 8026 8914 6489 7409 9170 9089 6244 9034 1163 452 2155 10579 9373 6686 6286 10787 13145 13412 3785 7028 10521 13045 6695 3023 6788 8928 6063 3209 13445 12368 3905 12047 12677 8819 8419 2583 7635 3921 1968 12297 11079 1331 981 6150 5915 8988 6004 11692 7399 1527 10660 6237 13479 9248 7387 267 4771 8256 7226 4467 11230 10134 5352 4869 2628 6100 15490 1348 6763 12369 13865 12897 4880 13112 3832 13660 11733 9727 2685 9011 11776 3566 8144 2450 9636 11013 7835 11776 10469 9023 12766 6091 11706 3753 6383 10500 6802 11809 12600 10623 8173 10819 13039 3950 10931 5829 7212 6156 7940 13456 12186 7799 3320 3477 7730 7755 12148 4815 12100 12675 7636 5263 6723 5041 5917 11589 1849 5866 7741 5539 10811 6851 16648 4198 7022 9278 6940 10621 10356 4165 5400 9504 10769 5931 10769 15913 7739 11469 11759 14166 3407 8459 6369 4881 5200 10488 6697 8863 10244 13259 8518 1837 6947 10310 10871 8980 2089 6739 13165 6064 5079 11813 11784 8051 7420 8373 5096 8105 5055 7550 8212 8856 14919 2110 6219 11208 7520 3585 7806 13427 10509 2703 4508 2616 1655 4674 6294 9140 4160 3337 7434 13589 10417 4233 17060 3721 13017 0 6515 9234 5869 6262 6110 6713 4400 9397 1173 7993 9476 4403 9359 11888 2574 7629 1787 5529 9974 10858 11813 2705 6671 6777 3961 1180 13115 12291 1823 6470 4725 3939 10043 4295 8846 7715 4982 5014 6808 4007 7482 4579 1571 3711 5457 15363 9565 1404 2652
6019 4715 5678 13425 9199 8708 12262 7146 5894 287 8207 8822 12162 8699 7715 5125 1532 3844 6157 934 13302 14602 6187 13242 12587 2227 7817 11373 7071 8999 5583 15021 9007 12796 15672 11670 8685 3559 8490 7190 2872 8720 13280 11233 6644 13274 13839 9604 5616 9644 410 10657 11686 11327 6257 11749 12449 10803 11871 8163 5828 7493 9565 5258 7997 10357 8065 11917 11798 7209 2332 12181 6871 6995 10317 13278 14575 6436 5780 8722 1442 15448 8797 5810 13198 13377 11067 4848 6349 6051 3118 12888 7193 7993 5197 13123 4348 13074 6136 8081 12417 7545 1172 5324 11986 13639 11517 12890 5764 11721 11650 13113 10276 9600 14416 11834 18367 14199 7138 12574 11440 5435 1632 17634 4822 10924 10392 2769 11572 5990 9563 7694 13477 12307 12212 13224 12694 6279 9127 11634 15063 5823 1542 6725 13450 7670 10566 13545 9473 14027 1707 4757 7645 6952 8002 7097 2938 12528 6152 9773 12318 9592 9830 1162 4802 17059 13187 8366 7566 13656 1390 8842 9132 16402 4550 6940 6204 9398 4464 8452 13401 8845 6473 5804 15301 5858 6288 9543 12044 6205 8002 7005 9646 5799 7018 3902 8889 14976 4085 6681 11087 13693 11687 9328 9225 5082 2680 2965 4963 482 11839 7635 13143 8759 9468 6986 11081 8225 5787 7866 13795 4186 3842 4046 7694 6828 13736 8946 10688 13352 7674 14535 4338 14517 6284 11036 7795 5915 12597 4077 7219 15268 6089 7514 13462 4334 8947 2602 16215 10019 12521 5777 11999 7726 6514 13385 6183 9993 2723 7161 7384 8318 15358 6866 11283 7862 13155 8706 9780 5539 6205 2320 1240 12047 10596 7248 13436 9742 2343 5538 5638 4158 10483 2364 11908 13928 11549 7947 12601 12947 1250 10945 12489 8741 5002 6754 502 4725 9508 4540 1458 8825 14987 8211 6163 6587 13296 8857 6590 5863 4533 13087 17895 11145 3386 10059 5691 3771 9919 5542 2827 4390 4544 7937 13850 8002 11528 7412 1208 4923 12902 6244 13377 11372 15306 9028 7224 8679 6349 1850 7810 4134 3779 8497 12973 9503 6411 6114 13547 2802 12389 6515 0 11937 12309 2543 2032 8202 3505 5400 7401 4423 12558 10657 12222 14711 8730 13478 7350 12030 9681 4601 7006 5306 10745 12468 4832 5360 6907 6323 7474 4374 8158 3228 6585 7130 14155 1442 10813 1941 1933 10520 3843 11076 8063 3342 1668 12760 3689 5133 8855
17213 13736 17545 5657 12937 8943 3061 5767 12302 11726 7878 3307 4829 9413 12236 15110 12128 14852 8725 12676 13113 7069 18123 9664 12898 9767 13978 6351 5630 10418 9174 17667 4039 999 4026 16751 5300 10696 5977 6512 12759 6901 16227 11141 15929 1910 16061 5925 15503 13394 12175 12874 16738 5854 12394 16841 12994 13922 8420 4232 8712 4839 9509 13443 9593 9850 10689 283 8905 13964 9616 17112 15789 5003 6087 7435 2649 5501 6194 12373 11365 5591 16504 8928 11793 14307 7067 7424 6081 17431 13929 11275 18320 9554 15660 16824 9291 11489 17761 4587 9417 17525 10777 6621 6002 9961 7031 5468 7337 9075 2363 16824 9981 3194 17136 9610 7241 2637 10528 11556 2235 12537 10966 6649 13205 9359 12174 14217 9145 5973 9064 14212 16834 2497 13439 6563 904 7077 9755 14124 7340 6397 11121 5859 15516 6206 15340 7991 3982 4778 12958 16388 9462 9067 7447 9381 13388 6671 15150 6009 6734 11137 7197 13046 16718 5446 11379 6497 4517 4177 12593 11740 11911 4876 7603 18872 16004 3648 9563 7253 14670 5587 7374 16647 4196 8291 8353 3085 7517 17162 15231 18872 2291 10617 9624 8318 12370 7219 15113 9426 8094 5851 3405 13234 7537 11365 9261 8990 11393 11860 12186 9975 9021 10275 12297 14386 7633 12630 6497 19671 2567 16122 10103 15883 10680 12796 15359 9610 2772 1792 16835 2659 13299 6336 17135 14476 10403 6430 12729 14111 15857 3422 16702 8887 15810 14651 11340 10177 6774 3701 5245 6314 2555 19563 13436 6148 12485 9440 14472 5645 19275 4441 3437 18695 2018 4321 11963 4193 14917 13824 11056 13046 12899 9817 4852 4923 12345 12496 10329 16977 15501 14379 4251 10764 9760 3679 3374 4022 1947 11460 12953 5507 3891 20649 7395 6865 11469 13469 4244 12944 13102 4541 18164 20145 16841 11071 12569 6538 18323 16990 10211 12441 7003 4780 12990 7388 17398 15311 16618 8254 9111 15706 7393 4481 15337 5686 11412 7165 12597 14151 15167 6276 6107 8585 5161 10417 13737 10888 7701 10720 4130 15987 12328 6156 14885 11644 10039 6055 13098 10228 6393 9234 11937 0 9120 13495 13064 3762 12404 16952 9987 9122 828 7794 359 2814 7710 14507 10843 10647 4833 13840 11777 11641 15502 14153 7306 9661 18410 14103 10821 7953 4551 11673 17954 5294 16336 13345 6530 10092 10534 9787 15040 9276 8871 9064 12192 10563 15601 9296 7790
14676 16447 17339 4444 6335 3677 12027 6484 8232 12295 14211 9532 13552 3840 17298 17281 13481 12862 13665 12455 20528 4272 17220 943 20086 11214 8522 2771 10933 16669 6747 9015 6183 8968 9619 9434 5157 13697 4772 12187 14737 3966 7910 2915 11919 10921 7470 3879 17772 6528 12712 19213 9406 3267 16593 9506 4344 6375 16429 10184 6481 10196 16260 16639 15513 16897 16388 8848 16785 8959 10602 9615 11533 9360 13836 2510 10532 8936 8670 6096 10958 6895 11031 6504 2711 5527 2152 8314 10662 15101 15376 19023 15424 15479 12805 8740 7961 19254 15780 6625 297 13581 11388 9469 3208 1352 2092 14322 11852 620 11185 8746 2642 10534 8576 17348 10115 8855 5855 2620 6887 8802 12542 9422 16237 1597 4634 12973 809 9418 2857 8887 8587 11529 4986 3343 8941 6493 16232 6122 4588 7925 12644 7014 6955 12252 8279 2242 11334 5952 12111 14731 4867 5417 4448 14830 15071 2740 11240 13479 15221 17491 2831 12890 16371 10293 2269 4533 9575 6204 11932 5379 17813 9718 8679 17786 18366 10886 13270 4067 5951 4758 6101 18113 8461 6490 6034 6864 1641 14341 9918 17353 8593 7059 14983 11052 18004 4588 13041 5762 1386 4492 5761 6571 14498 15195 10665 10160 8232 11920 19265 5101 983 16440 18246 18199 1684 17834 7826 19495 11535 15570 8534 14811 16183 7980 6655 3690 11019 10713 12387 10813 15981 4886 18590 6906 16029 7669 3967 16171 11349 10013 18394 14665 7312 16537 17317 9708 6736 5758 4219 10040 6688 19283 17389 3904 8176 2581 13574 11068 17811 6492 10481 18518 7107 7486 2906 6326 8261 17018 6990 11705 13547 923 12902 9886 20024 5455 12392 14851 12160 16321 12299 9999 967 7051 12050 8207 11063 19184 13551 13643 12830 19932 8059 12209 12105 10294 5514 15913 12567 11391 9644 18959 13801 6683 3547 13414 16472 14426 7956 3457 9438 4343 10810 14804 17652 13806 10383 12738 10397 13766 9623 10270 6589 11960 18575 5162 12087 16778 6761 7280 3940 16360 7186 4106 8687 4770 6110 10460 8771 14941 9876 4633 6384 17810 14961 7917 20613 9511 14960 5869 12309 9120 0 12083 11966 8973 10151 15018 5320 12776 8833 1863 9016 10827 3651 5729 5879 1844 12348 16421 16598 8140 8372 5722 8556 7049 18984 17648 5757 11093 6563 9776 15487 7133 7689 13564 2715 10627 12272 2270 13185 1395 4299 9184 11326 18437 15430 7194 3510
3777 6748 5271 14017 7767 8410 14243 8111 4420 2822 10676 10618 14346 8262 10178 6698 3881 1421 8661 1679 15836 15014 5190 12970 15117 4407 5938 11724 9185 11542 5517 13244 10077 14266 16972 9629 9440 6098 9075 9494 5036 9011 11558 10448 4141 15016 12225 10091 7147 8134 2724 13153 9650 11786 8664 9700 11340 9287 14339 10103 5915 9458 12098 7430 10537 12893 10603 13431 14289 5259 4182 10136 4412 8793 12649 13491 16140 8119 7341 7409 2201 16280 6438 5804 12445 12082 11251 6078 8435 3944 4723 15429 4936 10532 2669 11258 4617 15615 4284 9213 12131 5009 3224 7108 12428 13339 11720 15111 8080 11467 13555 11247 9721 11535 12662 14350 19393 15525 6359 11812 12631 3838 4169 18640 7015 10557 9275 892 11292 7789 9228 5732 11657 14215 10973 13615 14167 6965 11666 10168 15470 7112 4085 7816 11900 9960 8684 13662 11538 14850 836 2948 7218 6711 8198 9633 4826 12853 3727 12098 14667 12130 9984 1790 4306 18306 12527 8812 9406 14563 1182 7723 11642 17632 5894 5825 7680 11399 6989 8663 12028 9495 6972 6733 16443 6126 6426 10781 12161 3844 5810 5577 11235 5051 9558 6098 11371 15397 1685 6335 11032 14267 12650 7828 11674 7572 4655 4715 3921 2218 14375 7036 13004 11303 11966 9115 11134 10671 7026 7412 15583 3496 3818 2753 10231 5226 12258 8452 12633 15055 5155 16148 6461 15072 7130 9414 10336 7113 11566 5854 4789 16679 7135 10035 11851 5904 11475 3323 16901 11014 13140 7731 13122 7201 8784 13873 4650 9567 1515 9296 6019 9430 16835 6438 12523 9216 12359 9797 7897 7644 5248 454 2976 11642 12805 9158 15979 8483 4847 3482 3105 5821 12623 2745 11506 14964 13585 9482 14418 15489 2914 13219 14561 7915 6135 9081 2964 2637 10432 6774 1240 10935 13111 7069 3704 5616 12379 11224 4888 3578 4201 12176 18864 11835 1424 12494 5675 1880 7679 7985 4684 2212 6318 9901 12391 10236 14071 7785 1337 6849 11358 7345 13874 13855 16212 8303 5347 7804 6743 2808 9474 2882 2287 9028 11499 12028 8954 7449 16084 3306 14709 6262 2543 13495 12083 0 529 9905 1981 3467 6804 6910 14024 10662 13743 16309 8788 12151 6459 11429 11876 6584 9488 4122 8849 11096 6190 5113 7040 8444 6591 6581 9279 2324 4475 8325 12527 2456 11118 3611 4430 10026 1552 10737 7807 4432 1333 15290 3464 5121 8884
4269 6371 5378 13746 7909 8289 13755 7752 4539 2307 10148 10149 13835 8170 9704 6416 3417 1935 8134 1210 15333 14779 5425 12866 14617 3883 6194 11491 8678 11029 5315 13495 9711 13848 16585 9949 9124 5590 8787 8971 4619 8776 11791 10446 4622 14560 12431 9825 6877 8298 2239 12668 9968 11533 8206 10022 11417 9458 13810 9615 5689 8967 11575 7026 10017 12371 10097 13006 13761 5532 3678 10457 4870 8320 12125 13290 15711 7658 6891 7517 1719 15971 6857 5595 12443 12206 11048 5664 7929 4410 4407 14909 5435 10012 3197 11530 4333 15097 4697 8834 12026 5534 2699 6630 12180 13241 11515 14598 7555 11353 13076 11519 9663 11050 12906 13824 19054 15132 6326 11810 12254 3983 3650 18304 6605 10463 9345 1171 11183 7312 9121 6012 11917 13736 11080 13381 13749 6643 11146 10330 15237 6698 3570 7436 12088 9439 8954 13480 11038 14539 347 3332 7114 6563 7976 9111 4459 12629 4167 11575 14143 11624 9781 1405 4411 17929 12504 8547 8928 14238 655 7784 11151 17257 5462 6094 7426 10906 6465 8441 12172 9198 6683 6582 16081 5869 6197 10392 11975 4357 6167 5911 10795 4992 9040 5579 10891 15161 2195 6204 10875 14000 12311 7988 11145 7087 4145 4224 3910 1691 13870 6969 12872 10789 11480 8727 10956 10203 6618 7556 15121 3620 3566 2998 9726 5394 12429 8373 12148 14605 5646 15711 6063 14810 7000 9614 9826 6712 11625 5522 5234 16274 6965 9509 12055 5614 10975 2921 16619 10664 12862 7237 12757 7359 8361 13621 4790 9481 1632 8786 6344 9056 16420 6566 12138 8803 12367 9427 8164 7257 5243 366 2577 11561 12292 8672 15467 8584 4322 3932 3607 5511 12116 2363 11424 14618 13090 9045 13952 14971 2522 12700 14063 8141 5735 8557 2440 2926 10092 6354 856 10430 13389 7355 4230 5620 12414 10698 5274 4077 4026 12209 18534 11541 1611 11965 5705 2253 8057 7456 4184 2675 5837 9410 12558 9719 13559 7526 824 6495 11543 6960 13620 13327 15890 8275 5598 7807 6470 2348 9019 3121 2344 8749 11667 11531 8440 7030 15579 2936 14187 6110 2032 13064 11966 529 0 9446 2030 3890 6734 6382 13607 10492 13317 15875 8597 12284 6454 11390 11364 6217 9008 4154 9123 11237 5759 4942 7057 8056 6585 6062 8902 2198 4944 7931 12737 2128 10892 3112 3905 9957 2033 10638 7672 4012 872 14767 3478 4901 8699
13667 10125 13787 7224 10841 7282 4556 3186 9413 7983 5399 819 5318 7689 9239 11449 8368 11296 5510 8971 11582 8712 14388 9775 11176 6014 11340 6494 2302 7979 6334 16297 2812 4680 7674 14613 3876 7045 4426 3503 9038 5453 14674 10067 12727 5114 14720 5102 11861 11348 8428 10554 14607 6111 9087 14705 11932 12122 7512 1215 5936 1421 7393 9913 6921 7975 7938 3777 7836 11181 5899 15038 12656 1244 4933 8260 6381 1790 2574 10229 7730 8332 13678 6156 11302 13244 6854 3965 2489 13849 10187 10051 14804 6884 12221 15084 6075 10281 14127 2431 9237 14236 7053 2878 6604 10157 7066 6165 3852 8678 3759 15082 8781 1980 15712 8379 10692 6210 8137 10888 3941 9522 7205 10022 9636 8551 10591 10578 8665 2217 7739 11508 15198 4402 12193 7667 4577 4295 7445 12539 9112 3029 7360 2950 14184 3424 13187 8763 2535 7091 9311 12743 7335 6708 5594 6442 9654 7359 11968 4532 6577 8784 6306 9327 12967 9096 10992 4865 866 6553 8937 9731 9311 8478 4058 15142 12383 2138 6000 5638 13527 4284 4750 12934 7556 5496 5735 2421 7689 13664 12439 15174 1505 7827 6652 4564 9642 8995 11560 6958 7644 7492 4770 11125 5548 7914 5522 5285 8356 8151 10370 7799 9277 7777 9734 11029 7290 9707 3167 15909 5678 12386 6816 12188 7827 10076 14157 7955 2970 5168 13698 6333 9672 8233 13426 12633 7602 3163 11782 10420 12788 7160 13009 6100 14412 10951 8764 6634 9377 3535 6436 2566 4584 15802 10090 7497 9645 8227 10788 2389 15569 2511 7199 14934 3684 1595 11411 2647 12630 10304 8350 9465 9141 9375 4198 1307 11053 10642 6575 13378 12168 10681 3685 7226 9273 6487 4082 832 4524 10211 9196 4907 5085 16894 4011 3697 7727 10223 3532 9356 9416 2438 16660 16412 13393 8470 11914 4454 14664 13455 7095 11742 10339 5239 9560 5833 13636 11674 14044 4832 5388 12115 3665 1335 14177 3046 9654 5007 8924 10535 13745 3186 7468 7402 8031 8673 10990 8954 5058 7100 453 12288 9006 4609 13552 9188 6891 2691 11656 6728 6400 6713 8202 3762 8973 9905 9446 0 9031 13329 7729 5525 4452 7204 4070 6510 6197 13429 8487 9992 3474 10210 8665 8669 13367 12828 3774 6763 14658 10669 8506 4217 2474 8284 14380 2435 15028 9598 6309 6401 6774 8721 11458 8550 6955 5521 8580 9473 11851 6317 6329
4963 8178 7243 12328 5888 6490 13535 6760 2516 3702 10814 9806 13885 6316 11112 8373 5035 2786 8960 3015 16472 13243 7071 11026 15785 4500 4316 9962 8768 12091 3765 11565 8717 13091 15642 8166 7914 6834 7470 9330 6355 7272 9840 8467 3800 14056 10448 8413 8845 6289 3851 13978 8182 10067 9717 8245 9391 7452 14408 9453 4207 8859 12468 8757 10989 13273 11246 12305 14434 3705 4013 8677 3849 8055 12447 11663 15013 7311 6479 5488 2296 14683 5489 4061 10464 10178 9434 5067 8018 5281 6341 15836 5989 10977 3268 9638 3147 16038 5822 7924 10188 5212 3530 6462 10694 11389 9905 14692 7992 9532 12779 9628 7750 10833 10967 14596 17875 14230 4384 9831 11288 1983 4865 17116 8323 8608 7320 2850 9353 7107 7293 4190 10005 13429 9051 11849 12997 5509 12098 8316 13695 6050 4841 6565 10091 9757 7072 11803 10984 13261 2300 4634 5286 4840 6442 10069 6314 11069 3107 11895 14464 12761 8174 3343 6280 16928 10546 7147 8679 13022 2334 5762 12429 16250 4992 7656 9406 10774 7439 6901 10149 7911 5408 8610 15016 4494 4712 9513 10313 4818 4562 7294 10220 3095 10044 5980 12249 13628 3004 4441 9145 12569 11168 5977 11734 8467 4496 4339 1945 3030 15002 5076 11085 11840 12792 10483 9277 11639 5934 9362 14658 5468 2315 4662 10891 3399 10419 6495 11918 14060 4831 15060 7823 13357 9030 7631 10941 5984 9604 7422 4100 15429 8990 10369 10071 7567 12180 2559 15230 9582 11474 7209 11727 9143 10017 12143 2778 7614 3497 8899 7749 8120 15633 8399 11215 8084 10379 8460 6284 9027 3267 1690 4425 9683 12408 8512 16493 6554 5359 4919 3137 7442 12135 2040 9547 13491 12950 8481 13538 15918 4385 12910 13951 9789 5045 8969 3708 1380 8974 8043 2840 10450 11502 8861 4449 3635 10406 11117 6488 4721 2443 10203 17318 10221 681 12504 7656 3663 6483 8140 4410 3714 5733 9283 10545 9940 14608 6120 2552 8348 9544 6131 12146 13981 14654 6324 3721 5822 5138 2524 8582 4792 315 7398 9656 12747 9534 6397 16696 2378 14453 4400 3505 12404 10151 1981 2030 9031 0 5014 4847 7226 12850 8796 12617 15207 6966 10258 4478 9452 11479 8046 10382 2144 7249 9213 5265 3310 9020 9816 4610 6434 7979 748 5760 7118 10758 4093 9347 3467 4966 8062 3083 8791 5907 3582 1851 15605 5440 3427 7050
1085 7972 3526 17338 9795 11414 17584 11563 6845 5676 13497 14021 17556 11186 12045 7246 6153 2233 11404 4494 17945 18255 2601 15854 17198 7577 7514 14976 12438 13892 8776 14387 13532 17731 20436 10444 12848 8557 12445 12589 6779 12286 12881 13002 4174 18443 13694 13417 7547 10024 5353 15059 10474 15080 10436 10491 13528 11078 17139 13451 9210 12793 14640 8798 13040 15401 12870 16892 17016 6828 7493 10901 4661 12187 15706 16655 19599 11539 10780 9615 5600 19664 6687 9071 14955 14012 14436 9543 11702 774 5844 17846 2015 13043 2415 12335 8017 18010 821 12676 15025 3685 6406 10494 15708 16195 14906 18290 11163 14398 16928 12322 12496 14891 13871 16972 22816 18992 9164 14333 16091 6250 6921 22061 8472 13439 11561 2753 14211 11176 12178 7187 12798 17589 13026 16861 17632 10388 14151 11969 18705 10577 6793 11280 13484 13069 9917 16774 14828 18238 4021 661 10201 9828 11456 12191 6258 16078 4412 15165 17697 14353 13180 4252 2912 21765 15117 12145 12789 17973 4400 10115 13665 21090 9350 2917 7909 14724 9682 11915 13859 12877 10355 6382 19891 9470 9718 14247 15296 1611 6719 2342 14685 8001 12065 9281 13266 18639 2012 9417 14097 17580 16080 9759 14537 9682 7934 8074 6823 5289 16533 9920 15976 13675 13917 10231 14256 12456 10493 5063 18999 2438 7193 1641 12494 7350 13930 11328 15987 18492 4701 19601 7877 18371 6576 11038 12664 10581 13829 6870 5078 20146 6856 12685 13343 6627 13622 6789 20237 14456 16478 11061 16575 4797 10214 17157 6964 12443 2682 12536 2799 12891 20301 4308 15987 12682 14831 13255 9206 8868 8027 3921 5047 14464 15993 12514 18251 10662 7676 351 3283 6691 15866 6213 14334 18400 16896 12934 17824 17878 4968 16344 17853 5067 9603 12150 5900 4746 13866 8338 3992 14196 14070 3971 2084 8342 14731 14235 1474 1162 7449 14541 22275 15206 4334 15383 4338 1662 8159 10888 8008 1306 9698 13238 14086 13400 16358 11115 4438 7887 12976 10811 17161 16610 19616 11015 7031 10420 10105 6237 12904 1643 5238 12384 13215 14135 11381 10913 18221 6772 17778 9397 5400 16952 15018 3467 3890 13329 5014 0 9705 9733 17489 13769 17204 19764 11970 14038 9167 14105 15076 7756 11460 6880 10040 12972 9647 8325 5534 9609 9295 9758 12740 5600 1244 11791 13958 4378 14360 6952 7290 12836 1966 13632 10862 7894 4761 17818 3104 8421 12049
9409 11919 12075 8109 3113 1742 12079 4559 3025 7450 11750 8530 13045 1482 13700 12517 8761 7542 10515 7370 18073 8763 11907 6182 17495 6893 4084 5617 8738 13794 2061 8838 5951 10371 12325 6898 4703 9593 4042 9797 10102 3297 7124 3835 6897 11870 7351 4515 13010 3624 7811 16137 6890 5862 12656 6990 5217 4486 14829 8684 2147 8343 13746 12276 12594 14502 13228 9797 15033 4237 6221 7313 6585 7358 12395 7057 12300 6636 5945 2500 5971 10649 6708 1999 5799 6331 4929 4811 8160 9818 10518 16948 10224 12569 7543 7417 3304 17173 10476 5580 5345 8598 6686 6508 6402 6543 5384 13891 8906 4700 11210 7413 2931 9702 8228 15419 13972 11081 629 5174 8222 3548 8026 13215 11846 3763 3303 7688 4517 6838 2473 4371 7580 11771 5152 7414 10297 3492 13547 5055 9193 5118 8091 4794 6854 10061 5470 7116 10221 9304 6915 9411 593 1026 2578 11750 10308 6605 6157 11902 14224 14584 3770 7789 11109 13430 5808 3538 7866 9218 6785 2056 14609 12762 5078 12467 13600 9856 9567 2887 6472 4472 2999 13117 11453 2492 2090 6912 5682 9107 5444 12037 8292 1754 11829 7398 14635 9143 7722 909 4426 8311 7667 3396 12383 11250 6462 5991 2914 6960 16663 237 6272 13541 15028 13957 4644 14255 4963 14208 12525 10301 3573 9509 12940 3076 6973 1649 10607 11777 7553 12452 11482 9030 13574 4959 12874 4874 5292 11444 6498 12347 13443 11796 7003 11733 14207 4914 10976 6427 7361 7313 8457 13990 13269 7804 3046 2767 8311 8892 12495 5654 12674 13240 8265 6220 5755 5826 4963 12622 1692 6449 8601 4838 11874 7954 17815 3035 8101 9548 6964 11547 11400 5037 4702 9865 11744 6925 11615 17076 8591 12545 12721 14615 4576 9623 7307 5009 5815 11528 7405 9947 9093 13640 8592 1440 5918 11450 11165 9158 2868 5709 13353 6364 5497 12953 12439 8492 6647 9544 6212 8447 6228 8635 7043 9988 16090 2845 6962 12195 6348 4672 7817 14569 10731 1635 3975 1449 2717 5596 7325 9639 4565 3879 6262 14758 11579 5343 18230 4661 14083 1173 7401 9987 5320 6804 6734 7729 4847 9705 0 9148 10152 4149 10079 12551 2641 6473 872 4670 11055 11850 12954 2825 5647 5607 5132 2087 13791 13340 835 7639 5586 4538 10224 5294 7675 8506 5004 6041 7865 3224 7865 3948 1322 4813 6180 16518 10212 2455 2656
10425 4616 9072 12355 11822 9767 8573 6379 9013 4136 3785 5818 8094 9971 4592 5997 3679 8260 1757 5356 9294 13766 9978 13701 8634 2731 11151 10948 3522 4900 7094 17805 7579 10098 13130 14999 7940 1605 8105 3084 3809 8811 16047 12706 10849 10009 16410 9186 6382 12333 4393 7037 15007 10712 3846 15086 14318 13405 7449 4902 7030 4284 5250 4394 3767 6054 4157 9195 7381 10682 3297 15498 10997 4353 6036 12900 11587 4276 4204 11237 4998 13790 12712 7153 14449 15476 10973 4538 3055 10424 5067 8615 11595 3754 9579 16120 5948 8814 10414 6719 12972 11911 3768 3390 11327 14112 11335 8745 1823 12295 8142 16113 11499 6181 17187 7449 16212 11687 9188 13891 9418 8762 2820 15546 4112 11771 12449 7188 12204 3690 10539 11141 16389 8762 14298 12534 9997 6333 4872 14104 14203 4867 2942 5835 15940 3563 13712 13313 5764 12483 6089 9076 9102 8294 8404 2849 4487 12023 10253 5514 7989 5618 9961 5508 8426 14555 14290 8257 4675 11982 5728 11077 5488 13958 4197 10747 6883 5843 509 8732 15618 8267 6790 7602 13077 6773 7254 7672 11954 10627 11718 11020 7002 8124 2845 1773 5488 14094 8505 8246 11400 12633 10086 12033 4811 2500 2876 3251 7848 4692 7829 9339 13386 4645 5899 5637 11211 5142 4956 11005 10414 8056 6093 8236 3838 9943 16101 10263 7156 10157 11896 11458 4176 13429 8077 13775 3820 5115 14335 5038 11292 12539 7614 3156 16047 5591 5132 4907 14779 8569 11483 3107 10054 10950 4739 12505 9316 11050 7063 3538 11337 6943 12499 10101 9179 6073 14479 7291 12974 4787 8679 6604 4745 12836 6525 4241 9270 12072 2081 9905 9926 5320 6555 5260 12705 11989 7783 5724 9221 8694 4820 6748 8618 12162 4799 2625 3958 8602 8280 3835 5880 5067 17934 11945 10580 8996 14803 4545 10782 10277 6801 14600 15864 10127 7397 5652 8714 8154 13617 1178 3068 8801 3158 4650 16179 4009 7394 7662 5587 5031 15414 5510 12484 6951 13519 10676 10611 10596 6883 4708 5309 8298 7398 8209 15372 5696 2454 4928 9503 5177 8098 7993 4423 9122 12776 6910 6382 5525 7226 9733 9148 0 9886 10922 9463 11655 9212 15620 9507 13136 5675 4718 3860 8247 13901 14742 4259 7196 9532 5206 9598 1687 6802 6627 10950 5890 16736 5385 10540 3783 2491 11617 8266 11859 9177 4437 5750 8416 7378 6743 9363
17710 14502 18195 5104 13024 8991 3684 6128 12600 12357 8706 4069 5502 9465 13061 15863 12812 15360 9535 13271 13888 6459 18736 9311 13688 10415 14193 6089 6414 11244 9496 17545 4275 242 3245 16818 5451 11448 6111 7325 13484 6967 16157 11016 16298 2100 15943 5903 16262 13463 12812 13695 16802 5591 13202 16906 12842 13928 9170 5015 9026 5604 10328 14226 10422 10659 11517 692 9666 14218 10229 17160 16136 5695 6882 6984 2185 6139 6786 12478 11923 4811 16755 9237 11533 14141 6854 7946 6835 17944 14638 12032 18802 10382 16116 16793 9714 12244 18302 4946 9130 17918 11392 7268 5653 9585 6765 6085 8114 8842 3080 16794 9904 4020 17030 10378 6422 1822 10717 11337 2036 12868 11646 5823 13980 9209 12149 14768 8929 6639 9034 14442 16779 3095 13322 6079 149 7431 10579 14078 6699 6912 11800 6285 15400 7027 15419 7537 4810 4093 13516 16937 9606 9273 7582 10205 14104 6275 15516 6822 7433 11960 7128 13651 17353 4670 11102 6621 5245 3501 13157 11820 12739 4080 8150 19479 16769 4475 10335 7342 14519 5691 7684 17378 3367 8619 8636 3372 7204 17637 15479 19452 2950 10906 10447 9015 13198 6581 15618 9652 7898 5274 3073 13321 8358 12157 9893 9599 11740 12460 12984 10121 8651 11102 13124 15192 7429 13457 6999 20336 2702 16740 10537 16466 11507 13042 15215 9643 3580 1881 17180 2302 14060 5693 17868 14487 11231 6919 12555 14852 16184 2716 17442 9714 15707 15387 12167 10700 6002 3743 4797 7017 2148 20222 14242 5625 12767 9377 15049 6436 19862 4771 2814 19354 1914 4808 11714 4476 15033 14609 11317 13572 13553 9578 5639 5662 13103 12529 11026 17500 15917 15116 5048 11281 9532 2925 4096 4612 2438 12219 13604 6275 4503 21289 7894 7671 12099 13865 4340 13715 13683 5367 18071 20755 17297 11305 12334 7365 18877 17482 10593 12216 6176 4541 13454 8193 18072 15859 16798 9043 9731 16228 8024 5262 15184 6508 12209 7377 13172 14916 15074 6727 5583 9357 4368 10454 13983 10962 8006 11273 4788 16572 12757 6279 14775 12470 10855 6577 13866 10733 7080 9476 12558 828 8833 14024 13607 4452 12850 17489 10152 9886 0 7638 471 2413 7761 14343 11018 10439 5653 14601 12597 11968 15576 14048 7853 9991 19108 14901 10986 8666 4899 12128 18463 5737 16209 13978 6342 10686 11216 9684 15560 9109 8979 9595 12735 11313 16236 9653 7827
13532 14668 15865 4166 6028 2409 10557 4621 7173 10622 12379 7808 11983 2754 15437 15550 11762 11565 11803 10876 18717 4630 15845 2779 18262 9436 7899 1756 9100 14820 5186 9908 4464 7805 8990 9575 3343 11873 2917 10350 12989 2114 8561 3384 11022 9668 8308 2113 16039 6354 11053 17359 9554 2184 14746 9658 5206 6537 14701 8407 4858 8383 14432 14834 13659 15081 14528 7537 15038 8213 8843 9845 10685 7525 12110 2910 9541 7082 6807 5629 9353 6760 10517 4917 4139 6514 917 6486 8810 13927 13681 17247 14370 13626 11673 9261 6325 17478 14556 4815 2087 12717 9684 7606 2507 3190 1297 12778 9991 1476 9692 9263 2383 8858 9399 15582 10097 7998 4757 3807 5613 7693 10786 9357 14437 1571 4707 11554 1464 7558 1850 8239 9202 10095 5691 3320 7762 4671 14392 6540 5051 6065 10893 5151 7766 10430 8271 3008 9626 5544 10605 13427 3598 3958 2677 12970 13351 2513 10293 11732 13578 15641 968 11315 14900 9883 3798 2671 7767 5618 10394 4888 15953 9252 6853 16449 16631 9183 11418 2258 6884 2938 4309 16454 7940 4799 4376 5236 1535 13246 9313 16079 6964 5774 13121 9206 16142 5006 11764 4356 478 4324 4628 6306 12696 13352 8877 8374 6949 10291 17439 3968 2519 14589 16386 16374 495 15971 5969 18048 10307 14112 6971 13413 14321 7118 7578 2742 9429 9490 11618 9782 14199 4970 16938 7100 14169 5811 4936 14436 10562 9231 16717 12811 8080 14821 15459 8059 6927 4207 3586 8178 5560 17848 15554 3770 7179 1948 12119 9238 16536 4700 9651 17058 5787 5680 4275 4571 8076 15215 5831 10260 11896 2175 11229 8062 18237 5302 10599 13633 11112 14597 10639 8400 2082 6397 10500 6417 9700 17405 11906 11968 11336 18569 6234 10361 10420 9134 3853 14113 11032 9638 10446 17656 12738 5587 4837 11620 15239 13281 6469 4690 9448 3123 9472 13033 16123 12453 10108 10875 8609 12486 7772 8479 7550 10154 16756 3355 10534 15008 7457 5421 3790 14605 6931 3437 7941 4100 4355 8818 6976 13542 8546 2773 7144 15954 13098 6054 18810 7883 13336 4403 10657 7794 1863 10662 10492 7204 8796 13769 4149 10922 7638 0 7745 9826 1928 6715 4881 2890 10627 14651 14738 6930 8398 6422 6718 5553 17434 15832 4780 9238 4758 8339 14348 5279 8571 11961 1313 8907 10498 2097 11874 1482 2909 7448 9796 16677 13917 5617 1808
17448 14078 17843 5431 12998 8984 3300 5938 12453 12015 8236 3645 5097 9456 12595 15447 12438 15092 9081 12951 13436 6819 18406 9531 13230 10063 14094 6254 5978 10773 9333 17639 4151 643 3676 16805 5379 11032 6051 6869 13085 6947 16221 11109 16111 1923 16035 5931 15842 13447 12467 13225 16790 5756 12749 16894 12951 13948 8730 4578 8867 5179 9858 13791 9952 10193 11048 313 9221 14097 9897 17158 15961 5314 6421 7256 2400 5790 6464 12441 11625 5262 16636 9082 11702 14259 6992 7666 6417 17673 14250 11589 18550 9913 15878 16835 9493 11802 18015 4754 9313 17718 11059 6914 5866 9818 6933 5708 7682 8994 2650 16836 9969 3554 17115 9929 6882 2278 10631 11483 2140 12701 11275 6290 13550 9315 12186 14474 9072 6274 9071 14335 16835 2720 13412 6369 546 7247 10108 14128 7077 6635 11429 6058 15490 6565 15399 7812 4339 4493 13218 16645 9545 9177 7524 9740 13711 6516 15331 6354 7016 11490 7185 13325 17009 5098 11280 6568 4842 3895 12855 11797 12267 4523 7856 19153 16345 4007 9907 7310 14628 5647 7526 16976 3837 8452 8495 3214 7399 17389 15362 19142 2582 10763 9983 8633 12728 6957 15352 9545 8028 5615 3267 13295 7888 11716 9550 9269 11564 12136 12522 10060 8880 10631 12653 14741 7563 12990 6730 19974 2564 16407 10310 16154 11040 12925 15320 9646 3113 1754 17007 2450 13639 6071 17465 14505 10762 6657 12677 14443 16022 3094 17034 9247 15790 14982 11696 10422 6449 3726 5064 6631 2378 19865 13791 5937 12629 9433 14740 5995 19548 4596 3137 18996 1960 4544 11877 4326 14991 14172 11190 13293 13198 9735 5182 5253 12660 12533 10644 17223 15703 14710 4586 11006 9682 3361 3666 4288 2110 11775 13251 5826 4126 20943 7627 7220 11758 13662 4296 13287 13371 4900 18149 20427 17060 11194 12490 6893 18582 17224 10396 12366 6644 4689 13211 7728 17705 15567 16720 8604 9395 15951 7681 4827 15295 6045 11748 7274 12864 14493 15151 6487 5895 8906 4826 10455 13866 10942 7851 10977 4426 16259 12534 6225 14861 11999 10396 6295 13418 10465 6670 9359 12222 359 9016 13743 13317 4070 12617 17204 10079 9463 471 7745 0 2591 7751 14460 10940 10579 5183 14180 12135 11804 15558 14131 7559 9824 18726 14456 10914 8274 4714 11889 18194 5500 16306 13635 6465 10366 10844 9763 15285 9224 8938 9311 12445 10873 15892 9470 7825
20027 16229 20285 6669 15385 11342 3801 8521 15011 14494 9805 5948 5515 11816 14277 17647 14831 17667 11018 15468 14122 7770 20898 11182 14049 12522 16600 8176 8133 12162 11903 19712 6687 2184 2404 19161 7855 13253 8508 8814 15381 9336 18386 13208 18695 1761 18120 8229 18016 15814 14938 14436 19145 7690 14651 19249 14990 16233 9349 6776 11434 7429 11106 15864 11524 11274 12619 2902 9890 16631 12400 19492 18539 7733 7511 8710 297 8281 8996 14849 14174 5406 19167 11646 13536 16265 8987 10239 8679 20245 16582 12172 21133 11485 18467 19059 12083 12362 20572 7337 11120 20306 13558 9387 7621 11408 8829 5793 9836 10917 3737 19061 12153 5488 19217 10635 5623 2079 13121 13404 4356 15274 13679 5259 15662 11386 14434 17026 11025 8726 11330 16852 19022 3304 15511 7765 2265 9828 11455 16338 7889 9211 13835 8649 17581 8431 17773 9238 6066 5315 15765 19197 11999 11682 9976 11483 16028 8137 17914 7627 7402 12791 9408 15831 19475 3513 13083 9015 7201 4838 15398 14179 13695 3205 10415 21651 18491 5870 12062 9719 16660 8081 10092 19244 3363 11024 11048 5776 9186 19973 17891 21668 5085 13318 11734 11016 14224 7783 17927 12063 10036 6762 5200 15682 9225 13749 12031 11779 14142 14650 13435 12514 10501 12063 14043 16652 9562 14610 9310 22389 1725 18896 12901 18680 12675 15454 17362 11981 4637 1540 19584 205 15809 6931 19725 16795 12376 9241 14676 16687 18592 1505 19269 10923 17902 17236 13130 12991 6542 6127 6628 9017 4274 22290 15706 7238 15180 11642 17272 8118 22068 7170 1105 21422 4287 7129 13732 6884 17407 16233 13729 15860 15642 11636 6280 7576 13227 14858 13016 19791 18293 16964 5822 13578 11605 4014 4544 6830 2618 12363 15699 6729 4403 23397 10208 9219 14237 16250 6735 15421 15900 6735 20269 22922 19648 13716 14370 8393 21130 19804 12983 14269 5638 6704 15799 8846 20105 18121 19197 10688 11892 18519 10170 7026 17320 7905 12662 9787 15399 16645 17283 9076 7195 9677 4902 12792 16395 13321 10415 13530 6904 18782 15125 8673 16964 13344 12244 8869 14046 13042 7013 11888 14711 2814 10827 16309 15875 6510 15207 19764 12551 11655 2413 9826 2591 0 10118 16468 13419 12531 6637 16350 13909 14375 17926 16245 10119 12397 21077 16435 13384 10624 7293 14478 20768 8090 18373 16108 8514 12887 13246 11908 17854 11268 11360 11877 15003 11418 18359 12051 10175
11797 12795 13962 5507 5267 1233 10131 3185 5589 8697 11031 6914 11340 1706 13778 13645 9850 9749 10234 8952 17419 6291 13977 4594 16918 7562 6691 3043 7787 13364 3282 10171 3813 7966 9728 9058 2492 10064 1831 8996 11093 815 8619 3879 9489 9620 8576 1919 14135 5703 9127 15860 9042 3240 12997 9146 5737 6220 13669 7331 2935 7174 13087 12992 12180 13780 12985 7491 13955 6877 6953 9407 9199 6237 11113 4705 9853 5670 5244 4738 7427 8020 9328 3005 5326 7048 2469 4699 7387 12171 11762 16067 12689 12149 9959 9148 4398 16297 12768 3784 3809 11191 7766 6004 3811 5003 2940 12170 8454 3115 9250 9147 2589 8053 9603 14441 11336 8532 3269 4827 5762 6053 8894 10578 12588 2575 4518 9677 3006 6071 1544 6994 9193 9746 6010 4905 7901 2882 12992 6486 6738 4438 8998 3653 8033 9144 7659 4885 8722 6665 8699 11599 2048 2154 810 11436 11440 4112 8733 10681 12759 14182 1211 9392 12998 10803 5113 1341 6594 6578 8479 4062 14407 10138 5058 14597 14728 8305 9696 561 7335 2145 2459 14529 8826 2874 2449 4750 3378 11544 8071 14259 6351 4043 11567 7462 14550 6675 9959 2581 2361 5722 5086 5564 11467 11591 7015 6510 5190 8363 16087 2532 4424 13125 14840 14564 2369 14321 4319 16151 10277 12216 5056 11541 12752 5717 7975 1903 8803 9493 10182 10036 12330 6472 15012 6770 12624 4172 5600 12532 9129 9799 14795 11338 8285 12909 13938 6131 8398 4026 4731 6666 5922 15955 13767 5244 5649 2043 10227 7934 14714 3759 10152 15157 5847 4602 5392 3789 7295 13369 4210 8376 9969 3624 10378 6816 17016 4785 8742 11852 9463 12689 9832 6475 3493 7237 9927 5366 9481 16214 9978 11097 10848 16703 4440 8943 8497 7428 3467 12264 9117 8607 10591 15818 11062 4038 5821 10431 13443 11547 4587 5634 10722 3733 7646 11899 14205 10604 9157 9281 6746 10675 6057 7353 7990 8939 15438 1550 8615 13128 7623 3812 5253 13506 8092 2707 6614 3203 2459 6890 5879 11669 6732 1639 7398 14454 11478 4500 17535 5956 12560 2574 8730 7710 3651 8788 8597 6197 6966 11970 2641 9212 7761 1928 7751 10118 0 7233 3491 3991 9669 12771 13062 5227 7815 6667 4958 3677 15512 14006 3423 7544 3754 6467 12612 3937 8875 10035 2421 6994 8620 2568 10048 2650 1325 5542 7884 15546 12005 3704 151
13325 18156 17149 10168 4385 6195 17208 10348 7745 13587 18054 14145 18529 5848 20171 18563 14949 12311 16954 13214 24430 9798 16588 5684 23880 13315 6524 8293 14895 20212 8532 3287 10942 14503 15348 4934 9657 16026 9035 16047 16311 7997 2481 3402 10039 16382 1796 8667 19046 4053 13877 22593 4897 8782 19095 4968 1520 2960 20877 14551 8598 14353 20086 18592 19011 20819 19683 14251 21143 7216 12641 4864 9551 13390 18337 8168 16177 12753 12183 4777 12045 12551 8076 8467 3174 203 7495 11217 14405 13822 16526 23191 13672 18985 11623 3466 9741 23420 14632 11015 5454 11362 12961 12839 8872 5656 7640 19348 15289 5556 16333 3476 4661 15274 2881 21599 15653 14545 6497 3109 12325 8314 14355 15001 18156 5148 3177 12920 5443 13065 5693 6853 3149 16770 1322 9054 14464 9650 19926 2071 10022 11339 14402 10751 1357 16250 4482 7778 15955 11677 12556 14002 6554 7355 7868 18187 16413 8467 9642 17893 19990 21012 7364 13579 16237 15998 3660 8570 13794 11930 12552 4659 21072 15436 11510 16953 19621 15536 16040 7791 287 9268 9135 18864 14188 8894 8434 11817 7331 12844 7474 16285 13502 7745 18277 13866 21107 10053 12386 7374 6447 10201 11299 4344 18588 17697 12914 12452 8522 13004 23045 6282 6334 19962 21493 20301 6919 20725 11194 19048 17020 15436 9850 14470 19402 6934 939 5559 15975 16202 10014 16439 17744 10512 19275 3066 19327 11075 1792 17550 9198 15726 19248 18198 1745 17759 20661 11213 12229 10875 9924 13603 12237 18794 19661 9619 7503 5220 13612 15046 16718 10978 16184 18187 12502 11835 2942 10968 5001 18918 7286 11934 14581 4857 17609 13982 24105 3736 14509 13765 10765 17608 17058 11200 4874 12774 17082 12598 16403 23331 14553 18330 17964 19084 10969 15928 13489 9631 10443 17845 13094 15831 3945 17910 12248 6909 2305 17586 15304 13103 9098 2324 14973 9805 10729 19073 17713 13376 6841 15981 12670 13036 12650 14561 861 16095 22442 8535 12761 18392 1464 10786 9656 20689 12875 4987 7029 5027 8937 11811 13104 14592 9943 8846 1042 21207 18047 11493 24571 10940 19786 7629 13478 14507 5729 12151 12284 13429 10258 14038 6473 15620 14343 6715 14460 16468 7233 0 6217 3943 16900 18061 19424 8200 4446 1069 11532 8489 19077 19665 6108 14091 10983 10294 14040 11119 1974 14330 8001 12399 14242 4775 12650 5236 6647 11265 11995 22705 15571 8907 7104
8798 11974 11715 8918 2425 2489 12886 5345 2353 7433 12296 9296 13805 2133 14007 12473 8779 7058 10956 7210 18568 9511 11458 6691 17971 7108 3214 6420 9369 14248 2467 8328 6805 11238 13193 6127 5568 9819 4910 10381 10136 4165 6584 3993 6142 12721 6904 5379 12962 2948 7757 16534 6121 6687 12888 6219 5102 3927 15466 9401 2693 9027 14262 12385 13052 15031 13633 10656 15649 3392 6435 6560 5805 8045 13071 7774 13169 7303 6573 1806 5908 11472 5842 2503 5990 6096 5701 5342 8758 9226 10450 17508 9559 13029 6927 6787 3565 17731 9916 6401 5868 7836 6756 7075 7209 7028 6147 14652 9414 5263 12021 6782 3330 10466 7712 16009 14802 11953 355 5357 9093 2927 8142 14047 11950 4287 3063 7323 5070 7459 3106 3506 6990 12591 4914 8182 11164 4207 14037 4597 9932 5767 8192 5539 6434 10670 4703 7793 10955 10141 6670 8918 1452 1804 3449 12188 10285 7372 5422 12567 14932 15025 4585 7610 10754 14290 6069 4408 8575 10068 6586 1577 14993 13623 5571 11984 13547 10601 9901 3757 6178 5343 3738 12956 12313 3096 2767 7764 6400 8465 4582 11509 9111 1552 12252 7792 14984 9888 7219 1533 5115 9111 8536 2687 12973 11496 6730 6286 2545 6889 17142 960 6851 13993 15405 14089 5375 14560 5610 13808 13375 9941 3634 9098 13332 2251 6615 2209 11394 12632 6750 13319 11552 9814 13400 4351 13284 5536 5248 11425 5693 13219 13304 12272 6542 11677 14613 4999 11766 7297 8188 7897 9329 13581 13444 8593 2315 3298 7974 9523 11966 6486 13545 12858 9134 7010 5913 6671 4151 12717 1212 6142 8510 5296 12597 8636 18349 2566 8296 8987 6292 11507 12140 5020 5167 10725 12529 7696 12451 17630 8492 13256 13513 14144 5125 10180 7315 4426 6684 11637 7183 10650 8523 13128 7931 845 5982 12072 10610 8548 2885 5775 14178 7221 5089 13574 12132 8050 5781 9993 6494 7940 6719 9337 6703 10628 16593 3686 6778 12227 5907 5372 8607 15184 11567 1861 3126 1354 3434 5618 8073 9228 4176 4749 5874 15171 11957 6018 18736 4728 14804 1787 7350 10843 5879 6459 6454 8487 4478 9167 872 9507 11018 4881 10940 13419 3491 6217 0 4987 11761 11889 13257 2349 4885 5272 5664 2311 13494 13457 132 8074 6411 4296 9608 6060 7229 8347 5815 6182 8024 3669 7391 4485 2165 5090 5993 17102 9912 2769 3494
13653 16425 16695 6274 4834 3416 13445 7152 7261 12059 15004 10637 14869 3339 17721 17119 13331 12035 14218 12037 21385 6090 16440 2135 20895 11252 7159 4362 11744 17355 6485 7214 7318 10591 11426 7654 6119 13868 5584 12967 14645 4598 6067 1233 10700 12500 5650 4970 17612 4937 12440 19850 7625 4856 16866 7723 2510 4627 17505 11175 6340 11087 17062 16708 16171 17743 16970 10384 17822 7679 10602 7811 10280 10178 14922 4351 12239 9647 9235 4721 10616 8740 9540 6300 1335 3739 3587 8598 11370 14105 15144 19986 14303 16140 11794 6898 7766 20217 14830 7567 1605 12311 11232 9989 4930 2325 3702 15666 12444 1614 12581 6903 1754 11713 6757 18340 11949 10602 5070 917 8439 7861 12500 11261 16289 1447 3000 12301 1511 10061 2602 7533 6743 12979 3142 5184 10556 6818 16977 4303 6383 8424 12583 7637 5128 13095 6564 4045 12460 7778 11580 13887 4385 5111 4774 15424 14901 4548 10078 14522 16441 18173 3698 12458 15732 12130 1172 5205 10487 8004 11455 4076 18392 11549 8944 16953 18206 12022 13607 4529 4148 5712 6348 17780 10283 6473 5985 8120 3396 13272 8509 16447 9843 6398 15552 11369 18522 6392 12187 5350 2554 6332 7379 5032 15401 15453 10748 10247 7508 11602 20065 4433 2642 17116 18823 18338 3016 18268 8301 18795 13130 14920 8188 14085 16733 6832 4853 3084 12313 12309 11057 12505 15973 6727 18240 5137 16609 8156 2156 16029 10049 11787 18098 15330 5479 16346 17926 9479 8556 7096 5986 10657 8317 18568 17583 5743 7147 2102 12943 11888 16903 7483 12242 17843 8631 8426 1421 7398 6630 17072 6188 11093 13245 930 14081 10744 20954 3904 12461 13905 11075 16149 13499 9668 933 8842 13389 9182 12568 20139 13239 14817 14226 19116 8337 12928 11897 9363 6735 15966 12074 12430 7823 18075 12708 5831 1948 14346 15526 13407 7518 1801 11271 5898 10073 15790 17090 13035 8763 13260 10482 12904 9998 11226 4800 12862 19408 5517 11632 16727 4919 7802 5778 17381 9028 3129 7416 3686 6261 10198 9727 14214 9155 5411 4546 18444 15445 8491 21494 9247 16207 5529 12030 10647 1844 11429 11390 9992 9452 14105 4670 13136 10439 2890 10579 12531 3991 3943 4987 0 13448 16375 16995 7336 6643 3878 8879 6670 18446 17751 4855 11487 7520 9199 14449 7882 5881 13172 4117 10525 12283 1541 12370 1446 4050 9157 10850 19441 14864 6931 3841
15616 9955 14741 9973 14160 10737 3042 6597 12363 9411 3169 2820 2481 11132 7640 11433 9285 13297 4583 10582 8463 11468 15602 13107 8169 7509 14409 9747 2715 5612 9448 19735 6171 5784 8633 17872 7330 7238 7898 2592 9468 8927 18091 13540 15278 4877 18167 8515 11747 14677 9774 8042 17868 9316 8097 17964 15405 15507 4081 2377 9109 2757 4676 9474 4891 5046 5989 5042 4455 14159 7700 18316 15289 3724 1489 11353 6662 4486 5285 13542 9697 10387 16571 9320 14748 16716 10204 6703 3470 15702 10734 6764 16789 4852 14435 18461 8901 6991 15817 5903 12622 16635 8694 5056 9721 13474 10365 3236 3965 12092 2902 18458 12254 1892 19145 5068 11949 7392 11406 14349 6338 12365 8266 11412 9335 12011 14028 12374 12091 4474 11212 14533 18596 3387 15657 10636 5703 7565 4933 15962 11811 6025 8412 6275 17634 2113 16457 11887 1027 9424 11144 14437 10708 10030 9049 4870 10152 10474 14562 1216 3171 6311 9753 10840 14066 9988 14425 8339 3190 8827 10757 13092 7127 9509 6637 16372 12166 1479 5960 9109 16994 7736 8057 13147 9001 8682 8995 5526 10969 15720 15383 16585 3863 10905 5123 5801 7622 11689 13558 10231 11053 10214 7458 14436 2705 7350 7222 7216 11226 9798 7420 11148 12567 5485 7499 10088 10675 7976 6182 16676 5104 13642 9510 13698 6038 13126 17619 11404 2094 5105 16299 6433 9581 10844 13599 16003 5740 6238 15256 10592 15483 7856 13096 4293 17853 11152 6556 8927 11553 6677 9321 4274 6916 16624 9151 10357 12625 11701 12404 2592 16926 5969 7656 15775 6043 5067 14865 6058 15853 9819 11459 11481 10288 12803 932 3145 7808 14029 7513 15196 14557 10885 903 9482 12706 8457 2222 4302 4021 6938 10359 1498 2955 17836 6845 3051 9180 12795 6837 9134 11089 1111 20076 17590 15554 11633 15377 1761 16255 15434 9955 15207 11776 8333 11889 2624 14388 13430 17102 4533 7211 13994 5749 2424 17642 1691 6656 8433 10678 10364 17186 6390 10321 4050 9977 12103 13997 12345 8341 9162 3801 13775 11529 8082 17004 6829 5683 5750 8490 9102 3060 9974 9681 4833 12348 11876 11364 3474 11479 15076 11055 5675 5653 10627 5183 6637 9669 16900 11761 13448 0 10107 7291 11581 16640 16283 6419 9818 15167 9928 11794 5320 5943 10746 16238 5826 18477 10880 9646 8277 7856 12194 13384 12003 10380 7917 10562 6127 12994 9337 9801
8757 226 5553 16738 13799 12977 13116 10474 10488 4475 7418 10535 12359 13040 4468 1328 3113 7383 5537 5058 10377 18077 6805 17364 9623 5214 12352 15036 8230 6762 9896 19605 11996 14815 17845 16157 12094 3167 12096 7604 1753 12580 17870 15675 10598 14678 18439 13229 1667 14245 4218 7409 16175 14883 2892 16232 16989 15404 10630 9617 10042 9001 7778 1071 6272 8420 5704 13911 10350 11715 5819 16667 10933 9004 10076 16999 16291 8794 8497 13317 6020 18372 13008 10075 17600 17955 14897 8241 7767 8530 1960 10602 9767 6291 8798 17683 8612 10731 8153 11082 16567 11017 5164 7746 15528 17772 15312 12884 6519 15868 12769 17673 14632 10863 19003 10096 20901 16398 11653 16989 14043 10011 3885 20224 882 15163 14948 6243 15739 8213 13823 12199 18050 13364 16783 16768 14713 10005 7227 16234 18528 8942 3794 9955 18051 8042 15114 17347 10370 17023 5878 7153 12018 11266 11982 5672 1759 16168 10286 9635 11783 7015 13742 4814 5323 19270 17545 12114 9374 16553 5737 13411 6146 18669 7875 7492 2173 10500 4289 12393 17990 12357 10342 3098 17765 9958 10433 12231 15895 9167 12382 8071 11702 10339 5455 5851 5657 18426 7530 11058 15111 17016 14613 13929 8435 2830 5780 6279 9560 5082 9039 12078 17170 6601 6328 2556 15021 4800 8979 6985 15049 5402 8286 6128 5362 11416 18335 13307 11792 14839 11537 16151 541 17832 3518 15633 5619 9137 17113 892 11331 17256 2995 6296 18062 1298 6236 6936 19308 13019 15842 7700 14670 7010 2465 16817 10774 14289 5700 8235 8241 11319 17211 6260 13818 10560 17578 11694 14325 1118 10776 6578 3646 16283 10854 8946 10823 14328 4079 8053 9500 1124 11009 6870 16145 16622 12304 10324 13870 10597 3697 10900 13048 8308 8476 7170 4575 9136 12644 985 5368 9676 19547 8468 9389 11155 17767 8638 8235 8718 9020 17558 20535 14455 7798 9256 4885 6687 14262 5673 6046 7418 7217 9366 18448 8544 9006 11298 5516 358 17504 9533 16801 10033 18130 13484 11756 13192 10311 6274 9960 6115 8338 12156 17572 6676 4731 9116 10671 7191 11992 10858 4601 13840 16421 6584 6217 10210 8046 7756 11850 4718 14601 14651 14180 16350 12771 18061 11889 16375 10107 0 4034 9907 15289 17060 8069 9767 5271 1896 12009 6072 11166 7827 8958 10166 18755 4131 14546 5850 4153 14839 7194 15293 12334 7249 6198 10738 4678 9455 12911
12374 3812 9579 15827 15502 13626 10303 10146 12492 6757 4169 8681 9166 13824 751 5187 5615 10612 3155 7810 6485 17287 10804 17515 5739 6194 14577 14645 6372 2770 10893 21484 11116 12775 15764 18460 11651 3561 11878 5289 4689 12634 19722 16560 13627 12155 20137 12926 5297 16001 6769 3668 18472 14370 1155 18544 18149 17105 6795 7700 10860 7255 3880 3009 2589 4443 1740 11919 6453 14035 6853 18967 13873 7694 6803 16571 13914 7845 7949 14936 8091 16963 15794 10973 18310 19285 14736 8398 6269 12225 5682 6569 13466 2620 12036 19723 9695 6702 11961 10329 16801 14366 6886 7139 14958 17925 15077 9535 4911 16131 10176 19715 15358 8589 20867 6124 19017 14413 12951 17751 12585 12151 5517 18415 3165 15625 16247 9441 16044 7292 14399 14513 20022 10678 18103 16128 12680 10187 3322 17841 17707 8673 5547 9605 19683 5571 17243 17011 7876 15754 8666 10818 12937 12130 12256 2426 5212 15679 13157 6482 8210 2984 13772 7756 9284 17161 18149 12067 7809 15208 8388 14833 2206 16632 8057 11508 5518 8148 3401 12573 19410 12001 10648 6977 15942 10620 11104 11028 15703 12714 14943 12048 9984 11811 2175 5631 1883 17593 10811 12061 15216 16101 13426 15693 5007 1925 6528 6975 11376 7433 5082 13153 17174 2641 2488 2888 15006 1304 8774 10971 12394 9250 9717 9822 1459 13441 19870 14116 9282 12369 14643 13704 3712 16867 7315 17442 1766 8930 18177 4871 14225 15047 6748 3003 19769 5331 2210 8416 18034 12045 14992 6666 13228 11014 2036 16041 12796 14910 9060 6303 12243 10536 14895 10285 12316 9588 18339 10851 16479 3186 12345 9319 6632 16684 7830 7377 6834 15820 5090 11720 12588 5140 8157 8632 16555 15075 9487 9090 11303 6568 6708 7671 10039 12316 8659 4996 6700 11689 11847 3198 8272 7252 21563 12501 12831 12685 18660 5574 12125 12292 10456 18456 18761 13686 10370 5723 8917 10150 16864 3941 6763 10877 7006 7476 19955 6092 4985 11512 8190 4102 19150 9317 16015 6187 16632 14509 14005 14397 10743 8018 8584 9835 10614 11995 19131 2685 1774 8696 6762 8698 8478 11813 7006 11777 16598 9488 9008 8665 10382 11460 12954 3860 12597 14738 12135 13909 13062 19424 13257 16995 7291 4034 0 11769 17429 18521 8117 10951 9207 2926 13354 5518 10410 9915 12697 9586 20463 7284 14278 7210 5449 15477 10505 15711 13033 8168 8637 6712 8509 10519 13213
6603 10016 9367 10721 3893 4546 13221 5876 796 5439 11500 9483 13849 4306 12517 10364 6809 4730 9873 5017 17523 11497 9118 8987 16875 5597 2936 8269 8962 13134 2472 9778 7703 12203 14505 6752 6676 8224 6121 9767 8169 5689 8022 6328 4380 13423 8542 6901 10846 4345 5696 15238 6760 8445 11248 6840 7270 5499 14933 9343 2943 8839 13334 10513 11971 14130 12395 11500 15036 2586 4967 7251 4175 7917 12733 9835 14153 7141 6313 3426 3897 13186 5016 2734 8324 8109 7653 4878 8257 7001 8326 16674 7464 11953 4746 7959 2681 16888 7651 7055 8154 6058 4950 6563 9035 9337 8119 14685 8582 7520 12401 7950 5660 10606 9166 15297 16462 13160 2295 7691 10213 900 6369 15701 10075 6568 5196 4978 7334 7109 5298 2990 8274 13023 6962 10122 12117 4567 13033 6328 11937 5661 6387 5850 8145 10135 5481 9921 10924 11794 4397 6596 3336 3082 4860 11065 8228 9322 3600 12196 14701 13865 6428 5390 8408 15714 8416 5707 8519 11628 4361 3633 13679 15036 4961 9659 11420 10639 8562 5286 8110 6577 4285 10715 13756 3352 3360 8599 8464 6326 3803 9214 9623 1185 11085 6700 13584 11880 4903 2650 7235 10942 9893 4029 12313 9910 5371 5032 399 4827 16064 3040 9096 12879 14070 12240 7422 13062 5515 11459 14058 7595 2196 6749 12063 1696 8431 4452 11637 13384 5215 14249 9624 11698 11144 5755 12064 5507 7471 9360 4218 14402 11082 11261 8166 9559 13363 3364 13619 8428 9913 7388 10568 11233 11681 10471 1086 5571 5636 9108 9672 7209 14665 10509 10191 7431 8237 7493 4731 10817 1156 3827 6382 7614 12481 8459 17427 4469 6683 6723 4240 9411 12114 3159 7482 12188 12737 7982 13016 16777 6353 13067 13744 11813 4749 9478 5371 2208 7799 9776 4926 10490 9808 10821 5835 1504 8264 11544 8340 6352 1628 8060 15870 8767 2740 13011 9798 5706 5557 8959 5190 5627 5987 9221 8546 10209 15590 4738 4566 10229 7598 5512 10480 14572 13214 4207 2448 3684 3963 3784 8220 6879 1835 6007 7667 13930 10678 5986 17721 3085 14633 2705 5306 11641 8140 4122 4154 8669 2144 6880 2825 8247 11968 6930 11804 14375 5227 8200 2349 7336 11581 9907 11769 0 5669 7175 5164 1980 11162 11587 2481 7081 7092 2095 7418 6424 8861 6139 7648 4560 6347 5986 5058 6759 4024 3923 3796 16356 7584 2369 5284
9207 15425 13377 12512 2569 6586 17717 10206 4938 10926 17006 14172 18685 6112 18175 15536 12276 8631 15491 10237 23148 12625 12638 8775 22513 11265 2937 10153 14203 18770 7238 4420 11509 15781 17356 1255 10210 13876 9530 15158 13604 8612 2841 5463 5889 17406 3679 9698 15991 2113 11099 20905 1245 10555 16871 1346 4676 2018 20288 14284 7539 13898 18909 16002 17595 19695 18055 15292 20446 3592 10633 1676 5395 12919 17932 10828 17658 12170 11416 3157 9430 15091 3672 7334 6703 4499 9315 10112 13561 9712 13529 22214 9405 17576 7674 2409 8082 22433 10541 11213 8191 7029 10570 11858 10901 8926 9649 19531 14089 7914 16845 2398 6040 15343 3864 20769 18396 16266 5238 6265 13572 5322 11979 17675 15567 7053 3760 9469 7728 12292 6661 3117 2821 17396 3953 11532 15716 9091 18636 2582 12958 10629 11982 10421 3550 15475 189 10613 15839 13935 9447 10118 6098 6661 8070 16699 13547 10779 5663 17422 19811 19514 8576 10519 12530 18281 7092 9009 13457 14013 9555 3762 19347 17648 10294 12909 16529 15485 14227 8250 4199 9916 8619 15511 16334 7960 7651 12470 9619 8690 3321 12172 13921 5885 16729 12300 19251 12954 8645 6418 8379 12634 12814 2273 17745 15556 11027 10662 6065 10266 21696 5602 9266 18515 19739 17730 8805 18718 10472 15103 18063 11768 7810 10749 17726 3988 4057 5947 16253 17291 5685 17848 15072 13167 15869 1555 17720 10406 5109 14637 4997 17525 15936 16860 3347 14736 19025 9033 15075 11838 11984 12690 13694 14837 17240 12052 4634 6452 10155 14355 12585 11273 17908 14315 13662 11867 6490 11415 965 16275 5311 8758 11652 7474 17481 13507 23008 3104 12339 9735 6780 14634 17025 8799 7409 14777 17391 12568 17206 22326 11607 18137 18366 14984 9916 14921 10901 6213 11264 15283 9979 15529 4266 13764 8100 5065 6062 16885 11183 9006 7125 5947 17729 11358 7515 18382 14041 9679 2397 14556 10834 9210 11412 14217 4227 15465 21198 8467 9776 15586 3109 10255 12079 19980 15302 5137 3534 4616 8319 9418 12955 10861 6966 9348 3449 19592 16340 10892 23337 8753 19687 6671 10745 15502 8372 8849 9123 13367 7249 10040 5647 13901 15576 8398 15558 17926 7815 4446 4885 6643 16640 15289 17429 5669 0 3515 10428 6941 15371 17064 4861 12648 11214 7568 9860 10935 3927 11251 9648 10227 11991 6374 8952 7237 6636 9507 9100 21850 12039 7433 7752
12266 17159 16081 10147 3330 5547 16757 9694 6698 12584 17295 13568 18007 5156 19270 17538 13949 11242 16121 12183 23651 9935 15520 5852 23085 12380 5458 8093 14183 19395 7649 3521 10449 14221 15270 4172 9141 15091 8494 15306 15312 7460 2189 3038 8988 16049 1916 8247 18019 2985 12864 21744 4137 8566 18160 4220 1412 1895 20214 13918 7751 13681 19313 17611 18195 20057 18835 13907 20460 6148 11707 4191 8502 12707 17699 8224 15959 12043 11434 3749 11040 12616 7085 7607 3462 1046 7265 10401 13662 12762 15500 22463 12630 18169 10557 3044 8826 22690 13570 10441 5473 10337 11984 12060 8734 5899 7471 18836 14490 5440 15878 3051 4181 14715 2984 20893 15803 14381 5570 3198 12015 7261 13386 15125 17174 4860 2319 11859 5297 12324 5160 5789 2865 16344 742 9062 14174 8906 19134 1016 10199 10592 13428 10067 1370 15531 3527 7890 15362 11646 11513 12933 5752 6538 7235 17356 15399 8411 8580 17240 19404 20188 6959 12542 15170 16005 3918 8006 13141 11848 11516 3698 20213 15419 10679 15887 18591 14954 15151 7213 936 8767 8390 17815 14143 8072 7628 11355 7244 11789 6433 15224 13004 6776 17437 13001 20229 10218 11317 6516 6221 10209 11048 3279 17868 16769 11998 11546 7506 11992 22252 5432 6454 19144 20631 19326 6693 19824 10443 17980 16695 14370 8889 13402 18546 5873 1369 4880 15466 15884 8991 16203 16752 10597 18223 2050 18481 10331 1842 16533 8155 15591 18201 17391 1660 16733 19814 10249 12394 10476 9812 12842 11981 17725 18702 9620 6450 4733 12551 14335 15658 10425 16031 17118 12172 11236 3229 10448 3985 17932 6297 10885 13556 4807 17023 13304 23358 2738 13565 12701 9701 16587 16488 10212 4794 12676 16586 11995 16016 22598 13527 17734 17493 18021 10158 15166 12493 8566 10003 16866 12052 15200 4025 16850 11193 5926 2686 16888 14244 12043 8137 2621 15124 9544 9674 18383 16648 12308 5906 15150 11759 11968 11827 13913 1437 15402 21665 7862 11727 17388 1046 10064 9654 20002 12907 4223 5960 4161 8170 10827 12482 13524 8899 8303 734 20366 17181 10767 23800 9973 19216 6777 12468 14153 5722 11096 11237 12828 9213 12972 5607 14742 14048 6422 14131 16245 6667 1069 5272 3878 16283 17060 18521 7175 3515 0 10719 7570 18010 18685 5170 13247 10416 9270 12986 10467 2209 13293 7732 11443 13286 4368 11582 4984 5932 10353 10965 21998 14509 8005 6549
9925 8060 10508 8757 8082 5531 8273 2428 5949 4674 6633 4541 8726 5767 8841 9097 5466 7558 5428 5458 12941 10041 10935 9489 12367 2957 8024 6968 3814 8681 3208 13961 4186 8094 10886 11626 4043 5163 4031 4732 6515 4607 12233 8492 9000 8851 12484 5161 9569 8606 5143 11079 11626 6818 8042 11717 10168 9578 9866 4233 2993 3690 8615 8152 7480 9376 8172 7247 10018 7746 2541 12094 8960 2813 7584 8931 9952 2052 1215 7467 4071 10649 10154 3166 10196 11375 6865 322 3139 10129 7425 11843 11050 7454 8448 12447 2483 12067 10456 3254 8740 10476 3666 1432 7468 9901 7264 9554 3774 8057 7514 12442 7262 5580 13349 10354 13535 9420 5316 9645 6614 5949 4347 12803 7770 7511 8402 6916 7958 1946 6286 8129 12653 8164 10215 8711 7995 2077 8417 10185 10497 991 4482 1941 11985 5050 10241 9290 5800 9239 5663 9087 4979 4183 4149 6660 6991 8099 8253 7053 9540 9480 5771 5858 9618 12258 10032 4090 3434 8845 5306 7164 9578 11595 297 11666 10149 5551 4738 4493 11556 4290 2532 10268 10475 2648 3098 4720 7861 9903 8964 11606 5047 4567 6758 2504 9667 10399 7820 4228 7193 9032 6872 8332 7322 6640 2367 1928 4807 4663 11533 5292 9216 8430 10005 9660 7042 9389 966 12698 9435 8957 3118 8624 7908 6740 12088 6061 6657 8878 9991 9958 7585 9856 10767 10014 7813 1109 10152 7986 9122 10534 10451 6671 12134 8438 9145 2880 11465 5207 7852 2265 7168 12557 8836 8789 6217 6800 7204 3963 12020 3493 10667 11698 6466 3067 10231 3882 9581 8540 5137 5742 5955 8581 7324 3318 12691 8157 3993 9672 8402 8189 6980 3470 8450 9097 7707 3293 8294 11966 5992 7904 8713 13550 563 4517 4423 6493 4728 7449 5845 5334 14184 12943 9621 5364 10574 6462 11025 9708 3536 10374 13066 6460 5786 7955 10504 8009 10702 4456 2128 8401 1129 4088 12150 5072 10958 3410 5328 8425 11481 1483 8776 9552 10489 6547 7591 6564 2645 3421 3328 8733 5255 4100 11388 9685 6586 1293 13098 2958 9470 3961 4832 7306 8556 6190 5759 3774 5265 9647 5132 4259 7853 6718 7559 10119 4958 11532 5664 8879 6419 8069 8117 5164 10428 10719 0 3491 11669 9130 5728 2613 3333 4517 10655 2300 12807 6273 6487 2898 3983 7366 7737 7602 4963 1763 4886 11443 8512 2999 5109
8225 9834 10319 9025 4661 3386 11299 3897 2668 5392 10077 7582 12010 3341 11700 10458 6686 6095 8665 5416 16297 9937 10301 7964 15689 4830 4600 6653 7289 11958 500 10623 5732 10227 12573 8135 4750 7539 4237 8217 8021 3964 8871 5910 6324 11448 9214 5121 10951 5181 5770 14226 8135 6759 10607 8226 7286 6218 13357 7518 977 7061 12012 10190 10765 12789 11327 9520 13507 4419 4156 8604 6145 6106 11047 8381 12176 5334 4537 4060 3954 11411 6929 786 7851 8358 6143 3177 6629 8571 8475 15290 9187 10743 6436 9012 1256 15511 9131 5075 7128 7978 4603 4923 7384 8350 6614 12852 7171 6443 10467 9007 4915 8724 10005 13829 14642 11210 2000 7233 8258 2878 5940 13881 9760 5595 5313 6004 6281 5388 4235 4749 9247 11081 7174 8541 10140 2590 11768 6908 10389 3809 6005 3891 8745 8541 6753 8549 9099 9998 5068 7933 2285 1632 3132 9893 8243 7765 5542 10524 12972 12730 4878 5848 9353 13807 7828 3872 6686 9790 4883 3885 12683 13128 3354 10921 11543 8789 7590 3591 8465 4690 2311 11128 11862 1373 1442 6621 7047 8022 5680 10595 7660 1087 9951 5489 12673 10321 6314 1322 5934 9262 7996 4893 10804 9208 4428 3977 1759 4936 14862 2313 7939 11703 13095 11874 6022 12254 3655 12497 12085 8561 1519 7867 11024 3323 8920 3586 9732 11407 7188 12269 9396 10048 11595 6613 10979 3624 7375 9376 6197 12445 11436 9997 8851 9680 12307 2832 11928 6487 8178 5756 8634 12296 11196 8833 2886 4643 6567 7440 11048 5229 12699 11508 8227 5470 7819 5516 6091 10536 1650 4707 6579 6713 10696 6673 16107 4877 6032 8225 6063 9488 10293 3001 6574 10308 10844 6048 11054 15407 6575 11314 11849 13027 2995 7982 5238 3980 5860 9442 5518 8713 10788 12145 7585 1878 8001 9953 9798 7978 917 7792 14068 6955 3991 11446 10606 6929 7302 7706 4188 7023 4481 7417 9004 8551 14328 2858 5039 10113 8218 3582 8837 13041 11404 3719 4227 3482 1994 3532 6320 7995 3099 4144 8183 12866 9647 4114 16471 2586 12878 1180 5360 9661 7049 5113 4942 6763 3310 8325 2087 7196 9991 5553 9824 12397 3677 8489 2311 6670 9818 9767 10951 1980 6941 7570 3491 0 11935 11255 2405 5786 5112 2791 9034 4463 9540 6538 6039 3956 5784 5162 6386 5757 2752 2783 4277 14913 8388 493 3771
6572 5473 2018 20332 14707 15314 18104 14037 11423 7020 12652 15137 17509 15217 9508 4023 6306 6784 10685 6561 15211 21503 3129 19896 14466 8782 12636 18257 12992 11973 12258 19775 15853 19337 22308 15890 15590 7939 15394 12593 5727 15577 18194 17486 9629 19488 18953 16502 3940 15025 6554 12207 15918 18226 8052 15943 18350 16150 15897 14309 12577 13649 13030 6211 11541 13643 10925 18435 15607 11932 9128 16362 10099 13414 15276 20139 20981 13005 12477 14399 8094 22318 12185 12519 19483 19022 17910 11721 12401 6118 4497 15699 7069 11561 7728 17728 11122 15808 5360 14919 19058 9190 8031 11876 18885 20277 18368 18078 11340 18377 17663 17716 16720 15666 19233 15324 25152 20835 13380 18850 18202 10826 7475 24433 6146 17506 16295 6201 18212 12477 16155 12355 18175 18289 17947 20120 19234 13182 12475 17045 21964 12654 7323 13596 18688 13060 15232 20379 15295 20905 6882 5297 14157 13567 14825 10934 5061 19411 9718 14812 17035 12136 16656 6121 2849 23721 19556 15252 13897 20514 7053 14752 11167 23082 11402 3391 3885 15356 9209 15284 18931 15752 13355 2234 22047 12673 13066 16311 18871 7122 12073 4271 16158 12049 10722 10094 10597 21877 6740 13230 17841 20600 18540 14733 13683 8079 9351 9747 10950 7201 13991 14026 19869 11828 11263 6845 17880 9715 12635 1819 19923 3641 10468 4632 10598 12157 19092 15426 16674 19617 10231 20887 5730 21425 1972 16199 10867 12772 18590 4613 10526 21818 2533 11553 18589 4061 11352 9425 23111 16876 19428 12096 18788 1935 7321 20290 11629 16529 5528 13030 4169 15159 21843 1540 18020 14607 19399 15549 14481 6024 12282 7355 5721 18610 15970 13506 15794 15475 8082 5881 8623 4316 16060 9038 18472 20738 17311 14569 18724 15674 5689 16078 18121 3207 11891 12139 7263 9447 16387 6240 6418 14599 19509 3794 7618 12653 19416 13810 4991 6691 11029 19214 24709 18050 8443 14513 1368 5719 13644 10638 9562 6164 11169 14060 19237 13530 14070 14278 6904 5129 18159 13119 20283 15299 22155 15328 12086 14842 13207 8670 14325 4516 9327 15396 18348 11728 9994 12919 15520 9572 17232 13115 6907 18410 18984 7040 7057 14658 9020 5534 13791 9532 19108 17434 18726 21077 15512 19077 13494 18446 15167 5271 9207 11162 15371 18010 11669 11935 0 6452 13626 10461 14999 9253 6270 13963 19235 5509 17686 8830 7899 17012 6450 17676 14686 10249 7658 15903 3583 11821 15627
10626 1708 7145 17551 15470 14336 12970 11448 12208 6158 6937 10857 11972 14443 3086 2557 4794 9278 5417 6873 8794 18948 8461 18588 8044 6499 14132 16043 8495 5659 11328 21339 12773 15098 18128 17965 13049 3967 13138 7630 3463 13728 19593 17130 12487 14708 20129 14252 2518 15931 5966 5790 17982 15841 1868 18042 18532 17082 9718 9891 11419 9340 6801 1074 5482 7326 4660 14210 9364 13510 7155 18476 12815 9539 9619 18007 16410 9478 9337 14964 7692 18979 14879 11478 19012 19549 15991 9348 8180 10382 3856 9259 11613 5510 10694 19445 10048 9362 9967 11897 17815 12911 6703 8539 16470 18999 16381 12392 6826 17121 12745 19436 16030 10985 20732 8999 21297 16721 13198 18413 14595 11757 5319 20653 1512 16479 16519 8133 17006 8892 15165 13995 19799 13293 18370 17691 14999 11161 6244 17893 19389 9906 5265 10910 19723 8004 16887 18393 10371 17684 7713 9018 13453 12675 13202 5129 3627 17146 12159 9250 11117 5722 14894 6661 7054 19546 18922 13219 9805 17177 7543 15005 4721 18978 8980 9101 2632 10576 4704 13584 19609 13349 11549 4228 18175 11281 11767 12875 16985 11047 14221 9752 12107 11920 4881 6709 4145 19282 9425 12508 16303 17829 15290 15616 7856 2756 7010 7514 11224 6804 7542 13562 18341 5553 4812 671 16169 3263 9968 8256 15007 7219 9824 7993 4385 13147 19985 14720 11803 14899 13430 16232 1997 18629 4502 17338 4687 10129 18629 2752 13209 17470 3932 5756 19752 3002 4944 8459 19980 13771 16673 8312 15235 8331 901 17686 12500 15651 7596 8466 9878 12126 17368 7672 14348 11276 19005 12482 16099 800 12388 8412 5479 17586 10562 9365 9345 15948 5290 9914 11390 2919 10821 8475 17450 17155 12149 10923 13869 9228 5536 10479 12783 9632 9598 7247 6216 10959 13464 1820 7216 9701 21310 9966 11280 12760 19236 8292 10001 10594 10572 19028 20982 15307 9614 8610 6381 8581 16113 5866 7278 9310 8148 9647 20091 8530 7625 12487 7324 1723 19177 10531 17666 9109 18695 14965 13537 14724 11562 7858 10489 7973 10098 13220 19225 5288 4252 10024 9099 8728 11374 12291 6323 14103 17648 8444 8056 10669 9816 9609 13340 5206 14901 15832 14456 16435 14006 19665 13457 17751 9928 1896 2926 11587 17064 18685 9130 11255 6452 0 13571 6807 11982 9538 10795 11034 20448 6002 15596 7299 5482 16210 9090 16595 13702 8598 7966 9497 6512 10901 14152
8920 12093 11847 8831 2376 2396 12889 5354 2475 7555 12361 9312 13824 2028 14104 12597 8899 7189 11037 7338 18642 9410 11589 6566 18048 7212 3271 6333 9418 14327 2540 8251 6784 11205 13136 6107 5538 9923 4876 10439 10256 4111 6511 3861 6247 12702 6816 5320 13087 2898 7881 16622 6101 6606 12993 6200 4981 3854 15515 9431 2748 9064 14332 12500 13130 15099 13719 10631 15702 3472 6539 6534 5905 8081 13111 7669 13133 7343 6621 1755 6032 11390 5905 2563 5858 5985 5607 5406 8813 9350 10575 17571 9676 13107 7049 6730 3660 17795 10042 6398 5743 7939 6873 7135 7122 6901 6050 14671 9484 5142 12022 6726 3202 10483 7635 16067 14722 11904 414 5225 9052 3052 8255 13967 12066 4164 2948 7456 4948 7509 2995 3571 6926 12589 4802 8086 11132 4234 14111 4509 9829 5810 8306 5560 6343 10724 4682 7682 10981 10064 6801 9048 1397 1807 3410 12269 10409 7276 5531 12610 14965 15106 4502 7740 10887 14226 5937 4371 8606 9997 6716 1480 15081 13560 5641 12114 13672 10624 9995 3706 6072 5305 3758 13086 12248 3143 2799 7745 6295 8585 4649 11636 9108 1675 12335 7877 15077 9786 7349 1563 5007 9022 8481 2644 13031 11599 6829 6381 2677 7014 17218 892 6731 14073 15495 14202 5273 14658 5653 13940 13357 10073 3748 9230 13419 2342 6516 2094 11404 12611 6844 13286 11670 9720 13529 4288 13369 5576 5123 11548 5787 13170 13433 12348 6456 11802 14699 5113 11673 7260 8108 7954 9281 13713 13554 8500 2429 3177 8107 9572 12094 6477 13501 12990 9098 7018 5781 6656 4146 12833 1344 6274 8636 5169 12626 8674 18417 2474 8403 9113 6410 11631 12164 5141 5040 10660 12540 7710 12441 17694 8618 13288 13521 14274 5185 10243 7436 4553 6649 11752 7314 10684 8456 13256 8049 977 5852 12123 10736 8670 3000 5645 14095 7156 5221 13626 12264 8181 5812 10072 6591 8069 6790 9371 6602 10675 16665 3672 6908 12348 5818 5404 8516 15237 11489 1730 3204 1224 3459 5737 8094 9359 4308 4712 5778 15256 12046 6056 18808 4843 14834 1823 7474 10821 5757 6591 6585 8506 4610 9295 835 9598 10986 4780 10914 13384 3423 6108 132 4855 11794 12009 13354 2481 4861 5170 5728 2405 13626 13571 0 8154 6406 4427 9730 6075 7142 8476 5730 6292 8134 3542 7521 4362 2098 5187 6123 17161 10044 2856 3421
10300 6009 9704 10752 10446 8142 7915 4696 7871 4111 4433 4678 7800 8369 6236 7268 4215 7996 2883 5264 10516 12142 10432 12016 9903 2190 10016 9275 2703 6174 5618 16401 5978 8892 11891 13793 6268 2926 6420 2929 4821 7127 14653 11100 10203 9076 14964 7506 7697 10965 4499 8502 13798 9050 5529 13883 12754 11998 7978 3890 5497 3219 6264 5921 4980 7055 5592 7987 8023 9615 2456 14281 10281 2979 6082 11231 10523 2724 2537 9845 4437 12302 11817 5641 12807 13940 9288 2908 2005 10381 5976 9594 11475 4958 9185 14790 4577 9808 10506 5092 11291 11445 3377 1732 9672 12427 9653 8546 1559 10617 7347 14784 9874 5302 15784 8236 14866 10426 7740 12258 7975 7707 3085 14177 5590 10109 10937 7054 10528 2142 8897 10051 15032 7998 12771 10888 8789 4672 5991 12658 12583 3180 3240 4153 14479 3385 12459 11637 5107 10962 5830 9124 7544 6738 6738 4116 5438 10360 9538 5530 8105 6953 8275 5536 8942 13313 12636 6571 3437 10484 5445 9623 6985 12690 2589 11199 8238 5060 2189 7056 14103 6589 5141 8718 11731 5202 5673 6161 10271 10418 10735 11342 5722 6784 4190 483 7057 12477 8256 6731 9715 11030 8553 10674 5309 4162 1964 2111 6687 4477 9077 7817 11700 5920 7409 7275 9525 6781 3270 11774 9553 8440 4885 8413 5314 8763 14612 8664 6369 9186 11247 10436 5543 11836 9211 12399 5236 3428 12750 6218 10530 11368 8802 4217 14607 6741 6570 3913 13251 6987 9870 1655 8600 11684 6398 10879 8166 9412 7093 2789 11703 5322 11383 10818 7755 4504 12843 5683 11749 6317 7353 6201 5100 11166 6243 3048 10362 10621 2394 9876 9388 6472 6110 4394 11036 10554 7186 4256 8350 9698 5164 6638 8117 12823 3167 2542 3872 7805 6660 5288 5770 4453 16573 12447 10277 7641 13186 4698 10962 10122 5529 12985 14481 8501 6744 6070 9485 8110 12590 1921 2024 8676 1490 3649 14682 3659 8554 5994 5360 6411 13963 3823 10860 7566 12059 9119 9511 9086 5255 3966 3921 8496 6546 6522 13896 7119 3977 3248 10696 4148 8133 6470 4374 7953 11093 6581 6062 4217 6434 9758 7639 1687 8666 9238 8274 10624 7544 14091 8074 11487 5320 6072 5518 7081 12648 13247 2613 5786 10461 6807 8154 0 5176 5749 10918 4232 15290 5642 8858 3033 2653 9977 8071 10193 7568 3159 5288 9283 7838 5309 7695
12888 11127 13829 5581 8653 4891 6505 1230 7752 8006 7660 3162 7604 5322 11059 12281 8761 10565 7323 8743 13966 6967 14206 7401 13524 6246 9473 4265 4390 10160 4623 13909 854 5137 7697 12469 1415 8080 1956 5651 9724 2989 12322 7606 11402 6367 12320 2686 12738 9142 8475 12724 12459 3963 10619 12560 9478 9827 9986 3658 4161 3633 9702 11091 9031 10334 9966 4408 10303 9428 5873 12867 11248 2832 7407 6165 7080 2565 2671 8057 7287 7325 11967 4377 8832 10795 4492 3317 4209 13149 10707 12492 13956 8996 11247 12787 4833 12723 13560 85 6817 13020 6997 3447 4549 7795 4762 8440 5511 6234 5631 12786 6325 4299 13333 10832 10216 6263 6078 8414 3353 7988 7616 9479 10749 6077 8220 10072 6212 3132 5289 9692 12870 6186 9764 5737 5047 2535 9692 10183 7408 2346 7758 1467 11779 5693 11042 6619 4977 5925 8856 12222 5117 4609 3222 8416 10246 5270 10620 7003 9007 10979 3841 9155 12928 9028 8531 2414 3013 5515 8522 7494 11380 8356 3609 14923 13303 4554 7311 3203 11088 1822 2825 13547 7188 3740 3813 1535 5394 12787 10697 14807 2707 6070 8594 5325 11633 7301 10818 4935 5209 5859 3541 8945 7940 9302 5663 5253 6851 7966 12706 5614 6949 9939 11812 12437 4882 11569 2372 16024 7013 12247 5664 11849 9798 8267 11729 5573 5088 6309 12293 7162 10654 6670 14046 10357 9613 2245 9318 11185 11309 7451 13705 8185 12022 11665 10861 5984 8177 1883 4695 3751 3865 15879 11541 5705 7938 5769 10430 4520 15234 160 7658 15022 3250 923 8939 549 10549 11486 6521 8824 9287 6919 6627 3330 13479 8354 7165 12725 11024 11408 6078 6541 6814 5773 6223 1665 6046 12649 9325 7351 7175 16850 3193 5714 7756 8967 1484 10440 9096 4911 14304 16198 12427 6559 9439 6862 14165 12655 5695 9267 9737 3326 8600 8282 13837 11146 12143 6469 5441 11456 3960 3722 11744 5399 12012 2748 8570 11515 11357 1947 5685 9865 7157 6327 9206 6677 3153 6635 2218 11963 7873 2141 11145 11330 8681 2093 14055 5973 8806 4725 8158 4551 6563 9279 8902 2474 7979 12740 5586 6802 4899 4758 4714 7293 3754 10983 6411 7520 5943 11166 10410 7092 11214 10416 3333 5112 14999 11982 6406 5176 0 7270 13658 1036 12622 9600 3974 6219 7225 6254 10787 6079 4639 4930 8041 11930 11828 4758 3880
5631 7942 7563 11749 5979 6099 12787 6058 2670 3380 10154 9058 13145 5973 10654 8269 4746 3371 8342 2932 15906 12711 7510 10672 15229 3898 4671 9423 8038 11516 3207 11801 8022 12370 14948 8554 7262 6355 6846 8626 6099 6715 10056 8278 4532 13314 10611 7824 8752 6418 3610 13472 8567 9502 9310 8636 9335 7578 13727 8707 3622 8115 11849 8468 10394 12653 10699 11577 13766 4121 3365 9063 4556 7307 11732 11172 14287 6563 5731 5521 1862 14065 6098 3498 10272 10201 8933 4321 7289 5923 6232 15216 6686 10381 3989 9924 2451 15421 6416 7213 9832 5960 3029 5720 10138 11046 9403 13954 7307 9162 12031 9915 7468 10086 11194 13946 17232 13529 4147 9640 10593 2249 4421 16474 8030 8267 7263 3215 8990 6363 6927 4598 10267 12681 9049 11314 12275 4827 11495 8417 13166 5308 4417 5845 10226 9048 7386 11339 10241 12639 2382 5169 4918 4389 5894 9476 6137 10544 3821 11181 13746 12204 7667 3320 6595 16246 10321 6549 7932 12383 2292 5701 11917 15568 4243 8132 9327 10029 6870 6358 10205 7280 4761 8663 14344 3871 4133 8802 9838 5517 5095 7830 9480 2802 9462 5305 11767 13095 3608 4018 8710 11995 10508 6103 11057 8017 3837 3643 1783 2746 14437 4773 10690 11263 12290 10197 8811 11189 5193 9725 13915 5795 1616 5076 10350 3612 10521 6176 11169 13321 5555 14330 7561 12792 9104 7808 10386 5247 9517 7267 4786 14721 9018 9751 10235 7465 11645 1845 14644 8906 10883 6474 11045 9519 9676 11586 2963 7283 3798 8170 8280 7414 14917 8743 10513 7352 10203 7760 6607 8760 3096 1930 4287 9363 11674 7767 15897 6561 4843 5534 3885 7316 11395 1374 9226 12831 12203 7738 12792 15303 4259 12183 13205 10236 4303 8274 3337 2063 8303 7738 2888 9712 11786 9362 5171 3479 10276 10417 7066 5394 1882 10070 16683 9606 1330 11817 7903 4146 7003 7498 3730 4294 4998 8539 10639 9219 14020 5519 2489 8146 9678 5404 11588 13310 14022 6093 4093 5650 4506 1929 7835 5205 797 6784 9757 12214 8981 5655 16123 1645 13730 3939 3228 11673 9776 2324 2198 8284 748 5600 4538 6627 12128 8339 11889 14478 6467 10294 4296 9199 10746 7827 9915 2095 7568 9270 4517 2791 9253 9538 4427 5749 7270 0 6416 6393 10928 4063 8813 2845 4468 7760 3639 8442 5490 2839 1709 14966 5675 2829 6562
816 9176 4342 18053 9938 11958 18695 12459 7255 6866 14721 15091 18718 11691 13276 8386 7390 3103 12632 5665 19181 18900 3155 16288 18433 8730 7574 15645 13582 15135 9506 14102 14427 18705 21351 10119 13671 9795 13229 13773 8019 12990 12685 13302 4004 19490 13539 14154 8661 10105 6561 16287 10151 15782 11666 10156 13661 11095 18368 14556 9959 13904 15881 10008 14281 16644 14113 17882 18251 6926 8604 10546 4495 13263 16902 17253 20594 12594 11815 9833 6662 20437 6320 9803 15211 14032 15060 10530 12839 537 7064 19089 840 14284 2683 12060 8866 19253 920 13597 15471 3030 7548 11574 16395 16611 15528 19461 12347 14870 18020 12046 12908 15992 13617 18212 23635 19920 9648 14602 16997 6689 8133 22876 9690 13894 11767 3867 14678 12256 12683 7222 12537 18680 13110 17517 18608 11243 15394 11972 19344 11559 8008 12210 13376 14252 9756 17336 15960 19018 5118 1901 10752 10457 12154 13430 7490 16722 4447 16358 18899 15595 13821 5451 3916 22658 15410 12897 13872 18782 5504 10396 14901 21981 10360 3172 8988 15841 10911 12605 13842 13671 11166 7392 20760 10254 10459 15179 15882 1201 6587 2346 15702 8583 13306 10438 14496 19284 2845 10034 14648 18287 16921 9865 15759 10925 9058 9166 7422 6441 17772 10425 16458 14919 15150 11406 14840 13681 11466 5461 20057 3580 8031 2875 13737 7621 13850 11806 17090 19528 4257 20609 9096 19063 7536 10992 13907 11544 13990 8069 4871 21095 7866 13921 13202 7800 14863 7778 20958 15322 17211 12172 17458 5185 11421 17841 7326 12906 3888 13683 2734 13805 21269 4880 16907 13656 15072 14160 9096 10065 8532 4917 6284 14877 17160 13613 19493 10842 8885 1047 3381 7878 17016 7190 14751 19245 18021 13948 18892 19121 6205 17526 18986 5140 10569 13339 7081 5216 14719 9564 5151 15338 13725 3905 1794 8814 14919 15437 1376 1067 8197 14737 23077 15976 5098 16603 5211 2814 7795 12099 9116 2269 10781 14348 14012 14570 17601 11872 5566 9075 12890 11750 17847 17843 20413 11418 7158 10792 10898 7281 13948 2865 5939 13154 13162 15373 12623 11900 19459 7730 18973 10043 6585 17954 15487 4475 4944 14380 5760 1244 10224 10950 18463 14348 18194 20768 12612 14040 9608 14449 16238 8958 12697 7418 9860 12986 10655 9034 6270 10795 9730 10918 13658 6416 0 12738 13785 5614 15025 8048 8494 13261 2922 14092 11442 8893 5803 19061 4284 9185 12680
11978 10132 12804 6573 8406 4929 6870 773 7130 6974 7129 3237 7751 5312 10258 11265 7726 9637 6561 7730 13503 7927 13201 8016 13021 5210 8977 5067 3862 9542 4001 13910 1891 5978 8653 12183 2065 7106 2362 5093 8701 3285 12267 7808 10649 7014 12345 3347 11725 8914 7443 12081 12176 4822 9729 12275 9644 9698 9759 3453 3573 3240 9186 10123 8381 9862 9263 5188 10029 8864 4838 12605 10527 2301 7231 7012 7895 1803 1697 7794 6293 8361 11388 3794 9214 10939 5167 2301 3532 12223 9674 12129 13066 8347 10381 12658 3997 12360 12609 956 7366 12233 5966 2502 5440 8420 5493 8597 4741 6737 6023 12656 6517 4408 13319 10505 11238 7202 5712 8745 4338 7306 6583 10504 9771 6437 8202 9101 6687 2306 5470 9166 12780 6627 9855 6657 5883 1902 9124 10136 8374 1311 6725 574 11813 5214 10756 7434 4945 6959 7871 11260 4904 4275 3251 7705 9217 6133 9873 6777 8975 10363 4319 8139 11908 10005 8955 2679 2676 6551 7530 7299 10686 9337 2580 13923 12293 4567 6399 3379 11199 2422 2327 12515 8192 3132 3324 2461 6122 11901 10131 13826 3199 5491 7865 4344 10898 8270 9894 4534 5750 6850 4577 8690 7531 8387 4628 4217 6147 6947 12193 5365 7623 9310 11120 11507 5483 10779 1345 14996 7641 11234 4811 10858 9069 7731 11811 5588 5342 6991 11574 7945 9658 7667 13014 10205 8905 1229 9528 10165 10617 8359 12677 7532 12028 10641 10186 5011 9206 2918 5677 2934 4876 14854 10625 6665 7342 5978 9438 4006 14249 1196 8534 13995 4209 1008 9298 1586 10208 10517 5989 7871 8253 7376 6606 2879 13082 8218 6145 11788 10207 10385 6113 5580 7260 6798 6474 1637 6592 12277 8292 7297 7465 15835 2199 5084 6723 8178 2483 9459 8095 4734 14253 15199 11563 6081 9751 6494 13203 11750 4933 9567 10766 4292 7717 7966 12804 10182 11675 5663 4404 10517 2949 3446 11841 5002 11528 2608 7571 10516 11361 990 6647 9577 8192 6277 8659 6531 2643 5639 2041 10971 7036 2511 11184 10677 7890 1061 13612 5020 8815 4295 7130 5294 7133 8325 7931 2435 7118 11791 5294 5890 5737 5279 5500 8090 3937 11119 6060 7882 5826 10166 9586 6424 10935 10467 2300 4463 13963 11034 6075 4232 1036 6393 12738 0 12656 8572 4694 5192 6195 6504 9848 6471 4554 3935 7065 11611 10805 4056 4081
13134 18870 17255 12132 4988 7746 18963 11883 8271 14298 19416 15772 20215 7345 21214 19131 15668 12462 18172 13771 25748 11772 16552 7657 25167 14281 6623 10200 16339 21458 9672 1338 12657 16377 17304 3894 11349 16980 10703 17443 17025 9669 1118 5196 9816 18226 326 10443 19602 4517 14537 23763 3856 10683 20040 3893 3386 3372 22389 16109 9819 15858 21419 19374 20259 22172 20861 16086 22627 7323 13615 3641 9321 14881 19886 10140 18084 14204 13573 5531 12758 14525 7537 9659 5145 2172 9387 12486 15800 13639 17099 24601 13314 20235 11577 1998 10789 24828 14468 12647 7418 10919 13784 14173 10805 7623 9559 21044 16581 7487 18083 2011 6380 16921 915 23046 17623 16474 7554 5074 14181 8776 15200 16973 18937 7001 4463 13218 7363 14465 7368 6885 1536 18545 2899 11022 16333 11055 21222 2633 11991 12733 15228 12243 844 17682 4042 9752 17562 13641 13039 14015 7878 8645 9434 19405 17052 10422 9562 19422 21605 22242 9149 14098 16387 17968 5631 10214 15326 13883 13092 5667 22222 17403 12748 16834 20159 17156 17125 9420 1738 10975 10539 19251 16150 10164 9737 13561 9277 12618 7240 16100 15213 8653 19475 15019 22208 12024 12496 8581 8338 12170 13187 4832 20016 18667 13938 13506 9226 13674 24336 7519 8308 21205 22634 21100 8811 21766 12581 19020 18870 15611 10759 14604 20561 7360 1037 7074 17675 18055 9585 18338 18483 12486 19632 3128 20510 12476 3726 18171 8925 17666 19661 19467 697 18326 21841 12096 14199 12669 11866 14968 14123 18755 20525 11586 7991 6935 13911 16492 16511 12633 18118 18218 14345 13438 4913 12657 4762 19678 8129 12375 15174 6804 19224 15478 25481 4670 15441 13656 10687 18199 18693 11992 6813 14723 18795 14196 18209 24732 15138 19933 19701 18911 12250 17287 14232 9910 12204 18636 13580 17390 1972 17690 12028 7781 4271 19049 15110 12933 10012 4298 16943 11686 11134 20548 17892 13522 6133 17204 13709 13089 13899 16098 1128 17567 23765 10049 13309 19071 1327 12222 11623 22167 14847 6388 7198 6251 10306 12616 14677 14719 10453 10512 1478 22397 19186 12921 25905 11816 21419 8846 14155 16336 7689 12527 12737 15028 10758 13958 7675 16736 16209 8571 16306 18373 8875 1974 7229 5881 18477 18755 20463 8861 3927 2209 12807 9540 19235 20448 7142 15290 12622 10928 13785 12656 0 14845 9875 13304 15138 6551 12791 7109 8108 12311 12578 24149 15835 9997 8757
5170 4299 4238 14839 9975 9921 13557 8579 6606 1622 9127 10194 13353 9871 7933 4291 1778 3350 7031 1138 13736 15995 4804 14489 13000 3587 8321 12749 8342 9572 6817 15619 10448 14215 17104 12069 10105 4183 9890 8333 2658 10073 13910 12306 6500 14643 14537 10995 4757 10382 1170 10944 12088 12719 6366 12141 13398 11545 12763 9496 7107 8824 10277 5006 8679 11046 8573 13331 12638 7660 3765 12577 6816 8378 11403 14635 15977 7846 7209 9553 2610 16884 8879 7065 14292 14244 12411 6288 7643 5100 2280 13519 6312 8681 4781 13657 5637 13690 5033 9522 13656 7090 2610 6725 13378 14879 12867 14053 6921 12966 12975 13647 11422 10926 15028 12601 19808 15630 8174 13662 12880 6073 2617 19076 4603 12133 11325 2178 12809 7381 10773 8140 14044 13630 13101 14611 14113 7678 9797 12407 16457 7265 2475 8164 14183 8819 11082 14885 10745 15462 1809 3718 8808 8161 9331 7819 2376 13903 6157 10870 13372 10080 11162 751 3375 18495 14314 9744 8935 15095 1779 9762 9479 17839 5992 5567 5314 10700 5309 9788 14229 10255 7846 4614 16742 7178 7586 10983 13379 5461 8264 5709 11056 6821 7701 5189 9147 16371 3535 7856 12380 15106 13126 10069 10173 5419 4086 4398 5846 1692 12297 8742 14424 9348 9771 6671 12398 8397 7228 6425 15149 2804 5033 2851 8196 7489 14510 10102 12003 14729 7469 15929 4033 15929 5069 11719 8345 7356 13579 3402 7208 16691 4957 8307 14160 3488 9377 3921 17641 11458 13936 7129 13441 6285 6386 14786 6870 11178 1789 8421 6063 9759 16772 5424 12722 9300 14233 10147 10292 5203 7156 2493 674 13251 11779 8599 13974 10607 3375 4581 5414 3383 11711 3567 13112 15370 12824 9370 13952 13559 595 12078 13743 7312 6438 7883 1879 5050 10943 4382 1273 10081 15517 6827 5548 7540 14328 9918 5402 5060 5659 14121 19337 12565 3737 11022 4263 2898 10134 6554 4250 3610 5955 9264 14635 9190 12070 8771 1575 4393 13637 7682 14780 12232 16745 10106 7725 9698 7701 3163 9215 2915 4403 9889 13747 9911 7029 7555 14001 4080 13471 7715 1442 13345 13564 2456 2128 9598 4093 4378 8506 5385 13978 11961 13635 16108 10035 14330 8347 13172 10880 4131 7284 6139 11251 13293 6273 6538 5509 6002 8476 5642 9600 4063 5614 8572 14845 0 12179 3381 3025 11688 3223 12294 9282 4757 2356 13464 2258 6372 10154
14211 14543 16218 3106 7221 3344 9360 4163 7997 10744 11626 6835 10849 3769 14952 15527 11787 12133 11247 11139 17890 3899 16304 3468 17469 9360 8949 621 8363 14134 5606 11212 3501 6504 7712 10841 2633 11630 2459 9624 12944 2119 9874 4695 11892 8387 9614 1354 16008 7577 11194 16698 10821 911 14385 10925 6501 7822 13727 7524 5205 7586 13659 14634 13002 14272 13924 6268 14091 9201 8818 11124 11588 6805 11135 2472 8228 6471 6343 6780 9599 5662 11586 5316 5290 7800 564 6304 8166 14579 13738 16347 15110 12967 12378 10570 6592 16577 15163 4045 2998 13593 9765 7158 1398 3848 799 11627 9427 2561 8506 10572 3677 7822 10708 14666 8999 6690 5632 5027 4327 8471 10743 8247 14256 2875 5995 12001 2618 6998 3004 9273 10515 8879 7000 2502 6463 4580 13662 7848 4353 5696 10863 4706 9073 9652 9514 2803 8628 4366 10965 13971 4417 4573 2920 12370 13363 1737 11141 10789 12507 14953 1235 11579 15262 8651 4902 2458 6960 4378 10718 6048 15342 8008 6671 16942 16594 8179 11045 2455 8178 2277 4340 16556 6692 5037 4695 4150 1428 13964 10353 16633 5878 6465 12539 8895 15577 4283 12348 5001 1564 3309 3316 7507 11855 13018 8780 8291 7606 10489 16656 4861 2978 13913 15775 16104 1106 15473 5628 18420 9022 14495 7326 13866 13744 8064 8875 3828 8310 8203 12556 8471 14069 4050 17048 8386 13569 5467 6215 14410 11500 7928 16787 12155 9390 14830 14828 8261 5981 3048 2395 7626 4250 18234 15248 2823 8043 3206 12522 8491 17086 3882 8343 17420 4514 4885 5449 3671 9278 15024 6621 10694 12042 3304 10189 7298 17358 6544 10467 14251 11883 14593 9584 8672 3238 5130 9351 5574 8453 16511 12060 10930 10153 19027 6072 9686 10524 9848 2809 13935 11351 8708 11757 18175 13483 6430 6044 10763 15834 13961 6933 5912 8367 1812 10028 12129 16408 12959 11268 10357 8519 13061 7451 7626 8843 9330 15951 3408 10836 14903 8769 5065 2832 13670 5781 4590 8932 5223 4480 9017 6141 13993 9124 2390 8453 15302 12584 5611 17965 8122 12248 4982 10813 6530 2715 11118 10892 6309 9347 14360 5004 10540 6342 1313 6465 8514 2421 8001 5815 4117 9646 14546 14278 7648 9648 7732 6487 6039 17686 15596 5730 8858 3974 8813 15025 4694 9875 12179 0 8967 10417 3406 12425 2768 3687 7502 10137 15749 14237 5998 2371
7381 5903 7612 11508 8322 7130 10647 5210 5296 1809 7353 7074 10740 7191 7959 6654 2856 5033 5500 2586 13069 12711 8056 11568 12398 1058 7411 9511 5577 8676 4050 14290 7067 10925 13766 11284 6763 3681 6599 5962 4127 6903 12529 9845 7189 11510 12980 7724 7145 8812 2276 10692 11293 9440 6736 11369 11236 9934 10968 6508 4195 5856 9008 6235 7550 9812 7881 10057 10978 6915 580 11787 7291 5238 9112 11438 12739 4614 3902 7775 1420 13508 8938 4225 11755 12277 9252 2907 4825 7512 4782 12375 8545 7536 6165 12512 2765 12579 7739 6142 10757 8412 804 3545 10099 11972 9693 11513 4579 10058 9978 12504 8783 7945 13675 11130 16430 12296 5910 11147 9511 5000 1986 15696 5805 9324 9237 4199 9922 4226 7978 7381 12815 10638 11094 11342 10824 4397 8650 10702 13172 3888 2060 4784 12545 6413 10040 11730 7927 12089 2934 6351 6176 5417 6231 6632 4446 10665 6546 8559 11135 9375 8040 2970 6721 15146 11695 6509 5838 11715 2552 7747 9133 14486 2613 8795 7739 7795 4042 6666 12356 6939 4640 7589 13372 4138 4602 7616 10241 7453 7936 8781 7804 4669 6622 2560 9024 13081 5296 5221 9353 11778 9746 8502 8290 5369 1070 1123 4167 1775 11601 6264 11417 8423 9519 7920 9309 8506 3848 9805 12056 6068 2555 5793 7538 6241 12768 7460 9043 11569 8236 12717 5455 12603 8081 10250 7560 3975 11330 5545 7562 13387 7827 6909 12608 5915 8837 1210 14283 8078 10603 4125 10065 9661 7262 11484 5601 8441 4387 5690 9183 6379 13495 8803 9360 5947 11737 6766 9282 6583 5176 3205 3113 10446 9208 5567 13051 8712 2139 7024 6356 5695 9013 1478 10308 11990 9978 6078 10876 12460 3142 9644 10951 10655 3065 5573 1572 4847 7569 5486 3015 7324 14354 10071 7277 5532 11946 7729 8265 7187 3307 11738 15956 9221 3721 9076 7630 5291 9837 4674 1073 5781 2749 6300 12865 6656 11177 5595 2524 6202 12004 4303 11475 10528 13365 7670 6857 7428 4555 948 5989 5896 3622 6618 12016 9405 6160 4186 13283 1492 11156 5014 1941 10092 10627 3611 3112 6401 3467 6952 6041 3783 10686 8907 10366 12887 6994 12399 6182 10525 8277 5850 7210 4560 10227 11443 2898 3956 8830 7299 6292 3033 6219 2845 8048 5192 13304 3381 8967 0 1843 8990 5145 9460 6486 1467 2287 12138 5614 3614 7128
7946 4175 7054 12733 10152 8871 10554 6410 7053 1646 6274 7300 10330 8965 6190 5118 1596 5770 4233 2867 11534 14024 7788 13214 10837 1062 9128 10922 5336 7178 5846 16109 8075 11447 14409 13012 8026 1888 7980 5318 2534 8430 14349 11648 8438 11722 14814 9115 5594 10637 1938 9015 13023 10793 4907 13095 13070 11766 9938 6541 5944 5869 7675 4429 6129 8473 6295 10548 9869 8589 1682 13519 8620 5532 8417 12879 13134 5106 4615 9612 2671 14536 10434 5998 13534 14119 10755 4124 4657 7963 3492 11019 9119 6122 7099 14305 4567 11210 7999 7142 12421 9438 1441 3979 11446 13623 11175 11036 3899 11723 9999 14296 10554 7955 15494 9920 17276 12935 7750 12933 10330 6702 434 16565 4007 11037 11078 4701 11598 4579 9708 9065 14619 10649 12935 12690 11345 5858 7256 12541 14480 4914 589 5912 14383 5802 11805 13214 7735 13147 3604 6639 7971 7194 7830 5217 3022 12063 7883 7877 10407 7817 9590 3042 6290 15821 13454 7974 6044 12718 3250 9590 7463 15183 3764 8557 6179 7707 2564 8240 14200 8263 6189 6324 14160 5828 6310 8451 11753 8139 9525 8732 8267 6512 5158 2232 7299 14382 6014 7026 10958 13009 10749 10326 7292 3565 1637 2130 5960 2214 10064 8085 13017 6932 7829 6093 10870 6730 4928 9143 12204 5805 4398 5851 5934 8004 14610 9240 9019 11825 9482 13061 3711 13832 6823 12071 6001 5081 13156 4004 8939 13930 6482 5605 14441 4456 7218 3043 15401 9106 11829 4229 10929 9045 5419 12772 7356 10186 4610 5409 9081 7383 13971 8178 10139 6745 13525 7769 11037 4789 7014 4145 2453 12153 8757 5678 11609 10554 417 7447 7481 4207 8686 3192 12015 12887 9811 6671 11002 11085 2519 9069 10722 10173 4348 4872 1470 6308 8672 3684 3391 7065 16154 9799 8090 7373 13754 6945 8409 7794 5150 13545 16851 10436 5034 8128 6864 5686 11445 3612 1899 6319 3297 6301 14707 6166 9707 7145 3101 4510 13841 5465 12759 9441 14340 9486 8556 9263 6161 2573 6429 5924 5182 8030 13857 7784 4597 5134 11766 3323 10489 6808 1933 10534 12272 4430 3905 6774 4966 7290 7865 2491 11216 10498 10844 13246 8620 14242 8024 12283 7856 4153 5449 6347 11991 13286 3983 5784 7899 5482 8134 2653 7225 4468 8494 6195 15138 3025 10417 1843 0 10743 5776 11162 8233 3126 3330 10863 5189 5420 8762
12454 14888 15297 6139 4142 1876 12436 5753 6010 10541 13593 9410 13759 1821 16205 15596 11803 10714 12734 10558 19983 6327 15102 3028 19476 9711 6261 3838 10354 15901 4957 7881 6170 9860 11078 7522 4897 12330 4298 11559 13112 3268 6479 1373 9652 11680 6275 3899 16089 4397 10929 18377 7498 4280 15333 7602 3256 4464 16217 9876 4801 9738 15647 15168 14711 16345 15488 9539 16512 6689 9061 7772 9264 8804 13651 4521 11625 8234 7776 3851 9115 8718 8797 4765 2833 4581 2992 7079 9944 12888 13630 18634 13175 14681 10584 7164 6235 18864 13584 6292 2217 11311 9703 8512 4554 3359 3289 14575 10975 1685 11560 7167 374 10524 7352 17005 12030 10095 3692 2285 7649 6593 10962 11305 14749 710 2635 10908 1485 8620 1080 6623 7114 12006 3653 5168 9812 5318 15544 4443 6695 6953 11047 6214 5729 11711 6257 4395 11229 7575 10132 12579 2880 3581 3310 13948 13378 4406 8980 13229 15250 16717 2600 10983 14332 11937 2712 3863 9153 7688 9990 3123 16907 11315 7421 15643 16683 10803 12084 3126 4912 4503 4836 16287 10010 4933 4445 7042 3253 12104 7663 15177 8729 4975 14069 9847 17024 6677 10881 3840 2010 6261 6709 4397 14034 13919 9208 8707 6120 10098 18644 2991 3253 15659 17337 16798 2452 16753 6824 17423 12327 13523 6681 12718 15243 5717 5588 1588 11204 11516 10118 11859 14435 6814 16752 5024 15127 6684 3066 14503 9079 11328 16598 13874 6027 14826 16449 7956 8745 6119 5644 9204 7635 17203 16045 5680 5937 567 11535 10501 15635 6237 11748 16460 7804 7133 2867 6206 6139 15532 4830 9673 11741 1629 12874 9382 19584 3321 10920 12656 9917 14627 12311 8163 1498 8481 12308 7897 11659 18782 11737 13601 13190 17799 6818 11497 10375 8095 5671 14426 10615 11147 8388 16794 11558 4497 3258 12996 14279 12204 6029 3069 11366 5206 8702 14460 15662 11688 8229 11772 8942 11604 8489 9907 5578 11506 18000 4043 10161 15192 5391 6342 5707 16065 8931 1847 6417 2502 4735 8681 8423 12849 7774 4113 5099 16973 13944 7041 20101 7728 15036 4007 10520 9787 2270 10026 9957 8721 8062 12836 3224 11617 9684 2097 9763 11908 2568 4775 3669 1541 12194 14839 15477 5986 6374 4368 7366 5162 17012 16210 3542 9977 6254 7760 13261 6504 6551 11688 3406 8990 10743 0 11043 912 2510 7617 9384 18110 13435 5405 2424
2237 7385 4499 15385 8305 9546 15787 9604 5138 4130 12050 12170 15858 9345 11155 7022 4931 342 9996 2910 16944 16323 4071 14042 16212 5884 6186 13039 10705 12732 6828 13369 11573 15802 18484 9557 10882 7289 10482 10964 5868 10340 11760 11312 3486 16568 12506 11461 7416 8598 3910 14167 9582 13133 9584 9617 11999 9711 15714 11647 7256 10999 13368 8149 11784 14152 11753 14972 15637 5482 5709 10046 3887 10344 14112 14745 17683 9672 8893 8044 3746 17701 6022 7123 13291 12604 12517 7618 9958 2393 5238 16660 3406 11783 1607 11334 6051 16838 2786 10723 13207 3869 4695 8657 13764 14394 12988 16615 9542 12565 15104 11322 10715 13080 12815 15658 20850 17043 7353 12663 14135 4531 5461 20095 7766 11622 9975 1089 12382 9338 10332 5907 11768 15764 11555 14927 15704 8423 12912 10607 16775 8651 5354 9330 12238 11436 8806 14881 13070 16274 2241 1553 8336 7920 9514 10898 5499 14149 3365 13564 16124 13271 11256 2811 3600 19807 13421 10187 10955 16007 2627 8471 12696 19132 7442 4603 7885 12939 8292 9975 12497 10913 8390 6646 17929 7509 7766 12299 13394 2365 5696 4211 12784 6132 10802 7589 12369 16707 343 7517 12216 15629 14115 8312 13067 8628 6173 6256 4955 3619 15499 8087 14131 12501 12992 9749 12356 11617 8561 6465 17135 2820 5227 1821 11378 5774 12645 9505 14179 16606 4361 17694 7180 16423 6965 9750 11510 8644 12268 6368 4311 18206 7094 11339 12141 6282 12581 4863 18282 12492 14521 9269 14614 6226 9553 15213 5302 10624 1495 10812 4666 10937 18370 5558 14035 10752 13184 11298 8045 8302 6214 1996 3874 12672 14310 10703 17154 9114 6185 1941 2383 6264 14143 4279 12539 16435 15123 11030 15970 16709 3798 14705 16095 6756 7667 10541 4317 3064 11901 7569 2387 12459 13145 5785 2347 6551 13135 12669 3428 2051 5499 12939 20309 13243 2403 13898 5101 731 7409 9379 6216 670 7866 11443 12791 11731 15246 9158 2720 7403 11710 8864 15216 15213 17651 9251 5639 8689 8142 4360 11026 1942 3328 10423 11903 13120 10160 8989 17205 4829 16179 7482 3843 15040 13185 1552 2033 11458 3083 1966 7865 8266 15560 11874 15285 17854 10048 12650 7391 12370 13384 7194 10505 5058 8952 11582 7737 6386 6450 9090 7521 8071 10787 3639 2922 9848 12791 3223 12425 5145 5776 11043 0 11810 8976 5977 2883 16565 3120 6465 10133
13282 15331 16002 5299 5050 2372 12030 5755 6837 11078 13599 9191 13433 2475 16428 16103 12302 11486 12875 11174 19972 5424 15855 2235 19491 10114 7167 3110 10331 15978 5493 8447 5873 9273 10321 8362 4675 12673 4152 11563 13586 3187 7147 1956 10531 11147 6852 3529 16596 5293 11482 18488 8337 3583 15632 8440 3733 5292 16062 9736 5272 9660 15657 15567 14800 16330 15622 9018 16382 7584 9482 8591 10150 8761 13478 3617 10980 8250 7875 4763 9698 7862 9710 5270 2755 5035 2282 7335 9979 13709 14167 18556 14029 14769 11411 7890 6742 18786 14391 6128 1397 12197 10200 8646 3776 2603 2504 14234 11086 787 11163 7893 1285 10268 7949 16905 11159 9398 4469 2355 7089 7409 11408 10440 15156 206 3480 11624 589 8682 1522 7529 7801 11573 4246 4295 9231 5526 15585 5187 5787 7081 11502 6254 6312 11678 7127 3482 11014 6761 10795 13354 3524 4133 3455 14070 13887 3554 9848 13081 14997 16798 2252 11605 15035 11131 2486 3793 9056 6910 10631 4033 17046 10521 7690 16413 17190 10577 12340 3160 5410 4268 5083 16869 9225 5336 4861 6684 2385 12946 8572 15970 8404 5696 14206 10104 17197 5770 11661 4448 1238 5406 6078 5302 13977 14222 9586 9081 6862 10671 18663 3724 2374 15741 17479 17166 1710 16971 6965 18147 11785 14230 7262 13454 15395 6591 6107 2306 10876 10967 11015 11230 14871 5932 17341 5845 15261 6816 3454 15000 9973 10614 17165 13956 6636 15346 16571 8485 7853 5679 4863 9287 7015 17932 16384 4820 6781 1189 12235 10474 16428 6040 11050 17175 7267 6988 2862 5953 7035 15939 5606 10368 12308 991 12636 9321 19529 4215 11312 13462 10765 15138 12055 8739 855 7722 11958 7743 11182 18709 12308 13371 12805 18562 7075 11537 10899 8904 5299 14832 11263 10988 9003 17579 12406 5293 3388 12916 15084 13032 6652 3231 10492 4578 9445 14354 16336 12440 9134 11926 9318 12385 8705 9790 6075 11435 17998 4199 10793 15648 6026 6448 4849 15943 8093 2717 7312 3387 5038 9227 8289 13584 8512 3982 5698 17082 14127 7125 20076 8273 14764 4579 11076 9276 1395 10737 10638 8550 8791 13632 3948 11859 9109 1482 9224 11268 2650 5236 4485 1446 12003 15293 15711 6759 7237 4984 7602 5757 17676 16595 4362 10193 6079 8442 14092 6471 7109 12294 2768 9460 11162 912 11810 0 3014 8045 10024 18005 14111 5943 2498
10626 12381 13049 6791 4068 647 11133 3783 4316 8070 11409 7725 12222 807 13768 13109 9311 8664 10383 8165 17790 7483 12972 5212 17249 7203 5368 4302 8257 13608 2480 9356 4875 9192 11043 7888 3574 9833 2895 9400 10611 2034 7719 3532 8206 10772 7795 3226 13602 4536 8470 16037 7875 4540 12851 7978 5231 5190 14283 8007 2293 7751 13445 12658 12409 14173 13132 8666 14529 5553 6552 8264 7901 6776 11779 5811 11102 6115 5537 3503 6684 9326 8003 2267 5318 6479 3638 4661 7759 11019 11160 16548 11479 12381 8771 8152 3741 16776 11648 4649 4377 9907 7209 6211 5085 5599 4101 13063 8673 3691 10254 8150 2338 8890 8765 14966 12650 9827 1952 4735 7010 4810 8454 11893 12240 2861 3649 8699 3529 6419 1501 5669 8247 10786 5352 6119 9122 3006 13297 5585 7918 4694 8540 4136 7266 9609 6471 5912 9486 7983 7813 10529 731 1121 1437 11611 10891 5313 7458 11313 13524 14415 2452 8598 12082 12127 5221 2375 7218 7903 7634 2879 14541 11462 4985 13563 14197 9093 9633 1641 6702 3292 2493 13855 10150 2434 1945 5835 4442 10347 6746 13177 7330 2865 11716 7404 14625 7864 8860 1472 3240 6996 6392 4364 11947 11437 6704 6205 4041 7657 16414 1207 5200 13361 14968 14292 3400 14319 4551 15214 11430 11284 4249 10549 12871 4397 7288 1102 9725 10662 8875 11270 11927 7723 14327 5718 12773 4429 5193 12011 7820 11094 14152 11585 7475 12346 14103 5478 9665 5237 6038 6961 7208 15007 13546 6496 4356 1956 9287 8409 13634 4680 11435 14232 7075 5383 5326 4793 6054 13022 2949 7419 9294 3985 11149 7372 17459 3715 8413 10724 8231 12142 10638 5725 3846 8561 10861 6127 10575 16686 9294 11848 11814 15693 4403 9285 7895 6231 4645 11916 8268 9287 9705 14761 9847 2743 5626 10958 12332 10375 3658 5423 12031 5057 6579 12452 13354 9569 7862 9413 6439 9583 6092 7991 7328 9471 15802 1949 7791 12687 6808 4141 6508 14071 9410 1723 5289 2043 2322 6216 6587 10678 5649 2716 6641 14639 11545 4847 17927 5262 13354 1571 8063 8871 4299 7807 7672 6955 5907 10862 1322 9177 8979 2909 8938 11360 1325 6647 2165 4050 10380 12334 13033 4024 6636 5932 4963 2752 14686 13702 2098 7568 4639 5490 11442 4554 8108 9282 3687 6486 8233 2510 8976 3014 0 5107 7028 16072 11133 2930 1333
8163 7286 8944 10084 7385 5745 9974 3842 4714 3249 7579 6269 10307 5845 8918 8104 4315 5795 5983 3827 13641 11264 9277 10126 13009 2101 6859 8050 5218 9267 2759 13369 5761 9837 12584 10641 5348 4783 5150 5895 5553 5436 11611 8545 7368 10611 11985 6269 8593 7896 3707 11474 10646 7989 7844 10729 10029 8970 11049 5874 2821 5277 9419 7551 8088 10213 8588 8999 11133 6472 1444 11131 7371 4487 8948 9973 11708 3761 2946 6801 2358 12146 8744 2886 10414 11130 7785 1651 4477 8368 6248 12753 9289 8069 6706 11692 1527 12967 8707 4858 9322 8785 2263 2881 8649 10532 8226 11117 4664 8623 9237 11685 7432 7266 12751 11378 15136 11127 4783 9817 8271 4578 3364 14394 7132 7916 8087 5177 8492 3527 6584 6900 11955 9892 9947 9889 9738 2941 9131 9682 11725 2685 3461 3467 11522 6290 9318 10263 7402 10720 3938 7344 4868 4080 4771 7195 5903 9204 6645 8401 10951 10020 6575 4250 8025 13940 10329 5046 5111 10371 3595 6666 9924 13271 1469 9993 9186 7195 4815 5202 11245 5503 3173 9055 12117 2709 3187 6394 8774 8145 7620 9893 6810 3688 7235 2793 9898 11636 6057 3942 7898 10352 8413 7596 8409 6438 1650 1195 3530 3079 12190 5022 9962 9011 10332 9195 7845 9472 2608 11150 11192 7326 1727 6923 8274 5605 11702 6123 8356 10640 8384 11717 6828 11176 9546 9338 8245 2708 10090 6991 7572 12262 9294 7356 11619 7374 9565 1117 12886 6748 9181 3644 8795 10993 8475 10043 5008 7060 5503 5354 10315 5087 12408 10145 8143 4791 10409 5467 8599 7915 4246 3982 4553 9035 8843 4932 13515 7656 3315 7913 6704 7150 8556 1708 8897 10691 9374 5055 10044 12856 4576 9366 10373 11932 1738 5581 3023 4878 6210 6809 4167 6875 13499 11269 7874 4559 10654 7685 9286 7946 2383 10446 14641 7808 4059 9128 9020 6265 9450 5051 1406 6642 2172 5702 11787 6423 11693 4129 3640 7604 10992 2984 10035 10670 12025 6409 6359 6244 3093 1705 5079 7037 3614 5162 10965 10128 6891 3019 13830 1217 10920 3711 3342 9064 9184 4432 4012 5521 3582 7894 4813 4437 9595 7448 9311 11877 5542 11265 5090 9157 7917 7249 8168 3923 9507 10353 1763 2783 10249 8598 5187 3159 4930 2839 8893 3935 12311 4757 7502 1467 3126 7617 5977 8045 5107 0 3141 12434 6938 2360 5678
5110 6328 6084 12949 7660 7658 12910 6901 4309 1889 9476 9288 13027 7576 9355 6574 3191 2750 7507 1223 14854 14011 6231 12239 14150 3141 6166 10729 7865 10507 4611 13407 8855 12976 15718 10008 8297 5129 7981 8212 4504 8018 11676 9961 5110 13693 12265 9037 7054 8084 2001 12270 10024 10753 7918 10086 11044 9247 13128 8770 4955 8126 10987 6908 9454 11787 9612 12133 13101 5548 2863 10519 5292 7461 11367 12557 14838 6792 6022 7218 870 15143 7157 4880 11951 11905 10316 4793 7112 5270 4537 14340 6268 9446 3900 11487 3549 14534 5570 7972 11402 6191 1989 5775 11404 12622 10781 13799 6808 10720 12222 11478 9107 10201 12807 13197 18208 14264 5827 11320 11391 3814 3149 17460 6475 9857 8972 2036 10555 6456 8502 6033 11852 12882 10755 12615 12877 5816 10579 10097 14471 5826 3099 6574 11893 8672 8923 12766 10209 13712 836 4203 6513 5909 7232 8539 4476 11873 4558 10815 13389 11137 9052 1617 5126 17066 11984 7761 8073 13401 607 7410 10732 16395 4590 6919 7626 10067 5884 7697 11901 8384 5882 6963 15224 5100 5456 9526 11258 5167 6337 6767 9924 4475 8486 4807 10515 14392 3014 5576 10194 13206 11466 7770 10454 6713 3343 3383 3492 1209 13385 6417 12213 10262 11080 8633 10251 9872 5748 8284 14256 4361 2827 3825 9247 5223 12203 7796 11300 13736 6155 14840 5972 14019 7410 9451 9324 5844 11224 5594 5619 15403 7312 8901 11888 5769 10519 2057 15811 9815 12060 6400 11900 8098 8180 12839 4587 8887 2421 7977 7196 8195 15548 7285 11273 7932 11888 8569 8135 7176 4800 918 2599 10967 11493 7824 14939 8265 3743 4799 4178 5629 11300 1516 10828 13768 12253 8173 13089 14410 2566 11919 13231 8933 4867 7808 1939 3062 9248 6198 1240 9610 13352 8187 4994 5185 11975 9959 6144 4910 3372 11768 17694 10726 1734 11262 6331 3124 8255 6777 3359 3535 4985 8568 12323 8933 13037 6749 785 6505 11346 6097 12837 12661 15054 7766 5571 7345 5684 1480 8151 3944 2139 7951 11438 11081 7923 6158 15090 2092 13421 5457 1668 12192 11326 1333 872 8580 1851 4761 6180 5750 12735 9796 12445 15003 7884 11995 5993 10850 10562 6198 8637 3796 9100 10965 4886 4277 7658 7966 6123 5288 8041 1709 5803 7065 12578 2356 10137 2287 3330 9384 2883 10024 7028 3141 0 14164 4121 4180 7993
18631 10518 16261 16023 19524 16512 7758 12374 17148 12476 4856 8916 5934 16862 6411 11892 11687 16597 6661 13677 2737 17503 17446 19216 2849 11112 19291 15870 7815 3991 14651 25349 12254 11377 13764 23025 13342 9289 13857 6723 11117 14858 23642 19419 19265 9828 23830 14574 11972 20048 12655 4334 23028 15443 7866 23116 21246 20998 2144 8272 14414 8372 3197 9720 4786 2418 5050 10818 1681 18898 11602 23504 19407 9320 4649 17474 11565 9956 10580 18907 13411 16119 21063 14599 20760 22530 16303 11764 8358 18557 12255 760 19776 4785 17955 23888 13779 944 18404 11879 18705 20299 12185 10027 15846 19588 16480 5650 7777 18151 8234 23883 18128 8008 24742 1106 17042 12818 16751 20326 12373 16988 11128 16645 9861 17995 19692 15476 18137 9686 17082 19333 24084 8341 21421 16739 11318 13095 3667 21558 17821 11418 11223 11954 23313 6468 21661 18010 7155 15328 14459 17160 16273 15519 14854 5667 11729 16598 18662 4960 4016 3775 15771 13756 15901 14925 20461 14254 8959 14725 14112 18570 4811 14607 11560 18169 12129 7606 8301 14986 22771 13750 13611 13670 14441 14032 14432 11650 17088 18895 20009 18659 9987 15966 5767 9690 5438 17699 16830 15630 17117 16253 13530 19775 4136 8204 11131 11376 15964 13076 2561 16653 18686 4180 4832 9236 16756 6289 11570 17679 9694 15776 14161 16216 5410 18029 23358 17148 7869 10117 20313 11235 10380 16833 13984 21448 5195 11673 21139 11552 19693 12883 13414 5263 23494 12032 4556 13163 17313 12803 15414 9208 12909 17725 8604 16435 17442 17588 15239 7663 18883 11979 12523 16995 12080 11017 20862 12115 20977 9880 16540 15007 12790 18846 5767 8733 1811 19552 10446 18040 18337 11829 6394 13592 18743 14234 7221 10266 9080 950 12869 5068 7041 19028 11977 6931 12327 16985 12942 9855 14192 7045 25608 19196 18907 16791 21343 5120 18646 18511 14778 21164 17024 14459 15808 3652 15622 16351 21872 7468 11256 17043 10438 8215 23400 6613 2035 14171 13955 10813 22831 11934 16398 2080 15664 17775 18792 17908 13845 13082 9716 16249 15754 14032 22697 4235 6438 11231 2632 13412 4405 15363 12760 10563 18437 15290 14767 9473 15605 17818 16518 8416 11313 16677 10873 11418 15546 22705 17102 19441 6127 10738 6712 16356 21850 21998 11443 14913 15903 9497 17161 9283 11930 14966 19061 11611 24149 13464 15749 12138 10863 18110 16565 18005 16072 12434 14164 0 15038 14421 15688
4148 4898 2006 16983 11189 11755 15742 10779 7870 3880 10998 12436 15449 11646 9050 4152 3711 3422 8900 3123 14973 18093 2608 16336 14222 5837 9212 14822 10524 11062 8732 16459 12672 16473 19360 12674 12272 5975 12016 10417 3924 12119 14825 13904 6564 16880 15543 13100 4478 11530 3426 12046 12699 14823 7439 12735 14797 12671 14559 11716 9073 11043 11908 5734 10313 12637 10016 15589 14379 8512 6020 13165 6988 10627 13409 16669 18231 10103 9466 10855 4655 19084 9123 9001 15901 15508 14431 8511 9843 3874 2828 15004 5102 10321 4631 14432 7645 15156 3478 11752 15497 6592 4861 8980 15479 16714 14894 16119 9030 14820 15185 14420 13141 13139 15897 14260 22043 17887 9797 15268 15125 7279 4761 21307 5433 13938 12735 2651 14652 9634 12592 8958 14860 15836 14415 16701 16371 9815 11392 13560 18554 9502 4609 10381 15249 10903 11888 16886 12920 17658 3320 2545 10588 10017 11344 9520 3315 15971 6485 12891 15335 11456 13168 2691 1117 20748 15973 11833 11176 17305 3526 11186 10700 20091 8227 3378 4884 12896 7212 11808 15436 12399 9938 3532 18986 9201 9572 13229 15377 4608 8809 3670 13312 8468 9364 7400 10265 18472 3450 9670 14313 17246 15342 11231 12056 6835 6343 6653 7368 3865 13589 10447 16327 10861 10926 7128 14372 9433 9460 4214 17377 742 6948 1539 9645 8637 15632 11851 14207 16971 7353 18179 4844 18066 3846 12756 9845 9583 15027 3787 7415 18949 3988 10067 15173 3523 10704 6008 19813 13674 16085 9364 15679 4055 7142 16903 8087 12957 1963 10594 3963 11987 19029 3208 14970 11551 15819 12373 11117 5781 8699 3772 2739 15038 13875 10831 15339 11931 5495 3420 5476 3594 13845 5565 14900 17601 14994 11628 16177 15022 2675 14125 15893 5054 8649 9960 4137 5952 13146 5331 2889 12245 16253 4611 4928 9072 15843 11915 3620 4146 7476 15640 21563 14727 4878 12910 2227 2425 10525 8556 6508 3063 8213 11480 15771 11304 13468 10835 3401 4791 14712 9898 16899 14000 18958 11745 8642 11260 9764 5274 11471 1492 5749 12002 14879 11194 8648 9799 15258 6121 15463 9565 3689 15601 15430 3464 3478 11851 5440 3104 10212 7378 16236 13917 15892 18359 12005 15571 9912 14864 12994 4678 8509 7584 12039 14509 8512 8388 3583 6512 10044 7838 11828 5675 4284 10805 15835 2258 14237 5614 5189 13435 3120 14111 11133 6938 4121 15038 0 8302 12114
8384 9514 10258 8920 5141 3576 10862 3532 3096 5141 9587 7134 11544 3592 11268 10191 6400 6189 8191 5269 15816 9893 10306 8121 15211 4438 5074 6603 6799 11483 450 11093 5417 9891 12303 8627 4510 7138 4044 7725 7718 3890 9344 6232 6645 11062 9672 4996 10684 5662 5540 13766 8628 6673 10203 8719 7672 6689 12865 7047 794 6581 11526 9842 10289 12302 10864 9164 13014 4868 3767 9096 6492 5631 10559 8389 11837 4858 4054 4537 3765 11256 7362 699 8145 8771 6147 2686 6137 8708 8231 14801 9380 10267 6632 9498 853 15022 9235 4716 7291 8275 4302 4430 7311 8514 6614 12385 6683 6598 10037 9492 5182 8269 10476 13337 14454 10920 2445 7535 7967 3251 5600 13694 9415 5791 5729 6004 6444 4900 4431 5212 9728 10657 7588 8494 9802 2223 11286 7365 10349 3340 5673 3482 9197 8048 7245 8588 8629 9835 4995 7998 2563 1824 3078 9421 7973 7733 5863 10035 12489 12258 4880 5706 9296 13558 8098 3724 6216 9600 4777 4334 12226 12879 2862 10946 11278 8325 7146 3544 8891 4488 2017 10928 11627 1078 1305 6282 7080 8210 6123 10659 7255 1573 9483 5023 12226 10276 6418 1607 6021 9165 7766 5377 10312 8798 4010 3546 2097 4731 14384 2669 8055 11229 12640 11512 6071 11822 3188 12451 11694 8516 1354 7869 10564 3793 9360 3853 9287 11028 7539 11919 9069 9963 11402 7092 10514 3165 7742 9099 6567 12146 11222 9517 9311 9422 11844 2552 11817 6217 8057 5264 8368 12257 10816 8758 3330 4868 6533 6950 11109 4883 12385 11455 7922 5063 8124 5187 6583 10194 2140 4697 6365 6915 10219 6194 15621 5330 5648 8341 6316 9222 9822 2806 6776 10087 10394 5617 10647 14918 6366 10833 11400 13030 2507 7491 4971 4238 5597 9094 5415 8234 11267 12184 7796 2370 8335 9460 9891 8139 990 8127 13893 6795 4099 10953 10506 6971 7773 7230 3763 7115 3991 6942 9441 8061 13846 2695 4918 9805 8674 3146 8760 12548 11229 4067 4685 3884 1725 3286 5871 7996 3252 3971 8629 12402 9190 3651 15989 2331 12398 1404 5133 9296 7194 5121 4901 6317 3427 8421 2455 6743 9653 5617 9470 12051 3704 8907 2769 6931 9337 9455 10519 2369 7433 8005 2999 493 11821 10901 2856 5309 4758 2829 9185 4056 9997 6372 5998 3614 5420 5405 6465 5943 2930 2360 4180 14421 8302 0 3813
11865 12937 14068 5468 5212 1167 10236 3331 5628 8825 11178 7042 11459 1641 13929 13781 9985 9831 10386 9068 17566 6221 14072 4453 17066 7704 6684 2991 7933 13514 3386 10056 3917 8029 9751 8992 2599 10211 1946 9143 11230 915 8514 3742 9525 9700 8460 1958 14271 5640 9253 16011 8976 3209 13146 9080 5604 6133 13806 7467 3050 7316 13235 13136 12330 13926 13136 7568 14094 6885 7093 9335 9228 6381 11248 4614 9909 5818 5395 4692 7546 7994 9322 3113 5175 6917 2387 4848 7535 12243 11893 16210 12748 12299 10022 9054 4519 16440 12846 3911 3665 11227 7898 6155 3766 4861 2857 12287 8605 2970 9355 9053 2453 8177 9491 14583 11316 8569 3285 4679 5820 6101 9033 10559 12732 2423 4417 9774 2858 6221 1411 6991 9092 9846 5887 4840 7966 3032 13141 6383 6665 4590 9136 3802 7916 9289 7598 4781 8852 6650 8805 11684 2063 2224 959 11587 11574 4042 8772 10818 12886 14332 1144 9508 13104 10812 4962 1466 6734 6576 8590 4007 14559 10149 5207 14688 14864 8433 9846 702 7209 2242 2606 14656 8835 3002 2570 4848 3277 11606 8070 14343 6462 4103 11718 7612 14702 6604 10039 2645 2232 5678 5118 5509 11611 11740 7158 6653 5257 8486 16235 2534 4293 13275 14991 14711 2258 14472 4471 16255 10357 12319 5167 11637 12904 5730 7852 1821 8918 9570 10206 10096 12471 6419 15139 6686 12775 4323 5462 12669 9151 9835 14924 11489 8172 13043 14089 6255 8352 4099 4706 6816 5966 16058 13915 5191 5680 1904 10329 8079 14798 3881 10194 15262 5912 4735 5243 3902 7247 13513 4251 8475 10095 3473 10506 6959 17161 4708 8885 11928 9515 12824 9957 6593 3342 7247 10040 5499 9572 16358 10103 11227 10957 16798 4589 9092 8627 7488 3550 12407 9228 8742 10483 15906 11119 4067 5674 10573 13522 11614 4684 5489 10698 3743 7730 12040 14317 10694 9128 9433 6889 10757 6208 7492 7865 9082 15585 1701 8728 13268 7510 3963 5201 13646 8076 2630 6620 3148 2600 7013 6015 11766 6812 1754 7281 14605 11630 4650 17682 6077 12686 2652 8855 7790 3510 8884 8699 6329 7050 12049 2656 9363 7827 1808 7825 10175 151 7104 3494 3841 9801 12911 13213 5284 7752 6549 5109 3771 15627 14152 3421 7695 3880 6562 12680 4081 8757 10154 2371 7128 8762 2424 10133 2498 1333 5678 7993 15688 12114 3813 0
1 9 8 5
2 7 8 4
3 6 7 5
4 9 11 7
5 8 8 7
6 9 11 5
7 8 11 10
8 11 9 5
9 10 8 3
10 6 7 3
11 6 9 2
12 6 9 4
13 11 8 5
14 13 11 3
15 9 9 5
16 6 4 4
17 12 10 4
18 12 10 6
19 10 9 5
20 9 7 8
21 9 9 5
22 7 4 4
23 9 7 6
24 12 4 5
25 10 9 7
26 8 8 4
27 14 8 4
28 13 13 5
29 9 11 6
30 11 8 5
31 9 7 7
32 9 10 5
33 11 12 6
34 9 8 7
35 10 10 1
36 10 7 4
37 7 12 3
38 6 6 6
39 8 7 6
40 8 8 7
41 7 7 3
42 9 5 6
43 8 9 7
44 8 8 2
45 11 7 3
46 10 7 2
47 14 8 5
48 14 7 6
49 9 7 6
50 12 9 3
51 12 6 6
52 8 3 4
53 7 12 6
54 10 8 0
55 7 8 5
56 8 7 10
57 6 9 6
58 11 3 7
59 8 7 7
60 9 10 9
61 10 7 8
62 3 5 7
63 7 8 6
64 9 10 3
65 11 6 5
66 8 8 7
67 8 11 2
68 11 7 6
69 8 9 5
70 11 13 4
71 9 5 3
72 13 4 4
73 12 10 4
74 5 7 2
75 7 7 2
76 7 11 6
77 6 11 4
78 9 5 4
79 7 11 6
80 8 8 5
81 10 2 4
82 13 11 4
83 14 8 6
84 17 11 4
85 3 8 8
86 11 9 4
87 5 7 5
88 9 4 8
89 10 7 6
90 9 7 3
91 9 12 1
92 10 13 2
93 13 11 6
94 6 6 6
95 17 9 4
96 9 8 4
97 8 7 2
98 13 8 8
99 5 6 3
100 18 10 7
101 14 8 5
102 10 8 4
103 7 7 6
104 11 9 2
105 13 11 6
106 14 6 5
107 6 4 7
108 12 5 2
109 10 10 8
110 13 7 5
111 16 8 9
112 10 8 7
113 4 10 7
114 13 10 10
115 9 11 9
116 12 13 6
117 5 3 6
118 10 10 7
119 11 10 6
120 6 10 5
121 9 10 3
122 11 5 8
123 9 10 7
124 11 8 3
125 10 9 5
126 8 9 3
127 3 9 6
128 8 5 4
129 8 8 9
130 10 9 3
131 5 6 4
132 8 5 8
133 14 7 3
134 8 10 2
135 8 9 5
136 12 8 6
137 10 7 0
138 7 8 7
139 6 6 6
140 8 5 7
141 3 4 1
142 10 5 3
143 8 12 5
144 10 9 3
145 8 8 8
146 10 9 8
147 5 8 4
148 13 8 5
149 15 10 6
150 16 6 7
151 9 6 3
152 10 8 11
153 5 13 8
154 8 4 5
155 4 10 6
156 11 9 6
157 10 9 4
158 9 10 5
159 13 9 5
160 7 6 3
161 9 12 9
162 8 11 4
163 9 10 5
164 10 7 5
165 13 15 1
166 8 7 6
167 8 13 2
168 8 6 5
169 8 6 5
170 12 10 6
171 6 7 5
172 11 5 7
173 5 8 5
174 8 10 9
175 7 9 2
176 9 10 9
177 10 12 6
178 13 11 6
179 8 11 5
180 8 7 5
181 8 9 2
182 17 4 2
183 9 10 4
184 10 7 1
185 13 10 1
186 8 3 9
187 15 12 7
188 10 11 6
189 9 6 4
190 11 7 2
191 12 6 3
192 6 5 6
193 12 8 4
194 7 6 6
195 9 8 1
196 8 4 8
197 8 11 4
198 9 11 5
199 11 7 6
200 9 8 5
201 9 7 5
202 9 9 7
203 4 13 6
204 9 13 4
205 12 9 5
206 9 4 4
207 7 5 1
208 5 7 8
209 10 8 4
210 10 11 2
211 12 9 8
212 10 5 5
213 10 8 2
214 9 7 4
215 9 7 3
216 9 7 5
217 13 12 3
218 12 7 6
219 8 12 5
220 6 16 6
221 11 11 5
222 7 10 4
223 12 8 5
224 15 12 6
225 8 6 3
226 7 7 2
227 10 5 7
228 10 8 7
229 11 11 3
230 11 10 6
231 7 5 6
232 13 10 4
233 15 8 4
234 6 6 7
235 6 11 7
236 8 8 4
237 9 6 4
238 10 10 2
239 7 5 6
240 12 5 4
241 9 5 0
242 10 12 2
243 11 3 8
244 12 7 7
245 11 13 3
246 7 6 3
247 5 7 4
248 13 7 3
249 11 11 6
250 10 10 4
251 9 10 7
252 12 12 9
253 9 11 4
254 4 8 7
255 12 9 3
256 7 11 6
257 6 10 8
258 10 9 2
259 10 7 1
260 6 11 5
261 11 10 1
262 9 6 0
263 7 8 7
264 7 9 2
265 12 8 2
266 14 6 6
267 7 3 6
268 9 8 7
269 9 12 6
270 5 11 3
271 10 9 5
272 7 7 7
273 13 12 6
274 8 12 3
275 9 13 3
276 9 11 7
277 8 3 4
278 4 9 6
279 12 11 6
280 10 7 5
281 9 7 6
282 8 10 4
283 9 8 3
284 10 8 2
285 9 5 5
286 9 10 3
287 10 9 3
288 13 8 6
289 10 6 4
290 7 11 4
291 8 6 6
292 7 8 4
293 7 6 5
294 7 5 6
295 9 13 4
296 6 4 4
297 8 9 7
298 13 6 6
299 9 5 6
300 12 3 4
301 9 6 6
302 15 7 5
303 3 15 5
304 12 10 6
305 5 6 4
306 11 7 7
307 10 7 7
308 5 10 6
309 13 6 5
310 10 8 4
311 10 13 3
312 7 9 5
313 5 13 3
314 7 17 2
315 3 15 3
316 8 11 6
317 10 5 2
318 12 12 4
319 13 6 11
320 7 4 4
321 7 7 3
322 11 9 2
323 13 6 7
324 14 12 2
325 12 7 3
326 12 7 5
327 8 10 6
328 9 9 3
329 11 9 8
330 10 9 6
331 9 8 10
332 8 9 5
333 11 12 7
334 7 12 1
335 11 10 6
336 9 6 3
337 6 8 3
338 7 3 13
339 13 9 4
340 12 12 2
341 8 8 4
342 11 9 5
343 6 8 0
344 10 6 4
345 6 6 5
346 9 10 4
347 8 4 2
348 11 12 4
349 10 13 8
350 10 14 7
351 8 10 4
352 7 8 2
353 12 10 2
354 0 9 6
355 12 6 6
356 8 11 4
357 10 11 5
358 7 9 5
359 5 5 4
360 10 10 4
361 10 7 5
362 8 9 6
363 8 10 3
364 6 9 5
365 10 6 4
366 9 9 6
367 7 9 5
368 10 6 6
369 11 9 5
370 10 13 4
371 12 11 5
372 10 8 4
373 10 11 9
374 13 7 2
375 9 8 4
376 12 9 2
377 8 8 6
378 9 6 4
379 6 9 7
380 10 4 4
381 6 6 8
382 11 13 1
383 11 7 6
384 8 8 4
385 7 13 7
386 11 7 4
387 10 9 5
388 10 5 5
389 9 9 5
390 7 5 5
391 7 6 5
392 7 8 7
393 10 9 6
394 8 11 6
395 7 11 4
396 6 9 8
397 9 3 5
398 11 6 2
399 7 11 4
400 11 9 7
